{"type":"FeatureCollection","name":"37141-21_30","features":[{"type":"Feature","id":"37141:3383-27-1567-0000","properties":{"id":"37141:3383-27-1567-0000","parcelId":"3383-27-1567-0000","countyFips":"37141","countyName":"Pender","state":"North Carolina","marketIds":["Wilmington"],"situsAddress":"NC HWY 50","situsCity":null,"situsZip":null,"jurisdictionCode":"PND","ownerName":"POWERS, DAVID WAYNE ETAL","ownerName2":null,"propertyName":null,"zoningCode":"RA","zoningDistrict":"Rural Agricultural","jurisdictionPrefix":"PND","dorCode":null,"acreage":150.0,"centroid":[-77.733171,34.668093],"lastSale":{"date":"2005-04-29","price":null,"qualified":null},"tax":{"marketValue":51946.0,"assessedValue":null,"taxableValue":null,"taxes":null},"mailingAddress":{"line1":"4370 NC HWY 50","line2":null,"city":"MAPLE HILL","state":"NC","zip":"28454"},"incomeTract":null,"incomeBlockGroup":null,"nearestRoad":null,"flu":{"code":"Rural Agricultural","label":"Rural Agricultural","jurisdiction":"Pender County","source":"https://gis.pendercountync.gov/arcgis/rest/services/LayersPro/MapServer/35"},"opportunityZone":null,"oz2Eligibility":{"eligible":true,"rural":true,"tractGeoid":"37141920204","tractName":"Census Tract 9202.04","designation":"eligible-for-nomination"},"source":"nc-pender-energov-37141","appraiserUrl":"https://mss.pendercountync.gov/css/citizens/RealEstate/Default.aspx?mode=new"},"geometry":{"type":"Polygon","coordinates":[[[-77.725263,34.6748],[-77.725733,34.675582],[-77.735405,34.670009],[-77.735443,34.669782],[-77.735462,34.668298],[-77.735522,34.667676],[-77.735589,34.66725],[-77.735765,34.666689],[-77.735991,34.666113],[-77.736053,34.665539],[-77.736178,34.665089],[-77.736225,34.665047],[-77.736269,34.664919],[-77.73632,34.664496],[-77.736599,34.663835],[-77.736772,34.663521],[-77.736948,34.663262],[-77.722269,34.671406],[-77.724451,34.67389],[-77.725165,34.674654],[-77.725263,34.6748]]]}},{"type":"Feature","id":"37141:3385-85-2027-0000","properties":{"id":"37141:3385-85-2027-0000","parcelId":"3385-85-2027-0000","countyFips":"37141","countyName":"Pender","state":"North Carolina","marketIds":["Wilmington"],"situsAddress":"2038 CYPRESS CREEK RD","situsCity":null,"situsZip":null,"jurisdictionCode":"PND","ownerName":"POWERS, JAMES KINCHEN ET AL","ownerName2":null,"propertyName":null,"zoningCode":"RA","zoningDistrict":"Rural Agricultural","jurisdictionPrefix":"PND","dorCode":null,"acreage":141.48,"centroid":[-77.707863,34.720126],"lastSale":{"date":"2013-08-26","price":null,"qualified":null},"tax":{"marketValue":8263.0,"assessedValue":null,"taxableValue":null,"taxes":null},"mailingAddress":{"line1":"5029 DOCKSIDE DR","line2":null,"city":"WILMINGTON","state":"NC","zip":"28409"},"incomeTract":null,"incomeBlockGroup":null,"nearestRoad":null,"flu":{"code":"Rural Agricultural","label":"Rural Agricultural","jurisdiction":"Pender County","source":"https://gis.pendercountync.gov/arcgis/rest/services/LayersPro/MapServer/35"},"opportunityZone":null,"oz2Eligibility":{"eligible":true,"rural":true,"tractGeoid":"37141920204","tractName":"Census Tract 9202.04","designation":"eligible-for-nomination"},"source":"nc-pender-energov-37141","appraiserUrl":"https://mss.pendercountync.gov/css/citizens/RealEstate/Default.aspx?mode=new"},"geometry":{"type":"Polygon","coordinates":[[[-77.713821,34.71648],[-77.707855,34.716764],[-77.699184,34.717184],[-77.6988,34.720435],[-77.702726,34.720641],[-77.704059,34.720878],[-77.704409,34.720475],[-77.704952,34.720176],[-77.705406,34.720213],[-77.705579,34.720497],[-77.70565,34.720849],[-77.706396,34.720935],[-77.706564,34.721096],[-77.706985,34.721355],[-77.707841,34.720935],[-77.708417,34.72092],[-77.708893,34.720764],[-77.709927,34.720657],[-77.710367,34.720387],[-77.710674,34.720445],[-77.711259,34.720328],[-77.711995,34.72043],[-77.712268,34.720098],[-77.712876,34.719982],[-77.713371,34.720217],[-77.714169,34.72013],[-77.713821,34.71648]]]}},{"type":"Feature","id":"37141:3392-99-5312-0000","properties":{"id":"37141:3392-99-5312-0000","parcelId":"3392-99-5312-0000","countyFips":"37141","countyName":"Pender","state":"North Carolina","marketIds":["Wilmington"],"situsAddress":"50 HWY NC","situsCity":null,"situsZip":null,"jurisdictionCode":"PND","ownerName":"CAROL SUE BLUEBERRY FARM INC","ownerName2":null,"propertyName":null,"zoningCode":"RA","zoningDistrict":"Rural Agricultural","jurisdictionPrefix":"PND","dorCode":null,"acreage":135.82,"centroid":[-77.67315,34.647181],"lastSale":{"date":"2009-09-21","price":175000.0,"qualified":null},"tax":{"marketValue":208525.0,"assessedValue":null,"taxableValue":null,"taxes":null},"mailingAddress":{"line1":"PO BOX 280","line2":null,"city":"HAMPSTEAD","state":"NC","zip":"28443"},"incomeTract":null,"incomeBlockGroup":null,"nearestRoad":null,"flu":{"code":"Rural Agricultural","label":"Rural Agricultural","jurisdiction":"Pender County","source":"https://gis.pendercountync.gov/arcgis/rest/services/LayersPro/MapServer/35"},"opportunityZone":null,"oz2Eligibility":{"eligible":true,"rural":true,"tractGeoid":"37141920204","tractName":"Census Tract 9202.04","designation":"eligible-for-nomination"},"source":"nc-pender-energov-37141","appraiserUrl":"https://mss.pendercountync.gov/css/citizens/RealEstate/Default.aspx?mode=new"},"geometry":{"type":"Polygon","coordinates":[[[-77.673462,34.652688],[-77.675833,34.650941],[-77.675932,34.650946],[-77.674583,34.647],[-77.67524,34.645934],[-77.67362,34.644515],[-77.672295,34.643207],[-77.671212,34.642208],[-77.666175,34.647186],[-77.673462,34.652688]]]}},{"type":"Feature","id":"37141:3384-44-5030-0000","properties":{"id":"37141:3384-44-5030-0000","parcelId":"3384-44-5030-0000","countyFips":"37141","countyName":"Pender","state":"North Carolina","marketIds":["Wilmington"],"situsAddress":"50 HWY","situsCity":null,"situsZip":null,"jurisdictionCode":"PND","ownerName":"MARSHBURN, ROXANNE E","ownerName2":null,"propertyName":null,"zoningCode":"RA","zoningDistrict":"Rural Agricultural","jurisdictionPrefix":"PND","dorCode":null,"acreage":135.0,"centroid":[-77.720475,34.687986],"lastSale":{"date":"2024-02-19","price":null,"qualified":null},"tax":{"marketValue":33931.0,"assessedValue":null,"taxableValue":null,"taxes":null},"mailingAddress":{"line1":"14171 NC HWY 53 E","line2":null,"city":"MAPLE HILL","state":"NC","zip":"28454"},"incomeTract":null,"incomeBlockGroup":null,"nearestRoad":null,"flu":{"code":"Rural Agricultural","label":"Rural Agricultural","jurisdiction":"Pender County","source":"https://gis.pendercountync.gov/arcgis/rest/services/LayersPro/MapServer/35"},"opportunityZone":null,"oz2Eligibility":{"eligible":true,"rural":true,"tractGeoid":"37141920204","tractName":"Census Tract 9202.04","designation":"eligible-for-nomination"},"source":"nc-pender-energov-37141","appraiserUrl":"https://mss.pendercountync.gov/css/citizens/RealEstate/Default.aspx?mode=new"},"geometry":{"type":"Polygon","coordinates":[[[-77.712101,34.68721],[-77.712077,34.687218],[-77.713418,34.689116],[-77.718854,34.689524],[-77.720931,34.691745],[-77.726721,34.689654],[-77.726347,34.688708],[-77.72611,34.688252],[-77.725152,34.68676],[-77.724424,34.685756],[-77.720724,34.687179],[-77.718845,34.684713],[-77.712101,34.68721]]]}},{"type":"Feature","id":"37141:3390-69-2001-0000","properties":{"id":"37141:3390-69-2001-0000","parcelId":"3390-69-2001-0000","countyFips":"37141","countyName":"Pender","state":"North Carolina","marketIds":["Wilmington"],"situsAddress":null,"situsCity":null,"situsZip":null,"jurisdictionCode":"PND","ownerName":"NATURE CONSERVANCY","ownerName2":null,"propertyName":null,"zoningCode":"EC","zoningDistrict":"Environmental Conservation","jurisdictionPrefix":"PND","dorCode":null,"acreage":134.58,"centroid":[-77.679286,34.59246],"lastSale":{"date":"2005-06-03","price":94000.0,"qualified":null},"tax":{"marketValue":239265.0,"assessedValue":null,"taxableValue":null,"taxes":null},"mailingAddress":{"line1":"334 BLACKWELL ST., STE 300","line2":null,"city":"DURHAM","state":"NC","zip":"27701"},"incomeTract":null,"incomeBlockGroup":null,"nearestRoad":null,"flu":{"code":"Conservation","label":"Conservation","jurisdiction":"Pender County","source":"https://gis.pendercountync.gov/arcgis/rest/services/LayersPro/MapServer/35"},"opportunityZone":null,"oz2Eligibility":{"eligible":true,"rural":true,"tractGeoid":"37141920204","tractName":"Census Tract 9202.04","designation":"eligible-for-nomination"},"source":"nc-pender-energov-37141","appraiserUrl":"https://mss.pendercountync.gov/css/citizens/RealEstate/Default.aspx?mode=new"},"geometry":{"type":"Polygon","coordinates":[[[-77.675526,34.594094],[-77.67541,34.594231],[-77.674821,34.594914],[-77.674517,34.595214],[-77.676305,34.59633],[-77.681583,34.594076],[-77.687833,34.594609],[-77.685939,34.587749],[-77.68473,34.58915],[-77.68243,34.588953],[-77.679574,34.591129],[-77.679275,34.590945],[-77.67945,34.590729],[-77.677572,34.591987],[-77.677045,34.592386],[-77.676567,34.59286],[-77.675526,34.594094]]]}},{"type":"Feature","id":"37141:3382-50-2595-0000","properties":{"id":"37141:3382-50-2595-0000","parcelId":"3382-50-2595-0000","countyFips":"37141","countyName":"Pender","state":"North Carolina","marketIds":["Wilmington"],"situsAddress":null,"situsCity":null,"situsZip":null,"jurisdictionCode":"PND","ownerName":"SIMMONS, JERRY LEO JR","ownerName2":null,"propertyName":null,"zoningCode":"RA","zoningDistrict":"Rural Agricultural","jurisdictionPrefix":"PND","dorCode":null,"acreage":133.0,"centroid":[-77.720168,34.621307],"lastSale":{"date":"2018-12-31","price":null,"qualified":null},"tax":{"marketValue":9388.0,"assessedValue":null,"taxableValue":null,"taxes":null},"mailingAddress":{"line1":"4435 JAMEY CT","line2":null,"city":"WILMINGTON","state":"NC","zip":"28405"},"incomeTract":null,"incomeBlockGroup":null,"nearestRoad":null,"flu":{"code":"Rural Agricultural","label":"Rural Agricultural","jurisdiction":"Pender County","source":"https://gis.pendercountync.gov/arcgis/rest/services/LayersPro/MapServer/35"},"opportunityZone":null,"oz2Eligibility":{"eligible":true,"rural":true,"tractGeoid":"37141920204","tractName":"Census Tract 9202.04","designation":"eligible-for-nomination"},"source":"nc-pender-energov-37141","appraiserUrl":"https://mss.pendercountync.gov/css/citizens/RealEstate/Default.aspx?mode=new"},"geometry":{"type":"Polygon","coordinates":[[[-77.720799,34.619136],[-77.71635,34.619152],[-77.716541,34.622394],[-77.716943,34.626864],[-77.726585,34.622261],[-77.723789,34.618035],[-77.720799,34.619136]]]}},{"type":"Feature","id":"37141:3392-76-0104-0000","properties":{"id":"37141:3392-76-0104-0000","parcelId":"3392-76-0104-0000","countyFips":"37141","countyName":"Pender","state":"North Carolina","marketIds":["Wilmington"],"situsAddress":null,"situsCity":null,"situsZip":null,"jurisdictionCode":"PND","ownerName":"MELENDEZ, JAVIER ANTONIO","ownerName2":null,"propertyName":null,"zoningCode":"RA","zoningDistrict":"Rural Agricultural","jurisdictionPrefix":"PND","dorCode":null,"acreage":128.43,"centroid":[-77.677505,34.640609],"lastSale":{"date":"2023-05-11","price":null,"qualified":null},"tax":{"marketValue":38262.0,"assessedValue":null,"taxableValue":null,"taxes":null},"mailingAddress":{"line1":"PO BOX 383","line2":null,"city":"CASTLE HAYNE","state":"NC","zip":"28429"},"incomeTract":null,"incomeBlockGroup":null,"nearestRoad":null,"flu":{"code":"Rural Agricultural","label":"Rural Agricultural","jurisdiction":"Pender County","source":"https://gis.pendercountync.gov/arcgis/rest/services/LayersPro/MapServer/35"},"opportunityZone":null,"oz2Eligibility":{"eligible":true,"rural":true,"tractGeoid":"37141920204","tractName":"Census Tract 9202.04","designation":"eligible-for-nomination"},"source":"nc-pender-energov-37141","appraiserUrl":"https://mss.pendercountync.gov/css/citizens/RealEstate/Default.aspx?mode=new"},"geometry":{"type":"Polygon","coordinates":[[[-77.67459,34.643182],[-77.67473,34.643249],[-77.67488,34.643332],[-77.675217,34.64358],[-77.675352,34.643615],[-77.675521,34.643627],[-77.67566,34.64359],[-77.68887,34.637476],[-77.688867,34.637229],[-77.687564,34.637108],[-77.687135,34.637098],[-77.673983,34.63618],[-77.674201,34.63673],[-77.674338,34.636989],[-77.674795,34.638003],[-77.675685,34.639432],[-77.676565,34.640755],[-77.677265,34.641899],[-77.673998,34.643275],[-77.674005,34.643294],[-77.674387,34.64315],[-77.67459,34.643182]]]}},{"type":"Feature","id":"37141:3393-71-9799-0000","properties":{"id":"37141:3393-71-9799-0000","parcelId":"3393-71-9799-0000","countyFips":"37141","countyName":"Pender","state":"North Carolina","marketIds":["Wilmington"],"situsAddress":"200 MAPLE HILL SCHOOL RD","situsCity":null,"situsZip":null,"jurisdictionCode":"PND","ownerName":"CAROL SUE BLUEBERRY FARM INC","ownerName2":null,"propertyName":null,"zoningCode":"RA","zoningDistrict":"Rural Agricultural","jurisdictionPrefix":"PND","dorCode":null,"acreage":128.36,"centroid":[-77.677129,34.654269],"lastSale":{"date":"2007-10-09","price":null,"qualified":null},"tax":{"marketValue":570515.0,"assessedValue":null,"taxableValue":null,"taxes":null},"mailingAddress":{"line1":"PO BOX 280","line2":null,"city":"HAMPSTEAD","state":"NC","zip":"28443"},"incomeTract":null,"incomeBlockGroup":null,"nearestRoad":null,"flu":{"code":"Rural Agricultural","label":"Rural Agricultural","jurisdiction":"Pender County","source":"https://gis.pendercountync.gov/arcgis/rest/services/LayersPro/MapServer/35"},"opportunityZone":null,"oz2Eligibility":{"eligible":true,"rural":true,"tractGeoid":"37141920204","tractName":"Census Tract 9202.04","designation":"eligible-for-nomination"},"source":"nc-pender-energov-37141","appraiserUrl":"https://mss.pendercountync.gov/css/citizens/RealEstate/Default.aspx?mode=new"},"geometry":{"type":"Polygon","coordinates":[[[-77.669864,34.655337],[-77.669075,34.655918],[-77.668995,34.655977],[-77.673028,34.657923],[-77.677666,34.655085],[-77.682073,34.656934],[-77.684702,34.653332],[-77.684542,34.653198],[-77.682996,34.654472],[-77.678961,34.65107],[-77.677808,34.651044],[-77.675833,34.650941],[-77.669864,34.655337]]]}},{"type":"Feature","id":"37141:3390-44-9154-0000","properties":{"id":"37141:3390-44-9154-0000","parcelId":"3390-44-9154-0000","countyFips":"37141","countyName":"Pender","state":"North Carolina","marketIds":["Wilmington"],"situsAddress":null,"situsCity":null,"situsZip":null,"jurisdictionCode":"PND","ownerName":"NATURE CONSERVANCY","ownerName2":null,"propertyName":null,"zoningCode":"EC","zoningDistrict":"Environmental Conservation","jurisdictionPrefix":"PND","dorCode":null,"acreage":128.12,"centroid":[-77.690993,34.576936],"lastSale":{"date":"2006-02-06","price":309500.0,"qualified":null},"tax":{"marketValue":228095.0,"assessedValue":null,"taxableValue":null,"taxes":null},"mailingAddress":{"line1":"334 BLACKWELL ST., STE 300","line2":null,"city":"DURHAM","state":"NC","zip":"27701"},"incomeTract":null,"incomeBlockGroup":null,"nearestRoad":null,"flu":{"code":"Conservation","label":"Conservation","jurisdiction":"Pender County","source":"https://gis.pendercountync.gov/arcgis/rest/services/LayersPro/MapServer/35"},"opportunityZone":null,"oz2Eligibility":{"eligible":true,"rural":true,"tractGeoid":"37141920204","tractName":"Census Tract 9202.04","designation":"eligible-for-nomination"},"source":"nc-pender-energov-37141","appraiserUrl":"https://mss.pendercountync.gov/css/citizens/RealEstate/Default.aspx?mode=new"},"geometry":{"type":"Polygon","coordinates":[[[-77.686682,34.580952],[-77.686845,34.580988],[-77.691818,34.582071],[-77.691781,34.582001],[-77.691758,34.581826],[-77.691757,34.581486],[-77.691664,34.581168],[-77.6916,34.580783],[-77.691577,34.580742],[-77.691557,34.58074],[-77.691473,34.580575],[-77.691419,34.580512],[-77.691497,34.580425],[-77.691764,34.580317],[-77.691811,34.580268],[-77.691836,34.580219],[-77.691822,34.580059],[-77.691837,34.579975],[-77.691869,34.579939],[-77.691872,34.579893],[-77.691919,34.579839],[-77.692,34.579836],[-77.692184,34.57978],[-77.692214,34.57974],[-77.692312,34.579689],[-77.69245,34.579543],[-77.692445,34.579313],[-77.692466,34.579297],[-77.692474,34.579229],[-77.692461,34.579186],[-77.69251,34.579136],[-77.692574,34.579007],[-77.692587,34.579011],[-77.692644,34.578869],[-77.692628,34.578864],[-77.69263,34.578805],[-77.692599,34.57876],[-77.692604,34.578691],[-77.69257,34.578622],[-77.692567,34.578512],[-77.6925,34.578409],[-77.692478,34.578402],[-77.692424,34.578262],[-77.692359,34.578182],[-77.692325,34.578169],[-77.692314,34.578098],[-77.692433,34.578025],[-77.692813,34.577711],[-77.692873,34.577694],[-77.692978,34.577604],[-77.692999,34.577573],[-77.692989,34.577564],[-77.693024,34.577534],[-77.693025,34.577354],[-77.692961,34.577289],[-77.692904,34.57727],[-77.69277,34.577272],[-77.692732,34.577296],[-77.692615,34.577299],[-77.692493,34.577335],[-77.692362,34.577344],[-77.69223,34.577389],[-77.692119,34.57739],[-77.692039,34.577413],[-77.691784,34.577423],[-77.691632,34.577386],[-77.691594,34.577351],[-77.691608,34.57717],[-77.691621,34.577171],[-77.691645,34.577054],[-77.691666,34.577038],[-77.691659,34.577017],[-77.691696,34.576974],[-77.691724,34.576782],[-77.691754,34.576759],[-77.691781,34.576692],[-77.691808,34.576682],[-77.691808,34.576649],[-77.691836,34.576639],[-77.691837,34.576594],[-77.691873,34.57655],[-77.691875,34.576342],[-77.691853,34.576235],[-77.691859,34.575775],[-77.691823,34.575709],[-77.691797,34.575696],[-77.691797,34.575663],[-77.691667,34.575531],[-77.691663,34.575503],[-77.691469,34.575322],[-77.691526,34.575278],[-77.691604,34.575263],[-77.691742,34.575188],[-77.691761,34.575144],[-77.691837,34.575094],[-77.69184,34.575072],[-77.691866,34.575065],[-77.691966,34.57495],[-77.691967,34.574815],[-77.691945,34.5748],[-77.691939,34.574675],[-77.691908,34.574638],[-77.691923,34.574591],[-77.691869,34.574536],[-77.691672,34.574555],[-77.691486,34.574648],[-77.691384,34.574666],[-77.691348,34.574702],[-77.69132,34.574698],[-77.691294,34.574724],[-77.691204,34.574751],[-77.691101,34.574805],[-77.69109,34.574826],[-77.691034,34.574842],[-77.690969,34.574941],[-77.690617,34.575143],[-77.690118,34.575393],[-77.689943,34.575514],[-77.689602,34.575824],[-77.689485,34.575977],[-77.689353,34.576248],[-77.689288,34.57633],[-77.689217,34.576366],[-77.68905,34.5764],[-77.688831,34.576403],[-77.688503,34.576216],[-77.688289,34.576008],[-77.688156,34.575851],[-77.688055,34.575711],[-77.688008,34.575594],[-77.687743,34.575203],[-77.687616,34.574661],[-77.687459,34.574306],[-77.687316,34.57405],[-77.686502,34.573057],[-77.686148,34.57268],[-77.685787,34.572373],[-77.685574,34.572043],[-77.685487,34.571941],[-77.685362,34.57186],[-77.68521,34.571827],[-77.684999,34.571826],[-77.684725,34.57187],[-77.683958,34.571802],[-77.682952,34.57379],[-77.686682,34.580952]]]}},{"type":"Feature","id":"37141:3383-11-0252-0000","properties":{"id":"37141:3383-11-0252-0000","parcelId":"3383-11-0252-0000","countyFips":"37141","countyName":"Pender","state":"North Carolina","marketIds":["Wilmington"],"situsAddress":"53 HWY","situsCity":null,"situsZip":null,"jurisdictionCode":"PND","ownerName":"THE WILLOUGHBY TOWNSEND LLC","ownerName2":null,"propertyName":null,"zoningCode":"RA","zoningDistrict":"Rural Agricultural","jurisdictionPrefix":"PND","dorCode":null,"acreage":124.0,"centroid":[-77.734385,34.652769],"lastSale":{"date":"2018-12-14","price":null,"qualified":null},"tax":{"marketValue":23377.0,"assessedValue":null,"taxableValue":null,"taxes":null},"mailingAddress":{"line1":"2107 RED HILL CHURCH RD","line2":null,"city":"DUNN","state":"NC","zip":"28334"},"incomeTract":null,"incomeBlockGroup":null,"nearestRoad":null,"flu":{"code":"Rural Agricultural","label":"Rural Agricultural","jurisdiction":"Pender County","source":"https://gis.pendercountync.gov/arcgis/rest/services/LayersPro/MapServer/35"},"opportunityZone":null,"oz2Eligibility":{"eligible":true,"rural":true,"tractGeoid":"37141920204","tractName":"Census Tract 9202.04","designation":"eligible-for-nomination"},"source":"nc-pender-energov-37141","appraiserUrl":"https://mss.pendercountync.gov/css/citizens/RealEstate/Default.aspx?mode=new"},"geometry":{"type":"MultiPolygon","coordinates":[[[[-77.731527,34.650033],[-77.727832,34.65102],[-77.734477,34.656834],[-77.735005,34.656254],[-77.734952,34.656209],[-77.734897,34.65611],[-77.734929,34.655816],[-77.735055,34.655518],[-77.735086,34.655312],[-77.735332,34.654765],[-77.735372,34.654601],[-77.735379,34.654433],[-77.735225,34.653708],[-77.73524,34.653586],[-77.735319,34.653324],[-77.735312,34.653091],[-77.735005,34.652952],[-77.734885,34.652872],[-77.734786,34.652613],[-77.73456,34.652267],[-77.734476,34.652067],[-77.734131,34.651659],[-77.734004,34.651449],[-77.733994,34.651285],[-77.734018,34.65118],[-77.734262,34.650749],[-77.73431,34.65059],[-77.734316,34.650279],[-77.73417,34.649829],[-77.734101,34.649521],[-77.734121,34.64939],[-77.734247,34.649307],[-77.731527,34.650033]]],[[[-77.736263,34.662592],[-77.736977,34.663202],[-77.737016,34.663015],[-77.737059,34.662932],[-77.737261,34.662722],[-77.737477,34.662534],[-77.737561,34.662424],[-77.737597,34.662275],[-77.737654,34.661824],[-77.737646,34.661656],[-77.737466,34.661268],[-77.737419,34.661063],[-77.737077,34.660965],[-77.736919,34.660973],[-77.736817,34.661055],[-77.736602,34.661081],[-77.736445,34.661042],[-77.736244,34.660919],[-77.736124,34.660694],[-77.736217,34.660509],[-77.736067,34.659986],[-77.736136,34.659856],[-77.736048,34.659743],[-77.735949,34.659565],[-77.736169,34.659205],[-77.736184,34.658981],[-77.736151,34.658897],[-77.736154,34.658739],[-77.73627,34.658507],[-77.736173,34.658227],[-77.736188,34.657975],[-77.736223,34.657911],[-77.736225,34.657771],[-77.736091,34.657667],[-77.736094,34.657499],[-77.736175,34.657323],[-77.736156,34.657109],[-77.736066,34.656849],[-77.735781,34.656652],[-77.735307,34.656383],[-77.735002,34.656753],[-77.734776,34.656991],[-77.734257,34.657461],[-77.733976,34.657669],[-77.733384,34.658041],[-77.732846,34.658341],[-77.732409,34.658538],[-77.731778,34.658773],[-77.736263,34.662592]]]]}},{"type":"Feature","id":"37141:3392-51-2808-000L","properties":{"id":"37141:3392-51-2808-000L","parcelId":"3392-51-2808-000L","countyFips":"37141","countyName":"Pender","state":"North Carolina","marketIds":["Wilmington"],"situsAddress":"988 LEE RD","situsCity":null,"situsZip":null,"jurisdictionCode":"PND","ownerName":"LEE, COY A HEIRS","ownerName2":null,"propertyName":null,"zoningCode":"RP","zoningDistrict":"Residential Performance","jurisdictionPrefix":"PND","dorCode":null,"acreage":122.57,"centroid":[-77.686383,34.626366],"lastSale":{"date":null,"price":null,"qualified":null},"tax":{"marketValue":191963.0,"assessedValue":null,"taxableValue":null,"taxes":null},"mailingAddress":{"line1":"C/O SHERRI LEE","line2":null,"city":"MAPLE HILL","state":"NC","zip":"28454"},"incomeTract":null,"incomeBlockGroup":null,"nearestRoad":null,"flu":{"code":"Rural Agricultural","label":"Rural Agricultural","jurisdiction":"Pender County","source":"https://gis.pendercountync.gov/arcgis/rest/services/LayersPro/MapServer/35"},"opportunityZone":null,"oz2Eligibility":{"eligible":true,"rural":true,"tractGeoid":"37141920204","tractName":"Census Tract 9202.04","designation":"eligible-for-nomination"},"source":"nc-pender-energov-37141","appraiserUrl":"https://mss.pendercountync.gov/css/citizens/RealEstate/Default.aspx?mode=new"},"geometry":{"type":"Polygon","coordinates":[[[-77.683758,34.632593],[-77.683619,34.633655],[-77.683209,34.636823],[-77.687135,34.637098],[-77.68847,34.624905],[-77.688306,34.62481],[-77.688228,34.62466],[-77.688069,34.624501],[-77.688056,34.624422],[-77.688097,34.624213],[-77.688051,34.624123],[-77.687989,34.624097],[-77.687922,34.624096],[-77.687632,34.624182],[-77.687556,34.624165],[-77.6875,34.624123],[-77.687487,34.624068],[-77.68753,34.623883],[-77.687429,34.623697],[-77.687442,34.623635],[-77.687508,34.623527],[-77.687506,34.623486],[-77.687396,34.623366],[-77.687217,34.623267],[-77.687169,34.623129],[-77.687082,34.623038],[-77.687013,34.622889],[-77.686985,34.622876],[-77.686848,34.622889],[-77.686822,34.62286],[-77.686786,34.62274],[-77.686698,34.622642],[-77.686572,34.622575],[-77.686388,34.622517],[-77.686041,34.622448],[-77.685566,34.62242],[-77.685313,34.62236],[-77.685025,34.622356],[-77.684335,34.628207],[-77.683904,34.631416],[-77.687423,34.631986],[-77.687389,34.632149],[-77.68414,34.631624],[-77.684095,34.631916],[-77.684134,34.631902],[-77.684189,34.632002],[-77.684119,34.632028],[-77.684087,34.63197],[-77.684082,34.631999],[-77.68384,34.631952],[-77.683758,34.632593]]]}},{"type":"Feature","id":"37141:3395-60-9841-0000","properties":{"id":"37141:3395-60-9841-0000","parcelId":"3395-60-9841-0000","countyFips":"37141","countyName":"Pender","state":"North Carolina","marketIds":["Wilmington"],"situsAddress":"664 JOSHUA JAMES RD","situsCity":null,"situsZip":null,"jurisdictionCode":"PND","ownerName":"RILEY, KENNETH LEE","ownerName2":null,"propertyName":null,"zoningCode":"RA","zoningDistrict":"Rural Agricultural","jurisdictionPrefix":"PND","dorCode":null,"acreage":121.75,"centroid":[-77.677539,34.705225],"lastSale":{"date":"2022-02-01","price":432000.0,"qualified":null},"tax":{"marketValue":323201.0,"assessedValue":null,"taxableValue":null,"taxes":null},"mailingAddress":{"line1":"4905 GORHAM AVE","line2":null,"city":"WILMINGTON","state":"NC","zip":"28409"},"incomeTract":null,"incomeBlockGroup":null,"nearestRoad":null,"flu":{"code":"Rural Agricultural","label":"Rural Agricultural","jurisdiction":"Pender County","source":"https://gis.pendercountync.gov/arcgis/rest/services/LayersPro/MapServer/35"},"opportunityZone":null,"oz2Eligibility":{"eligible":true,"rural":true,"tractGeoid":"37141920204","tractName":"Census Tract 9202.04","designation":"eligible-for-nomination"},"source":"nc-pender-energov-37141","appraiserUrl":"https://mss.pendercountync.gov/css/citizens/RealEstate/Default.aspx?mode=new"},"geometry":{"type":"Polygon","coordinates":[[[-77.675223,34.706725],[-77.675304,34.706902],[-77.677647,34.712068],[-77.68054,34.709991],[-77.681509,34.709272],[-77.681672,34.709106],[-77.681782,34.708903],[-77.683476,34.704331],[-77.677498,34.701549],[-77.677437,34.701692],[-77.677144,34.702022],[-77.67708,34.7025],[-77.67727,34.702543],[-77.677269,34.702821],[-77.677537,34.702879],[-77.677447,34.703334],[-77.67779,34.703376],[-77.677821,34.703843],[-77.67767,34.704067],[-77.677508,34.703999],[-77.677322,34.70444],[-77.676969,34.704323],[-77.677017,34.704487],[-77.676892,34.704742],[-77.677084,34.705029],[-77.677001,34.705401],[-77.676666,34.705451],[-77.676456,34.70539],[-77.676271,34.705745],[-77.67583,34.705761],[-77.675596,34.705985],[-77.67568,34.706193],[-77.675402,34.706296],[-77.675514,34.706473],[-77.675223,34.706725]]]}},{"type":"Feature","id":"37141:3383-21-2527-0000","properties":{"id":"37141:3383-21-2527-0000","parcelId":"3383-21-2527-0000","countyFips":"37141","countyName":"Pender","state":"North Carolina","marketIds":["Wilmington"],"situsAddress":"53 HWY","situsCity":null,"situsZip":null,"jurisdictionCode":"PND","ownerName":"TURNBULL, JANE S CO-TRUSTEE","ownerName2":null,"propertyName":null,"zoningCode":"RA","zoningDistrict":"Rural Agricultural","jurisdictionPrefix":"PND","dorCode":null,"acreage":120.89,"centroid":[-77.728769,34.653705],"lastSale":{"date":"2025-12-15","price":null,"qualified":null},"tax":{"marketValue":28037.0,"assessedValue":null,"taxableValue":null,"taxes":null},"mailingAddress":{"line1":"783 YORKSHIRE RD NE","line2":null,"city":"ATLANTA","state":"GA","zip":"30306"},"incomeTract":null,"incomeBlockGroup":null,"nearestRoad":null,"flu":{"code":"Rural Agricultural","label":"Rural Agricultural","jurisdiction":"Pender County","source":"https://gis.pendercountync.gov/arcgis/rest/services/LayersPro/MapServer/35"},"opportunityZone":null,"oz2Eligibility":{"eligible":true,"rural":true,"tractGeoid":"37141920204","tractName":"Census Tract 9202.04","designation":"eligible-for-nomination"},"source":"nc-pender-energov-37141","appraiserUrl":"https://mss.pendercountync.gov/css/citizens/RealEstate/Default.aspx?mode=new"},"geometry":{"type":"Polygon","coordinates":[[[-77.72037,34.648996],[-77.721349,34.649837],[-77.725753,34.653631],[-77.731537,34.658556],[-77.732425,34.658228],[-77.733072,34.657891],[-77.73385,34.657381],[-77.734117,34.657168],[-77.734477,34.656834],[-77.727832,34.65102],[-77.727558,34.650507],[-77.727259,34.650142],[-77.724404,34.647969],[-77.72037,34.648996]]]}},{"type":"Feature","id":"37141:3393-09-6050-0000","properties":{"id":"37141:3393-09-6050-0000","parcelId":"3393-09-6050-0000","countyFips":"37141","countyName":"Pender","state":"North Carolina","marketIds":["Wilmington"],"situsAddress":"53 HWY","situsCity":null,"situsZip":null,"jurisdictionCode":"PND","ownerName":"SALLIE JAMES TIMBERLAND LLC","ownerName2":null,"propertyName":null,"zoningCode":"RA","zoningDistrict":"Rural Agricultural","jurisdictionPrefix":"PND","dorCode":null,"acreage":118.9,"centroid":[-77.700555,34.67365],"lastSale":{"date":"2024-04-09","price":null,"qualified":null},"tax":{"marketValue":36050.0,"assessedValue":null,"taxableValue":null,"taxes":null},"mailingAddress":{"line1":"929 RABBIT RUN","line2":null,"city":"WILMINGTON","state":"NC","zip":"28409"},"incomeTract":null,"incomeBlockGroup":null,"nearestRoad":null,"flu":{"code":"Rural Agricultural","label":"Rural Agricultural","jurisdiction":"Pender County","source":"https://gis.pendercountync.gov/arcgis/rest/services/LayersPro/MapServer/35"},"opportunityZone":null,"oz2Eligibility":{"eligible":true,"rural":true,"tractGeoid":"37141920204","tractName":"Census Tract 9202.04","designation":"eligible-for-nomination"},"source":"nc-pender-energov-37141","appraiserUrl":"https://mss.pendercountync.gov/css/citizens/RealEstate/Default.aspx?mode=new"},"geometry":{"type":"Polygon","coordinates":[[[-77.698034,34.671982],[-77.698007,34.671996],[-77.695845,34.673116],[-77.695148,34.676883],[-77.696176,34.677294],[-77.708036,34.674374],[-77.707065,34.671658],[-77.70613,34.671894],[-77.698034,34.671982]]]}},{"type":"Feature","id":"37141:3390-39-9057-0000","properties":{"id":"37141:3390-39-9057-0000","parcelId":"3390-39-9057-0000","countyFips":"37141","countyName":"Pender","state":"North Carolina","marketIds":["Wilmington"],"situsAddress":null,"situsCity":null,"situsZip":null,"jurisdictionCode":"PND","ownerName":"NATURE CONSERVANCY","ownerName2":null,"propertyName":null,"zoningCode":"EC","zoningDistrict":"Environmental Conservation","jurisdictionPrefix":"PND","dorCode":null,"acreage":118.74,"centroid":[-77.689127,34.586975],"lastSale":{"date":"2005-06-03","price":93000.0,"qualified":null},"tax":{"marketValue":207795.0,"assessedValue":null,"taxableValue":null,"taxes":null},"mailingAddress":{"line1":"334 BLACKWELL ST., STE 300","line2":null,"city":"DURHAM","state":"NC","zip":"27701"},"incomeTract":null,"incomeBlockGroup":null,"nearestRoad":null,"flu":{"code":"Conservation","label":"Conservation","jurisdiction":"Pender County","source":"https://gis.pendercountync.gov/arcgis/rest/services/LayersPro/MapServer/35"},"opportunityZone":null,"oz2Eligibility":{"eligible":true,"rural":true,"tractGeoid":"37141920204","tractName":"Census Tract 9202.04","designation":"eligible-for-nomination"},"source":"nc-pender-energov-37141","appraiserUrl":"https://mss.pendercountync.gov/css/citizens/RealEstate/Default.aspx?mode=new"},"geometry":{"type":"MultiPolygon","coordinates":[[[[-77.69039,34.583718],[-77.690252,34.583852],[-77.688245,34.585789],[-77.687568,34.586317],[-77.687168,34.586562],[-77.686693,34.586809],[-77.685939,34.587749],[-77.687833,34.594609],[-77.691369,34.594911],[-77.691924,34.584922],[-77.691698,34.584801],[-77.690443,34.583666],[-77.69039,34.583718]]],[[[-77.687183,34.586341],[-77.687188,34.586339],[-77.687559,34.586107],[-77.688147,34.58564],[-77.690309,34.583539],[-77.690267,34.5835],[-77.687183,34.586341]]]]}},{"type":"Feature","id":"37141:4303-22-7542-0000","properties":{"id":"37141:4303-22-7542-0000","parcelId":"4303-22-7542-0000","countyFips":"37141","countyName":"Pender","state":"North Carolina","marketIds":["Wilmington"],"situsAddress":null,"situsCity":null,"situsZip":null,"jurisdictionCode":"PND","ownerName":"THE STATE OF NORTH CAROLINA","ownerName2":null,"propertyName":null,"zoningCode":"EC","zoningDistrict":"Environmental Conservation","jurisdictionPrefix":"PND","dorCode":null,"acreage":117.47,"centroid":[-77.660051,34.656953],"lastSale":{"date":"2007-06-06","price":null,"qualified":null},"tax":{"marketValue":205573.0,"assessedValue":null,"taxableValue":null,"taxes":null},"mailingAddress":{"line1":"1321 MAIL SERVICE CENTER","line2":null,"city":"RALEIGH","state":"NC","zip":"27699"},"incomeTract":null,"incomeBlockGroup":null,"nearestRoad":null,"flu":{"code":"Conservation","label":"Conservation","jurisdiction":"Pender County","source":"https://gis.pendercountync.gov/arcgis/rest/services/LayersPro/MapServer/35"},"opportunityZone":null,"oz2Eligibility":{"eligible":true,"rural":true,"tractGeoid":"37141920204","tractName":"Census Tract 9202.04","designation":"eligible-for-nomination"},"source":"nc-pender-energov-37141","appraiserUrl":"https://mss.pendercountync.gov/css/citizens/RealEstate/Default.aspx?mode=new"},"geometry":{"type":"Polygon","coordinates":[[[-77.660165,34.660075],[-77.660165,34.660075],[-77.661169,34.660413],[-77.666945,34.654786],[-77.661828,34.652065],[-77.659645,34.654144],[-77.655325,34.655792],[-77.65719,34.657271],[-77.658027,34.657958],[-77.660165,34.660075]]]}},{"type":"Feature","id":"37141:4301-10-9720-0000","properties":{"id":"37141:4301-10-9720-0000","parcelId":"4301-10-9720-0000","countyFips":"37141","countyName":"Pender","state":"North Carolina","marketIds":["Wilmington"],"situsAddress":null,"situsCity":null,"situsZip":null,"jurisdictionCode":"PND","ownerName":"NATURE CONSERVANCY","ownerName2":null,"propertyName":null,"zoningCode":"EC","zoningDistrict":"Environmental Conservation","jurisdictionPrefix":"PND","dorCode":null,"acreage":116.7,"centroid":[-77.664498,34.598699],"lastSale":{"date":"2006-10-06","price":null,"qualified":null},"tax":{"marketValue":212975.0,"assessedValue":null,"taxableValue":null,"taxes":null},"mailingAddress":{"line1":"334 BLACKWELL ST., STE 300","line2":null,"city":"DURHAM","state":"NC","zip":"27701"},"incomeTract":null,"incomeBlockGroup":null,"nearestRoad":null,"flu":{"code":"Conservation","label":"Conservation","jurisdiction":"Pender County","source":"https://gis.pendercountync.gov/arcgis/rest/services/LayersPro/MapServer/35"},"opportunityZone":null,"oz2Eligibility":{"eligible":true,"rural":true,"tractGeoid":"37141920204","tractName":"Census Tract 9202.04","designation":"eligible-for-nomination"},"source":"nc-pender-energov-37141","appraiserUrl":"https://mss.pendercountync.gov/css/citizens/RealEstate/Default.aspx?mode=new"},"geometry":{"type":"Polygon","coordinates":[[[-77.663656,34.600274],[-77.663688,34.600281],[-77.66446,34.600463],[-77.664903,34.600489],[-77.665236,34.600273],[-77.665501,34.600025],[-77.665834,34.599897],[-77.666005,34.599721],[-77.666135,34.598984],[-77.666101,34.598952],[-77.668755,34.59702],[-77.667114,34.591429],[-77.66213,34.594477],[-77.659031,34.594917],[-77.662051,34.600274],[-77.66269,34.600278],[-77.663179,34.600136],[-77.663656,34.600274]]]}},{"type":"Feature","id":"37141:3392-57-2328-0000","properties":{"id":"37141:3392-57-2328-0000","parcelId":"3392-57-2328-0000","countyFips":"37141","countyName":"Pender","state":"North Carolina","marketIds":["Wilmington"],"situsAddress":"NC HWY 50 OFF","situsCity":null,"situsZip":null,"jurisdictionCode":"PND","ownerName":"WOOTEN, MITCHELL ET AL","ownerName2":null,"propertyName":null,"zoningCode":"RA","zoningDistrict":"Rural Agricultural","jurisdictionPrefix":"PND","dorCode":null,"acreage":115.39,"centroid":[-77.685859,34.643465],"lastSale":{"date":"2009-04-29","price":null,"qualified":null},"tax":{"marketValue":31284.0,"assessedValue":null,"taxableValue":null,"taxes":null},"mailingAddress":{"line1":"PO BOX 1548","line2":null,"city":"BURGAW","state":"NC","zip":"28425"},"incomeTract":null,"incomeBlockGroup":null,"nearestRoad":null,"flu":{"code":"Rural Agricultural","label":"Rural Agricultural","jurisdiction":"Pender County","source":"https://gis.pendercountync.gov/arcgis/rest/services/LayersPro/MapServer/35"},"opportunityZone":null,"oz2Eligibility":{"eligible":true,"rural":true,"tractGeoid":"37141920204","tractName":"Census Tract 9202.04","designation":"eligible-for-nomination"},"source":"nc-pender-energov-37141","appraiserUrl":"https://mss.pendercountync.gov/css/citizens/RealEstate/Default.aspx?mode=new"},"geometry":{"type":"Polygon","coordinates":[[[-77.684379,34.645999],[-77.686033,34.646201],[-77.688958,34.646557],[-77.68887,34.637476],[-77.681055,34.641093],[-77.684379,34.645999]]]}},{"type":"Feature","id":"37141:3384-78-9427-0000","properties":{"id":"37141:3384-78-9427-0000","parcelId":"3384-78-9427-0000","countyFips":"37141","countyName":"Pender","state":"North Carolina","marketIds":["Wilmington"],"situsAddress":null,"situsCity":null,"situsZip":null,"jurisdictionCode":"PND","ownerName":"BOSTIAN, LUCY GENEVIEVE","ownerName2":null,"propertyName":null,"zoningCode":"RA","zoningDistrict":"Rural Agricultural","jurisdictionPrefix":"PND","dorCode":null,"acreage":115.33,"centroid":[-77.710335,34.699775],"lastSale":{"date":"2014-03-24","price":null,"qualified":null},"tax":{"marketValue":21623.0,"assessedValue":null,"taxableValue":null,"taxes":null},"mailingAddress":{"line1":"6205 MINERAL POINT RD","line2":null,"city":"MADISON","state":"WI","zip":"53705"},"incomeTract":null,"incomeBlockGroup":null,"nearestRoad":null,"flu":{"code":"Rural Agricultural","label":"Rural Agricultural","jurisdiction":"Pender County","source":"https://gis.pendercountync.gov/arcgis/rest/services/LayersPro/MapServer/35"},"opportunityZone":null,"oz2Eligibility":{"eligible":true,"rural":true,"tractGeoid":"37141920204","tractName":"Census Tract 9202.04","designation":"eligible-for-nomination"},"source":"nc-pender-energov-37141","appraiserUrl":"https://mss.pendercountync.gov/css/citizens/RealEstate/Default.aspx?mode=new"},"geometry":{"type":"Polygon","coordinates":[[[-77.701732,34.701257],[-77.702295,34.703869],[-77.710815,34.702784],[-77.712927,34.70106],[-77.716522,34.697753],[-77.715483,34.696979],[-77.713623,34.696944],[-77.709976,34.697256],[-77.709639,34.700076],[-77.701732,34.701257]]]}},{"type":"Feature","id":"37141:3384-97-4739-0000","properties":{"id":"37141:3384-97-4739-0000","parcelId":"3384-97-4739-0000","countyFips":"37141","countyName":"Pender","state":"North Carolina","marketIds":["Wilmington"],"situsAddress":null,"situsCity":null,"situsZip":null,"jurisdictionCode":"PND","ownerName":"BURROUGHS, JEANNE STUART","ownerName2":null,"propertyName":null,"zoningCode":"RA","zoningDistrict":"Rural Agricultural","jurisdictionPrefix":"PND","dorCode":null,"acreage":115.33,"centroid":[-77.70121,34.697612],"lastSale":{"date":"2014-03-24","price":null,"qualified":null},"tax":{"marketValue":23081.0,"assessedValue":null,"taxableValue":null,"taxes":null},"mailingAddress":{"line1":"3263 GARDENBROOK LN","line2":null,"city":"BOZEMAN","state":"MT","zip":"59715"},"incomeTract":null,"incomeBlockGroup":null,"nearestRoad":null,"flu":{"code":"Rural Agricultural","label":"Rural Agricultural","jurisdiction":"Pender County","source":"https://gis.pendercountync.gov/arcgis/rest/services/LayersPro/MapServer/35"},"opportunityZone":null,"oz2Eligibility":{"eligible":true,"rural":true,"tractGeoid":"37141920204","tractName":"Census Tract 9202.04","designation":"eligible-for-nomination"},"source":"nc-pender-energov-37141","appraiserUrl":"https://mss.pendercountync.gov/css/citizens/RealEstate/Default.aspx?mode=new"},"geometry":{"type":"Polygon","coordinates":[[[-77.700111,34.696991],[-77.700173,34.697056],[-77.700154,34.697163],[-77.699952,34.697317],[-77.69991,34.697516],[-77.700018,34.697615],[-77.699938,34.697797],[-77.700009,34.697925],[-77.699817,34.698107],[-77.699768,34.698175],[-77.699592,34.698233],[-77.699333,34.698562],[-77.699137,34.69873],[-77.698976,34.699111],[-77.69885,34.699211],[-77.699226,34.700754],[-77.699405,34.701593],[-77.709639,34.700076],[-77.709976,34.697256],[-77.706149,34.695377],[-77.704768,34.69703],[-77.703207,34.696565],[-77.702524,34.696392],[-77.702137,34.696313],[-77.701365,34.696267],[-77.70119,34.696303],[-77.700844,34.696291],[-77.700588,34.696326],[-77.700437,34.696422],[-77.700222,34.696646],[-77.700089,34.696864],[-77.700111,34.696991]]]}},{"type":"Feature","id":"37141:3372-86-5525-0000","properties":{"id":"37141:3372-86-5525-0000","parcelId":"3372-86-5525-0000","countyFips":"37141","countyName":"Pender","state":"North Carolina","marketIds":["Wilmington"],"situsAddress":"12467 NC HWY 53 E","situsCity":null,"situsZip":null,"jurisdictionCode":"PND","ownerName":"HOLLAND, WAYNE ALEXANDER TRUSTEE","ownerName2":null,"propertyName":null,"zoningCode":"GI","zoningDistrict":"General Industrial","jurisdictionPrefix":"PND","dorCode":null,"acreage":110.0,"centroid":[-77.739588,34.63671],"lastSale":{"date":"1994-04-29","price":60000.0,"qualified":null},"tax":{"marketValue":249765.0,"assessedValue":null,"taxableValue":null,"taxes":null},"mailingAddress":{"line1":"C/O JEFFREY HOLLAND","line2":null,"city":"HYDEN","state":"KY","zip":"41749"},"incomeTract":null,"incomeBlockGroup":null,"nearestRoad":null,"flu":{"code":"Rural Agricultural","label":"Rural Agricultural","jurisdiction":"Pender County","source":"https://gis.pendercountync.gov/arcgis/rest/services/LayersPro/MapServer/35"},"opportunityZone":null,"oz2Eligibility":{"eligible":true,"rural":true,"tractGeoid":"37141920204","tractName":"Census Tract 9202.04","designation":"eligible-for-nomination"},"source":"nc-pender-energov-37141","appraiserUrl":"https://mss.pendercountync.gov/css/citizens/RealEstate/Default.aspx?mode=new"},"geometry":{"type":"Polygon","coordinates":[[[-77.734767,34.631519],[-77.734761,34.631523],[-77.734505,34.631725],[-77.734368,34.631939],[-77.734352,34.632072],[-77.734439,34.632261],[-77.734544,34.632387],[-77.734975,34.632711],[-77.735173,34.632813],[-77.735736,34.633033],[-77.736286,34.633223],[-77.736414,34.633246],[-77.736521,34.633217],[-77.736717,34.633084],[-77.737014,34.633005],[-77.737281,34.632976],[-77.737547,34.632994],[-77.737852,34.633056],[-77.738095,34.633134],[-77.738265,34.633244],[-77.738453,34.633431],[-77.739212,34.633112],[-77.739133,34.633388],[-77.739139,34.633529],[-77.739192,34.633669],[-77.739377,34.63383],[-77.738761,34.634069],[-77.738736,34.634302],[-77.738608,34.634597],[-77.738606,34.634776],[-77.73866,34.634878],[-77.738817,34.635027],[-77.73887,34.635103],[-77.738941,34.635283],[-77.739004,34.635592],[-77.739122,34.63579],[-77.739229,34.636046],[-77.739263,34.636245],[-77.739275,34.636817],[-77.739335,34.637019],[-77.739467,34.63713],[-77.739652,34.637209],[-77.73977,34.637227],[-77.740134,34.637217],[-77.740196,34.637235],[-77.740281,34.6373],[-77.740329,34.63737],[-77.740408,34.637598],[-77.740558,34.637916],[-77.740853,34.638355],[-77.740909,34.638494],[-77.740924,34.638619],[-77.740896,34.638699],[-77.740807,34.638778],[-77.740556,34.638716],[-77.740276,34.638793],[-77.740186,34.638864],[-77.740042,34.639078],[-77.739867,34.639199],[-77.739736,34.639261],[-77.739618,34.639294],[-77.739304,34.639292],[-77.738917,34.639345],[-77.738826,34.639383],[-77.738714,34.639464],[-77.738447,34.6397],[-77.738319,34.639763],[-77.738197,34.639791],[-77.738078,34.639791],[-77.737806,34.639692],[-77.737766,34.639762],[-77.737588,34.639959],[-77.7374,34.640073],[-77.737132,34.640142],[-77.73671,34.640181],[-77.736312,34.640266],[-77.736193,34.64036],[-77.735195,34.641377],[-77.734546,34.641956],[-77.738004,34.642583],[-77.738497,34.640469],[-77.739825,34.640662],[-77.740064,34.64125],[-77.740116,34.642186],[-77.740699,34.64253],[-77.741444,34.642653],[-77.742148,34.643085],[-77.742794,34.640775],[-77.7451,34.642312],[-77.745293,34.642299],[-77.746837,34.640257],[-77.745955,34.639905],[-77.745827,34.63973],[-77.745831,34.639522],[-77.745887,34.639386],[-77.746076,34.639086],[-77.746116,34.638813],[-77.745993,34.638402],[-77.745841,34.638105],[-77.745683,34.637722],[-77.745291,34.637228],[-77.745181,34.637054],[-77.745176,34.636896],[-77.745122,34.636521],[-77.744452,34.635937],[-77.743744,34.635978],[-77.743539,34.636213],[-77.743388,34.636787],[-77.743509,34.637284],[-77.743366,34.637477],[-77.742752,34.63762],[-77.742128,34.637375],[-77.741967,34.637106],[-77.741991,34.636797],[-77.740126,34.633919],[-77.739902,34.633794],[-77.739527,34.63376],[-77.739331,34.633506],[-77.739473,34.632918],[-77.739055,34.63246],[-77.736048,34.632408],[-77.735942,34.632466],[-77.735836,34.632424],[-77.735654,34.63251],[-77.735395,34.632568],[-77.735004,34.63225],[-77.73499,34.631835],[-77.735042,34.631731],[-77.734767,34.631519]]]}},{"type":"Feature","id":"37141:3380-88-1818-0000","properties":{"id":"37141:3380-88-1818-0000","parcelId":"3380-88-1818-0000","countyFips":"37141","countyName":"Pender","state":"North Carolina","marketIds":["Wilmington"],"situsAddress":null,"situsCity":null,"situsZip":null,"jurisdictionCode":"PND","ownerName":"NATURE CONSERVANCY","ownerName2":null,"propertyName":null,"zoningCode":"EC","zoningDistrict":"Environmental Conservation","jurisdictionPrefix":"PND","dorCode":null,"acreage":109.92,"centroid":[-77.70992,34.589851],"lastSale":{"date":"2005-04-19","price":94000.0,"qualified":null},"tax":{"marketValue":192360.0,"assessedValue":null,"taxableValue":null,"taxes":null},"mailingAddress":{"line1":"334 BLACKWELL ST., STE 300","line2":null,"city":"DURHAM","state":"NC","zip":"27701"},"incomeTract":null,"incomeBlockGroup":null,"nearestRoad":null,"flu":{"code":"Conservation","label":"Conservation","jurisdiction":"Pender County","source":"https://gis.pendercountync.gov/arcgis/rest/services/LayersPro/MapServer/35"},"opportunityZone":null,"oz2Eligibility":{"eligible":true,"rural":true,"tractGeoid":"37141920204","tractName":"Census Tract 9202.04","designation":"eligible-for-nomination"},"source":"nc-pender-energov-37141","appraiserUrl":"https://mss.pendercountync.gov/css/citizens/RealEstate/Default.aspx?mode=new"},"geometry":{"type":"Polygon","coordinates":[[[-77.708038,34.5883],[-77.707694,34.588377],[-77.707618,34.588377],[-77.708265,34.590929],[-77.707642,34.591066],[-77.707106,34.591535],[-77.706671,34.592074],[-77.707272,34.595905],[-77.709023,34.595848],[-77.716264,34.588026],[-77.714486,34.587941],[-77.713999,34.58761],[-77.712584,34.587986],[-77.71167,34.588065],[-77.710591,34.587665],[-77.709799,34.587906],[-77.708038,34.5883]]]}},{"type":"Feature","id":"37141:3384-29-0401-0000","properties":{"id":"37141:3384-29-0401-0000","parcelId":"3384-29-0401-0000","countyFips":"37141","countyName":"Pender","state":"North Carolina","marketIds":["Wilmington"],"situsAddress":"NC HWY 50","situsCity":null,"situsZip":null,"jurisdictionCode":"PND","ownerName":"TURNBULL, JANE S TRUSTEE","ownerName2":null,"propertyName":null,"zoningCode":"RA","zoningDistrict":"Rural Agricultural","jurisdictionPrefix":"PND","dorCode":null,"acreage":107.91,"centroid":[-77.726339,34.702719],"lastSale":{"date":"2025-10-31","price":null,"qualified":null},"tax":{"marketValue":25176.0,"assessedValue":null,"taxableValue":null,"taxes":null},"mailingAddress":{"line1":"783 YORKSHIRE ROAD","line2":null,"city":"ATLANTA","state":"GA","zip":"30306"},"incomeTract":null,"incomeBlockGroup":null,"nearestRoad":null,"flu":{"code":"Rural Agricultural","label":"Rural Agricultural","jurisdiction":"Pender County","source":"https://gis.pendercountync.gov/arcgis/rest/services/LayersPro/MapServer/35"},"opportunityZone":null,"oz2Eligibility":{"eligible":true,"rural":true,"tractGeoid":"37141920204","tractName":"Census Tract 9202.04","designation":"eligible-for-nomination"},"source":"nc-pender-energov-37141","appraiserUrl":"https://mss.pendercountync.gov/css/citizens/RealEstate/Default.aspx?mode=new"},"geometry":{"type":"MultiPolygon","coordinates":[[[[-77.723955,34.702309],[-77.72403,34.702323],[-77.724104,34.702441],[-77.724093,34.702632],[-77.723918,34.702742],[-77.72409,34.702962],[-77.724112,34.703085],[-77.724277,34.703337],[-77.724303,34.703855],[-77.736424,34.707241],[-77.73625,34.707021],[-77.735966,34.706744],[-77.735003,34.705993],[-77.734286,34.705393],[-77.734051,34.705173],[-77.733624,34.704717],[-77.732075,34.702973],[-77.731358,34.702051],[-77.723737,34.700495],[-77.723721,34.700618],[-77.723805,34.700769],[-77.723707,34.700916],[-77.723602,34.700979],[-77.723462,34.701029],[-77.723505,34.701265],[-77.723423,34.701341],[-77.723515,34.701486],[-77.723651,34.701497],[-77.723674,34.701516],[-77.723604,34.701736],[-77.723527,34.701742],[-77.72351,34.701849],[-77.723574,34.701863],[-77.723605,34.701938],[-77.723563,34.701999],[-77.723632,34.702293],[-77.72382,34.702284],[-77.723955,34.702309]]],[[[-77.736435,34.706964],[-77.736443,34.706973],[-77.736718,34.707323],[-77.737606,34.707585],[-77.737744,34.707576],[-77.737966,34.707406],[-77.737948,34.707269],[-77.738016,34.707217],[-77.738138,34.707177],[-77.738172,34.707125],[-77.738438,34.707059],[-77.738402,34.70698],[-77.738353,34.706982],[-77.738257,34.706922],[-77.73824,34.706865],[-77.738274,34.706756],[-77.738222,34.706719],[-77.738137,34.706734],[-77.738111,34.706586],[-77.738162,34.706494],[-77.738159,34.70641],[-77.73802,34.706387],[-77.737977,34.70632],[-77.738002,34.706245],[-77.737987,34.706215],[-77.738071,34.706077],[-77.738084,34.705992],[-77.738129,34.705954],[-77.738277,34.705979],[-77.73841,34.705855],[-77.738441,34.70576],[-77.738354,34.705672],[-77.738495,34.705513],[-77.738632,34.70546],[-77.738764,34.705457],[-77.738704,34.705358],[-77.738477,34.705183],[-77.738471,34.705103],[-77.738414,34.705068],[-77.738223,34.705106],[-77.738036,34.705097],[-77.737919,34.705051],[-77.737908,34.705018],[-77.737957,34.704929],[-77.737895,34.704889],[-77.737645,34.704858],[-77.737615,34.704826],[-77.737568,34.704752],[-77.737696,34.704662],[-77.737664,34.70462],[-77.73782,34.704434],[-77.737846,34.704261],[-77.737761,34.704214],[-77.737651,34.70422],[-77.737626,34.704171],[-77.737677,34.704101],[-77.737687,34.704045],[-77.734282,34.705143],[-77.735258,34.705969],[-77.736056,34.706583],[-77.736435,34.706964]]]]}},{"type":"Feature","id":"37141:3395-32-7691-0000","properties":{"id":"37141:3395-32-7691-0000","parcelId":"3395-32-7691-0000","countyFips":"37141","countyName":"Pender","state":"North Carolina","marketIds":["Wilmington"],"situsAddress":"JOSHUA JAMES RD","situsCity":null,"situsZip":null,"jurisdictionCode":"PND","ownerName":"WOOTEN, ALFRED K","ownerName2":null,"propertyName":null,"zoningCode":"RA","zoningDistrict":"Rural Agricultural","jurisdictionPrefix":"PND","dorCode":null,"acreage":106.21,"centroid":[-77.686105,34.711699],"lastSale":{"date":"2003-11-20","price":281500.0,"qualified":null},"tax":{"marketValue":19848.0,"assessedValue":null,"taxableValue":null,"taxes":null},"mailingAddress":{"line1":"PO BOX 1548","line2":null,"city":"BURGAW","state":"NC","zip":"28425"},"incomeTract":null,"incomeBlockGroup":null,"nearestRoad":null,"flu":{"code":"Rural Agricultural","label":"Rural Agricultural","jurisdiction":"Pender County","source":"https://gis.pendercountync.gov/arcgis/rest/services/LayersPro/MapServer/35"},"opportunityZone":null,"oz2Eligibility":{"eligible":true,"rural":true,"tractGeoid":"37141920204","tractName":"Census Tract 9202.04","designation":"eligible-for-nomination"},"source":"nc-pender-energov-37141","appraiserUrl":"https://mss.pendercountync.gov/css/citizens/RealEstate/Default.aspx?mode=new"},"geometry":{"type":"Polygon","coordinates":[[[-77.685133,34.708988],[-77.685285,34.709179],[-77.685386,34.709425],[-77.685577,34.709593],[-77.68571,34.709607],[-77.685704,34.70969],[-77.685564,34.70979],[-77.685597,34.709997],[-77.685827,34.71032],[-77.685723,34.710544],[-77.685852,34.710666],[-77.685834,34.710832],[-77.685622,34.710888],[-77.685498,34.711282],[-77.685584,34.711443],[-77.685553,34.711741],[-77.685744,34.711946],[-77.685921,34.711917],[-77.685908,34.712151],[-77.685757,34.712273],[-77.685735,34.712538],[-77.685375,34.712681],[-77.685333,34.712876],[-77.68568,34.713292],[-77.685821,34.713192],[-77.685963,34.713427],[-77.685652,34.713682],[-77.685826,34.713944],[-77.685938,34.714007],[-77.685695,34.714317],[-77.685501,34.714255],[-77.685399,34.714324],[-77.694937,34.714192],[-77.691933,34.70878],[-77.685133,34.708988]]]}},{"type":"Feature","id":"37141:3381-13-3152-0000","properties":{"id":"37141:3381-13-3152-0000","parcelId":"3381-13-3152-0000","countyFips":"37141","countyName":"Pender","state":"North Carolina","marketIds":["Wilmington"],"situsAddress":null,"situsCity":null,"situsZip":null,"jurisdictionCode":"PND","ownerName":"LOTTA BUSCH LLC","ownerName2":null,"propertyName":null,"zoningCode":"RA","zoningDistrict":"Rural Agricultural","jurisdictionPrefix":"PND","dorCode":null,"acreage":104.86,"centroid":[-77.733408,34.603743],"lastSale":{"date":"2018-03-27","price":null,"qualified":null},"tax":{"marketValue":107628.0,"assessedValue":null,"taxableValue":null,"taxes":null},"mailingAddress":{"line1":"205 DOWITCHER DR","line2":null,"city":"HAMPSTEAD","state":"NC","zip":"28443"},"incomeTract":null,"incomeBlockGroup":null,"nearestRoad":null,"flu":{"code":"Rural Agricultural","label":"Rural Agricultural","jurisdiction":"Pender County","source":"https://gis.pendercountync.gov/arcgis/rest/services/LayersPro/MapServer/35"},"opportunityZone":null,"oz2Eligibility":{"eligible":true,"rural":true,"tractGeoid":"37141920204","tractName":"Census Tract 9202.04","designation":"eligible-for-nomination"},"source":"nc-pender-energov-37141","appraiserUrl":"https://mss.pendercountync.gov/css/citizens/RealEstate/Default.aspx?mode=new"},"geometry":{"type":"Polygon","coordinates":[[[-77.728356,34.605211],[-77.72841,34.605466],[-77.739496,34.604888],[-77.739956,34.603797],[-77.736321,34.600012],[-77.727907,34.603083],[-77.728356,34.605211]]]}},{"type":"Feature","id":"37141:3381-44-3005-0000","properties":{"id":"37141:3381-44-3005-0000","parcelId":"3381-44-3005-0000","countyFips":"37141","countyName":"Pender","state":"North Carolina","marketIds":["Wilmington"],"situsAddress":null,"situsCity":null,"situsZip":null,"jurisdictionCode":"PND","ownerName":"MAPLE HILL HUNTING LAND LLC","ownerName2":null,"propertyName":null,"zoningCode":"RA","zoningDistrict":"Rural Agricultural","jurisdictionPrefix":"PND","dorCode":null,"acreage":103.7,"centroid":[-77.722552,34.605833],"lastSale":{"date":"2016-03-21","price":null,"qualified":null},"tax":{"marketValue":168375.0,"assessedValue":null,"taxableValue":null,"taxes":null},"mailingAddress":{"line1":"9124 RIVER ROAD","line2":null,"city":"WILMINGTON","state":"NC","zip":"28412"},"incomeTract":null,"incomeBlockGroup":null,"nearestRoad":null,"flu":{"code":"Rural Agricultural","label":"Rural Agricultural","jurisdiction":"Pender County","source":"https://gis.pendercountync.gov/arcgis/rest/services/LayersPro/MapServer/35"},"opportunityZone":null,"oz2Eligibility":{"eligible":true,"rural":true,"tractGeoid":"37141920204","tractName":"Census Tract 9202.04","designation":"eligible-for-nomination"},"source":"nc-pender-energov-37141","appraiserUrl":"https://mss.pendercountync.gov/css/citizens/RealEstate/Default.aspx?mode=new"},"geometry":{"type":"Polygon","coordinates":[[[-77.718006,34.602899],[-77.717955,34.605588],[-77.717832,34.606673],[-77.728663,34.609111],[-77.729043,34.608469],[-77.728356,34.605211],[-77.718006,34.602882],[-77.718006,34.602899]]]}},{"type":"Feature","id":"37141:3381-42-3537-0000","properties":{"id":"37141:3381-42-3537-0000","parcelId":"3381-42-3537-0000","countyFips":"37141","countyName":"Pender","state":"North Carolina","marketIds":["Wilmington"],"situsAddress":"COYOTE RUN","situsCity":null,"situsZip":null,"jurisdictionCode":"PND","ownerName":"DCL ENTERPRISES PROPERTY HOLDINGS LLC","ownerName2":null,"propertyName":null,"zoningCode":"RA","zoningDistrict":"Rural Agricultural","jurisdictionPrefix":"PND","dorCode":null,"acreage":103.1,"centroid":[-77.721971,34.60212],"lastSale":{"date":"2018-03-27","price":185000.0,"qualified":null},"tax":{"marketValue":167625.0,"assessedValue":null,"taxableValue":null,"taxes":null},"mailingAddress":{"line1":"20 SALISBURY ST E","line2":null,"city":"WRIGHTSVILLE BEACH","state":"NC","zip":"28480"},"incomeTract":null,"incomeBlockGroup":null,"nearestRoad":null,"flu":{"code":"Rural Agricultural","label":"Rural Agricultural","jurisdiction":"Pender County","source":"https://gis.pendercountync.gov/arcgis/rest/services/LayersPro/MapServer/35"},"opportunityZone":null,"oz2Eligibility":{"eligible":true,"rural":true,"tractGeoid":"37141920204","tractName":"Census Tract 9202.04","designation":"eligible-for-nomination"},"source":"nc-pender-energov-37141","appraiserUrl":"https://mss.pendercountync.gov/css/citizens/RealEstate/Default.aspx?mode=new"},"geometry":{"type":"Polygon","coordinates":[[[-77.718006,34.602882],[-77.71801,34.602882],[-77.728356,34.605211],[-77.727441,34.60087],[-77.718043,34.598755],[-77.718006,34.602882]]]}},{"type":"Feature","id":"37141:4300-28-7814-0000","properties":{"id":"37141:4300-28-7814-0000","parcelId":"4300-28-7814-0000","countyFips":"37141","countyName":"Pender","state":"North Carolina","marketIds":["Wilmington"],"situsAddress":null,"situsCity":null,"situsZip":null,"jurisdictionCode":"PND","ownerName":"NATURE CONSERVANCY","ownerName2":null,"propertyName":null,"zoningCode":"EC","zoningDistrict":"Environmental Conservation","jurisdictionPrefix":"PND","dorCode":null,"acreage":101.46,"centroid":[-77.661045,34.591358],"lastSale":{"date":"2008-01-29","price":530000.0,"qualified":null},"tax":{"marketValue":177555.0,"assessedValue":null,"taxableValue":null,"taxes":null},"mailingAddress":{"line1":"334 BLACKWELL ST, STE 300","line2":null,"city":"DURHAM","state":"NC","zip":"27701"},"incomeTract":null,"incomeBlockGroup":null,"nearestRoad":null,"flu":{"code":"Conservation","label":"Conservation","jurisdiction":"Pender County","source":"https://gis.pendercountync.gov/arcgis/rest/services/LayersPro/MapServer/35"},"opportunityZone":null,"oz2Eligibility":{"eligible":true,"rural":true,"tractGeoid":"37141920204","tractName":"Census Tract 9202.04","designation":"eligible-for-nomination"},"source":"nc-pender-energov-37141","appraiserUrl":"https://mss.pendercountync.gov/css/citizens/RealEstate/Default.aspx?mode=new"},"geometry":{"type":"Polygon","coordinates":[[[-77.659031,34.594917],[-77.659191,34.594894],[-77.66213,34.594477],[-77.667114,34.591429],[-77.659669,34.586592],[-77.659137,34.585837],[-77.659031,34.594917]]]}},{"type":"Feature","id":"37141:3394-05-2534-0000","properties":{"id":"37141:3394-05-2534-0000","parcelId":"3394-05-2534-0000","countyFips":"37141","countyName":"Pender","state":"North Carolina","marketIds":["Wilmington"],"situsAddress":null,"situsCity":null,"situsZip":null,"jurisdictionCode":"PND","ownerName":"MOBLEY, ANTHONY B","ownerName2":null,"propertyName":null,"zoningCode":"RA","zoningDistrict":"Rural Agricultural","jurisdictionPrefix":"PND","dorCode":null,"acreage":100.84,"centroid":[-77.704245,34.69246],"lastSale":{"date":"2020-02-26","price":875000.0,"qualified":null},"tax":{"marketValue":192260.0,"assessedValue":null,"taxableValue":null,"taxes":null},"mailingAddress":{"line1":"298 HENRY DUNN PICKETT ROAD","line2":null,"city":"BEULAVILLE","state":"NC","zip":"28518"},"incomeTract":null,"incomeBlockGroup":null,"nearestRoad":null,"flu":{"code":"Rural Agricultural","label":"Rural Agricultural","jurisdiction":"Pender County","source":"https://gis.pendercountync.gov/arcgis/rest/services/LayersPro/MapServer/35"},"opportunityZone":null,"oz2Eligibility":{"eligible":true,"rural":true,"tractGeoid":"37141920204","tractName":"Census Tract 9202.04","designation":"eligible-for-nomination"},"source":"nc-pender-energov-37141","appraiserUrl":"https://mss.pendercountync.gov/css/citizens/RealEstate/Default.aspx?mode=new"},"geometry":{"type":"Polygon","coordinates":[[[-77.710002,34.690688],[-77.703244,34.687954],[-77.698413,34.6938],[-77.701881,34.69494],[-77.703044,34.694571],[-77.705129,34.692106],[-77.708002,34.693158],[-77.710002,34.690688]]]}},{"type":"Feature","id":"37141:3371-96-2884-0000","properties":{"id":"37141:3371-96-2884-0000","parcelId":"3371-96-2884-0000","countyFips":"37141","countyName":"Pender","state":"North Carolina","marketIds":["Wilmington"],"situsAddress":null,"situsCity":null,"situsZip":null,"jurisdictionCode":"PND","ownerName":"SHELTER CREEK DUCK LLC","ownerName2":null,"propertyName":null,"zoningCode":"RA","zoningDistrict":"Rural Agricultural","jurisdictionPrefix":"PND","dorCode":null,"acreage":100.8,"centroid":[-77.737625,34.614201],"lastSale":{"date":"2006-08-25","price":100000.0,"qualified":null},"tax":{"marketValue":6083.0,"assessedValue":null,"taxableValue":null,"taxes":null},"mailingAddress":{"line1":"PO BOX 10189","line2":null,"city":"WILMINGTON","state":"NC","zip":"28404"},"incomeTract":null,"incomeBlockGroup":null,"nearestRoad":null,"flu":{"code":"Rural Agricultural","label":"Rural Agricultural","jurisdiction":"Pender County","source":"https://gis.pendercountync.gov/arcgis/rest/services/LayersPro/MapServer/35"},"opportunityZone":null,"oz2Eligibility":{"eligible":true,"rural":true,"tractGeoid":"37141920204","tractName":"Census Tract 9202.04","designation":"eligible-for-nomination"},"source":"nc-pender-energov-37141","appraiserUrl":"https://mss.pendercountync.gov/css/citizens/RealEstate/Default.aspx?mode=new"},"geometry":{"type":"Polygon","coordinates":[[[-77.734379,34.615209],[-77.735499,34.616503],[-77.73727,34.615411],[-77.745174,34.615972],[-77.741412,34.613141],[-77.737333,34.610021],[-77.732311,34.613153],[-77.734379,34.615209]]]}},{"type":"Feature","id":"37141:3381-41-3104-0000","properties":{"id":"37141:3381-41-3104-0000","parcelId":"3381-41-3104-0000","countyFips":"37141","countyName":"Pender","state":"North Carolina","marketIds":["Wilmington"],"situsAddress":null,"situsCity":null,"situsZip":null,"jurisdictionCode":"PND","ownerName":"GILLESPIE, JAMES B JR","ownerName2":null,"propertyName":null,"zoningCode":"RA","zoningDistrict":"Rural Agricultural","jurisdictionPrefix":"PND","dorCode":null,"acreage":100.7,"centroid":[-77.721364,34.597085],"lastSale":{"date":null,"price":null,"qualified":null},"tax":{"marketValue":21737.0,"assessedValue":null,"taxableValue":null,"taxes":null},"mailingAddress":{"line1":"PO BOX 3","line2":null,"city":"MAPLE HILL","state":"NC","zip":"28454"},"incomeTract":null,"incomeBlockGroup":null,"nearestRoad":null,"flu":{"code":"Rural Agricultural","label":"Rural Agricultural","jurisdiction":"Pender County","source":"https://gis.pendercountync.gov/arcgis/rest/services/LayersPro/MapServer/35"},"opportunityZone":null,"oz2Eligibility":{"eligible":true,"rural":true,"tractGeoid":"37141920204","tractName":"Census Tract 9202.04","designation":"eligible-for-nomination"},"source":"nc-pender-energov-37141","appraiserUrl":"https://mss.pendercountync.gov/css/citizens/RealEstate/Default.aspx?mode=new"},"geometry":{"type":"Polygon","coordinates":[[[-77.718056,34.597231],[-77.718051,34.597236],[-77.718043,34.598755],[-77.727441,34.60087],[-77.726319,34.595549],[-77.722204,34.594241],[-77.719436,34.59571],[-77.718056,34.597231]]]}},{"type":"Feature","id":"37141:3385-11-3676-0000","properties":{"id":"37141:3385-11-3676-0000","parcelId":"3385-11-3676-0000","countyFips":"37141","countyName":"Pender","state":"North Carolina","marketIds":["Wilmington"],"situsAddress":"50 HWY & MURPHY HANOUR RD","situsCity":null,"situsZip":null,"jurisdictionCode":"PND","ownerName":"COWAN, WILLIAM ISAAC","ownerName2":null,"propertyName":null,"zoningCode":"RA","zoningDistrict":"Rural Agricultural","jurisdictionPrefix":"PND","dorCode":null,"acreage":100.0,"centroid":[-77.731919,34.708358],"lastSale":{"date":"2006-09-21","price":null,"qualified":null},"tax":{"marketValue":36225.0,"assessedValue":null,"taxableValue":null,"taxes":null},"mailingAddress":{"line1":"C/O VICKI C BELL","line2":null,"city":"LUMBERTON","state":"NC","zip":"28358"},"incomeTract":null,"incomeBlockGroup":null,"nearestRoad":null,"flu":{"code":"Rural Agricultural","label":"Rural Agricultural","jurisdiction":"Pender County","source":"https://gis.pendercountync.gov/arcgis/rest/services/LayersPro/MapServer/35"},"opportunityZone":null,"oz2Eligibility":{"eligible":true,"rural":true,"tractGeoid":"37141920204","tractName":"Census Tract 9202.04","designation":"eligible-for-nomination"},"source":"nc-pender-energov-37141","appraiserUrl":"https://mss.pendercountync.gov/css/citizens/RealEstate/Default.aspx?mode=new"},"geometry":{"type":"MultiPolygon","coordinates":[[[[-77.725687,34.709224],[-77.726285,34.709485],[-77.726392,34.710315],[-77.734509,34.712568],[-77.73434,34.712359],[-77.734235,34.711714],[-77.734374,34.711383],[-77.734021,34.710821],[-77.734144,34.709907],[-77.734601,34.709501],[-77.734693,34.709304],[-77.734911,34.709313],[-77.735131,34.709291],[-77.735178,34.708961],[-77.734886,34.708493],[-77.73536,34.708494],[-77.735693,34.708141],[-77.735775,34.708167],[-77.735951,34.707863],[-77.736192,34.707931],[-77.736457,34.707712],[-77.736633,34.707885],[-77.736718,34.707933],[-77.73683,34.707899],[-77.736611,34.70752],[-77.736424,34.707241],[-77.724303,34.703855],[-77.724557,34.704411],[-77.725148,34.704832],[-77.725468,34.705258],[-77.725626,34.70621],[-77.726711,34.706698],[-77.726758,34.707024],[-77.726231,34.707278],[-77.726026,34.707895],[-77.726241,34.708017],[-77.725687,34.709224]]],[[[-77.736945,34.707706],[-77.736979,34.707764],[-77.737007,34.707811],[-77.737115,34.707724],[-77.737223,34.707685],[-77.737428,34.707694],[-77.737606,34.707585],[-77.736718,34.707323],[-77.736945,34.707706]]]]}},{"type":"Feature","id":"37141:3373-99-1466-0000","properties":{"id":"37141:3373-99-1466-0000","parcelId":"3373-99-1466-0000","countyFips":"37141","countyName":"Pender","state":"North Carolina","marketIds":["Wilmington"],"situsAddress":"50 HWY OFF","situsCity":null,"situsZip":null,"jurisdictionCode":"PND","ownerName":"WOOTEN, ALFRED","ownerName2":null,"propertyName":null,"zoningCode":"RA","zoningDistrict":"Rural Agricultural","jurisdictionPrefix":"PND","dorCode":null,"acreage":100.0,"centroid":[-77.737472,34.675767],"lastSale":{"date":"2016-09-14","price":80000.0,"qualified":null},"tax":{"marketValue":34567.0,"assessedValue":null,"taxableValue":null,"taxes":null},"mailingAddress":{"line1":"PO BOX 1548","line2":null,"city":"BURGAW","state":"NC","zip":"28425"},"incomeTract":null,"incomeBlockGroup":null,"nearestRoad":null,"flu":{"code":"Rural Agricultural","label":"Rural Agricultural","jurisdiction":"Pender County","source":"https://gis.pendercountync.gov/arcgis/rest/services/LayersPro/MapServer/35"},"opportunityZone":null,"oz2Eligibility":{"eligible":true,"rural":true,"tractGeoid":"37141920204","tractName":"Census Tract 9202.04","designation":"eligible-for-nomination"},"source":"nc-pender-energov-37141","appraiserUrl":"https://mss.pendercountync.gov/css/citizens/RealEstate/Default.aspx?mode=new"},"geometry":{"type":"Polygon","coordinates":[[[-77.736097,34.673372],[-77.734332,34.67435],[-77.734295,34.67437],[-77.73605,34.676364],[-77.739084,34.679915],[-77.743985,34.6799],[-77.738463,34.672095],[-77.736097,34.673372]]]}},{"type":"Feature","id":"37141:3384-28-1664-0000","properties":{"id":"37141:3384-28-1664-0000","parcelId":"3384-28-1664-0000","countyFips":"37141","countyName":"Pender","state":"North Carolina","marketIds":["Wilmington"],"situsAddress":"50 HWY","situsCity":null,"situsZip":null,"jurisdictionCode":"PND","ownerName":"LEE, EVANGLENE N","ownerName2":null,"propertyName":null,"zoningCode":"RA","zoningDistrict":"Rural Agricultural","jurisdictionPrefix":"PND","dorCode":null,"acreage":100.0,"centroid":[-77.734536,34.700787],"lastSale":{"date":"2002-12-10","price":null,"qualified":null},"tax":{"marketValue":23111.0,"assessedValue":null,"taxableValue":null,"taxes":null},"mailingAddress":{"line1":"7482 NC HWY 50 S","line2":null,"city":"BENSON","state":"NC","zip":"27504"},"incomeTract":null,"incomeBlockGroup":null,"nearestRoad":null,"flu":{"code":"Rural Agricultural","label":"Rural Agricultural","jurisdiction":"Pender County","source":"https://gis.pendercountync.gov/arcgis/rest/services/LayersPro/MapServer/35"},"opportunityZone":null,"oz2Eligibility":{"eligible":true,"rural":true,"tractGeoid":"37141920204","tractName":"Census Tract 9202.04","designation":"eligible-for-nomination"},"source":"nc-pender-energov-37141","appraiserUrl":"https://mss.pendercountync.gov/css/citizens/RealEstate/Default.aspx?mode=new"},"geometry":{"type":"MultiPolygon","coordinates":[[[[-77.729444,34.698519],[-77.72958,34.699039],[-77.729725,34.699389],[-77.730063,34.700032],[-77.730438,34.70056],[-77.731637,34.702109],[-77.737306,34.703266],[-77.737769,34.702933],[-77.737526,34.702215],[-77.73818,34.701881],[-77.738037,34.701578],[-77.7385,34.701318],[-77.738635,34.700876],[-77.738068,34.700489],[-77.738305,34.700222],[-77.729362,34.698174],[-77.729444,34.698519]]],[[[-77.725433,34.697549],[-77.725441,34.697659],[-77.725518,34.698133],[-77.725392,34.698271],[-77.725287,34.698841],[-77.724675,34.699277],[-77.724691,34.699577],[-77.724537,34.699734],[-77.72442,34.699746],[-77.724181,34.699835],[-77.724058,34.699922],[-77.724067,34.700047],[-77.72397,34.700166],[-77.723848,34.700228],[-77.723737,34.700495],[-77.731358,34.702051],[-77.730102,34.700426],[-77.729859,34.700074],[-77.729571,34.699518],[-77.729392,34.6991],[-77.729145,34.698119],[-77.725381,34.697221],[-77.725433,34.697549]]]]}},{"type":"Feature","id":"37141:3381-14-2436-0000","properties":{"id":"37141:3381-14-2436-0000","parcelId":"3381-14-2436-0000","countyFips":"37141","countyName":"Pender","state":"North Carolina","marketIds":["Wilmington"],"situsAddress":null,"situsCity":null,"situsZip":null,"jurisdictionCode":"PND","ownerName":"VILLARREAL, LAURO G II ET AL","ownerName2":null,"propertyName":null,"zoningCode":"RA","zoningDistrict":"Rural Agricultural","jurisdictionPrefix":"PND","dorCode":null,"acreage":98.9,"centroid":[-77.732551,34.606861],"lastSale":{"date":"2012-12-27","price":null,"qualified":null},"tax":{"marketValue":162375.0,"assessedValue":null,"taxableValue":null,"taxes":null},"mailingAddress":{"line1":"PO BOX 1038","line2":null,"city":"HAMPSTEAD","state":"NC","zip":"28443"},"incomeTract":null,"incomeBlockGroup":null,"nearestRoad":null,"flu":{"code":"Rural Agricultural","label":"Rural Agricultural","jurisdiction":"Pender County","source":"https://gis.pendercountync.gov/arcgis/rest/services/LayersPro/MapServer/35"},"opportunityZone":null,"oz2Eligibility":{"eligible":true,"rural":true,"tractGeoid":"37141920204","tractName":"Census Tract 9202.04","designation":"eligible-for-nomination"},"source":"nc-pender-energov-37141","appraiserUrl":"https://mss.pendercountync.gov/css/citizens/RealEstate/Default.aspx?mode=new"},"geometry":{"type":"Polygon","coordinates":[[[-77.728472,34.605462],[-77.72841,34.605466],[-77.729043,34.608469],[-77.737333,34.610021],[-77.739496,34.604888],[-77.728472,34.605462]]]}},{"type":"Feature","id":"37141:3381-57-5478-0000","properties":{"id":"37141:3381-57-5478-0000","parcelId":"3381-57-5478-0000","countyFips":"37141","countyName":"Pender","state":"North Carolina","marketIds":["Wilmington"],"situsAddress":null,"situsCity":null,"situsZip":null,"jurisdictionCode":"PND","ownerName":"DCL ENTERPRISES PROPERTY HOLDINGS LLC","ownerName2":null,"propertyName":null,"zoningCode":"RA","zoningDistrict":"Rural Agricultural","jurisdictionPrefix":"PND","dorCode":null,"acreage":98.6,"centroid":[-77.718059,34.61264],"lastSale":{"date":"2026-02-18","price":355000.0,"qualified":null},"tax":{"marketValue":162000.0,"assessedValue":null,"taxableValue":null,"taxes":null},"mailingAddress":{"line1":"20 SALISBURY ST E","line2":null,"city":"WRIGHTSVILLE BEACH","state":"NC","zip":"28480"},"incomeTract":null,"incomeBlockGroup":null,"nearestRoad":null,"flu":{"code":"Rural Agricultural","label":"Rural Agricultural","jurisdiction":"Pender County","source":"https://gis.pendercountync.gov/arcgis/rest/services/LayersPro/MapServer/35"},"opportunityZone":null,"oz2Eligibility":{"eligible":true,"rural":true,"tractGeoid":"37141920204","tractName":"Census Tract 9202.04","designation":"eligible-for-nomination"},"source":"nc-pender-energov-37141","appraiserUrl":"https://mss.pendercountync.gov/css/citizens/RealEstate/Default.aspx?mode=new"},"geometry":{"type":"Polygon","coordinates":[[[-77.717382,34.61024],[-77.717259,34.611019],[-77.717078,34.611408],[-77.716748,34.61259],[-77.71605,34.61361],[-77.71635,34.619152],[-77.720799,34.619136],[-77.721154,34.610742],[-77.719749,34.610495],[-77.71869,34.610454],[-77.717387,34.610198],[-77.717382,34.61024]]]}},{"type":"Feature","id":"37141:3381-21-1805-0000","properties":{"id":"37141:3381-21-1805-0000","parcelId":"3381-21-1805-0000","countyFips":"37141","countyName":"Pender","state":"North Carolina","marketIds":["Wilmington"],"situsAddress":null,"situsCity":null,"situsZip":null,"jurisdictionCode":"PND","ownerName":"PIGFORD FAMILY FARMS LLC","ownerName2":null,"propertyName":null,"zoningCode":"RA","zoningDistrict":"Rural Agricultural","jurisdictionPrefix":"PND","dorCode":null,"acreage":98.48,"centroid":[-77.729807,34.598829],"lastSale":{"date":"2024-02-01","price":400000.0,"qualified":null},"tax":{"marketValue":74670.0,"assessedValue":null,"taxableValue":null,"taxes":null},"mailingAddress":{"line1":"1420 EASTWOOD RD","line2":null,"city":"WILMINGTON","state":"NC","zip":"28403"},"incomeTract":null,"incomeBlockGroup":null,"nearestRoad":null,"flu":{"code":"Rural Agricultural","label":"Rural Agricultural","jurisdiction":"Pender County","source":"https://gis.pendercountync.gov/arcgis/rest/services/LayersPro/MapServer/35"},"opportunityZone":null,"oz2Eligibility":{"eligible":true,"rural":true,"tractGeoid":"37141920204","tractName":"Census Tract 9202.04","designation":"eligible-for-nomination"},"source":"nc-pender-energov-37141","appraiserUrl":"https://mss.pendercountync.gov/css/citizens/RealEstate/Default.aspx?mode=new"},"geometry":{"type":"Polygon","coordinates":[[[-77.726323,34.59557],[-77.727371,34.600539],[-77.727907,34.603083],[-77.736321,34.600012],[-77.734603,34.598223],[-77.726319,34.595549],[-77.726323,34.59557]]]}},{"type":"Feature","id":"37141:3381-47-0411-0000","properties":{"id":"37141:3381-47-0411-0000","parcelId":"3381-47-0411-0000","countyFips":"37141","countyName":"Pender","state":"North Carolina","marketIds":["Wilmington"],"situsAddress":null,"situsCity":null,"situsZip":null,"jurisdictionCode":"PND","ownerName":"SPAINHOUR, OLIVER LAMON","ownerName2":null,"propertyName":null,"zoningCode":"RA","zoningDistrict":"Rural Agricultural","jurisdictionPrefix":"PND","dorCode":null,"acreage":95.9,"centroid":[-77.725337,34.614497],"lastSale":{"date":"2005-11-23","price":122000.0,"qualified":null},"tax":{"marketValue":158625.0,"assessedValue":null,"taxableValue":null,"taxes":null},"mailingAddress":{"line1":"115 SEASIDE LN","line2":null,"city":"WRIGHTSVILLE BEACH","state":"NC","zip":"28480"},"incomeTract":null,"incomeBlockGroup":null,"nearestRoad":null,"flu":{"code":"Rural Agricultural","label":"Rural Agricultural","jurisdiction":"Pender County","source":"https://gis.pendercountync.gov/arcgis/rest/services/LayersPro/MapServer/35"},"opportunityZone":null,"oz2Eligibility":{"eligible":true,"rural":true,"tractGeoid":"37141920204","tractName":"Census Tract 9202.04","designation":"eligible-for-nomination"},"source":"nc-pender-energov-37141","appraiserUrl":"https://mss.pendercountync.gov/css/citizens/RealEstate/Default.aspx?mode=new"},"geometry":{"type":"Polygon","coordinates":[[[-77.721148,34.610888],[-77.720799,34.619136],[-77.726988,34.616837],[-77.726132,34.615368],[-77.72712,34.614975],[-77.729214,34.615143],[-77.728982,34.614611],[-77.726493,34.612777],[-77.721154,34.610742],[-77.721148,34.610888]]]}},{"type":"Feature","id":"37141:3383-51-1402-0000","properties":{"id":"37141:3383-51-1402-0000","parcelId":"3383-51-1402-0000","countyFips":"37141","countyName":"Pender","state":"North Carolina","marketIds":["Wilmington"],"situsAddress":null,"situsCity":null,"situsZip":null,"jurisdictionCode":"PND","ownerName":"DIXON, FRANK LEE","ownerName2":null,"propertyName":null,"zoningCode":"RA","zoningDistrict":"Rural Agricultural","jurisdictionPrefix":"PND","dorCode":null,"acreage":95.68,"centroid":[-77.718627,34.651057],"lastSale":{"date":"1986-07-18","price":null,"qualified":null},"tax":{"marketValue":150545.0,"assessedValue":null,"taxableValue":null,"taxes":null},"mailingAddress":{"line1":"1434 OLD MAPLE HILL RD","line2":null,"city":"MAPLE HILL","state":"NC","zip":"28454"},"incomeTract":null,"incomeBlockGroup":null,"nearestRoad":null,"flu":{"code":"Rural Agricultural","label":"Rural Agricultural","jurisdiction":"Pender County","source":"https://gis.pendercountync.gov/arcgis/rest/services/LayersPro/MapServer/35"},"opportunityZone":null,"oz2Eligibility":{"eligible":true,"rural":true,"tractGeoid":"37141920204","tractName":"Census Tract 9202.04","designation":"eligible-for-nomination"},"source":"nc-pender-energov-37141","appraiserUrl":"https://mss.pendercountync.gov/css/citizens/RealEstate/Default.aspx?mode=new"},"geometry":{"type":"Polygon","coordinates":[[[-77.714803,34.653868],[-77.721695,34.65717],[-77.724739,34.654517],[-77.719883,34.651568],[-77.721349,34.649837],[-77.717307,34.646407],[-77.716877,34.646821],[-77.715966,34.647857],[-77.719162,34.649774],[-77.717874,34.651883],[-77.717438,34.651628],[-77.716428,34.651359],[-77.714803,34.653868]]]}},{"type":"Feature","id":"37141:3383-44-9542-0000","properties":{"id":"37141:3383-44-9542-0000","parcelId":"3383-44-9542-0000","countyFips":"37141","countyName":"Pender","state":"North Carolina","marketIds":["Wilmington"],"situsAddress":"53 HWY","situsCity":null,"situsZip":null,"jurisdictionCode":"PND","ownerName":"JEAT PROPERTIES LLC","ownerName2":null,"propertyName":null,"zoningCode":"RA","zoningDistrict":"Rural Agricultural","jurisdictionPrefix":"PND","dorCode":null,"acreage":95.38,"centroid":[-77.718804,34.663019],"lastSale":{"date":"2014-11-14","price":null,"qualified":null},"tax":{"marketValue":82027.0,"assessedValue":null,"taxableValue":null,"taxes":null},"mailingAddress":{"line1":"2213 WASHINGTON ACRES DR","line2":null,"city":"HAMPSTEAD","state":"NC","zip":"28443"},"incomeTract":null,"incomeBlockGroup":null,"nearestRoad":null,"flu":{"code":"Rural Agricultural","label":"Rural Agricultural","jurisdiction":"Pender County","source":"https://gis.pendercountync.gov/arcgis/rest/services/LayersPro/MapServer/35"},"opportunityZone":null,"oz2Eligibility":{"eligible":true,"rural":true,"tractGeoid":"37141920204","tractName":"Census Tract 9202.04","designation":"eligible-for-nomination"},"source":"nc-pender-energov-37141","appraiserUrl":"https://mss.pendercountync.gov/css/citizens/RealEstate/Default.aspx?mode=new"},"geometry":{"type":"Polygon","coordinates":[[[-77.718502,34.65999],[-77.717553,34.661124],[-77.716911,34.661858],[-77.714744,34.664466],[-77.718218,34.667171],[-77.719319,34.666215],[-77.720835,34.664847],[-77.723605,34.662437],[-77.71955,34.659063],[-77.718502,34.65999]]]}},{"type":"Feature","id":"37141:3373-88-0716-0000","properties":{"id":"37141:3373-88-0716-0000","parcelId":"3373-88-0716-0000","countyFips":"37141","countyName":"Pender","state":"North Carolina","marketIds":["Wilmington"],"situsAddress":"50 HWY OFF","situsCity":null,"situsZip":null,"jurisdictionCode":"PND","ownerName":"WOOTEN, ALFRED K","ownerName2":null,"propertyName":null,"zoningCode":"RA","zoningDistrict":"Rural Agricultural","jurisdictionPrefix":"PND","dorCode":null,"acreage":94.0,"centroid":[-77.742707,34.674047],"lastSale":{"date":"2024-03-26","price":null,"qualified":null},"tax":{"marketValue":7036.0,"assessedValue":null,"taxableValue":null,"taxes":null},"mailingAddress":{"line1":"PO BOX 1548","line2":null,"city":"BURGAW","state":"NC","zip":"28425"},"incomeTract":null,"incomeBlockGroup":null,"nearestRoad":null,"flu":{"code":"Rural Agricultural","label":"Rural Agricultural","jurisdiction":"Pender County","source":"https://gis.pendercountync.gov/arcgis/rest/services/LayersPro/MapServer/35"},"opportunityZone":null,"oz2Eligibility":{"eligible":true,"rural":true,"tractGeoid":"37141920204","tractName":"Census Tract 9202.04","designation":"eligible-for-nomination"},"source":"nc-pender-energov-37141","appraiserUrl":"https://mss.pendercountync.gov/css/citizens/RealEstate/Default.aspx?mode=new"},"geometry":{"type":"Polygon","coordinates":[[[-77.738463,34.672095],[-77.742378,34.677627],[-77.743985,34.6799],[-77.745594,34.671213],[-77.743113,34.6694],[-77.738463,34.672095]]]}},{"type":"Feature","id":"37141:3384-79-2948-0000","properties":{"id":"37141:3384-79-2948-0000","parcelId":"3384-79-2948-0000","countyFips":"37141","countyName":"Pender","state":"North Carolina","marketIds":["Wilmington"],"situsAddress":"CYPRESS CREEK RD","situsCity":null,"situsZip":null,"jurisdictionCode":"PND","ownerName":"HUNTER, MAMIE T","ownerName2":null,"propertyName":null,"zoningCode":"RA","zoningDistrict":"Rural Agricultural","jurisdictionPrefix":"PND","dorCode":null,"acreage":93.59,"centroid":[-77.712195,34.702994],"lastSale":{"date":"2020-10-27","price":null,"qualified":null},"tax":{"marketValue":123135.0,"assessedValue":null,"taxableValue":null,"taxes":null},"mailingAddress":{"line1":"853 CYPRESS CREEK ROAD","line2":null,"city":"WALLACE","state":"NC","zip":"28466"},"incomeTract":null,"incomeBlockGroup":null,"nearestRoad":null,"flu":{"code":"Rural Agricultural","label":"Rural Agricultural","jurisdiction":"Pender County","source":"https://gis.pendercountync.gov/arcgis/rest/services/LayersPro/MapServer/35"},"opportunityZone":null,"oz2Eligibility":{"eligible":true,"rural":true,"tractGeoid":"37141920204","tractName":"Census Tract 9202.04","designation":"eligible-for-nomination"},"source":"nc-pender-energov-37141","appraiserUrl":"https://mss.pendercountync.gov/css/citizens/RealEstate/Default.aspx?mode=new"},"geometry":{"type":"Polygon","coordinates":[[[-77.710815,34.702784],[-77.710814,34.702786],[-77.707834,34.708714],[-77.709863,34.708761],[-77.716771,34.702389],[-77.719877,34.703504],[-77.720083,34.703979],[-77.720247,34.704049],[-77.720576,34.704089],[-77.720886,34.704188],[-77.721075,34.704076],[-77.721335,34.704028],[-77.721428,34.703858],[-77.721739,34.703674],[-77.722047,34.703648],[-77.722238,34.703528],[-77.722321,34.703369],[-77.713736,34.700315],[-77.712927,34.70106],[-77.710815,34.702784]]]}},{"type":"Feature","id":"37141:3371-98-3242-0000","properties":{"id":"37141:3371-98-3242-0000","parcelId":"3371-98-3242-0000","countyFips":"37141","countyName":"Pender","state":"North Carolina","marketIds":["Wilmington"],"situsAddress":null,"situsCity":null,"situsZip":null,"jurisdictionCode":"PND","ownerName":"POWERS, JAMES KINCHEN","ownerName2":null,"propertyName":null,"zoningCode":"RA","zoningDistrict":"Rural Agricultural","jurisdictionPrefix":"PND","dorCode":null,"acreage":93.24,"centroid":[-77.742471,34.617861],"lastSale":{"date":"2013-08-26","price":null,"qualified":null},"tax":{"marketValue":11749.0,"assessedValue":null,"taxableValue":null,"taxes":null},"mailingAddress":{"line1":"3006 HILLMAN RD","line2":null,"city":"KINSTON","state":"NC","zip":"28504"},"incomeTract":null,"incomeBlockGroup":null,"nearestRoad":null,"flu":{"code":"Rural Agricultural","label":"Rural Agricultural","jurisdiction":"Pender County","source":"https://gis.pendercountync.gov/arcgis/rest/services/LayersPro/MapServer/35"},"opportunityZone":null,"oz2Eligibility":{"eligible":true,"rural":true,"tractGeoid":"37141920204","tractName":"Census Tract 9202.04","designation":"eligible-for-nomination"},"source":"nc-pender-energov-37141","appraiserUrl":"https://mss.pendercountync.gov/css/citizens/RealEstate/Default.aspx?mode=new"},"geometry":{"type":"MultiPolygon","coordinates":[[[[-77.732234,34.618514],[-77.732266,34.618539],[-77.735276,34.620756],[-77.737348,34.620674],[-77.738508,34.618107],[-77.739361,34.617695],[-77.74229,34.61804],[-77.742702,34.617777],[-77.742989,34.617624],[-77.743255,34.617517],[-77.743573,34.617426],[-77.744041,34.617333],[-77.744457,34.617286],[-77.74498,34.61727],[-77.745356,34.617297],[-77.74571,34.617354],[-77.745989,34.617424],[-77.746285,34.617529],[-77.746574,34.617663],[-77.746963,34.617915],[-77.747997,34.618711],[-77.748704,34.618823],[-77.745174,34.615972],[-77.73727,34.615411],[-77.732234,34.618514]]],[[[-77.744807,34.61744],[-77.744771,34.61744],[-77.744136,34.617496],[-77.743491,34.617626],[-77.743057,34.617787],[-77.742574,34.618073],[-77.747638,34.618668],[-77.746841,34.618049],[-77.74654,34.617851],[-77.746301,34.617726],[-77.745967,34.617612],[-77.745618,34.617526],[-77.745194,34.617462],[-77.744807,34.61744]]]]}},{"type":"Feature","id":"37141:3383-40-1811-0000","properties":{"id":"37141:3383-40-1811-0000","parcelId":"3383-40-1811-0000","countyFips":"37141","countyName":"Pender","state":"North Carolina","marketIds":["Wilmington"],"situsAddress":"1290 OLD MAPLE HILL RD","situsCity":null,"situsZip":null,"jurisdictionCode":"PND","ownerName":"SHEPARD, BARRY DAVID","ownerName2":null,"propertyName":null,"zoningCode":"RA","zoningDistrict":"Rural Agricultural","jurisdictionPrefix":"PND","dorCode":null,"acreage":92.82,"centroid":[-77.714623,34.653148],"lastSale":{"date":"2007-02-13","price":183500.0,"qualified":null},"tax":{"marketValue":81268.0,"assessedValue":null,"taxableValue":null,"taxes":null},"mailingAddress":{"line1":"109 WINDMILL LANE","line2":null,"city":"JACKSONVILLE","state":"NC","zip":"28540"},"incomeTract":null,"incomeBlockGroup":null,"nearestRoad":null,"flu":{"code":"Rural Agricultural","label":"Rural Agricultural","jurisdiction":"Pender County","source":"https://gis.pendercountync.gov/arcgis/rest/services/LayersPro/MapServer/35"},"opportunityZone":null,"oz2Eligibility":{"eligible":true,"rural":true,"tractGeoid":"37141920204","tractName":"Census Tract 9202.04","designation":"eligible-for-nomination"},"source":"nc-pender-energov-37141","appraiserUrl":"https://mss.pendercountync.gov/css/citizens/RealEstate/Default.aspx?mode=new"},"geometry":{"type":"Polygon","coordinates":[[[-77.712887,34.651361],[-77.712672,34.651604],[-77.710298,34.654313],[-77.71511,34.656602],[-77.718502,34.65999],[-77.721701,34.657172],[-77.714803,34.653868],[-77.716428,34.651359],[-77.713662,34.650478],[-77.713283,34.650911],[-77.713798,34.651085],[-77.713743,34.651189],[-77.713208,34.650997],[-77.712887,34.651361]]]}},{"type":"Feature","id":"37141:3382-11-4202-0000","properties":{"id":"37141:3382-11-4202-0000","parcelId":"3382-11-4202-0000","countyFips":"37141","countyName":"Pender","state":"North Carolina","marketIds":["Wilmington"],"situsAddress":"GODWIN RD","situsCity":null,"situsZip":null,"jurisdictionCode":"PND","ownerName":"'LONG SHOT''S HUNTING CLUB LLC'","ownerName2":null,"propertyName":null,"zoningCode":"RA","zoningDistrict":"Rural Agricultural","jurisdictionPrefix":"PND","dorCode":null,"acreage":91.0,"centroid":[-77.733399,34.624427],"lastSale":{"date":"2019-08-19","price":270000.0,"qualified":null},"tax":{"marketValue":222310.0,"assessedValue":null,"taxableValue":null,"taxes":null},"mailingAddress":{"line1":"1516 MARSH COVE LAND","line2":null,"city":"WILMINGTON","state":"NC","zip":"28409"},"incomeTract":null,"incomeBlockGroup":null,"nearestRoad":null,"flu":{"code":"Rural Agricultural","label":"Rural Agricultural","jurisdiction":"Pender County","source":"https://gis.pendercountync.gov/arcgis/rest/services/LayersPro/MapServer/35"},"opportunityZone":null,"oz2Eligibility":{"eligible":true,"rural":true,"tractGeoid":"37141920204","tractName":"Census Tract 9202.04","designation":"eligible-for-nomination"},"source":"nc-pender-energov-37141","appraiserUrl":"https://mss.pendercountync.gov/css/citizens/RealEstate/Default.aspx?mode=new"},"geometry":{"type":"Polygon","coordinates":[[[-77.731954,34.620079],[-77.729838,34.620708],[-77.73032,34.628578],[-77.734241,34.629585],[-77.734466,34.62784],[-77.734742,34.625928],[-77.734822,34.625674],[-77.734986,34.625393],[-77.735094,34.625237],[-77.735389,34.624946],[-77.733746,34.622567],[-77.732558,34.620963],[-77.732037,34.620054],[-77.731954,34.620079]]]}},{"type":"Feature","id":"37141:3383-18-6962-0000","properties":{"id":"37141:3383-18-6962-0000","parcelId":"3383-18-6962-0000","countyFips":"37141","countyName":"Pender","state":"North Carolina","marketIds":["Wilmington"],"situsAddress":"50 HWY OFF","situsCity":null,"situsZip":null,"jurisdictionCode":"PND","ownerName":"LEE, EVANGLENE N","ownerName2":null,"propertyName":null,"zoningCode":"RA","zoningDistrict":"Rural Agricultural","jurisdictionPrefix":"PND","dorCode":null,"acreage":91.0,"centroid":[-77.732807,34.673475],"lastSale":{"date":"2002-12-10","price":null,"qualified":null},"tax":{"marketValue":24813.0,"assessedValue":null,"taxableValue":null,"taxes":null},"mailingAddress":{"line1":"7482 NC HWY 50 S","line2":null,"city":"BENSON","state":"NC","zip":"27504"},"incomeTract":null,"incomeBlockGroup":null,"nearestRoad":null,"flu":{"code":"Rural Agricultural","label":"Rural Agricultural","jurisdiction":"Pender County","source":"https://gis.pendercountync.gov/arcgis/rest/services/LayersPro/MapServer/35"},"opportunityZone":null,"oz2Eligibility":{"eligible":true,"rural":true,"tractGeoid":"37141920204","tractName":"Census Tract 9202.04","designation":"eligible-for-nomination"},"source":"nc-pender-energov-37141","appraiserUrl":"https://mss.pendercountync.gov/css/citizens/RealEstate/Default.aspx?mode=new"},"geometry":{"type":"Polygon","coordinates":[[[-77.727195,34.677065],[-77.727787,34.677829],[-77.734295,34.67437],[-77.734341,34.674218],[-77.734576,34.673883],[-77.734663,34.673539],[-77.735011,34.672825],[-77.735303,34.672135],[-77.735316,34.671803],[-77.735241,34.671328],[-77.735243,34.67067],[-77.735276,34.670416],[-77.735405,34.670009],[-77.725733,34.675582],[-77.726722,34.676454],[-77.727195,34.677065]]]}},{"type":"Feature","id":"37141:3390-56-5567-0000","properties":{"id":"37141:3390-56-5567-0000","parcelId":"3390-56-5567-0000","countyFips":"37141","countyName":"Pender","state":"North Carolina","marketIds":["Wilmington"],"situsAddress":null,"situsCity":null,"situsZip":null,"jurisdictionCode":"PND","ownerName":"STATE OF NC","ownerName2":null,"propertyName":null,"zoningCode":"EC","zoningDistrict":"Environmental Conservation","jurisdictionPrefix":"PND","dorCode":null,"acreage":90.92,"centroid":[-77.684558,34.586686],"lastSale":{"date":"2004-11-16","price":2300000.0,"qualified":null},"tax":{"marketValue":185798.0,"assessedValue":null,"taxableValue":null,"taxes":null},"mailingAddress":{"line1":"C/O NC STATE PROPERTY OFFICE","line2":null,"city":"RALEIGH","state":"NC","zip":"27699"},"incomeTract":null,"incomeBlockGroup":null,"nearestRoad":null,"flu":{"code":"Conservation","label":"Conservation","jurisdiction":"Pender County","source":"https://gis.pendercountync.gov/arcgis/rest/services/LayersPro/MapServer/35"},"opportunityZone":null,"oz2Eligibility":{"eligible":true,"rural":true,"tractGeoid":"37141920204","tractName":"Census Tract 9202.04","designation":"eligible-for-nomination"},"source":"nc-pender-energov-37141","appraiserUrl":"https://mss.pendercountync.gov/css/citizens/RealEstate/Default.aspx?mode=new"},"geometry":{"type":"Polygon","coordinates":[[[-77.683281,34.586489],[-77.680811,34.589025],[-77.679801,34.590295],[-77.681361,34.589241],[-77.681853,34.58896],[-77.686076,34.586888],[-77.686717,34.586596],[-77.687183,34.586341],[-77.691818,34.582071],[-77.686682,34.580952],[-77.683281,34.586489]]]}},{"type":"Feature","id":"37141:3381-26-1135-0000","properties":{"id":"37141:3381-26-1135-0000","parcelId":"3381-26-1135-0000","countyFips":"37141","countyName":"Pender","state":"North Carolina","marketIds":["Wilmington"],"situsAddress":null,"situsCity":null,"situsZip":null,"jurisdictionCode":"PND","ownerName":"PIERPAN, HENRY JOSEPH III","ownerName2":null,"propertyName":null,"zoningCode":"RA","zoningDistrict":"Rural Agricultural","jurisdictionPrefix":"PND","dorCode":null,"acreage":90.04,"centroid":[-77.729981,34.612422],"lastSale":{"date":"2007-11-27","price":null,"qualified":null},"tax":{"marketValue":151300.0,"assessedValue":null,"taxableValue":null,"taxes":null},"mailingAddress":{"line1":"320 SIMMONS DR","line2":null,"city":"WILMINGTON","state":"NC","zip":"28411"},"incomeTract":null,"incomeBlockGroup":null,"nearestRoad":null,"flu":{"code":"Rural Agricultural","label":"Rural Agricultural","jurisdiction":"Pender County","source":"https://gis.pendercountync.gov/arcgis/rest/services/LayersPro/MapServer/35"},"opportunityZone":null,"oz2Eligibility":{"eligible":true,"rural":true,"tractGeoid":"37141920204","tractName":"Census Tract 9202.04","designation":"eligible-for-nomination"},"source":"nc-pender-energov-37141","appraiserUrl":"https://mss.pendercountync.gov/css/citizens/RealEstate/Default.aspx?mode=new"},"geometry":{"type":"Polygon","coordinates":[[[-77.726493,34.612777],[-77.726492,34.612777],[-77.728982,34.614611],[-77.729214,34.615143],[-77.732311,34.613153],[-77.737333,34.610021],[-77.729043,34.608469],[-77.726493,34.612777]]]}},{"type":"Feature","id":"37141:3384-48-9260-0000","properties":{"id":"37141:3384-48-9260-0000","parcelId":"3384-48-9260-0000","countyFips":"37141","countyName":"Pender","state":"North Carolina","marketIds":["Wilmington"],"situsAddress":"CYPRESS CREEK RD","situsCity":null,"situsZip":null,"jurisdictionCode":"PND","ownerName":"HUNTER, MILTON R","ownerName2":null,"propertyName":null,"zoningCode":"RA","zoningDistrict":"Rural Agricultural","jurisdictionPrefix":"PND","dorCode":null,"acreage":89.1,"centroid":[-77.722423,34.701427],"lastSale":{"date":"2020-10-27","price":null,"qualified":null},"tax":{"marketValue":71959.0,"assessedValue":null,"taxableValue":null,"taxes":null},"mailingAddress":{"line1":"711 CYPRESS CYPRESS CREEK RD","line2":null,"city":"WALLACE","state":"NC","zip":"28466"},"incomeTract":null,"incomeBlockGroup":null,"nearestRoad":null,"flu":{"code":"Rural Agricultural","label":"Rural Agricultural","jurisdiction":"Pender County","source":"https://gis.pendercountync.gov/arcgis/rest/services/LayersPro/MapServer/35"},"opportunityZone":null,"oz2Eligibility":{"eligible":true,"rural":true,"tractGeoid":"37141920204","tractName":"Census Tract 9202.04","designation":"eligible-for-nomination"},"source":"nc-pender-energov-37141","appraiserUrl":"https://mss.pendercountync.gov/css/citizens/RealEstate/Default.aspx?mode=new"},"geometry":{"type":"Polygon","coordinates":[[[-77.721615,34.703118],[-77.722321,34.703369],[-77.722377,34.703263],[-77.722269,34.703078],[-77.722001,34.702915],[-77.722049,34.702685],[-77.722044,34.702575],[-77.722199,34.702357],[-77.722338,34.702402],[-77.722443,34.702359],[-77.722554,34.702264],[-77.72263,34.7021],[-77.72273,34.70203],[-77.722833,34.702026],[-77.722935,34.701891],[-77.723215,34.701783],[-77.723283,34.701638],[-77.723411,34.701657],[-77.723459,34.701564],[-77.723674,34.701516],[-77.723651,34.701497],[-77.723515,34.701486],[-77.723423,34.701341],[-77.723505,34.701265],[-77.723462,34.701029],[-77.723602,34.700979],[-77.723707,34.700916],[-77.723805,34.700769],[-77.723721,34.700618],[-77.723738,34.700485],[-77.723848,34.700228],[-77.721033,34.698649],[-77.720315,34.696804],[-77.71737,34.696974],[-77.713736,34.700315],[-77.721615,34.703118]]]}},{"type":"Feature","id":"37141:3380-98-6633-0000","properties":{"id":"37141:3380-98-6633-0000","parcelId":"3380-98-6633-0000","countyFips":"37141","countyName":"Pender","state":"North Carolina","marketIds":["Wilmington"],"situsAddress":null,"situsCity":null,"situsZip":null,"jurisdictionCode":"PND","ownerName":"NATURE CONSERVANCY","ownerName2":null,"propertyName":null,"zoningCode":"EC","zoningDistrict":"Environmental Conservation","jurisdictionPrefix":"PND","dorCode":null,"acreage":88.38,"centroid":[-77.705455,34.592018],"lastSale":{"date":"2005-06-03","price":88500.0,"qualified":null},"tax":{"marketValue":74613.0,"assessedValue":null,"taxableValue":null,"taxes":null},"mailingAddress":{"line1":"334 BLACKWELL ST., STE 300","line2":null,"city":"DURHAM","state":"NC","zip":"27701"},"incomeTract":null,"incomeBlockGroup":null,"nearestRoad":null,"flu":{"code":"Conservation","label":"Conservation","jurisdiction":"Pender County","source":"https://gis.pendercountync.gov/arcgis/rest/services/LayersPro/MapServer/35"},"opportunityZone":null,"oz2Eligibility":{"eligible":true,"rural":true,"tractGeoid":"37141920204","tractName":"Census Tract 9202.04","designation":"eligible-for-nomination"},"source":"nc-pender-energov-37141","appraiserUrl":"https://mss.pendercountync.gov/css/citizens/RealEstate/Default.aspx?mode=new"},"geometry":{"type":"Polygon","coordinates":[[[-77.703795,34.590618],[-77.700862,34.595503],[-77.700738,34.595709],[-77.703705,34.596022],[-77.707272,34.595905],[-77.706671,34.592074],[-77.707106,34.591535],[-77.707642,34.591066],[-77.708265,34.590929],[-77.707618,34.588377],[-77.706463,34.588373],[-77.705322,34.58811],[-77.703795,34.590618]]]}},{"type":"Feature","id":"37141:3373-87-9022-0000","properties":{"id":"37141:3373-87-9022-0000","parcelId":"3373-87-9022-0000","countyFips":"37141","countyName":"Pender","state":"North Carolina","marketIds":["Wilmington"],"situsAddress":"53 HWY OFF","situsCity":null,"situsZip":null,"jurisdictionCode":"PND","ownerName":"WOOTEN, ALFRED","ownerName2":null,"propertyName":null,"zoningCode":"RA","zoningDistrict":"Rural Agricultural","jurisdictionPrefix":"PND","dorCode":null,"acreage":87.5,"centroid":[-77.736947,34.671144],"lastSale":{"date":"2016-09-14","price":null,"qualified":null},"tax":{"marketValue":21128.0,"assessedValue":null,"taxableValue":null,"taxes":null},"mailingAddress":{"line1":"PO BOX 1548","line2":null,"city":"BURGAW","state":"NC","zip":"28425"},"incomeTract":null,"incomeBlockGroup":null,"nearestRoad":null,"flu":{"code":"Rural Agricultural","label":"Rural Agricultural","jurisdiction":"Pender County","source":"https://gis.pendercountync.gov/arcgis/rest/services/LayersPro/MapServer/35"},"opportunityZone":null,"oz2Eligibility":{"eligible":true,"rural":true,"tractGeoid":"37141920204","tractName":"Census Tract 9202.04","designation":"eligible-for-nomination"},"source":"nc-pender-energov-37141","appraiserUrl":"https://mss.pendercountync.gov/css/citizens/RealEstate/Default.aspx?mode=new"},"geometry":{"type":"Polygon","coordinates":[[[-77.743242,34.665847],[-77.736155,34.669554],[-77.735433,34.669896],[-77.735276,34.670416],[-77.735243,34.67067],[-77.735241,34.671328],[-77.735316,34.671803],[-77.735303,34.672135],[-77.735011,34.672825],[-77.734663,34.673539],[-77.734576,34.673883],[-77.734341,34.674218],[-77.734295,34.67437],[-77.736097,34.673372],[-77.738463,34.672095],[-77.74562,34.667947],[-77.743821,34.665544],[-77.743242,34.665847]]]}},{"type":"Feature","id":"37141:3373-95-0589-0000","properties":{"id":"37141:3373-95-0589-0000","parcelId":"3373-95-0589-0000","countyFips":"37141","countyName":"Pender","state":"North Carolina","marketIds":["Wilmington"],"situsAddress":"53 HWY OFF","situsCity":null,"situsZip":null,"jurisdictionCode":"PND","ownerName":"LEE, EVANGLENE N","ownerName2":null,"propertyName":null,"zoningCode":"RA","zoningDistrict":"Rural Agricultural","jurisdictionPrefix":"PND","dorCode":null,"acreage":87.5,"centroid":[-77.736805,34.665613],"lastSale":{"date":"2002-12-10","price":null,"qualified":null},"tax":{"marketValue":23225.0,"assessedValue":null,"taxableValue":null,"taxes":null},"mailingAddress":{"line1":"7482 NC HWY 50 S","line2":null,"city":"BENSON","state":"NC","zip":"27504"},"incomeTract":null,"incomeBlockGroup":null,"nearestRoad":null,"flu":{"code":"Rural Agricultural","label":"Rural Agricultural","jurisdiction":"Pender County","source":"https://gis.pendercountync.gov/arcgis/rest/services/LayersPro/MapServer/35"},"opportunityZone":null,"oz2Eligibility":{"eligible":true,"rural":true,"tractGeoid":"37141920204","tractName":"Census Tract 9202.04","designation":"eligible-for-nomination"},"source":"nc-pender-energov-37141","appraiserUrl":"https://mss.pendercountync.gov/css/citizens/RealEstate/Default.aspx?mode=new"},"geometry":{"type":"Polygon","coordinates":[[[-77.736948,34.663262],[-77.736941,34.663274],[-77.736772,34.663521],[-77.736599,34.663835],[-77.73632,34.664496],[-77.736269,34.664919],[-77.736225,34.665047],[-77.736178,34.665089],[-77.736053,34.665539],[-77.735991,34.666113],[-77.735765,34.666689],[-77.735589,34.66725],[-77.735522,34.667676],[-77.735462,34.668298],[-77.735433,34.669896],[-77.736155,34.669554],[-77.743821,34.665544],[-77.740443,34.661033],[-77.736948,34.663262]]]}},{"type":"Feature","id":"37141:4303-13-4764-0000","properties":{"id":"37141:4303-13-4764-0000","parcelId":"4303-13-4764-0000","countyFips":"37141","countyName":"Pender","state":"North Carolina","marketIds":["Wilmington"],"situsAddress":null,"situsCity":null,"situsZip":null,"jurisdictionCode":"PND","ownerName":"FAGAN, LUCINDA","ownerName2":null,"propertyName":null,"zoningCode":"RA","zoningDistrict":"Rural Agricultural","jurisdictionPrefix":"PND","dorCode":null,"acreage":85.8,"centroid":[-77.663731,34.65905],"lastSale":{"date":null,"price":null,"qualified":null},"tax":{"marketValue":146000.0,"assessedValue":null,"taxableValue":null,"taxes":null},"mailingAddress":{"line1":"510 MAPLE HILL  NC","line2":null,"city":"MAPLE HILL","state":"NC","zip":"28454"},"incomeTract":null,"incomeBlockGroup":null,"nearestRoad":null,"flu":{"code":"Rural Agricultural","label":"Rural Agricultural","jurisdiction":"Pender County","source":"https://gis.pendercountync.gov/arcgis/rest/services/LayersPro/MapServer/35"},"opportunityZone":null,"oz2Eligibility":{"eligible":true,"rural":true,"tractGeoid":"37141920204","tractName":"Census Tract 9202.04","designation":"eligible-for-nomination"},"source":"nc-pender-energov-37141","appraiserUrl":"https://mss.pendercountync.gov/css/citizens/RealEstate/Default.aspx?mode=new"},"geometry":{"type":"Polygon","coordinates":[[[-77.661627,34.661232],[-77.661744,34.661316],[-77.669075,34.655918],[-77.666945,34.654786],[-77.661169,34.660413],[-77.661824,34.660632],[-77.661627,34.661232]]]}},{"type":"Feature","id":"37141:3395-03-4713-0000","properties":{"id":"37141:3395-03-4713-0000","parcelId":"3395-03-4713-0000","countyFips":"37141","countyName":"Pender","state":"North Carolina","marketIds":["Wilmington"],"situsAddress":null,"situsCity":null,"situsZip":null,"jurisdictionCode":"PND","ownerName":"RAINES, HILDA P","ownerName2":null,"propertyName":null,"zoningCode":"RA","zoningDistrict":"Rural Agricultural","jurisdictionPrefix":"PND","dorCode":null,"acreage":77.52,"centroid":[-77.710795,34.714784],"lastSale":{"date":null,"price":null,"qualified":null},"tax":{"marketValue":6898.0,"assessedValue":null,"taxableValue":null,"taxes":null},"mailingAddress":{"line1":"340 BEAR POND RD","line2":null,"city":"RICHLANDS","state":"NC","zip":"28574"},"incomeTract":null,"incomeBlockGroup":null,"nearestRoad":null,"flu":{"code":"Rural Agricultural","label":"Rural Agricultural","jurisdiction":"Pender County","source":"https://gis.pendercountync.gov/arcgis/rest/services/LayersPro/MapServer/35"},"opportunityZone":null,"oz2Eligibility":{"eligible":true,"rural":true,"tractGeoid":"37141920204","tractName":"Census Tract 9202.04","designation":"eligible-for-nomination"},"source":"nc-pender-energov-37141","appraiserUrl":"https://mss.pendercountync.gov/css/citizens/RealEstate/Default.aspx?mode=new"},"geometry":{"type":"MultiPolygon","coordinates":[[[[-77.707855,34.716764],[-77.713821,34.71648],[-77.713513,34.713014],[-77.707991,34.712878],[-77.707855,34.716764]]],[[[-77.699753,34.712706],[-77.699578,34.714143],[-77.699184,34.717184],[-77.701563,34.717066],[-77.701872,34.712692],[-77.699763,34.712622],[-77.699753,34.712706]]]]}},{"type":"Feature","id":"37141:4303-61-0169-0000","properties":{"id":"37141:4303-61-0169-0000","parcelId":"4303-61-0169-0000","countyFips":"37141","countyName":"Pender","state":"North Carolina","marketIds":["Wilmington"],"situsAddress":null,"situsCity":null,"situsZip":null,"jurisdictionCode":"PND","ownerName":"JAMES, JESSE","ownerName2":null,"propertyName":null,"zoningCode":"RA","zoningDistrict":"Rural Agricultural","jurisdictionPrefix":"PND","dorCode":null,"acreage":75.0,"centroid":[-77.648089,34.649789],"lastSale":{"date":"1985-03-12","price":null,"qualified":null},"tax":{"marketValue":132500.0,"assessedValue":null,"taxableValue":null,"taxes":null},"mailingAddress":{"line1":"2956 TALLGRASS BLUFF","line2":null,"city":"ROCK HILL","state":"SC","zip":"29732"},"incomeTract":null,"incomeBlockGroup":null,"nearestRoad":null,"flu":{"code":"Rural Agricultural","label":"Rural Agricultural","jurisdiction":"Pender County","source":"https://gis.pendercountync.gov/arcgis/rest/services/LayersPro/MapServer/35"},"opportunityZone":null,"oz2Eligibility":{"eligible":true,"rural":true,"tractGeoid":"37141920204","tractName":"Census Tract 9202.04","designation":"eligible-for-nomination"},"source":"nc-pender-energov-37141","appraiserUrl":"https://mss.pendercountync.gov/css/citizens/RealEstate/Default.aspx?mode=new"},"geometry":{"type":"Polygon","coordinates":[[[-77.645112,34.645211],[-77.650632,34.657338],[-77.654114,34.656363],[-77.645542,34.644963],[-77.645047,34.645069],[-77.645112,34.645211]]]}},{"type":"Feature","id":"37141:3394-17-5634-0000","properties":{"id":"37141:3394-17-5634-0000","parcelId":"3394-17-5634-0000","countyFips":"37141","countyName":"Pender","state":"North Carolina","marketIds":["Wilmington"],"situsAddress":null,"situsCity":null,"situsZip":null,"jurisdictionCode":"PND","ownerName":"WEBSTER, MARILYN LOUISE BOSTIAN CO-EXECU","ownerName2":null,"propertyName":null,"zoningCode":"RA","zoningDistrict":"Rural Agricultural","jurisdictionPrefix":"PND","dorCode":null,"acreage":74.16,"centroid":[-77.699668,34.697395],"lastSale":{"date":"2016-02-10","price":null,"qualified":null},"tax":{"marketValue":36316.0,"assessedValue":null,"taxableValue":null,"taxes":null},"mailingAddress":{"line1":"3100 ELM DR","line2":null,"city":"LA CROSSE","state":"WI","zip":"54601"},"incomeTract":null,"incomeBlockGroup":null,"nearestRoad":null,"flu":{"code":"Rural Agricultural","label":"Rural Agricultural","jurisdiction":"Pender County","source":"https://gis.pendercountync.gov/arcgis/rest/services/LayersPro/MapServer/35"},"opportunityZone":null,"oz2Eligibility":{"eligible":true,"rural":true,"tractGeoid":"37141920204","tractName":"Census Tract 9202.04","designation":"eligible-for-nomination"},"source":"nc-pender-energov-37141","appraiserUrl":"https://mss.pendercountync.gov/css/citizens/RealEstate/Default.aspx?mode=new"},"geometry":{"type":"MultiPolygon","coordinates":[[[[-77.694279,34.699788],[-77.694231,34.699871],[-77.696465,34.699657],[-77.697976,34.699744],[-77.69885,34.699211],[-77.698976,34.699111],[-77.699137,34.69873],[-77.699333,34.698562],[-77.699592,34.698233],[-77.699768,34.698175],[-77.699817,34.698107],[-77.700009,34.697925],[-77.699938,34.697797],[-77.700018,34.697615],[-77.69991,34.697516],[-77.699952,34.697317],[-77.700154,34.697163],[-77.700173,34.697056],[-77.700111,34.696991],[-77.700089,34.696864],[-77.700222,34.696646],[-77.700437,34.696422],[-77.700588,34.696326],[-77.700844,34.696291],[-77.70119,34.696303],[-77.701365,34.696267],[-77.702137,34.696313],[-77.703207,34.696565],[-77.704768,34.69703],[-77.705422,34.696247],[-77.70249,34.69514],[-77.698413,34.6938],[-77.696838,34.695728],[-77.696141,34.696675],[-77.695523,34.697649],[-77.694279,34.699788]]],[[[-77.69166,34.692793],[-77.691676,34.692817],[-77.693102,34.694974],[-77.69512,34.697945],[-77.695809,34.696814],[-77.69625,34.696158],[-77.696767,34.695464],[-77.69768,34.694342],[-77.691959,34.692871],[-77.691872,34.692742],[-77.69166,34.692793]]]]}},{"type":"Feature","id":"37141:3394-76-3828-0000","properties":{"id":"37141:3394-76-3828-0000","parcelId":"3394-76-3828-0000","countyFips":"37141","countyName":"Pender","state":"North Carolina","marketIds":["Wilmington"],"situsAddress":"53 HWY","situsCity":null,"situsZip":null,"jurisdictionCode":"PND","ownerName":"LANIER, BENJAMIN LUTHER","ownerName2":null,"propertyName":null,"zoningCode":"RA","zoningDistrict":"Rural Agricultural","jurisdictionPrefix":"PND","dorCode":null,"acreage":74.0,"centroid":[-77.679247,34.696995],"lastSale":{"date":"2003-02-13","price":null,"qualified":null},"tax":{"marketValue":22651.0,"assessedValue":null,"taxableValue":null,"taxes":null},"mailingAddress":{"line1":"2101 LODESTER DR","line2":null,"city":"RALEIGH","state":"NC","zip":"27615"},"incomeTract":null,"incomeBlockGroup":null,"nearestRoad":null,"flu":{"code":"Rural Agricultural","label":"Rural Agricultural","jurisdiction":"Pender County","source":"https://gis.pendercountync.gov/arcgis/rest/services/LayersPro/MapServer/35"},"opportunityZone":null,"oz2Eligibility":{"eligible":true,"rural":true,"tractGeoid":"37141920204","tractName":"Census Tract 9202.04","designation":"eligible-for-nomination"},"source":"nc-pender-energov-37141","appraiserUrl":"https://mss.pendercountync.gov/css/citizens/RealEstate/Default.aspx?mode=new"},"geometry":{"type":"Polygon","coordinates":[[[-77.68089,34.699881],[-77.680946,34.699849],[-77.680757,34.699735],[-77.680799,34.699484],[-77.681222,34.699533],[-77.681669,34.699154],[-77.68194,34.699185],[-77.682455,34.698809],[-77.682611,34.698916],[-77.682898,34.698802],[-77.682797,34.698429],[-77.683042,34.698365],[-77.683439,34.698321],[-77.683725,34.698057],[-77.68347,34.697462],[-77.679649,34.694375],[-77.67598,34.694758],[-77.675932,34.694539],[-77.674033,34.693347],[-77.672747,34.691364],[-77.671999,34.691975],[-77.671178,34.692686],[-77.672632,34.693849],[-77.676605,34.697184],[-77.67777,34.696806],[-77.68089,34.699881]]]}},{"type":"Feature","id":"37141:3381-28-6796-0000","properties":{"id":"37141:3381-28-6796-0000","parcelId":"3381-28-6796-0000","countyFips":"37141","countyName":"Pender","state":"North Carolina","marketIds":["Wilmington"],"situsAddress":null,"situsCity":null,"situsZip":null,"jurisdictionCode":"PND","ownerName":"DCL ENTERPRISES PROPERTY HOLDINGS LLC","ownerName2":null,"propertyName":null,"zoningCode":"RA","zoningDistrict":"Rural Agricultural","jurisdictionPrefix":"PND","dorCode":null,"acreage":70.9,"centroid":[-77.728623,34.618372],"lastSale":{"date":"2021-01-27","price":141500.0,"qualified":null},"tax":{"marketValue":127375.0,"assessedValue":null,"taxableValue":null,"taxes":null},"mailingAddress":{"line1":"20 SALISBURY ST E","line2":null,"city":"WRIGHTSVILLE BEACH","state":"NC","zip":"28480"},"incomeTract":null,"incomeBlockGroup":null,"nearestRoad":null,"flu":{"code":"Rural Agricultural","label":"Rural Agricultural","jurisdiction":"Pender County","source":"https://gis.pendercountync.gov/arcgis/rest/services/LayersPro/MapServer/35"},"opportunityZone":null,"oz2Eligibility":{"eligible":true,"rural":true,"tractGeoid":"37141920204","tractName":"Census Tract 9202.04","designation":"eligible-for-nomination"},"source":"nc-pender-energov-37141","appraiserUrl":"https://mss.pendercountync.gov/css/citizens/RealEstate/Default.aspx?mode=new"},"geometry":{"type":"Polygon","coordinates":[[[-77.726988,34.616837],[-77.726935,34.616857],[-77.723789,34.618035],[-77.726585,34.622261],[-77.729838,34.620708],[-77.732037,34.620054],[-77.731434,34.618755],[-77.730556,34.617123],[-77.73008,34.616631],[-77.727987,34.616463],[-77.726988,34.616837]]]}},{"type":"Feature","id":"37141:3394-20-6889-0000","properties":{"id":"37141:3394-20-6889-0000","parcelId":"3394-20-6889-0000","countyFips":"37141","countyName":"Pender","state":"North Carolina","marketIds":["Wilmington"],"situsAddress":"53 HWY","situsCity":null,"situsZip":null,"jurisdictionCode":"PND","ownerName":"LANIER, DOUGLAS T","ownerName2":null,"propertyName":null,"zoningCode":"RA","zoningDistrict":"Rural Agricultural","jurisdictionPrefix":"PND","dorCode":null,"acreage":67.0,"centroid":[-77.694298,34.675208],"lastSale":{"date":"1975-10-10","price":null,"qualified":null},"tax":{"marketValue":15859.0,"assessedValue":null,"taxableValue":null,"taxes":null},"mailingAddress":{"line1":"1596 LANCASTER TERRACE APT 8B","line2":null,"city":"JACKSONVILLE","state":"FL","zip":"32204"},"incomeTract":null,"incomeBlockGroup":null,"nearestRoad":null,"flu":{"code":"Rural Agricultural","label":"Rural Agricultural","jurisdiction":"Pender County","source":"https://gis.pendercountync.gov/arcgis/rest/services/LayersPro/MapServer/35"},"opportunityZone":null,"oz2Eligibility":{"eligible":true,"rural":true,"tractGeoid":"37141920204","tractName":"Census Tract 9202.04","designation":"eligible-for-nomination"},"source":"nc-pender-energov-37141","appraiserUrl":"https://mss.pendercountync.gov/css/citizens/RealEstate/Default.aspx?mode=new"},"geometry":{"type":"MultiPolygon","coordinates":[[[[-77.693606,34.672225],[-77.693148,34.675218],[-77.692955,34.676476],[-77.692952,34.678089],[-77.695168,34.677541],[-77.695148,34.676883],[-77.695845,34.673116],[-77.695565,34.672116],[-77.693606,34.672225]]],[[[-77.694579,34.682195],[-77.694833,34.683114],[-77.695052,34.683999],[-77.695351,34.68449],[-77.695191,34.677817],[-77.691675,34.6787],[-77.691885,34.679343],[-77.691312,34.679496],[-77.693182,34.68199],[-77.694422,34.681624],[-77.694579,34.682195]]]]}},{"type":"Feature","id":"37141:3383-24-5222-0000","properties":{"id":"37141:3383-24-5222-0000","parcelId":"3383-24-5222-0000","countyFips":"37141","countyName":"Pender","state":"North Carolina","marketIds":["Wilmington"],"situsAddress":"14171 NC HWY 53 E","situsCity":null,"situsZip":null,"jurisdictionCode":"PND","ownerName":"MARSHBURN, ROXANNE E","ownerName2":null,"propertyName":null,"zoningCode":"RA","zoningDistrict":"Rural Agricultural","jurisdictionPrefix":"PND","dorCode":null,"acreage":66.0,"centroid":[-77.727377,34.661114],"lastSale":{"date":"1981-09-11","price":null,"qualified":null},"tax":{"marketValue":463604.0,"assessedValue":null,"taxableValue":null,"taxes":null},"mailingAddress":{"line1":"14171 NC HWY 53 E","line2":null,"city":"MAPLE HILL","state":"NC","zip":"28454"},"incomeTract":null,"incomeBlockGroup":null,"nearestRoad":null,"flu":{"code":"Rural Agricultural","label":"Rural Agricultural","jurisdiction":"Pender County","source":"https://gis.pendercountync.gov/arcgis/rest/services/LayersPro/MapServer/35"},"opportunityZone":null,"oz2Eligibility":{"eligible":true,"rural":true,"tractGeoid":"37141920204","tractName":"Census Tract 9202.04","designation":"eligible-for-nomination"},"source":"nc-pender-energov-37141","appraiserUrl":"https://mss.pendercountync.gov/css/citizens/RealEstate/Default.aspx?mode=new"},"geometry":{"type":"MultiPolygon","coordinates":[[[[-77.731767,34.658776],[-77.731705,34.658799],[-77.727954,34.660204],[-77.727171,34.660539],[-77.726424,34.660906],[-77.725603,34.661357],[-77.724727,34.661934],[-77.724335,34.662236],[-77.723354,34.663074],[-77.725078,34.6646],[-77.733033,34.659833],[-77.731767,34.658776]]],[[[-77.725651,34.660748],[-77.725512,34.660866],[-77.724385,34.661825],[-77.725374,34.661162],[-77.72643,34.66055],[-77.727413,34.6601],[-77.728562,34.659664],[-77.728374,34.658676],[-77.728723,34.658367],[-77.729629,34.658206],[-77.730112,34.659087],[-77.731537,34.658556],[-77.729886,34.657145],[-77.725651,34.660748]]]]}},{"type":"Feature","id":"37141:3394-58-9893-0000","properties":{"id":"37141:3394-58-9893-0000","parcelId":"3394-58-9893-0000","countyFips":"37141","countyName":"Pender","state":"North Carolina","marketIds":["Wilmington"],"situsAddress":"JOSHUA JAMES RD","situsCity":null,"situsZip":null,"jurisdictionCode":"PND","ownerName":"WOOTEN, ALFRED K","ownerName2":null,"propertyName":null,"zoningCode":"RA","zoningDistrict":"Rural Agricultural","jurisdictionPrefix":"PND","dorCode":null,"acreage":65.76,"centroid":[-77.682345,34.700806],"lastSale":{"date":"2003-11-20","price":281500.0,"qualified":null},"tax":{"marketValue":7868.0,"assessedValue":null,"taxableValue":null,"taxes":null},"mailingAddress":{"line1":"PO BOX 1548","line2":null,"city":"BURGAW","state":"NC","zip":"28425"},"incomeTract":null,"incomeBlockGroup":null,"nearestRoad":null,"flu":{"code":"Rural Agricultural","label":"Rural Agricultural","jurisdiction":"Pender County","source":"https://gis.pendercountync.gov/arcgis/rest/services/LayersPro/MapServer/35"},"opportunityZone":null,"oz2Eligibility":{"eligible":true,"rural":true,"tractGeoid":"37141920204","tractName":"Census Tract 9202.04","designation":"eligible-for-nomination"},"source":"nc-pender-energov-37141","appraiserUrl":"https://mss.pendercountync.gov/css/citizens/RealEstate/Default.aspx?mode=new"},"geometry":{"type":"Polygon","coordinates":[[[-77.677498,34.701549],[-77.677501,34.70155],[-77.683476,34.704331],[-77.683896,34.703333],[-77.684121,34.702946],[-77.684232,34.702784],[-77.684417,34.702571],[-77.684581,34.702452],[-77.684753,34.702368],[-77.684967,34.702303],[-77.685163,34.702277],[-77.68548,34.702294],[-77.686132,34.70247],[-77.686107,34.702363],[-77.686239,34.701923],[-77.686079,34.701361],[-77.685677,34.7011],[-77.685513,34.700852],[-77.685798,34.700721],[-77.683725,34.698057],[-77.683439,34.698321],[-77.683042,34.698365],[-77.682797,34.698429],[-77.682898,34.698802],[-77.682611,34.698916],[-77.682455,34.698809],[-77.68194,34.699185],[-77.681669,34.699154],[-77.681222,34.699533],[-77.680799,34.699484],[-77.680757,34.699735],[-77.680946,34.699849],[-77.680787,34.69994],[-77.680555,34.699908],[-77.680469,34.700201],[-77.680138,34.700252],[-77.680178,34.700568],[-77.679662,34.700681],[-77.679426,34.700589],[-77.679132,34.700681],[-77.67892,34.700941],[-77.678372,34.701078],[-77.678006,34.701106],[-77.677599,34.701315],[-77.677498,34.701549]]]}},{"type":"Feature","id":"37141:3375-71-2879-0000","properties":{"id":"37141:3375-71-2879-0000","parcelId":"3375-71-2879-0000","countyFips":"37141","countyName":"Pender","state":"North Carolina","marketIds":["Wilmington"],"situsAddress":"NC HWY 50","situsCity":null,"situsZip":null,"jurisdictionCode":"PND","ownerName":"OWEN, JUNE HOLLINGSWORTH","ownerName2":null,"propertyName":null,"zoningCode":"RA","zoningDistrict":"Rural Agricultural","jurisdictionPrefix":"PND","dorCode":null,"acreage":65.53,"centroid":[-77.744402,34.710208],"lastSale":{"date":"2025-01-06","price":11500.0,"qualified":null},"tax":{"marketValue":31265.0,"assessedValue":null,"taxableValue":null,"taxes":null},"mailingAddress":{"line1":"49 HOLLINGSWORTH DR","line2":null,"city":"WALLACE","state":"NC","zip":"28466"},"incomeTract":null,"incomeBlockGroup":null,"nearestRoad":null,"flu":{"code":"Rural Agricultural","label":"Rural Agricultural","jurisdiction":"Pender County","source":"https://gis.pendercountync.gov/arcgis/rest/services/LayersPro/MapServer/35"},"opportunityZone":null,"oz2Eligibility":{"eligible":true,"rural":true,"tractGeoid":"37141920204","tractName":"Census Tract 9202.04","designation":"eligible-for-nomination"},"source":"nc-pender-energov-37141","appraiserUrl":"https://mss.pendercountync.gov/css/citizens/RealEstate/Default.aspx?mode=new"},"geometry":{"type":"Polygon","coordinates":[[[-77.743629,34.712052],[-77.74365,34.71206],[-77.744125,34.71224],[-77.744441,34.711774],[-77.744799,34.711923],[-77.745577,34.712196],[-77.745947,34.711727],[-77.746446,34.71116],[-77.747145,34.710594],[-77.748647,34.710231],[-77.745991,34.707165],[-77.744099,34.705125],[-77.743885,34.7049],[-77.743696,34.704733],[-77.74177,34.710079],[-77.742186,34.710182],[-77.741763,34.711351],[-77.743019,34.71182],[-77.743305,34.711308],[-77.743921,34.711533],[-77.743629,34.712052]],[[-77.743372,34.708939],[-77.743174,34.709496],[-77.74245,34.709321],[-77.742644,34.708756],[-77.743372,34.708939]]]}},{"type":"Feature","id":"37141:3394-29-3567-0000","properties":{"id":"37141:3394-29-3567-0000","parcelId":"3394-29-3567-0000","countyFips":"37141","countyName":"Pender","state":"North Carolina","marketIds":["Wilmington"],"situsAddress":"2205 CYPRESS CREEK RD","situsCity":null,"situsZip":null,"jurisdictionCode":"PND","ownerName":"BURROUGHS, JEANNE STUART JAMES","ownerName2":null,"propertyName":null,"zoningCode":"RA","zoningDistrict":"Rural Agricultural","jurisdictionPrefix":"PND","dorCode":null,"acreage":65.0,"centroid":[-77.694659,34.705743],"lastSale":{"date":"2016-02-10","price":null,"qualified":null},"tax":{"marketValue":156360.0,"assessedValue":null,"taxableValue":null,"taxes":null},"mailingAddress":{"line1":"3263 GARDENBROOK LN","line2":null,"city":"BOZEMAN","state":"MT","zip":"59715"},"incomeTract":null,"incomeBlockGroup":null,"nearestRoad":null,"flu":{"code":"Rural Agricultural","label":"Rural Agricultural","jurisdiction":"Pender County","source":"https://gis.pendercountync.gov/arcgis/rest/services/LayersPro/MapServer/35"},"opportunityZone":null,"oz2Eligibility":{"eligible":true,"rural":true,"tractGeoid":"37141920204","tractName":"Census Tract 9202.04","designation":"eligible-for-nomination"},"source":"nc-pender-energov-37141","appraiserUrl":"https://mss.pendercountync.gov/css/citizens/RealEstate/Default.aspx?mode=new"},"geometry":{"type":"Polygon","coordinates":[[[-77.697387,34.707415],[-77.697457,34.707475],[-77.697498,34.70751],[-77.698174,34.707473],[-77.697526,34.705789],[-77.698132,34.704437],[-77.696318,34.702043],[-77.694864,34.702254],[-77.693298,34.701474],[-77.691939,34.703851],[-77.691736,34.704238],[-77.691633,34.704492],[-77.691578,34.704764],[-77.691553,34.705203],[-77.691544,34.706958],[-77.692379,34.706739],[-77.692764,34.706666],[-77.693899,34.706784],[-77.694114,34.706622],[-77.694491,34.706676],[-77.694667,34.706554],[-77.694926,34.706591],[-77.695313,34.707044],[-77.696219,34.707289],[-77.697058,34.707234],[-77.697387,34.707415]]]}},{"type":"Feature","id":"37141:3393-99-2582-0000","properties":{"id":"37141:3393-99-2582-0000","parcelId":"3393-99-2582-0000","countyFips":"37141","countyName":"Pender","state":"North Carolina","marketIds":["Wilmington"],"situsAddress":"53 HWY OFF","situsCity":null,"situsZip":null,"jurisdictionCode":"PND","ownerName":"LANIER, ALTON D","ownerName2":null,"propertyName":null,"zoningCode":"RA","zoningDistrict":"Rural Agricultural","jurisdictionPrefix":"PND","dorCode":null,"acreage":63.53,"centroid":[-77.672614,34.676515],"lastSale":{"date":"2015-09-28","price":null,"qualified":null},"tax":{"marketValue":24083.0,"assessedValue":null,"taxableValue":null,"taxes":null},"mailingAddress":{"line1":"910 OLD MAPLE HILL RD N","line2":null,"city":"MAPLE HILL","state":"NC","zip":"28454"},"incomeTract":null,"incomeBlockGroup":null,"nearestRoad":null,"flu":{"code":"Rural Agricultural","label":"Rural Agricultural","jurisdiction":"Pender County","source":"https://gis.pendercountync.gov/arcgis/rest/services/LayersPro/MapServer/35"},"opportunityZone":null,"oz2Eligibility":{"eligible":true,"rural":true,"tractGeoid":"37141920204","tractName":"Census Tract 9202.04","designation":"eligible-for-nomination"},"source":"nc-pender-energov-37141","appraiserUrl":"https://mss.pendercountync.gov/css/citizens/RealEstate/Default.aspx?mode=new"},"geometry":{"type":"Polygon","coordinates":[[[-77.673237,34.679524],[-77.673288,34.679521],[-77.673807,34.679491],[-77.675671,34.679129],[-77.672993,34.673407],[-77.672759,34.672898],[-77.672626,34.672552],[-77.670756,34.671284],[-77.668641,34.677289],[-77.671048,34.677856],[-77.67139,34.676871],[-77.673803,34.67744],[-77.67396,34.677435],[-77.673237,34.679524]]]}},{"type":"Feature","id":"37141:3380-59-6531-0000","properties":{"id":"37141:3380-59-6531-0000","parcelId":"3380-59-6531-0000","countyFips":"37141","countyName":"Pender","state":"North Carolina","marketIds":["Wilmington"],"situsAddress":"1231 COYOTE RUN","situsCity":null,"situsZip":null,"jurisdictionCode":"PND","ownerName":"GILLESPIE, JAMES B JR","ownerName2":null,"propertyName":null,"zoningCode":"RA","zoningDistrict":"Rural Agricultural","jurisdictionPrefix":"PND","dorCode":null,"acreage":61.35,"centroid":[-77.719913,34.593589],"lastSale":{"date":"2003-09-04","price":45500.0,"qualified":null},"tax":{"marketValue":194494.0,"assessedValue":null,"taxableValue":null,"taxes":null},"mailingAddress":{"line1":"PO BOX 3","line2":null,"city":"MAPLE HILL","state":"NC","zip":"28454"},"incomeTract":null,"incomeBlockGroup":null,"nearestRoad":null,"flu":{"code":"Rural Agricultural","label":"Rural Agricultural","jurisdiction":"Pender County","source":"https://gis.pendercountync.gov/arcgis/rest/services/LayersPro/MapServer/35"},"opportunityZone":null,"oz2Eligibility":{"eligible":true,"rural":true,"tractGeoid":"37141920204","tractName":"Census Tract 9202.04","designation":"eligible-for-nomination"},"source":"nc-pender-energov-37141","appraiserUrl":"https://mss.pendercountync.gov/css/citizens/RealEstate/Default.aspx?mode=new"},"geometry":{"type":"Polygon","coordinates":[[[-77.715394,34.594174],[-77.715359,34.594204],[-77.718051,34.597236],[-77.719436,34.59571],[-77.722204,34.594241],[-77.724001,34.594815],[-77.722531,34.593053],[-77.721278,34.592717],[-77.720728,34.59225],[-77.720507,34.592105],[-77.720114,34.591778],[-77.719356,34.590785],[-77.715394,34.594174]]]}},{"type":"Feature","id":"37141:3393-72-6917-0000","properties":{"id":"37141:3393-72-6917-0000","parcelId":"3393-72-6917-0000","countyFips":"37141","countyName":"Pender","state":"North Carolina","marketIds":["Wilmington"],"situsAddress":null,"situsCity":null,"situsZip":null,"jurisdictionCode":"PND","ownerName":"COUNTY OF PENDER","ownerName2":null,"propertyName":null,"zoningCode":"RA","zoningDistrict":"Rural Agricultural","jurisdictionPrefix":"PND","dorCode":null,"acreage":61.32,"centroid":[-77.679087,34.658229],"lastSale":{"date":"2009-09-21","price":60000.0,"qualified":null},"tax":{"marketValue":385037.0,"assessedValue":null,"taxableValue":null,"taxes":null},"mailingAddress":{"line1":"PO BOX 1205","line2":null,"city":"BURGAW","state":"NC","zip":"28425"},"incomeTract":null,"incomeBlockGroup":null,"nearestRoad":null,"flu":{"code":"Rural Agricultural","label":"Rural Agricultural","jurisdiction":"Pender County","source":"https://gis.pendercountync.gov/arcgis/rest/services/LayersPro/MapServer/35"},"opportunityZone":null,"oz2Eligibility":{"eligible":true,"rural":true,"tractGeoid":"37141920204","tractName":"Census Tract 9202.04","designation":"eligible-for-nomination"},"source":"nc-pender-energov-37141","appraiserUrl":"https://mss.pendercountync.gov/css/citizens/RealEstate/Default.aspx?mode=new"},"geometry":{"type":"Polygon","coordinates":[[[-77.676856,34.659769],[-77.677604,34.660114],[-77.680113,34.658925],[-77.680446,34.65874],[-77.680789,34.658494],[-77.681034,34.65828],[-77.681263,34.65803],[-77.682073,34.656934],[-77.677666,34.655085],[-77.673028,34.657923],[-77.676856,34.659769]]]}},{"type":"Feature","id":"37141:3393-16-8088-0000","properties":{"id":"37141:3393-16-8088-0000","parcelId":"3393-16-8088-0000","countyFips":"37141","countyName":"Pender","state":"North Carolina","marketIds":["Wilmington"],"situsAddress":"5595 NC HWY 50","situsCity":null,"situsZip":null,"jurisdictionCode":"PND","ownerName":"G M F DEVELOPMENT INC","ownerName2":null,"propertyName":null,"zoningCode":"RA","zoningDistrict":"Rural Agricultural","jurisdictionPrefix":"PND","dorCode":null,"acreage":60.57,"centroid":[-77.698196,34.665822],"lastSale":{"date":"2001-11-01","price":null,"qualified":null},"tax":{"marketValue":200312.0,"assessedValue":null,"taxableValue":null,"taxes":null},"mailingAddress":{"line1":"5790 NC HWY 50","line2":null,"city":"MAPLE HILL","state":"NC","zip":"28454"},"incomeTract":null,"incomeBlockGroup":null,"nearestRoad":null,"flu":{"code":"Rural Agricultural","label":"Rural Agricultural","jurisdiction":"Pender County","source":"https://gis.pendercountync.gov/arcgis/rest/services/LayersPro/MapServer/35"},"opportunityZone":null,"oz2Eligibility":{"eligible":true,"rural":true,"tractGeoid":"37141920204","tractName":"Census Tract 9202.04","designation":"eligible-for-nomination"},"source":"nc-pender-energov-37141","appraiserUrl":"https://mss.pendercountync.gov/css/citizens/RealEstate/Default.aspx?mode=new"},"geometry":{"type":"Polygon","coordinates":[[[-77.694289,34.668046],[-77.694943,34.668734],[-77.700937,34.666562],[-77.701951,34.666521],[-77.700397,34.665495],[-77.701197,34.66466],[-77.700477,34.664206],[-77.699955,34.663905],[-77.699486,34.66469],[-77.69368,34.664696],[-77.692845,34.666525],[-77.694289,34.668046]]]}},{"type":"Feature","id":"37141:3392-69-4367-0000","properties":{"id":"37141:3392-69-4367-0000","parcelId":"3392-69-4367-0000","countyFips":"37141","countyName":"Pender","state":"North Carolina","marketIds":["Wilmington"],"situsAddress":"50 HWY","situsCity":null,"situsZip":null,"jurisdictionCode":"PND","ownerName":"WOOTEN, ALFRED K","ownerName2":null,"propertyName":null,"zoningCode":"RA","zoningDistrict":"Rural Agricultural","jurisdictionPrefix":"PND","dorCode":null,"acreage":58.68,"centroid":[-77.683397,34.649342],"lastSale":{"date":null,"price":null,"qualified":null},"tax":{"marketValue":24196.0,"assessedValue":null,"taxableValue":null,"taxes":null},"mailingAddress":{"line1":"PO BOX 1548","line2":null,"city":"BURGAW","state":"NC","zip":"28425"},"incomeTract":null,"incomeBlockGroup":null,"nearestRoad":null,"flu":{"code":"Rural Agricultural","label":"Rural Agricultural","jurisdiction":"Pender County","source":"https://gis.pendercountync.gov/arcgis/rest/services/LayersPro/MapServer/35"},"opportunityZone":null,"oz2Eligibility":{"eligible":true,"rural":true,"tractGeoid":"37141920204","tractName":"Census Tract 9202.04","designation":"eligible-for-nomination"},"source":"nc-pender-energov-37141","appraiserUrl":"https://mss.pendercountync.gov/css/citizens/RealEstate/Default.aspx?mode=new"},"geometry":{"type":"Polygon","coordinates":[[[-77.687749,34.651906],[-77.688108,34.650482],[-77.684617,34.650738],[-77.681593,34.645659],[-77.679403,34.645392],[-77.679398,34.645366],[-77.679357,34.645396],[-77.680119,34.646663],[-77.683392,34.651914],[-77.683303,34.65191],[-77.686088,34.654287],[-77.68764,34.652393],[-77.687749,34.651906]]]}},{"type":"Feature","id":"37141:3371-57-8684-0000","properties":{"id":"37141:3371-57-8684-0000","parcelId":"3371-57-8684-0000","countyFips":"37141","countyName":"Pender","state":"North Carolina","marketIds":["Wilmington"],"situsAddress":null,"situsCity":null,"situsZip":null,"jurisdictionCode":"PND","ownerName":"LANIER, DEBBIE L","ownerName2":null,"propertyName":null,"zoningCode":"RA","zoningDistrict":"Rural Agricultural","jurisdictionPrefix":"PND","dorCode":null,"acreage":58.0,"centroid":[-77.748391,34.613773],"lastSale":{"date":null,"price":null,"qualified":null},"tax":{"marketValue":12223.0,"assessedValue":null,"taxableValue":null,"taxes":null},"mailingAddress":{"line1":"553 CYPRESS CREEK RD","line2":null,"city":"MAPLE HILL","state":"NC","zip":"28454"},"incomeTract":null,"incomeBlockGroup":null,"nearestRoad":null,"flu":{"code":"Rural Agricultural","label":"Rural Agricultural","jurisdiction":"Pender County","source":"https://gis.pendercountync.gov/arcgis/rest/services/LayersPro/MapServer/35"},"opportunityZone":null,"oz2Eligibility":{"eligible":true,"rural":true,"tractGeoid":"37141920204","tractName":"Census Tract 9202.04","designation":"eligible-for-nomination"},"source":"nc-pender-energov-37141","appraiserUrl":"https://mss.pendercountync.gov/css/citizens/RealEstate/Default.aspx?mode=new"},"geometry":{"type":"Polygon","coordinates":[[[-77.747452,34.613133],[-77.751514,34.618356],[-77.752006,34.620735],[-77.752408,34.620598],[-77.75353,34.620051],[-77.752801,34.619162],[-77.75341,34.618846],[-77.750062,34.614563],[-77.754374,34.61244],[-77.75337,34.611204],[-77.752712,34.61056],[-77.747452,34.613133]]]}},{"type":"Feature","id":"37141:3371-67-4545-0000","properties":{"id":"37141:3371-67-4545-0000","parcelId":"3371-67-4545-0000","countyFips":"37141","countyName":"Pender","state":"North Carolina","marketIds":["Wilmington"],"situsAddress":null,"situsCity":null,"situsZip":null,"jurisdictionCode":"PND","ownerName":"LANIER, MICHAEL A","ownerName2":null,"propertyName":null,"zoningCode":"RA","zoningDistrict":"Rural Agricultural","jurisdictionPrefix":"PND","dorCode":null,"acreage":58.0,"centroid":[-77.748906,34.615027],"lastSale":{"date":null,"price":null,"qualified":null},"tax":{"marketValue":7698.0,"assessedValue":null,"taxableValue":null,"taxes":null},"mailingAddress":{"line1":"553 CYPRESS CREEK RD","line2":null,"city":"MAPLE HILL","state":"NC","zip":"28454"},"incomeTract":null,"incomeBlockGroup":null,"nearestRoad":null,"flu":{"code":"Rural Agricultural","label":"Rural Agricultural","jurisdiction":"Pender County","source":"https://gis.pendercountync.gov/arcgis/rest/services/LayersPro/MapServer/35"},"opportunityZone":null,"oz2Eligibility":{"eligible":true,"rural":true,"tractGeoid":"37141920204","tractName":"Census Tract 9202.04","designation":"eligible-for-nomination"},"source":"nc-pender-energov-37141","appraiserUrl":"https://mss.pendercountync.gov/css/citizens/RealEstate/Default.aspx?mode=new"},"geometry":{"type":"Polygon","coordinates":[[[-77.751603,34.609272],[-77.748308,34.610518],[-77.745099,34.611739],[-77.750506,34.618905],[-77.750328,34.620516],[-77.750535,34.620629],[-77.750749,34.620717],[-77.751131,34.620802],[-77.751591,34.620812],[-77.752006,34.620735],[-77.751514,34.618356],[-77.747452,34.613133],[-77.752712,34.61056],[-77.752096,34.609968],[-77.75205,34.609513],[-77.751679,34.609243],[-77.751603,34.609272]]]}},{"type":"Feature","id":"37141:3392-91-5724-0000","properties":{"id":"37141:3392-91-5724-0000","parcelId":"3392-91-5724-0000","countyFips":"37141","countyName":"Pender","state":"North Carolina","marketIds":["Wilmington"],"situsAddress":null,"situsCity":null,"situsZip":null,"jurisdictionCode":"PND","ownerName":"SHEPARD, THOMAS HEIRS","ownerName2":null,"propertyName":null,"zoningCode":"RP","zoningDistrict":"Residential Performance","jurisdictionPrefix":"PND","dorCode":null,"acreage":55.52,"centroid":[-77.669419,34.6268],"lastSale":{"date":null,"price":null,"qualified":null},"tax":{"marketValue":108150.0,"assessedValue":null,"taxableValue":null,"taxes":null},"mailingAddress":{"line1":"C/O SUBEYLA SHEPARD","line2":null,"city":"JACKSONVILLE","state":"NC","zip":"28546"},"incomeTract":null,"incomeBlockGroup":null,"nearestRoad":null,"flu":{"code":"Rural Agricultural","label":"Rural Agricultural","jurisdiction":"Pender County","source":"https://gis.pendercountync.gov/arcgis/rest/services/LayersPro/MapServer/35"},"opportunityZone":null,"oz2Eligibility":{"eligible":true,"rural":true,"tractGeoid":"37141920204","tractName":"Census Tract 9202.04","designation":"eligible-for-nomination"},"source":"nc-pender-energov-37141","appraiserUrl":"https://mss.pendercountync.gov/css/citizens/RealEstate/Default.aspx?mode=new"},"geometry":{"type":"Polygon","coordinates":[[[-77.667831,34.628403],[-77.667931,34.628411],[-77.673536,34.628878],[-77.674001,34.624753],[-77.66898,34.624356],[-77.66888,34.624776],[-77.669033,34.625562],[-77.668802,34.626346],[-77.669195,34.626832],[-77.668847,34.627574],[-77.668301,34.627697],[-77.667694,34.628014],[-77.667831,34.628403]]]}},{"type":"Feature","id":"37141:3383-66-5508-0000","properties":{"id":"37141:3383-66-5508-0000","parcelId":"3383-66-5508-0000","countyFips":"37141","countyName":"Pender","state":"North Carolina","marketIds":["Wilmington"],"situsAddress":null,"situsCity":null,"situsZip":null,"jurisdictionCode":"PND","ownerName":"SALLIE JAMES TIMBERLAND LLC","ownerName2":null,"propertyName":null,"zoningCode":"RA","zoningDistrict":"Rural Agricultural","jurisdictionPrefix":"PND","dorCode":null,"acreage":55.3,"centroid":[-77.714262,34.668428],"lastSale":{"date":"2024-04-09","price":null,"qualified":null},"tax":{"marketValue":46365.0,"assessedValue":null,"taxableValue":null,"taxes":null},"mailingAddress":{"line1":"929 RABBIT RUN","line2":null,"city":"WILMINGTON","state":"NC","zip":"28409"},"incomeTract":null,"incomeBlockGroup":null,"nearestRoad":null,"flu":{"code":"Rural Agricultural","label":"Rural Agricultural","jurisdiction":"Pender County","source":"https://gis.pendercountync.gov/arcgis/rest/services/LayersPro/MapServer/35"},"opportunityZone":null,"oz2Eligibility":{"eligible":true,"rural":true,"tractGeoid":"37141920204","tractName":"Census Tract 9202.04","designation":"eligible-for-nomination"},"source":"nc-pender-energov-37141","appraiserUrl":"https://mss.pendercountync.gov/css/citizens/RealEstate/Default.aspx?mode=new"},"geometry":{"type":"Polygon","coordinates":[[[-77.713331,34.670601],[-77.713819,34.670986],[-77.718218,34.667171],[-77.714744,34.664466],[-77.711197,34.668918],[-77.713331,34.670601]]]}},{"type":"Feature","id":"37141:3382-09-0846-0000","properties":{"id":"37141:3382-09-0846-0000","parcelId":"3382-09-0846-0000","countyFips":"37141","countyName":"Pender","state":"North Carolina","marketIds":["Wilmington"],"situsAddress":"53 HWY","situsCity":null,"situsZip":null,"jurisdictionCode":"PND","ownerName":"HENDERSON, HASSELL ALBERT","ownerName2":null,"propertyName":null,"zoningCode":"RA","zoningDistrict":"Rural Agricultural","jurisdictionPrefix":"PND","dorCode":null,"acreage":55.01,"centroid":[-77.735181,34.649023],"lastSale":{"date":"2023-11-09","price":65500.0,"qualified":null},"tax":{"marketValue":11040.0,"assessedValue":null,"taxableValue":null,"taxes":null},"mailingAddress":{"line1":"284 CYPRESS CREEK ROAD","line2":null,"city":"MAPLE HILL","state":"NC","zip":"28454"},"incomeTract":null,"incomeBlockGroup":null,"nearestRoad":null,"flu":{"code":"Rural Agricultural","label":"Rural Agricultural","jurisdiction":"Pender County","source":"https://gis.pendercountync.gov/arcgis/rest/services/LayersPro/MapServer/35"},"opportunityZone":null,"oz2Eligibility":{"eligible":true,"rural":true,"tractGeoid":"37141920204","tractName":"Census Tract 9202.04","designation":"eligible-for-nomination"},"source":"nc-pender-energov-37141","appraiserUrl":"https://mss.pendercountync.gov/css/citizens/RealEstate/Default.aspx?mode=new"},"geometry":{"type":"Polygon","coordinates":[[[-77.735059,34.646068],[-77.735065,34.646077],[-77.735109,34.646165],[-77.735128,34.64626],[-77.735125,34.64638],[-77.735068,34.646708],[-77.735136,34.646951],[-77.735143,34.64707],[-77.735118,34.647204],[-77.735004,34.647526],[-77.734976,34.647691],[-77.735003,34.647778],[-77.735135,34.64796],[-77.73515,34.648046],[-77.734919,34.6484],[-77.734775,34.648719],[-77.734402,34.649176],[-77.734277,34.649288],[-77.734153,34.649357],[-77.734109,34.649413],[-77.734101,34.649521],[-77.734125,34.649659],[-77.734316,34.650279],[-77.734314,34.650537],[-77.73428,34.650711],[-77.734018,34.65118],[-77.733994,34.651285],[-77.734004,34.651449],[-77.734118,34.651642],[-77.734359,34.651914],[-77.734489,34.652091],[-77.737061,34.653609],[-77.738305,34.651901],[-77.737762,34.650873],[-77.737648,34.649904],[-77.738072,34.648288],[-77.738875,34.646773],[-77.735059,34.646068]]]}},{"type":"Feature","id":"37141:3395-12-6733-0000","properties":{"id":"37141:3395-12-6733-0000","parcelId":"3395-12-6733-0000","countyFips":"37141","countyName":"Pender","state":"North Carolina","marketIds":["Wilmington"],"situsAddress":null,"situsCity":null,"situsZip":null,"jurisdictionCode":"PND","ownerName":"BOSTIAN, LLOYD R TRUSTEES","ownerName2":null,"propertyName":null,"zoningCode":"RA","zoningDistrict":"Rural Agricultural","jurisdictionPrefix":"PND","dorCode":null,"acreage":53.83,"centroid":[-77.697587,34.71195],"lastSale":{"date":"2016-02-19","price":null,"qualified":null},"tax":{"marketValue":2926.0,"assessedValue":null,"taxableValue":null,"taxes":null},"mailingAddress":{"line1":"6205 MINERAL POINT RD APT 114","line2":null,"city":"MADISON","state":"WI","zip":"53705"},"incomeTract":null,"incomeBlockGroup":null,"nearestRoad":null,"flu":{"code":"Rural Agricultural","label":"Rural Agricultural","jurisdiction":"Pender County","source":"https://gis.pendercountync.gov/arcgis/rest/services/LayersPro/MapServer/35"},"opportunityZone":null,"oz2Eligibility":{"eligible":true,"rural":true,"tractGeoid":"37141920204","tractName":"Census Tract 9202.04","designation":"eligible-for-nomination"},"source":"nc-pender-energov-37141","appraiserUrl":"https://mss.pendercountync.gov/css/citizens/RealEstate/Default.aspx?mode=new"},"geometry":{"type":"Polygon","coordinates":[[[-77.69891,34.71019],[-77.693069,34.710368],[-77.695188,34.714188],[-77.699578,34.714143],[-77.699763,34.712622],[-77.699012,34.710187],[-77.69891,34.71019]]]}},{"type":"Feature","id":"37141:3395-21-1434-0000","properties":{"id":"37141:3395-21-1434-0000","parcelId":"3395-21-1434-0000","countyFips":"37141","countyName":"Pender","state":"North Carolina","marketIds":["Wilmington"],"situsAddress":null,"situsCity":null,"situsZip":null,"jurisdictionCode":"PND","ownerName":"BURROUGHS, JEANNE STUART","ownerName2":null,"propertyName":null,"zoningCode":"RA","zoningDistrict":"Rural Agricultural","jurisdictionPrefix":"PND","dorCode":null,"acreage":53.83,"centroid":[-77.694459,34.707448],"lastSale":{"date":"2016-02-19","price":null,"qualified":null},"tax":{"marketValue":8154.0,"assessedValue":null,"taxableValue":null,"taxes":null},"mailingAddress":{"line1":"3263 GARDENBROOK LN","line2":null,"city":"BOZEMAN","state":"MT","zip":"59715"},"incomeTract":null,"incomeBlockGroup":null,"nearestRoad":null,"flu":{"code":"Rural Agricultural","label":"Rural Agricultural","jurisdiction":"Pender County","source":"https://gis.pendercountync.gov/arcgis/rest/services/LayersPro/MapServer/35"},"opportunityZone":null,"oz2Eligibility":{"eligible":true,"rural":true,"tractGeoid":"37141920204","tractName":"Census Tract 9202.04","designation":"eligible-for-nomination"},"source":"nc-pender-energov-37141","appraiserUrl":"https://mss.pendercountync.gov/css/citizens/RealEstate/Default.aspx?mode=new"},"geometry":{"type":"Polygon","coordinates":[[[-77.691587,34.707468],[-77.691593,34.707496],[-77.691671,34.707763],[-77.691819,34.708118],[-77.693069,34.710368],[-77.699012,34.710187],[-77.698174,34.707473],[-77.697498,34.70751],[-77.697387,34.707415],[-77.697058,34.707234],[-77.696219,34.707289],[-77.695313,34.707044],[-77.694926,34.706591],[-77.694667,34.706554],[-77.694491,34.706676],[-77.694114,34.706622],[-77.693899,34.706784],[-77.692764,34.706666],[-77.692379,34.706739],[-77.691544,34.706958],[-77.691587,34.707468]]]}},{"type":"Feature","id":"37141:3394-77-9992-0000","properties":{"id":"37141:3394-77-9992-0000","parcelId":"3394-77-9992-0000","countyFips":"37141","countyName":"Pender","state":"North Carolina","marketIds":["Wilmington"],"situsAddress":"53 HWY OFF","situsCity":null,"situsZip":null,"jurisdictionCode":"PND","ownerName":"ROCHELLE, ALBERT HEIRS","ownerName2":null,"propertyName":null,"zoningCode":"RA","zoningDistrict":"Rural Agricultural","jurisdictionPrefix":"PND","dorCode":null,"acreage":51.0,"centroid":[-77.677888,34.70027],"lastSale":{"date":null,"price":null,"qualified":null},"tax":{"marketValue":102500.0,"assessedValue":null,"taxableValue":null,"taxes":null},"mailingAddress":{"line1":"C/O MARION ROCHELLE","line2":null,"city":"JESSUP","state":"MD","zip":"20794"},"incomeTract":null,"incomeBlockGroup":null,"nearestRoad":null,"flu":{"code":"Rural Agricultural","label":"Rural Agricultural","jurisdiction":"Pender County","source":"https://gis.pendercountync.gov/arcgis/rest/services/LayersPro/MapServer/35"},"opportunityZone":null,"oz2Eligibility":{"eligible":true,"rural":true,"tractGeoid":"37141920204","tractName":"Census Tract 9202.04","designation":"eligible-for-nomination"},"source":"nc-pender-energov-37141","appraiserUrl":"https://mss.pendercountync.gov/css/citizens/RealEstate/Default.aspx?mode=new"},"geometry":{"type":"Polygon","coordinates":[[[-77.674328,34.699355],[-77.677295,34.701852],[-77.677437,34.701692],[-77.677599,34.701315],[-77.678006,34.701106],[-77.678372,34.701078],[-77.67892,34.700941],[-77.679132,34.700681],[-77.679426,34.700589],[-77.679662,34.700681],[-77.680178,34.700568],[-77.680138,34.700252],[-77.680263,34.700233],[-77.675239,34.696038],[-77.672324,34.697671],[-77.674328,34.699355]]]}},{"type":"Feature","id":"37141:3384-83-2434-0000","properties":{"id":"37141:3384-83-2434-0000","parcelId":"3384-83-2434-0000","countyFips":"37141","countyName":"Pender","state":"North Carolina","marketIds":["Wilmington"],"situsAddress":null,"situsCity":null,"situsZip":null,"jurisdictionCode":"PND","ownerName":"SALLIE JAMES TIMBERLAND LLC","ownerName2":null,"propertyName":null,"zoningCode":"RA","zoningDistrict":"Rural Agricultural","jurisdictionPrefix":"PND","dorCode":null,"acreage":50.0,"centroid":[-77.70863,34.686688],"lastSale":{"date":"2024-04-09","price":null,"qualified":null},"tax":{"marketValue":14670.0,"assessedValue":null,"taxableValue":null,"taxes":null},"mailingAddress":{"line1":"929 RABBIT RUN","line2":null,"city":"WILMINGTON","state":"NC","zip":"28409"},"incomeTract":null,"incomeBlockGroup":null,"nearestRoad":null,"flu":{"code":"Rural Agricultural","label":"Rural Agricultural","jurisdiction":"Pender County","source":"https://gis.pendercountync.gov/arcgis/rest/services/LayersPro/MapServer/35"},"opportunityZone":null,"oz2Eligibility":{"eligible":true,"rural":true,"tractGeoid":"37141920204","tractName":"Census Tract 9202.04","designation":"eligible-for-nomination"},"source":"nc-pender-energov-37141","appraiserUrl":"https://mss.pendercountync.gov/css/citizens/RealEstate/Default.aspx?mode=new"},"geometry":{"type":"Polygon","coordinates":[[[-77.703244,34.687954],[-77.710002,34.690688],[-77.712384,34.687653],[-77.710229,34.684523],[-77.709317,34.685432],[-77.706602,34.683881],[-77.703244,34.687954]]]}},{"type":"Feature","id":"37141:3392-90-4580-0000","properties":{"id":"37141:3392-90-4580-0000","parcelId":"3392-90-4580-0000","countyFips":"37141","countyName":"Pender","state":"North Carolina","marketIds":["Wilmington"],"situsAddress":null,"situsCity":null,"situsZip":null,"jurisdictionCode":"PND","ownerName":"THE STATE OF NORTH CAROLINA","ownerName2":null,"propertyName":null,"zoningCode":"RP","zoningDistrict":"Residential Performance","jurisdictionPrefix":"PND","dorCode":null,"acreage":50.0,"centroid":[-77.671944,34.620924],"lastSale":{"date":"2007-06-06","price":null,"qualified":null},"tax":{"marketValue":87500.0,"assessedValue":null,"taxableValue":null,"taxes":null},"mailingAddress":{"line1":"1321 MAIL SERVICE CENTER","line2":null,"city":"RALEIGH","state":"NC","zip":"27699"},"incomeTract":null,"incomeBlockGroup":null,"nearestRoad":null,"flu":{"code":"Conservation","label":"Conservation","jurisdiction":"Pender County","source":"https://gis.pendercountync.gov/arcgis/rest/services/LayersPro/MapServer/35"},"opportunityZone":null,"oz2Eligibility":{"eligible":true,"rural":true,"tractGeoid":"37141920204","tractName":"Census Tract 9202.04","designation":"eligible-for-nomination"},"source":"nc-pender-energov-37141","appraiserUrl":"https://mss.pendercountync.gov/css/citizens/RealEstate/Default.aspx?mode=new"},"geometry":{"type":"Polygon","coordinates":[[[-77.669393,34.622236],[-77.669297,34.622752],[-77.669172,34.623547],[-77.66898,34.624356],[-77.674033,34.624753],[-77.674564,34.620795],[-77.67442,34.620814],[-77.674301,34.620777],[-77.67414,34.620625],[-77.674064,34.620451],[-77.674011,34.620416],[-77.673952,34.620405],[-77.673861,34.620431],[-77.67376,34.620491],[-77.673528,34.620749],[-77.673363,34.620853],[-77.673253,34.620838],[-77.672977,34.620739],[-77.672879,34.620729],[-77.672754,34.620753],[-77.67246,34.620861],[-77.672272,34.620885],[-77.672177,34.62084],[-77.672104,34.620724],[-77.672039,34.620679],[-77.671895,34.620664],[-77.671674,34.620687],[-77.671505,34.620639],[-77.671427,34.620563],[-77.671309,34.620392],[-77.671244,34.620179],[-77.671178,34.620107],[-77.671084,34.620102],[-77.670892,34.620163],[-77.670821,34.620167],[-77.670601,34.620092],[-77.670421,34.619985],[-77.670319,34.619979],[-77.67014,34.620001],[-77.669948,34.620228],[-77.669923,34.6217],[-77.669501,34.621655],[-77.669393,34.622236]]]}},{"type":"Feature","id":"37141:3373-62-8569-0000","properties":{"id":"37141:3373-62-8569-0000","parcelId":"3373-62-8569-0000","countyFips":"37141","countyName":"Pender","state":"North Carolina","marketIds":["Wilmington"],"situsAddress":"NC HWY 53 E","situsCity":null,"situsZip":null,"jurisdictionCode":"PND","ownerName":"KING, WILLIAM C III ET AL","ownerName2":null,"propertyName":null,"zoningCode":"RA","zoningDistrict":"Rural Agricultural","jurisdictionPrefix":"PND","dorCode":null,"acreage":50.0,"centroid":[-77.746392,34.657606],"lastSale":{"date":"2022-02-23","price":250000.0,"qualified":null},"tax":{"marketValue":10750.0,"assessedValue":null,"taxableValue":null,"taxes":null},"mailingAddress":{"line1":"8601 BALD EAGLE LANE","line2":null,"city":"WILMINGTON","state":"NC","zip":"28411"},"incomeTract":null,"incomeBlockGroup":null,"nearestRoad":null,"flu":{"code":"Rural Agricultural","label":"Rural Agricultural","jurisdiction":"Pender County","source":"https://gis.pendercountync.gov/arcgis/rest/services/LayersPro/MapServer/35"},"opportunityZone":null,"oz2Eligibility":{"eligible":true,"rural":true,"tractGeoid":"37141920204","tractName":"Census Tract 9202.04","designation":"eligible-for-nomination"},"source":"nc-pender-energov-37141","appraiserUrl":"https://mss.pendercountync.gov/css/citizens/RealEstate/Default.aspx?mode=new"},"geometry":{"type":"Polygon","coordinates":[[[-77.743322,34.658196],[-77.744825,34.658784],[-77.747772,34.659936],[-77.750242,34.656425],[-77.745797,34.654687],[-77.743322,34.658196]]]}},{"type":"Feature","id":"37141:3373-82-2040-0000","properties":{"id":"37141:3373-82-2040-0000","parcelId":"3373-82-2040-0000","countyFips":"37141","countyName":"Pender","state":"North Carolina","marketIds":["Wilmington"],"situsAddress":"13570 NC HWY 53 E","situsCity":null,"situsZip":null,"jurisdictionCode":"PND","ownerName":"KING, WILLIAM C III ET AL","ownerName2":null,"propertyName":null,"zoningCode":"RA","zoningDistrict":"Rural Agricultural","jurisdictionPrefix":"PND","dorCode":null,"acreage":50.0,"centroid":[-77.742265,34.655357],"lastSale":{"date":"2022-02-23","price":250000.0,"qualified":null},"tax":{"marketValue":181887.0,"assessedValue":null,"taxableValue":null,"taxes":null},"mailingAddress":{"line1":"8601 BALD EAGLE LANE","line2":null,"city":"WILMINGTON","state":"NC","zip":"28411"},"incomeTract":null,"incomeBlockGroup":null,"nearestRoad":null,"flu":{"code":"Rural Agricultural","label":"Rural Agricultural","jurisdiction":"Pender County","source":"https://gis.pendercountync.gov/arcgis/rest/services/LayersPro/MapServer/35"},"opportunityZone":null,"oz2Eligibility":{"eligible":true,"rural":true,"tractGeoid":"37141920204","tractName":"Census Tract 9202.04","designation":"eligible-for-nomination"},"source":"nc-pender-energov-37141","appraiserUrl":"https://mss.pendercountync.gov/css/citizens/RealEstate/Default.aspx?mode=new"},"geometry":{"type":"Polygon","coordinates":[[[-77.740308,34.653841],[-77.738501,34.656311],[-77.743322,34.658196],[-77.745797,34.654687],[-77.743398,34.653748],[-77.740308,34.653841]]]}},{"type":"Feature","id":"37141:3383-83-2443-0000","properties":{"id":"37141:3383-83-2443-0000","parcelId":"3383-83-2443-0000","countyFips":"37141","countyName":"Pender","state":"North Carolina","marketIds":["Wilmington"],"situsAddress":null,"situsCity":null,"situsZip":null,"jurisdictionCode":"PND","ownerName":"JEAT PROPERTIES LLC","ownerName2":null,"propertyName":null,"zoningCode":"RA","zoningDistrict":"Rural Agricultural","jurisdictionPrefix":"PND","dorCode":null,"acreage":49.25,"centroid":[-77.709408,34.659593],"lastSale":{"date":"2014-11-14","price":null,"qualified":null},"tax":{"marketValue":42719.0,"assessedValue":null,"taxableValue":null,"taxes":null},"mailingAddress":{"line1":"2213 WASHINGTON ACRES DR","line2":null,"city":"HAMPSTEAD","state":"NC","zip":"28443"},"incomeTract":null,"incomeBlockGroup":null,"nearestRoad":null,"flu":{"code":"Rural Agricultural","label":"Rural Agricultural","jurisdiction":"Pender County","source":"https://gis.pendercountync.gov/arcgis/rest/services/LayersPro/MapServer/35"},"opportunityZone":null,"oz2Eligibility":{"eligible":true,"rural":true,"tractGeoid":"37141920204","tractName":"Census Tract 9202.04","designation":"eligible-for-nomination"},"source":"nc-pender-energov-37141","appraiserUrl":"https://mss.pendercountync.gov/css/citizens/RealEstate/Default.aspx?mode=new"},"geometry":{"type":"Polygon","coordinates":[[[-77.705408,34.657677],[-77.71049,34.661349],[-77.714304,34.66501],[-77.71565,34.663392],[-77.711911,34.659808],[-77.711743,34.659988],[-77.708426,34.658071],[-77.70691,34.657401],[-77.706572,34.657527],[-77.706173,34.657628],[-77.705897,34.657669],[-77.705408,34.657677]]]}},{"type":"Feature","id":"37141:3392-67-9901-0000","properties":{"id":"37141:3392-67-9901-0000","parcelId":"3392-67-9901-0000","countyFips":"37141","countyName":"Pender","state":"North Carolina","marketIds":["Wilmington"],"situsAddress":null,"situsCity":null,"situsZip":null,"jurisdictionCode":"PND","ownerName":"POUCHPROM, SURIYA","ownerName2":null,"propertyName":null,"zoningCode":"RA","zoningDistrict":"Rural Agricultural","jurisdictionPrefix":"PND","dorCode":null,"acreage":48.77,"centroid":[-77.679798,34.643546],"lastSale":{"date":"2017-02-27","price":null,"qualified":null},"tax":{"marketValue":99713.0,"assessedValue":null,"taxableValue":null,"taxes":null},"mailingAddress":{"line1":"115 LANCE CT","line2":null,"city":"JACKSONVILLE","state":"NC","zip":"28546"},"incomeTract":null,"incomeBlockGroup":null,"nearestRoad":null,"flu":{"code":"Rural Agricultural","label":"Rural Agricultural","jurisdiction":"Pender County","source":"https://gis.pendercountync.gov/arcgis/rest/services/LayersPro/MapServer/35"},"opportunityZone":null,"oz2Eligibility":{"eligible":true,"rural":true,"tractGeoid":"37141920204","tractName":"Census Tract 9202.04","designation":"eligible-for-nomination"},"source":"nc-pender-energov-37141","appraiserUrl":"https://mss.pendercountync.gov/css/citizens/RealEstate/Default.aspx?mode=new"},"geometry":{"type":"Polygon","coordinates":[[[-77.678653,34.64396],[-77.678775,34.644152],[-77.679347,34.645046],[-77.679403,34.645392],[-77.684379,34.645999],[-77.681055,34.641093],[-77.67566,34.64359],[-77.675521,34.643627],[-77.675352,34.643615],[-77.675217,34.64358],[-77.675931,34.644481],[-77.678322,34.643489],[-77.678653,34.64396]]]}},{"type":"Feature","id":"37141:3374-89-8368-0000","properties":{"id":"37141:3374-89-8368-0000","parcelId":"3374-89-8368-0000","countyFips":"37141","countyName":"Pender","state":"North Carolina","marketIds":["Wilmington"],"situsAddress":"50 HWY OFF","situsCity":null,"situsZip":null,"jurisdictionCode":"PND","ownerName":"HAN-DY-LAND CHICKENS, LLC","ownerName2":null,"propertyName":null,"zoningCode":"RA","zoningDistrict":"Rural Agricultural","jurisdictionPrefix":"PND","dorCode":null,"acreage":48.3,"centroid":[-77.738222,34.703561],"lastSale":{"date":"2025-08-29","price":325000.0,"qualified":null},"tax":{"marketValue":99125.0,"assessedValue":null,"taxableValue":null,"taxes":null},"mailingAddress":{"line1":"260 BATCHELOR BAY RD","line2":null,"city":"WALLACE","state":"NC","zip":"28466"},"incomeTract":null,"incomeBlockGroup":null,"nearestRoad":null,"flu":{"code":"Rural Agricultural","label":"Rural Agricultural","jurisdiction":"Pender County","source":"https://gis.pendercountync.gov/arcgis/rest/services/LayersPro/MapServer/35"},"opportunityZone":null,"oz2Eligibility":{"eligible":true,"rural":true,"tractGeoid":"37141920204","tractName":"Census Tract 9202.04","designation":"eligible-for-nomination"},"source":"nc-pender-energov-37141","appraiserUrl":"https://mss.pendercountync.gov/css/citizens/RealEstate/Default.aspx?mode=new"},"geometry":{"type":"Polygon","coordinates":[[[-77.738471,34.705103],[-77.738476,34.705165],[-77.738477,34.705183],[-77.739857,34.705031],[-77.743696,34.704733],[-77.738726,34.699048],[-77.738557,34.69929],[-77.73887,34.699586],[-77.738068,34.700489],[-77.738635,34.700876],[-77.7385,34.701318],[-77.738037,34.701578],[-77.73818,34.701881],[-77.737526,34.702215],[-77.737769,34.702933],[-77.737306,34.703266],[-77.737612,34.703457],[-77.737687,34.704045],[-77.737677,34.704101],[-77.737626,34.704171],[-77.737651,34.70422],[-77.737761,34.704214],[-77.737846,34.704261],[-77.73782,34.704434],[-77.737664,34.70462],[-77.737696,34.704662],[-77.737568,34.704752],[-77.737645,34.704858],[-77.737895,34.704889],[-77.737957,34.704929],[-77.737908,34.705018],[-77.737919,34.705051],[-77.738036,34.705097],[-77.738223,34.705106],[-77.738414,34.705068],[-77.738471,34.705103]]]}},{"type":"Feature","id":"37141:3395-52-5487-0000","properties":{"id":"37141:3395-52-5487-0000","parcelId":"3395-52-5487-0000","countyFips":"37141","countyName":"Pender","state":"North Carolina","marketIds":["Wilmington"],"situsAddress":"JOSHUA JAMES RD","situsCity":null,"situsZip":null,"jurisdictionCode":"PND","ownerName":"ZWIFELHOFER, JEDADIAH","ownerName2":null,"propertyName":null,"zoningCode":"RA","zoningDistrict":"Rural Agricultural","jurisdictionPrefix":"PND","dorCode":null,"acreage":47.98,"centroid":[-77.685141,34.711623],"lastSale":{"date":"2022-03-17","price":172000.0,"qualified":null},"tax":{"marketValue":98725.0,"assessedValue":null,"taxableValue":null,"taxes":null},"mailingAddress":{"line1":"507 PINEHURST CIRCLE","line2":null,"city":"HAMPSTEAD","state":"NC","zip":"28443"},"incomeTract":null,"incomeBlockGroup":null,"nearestRoad":null,"flu":{"code":"Rural Agricultural","label":"Rural Agricultural","jurisdiction":"Pender County","source":"https://gis.pendercountync.gov/arcgis/rest/services/LayersPro/MapServer/35"},"opportunityZone":null,"oz2Eligibility":{"eligible":true,"rural":true,"tractGeoid":"37141920204","tractName":"Census Tract 9202.04","designation":"eligible-for-nomination"},"source":"nc-pender-energov-37141","appraiserUrl":"https://mss.pendercountync.gov/css/citizens/RealEstate/Default.aspx?mode=new"},"geometry":{"type":"Polygon","coordinates":[[[-77.684527,34.714335],[-77.684528,34.714335],[-77.685399,34.714324],[-77.685501,34.714255],[-77.685695,34.714317],[-77.685938,34.714007],[-77.685826,34.713944],[-77.685652,34.713682],[-77.685963,34.713427],[-77.685821,34.713192],[-77.68568,34.713292],[-77.685333,34.712876],[-77.685375,34.712681],[-77.685735,34.712538],[-77.685757,34.712273],[-77.685908,34.712151],[-77.685921,34.711917],[-77.685744,34.711946],[-77.685553,34.711741],[-77.685584,34.711443],[-77.685498,34.711282],[-77.685622,34.710888],[-77.685834,34.710832],[-77.685852,34.710666],[-77.685723,34.710544],[-77.685827,34.71032],[-77.685597,34.709997],[-77.685564,34.70979],[-77.685704,34.70969],[-77.68571,34.709607],[-77.685577,34.709593],[-77.685386,34.709425],[-77.685285,34.709179],[-77.685133,34.708988],[-77.681925,34.709086],[-77.681804,34.709256],[-77.681668,34.709386],[-77.680219,34.710459],[-77.684527,34.714335]]]}},{"type":"Feature","id":"37141:3394-94-6039-0000","properties":{"id":"37141:3394-94-6039-0000","parcelId":"3394-94-6039-0000","countyFips":"37141","countyName":"Pender","state":"North Carolina","marketIds":["Wilmington"],"situsAddress":"53 HWY OFF","situsCity":null,"situsZip":null,"jurisdictionCode":"PND","ownerName":"WOOTEN, GLENDA H","ownerName2":null,"propertyName":null,"zoningCode":"RA","zoningDistrict":"Rural Agricultural","jurisdictionPrefix":"PND","dorCode":null,"acreage":47.77,"centroid":[-77.670256,34.68866],"lastSale":{"date":null,"price":null,"qualified":null},"tax":{"marketValue":98463.0,"assessedValue":null,"taxableValue":null,"taxes":null},"mailingAddress":{"line1":"210 OLD MAPLE HILL RD","line2":null,"city":"MAPLE HILL","state":"NC","zip":"28454"},"incomeTract":null,"incomeBlockGroup":null,"nearestRoad":null,"flu":{"code":"Rural Agricultural","label":"Rural Agricultural","jurisdiction":"Pender County","source":"https://gis.pendercountync.gov/arcgis/rest/services/LayersPro/MapServer/35"},"opportunityZone":null,"oz2Eligibility":{"eligible":true,"rural":true,"tractGeoid":"37141920204","tractName":"Census Tract 9202.04","designation":"eligible-for-nomination"},"source":"nc-pender-energov-37141","appraiserUrl":"https://mss.pendercountync.gov/css/citizens/RealEstate/Default.aspx?mode=new"},"geometry":{"type":"Polygon","coordinates":[[[-77.665993,34.690431],[-77.66728,34.693174],[-77.669001,34.692707],[-77.670616,34.692166],[-77.671125,34.692119],[-77.669827,34.69024],[-77.670246,34.689719],[-77.670408,34.689489],[-77.671155,34.688933],[-77.671312,34.688875],[-77.671808,34.688485],[-77.672322,34.687615],[-77.672556,34.686868],[-77.672483,34.686701],[-77.672261,34.686616],[-77.671725,34.68672],[-77.671549,34.686503],[-77.671175,34.686452],[-77.670529,34.686479],[-77.670058,34.686309],[-77.669662,34.686514],[-77.66945,34.686887],[-77.66904,34.686697],[-77.670146,34.688748],[-77.668123,34.689493],[-77.666804,34.69022],[-77.665993,34.690431]]]}},{"type":"Feature","id":"37141:3383-57-7806-0000","properties":{"id":"37141:3383-57-7806-0000","parcelId":"3383-57-7806-0000","countyFips":"37141","countyName":"Pender","state":"North Carolina","marketIds":["Wilmington"],"situsAddress":"53 HWY","situsCity":null,"situsZip":null,"jurisdictionCode":"PND","ownerName":"MARSHBURN, ROXANNE E","ownerName2":null,"propertyName":null,"zoningCode":"RA","zoningDistrict":"Rural Agricultural","jurisdictionPrefix":"PND","dorCode":null,"acreage":47.0,"centroid":[-77.716798,34.671947],"lastSale":{"date":"1983-10-28","price":null,"qualified":null},"tax":{"marketValue":16254.0,"assessedValue":null,"taxableValue":null,"taxes":null},"mailingAddress":{"line1":"14171 NC HWY 53 E","line2":null,"city":"MAPLE HILL","state":"NC","zip":"28454"},"incomeTract":null,"incomeBlockGroup":null,"nearestRoad":null,"flu":{"code":"Rural Agricultural","label":"Rural Agricultural","jurisdiction":"Pender County","source":"https://gis.pendercountync.gov/arcgis/rest/services/LayersPro/MapServer/35"},"opportunityZone":null,"oz2Eligibility":{"eligible":true,"rural":true,"tractGeoid":"37141920204","tractName":"Census Tract 9202.04","designation":"eligible-for-nomination"},"source":"nc-pender-energov-37141","appraiserUrl":"https://mss.pendercountync.gov/css/citizens/RealEstate/Default.aspx?mode=new"},"geometry":{"type":"Polygon","coordinates":[[[-77.714067,34.671176],[-77.715022,34.671911],[-77.716069,34.672737],[-77.716961,34.673518],[-77.717721,34.674146],[-77.720695,34.671562],[-77.717048,34.668579],[-77.714067,34.671176]]]}},{"type":"Feature","id":"37141:3381-55-0184-0000","properties":{"id":"37141:3381-55-0184-0000","parcelId":"3381-55-0184-0000","countyFips":"37141","countyName":"Pender","state":"North Carolina","marketIds":["Wilmington"],"situsAddress":null,"situsCity":null,"situsZip":null,"jurisdictionCode":"PND","ownerName":"MAPLE HILL HUNTING LAND LLC","ownerName2":null,"propertyName":null,"zoningCode":"RA","zoningDistrict":"Rural Agricultural","jurisdictionPrefix":"PND","dorCode":null,"acreage":46.2,"centroid":[-77.720231,34.609808],"lastSale":{"date":"2016-03-21","price":null,"qualified":null},"tax":{"marketValue":96500.0,"assessedValue":null,"taxableValue":null,"taxes":null},"mailingAddress":{"line1":"9124 RIVER ROAD","line2":null,"city":"WILMINGTON","state":"NC","zip":"28412"},"incomeTract":null,"incomeBlockGroup":null,"nearestRoad":null,"flu":{"code":"Rural Agricultural","label":"Rural Agricultural","jurisdiction":"Pender County","source":"https://gis.pendercountync.gov/arcgis/rest/services/LayersPro/MapServer/35"},"opportunityZone":null,"oz2Eligibility":{"eligible":true,"rural":true,"tractGeoid":"37141920204","tractName":"Census Tract 9202.04","designation":"eligible-for-nomination"},"source":"nc-pender-energov-37141","appraiserUrl":"https://mss.pendercountync.gov/css/citizens/RealEstate/Default.aspx?mode=new"},"geometry":{"type":"Polygon","coordinates":[[[-77.721154,34.610742],[-77.721165,34.610744],[-77.722399,34.611215],[-77.723476,34.607943],[-77.717832,34.606673],[-77.717387,34.610198],[-77.71869,34.610454],[-77.719749,34.610495],[-77.721154,34.610742]]]}},{"type":"Feature","id":"37141:3381-35-6610-0000","properties":{"id":"37141:3381-35-6610-0000","parcelId":"3381-35-6610-0000","countyFips":"37141","countyName":"Pender","state":"North Carolina","marketIds":["Wilmington"],"situsAddress":null,"situsCity":null,"situsZip":null,"jurisdictionCode":"PND","ownerName":"MAPLE HILL HUNTING LAND LLC","ownerName2":null,"propertyName":null,"zoningCode":"RA","zoningDistrict":"Rural Agricultural","jurisdictionPrefix":"PND","dorCode":null,"acreage":46.0,"centroid":[-77.724975,34.610562],"lastSale":{"date":"2016-03-21","price":null,"qualified":null},"tax":{"marketValue":96250.0,"assessedValue":null,"taxableValue":null,"taxes":null},"mailingAddress":{"line1":"9124 RIVER ROAD","line2":null,"city":"WILMINGTON","state":"NC","zip":"28412"},"incomeTract":null,"incomeBlockGroup":null,"nearestRoad":null,"flu":{"code":"Rural Agricultural","label":"Rural Agricultural","jurisdiction":"Pender County","source":"https://gis.pendercountync.gov/arcgis/rest/services/LayersPro/MapServer/35"},"opportunityZone":null,"oz2Eligibility":{"eligible":true,"rural":true,"tractGeoid":"37141920204","tractName":"Census Tract 9202.04","designation":"eligible-for-nomination"},"source":"nc-pender-energov-37141","appraiserUrl":"https://mss.pendercountync.gov/css/citizens/RealEstate/Default.aspx?mode=new"},"geometry":{"type":"Polygon","coordinates":[[[-77.722399,34.611215],[-77.723842,34.611765],[-77.726493,34.612777],[-77.728663,34.609111],[-77.723476,34.607943],[-77.722399,34.611215]]]}},{"type":"Feature","id":"37141:4304-03-3064-0000","properties":{"id":"37141:4304-03-3064-0000","parcelId":"4304-03-3064-0000","countyFips":"37141","countyName":"Pender","state":"North Carolina","marketIds":["Wilmington"],"situsAddress":"53 HWY OFF","situsCity":null,"situsZip":null,"jurisdictionCode":"PND","ownerName":"RUSS, FAYE L","ownerName2":null,"propertyName":null,"zoningCode":"RA","zoningDistrict":"Rural Agricultural","jurisdictionPrefix":"PND","dorCode":null,"acreage":45.77,"centroid":[-77.667604,34.686071],"lastSale":{"date":"2019-07-24","price":null,"qualified":null},"tax":{"marketValue":23208.0,"assessedValue":null,"taxableValue":null,"taxes":null},"mailingAddress":{"line1":"6224 BRADLEY OVERLOOK","line2":null,"city":"WILMINGTON","state":"NC","zip":"28403"},"incomeTract":null,"incomeBlockGroup":null,"nearestRoad":null,"flu":{"code":"Rural Agricultural","label":"Rural Agricultural","jurisdiction":"Pender County","source":"https://gis.pendercountync.gov/arcgis/rest/services/LayersPro/MapServer/35"},"opportunityZone":null,"oz2Eligibility":{"eligible":true,"rural":true,"tractGeoid":"37141920204","tractName":"Census Tract 9202.04","designation":"eligible-for-nomination"},"source":"nc-pender-energov-37141","appraiserUrl":"https://mss.pendercountync.gov/css/citizens/RealEstate/Default.aspx?mode=new"},"geometry":{"type":"Polygon","coordinates":[[[-77.665741,34.684739],[-77.665304,34.685463],[-77.664997,34.685696],[-77.664957,34.685945],[-77.665274,34.686438],[-77.665631,34.686518],[-77.666029,34.686751],[-77.666432,34.686868],[-77.666979,34.68729],[-77.667985,34.687031],[-77.66904,34.686697],[-77.66945,34.686887],[-77.669662,34.686514],[-77.670058,34.686309],[-77.670529,34.686479],[-77.670833,34.686466],[-77.671613,34.684214],[-77.666351,34.682974],[-77.665741,34.684739]]]}},{"type":"Feature","id":"37141:3288-29-5686-0000","properties":{"id":"37141:3288-29-5686-0000","parcelId":"3288-29-5686-0000","countyFips":"37141","countyName":"Pender","state":"North Carolina","marketIds":["Wilmington"],"situsAddress":null,"situsCity":null,"situsZip":null,"jurisdictionCode":"PND","ownerName":"UNIV OF NC","ownerName2":null,"propertyName":null,"zoningCode":"EC","zoningDistrict":"Environmental Conservation","jurisdictionPrefix":"PND","dorCode":null,"acreage":45.0,"centroid":[-77.730238,34.539441],"lastSale":{"date":"2001-01-05","price":null,"qualified":null},"tax":{"marketValue":157500.0,"assessedValue":null,"taxableValue":null,"taxes":null},"mailingAddress":{"line1":"PO BOX 629","line2":null,"city":"RALEIGH","state":"NC","zip":"27602"},"incomeTract":null,"incomeBlockGroup":null,"nearestRoad":null,"flu":{"code":"Conservation","label":"Conservation","jurisdiction":"Pender County","source":"https://gis.pendercountync.gov/arcgis/rest/services/LayersPro/MapServer/35"},"opportunityZone":null,"oz2Eligibility":{"eligible":true,"rural":true,"tractGeoid":"37141920204","tractName":"Census Tract 9202.04","designation":"eligible-for-nomination"},"source":"nc-pender-energov-37141","appraiserUrl":"https://mss.pendercountync.gov/css/citizens/RealEstate/Default.aspx?mode=new"},"geometry":{"type":"Polygon","coordinates":[[[-77.724642,34.541016],[-77.724713,34.541022],[-77.725114,34.540961],[-77.725342,34.540963],[-77.725523,34.540943],[-77.725663,34.540897],[-77.725956,34.540737],[-77.726128,34.540602],[-77.726427,34.540322],[-77.726646,34.5402],[-77.72718,34.540067],[-77.728349,34.540022],[-77.72899,34.540018],[-77.729668,34.539969],[-77.730551,34.539975],[-77.731026,34.539933],[-77.731537,34.539822],[-77.73218,34.539796],[-77.732775,34.53973],[-77.734097,34.539723],[-77.734667,34.539677],[-77.734739,34.539652],[-77.734925,34.539649],[-77.735227,34.539606],[-77.735418,34.539612],[-77.735713,34.539559],[-77.735834,34.539515],[-77.733763,34.537861],[-77.725178,34.538818],[-77.724795,34.539961],[-77.724642,34.541016]]]}},{"type":"Feature","id":"37141:3383-32-4338-0000","properties":{"id":"37141:3383-32-4338-0000","parcelId":"3383-32-4338-0000","countyFips":"37141","countyName":"Pender","state":"North Carolina","marketIds":["Wilmington"],"situsAddress":"53 HWY OFF","situsCity":null,"situsZip":null,"jurisdictionCode":"PND","ownerName":"TALBERT, JEAN WOOTEN ET AL","ownerName2":null,"propertyName":null,"zoningCode":"RA","zoningDistrict":"Rural Agricultural","jurisdictionPrefix":"PND","dorCode":null,"acreage":44.86,"centroid":[-77.724495,34.656165],"lastSale":{"date":null,"price":null,"qualified":null},"tax":{"marketValue":14918.0,"assessedValue":null,"taxableValue":null,"taxes":null},"mailingAddress":{"line1":"2213 WASHINGTON ACRES RD","line2":null,"city":"HAMPSTEAD","state":"NC","zip":"28443"},"incomeTract":null,"incomeBlockGroup":null,"nearestRoad":null,"flu":{"code":"Rural Agricultural","label":"Rural Agricultural","jurisdiction":"Pender County","source":"https://gis.pendercountync.gov/arcgis/rest/services/LayersPro/MapServer/35"},"opportunityZone":null,"oz2Eligibility":{"eligible":true,"rural":true,"tractGeoid":"37141920204","tractName":"Census Tract 9202.04","designation":"eligible-for-nomination"},"source":"nc-pender-energov-37141","appraiserUrl":"https://mss.pendercountync.gov/css/citizens/RealEstate/Default.aspx?mode=new"},"geometry":{"type":"Polygon","coordinates":[[[-77.724739,34.654517],[-77.722534,34.656444],[-77.721615,34.657247],[-77.72408,34.659387],[-77.728251,34.655765],[-77.725753,34.653631],[-77.724739,34.654517]]]}},{"type":"Feature","id":"37141:4304-04-8215-0000","properties":{"id":"37141:4304-04-8215-0000","parcelId":"4304-04-8215-0000","countyFips":"37141","countyName":"Pender","state":"North Carolina","marketIds":["Wilmington"],"situsAddress":"18267 NC HWY 53 E","situsCity":null,"situsZip":null,"jurisdictionCode":"PND","ownerName":"WOOTEN, GLENDA H","ownerName2":null,"propertyName":null,"zoningCode":"RA","zoningDistrict":"Rural Agricultural","jurisdictionPrefix":"PND","dorCode":null,"acreage":44.17,"centroid":[-77.666484,34.687053],"lastSale":{"date":null,"price":null,"qualified":null},"tax":{"marketValue":191757.0,"assessedValue":null,"taxableValue":null,"taxes":null},"mailingAddress":{"line1":"210 OLD MAPLE HILL RD","line2":null,"city":"MAPLE HILL","state":"NC","zip":"28454"},"incomeTract":null,"incomeBlockGroup":null,"nearestRoad":null,"flu":{"code":"Rural Agricultural","label":"Rural Agricultural","jurisdiction":"Pender County","source":"https://gis.pendercountync.gov/arcgis/rest/services/LayersPro/MapServer/35"},"opportunityZone":null,"oz2Eligibility":{"eligible":true,"rural":true,"tractGeoid":"37141920204","tractName":"Census Tract 9202.04","designation":"eligible-for-nomination"},"source":"nc-pender-energov-37141","appraiserUrl":"https://mss.pendercountync.gov/css/citizens/RealEstate/Default.aspx?mode=new"},"geometry":{"type":"Polygon","coordinates":[[[-77.665985,34.690415],[-77.665993,34.690431],[-77.666804,34.69022],[-77.668123,34.689493],[-77.670146,34.688748],[-77.66904,34.686697],[-77.667985,34.687031],[-77.666979,34.68729],[-77.666432,34.686868],[-77.666029,34.686751],[-77.665631,34.686518],[-77.665274,34.686438],[-77.664957,34.685945],[-77.664997,34.685696],[-77.665304,34.685463],[-77.665741,34.684739],[-77.664948,34.684314],[-77.663435,34.68401],[-77.663129,34.683697],[-77.662822,34.683674],[-77.665985,34.690415]]]}},{"type":"Feature","id":"37141:3395-41-1091-0000","properties":{"id":"37141:3395-41-1091-0000","parcelId":"3395-41-1091-0000","countyFips":"37141","countyName":"Pender","state":"North Carolina","marketIds":["Wilmington"],"situsAddress":null,"situsCity":null,"situsZip":null,"jurisdictionCode":"PND","ownerName":"WEBSTER, MARILYN LOUISE BOSTIAN CO-EXECU","ownerName2":null,"propertyName":null,"zoningCode":"RA","zoningDistrict":"Rural Agricultural","jurisdictionPrefix":"PND","dorCode":null,"acreage":43.25,"centroid":[-77.688114,34.706768],"lastSale":{"date":"2016-02-19","price":null,"qualified":null},"tax":{"marketValue":5873.0,"assessedValue":null,"taxableValue":null,"taxes":null},"mailingAddress":{"line1":"3100 ELM DR","line2":null,"city":"LA CROSSE","state":"WI","zip":"54601"},"incomeTract":null,"incomeBlockGroup":null,"nearestRoad":null,"flu":{"code":"Rural Agricultural","label":"Rural Agricultural","jurisdiction":"Pender County","source":"https://gis.pendercountync.gov/arcgis/rest/services/LayersPro/MapServer/35"},"opportunityZone":null,"oz2Eligibility":{"eligible":true,"rural":true,"tractGeoid":"37141920204","tractName":"Census Tract 9202.04","designation":"eligible-for-nomination"},"source":"nc-pender-energov-37141","appraiserUrl":"https://mss.pendercountync.gov/css/citizens/RealEstate/Default.aspx?mode=new"},"geometry":{"type":"Polygon","coordinates":[[[-77.68628,34.706639],[-77.686248,34.707186],[-77.686051,34.707374],[-77.686273,34.707574],[-77.68568,34.708055],[-77.685644,34.708315],[-77.685345,34.708636],[-77.685371,34.708775],[-77.685133,34.708988],[-77.691933,34.70878],[-77.691569,34.708109],[-77.691421,34.707753],[-77.691337,34.707355],[-77.691328,34.706954],[-77.691203,34.706941],[-77.690889,34.706672],[-77.690679,34.706625],[-77.690513,34.706668],[-77.690443,34.706586],[-77.689853,34.706373],[-77.689826,34.706262],[-77.689402,34.706213],[-77.68939,34.705831],[-77.689096,34.705804],[-77.688643,34.706015],[-77.687724,34.705277],[-77.685884,34.704583],[-77.685999,34.704805],[-77.685851,34.705053],[-77.685988,34.705584],[-77.686224,34.70569],[-77.686212,34.705873],[-77.686302,34.706295],[-77.686139,34.706465],[-77.68628,34.706639]]]}},{"type":"Feature","id":"37141:3393-20-5577-0000","properties":{"id":"37141:3393-20-5577-0000","parcelId":"3393-20-5577-0000","countyFips":"37141","countyName":"Pender","state":"North Carolina","marketIds":["Wilmington"],"situsAddress":"50 HWY OFF","situsCity":null,"situsZip":null,"jurisdictionCode":"PND","ownerName":"BEVERAGE, SUZANNE WOOTEN","ownerName2":null,"propertyName":null,"zoningCode":"RA","zoningDistrict":"Rural Agricultural","jurisdictionPrefix":"PND","dorCode":null,"acreage":42.76,"centroid":[-77.691225,34.65217],"lastSale":{"date":"2006-06-29","price":null,"qualified":null},"tax":{"marketValue":17351.0,"assessedValue":null,"taxableValue":null,"taxes":null},"mailingAddress":{"line1":"5561 NC HWY 50","line2":null,"city":"MAPLE HILL","state":"NC","zip":"28454"},"incomeTract":null,"incomeBlockGroup":null,"nearestRoad":null,"flu":{"code":"Rural Agricultural","label":"Rural Agricultural","jurisdiction":"Pender County","source":"https://gis.pendercountync.gov/arcgis/rest/services/LayersPro/MapServer/35"},"opportunityZone":null,"oz2Eligibility":{"eligible":true,"rural":true,"tractGeoid":"37141920204","tractName":"Census Tract 9202.04","designation":"eligible-for-nomination"},"source":"nc-pender-energov-37141","appraiserUrl":"https://mss.pendercountync.gov/css/citizens/RealEstate/Default.aspx?mode=new"},"geometry":{"type":"Polygon","coordinates":[[[-77.691072,34.652467],[-77.695277,34.653177],[-77.69647,34.648342],[-77.694196,34.647974],[-77.693244,34.651587],[-77.690723,34.651572],[-77.689665,34.651463],[-77.688146,34.650334],[-77.687749,34.651906],[-77.691072,34.652467]]]}},{"type":"Feature","id":"37141:3393-63-0543-0000","properties":{"id":"37141:3393-63-0543-0000","parcelId":"3393-63-0543-0000","countyFips":"37141","countyName":"Pender","state":"North Carolina","marketIds":["Wilmington"],"situsAddress":null,"situsCity":null,"situsZip":null,"jurisdictionCode":"PND","ownerName":"ROCK OF DELIVERENCE MINISTRIES INC","ownerName2":null,"propertyName":null,"zoningCode":"RA","zoningDistrict":"Rural Agricultural","jurisdictionPrefix":"PND","dorCode":null,"acreage":40.4,"centroid":[-77.683394,34.661802],"lastSale":{"date":"2024-01-05","price":null,"qualified":null},"tax":{"marketValue":89250.0,"assessedValue":null,"taxableValue":null,"taxes":null},"mailingAddress":{"line1":"123 HENDERSON DRIVE","line2":null,"city":"JACKSONVILLE","state":"NC","zip":"28540"},"incomeTract":null,"incomeBlockGroup":null,"nearestRoad":null,"flu":{"code":"Rural Agricultural","label":"Rural Agricultural","jurisdiction":"Pender County","source":"https://gis.pendercountync.gov/arcgis/rest/services/LayersPro/MapServer/35"},"opportunityZone":null,"oz2Eligibility":{"eligible":true,"rural":true,"tractGeoid":"37141920204","tractName":"Census Tract 9202.04","designation":"eligible-for-nomination"},"source":"nc-pender-energov-37141","appraiserUrl":"https://mss.pendercountync.gov/css/citizens/RealEstate/Default.aspx?mode=new"},"geometry":{"type":"Polygon","coordinates":[[[-77.681989,34.662879],[-77.682566,34.663246],[-77.682665,34.66331],[-77.682433,34.663788],[-77.682619,34.663749],[-77.682734,34.663605],[-77.683044,34.663424],[-77.68322,34.663361],[-77.683328,34.663268],[-77.683345,34.663235],[-77.683329,34.663104],[-77.683339,34.663019],[-77.683541,34.662704],[-77.683601,34.662518],[-77.683693,34.662412],[-77.683718,34.662338],[-77.683723,34.662208],[-77.683793,34.662092],[-77.683825,34.661954],[-77.683903,34.661874],[-77.684101,34.66182],[-77.684217,34.661839],[-77.684278,34.661733],[-77.684396,34.661757],[-77.684474,34.661707],[-77.684365,34.661173],[-77.684637,34.660934],[-77.684719,34.661022],[-77.684946,34.661172],[-77.685212,34.661063],[-77.685525,34.660744],[-77.685505,34.660516],[-77.685559,34.660418],[-77.681992,34.657355],[-77.681476,34.658059],[-77.681274,34.658292],[-77.68259,34.660161],[-77.678845,34.660929],[-77.679844,34.661513],[-77.681989,34.662879]]]}},{"type":"Feature","id":"37141:3385-83-8667-0000","properties":{"id":"37141:3385-83-8667-0000","parcelId":"3385-83-8667-0000","countyFips":"37141","countyName":"Pender","state":"North Carolina","marketIds":["Wilmington"],"situsAddress":null,"situsCity":null,"situsZip":null,"jurisdictionCode":"PND","ownerName":"POWERS, GLENN H","ownerName2":null,"propertyName":null,"zoningCode":"RA","zoningDistrict":"Rural Agricultural","jurisdictionPrefix":"PND","dorCode":null,"acreage":40.01,"centroid":[-77.705558,34.714428],"lastSale":{"date":null,"price":null,"qualified":null},"tax":{"marketValue":3626.0,"assessedValue":null,"taxableValue":null,"taxes":null},"mailingAddress":{"line1":"73 CYPRESS CREEK ROAD","line2":null,"city":"MAPLE HILL","state":"NC","zip":"28454"},"incomeTract":null,"incomeBlockGroup":null,"nearestRoad":null,"flu":{"code":"Rural Agricultural","label":"Rural Agricultural","jurisdiction":"Pender County","source":"https://gis.pendercountync.gov/arcgis/rest/services/LayersPro/MapServer/35"},"opportunityZone":null,"oz2Eligibility":{"eligible":true,"rural":true,"tractGeoid":"37141920204","tractName":"Census Tract 9202.04","designation":"eligible-for-nomination"},"source":"nc-pender-energov-37141","appraiserUrl":"https://mss.pendercountync.gov/css/citizens/RealEstate/Default.aspx?mode=new"},"geometry":{"type":"Polygon","coordinates":[[[-77.70402,34.71278],[-77.703903,34.716951],[-77.707855,34.716764],[-77.707991,34.712878],[-77.70402,34.712765],[-77.70402,34.71278]]]}},{"type":"Feature","id":"37141:3383-74-9368-0000","properties":{"id":"37141:3383-74-9368-0000","parcelId":"3383-74-9368-0000","countyFips":"37141","countyName":"Pender","state":"North Carolina","marketIds":["Wilmington"],"situsAddress":null,"situsCity":null,"situsZip":null,"jurisdictionCode":"PND","ownerName":"LANIER, MICHAEL","ownerName2":null,"propertyName":null,"zoningCode":"RA","zoningDistrict":"Rural Agricultural","jurisdictionPrefix":"PND","dorCode":null,"acreage":39.56,"centroid":[-77.709385,34.662009],"lastSale":{"date":"2000-01-20","price":50000.0,"qualified":null},"tax":{"marketValue":68893.0,"assessedValue":null,"taxableValue":null,"taxes":null},"mailingAddress":{"line1":"908 RIVAGE PROMENADE","line2":null,"city":"WILMINGTON","state":"NC","zip":"28412"},"incomeTract":null,"incomeBlockGroup":null,"nearestRoad":null,"flu":{"code":"Rural Agricultural","label":"Rural Agricultural","jurisdiction":"Pender County","source":"https://gis.pendercountync.gov/arcgis/rest/services/LayersPro/MapServer/35"},"opportunityZone":null,"oz2Eligibility":{"eligible":true,"rural":true,"tractGeoid":"37141920204","tractName":"Census Tract 9202.04","designation":"eligible-for-nomination"},"source":"nc-pender-energov-37141","appraiserUrl":"https://mss.pendercountync.gov/css/citizens/RealEstate/Default.aspx?mode=new"},"geometry":{"type":"Polygon","coordinates":[[[-77.713218,34.666355],[-77.713232,34.666371],[-77.714304,34.66501],[-77.71049,34.661349],[-77.705408,34.657677],[-77.704901,34.657756],[-77.704085,34.657958],[-77.706389,34.659801],[-77.709532,34.662366],[-77.71037,34.663256],[-77.711306,34.664195],[-77.713218,34.666355]]]}},{"type":"Feature","id":"37141:3382-48-7964-0000","properties":{"id":"37141:3382-48-7964-0000","parcelId":"3382-48-7964-0000","countyFips":"37141","countyName":"Pender","state":"North Carolina","marketIds":["Wilmington"],"situsAddress":null,"situsCity":null,"situsZip":null,"jurisdictionCode":"PND","ownerName":"LANDOVER TIMBER LLC","ownerName2":null,"propertyName":null,"zoningCode":"RA","zoningDistrict":"Rural Agricultural","jurisdictionPrefix":"PND","dorCode":null,"acreage":39.17,"centroid":[-77.720006,34.646764],"lastSale":{"date":"2008-10-29","price":null,"qualified":null},"tax":{"marketValue":9328.0,"assessedValue":null,"taxableValue":null,"taxes":null},"mailingAddress":{"line1":"PO BOX 36518","line2":null,"city":"ROCK HILL","state":"SC","zip":"29732"},"incomeTract":null,"incomeBlockGroup":null,"nearestRoad":null,"flu":{"code":"Rural Agricultural","label":"Rural Agricultural","jurisdiction":"Pender County","source":"https://gis.pendercountync.gov/arcgis/rest/services/LayersPro/MapServer/35"},"opportunityZone":null,"oz2Eligibility":{"eligible":true,"rural":true,"tractGeoid":"37141920204","tractName":"Census Tract 9202.04","designation":"eligible-for-nomination"},"source":"nc-pender-energov-37141","appraiserUrl":"https://mss.pendercountync.gov/css/citizens/RealEstate/Default.aspx?mode=new"},"geometry":{"type":"Polygon","coordinates":[[[-77.717307,34.646407],[-77.72037,34.648996],[-77.724404,34.647969],[-77.719973,34.644546],[-77.717976,34.645904],[-77.717307,34.646407]]]}},{"type":"Feature","id":"37141:3372-84-3536-0000","properties":{"id":"37141:3372-84-3536-0000","parcelId":"3372-84-3536-0000","countyFips":"37141","countyName":"Pender","state":"North Carolina","marketIds":["Wilmington"],"situsAddress":"53 HWY OFF","situsCity":null,"situsZip":null,"jurisdictionCode":"PND","ownerName":"SHELTER CREEK CAPITAL LLC","ownerName2":null,"propertyName":null,"zoningCode":"GI","zoningDistrict":"General Industrial","jurisdictionPrefix":"PND","dorCode":null,"acreage":38.37,"centroid":[-77.739529,34.633151],"lastSale":{"date":"2011-01-07","price":415000.0,"qualified":null},"tax":{"marketValue":86713.0,"assessedValue":null,"taxableValue":null,"taxes":null},"mailingAddress":{"line1":"PO BOX 3649","line2":null,"city":"WILMINGTON","state":"NC","zip":"28406"},"incomeTract":null,"incomeBlockGroup":null,"nearestRoad":null,"flu":{"code":"Rural Agricultural","label":"Rural Agricultural","jurisdiction":"Pender County","source":"https://gis.pendercountync.gov/arcgis/rest/services/LayersPro/MapServer/35"},"opportunityZone":null,"oz2Eligibility":{"eligible":true,"rural":true,"tractGeoid":"37141920204","tractName":"Census Tract 9202.04","designation":"eligible-for-nomination"},"source":"nc-pender-energov-37141","appraiserUrl":"https://mss.pendercountync.gov/css/citizens/RealEstate/Default.aspx?mode=new"},"geometry":{"type":"Polygon","coordinates":[[[-77.736727,34.632419],[-77.739055,34.63246],[-77.739473,34.632918],[-77.739331,34.633506],[-77.739527,34.63376],[-77.739902,34.633794],[-77.740126,34.633919],[-77.741991,34.636797],[-77.741967,34.637106],[-77.742128,34.637375],[-77.742752,34.63762],[-77.743366,34.637477],[-77.743509,34.637284],[-77.743388,34.636787],[-77.743539,34.636213],[-77.743744,34.635978],[-77.744452,34.635937],[-77.744324,34.63582],[-77.744181,34.635531],[-77.742912,34.634307],[-77.741162,34.633198],[-77.739111,34.631806],[-77.739102,34.631849],[-77.737407,34.631142],[-77.734767,34.631519],[-77.735042,34.631731],[-77.73499,34.631835],[-77.735004,34.63225],[-77.735395,34.632568],[-77.735654,34.63251],[-77.735836,34.632424],[-77.735942,34.632466],[-77.736048,34.632408],[-77.736727,34.632419]]]}},{"type":"Feature","id":"37141:3383-73-9154-0000","properties":{"id":"37141:3383-73-9154-0000","parcelId":"3383-73-9154-0000","countyFips":"37141","countyName":"Pender","state":"North Carolina","marketIds":["Wilmington"],"situsAddress":null,"situsCity":null,"situsZip":null,"jurisdictionCode":"PND","ownerName":"SHEPARD, BARRY D","ownerName2":null,"propertyName":null,"zoningCode":"RA","zoningDistrict":"Rural Agricultural","jurisdictionPrefix":"PND","dorCode":null,"acreage":38.0,"centroid":[-77.710373,34.658748],"lastSale":{"date":"2013-12-17","price":125000.0,"qualified":null},"tax":{"marketValue":27017.0,"assessedValue":null,"taxableValue":null,"taxes":null},"mailingAddress":{"line1":"187 WINDMILL LN","line2":null,"city":"JACKSONVILLE","state":"NC","zip":"28540"},"incomeTract":null,"incomeBlockGroup":null,"nearestRoad":null,"flu":{"code":"Rural Agricultural","label":"Rural Agricultural","jurisdiction":"Pender County","source":"https://gis.pendercountync.gov/arcgis/rest/services/LayersPro/MapServer/35"},"opportunityZone":null,"oz2Eligibility":{"eligible":true,"rural":true,"tractGeoid":"37141920204","tractName":"Census Tract 9202.04","designation":"eligible-for-nomination"},"source":"nc-pender-energov-37141","appraiserUrl":"https://mss.pendercountync.gov/css/citizens/RealEstate/Default.aspx?mode=new"},"geometry":{"type":"Polygon","coordinates":[[[-77.70691,34.657401],[-77.706928,34.657409],[-77.708426,34.658071],[-77.711743,34.659988],[-77.711911,34.659808],[-77.71565,34.663392],[-77.716911,34.661858],[-77.713269,34.658333],[-77.712657,34.658973],[-77.708107,34.657304],[-77.707744,34.656822],[-77.707454,34.65708],[-77.70714,34.657281],[-77.70691,34.657401]]]}},{"type":"Feature","id":"37141:3375-74-6702-0000","properties":{"id":"37141:3375-74-6702-0000","parcelId":"3375-74-6702-0000","countyFips":"37141","countyName":"Pender","state":"North Carolina","marketIds":["Wilmington"],"situsAddress":"SHOLAR MILL RD","situsCity":null,"situsZip":null,"jurisdictionCode":"PND","ownerName":"HOLLINGSWORTH, DENVER M JR","ownerName2":null,"propertyName":null,"zoningCode":"RA","zoningDistrict":"Rural Agricultural","jurisdictionPrefix":"PND","dorCode":null,"acreage":37.65,"centroid":[-77.74297,34.717393],"lastSale":{"date":"2025-01-07","price":55000.0,"qualified":null},"tax":{"marketValue":84257.0,"assessedValue":null,"taxableValue":null,"taxes":null},"mailingAddress":{"line1":"687 SHOLAR MILL RD","line2":null,"city":"WALLACE","state":"NC","zip":"28466"},"incomeTract":null,"incomeBlockGroup":null,"nearestRoad":null,"flu":{"code":"Rural Agricultural","label":"Rural Agricultural","jurisdiction":"Pender County","source":"https://gis.pendercountync.gov/arcgis/rest/services/LayersPro/MapServer/35"},"opportunityZone":null,"oz2Eligibility":{"eligible":true,"rural":true,"tractGeoid":"37141920204","tractName":"Census Tract 9202.04","designation":"eligible-for-nomination"},"source":"nc-pender-energov-37141","appraiserUrl":"https://mss.pendercountync.gov/css/citizens/RealEstate/Default.aspx?mode=new"},"geometry":{"type":"Polygon","coordinates":[[[-77.742152,34.720192],[-77.745987,34.720323],[-77.746045,34.718702],[-77.743813,34.719321],[-77.743914,34.718583],[-77.744452,34.718154],[-77.745536,34.716331],[-77.74469,34.715782],[-77.74404,34.715289],[-77.74397,34.715201],[-77.743657,34.714976],[-77.743662,34.715013],[-77.743428,34.715354],[-77.743063,34.715576],[-77.743518,34.716117],[-77.742596,34.71716],[-77.741854,34.716983],[-77.741561,34.716892],[-77.741411,34.717382],[-77.740144,34.717336],[-77.740279,34.718342],[-77.740377,34.718713],[-77.740502,34.719025],[-77.741741,34.718752],[-77.742132,34.718216],[-77.74269,34.718492],[-77.742152,34.720192]]]}},{"type":"Feature","id":"37141:3383-72-2917-0000","properties":{"id":"37141:3383-72-2917-0000","parcelId":"3383-72-2917-0000","countyFips":"37141","countyName":"Pender","state":"North Carolina","marketIds":["Wilmington"],"situsAddress":null,"situsCity":null,"situsZip":null,"jurisdictionCode":"PND","ownerName":"TALBERT, ERICA W ET AL","ownerName2":null,"propertyName":null,"zoningCode":"RA","zoningDistrict":"Rural Agricultural","jurisdictionPrefix":"PND","dorCode":null,"acreage":37.6,"centroid":[-77.712187,34.657961],"lastSale":{"date":null,"price":null,"qualified":null},"tax":{"marketValue":33009.0,"assessedValue":null,"taxableValue":null,"taxes":null},"mailingAddress":{"line1":"2213 WASHINGTON ACRES RD","line2":null,"city":"HAMPSTEAD","state":"NC","zip":"28443"},"incomeTract":null,"incomeBlockGroup":null,"nearestRoad":null,"flu":{"code":"Rural Agricultural","label":"Rural Agricultural","jurisdiction":"Pender County","source":"https://gis.pendercountync.gov/arcgis/rest/services/LayersPro/MapServer/35"},"opportunityZone":null,"oz2Eligibility":{"eligible":true,"rural":true,"tractGeoid":"37141920204","tractName":"Census Tract 9202.04","designation":"eligible-for-nomination"},"source":"nc-pender-energov-37141","appraiserUrl":"https://mss.pendercountync.gov/css/citizens/RealEstate/Default.aspx?mode=new"},"geometry":{"type":"Polygon","coordinates":[[[-77.716911,34.661858],[-77.717553,34.661124],[-77.713699,34.657355],[-77.713472,34.657603],[-77.710815,34.656276],[-77.710661,34.656471],[-77.709171,34.655456],[-77.707744,34.656822],[-77.708107,34.657304],[-77.712657,34.658973],[-77.713269,34.658333],[-77.716911,34.661858]]]}},{"type":"Feature","id":"37141:3373-71-3051-0000","properties":{"id":"37141:3373-71-3051-0000","parcelId":"3373-71-3051-0000","countyFips":"37141","countyName":"Pender","state":"North Carolina","marketIds":["Wilmington"],"situsAddress":null,"situsCity":null,"situsZip":null,"jurisdictionCode":"PND","ownerName":"LANIER, MERLE M","ownerName2":null,"propertyName":null,"zoningCode":"RA","zoningDistrict":"Rural Agricultural","jurisdictionPrefix":"PND","dorCode":null,"acreage":37.3,"centroid":[-77.742264,34.651703],"lastSale":{"date":"2017-12-18","price":null,"qualified":null},"tax":{"marketValue":104125.0,"assessedValue":null,"taxableValue":null,"taxes":null},"mailingAddress":{"line1":"PO BOX 1012","line2":null,"city":"BURGAW","state":"NC","zip":"28425"},"incomeTract":null,"incomeBlockGroup":null,"nearestRoad":null,"flu":{"code":"Rural Agricultural","label":"Rural Agricultural","jurisdiction":"Pender County","source":"https://gis.pendercountync.gov/arcgis/rest/services/LayersPro/MapServer/35"},"opportunityZone":null,"oz2Eligibility":{"eligible":true,"rural":true,"tractGeoid":"37141920204","tractName":"Census Tract 9202.04","designation":"eligible-for-nomination"},"source":"nc-pender-energov-37141","appraiserUrl":"https://mss.pendercountync.gov/css/citizens/RealEstate/Default.aspx?mode=new"},"geometry":{"type":"Polygon","coordinates":[[[-77.741233,34.651605],[-77.741215,34.651652],[-77.740991,34.65224],[-77.742902,34.65273],[-77.750698,34.655778],[-77.751395,34.65479],[-77.742141,34.651171],[-77.741324,34.650734],[-77.741204,34.65037],[-77.740298,34.649812],[-77.740135,34.650395],[-77.739897,34.650193],[-77.739314,34.650991],[-77.740507,34.651574],[-77.7407,34.651512],[-77.741233,34.651605]]]}},{"type":"Feature","id":"37141:3392-71-0452-0000","properties":{"id":"37141:3392-71-0452-0000","parcelId":"3392-71-0452-0000","countyFips":"37141","countyName":"Pender","state":"North Carolina","marketIds":["Wilmington"],"situsAddress":null,"situsCity":null,"situsZip":null,"jurisdictionCode":"PND","ownerName":"THE STATE OF NORTH CAROLINA","ownerName2":null,"propertyName":null,"zoningCode":"RP","zoningDistrict":"Residential Performance","jurisdictionPrefix":"PND","dorCode":null,"acreage":37.0,"centroid":[-77.680482,34.623172],"lastSale":{"date":"2007-06-06","price":null,"qualified":null},"tax":{"marketValue":64750.0,"assessedValue":null,"taxableValue":null,"taxes":null},"mailingAddress":{"line1":"1321 MAIL SERVICE CENTER","line2":null,"city":"RALEIGH","state":"NC","zip":"27699"},"incomeTract":null,"incomeBlockGroup":null,"nearestRoad":null,"flu":{"code":"Conservation","label":"Conservation","jurisdiction":"Pender County","source":"https://gis.pendercountync.gov/arcgis/rest/services/LayersPro/MapServer/35"},"opportunityZone":null,"oz2Eligibility":{"eligible":true,"rural":true,"tractGeoid":"37141920204","tractName":"Census Tract 9202.04","designation":"eligible-for-nomination"},"source":"nc-pender-energov-37141","appraiserUrl":"https://mss.pendercountync.gov/css/citizens/RealEstate/Default.aspx?mode=new"},"geometry":{"type":"Polygon","coordinates":[[[-77.679724,34.629431],[-77.680596,34.629506],[-77.681494,34.622288],[-77.681378,34.622197],[-77.681309,34.622173],[-77.680975,34.621964],[-77.680849,34.621867],[-77.680715,34.621807],[-77.68067,34.621741],[-77.680624,34.62158],[-77.680462,34.621412],[-77.680328,34.621373],[-77.680067,34.621373],[-77.67988,34.621337],[-77.679803,34.621359],[-77.678835,34.629352],[-77.679724,34.629431]]]}},{"type":"Feature","id":"37141:3394-33-3550-0000","properties":{"id":"37141:3394-33-3550-0000","parcelId":"3394-33-3550-0000","countyFips":"37141","countyName":"Pender","state":"North Carolina","marketIds":["Wilmington"],"situsAddress":null,"situsCity":null,"situsZip":null,"jurisdictionCode":"PND","ownerName":"POWERS, JOSPEH E","ownerName2":null,"propertyName":null,"zoningCode":"RA","zoningDistrict":"Rural Agricultural","jurisdictionPrefix":"PND","dorCode":null,"acreage":36.4,"centroid":[-77.690579,34.68589],"lastSale":{"date":"2019-09-12","price":null,"qualified":null},"tax":{"marketValue":10321.0,"assessedValue":null,"taxableValue":null,"taxes":null},"mailingAddress":{"line1":"132 CYPRESS CREEK RD","line2":null,"city":"MAPLE HILL","state":"NC","zip":"28454"},"incomeTract":null,"incomeBlockGroup":null,"nearestRoad":null,"flu":{"code":"Rural Agricultural","label":"Rural Agricultural","jurisdiction":"Pender County","source":"https://gis.pendercountync.gov/arcgis/rest/services/LayersPro/MapServer/35"},"opportunityZone":null,"oz2Eligibility":{"eligible":true,"rural":true,"tractGeoid":"37141920204","tractName":"Census Tract 9202.04","designation":"eligible-for-nomination"},"source":"nc-pender-energov-37141","appraiserUrl":"https://mss.pendercountync.gov/css/citizens/RealEstate/Default.aspx?mode=new"},"geometry":{"type":"Polygon","coordinates":[[[-77.689188,34.686899],[-77.691694,34.689314],[-77.695052,34.683999],[-77.690986,34.684902],[-77.691037,34.68518],[-77.690237,34.685268],[-77.689876,34.685212],[-77.689839,34.685456],[-77.689776,34.685671],[-77.689409,34.686292],[-77.689279,34.686594],[-77.689188,34.686899]]]}},{"type":"Feature","id":"37141:3381-09-7603-0000","properties":{"id":"37141:3381-09-7603-0000","parcelId":"3381-09-7603-0000","countyFips":"37141","countyName":"Pender","state":"North Carolina","marketIds":["Wilmington"],"situsAddress":null,"situsCity":null,"situsZip":null,"jurisdictionCode":"PND","ownerName":"SINK, ROBERT TEAGUE JR","ownerName2":null,"propertyName":null,"zoningCode":"RA","zoningDistrict":"Rural Agricultural","jurisdictionPrefix":"PND","dorCode":null,"acreage":36.0,"centroid":[-77.734204,34.621464],"lastSale":{"date":"2020-07-13","price":110000.0,"qualified":null},"tax":{"marketValue":84280.0,"assessedValue":null,"taxableValue":null,"taxes":null},"mailingAddress":{"line1":"1516 MARSH COVE LN","line2":null,"city":"WILMINGTON","state":"NC","zip":"28409"},"incomeTract":null,"incomeBlockGroup":null,"nearestRoad":null,"flu":{"code":"Rural Agricultural","label":"Rural Agricultural","jurisdiction":"Pender County","source":"https://gis.pendercountync.gov/arcgis/rest/services/LayersPro/MapServer/35"},"opportunityZone":null,"oz2Eligibility":{"eligible":true,"rural":true,"tractGeoid":"37141920204","tractName":"Census Tract 9202.04","designation":"eligible-for-nomination"},"source":"nc-pender-energov-37141","appraiserUrl":"https://mss.pendercountync.gov/css/citizens/RealEstate/Default.aspx?mode=new"},"geometry":{"type":"Polygon","coordinates":[[[-77.735528,34.62483],[-77.736502,34.622606],[-77.737348,34.620674],[-77.735276,34.620756],[-77.732234,34.618514],[-77.731434,34.618755],[-77.732023,34.62003],[-77.732558,34.620963],[-77.733746,34.622567],[-77.735389,34.624946],[-77.735528,34.62483]]]}},{"type":"Feature","id":"37141:3394-70-5582-0000","properties":{"id":"37141:3394-70-5582-0000","parcelId":"3394-70-5582-0000","countyFips":"37141","countyName":"Pender","state":"North Carolina","marketIds":["Wilmington"],"situsAddress":"53 HWY OFF","situsCity":null,"situsZip":null,"jurisdictionCode":"PND","ownerName":"JAMES, VANDER","ownerName2":null,"propertyName":null,"zoningCode":"RA","zoningDistrict":"Rural Agricultural","jurisdictionPrefix":"PND","dorCode":null,"acreage":36.0,"centroid":[-77.679172,34.679115],"lastSale":{"date":null,"price":null,"qualified":null},"tax":{"marketValue":33050.0,"assessedValue":null,"taxableValue":null,"taxes":null},"mailingAddress":{"line1":"380 WEBBTOWN RD","line2":null,"city":"MAPLE HILL","state":"NC","zip":"28454"},"incomeTract":null,"incomeBlockGroup":null,"nearestRoad":null,"flu":{"code":"Rural Agricultural","label":"Rural Agricultural","jurisdiction":"Pender County","source":"https://gis.pendercountync.gov/arcgis/rest/services/LayersPro/MapServer/35"},"opportunityZone":null,"oz2Eligibility":{"eligible":true,"rural":true,"tractGeoid":"37141920204","tractName":"Census Tract 9202.04","designation":"eligible-for-nomination"},"source":"nc-pender-energov-37141","appraiserUrl":"https://mss.pendercountync.gov/css/citizens/RealEstate/Default.aspx?mode=new"},"geometry":{"type":"Polygon","coordinates":[[[-77.676792,34.68146],[-77.676823,34.681452],[-77.677064,34.68142],[-77.677123,34.681371],[-77.677189,34.681179],[-77.677277,34.681013],[-77.677324,34.680832],[-77.677494,34.68073],[-77.677486,34.680539],[-77.677547,34.680388],[-77.677732,34.680328],[-77.677821,34.680354],[-77.677939,34.680319],[-77.678261,34.680089],[-77.678521,34.680079],[-77.678516,34.679991],[-77.678468,34.679957],[-77.678338,34.679983],[-77.678259,34.679922],[-77.678313,34.679728],[-77.678564,34.679549],[-77.678612,34.679394],[-77.678527,34.679337],[-77.678464,34.679362],[-77.678387,34.679324],[-77.678399,34.679242],[-77.678544,34.679018],[-77.678803,34.679131],[-77.678907,34.679102],[-77.678937,34.678997],[-77.679103,34.679014],[-77.679158,34.679124],[-77.679342,34.67917],[-77.679452,34.679104],[-77.679525,34.679163],[-77.679584,34.679263],[-77.679655,34.679242],[-77.67971,34.679144],[-77.679769,34.67917],[-77.679867,34.67909],[-77.680024,34.679125],[-77.680096,34.679079],[-77.680099,34.678953],[-77.680261,34.678801],[-77.680262,34.678723],[-77.680347,34.678642],[-77.680424,34.678527],[-77.680522,34.678512],[-77.680621,34.678396],[-77.680558,34.678328],[-77.680565,34.678306],[-77.680643,34.678311],[-77.680697,34.678229],[-77.6807,34.67806],[-77.68095,34.677983],[-77.681027,34.678018],[-77.68106,34.67808],[-77.681323,34.678015],[-77.681444,34.678111],[-77.681553,34.678009],[-77.681469,34.677931],[-77.681604,34.677775],[-77.68183,34.677839],[-77.682113,34.677431],[-77.678241,34.677],[-77.678062,34.676832],[-77.678015,34.67652],[-77.677593,34.676329],[-77.675135,34.677983],[-77.676792,34.68146]]]}},{"type":"Feature","id":"37141:3393-44-0927-0000","properties":{"id":"37141:3393-44-0927-0000","parcelId":"3393-44-0927-0000","countyFips":"37141","countyName":"Pender","state":"North Carolina","marketIds":["Wilmington"],"situsAddress":"OLD MAPLE HILL RD N","situsCity":null,"situsZip":null,"jurisdictionCode":"PND","ownerName":"JONES, KENNETH G III","ownerName2":null,"propertyName":null,"zoningCode":"RA","zoningDistrict":"Rural Agricultural","jurisdictionPrefix":"PND","dorCode":null,"acreage":35.7,"centroid":[-77.687417,34.663249],"lastSale":{"date":"2023-04-06","price":244000.0,"qualified":null},"tax":{"marketValue":29600.0,"assessedValue":null,"taxableValue":null,"taxes":null},"mailingAddress":{"line1":"108 E COLNNADE DR","line2":null,"city":"HAMPSTEAD","state":"NC","zip":"28443"},"incomeTract":null,"incomeBlockGroup":null,"nearestRoad":null,"flu":{"code":"Rural Agricultural","label":"Rural Agricultural","jurisdiction":"Pender County","source":"https://gis.pendercountync.gov/arcgis/rest/services/LayersPro/MapServer/35"},"opportunityZone":null,"oz2Eligibility":{"eligible":true,"rural":true,"tractGeoid":"37141920204","tractName":"Census Tract 9202.04","designation":"eligible-for-nomination"},"source":"nc-pender-energov-37141","appraiserUrl":"https://mss.pendercountync.gov/css/citizens/RealEstate/Default.aspx?mode=new"},"geometry":{"type":"Polygon","coordinates":[[[-77.683149,34.663397],[-77.683381,34.663445],[-77.689965,34.6648],[-77.690404,34.664291],[-77.690253,34.664191],[-77.690572,34.663887],[-77.690869,34.662948],[-77.691429,34.663236],[-77.691685,34.66307],[-77.691425,34.662383],[-77.691324,34.662007],[-77.691194,34.661776],[-77.691097,34.661841],[-77.690877,34.661832],[-77.690435,34.661859],[-77.690102,34.661848],[-77.689831,34.661698],[-77.689615,34.661822],[-77.689108,34.662495],[-77.687067,34.663072],[-77.685918,34.661978],[-77.685072,34.662303],[-77.684217,34.661839],[-77.684101,34.66182],[-77.683903,34.661874],[-77.683825,34.661954],[-77.683793,34.662092],[-77.683723,34.662208],[-77.683718,34.662338],[-77.683693,34.662412],[-77.683601,34.662518],[-77.683541,34.662704],[-77.683339,34.663019],[-77.683329,34.663104],[-77.683345,34.663235],[-77.683259,34.663332],[-77.683149,34.663397]]]}},{"type":"Feature","id":"37141:3373-71-7214-0000","properties":{"id":"37141:3373-71-7214-0000","parcelId":"3373-71-7214-0000","countyFips":"37141","countyName":"Pender","state":"North Carolina","marketIds":["Wilmington"],"situsAddress":"NC HWY 53 E","situsCity":null,"situsZip":null,"jurisdictionCode":"PND","ownerName":"ATKINS, CAMERON","ownerName2":null,"propertyName":null,"zoningCode":"RA","zoningDistrict":"Rural Agricultural","jurisdictionPrefix":"PND","dorCode":null,"acreage":34.87,"centroid":[-77.749119,34.655379],"lastSale":{"date":"2021-07-28","price":120000.0,"qualified":null},"tax":{"marketValue":45178.0,"assessedValue":null,"taxableValue":null,"taxes":null},"mailingAddress":{"line1":"8601 BALD EAGLE LANE","line2":null,"city":"WILMINGTON","state":"NC","zip":"28411"},"incomeTract":null,"incomeBlockGroup":null,"nearestRoad":null,"flu":{"code":"Rural Agricultural","label":"Rural Agricultural","jurisdiction":"Pender County","source":"https://gis.pendercountync.gov/arcgis/rest/services/LayersPro/MapServer/35"},"opportunityZone":null,"oz2Eligibility":{"eligible":true,"rural":true,"tractGeoid":"37141920204","tractName":"Census Tract 9202.04","designation":"eligible-for-nomination"},"source":"nc-pender-energov-37141","appraiserUrl":"https://mss.pendercountync.gov/css/citizens/RealEstate/Default.aspx?mode=new"},"geometry":{"type":"Polygon","coordinates":[[[-77.745797,34.654687],[-77.750242,34.656425],[-77.750698,34.655778],[-77.742902,34.65273],[-77.740991,34.65224],[-77.740434,34.652789],[-77.73877,34.651737],[-77.737287,34.653764],[-77.737522,34.653924],[-77.743398,34.653748],[-77.745797,34.654687]]]}},{"type":"Feature","id":"37141:4302-04-8155-0000","properties":{"id":"37141:4302-04-8155-0000","parcelId":"4302-04-8155-0000","countyFips":"37141","countyName":"Pender","state":"North Carolina","marketIds":["Wilmington"],"situsAddress":"8474 NC HWY 50","situsCity":null,"situsZip":null,"jurisdictionCode":"PND","ownerName":"HAND, GRETA W","ownerName2":null,"propertyName":null,"zoningCode":"RP","zoningDistrict":"Residential Performance","jurisdictionPrefix":"PND","dorCode":null,"acreage":34.24,"centroid":[-77.667072,34.633206],"lastSale":{"date":"2002-05-02","price":null,"qualified":null},"tax":{"marketValue":211058.0,"assessedValue":null,"taxableValue":null,"taxes":null},"mailingAddress":{"line1":"8474 NC HWY 50","line2":null,"city":"MAPLE HILL","state":"NC","zip":"28454"},"incomeTract":null,"incomeBlockGroup":null,"nearestRoad":null,"flu":{"code":"Rural Agricultural","label":"Rural Agricultural","jurisdiction":"Pender County","source":"https://gis.pendercountync.gov/arcgis/rest/services/LayersPro/MapServer/35"},"opportunityZone":null,"oz2Eligibility":{"eligible":true,"rural":true,"tractGeoid":"37141920204","tractName":"Census Tract 9202.04","designation":"eligible-for-nomination"},"source":"nc-pender-energov-37141","appraiserUrl":"https://mss.pendercountync.gov/css/citizens/RealEstate/Default.aspx?mode=new"},"geometry":{"type":"Polygon","coordinates":[[[-77.666022,34.634514],[-77.665914,34.635582],[-77.666302,34.635608],[-77.666599,34.635658],[-77.666897,34.635737],[-77.667332,34.635885],[-77.667828,34.634755],[-77.66814,34.634846],[-77.669155,34.632483],[-77.668273,34.630152],[-77.666491,34.62853],[-77.66642,34.628648],[-77.666568,34.629284],[-77.666022,34.634514]]]}},{"type":"Feature","id":"37141:3395-63-4029-0000","properties":{"id":"37141:3395-63-4029-0000","parcelId":"3395-63-4029-0000","countyFips":"37141","countyName":"Pender","state":"North Carolina","marketIds":["Wilmington"],"situsAddress":"JOSHUA JAMES RD","situsCity":null,"situsZip":null,"jurisdictionCode":"PND","ownerName":"BLACK, FRANKLIN TRAVIS","ownerName2":null,"propertyName":null,"zoningCode":"RA","zoningDistrict":"Rural Agricultural","jurisdictionPrefix":"PND","dorCode":null,"acreage":34.11,"centroid":[-77.679676,34.712422],"lastSale":{"date":"2022-02-22","price":95500.0,"qualified":null},"tax":{"marketValue":3945.0,"assessedValue":null,"taxableValue":null,"taxes":null},"mailingAddress":{"line1":"5981 WOODFIELD DR","line2":null,"city":"KERNERSVILLE","state":"NC","zip":"27284"},"incomeTract":null,"incomeBlockGroup":null,"nearestRoad":null,"flu":{"code":"Rural Agricultural","label":"Rural Agricultural","jurisdiction":"Pender County","source":"https://gis.pendercountync.gov/arcgis/rest/services/LayersPro/MapServer/35"},"opportunityZone":null,"oz2Eligibility":{"eligible":true,"rural":true,"tractGeoid":"37141920204","tractName":"Census Tract 9202.04","designation":"eligible-for-nomination"},"source":"nc-pender-energov-37141","appraiserUrl":"https://mss.pendercountync.gov/css/citizens/RealEstate/Default.aspx?mode=new"},"geometry":{"type":"Polygon","coordinates":[[[-77.67956,34.710936],[-77.67924,34.711157],[-77.678698,34.711534],[-77.679235,34.71265],[-77.67867,34.712984],[-77.678214,34.713316],[-77.678719,34.714428],[-77.684528,34.714335],[-77.680219,34.710459],[-77.67956,34.710936]]]}},{"type":"Feature","id":"37141:3394-11-9871-0000","properties":{"id":"37141:3394-11-9871-0000","parcelId":"3394-11-9871-0000","countyFips":"37141","countyName":"Pender","state":"North Carolina","marketIds":["Wilmington"],"situsAddress":"53 HWY","situsCity":null,"situsZip":null,"jurisdictionCode":"PND","ownerName":"LANDLORD PROPERTY RESCUE LLC","ownerName2":null,"propertyName":null,"zoningCode":"RA","zoningDistrict":"Rural Agricultural","jurisdictionPrefix":"PND","dorCode":null,"acreage":34.0,"centroid":[-77.696294,34.682509],"lastSale":{"date":"2020-11-13","price":78000.0,"qualified":null},"tax":{"marketValue":81250.0,"assessedValue":null,"taxableValue":null,"taxes":null},"mailingAddress":{"line1":"105 LUMIS COURT","line2":null,"city":"HAMPSTEAD","state":"NC","zip":"28443"},"incomeTract":null,"incomeBlockGroup":null,"nearestRoad":null,"flu":{"code":"Rural Agricultural","label":"Rural Agricultural","jurisdiction":"Pender County","source":"https://gis.pendercountync.gov/arcgis/rest/services/LayersPro/MapServer/35"},"opportunityZone":null,"oz2Eligibility":{"eligible":true,"rural":true,"tractGeoid":"37141920204","tractName":"Census Tract 9202.04","designation":"eligible-for-nomination"},"source":"nc-pender-energov-37141","appraiserUrl":"https://mss.pendercountync.gov/css/citizens/RealEstate/Default.aspx?mode=new"},"geometry":{"type":"Polygon","coordinates":[[[-77.695351,34.68449],[-77.696946,34.686512],[-77.698017,34.686107],[-77.695965,34.677621],[-77.695191,34.677816],[-77.695351,34.68449]]]}},{"type":"Feature","id":"37141:3385-64-1474-0000","properties":{"id":"37141:3385-64-1474-0000","parcelId":"3385-64-1474-0000","countyFips":"37141","countyName":"Pender","state":"North Carolina","marketIds":["Wilmington"],"situsAddress":"50 HWY OFF","situsCity":null,"situsZip":null,"jurisdictionCode":"PND","ownerName":"MURPHY BROWN LLC","ownerName2":null,"propertyName":null,"zoningCode":"RA","zoningDistrict":"Rural Agricultural","jurisdictionPrefix":"PND","dorCode":null,"acreage":33.78,"centroid":[-77.71506,34.717923],"lastSale":{"date":"2009-12-02","price":null,"qualified":null},"tax":{"marketValue":80975.0,"assessedValue":null,"taxableValue":null,"taxes":null},"mailingAddress":{"line1":"PO BOX 856","line2":null,"city":"WARSAW","state":"NC","zip":"28398"},"incomeTract":null,"incomeBlockGroup":null,"nearestRoad":null,"flu":{"code":"Rural Agricultural","label":"Rural Agricultural","jurisdiction":"Pender County","source":"https://gis.pendercountync.gov/arcgis/rest/services/LayersPro/MapServer/35"},"opportunityZone":null,"oz2Eligibility":{"eligible":true,"rural":true,"tractGeoid":"37141920204","tractName":"Census Tract 9202.04","designation":"eligible-for-nomination"},"source":"nc-pender-energov-37141","appraiserUrl":"https://mss.pendercountync.gov/css/citizens/RealEstate/Default.aspx?mode=new"},"geometry":{"type":"Polygon","coordinates":[[[-77.713513,34.713014],[-77.713821,34.71648],[-77.714168,34.720117],[-77.714834,34.71986],[-77.715384,34.71987],[-77.715795,34.720211],[-77.715905,34.72039],[-77.716089,34.720408],[-77.715684,34.715798],[-77.715409,34.713077],[-77.713513,34.713014]]]}},{"type":"Feature","id":"37141:3385-54-1573-0000","properties":{"id":"37141:3385-54-1573-0000","parcelId":"3385-54-1573-0000","countyFips":"37141","countyName":"Pender","state":"North Carolina","marketIds":["Wilmington"],"situsAddress":"1735 MURPHY HONOUR RD","situsCity":null,"situsZip":null,"jurisdictionCode":"PND","ownerName":"MURPHY BROWN LLC","ownerName2":null,"propertyName":null,"zoningCode":"RA","zoningDistrict":"Rural Agricultural","jurisdictionPrefix":"PND","dorCode":null,"acreage":33.53,"centroid":[-77.717464,34.717067],"lastSale":{"date":"2009-12-02","price":null,"qualified":null},"tax":{"marketValue":1627855.0,"assessedValue":null,"taxableValue":null,"taxes":null},"mailingAddress":{"line1":"PO BOX 856","line2":null,"city":"WARSAW","state":"NC","zip":"28398"},"incomeTract":null,"incomeBlockGroup":null,"nearestRoad":null,"flu":{"code":"Rural Agricultural","label":"Rural Agricultural","jurisdiction":"Pender County","source":"https://gis.pendercountync.gov/arcgis/rest/services/LayersPro/MapServer/35"},"opportunityZone":null,"oz2Eligibility":{"eligible":true,"rural":true,"tractGeoid":"37141920204","tractName":"Census Tract 9202.04","designation":"eligible-for-nomination"},"source":"nc-pender-energov-37141","appraiserUrl":"https://mss.pendercountync.gov/css/citizens/RealEstate/Default.aspx?mode=new"},"geometry":{"type":"Polygon","coordinates":[[[-77.715687,34.715797],[-77.715684,34.715798],[-77.715871,34.717916],[-77.717368,34.718853],[-77.720476,34.718719],[-77.719699,34.715318],[-77.715687,34.715797]]]}},{"type":"Feature","id":"37141:3393-16-2739-0000","properties":{"id":"37141:3393-16-2739-0000","parcelId":"3393-16-2739-0000","countyFips":"37141","countyName":"Pender","state":"North Carolina","marketIds":["Wilmington"],"situsAddress":"50 HWY","situsCity":null,"situsZip":null,"jurisdictionCode":"PND","ownerName":"WOOTEN, JAMES FRANKLIN","ownerName2":null,"propertyName":null,"zoningCode":"RA","zoningDistrict":"Rural Agricultural","jurisdictionPrefix":"PND","dorCode":null,"acreage":33.03,"centroid":[-77.700398,34.667577],"lastSale":{"date":"2006-06-29","price":null,"qualified":null},"tax":{"marketValue":12302.0,"assessedValue":null,"taxableValue":null,"taxes":null},"mailingAddress":{"line1":"1029 BELLEWOOD FARMS RD","line2":null,"city":"RALEIGH","state":"NC","zip":"27603"},"incomeTract":null,"incomeBlockGroup":null,"nearestRoad":null,"flu":{"code":"Rural Agricultural","label":"Rural Agricultural","jurisdiction":"Pender County","source":"https://gis.pendercountync.gov/arcgis/rest/services/LayersPro/MapServer/35"},"opportunityZone":null,"oz2Eligibility":{"eligible":true,"rural":true,"tractGeoid":"37141920204","tractName":"Census Tract 9202.04","designation":"eligible-for-nomination"},"source":"nc-pender-energov-37141","appraiserUrl":"https://mss.pendercountync.gov/css/citizens/RealEstate/Default.aspx?mode=new"},"geometry":{"type":"Polygon","coordinates":[[[-77.696277,34.67014],[-77.696895,34.670782],[-77.702828,34.666613],[-77.703001,34.66672],[-77.70361,34.666238],[-77.703072,34.665886],[-77.702016,34.666522],[-77.700937,34.666562],[-77.694943,34.668734],[-77.696277,34.67014]]]}},{"type":"Feature","id":"37141:3395-30-9498-0000","properties":{"id":"37141:3395-30-9498-0000","parcelId":"3395-30-9498-0000","countyFips":"37141","countyName":"Pender","state":"North Carolina","marketIds":["Wilmington"],"situsAddress":null,"situsCity":null,"situsZip":null,"jurisdictionCode":"PND","ownerName":"WEBSTER, MARILYN LOUISE BOSTIAN CO-EXECU","ownerName2":null,"propertyName":null,"zoningCode":"RA","zoningDistrict":"Rural Agricultural","jurisdictionPrefix":"PND","dorCode":null,"acreage":33.0,"centroid":[-77.688857,34.705018],"lastSale":{"date":null,"price":null,"qualified":null},"tax":{"marketValue":3357.0,"assessedValue":null,"taxableValue":null,"taxes":null},"mailingAddress":{"line1":"3100 ELM DR","line2":null,"city":"LA CROSSE","state":"WI","zip":"54601"},"incomeTract":null,"incomeBlockGroup":null,"nearestRoad":null,"flu":{"code":"Rural Agricultural","label":"Rural Agricultural","jurisdiction":"Pender County","source":"https://gis.pendercountync.gov/arcgis/rest/services/LayersPro/MapServer/35"},"opportunityZone":null,"oz2Eligibility":{"eligible":true,"rural":true,"tractGeoid":"37141920204","tractName":"Census Tract 9202.04","designation":"eligible-for-nomination"},"source":"nc-pender-energov-37141","appraiserUrl":"https://mss.pendercountync.gov/css/citizens/RealEstate/Default.aspx?mode=new"},"geometry":{"type":"Polygon","coordinates":[[[-77.690889,34.706672],[-77.691203,34.706941],[-77.691328,34.706954],[-77.691368,34.704893],[-77.691387,34.704693],[-77.691451,34.704394],[-77.689584,34.703917],[-77.688686,34.703646],[-77.688171,34.703458],[-77.687156,34.702986],[-77.686818,34.70285],[-77.686176,34.702656],[-77.685975,34.703285],[-77.686049,34.703489],[-77.685721,34.704148],[-77.685731,34.704271],[-77.685884,34.704583],[-77.687724,34.705277],[-77.688643,34.706015],[-77.689096,34.705804],[-77.68939,34.705831],[-77.689402,34.706213],[-77.689826,34.706262],[-77.689853,34.706373],[-77.690443,34.706586],[-77.690513,34.706668],[-77.690679,34.706625],[-77.690889,34.706672]]]}},{"type":"Feature","id":"37141:3393-44-6139-0000","properties":{"id":"37141:3393-44-6139-0000","parcelId":"3393-44-6139-0000","countyFips":"37141","countyName":"Pender","state":"North Carolina","marketIds":["Wilmington"],"situsAddress":null,"situsCity":null,"situsZip":null,"jurisdictionCode":"PND","ownerName":"JONES, KENNETH G III","ownerName2":null,"propertyName":null,"zoningCode":"RA","zoningDistrict":"Rural Agricultural","jurisdictionPrefix":"PND","dorCode":null,"acreage":32.68,"centroid":[-77.687347,34.660506],"lastSale":{"date":"2023-04-06","price":244000.0,"qualified":null},"tax":{"marketValue":35098.0,"assessedValue":null,"taxableValue":null,"taxes":null},"mailingAddress":{"line1":"108 E COLNNADE DR","line2":null,"city":"HAMPSTEAD","state":"NC","zip":"28443"},"incomeTract":null,"incomeBlockGroup":null,"nearestRoad":null,"flu":{"code":"Rural Agricultural","label":"Rural Agricultural","jurisdiction":"Pender County","source":"https://gis.pendercountync.gov/arcgis/rest/services/LayersPro/MapServer/35"},"opportunityZone":null,"oz2Eligibility":{"eligible":true,"rural":true,"tractGeoid":"37141920204","tractName":"Census Tract 9202.04","designation":"eligible-for-nomination"},"source":"nc-pender-energov-37141","appraiserUrl":"https://mss.pendercountync.gov/css/citizens/RealEstate/Default.aspx?mode=new"},"geometry":{"type":"Polygon","coordinates":[[[-77.684217,34.661839],[-77.685072,34.662303],[-77.685918,34.661978],[-77.687067,34.663072],[-77.689108,34.662495],[-77.689615,34.661822],[-77.689831,34.661698],[-77.689694,34.661623],[-77.689672,34.661391],[-77.689584,34.661216],[-77.689479,34.661106],[-77.689776,34.660818],[-77.689629,34.660314],[-77.691089,34.660091],[-77.690949,34.658489],[-77.691073,34.658376],[-77.69064,34.658057],[-77.689893,34.659082],[-77.690977,34.659996],[-77.687779,34.660488],[-77.687666,34.658796],[-77.687547,34.658822],[-77.6875,34.659222],[-77.687422,34.659244],[-77.687231,34.659177],[-77.687123,34.659023],[-77.686787,34.659504],[-77.686814,34.659552],[-77.686639,34.66],[-77.686596,34.660212],[-77.686485,34.660141],[-77.686159,34.660254],[-77.686046,34.660229],[-77.68582,34.660273],[-77.685657,34.66024],[-77.685505,34.660516],[-77.685525,34.660744],[-77.685212,34.661063],[-77.684946,34.661172],[-77.684719,34.661022],[-77.684637,34.660934],[-77.684365,34.661173],[-77.684474,34.661707],[-77.684396,34.661757],[-77.684278,34.661733],[-77.684217,34.661839]],[[-77.689176,34.660384],[-77.68953,34.66033],[-77.689646,34.660727],[-77.689292,34.660781],[-77.689176,34.660384]]]}},{"type":"Feature","id":"37141:3394-91-8233-0000","properties":{"id":"37141:3394-91-8233-0000","parcelId":"3394-91-8233-0000","countyFips":"37141","countyName":"Pender","state":"North Carolina","marketIds":["Wilmington"],"situsAddress":"53 HWY OFF","situsCity":null,"situsZip":null,"jurisdictionCode":"PND","ownerName":"WOOTEN, LEAMON BENDER TRUSTEES","ownerName2":null,"propertyName":null,"zoningCode":"RA","zoningDistrict":"Rural Agricultural","jurisdictionPrefix":"PND","dorCode":null,"acreage":32.42,"centroid":[-77.669798,34.680771],"lastSale":{"date":"2023-05-08","price":null,"qualified":null},"tax":{"marketValue":16081.0,"assessedValue":null,"taxableValue":null,"taxes":null},"mailingAddress":{"line1":"1184 GOULD ROAD","line2":null,"city":"JACKSONVILLE","state":"NC","zip":"28540"},"incomeTract":null,"incomeBlockGroup":null,"nearestRoad":null,"flu":{"code":"Rural Agricultural","label":"Rural Agricultural","jurisdiction":"Pender County","source":"https://gis.pendercountync.gov/arcgis/rest/services/LayersPro/MapServer/35"},"opportunityZone":null,"oz2Eligibility":{"eligible":true,"rural":true,"tractGeoid":"37141920204","tractName":"Census Tract 9202.04","designation":"eligible-for-nomination"},"source":"nc-pender-energov-37141","appraiserUrl":"https://mss.pendercountync.gov/css/citizens/RealEstate/Default.aspx?mode=new"},"geometry":{"type":"Polygon","coordinates":[[[-77.667036,34.68099],[-77.667057,34.680995],[-77.669717,34.681653],[-77.670031,34.680779],[-77.671139,34.681505],[-77.672337,34.682035],[-77.673165,34.679724],[-77.667901,34.678484],[-77.667036,34.68099]]]}},{"type":"Feature","id":"37141:3383-93-6600-0000","properties":{"id":"37141:3383-93-6600-0000","parcelId":"3383-93-6600-0000","countyFips":"37141","countyName":"Pender","state":"North Carolina","marketIds":["Wilmington"],"situsAddress":"OLD MAPLE HILL RD","situsCity":null,"situsZip":null,"jurisdictionCode":"PND","ownerName":"JEAT PROPERTIES LLC","ownerName2":null,"propertyName":null,"zoningCode":"RA","zoningDistrict":"Rural Agricultural","jurisdictionPrefix":"PND","dorCode":null,"acreage":32.28,"centroid":[-77.703035,34.65982],"lastSale":{"date":"2014-11-14","price":null,"qualified":null},"tax":{"marketValue":48601.0,"assessedValue":null,"taxableValue":null,"taxes":null},"mailingAddress":{"line1":"2213 WASHINGTON ACRES DR","line2":null,"city":"HAMPSTEAD","state":"NC","zip":"28443"},"incomeTract":null,"incomeBlockGroup":null,"nearestRoad":null,"flu":{"code":"Rural Agricultural","label":"Rural Agricultural","jurisdiction":"Pender County","source":"https://gis.pendercountync.gov/arcgis/rest/services/LayersPro/MapServer/35"},"opportunityZone":null,"oz2Eligibility":{"eligible":true,"rural":true,"tractGeoid":"37141920204","tractName":"Census Tract 9202.04","designation":"eligible-for-nomination"},"source":"nc-pender-energov-37141","appraiserUrl":"https://mss.pendercountync.gov/css/citizens/RealEstate/Default.aspx?mode=new"},"geometry":{"type":"Polygon","coordinates":[[[-77.702008,34.660736],[-77.703018,34.661714],[-77.703258,34.661947],[-77.706389,34.659801],[-77.704085,34.657958],[-77.702777,34.658337],[-77.702111,34.658606],[-77.70063,34.659462],[-77.702008,34.660736]]]}},{"type":"Feature","id":"37141:3393-07-2381-0000","properties":{"id":"37141:3393-07-2381-0000","parcelId":"3393-07-2381-0000","countyFips":"37141","countyName":"Pender","state":"North Carolina","marketIds":["Wilmington"],"situsAddress":"5245 NC HWY 50","situsCity":null,"situsZip":null,"jurisdictionCode":"PND","ownerName":"BRINSON, ERIC","ownerName2":null,"propertyName":null,"zoningCode":"RA","zoningDistrict":"Rural Agricultural","jurisdictionPrefix":"PND","dorCode":null,"acreage":32.02,"centroid":[-77.701383,34.67009],"lastSale":{"date":"2025-04-15","price":241000.0,"qualified":null},"tax":{"marketValue":329863.0,"assessedValue":null,"taxableValue":null,"taxes":null},"mailingAddress":{"line1":"593 HAWS RUN RD","line2":null,"city":"JACKSONVILLE","state":"NC","zip":"28540"},"incomeTract":null,"incomeBlockGroup":null,"nearestRoad":null,"flu":{"code":"Rural Agricultural","label":"Rural Agricultural","jurisdiction":"Pender County","source":"https://gis.pendercountync.gov/arcgis/rest/services/LayersPro/MapServer/35"},"opportunityZone":null,"oz2Eligibility":{"eligible":true,"rural":true,"tractGeoid":"37141920204","tractName":"Census Tract 9202.04","designation":"eligible-for-nomination"},"source":"nc-pender-energov-37141","appraiserUrl":"https://mss.pendercountync.gov/css/citizens/RealEstate/Default.aspx?mode=new"},"geometry":{"type":"Polygon","coordinates":[[[-77.697825,34.671762],[-77.698034,34.671982],[-77.700366,34.671968],[-77.706062,34.667828],[-77.704627,34.666908],[-77.697825,34.671762]]]}},{"type":"Feature","id":"37141:3383-97-4441-0000","properties":{"id":"37141:3383-97-4441-0000","parcelId":"3383-97-4441-0000","countyFips":"37141","countyName":"Pender","state":"North Carolina","marketIds":["Wilmington"],"situsAddress":"50 HWY","situsCity":null,"situsZip":null,"jurisdictionCode":"PND","ownerName":"BURTON, LINDA E B","ownerName2":null,"propertyName":null,"zoningCode":"RA","zoningDistrict":"Rural Agricultural","jurisdictionPrefix":"PND","dorCode":null,"acreage":32.02,"centroid":[-77.704758,34.669807],"lastSale":{"date":null,"price":null,"qualified":null},"tax":{"marketValue":78775.0,"assessedValue":null,"taxableValue":null,"taxes":null},"mailingAddress":{"line1":"45 HARRIS CREEK RD","line2":null,"city":"HAMPTON","state":"VA","zip":"23669"},"incomeTract":null,"incomeBlockGroup":null,"nearestRoad":null,"flu":{"code":"Rural Agricultural","label":"Rural Agricultural","jurisdiction":"Pender County","source":"https://gis.pendercountync.gov/arcgis/rest/services/LayersPro/MapServer/35"},"opportunityZone":null,"oz2Eligibility":{"eligible":true,"rural":true,"tractGeoid":"37141920204","tractName":"Census Tract 9202.04","designation":"eligible-for-nomination"},"source":"nc-pender-energov-37141","appraiserUrl":"https://mss.pendercountync.gov/css/citizens/RealEstate/Default.aspx?mode=new"},"geometry":{"type":"Polygon","coordinates":[[[-77.702885,34.670137],[-77.700366,34.671968],[-77.70491,34.671916],[-77.707537,34.668712],[-77.70679,34.668283],[-77.706062,34.667828],[-77.702885,34.670137]]]}},{"type":"Feature","id":"37141:3394-84-7380-0000","properties":{"id":"37141:3394-84-7380-0000","parcelId":"3394-84-7380-0000","countyFips":"37141","countyName":"Pender","state":"North Carolina","marketIds":["Wilmington"],"situsAddress":"53 HWY","situsCity":null,"situsZip":null,"jurisdictionCode":"PND","ownerName":"BROWN, BODGE WEBSTER","ownerName2":null,"propertyName":null,"zoningCode":"RA","zoningDistrict":"Rural Agricultural","jurisdictionPrefix":"PND","dorCode":null,"acreage":31.75,"centroid":[-77.672566,34.687831],"lastSale":{"date":"2003-02-13","price":null,"qualified":null},"tax":{"marketValue":5680.0,"assessedValue":null,"taxableValue":null,"taxes":null},"mailingAddress":{"line1":"1620 CROMER ROAD","line2":null,"city":"KING","state":"NC","zip":"27021"},"incomeTract":null,"incomeBlockGroup":null,"nearestRoad":null,"flu":{"code":"Rural Agricultural","label":"Rural Agricultural","jurisdiction":"Pender County","source":"https://gis.pendercountync.gov/arcgis/rest/services/LayersPro/MapServer/35"},"opportunityZone":null,"oz2Eligibility":{"eligible":true,"rural":true,"tractGeoid":"37141920204","tractName":"Census Tract 9202.04","designation":"eligible-for-nomination"},"source":"nc-pender-energov-37141","appraiserUrl":"https://mss.pendercountync.gov/css/citizens/RealEstate/Default.aspx?mode=new"},"geometry":{"type":"Polygon","coordinates":[[[-77.672834,34.686141],[-77.672755,34.686294],[-77.672337,34.686513],[-77.672261,34.686616],[-77.672483,34.686701],[-77.672556,34.686868],[-77.672322,34.687615],[-77.671808,34.688485],[-77.671312,34.688875],[-77.671123,34.688957],[-77.672303,34.691331],[-77.672916,34.69084],[-77.675917,34.688568],[-77.672992,34.685836],[-77.672834,34.686141]]]}},{"type":"Feature","id":"37141:4302-14-4187-0000","properties":{"id":"37141:4302-14-4187-0000","parcelId":"4302-14-4187-0000","countyFips":"37141","countyName":"Pender","state":"North Carolina","marketIds":["Wilmington"],"situsAddress":"50 HWY","situsCity":null,"situsZip":null,"jurisdictionCode":"PND","ownerName":"LEE, MAXCINE O","ownerName2":null,"propertyName":null,"zoningCode":"RP","zoningDistrict":"Residential Performance","jurisdictionPrefix":"PND","dorCode":null,"acreage":31.7,"centroid":[-77.665166,34.631755],"lastSale":{"date":"2008-04-01","price":null,"qualified":null},"tax":{"marketValue":78375.0,"assessedValue":null,"taxableValue":null,"taxes":null},"mailingAddress":{"line1":"4001 BENT CREEK DR","line2":null,"city":"LA GRANGE","state":"KY","zip":"40031"},"incomeTract":null,"incomeBlockGroup":null,"nearestRoad":null,"flu":{"code":"Rural Agricultural","label":"Rural Agricultural","jurisdiction":"Pender County","source":"https://gis.pendercountync.gov/arcgis/rest/services/LayersPro/MapServer/35"},"opportunityZone":null,"oz2Eligibility":{"eligible":true,"rural":true,"tractGeoid":"37141920204","tractName":"Census Tract 9202.04","designation":"eligible-for-nomination"},"source":"nc-pender-energov-37141","appraiserUrl":"https://mss.pendercountync.gov/css/citizens/RealEstate/Default.aspx?mode=new"},"geometry":{"type":"Polygon","coordinates":[[[-77.664448,34.630148],[-77.664316,34.631068],[-77.664518,34.631342],[-77.664502,34.63175],[-77.664466,34.631902],[-77.664654,34.633471],[-77.664356,34.635695],[-77.665177,34.635619],[-77.66528,34.634543],[-77.666022,34.634514],[-77.666568,34.629284],[-77.666119,34.629312],[-77.665849,34.629627],[-77.665877,34.629822],[-77.665464,34.630089],[-77.665043,34.629898],[-77.664448,34.630148]]]}},{"type":"Feature","id":"37141:3373-60-0845-0000","properties":{"id":"37141:3373-60-0845-0000","parcelId":"3373-60-0845-0000","countyFips":"37141","countyName":"Pender","state":"North Carolina","marketIds":["Wilmington"],"situsAddress":"NC HWY 53 E","situsCity":null,"situsZip":null,"jurisdictionCode":"PND","ownerName":"PADGETT, JAMES BRETT ETAL","ownerName2":null,"propertyName":null,"zoningCode":"RA","zoningDistrict":"Rural Agricultural","jurisdictionPrefix":"PND","dorCode":null,"acreage":31.63,"centroid":[-77.746179,34.650967],"lastSale":{"date":"2019-10-22","price":null,"qualified":null},"tax":{"marketValue":84540.0,"assessedValue":null,"taxableValue":null,"taxes":null},"mailingAddress":{"line1":"13342 NC HWY 53 E","line2":null,"city":"MAPLE HILL","state":"NC","zip":"28454"},"incomeTract":null,"incomeBlockGroup":null,"nearestRoad":null,"flu":{"code":"Rural Agricultural","label":"Rural Agricultural","jurisdiction":"Pender County","source":"https://gis.pendercountync.gov/arcgis/rest/services/LayersPro/MapServer/35"},"opportunityZone":null,"oz2Eligibility":{"eligible":true,"rural":true,"tractGeoid":"37141920204","tractName":"Census Tract 9202.04","designation":"eligible-for-nomination"},"source":"nc-pender-energov-37141","appraiserUrl":"https://mss.pendercountync.gov/css/citizens/RealEstate/Default.aspx?mode=new"},"geometry":{"type":"Polygon","coordinates":[[[-77.743254,34.650277],[-77.747531,34.652304],[-77.751742,34.654299],[-77.752451,34.653294],[-77.752028,34.652321],[-77.747662,34.651461],[-77.741408,34.648138],[-77.741022,34.648662],[-77.743147,34.649701],[-77.743924,34.649907],[-77.743795,34.650274],[-77.743254,34.650277]]]}},{"type":"Feature","id":"37141:3373-70-3554-0000","properties":{"id":"37141:3373-70-3554-0000","parcelId":"3373-70-3554-0000","countyFips":"37141","countyName":"Pender","state":"North Carolina","marketIds":["Wilmington"],"situsAddress":"NC HWY 53 E","situsCity":null,"situsZip":null,"jurisdictionCode":"PND","ownerName":"ELIXSON, JIMMY BRYANT","ownerName2":null,"propertyName":null,"zoningCode":"RA","zoningDistrict":"Rural Agricultural","jurisdictionPrefix":"PND","dorCode":null,"acreage":31.63,"centroid":[-77.743011,34.650765],"lastSale":{"date":"2019-10-22","price":null,"qualified":null},"tax":{"marketValue":83823.0,"assessedValue":null,"taxableValue":null,"taxes":null},"mailingAddress":{"line1":"13264 NC HWY 53 EAST","line2":null,"city":"MAPLE HILL","state":"NC","zip":"28454"},"incomeTract":null,"incomeBlockGroup":null,"nearestRoad":null,"flu":{"code":"Rural Agricultural","label":"Rural Agricultural","jurisdiction":"Pender County","source":"https://gis.pendercountync.gov/arcgis/rest/services/LayersPro/MapServer/35"},"opportunityZone":null,"oz2Eligibility":{"eligible":true,"rural":true,"tractGeoid":"37141920204","tractName":"Census Tract 9202.04","designation":"eligible-for-nomination"},"source":"nc-pender-energov-37141","appraiserUrl":"https://mss.pendercountync.gov/css/citizens/RealEstate/Default.aspx?mode=new"},"geometry":{"type":"Polygon","coordinates":[[[-77.741324,34.650734],[-77.741362,34.650755],[-77.742141,34.651171],[-77.751395,34.65479],[-77.751742,34.654299],[-77.743254,34.650277],[-77.743147,34.649701],[-77.741022,34.648662],[-77.740372,34.649546],[-77.740298,34.649812],[-77.741204,34.65037],[-77.741803,34.64988],[-77.742178,34.650153],[-77.742105,34.650586],[-77.741824,34.650735],[-77.741324,34.650734]]]}},{"type":"Feature","id":"37141:3394-09-7398-0000","properties":{"id":"37141:3394-09-7398-0000","parcelId":"3394-09-7398-0000","countyFips":"37141","countyName":"Pender","state":"North Carolina","marketIds":["Wilmington"],"situsAddress":null,"situsCity":null,"situsZip":null,"jurisdictionCode":"PND","ownerName":"NATURE CONSERVANCY","ownerName2":null,"propertyName":null,"zoningCode":"EC","zoningDistrict":"Environmental Conservation","jurisdictionPrefix":"PND","dorCode":null,"acreage":31.54,"centroid":[-77.699555,34.702464],"lastSale":{"date":null,"price":null,"qualified":null},"tax":{"marketValue":55195.0,"assessedValue":null,"taxableValue":null,"taxes":null},"mailingAddress":{"line1":"1815 NORTH LYNN ST","line2":null,"city":"ARLINGTON","state":"VA","zip":"22209"},"incomeTract":null,"incomeBlockGroup":null,"nearestRoad":null,"flu":{"code":"Conservation","label":"Conservation","jurisdiction":"Pender County","source":"https://gis.pendercountync.gov/arcgis/rest/services/LayersPro/MapServer/35"},"opportunityZone":null,"oz2Eligibility":{"eligible":true,"rural":true,"tractGeoid":"37141920204","tractName":"Census Tract 9202.04","designation":"eligible-for-nomination"},"source":"nc-pender-energov-37141","appraiserUrl":"https://mss.pendercountync.gov/css/citizens/RealEstate/Default.aspx?mode=new"},"geometry":{"type":"Polygon","coordinates":[[[-77.699448,34.701587],[-77.699405,34.701593],[-77.696318,34.702043],[-77.698132,34.704437],[-77.702295,34.703869],[-77.701732,34.701257],[-77.699448,34.701587]]]}},{"type":"Feature","id":"37141:3383-47-5545-0000","properties":{"id":"37141:3383-47-5545-0000","parcelId":"3383-47-5545-0000","countyFips":"37141","countyName":"Pender","state":"North Carolina","marketIds":["Wilmington"],"situsAddress":"53 HWY","situsCity":null,"situsZip":null,"jurisdictionCode":"PND","ownerName":"SALLIE JAMES TIMBERLAND LLC","ownerName2":null,"propertyName":null,"zoningCode":"RA","zoningDistrict":"Rural Agricultural","jurisdictionPrefix":"PND","dorCode":null,"acreage":31.52,"centroid":[-77.721095,34.67089],"lastSale":{"date":"2024-04-09","price":null,"qualified":null},"tax":{"marketValue":9457.0,"assessedValue":null,"taxableValue":null,"taxes":null},"mailingAddress":{"line1":"929 RABBIT RUN","line2":null,"city":"WILMINGTON","state":"NC","zip":"28409"},"incomeTract":null,"incomeBlockGroup":null,"nearestRoad":null,"flu":{"code":"Rural Agricultural","label":"Rural Agricultural","jurisdiction":"Pender County","source":"https://gis.pendercountync.gov/arcgis/rest/services/LayersPro/MapServer/35"},"opportunityZone":null,"oz2Eligibility":{"eligible":true,"rural":true,"tractGeoid":"37141920204","tractName":"Census Tract 9202.04","designation":"eligible-for-nomination"},"source":"nc-pender-energov-37141","appraiserUrl":"https://mss.pendercountync.gov/css/citizens/RealEstate/Default.aspx?mode=new"},"geometry":{"type":"Polygon","coordinates":[[[-77.720695,34.671562],[-77.722832,34.673311],[-77.72358,34.672897],[-77.722269,34.671406],[-77.722813,34.671099],[-77.718429,34.667376],[-77.717048,34.668579],[-77.720695,34.671562]]]}},{"type":"Feature","id":"37141:3394-92-9085-0000","properties":{"id":"37141:3394-92-9085-0000","parcelId":"3394-92-9085-0000","countyFips":"37141","countyName":"Pender","state":"North Carolina","marketIds":["Wilmington"],"situsAddress":"53 HWY OFF","situsCity":null,"situsZip":null,"jurisdictionCode":"PND","ownerName":"LANIER, B BARDEN","ownerName2":null,"propertyName":null,"zoningCode":"RA","zoningDistrict":"Rural Agricultural","jurisdictionPrefix":"PND","dorCode":null,"acreage":31.41,"centroid":[-77.669659,34.68222],"lastSale":{"date":"2019-07-24","price":57500.0,"qualified":null},"tax":{"marketValue":10809.0,"assessedValue":null,"taxableValue":null,"taxes":null},"mailingAddress":{"line1":"PO BOX 1237","line2":null,"city":"JACKSONVILLE","state":"NC","zip":"28540"},"incomeTract":null,"incomeBlockGroup":null,"nearestRoad":null,"flu":{"code":"Rural Agricultural","label":"Rural Agricultural","jurisdiction":"Pender County","source":"https://gis.pendercountync.gov/arcgis/rest/services/LayersPro/MapServer/35"},"opportunityZone":null,"oz2Eligibility":{"eligible":true,"rural":true,"tractGeoid":"37141920204","tractName":"Census Tract 9202.04","designation":"eligible-for-nomination"},"source":"nc-pender-energov-37141","appraiserUrl":"https://mss.pendercountync.gov/css/citizens/RealEstate/Default.aspx?mode=new"},"geometry":{"type":"Polygon","coordinates":[[[-77.666351,34.682974],[-77.669052,34.68361],[-77.671613,34.684214],[-77.672337,34.682035],[-77.671139,34.681505],[-77.670031,34.680779],[-77.669717,34.681653],[-77.667036,34.68099],[-77.666351,34.682974]]]}},{"type":"Feature","id":"37141:3393-39-4070-0000","properties":{"id":"37141:3393-39-4070-0000","parcelId":"3393-39-4070-0000","countyFips":"37141","countyName":"Pender","state":"North Carolina","marketIds":["Wilmington"],"situsAddress":"1191 OLD MAPLE HILL RD N","situsCity":null,"situsZip":null,"jurisdictionCode":"PND","ownerName":"LANIER, BENJAMIN LUTHER","ownerName2":null,"propertyName":null,"zoningCode":"RA","zoningDistrict":"Rural Agricultural","jurisdictionPrefix":"PND","dorCode":null,"acreage":31.0,"centroid":[-77.690689,34.674788],"lastSale":{"date":"2013-11-05","price":null,"qualified":null},"tax":{"marketValue":169957.0,"assessedValue":null,"taxableValue":null,"taxes":null},"mailingAddress":{"line1":"2101 LODESTER DR","line2":null,"city":"RALEIGH","state":"NC","zip":"27615"},"incomeTract":null,"incomeBlockGroup":null,"nearestRoad":null,"flu":{"code":"Rural Agricultural","label":"Rural Agricultural","jurisdiction":"Pender County","source":"https://gis.pendercountync.gov/arcgis/rest/services/LayersPro/MapServer/35"},"opportunityZone":null,"oz2Eligibility":{"eligible":true,"rural":true,"tractGeoid":"37141920204","tractName":"Census Tract 9202.04","designation":"eligible-for-nomination"},"source":"nc-pender-energov-37141","appraiserUrl":"https://mss.pendercountync.gov/css/citizens/RealEstate/Default.aspx?mode=new"},"geometry":{"type":"Polygon","coordinates":[[[-77.688881,34.67527],[-77.68889,34.6754],[-77.688938,34.676066],[-77.690718,34.676496],[-77.691145,34.67667],[-77.691148,34.675193],[-77.693148,34.675218],[-77.693606,34.672225],[-77.691154,34.672354],[-77.691151,34.673716],[-77.688797,34.674065],[-77.688881,34.67527]]]}},{"type":"Feature","id":"37141:3375-93-5764-0000","properties":{"id":"37141:3375-93-5764-0000","parcelId":"3375-93-5764-0000","countyFips":"37141","countyName":"Pender","state":"North Carolina","marketIds":["Wilmington"],"situsAddress":"364 SHOLAR MILL RD","situsCity":null,"situsZip":null,"jurisdictionCode":"PND","ownerName":"ALBERTSON, DONNA SHOLAR","ownerName2":null,"propertyName":null,"zoningCode":"RA","zoningDistrict":"Rural Agricultural","jurisdictionPrefix":"PND","dorCode":null,"acreage":30.5,"centroid":[-77.736559,34.715099],"lastSale":{"date":"2015-03-30","price":null,"qualified":null},"tax":{"marketValue":192351.0,"assessedValue":null,"taxableValue":null,"taxes":null},"mailingAddress":{"line1":"364 SHOLAR MILL RD","line2":null,"city":"WALLACE","state":"NC","zip":"28466"},"incomeTract":null,"incomeBlockGroup":null,"nearestRoad":null,"flu":{"code":"Rural Agricultural","label":"Rural Agricultural","jurisdiction":"Pender County","source":"https://gis.pendercountync.gov/arcgis/rest/services/LayersPro/MapServer/35"},"opportunityZone":null,"oz2Eligibility":{"eligible":true,"rural":true,"tractGeoid":"37141920204","tractName":"Census Tract 9202.04","designation":"eligible-for-nomination"},"source":"nc-pender-energov-37141","appraiserUrl":"https://mss.pendercountync.gov/css/citizens/RealEstate/Default.aspx?mode=new"},"geometry":{"type":"Polygon","coordinates":[[[-77.734758,34.714806],[-77.734866,34.71485],[-77.734998,34.714903],[-77.7349,34.7157],[-77.735681,34.716054],[-77.73559,34.716705],[-77.73851,34.716691],[-77.738421,34.715993],[-77.739755,34.715999],[-77.73953,34.714465],[-77.739423,34.71401],[-77.739283,34.713569],[-77.733785,34.71362],[-77.734375,34.71425],[-77.734503,34.714872],[-77.734758,34.714806]]]}},{"type":"Feature","id":"37141:3392-81-0085-0000","properties":{"id":"37141:3392-81-0085-0000","parcelId":"3392-81-0085-0000","countyFips":"37141","countyName":"Pender","state":"North Carolina","marketIds":["Wilmington"],"situsAddress":null,"situsCity":null,"situsZip":null,"jurisdictionCode":"PND","ownerName":"WILLIAMS, BOYCE J","ownerName2":null,"propertyName":null,"zoningCode":"RP","zoningDistrict":"Residential Performance","jurisdictionPrefix":"PND","dorCode":null,"acreage":30.37,"centroid":[-77.67697,34.623591],"lastSale":{"date":null,"price":null,"qualified":null},"tax":{"marketValue":76713.0,"assessedValue":null,"taxableValue":null,"taxes":null},"mailingAddress":{"line1":"8474 HWY  50","line2":null,"city":"MAPLE HILL","state":"NC","zip":"28454"},"incomeTract":null,"incomeBlockGroup":null,"nearestRoad":null,"flu":{"code":"Rural Agricultural","label":"Rural Agricultural","jurisdiction":"Pender County","source":"https://gis.pendercountync.gov/arcgis/rest/services/LayersPro/MapServer/35"},"opportunityZone":null,"oz2Eligibility":{"eligible":true,"rural":true,"tractGeoid":"37141920204","tractName":"Census Tract 9202.04","designation":"eligible-for-nomination"},"source":"nc-pender-energov-37141","appraiserUrl":"https://mss.pendercountync.gov/css/citizens/RealEstate/Default.aspx?mode=new"},"geometry":{"type":"Polygon","coordinates":[[[-77.676903,34.629248],[-77.677065,34.629255],[-77.678031,34.621129],[-77.677914,34.621074],[-77.677644,34.621014],[-77.677392,34.620861],[-77.677045,34.620731],[-77.676883,34.620641],[-77.676584,34.620608],[-77.676345,34.620655],[-77.675721,34.626082],[-77.676723,34.626165],[-77.676355,34.629226],[-77.676903,34.629248]]]}},{"type":"Feature","id":"37141:3384-42-3924-0000","properties":{"id":"37141:3384-42-3924-0000","parcelId":"3384-42-3924-0000","countyFips":"37141","countyName":"Pender","state":"North Carolina","marketIds":["Wilmington"],"situsAddress":"50 HWY","situsCity":null,"situsZip":null,"jurisdictionCode":"PND","ownerName":"REED, WILLIAM H JR","ownerName2":null,"propertyName":null,"zoningCode":"RA","zoningDistrict":"Rural Agricultural","jurisdictionPrefix":"PND","dorCode":null,"acreage":30.22,"centroid":[-77.721737,34.684803],"lastSale":{"date":"2021-05-05","price":110000.0,"qualified":null},"tax":{"marketValue":91525.0,"assessedValue":null,"taxableValue":null,"taxes":null},"mailingAddress":{"line1":"101 LINDY COURT","line2":null,"city":"HAMPSTEAD","state":"NC","zip":"28443"},"incomeTract":null,"incomeBlockGroup":null,"nearestRoad":null,"flu":{"code":"Rural Agricultural","label":"Rural Agricultural","jurisdiction":"Pender County","source":"https://gis.pendercountync.gov/arcgis/rest/services/LayersPro/MapServer/35"},"opportunityZone":null,"oz2Eligibility":{"eligible":true,"rural":true,"tractGeoid":"37141920204","tractName":"Census Tract 9202.04","designation":"eligible-for-nomination"},"source":"nc-pender-energov-37141","appraiserUrl":"https://mss.pendercountync.gov/css/citizens/RealEstate/Default.aspx?mode=new"},"geometry":{"type":"Polygon","coordinates":[[[-77.719341,34.684528],[-77.718845,34.684713],[-77.720724,34.687179],[-77.724424,34.685756],[-77.723248,34.684188],[-77.723069,34.6839],[-77.72251,34.683354],[-77.719341,34.684528]]]}},{"type":"Feature","id":"37141:3392-60-1786-0000","properties":{"id":"37141:3392-60-1786-0000","parcelId":"3392-60-1786-0000","countyFips":"37141","countyName":"Pender","state":"North Carolina","marketIds":["Wilmington"],"situsAddress":null,"situsCity":null,"situsZip":null,"jurisdictionCode":"PND","ownerName":"WILLIAMS, JUNE HEIRS","ownerName2":null,"propertyName":null,"zoningCode":"RP","zoningDistrict":"Residential Performance","jurisdictionPrefix":"PND","dorCode":null,"acreage":30.0,"centroid":[-77.683174,34.622906],"lastSale":{"date":null,"price":null,"qualified":null},"tax":{"marketValue":38125.0,"assessedValue":null,"taxableValue":null,"taxes":null},"mailingAddress":{"line1":"C/O VICTOR WL WILLIAMS JR","line2":null,"city":"PHILADELPHIA","state":"PA","zip":"19122"},"incomeTract":null,"incomeBlockGroup":null,"nearestRoad":null,"flu":{"code":"Rural Agricultural","label":"Rural Agricultural","jurisdiction":"Pender County","source":"https://gis.pendercountync.gov/arcgis/rest/services/LayersPro/MapServer/35"},"opportunityZone":null,"oz2Eligibility":{"eligible":true,"rural":true,"tractGeoid":"37141920204","tractName":"Census Tract 9202.04","designation":"eligible-for-nomination"},"source":"nc-pender-energov-37141","appraiserUrl":"https://mss.pendercountync.gov/css/citizens/RealEstate/Default.aspx?mode=new"},"geometry":{"type":"Polygon","coordinates":[[[-77.682137,34.625207],[-77.682655,34.625262],[-77.68466,34.625452],[-77.685025,34.622356],[-77.684928,34.62236],[-77.684701,34.622309],[-77.68453,34.622305],[-77.68427,34.622348],[-77.68388,34.622275],[-77.683804,34.6223],[-77.683678,34.622407],[-77.683518,34.62264],[-77.683364,34.622769],[-77.68321,34.622836],[-77.683023,34.622866],[-77.682763,34.622849],[-77.682633,34.622796],[-77.682582,34.622747],[-77.682566,34.622667],[-77.682622,34.622571],[-77.682818,34.622425],[-77.682851,34.622356],[-77.682844,34.622325],[-77.682332,34.622297],[-77.681688,34.622337],[-77.681494,34.622288],[-77.681135,34.625105],[-77.682137,34.625207]]]}},{"type":"Feature","id":"37141:3394-52-6911-0000","properties":{"id":"37141:3394-52-6911-0000","parcelId":"3394-52-6911-0000","countyFips":"37141","countyName":"Pender","state":"North Carolina","marketIds":["Wilmington"],"situsAddress":"53 HWY","situsCity":null,"situsZip":null,"jurisdictionCode":"PND","ownerName":"CONFERENCE OF THE NE OLD ORIGINAL FWB OF","ownerName2":null,"propertyName":null,"zoningCode":"RA","zoningDistrict":"Rural Agricultural","jurisdictionPrefix":"PND","dorCode":null,"acreage":30.0,"centroid":[-77.685807,34.686074],"lastSale":{"date":null,"price":null,"qualified":null},"tax":{"marketValue":43983.0,"assessedValue":null,"taxableValue":null,"taxes":null},"mailingAddress":{"line1":"C/O HERBERT ATKINSON","line2":null,"city":"GREENVILLE","state":"NC","zip":"27834"},"incomeTract":null,"incomeBlockGroup":null,"nearestRoad":null,"flu":{"code":"Rural Agricultural","label":"Rural Agricultural","jurisdiction":"Pender County","source":"https://gis.pendercountync.gov/arcgis/rest/services/LayersPro/MapServer/35"},"opportunityZone":null,"oz2Eligibility":{"eligible":true,"rural":true,"tractGeoid":"37141920204","tractName":"Census Tract 9202.04","designation":"eligible-for-nomination"},"source":"nc-pender-energov-37141","appraiserUrl":"https://mss.pendercountync.gov/css/citizens/RealEstate/Default.aspx?mode=new"},"geometry":{"type":"MultiPolygon","coordinates":[[[[-77.685716,34.686809],[-77.685715,34.686805],[-77.685926,34.68669],[-77.686012,34.686687],[-77.686199,34.68672],[-77.686314,34.686692],[-77.686414,34.686623],[-77.686537,34.686473],[-77.686728,34.686391],[-77.686801,34.686288],[-77.68681,34.68618],[-77.686774,34.686042],[-77.686542,34.685591],[-77.68649,34.685437],[-77.686485,34.68458],[-77.682747,34.683779],[-77.680514,34.68547],[-77.685716,34.686809]]],[[[-77.681542,34.684325],[-77.681564,34.684309],[-77.682369,34.683706],[-77.681906,34.683596],[-77.681542,34.684325]]]]}},{"type":"Feature","id":"37141:3382-69-0803-0000","properties":{"id":"37141:3382-69-0803-0000","parcelId":"3382-69-0803-0000","countyFips":"37141","countyName":"Pender","state":"North Carolina","marketIds":["Wilmington"],"situsAddress":"1434 OLD MAPLE HILL RD","situsCity":null,"situsZip":null,"jurisdictionCode":"PND","ownerName":"DIXON, FRANK LEE","ownerName2":null,"propertyName":null,"zoningCode":"RA","zoningDistrict":"Rural Agricultural","jurisdictionPrefix":"PND","dorCode":null,"acreage":29.82,"centroid":[-77.716755,34.650497],"lastSale":{"date":"1979-11-26","price":null,"qualified":null},"tax":{"marketValue":64641.0,"assessedValue":null,"taxableValue":null,"taxes":null},"mailingAddress":{"line1":"1434 OLD MAPLE HILL RD","line2":null,"city":"MAPLE HILL","state":"NC","zip":"28454"},"incomeTract":null,"incomeBlockGroup":null,"nearestRoad":null,"flu":{"code":"Rural Agricultural","label":"Rural Agricultural","jurisdiction":"Pender County","source":"https://gis.pendercountync.gov/arcgis/rest/services/LayersPro/MapServer/35"},"opportunityZone":null,"oz2Eligibility":{"eligible":true,"rural":true,"tractGeoid":"37141920204","tractName":"Census Tract 9202.04","designation":"eligible-for-nomination"},"source":"nc-pender-energov-37141","appraiserUrl":"https://mss.pendercountync.gov/css/citizens/RealEstate/Default.aspx?mode=new"},"geometry":{"type":"Polygon","coordinates":[[[-77.716428,34.651359],[-77.717438,34.651628],[-77.717874,34.651883],[-77.719162,34.649774],[-77.715966,34.647857],[-77.713662,34.650478],[-77.716428,34.651359]]]}},{"type":"Feature","id":"37141:3375-92-7614-0000","properties":{"id":"37141:3375-92-7614-0000","parcelId":"3375-92-7614-0000","countyFips":"37141","countyName":"Pender","state":"North Carolina","marketIds":["Wilmington"],"situsAddress":"194 SHOLAR MILL RD","situsCity":null,"situsZip":null,"jurisdictionCode":"PND","ownerName":"SCARBROUGH, JUSTIN MAURICE","ownerName2":null,"propertyName":null,"zoningCode":"RA","zoningDistrict":"Rural Agricultural","jurisdictionPrefix":"PND","dorCode":null,"acreage":29.77,"centroid":[-77.735141,34.711828],"lastSale":{"date":"2007-04-13","price":null,"qualified":null},"tax":{"marketValue":160358.0,"assessedValue":null,"taxableValue":null,"taxes":null},"mailingAddress":{"line1":"111 KATYDID COURT","line2":null,"city":"HAMPSTEAD","state":"NC","zip":"28443"},"incomeTract":null,"incomeBlockGroup":null,"nearestRoad":null,"flu":{"code":"Rural Agricultural","label":"Rural Agricultural","jurisdiction":"Pender County","source":"https://gis.pendercountync.gov/arcgis/rest/services/LayersPro/MapServer/35"},"opportunityZone":null,"oz2Eligibility":{"eligible":true,"rural":true,"tractGeoid":"37141920204","tractName":"Census Tract 9202.04","designation":"eligible-for-nomination"},"source":"nc-pender-energov-37141","appraiserUrl":"https://mss.pendercountync.gov/css/citizens/RealEstate/Default.aspx?mode=new"},"geometry":{"type":"Polygon","coordinates":[[[-77.733782,34.713541],[-77.733785,34.71362],[-77.739283,34.713569],[-77.738944,34.712669],[-77.738689,34.712761],[-77.734911,34.709313],[-77.734693,34.709304],[-77.734601,34.709501],[-77.734144,34.709907],[-77.734021,34.710821],[-77.734374,34.711383],[-77.734235,34.711714],[-77.73434,34.712359],[-77.734509,34.712568],[-77.734174,34.713044],[-77.733767,34.713171],[-77.733782,34.713541]]]}},{"type":"Feature","id":"37141:3392-92-6970-0000","properties":{"id":"37141:3392-92-6970-0000","parcelId":"3392-92-6970-0000","countyFips":"37141","countyName":"Pender","state":"North Carolina","marketIds":["Wilmington"],"situsAddress":"50 HWY OFF","situsCity":null,"situsZip":null,"jurisdictionCode":"PND","ownerName":"HILL, LEE LAUGHTON","ownerName2":null,"propertyName":null,"zoningCode":"RP","zoningDistrict":"Residential Performance","jurisdictionPrefix":"PND","dorCode":null,"acreage":29.56,"centroid":[-77.670683,34.629995],"lastSale":{"date":null,"price":null,"qualified":null},"tax":{"marketValue":75700.0,"assessedValue":null,"taxableValue":null,"taxes":null},"mailingAddress":{"line1":"5654 DAVIS HARDY ROAD","line2":null,"city":"SEVEN SPRINGS","state":"NC","zip":"28578"},"incomeTract":null,"incomeBlockGroup":null,"nearestRoad":null,"flu":{"code":"Rural Agricultural","label":"Rural Agricultural","jurisdiction":"Pender County","source":"https://gis.pendercountync.gov/arcgis/rest/services/LayersPro/MapServer/35"},"opportunityZone":null,"oz2Eligibility":{"eligible":true,"rural":true,"tractGeoid":"37141920204","tractName":"Census Tract 9202.04","designation":"eligible-for-nomination"},"source":"nc-pender-energov-37141","appraiserUrl":"https://mss.pendercountync.gov/css/citizens/RealEstate/Default.aspx?mode=new"},"geometry":{"type":"MultiPolygon","coordinates":[[[[-77.668352,34.629807],[-77.668503,34.630225],[-77.668586,34.630444],[-77.669853,34.631587],[-77.670108,34.631541],[-77.669536,34.631222],[-77.668849,34.630624],[-77.6699,34.629789],[-77.670594,34.630388],[-77.670756,34.63026],[-77.671417,34.630853],[-77.671459,34.6313],[-77.673273,34.630976],[-77.673536,34.628878],[-77.667831,34.628403],[-77.668056,34.629016],[-77.668877,34.628766],[-77.669256,34.629529],[-77.668473,34.629749],[-77.668279,34.629612],[-77.668352,34.629807]]],[[[-77.66652,34.628482],[-77.666491,34.62853],[-77.668273,34.630152],[-77.667619,34.628385],[-77.666627,34.628302],[-77.66652,34.628482]]]]}},{"type":"Feature","id":"37141:3384-96-1143-0000","properties":{"id":"37141:3384-96-1143-0000","parcelId":"3384-96-1143-0000","countyFips":"37141","countyName":"Pender","state":"North Carolina","marketIds":["Wilmington"],"situsAddress":"1577 CYPRESS CREEK RD","situsCity":null,"situsZip":null,"jurisdictionCode":"PND","ownerName":"HAN-DY-LAND LLC","ownerName2":null,"propertyName":null,"zoningCode":"RA","zoningDistrict":"Rural Agricultural","jurisdictionPrefix":"PND","dorCode":null,"acreage":29.4,"centroid":[-77.704328,34.69436],"lastSale":{"date":"2021-12-14","price":600000.0,"qualified":null},"tax":{"marketValue":171770.0,"assessedValue":null,"taxableValue":null,"taxes":null},"mailingAddress":{"line1":"260 BATCHELOR BAY ROAD","line2":null,"city":"WALLACE","state":"NC","zip":"28466"},"incomeTract":null,"incomeBlockGroup":null,"nearestRoad":null,"flu":{"code":"Rural Agricultural","label":"Rural Agricultural","jurisdiction":"Pender County","source":"https://gis.pendercountync.gov/arcgis/rest/services/LayersPro/MapServer/35"},"opportunityZone":null,"oz2Eligibility":{"eligible":true,"rural":true,"tractGeoid":"37141920204","tractName":"Census Tract 9202.04","designation":"eligible-for-nomination"},"source":"nc-pender-energov-37141","appraiserUrl":"https://mss.pendercountync.gov/css/citizens/RealEstate/Default.aspx?mode=new"},"geometry":{"type":"Polygon","coordinates":[[[-77.70249,34.69514],[-77.705422,34.696247],[-77.708002,34.693158],[-77.705129,34.692106],[-77.703044,34.694571],[-77.701881,34.69494],[-77.70249,34.69514]]]}},{"type":"Feature","id":"37141:3371-67-7616-0000","properties":{"id":"37141:3371-67-7616-0000","parcelId":"3371-67-7616-0000","countyFips":"37141","countyName":"Pender","state":"North Carolina","marketIds":["Wilmington"],"situsAddress":null,"situsCity":null,"situsZip":null,"jurisdictionCode":"PND","ownerName":"LANIER, DEBBIE L","ownerName2":null,"propertyName":null,"zoningCode":"RA","zoningDistrict":"Rural Agricultural","jurisdictionPrefix":"PND","dorCode":null,"acreage":29.01,"centroid":[-77.747416,34.616397],"lastSale":{"date":null,"price":null,"qualified":null},"tax":{"marketValue":1550.0,"assessedValue":null,"taxableValue":null,"taxes":null},"mailingAddress":{"line1":"553 CYPRESS CREEK RD","line2":null,"city":"MAPLE HILL","state":"NC","zip":"28454"},"incomeTract":null,"incomeBlockGroup":null,"nearestRoad":null,"flu":{"code":"Rural Agricultural","label":"Rural Agricultural","jurisdiction":"Pender County","source":"https://gis.pendercountync.gov/arcgis/rest/services/LayersPro/MapServer/35"},"opportunityZone":null,"oz2Eligibility":{"eligible":true,"rural":true,"tractGeoid":"37141920204","tractName":"Census Tract 9202.04","designation":"eligible-for-nomination"},"source":"nc-pender-energov-37141","appraiserUrl":"https://mss.pendercountync.gov/css/citizens/RealEstate/Default.aspx?mode=new"},"geometry":{"type":"Polygon","coordinates":[[[-77.743415,34.612379],[-77.743458,34.612425],[-77.749679,34.61899],[-77.74943,34.619828],[-77.750328,34.620516],[-77.750506,34.618905],[-77.745099,34.611739],[-77.743415,34.612379]]]}},{"type":"Feature","id":"37141:3371-77-1722-0000","properties":{"id":"37141:3371-77-1722-0000","parcelId":"3371-77-1722-0000","countyFips":"37141","countyName":"Pender","state":"North Carolina","marketIds":["Wilmington"],"situsAddress":null,"situsCity":null,"situsZip":null,"jurisdictionCode":"PND","ownerName":"LANIER, MICHAEL A","ownerName2":null,"propertyName":null,"zoningCode":"RA","zoningDistrict":"Rural Agricultural","jurisdictionPrefix":"PND","dorCode":null,"acreage":29.01,"centroid":[-77.746009,34.616447],"lastSale":{"date":null,"price":null,"qualified":null},"tax":{"marketValue":1617.0,"assessedValue":null,"taxableValue":null,"taxes":null},"mailingAddress":{"line1":"553 CYPRESS CREEK RD","line2":null,"city":"MAPLE HILL","state":"NC","zip":"28454"},"incomeTract":null,"incomeBlockGroup":null,"nearestRoad":null,"flu":{"code":"Rural Agricultural","label":"Rural Agricultural","jurisdiction":"Pender County","source":"https://gis.pendercountync.gov/arcgis/rest/services/LayersPro/MapServer/35"},"opportunityZone":null,"oz2Eligibility":{"eligible":true,"rural":true,"tractGeoid":"37141920204","tractName":"Census Tract 9202.04","designation":"eligible-for-nomination"},"source":"nc-pender-energov-37141","appraiserUrl":"https://mss.pendercountync.gov/css/citizens/RealEstate/Default.aspx?mode=new"},"geometry":{"type":"Polygon","coordinates":[[[-77.741473,34.613118],[-77.741412,34.613141],[-77.745174,34.615972],[-77.748704,34.618823],[-77.748781,34.619322],[-77.74943,34.619828],[-77.749679,34.61899],[-77.743415,34.612379],[-77.741473,34.613118]]]}},{"type":"Feature","id":"37141:3393-76-2686-0000","properties":{"id":"37141:3393-76-2686-0000","parcelId":"3393-76-2686-0000","countyFips":"37141","countyName":"Pender","state":"North Carolina","marketIds":["Wilmington"],"situsAddress":null,"situsCity":null,"situsZip":null,"jurisdictionCode":"PND","ownerName":"BROWN, SUDIE MOONEY ET AL","ownerName2":null,"propertyName":null,"zoningCode":"RA","zoningDistrict":"Rural Agricultural","jurisdictionPrefix":"PND","dorCode":null,"acreage":29.0,"centroid":[-77.68189,34.667471],"lastSale":{"date":"1979-08-20","price":null,"qualified":null},"tax":{"marketValue":75000.0,"assessedValue":null,"taxableValue":null,"taxes":null},"mailingAddress":{"line1":"C/O SUDIE M BROWN","line2":null,"city":"BROOKLYN PARK","state":"MD","zip":"21225"},"incomeTract":null,"incomeBlockGroup":null,"nearestRoad":null,"flu":{"code":"Rural Agricultural","label":"Rural Agricultural","jurisdiction":"Pender County","source":"https://gis.pendercountync.gov/arcgis/rest/services/LayersPro/MapServer/35"},"opportunityZone":null,"oz2Eligibility":{"eligible":true,"rural":true,"tractGeoid":"37141920204","tractName":"Census Tract 9202.04","designation":"eligible-for-nomination"},"source":"nc-pender-energov-37141","appraiserUrl":"https://mss.pendercountync.gov/css/citizens/RealEstate/Default.aspx?mode=new"},"geometry":{"type":"Polygon","coordinates":[[[-77.681757,34.666261],[-77.680722,34.66727],[-77.677604,34.667272],[-77.673601,34.667239],[-77.673518,34.667889],[-77.677455,34.668197],[-77.683508,34.668797],[-77.683554,34.668609],[-77.68365,34.668456],[-77.683631,34.668386],[-77.683585,34.668339],[-77.683434,34.668248],[-77.683133,34.668132],[-77.682967,34.66801],[-77.682925,34.667937],[-77.68293,34.667874],[-77.682959,34.667829],[-77.683234,34.667594],[-77.683401,34.667394],[-77.683437,34.667277],[-77.683406,34.667166],[-77.683312,34.667088],[-77.683143,34.667004],[-77.682986,34.66695],[-77.682643,34.666874],[-77.682392,34.666746],[-77.682075,34.666499],[-77.681988,34.66638],[-77.681913,34.666224],[-77.68183,34.666189],[-77.681757,34.666261]]]}},{"type":"Feature","id":"37141:3394-75-2776-0000","properties":{"id":"37141:3394-75-2776-0000","parcelId":"3394-75-2776-0000","countyFips":"37141","countyName":"Pender","state":"North Carolina","marketIds":["Wilmington"],"situsAddress":"17880 NC HWY 53 E","situsCity":null,"situsZip":null,"jurisdictionCode":"PND","ownerName":"JAMES, WASHINGTON I III","ownerName2":null,"propertyName":null,"zoningCode":"RA","zoningDistrict":"Rural Agricultural","jurisdictionPrefix":"PND","dorCode":null,"acreage":28.98,"centroid":[-77.680553,34.694287],"lastSale":{"date":"2018-07-10","price":null,"qualified":null},"tax":{"marketValue":87656.0,"assessedValue":null,"taxableValue":null,"taxes":null},"mailingAddress":{"line1":"1804 MEHRENS CT","line2":null,"city":"HAMPTON","state":"VA","zip":"23663"},"incomeTract":null,"incomeBlockGroup":null,"nearestRoad":null,"flu":{"code":"Rural Agricultural","label":"Rural Agricultural","jurisdiction":"Pender County","source":"https://gis.pendercountync.gov/arcgis/rest/services/LayersPro/MapServer/35"},"opportunityZone":null,"oz2Eligibility":{"eligible":true,"rural":true,"tractGeoid":"37141920204","tractName":"Census Tract 9202.04","designation":"eligible-for-nomination"},"source":"nc-pender-energov-37141","appraiserUrl":"https://mss.pendercountync.gov/css/citizens/RealEstate/Default.aspx?mode=new"},"geometry":{"type":"Polygon","coordinates":[[[-77.679649,34.694375],[-77.68347,34.697462],[-77.683491,34.697297],[-77.683607,34.697119],[-77.683635,34.696991],[-77.683689,34.696874],[-77.683691,34.696791],[-77.683655,34.696628],[-77.683675,34.696371],[-77.683697,34.696321],[-77.683755,34.696272],[-77.676034,34.690104],[-77.676031,34.690284],[-77.675863,34.690282],[-77.675872,34.6901],[-77.675183,34.689506],[-77.6744,34.690097],[-77.679649,34.694375]]]}},{"type":"Feature","id":"37141:3393-53-6124-0000","properties":{"id":"37141:3393-53-6124-0000","parcelId":"3393-53-6124-0000","countyFips":"37141","countyName":"Pender","state":"North Carolina","marketIds":["Wilmington"],"situsAddress":null,"situsCity":null,"situsZip":null,"jurisdictionCode":"PND","ownerName":"JAMES, EDWARD F","ownerName2":null,"propertyName":null,"zoningCode":"RA","zoningDistrict":"Rural Agricultural","jurisdictionPrefix":"PND","dorCode":null,"acreage":28.2,"centroid":[-77.68616,34.659375],"lastSale":{"date":null,"price":null,"qualified":null},"tax":{"marketValue":74000.0,"assessedValue":null,"taxableValue":null,"taxes":null},"mailingAddress":{"line1":"24132 HEATHER HILL PL","line2":null,"city":"ALDIE","state":"VA","zip":"20105"},"incomeTract":null,"incomeBlockGroup":null,"nearestRoad":null,"flu":{"code":"Rural Agricultural","label":"Rural Agricultural","jurisdiction":"Pender County","source":"https://gis.pendercountync.gov/arcgis/rest/services/LayersPro/MapServer/35"},"opportunityZone":null,"oz2Eligibility":{"eligible":true,"rural":true,"tractGeoid":"37141920204","tractName":"Census Tract 9202.04","designation":"eligible-for-nomination"},"source":"nc-pender-energov-37141","appraiserUrl":"https://mss.pendercountync.gov/css/citizens/RealEstate/Default.aspx?mode=new"},"geometry":{"type":"Polygon","coordinates":[[[-77.685559,34.660418],[-77.685657,34.66024],[-77.68582,34.660273],[-77.686046,34.660229],[-77.686159,34.660254],[-77.686485,34.660141],[-77.686596,34.660212],[-77.686639,34.66],[-77.686814,34.659552],[-77.686787,34.659504],[-77.687123,34.659023],[-77.687231,34.659177],[-77.687422,34.659244],[-77.6875,34.659222],[-77.68752,34.659053],[-77.683365,34.655482],[-77.681992,34.657355],[-77.685559,34.660418]]]}},{"type":"Feature","id":"37141:3394-18-8651-0000","properties":{"id":"37141:3394-18-8651-0000","parcelId":"3394-18-8651-0000","countyFips":"37141","countyName":"Pender","state":"North Carolina","marketIds":["Wilmington"],"situsAddress":null,"situsCity":null,"situsZip":null,"jurisdictionCode":"PND","ownerName":"BURROUGHS, JEANNE STUART JAMES","ownerName2":null,"propertyName":null,"zoningCode":"RA","zoningDistrict":"Rural Agricultural","jurisdictionPrefix":"PND","dorCode":null,"acreage":28.03,"centroid":[-77.696569,34.700551],"lastSale":{"date":"2016-02-10","price":null,"qualified":null},"tax":{"marketValue":82788.0,"assessedValue":null,"taxableValue":null,"taxes":null},"mailingAddress":{"line1":"3263 GARDENBROOK LN","line2":null,"city":"BOZEMAN","state":"MT","zip":"59715"},"incomeTract":null,"incomeBlockGroup":null,"nearestRoad":null,"flu":{"code":"Rural Agricultural","label":"Rural Agricultural","jurisdiction":"Pender County","source":"https://gis.pendercountync.gov/arcgis/rest/services/LayersPro/MapServer/35"},"opportunityZone":null,"oz2Eligibility":{"eligible":true,"rural":true,"tractGeoid":"37141920204","tractName":"Census Tract 9202.04","designation":"eligible-for-nomination"},"source":"nc-pender-energov-37141","appraiserUrl":"https://mss.pendercountync.gov/css/citizens/RealEstate/Default.aspx?mode=new"},"geometry":{"type":"Polygon","coordinates":[[[-77.694702,34.699825],[-77.694231,34.699871],[-77.693298,34.701474],[-77.694864,34.702254],[-77.698131,34.701779],[-77.697952,34.70094],[-77.699226,34.700754],[-77.69885,34.699211],[-77.697976,34.699744],[-77.696465,34.699657],[-77.694702,34.699825]]]}},{"type":"Feature","id":"37141:3394-73-8168-0000","properties":{"id":"37141:3394-73-8168-0000","parcelId":"3394-73-8168-0000","countyFips":"37141","countyName":"Pender","state":"North Carolina","marketIds":["Wilmington"],"situsAddress":"NC HWY 53","situsCity":null,"situsZip":null,"jurisdictionCode":"PND","ownerName":"BROWN, BODGE WEBSTER","ownerName2":null,"propertyName":null,"zoningCode":"RA","zoningDistrict":"Rural Agricultural","jurisdictionPrefix":"PND","dorCode":null,"acreage":27.7,"centroid":[-77.675726,34.685488],"lastSale":{"date":null,"price":null,"qualified":null},"tax":{"marketValue":82550.0,"assessedValue":null,"taxableValue":null,"taxes":null},"mailingAddress":{"line1":"1620 CROMER ROAD","line2":null,"city":"KING","state":"NC","zip":"27021"},"incomeTract":null,"incomeBlockGroup":null,"nearestRoad":null,"flu":{"code":"Rural Agricultural","label":"Rural Agricultural","jurisdiction":"Pender County","source":"https://gis.pendercountync.gov/arcgis/rest/services/LayersPro/MapServer/35"},"opportunityZone":null,"oz2Eligibility":{"eligible":true,"rural":true,"tractGeoid":"37141920204","tractName":"Census Tract 9202.04","designation":"eligible-for-nomination"},"source":"nc-pender-energov-37141","appraiserUrl":"https://mss.pendercountync.gov/css/citizens/RealEstate/Default.aspx?mode=new"},"geometry":{"type":"Polygon","coordinates":[[[-77.673384,34.684834],[-77.67435,34.685798],[-77.674312,34.685827],[-77.67584,34.687217],[-77.67666,34.686599],[-77.677511,34.687361],[-77.679645,34.685761],[-77.67808,34.684965],[-77.67735,34.684537],[-77.677128,34.684449],[-77.673388,34.684557],[-77.673378,34.684624],[-77.673408,34.684816],[-77.673384,34.684834]]]}},{"type":"Feature","id":"37141:3384-37-8781-0000","properties":{"id":"37141:3384-37-8781-0000","parcelId":"3384-37-8781-0000","countyFips":"37141","countyName":"Pender","state":"North Carolina","marketIds":["Wilmington"],"situsAddress":"50 HWY OFF","situsCity":null,"situsZip":null,"jurisdictionCode":"PND","ownerName":"WOOTEN, GRACE R","ownerName2":null,"propertyName":null,"zoningCode":"RA","zoningDistrict":"Rural Agricultural","jurisdictionPrefix":"PND","dorCode":null,"acreage":27.4,"centroid":[-77.723813,34.698748],"lastSale":{"date":null,"price":null,"qualified":null},"tax":{"marketValue":37825.0,"assessedValue":null,"taxableValue":null,"taxes":null},"mailingAddress":{"line1":"2810 SELWYN AVE UNIT 206","line2":null,"city":"CHARLOTTE","state":"NC","zip":"28209"},"incomeTract":null,"incomeBlockGroup":null,"nearestRoad":null,"flu":{"code":"Rural Agricultural","label":"Rural Agricultural","jurisdiction":"Pender County","source":"https://gis.pendercountync.gov/arcgis/rest/services/LayersPro/MapServer/35"},"opportunityZone":null,"oz2Eligibility":{"eligible":true,"rural":true,"tractGeoid":"37141920204","tractName":"Census Tract 9202.04","designation":"eligible-for-nomination"},"source":"nc-pender-energov-37141","appraiserUrl":"https://mss.pendercountync.gov/css/citizens/RealEstate/Default.aspx?mode=new"},"geometry":{"type":"Polygon","coordinates":[[[-77.720315,34.696804],[-77.720319,34.696812],[-77.721033,34.698649],[-77.723848,34.700228],[-77.72397,34.700166],[-77.724067,34.700047],[-77.724058,34.699922],[-77.724181,34.699835],[-77.72442,34.699746],[-77.724537,34.699734],[-77.724691,34.699577],[-77.724675,34.699277],[-77.725287,34.698841],[-77.725392,34.698271],[-77.725518,34.698133],[-77.725207,34.697842],[-77.723475,34.697022],[-77.72364,34.696556],[-77.720315,34.696804]]]}},{"type":"Feature","id":"37141:3383-94-3269-0000","properties":{"id":"37141:3383-94-3269-0000","parcelId":"3383-94-3269-0000","countyFips":"37141","countyName":"Pender","state":"North Carolina","marketIds":["Wilmington"],"situsAddress":"5522 NC HWY 50","situsCity":null,"situsZip":null,"jurisdictionCode":"PND","ownerName":"WOOTEN, DEBORAH FAYE","ownerName2":null,"propertyName":null,"zoningCode":"RA","zoningDistrict":"Rural Agricultural","jurisdictionPrefix":"PND","dorCode":null,"acreage":26.75,"centroid":[-77.702964,34.663189],"lastSale":{"date":"2006-06-29","price":null,"qualified":null},"tax":{"marketValue":162320.0,"assessedValue":null,"taxableValue":null,"taxes":null},"mailingAddress":{"line1":"5522 NC HIGHWAY 50","line2":null,"city":"MAPLE HILL","state":"NC","zip":"28454"},"incomeTract":null,"incomeBlockGroup":null,"nearestRoad":null,"flu":{"code":"Rural Agricultural","label":"Rural Agricultural","jurisdiction":"Pender County","source":"https://gis.pendercountync.gov/arcgis/rest/services/LayersPro/MapServer/35"},"opportunityZone":null,"oz2Eligibility":{"eligible":true,"rural":true,"tractGeoid":"37141920204","tractName":"Census Tract 9202.04","designation":"eligible-for-nomination"},"source":"nc-pender-energov-37141","appraiserUrl":"https://mss.pendercountync.gov/css/citizens/RealEstate/Default.aspx?mode=new"},"geometry":{"type":"Polygon","coordinates":[[[-77.700626,34.664103],[-77.700664,34.664127],[-77.701925,34.664938],[-77.703112,34.664011],[-77.703191,34.663926],[-77.707442,34.660662],[-77.706389,34.659801],[-77.700366,34.663941],[-77.700626,34.664103]]]}},{"type":"Feature","id":"37141:3394-81-6931-0000","properties":{"id":"37141:3394-81-6931-0000","parcelId":"3394-81-6931-0000","countyFips":"37141","countyName":"Pender","state":"North Carolina","marketIds":["Wilmington"],"situsAddress":"53 HWY OFF","situsCity":null,"situsZip":null,"jurisdictionCode":"PND","ownerName":"LANIER, BARDEN","ownerName2":null,"propertyName":null,"zoningCode":"RA","zoningDistrict":"Rural Agricultural","jurisdictionPrefix":"PND","dorCode":null,"acreage":26.51,"centroid":[-77.675074,34.68158],"lastSale":{"date":"2001-02-02","price":null,"qualified":null},"tax":{"marketValue":5358.0,"assessedValue":null,"taxableValue":null,"taxes":null},"mailingAddress":{"line1":"PO BOX 1237","line2":null,"city":"JACKSONVILLE","state":"NC","zip":"28540"},"incomeTract":null,"incomeBlockGroup":null,"nearestRoad":null,"flu":{"code":"Rural Agricultural","label":"Rural Agricultural","jurisdiction":"Pender County","source":"https://gis.pendercountync.gov/arcgis/rest/services/LayersPro/MapServer/35"},"opportunityZone":null,"oz2Eligibility":{"eligible":true,"rural":true,"tractGeoid":"37141920204","tractName":"Census Tract 9202.04","designation":"eligible-for-nomination"},"source":"nc-pender-energov-37141","appraiserUrl":"https://mss.pendercountync.gov/css/citizens/RealEstate/Default.aspx?mode=new"},"geometry":{"type":"Polygon","coordinates":[[[-77.672337,34.682035],[-77.67237,34.68204],[-77.67244,34.682139],[-77.67257,34.682214],[-77.673968,34.682486],[-77.675259,34.682221],[-77.675648,34.682192],[-77.675722,34.682089],[-77.675684,34.681929],[-77.675869,34.681793],[-77.676072,34.681799],[-77.676064,34.6819],[-77.676131,34.681927],[-77.676279,34.681796],[-77.676235,34.681729],[-77.676337,34.681636],[-77.676536,34.681706],[-77.676602,34.681532],[-77.676792,34.68146],[-77.675671,34.679129],[-77.673807,34.679491],[-77.673237,34.679524],[-77.672337,34.682035]]]}},{"type":"Feature","id":"37141:3375-72-8965-0000","properties":{"id":"37141:3375-72-8965-0000","parcelId":"3375-72-8965-0000","countyFips":"37141","countyName":"Pender","state":"North Carolina","marketIds":["Wilmington"],"situsAddress":"NC HWY 50","situsCity":null,"situsZip":null,"jurisdictionCode":"PND","ownerName":"ROPER, SUE HOLLINGSWORTH","ownerName2":null,"propertyName":null,"zoningCode":"RA","zoningDistrict":"Rural Agricultural","jurisdictionPrefix":"PND","dorCode":null,"acreage":26.5,"centroid":[-77.744165,34.714154],"lastSale":{"date":"2025-01-14","price":9500.0,"qualified":null},"tax":{"marketValue":76543.0,"assessedValue":null,"taxableValue":null,"taxes":null},"mailingAddress":{"line1":"805 EASTWOOD CT","line2":null,"city":"BURGAW","state":"NC","zip":"28425"},"incomeTract":null,"incomeBlockGroup":null,"nearestRoad":null,"flu":{"code":"Rural Agricultural","label":"Rural Agricultural","jurisdiction":"Pender County","source":"https://gis.pendercountync.gov/arcgis/rest/services/LayersPro/MapServer/35"},"opportunityZone":null,"oz2Eligibility":{"eligible":true,"rural":true,"tractGeoid":"37141920204","tractName":"Census Tract 9202.04","designation":"eligible-for-nomination"},"source":"nc-pender-energov-37141","appraiserUrl":"https://mss.pendercountync.gov/css/citizens/RealEstate/Default.aspx?mode=new"},"geometry":{"type":"Polygon","coordinates":[[[-77.743662,34.715013],[-77.743657,34.714976],[-77.74397,34.715201],[-77.74404,34.715289],[-77.74469,34.715782],[-77.745536,34.716331],[-77.747084,34.714295],[-77.746706,34.714061],[-77.746322,34.713778],[-77.745328,34.715694],[-77.743853,34.714668],[-77.745015,34.712787],[-77.744571,34.712581],[-77.74194,34.711593],[-77.741723,34.71227],[-77.741642,34.712253],[-77.741063,34.714039],[-77.743662,34.715013]]]}},{"type":"Feature","id":"37141:3384-30-2767-0000","properties":{"id":"37141:3384-30-2767-0000","parcelId":"3384-30-2767-0000","countyFips":"37141","countyName":"Pender","state":"North Carolina","marketIds":["Wilmington"],"situsAddress":"3905 NC HWY 50","situsCity":null,"situsZip":null,"jurisdictionCode":"PND","ownerName":"RAYNOR, MARK E","ownerName2":null,"propertyName":null,"zoningCode":"RA","zoningDistrict":"Rural Agricultural","jurisdictionPrefix":"PND","dorCode":null,"acreage":26.25,"centroid":[-77.723499,34.680077],"lastSale":{"date":null,"price":null,"qualified":null},"tax":{"marketValue":79685.0,"assessedValue":null,"taxableValue":null,"taxes":null},"mailingAddress":{"line1":"4205 NC HWY 50","line2":null,"city":"MAPLE HILL","state":"NC","zip":"28454"},"incomeTract":null,"incomeBlockGroup":null,"nearestRoad":null,"flu":{"code":"Rural Agricultural","label":"Rural Agricultural","jurisdiction":"Pender County","source":"https://gis.pendercountync.gov/arcgis/rest/services/LayersPro/MapServer/35"},"opportunityZone":null,"oz2Eligibility":{"eligible":true,"rural":true,"tractGeoid":"37141920204","tractName":"Census Tract 9202.04","designation":"eligible-for-nomination"},"source":"nc-pender-energov-37141","appraiserUrl":"https://mss.pendercountync.gov/css/citizens/RealEstate/Default.aspx?mode=new"},"geometry":{"type":"Polygon","coordinates":[[[-77.721918,34.681053],[-77.722138,34.681506],[-77.722284,34.681811],[-77.728201,34.678363],[-77.727195,34.677065],[-77.722317,34.679831],[-77.722472,34.680165],[-77.722396,34.680215],[-77.722566,34.680688],[-77.721918,34.681053]]]}},{"type":"Feature","id":"37141:3375-81-1477-0000","properties":{"id":"37141:3375-81-1477-0000","parcelId":"3375-81-1477-0000","countyFips":"37141","countyName":"Pender","state":"North Carolina","marketIds":["Wilmington"],"situsAddress":"50 HWY","situsCity":null,"situsZip":null,"jurisdictionCode":"PND","ownerName":"LANIER, ANNA M","ownerName2":null,"propertyName":null,"zoningCode":"RA","zoningDistrict":"Rural Agricultural","jurisdictionPrefix":"PND","dorCode":null,"acreage":25.92,"centroid":[-77.741631,34.709073],"lastSale":{"date":null,"price":null,"qualified":null},"tax":{"marketValue":71150.0,"assessedValue":null,"taxableValue":null,"taxes":null},"mailingAddress":{"line1":"C/O MARCILLA W LANIER","line2":null,"city":"BEULAVILLE","state":"NC","zip":"28518"},"incomeTract":null,"incomeBlockGroup":null,"nearestRoad":null,"flu":{"code":"Rural Agricultural","label":"Rural Agricultural","jurisdiction":"Pender County","source":"https://gis.pendercountync.gov/arcgis/rest/services/LayersPro/MapServer/35"},"opportunityZone":null,"oz2Eligibility":{"eligible":true,"rural":true,"tractGeoid":"37141920204","tractName":"Census Tract 9202.04","designation":"eligible-for-nomination"},"source":"nc-pender-energov-37141","appraiserUrl":"https://mss.pendercountync.gov/css/citizens/RealEstate/Default.aspx?mode=new"},"geometry":{"type":"MultiPolygon","coordinates":[[[[-77.740642,34.71032],[-77.740465,34.710858],[-77.74136,34.711197],[-77.741553,34.710672],[-77.741243,34.710596],[-77.74146,34.710005],[-77.74177,34.710079],[-77.743696,34.704733],[-77.743127,34.704784],[-77.741566,34.708282],[-77.741061,34.70828],[-77.740642,34.71032]]],[[[-77.736838,34.710974],[-77.736785,34.711029],[-77.73797,34.712107],[-77.738714,34.712051],[-77.738314,34.710973],[-77.738218,34.710565],[-77.738216,34.71047],[-77.738253,34.710296],[-77.738404,34.710008],[-77.738191,34.709821],[-77.738163,34.710114],[-77.737794,34.709954],[-77.736838,34.710974]]],[[[-77.740782,34.712065],[-77.741642,34.712253],[-77.741723,34.71227],[-77.74194,34.711593],[-77.739912,34.710827],[-77.739498,34.711984],[-77.739332,34.711997],[-77.739272,34.71198],[-77.739247,34.711939],[-77.738897,34.711965],[-77.738924,34.712032],[-77.740336,34.711967],[-77.740782,34.712065]]]]}},{"type":"Feature","id":"37141:4303-43-7953-0000","properties":{"id":"37141:4303-43-7953-0000","parcelId":"4303-43-7953-0000","countyFips":"37141","countyName":"Pender","state":"North Carolina","marketIds":["Wilmington"],"situsAddress":null,"situsCity":null,"situsZip":null,"jurisdictionCode":"PND","ownerName":"FAGAN, WILLIAM TELF","ownerName2":null,"propertyName":null,"zoningCode":"RA","zoningDistrict":"Rural Agricultural","jurisdictionPrefix":"PND","dorCode":null,"acreage":25.9,"centroid":[-77.653608,34.660003],"lastSale":{"date":null,"price":null,"qualified":null},"tax":{"marketValue":71125.0,"assessedValue":null,"taxableValue":null,"taxes":null},"mailingAddress":{"line1":"510 WEBBTOWN RD","line2":null,"city":"MAPLE HILL","state":"NC","zip":"28454"},"incomeTract":null,"incomeBlockGroup":null,"nearestRoad":null,"flu":{"code":"Rural Agricultural","label":"Rural Agricultural","jurisdiction":"Pender County","source":"https://gis.pendercountync.gov/arcgis/rest/services/LayersPro/MapServer/35"},"opportunityZone":null,"oz2Eligibility":{"eligible":true,"rural":true,"tractGeoid":"37141920204","tractName":"Census Tract 9202.04","designation":"eligible-for-nomination"},"source":"nc-pender-energov-37141","appraiserUrl":"https://mss.pendercountync.gov/css/citizens/RealEstate/Default.aspx?mode=new"},"geometry":{"type":"Polygon","coordinates":[[[-77.653173,34.659156],[-77.652259,34.659517],[-77.652442,34.661313],[-77.653237,34.663059],[-77.655491,34.658559],[-77.655045,34.658415],[-77.653173,34.659156]]]}},{"type":"Feature","id":"37141:3383-40-1813-0000","properties":{"id":"37141:3383-40-1813-0000","parcelId":"3383-40-1813-0000","countyFips":"37141","countyName":"Pender","state":"North Carolina","marketIds":["Wilmington"],"situsAddress":null,"situsCity":null,"situsZip":null,"jurisdictionCode":"PND","ownerName":"DIXON, FRANK LEE","ownerName2":null,"propertyName":null,"zoningCode":"RA","zoningDistrict":"Rural Agricultural","jurisdictionPrefix":"PND","dorCode":null,"acreage":25.89,"centroid":[-77.7226,34.651896],"lastSale":{"date":"2021-04-26","price":22500.0,"qualified":null},"tax":{"marketValue":46224.0,"assessedValue":null,"taxableValue":null,"taxes":null},"mailingAddress":{"line1":"1434 OLD MAPLE HILL RD","line2":null,"city":"MAPLE HILL","state":"NC","zip":"28454"},"incomeTract":null,"incomeBlockGroup":null,"nearestRoad":null,"flu":{"code":"Rural Agricultural","label":"Rural Agricultural","jurisdiction":"Pender County","source":"https://gis.pendercountync.gov/arcgis/rest/services/LayersPro/MapServer/35"},"opportunityZone":null,"oz2Eligibility":{"eligible":true,"rural":true,"tractGeoid":"37141920204","tractName":"Census Tract 9202.04","designation":"eligible-for-nomination"},"source":"nc-pender-energov-37141","appraiserUrl":"https://mss.pendercountync.gov/css/citizens/RealEstate/Default.aspx?mode=new"},"geometry":{"type":"Polygon","coordinates":[[[-77.721349,34.649837],[-77.721275,34.649925],[-77.719883,34.651568],[-77.724739,34.654517],[-77.725753,34.653631],[-77.721349,34.649837]]]}},{"type":"Feature","id":"37141:3383-58-7941-0000","properties":{"id":"37141:3383-58-7941-0000","parcelId":"3383-58-7941-0000","countyFips":"37141","countyName":"Pender","state":"North Carolina","marketIds":["Wilmington"],"situsAddress":"NC 50 HWY","situsCity":null,"situsZip":null,"jurisdictionCode":"PND","ownerName":"POWERS, DAVID WAYNE","ownerName2":null,"propertyName":null,"zoningCode":"RA","zoningDistrict":"Rural Agricultural","jurisdictionPrefix":"PND","dorCode":null,"acreage":25.62,"centroid":[-77.717845,34.674294],"lastSale":{"date":"2018-06-14","price":28000.0,"qualified":null},"tax":{"marketValue":26160.0,"assessedValue":null,"taxableValue":null,"taxes":null},"mailingAddress":{"line1":"4370 HWY 50","line2":null,"city":"MAPLE HILL","state":"NC","zip":"28454"},"incomeTract":null,"incomeBlockGroup":null,"nearestRoad":null,"flu":{"code":"Rural Agricultural","label":"Rural Agricultural","jurisdiction":"Pender County","source":"https://gis.pendercountync.gov/arcgis/rest/services/LayersPro/MapServer/35"},"opportunityZone":null,"oz2Eligibility":{"eligible":true,"rural":true,"tractGeoid":"37141920204","tractName":"Census Tract 9202.04","designation":"eligible-for-nomination"},"source":"nc-pender-energov-37141","appraiserUrl":"https://mss.pendercountync.gov/css/citizens/RealEstate/Default.aspx?mode=new"},"geometry":{"type":"Polygon","coordinates":[[[-77.714971,34.67518],[-77.714974,34.675184],[-77.71531,34.67549],[-77.715625,34.675706],[-77.71758,34.674306],[-77.718316,34.674704],[-77.721314,34.674129],[-77.722832,34.673311],[-77.720695,34.671562],[-77.717721,34.674146],[-77.716961,34.673518],[-77.714971,34.67518]],[[-77.716273,34.674418],[-77.71636,34.674171],[-77.716762,34.674269],[-77.716682,34.674509],[-77.716273,34.674418]]]}},{"type":"Feature","id":"37141:3384-51-3485-0000","properties":{"id":"37141:3384-51-3485-0000","parcelId":"3384-51-3485-0000","countyFips":"37141","countyName":"Pender","state":"North Carolina","marketIds":["Wilmington"],"situsAddress":"50 HWY","situsCity":null,"situsZip":null,"jurisdictionCode":"PND","ownerName":"ATKINS, ELIZABETH P TRUSTEE","ownerName2":null,"propertyName":null,"zoningCode":"RA","zoningDistrict":"Rural Agricultural","jurisdictionPrefix":"PND","dorCode":null,"acreage":25.5,"centroid":[-77.717058,34.681513],"lastSale":{"date":"2025-10-17","price":null,"qualified":null},"tax":{"marketValue":70625.0,"assessedValue":null,"taxableValue":null,"taxes":null},"mailingAddress":{"line1":"5750 OYSTER CATCHER DR UNIT 721","line2":null,"city":"NORTH MYRTLE BEACH","state":"SC","zip":"29582"},"incomeTract":null,"incomeBlockGroup":null,"nearestRoad":null,"flu":{"code":"Rural Agricultural","label":"Rural Agricultural","jurisdiction":"Pender County","source":"https://gis.pendercountync.gov/arcgis/rest/services/LayersPro/MapServer/35"},"opportunityZone":null,"oz2Eligibility":{"eligible":true,"rural":true,"tractGeoid":"37141920204","tractName":"Census Tract 9202.04","designation":"eligible-for-nomination"},"source":"nc-pender-energov-37141","appraiserUrl":"https://mss.pendercountync.gov/css/citizens/RealEstate/Default.aspx?mode=new"},"geometry":{"type":"Polygon","coordinates":[[[-77.720081,34.679643],[-77.717098,34.681044],[-77.710076,34.684339],[-77.710275,34.684579],[-77.719692,34.681323],[-77.721347,34.680374],[-77.720835,34.679289],[-77.720081,34.679643]]]}},{"type":"Feature","id":"37141:3393-07-7062-0000","properties":{"id":"37141:3393-07-7062-0000","parcelId":"3393-07-7062-0000","countyFips":"37141","countyName":"Pender","state":"North Carolina","marketIds":["Wilmington"],"situsAddress":"50 HWY","situsCity":null,"situsZip":null,"jurisdictionCode":"PND","ownerName":"BEVERAGE, SUZANNE WOOTEN","ownerName2":null,"propertyName":null,"zoningCode":"RA","zoningDistrict":"Rural Agricultural","jurisdictionPrefix":"PND","dorCode":null,"acreage":25.26,"centroid":[-77.701437,34.668231],"lastSale":{"date":"2006-06-29","price":null,"qualified":null},"tax":{"marketValue":14033.0,"assessedValue":null,"taxableValue":null,"taxes":null},"mailingAddress":{"line1":"5561 NC HWY 50","line2":null,"city":"MAPLE HILL","state":"NC","zip":"28454"},"incomeTract":null,"incomeBlockGroup":null,"nearestRoad":null,"flu":{"code":"Rural Agricultural","label":"Rural Agricultural","jurisdiction":"Pender County","source":"https://gis.pendercountync.gov/arcgis/rest/services/LayersPro/MapServer/35"},"opportunityZone":null,"oz2Eligibility":{"eligible":true,"rural":true,"tractGeoid":"37141920204","tractName":"Census Tract 9202.04","designation":"eligible-for-nomination"},"source":"nc-pender-energov-37141","appraiserUrl":"https://mss.pendercountync.gov/css/citizens/RealEstate/Default.aspx?mode=new"},"geometry":{"type":"Polygon","coordinates":[[[-77.696895,34.670782],[-77.696897,34.670783],[-77.697825,34.671762],[-77.703977,34.667371],[-77.703688,34.667178],[-77.704211,34.666633],[-77.70361,34.666238],[-77.703001,34.66672],[-77.702828,34.666613],[-77.696895,34.670782]]]}},{"type":"Feature","id":"37141:3395-51-4142-0000","properties":{"id":"37141:3395-51-4142-0000","parcelId":"3395-51-4142-0000","countyFips":"37141","countyName":"Pender","state":"North Carolina","marketIds":["Wilmington"],"situsAddress":"JOSHUA JAMES RD","situsCity":null,"situsZip":null,"jurisdictionCode":"PND","ownerName":"JAMAR, WALKER J","ownerName2":null,"propertyName":null,"zoningCode":"RA","zoningDistrict":"Rural Agricultural","jurisdictionPrefix":"PND","dorCode":null,"acreage":25.07,"centroid":[-77.685161,34.707583],"lastSale":{"date":"2025-11-17","price":212500.0,"qualified":null},"tax":{"marketValue":92210.0,"assessedValue":null,"taxableValue":null,"taxes":null},"mailingAddress":{"line1":"432 MIDDLE GROVE LN","line2":null,"city":"WILMINGTON","state":"NC","zip":"28411"},"incomeTract":null,"incomeBlockGroup":null,"nearestRoad":null,"flu":{"code":"Rural Agricultural","label":"Rural Agricultural","jurisdiction":"Pender County","source":"https://gis.pendercountync.gov/arcgis/rest/services/LayersPro/MapServer/35"},"opportunityZone":null,"oz2Eligibility":{"eligible":true,"rural":true,"tractGeoid":"37141920204","tractName":"Census Tract 9202.04","designation":"eligible-for-nomination"},"source":"nc-pender-energov-37141","appraiserUrl":"https://mss.pendercountync.gov/css/citizens/RealEstate/Default.aspx?mode=new"},"geometry":{"type":"Polygon","coordinates":[[[-77.683087,34.705965],[-77.682772,34.706802],[-77.681925,34.709086],[-77.685133,34.708988],[-77.685371,34.708775],[-77.685345,34.708636],[-77.685644,34.708315],[-77.68568,34.708055],[-77.686273,34.707574],[-77.686051,34.707374],[-77.686248,34.707186],[-77.68628,34.706639],[-77.686139,34.706465],[-77.686302,34.706295],[-77.683087,34.705965]]]}},{"type":"Feature","id":"37141:3392-35-4938-0000","properties":{"id":"37141:3392-35-4938-0000","parcelId":"3392-35-4938-0000","countyFips":"37141","countyName":"Pender","state":"North Carolina","marketIds":["Wilmington"],"situsAddress":"LEE RD OFF","situsCity":null,"situsZip":null,"jurisdictionCode":"PND","ownerName":"WOOTEN, ALFRED K","ownerName2":null,"propertyName":null,"zoningCode":"RA","zoningDistrict":"Rural Agricultural","jurisdictionPrefix":"PND","dorCode":null,"acreage":25.0,"centroid":[-77.690639,34.638029],"lastSale":{"date":"2020-10-08","price":22000.0,"qualified":null},"tax":{"marketValue":5750.0,"assessedValue":null,"taxableValue":null,"taxes":null},"mailingAddress":{"line1":"PO BOX 1548","line2":null,"city":"BURGAW","state":"NC","zip":"28425"},"incomeTract":null,"incomeBlockGroup":null,"nearestRoad":null,"flu":{"code":"Rural Agricultural","label":"Rural Agricultural","jurisdiction":"Pender County","source":"https://gis.pendercountync.gov/arcgis/rest/services/LayersPro/MapServer/35"},"opportunityZone":null,"oz2Eligibility":{"eligible":true,"rural":true,"tractGeoid":"37141920204","tractName":"Census Tract 9202.04","designation":"eligible-for-nomination"},"source":"nc-pender-energov-37141","appraiserUrl":"https://mss.pendercountync.gov/css/citizens/RealEstate/Default.aspx?mode=new"},"geometry":{"type":"Polygon","coordinates":[[[-77.688868,34.637249],[-77.68887,34.637476],[-77.688885,34.639097],[-77.694154,34.639399],[-77.694188,34.637722],[-77.688867,34.637229],[-77.688868,34.637249]]]}},{"type":"Feature","id":"37141:4303-24-9508-0000","properties":{"id":"37141:4303-24-9508-0000","parcelId":"4303-24-9508-0000","countyFips":"37141","countyName":"Pender","state":"North Carolina","marketIds":["Wilmington"],"situsAddress":null,"situsCity":null,"situsZip":null,"jurisdictionCode":"PND","ownerName":"JAMES, MINNIE Y","ownerName2":null,"propertyName":null,"zoningCode":"RA","zoningDistrict":"Rural Agricultural","jurisdictionPrefix":"PND","dorCode":null,"acreage":25.0,"centroid":[-77.660014,34.662451],"lastSale":{"date":null,"price":null,"qualified":null},"tax":{"marketValue":81250.0,"assessedValue":null,"taxableValue":null,"taxes":null},"mailingAddress":{"line1":"10547 CAMPAS WAY SOUTH","line2":null,"city":"UPPER MARLBORO","state":"MD","zip":"20774"},"incomeTract":null,"incomeBlockGroup":null,"nearestRoad":null,"flu":{"code":"Rural Agricultural","label":"Rural Agricultural","jurisdiction":"Pender County","source":"https://gis.pendercountync.gov/arcgis/rest/services/LayersPro/MapServer/35"},"opportunityZone":null,"oz2Eligibility":{"eligible":true,"rural":true,"tractGeoid":"37141920204","tractName":"Census Tract 9202.04","designation":"eligible-for-nomination"},"source":"nc-pender-energov-37141","appraiserUrl":"https://mss.pendercountync.gov/css/citizens/RealEstate/Default.aspx?mode=new"},"geometry":{"type":"Polygon","coordinates":[[[-77.658786,34.662151],[-77.658358,34.663036],[-77.658337,34.663079],[-77.65846,34.663047],[-77.658463,34.663001],[-77.658618,34.662723],[-77.658712,34.662732],[-77.65874,34.662861],[-77.658761,34.662887],[-77.658892,34.662915],[-77.659363,34.662918],[-77.6596,34.662865],[-77.659951,34.662862],[-77.660136,34.662771],[-77.660269,34.662862],[-77.660356,34.662863],[-77.66044,34.662826],[-77.660557,34.662737],[-77.660911,34.662623],[-77.661078,34.662592],[-77.66133,34.662469],[-77.661415,34.662372],[-77.661509,34.662179],[-77.661952,34.662264],[-77.662216,34.662232],[-77.662572,34.662125],[-77.660573,34.660686],[-77.660215,34.660383],[-77.659835,34.660005],[-77.658786,34.662151]]]}},{"type":"Feature","id":"37141:3375-63-0855-0000","properties":{"id":"37141:3375-63-0855-0000","parcelId":"3375-63-0855-0000","countyFips":"37141","countyName":"Pender","state":"North Carolina","marketIds":["Wilmington"],"situsAddress":"1065 NC HWY 50","situsCity":null,"situsZip":null,"jurisdictionCode":"PND","ownerName":"HOLLINGSWORTH, DAVID EARL","ownerName2":null,"propertyName":null,"zoningCode":"RA","zoningDistrict":"Rural Agricultural","jurisdictionPrefix":"PND","dorCode":null,"acreage":24.82,"centroid":[-77.745886,34.716437],"lastSale":{"date":"2012-10-24","price":null,"qualified":null},"tax":{"marketValue":35418.0,"assessedValue":null,"taxableValue":null,"taxes":null},"mailingAddress":{"line1":"1175 HWY 50","line2":null,"city":"WALLACE","state":"NC","zip":"28466"},"incomeTract":null,"incomeBlockGroup":null,"nearestRoad":null,"flu":{"code":"Rural Agricultural","label":"Rural Agricultural","jurisdiction":"Pender County","source":"https://gis.pendercountync.gov/arcgis/rest/services/LayersPro/MapServer/35"},"opportunityZone":null,"oz2Eligibility":{"eligible":true,"rural":true,"tractGeoid":"37141920204","tractName":"Census Tract 9202.04","designation":"eligible-for-nomination"},"source":"nc-pender-energov-37141","appraiserUrl":"https://mss.pendercountync.gov/css/citizens/RealEstate/Default.aspx?mode=new"},"geometry":{"type":"Polygon","coordinates":[[[-77.745536,34.716331],[-77.745535,34.716333],[-77.744452,34.718154],[-77.743914,34.718583],[-77.743813,34.719321],[-77.746045,34.718702],[-77.746152,34.715649],[-77.751153,34.71729],[-77.750906,34.716573],[-77.750161,34.716378],[-77.750308,34.715946],[-77.749682,34.715652],[-77.747084,34.714295],[-77.745536,34.716331]]]}},{"type":"Feature","id":"37141:3392-36-7661-0000","properties":{"id":"37141:3392-36-7661-0000","parcelId":"3392-36-7661-0000","countyFips":"37141","countyName":"Pender","state":"North Carolina","marketIds":["Wilmington"],"situsAddress":null,"situsCity":null,"situsZip":null,"jurisdictionCode":"PND","ownerName":"WOOTEN, GLENDA H","ownerName2":null,"propertyName":null,"zoningCode":"RA","zoningDistrict":"Rural Agricultural","jurisdictionPrefix":"PND","dorCode":null,"acreage":24.77,"centroid":[-77.691069,34.640615],"lastSale":{"date":null,"price":null,"qualified":null},"tax":{"marketValue":5708.0,"assessedValue":null,"taxableValue":null,"taxes":null},"mailingAddress":{"line1":"210 OLD MAPLE HILL RD","line2":null,"city":"MAPLE HILL","state":"NC","zip":"28454"},"incomeTract":null,"incomeBlockGroup":null,"nearestRoad":null,"flu":{"code":"Rural Agricultural","label":"Rural Agricultural","jurisdiction":"Pender County","source":"https://gis.pendercountync.gov/arcgis/rest/services/LayersPro/MapServer/35"},"opportunityZone":null,"oz2Eligibility":{"eligible":true,"rural":true,"tractGeoid":"37141920204","tractName":"Census Tract 9202.04","designation":"eligible-for-nomination"},"source":"nc-pender-energov-37141","appraiserUrl":"https://mss.pendercountync.gov/css/citizens/RealEstate/Default.aspx?mode=new"},"geometry":{"type":"Polygon","coordinates":[[[-77.688909,34.641629],[-77.689213,34.641645],[-77.694232,34.641901],[-77.694168,34.640506],[-77.691071,34.640307],[-77.691007,34.639219],[-77.688885,34.639097],[-77.688909,34.641629]]]}},{"type":"Feature","id":"37141:3384-81-5081-0000","properties":{"id":"37141:3384-81-5081-0000","parcelId":"3384-81-5081-0000","countyFips":"37141","countyName":"Pender","state":"North Carolina","marketIds":["Wilmington"],"situsAddress":null,"situsCity":null,"situsZip":null,"jurisdictionCode":"PND","ownerName":"HOSTRANDER, HOWARD L II","ownerName2":null,"propertyName":null,"zoningCode":"RA","zoningDistrict":"Rural Agricultural","jurisdictionPrefix":"PND","dorCode":null,"acreage":24.25,"centroid":[-77.708183,34.679634],"lastSale":{"date":"2010-11-16","price":null,"qualified":null},"tax":{"marketValue":69063.0,"assessedValue":null,"taxableValue":null,"taxes":null},"mailingAddress":{"line1":"6 HANOVER LANE","line2":null,"city":"EAST NORRITON","state":"PA","zip":"19401"},"incomeTract":null,"incomeBlockGroup":null,"nearestRoad":null,"flu":{"code":"Rural Agricultural","label":"Rural Agricultural","jurisdiction":"Pender County","source":"https://gis.pendercountync.gov/arcgis/rest/services/LayersPro/MapServer/35"},"opportunityZone":null,"oz2Eligibility":{"eligible":true,"rural":true,"tractGeoid":"37141920204","tractName":"Census Tract 9202.04","designation":"eligible-for-nomination"},"source":"nc-pender-energov-37141","appraiserUrl":"https://mss.pendercountync.gov/css/citizens/RealEstate/Default.aspx?mode=new"},"geometry":{"type":"Polygon","coordinates":[[[-77.707209,34.681579],[-77.707958,34.681959],[-77.709614,34.67994],[-77.708255,34.67924],[-77.709911,34.67781],[-77.708709,34.677141],[-77.705624,34.679766],[-77.707209,34.681579]]]}},{"type":"Feature","id":"37141:3394-90-4551-0000","properties":{"id":"37141:3394-90-4551-0000","parcelId":"3394-90-4551-0000","countyFips":"37141","countyName":"Pender","state":"North Carolina","marketIds":["Wilmington"],"situsAddress":"53 HWY OFF","situsCity":null,"situsZip":null,"jurisdictionCode":"PND","ownerName":"LANIER, B BARDEN","ownerName2":null,"propertyName":null,"zoningCode":"RA","zoningDistrict":"Rural Agricultural","jurisdictionPrefix":"PND","dorCode":null,"acreage":24.24,"centroid":[-77.670419,34.67799],"lastSale":{"date":"2019-07-24","price":null,"qualified":null},"tax":{"marketValue":14987.0,"assessedValue":null,"taxableValue":null,"taxes":null},"mailingAddress":{"line1":"PO BOX 1237","line2":null,"city":"JACKSONVILLE","state":"NC","zip":"28540"},"incomeTract":null,"incomeBlockGroup":null,"nearestRoad":null,"flu":{"code":"Rural Agricultural","label":"Rural Agricultural","jurisdiction":"Pender County","source":"https://gis.pendercountync.gov/arcgis/rest/services/LayersPro/MapServer/35"},"opportunityZone":null,"oz2Eligibility":{"eligible":true,"rural":true,"tractGeoid":"37141920204","tractName":"Census Tract 9202.04","designation":"eligible-for-nomination"},"source":"nc-pender-energov-37141","appraiserUrl":"https://mss.pendercountync.gov/css/citizens/RealEstate/Default.aspx?mode=new"},"geometry":{"type":"Polygon","coordinates":[[[-77.667901,34.678484],[-77.667932,34.678491],[-77.673165,34.679724],[-77.67396,34.677435],[-77.673803,34.67744],[-77.67139,34.676871],[-77.671048,34.677856],[-77.668641,34.677289],[-77.668324,34.678189],[-77.668027,34.678118],[-77.667901,34.678484]]]}},{"type":"Feature","id":"37141:3393-28-4091-0000","properties":{"id":"37141:3393-28-4091-0000","parcelId":"3393-28-4091-0000","countyFips":"37141","countyName":"Pender","state":"North Carolina","marketIds":["Wilmington"],"situsAddress":null,"situsCity":null,"situsZip":null,"jurisdictionCode":"PND","ownerName":"BROWN, WHITMAN CASWELL","ownerName2":null,"propertyName":null,"zoningCode":"RA","zoningDistrict":"Rural Agricultural","jurisdictionPrefix":"PND","dorCode":null,"acreage":24.0,"centroid":[-77.695017,34.672107],"lastSale":{"date":"2013-11-05","price":null,"qualified":null},"tax":{"marketValue":5847.0,"assessedValue":null,"taxableValue":null,"taxes":null},"mailingAddress":{"line1":"300 E ARLINGTON BLVD BLVD #8","line2":null,"city":"GREENVILLE","state":"NC","zip":"27858"},"incomeTract":null,"incomeBlockGroup":null,"nearestRoad":null,"flu":{"code":"Rural Agricultural","label":"Rural Agricultural","jurisdiction":"Pender County","source":"https://gis.pendercountync.gov/arcgis/rest/services/LayersPro/MapServer/35"},"opportunityZone":null,"oz2Eligibility":{"eligible":true,"rural":true,"tractGeoid":"37141920204","tractName":"Census Tract 9202.04","designation":"eligible-for-nomination"},"source":"nc-pender-energov-37141","appraiserUrl":"https://mss.pendercountync.gov/css/citizens/RealEstate/Default.aspx?mode=new"},"geometry":{"type":"Polygon","coordinates":[[[-77.69565,34.672422],[-77.695837,34.673088],[-77.695845,34.673116],[-77.698034,34.671982],[-77.696895,34.670782],[-77.691156,34.670997],[-77.691154,34.672354],[-77.695565,34.672116],[-77.69565,34.672422]]]}},{"type":"Feature","id":"37141:3372-95-3600-0000","properties":{"id":"37141:3372-95-3600-0000","parcelId":"3372-95-3600-0000","countyFips":"37141","countyName":"Pender","state":"North Carolina","marketIds":["Wilmington"],"situsAddress":"3100 OLD MAPLE HILL RD","situsCity":null,"situsZip":null,"jurisdictionCode":"PND","ownerName":"WOOTEN, PAUL GLENN","ownerName2":null,"propertyName":null,"zoningCode":"RA","zoningDistrict":"Rural Agricultural","jurisdictionPrefix":"PND","dorCode":null,"acreage":24.0,"centroid":[-77.738828,34.638275],"lastSale":{"date":"2012-04-18","price":17000.0,"qualified":null},"tax":{"marketValue":159066.0,"assessedValue":null,"taxableValue":null,"taxes":null},"mailingAddress":{"line1":"1411 HAVENS DRIVE","line2":null,"city":"NORTH MYRTLE BEACH","state":"SC","zip":"29582"},"incomeTract":null,"incomeBlockGroup":null,"nearestRoad":null,"flu":{"code":"Rural Agricultural","label":"Rural Agricultural","jurisdiction":"Pender County","source":"https://gis.pendercountync.gov/arcgis/rest/services/LayersPro/MapServer/35"},"opportunityZone":null,"oz2Eligibility":{"eligible":true,"rural":true,"tractGeoid":"37141920204","tractName":"Census Tract 9202.04","designation":"eligible-for-nomination"},"source":"nc-pender-energov-37141","appraiserUrl":"https://mss.pendercountync.gov/css/citizens/RealEstate/Default.aspx?mode=new"},"geometry":{"type":"Polygon","coordinates":[[[-77.737606,34.639563],[-77.737619,34.639564],[-77.737746,34.639598],[-77.7378,34.639651],[-77.737806,34.639692],[-77.737995,34.639771],[-77.738126,34.639795],[-77.738262,34.639779],[-77.738447,34.6397],[-77.738682,34.639489],[-77.738893,34.639352],[-77.739304,34.639292],[-77.739625,34.639294],[-77.739817,34.639226],[-77.740042,34.639078],[-77.740199,34.638849],[-77.740324,34.638771],[-77.740563,34.638716],[-77.740776,34.63878],[-77.740831,34.638767],[-77.740896,34.638699],[-77.740923,34.638629],[-77.740891,34.638442],[-77.740786,34.638241],[-77.74055,34.6379],[-77.740302,34.637323],[-77.74021,34.637244],[-77.740145,34.637218],[-77.73977,34.637227],[-77.739663,34.637213],[-77.739503,34.637151],[-77.739369,34.63706],[-77.739323,34.636992],[-77.739276,34.63683],[-77.739268,34.636349],[-77.734231,34.635342],[-77.734159,34.635573],[-77.734189,34.635593],[-77.734214,34.635914],[-77.738026,34.636673],[-77.737184,34.639628],[-77.737433,34.639574],[-77.737606,34.639563]]]}},{"type":"Feature","id":"37141:3384-35-5159-0000","properties":{"id":"37141:3384-35-5159-0000","parcelId":"3384-35-5159-0000","countyFips":"37141","countyName":"Pender","state":"North Carolina","marketIds":["Wilmington"],"situsAddress":"50 HWY","situsCity":null,"situsZip":null,"jurisdictionCode":"PND","ownerName":"JEAT PROPERTIES LLC","ownerName2":null,"propertyName":null,"zoningCode":"RA","zoningDistrict":"Rural Agricultural","jurisdictionPrefix":"PND","dorCode":null,"acreage":24.0,"centroid":[-77.723694,34.691394],"lastSale":{"date":"2014-11-14","price":null,"qualified":null},"tax":{"marketValue":5520.0,"assessedValue":null,"taxableValue":null,"taxes":null},"mailingAddress":{"line1":"2213 WASHINGTON ACRES DR","line2":null,"city":"HAMPSTEAD","state":"NC","zip":"28443"},"incomeTract":null,"incomeBlockGroup":null,"nearestRoad":null,"flu":{"code":"Rural Agricultural","label":"Rural Agricultural","jurisdiction":"Pender County","source":"https://gis.pendercountync.gov/arcgis/rest/services/LayersPro/MapServer/35"},"opportunityZone":null,"oz2Eligibility":{"eligible":true,"rural":true,"tractGeoid":"37141920204","tractName":"Census Tract 9202.04","designation":"eligible-for-nomination"},"source":"nc-pender-energov-37141","appraiserUrl":"https://mss.pendercountync.gov/css/citizens/RealEstate/Default.aspx?mode=new"},"geometry":{"type":"Polygon","coordinates":[[[-77.721333,34.6916],[-77.721125,34.691675],[-77.720931,34.691745],[-77.722571,34.693499],[-77.726206,34.691317],[-77.726974,34.690269],[-77.726721,34.689654],[-77.721333,34.6916]]]}},{"type":"Feature","id":"37141:3385-93-8702-0000","properties":{"id":"37141:3385-93-8702-0000","parcelId":"3385-93-8702-0000","countyFips":"37141","countyName":"Pender","state":"North Carolina","marketIds":["Wilmington"],"situsAddress":null,"situsCity":null,"situsZip":null,"jurisdictionCode":"PND","ownerName":"BARNHILL, KIMBERLY P ET AL","ownerName2":null,"propertyName":null,"zoningCode":"RA","zoningDistrict":"Rural Agricultural","jurisdictionPrefix":"PND","dorCode":null,"acreage":23.95,"centroid":[-77.702645,34.714443],"lastSale":{"date":"1999-02-05","price":null,"qualified":null},"tax":{"marketValue":26306.0,"assessedValue":null,"taxableValue":null,"taxes":null},"mailingAddress":{"line1":"2125 SYCAMORE SPINGS RD","line2":null,"city":"MAPLE HILL","state":"NC","zip":"28454"},"incomeTract":null,"incomeBlockGroup":null,"nearestRoad":null,"flu":{"code":"Rural Agricultural","label":"Rural Agricultural","jurisdiction":"Pender County","source":"https://gis.pendercountync.gov/arcgis/rest/services/LayersPro/MapServer/35"},"opportunityZone":null,"oz2Eligibility":{"eligible":true,"rural":true,"tractGeoid":"37141920204","tractName":"Census Tract 9202.04","designation":"eligible-for-nomination"},"source":"nc-pender-energov-37141","appraiserUrl":"https://mss.pendercountync.gov/css/citizens/RealEstate/Default.aspx?mode=new"},"geometry":{"type":"Polygon","coordinates":[[[-77.701868,34.712743],[-77.701563,34.717066],[-77.703903,34.716951],[-77.70402,34.712765],[-77.701872,34.712692],[-77.701868,34.712743]]]}},{"type":"Feature","id":"37141:3375-83-1871-0000","properties":{"id":"37141:3375-83-1871-0000","parcelId":"3375-83-1871-0000","countyFips":"37141","countyName":"Pender","state":"North Carolina","marketIds":["Wilmington"],"situsAddress":"455 SHOLAR MILL RD","situsCity":null,"situsZip":null,"jurisdictionCode":"PND","ownerName":"MARSHBURN, MATTHEW GRAY","ownerName2":null,"propertyName":null,"zoningCode":"RA","zoningDistrict":"Rural Agricultural","jurisdictionPrefix":"PND","dorCode":null,"acreage":23.2,"centroid":[-77.741226,34.715869],"lastSale":{"date":"2020-12-31","price":50000.0,"qualified":null},"tax":{"marketValue":240941.0,"assessedValue":null,"taxableValue":null,"taxes":null},"mailingAddress":{"line1":"1523 DEEP BOTTOM ROAD","line2":null,"city":"WALLACE","state":"NC","zip":"28466"},"incomeTract":null,"incomeBlockGroup":null,"nearestRoad":null,"flu":{"code":"Rural Agricultural","label":"Rural Agricultural","jurisdiction":"Pender County","source":"https://gis.pendercountync.gov/arcgis/rest/services/LayersPro/MapServer/35"},"opportunityZone":null,"oz2Eligibility":{"eligible":true,"rural":true,"tractGeoid":"37141920204","tractName":"Census Tract 9202.04","designation":"eligible-for-nomination"},"source":"nc-pender-energov-37141","appraiserUrl":"https://mss.pendercountync.gov/css/citizens/RealEstate/Default.aspx?mode=new"},"geometry":{"type":"Polygon","coordinates":[[[-77.740089,34.716922],[-77.740092,34.716922],[-77.741094,34.716958],[-77.741072,34.71737],[-77.741411,34.717382],[-77.741561,34.716892],[-77.741854,34.716983],[-77.742596,34.71716],[-77.743518,34.716117],[-77.743063,34.715576],[-77.743428,34.715354],[-77.743662,34.715013],[-77.740321,34.71376],[-77.739584,34.713819],[-77.739725,34.714345],[-77.739788,34.714767],[-77.740129,34.714743],[-77.740391,34.715757],[-77.739915,34.715666],[-77.740089,34.716922]]]}},{"type":"Feature","id":"37141:3393-89-3399-0000","properties":{"id":"37141:3393-89-3399-0000","parcelId":"3393-89-3399-0000","countyFips":"37141","countyName":"Pender","state":"North Carolina","marketIds":["Wilmington"],"situsAddress":null,"situsCity":null,"situsZip":null,"jurisdictionCode":"PND","ownerName":"JAMES, CAROLYN W","ownerName2":null,"propertyName":null,"zoningCode":"RA","zoningDistrict":"Rural Agricultural","jurisdictionPrefix":"PND","dorCode":null,"acreage":23.0,"centroid":[-77.676106,34.67589],"lastSale":{"date":null,"price":null,"qualified":null},"tax":{"marketValue":48750.0,"assessedValue":null,"taxableValue":null,"taxes":null},"mailingAddress":{"line1":"C/O GLADYS COMMONS","line2":null,"city":"FAIRFAX STATION","state":"VA","zip":"22039"},"incomeTract":null,"incomeBlockGroup":null,"nearestRoad":null,"flu":{"code":"Rural Agricultural","label":"Rural Agricultural","jurisdiction":"Pender County","source":"https://gis.pendercountync.gov/arcgis/rest/services/LayersPro/MapServer/35"},"opportunityZone":null,"oz2Eligibility":{"eligible":true,"rural":true,"tractGeoid":"37141920204","tractName":"Census Tract 9202.04","designation":"eligible-for-nomination"},"source":"nc-pender-energov-37141","appraiserUrl":"https://mss.pendercountync.gov/css/citizens/RealEstate/Default.aspx?mode=new"},"geometry":{"type":"Polygon","coordinates":[[[-77.675135,34.677983],[-77.675219,34.677927],[-77.677593,34.676329],[-77.677482,34.676269],[-77.677292,34.676216],[-77.677109,34.676102],[-77.67687,34.676001],[-77.676675,34.675986],[-77.676382,34.675929],[-77.676137,34.675792],[-77.67595,34.675505],[-77.675774,34.675407],[-77.674877,34.67361],[-77.672993,34.673407],[-77.675135,34.677983]]]}},{"type":"Feature","id":"37141:3395-70-5181-0000","properties":{"id":"37141:3395-70-5181-0000","parcelId":"3395-70-5181-0000","countyFips":"37141","countyName":"Pender","state":"North Carolina","marketIds":["Wilmington"],"situsAddress":"53 NC HWY","situsCity":null,"situsZip":null,"jurisdictionCode":"PND","ownerName":"PICKETT, REGINA GAY","ownerName2":null,"propertyName":null,"zoningCode":"RA","zoningDistrict":"Rural Agricultural","jurisdictionPrefix":"PND","dorCode":null,"acreage":23.0,"centroid":[-77.676914,34.703258],"lastSale":{"date":null,"price":null,"qualified":null},"tax":{"marketValue":67500.0,"assessedValue":null,"taxableValue":null,"taxes":null},"mailingAddress":{"line1":"306 SEWELL AVE","line2":null,"city":"TRENTON","state":"NJ","zip":"08610"},"incomeTract":null,"incomeBlockGroup":null,"nearestRoad":null,"flu":{"code":"Rural Agricultural","label":"Rural Agricultural","jurisdiction":"Pender County","source":"https://gis.pendercountync.gov/arcgis/rest/services/LayersPro/MapServer/35"},"opportunityZone":null,"oz2Eligibility":{"eligible":true,"rural":true,"tractGeoid":"37141920204","tractName":"Census Tract 9202.04","designation":"eligible-for-nomination"},"source":"nc-pender-energov-37141","appraiserUrl":"https://mss.pendercountync.gov/css/citizens/RealEstate/Default.aspx?mode=new"},"geometry":{"type":"Polygon","coordinates":[[[-77.673362,34.69989],[-77.67644,34.704399],[-77.677031,34.705266],[-77.677084,34.705029],[-77.676892,34.704742],[-77.677017,34.704487],[-77.676969,34.704323],[-77.677322,34.70444],[-77.677508,34.703999],[-77.67767,34.704067],[-77.677821,34.703843],[-77.67779,34.703376],[-77.677447,34.703334],[-77.677537,34.702879],[-77.677269,34.702821],[-77.67727,34.702543],[-77.67708,34.7025],[-77.677144,34.702022],[-77.677295,34.701852],[-77.674328,34.699355],[-77.673362,34.69989]]]}},{"type":"Feature","id":"37141:4303-44-4229-0000","properties":{"id":"37141:4303-44-4229-0000","parcelId":"4303-44-4229-0000","countyFips":"37141","countyName":"Pender","state":"North Carolina","marketIds":["Wilmington"],"situsAddress":"WEBBTOWN RD","situsCity":null,"situsZip":null,"jurisdictionCode":"PND","ownerName":"NEWTON, JAMES EARL JR","ownerName2":null,"propertyName":null,"zoningCode":"RA","zoningDistrict":"Rural Agricultural","jurisdictionPrefix":"PND","dorCode":null,"acreage":23.0,"centroid":[-77.654554,34.661803],"lastSale":{"date":"2025-05-13","price":null,"qualified":null},"tax":{"marketValue":67500.0,"assessedValue":null,"taxableValue":null,"taxes":null},"mailingAddress":{"line1":"FAYE WATKINS","line2":null,"city":"MAPLE HILL","state":"NC","zip":"28454"},"incomeTract":null,"incomeBlockGroup":null,"nearestRoad":null,"flu":{"code":"Rural Agricultural","label":"Rural Agricultural","jurisdiction":"Pender County","source":"https://gis.pendercountync.gov/arcgis/rest/services/LayersPro/MapServer/35"},"opportunityZone":null,"oz2Eligibility":{"eligible":true,"rural":true,"tractGeoid":"37141920204","tractName":"Census Tract 9202.04","designation":"eligible-for-nomination"},"source":"nc-pender-energov-37141","appraiserUrl":"https://mss.pendercountync.gov/css/citizens/RealEstate/Default.aspx?mode=new"},"geometry":{"type":"Polygon","coordinates":[[[-77.653347,34.662839],[-77.653237,34.663059],[-77.653366,34.663342],[-77.654667,34.662754],[-77.654892,34.663038],[-77.656879,34.659027],[-77.655491,34.658559],[-77.653347,34.662839]]]}},{"type":"Feature","id":"37141:3375-53-9080-0000","properties":{"id":"37141:3375-53-9080-0000","parcelId":"3375-53-9080-0000","countyFips":"37141","countyName":"Pender","state":"North Carolina","marketIds":["Wilmington"],"situsAddress":"NC HWY 50","situsCity":null,"situsZip":null,"jurisdictionCode":"PND","ownerName":"HOLLINGSWORTH, DENVER M JR","ownerName2":null,"propertyName":null,"zoningCode":"RA","zoningDistrict":"Rural Agricultural","jurisdictionPrefix":"PND","dorCode":null,"acreage":22.95,"centroid":[-77.748895,34.71367],"lastSale":{"date":"2025-01-07","price":55000.0,"qualified":null},"tax":{"marketValue":52500.0,"assessedValue":null,"taxableValue":null,"taxes":null},"mailingAddress":{"line1":"687 SHOLAR MILL RD","line2":null,"city":"WALLACE","state":"NC","zip":"28466"},"incomeTract":null,"incomeBlockGroup":null,"nearestRoad":null,"flu":{"code":"Rural Agricultural","label":"Rural Agricultural","jurisdiction":"Pender County","source":"https://gis.pendercountync.gov/arcgis/rest/services/LayersPro/MapServer/35"},"opportunityZone":null,"oz2Eligibility":{"eligible":true,"rural":true,"tractGeoid":"37141920204","tractName":"Census Tract 9202.04","designation":"eligible-for-nomination"},"source":"nc-pender-energov-37141","appraiserUrl":"https://mss.pendercountync.gov/css/citizens/RealEstate/Default.aspx?mode=new"},"geometry":{"type":"Polygon","coordinates":[[[-77.748797,34.711379],[-77.746431,34.713655],[-77.746833,34.713957],[-77.747139,34.71414],[-77.74997,34.715608],[-77.75026,34.715741],[-77.750626,34.715876],[-77.750125,34.714199],[-77.74965,34.711381],[-77.749115,34.710767],[-77.748797,34.711379]]]}},{"type":"Feature","id":"37141:3384-09-3505-0000","properties":{"id":"37141:3384-09-3505-0000","parcelId":"3384-09-3505-0000","countyFips":"37141","countyName":"Pender","state":"North Carolina","marketIds":["Wilmington"],"situsAddress":"50 HWY","situsCity":null,"situsZip":null,"jurisdictionCode":"PND","ownerName":"HAN-DY-LAND CHICKENS, LLC","ownerName2":null,"propertyName":null,"zoningCode":"RA","zoningDistrict":"Rural Agricultural","jurisdictionPrefix":"PND","dorCode":null,"acreage":22.3,"centroid":[-77.734658,34.70332],"lastSale":{"date":"2025-08-29","price":325000.0,"qualified":null},"tax":{"marketValue":66625.0,"assessedValue":null,"taxableValue":null,"taxes":null},"mailingAddress":{"line1":"260 BATCHELOR BAY RD","line2":null,"city":"WALLACE","state":"NC","zip":"28466"},"incomeTract":null,"incomeBlockGroup":null,"nearestRoad":null,"flu":{"code":"Rural Agricultural","label":"Rural Agricultural","jurisdiction":"Pender County","source":"https://gis.pendercountync.gov/arcgis/rest/services/LayersPro/MapServer/35"},"opportunityZone":null,"oz2Eligibility":{"eligible":true,"rural":true,"tractGeoid":"37141920204","tractName":"Census Tract 9202.04","designation":"eligible-for-nomination"},"source":"nc-pender-energov-37141","appraiserUrl":"https://mss.pendercountync.gov/css/citizens/RealEstate/Default.aspx?mode=new"},"geometry":{"type":"Polygon","coordinates":[[[-77.73164,34.702113],[-77.731729,34.702229],[-77.732347,34.702987],[-77.734282,34.705143],[-77.737687,34.704045],[-77.737612,34.703457],[-77.737306,34.703266],[-77.73164,34.702113]]]}},{"type":"Feature","id":"37141:3372-97-1756-0000","properties":{"id":"37141:3372-97-1756-0000","parcelId":"3372-97-1756-0000","countyFips":"37141","countyName":"Pender","state":"North Carolina","marketIds":["Wilmington"],"situsAddress":null,"situsCity":null,"situsZip":null,"jurisdictionCode":"PND","ownerName":"HOAGLAND, GORDON","ownerName2":null,"propertyName":null,"zoningCode":"RA","zoningDistrict":"Rural Agricultural","jurisdictionPrefix":"PND","dorCode":null,"acreage":22.26,"centroid":[-77.735115,34.643093],"lastSale":{"date":"2005-06-17","price":87000.0,"qualified":null},"tax":{"marketValue":67557.0,"assessedValue":null,"taxableValue":null,"taxes":null},"mailingAddress":{"line1":"610 SOUTH BICKETT ST.","line2":null,"city":"BURGAW","state":"NC","zip":"28425"},"incomeTract":null,"incomeBlockGroup":null,"nearestRoad":null,"flu":{"code":"Rural Agricultural","label":"Rural Agricultural","jurisdiction":"Pender County","source":"https://gis.pendercountync.gov/arcgis/rest/services/LayersPro/MapServer/35"},"opportunityZone":null,"oz2Eligibility":{"eligible":true,"rural":true,"tractGeoid":"37141920204","tractName":"Census Tract 9202.04","designation":"eligible-for-nomination"},"source":"nc-pender-energov-37141","appraiserUrl":"https://mss.pendercountync.gov/css/citizens/RealEstate/Default.aspx?mode=new"},"geometry":{"type":"Polygon","coordinates":[[[-77.734111,34.642316],[-77.734068,34.64235],[-77.73375,34.642625],[-77.733635,34.642778],[-77.733579,34.642908],[-77.733556,34.643051],[-77.733573,34.643193],[-77.733633,34.643317],[-77.733765,34.643498],[-77.741624,34.644996],[-77.741952,34.64379],[-77.734132,34.642299],[-77.734111,34.642316]]]}},{"type":"Feature","id":"37141:3372-98-0908-0000","properties":{"id":"37141:3372-98-0908-0000","parcelId":"3372-98-0908-0000","countyFips":"37141","countyName":"Pender","state":"North Carolina","marketIds":["Wilmington"],"situsAddress":"53 HWY","situsCity":null,"situsZip":null,"jurisdictionCode":"PND","ownerName":"NEWKIRK, CARY PAULINE LANIER","ownerName2":null,"propertyName":null,"zoningCode":"RA","zoningDistrict":"Rural Agricultural","jurisdictionPrefix":"PND","dorCode":null,"acreage":22.26,"centroid":[-77.736826,34.646206],"lastSale":{"date":"2011-03-18","price":null,"qualified":null},"tax":{"marketValue":7738.0,"assessedValue":null,"taxableValue":null,"taxes":null},"mailingAddress":{"line1":"141 NEWKIRK RD","line2":null,"city":"WATHA","state":"NC","zip":"28478"},"incomeTract":null,"incomeBlockGroup":null,"nearestRoad":null,"flu":{"code":"Rural Agricultural","label":"Rural Agricultural","jurisdiction":"Pender County","source":"https://gis.pendercountync.gov/arcgis/rest/services/LayersPro/MapServer/35"},"opportunityZone":null,"oz2Eligibility":{"eligible":true,"rural":true,"tractGeoid":"37141920204","tractName":"Census Tract 9202.04","designation":"eligible-for-nomination"},"source":"nc-pender-energov-37141","appraiserUrl":"https://mss.pendercountync.gov/css/citizens/RealEstate/Default.aspx?mode=new"},"geometry":{"type":"Polygon","coordinates":[[[-77.734804,34.645177],[-77.73481,34.645183],[-77.734887,34.645276],[-77.73493,34.645362],[-77.734948,34.645579],[-77.734933,34.645863],[-77.734975,34.645962],[-77.735057,34.646064],[-77.738875,34.646773],[-77.738114,34.648213],[-77.74062,34.648659],[-77.741266,34.646292],[-77.740513,34.646274],[-77.734804,34.645177]]]}},{"type":"Feature","id":"37141:3372-98-3296-0000","properties":{"id":"37141:3372-98-3296-0000","parcelId":"3372-98-3296-0000","countyFips":"37141","countyName":"Pender","state":"North Carolina","marketIds":["Wilmington"],"situsAddress":null,"situsCity":null,"situsZip":null,"jurisdictionCode":"PND","ownerName":"BREEDEN, CORNELIA ELAINE LANIER","ownerName2":null,"propertyName":null,"zoningCode":"RA","zoningDistrict":"Rural Agricultural","jurisdictionPrefix":"PND","dorCode":null,"acreage":22.26,"centroid":[-77.73708,34.644943],"lastSale":{"date":null,"price":null,"qualified":null},"tax":{"marketValue":51325.0,"assessedValue":null,"taxableValue":null,"taxes":null},"mailingAddress":{"line1":"213 ROCKWELL RD","line2":null,"city":"WILMINGTON","state":"NC","zip":"28405"},"incomeTract":null,"incomeBlockGroup":null,"nearestRoad":null,"flu":{"code":"Rural Agricultural","label":"Rural Agricultural","jurisdiction":"Pender County","source":"https://gis.pendercountync.gov/arcgis/rest/services/LayersPro/MapServer/35"},"opportunityZone":null,"oz2Eligibility":{"eligible":true,"rural":true,"tractGeoid":"37141920204","tractName":"Census Tract 9202.04","designation":"eligible-for-nomination"},"source":"nc-pender-energov-37141","appraiserUrl":"https://mss.pendercountync.gov/css/citizens/RealEstate/Default.aspx?mode=new"},"geometry":{"type":"Polygon","coordinates":[[[-77.736526,34.645507],[-77.740513,34.646274],[-77.740529,34.646275],[-77.739862,34.645777],[-77.740056,34.645608],[-77.740301,34.645345],[-77.741497,34.645469],[-77.741624,34.644996],[-77.733765,34.643498],[-77.733947,34.643711],[-77.734226,34.643964],[-77.73432,34.644172],[-77.734368,34.644237],[-77.734636,34.644443],[-77.734695,34.644626],[-77.734701,34.644952],[-77.734802,34.645175],[-77.736526,34.645507]]]}},{"type":"Feature","id":"37141:3393-67-1858-0000","properties":{"id":"37141:3393-67-1858-0000","parcelId":"3393-67-1858-0000","countyFips":"37141","countyName":"Pender","state":"North Carolina","marketIds":["Wilmington"],"situsAddress":null,"situsCity":null,"situsZip":null,"jurisdictionCode":"PND","ownerName":"BONEY, JAMES A HEIRS","ownerName2":null,"propertyName":null,"zoningCode":"RA","zoningDistrict":"Rural Agricultural","jurisdictionPrefix":"PND","dorCode":null,"acreage":22.0,"centroid":[-77.684125,34.671363],"lastSale":{"date":null,"price":null,"qualified":null},"tax":{"marketValue":16000.0,"assessedValue":null,"taxableValue":null,"taxes":null},"mailingAddress":{"line1":"C/O CHARLIE LEE BONEY","line2":null,"city":"MAPLE HILL","state":"NC","zip":"28454"},"incomeTract":null,"incomeBlockGroup":null,"nearestRoad":null,"flu":{"code":"Rural Agricultural","label":"Rural Agricultural","jurisdiction":"Pender County","source":"https://gis.pendercountync.gov/arcgis/rest/services/LayersPro/MapServer/35"},"opportunityZone":null,"oz2Eligibility":{"eligible":true,"rural":true,"tractGeoid":"37141920204","tractName":"Census Tract 9202.04","designation":"eligible-for-nomination"},"source":"nc-pender-energov-37141","appraiserUrl":"https://mss.pendercountync.gov/css/citizens/RealEstate/Default.aspx?mode=new"},"geometry":{"type":"Polygon","coordinates":[[[-77.678004,34.671389],[-77.677999,34.671408],[-77.677996,34.67142],[-77.685486,34.672187],[-77.685508,34.672115],[-77.685391,34.672058],[-77.685355,34.67198],[-77.685416,34.671897],[-77.685566,34.671766],[-77.685593,34.671691],[-77.685572,34.671635],[-77.685434,34.671535],[-77.685398,34.671478],[-77.68541,34.671366],[-77.685521,34.671198],[-77.685521,34.671165],[-77.685494,34.671128],[-77.685285,34.671022],[-77.685217,34.670948],[-77.685179,34.670868],[-77.684984,34.67089],[-77.684691,34.67077],[-77.684635,34.670725],[-77.678353,34.670084],[-77.678004,34.671389]]]}},{"type":"Feature","id":"37141:3394-89-4327-0000","properties":{"id":"37141:3394-89-4327-0000","parcelId":"3394-89-4327-0000","countyFips":"37141","countyName":"Pender","state":"North Carolina","marketIds":["Wilmington"],"situsAddress":"53 HWY OFF","situsCity":null,"situsZip":null,"jurisdictionCode":"PND","ownerName":"WATSON, ROBERT STEVEN","ownerName2":null,"propertyName":null,"zoningCode":"RA","zoningDistrict":"Rural Agricultural","jurisdictionPrefix":"PND","dorCode":null,"acreage":22.0,"centroid":[-77.675611,34.704832],"lastSale":{"date":"2016-12-20","price":24000.0,"qualified":null},"tax":{"marketValue":2248.0,"assessedValue":null,"taxableValue":null,"taxes":null},"mailingAddress":{"line1":"58 EXCALIBUR PT","line2":null,"city":"HAMPSTEAD","state":"NC","zip":"28443"},"incomeTract":null,"incomeBlockGroup":null,"nearestRoad":null,"flu":{"code":"Rural Agricultural","label":"Rural Agricultural","jurisdiction":"Pender County","source":"https://gis.pendercountync.gov/arcgis/rest/services/LayersPro/MapServer/35"},"opportunityZone":null,"oz2Eligibility":{"eligible":true,"rural":true,"tractGeoid":"37141920204","tractName":"Census Tract 9202.04","designation":"eligible-for-nomination"},"source":"nc-pender-energov-37141","appraiserUrl":"https://mss.pendercountync.gov/css/citizens/RealEstate/Default.aspx?mode=new"},"geometry":{"type":"Polygon","coordinates":[[[-77.675529,34.706218],[-77.675543,34.706244],[-77.67568,34.706193],[-77.675596,34.705985],[-77.67583,34.705761],[-77.676271,34.705745],[-77.676456,34.70539],[-77.676666,34.705451],[-77.677001,34.705401],[-77.677031,34.705266],[-77.673362,34.69989],[-77.672368,34.700439],[-77.675529,34.706218]]]}},{"type":"Feature","id":"37141:3394-89-7751-0000","properties":{"id":"37141:3394-89-7751-0000","parcelId":"3394-89-7751-0000","countyFips":"37141","countyName":"Pender","state":"North Carolina","marketIds":["Wilmington"],"situsAddress":"53 HWY OFF","situsCity":null,"situsZip":null,"jurisdictionCode":"PND","ownerName":"DIXON, WILBERT ET AL","ownerName2":null,"propertyName":null,"zoningCode":"RA","zoningDistrict":"Rural Agricultural","jurisdictionPrefix":"PND","dorCode":null,"acreage":22.0,"centroid":[-77.674404,34.705853],"lastSale":{"date":null,"price":null,"qualified":null},"tax":{"marketValue":77500.0,"assessedValue":null,"taxableValue":null,"taxes":null},"mailingAddress":{"line1":"18211 NC HWY 53 E","line2":null,"city":"MAPLE HILL","state":"NC","zip":"28454"},"incomeTract":null,"incomeBlockGroup":null,"nearestRoad":null,"flu":{"code":"Rural Agricultural","label":"Rural Agricultural","jurisdiction":"Pender County","source":"https://gis.pendercountync.gov/arcgis/rest/services/LayersPro/MapServer/35"},"opportunityZone":null,"oz2Eligibility":{"eligible":true,"rural":true,"tractGeoid":"37141920204","tractName":"Census Tract 9202.04","designation":"eligible-for-nomination"},"source":"nc-pender-energov-37141","appraiserUrl":"https://mss.pendercountync.gov/css/citizens/RealEstate/Default.aspx?mode=new"},"geometry":{"type":"Polygon","coordinates":[[[-77.674308,34.707069],[-77.674368,34.707015],[-77.67437,34.706926],[-77.674328,34.706824],[-77.674351,34.706742],[-77.674703,34.706757],[-77.674843,34.706704],[-77.674938,34.706752],[-77.675223,34.706725],[-77.675514,34.706473],[-77.675402,34.706296],[-77.675543,34.706244],[-77.672368,34.700439],[-77.671396,34.700977],[-77.674308,34.707069]]]}},{"type":"Feature","id":"37141:3394-75-2323-0000","properties":{"id":"37141:3394-75-2323-0000","parcelId":"3394-75-2323-0000","countyFips":"37141","countyName":"Pender","state":"North Carolina","marketIds":["Wilmington"],"situsAddress":"53 HWY","situsCity":null,"situsZip":null,"jurisdictionCode":"PND","ownerName":"JAMES, ADOLPHUS HEIRS","ownerName2":null,"propertyName":null,"zoningCode":"RA","zoningDistrict":"Rural Agricultural","jurisdictionPrefix":"PND","dorCode":null,"acreage":21.73,"centroid":[-77.680396,34.693235],"lastSale":{"date":"2003-11-14","price":null,"qualified":null},"tax":{"marketValue":45778.0,"assessedValue":null,"taxableValue":null,"taxes":null},"mailingAddress":{"line1":"144 WOOTEN RD","line2":null,"city":"MAPLE HILL","state":"NC","zip":"28454"},"incomeTract":null,"incomeBlockGroup":null,"nearestRoad":null,"flu":{"code":"Rural Agricultural","label":"Rural Agricultural","jurisdiction":"Pender County","source":"https://gis.pendercountync.gov/arcgis/rest/services/LayersPro/MapServer/35"},"opportunityZone":null,"oz2Eligibility":{"eligible":true,"rural":true,"tractGeoid":"37141920204","tractName":"Census Tract 9202.04","designation":"eligible-for-nomination"},"source":"nc-pender-energov-37141","appraiserUrl":"https://mss.pendercountync.gov/css/citizens/RealEstate/Default.aspx?mode=new"},"geometry":{"type":"Polygon","coordinates":[[[-77.676034,34.690104],[-77.683755,34.696272],[-77.684082,34.696171],[-77.684194,34.69611],[-77.684269,34.696013],[-77.684295,34.695863],[-77.675879,34.688979],[-77.675183,34.689506],[-77.675872,34.6901],[-77.676034,34.690104]]]}},{"type":"Feature","id":"37141:3393-67-9067-0000","properties":{"id":"37141:3393-67-9067-0000","parcelId":"3393-67-9067-0000","countyFips":"37141","countyName":"Pender","state":"North Carolina","marketIds":["Wilmington"],"situsAddress":null,"situsCity":null,"situsZip":null,"jurisdictionCode":"PND","ownerName":"HARRIS, CYNTHIA LAVERNE MALLOY TRUSTEE","ownerName2":null,"propertyName":null,"zoningCode":"RA","zoningDistrict":"Rural Agricultural","jurisdictionPrefix":"PND","dorCode":null,"acreage":21.58,"centroid":[-77.681477,34.668976],"lastSale":{"date":"2006-02-16","price":null,"qualified":null},"tax":{"marketValue":51350.0,"assessedValue":null,"taxableValue":null,"taxes":null},"mailingAddress":{"line1":"835 WEBBTOWN RD","line2":null,"city":"MAPLE HILL","state":"NC","zip":"28454"},"incomeTract":null,"incomeBlockGroup":null,"nearestRoad":null,"flu":{"code":"Rural Agricultural","label":"Rural Agricultural","jurisdiction":"Pender County","source":"https://gis.pendercountync.gov/arcgis/rest/services/LayersPro/MapServer/35"},"opportunityZone":null,"oz2Eligibility":{"eligible":true,"rural":true,"tractGeoid":"37141920204","tractName":"Census Tract 9202.04","designation":"eligible-for-nomination"},"source":"nc-pender-energov-37141","appraiserUrl":"https://mss.pendercountync.gov/css/citizens/RealEstate/Default.aspx?mode=new"},"geometry":{"type":"Polygon","coordinates":[[[-77.674381,34.668816],[-77.683943,34.66981],[-77.684001,34.66961],[-77.68399,34.669502],[-77.683752,34.669202],[-77.683727,34.669069],[-77.683523,34.66891],[-77.683502,34.668857],[-77.683508,34.668797],[-77.677455,34.668197],[-77.67447,34.667964],[-77.674381,34.668816]]]}},{"type":"Feature","id":"37141:4302-55-7492-0000","properties":{"id":"37141:4302-55-7492-0000","parcelId":"4302-55-7492-0000","countyFips":"37141","countyName":"Pender","state":"North Carolina","marketIds":["Wilmington"],"situsAddress":"9426 NC HWY 50","situsCity":null,"situsZip":null,"jurisdictionCode":"PND","ownerName":"PICKETT, GERALDINE","ownerName2":null,"propertyName":null,"zoningCode":"RA","zoningDistrict":"Rural Agricultural","jurisdictionPrefix":"PND","dorCode":null,"acreage":21.4,"centroid":[-77.650965,34.63541],"lastSale":{"date":"2018-02-26","price":null,"qualified":null},"tax":{"marketValue":111750.0,"assessedValue":null,"taxableValue":null,"taxes":null},"mailingAddress":{"line1":"6901 NC HWY 50","line2":null,"city":"MAPLE HILL","state":"NC","zip":"28454"},"incomeTract":null,"incomeBlockGroup":null,"nearestRoad":null,"flu":{"code":"Rural Agricultural","label":"Rural Agricultural","jurisdiction":"Pender County","source":"https://gis.pendercountync.gov/arcgis/rest/services/LayersPro/MapServer/35"},"opportunityZone":null,"oz2Eligibility":{"eligible":true,"rural":true,"tractGeoid":"37141920204","tractName":"Census Tract 9202.04","designation":"eligible-for-nomination"},"source":"nc-pender-energov-37141","appraiserUrl":"https://mss.pendercountync.gov/css/citizens/RealEstate/Default.aspx?mode=new"},"geometry":{"type":"Polygon","coordinates":[[[-77.650216,34.634149],[-77.650322,34.63779],[-77.650841,34.637661],[-77.651647,34.63738],[-77.651475,34.633644],[-77.651283,34.633661],[-77.65097,34.633584],[-77.650216,34.634149]]]}},{"type":"Feature","id":"37141:3373-60-8172-0000","properties":{"id":"37141:3373-60-8172-0000","parcelId":"3373-60-8172-0000","countyFips":"37141","countyName":"Pender","state":"North Carolina","marketIds":["Wilmington"],"situsAddress":null,"situsCity":null,"situsZip":null,"jurisdictionCode":"PND","ownerName":"JACKSON, GEORGE M","ownerName2":null,"propertyName":null,"zoningCode":"RA","zoningDistrict":"Rural Agricultural","jurisdictionPrefix":"PND","dorCode":null,"acreage":21.34,"centroid":[-77.745503,34.649618],"lastSale":{"date":"2025-09-15","price":null,"qualified":null},"tax":{"marketValue":65425.0,"assessedValue":null,"taxableValue":null,"taxes":null},"mailingAddress":{"line1":"225 CROWATAN ROAD","line2":null,"city":"CASTLE HAYNE","state":"NC","zip":"28429"},"incomeTract":null,"incomeBlockGroup":null,"nearestRoad":null,"flu":{"code":"Rural Agricultural","label":"Rural Agricultural","jurisdiction":"Pender County","source":"https://gis.pendercountync.gov/arcgis/rest/services/LayersPro/MapServer/35"},"opportunityZone":null,"oz2Eligibility":{"eligible":true,"rural":true,"tractGeoid":"37141920204","tractName":"Census Tract 9202.04","designation":"eligible-for-nomination"},"source":"nc-pender-energov-37141","appraiserUrl":"https://mss.pendercountync.gov/css/citizens/RealEstate/Default.aspx?mode=new"},"geometry":{"type":"Polygon","coordinates":[[[-77.747662,34.651461],[-77.752028,34.652321],[-77.752298,34.651442],[-77.747426,34.650483],[-77.747405,34.650332],[-77.741932,34.647424],[-77.741778,34.647634],[-77.742897,34.648229],[-77.742681,34.648522],[-77.741562,34.647928],[-77.741408,34.648138],[-77.744884,34.649985],[-77.745142,34.649632],[-77.747939,34.651118],[-77.747662,34.651461]]]}},{"type":"Feature","id":"37141:3383-63-0292-0000","properties":{"id":"37141:3383-63-0292-0000","parcelId":"3383-63-0292-0000","countyFips":"37141","countyName":"Pender","state":"North Carolina","marketIds":["Wilmington"],"situsAddress":null,"situsCity":null,"situsZip":null,"jurisdictionCode":"PND","ownerName":"JEAT PROPERTIES LLC","ownerName2":null,"propertyName":null,"zoningCode":"RA","zoningDistrict":"Rural Agricultural","jurisdictionPrefix":"PND","dorCode":null,"acreage":21.0,"centroid":[-77.715891,34.658285],"lastSale":{"date":"2014-11-14","price":null,"qualified":null},"tax":{"marketValue":18060.0,"assessedValue":null,"taxableValue":null,"taxes":null},"mailingAddress":{"line1":"2213 WASHINGTON ACRES DR","line2":null,"city":"HAMPSTEAD","state":"NC","zip":"28443"},"incomeTract":null,"incomeBlockGroup":null,"nearestRoad":null,"flu":{"code":"Rural Agricultural","label":"Rural Agricultural","jurisdiction":"Pender County","source":"https://gis.pendercountync.gov/arcgis/rest/services/LayersPro/MapServer/35"},"opportunityZone":null,"oz2Eligibility":{"eligible":true,"rural":true,"tractGeoid":"37141920204","tractName":"Census Tract 9202.04","designation":"eligible-for-nomination"},"source":"nc-pender-energov-37141","appraiserUrl":"https://mss.pendercountync.gov/css/citizens/RealEstate/Default.aspx?mode=new"},"geometry":{"type":"Polygon","coordinates":[[[-77.713699,34.657355],[-77.717553,34.661124],[-77.718502,34.65999],[-77.71511,34.656602],[-77.714593,34.656356],[-77.713699,34.657355]]]}},{"type":"Feature","id":"37141:3394-12-4077-0000","properties":{"id":"37141:3394-12-4077-0000","parcelId":"3394-12-4077-0000","countyFips":"37141","countyName":"Pender","state":"North Carolina","marketIds":["Wilmington"],"situsAddress":"53 HWY","situsCity":null,"situsZip":null,"jurisdictionCode":"PND","ownerName":"THE WILLOUGHBY TOWNSEND, LLC ETAL","ownerName2":null,"propertyName":null,"zoningCode":"RA","zoningDistrict":"Rural Agricultural","jurisdictionPrefix":"PND","dorCode":null,"acreage":21.0,"centroid":[-77.697491,34.681528],"lastSale":{"date":"2018-05-07","price":null,"qualified":null},"tax":{"marketValue":6065.0,"assessedValue":null,"taxableValue":null,"taxes":null},"mailingAddress":{"line1":"2107 RED HILL CHURCH RD","line2":null,"city":"DUNN","state":"NC","zip":"28334"},"incomeTract":null,"incomeBlockGroup":null,"nearestRoad":null,"flu":{"code":"Rural Agricultural","label":"Rural Agricultural","jurisdiction":"Pender County","source":"https://gis.pendercountync.gov/arcgis/rest/services/LayersPro/MapServer/35"},"opportunityZone":null,"oz2Eligibility":{"eligible":true,"rural":true,"tractGeoid":"37141920204","tractName":"Census Tract 9202.04","designation":"eligible-for-nomination"},"source":"nc-pender-energov-37141","appraiserUrl":"https://mss.pendercountync.gov/css/citizens/RealEstate/Default.aspx?mode=new"},"geometry":{"type":"Polygon","coordinates":[[[-77.695965,34.677621],[-77.698017,34.686107],[-77.699383,34.68559],[-77.697681,34.680814],[-77.696408,34.677509],[-77.695965,34.677621]]]}},{"type":"Feature","id":"37141:3394-31-5733-0000","properties":{"id":"37141:3394-31-5733-0000","parcelId":"3394-31-5733-0000","countyFips":"37141","countyName":"Pender","state":"North Carolina","marketIds":["Wilmington"],"situsAddress":null,"situsCity":null,"situsZip":null,"jurisdictionCode":"PND","ownerName":"BROWN, BODGE WEBSTER","ownerName2":null,"propertyName":null,"zoningCode":"RA","zoningDistrict":"Rural Agricultural","jurisdictionPrefix":"PND","dorCode":null,"acreage":21.0,"centroid":[-77.691251,34.681812],"lastSale":{"date":null,"price":null,"qualified":null},"tax":{"marketValue":65000.0,"assessedValue":null,"taxableValue":null,"taxes":null},"mailingAddress":{"line1":"1620 CROMER ROAD","line2":null,"city":"KING","state":"NC","zip":"27021"},"incomeTract":null,"incomeBlockGroup":null,"nearestRoad":null,"flu":{"code":"Rural Agricultural","label":"Rural Agricultural","jurisdiction":"Pender County","source":"https://gis.pendercountync.gov/arcgis/rest/services/LayersPro/MapServer/35"},"opportunityZone":null,"oz2Eligibility":{"eligible":true,"rural":true,"tractGeoid":"37141920204","tractName":"Census Tract 9202.04","designation":"eligible-for-nomination"},"source":"nc-pender-energov-37141","appraiserUrl":"https://mss.pendercountync.gov/css/citizens/RealEstate/Default.aspx?mode=new"},"geometry":{"type":"Polygon","coordinates":[[[-77.689392,34.681966],[-77.689402,34.682017],[-77.689612,34.68329],[-77.694579,34.682195],[-77.694422,34.681624],[-77.693182,34.68199],[-77.69208,34.68052],[-77.689271,34.681131],[-77.689321,34.681573],[-77.689392,34.681966]]]}},{"type":"Feature","id":"37141:4302-24-0458-0000","properties":{"id":"37141:4302-24-0458-0000","parcelId":"4302-24-0458-0000","countyFips":"37141","countyName":"Pender","state":"North Carolina","marketIds":["Wilmington"],"situsAddress":"50 HWY","situsCity":null,"situsZip":null,"jurisdictionCode":"PND","ownerName":"NEWKIRK, JAMES A SR","ownerName2":null,"propertyName":null,"zoningCode":"RP","zoningDistrict":"Residential Performance","jurisdictionPrefix":"PND","dorCode":null,"acreage":20.75,"centroid":[-77.663666,34.634027],"lastSale":{"date":"1982-07-23","price":null,"qualified":null},"tax":{"marketValue":64688.0,"assessedValue":null,"taxableValue":null,"taxes":null},"mailingAddress":{"line1":"537 BRADFORD ST","line2":null,"city":"BROOKLYN","state":"NY","zip":"11207"},"incomeTract":null,"incomeBlockGroup":null,"nearestRoad":null,"flu":{"code":"Rural Agricultural","label":"Rural Agricultural","jurisdiction":"Pender County","source":"https://gis.pendercountync.gov/arcgis/rest/services/LayersPro/MapServer/35"},"opportunityZone":null,"oz2Eligibility":{"eligible":true,"rural":true,"tractGeoid":"37141920204","tractName":"Census Tract 9202.04","designation":"eligible-for-nomination"},"source":"nc-pender-energov-37141","appraiserUrl":"https://mss.pendercountync.gov/css/citizens/RealEstate/Default.aspx?mode=new"},"geometry":{"type":"Polygon","coordinates":[[[-77.662291,34.633072],[-77.662479,34.635544],[-77.662502,34.63585],[-77.663927,34.635734],[-77.664077,34.634626],[-77.66451,34.634587],[-77.664654,34.633471],[-77.664466,34.631902],[-77.664313,34.632551],[-77.663436,34.632937],[-77.662291,34.633072]]]}},{"type":"Feature","id":"37141:3375-80-8952-0000","properties":{"id":"37141:3375-80-8952-0000","parcelId":"3375-80-8952-0000","countyFips":"37141","countyName":"Pender","state":"North Carolina","marketIds":["Wilmington"],"situsAddress":"NC HWY 50","situsCity":null,"situsZip":null,"jurisdictionCode":"PND","ownerName":"MONTAGNO, THOMAS R","ownerName2":null,"propertyName":null,"zoningCode":"RA","zoningDistrict":"Rural Agricultural","jurisdictionPrefix":"PND","dorCode":null,"acreage":20.64,"centroid":[-77.738447,34.707043],"lastSale":{"date":"2020-08-14","price":81500.0,"qualified":null},"tax":{"marketValue":30345.0,"assessedValue":null,"taxableValue":null,"taxes":null},"mailingAddress":{"line1":"813 BAY BLOSSOM DR","line2":null,"city":"WILMINGTON","state":"NC","zip":"28411"},"incomeTract":null,"incomeBlockGroup":null,"nearestRoad":null,"flu":{"code":"Rural Agricultural","label":"Rural Agricultural","jurisdiction":"Pender County","source":"https://gis.pendercountync.gov/arcgis/rest/services/LayersPro/MapServer/35"},"opportunityZone":null,"oz2Eligibility":{"eligible":true,"rural":true,"tractGeoid":"37141920204","tractName":"Census Tract 9202.04","designation":"eligible-for-nomination"},"source":"nc-pender-energov-37141","appraiserUrl":"https://mss.pendercountync.gov/css/citizens/RealEstate/Default.aspx?mode=new"},"geometry":{"type":"Polygon","coordinates":[[[-77.738438,34.707059],[-77.738433,34.707061],[-77.738172,34.707125],[-77.738138,34.707177],[-77.738016,34.707217],[-77.737948,34.707269],[-77.737966,34.707406],[-77.737744,34.707576],[-77.737606,34.707585],[-77.738022,34.708275],[-77.738704,34.708285],[-77.738776,34.709587],[-77.73924,34.709873],[-77.739014,34.710213],[-77.739299,34.710377],[-77.739613,34.710514],[-77.739847,34.71015],[-77.740135,34.708294],[-77.739857,34.705031],[-77.738477,34.705183],[-77.738704,34.705358],[-77.738764,34.705457],[-77.738632,34.70546],[-77.738495,34.705513],[-77.738354,34.705672],[-77.738441,34.70576],[-77.73841,34.705855],[-77.738277,34.705979],[-77.738129,34.705954],[-77.738084,34.705992],[-77.738071,34.706077],[-77.737987,34.706215],[-77.738002,34.706245],[-77.737977,34.70632],[-77.73802,34.706387],[-77.738159,34.70641],[-77.738162,34.706494],[-77.738111,34.706586],[-77.738137,34.706734],[-77.738222,34.706719],[-77.738274,34.706756],[-77.73824,34.706865],[-77.738257,34.706922],[-77.738353,34.706982],[-77.738402,34.70698],[-77.738438,34.707059]]]}},{"type":"Feature","id":"37141:3393-77-0378-0000","properties":{"id":"37141:3393-77-0378-0000","parcelId":"3393-77-0378-0000","countyFips":"37141","countyName":"Pender","state":"North Carolina","marketIds":["Wilmington"],"situsAddress":"LUBY HILL RD OFF","situsCity":null,"situsZip":null,"jurisdictionCode":"PND","ownerName":"MOORE, GORDON MORRIS","ownerName2":null,"propertyName":null,"zoningCode":"RA","zoningDistrict":"Rural Agricultural","jurisdictionPrefix":"PND","dorCode":null,"acreage":20.58,"centroid":[-77.681845,34.670026],"lastSale":{"date":"2024-07-03","price":null,"qualified":null},"tax":{"marketValue":64475.0,"assessedValue":null,"taxableValue":null,"taxes":null},"mailingAddress":{"line1":"6442 TOUCHSTONE DRIVE","line2":null,"city":"FAYETTEVILLE","state":"NC","zip":"28311"},"incomeTract":null,"incomeBlockGroup":null,"nearestRoad":null,"flu":{"code":"Rural Agricultural","label":"Rural Agricultural","jurisdiction":"Pender County","source":"https://gis.pendercountync.gov/arcgis/rest/services/LayersPro/MapServer/35"},"opportunityZone":null,"oz2Eligibility":{"eligible":true,"rural":true,"tractGeoid":"37141920204","tractName":"Census Tract 9202.04","designation":"eligible-for-nomination"},"source":"nc-pender-energov-37141","appraiserUrl":"https://mss.pendercountync.gov/css/citizens/RealEstate/Default.aspx?mode=new"},"geometry":{"type":"Polygon","coordinates":[[[-77.684625,34.670723],[-77.684635,34.670725],[-77.684629,34.670691],[-77.684673,34.670551],[-77.684616,34.670421],[-77.684441,34.670306],[-77.684278,34.6703],[-77.684178,34.67023],[-77.684007,34.670217],[-77.683947,34.670177],[-77.683923,34.669924],[-77.683943,34.66981],[-77.674329,34.66881],[-77.674319,34.668913],[-77.674538,34.668932],[-77.674446,34.669685],[-77.684625,34.670723]]]}},{"type":"Feature","id":"37141:4303-35-6516-0000","properties":{"id":"37141:4303-35-6516-0000","parcelId":"4303-35-6516-0000","countyFips":"37141","countyName":"Pender","state":"North Carolina","marketIds":["Wilmington"],"situsAddress":null,"situsCity":null,"situsZip":null,"jurisdictionCode":"PND","ownerName":"HAYES, CHERYL WATKINS","ownerName2":null,"propertyName":null,"zoningCode":"RA","zoningDistrict":"Rural Agricultural","jurisdictionPrefix":"PND","dorCode":null,"acreage":20.5,"centroid":[-77.657219,34.664194],"lastSale":{"date":"2012-08-30","price":null,"qualified":null},"tax":{"marketValue":64375.0,"assessedValue":null,"taxableValue":null,"taxes":null},"mailingAddress":{"line1":"1356 WEBBTOWN RD","line2":null,"city":"MAPLE HILL","state":"NC","zip":"28454"},"incomeTract":null,"incomeBlockGroup":null,"nearestRoad":null,"flu":{"code":"Rural Agricultural","label":"Rural Agricultural","jurisdiction":"Pender County","source":"https://gis.pendercountync.gov/arcgis/rest/services/LayersPro/MapServer/35"},"opportunityZone":null,"oz2Eligibility":{"eligible":true,"rural":true,"tractGeoid":"37141920204","tractName":"Census Tract 9202.04","designation":"eligible-for-nomination"},"source":"nc-pender-energov-37141","appraiserUrl":"https://mss.pendercountync.gov/css/citizens/RealEstate/Default.aspx?mode=new"},"geometry":{"type":"Polygon","coordinates":[[[-77.656315,34.665054],[-77.656324,34.665074],[-77.656702,34.665903],[-77.658242,34.665424],[-77.658729,34.666492],[-77.659442,34.665973],[-77.659828,34.665999],[-77.658705,34.663756],[-77.658337,34.663079],[-77.658052,34.663181],[-77.657941,34.663398],[-77.65787,34.663472],[-77.657727,34.663476],[-77.657445,34.663597],[-77.657239,34.663548],[-77.657047,34.663606],[-77.656851,34.663765],[-77.656697,34.663689],[-77.656501,34.663636],[-77.656336,34.663667],[-77.656205,34.663727],[-77.656011,34.663668],[-77.655763,34.663665],[-77.655609,34.663585],[-77.655333,34.663595],[-77.656455,34.665011],[-77.656315,34.665054]]]}},{"type":"Feature","id":"37141:3372-97-2014-0000","properties":{"id":"37141:3372-97-2014-0000","parcelId":"3372-97-2014-0000","countyFips":"37141","countyName":"Pender","state":"North Carolina","marketIds":["Wilmington"],"situsAddress":null,"situsCity":null,"situsZip":null,"jurisdictionCode":"PND","ownerName":"HOLLAND, WAYNE ALEXANDER TRUSTEE","ownerName2":null,"propertyName":null,"zoningCode":"RA","zoningDistrict":"Rural Agricultural","jurisdictionPrefix":"PND","dorCode":null,"acreage":20.49,"centroid":[-77.739439,34.642399],"lastSale":{"date":"2008-06-26","price":295000.0,"qualified":null},"tax":{"marketValue":19451.0,"assessedValue":null,"taxableValue":null,"taxes":null},"mailingAddress":{"line1":"C/O JEFFREY HOLLAND","line2":null,"city":"HYDEN","state":"KY","zip":"41749"},"incomeTract":null,"incomeBlockGroup":null,"nearestRoad":null,"flu":{"code":"Rural Agricultural","label":"Rural Agricultural","jurisdiction":"Pender County","source":"https://gis.pendercountync.gov/arcgis/rest/services/LayersPro/MapServer/35"},"opportunityZone":null,"oz2Eligibility":{"eligible":true,"rural":true,"tractGeoid":"37141920204","tractName":"Census Tract 9202.04","designation":"eligible-for-nomination"},"source":"nc-pender-energov-37141","appraiserUrl":"https://mss.pendercountync.gov/css/citizens/RealEstate/Default.aspx?mode=new"},"geometry":{"type":"Polygon","coordinates":[[[-77.740721,34.643554],[-77.741952,34.64379],[-77.742148,34.643085],[-77.741444,34.642653],[-77.740699,34.64253],[-77.740116,34.642186],[-77.740064,34.64125],[-77.739825,34.640662],[-77.738497,34.640469],[-77.738004,34.642583],[-77.734546,34.641956],[-77.734132,34.642299],[-77.739353,34.643286],[-77.739373,34.642711],[-77.740718,34.642967],[-77.740721,34.643554]]]}},{"type":"Feature","id":"37141:4303-36-9343-0000","properties":{"id":"37141:4303-36-9343-0000","parcelId":"4303-36-9343-0000","countyFips":"37141","countyName":"Pender","state":"North Carolina","marketIds":["Wilmington"],"situsAddress":null,"situsCity":null,"situsZip":null,"jurisdictionCode":"PND","ownerName":"FELIU, MIGUEL","ownerName2":null,"propertyName":null,"zoningCode":"RA","zoningDistrict":"Rural Agricultural","jurisdictionPrefix":"PND","dorCode":null,"acreage":20.46,"centroid":[-77.65671,34.666744],"lastSale":{"date":"2014-05-14","price":22500.0,"qualified":null},"tax":{"marketValue":41008.0,"assessedValue":null,"taxableValue":null,"taxes":null},"mailingAddress":{"line1":"718 SOUTHSHORE PKWY","line2":null,"city":"DURHAM","state":"NC","zip":"27703"},"incomeTract":null,"incomeBlockGroup":null,"nearestRoad":null,"flu":{"code":"Rural Agricultural","label":"Rural Agricultural","jurisdiction":"Pender County","source":"https://gis.pendercountync.gov/arcgis/rest/services/LayersPro/MapServer/35"},"opportunityZone":null,"oz2Eligibility":{"eligible":true,"rural":true,"tractGeoid":"37141920204","tractName":"Census Tract 9202.04","designation":"eligible-for-nomination"},"source":"nc-pender-energov-37141","appraiserUrl":"https://mss.pendercountync.gov/css/citizens/RealEstate/Default.aspx?mode=new"},"geometry":{"type":"Polygon","coordinates":[[[-77.655681,34.668426],[-77.655787,34.668658],[-77.657105,34.667639],[-77.657413,34.667451],[-77.658729,34.666492],[-77.658242,34.665424],[-77.656702,34.665903],[-77.656315,34.665054],[-77.654415,34.665645],[-77.655681,34.668426]]]}},{"type":"Feature","id":"37141:3395-50-2051-0000","properties":{"id":"37141:3395-50-2051-0000","parcelId":"3395-50-2051-0000","countyFips":"37141","countyName":"Pender","state":"North Carolina","marketIds":["Wilmington"],"situsAddress":"JOSHUA JAMES RD","situsCity":null,"situsZip":null,"jurisdictionCode":"PND","ownerName":"WOOTEN, ALFRED K","ownerName2":null,"propertyName":null,"zoningCode":"RA","zoningDistrict":"Rural Agricultural","jurisdictionPrefix":"PND","dorCode":null,"acreage":20.34,"centroid":[-77.685299,34.703918],"lastSale":{"date":"2003-11-20","price":281500.0,"qualified":null},"tax":{"marketValue":66345.0,"assessedValue":null,"taxableValue":null,"taxes":null},"mailingAddress":{"line1":"PO BOX 1548","line2":null,"city":"BURGAW","state":"NC","zip":"28425"},"incomeTract":null,"incomeBlockGroup":null,"nearestRoad":null,"flu":{"code":"Rural Agricultural","label":"Rural Agricultural","jurisdiction":"Pender County","source":"https://gis.pendercountync.gov/arcgis/rest/services/LayersPro/MapServer/35"},"opportunityZone":null,"oz2Eligibility":{"eligible":true,"rural":true,"tractGeoid":"37141920204","tractName":"Census Tract 9202.04","designation":"eligible-for-nomination"},"source":"nc-pender-energov-37141","appraiserUrl":"https://mss.pendercountync.gov/css/citizens/RealEstate/Default.aspx?mode=new"},"geometry":{"type":"Polygon","coordinates":[[[-77.683087,34.705965],[-77.686302,34.706295],[-77.686212,34.705873],[-77.686224,34.70569],[-77.685988,34.705584],[-77.685851,34.705053],[-77.685999,34.704805],[-77.685731,34.704271],[-77.685721,34.704148],[-77.686049,34.703489],[-77.685975,34.703285],[-77.686176,34.702656],[-77.685349,34.702437],[-77.685194,34.702434],[-77.685016,34.702456],[-77.684846,34.702506],[-77.684712,34.702571],[-77.684507,34.702732],[-77.684256,34.703069],[-77.684095,34.70335],[-77.683982,34.703599],[-77.683087,34.705965]]]}},{"type":"Feature","id":"37141:3375-80-3630-0000","properties":{"id":"37141:3375-80-3630-0000","parcelId":"3375-80-3630-0000","countyFips":"37141","countyName":"Pender","state":"North Carolina","marketIds":["Wilmington"],"situsAddress":"50 HWY OFF","situsCity":null,"situsZip":null,"jurisdictionCode":"PND","ownerName":"HOLLINGSWORTH, DAVID EARL","ownerName2":null,"propertyName":null,"zoningCode":"RA","zoningDistrict":"Rural Agricultural","jurisdictionPrefix":"PND","dorCode":null,"acreage":20.07,"centroid":[-77.7418,34.705995],"lastSale":{"date":"2012-10-24","price":null,"qualified":null},"tax":{"marketValue":4616.0,"assessedValue":null,"taxableValue":null,"taxes":null},"mailingAddress":{"line1":"1175 HWY 50","line2":null,"city":"WALLACE","state":"NC","zip":"28466"},"incomeTract":null,"incomeBlockGroup":null,"nearestRoad":null,"flu":{"code":"Rural Agricultural","label":"Rural Agricultural","jurisdiction":"Pender County","source":"https://gis.pendercountync.gov/arcgis/rest/services/LayersPro/MapServer/35"},"opportunityZone":null,"oz2Eligibility":{"eligible":true,"rural":true,"tractGeoid":"37141920204","tractName":"Census Tract 9202.04","designation":"eligible-for-nomination"},"source":"nc-pender-energov-37141","appraiserUrl":"https://mss.pendercountync.gov/css/citizens/RealEstate/Default.aspx?mode=new"},"geometry":{"type":"Polygon","coordinates":[[[-77.743057,34.70479],[-77.743057,34.70479],[-77.739857,34.705031],[-77.740135,34.708294],[-77.741566,34.708282],[-77.743127,34.704784],[-77.743057,34.70479]]]}},{"type":"Feature","id":"37141:3393-65-8959-0000","properties":{"id":"37141:3393-65-8959-0000","parcelId":"3393-65-8959-0000","countyFips":"37141","countyName":"Pender","state":"North Carolina","marketIds":["Wilmington"],"situsAddress":"ROCK RD","situsCity":null,"situsZip":null,"jurisdictionCode":"PND","ownerName":"SHARPLESS, JUNETTA CHAPMAN","ownerName2":null,"propertyName":null,"zoningCode":"RA","zoningDistrict":"Rural Agricultural","jurisdictionPrefix":"PND","dorCode":null,"acreage":20.03,"centroid":[-77.680157,34.665786],"lastSale":{"date":"2025-04-03","price":null,"qualified":null},"tax":{"marketValue":4561.0,"assessedValue":null,"taxableValue":null,"taxes":null},"mailingAddress":{"line1":"164 CHRISTINE DRIVE","line2":null,"city":"GARNER","state":"NC","zip":"27529"},"incomeTract":null,"incomeBlockGroup":null,"nearestRoad":null,"flu":{"code":"Rural Agricultural","label":"Rural Agricultural","jurisdiction":"Pender County","source":"https://gis.pendercountync.gov/arcgis/rest/services/LayersPro/MapServer/35"},"opportunityZone":null,"oz2Eligibility":{"eligible":true,"rural":true,"tractGeoid":"37141920204","tractName":"Census Tract 9202.04","designation":"eligible-for-nomination"},"source":"nc-pender-energov-37141","appraiserUrl":"https://mss.pendercountync.gov/css/citizens/RealEstate/Default.aspx?mode=new"},"geometry":{"type":"MultiPolygon","coordinates":[[[[-77.679007,34.666693],[-77.67911,34.666714],[-77.679069,34.66727],[-77.680722,34.66727],[-77.68183,34.666189],[-77.681721,34.666181],[-77.681685,34.666121],[-77.681707,34.665908],[-77.681706,34.665648],[-77.681646,34.665568],[-77.681528,34.665491],[-77.681481,34.665424],[-77.681491,34.665352],[-77.681564,34.665231],[-77.681664,34.665131],[-77.681761,34.665082],[-77.681917,34.665053],[-77.681976,34.664972],[-77.681972,34.664947],[-77.681859,34.664885],[-77.681797,34.66482],[-77.681754,34.664725],[-77.681719,34.664533],[-77.681604,34.66446],[-77.681572,34.664413],[-77.681581,34.66477],[-77.681542,34.664893],[-77.681445,34.665016],[-77.681353,34.665069],[-77.681328,34.665482],[-77.681353,34.665621],[-77.680559,34.665448],[-77.680866,34.664484],[-77.68036,34.664302],[-77.679894,34.665183],[-77.678617,34.664728],[-77.678434,34.665089],[-77.678359,34.665291],[-77.678337,34.665457],[-77.679022,34.665456],[-77.679007,34.666693]]],[[[-77.676507,34.664819],[-77.677625,34.664824],[-77.677844,34.664828],[-77.678296,34.664196],[-77.678368,34.664221],[-77.678648,34.663689],[-77.678679,34.6637],[-77.678931,34.663221],[-77.678191,34.662958],[-77.67794,34.663437],[-77.678276,34.663548],[-77.678009,34.664081],[-77.677671,34.663965],[-77.677496,34.66431],[-77.676874,34.664098],[-77.676507,34.664819]]],[[[-77.680381,34.662587],[-77.680693,34.662785],[-77.681122,34.662326],[-77.680832,34.662145],[-77.680381,34.662587]]]]}},{"type":"Feature","id":"37141:3394-97-2454-0000","properties":{"id":"37141:3394-97-2454-0000","parcelId":"3394-97-2454-0000","countyFips":"37141","countyName":"Pender","state":"North Carolina","marketIds":["Wilmington"],"situsAddress":"53 HWY OFF","situsCity":null,"situsZip":null,"jurisdictionCode":"PND","ownerName":"WOOTEN, DOLLIE HEIRS","ownerName2":null,"propertyName":null,"zoningCode":"RA","zoningDistrict":"Rural Agricultural","jurisdictionPrefix":"PND","dorCode":null,"acreage":20.0,"centroid":[-77.672239,34.697223],"lastSale":{"date":"1984-10-03","price":null,"qualified":null},"tax":{"marketValue":63750.0,"assessedValue":null,"taxableValue":null,"taxes":null},"mailingAddress":{"line1":"C/O ALECIA WOOTEN","line2":null,"city":"JACKSONVILLE","state":"NC","zip":"28540"},"incomeTract":null,"incomeBlockGroup":null,"nearestRoad":null,"flu":{"code":"Rural Agricultural","label":"Rural Agricultural","jurisdiction":"Pender County","source":"https://gis.pendercountync.gov/arcgis/rest/services/LayersPro/MapServer/35"},"opportunityZone":null,"oz2Eligibility":{"eligible":true,"rural":true,"tractGeoid":"37141920204","tractName":"Census Tract 9202.04","designation":"eligible-for-nomination"},"source":"nc-pender-energov-37141","appraiserUrl":"https://mss.pendercountync.gov/css/citizens/RealEstate/Default.aspx?mode=new"},"geometry":{"type":"Polygon","coordinates":[[[-77.669639,34.698199],[-77.670184,34.699361],[-77.672324,34.697671],[-77.675239,34.696038],[-77.673808,34.694845],[-77.669639,34.698199]]]}},{"type":"Feature","id":"37141:3395-64-7690-0000","properties":{"id":"37141:3395-64-7690-0000","parcelId":"3395-64-7690-0000","countyFips":"37141","countyName":"Pender","state":"North Carolina","marketIds":["Wilmington"],"situsAddress":null,"situsCity":null,"situsZip":null,"jurisdictionCode":"PND","ownerName":"NEWTON, JAMES EARL JR","ownerName2":null,"propertyName":null,"zoningCode":"RA","zoningDistrict":"Rural Agricultural","jurisdictionPrefix":"PND","dorCode":null,"acreage":20.0,"centroid":[-77.678905,34.715725],"lastSale":{"date":"2025-05-13","price":null,"qualified":null},"tax":{"marketValue":35000.0,"assessedValue":null,"taxableValue":null,"taxes":null},"mailingAddress":{"line1":"FAYE WATKINS","line2":null,"city":"MAPLE HILL","state":"NC","zip":"28454"},"incomeTract":null,"incomeBlockGroup":null,"nearestRoad":null,"flu":{"code":"Rural Agricultural","label":"Rural Agricultural","jurisdiction":"Pender County","source":"https://gis.pendercountync.gov/arcgis/rest/services/LayersPro/MapServer/35"},"opportunityZone":null,"oz2Eligibility":{"eligible":true,"rural":true,"tractGeoid":"37141920204","tractName":"Census Tract 9202.04","designation":"eligible-for-nomination"},"source":"nc-pender-energov-37141","appraiserUrl":"https://mss.pendercountync.gov/css/citizens/RealEstate/Default.aspx?mode=new"},"geometry":{"type":"Polygon","coordinates":[[[-77.67815,34.713362],[-77.678295,34.713651],[-77.677114,34.714129],[-77.68013,34.720603],[-77.681713,34.720586],[-77.678719,34.714428],[-77.678214,34.713316],[-77.67815,34.713362]]]}},{"type":"Feature","id":"37141:4303-25-9427-0000","properties":{"id":"37141:4303-25-9427-0000","parcelId":"4303-25-9427-0000","countyFips":"37141","countyName":"Pender","state":"North Carolina","marketIds":["Wilmington"],"situsAddress":null,"situsCity":null,"situsZip":null,"jurisdictionCode":"PND","ownerName":"FAGAN, WILLIAM JR","ownerName2":null,"propertyName":null,"zoningCode":"RA","zoningDistrict":"Rural Agricultural","jurisdictionPrefix":"PND","dorCode":null,"acreage":20.0,"centroid":[-77.660093,34.662859],"lastSale":{"date":null,"price":null,"qualified":null},"tax":{"marketValue":63750.0,"assessedValue":null,"taxableValue":null,"taxes":null},"mailingAddress":{"line1":"510 WEBBTOWN RD","line2":null,"city":"MAPLE HILL","state":"NC","zip":"28454"},"incomeTract":null,"incomeBlockGroup":null,"nearestRoad":null,"flu":{"code":"Rural Agricultural","label":"Rural Agricultural","jurisdiction":"Pender County","source":"https://gis.pendercountync.gov/arcgis/rest/services/LayersPro/MapServer/35"},"opportunityZone":null,"oz2Eligibility":{"eligible":true,"rural":true,"tractGeoid":"37141920204","tractName":"Census Tract 9202.04","designation":"eligible-for-nomination"},"source":"nc-pender-energov-37141","appraiserUrl":"https://mss.pendercountync.gov/css/citizens/RealEstate/Default.aspx?mode=new"},"geometry":{"type":"Polygon","coordinates":[[[-77.658512,34.662921],[-77.658508,34.662927],[-77.658463,34.663001],[-77.65846,34.663047],[-77.658337,34.663079],[-77.658705,34.663756],[-77.659711,34.665765],[-77.662006,34.66405],[-77.662803,34.66229],[-77.662572,34.662125],[-77.662216,34.662232],[-77.661952,34.662264],[-77.661516,34.662178],[-77.661492,34.662192],[-77.661396,34.662403],[-77.66133,34.662469],[-77.661078,34.662592],[-77.660911,34.662623],[-77.660557,34.662737],[-77.66044,34.662826],[-77.660362,34.662862],[-77.660269,34.662862],[-77.660136,34.662771],[-77.659951,34.662862],[-77.6596,34.662865],[-77.659363,34.662918],[-77.658892,34.662915],[-77.658761,34.662887],[-77.65874,34.662861],[-77.658712,34.662732],[-77.658618,34.662723],[-77.658591,34.662747],[-77.658512,34.662921]]]}},{"type":"Feature","id":"37141:3383-76-8260-0000","properties":{"id":"37141:3383-76-8260-0000","parcelId":"3383-76-8260-0000","countyFips":"37141","countyName":"Pender","state":"North Carolina","marketIds":["Wilmington"],"situsAddress":"NC 50 HWY","situsCity":null,"situsZip":null,"jurisdictionCode":"PND","ownerName":"EZZELL, JUDITH S","ownerName2":null,"propertyName":null,"zoningCode":"RA","zoningDistrict":"Rural Agricultural","jurisdictionPrefix":"PND","dorCode":null,"acreage":19.77,"centroid":[-77.709409,34.667525],"lastSale":{"date":"2022-04-08","price":null,"qualified":null},"tax":{"marketValue":16196.0,"assessedValue":null,"taxableValue":null,"taxes":null},"mailingAddress":{"line1":"1027 ASHES DR APT 244","line2":null,"city":"WILMINGTON","state":"NC","zip":"28405"},"incomeTract":null,"incomeBlockGroup":null,"nearestRoad":null,"flu":{"code":"Rural Agricultural","label":"Rural Agricultural","jurisdiction":"Pender County","source":"https://gis.pendercountync.gov/arcgis/rest/services/LayersPro/MapServer/35"},"opportunityZone":null,"oz2Eligibility":{"eligible":true,"rural":true,"tractGeoid":"37141920204","tractName":"Census Tract 9202.04","designation":"eligible-for-nomination"},"source":"nc-pender-energov-37141","appraiserUrl":"https://mss.pendercountync.gov/css/citizens/RealEstate/Default.aspx?mode=new"},"geometry":{"type":"Polygon","coordinates":[[[-77.707683,34.66858],[-77.707693,34.668586],[-77.708604,34.669137],[-77.708901,34.669371],[-77.712269,34.665283],[-77.711306,34.664195],[-77.707683,34.66858]]]}},{"type":"Feature","id":"37141:3383-76-5558-0000","properties":{"id":"37141:3383-76-5558-0000","parcelId":"3383-76-5558-0000","countyFips":"37141","countyName":"Pender","state":"North Carolina","marketIds":["Wilmington"],"situsAddress":"NC 50 HWY","situsCity":null,"situsZip":null,"jurisdictionCode":"PND","ownerName":"EZZELL, CARL RIVERS JR","ownerName2":null,"propertyName":null,"zoningCode":"RA","zoningDistrict":"Rural Agricultural","jurisdictionPrefix":"PND","dorCode":null,"acreage":19.66,"centroid":[-77.710252,34.668644],"lastSale":{"date":"2022-04-08","price":null,"qualified":null},"tax":{"marketValue":14081.0,"assessedValue":null,"taxableValue":null,"taxes":null},"mailingAddress":{"line1":"220 CARL MEEK RD","line2":null,"city":"ROCKY POINT","state":"NC","zip":"28457"},"incomeTract":null,"incomeBlockGroup":null,"nearestRoad":null,"flu":{"code":"Rural Agricultural","label":"Rural Agricultural","jurisdiction":"Pender County","source":"https://gis.pendercountync.gov/arcgis/rest/services/LayersPro/MapServer/35"},"opportunityZone":null,"oz2Eligibility":{"eligible":true,"rural":true,"tractGeoid":"37141920204","tractName":"Census Tract 9202.04","designation":"eligible-for-nomination"},"source":"nc-pender-energov-37141","appraiserUrl":"https://mss.pendercountync.gov/css/citizens/RealEstate/Default.aspx?mode=new"},"geometry":{"type":"Polygon","coordinates":[[[-77.708901,34.669371],[-77.70901,34.669472],[-77.709103,34.669558],[-77.70937,34.669891],[-77.70988,34.670565],[-77.713232,34.666371],[-77.712269,34.665283],[-77.708901,34.669371]]]}},{"type":"Feature","id":"37141:3383-85-2829-0000","properties":{"id":"37141:3383-85-2829-0000","parcelId":"3383-85-2829-0000","countyFips":"37141","countyName":"Pender","state":"North Carolina","marketIds":["Wilmington"],"situsAddress":"50 HWY","situsCity":null,"situsZip":null,"jurisdictionCode":"PND","ownerName":"SILENCE, MARLENE B","ownerName2":null,"propertyName":null,"zoningCode":"RA","zoningDistrict":"Rural Agricultural","jurisdictionPrefix":"PND","dorCode":null,"acreage":19.29,"centroid":[-77.708962,34.66598],"lastSale":{"date":null,"price":null,"qualified":null},"tax":{"marketValue":69935.0,"assessedValue":null,"taxableValue":null,"taxes":null},"mailingAddress":{"line1":"15 NORTH SHORE DR","line2":null,"city":"JACKSONVILLE","state":"NC","zip":"28540"},"incomeTract":null,"incomeBlockGroup":null,"nearestRoad":null,"flu":{"code":"Rural Agricultural","label":"Rural Agricultural","jurisdiction":"Pender County","source":"https://gis.pendercountync.gov/arcgis/rest/services/LayersPro/MapServer/35"},"opportunityZone":null,"oz2Eligibility":{"eligible":true,"rural":true,"tractGeoid":"37141920204","tractName":"Census Tract 9202.04","designation":"eligible-for-nomination"},"source":"nc-pender-energov-37141","appraiserUrl":"https://mss.pendercountync.gov/css/citizens/RealEstate/Default.aspx?mode=new"},"geometry":{"type":"Polygon","coordinates":[[[-77.70649,34.667888],[-77.707683,34.66858],[-77.711306,34.664195],[-77.71037,34.663256],[-77.70649,34.667888]]]}},{"type":"Feature","id":"37141:3383-87-6515-0000","properties":{"id":"37141:3383-87-6515-0000","parcelId":"3383-87-6515-0000","countyFips":"37141","countyName":"Pender","state":"North Carolina","marketIds":["Wilmington"],"situsAddress":"5021 NC HWY 50","situsCity":null,"situsZip":null,"jurisdictionCode":"PND","ownerName":"MOTLEY, BILLIE WOOTEN LIFE ESTATE","ownerName2":null,"propertyName":null,"zoningCode":"RA","zoningDistrict":"Rural Agricultural","jurisdictionPrefix":"PND","dorCode":null,"acreage":19.24,"centroid":[-77.707757,34.670415],"lastSale":{"date":"2026-06-09","price":null,"qualified":null},"tax":{"marketValue":21981.0,"assessedValue":null,"taxableValue":null,"taxes":null},"mailingAddress":{"line1":"6021 NC HWY 50","line2":null,"city":"MAPLE HILL","state":"NC","zip":"28454"},"incomeTract":null,"incomeBlockGroup":null,"nearestRoad":null,"flu":{"code":"Rural Agricultural","label":"Rural Agricultural","jurisdiction":"Pender County","source":"https://gis.pendercountync.gov/arcgis/rest/services/LayersPro/MapServer/35"},"opportunityZone":null,"oz2Eligibility":{"eligible":true,"rural":true,"tractGeoid":"37141920204","tractName":"Census Tract 9202.04","designation":"eligible-for-nomination"},"source":"nc-pender-energov-37141","appraiserUrl":"https://mss.pendercountync.gov/css/citizens/RealEstate/Default.aspx?mode=new"},"geometry":{"type":"Polygon","coordinates":[[[-77.704914,34.671911],[-77.70491,34.671916],[-77.70613,34.671894],[-77.709478,34.671048],[-77.709739,34.670696],[-77.709135,34.669895],[-77.708803,34.669533],[-77.708602,34.669368],[-77.708321,34.669173],[-77.707537,34.668712],[-77.704914,34.671911]]]}},{"type":"Feature","id":"37141:3393-31-6919-0000","properties":{"id":"37141:3393-31-6919-0000","parcelId":"3393-31-6919-0000","countyFips":"37141","countyName":"Pender","state":"North Carolina","marketIds":["Wilmington"],"situsAddress":"6294 NC HWY 50","situsCity":null,"situsZip":null,"jurisdictionCode":"PND","ownerName":"MOTLEY, HAROLD W","ownerName2":null,"propertyName":null,"zoningCode":"RA","zoningDistrict":"Rural Agricultural","jurisdictionPrefix":"PND","dorCode":null,"acreage":18.87,"centroid":[-77.690321,34.654887],"lastSale":{"date":null,"price":null,"qualified":null},"tax":{"marketValue":133196.0,"assessedValue":null,"taxableValue":null,"taxes":null},"mailingAddress":{"line1":"6294 NC HWY 50","line2":null,"city":"MAPLE HILL","state":"NC","zip":"28454"},"incomeTract":null,"incomeBlockGroup":null,"nearestRoad":null,"flu":{"code":"Rural Agricultural","label":"Rural Agricultural","jurisdiction":"Pender County","source":"https://gis.pendercountync.gov/arcgis/rest/services/LayersPro/MapServer/35"},"opportunityZone":null,"oz2Eligibility":{"eligible":true,"rural":true,"tractGeoid":"37141920204","tractName":"Census Tract 9202.04","designation":"eligible-for-nomination"},"source":"nc-pender-energov-37141","appraiserUrl":"https://mss.pendercountync.gov/css/citizens/RealEstate/Default.aspx?mode=new"},"geometry":{"type":"Polygon","coordinates":[[[-77.689469,34.655965],[-77.691921,34.656583],[-77.692682,34.655036],[-77.691072,34.652467],[-77.690623,34.652392],[-77.690347,34.654752],[-77.68952,34.655097],[-77.689145,34.655363],[-77.6891,34.655519],[-77.689331,34.655693],[-77.689469,34.655965]]]}},{"type":"Feature","id":"37141:3393-21-9595-0000","properties":{"id":"37141:3393-21-9595-0000","parcelId":"3393-21-9595-0000","countyFips":"37141","countyName":"Pender","state":"North Carolina","marketIds":["Wilmington"],"situsAddress":"6292 S/S HWY 50","situsCity":null,"situsZip":null,"jurisdictionCode":"PND","ownerName":"WOOTEN, RONALD C","ownerName2":null,"propertyName":null,"zoningCode":"RA","zoningDistrict":"Rural Agricultural","jurisdictionPrefix":"PND","dorCode":null,"acreage":18.77,"centroid":[-77.692458,34.655893],"lastSale":{"date":null,"price":null,"qualified":null},"tax":{"marketValue":130585.0,"assessedValue":null,"taxableValue":null,"taxes":null},"mailingAddress":{"line1":"2901 JACKSON COURT","line2":null,"city":"WALDORF","state":"MD","zip":"20602"},"incomeTract":null,"incomeBlockGroup":null,"nearestRoad":null,"flu":{"code":"Rural Agricultural","label":"Rural Agricultural","jurisdiction":"Pender County","source":"https://gis.pendercountync.gov/arcgis/rest/services/LayersPro/MapServer/35"},"opportunityZone":null,"oz2Eligibility":{"eligible":true,"rural":true,"tractGeoid":"37141920204","tractName":"Census Tract 9202.04","designation":"eligible-for-nomination"},"source":"nc-pender-energov-37141","appraiserUrl":"https://mss.pendercountync.gov/css/citizens/RealEstate/Default.aspx?mode=new"},"geometry":{"type":"Polygon","coordinates":[[[-77.691195,34.658246],[-77.69124,34.65828],[-77.691569,34.658533],[-77.693478,34.65463],[-77.695147,34.653709],[-77.695277,34.653177],[-77.691072,34.652467],[-77.692682,34.655036],[-77.691921,34.656583],[-77.691819,34.656909],[-77.691633,34.657258],[-77.691195,34.658246]]]}},{"type":"Feature","id":"37141:3383-39-3784-0000","properties":{"id":"37141:3383-39-3784-0000","parcelId":"3383-39-3784-0000","countyFips":"37141","countyName":"Pender","state":"North Carolina","marketIds":["Wilmington"],"situsAddress":"4088 NC HWY 50","situsCity":null,"situsZip":null,"jurisdictionCode":"PND","ownerName":"CRAFT, JAMIE L","ownerName2":null,"propertyName":null,"zoningCode":"RA","zoningDistrict":"Rural Agricultural","jurisdictionPrefix":"PND","dorCode":null,"acreage":18.76,"centroid":[-77.722519,34.677803],"lastSale":{"date":null,"price":null,"qualified":null},"tax":{"marketValue":197414.0,"assessedValue":null,"taxableValue":null,"taxes":null},"mailingAddress":{"line1":"4088 HWY 50","line2":null,"city":"MAPLE HILL","state":"NC","zip":"28454"},"incomeTract":null,"incomeBlockGroup":null,"nearestRoad":null,"flu":{"code":"Rural Agricultural","label":"Rural Agricultural","jurisdiction":"Pender County","source":"https://gis.pendercountync.gov/arcgis/rest/services/LayersPro/MapServer/35"},"opportunityZone":null,"oz2Eligibility":{"eligible":true,"rural":true,"tractGeoid":"37141920204","tractName":"Census Tract 9202.04","designation":"eligible-for-nomination"},"source":"nc-pender-energov-37141","appraiserUrl":"https://mss.pendercountync.gov/css/citizens/RealEstate/Default.aspx?mode=new"},"geometry":{"type":"Polygon","coordinates":[[[-77.721424,34.679031],[-77.721953,34.67879],[-77.726722,34.676454],[-77.725733,34.675582],[-77.722556,34.677164],[-77.720351,34.67829],[-77.720613,34.678588],[-77.720801,34.678524],[-77.721424,34.679031]]]}},{"type":"Feature","id":"37141:3394-23-3350-0000","properties":{"id":"37141:3394-23-3350-0000","parcelId":"3394-23-3350-0000","countyFips":"37141","countyName":"Pender","state":"North Carolina","marketIds":["Wilmington"],"situsAddress":null,"situsCity":null,"situsZip":null,"jurisdictionCode":"PND","ownerName":"BARNHILL, KIMBERLY P ET AL","ownerName2":null,"propertyName":null,"zoningCode":"RA","zoningDistrict":"Rural Agricultural","jurisdictionPrefix":"PND","dorCode":null,"acreage":18.75,"centroid":[-77.69493,34.68581],"lastSale":{"date":"2019-09-12","price":null,"qualified":null},"tax":{"marketValue":5755.0,"assessedValue":null,"taxableValue":null,"taxes":null},"mailingAddress":{"line1":"2125 SYCAMORE SPINGS RD","line2":null,"city":"MAPLE HILL","state":"NC","zip":"28454"},"incomeTract":null,"incomeBlockGroup":null,"nearestRoad":null,"flu":{"code":"Rural Agricultural","label":"Rural Agricultural","jurisdiction":"Pender County","source":"https://gis.pendercountync.gov/arcgis/rest/services/LayersPro/MapServer/35"},"opportunityZone":null,"oz2Eligibility":{"eligible":true,"rural":true,"tractGeoid":"37141920204","tractName":"Census Tract 9202.04","designation":"eligible-for-nomination"},"source":"nc-pender-energov-37141","appraiserUrl":"https://mss.pendercountync.gov/css/citizens/RealEstate/Default.aspx?mode=new"},"geometry":{"type":"Polygon","coordinates":[[[-77.695052,34.683999],[-77.692373,34.68824],[-77.696946,34.686512],[-77.695351,34.68449],[-77.695052,34.683999]]]}},{"type":"Feature","id":"37141:3384-61-8800-0000","properties":{"id":"37141:3384-61-8800-0000","parcelId":"3384-61-8800-0000","countyFips":"37141","countyName":"Pender","state":"North Carolina","marketIds":["Wilmington"],"situsAddress":"50 HWY OFF","situsCity":null,"situsZip":null,"jurisdictionCode":"PND","ownerName":"RAYNOR, MATTHEW L","ownerName2":null,"propertyName":null,"zoningCode":"RA","zoningDistrict":"Rural Agricultural","jurisdictionPrefix":"PND","dorCode":null,"acreage":18.62,"centroid":[-77.713816,34.6817],"lastSale":{"date":"2022-10-24","price":null,"qualified":null},"tax":{"marketValue":4283.0,"assessedValue":null,"taxableValue":null,"taxes":null},"mailingAddress":{"line1":"4205 NC HWY 50","line2":null,"city":"MAPLE HILL","state":"NC","zip":"28454"},"incomeTract":null,"incomeBlockGroup":null,"nearestRoad":null,"flu":{"code":"Rural Agricultural","label":"Rural Agricultural","jurisdiction":"Pender County","source":"https://gis.pendercountync.gov/arcgis/rest/services/LayersPro/MapServer/35"},"opportunityZone":null,"oz2Eligibility":{"eligible":true,"rural":true,"tractGeoid":"37141920204","tractName":"Census Tract 9202.04","designation":"eligible-for-nomination"},"source":"nc-pender-energov-37141","appraiserUrl":"https://mss.pendercountync.gov/css/citizens/RealEstate/Default.aspx?mode=new"},"geometry":{"type":"Polygon","coordinates":[[[-77.70953,34.683681],[-77.710076,34.684339],[-77.717098,34.681044],[-77.716368,34.68006],[-77.714972,34.680889],[-77.714851,34.680185],[-77.70953,34.683681]]]}},{"type":"Feature","id":"37141:4303-33-5541-0000","properties":{"id":"37141:4303-33-5541-0000","parcelId":"4303-33-5541-0000","countyFips":"37141","countyName":"Pender","state":"North Carolina","marketIds":["Wilmington"],"situsAddress":"WEBBTOWN RD","situsCity":null,"situsZip":null,"jurisdictionCode":"PND","ownerName":"NEWTON, JAMES EARL JR","ownerName2":null,"propertyName":null,"zoningCode":"RA","zoningDistrict":"Rural Agricultural","jurisdictionPrefix":"PND","dorCode":null,"acreage":18.43,"centroid":[-77.656488,34.661851],"lastSale":{"date":"2025-05-13","price":null,"qualified":null},"tax":{"marketValue":61788.0,"assessedValue":null,"taxableValue":null,"taxes":null},"mailingAddress":{"line1":"FAYE WATKINS","line2":null,"city":"MAPLE HILL","state":"NC","zip":"28454"},"incomeTract":null,"incomeBlockGroup":null,"nearestRoad":null,"flu":{"code":"Rural Agricultural","label":"Rural Agricultural","jurisdiction":"Pender County","source":"https://gis.pendercountync.gov/arcgis/rest/services/LayersPro/MapServer/35"},"opportunityZone":null,"oz2Eligibility":{"eligible":true,"rural":true,"tractGeoid":"37141920204","tractName":"Census Tract 9202.04","designation":"eligible-for-nomination"},"source":"nc-pender-energov-37141","appraiserUrl":"https://mss.pendercountync.gov/css/citizens/RealEstate/Default.aspx?mode=new"},"geometry":{"type":"Polygon","coordinates":[[[-77.655963,34.663664],[-77.655967,34.663665],[-77.656109,34.663703],[-77.658225,34.65942],[-77.658731,34.658904],[-77.657902,34.658091],[-77.656879,34.659027],[-77.654892,34.663038],[-77.655333,34.663595],[-77.655609,34.663585],[-77.655763,34.663665],[-77.655963,34.663664]]]}},{"type":"Feature","id":"37141:3393-68-1287-0000","properties":{"id":"37141:3393-68-1287-0000","parcelId":"3393-68-1287-0000","countyFips":"37141","countyName":"Pender","state":"North Carolina","marketIds":["Wilmington"],"situsAddress":null,"situsCity":null,"situsZip":null,"jurisdictionCode":"PND","ownerName":"ROCHELLE, MAJOR L JR HRS","ownerName2":null,"propertyName":null,"zoningCode":"RA","zoningDistrict":"Rural Agricultural","jurisdictionPrefix":"PND","dorCode":null,"acreage":18.42,"centroid":[-77.68414,34.672494],"lastSale":{"date":null,"price":null,"qualified":null},"tax":{"marketValue":61775.0,"assessedValue":null,"taxableValue":null,"taxes":null},"mailingAddress":{"line1":"1324 N BRAZAS","line2":null,"city":"CLEBURNE","state":"TX","zip":"76031"},"incomeTract":null,"incomeBlockGroup":null,"nearestRoad":null,"flu":{"code":"Rural Agricultural","label":"Rural Agricultural","jurisdiction":"Pender County","source":"https://gis.pendercountync.gov/arcgis/rest/services/LayersPro/MapServer/35"},"opportunityZone":null,"oz2Eligibility":{"eligible":true,"rural":true,"tractGeoid":"37141920204","tractName":"Census Tract 9202.04","designation":"eligible-for-nomination"},"source":"nc-pender-energov-37141","appraiserUrl":"https://mss.pendercountync.gov/css/citizens/RealEstate/Default.aspx?mode=new"},"geometry":{"type":"Polygon","coordinates":[[[-77.683469,34.672866],[-77.685847,34.673101],[-77.685666,34.672877],[-77.685616,34.67267],[-77.685525,34.672512],[-77.685398,34.672388],[-77.685401,34.672281],[-77.685486,34.672187],[-77.679649,34.671589],[-77.679344,34.672468],[-77.683469,34.672866]]]}},{"type":"Feature","id":"37141:3393-48-6287-0000","properties":{"id":"37141:3393-48-6287-0000","parcelId":"3393-48-6287-0000","countyFips":"37141","countyName":"Pender","state":"North Carolina","marketIds":["Wilmington"],"situsAddress":"910 OLD MAPLE HILL RD","situsCity":null,"situsZip":null,"jurisdictionCode":"PND","ownerName":"MILLS, RONDA","ownerName2":null,"propertyName":null,"zoningCode":"RA","zoningDistrict":"Rural Agricultural","jurisdictionPrefix":"PND","dorCode":null,"acreage":18.28,"centroid":[-77.686481,34.672658],"lastSale":{"date":"2025-09-04","price":null,"qualified":null},"tax":{"marketValue":23025.0,"assessedValue":null,"taxableValue":null,"taxes":null},"mailingAddress":{"line1":"1184 GOULD RD","line2":null,"city":"JACKSONVILLE","state":"NC","zip":"28540"},"incomeTract":null,"incomeBlockGroup":null,"nearestRoad":null,"flu":{"code":"Rural Agricultural","label":"Rural Agricultural","jurisdiction":"Pender County","source":"https://gis.pendercountync.gov/arcgis/rest/services/LayersPro/MapServer/35"},"opportunityZone":null,"oz2Eligibility":{"eligible":true,"rural":true,"tractGeoid":"37141920204","tractName":"Census Tract 9202.04","designation":"eligible-for-nomination"},"source":"nc-pender-energov-37141","appraiserUrl":"https://mss.pendercountync.gov/css/citizens/RealEstate/Default.aspx?mode=new"},"geometry":{"type":"Polygon","coordinates":[[[-77.685847,34.673101],[-77.685849,34.673104],[-77.6859,34.673253],[-77.685785,34.673489],[-77.685816,34.673704],[-77.685887,34.673934],[-77.685978,34.67402],[-77.686023,34.674106],[-77.686046,34.674282],[-77.686747,34.674208],[-77.686724,34.674022],[-77.687668,34.673927],[-77.687696,34.674117],[-77.687757,34.674111],[-77.687706,34.673682],[-77.688558,34.673631],[-77.688496,34.672755],[-77.688352,34.672755],[-77.688161,34.672505],[-77.6878,34.67241],[-77.687797,34.672371],[-77.68769,34.672203],[-77.687591,34.672179],[-77.687569,34.671882],[-77.687731,34.671779],[-77.688406,34.671443],[-77.688384,34.671105],[-77.685509,34.671221],[-77.68541,34.671366],[-77.685398,34.671478],[-77.685434,34.671535],[-77.685572,34.671635],[-77.685593,34.671691],[-77.685566,34.671766],[-77.685416,34.671897],[-77.685355,34.67198],[-77.685391,34.672058],[-77.685491,34.672099],[-77.685512,34.67213],[-77.685491,34.672182],[-77.685401,34.672281],[-77.685393,34.672372],[-77.685442,34.672447],[-77.685525,34.672512],[-77.685616,34.67267],[-77.685666,34.672877],[-77.685847,34.673101]]]}},{"type":"Feature","id":"37141:3381-18-2089-0000","properties":{"id":"37141:3381-18-2089-0000","parcelId":"3381-18-2089-0000","countyFips":"37141","countyName":"Pender","state":"North Carolina","marketIds":["Wilmington"],"situsAddress":null,"situsCity":null,"situsZip":null,"jurisdictionCode":"PND","ownerName":"MARSH, MICHAEL S","ownerName2":null,"propertyName":null,"zoningCode":"RA","zoningDistrict":"Rural Agricultural","jurisdictionPrefix":"PND","dorCode":null,"acreage":18.2,"centroid":[-77.732499,34.617132],"lastSale":{"date":"2017-09-22","price":35000.0,"qualified":null},"tax":{"marketValue":2610.0,"assessedValue":null,"taxableValue":null,"taxes":null},"mailingAddress":{"line1":"1502 EBB DR","line2":null,"city":"WILMINGTON","state":"NC","zip":"28409"},"incomeTract":null,"incomeBlockGroup":null,"nearestRoad":null,"flu":{"code":"Rural Agricultural","label":"Rural Agricultural","jurisdiction":"Pender County","source":"https://gis.pendercountync.gov/arcgis/rest/services/LayersPro/MapServer/35"},"opportunityZone":null,"oz2Eligibility":{"eligible":true,"rural":true,"tractGeoid":"37141920204","tractName":"Census Tract 9202.04","designation":"eligible-for-nomination"},"source":"nc-pender-energov-37141","appraiserUrl":"https://mss.pendercountync.gov/css/citizens/RealEstate/Default.aspx?mode=new"},"geometry":{"type":"Polygon","coordinates":[[[-77.731765,34.616864],[-77.731625,34.616953],[-77.730556,34.617123],[-77.731434,34.618755],[-77.732234,34.618514],[-77.735499,34.616503],[-77.734379,34.615209],[-77.731765,34.616864]]]}},{"type":"Feature","id":"37141:3393-42-6809-0000","properties":{"id":"37141:3393-42-6809-0000","parcelId":"3393-42-6809-0000","countyFips":"37141","countyName":"Pender","state":"North Carolina","marketIds":["Wilmington"],"situsAddress":"50 HWY","situsCity":null,"situsZip":null,"jurisdictionCode":"PND","ownerName":"BILSON, GREGG H SR TRUSTEES","ownerName2":null,"propertyName":null,"zoningCode":"RA","zoningDistrict":"Rural Agricultural","jurisdictionPrefix":"PND","dorCode":null,"acreage":18.15,"centroid":[-77.688297,34.658241],"lastSale":{"date":"2014-10-07","price":null,"qualified":null},"tax":{"marketValue":61438.0,"assessedValue":null,"taxableValue":null,"taxes":null},"mailingAddress":{"line1":"120 JOE ROBERTS RD","line2":null,"city":"NEWNAN","state":"GA","zip":"30263"},"incomeTract":null,"incomeBlockGroup":null,"nearestRoad":null,"flu":{"code":"Rural Agricultural","label":"Rural Agricultural","jurisdiction":"Pender County","source":"https://gis.pendercountync.gov/arcgis/rest/services/LayersPro/MapServer/35"},"opportunityZone":null,"oz2Eligibility":{"eligible":true,"rural":true,"tractGeoid":"37141920204","tractName":"Census Tract 9202.04","designation":"eligible-for-nomination"},"source":"nc-pender-energov-37141","appraiserUrl":"https://mss.pendercountync.gov/css/citizens/RealEstate/Default.aspx?mode=new"},"geometry":{"type":"Polygon","coordinates":[[[-77.687265,34.658834],[-77.68752,34.659053],[-77.687547,34.658822],[-77.687666,34.658796],[-77.687717,34.658739],[-77.687805,34.658748],[-77.687874,34.658723],[-77.68833,34.658661],[-77.688591,34.65847],[-77.688836,34.658383],[-77.689069,34.658619],[-77.689182,34.658489],[-77.689744,34.658168],[-77.689786,34.657816],[-77.689541,34.65741],[-77.689588,34.657312],[-77.688015,34.656173],[-77.685261,34.65712],[-77.687265,34.658834]]]}},{"type":"Feature","id":"37141:3383-49-3179-0000","properties":{"id":"37141:3383-49-3179-0000","parcelId":"3383-49-3179-0000","countyFips":"37141","countyName":"Pender","state":"North Carolina","marketIds":["Wilmington"],"situsAddress":"50 HWY","situsCity":null,"situsZip":null,"jurisdictionCode":"PND","ownerName":"RAYNOR, LEON T HEIRS","ownerName2":null,"propertyName":null,"zoningCode":"RA","zoningDistrict":"Rural Agricultural","jurisdictionPrefix":"PND","dorCode":null,"acreage":18.14,"centroid":[-77.720661,34.675846],"lastSale":{"date":null,"price":null,"qualified":null},"tax":{"marketValue":8178.0,"assessedValue":null,"taxableValue":null,"taxes":null},"mailingAddress":{"line1":"C/O MARK E RAYNOR","line2":null,"city":"MAPLE HILL","state":"NC","zip":"28454"},"incomeTract":null,"incomeBlockGroup":null,"nearestRoad":null,"flu":{"code":"Rural Agricultural","label":"Rural Agricultural","jurisdiction":"Pender County","source":"https://gis.pendercountync.gov/arcgis/rest/services/LayersPro/MapServer/35"},"opportunityZone":null,"oz2Eligibility":{"eligible":true,"rural":true,"tractGeoid":"37141920204","tractName":"Census Tract 9202.04","designation":"eligible-for-nomination"},"source":"nc-pender-energov-37141","appraiserUrl":"https://mss.pendercountync.gov/css/citizens/RealEstate/Default.aspx?mode=new"},"geometry":{"type":"Polygon","coordinates":[[[-77.719166,34.677246],[-77.719221,34.677288],[-77.719489,34.677504],[-77.720268,34.676741],[-77.720334,34.676825],[-77.724451,34.67389],[-77.72358,34.672897],[-77.721314,34.674129],[-77.718822,34.675539],[-77.719969,34.676397],[-77.719166,34.677246]]]}},{"type":"Feature","id":"37141:3394-65-5661-0000","properties":{"id":"37141:3394-65-5661-0000","parcelId":"3394-65-5661-0000","countyFips":"37141","countyName":"Pender","state":"North Carolina","marketIds":["Wilmington"],"situsAddress":"17870 NC HWY 53 E","situsCity":null,"situsZip":null,"jurisdictionCode":"PND","ownerName":"JAMES, GEORGE M","ownerName2":null,"propertyName":null,"zoningCode":"RA","zoningDistrict":"Rural Agricultural","jurisdictionPrefix":"PND","dorCode":null,"acreage":18.0,"centroid":[-77.679063,34.691048],"lastSale":{"date":"2023-10-26","price":null,"qualified":null},"tax":{"marketValue":165947.0,"assessedValue":null,"taxableValue":null,"taxes":null},"mailingAddress":{"line1":"18138 NC HWY 53 EAST","line2":null,"city":"MAPLE HILL","state":"NC","zip":"28454"},"incomeTract":null,"incomeBlockGroup":null,"nearestRoad":null,"flu":{"code":"Rural Agricultural","label":"Rural Agricultural","jurisdiction":"Pender County","source":"https://gis.pendercountync.gov/arcgis/rest/services/LayersPro/MapServer/35"},"opportunityZone":null,"oz2Eligibility":{"eligible":true,"rural":true,"tractGeoid":"37141920204","tractName":"Census Tract 9202.04","designation":"eligible-for-nomination"},"source":"nc-pender-energov-37141","appraiserUrl":"https://mss.pendercountync.gov/css/citizens/RealEstate/Default.aspx?mode=new"},"geometry":{"type":"Polygon","coordinates":[[[-77.676251,34.689283],[-77.684295,34.695863],[-77.684507,34.695186],[-77.679098,34.690677],[-77.676481,34.688523],[-77.676202,34.688735],[-77.676609,34.689069],[-77.676251,34.689283]]]}},{"type":"Feature","id":"37141:3394-98-2223-0000","properties":{"id":"37141:3394-98-2223-0000","parcelId":"3394-98-2223-0000","countyFips":"37141","countyName":"Pender","state":"North Carolina","marketIds":["Wilmington"],"situsAddress":"53 HWY OFF","situsCity":null,"situsZip":null,"jurisdictionCode":"PND","ownerName":"WOOTEN, METTIE JAMES HRS","ownerName2":null,"propertyName":null,"zoningCode":"RA","zoningDistrict":"Rural Agricultural","jurisdictionPrefix":"PND","dorCode":null,"acreage":18.0,"centroid":[-77.671611,34.699385],"lastSale":{"date":null,"price":null,"qualified":null},"tax":{"marketValue":25313.0,"assessedValue":null,"taxableValue":null,"taxes":null},"mailingAddress":{"line1":"C/O SENNIE LISANE","line2":null,"city":"MAPLE HILL","state":"NC","zip":"28454"},"incomeTract":null,"incomeBlockGroup":null,"nearestRoad":null,"flu":{"code":"Rural Agricultural","label":"Rural Agricultural","jurisdiction":"Pender County","source":"https://gis.pendercountync.gov/arcgis/rest/services/LayersPro/MapServer/35"},"opportunityZone":null,"oz2Eligibility":{"eligible":true,"rural":true,"tractGeoid":"37141920204","tractName":"Census Tract 9202.04","designation":"eligible-for-nomination"},"source":"nc-pender-energov-37141","appraiserUrl":"https://mss.pendercountync.gov/css/citizens/RealEstate/Default.aspx?mode=new"},"geometry":{"type":"Polygon","coordinates":[[[-77.670184,34.699361],[-77.670185,34.699364],[-77.671036,34.701176],[-77.674328,34.699355],[-77.672324,34.697671],[-77.670184,34.699361]]]}},{"type":"Feature","id":"37141:3393-59-7417-0000","properties":{"id":"37141:3393-59-7417-0000","parcelId":"3393-59-7417-0000","countyFips":"37141","countyName":"Pender","state":"North Carolina","marketIds":["Wilmington"],"situsAddress":null,"situsCity":null,"situsZip":null,"jurisdictionCode":"PND","ownerName":"SHEPARD, JOHN JR","ownerName2":null,"propertyName":null,"zoningCode":"RA","zoningDistrict":"Rural Agricultural","jurisdictionPrefix":"PND","dorCode":null,"acreage":17.84,"centroid":[-77.682749,34.675844],"lastSale":{"date":null,"price":null,"qualified":null},"tax":{"marketValue":61050.0,"assessedValue":null,"taxableValue":null,"taxes":null},"mailingAddress":{"line1":"C/O TAYLOR, BRENDA","line2":null,"city":"JACKSONVILLE","state":"NC","zip":"28546"},"incomeTract":null,"incomeBlockGroup":null,"nearestRoad":null,"flu":{"code":"Rural Agricultural","label":"Rural Agricultural","jurisdiction":"Pender County","source":"https://gis.pendercountync.gov/arcgis/rest/services/LayersPro/MapServer/35"},"opportunityZone":null,"oz2Eligibility":{"eligible":true,"rural":true,"tractGeoid":"37141920204","tractName":"Census Tract 9202.04","designation":"eligible-for-nomination"},"source":"nc-pender-energov-37141","appraiserUrl":"https://mss.pendercountync.gov/css/citizens/RealEstate/Default.aspx?mode=new"},"geometry":{"type":"Polygon","coordinates":[[[-77.682018,34.677265],[-77.682017,34.677207],[-77.682015,34.677095],[-77.682245,34.676856],[-77.682092,34.67682],[-77.68222,34.676521],[-77.682394,34.67657],[-77.682468,34.676356],[-77.682189,34.676225],[-77.682427,34.675829],[-77.682708,34.675976],[-77.683143,34.675929],[-77.683401,34.675556],[-77.683702,34.675547],[-77.683835,34.675444],[-77.684076,34.675525],[-77.684379,34.67549],[-77.684547,34.675578],[-77.684669,34.675719],[-77.684957,34.675787],[-77.684991,34.676048],[-77.684765,34.67612],[-77.6848,34.676258],[-77.684671,34.676433],[-77.684857,34.676674],[-77.684729,34.677054],[-77.684934,34.677043],[-77.685003,34.676939],[-77.685092,34.676868],[-77.685138,34.676762],[-77.685202,34.676682],[-77.685249,34.676556],[-77.685425,34.676358],[-77.685449,34.6762],[-77.685411,34.676065],[-77.685472,34.675967],[-77.685477,34.675886],[-77.68552,34.675822],[-77.685606,34.675754],[-77.685606,34.675695],[-77.685649,34.675659],[-77.685831,34.675353],[-77.685759,34.675169],[-77.685928,34.67503],[-77.685965,34.674976],[-77.685999,34.674816],[-77.686064,34.674713],[-77.685989,34.674594],[-77.686044,34.674448],[-77.683002,34.674724],[-77.683089,34.675377],[-77.682487,34.675428],[-77.682498,34.675522],[-77.682128,34.675518],[-77.682032,34.674812],[-77.681227,34.674885],[-77.681298,34.675458],[-77.68103,34.675487],[-77.681257,34.675935],[-77.682018,34.677265]]]}},{"type":"Feature","id":"37141:4301-01-8941-000L","properties":{"id":"37141:4301-01-8941-000L","parcelId":"4301-01-8941-000L","countyFips":"37141","countyName":"Pender","state":"North Carolina","marketIds":["Wilmington"],"situsAddress":null,"situsCity":null,"situsZip":null,"jurisdictionCode":"PND","ownerName":"HONEY HILL LLC","ownerName2":null,"propertyName":null,"zoningCode":"EC","zoningDistrict":"Environmental Conservation","jurisdictionPrefix":"PND","dorCode":null,"acreage":17.82,"centroid":[-77.667823,34.599712],"lastSale":{"date":"2005-10-06","price":151500.0,"qualified":null},"tax":{"marketValue":61025.0,"assessedValue":null,"taxableValue":null,"taxes":null},"mailingAddress":{"line1":"2029 CLARKS LANDING RD","line2":null,"city":"ROCKY POINT","state":"NC","zip":"28457"},"incomeTract":null,"incomeBlockGroup":null,"nearestRoad":null,"flu":{"code":"Rural Agricultural","label":"Rural Agricultural","jurisdiction":"Pender County","source":"https://gis.pendercountync.gov/arcgis/rest/services/LayersPro/MapServer/35"},"opportunityZone":null,"oz2Eligibility":{"eligible":true,"rural":true,"tractGeoid":"37141920204","tractName":"Census Tract 9202.04","designation":"eligible-for-nomination"},"source":"nc-pender-energov-37141","appraiserUrl":"https://mss.pendercountync.gov/css/citizens/RealEstate/Default.aspx?mode=new"},"geometry":{"type":"MultiPolygon","coordinates":[[[[-77.666859,34.600777],[-77.667091,34.600857],[-77.667459,34.600807],[-77.667731,34.600707],[-77.668206,34.60069],[-77.668454,34.600719],[-77.669147,34.598356],[-77.669051,34.598029],[-77.668655,34.598195],[-77.668131,34.598512],[-77.667763,34.598784],[-77.667474,34.599092],[-77.667,34.599783],[-77.666505,34.600656],[-77.666859,34.600777]]],[[[-77.666005,34.599721],[-77.666147,34.599845],[-77.666263,34.599947],[-77.666323,34.600246],[-77.666279,34.600376],[-77.666325,34.600565],[-77.667045,34.59931],[-77.667273,34.598997],[-77.667469,34.598773],[-77.667775,34.598508],[-77.668132,34.59826],[-77.668529,34.598045],[-77.668999,34.597851],[-77.668755,34.59702],[-77.666101,34.598952],[-77.666135,34.598984],[-77.666005,34.599721]],[[-77.666343,34.598925],[-77.66625,34.599011],[-77.666175,34.598955],[-77.666266,34.59887],[-77.666343,34.598925]]]]}},{"type":"Feature","id":"37141:3393-38-8484-0000","properties":{"id":"37141:3393-38-8484-0000","parcelId":"3393-38-8484-0000","countyFips":"37141","countyName":"Pender","state":"North Carolina","marketIds":["Wilmington"],"situsAddress":"910 OLD MAPLE HILL RD","situsCity":null,"situsZip":null,"jurisdictionCode":"PND","ownerName":"LANIER, ALTON DACTOR TRUSTEE OF ALTON DA","ownerName2":null,"propertyName":null,"zoningCode":"RA","zoningDistrict":"Rural Agricultural","jurisdictionPrefix":"PND","dorCode":null,"acreage":17.63,"centroid":[-77.689816,34.672187],"lastSale":{"date":"2014-12-17","price":null,"qualified":null},"tax":{"marketValue":16885.0,"assessedValue":null,"taxableValue":null,"taxes":null},"mailingAddress":{"line1":"910 OLD MAPLE HILL RD N","line2":null,"city":"MAPLE HILL","state":"NC","zip":"28454"},"incomeTract":null,"incomeBlockGroup":null,"nearestRoad":null,"flu":{"code":"Rural Agricultural","label":"Rural Agricultural","jurisdiction":"Pender County","source":"https://gis.pendercountync.gov/arcgis/rest/services/LayersPro/MapServer/35"},"opportunityZone":null,"oz2Eligibility":{"eligible":true,"rural":true,"tractGeoid":"37141920204","tractName":"Census Tract 9202.04","designation":"eligible-for-nomination"},"source":"nc-pender-energov-37141","appraiserUrl":"https://mss.pendercountync.gov/css/citizens/RealEstate/Default.aspx?mode=new"},"geometry":{"type":"Polygon","coordinates":[[[-77.689382,34.671064],[-77.688593,34.671094],[-77.688797,34.674065],[-77.691151,34.673716],[-77.691156,34.670997],[-77.689382,34.671064]]]}},{"type":"Feature","id":"37141:3394-82-0300-0000","properties":{"id":"37141:3394-82-0300-0000","parcelId":"3394-82-0300-0000","countyFips":"37141","countyName":"Pender","state":"North Carolina","marketIds":["Wilmington"],"situsAddress":null,"situsCity":null,"situsZip":null,"jurisdictionCode":"PND","ownerName":"LANIER, ALTON DACTOR TRUSTEE OF ALTON DA","ownerName2":null,"propertyName":null,"zoningCode":"RA","zoningDistrict":"Rural Agricultural","jurisdictionPrefix":"PND","dorCode":null,"acreage":17.62,"centroid":[-77.675745,34.682693],"lastSale":{"date":"2014-12-17","price":null,"qualified":null},"tax":{"marketValue":18191.0,"assessedValue":null,"taxableValue":null,"taxes":null},"mailingAddress":{"line1":"910 OLD MAPLE HILL RD N","line2":null,"city":"MAPLE HILL","state":"NC","zip":"28454"},"incomeTract":null,"incomeBlockGroup":null,"nearestRoad":null,"flu":{"code":"Rural Agricultural","label":"Rural Agricultural","jurisdiction":"Pender County","source":"https://gis.pendercountync.gov/arcgis/rest/services/LayersPro/MapServer/35"},"opportunityZone":null,"oz2Eligibility":{"eligible":true,"rural":true,"tractGeoid":"37141920204","tractName":"Census Tract 9202.04","designation":"eligible-for-nomination"},"source":"nc-pender-energov-37141","appraiserUrl":"https://mss.pendercountync.gov/css/citizens/RealEstate/Default.aspx?mode=new"},"geometry":{"type":"Polygon","coordinates":[[[-77.677519,34.6843],[-77.677519,34.6843],[-77.678264,34.684736],[-77.676792,34.68146],[-77.676602,34.681532],[-77.676536,34.681706],[-77.676337,34.681636],[-77.676235,34.681729],[-77.676279,34.681796],[-77.676131,34.681927],[-77.676064,34.6819],[-77.676072,34.681799],[-77.675869,34.681793],[-77.675684,34.681929],[-77.675722,34.682089],[-77.675648,34.682192],[-77.675259,34.682221],[-77.675293,34.682287],[-77.675118,34.682472],[-77.67445,34.682895],[-77.674341,34.683094],[-77.673836,34.683709],[-77.673693,34.683914],[-77.673459,34.684155],[-77.673443,34.684285],[-77.677198,34.684172],[-77.677519,34.6843]]]}},{"type":"Feature","id":"37141:3385-30-5916-0000","properties":{"id":"37141:3385-30-5916-0000","parcelId":"3385-30-5916-0000","countyFips":"37141","countyName":"Pender","state":"North Carolina","marketIds":["Wilmington"],"situsAddress":"50 HWY OFF & MURPHY HARBOR RD","situsCity":null,"situsZip":null,"jurisdictionCode":"PND","ownerName":"MURPHY BROWN LLC","ownerName2":null,"propertyName":null,"zoningCode":"RA","zoningDistrict":"Rural Agricultural","jurisdictionPrefix":"PND","dorCode":null,"acreage":17.57,"centroid":[-77.723644,34.707598],"lastSale":{"date":"2009-12-02","price":null,"qualified":null},"tax":{"marketValue":105385.0,"assessedValue":null,"taxableValue":null,"taxes":null},"mailingAddress":{"line1":"PO BOX 856","line2":null,"city":"WARSAW","state":"NC","zip":"28398"},"incomeTract":null,"incomeBlockGroup":null,"nearestRoad":null,"flu":{"code":"Rural Agricultural","label":"Rural Agricultural","jurisdiction":"Pender County","source":"https://gis.pendercountync.gov/arcgis/rest/services/LayersPro/MapServer/35"},"opportunityZone":null,"oz2Eligibility":{"eligible":true,"rural":true,"tractGeoid":"37141920204","tractName":"Census Tract 9202.04","designation":"eligible-for-nomination"},"source":"nc-pender-energov-37141","appraiserUrl":"https://mss.pendercountync.gov/css/citizens/RealEstate/Default.aspx?mode=new"},"geometry":{"type":"Polygon","coordinates":[[[-77.722632,34.706739],[-77.721209,34.708691],[-77.725462,34.708573],[-77.725271,34.706388],[-77.722632,34.706739]]]}},{"type":"Feature","id":"37141:3394-40-8298-0000","properties":{"id":"37141:3394-40-8298-0000","parcelId":"3394-40-8298-0000","countyFips":"37141","countyName":"Pender","state":"North Carolina","marketIds":["Wilmington"],"situsAddress":null,"situsCity":null,"situsZip":null,"jurisdictionCode":"PND","ownerName":"LANIER, BENJAMIN LUTHER","ownerName2":null,"propertyName":null,"zoningCode":"RA","zoningDistrict":"Rural Agricultural","jurisdictionPrefix":"PND","dorCode":null,"acreage":17.49,"centroid":[-77.686958,34.678096],"lastSale":{"date":"2013-11-05","price":null,"qualified":null},"tax":{"marketValue":19708.0,"assessedValue":null,"taxableValue":null,"taxes":null},"mailingAddress":{"line1":"2101 LODESTER DR","line2":null,"city":"RALEIGH","state":"NC","zip":"27615"},"incomeTract":null,"incomeBlockGroup":null,"nearestRoad":null,"flu":{"code":"Rural Agricultural","label":"Rural Agricultural","jurisdiction":"Pender County","source":"https://gis.pendercountync.gov/arcgis/rest/services/LayersPro/MapServer/35"},"opportunityZone":null,"oz2Eligibility":{"eligible":true,"rural":true,"tractGeoid":"37141920204","tractName":"Census Tract 9202.04","designation":"eligible-for-nomination"},"source":"nc-pender-energov-37141","appraiserUrl":"https://mss.pendercountync.gov/css/citizens/RealEstate/Default.aspx?mode=new"},"geometry":{"type":"Polygon","coordinates":[[[-77.684963,34.678159],[-77.684865,34.678218],[-77.688871,34.679053],[-77.68888,34.679187],[-77.688949,34.67916],[-77.688872,34.677978],[-77.687418,34.678048],[-77.687352,34.676908],[-77.684729,34.677054],[-77.684681,34.677194],[-77.684963,34.678159]]]}},{"type":"Feature","id":"37141:3383-33-9465-0000","properties":{"id":"37141:3383-33-9465-0000","parcelId":"3383-33-9465-0000","countyFips":"37141","countyName":"Pender","state":"North Carolina","marketIds":["Wilmington"],"situsAddress":"14441 NC HWY 53 E","situsCity":null,"situsZip":null,"jurisdictionCode":"PND","ownerName":"BUGG, SHARON H","ownerName2":null,"propertyName":null,"zoningCode":"RA","zoningDistrict":"Rural Agricultural","jurisdictionPrefix":"PND","dorCode":null,"acreage":17.25,"centroid":[-77.723611,34.659714],"lastSale":{"date":"2018-03-21","price":null,"qualified":null},"tax":{"marketValue":101111.0,"assessedValue":null,"taxableValue":null,"taxes":null},"mailingAddress":{"line1":"9781 ANCHOR DR","line2":null,"city":"LONGS","state":"SC","zip":"29568"},"incomeTract":null,"incomeBlockGroup":null,"nearestRoad":null,"flu":{"code":"Rural Agricultural","label":"Rural Agricultural","jurisdiction":"Pender County","source":"https://gis.pendercountync.gov/arcgis/rest/services/LayersPro/MapServer/35"},"opportunityZone":null,"oz2Eligibility":{"eligible":true,"rural":true,"tractGeoid":"37141920204","tractName":"Census Tract 9202.04","designation":"eligible-for-nomination"},"source":"nc-pender-energov-37141","appraiserUrl":"https://mss.pendercountync.gov/css/citizens/RealEstate/Default.aspx?mode=new"},"geometry":{"type":"Polygon","coordinates":[[[-77.724649,34.661599],[-77.725512,34.660866],[-77.725651,34.660748],[-77.721615,34.657247],[-77.720628,34.65811],[-77.724649,34.661599]]]}},{"type":"Feature","id":"37141:3383-43-2870-0000","properties":{"id":"37141:3383-43-2870-0000","parcelId":"3383-43-2870-0000","countyFips":"37141","countyName":"Pender","state":"North Carolina","marketIds":["Wilmington"],"situsAddress":"53 HWY","situsCity":null,"situsZip":null,"jurisdictionCode":"PND","ownerName":"ROEBUCK, W KENNETH","ownerName2":null,"propertyName":null,"zoningCode":"RA","zoningDistrict":"Rural Agricultural","jurisdictionPrefix":"PND","dorCode":null,"acreage":17.25,"centroid":[-77.722918,34.661107],"lastSale":{"date":"2015-04-07","price":null,"qualified":null},"tax":{"marketValue":68750.0,"assessedValue":null,"taxableValue":null,"taxes":null},"mailingAddress":{"line1":"7405 FISHERMAN CREEK DR","line2":null,"city":"WILMINGTON","state":"NC","zip":"28405"},"incomeTract":null,"incomeBlockGroup":null,"nearestRoad":null,"flu":{"code":"Rural Agricultural","label":"Rural Agricultural","jurisdiction":"Pender County","source":"https://gis.pendercountync.gov/arcgis/rest/services/LayersPro/MapServer/35"},"opportunityZone":null,"oz2Eligibility":{"eligible":true,"rural":true,"tractGeoid":"37141920204","tractName":"Census Tract 9202.04","designation":"eligible-for-nomination"},"source":"nc-pender-energov-37141","appraiserUrl":"https://mss.pendercountync.gov/css/citizens/RealEstate/Default.aspx?mode=new"},"geometry":{"type":"Polygon","coordinates":[[[-77.723849,34.662231],[-77.723856,34.662226],[-77.724385,34.661825],[-77.724649,34.661599],[-77.720628,34.65811],[-77.71955,34.659063],[-77.723088,34.662008],[-77.723337,34.661796],[-77.723849,34.662231]]]}},{"type":"Feature","id":"37141:3393-04-6602-0000","properties":{"id":"37141:3393-04-6602-0000","parcelId":"3393-04-6602-0000","countyFips":"37141","countyName":"Pender","state":"North Carolina","marketIds":["Wilmington"],"situsAddress":"5700 NC HWY 50","situsCity":null,"situsZip":null,"jurisdictionCode":"PND","ownerName":"JEAT PROPERTIES LLC","ownerName2":null,"propertyName":null,"zoningCode":"RA","zoningDistrict":"Rural Agricultural","jurisdictionPrefix":"PND","dorCode":null,"acreage":17.0,"centroid":[-77.70002,34.662686],"lastSale":{"date":"2014-11-14","price":null,"qualified":null},"tax":{"marketValue":227369.0,"assessedValue":null,"taxableValue":null,"taxes":null},"mailingAddress":{"line1":"2213 WASHINGTON ACRES DR","line2":null,"city":"HAMPSTEAD","state":"NC","zip":"28443"},"incomeTract":null,"incomeBlockGroup":null,"nearestRoad":null,"flu":{"code":"Rural Agricultural","label":"Rural Agricultural","jurisdiction":"Pender County","source":"https://gis.pendercountync.gov/arcgis/rest/services/LayersPro/MapServer/35"},"opportunityZone":null,"oz2Eligibility":{"eligible":true,"rural":true,"tractGeoid":"37141920204","tractName":"Census Tract 9202.04","designation":"eligible-for-nomination"},"source":"nc-pender-energov-37141","appraiserUrl":"https://mss.pendercountync.gov/css/citizens/RealEstate/Default.aspx?mode=new"},"geometry":{"type":"Polygon","coordinates":[[[-77.698367,34.662931],[-77.698497,34.662994],[-77.699751,34.663596],[-77.700366,34.663941],[-77.703258,34.661947],[-77.702008,34.660736],[-77.699065,34.662745],[-77.698848,34.662598],[-77.698367,34.662931]]]}},{"type":"Feature","id":"37141:3393-52-3219-0000","properties":{"id":"37141:3393-52-3219-0000","parcelId":"3393-52-3219-0000","countyFips":"37141","countyName":"Pender","state":"North Carolina","marketIds":["Wilmington"],"situsAddress":"NC HWY 50","situsCity":null,"situsZip":null,"jurisdictionCode":"PND","ownerName":"SHEPARD, SANDY JEROME","ownerName2":null,"propertyName":null,"zoningCode":"RA","zoningDistrict":"Rural Agricultural","jurisdictionPrefix":"PND","dorCode":null,"acreage":16.9,"centroid":[-77.68492,34.65522],"lastSale":{"date":"2018-03-08","price":null,"qualified":null},"tax":{"marketValue":37825.0,"assessedValue":null,"taxableValue":null,"taxes":null},"mailingAddress":{"line1":"7830 NC HWY 50","line2":null,"city":"MAPLE HILL","state":"NC","zip":"28454"},"incomeTract":null,"incomeBlockGroup":null,"nearestRoad":null,"flu":{"code":"Rural Agricultural","label":"Rural Agricultural","jurisdiction":"Pender County","source":"https://gis.pendercountync.gov/arcgis/rest/services/LayersPro/MapServer/35"},"opportunityZone":null,"oz2Eligibility":{"eligible":true,"rural":true,"tractGeoid":"37141920204","tractName":"Census Tract 9202.04","designation":"eligible-for-nomination"},"source":"nc-pender-energov-37141","appraiserUrl":"https://mss.pendercountync.gov/css/citizens/RealEstate/Default.aspx?mode=new"},"geometry":{"type":"Polygon","coordinates":[[[-77.684914,34.656821],[-77.685261,34.65712],[-77.688015,34.656173],[-77.685619,34.654121],[-77.685144,34.654501],[-77.684681,34.654106],[-77.684383,34.654345],[-77.684906,34.654607],[-77.684716,34.654865],[-77.684925,34.654943],[-77.68445,34.655604],[-77.683584,34.655177],[-77.683365,34.655482],[-77.684914,34.656821]]]}},{"type":"Feature","id":"37141:3372-79-4305-0000","properties":{"id":"37141:3372-79-4305-0000","parcelId":"3372-79-4305-0000","countyFips":"37141","countyName":"Pender","state":"North Carolina","marketIds":["Wilmington"],"situsAddress":"NC 53 HWY","situsCity":null,"situsZip":null,"jurisdictionCode":"PND","ownerName":"CASTLEBERRY, TERRY LEE","ownerName2":null,"propertyName":null,"zoningCode":"RA","zoningDistrict":"Rural Agricultural","jurisdictionPrefix":"PND","dorCode":null,"acreage":16.78,"centroid":[-77.744332,34.647949],"lastSale":{"date":"2020-11-05","price":50000.0,"qualified":null},"tax":{"marketValue":35590.0,"assessedValue":null,"taxableValue":null,"taxes":null},"mailingAddress":{"line1":"220 SOUTHWOODS LANE","line2":null,"city":"JACKSONVILLE","state":"NC","zip":"28540"},"incomeTract":null,"incomeBlockGroup":null,"nearestRoad":null,"flu":{"code":"Rural Agricultural","label":"Rural Agricultural","jurisdiction":"Pender County","source":"https://gis.pendercountync.gov/arcgis/rest/services/LayersPro/MapServer/35"},"opportunityZone":null,"oz2Eligibility":{"eligible":true,"rural":true,"tractGeoid":"37141920204","tractName":"Census Tract 9202.04","designation":"eligible-for-nomination"},"source":"nc-pender-energov-37141","appraiserUrl":"https://mss.pendercountync.gov/css/citizens/RealEstate/Default.aspx?mode=new"},"geometry":{"type":"Polygon","coordinates":[[[-77.742576,34.646575],[-77.741932,34.647424],[-77.747405,34.650332],[-77.747163,34.648851],[-77.742585,34.646563],[-77.742576,34.646575]]]}},{"type":"Feature","id":"37141:3393-56-4623-0000","properties":{"id":"37141:3393-56-4623-0000","parcelId":"3393-56-4623-0000","countyFips":"37141","countyName":"Pender","state":"North Carolina","marketIds":["Wilmington"],"situsAddress":null,"situsCity":null,"situsZip":null,"jurisdictionCode":"PND","ownerName":"JONES, KENNETH G JR","ownerName2":null,"propertyName":null,"zoningCode":"RA","zoningDistrict":"Rural Agricultural","jurisdictionPrefix":"PND","dorCode":null,"acreage":16.64,"centroid":[-77.684037,34.667618],"lastSale":{"date":null,"price":null,"qualified":null},"tax":{"marketValue":61620.0,"assessedValue":null,"taxableValue":null,"taxes":null},"mailingAddress":{"line1":"645 OLD MAPLE HILL ROAD","line2":null,"city":"MAPLE HILL","state":"NC","zip":"28454"},"incomeTract":null,"incomeBlockGroup":null,"nearestRoad":null,"flu":{"code":"Rural Agricultural","label":"Rural Agricultural","jurisdiction":"Pender County","source":"https://gis.pendercountync.gov/arcgis/rest/services/LayersPro/MapServer/35"},"opportunityZone":null,"oz2Eligibility":{"eligible":true,"rural":true,"tractGeoid":"37141920204","tractName":"Census Tract 9202.04","designation":"eligible-for-nomination"},"source":"nc-pender-energov-37141","appraiserUrl":"https://mss.pendercountync.gov/css/citizens/RealEstate/Default.aspx?mode=new"},"geometry":{"type":"Polygon","coordinates":[[[-77.683593,34.668345],[-77.686281,34.66847],[-77.688206,34.668559],[-77.688149,34.667512],[-77.688161,34.667335],[-77.682482,34.666787],[-77.682643,34.666874],[-77.682986,34.66695],[-77.683143,34.667004],[-77.683312,34.667088],[-77.683406,34.667166],[-77.683437,34.667277],[-77.683401,34.667394],[-77.683234,34.667594],[-77.682959,34.667829],[-77.68293,34.667874],[-77.682925,34.667937],[-77.682967,34.66801],[-77.683133,34.668132],[-77.683393,34.668228],[-77.683593,34.668345]]]}},{"type":"Feature","id":"37141:3392-42-6404-0000","properties":{"id":"37141:3392-42-6404-0000","parcelId":"3392-42-6404-0000","countyFips":"37141","countyName":"Pender","state":"North Carolina","marketIds":["Wilmington"],"situsAddress":null,"situsCity":null,"situsZip":null,"jurisdictionCode":"PND","ownerName":"LEE, ROBERT SR HEIRS","ownerName2":null,"propertyName":null,"zoningCode":"RA","zoningDistrict":"Rural Agricultural","jurisdictionPrefix":"PND","dorCode":null,"acreage":16.2,"centroid":[-77.688028,34.630222],"lastSale":{"date":null,"price":null,"qualified":null},"tax":{"marketValue":59000.0,"assessedValue":null,"taxableValue":null,"taxes":null},"mailingAddress":{"line1":"C/O SIBRENA L NIXON-PEREZ","line2":null,"city":"SCHERTZ","state":"TX","zip":"78154"},"incomeTract":null,"incomeBlockGroup":null,"nearestRoad":null,"flu":{"code":"Rural Agricultural","label":"Rural Agricultural","jurisdiction":"Pender County","source":"https://gis.pendercountync.gov/arcgis/rest/services/LayersPro/MapServer/35"},"opportunityZone":null,"oz2Eligibility":{"eligible":true,"rural":true,"tractGeoid":"37141920204","tractName":"Census Tract 9202.04","designation":"eligible-for-nomination"},"source":"nc-pender-energov-37141","appraiserUrl":"https://mss.pendercountync.gov/css/citizens/RealEstate/Default.aspx?mode=new"},"geometry":{"type":"Polygon","coordinates":[[[-77.68847,34.624905],[-77.687137,34.637074],[-77.687135,34.637098],[-77.687564,34.637108],[-77.689136,34.622592],[-77.688727,34.622554],[-77.68847,34.624905]]]}},{"type":"Feature","id":"37141:4303-04-8432-0000","properties":{"id":"37141:4303-04-8432-0000","parcelId":"4303-04-8432-0000","countyFips":"37141","countyName":"Pender","state":"North Carolina","marketIds":["Wilmington"],"situsAddress":null,"situsCity":null,"situsZip":null,"jurisdictionCode":"PND","ownerName":"LOVE, VANESSA ANN BANNERMAN","ownerName2":null,"propertyName":null,"zoningCode":"RA","zoningDistrict":"Rural Agricultural","jurisdictionPrefix":"PND","dorCode":null,"acreage":16.1,"centroid":[-77.667433,34.660946],"lastSale":{"date":"2024-07-09","price":null,"qualified":null},"tax":{"marketValue":58875.0,"assessedValue":null,"taxableValue":null,"taxes":null},"mailingAddress":{"line1":"7810 TINKERS CREEK DRIVE","line2":null,"city":"CLINTON","state":"MD","zip":"20735"},"incomeTract":null,"incomeBlockGroup":null,"nearestRoad":null,"flu":{"code":"Rural Agricultural","label":"Rural Agricultural","jurisdiction":"Pender County","source":"https://gis.pendercountync.gov/arcgis/rest/services/LayersPro/MapServer/35"},"opportunityZone":null,"oz2Eligibility":{"eligible":true,"rural":true,"tractGeoid":"37141920204","tractName":"Census Tract 9202.04","designation":"eligible-for-nomination"},"source":"nc-pender-energov-37141","appraiserUrl":"https://mss.pendercountync.gov/css/citizens/RealEstate/Default.aspx?mode=new"},"geometry":{"type":"Polygon","coordinates":[[[-77.664582,34.663339],[-77.66463,34.663373],[-77.665154,34.663743],[-77.671729,34.657296],[-77.671071,34.656979],[-77.664582,34.663339]]]}},{"type":"Feature","id":"37141:3393-36-8919-0000","properties":{"id":"37141:3393-36-8919-0000","parcelId":"3393-36-8919-0000","countyFips":"37141","countyName":"Pender","state":"North Carolina","marketIds":["Wilmington"],"situsAddress":null,"situsCity":null,"situsZip":null,"jurisdictionCode":"PND","ownerName":"JONES, KENNETH G JR","ownerName2":null,"propertyName":null,"zoningCode":"RA","zoningDistrict":"Rural Agricultural","jurisdictionPrefix":"PND","dorCode":null,"acreage":16.0,"centroid":[-77.684908,34.668592],"lastSale":{"date":null,"price":null,"qualified":null},"tax":{"marketValue":65750.0,"assessedValue":null,"taxableValue":null,"taxes":null},"mailingAddress":{"line1":"645 OLD MAPLE HILL ROAD","line2":null,"city":"MAPLE HILL","state":"NC","zip":"28454"},"incomeTract":null,"incomeBlockGroup":null,"nearestRoad":null,"flu":{"code":"Rural Agricultural","label":"Rural Agricultural","jurisdiction":"Pender County","source":"https://gis.pendercountync.gov/arcgis/rest/services/LayersPro/MapServer/35"},"opportunityZone":null,"oz2Eligibility":{"eligible":true,"rural":true,"tractGeoid":"37141920204","tractName":"Census Tract 9202.04","designation":"eligible-for-nomination"},"source":"nc-pender-energov-37141","appraiserUrl":"https://mss.pendercountync.gov/css/citizens/RealEstate/Default.aspx?mode=new"},"geometry":{"type":"MultiPolygon","coordinates":[[[[-77.683599,34.66835],[-77.683605,34.668355],[-77.683653,34.668447],[-77.683551,34.668616],[-77.683505,34.668869],[-77.688236,34.668948],[-77.688206,34.668559],[-77.683599,34.66835]]],[[[-77.688415,34.668555],[-77.688421,34.668624],[-77.688447,34.668962],[-77.69527,34.669079],[-77.695064,34.668861],[-77.688415,34.668555]]]]}},{"type":"Feature","id":"37141:3393-56-5086-0000","properties":{"id":"37141:3393-56-5086-0000","parcelId":"3393-56-5086-0000","countyFips":"37141","countyName":"Pender","state":"North Carolina","marketIds":["Wilmington"],"situsAddress":null,"situsCity":null,"situsZip":null,"jurisdictionCode":"PND","ownerName":"WOOTEN, SANFORD MOORE","ownerName2":null,"propertyName":null,"zoningCode":"RA","zoningDistrict":"Rural Agricultural","jurisdictionPrefix":"PND","dorCode":null,"acreage":16.0,"centroid":[-77.683258,34.665937],"lastSale":{"date":null,"price":null,"qualified":null},"tax":{"marketValue":58750.0,"assessedValue":null,"taxableValue":null,"taxes":null},"mailingAddress":{"line1":"1679 CYPRESS CREEK ROAD","line2":null,"city":"WALLACE","state":"NC","zip":"28466"},"incomeTract":null,"incomeBlockGroup":null,"nearestRoad":null,"flu":{"code":"Rural Agricultural","label":"Rural Agricultural","jurisdiction":"Pender County","source":"https://gis.pendercountync.gov/arcgis/rest/services/LayersPro/MapServer/35"},"opportunityZone":null,"oz2Eligibility":{"eligible":true,"rural":true,"tractGeoid":"37141920204","tractName":"Census Tract 9202.04","designation":"eligible-for-nomination"},"source":"nc-pender-energov-37141","appraiserUrl":"https://mss.pendercountync.gov/css/citizens/RealEstate/Default.aspx?mode=new"},"geometry":{"type":"Polygon","coordinates":[[[-77.682482,34.666787],[-77.686302,34.667156],[-77.688161,34.667335],[-77.688222,34.667101],[-77.688337,34.666824],[-77.688445,34.666625],[-77.688586,34.666438],[-77.681742,34.664647],[-77.681759,34.66474],[-77.681805,34.664832],[-77.681978,34.664964],[-77.681917,34.665053],[-77.681766,34.66508],[-77.681674,34.665122],[-77.681574,34.665217],[-77.681485,34.665375],[-77.681494,34.665454],[-77.681646,34.665568],[-77.681709,34.665657],[-77.681691,34.666142],[-77.681724,34.666183],[-77.681847,34.666191],[-77.681913,34.666224],[-77.681988,34.66638],[-77.682114,34.666539],[-77.682352,34.666721],[-77.682482,34.666787]]]}},{"type":"Feature","id":"37141:3372-78-3458-0000","properties":{"id":"37141:3372-78-3458-0000","parcelId":"3372-78-3458-0000","countyFips":"37141","countyName":"Pender","state":"North Carolina","marketIds":["Wilmington"],"situsAddress":"53 HWY","situsCity":null,"situsZip":null,"jurisdictionCode":"PND","ownerName":"RAYNOR, MARK E","ownerName2":null,"propertyName":null,"zoningCode":"RA","zoningDistrict":"Rural Agricultural","jurisdictionPrefix":"PND","dorCode":null,"acreage":16.0,"centroid":[-77.744965,34.64574],"lastSale":{"date":null,"price":null,"qualified":null},"tax":{"marketValue":58750.0,"assessedValue":null,"taxableValue":null,"taxes":null},"mailingAddress":{"line1":"4205 NC HWY 50","line2":null,"city":"MAPLE HILL","state":"NC","zip":"28454"},"incomeTract":null,"incomeBlockGroup":null,"nearestRoad":null,"flu":{"code":"Rural Agricultural","label":"Rural Agricultural","jurisdiction":"Pender County","source":"https://gis.pendercountync.gov/arcgis/rest/services/LayersPro/MapServer/35"},"opportunityZone":null,"oz2Eligibility":{"eligible":true,"rural":true,"tractGeoid":"37141920204","tractName":"Census Tract 9202.04","designation":"eligible-for-nomination"},"source":"nc-pender-energov-37141","appraiserUrl":"https://mss.pendercountync.gov/css/citizens/RealEstate/Default.aspx?mode=new"},"geometry":{"type":"MultiPolygon","coordinates":[[[[-77.743939,34.644692],[-77.743855,34.644808],[-77.743261,34.64563],[-77.746977,34.647477],[-77.746791,34.646094],[-77.743939,34.644692]]],[[[-77.741952,34.64379],[-77.741947,34.643809],[-77.741668,34.644835],[-77.742953,34.645473],[-77.743652,34.644551],[-77.741972,34.643721],[-77.741952,34.64379]]]]}},{"type":"Feature","id":"37141:3383-37-9108-0000","properties":{"id":"37141:3383-37-9108-0000","parcelId":"3383-37-9108-0000","countyFips":"37141","countyName":"Pender","state":"North Carolina","marketIds":["Wilmington"],"situsAddress":"14976 NC HWY 53 EAST","situsCity":null,"situsZip":null,"jurisdictionCode":"PND","ownerName":"FEDORONKO, ROBERT W","ownerName2":null,"propertyName":null,"zoningCode":"GI","zoningDistrict":"General Industrial","jurisdictionPrefix":"PND","dorCode":null,"acreage":16.0,"centroid":[-77.722985,34.669617],"lastSale":{"date":"2000-08-07","price":70000.0,"qualified":null},"tax":{"marketValue":49600.0,"assessedValue":null,"taxableValue":null,"taxes":null},"mailingAddress":{"line1":"PO BOX 1159","line2":null,"city":"ROCKY POINT","state":"NC","zip":"28457"},"incomeTract":null,"incomeBlockGroup":null,"nearestRoad":null,"flu":{"code":"Rural Agricultural","label":"Rural Agricultural","jurisdiction":"Pender County","source":"https://gis.pendercountync.gov/arcgis/rest/services/LayersPro/MapServer/35"},"opportunityZone":null,"oz2Eligibility":{"eligible":true,"rural":true,"tractGeoid":"37141920204","tractName":"Census Tract 9202.04","designation":"eligible-for-nomination"},"source":"nc-pender-energov-37141","appraiserUrl":"https://mss.pendercountync.gov/css/citizens/RealEstate/Default.aspx?mode=new"},"geometry":{"type":"Polygon","coordinates":[[[-77.720856,34.669422],[-77.722813,34.671099],[-77.725114,34.669816],[-77.723158,34.668132],[-77.720856,34.669422]]]}},{"type":"Feature","id":"37141:3393-36-6723-0000","properties":{"id":"37141:3393-36-6723-0000","parcelId":"3393-36-6723-0000","countyFips":"37141","countyName":"Pender","state":"North Carolina","marketIds":["Wilmington"],"situsAddress":"645 OLD MAPLE HILL RD N","situsCity":null,"situsZip":null,"jurisdictionCode":"PND","ownerName":"JONES, KENNETH G JR","ownerName2":null,"propertyName":null,"zoningCode":"RA","zoningDistrict":"Rural Agricultural","jurisdictionPrefix":"PND","dorCode":null,"acreage":15.95,"centroid":[-77.690897,34.668087],"lastSale":{"date":null,"price":null,"qualified":null},"tax":{"marketValue":139998.0,"assessedValue":null,"taxableValue":null,"taxes":null},"mailingAddress":{"line1":"645 OLD MAPLE HILL ROAD","line2":null,"city":"MAPLE HILL","state":"NC","zip":"28454"},"incomeTract":null,"incomeBlockGroup":null,"nearestRoad":null,"flu":{"code":"Rural Agricultural","label":"Rural Agricultural","jurisdiction":"Pender County","source":"https://gis.pendercountync.gov/arcgis/rest/services/LayersPro/MapServer/35"},"opportunityZone":null,"oz2Eligibility":{"eligible":true,"rural":true,"tractGeoid":"37141920204","tractName":"Census Tract 9202.04","designation":"eligible-for-nomination"},"source":"nc-pender-energov-37141","appraiserUrl":"https://mss.pendercountync.gov/css/citizens/RealEstate/Default.aspx?mode=new"},"geometry":{"type":"Polygon","coordinates":[[[-77.688414,34.668551],[-77.695064,34.668861],[-77.694289,34.668046],[-77.688372,34.667331],[-77.688345,34.667645],[-77.688414,34.668551]]]}},{"type":"Feature","id":"37141:3392-74-0394-0000","properties":{"id":"37141:3392-74-0394-0000","parcelId":"3392-74-0394-0000","countyFips":"37141","countyName":"Pender","state":"North Carolina","marketIds":["Wilmington"],"situsAddress":"760 LEE RD","situsCity":null,"situsZip":null,"jurisdictionCode":"PND","ownerName":"LEE, JAMES CURTIS","ownerName2":null,"propertyName":null,"zoningCode":"RP","zoningDistrict":"Residential Performance","jurisdictionPrefix":"PND","dorCode":null,"acreage":15.83,"centroid":[-77.679856,34.633079],"lastSale":{"date":"2011-02-11","price":19000.0,"qualified":null},"tax":{"marketValue":132441.0,"assessedValue":null,"taxableValue":null,"taxes":null},"mailingAddress":{"line1":"760 LEE RD","line2":null,"city":"MAPLE HILL","state":"NC","zip":"28454"},"incomeTract":null,"incomeBlockGroup":null,"nearestRoad":null,"flu":{"code":"Rural Agricultural","label":"Rural Agricultural","jurisdiction":"Pender County","source":"https://gis.pendercountync.gov/arcgis/rest/services/LayersPro/MapServer/35"},"opportunityZone":null,"oz2Eligibility":{"eligible":true,"rural":true,"tractGeoid":"37141920204","tractName":"Census Tract 9202.04","designation":"eligible-for-nomination"},"source":"nc-pender-energov-37141","appraiserUrl":"https://mss.pendercountync.gov/css/citizens/RealEstate/Default.aspx?mode=new"},"geometry":{"type":"Polygon","coordinates":[[[-77.678929,34.635726],[-77.67883,34.636512],[-77.680185,34.636609],[-77.680894,34.631101],[-77.680651,34.631073],[-77.680254,34.631067],[-77.679866,34.631097],[-77.679726,34.632276],[-77.679367,34.632254],[-77.678929,34.635726]]]}},{"type":"Feature","id":"37141:3383-72-2227-0000","properties":{"id":"37141:3383-72-2227-0000","parcelId":"3383-72-2227-0000","countyFips":"37141","countyName":"Pender","state":"North Carolina","marketIds":["Wilmington"],"situsAddress":"908 OLD MAPLE HILL RD","situsCity":null,"situsZip":null,"jurisdictionCode":"PND","ownerName":"EZZELL, JUDITH GWENDOLYN SHOLAR","ownerName2":null,"propertyName":null,"zoningCode":"RA","zoningDistrict":"Rural Agricultural","jurisdictionPrefix":"PND","dorCode":null,"acreage":15.73,"centroid":[-77.711647,34.655913],"lastSale":{"date":"2022-06-02","price":null,"qualified":null},"tax":{"marketValue":32576.0,"assessedValue":null,"taxableValue":null,"taxes":null},"mailingAddress":{"line1":"1027 ASHES DR. APT 244","line2":null,"city":"WILMINGTON","state":"NC","zip":"28405"},"incomeTract":null,"incomeBlockGroup":null,"nearestRoad":null,"flu":{"code":"Rural Agricultural","label":"Rural Agricultural","jurisdiction":"Pender County","source":"https://gis.pendercountync.gov/arcgis/rest/services/LayersPro/MapServer/35"},"opportunityZone":null,"oz2Eligibility":{"eligible":true,"rural":true,"tractGeoid":"37141920204","tractName":"Census Tract 9202.04","designation":"eligible-for-nomination"},"source":"nc-pender-energov-37141","appraiserUrl":"https://mss.pendercountync.gov/css/citizens/RealEstate/Default.aspx?mode=new"},"geometry":{"type":"Polygon","coordinates":[[[-77.710815,34.656276],[-77.713472,34.657603],[-77.714593,34.656356],[-77.710298,34.654313],[-77.709594,34.65503],[-77.711112,34.6559],[-77.710815,34.656276]]]}},{"type":"Feature","id":"37141:3375-62-4563-0000","properties":{"id":"37141:3375-62-4563-0000","parcelId":"3375-62-4563-0000","countyFips":"37141","countyName":"Pender","state":"North Carolina","marketIds":["Wilmington"],"situsAddress":"NC HWY 50","situsCity":null,"situsZip":null,"jurisdictionCode":"PND","ownerName":"ROPER, SUE HOLLINGSWORTH","ownerName2":null,"propertyName":null,"zoningCode":"RA","zoningDistrict":"Rural Agricultural","jurisdictionPrefix":"PND","dorCode":null,"acreage":15.68,"centroid":[-77.746685,34.71183],"lastSale":{"date":"2025-01-14","price":9500.0,"qualified":null},"tax":{"marketValue":58190.0,"assessedValue":null,"taxableValue":null,"taxes":null},"mailingAddress":{"line1":"805 EASTWOOD CT","line2":null,"city":"BURGAW","state":"NC","zip":"28425"},"incomeTract":null,"incomeBlockGroup":null,"nearestRoad":null,"flu":{"code":"Rural Agricultural","label":"Rural Agricultural","jurisdiction":"Pender County","source":"https://gis.pendercountync.gov/arcgis/rest/services/LayersPro/MapServer/35"},"opportunityZone":null,"oz2Eligibility":{"eligible":true,"rural":true,"tractGeoid":"37141920204","tractName":"Census Tract 9202.04","designation":"eligible-for-nomination"},"source":"nc-pender-energov-37141","appraiserUrl":"https://mss.pendercountync.gov/css/citizens/RealEstate/Default.aspx?mode=new"},"geometry":{"type":"Polygon","coordinates":[[[-77.745141,34.71266],[-77.74515,34.712665],[-77.745375,34.712809],[-77.746431,34.713655],[-77.748797,34.711379],[-77.749115,34.710767],[-77.748647,34.710231],[-77.747145,34.710594],[-77.746446,34.71116],[-77.745947,34.711727],[-77.745345,34.712485],[-77.745141,34.71266]]]}},{"type":"Feature","id":"37141:4303-36-0695-0000","properties":{"id":"37141:4303-36-0695-0000","parcelId":"4303-36-0695-0000","countyFips":"37141","countyName":"Pender","state":"North Carolina","marketIds":["Wilmington"],"situsAddress":null,"situsCity":null,"situsZip":null,"jurisdictionCode":"PND","ownerName":"WOOTEN, ANDREW JACKSON","ownerName2":null,"propertyName":null,"zoningCode":"RA","zoningDistrict":"Rural Agricultural","jurisdictionPrefix":"PND","dorCode":null,"acreage":15.62,"centroid":[-77.659214,34.667139],"lastSale":{"date":null,"price":null,"qualified":null},"tax":{"marketValue":58085.0,"assessedValue":null,"taxableValue":null,"taxes":null},"mailingAddress":{"line1":"551 WOOTEN RD","line2":null,"city":"MAPLE HILL","state":"NC","zip":"28454"},"incomeTract":null,"incomeBlockGroup":null,"nearestRoad":null,"flu":{"code":"Rural Agricultural","label":"Rural Agricultural","jurisdiction":"Pender County","source":"https://gis.pendercountync.gov/arcgis/rest/services/LayersPro/MapServer/35"},"opportunityZone":null,"oz2Eligibility":{"eligible":true,"rural":true,"tractGeoid":"37141920204","tractName":"Census Tract 9202.04","designation":"eligible-for-nomination"},"source":"nc-pender-energov-37141","appraiserUrl":"https://mss.pendercountync.gov/css/citizens/RealEstate/Default.aspx?mode=new"},"geometry":{"type":"Polygon","coordinates":[[[-77.658772,34.666461],[-77.658729,34.666492],[-77.657413,34.667451],[-77.659007,34.668721],[-77.660428,34.668816],[-77.660709,34.666058],[-77.659442,34.665973],[-77.658772,34.666461]]]}},{"type":"Feature","id":"37141:3393-63-8895-0000","properties":{"id":"37141:3393-63-8895-0000","parcelId":"3393-63-8895-0000","countyFips":"37141","countyName":"Pender","state":"North Carolina","marketIds":["Wilmington"],"situsAddress":"545 MAPLE HILL SCHOOL RD","situsCity":null,"situsZip":null,"jurisdictionCode":"PND","ownerName":"MAPLE HILL CIVIC CLUB INC","ownerName2":null,"propertyName":null,"zoningCode":"O&I","zoningDistrict":"Office & Institutional","jurisdictionPrefix":"PND","dorCode":null,"acreage":15.53,"centroid":[-77.680194,34.65954],"lastSale":{"date":null,"price":null,"qualified":null},"tax":{"marketValue":735989.0,"assessedValue":null,"taxableValue":null,"taxes":null},"mailingAddress":{"line1":"C/O BRYANT SHEPARD","line2":null,"city":"MAPLE HILL","state":"NC","zip":"28454"},"incomeTract":null,"incomeBlockGroup":null,"nearestRoad":null,"flu":{"code":"Rural Agricultural","label":"Rural Agricultural","jurisdiction":"Pender County","source":"https://gis.pendercountync.gov/arcgis/rest/services/LayersPro/MapServer/35"},"opportunityZone":null,"oz2Eligibility":{"eligible":true,"rural":true,"tractGeoid":"37141920204","tractName":"Census Tract 9202.04","designation":"eligible-for-nomination"},"source":"nc-pender-energov-37141","appraiserUrl":"https://mss.pendercountync.gov/css/citizens/RealEstate/Default.aspx?mode=new"},"geometry":{"type":"Polygon","coordinates":[[[-77.681273,34.658293],[-77.681263,34.658303],[-77.680809,34.658701],[-77.680447,34.658942],[-77.677763,34.66023],[-77.678562,34.660764],[-77.678845,34.660929],[-77.68259,34.660161],[-77.681273,34.658293]]]}},{"type":"Feature","id":"37141:3393-45-4546-0000","properties":{"id":"37141:3393-45-4546-0000","parcelId":"3393-45-4546-0000","countyFips":"37141","countyName":"Pender","state":"North Carolina","marketIds":["Wilmington"],"situsAddress":"424 OLD MAPLE HILL RD N","situsCity":null,"situsZip":null,"jurisdictionCode":"PND","ownerName":"TOODLE, RODRIGUEZ","ownerName2":null,"propertyName":null,"zoningCode":"RA","zoningDistrict":"Rural Agricultural","jurisdictionPrefix":"PND","dorCode":null,"acreage":15.5,"centroid":[-77.68403,34.664065],"lastSale":{"date":"2018-06-14","price":null,"qualified":null},"tax":{"marketValue":117875.0,"assessedValue":null,"taxableValue":null,"taxes":null},"mailingAddress":{"line1":"17485 HWY 53 E","line2":null,"city":"MAPLE HILL","state":"NC","zip":"28454"},"incomeTract":null,"incomeBlockGroup":null,"nearestRoad":null,"flu":{"code":"Rural Agricultural","label":"Rural Agricultural","jurisdiction":"Pender County","source":"https://gis.pendercountync.gov/arcgis/rest/services/LayersPro/MapServer/35"},"opportunityZone":null,"oz2Eligibility":{"eligible":true,"rural":true,"tractGeoid":"37141920204","tractName":"Census Tract 9202.04","designation":"eligible-for-nomination"},"source":"nc-pender-energov-37141","appraiserUrl":"https://mss.pendercountync.gov/css/citizens/RealEstate/Default.aspx?mode=new"},"geometry":{"type":"Polygon","coordinates":[[[-77.682069,34.664046],[-77.686338,34.664911],[-77.689354,34.665522],[-77.689965,34.6648],[-77.683149,34.663397],[-77.683044,34.663424],[-77.682734,34.663605],[-77.682651,34.663721],[-77.682603,34.663758],[-77.682231,34.663816],[-77.68215,34.663848],[-77.68207,34.663935],[-77.682069,34.664046]]]}},{"type":"Feature","id":"37141:3382-27-5530-0000","properties":{"id":"37141:3382-27-5530-0000","parcelId":"3382-27-5530-0000","countyFips":"37141","countyName":"Pender","state":"North Carolina","marketIds":["Wilmington"],"situsAddress":"2356 OLD MAPLE HILL RD","situsCity":null,"situsZip":null,"jurisdictionCode":"PND","ownerName":"PARKER, JOSHUA WAYNE","ownerName2":null,"propertyName":null,"zoningCode":"RA","zoningDistrict":"Rural Agricultural","jurisdictionPrefix":"PND","dorCode":null,"acreage":15.47,"centroid":[-77.727915,34.642651],"lastSale":{"date":"2017-06-28","price":250000.0,"qualified":null},"tax":{"marketValue":224534.0,"assessedValue":null,"taxableValue":null,"taxes":null},"mailingAddress":{"line1":"5883 S NC HWY 50","line2":null,"city":"WALLACE","state":"NC","zip":"28466"},"incomeTract":null,"incomeBlockGroup":null,"nearestRoad":null,"flu":{"code":"Rural Agricultural","label":"Rural Agricultural","jurisdiction":"Pender County","source":"https://gis.pendercountync.gov/arcgis/rest/services/LayersPro/MapServer/35"},"opportunityZone":null,"oz2Eligibility":{"eligible":true,"rural":true,"tractGeoid":"37141920204","tractName":"Census Tract 9202.04","designation":"eligible-for-nomination"},"source":"nc-pender-energov-37141","appraiserUrl":"https://mss.pendercountync.gov/css/citizens/RealEstate/Default.aspx?mode=new"},"geometry":{"type":"Polygon","coordinates":[[[-77.725878,34.642547],[-77.725858,34.643839],[-77.729562,34.643925],[-77.729628,34.641889],[-77.729404,34.641958],[-77.728224,34.642241],[-77.727547,34.642379],[-77.727216,34.642428],[-77.725878,34.642547]]]}},{"type":"Feature","id":"37141:3392-83-4995-0000","properties":{"id":"37141:3392-83-4995-0000","parcelId":"3392-83-4995-0000","countyFips":"37141","countyName":"Pender","state":"North Carolina","marketIds":["Wilmington"],"situsAddress":null,"situsCity":null,"situsZip":null,"jurisdictionCode":"PND","ownerName":"THE STATE OF NORTH CAROLINA","ownerName2":null,"propertyName":null,"zoningCode":"RP","zoningDistrict":"Residential Performance","jurisdictionPrefix":"PND","dorCode":null,"acreage":15.42,"centroid":[-77.674584,34.631879],"lastSale":{"date":"2007-06-06","price":null,"qualified":null},"tax":{"marketValue":35110.0,"assessedValue":null,"taxableValue":null,"taxes":null},"mailingAddress":{"line1":"1321 MAIL SERVICE CENTER","line2":null,"city":"RALEIGH","state":"NC","zip":"27699"},"incomeTract":null,"incomeBlockGroup":null,"nearestRoad":null,"flu":{"code":"Conservation","label":"Conservation","jurisdiction":"Pender County","source":"https://gis.pendercountync.gov/arcgis/rest/services/LayersPro/MapServer/35"},"opportunityZone":null,"oz2Eligibility":{"eligible":true,"rural":true,"tractGeoid":"37141920204","tractName":"Census Tract 9202.04","designation":"eligible-for-nomination"},"source":"nc-pender-energov-37141","appraiserUrl":"https://mss.pendercountync.gov/css/citizens/RealEstate/Default.aspx?mode=new"},"geometry":{"type":"MultiPolygon","coordinates":[[[[-77.673113,34.632396],[-77.673061,34.632831],[-77.674337,34.632933],[-77.674564,34.63255],[-77.674875,34.6322],[-77.675066,34.632032],[-77.675323,34.631842],[-77.675771,34.631591],[-77.675814,34.631158],[-77.675199,34.631115],[-77.675129,34.63184],[-77.674293,34.631781],[-77.674357,34.631056],[-77.673273,34.630976],[-77.673113,34.632396]]],[[[-77.675738,34.631804],[-77.675718,34.631814],[-77.675473,34.631956],[-77.675177,34.632177],[-77.674979,34.632359],[-77.674772,34.632589],[-77.674544,34.63295],[-77.673899,34.634193],[-77.6755,34.634305],[-77.675753,34.631795],[-77.675738,34.631804]]]]}},{"type":"Feature","id":"37141:3394-40-9859-0000","properties":{"id":"37141:3394-40-9859-0000","parcelId":"3394-40-9859-0000","countyFips":"37141","countyName":"Pender","state":"North Carolina","marketIds":["Wilmington"],"situsAddress":"16961 NC HWY 53 E","situsCity":null,"situsZip":null,"jurisdictionCode":"PND","ownerName":"GNAGI, STEVEN R JR","ownerName2":null,"propertyName":null,"zoningCode":"RA","zoningDistrict":"Rural Agricultural","jurisdictionPrefix":"PND","dorCode":null,"acreage":15.1,"centroid":[-77.685216,34.679756],"lastSale":{"date":"2015-08-31","price":135000.0,"qualified":null},"tax":{"marketValue":125421.0,"assessedValue":null,"taxableValue":null,"taxes":null},"mailingAddress":{"line1":"16961 NC HWY 53 EAST","line2":null,"city":"MAPLE HILL","state":"NC","zip":"28454"},"incomeTract":null,"incomeBlockGroup":null,"nearestRoad":null,"flu":{"code":"Rural Agricultural","label":"Rural Agricultural","jurisdiction":"Pender County","source":"https://gis.pendercountync.gov/arcgis/rest/services/LayersPro/MapServer/35"},"opportunityZone":null,"oz2Eligibility":{"eligible":true,"rural":true,"tractGeoid":"37141920204","tractName":"Census Tract 9202.04","designation":"eligible-for-nomination"},"source":"nc-pender-energov-37141","appraiserUrl":"https://mss.pendercountync.gov/css/citizens/RealEstate/Default.aspx?mode=new"},"geometry":{"type":"Polygon","coordinates":[[[-77.685186,34.68081],[-77.685242,34.681013],[-77.685609,34.681281],[-77.686677,34.680461],[-77.687169,34.680117],[-77.688126,34.679564],[-77.68888,34.679187],[-77.688871,34.679053],[-77.684865,34.678218],[-77.684654,34.678344],[-77.684416,34.678676],[-77.68432,34.678768],[-77.684367,34.678987],[-77.68414,34.679156],[-77.684131,34.679223],[-77.68401,34.679359],[-77.684,34.679582],[-77.683849,34.680118],[-77.684026,34.680185],[-77.684209,34.680289],[-77.684417,34.680295],[-77.684611,34.680364],[-77.684463,34.680553],[-77.684941,34.680548],[-77.685186,34.68081]]]}},{"type":"Feature","id":"37141:3384-50-4396-0000","properties":{"id":"37141:3384-50-4396-0000","parcelId":"3384-50-4396-0000","countyFips":"37141","countyName":"Pender","state":"North Carolina","marketIds":["Wilmington"],"situsAddress":"4205 NC HWY 50","situsCity":null,"situsZip":null,"jurisdictionCode":"PND","ownerName":"RAYNOR, LEON T HEIRS","ownerName2":null,"propertyName":null,"zoningCode":"RA","zoningDistrict":"Rural Agricultural","jurisdictionPrefix":"PND","dorCode":null,"acreage":15.0,"centroid":[-77.717043,34.677913],"lastSale":{"date":"1970-07-09","price":null,"qualified":null},"tax":{"marketValue":282369.0,"assessedValue":null,"taxableValue":null,"taxes":null},"mailingAddress":{"line1":"C/O MARK E RAYNOR","line2":null,"city":"MAPLE HILL","state":"NC","zip":"28454"},"incomeTract":null,"incomeBlockGroup":null,"nearestRoad":null,"flu":{"code":"Rural Agricultural","label":"Rural Agricultural","jurisdiction":"Pender County","source":"https://gis.pendercountync.gov/arcgis/rest/services/LayersPro/MapServer/35"},"opportunityZone":null,"oz2Eligibility":{"eligible":true,"rural":true,"tractGeoid":"37141920204","tractName":"Census Tract 9202.04","designation":"eligible-for-nomination"},"source":"nc-pender-energov-37141","appraiserUrl":"https://mss.pendercountync.gov/css/citizens/RealEstate/Default.aspx?mode=new"},"geometry":{"type":"Polygon","coordinates":[[[-77.716292,34.678652],[-77.716276,34.678671],[-77.716069,34.678982],[-77.71602,34.679092],[-77.716139,34.679652],[-77.716255,34.679915],[-77.716241,34.680135],[-77.719827,34.678005],[-77.719048,34.677381],[-77.718631,34.677104],[-77.718043,34.676822],[-77.717557,34.676648],[-77.717525,34.676728],[-77.717336,34.676866],[-77.717258,34.676903],[-77.716973,34.676977],[-77.716914,34.677013],[-77.716885,34.677058],[-77.716865,34.677103],[-77.716898,34.6773],[-77.71699,34.677499],[-77.716953,34.67769],[-77.71676,34.678026],[-77.71673,34.678192],[-77.716667,34.678313],[-77.7166,34.678387],[-77.716399,34.678534],[-77.716292,34.678652]]]}},{"type":"Feature","id":"37141:3384-82-2367-0000","properties":{"id":"37141:3384-82-2367-0000","parcelId":"3384-82-2367-0000","countyFips":"37141","countyName":"Pender","state":"North Carolina","marketIds":["Wilmington"],"situsAddress":null,"situsCity":null,"situsZip":null,"jurisdictionCode":"PND","ownerName":"BARNHILL, KIMBERLY P ET AL","ownerName2":null,"propertyName":null,"zoningCode":"RA","zoningDistrict":"Rural Agricultural","jurisdictionPrefix":"PND","dorCode":null,"acreage":15.0,"centroid":[-77.708922,34.683647],"lastSale":{"date":"2024-09-15","price":null,"qualified":null},"tax":{"marketValue":57000.0,"assessedValue":null,"taxableValue":null,"taxes":null},"mailingAddress":{"line1":"2125 SYCAMORE SPINGS RD","line2":null,"city":"MAPLE HILL","state":"NC","zip":"28454"},"incomeTract":null,"incomeBlockGroup":null,"nearestRoad":null,"flu":{"code":"Rural Agricultural","label":"Rural Agricultural","jurisdiction":"Pender County","source":"https://gis.pendercountync.gov/arcgis/rest/services/LayersPro/MapServer/35"},"opportunityZone":null,"oz2Eligibility":{"eligible":true,"rural":true,"tractGeoid":"37141920204","tractName":"Census Tract 9202.04","designation":"eligible-for-nomination"},"source":"nc-pender-energov-37141","appraiserUrl":"https://mss.pendercountync.gov/css/citizens/RealEstate/Default.aspx?mode=new"},"geometry":{"type":"Polygon","coordinates":[[[-77.706602,34.683881],[-77.709317,34.685432],[-77.710229,34.684523],[-77.70953,34.683681],[-77.709126,34.68316],[-77.709542,34.682796],[-77.708111,34.682059],[-77.706602,34.683881]]]}},{"type":"Feature","id":"37141:3392-38-5271-0000","properties":{"id":"37141:3392-38-5271-0000","parcelId":"3392-38-5271-0000","countyFips":"37141","countyName":"Pender","state":"North Carolina","marketIds":["Wilmington"],"situsAddress":"50 HWY OFF","situsCity":null,"situsZip":null,"jurisdictionCode":"PND","ownerName":"WOODS, KATHRYN WILLIAMS ET AL","ownerName2":null,"propertyName":null,"zoningCode":"RA","zoningDistrict":"Rural Agricultural","jurisdictionPrefix":"PND","dorCode":null,"acreage":15.0,"centroid":[-77.691135,34.645815],"lastSale":{"date":"2024-12-12","price":null,"qualified":null},"tax":{"marketValue":57000.0,"assessedValue":null,"taxableValue":null,"taxes":null},"mailingAddress":{"line1":"352 GOLDEN LEAF FARMS RD","line2":null,"city":"ANGIER","state":"NC","zip":"27501"},"incomeTract":null,"incomeBlockGroup":null,"nearestRoad":null,"flu":{"code":"Rural Agricultural","label":"Rural Agricultural","jurisdiction":"Pender County","source":"https://gis.pendercountync.gov/arcgis/rest/services/LayersPro/MapServer/35"},"opportunityZone":null,"oz2Eligibility":{"eligible":true,"rural":true,"tractGeoid":"37141920204","tractName":"Census Tract 9202.04","designation":"eligible-for-nomination"},"source":"nc-pender-energov-37141","appraiserUrl":"https://mss.pendercountync.gov/css/citizens/RealEstate/Default.aspx?mode=new"},"geometry":{"type":"Polygon","coordinates":[[[-77.688952,34.646148],[-77.689018,34.646151],[-77.694381,34.646388],[-77.694388,34.645304],[-77.688936,34.645086],[-77.688952,34.646148]]]}},{"type":"Feature","id":"37141:3393-39-2827-0000","properties":{"id":"37141:3393-39-2827-0000","parcelId":"3393-39-2827-0000","countyFips":"37141","countyName":"Pender","state":"North Carolina","marketIds":["Wilmington"],"situsAddress":null,"situsCity":null,"situsZip":null,"jurisdictionCode":"PND","ownerName":"BROWN, WHITMAN CASWELL","ownerName2":null,"propertyName":null,"zoningCode":"RA","zoningDistrict":"Rural Agricultural","jurisdictionPrefix":"PND","dorCode":null,"acreage":15.0,"centroid":[-77.691946,34.676774],"lastSale":{"date":"2013-11-05","price":null,"qualified":null},"tax":{"marketValue":3450.0,"assessedValue":null,"taxableValue":null,"taxes":null},"mailingAddress":{"line1":"300 E ARLINGTON BLVD BLVD #8","line2":null,"city":"GREENVILLE","state":"NC","zip":"27858"},"incomeTract":null,"incomeBlockGroup":null,"nearestRoad":null,"flu":{"code":"Rural Agricultural","label":"Rural Agricultural","jurisdiction":"Pender County","source":"https://gis.pendercountync.gov/arcgis/rest/services/LayersPro/MapServer/35"},"opportunityZone":null,"oz2Eligibility":{"eligible":true,"rural":true,"tractGeoid":"37141920204","tractName":"Census Tract 9202.04","designation":"eligible-for-nomination"},"source":"nc-pender-energov-37141","appraiserUrl":"https://mss.pendercountync.gov/css/citizens/RealEstate/Default.aspx?mode=new"},"geometry":{"type":"Polygon","coordinates":[[[-77.691145,34.67667],[-77.69114,34.677209],[-77.691134,34.678564],[-77.692952,34.678089],[-77.692955,34.676476],[-77.693148,34.675218],[-77.691148,34.675193],[-77.691145,34.67667]]]}},{"type":"Feature","id":"37141:3383-09-1536-0000","properties":{"id":"37141:3383-09-1536-0000","parcelId":"3383-09-1536-0000","countyFips":"37141","countyName":"Pender","state":"North Carolina","marketIds":["Wilmington"],"situsAddress":"50 HWY OFF","situsCity":null,"situsZip":null,"jurisdictionCode":"PND","ownerName":"WOOTEN, ALFRED K","ownerName2":null,"propertyName":null,"zoningCode":"RA","zoningDistrict":"Rural Agricultural","jurisdictionPrefix":"PND","dorCode":null,"acreage":15.0,"centroid":[-77.735713,34.676707],"lastSale":{"date":"2005-01-12","price":47500.0,"qualified":null},"tax":{"marketValue":53156.0,"assessedValue":null,"taxableValue":null,"taxes":null},"mailingAddress":{"line1":"PO BOX 1548","line2":null,"city":"BURGAW","state":"NC","zip":"28425"},"incomeTract":null,"incomeBlockGroup":null,"nearestRoad":null,"flu":{"code":"Rural Agricultural","label":"Rural Agricultural","jurisdiction":"Pender County","source":"https://gis.pendercountync.gov/arcgis/rest/services/LayersPro/MapServer/35"},"opportunityZone":null,"oz2Eligibility":{"eligible":true,"rural":true,"tractGeoid":"37141920204","tractName":"Census Tract 9202.04","designation":"eligible-for-nomination"},"source":"nc-pender-energov-37141","appraiserUrl":"https://mss.pendercountync.gov/css/citizens/RealEstate/Default.aspx?mode=new"},"geometry":{"type":"Polygon","coordinates":[[[-77.734373,34.674801],[-77.734872,34.677537],[-77.736947,34.678823],[-77.737742,34.678347],[-77.73605,34.676364],[-77.734295,34.67437],[-77.734373,34.674801]]]}},{"type":"Feature","id":"37141:3384-30-7403-0000","properties":{"id":"37141:3384-30-7403-0000","parcelId":"3384-30-7403-0000","countyFips":"37141","countyName":"Pender","state":"North Carolina","marketIds":["Wilmington"],"situsAddress":"4030 NC 50 HWY","situsCity":null,"situsZip":null,"jurisdictionCode":"PND","ownerName":"KELLY, WANDA NOBLE","ownerName2":null,"propertyName":null,"zoningCode":"RA","zoningDistrict":"Rural Agricultural","jurisdictionPrefix":"PND","dorCode":null,"acreage":14.96,"centroid":[-77.723312,34.678778],"lastSale":{"date":"2002-05-14","price":null,"qualified":null},"tax":{"marketValue":56930.0,"assessedValue":null,"taxableValue":null,"taxes":null},"mailingAddress":{"line1":"PO BOX 476","line2":null,"city":"ATKINSON","state":"NC","zip":"28421"},"incomeTract":null,"incomeBlockGroup":null,"nearestRoad":null,"flu":{"code":"Rural Agricultural","label":"Rural Agricultural","jurisdiction":"Pender County","source":"https://gis.pendercountync.gov/arcgis/rest/services/LayersPro/MapServer/35"},"opportunityZone":null,"oz2Eligibility":{"eligible":true,"rural":true,"tractGeoid":"37141920204","tractName":"Census Tract 9202.04","designation":"eligible-for-nomination"},"source":"nc-pender-energov-37141","appraiserUrl":"https://mss.pendercountync.gov/css/citizens/RealEstate/Default.aspx?mode=new"},"geometry":{"type":"Polygon","coordinates":[[[-77.721267,34.679755],[-77.721525,34.680242],[-77.722317,34.679831],[-77.727195,34.677065],[-77.726722,34.676454],[-77.721953,34.67879],[-77.722202,34.67931],[-77.721267,34.679755]]]}},{"type":"Feature","id":"37141:3394-54-8214-0000","properties":{"id":"37141:3394-54-8214-0000","parcelId":"3394-54-8214-0000","countyFips":"37141","countyName":"Pender","state":"North Carolina","marketIds":["Wilmington"],"situsAddress":"17706 NC HWY 53 E","situsCity":null,"situsZip":null,"jurisdictionCode":"PND","ownerName":"FOY, MARY B LIFE ESTATE","ownerName2":null,"propertyName":null,"zoningCode":"RA","zoningDistrict":"Rural Agricultural","jurisdictionPrefix":"PND","dorCode":null,"acreage":14.75,"centroid":[-77.684475,34.688816],"lastSale":{"date":"2023-12-06","price":null,"qualified":null},"tax":{"marketValue":37574.0,"assessedValue":null,"taxableValue":null,"taxes":null},"mailingAddress":{"line1":"17706 NC HWY 53 E","line2":null,"city":"MAPLE HILL","state":"NC","zip":"28454"},"incomeTract":null,"incomeBlockGroup":null,"nearestRoad":null,"flu":{"code":"Rural Agricultural","label":"Rural Agricultural","jurisdiction":"Pender County","source":"https://gis.pendercountync.gov/arcgis/rest/services/LayersPro/MapServer/35"},"opportunityZone":null,"oz2Eligibility":{"eligible":true,"rural":true,"tractGeoid":"37141920204","tractName":"Census Tract 9202.04","designation":"eligible-for-nomination"},"source":"nc-pender-energov-37141","appraiserUrl":"https://mss.pendercountync.gov/css/citizens/RealEstate/Default.aspx?mode=new"},"geometry":{"type":"Polygon","coordinates":[[[-77.678264,34.687146],[-77.678288,34.687155],[-77.686006,34.69024],[-77.686057,34.690165],[-77.686106,34.689997],[-77.686156,34.689905],[-77.686279,34.689728],[-77.686508,34.689486],[-77.686709,34.68913],[-77.686708,34.689064],[-77.686657,34.688984],[-77.686647,34.688858],[-77.686458,34.688812],[-77.686408,34.688741],[-77.686271,34.68862],[-77.683312,34.688343],[-77.679257,34.687328],[-77.678462,34.686991],[-77.678264,34.687146]]]}},{"type":"Feature","id":"37141:3393-35-3522-0000","properties":{"id":"37141:3393-35-3522-0000","parcelId":"3393-35-3522-0000","countyFips":"37141","countyName":"Pender","state":"North Carolina","marketIds":["Wilmington"],"situsAddress":"291 OLD MAPLE HILL RD N","situsCity":null,"situsZip":null,"jurisdictionCode":"PND","ownerName":"TAT ENTERPRISES LLC","ownerName2":null,"propertyName":null,"zoningCode":"RA","zoningDistrict":"Rural Agricultural","jurisdictionPrefix":"PND","dorCode":null,"acreage":14.66,"centroid":[-77.691884,34.664373],"lastSale":{"date":"2006-07-05","price":84000.0,"qualified":null},"tax":{"marketValue":69477.0,"assessedValue":null,"taxableValue":null,"taxes":null},"mailingAddress":{"line1":"2215 WASHINGTON ACRES RD","line2":null,"city":"HAMPSTEAD","state":"NC","zip":"28443"},"incomeTract":null,"incomeBlockGroup":null,"nearestRoad":null,"flu":{"code":"Rural Agricultural","label":"Rural Agricultural","jurisdiction":"Pender County","source":"https://gis.pendercountync.gov/arcgis/rest/services/LayersPro/MapServer/35"},"opportunityZone":null,"oz2Eligibility":{"eligible":true,"rural":true,"tractGeoid":"37141920204","tractName":"Census Tract 9202.04","designation":"eligible-for-nomination"},"source":"nc-pender-energov-37141","appraiserUrl":"https://mss.pendercountync.gov/css/citizens/RealEstate/Default.aspx?mode=new"},"geometry":{"type":"Polygon","coordinates":[[[-77.69013,34.664876],[-77.692845,34.666525],[-77.69368,34.664696],[-77.692503,34.663957],[-77.691569,34.663322],[-77.691318,34.663529],[-77.69114,34.663705],[-77.69013,34.664876]]]}},{"type":"Feature","id":"37141:3394-85-3942-0000","properties":{"id":"37141:3394-85-3942-0000","parcelId":"3394-85-3942-0000","countyFips":"37141","countyName":"Pender","state":"North Carolina","marketIds":["Wilmington"],"situsAddress":"18138 NC HWY 53 E","situsCity":null,"situsZip":null,"jurisdictionCode":"PND","ownerName":"JAMES, GEORGE MCCARTHUR JR","ownerName2":null,"propertyName":null,"zoningCode":"RA","zoningDistrict":"Rural Agricultural","jurisdictionPrefix":"PND","dorCode":null,"acreage":14.63,"centroid":[-77.674848,34.693291],"lastSale":{"date":null,"price":null,"qualified":null},"tax":{"marketValue":167486.0,"assessedValue":null,"taxableValue":null,"taxes":null},"mailingAddress":{"line1":"18138 HWY 53 3","line2":null,"city":"MAPLE HILL","state":"NC","zip":"28454"},"incomeTract":null,"incomeBlockGroup":null,"nearestRoad":null,"flu":{"code":"Rural Agricultural","label":"Rural Agricultural","jurisdiction":"Pender County","source":"https://gis.pendercountync.gov/arcgis/rest/services/LayersPro/MapServer/35"},"opportunityZone":null,"oz2Eligibility":{"eligible":true,"rural":true,"tractGeoid":"37141920204","tractName":"Census Tract 9202.04","designation":"eligible-for-nomination"},"source":"nc-pender-energov-37141","appraiserUrl":"https://mss.pendercountync.gov/css/citizens/RealEstate/Default.aspx?mode=new"},"geometry":{"type":"Polygon","coordinates":[[[-77.672747,34.691364],[-77.674033,34.693347],[-77.675932,34.694539],[-77.67598,34.694758],[-77.677346,34.694616],[-77.673048,34.691122],[-77.672747,34.691364]]]}},{"type":"Feature","id":"37141:3384-13-5058-0000","properties":{"id":"37141:3384-13-5058-0000","parcelId":"3384-13-5058-0000","countyFips":"37141","countyName":"Pender","state":"North Carolina","marketIds":["Wilmington"],"situsAddress":null,"situsCity":null,"situsZip":null,"jurisdictionCode":"PND","ownerName":"ROBINSON, KELLY BROWN","ownerName2":null,"propertyName":null,"zoningCode":"RA","zoningDistrict":"Rural Agricultural","jurisdictionPrefix":"PND","dorCode":null,"acreage":14.54,"centroid":[-77.731327,34.685488],"lastSale":{"date":"2025-01-16","price":null,"qualified":null},"tax":{"marketValue":11299.0,"assessedValue":null,"taxableValue":null,"taxes":null},"mailingAddress":{"line1":"816 PEPPERVINE AVE","line2":null,"city":"SAINT JOHNS","state":"FL","zip":"32259"},"incomeTract":null,"incomeBlockGroup":null,"nearestRoad":null,"flu":{"code":"Rural Agricultural","label":"Rural Agricultural","jurisdiction":"Pender County","source":"https://gis.pendercountync.gov/arcgis/rest/services/LayersPro/MapServer/35"},"opportunityZone":null,"oz2Eligibility":{"eligible":true,"rural":true,"tractGeoid":"37141920204","tractName":"Census Tract 9202.04","designation":"eligible-for-nomination"},"source":"nc-pender-energov-37141","appraiserUrl":"https://mss.pendercountync.gov/css/citizens/RealEstate/Default.aspx?mode=new"},"geometry":{"type":"Polygon","coordinates":[[[-77.729181,34.685618],[-77.729196,34.685632],[-77.730437,34.68678],[-77.73274,34.68619],[-77.732449,34.685635],[-77.732871,34.685474],[-77.732607,34.684957],[-77.732038,34.684093],[-77.730424,34.685016],[-77.729181,34.685618]]]}},{"type":"Feature","id":"37141:3394-64-0436-0000","properties":{"id":"37141:3394-64-0436-0000","parcelId":"3394-64-0436-0000","countyFips":"37141","countyName":"Pender","state":"North Carolina","marketIds":["Wilmington"],"situsAddress":"53 HWY","situsCity":null,"situsZip":null,"jurisdictionCode":"PND","ownerName":"FOY, MARY B LIFE ESTATE","ownerName2":null,"propertyName":null,"zoningCode":"RA","zoningDistrict":"Rural Agricultural","jurisdictionPrefix":"PND","dorCode":null,"acreage":14.5,"centroid":[-77.683141,34.689667],"lastSale":{"date":"2023-12-06","price":null,"qualified":null},"tax":{"marketValue":32089.0,"assessedValue":null,"taxableValue":null,"taxes":null},"mailingAddress":{"line1":"17706 NC HWY 53 E","line2":null,"city":"MAPLE HILL","state":"NC","zip":"28454"},"incomeTract":null,"incomeBlockGroup":null,"nearestRoad":null,"flu":{"code":"Rural Agricultural","label":"Rural Agricultural","jurisdiction":"Pender County","source":"https://gis.pendercountync.gov/arcgis/rest/services/LayersPro/MapServer/35"},"opportunityZone":null,"oz2Eligibility":{"eligible":true,"rural":true,"tractGeoid":"37141920204","tractName":"Census Tract 9202.04","designation":"eligible-for-nomination"},"source":"nc-pender-energov-37141","appraiserUrl":"https://mss.pendercountync.gov/css/citizens/RealEstate/Default.aspx?mode=new"},"geometry":{"type":"Polygon","coordinates":[[[-77.678078,34.687291],[-77.678096,34.687301],[-77.6855,34.691295],[-77.685482,34.691201],[-77.685491,34.691108],[-77.685658,34.690828],[-77.685696,34.690595],[-77.686006,34.69024],[-77.678264,34.687146],[-77.678078,34.687291]]]}},{"type":"Feature","id":"37141:3394-64-1688-0000","properties":{"id":"37141:3394-64-1688-0000","parcelId":"3394-64-1688-0000","countyFips":"37141","countyName":"Pender","state":"North Carolina","marketIds":["Wilmington"],"situsAddress":"17756 NC HWY 53 E","situsCity":null,"situsZip":null,"jurisdictionCode":"PND","ownerName":"FOY, MARY B LIFE ESTATE","ownerName2":null,"propertyName":null,"zoningCode":"RA","zoningDistrict":"Rural Agricultural","jurisdictionPrefix":"PND","dorCode":null,"acreage":14.5,"centroid":[-77.6833,34.690499],"lastSale":{"date":"2023-12-06","price":null,"qualified":null},"tax":{"marketValue":51563.0,"assessedValue":null,"taxableValue":null,"taxes":null},"mailingAddress":{"line1":"17706 NC HWY 53 E","line2":null,"city":"MAPLE HILL","state":"NC","zip":"28454"},"incomeTract":null,"incomeBlockGroup":null,"nearestRoad":null,"flu":{"code":"Rural Agricultural","label":"Rural Agricultural","jurisdiction":"Pender County","source":"https://gis.pendercountync.gov/arcgis/rest/services/LayersPro/MapServer/35"},"opportunityZone":null,"oz2Eligibility":{"eligible":true,"rural":true,"tractGeoid":"37141920204","tractName":"Census Tract 9202.04","designation":"eligible-for-nomination"},"source":"nc-pender-energov-37141","appraiserUrl":"https://mss.pendercountync.gov/css/citizens/RealEstate/Default.aspx?mode=new"},"geometry":{"type":"Polygon","coordinates":[[[-77.677884,34.687444],[-77.677901,34.687455],[-77.684734,34.692173],[-77.685081,34.691976],[-77.685277,34.691826],[-77.685336,34.691739],[-77.685414,34.691502],[-77.685543,34.691419],[-77.685548,34.691372],[-77.6855,34.691295],[-77.678078,34.687291],[-77.677884,34.687444]]]}},{"type":"Feature","id":"37141:3394-64-2991-0000","properties":{"id":"37141:3394-64-2991-0000","parcelId":"3394-64-2991-0000","countyFips":"37141","countyName":"Pender","state":"North Carolina","marketIds":["Wilmington"],"situsAddress":"17760 HWY 53","situsCity":null,"situsZip":null,"jurisdictionCode":"PND","ownerName":"FOY, MARY B LIFE ESTATE","ownerName2":null,"propertyName":null,"zoningCode":"RA","zoningDistrict":"Rural Agricultural","jurisdictionPrefix":"PND","dorCode":null,"acreage":14.5,"centroid":[-77.683461,34.691952],"lastSale":{"date":"2023-12-06","price":null,"qualified":null},"tax":{"marketValue":29659.0,"assessedValue":null,"taxableValue":null,"taxes":null},"mailingAddress":{"line1":"17706 HWY 53","line2":null,"city":"MAPLE HILL","state":"NC","zip":"28454"},"incomeTract":null,"incomeBlockGroup":null,"nearestRoad":null,"flu":{"code":"Rural Agricultural","label":"Rural Agricultural","jurisdiction":"Pender County","source":"https://gis.pendercountync.gov/arcgis/rest/services/LayersPro/MapServer/35"},"opportunityZone":null,"oz2Eligibility":{"eligible":true,"rural":true,"tractGeoid":"37141920204","tractName":"Census Tract 9202.04","designation":"eligible-for-nomination"},"source":"nc-pender-energov-37141","appraiserUrl":"https://mss.pendercountync.gov/css/citizens/RealEstate/Default.aspx?mode=new"},"geometry":{"type":"Polygon","coordinates":[[[-77.68175,34.691028],[-77.682147,34.691361],[-77.684481,34.693326],[-77.684537,34.693261],[-77.684708,34.693136],[-77.684727,34.69309],[-77.684719,34.693036],[-77.684625,34.692965],[-77.684571,34.692885],[-77.684534,34.692615],[-77.68443,34.692431],[-77.684412,34.692328],[-77.684419,34.692274],[-77.684471,34.692232],[-77.684734,34.692173],[-77.677884,34.687444],[-77.677682,34.687602],[-77.68175,34.691028]]]}},{"type":"Feature","id":"37141:3394-83-2681-0000","properties":{"id":"37141:3394-83-2681-0000","parcelId":"3394-83-2681-0000","countyFips":"37141","countyName":"Pender","state":"North Carolina","marketIds":["Wilmington"],"situsAddress":null,"situsCity":null,"situsZip":null,"jurisdictionCode":"PND","ownerName":"BROWN, BODGE WEBSTER","ownerName2":null,"propertyName":null,"zoningCode":"RA","zoningDistrict":"Rural Agricultural","jurisdictionPrefix":"PND","dorCode":null,"acreage":14.5,"centroid":[-77.673822,34.685924],"lastSale":{"date":null,"price":null,"qualified":null},"tax":{"marketValue":56125.0,"assessedValue":null,"taxableValue":null,"taxes":null},"mailingAddress":{"line1":"1620 CROMER ROAD","line2":null,"city":"KING","state":"NC","zip":"27021"},"incomeTract":null,"incomeBlockGroup":null,"nearestRoad":null,"flu":{"code":"Rural Agricultural","label":"Rural Agricultural","jurisdiction":"Pender County","source":"https://gis.pendercountync.gov/arcgis/rest/services/LayersPro/MapServer/35"},"opportunityZone":null,"oz2Eligibility":{"eligible":true,"rural":true,"tractGeoid":"37141920204","tractName":"Census Tract 9202.04","designation":"eligible-for-nomination"},"source":"nc-pender-energov-37141","appraiserUrl":"https://mss.pendercountync.gov/css/citizens/RealEstate/Default.aspx?mode=new"},"geometry":{"type":"Polygon","coordinates":[[[-77.675917,34.688568],[-77.676074,34.688448],[-77.677511,34.687361],[-77.67666,34.686599],[-77.67584,34.687217],[-77.674312,34.685827],[-77.67435,34.685798],[-77.673384,34.684834],[-77.673302,34.684894],[-77.673323,34.685019],[-77.673187,34.685013],[-77.673088,34.685146],[-77.672934,34.685224],[-77.673011,34.685392],[-77.672863,34.685494],[-77.672753,34.685432],[-77.672573,34.685527],[-77.672561,34.685573],[-77.672607,34.685692],[-77.672749,34.685813],[-77.672927,34.685762],[-77.672998,34.685792],[-77.672992,34.685836],[-77.675917,34.688568]]]}},{"type":"Feature","id":"37141:3392-26-4009-0000","properties":{"id":"37141:3392-26-4009-0000","parcelId":"3392-26-4009-0000","countyFips":"37141","countyName":"Pender","state":"North Carolina","marketIds":["Wilmington"],"situsAddress":null,"situsCity":null,"situsZip":null,"jurisdictionCode":"PND","ownerName":"WOOTEN, GLENDA H","ownerName2":null,"propertyName":null,"zoningCode":"RA","zoningDistrict":"Rural Agricultural","jurisdictionPrefix":"PND","dorCode":null,"acreage":14.46,"centroid":[-77.695386,34.638879],"lastSale":{"date":null,"price":null,"qualified":null},"tax":{"marketValue":3326.0,"assessedValue":null,"taxableValue":null,"taxes":null},"mailingAddress":{"line1":"210 OLD MAPLE HILL RD","line2":null,"city":"MAPLE HILL","state":"NC","zip":"28454"},"incomeTract":null,"incomeBlockGroup":null,"nearestRoad":null,"flu":{"code":"Rural Agricultural","label":"Rural Agricultural","jurisdiction":"Pender County","source":"https://gis.pendercountync.gov/arcgis/rest/services/LayersPro/MapServer/35"},"opportunityZone":null,"oz2Eligibility":{"eligible":true,"rural":true,"tractGeoid":"37141920204","tractName":"Census Tract 9202.04","designation":"eligible-for-nomination"},"source":"nc-pender-energov-37141","appraiserUrl":"https://mss.pendercountync.gov/css/citizens/RealEstate/Default.aspx?mode=new"},"geometry":{"type":"Polygon","coordinates":[[[-77.694473,34.639968],[-77.696602,34.64012],[-77.696599,34.637777],[-77.696312,34.637742],[-77.694188,34.637722],[-77.694143,34.639945],[-77.694473,34.639968]]]}},{"type":"Feature","id":"37141:3383-49-0438-0000","properties":{"id":"37141:3383-49-0438-0000","parcelId":"3383-49-0438-0000","countyFips":"37141","countyName":"Pender","state":"North Carolina","marketIds":["Wilmington"],"situsAddress":"4164 NC HWY 50","situsCity":null,"situsZip":null,"jurisdictionCode":"PND","ownerName":"RAYNOR, LEON T HEIRS","ownerName2":null,"propertyName":null,"zoningCode":"RA","zoningDistrict":"Rural Agricultural","jurisdictionPrefix":"PND","dorCode":null,"acreage":14.35,"centroid":[-77.721832,34.676278],"lastSale":{"date":"2004-01-07","price":9000.0,"qualified":null},"tax":{"marketValue":90863.0,"assessedValue":null,"taxableValue":null,"taxes":null},"mailingAddress":{"line1":"C/O MARK E RAYNOR","line2":null,"city":"MAPLE HILL","state":"NC","zip":"28454"},"incomeTract":null,"incomeBlockGroup":null,"nearestRoad":null,"flu":{"code":"Rural Agricultural","label":"Rural Agricultural","jurisdiction":"Pender County","source":"https://gis.pendercountync.gov/arcgis/rest/services/LayersPro/MapServer/35"},"opportunityZone":null,"oz2Eligibility":{"eligible":true,"rural":true,"tractGeoid":"37141920204","tractName":"Census Tract 9202.04","designation":"eligible-for-nomination"},"source":"nc-pender-energov-37141","appraiserUrl":"https://mss.pendercountync.gov/css/citizens/RealEstate/Default.aspx?mode=new"},"geometry":{"type":"Polygon","coordinates":[[[-77.719489,34.677504],[-77.719495,34.677509],[-77.719959,34.677893],[-77.722066,34.676682],[-77.725263,34.6748],[-77.725165,34.674654],[-77.724451,34.67389],[-77.720334,34.676825],[-77.720268,34.676741],[-77.719489,34.677504]]]}},{"type":"Feature","id":"37141:4303-18-1773-0000","properties":{"id":"37141:4303-18-1773-0000","parcelId":"4303-18-1773-0000","countyFips":"37141","countyName":"Pender","state":"North Carolina","marketIds":["Wilmington"],"situsAddress":"143 JOHN PICKETT RD","situsCity":null,"situsZip":null,"jurisdictionCode":"PND","ownerName":"WILLIAMS, CHARLIE HEIRS","ownerName2":null,"propertyName":null,"zoningCode":"RP","zoningDistrict":"Residential Performance","jurisdictionPrefix":"PND","dorCode":null,"acreage":14.15,"centroid":[-77.665192,34.672975],"lastSale":{"date":null,"price":null,"qualified":null},"tax":{"marketValue":45256.0,"assessedValue":null,"taxableValue":null,"taxes":null},"mailingAddress":{"line1":"C/O ELYIAH WILLIAMS","line2":null,"city":"REIDSVILLE","state":"NC","zip":"27320"},"incomeTract":null,"incomeBlockGroup":null,"nearestRoad":null,"flu":{"code":"Rural Agricultural","label":"Rural Agricultural","jurisdiction":"Pender County","source":"https://gis.pendercountync.gov/arcgis/rest/services/LayersPro/MapServer/35"},"opportunityZone":null,"oz2Eligibility":{"eligible":true,"rural":true,"tractGeoid":"37141920204","tractName":"Census Tract 9202.04","designation":"eligible-for-nomination"},"source":"nc-pender-energov-37141","appraiserUrl":"https://mss.pendercountync.gov/css/citizens/RealEstate/Default.aspx?mode=new"},"geometry":{"type":"Polygon","coordinates":[[[-77.66544,34.671587],[-77.664611,34.671656],[-77.664477,34.671667],[-77.664656,34.673459],[-77.664887,34.675444],[-77.665422,34.675548],[-77.666854,34.671465],[-77.66544,34.671587]]]}},{"type":"Feature","id":"37141:3394-43-7618-0000","properties":{"id":"37141:3394-43-7618-0000","parcelId":"3394-43-7618-0000","countyFips":"37141","countyName":"Pender","state":"North Carolina","marketIds":["Wilmington"],"situsAddress":null,"situsCity":null,"situsZip":null,"jurisdictionCode":"PND","ownerName":"BERTRAND, MICHAEL G","ownerName2":null,"propertyName":null,"zoningCode":"RA","zoningDistrict":"Rural Agricultural","jurisdictionPrefix":"PND","dorCode":null,"acreage":14.0,"centroid":[-77.686698,34.686773],"lastSale":{"date":"2013-04-02","price":31000.0,"qualified":null},"tax":{"marketValue":55250.0,"assessedValue":null,"taxableValue":null,"taxes":null},"mailingAddress":{"line1":"404 SHERWOOD RD","line2":null,"city":"JACKSONVILLE","state":"NC","zip":"28540"},"incomeTract":null,"incomeBlockGroup":null,"nearestRoad":null,"flu":{"code":"Rural Agricultural","label":"Rural Agricultural","jurisdiction":"Pender County","source":"https://gis.pendercountync.gov/arcgis/rest/services/LayersPro/MapServer/35"},"opportunityZone":null,"oz2Eligibility":{"eligible":true,"rural":true,"tractGeoid":"37141920204","tractName":"Census Tract 9202.04","designation":"eligible-for-nomination"},"source":"nc-pender-energov-37141","appraiserUrl":"https://mss.pendercountync.gov/css/citizens/RealEstate/Default.aspx?mode=new"},"geometry":{"type":"Polygon","coordinates":[[[-77.685804,34.686879],[-77.685815,34.686884],[-77.685876,34.686925],[-77.685869,34.686961],[-77.685655,34.687012],[-77.685588,34.687081],[-77.685597,34.687166],[-77.685694,34.687372],[-77.686261,34.687517],[-77.686569,34.687855],[-77.686403,34.688095],[-77.686361,34.688194],[-77.689056,34.688003],[-77.688984,34.687643],[-77.688965,34.687357],[-77.688979,34.686946],[-77.689041,34.686657],[-77.688063,34.686899],[-77.687678,34.684836],[-77.686485,34.68458],[-77.68649,34.685437],[-77.686542,34.685591],[-77.686774,34.686042],[-77.68681,34.68618],[-77.686805,34.686275],[-77.686728,34.686391],[-77.686537,34.686473],[-77.686414,34.686623],[-77.686314,34.686692],[-77.686199,34.68672],[-77.686012,34.686687],[-77.685926,34.68669],[-77.685723,34.686791],[-77.685728,34.68683],[-77.685804,34.686879]]]}},{"type":"Feature","id":"37141:4302-44-9933-0000","properties":{"id":"37141:4302-44-9933-0000","parcelId":"4302-44-9933-0000","countyFips":"37141","countyName":"Pender","state":"North Carolina","marketIds":["Wilmington"],"situsAddress":null,"situsCity":null,"situsZip":null,"jurisdictionCode":"PND","ownerName":"WILLIAMS, MARTHA HEIRS","ownerName2":null,"propertyName":null,"zoningCode":"RA","zoningDistrict":"Rural Agricultural","jurisdictionPrefix":"PND","dorCode":null,"acreage":14.0,"centroid":[-77.653441,34.635499],"lastSale":{"date":"2003-01-24","price":null,"qualified":null},"tax":{"marketValue":55250.0,"assessedValue":null,"taxableValue":null,"taxes":null},"mailingAddress":{"line1":"C/O MAMIE LOFTIN","line2":null,"city":"MAPLE HILL","state":"NC","zip":"28454"},"incomeTract":null,"incomeBlockGroup":null,"nearestRoad":null,"flu":{"code":"Rural Agricultural","label":"Rural Agricultural","jurisdiction":"Pender County","source":"https://gis.pendercountync.gov/arcgis/rest/services/LayersPro/MapServer/35"},"opportunityZone":null,"oz2Eligibility":{"eligible":true,"rural":true,"tractGeoid":"37141920204","tractName":"Census Tract 9202.04","designation":"eligible-for-nomination"},"source":"nc-pender-energov-37141","appraiserUrl":"https://mss.pendercountync.gov/css/citizens/RealEstate/Default.aspx?mode=new"},"geometry":{"type":"Polygon","coordinates":[[[-77.65291,34.636186],[-77.652928,34.636907],[-77.653447,34.63674],[-77.653233,34.63615],[-77.65313,34.636161],[-77.653049,34.635685],[-77.653434,34.63564],[-77.653514,34.636115],[-77.653605,34.636103],[-77.653949,34.636621],[-77.654325,34.636553],[-77.654097,34.633368],[-77.654066,34.633396],[-77.653087,34.633527],[-77.65284,34.633326],[-77.65291,34.636186]]]}},{"type":"Feature","id":"37141:3393-15-9219-0000","properties":{"id":"37141:3393-15-9219-0000","parcelId":"3393-15-9219-0000","countyFips":"37141","countyName":"Pender","state":"North Carolina","marketIds":["Wilmington"],"situsAddress":"50 HWY","situsCity":null,"situsZip":null,"jurisdictionCode":"PND","ownerName":"LANIER, BERTICE","ownerName2":null,"propertyName":null,"zoningCode":"RA","zoningDistrict":"Rural Agricultural","jurisdictionPrefix":"PND","dorCode":null,"acreage":13.67,"centroid":[-77.696145,34.663714],"lastSale":{"date":"2003-10-17","price":10000.0,"qualified":null},"tax":{"marketValue":59175.0,"assessedValue":null,"taxableValue":null,"taxes":null},"mailingAddress":{"line1":"5790 NC HWY 50","line2":null,"city":"MAPLE HILL","state":"NC","zip":"28454"},"incomeTract":null,"incomeBlockGroup":null,"nearestRoad":null,"flu":{"code":"Rural Agricultural","label":"Rural Agricultural","jurisdiction":"Pender County","source":"https://gis.pendercountync.gov/arcgis/rest/services/LayersPro/MapServer/35"},"opportunityZone":null,"oz2Eligibility":{"eligible":true,"rural":true,"tractGeoid":"37141920204","tractName":"Census Tract 9202.04","designation":"eligible-for-nomination"},"source":"nc-pender-energov-37141","appraiserUrl":"https://mss.pendercountync.gov/css/citizens/RealEstate/Default.aspx?mode=new"},"geometry":{"type":"Polygon","coordinates":[[[-77.695062,34.663059],[-77.69479,34.66338],[-77.69368,34.664696],[-77.69861,34.66468],[-77.697665,34.664225],[-77.698152,34.663667],[-77.697755,34.663492],[-77.698157,34.663016],[-77.697564,34.662733],[-77.69667,34.663792],[-77.695071,34.663049],[-77.695062,34.663059]]]}},{"type":"Feature","id":"37141:3372-78-3005-0000","properties":{"id":"37141:3372-78-3005-0000","parcelId":"3372-78-3005-0000","countyFips":"37141","countyName":"Pender","state":"North Carolina","marketIds":["Wilmington"],"situsAddress":"53 HWY","situsCity":null,"situsZip":null,"jurisdictionCode":"PND","ownerName":"COVIL, NORMA JEAN WATTS","ownerName2":null,"propertyName":null,"zoningCode":"RA","zoningDistrict":"Rural Agricultural","jurisdictionPrefix":"PND","dorCode":null,"acreage":13.63,"centroid":[-77.745165,34.6445],"lastSale":{"date":"2005-10-14","price":null,"qualified":null},"tax":{"marketValue":43222.0,"assessedValue":null,"taxableValue":null,"taxes":null},"mailingAddress":{"line1":"2261 WHISKEY  BRANCH ROAD","line2":null,"city":"WILMINGTON","state":"NC","zip":"28409"},"incomeTract":null,"incomeBlockGroup":null,"nearestRoad":null,"flu":{"code":"Rural Agricultural","label":"Rural Agricultural","jurisdiction":"Pender County","source":"https://gis.pendercountync.gov/arcgis/rest/services/LayersPro/MapServer/35"},"opportunityZone":null,"oz2Eligibility":{"eligible":true,"rural":true,"tractGeoid":"37141920204","tractName":"Census Tract 9202.04","designation":"eligible-for-nomination"},"source":"nc-pender-energov-37141","appraiserUrl":"https://mss.pendercountync.gov/css/citizens/RealEstate/Default.aspx?mode=new"},"geometry":{"type":"MultiPolygon","coordinates":[[[[-77.744574,34.643814],[-77.744473,34.643954],[-77.743941,34.644689],[-77.746791,34.646094],[-77.7466,34.644685],[-77.744611,34.643764],[-77.744574,34.643814]]],[[[-77.742148,34.643085],[-77.741972,34.643721],[-77.743652,34.644551],[-77.744328,34.643622],[-77.742272,34.642644],[-77.742148,34.643085]]]]}},{"type":"Feature","id":"37141:3393-55-5631-0000","properties":{"id":"37141:3393-55-5631-0000","parcelId":"3393-55-5631-0000","countyFips":"37141","countyName":"Pender","state":"North Carolina","marketIds":["Wilmington"],"situsAddress":null,"situsCity":null,"situsZip":null,"jurisdictionCode":"PND","ownerName":"JAMES, WASHINGTON I III","ownerName2":null,"propertyName":null,"zoningCode":"RA","zoningDistrict":"Rural Agricultural","jurisdictionPrefix":"PND","dorCode":null,"acreage":13.55,"centroid":[-77.683504,34.664765],"lastSale":{"date":"2022-07-28","price":null,"qualified":null},"tax":{"marketValue":37097.0,"assessedValue":null,"taxableValue":null,"taxes":null},"mailingAddress":{"line1":"1804 MEHRENS COURT","line2":null,"city":"HAMPTON","state":"VA","zip":"23663"},"incomeTract":null,"incomeBlockGroup":null,"nearestRoad":null,"flu":{"code":"Rural Agricultural","label":"Rural Agricultural","jurisdiction":"Pender County","source":"https://gis.pendercountync.gov/arcgis/rest/services/LayersPro/MapServer/35"},"opportunityZone":null,"oz2Eligibility":{"eligible":true,"rural":true,"tractGeoid":"37141920204","tractName":"Census Tract 9202.04","designation":"eligible-for-nomination"},"source":"nc-pender-energov-37141","appraiserUrl":"https://mss.pendercountync.gov/css/citizens/RealEstate/Default.aspx?mode=new"},"geometry":{"type":"Polygon","coordinates":[[[-77.681742,34.664647],[-77.686323,34.665846],[-77.688586,34.666438],[-77.689354,34.665522],[-77.682069,34.664046],[-77.682055,34.664108],[-77.681836,34.664164],[-77.681682,34.664259],[-77.681577,34.664391],[-77.681591,34.664449],[-77.681728,34.664546],[-77.681742,34.664647]]]}},{"type":"Feature","id":"37141:4302-24-6408-0000","properties":{"id":"37141:4302-24-6408-0000","parcelId":"4302-24-6408-0000","countyFips":"37141","countyName":"Pender","state":"North Carolina","marketIds":["Wilmington"],"situsAddress":null,"situsCity":null,"situsZip":null,"jurisdictionCode":"PND","ownerName":"WATSON, ROBERT STEVEN","ownerName2":null,"propertyName":null,"zoningCode":"RA","zoningDistrict":"Rural Agricultural","jurisdictionPrefix":"PND","dorCode":null,"acreage":13.4,"centroid":[-77.661744,34.634278],"lastSale":{"date":"2024-01-25","price":40000.0,"qualified":null},"tax":{"marketValue":54200.0,"assessedValue":null,"taxableValue":null,"taxes":null},"mailingAddress":{"line1":"58 EXCALIBUR PT","line2":null,"city":"HAMPSTEAD","state":"NC","zip":"28443"},"incomeTract":null,"incomeBlockGroup":null,"nearestRoad":null,"flu":{"code":"Rural Agricultural","label":"Rural Agricultural","jurisdiction":"Pender County","source":"https://gis.pendercountync.gov/arcgis/rest/services/LayersPro/MapServer/35"},"opportunityZone":null,"oz2Eligibility":{"eligible":true,"rural":true,"tractGeoid":"37141920204","tractName":"Census Tract 9202.04","designation":"eligible-for-nomination"},"source":"nc-pender-energov-37141","appraiserUrl":"https://mss.pendercountync.gov/css/citizens/RealEstate/Default.aspx?mode=new"},"geometry":{"type":"Polygon","coordinates":[[[-77.661621,34.634944],[-77.662028,34.634911],[-77.662094,34.635883],[-77.662502,34.63585],[-77.662291,34.633072],[-77.662129,34.633091],[-77.661645,34.633376],[-77.660592,34.632359],[-77.660795,34.635012],[-77.661621,34.634944]]]}},{"type":"Feature","id":"37141:3372-78-4940-0000","properties":{"id":"37141:3372-78-4940-0000","parcelId":"3372-78-4940-0000","countyFips":"37141","countyName":"Pender","state":"North Carolina","marketIds":["Wilmington"],"situsAddress":"53 HWY","situsCity":null,"situsZip":null,"jurisdictionCode":"PND","ownerName":"CASTLEBERRY, TERRY LEE","ownerName2":null,"propertyName":null,"zoningCode":"RA","zoningDistrict":"Rural Agricultural","jurisdictionPrefix":"PND","dorCode":null,"acreage":13.32,"centroid":[-77.744376,34.646688],"lastSale":{"date":"2020-11-05","price":50000.0,"qualified":null},"tax":{"marketValue":54060.0,"assessedValue":null,"taxableValue":null,"taxes":null},"mailingAddress":{"line1":"220 SOUTHWOODS LANE","line2":null,"city":"JACKSONVILLE","state":"NC","zip":"28540"},"incomeTract":null,"incomeBlockGroup":null,"nearestRoad":null,"flu":{"code":"Rural Agricultural","label":"Rural Agricultural","jurisdiction":"Pender County","source":"https://gis.pendercountync.gov/arcgis/rest/services/LayersPro/MapServer/35"},"opportunityZone":null,"oz2Eligibility":{"eligible":true,"rural":true,"tractGeoid":"37141920204","tractName":"Census Tract 9202.04","designation":"eligible-for-nomination"},"source":"nc-pender-energov-37141","appraiserUrl":"https://mss.pendercountync.gov/css/citizens/RealEstate/Default.aspx?mode=new"},"geometry":{"type":"Polygon","coordinates":[[[-77.743177,34.645745],[-77.743092,34.645862],[-77.742585,34.646563],[-77.747163,34.648851],[-77.746977,34.647477],[-77.743261,34.64563],[-77.743177,34.645745]]]}},{"type":"Feature","id":"37141:3392-84-0498-0000","properties":{"id":"37141:3392-84-0498-0000","parcelId":"3392-84-0498-0000","countyFips":"37141","countyName":"Pender","state":"North Carolina","marketIds":["Wilmington"],"situsAddress":"544 LEE RD","situsCity":null,"situsZip":null,"jurisdictionCode":"PND","ownerName":"HOLMES, CHARLOTTE G","ownerName2":null,"propertyName":null,"zoningCode":"RP","zoningDistrict":"Residential Performance","jurisdictionPrefix":"PND","dorCode":null,"acreage":13.17,"centroid":[-77.676649,34.633413],"lastSale":{"date":"2024-08-20","price":null,"qualified":null},"tax":{"marketValue":68569.0,"assessedValue":null,"taxableValue":null,"taxes":null},"mailingAddress":{"line1":"580 LEE ROAD","line2":null,"city":"MAPLE HILL","state":"NC","zip":"28454"},"incomeTract":null,"incomeBlockGroup":null,"nearestRoad":null,"flu":{"code":"Rural Agricultural","label":"Rural Agricultural","jurisdiction":"Pender County","source":"https://gis.pendercountync.gov/arcgis/rest/services/LayersPro/MapServer/35"},"opportunityZone":null,"oz2Eligibility":{"eligible":true,"rural":true,"tractGeoid":"37141920204","tractName":"Census Tract 9202.04","designation":"eligible-for-nomination"},"source":"nc-pender-energov-37141","appraiserUrl":"https://mss.pendercountync.gov/css/citizens/RealEstate/Default.aspx?mode=new"},"geometry":{"type":"Polygon","coordinates":[[[-77.675305,34.636267],[-77.677227,34.636398],[-77.677283,34.636402],[-77.677617,34.63225],[-77.677125,34.632312],[-77.677202,34.631406],[-77.6766,34.631486],[-77.676682,34.63264],[-77.676235,34.632661],[-77.676227,34.632742],[-77.675632,34.632981],[-77.675305,34.636267]]]}},{"type":"Feature","id":"37141:3375-91-5792-0000","properties":{"id":"37141:3375-91-5792-0000","parcelId":"3375-91-5792-0000","countyFips":"37141","countyName":"Pender","state":"North Carolina","marketIds":["Wilmington"],"situsAddress":"50 HWY & SHOLAR MILL RD","situsCity":null,"situsZip":null,"jurisdictionCode":"PND","ownerName":"NEXT GENERATION CONSTRUCTION 910 LLC","ownerName2":null,"propertyName":null,"zoningCode":"RA","zoningDistrict":"Rural Agricultural","jurisdictionPrefix":"PND","dorCode":null,"acreage":13.15,"centroid":[-77.736486,34.708917],"lastSale":{"date":"2023-10-12","price":265500.0,"qualified":null},"tax":{"marketValue":53763.0,"assessedValue":null,"taxableValue":null,"taxes":null},"mailingAddress":{"line1":"455 SHOLAR MILL ROAD","line2":null,"city":"WALLACE","state":"NC","zip":"28466"},"incomeTract":null,"incomeBlockGroup":null,"nearestRoad":null,"flu":{"code":"Rural Agricultural","label":"Rural Agricultural","jurisdiction":"Pender County","source":"https://gis.pendercountync.gov/arcgis/rest/services/LayersPro/MapServer/35"},"opportunityZone":null,"oz2Eligibility":{"eligible":true,"rural":true,"tractGeoid":"37141920204","tractName":"Census Tract 9202.04","designation":"eligible-for-nomination"},"source":"nc-pender-energov-37141","appraiserUrl":"https://mss.pendercountync.gov/css/citizens/RealEstate/Default.aspx?mode=new"},"geometry":{"type":"Polygon","coordinates":[[[-77.736785,34.711029],[-77.736838,34.710974],[-77.737794,34.709954],[-77.738163,34.710114],[-77.738191,34.709821],[-77.737885,34.709509],[-77.73753,34.709059],[-77.737299,34.708707],[-77.73683,34.707899],[-77.736718,34.707933],[-77.736633,34.707885],[-77.736457,34.707712],[-77.736192,34.707931],[-77.735951,34.707863],[-77.735775,34.708167],[-77.735693,34.708141],[-77.73536,34.708494],[-77.734886,34.708493],[-77.735178,34.708961],[-77.735131,34.709291],[-77.734911,34.709313],[-77.736785,34.711029]]]}},{"type":"Feature","id":"37141:3384-27-4230-0000","properties":{"id":"37141:3384-27-4230-0000","parcelId":"3384-27-4230-0000","countyFips":"37141","countyName":"Pender","state":"North Carolina","marketIds":["Wilmington"],"situsAddress":"2775 NC HWY 50","situsCity":null,"situsZip":null,"jurisdictionCode":"PND","ownerName":"LANIER, KENNETH I JR","ownerName2":null,"propertyName":null,"zoningCode":"RA","zoningDistrict":"Rural Agricultural","jurisdictionPrefix":"PND","dorCode":null,"acreage":13.1,"centroid":[-77.728351,34.696874],"lastSale":{"date":null,"price":null,"qualified":null},"tax":{"marketValue":180404.0,"assessedValue":null,"taxableValue":null,"taxes":null},"mailingAddress":{"line1":"2775 NC HWY 50","line2":null,"city":"MAPLE HILL","state":"NC","zip":"28454"},"incomeTract":null,"incomeBlockGroup":null,"nearestRoad":null,"flu":{"code":"Rural Agricultural","label":"Rural Agricultural","jurisdiction":"Pender County","source":"https://gis.pendercountync.gov/arcgis/rest/services/LayersPro/MapServer/35"},"opportunityZone":null,"oz2Eligibility":{"eligible":true,"rural":true,"tractGeoid":"37141920204","tractName":"Census Tract 9202.04","designation":"eligible-for-nomination"},"source":"nc-pender-energov-37141","appraiserUrl":"https://mss.pendercountync.gov/css/citizens/RealEstate/Default.aspx?mode=new"},"geometry":{"type":"Polygon","coordinates":[[[-77.725381,34.697221],[-77.728982,34.69808],[-77.729145,34.698119],[-77.728855,34.696939],[-77.728771,34.696528],[-77.728712,34.696113],[-77.728614,34.695121],[-77.725381,34.697221]]]}},{"type":"Feature","id":"37141:3392-39-5465-0000","properties":{"id":"37141:3392-39-5465-0000","parcelId":"3392-39-5465-0000","countyFips":"37141","countyName":"Pender","state":"North Carolina","marketIds":["Wilmington"],"situsAddress":"50 HWY OFF","situsCity":null,"situsZip":null,"jurisdictionCode":"PND","ownerName":"WOOTEN, CHESTER MITCHELL","ownerName2":null,"propertyName":null,"zoningCode":"RA","zoningDistrict":"Rural Agricultural","jurisdictionPrefix":"PND","dorCode":null,"acreage":12.99,"centroid":[-77.690572,34.647881],"lastSale":{"date":null,"price":null,"qualified":null},"tax":{"marketValue":53483.0,"assessedValue":null,"taxableValue":null,"taxes":null},"mailingAddress":{"line1":"65 OLD MAPLE HILL ROAD","line2":null,"city":"MAPLE HILL","state":"NC","zip":"28454"},"incomeTract":null,"incomeBlockGroup":null,"nearestRoad":null,"flu":{"code":"Rural Agricultural","label":"Rural Agricultural","jurisdiction":"Pender County","source":"https://gis.pendercountync.gov/arcgis/rest/services/LayersPro/MapServer/35"},"opportunityZone":null,"oz2Eligibility":{"eligible":true,"rural":true,"tractGeoid":"37141920204","tractName":"Census Tract 9202.04","designation":"eligible-for-nomination"},"source":"nc-pender-energov-37141","appraiserUrl":"https://mss.pendercountync.gov/css/citizens/RealEstate/Default.aspx?mode=new"},"geometry":{"type":"Polygon","coordinates":[[[-77.688911,34.647243],[-77.688734,34.647967],[-77.688713,34.648056],[-77.693955,34.648928],[-77.694196,34.647974],[-77.68892,34.64712],[-77.688911,34.647243]]]}},{"type":"Feature","id":"37141:3392-39-7724-0000","properties":{"id":"37141:3392-39-7724-0000","parcelId":"3392-39-7724-0000","countyFips":"37141","countyName":"Pender","state":"North Carolina","marketIds":["Wilmington"],"situsAddress":"50 HWY OFF","situsCity":null,"situsZip":null,"jurisdictionCode":"PND","ownerName":"WOOTEN, ALFRED K","ownerName2":null,"propertyName":null,"zoningCode":"RA","zoningDistrict":"Rural Agricultural","jurisdictionPrefix":"PND","dorCode":null,"acreage":12.99,"centroid":[-77.691402,34.649093],"lastSale":{"date":"2020-06-03","price":null,"qualified":null},"tax":{"marketValue":21361.0,"assessedValue":null,"taxableValue":null,"taxes":null},"mailingAddress":{"line1":"PO BOX 1548","line2":null,"city":"BURGAW","state":"NC","zip":"28425"},"incomeTract":null,"incomeBlockGroup":null,"nearestRoad":null,"flu":{"code":"Rural Agricultural","label":"Rural Agricultural","jurisdiction":"Pender County","source":"https://gis.pendercountync.gov/arcgis/rest/services/LayersPro/MapServer/35"},"opportunityZone":null,"oz2Eligibility":{"eligible":true,"rural":true,"tractGeoid":"37141920204","tractName":"Census Tract 9202.04","designation":"eligible-for-nomination"},"source":"nc-pender-energov-37141","appraiserUrl":"https://mss.pendercountync.gov/css/citizens/RealEstate/Default.aspx?mode=new"},"geometry":{"type":"Polygon","coordinates":[[[-77.688481,34.649004],[-77.692157,34.649611],[-77.693704,34.649866],[-77.693955,34.648928],[-77.688713,34.648056],[-77.688481,34.649004]]]}},{"type":"Feature","id":"37141:3393-30-6115-0000","properties":{"id":"37141:3393-30-6115-0000","parcelId":"3393-30-6115-0000","countyFips":"37141","countyName":"Pender","state":"North Carolina","marketIds":["Wilmington"],"situsAddress":"50 HWY OFF","situsCity":null,"situsZip":null,"jurisdictionCode":"PND","ownerName":"WOOTEN, ALFRED KENAN","ownerName2":null,"propertyName":null,"zoningCode":"RA","zoningDistrict":"Rural Agricultural","jurisdictionPrefix":"PND","dorCode":null,"acreage":12.99,"centroid":[-77.69097,34.649908],"lastSale":{"date":null,"price":null,"qualified":null},"tax":{"marketValue":14929.0,"assessedValue":null,"taxableValue":null,"taxes":null},"mailingAddress":{"line1":"P O BOX 1548","line2":null,"city":"BURGAW","state":"NC","zip":"28425"},"incomeTract":null,"incomeBlockGroup":null,"nearestRoad":null,"flu":{"code":"Rural Agricultural","label":"Rural Agricultural","jurisdiction":"Pender County","source":"https://gis.pendercountync.gov/arcgis/rest/services/LayersPro/MapServer/35"},"opportunityZone":null,"oz2Eligibility":{"eligible":true,"rural":true,"tractGeoid":"37141920204","tractName":"Census Tract 9202.04","designation":"eligible-for-nomination"},"source":"nc-pender-energov-37141","appraiserUrl":"https://mss.pendercountync.gov/css/citizens/RealEstate/Default.aspx?mode=new"},"geometry":{"type":"Polygon","coordinates":[[[-77.688244,34.649947],[-77.69345,34.650816],[-77.693704,34.649866],[-77.688481,34.649004],[-77.688244,34.649947]]]}},{"type":"Feature","id":"37141:3393-30-7488-0000","properties":{"id":"37141:3393-30-7488-0000","parcelId":"3393-30-7488-0000","countyFips":"37141","countyName":"Pender","state":"North Carolina","marketIds":["Wilmington"],"situsAddress":"50 HWY OFF","situsCity":null,"situsZip":null,"jurisdictionCode":"PND","ownerName":"WOOTEN, ALFRED","ownerName2":null,"propertyName":null,"zoningCode":"RA","zoningDistrict":"Rural Agricultural","jurisdictionPrefix":"PND","dorCode":null,"acreage":12.99,"centroid":[-77.690579,34.650953],"lastSale":{"date":"2001-11-05","price":15000.0,"qualified":null},"tax":{"marketValue":40916.0,"assessedValue":null,"taxableValue":null,"taxes":null},"mailingAddress":{"line1":"PO BOX 1548","line2":null,"city":"BURGAW","state":"NC","zip":"28425"},"incomeTract":null,"incomeBlockGroup":null,"nearestRoad":null,"flu":{"code":"Rural Agricultural","label":"Rural Agricultural","jurisdiction":"Pender County","source":"https://gis.pendercountync.gov/arcgis/rest/services/LayersPro/MapServer/35"},"opportunityZone":null,"oz2Eligibility":{"eligible":true,"rural":true,"tractGeoid":"37141920204","tractName":"Census Tract 9202.04","designation":"eligible-for-nomination"},"source":"nc-pender-energov-37141","appraiserUrl":"https://mss.pendercountync.gov/css/citizens/RealEstate/Default.aspx?mode=new"},"geometry":{"type":"Polygon","coordinates":[[[-77.688146,34.650334],[-77.689665,34.651463],[-77.690723,34.651572],[-77.693244,34.651587],[-77.69345,34.650816],[-77.688244,34.649947],[-77.688146,34.650334]]]}},{"type":"Feature","id":"37141:3383-95-2556-0000","properties":{"id":"37141:3383-95-2556-0000","parcelId":"3383-95-2556-0000","countyFips":"37141","countyName":"Pender","state":"North Carolina","marketIds":["Wilmington"],"situsAddress":"50 HWY","situsCity":null,"situsZip":null,"jurisdictionCode":"PND","ownerName":"JONES, STUART H","ownerName2":null,"propertyName":null,"zoningCode":"RA","zoningDistrict":"Rural Agricultural","jurisdictionPrefix":"PND","dorCode":null,"acreage":12.95,"centroid":[-77.705304,34.664635],"lastSale":{"date":"2000-01-31","price":16000.0,"qualified":null},"tax":{"marketValue":9192.0,"assessedValue":null,"taxableValue":null,"taxes":null},"mailingAddress":{"line1":"707 ARGONNE CT","line2":null,"city":"WILMINGTON","state":"NC","zip":"28412"},"incomeTract":null,"incomeBlockGroup":null,"nearestRoad":null,"flu":{"code":"Rural Agricultural","label":"Rural Agricultural","jurisdiction":"Pender County","source":"https://gis.pendercountync.gov/arcgis/rest/services/LayersPro/MapServer/35"},"opportunityZone":null,"oz2Eligibility":{"eligible":true,"rural":true,"tractGeoid":"37141920204","tractName":"Census Tract 9202.04","designation":"eligible-for-nomination"},"source":"nc-pender-energov-37141","appraiserUrl":"https://mss.pendercountync.gov/css/citizens/RealEstate/Default.aspx?mode=new"},"geometry":{"type":"Polygon","coordinates":[[[-77.703256,34.665795],[-77.703261,34.665799],[-77.7038,34.66615],[-77.704887,34.665367],[-77.704985,34.665734],[-77.709012,34.661944],[-77.70851,34.661536],[-77.704718,34.664758],[-77.703256,34.665795]]]}},{"type":"Feature","id":"37141:4302-46-9302-0000","properties":{"id":"37141:4302-46-9302-0000","parcelId":"4302-46-9302-0000","countyFips":"37141","countyName":"Pender","state":"North Carolina","marketIds":["Wilmington"],"situsAddress":"50 HWY","situsCity":null,"situsZip":null,"jurisdictionCode":"PND","ownerName":"THE STATE OF NORTH CAROLINA","ownerName2":null,"propertyName":null,"zoningCode":"RA","zoningDistrict":"Rural Agricultural","jurisdictionPrefix":"PND","dorCode":null,"acreage":12.95,"centroid":[-77.653769,34.63853],"lastSale":{"date":"2007-06-06","price":null,"qualified":null},"tax":{"marketValue":36413.0,"assessedValue":null,"taxableValue":null,"taxes":null},"mailingAddress":{"line1":"1321 MAIL SERVICE CENTER","line2":null,"city":"RALEIGH","state":"NC","zip":"27699"},"incomeTract":null,"incomeBlockGroup":null,"nearestRoad":null,"flu":{"code":"Conservation","label":"Conservation","jurisdiction":"Pender County","source":"https://gis.pendercountync.gov/arcgis/rest/services/LayersPro/MapServer/35"},"opportunityZone":null,"oz2Eligibility":{"eligible":true,"rural":true,"tractGeoid":"37141920204","tractName":"Census Tract 9202.04","designation":"eligible-for-nomination"},"source":"nc-pender-energov-37141","appraiserUrl":"https://mss.pendercountync.gov/css/citizens/RealEstate/Default.aspx?mode=new"},"geometry":{"type":"Polygon","coordinates":[[[-77.653893,34.637701],[-77.65349,34.637821],[-77.653055,34.637951],[-77.653292,34.639931],[-77.652708,34.641231],[-77.653306,34.641469],[-77.654424,34.639692],[-77.654771,34.63722],[-77.654292,34.637281],[-77.65436,34.636719],[-77.653864,34.636813],[-77.653893,34.637701]]]}},{"type":"Feature","id":"37141:3383-84-9597-0000","properties":{"id":"37141:3383-84-9597-0000","parcelId":"3383-84-9597-0000","countyFips":"37141","countyName":"Pender","state":"North Carolina","marketIds":["Wilmington"],"situsAddress":"50 HWY","situsCity":null,"situsZip":null,"jurisdictionCode":"PND","ownerName":"HENDERSON, GERALD MITCHELL","ownerName2":null,"propertyName":null,"zoningCode":"RA","zoningDistrict":"Rural Agricultural","jurisdictionPrefix":"PND","dorCode":null,"acreage":12.87,"centroid":[-77.704079,34.66384],"lastSale":{"date":"2004-09-21","price":10000.0,"qualified":null},"tax":{"marketValue":53273.0,"assessedValue":null,"taxableValue":null,"taxes":null},"mailingAddress":{"line1":"4975 BELL WILLIAMS RD","line2":null,"city":"CURRIE","state":"NC","zip":"28435"},"incomeTract":null,"incomeBlockGroup":null,"nearestRoad":null,"flu":{"code":"Rural Agricultural","label":"Rural Agricultural","jurisdiction":"Pender County","source":"https://gis.pendercountync.gov/arcgis/rest/services/LayersPro/MapServer/35"},"opportunityZone":null,"oz2Eligibility":{"eligible":true,"rural":true,"tractGeoid":"37141920204","tractName":"Census Tract 9202.04","designation":"eligible-for-nomination"},"source":"nc-pender-energov-37141","appraiserUrl":"https://mss.pendercountync.gov/css/citizens/RealEstate/Default.aspx?mode=new"},"geometry":{"type":"Polygon","coordinates":[[[-77.702456,34.66528],[-77.702676,34.665421],[-77.702692,34.665431],[-77.707972,34.661095],[-77.707442,34.660662],[-77.703191,34.663926],[-77.702121,34.665065],[-77.702456,34.66528]]]}},{"type":"Feature","id":"37141:3393-36-6398-0000","properties":{"id":"37141:3393-36-6398-0000","parcelId":"3393-36-6398-0000","countyFips":"37141","countyName":"Pender","state":"North Carolina","marketIds":["Wilmington"],"situsAddress":null,"situsCity":null,"situsZip":null,"jurisdictionCode":"PND","ownerName":"PFEIFFER, TROY D","ownerName2":null,"propertyName":null,"zoningCode":"RA","zoningDistrict":"Rural Agricultural","jurisdictionPrefix":"PND","dorCode":null,"acreage":12.8,"centroid":[-77.690215,34.667046],"lastSale":{"date":"2022-12-08","price":75000.0,"qualified":null},"tax":{"marketValue":60820.0,"assessedValue":null,"taxableValue":null,"taxes":null},"mailingAddress":{"line1":"587 KINGS CASTLE DR","line2":null,"city":"ORANGE CITY","state":"FL","zip":"32763"},"incomeTract":null,"incomeBlockGroup":null,"nearestRoad":null,"flu":{"code":"Rural Agricultural","label":"Rural Agricultural","jurisdiction":"Pender County","source":"https://gis.pendercountync.gov/arcgis/rest/services/LayersPro/MapServer/35"},"opportunityZone":null,"oz2Eligibility":{"eligible":true,"rural":true,"tractGeoid":"37141920204","tractName":"Census Tract 9202.04","designation":"eligible-for-nomination"},"source":"nc-pender-energov-37141","appraiserUrl":"https://mss.pendercountync.gov/css/citizens/RealEstate/Default.aspx?mode=new"},"geometry":{"type":"Polygon","coordinates":[[[-77.688372,34.667331],[-77.694289,34.668046],[-77.69385,34.667583],[-77.689144,34.666052],[-77.688805,34.666474],[-77.688586,34.666792],[-77.688459,34.667047],[-77.688372,34.667331]]]}},{"type":"Feature","id":"37141:3394-44-5954-0000","properties":{"id":"37141:3394-44-5954-0000","parcelId":"3394-44-5954-0000","countyFips":"37141","countyName":"Pender","state":"North Carolina","marketIds":["Wilmington"],"situsAddress":"2200 SYCAMORE SPRINGS RD","situsCity":null,"situsZip":null,"jurisdictionCode":"PND","ownerName":"KOKINDA, JOHN W LIFE ESTATE","ownerName2":null,"propertyName":null,"zoningCode":"RA","zoningDistrict":"Rural Agricultural","jurisdictionPrefix":"PND","dorCode":null,"acreage":12.76,"centroid":[-77.686807,34.690692],"lastSale":{"date":"2005-04-13","price":null,"qualified":null},"tax":{"marketValue":126223.0,"assessedValue":null,"taxableValue":null,"taxes":null},"mailingAddress":{"line1":"2200 SYCAMORE SPRINGS ROAD","line2":null,"city":"MAPLE HILL","state":"NC","zip":"28454"},"incomeTract":null,"incomeBlockGroup":null,"nearestRoad":null,"flu":{"code":"Rural Agricultural","label":"Rural Agricultural","jurisdiction":"Pender County","source":"https://gis.pendercountync.gov/arcgis/rest/services/LayersPro/MapServer/35"},"opportunityZone":null,"oz2Eligibility":{"eligible":true,"rural":true,"tractGeoid":"37141920204","tractName":"Census Tract 9202.04","designation":"eligible-for-nomination"},"source":"nc-pender-energov-37141","appraiserUrl":"https://mss.pendercountync.gov/css/citizens/RealEstate/Default.aspx?mode=new"},"geometry":{"type":"Polygon","coordinates":[[[-77.6855,34.691295],[-77.685501,34.691297],[-77.685536,34.691352],[-77.690312,34.691117],[-77.689881,34.690406],[-77.68899,34.690599],[-77.688795,34.690023],[-77.686293,34.689714],[-77.686123,34.68996],[-77.686036,34.6902],[-77.685696,34.690595],[-77.685658,34.690828],[-77.685491,34.691108],[-77.685482,34.691201],[-77.6855,34.691295]]]}},{"type":"Feature","id":"37141:3393-37-3339-0000","properties":{"id":"37141:3393-37-3339-0000","parcelId":"3393-37-3339-0000","countyFips":"37141","countyName":"Pender","state":"North Carolina","marketIds":["Wilmington"],"situsAddress":null,"situsCity":null,"situsZip":null,"jurisdictionCode":"PND","ownerName":"JONES, KENNETH G & SANDRA H","ownerName2":null,"propertyName":null,"zoningCode":"RA","zoningDistrict":"Rural Agricultural","jurisdictionPrefix":"PND","dorCode":null,"acreage":12.74,"centroid":[-77.69225,34.669955],"lastSale":{"date":null,"price":null,"qualified":null},"tax":{"marketValue":54350.0,"assessedValue":null,"taxableValue":null,"taxes":null},"mailingAddress":{"line1":"645 OLD MAPLE HILL RD","line2":null,"city":"MAPLE HILL","state":"NC","zip":"28454"},"incomeTract":null,"incomeBlockGroup":null,"nearestRoad":null,"flu":{"code":"Rural Agricultural","label":"Rural Agricultural","jurisdiction":"Pender County","source":"https://gis.pendercountync.gov/arcgis/rest/services/LayersPro/MapServer/35"},"opportunityZone":null,"oz2Eligibility":{"eligible":true,"rural":true,"tractGeoid":"37141920204","tractName":"Census Tract 9202.04","designation":"eligible-for-nomination"},"source":"nc-pender-energov-37141","appraiserUrl":"https://mss.pendercountync.gov/css/citizens/RealEstate/Default.aspx?mode=new"},"geometry":{"type":"Polygon","coordinates":[[[-77.696277,34.67014],[-77.695671,34.669501],[-77.688503,34.669756],[-77.688548,34.670423],[-77.696277,34.67014]]]}},{"type":"Feature","id":"37141:3394-41-3969-0000","properties":{"id":"37141:3394-41-3969-0000","parcelId":"3394-41-3969-0000","countyFips":"37141","countyName":"Pender","state":"North Carolina","marketIds":["Wilmington"],"situsAddress":"1626 SYCAMORE SPRINGS RD","situsCity":null,"situsZip":null,"jurisdictionCode":"PND","ownerName":"BONEY, CHARLIE L","ownerName2":null,"propertyName":null,"zoningCode":"RA","zoningDistrict":"Rural Agricultural","jurisdictionPrefix":"PND","dorCode":null,"acreage":12.67,"centroid":[-77.687201,34.682246],"lastSale":{"date":"2020-10-13","price":110000.0,"qualified":null},"tax":{"marketValue":87923.0,"assessedValue":null,"taxableValue":null,"taxes":null},"mailingAddress":{"line1":"PO BOX 1744","line2":null,"city":"BURGAW","state":"NC","zip":"28425"},"incomeTract":null,"incomeBlockGroup":null,"nearestRoad":null,"flu":{"code":"Rural Agricultural","label":"Rural Agricultural","jurisdiction":"Pender County","source":"https://gis.pendercountync.gov/arcgis/rest/services/LayersPro/MapServer/35"},"opportunityZone":null,"oz2Eligibility":{"eligible":true,"rural":true,"tractGeoid":"37141920204","tractName":"Census Tract 9202.04","designation":"eligible-for-nomination"},"source":"nc-pender-energov-37141","appraiserUrl":"https://mss.pendercountync.gov/css/citizens/RealEstate/Default.aspx?mode=new"},"geometry":{"type":"Polygon","coordinates":[[[-77.686539,34.682112],[-77.68655,34.682113],[-77.686617,34.682137],[-77.686688,34.682195],[-77.686829,34.682439],[-77.686938,34.682585],[-77.686939,34.68279],[-77.687314,34.682883],[-77.687478,34.683765],[-77.68942,34.683339],[-77.689095,34.681344],[-77.688384,34.681509],[-77.688263,34.681513],[-77.687958,34.681463],[-77.685957,34.681936],[-77.686059,34.68205],[-77.686201,34.682122],[-77.686387,34.682142],[-77.686539,34.682112]]]}},{"type":"Feature","id":"37141:3383-85-8493-0000","properties":{"id":"37141:3383-85-8493-0000","parcelId":"3383-85-8493-0000","countyFips":"37141","countyName":"Pender","state":"North Carolina","marketIds":["Wilmington"],"situsAddress":"50 HWY","situsCity":null,"situsZip":null,"jurisdictionCode":"PND","ownerName":"JONES, STUART H","ownerName2":null,"propertyName":null,"zoningCode":"RA","zoningDistrict":"Rural Agricultural","jurisdictionPrefix":"PND","dorCode":null,"acreage":12.57,"centroid":[-77.70557,34.665363],"lastSale":{"date":null,"price":null,"qualified":null},"tax":{"marketValue":9534.0,"assessedValue":null,"taxableValue":null,"taxes":null},"mailingAddress":{"line1":"707 ARGONNE CT","line2":null,"city":"WILMINGTON","state":"NC","zip":"28412"},"incomeTract":null,"incomeBlockGroup":null,"nearestRoad":null,"flu":{"code":"Rural Agricultural","label":"Rural Agricultural","jurisdiction":"Pender County","source":"https://gis.pendercountync.gov/arcgis/rest/services/LayersPro/MapServer/35"},"opportunityZone":null,"oz2Eligibility":{"eligible":true,"rural":true,"tractGeoid":"37141920204","tractName":"Census Tract 9202.04","designation":"eligible-for-nomination"},"source":"nc-pender-energov-37141","appraiserUrl":"https://mss.pendercountync.gov/css/citizens/RealEstate/Default.aspx?mode=new"},"geometry":{"type":"Polygon","coordinates":[[[-77.7038,34.66615],[-77.703844,34.666178],[-77.704348,34.666507],[-77.704912,34.665942],[-77.705026,34.666442],[-77.70535,34.66611],[-77.705609,34.666283],[-77.709496,34.662336],[-77.709012,34.661944],[-77.704985,34.665734],[-77.704887,34.665367],[-77.7038,34.66615]]]}},{"type":"Feature","id":"37141:3393-76-9014-0000","properties":{"id":"37141:3393-76-9014-0000","parcelId":"3393-76-9014-0000","countyFips":"37141","countyName":"Pender","state":"North Carolina","marketIds":["Wilmington"],"situsAddress":null,"situsCity":null,"situsZip":null,"jurisdictionCode":"PND","ownerName":"SHEPARD, BRYANT JR","ownerName2":null,"propertyName":null,"zoningCode":"RA","zoningDistrict":"Rural Agricultural","jurisdictionPrefix":"PND","dorCode":null,"acreage":12.44,"centroid":[-77.676614,34.666042],"lastSale":{"date":null,"price":null,"qualified":null},"tax":{"marketValue":52520.0,"assessedValue":null,"taxableValue":null,"taxes":null},"mailingAddress":{"line1":"7954 NC HWY 50","line2":null,"city":"MAPLE HILL","state":"NC","zip":"28454"},"incomeTract":null,"incomeBlockGroup":null,"nearestRoad":null,"flu":{"code":"Rural Agricultural","label":"Rural Agricultural","jurisdiction":"Pender County","source":"https://gis.pendercountync.gov/arcgis/rest/services/LayersPro/MapServer/35"},"opportunityZone":null,"oz2Eligibility":{"eligible":true,"rural":true,"tractGeoid":"37141920204","tractName":"Census Tract 9202.04","designation":"eligible-for-nomination"},"source":"nc-pender-energov-37141","appraiserUrl":"https://mss.pendercountync.gov/css/citizens/RealEstate/Default.aspx?mode=new"},"geometry":{"type":"Polygon","coordinates":[[[-77.675606,34.664816],[-77.67562,34.667255],[-77.677604,34.667272],[-77.677625,34.664824],[-77.675606,34.664816]]]}},{"type":"Feature","id":"37141:3393-86-5019-0000","properties":{"id":"37141:3393-86-5019-0000","parcelId":"3393-86-5019-0000","countyFips":"37141","countyName":"Pender","state":"North Carolina","marketIds":["Wilmington"],"situsAddress":null,"situsCity":null,"situsZip":null,"jurisdictionCode":"PND","ownerName":"SHEPARD, EDGAR","ownerName2":null,"propertyName":null,"zoningCode":"RA","zoningDistrict":"Rural Agricultural","jurisdictionPrefix":"PND","dorCode":null,"acreage":12.44,"centroid":[-77.673979,34.665978],"lastSale":{"date":"1989-06-30","price":null,"qualified":null},"tax":{"marketValue":52520.0,"assessedValue":null,"taxableValue":null,"taxes":null},"mailingAddress":{"line1":"C/O ROSILAND GILLIAM","line2":null,"city":"GREENSBORO","state":"NC","zip":"27403"},"incomeTract":null,"incomeBlockGroup":null,"nearestRoad":null,"flu":{"code":"Rural Agricultural","label":"Rural Agricultural","jurisdiction":"Pender County","source":"https://gis.pendercountync.gov/arcgis/rest/services/LayersPro/MapServer/35"},"opportunityZone":null,"oz2Eligibility":{"eligible":true,"rural":true,"tractGeoid":"37141920204","tractName":"Census Tract 9202.04","designation":"eligible-for-nomination"},"source":"nc-pender-energov-37141","appraiserUrl":"https://mss.pendercountync.gov/css/citizens/RealEstate/Default.aspx?mode=new"},"geometry":{"type":"Polygon","coordinates":[[[-77.673848,34.666899],[-77.673845,34.667241],[-77.67562,34.667255],[-77.675606,34.664816],[-77.673231,34.6648],[-77.673231,34.6655],[-77.673279,34.6655],[-77.673292,34.665924],[-77.673856,34.665871],[-77.673848,34.666899]]]}},{"type":"Feature","id":"37141:3394-32-1293-0000","properties":{"id":"37141:3394-32-1293-0000","parcelId":"3394-32-1293-0000","countyFips":"37141","countyName":"Pender","state":"North Carolina","marketIds":["Wilmington"],"situsAddress":"SYCAMORE SPRINGS RD","situsCity":null,"situsZip":null,"jurisdictionCode":"PND","ownerName":"RICHARD, PHILLIP H","ownerName2":null,"propertyName":null,"zoningCode":"RA","zoningDistrict":"Rural Agricultural","jurisdictionPrefix":"PND","dorCode":null,"acreage":12.4,"centroid":[-77.691679,34.683231],"lastSale":{"date":"2022-05-31","price":54500.0,"qualified":null},"tax":{"marketValue":52450.0,"assessedValue":null,"taxableValue":null,"taxes":null},"mailingAddress":{"line1":"709 CRYSTAL COVE CT","line2":null,"city":"SNEADS FERRY","state":"NC","zip":"28460"},"incomeTract":null,"incomeBlockGroup":null,"nearestRoad":null,"flu":{"code":"Rural Agricultural","label":"Rural Agricultural","jurisdiction":"Pender County","source":"https://gis.pendercountync.gov/arcgis/rest/services/LayersPro/MapServer/35"},"opportunityZone":null,"oz2Eligibility":{"eligible":true,"rural":true,"tractGeoid":"37141920204","tractName":"Census Tract 9202.04","designation":"eligible-for-nomination"},"source":"nc-pender-energov-37141","appraiserUrl":"https://mss.pendercountync.gov/css/citizens/RealEstate/Default.aspx?mode=new"},"geometry":{"type":"Polygon","coordinates":[[[-77.689612,34.68329],[-77.689616,34.683318],[-77.689754,34.684238],[-77.694833,34.683114],[-77.694579,34.682195],[-77.689612,34.68329]]]}},{"type":"Feature","id":"37141:3384-50-9200-0000","properties":{"id":"37141:3384-50-9200-0000","parcelId":"3384-50-9200-0000","countyFips":"37141","countyName":"Pender","state":"North Carolina","marketIds":["Wilmington"],"situsAddress":"50 HWY","situsCity":null,"situsZip":null,"jurisdictionCode":"PND","ownerName":"RAYNOR, LEON T HEIRS","ownerName2":null,"propertyName":null,"zoningCode":"RA","zoningDistrict":"Rural Agricultural","jurisdictionPrefix":"PND","dorCode":null,"acreage":12.3,"centroid":[-77.71684,34.677488],"lastSale":{"date":"1975-03-15","price":null,"qualified":null},"tax":{"marketValue":7908.0,"assessedValue":null,"taxableValue":null,"taxes":null},"mailingAddress":{"line1":"C/O MARK RAYNOR","line2":null,"city":"MAPLE HILL","state":"NC","zip":"28454"},"incomeTract":null,"incomeBlockGroup":null,"nearestRoad":null,"flu":{"code":"Rural Agricultural","label":"Rural Agricultural","jurisdiction":"Pender County","source":"https://gis.pendercountync.gov/arcgis/rest/services/LayersPro/MapServer/35"},"opportunityZone":null,"oz2Eligibility":{"eligible":true,"rural":true,"tractGeoid":"37141920204","tractName":"Census Tract 9202.04","designation":"eligible-for-nomination"},"source":"nc-pender-energov-37141","appraiserUrl":"https://mss.pendercountync.gov/css/citizens/RealEstate/Default.aspx?mode=new"},"geometry":{"type":"Polygon","coordinates":[[[-77.715351,34.677898],[-77.716292,34.678652],[-77.716399,34.678534],[-77.7166,34.678387],[-77.716667,34.678313],[-77.71673,34.678192],[-77.71676,34.678026],[-77.716953,34.67769],[-77.71699,34.677499],[-77.716898,34.6773],[-77.716865,34.677103],[-77.716885,34.677058],[-77.716914,34.677013],[-77.716973,34.676977],[-77.717258,34.676903],[-77.717336,34.676866],[-77.717525,34.676728],[-77.717557,34.676648],[-77.717016,34.676493],[-77.715351,34.677898]]]}},{"type":"Feature","id":"37141:3385-81-2947-0000","properties":{"id":"37141:3385-81-2947-0000","parcelId":"3385-81-2947-0000","countyFips":"37141","countyName":"Pender","state":"North Carolina","marketIds":["Wilmington"],"situsAddress":null,"situsCity":null,"situsZip":null,"jurisdictionCode":"PND","ownerName":"POWERS, DAVID WAYNE","ownerName2":null,"propertyName":null,"zoningCode":"RA","zoningDistrict":"Rural Agricultural","jurisdictionPrefix":"PND","dorCode":null,"acreage":12.3,"centroid":[-77.707813,34.709761],"lastSale":{"date":null,"price":null,"qualified":null},"tax":{"marketValue":24125.0,"assessedValue":null,"taxableValue":null,"taxes":null},"mailingAddress":{"line1":"4370 HWY 50","line2":null,"city":"MAPLE HILL","state":"NC","zip":"28454"},"incomeTract":null,"incomeBlockGroup":null,"nearestRoad":null,"flu":{"code":"Rural Agricultural","label":"Rural Agricultural","jurisdiction":"Pender County","source":"https://gis.pendercountync.gov/arcgis/rest/services/LayersPro/MapServer/35"},"opportunityZone":null,"oz2Eligibility":{"eligible":true,"rural":true,"tractGeoid":"37141920204","tractName":"Census Tract 9202.04","designation":"eligible-for-nomination"},"source":"nc-pender-energov-37141","appraiserUrl":"https://mss.pendercountync.gov/css/citizens/RealEstate/Default.aspx?mode=new"},"geometry":{"type":"Polygon","coordinates":[[[-77.707817,34.708746],[-77.705739,34.712822],[-77.709863,34.708761],[-77.707834,34.708714],[-77.707817,34.708746]]]}},{"type":"Feature","id":"37141:3393-13-7255-0000","properties":{"id":"37141:3393-13-7255-0000","parcelId":"3393-13-7255-0000","countyFips":"37141","countyName":"Pender","state":"North Carolina","marketIds":["Wilmington"],"situsAddress":null,"situsCity":null,"situsZip":null,"jurisdictionCode":"PND","ownerName":"WOODCOCK, DALE B","ownerName2":null,"propertyName":null,"zoningCode":"RA","zoningDistrict":"Rural Agricultural","jurisdictionPrefix":"PND","dorCode":null,"acreage":12.3,"centroid":[-77.697582,34.65896],"lastSale":{"date":"2003-10-28","price":null,"qualified":null},"tax":{"marketValue":52275.0,"assessedValue":null,"taxableValue":null,"taxes":null},"mailingAddress":{"line1":"80 GOOSE NECK RD","line2":null,"city":"ROCKY POINT","state":"NC","zip":"28457"},"incomeTract":null,"incomeBlockGroup":null,"nearestRoad":null,"flu":{"code":"Rural Agricultural","label":"Rural Agricultural","jurisdiction":"Pender County","source":"https://gis.pendercountync.gov/arcgis/rest/services/LayersPro/MapServer/35"},"opportunityZone":null,"oz2Eligibility":{"eligible":true,"rural":true,"tractGeoid":"37141920204","tractName":"Census Tract 9202.04","designation":"eligible-for-nomination"},"source":"nc-pender-energov-37141","appraiserUrl":"https://mss.pendercountync.gov/css/citizens/RealEstate/Default.aspx?mode=new"},"geometry":{"type":"Polygon","coordinates":[[[-77.697979,34.659868],[-77.698416,34.659678],[-77.698941,34.660021],[-77.699687,34.659704],[-77.695239,34.656467],[-77.695233,34.658019],[-77.697979,34.659868]]]}},{"type":"Feature","id":"37141:3392-58-6813-0000","properties":{"id":"37141:3392-58-6813-0000","parcelId":"3392-58-6813-0000","countyFips":"37141","countyName":"Pender","state":"North Carolina","marketIds":["Wilmington"],"situsAddress":"50 HWY OFF","situsCity":null,"situsZip":null,"jurisdictionCode":"PND","ownerName":"WOOTEN, JULIAN IVEY","ownerName2":null,"propertyName":null,"zoningCode":"RA","zoningDistrict":"Rural Agricultural","jurisdictionPrefix":"PND","dorCode":null,"acreage":12.29,"centroid":[-77.684702,34.646444],"lastSale":{"date":null,"price":null,"qualified":null},"tax":{"marketValue":6447.0,"assessedValue":null,"taxableValue":null,"taxes":null},"mailingAddress":{"line1":"1106 GOULD ROAD","line2":null,"city":"JACKSONVILLE","state":"NC","zip":"28540"},"incomeTract":null,"incomeBlockGroup":null,"nearestRoad":null,"flu":{"code":"Rural Agricultural","label":"Rural Agricultural","jurisdiction":"Pender County","source":"https://gis.pendercountync.gov/arcgis/rest/services/LayersPro/MapServer/35"},"opportunityZone":null,"oz2Eligibility":{"eligible":true,"rural":true,"tractGeoid":"37141920204","tractName":"Census Tract 9202.04","designation":"eligible-for-nomination"},"source":"nc-pender-energov-37141","appraiserUrl":"https://mss.pendercountync.gov/css/citizens/RealEstate/Default.aspx?mode=new"},"geometry":{"type":"Polygon","coordinates":[[[-77.682012,34.646362],[-77.682034,34.6464],[-77.688911,34.647243],[-77.688958,34.646557],[-77.681593,34.645659],[-77.682012,34.646362]]]}},{"type":"Feature","id":"37141:3392-59-4862-0000","properties":{"id":"37141:3392-59-4862-0000","parcelId":"3392-59-4862-0000","countyFips":"37141","countyName":"Pender","state":"North Carolina","marketIds":["Wilmington"],"situsAddress":"NC HWY 50 OFF","situsCity":null,"situsZip":null,"jurisdictionCode":"PND","ownerName":"WOOTEN, ALFRED K","ownerName2":null,"propertyName":null,"zoningCode":"RA","zoningDistrict":"Rural Agricultural","jurisdictionPrefix":"PND","dorCode":null,"acreage":12.29,"centroid":[-77.686025,34.649022],"lastSale":{"date":"2008-02-22","price":12000.0,"qualified":null},"tax":{"marketValue":11547.0,"assessedValue":null,"taxableValue":null,"taxes":null},"mailingAddress":{"line1":"PO BOX 1548","line2":null,"city":"BURGAW","state":"NC","zip":"28425"},"incomeTract":null,"incomeBlockGroup":null,"nearestRoad":null,"flu":{"code":"Rural Agricultural","label":"Rural Agricultural","jurisdiction":"Pender County","source":"https://gis.pendercountync.gov/arcgis/rest/services/LayersPro/MapServer/35"},"opportunityZone":null,"oz2Eligibility":{"eligible":true,"rural":true,"tractGeoid":"37141920204","tractName":"Census Tract 9202.04","designation":"eligible-for-nomination"},"source":"nc-pender-energov-37141","appraiserUrl":"https://mss.pendercountync.gov/css/citizens/RealEstate/Default.aspx?mode=new"},"geometry":{"type":"Polygon","coordinates":[[[-77.68365,34.649113],[-77.686585,34.649468],[-77.688311,34.649677],[-77.68854,34.648761],[-77.683041,34.648091],[-77.68365,34.649113]]]}},{"type":"Feature","id":"37141:3392-59-5440-0000","properties":{"id":"37141:3392-59-5440-0000","parcelId":"3392-59-5440-0000","countyFips":"37141","countyName":"Pender","state":"North Carolina","marketIds":["Wilmington"],"situsAddress":"50 HWY OFF","situsCity":null,"situsZip":null,"jurisdictionCode":"PND","ownerName":"WOOTEN, CURTIS MARTIN","ownerName2":null,"propertyName":null,"zoningCode":"RA","zoningDistrict":"Rural Agricultural","jurisdictionPrefix":"PND","dorCode":null,"acreage":12.29,"centroid":[-77.685886,34.648109],"lastSale":{"date":null,"price":null,"qualified":null},"tax":{"marketValue":7010.0,"assessedValue":null,"taxableValue":null,"taxes":null},"mailingAddress":{"line1":"409 W UNION ST","line2":null,"city":"MORGANTON","state":"NC","zip":"28655"},"incomeTract":null,"incomeBlockGroup":null,"nearestRoad":null,"flu":{"code":"Rural Agricultural","label":"Rural Agricultural","jurisdiction":"Pender County","source":"https://gis.pendercountync.gov/arcgis/rest/services/LayersPro/MapServer/35"},"opportunityZone":null,"oz2Eligibility":{"eligible":true,"rural":true,"tractGeoid":"37141920204","tractName":"Census Tract 9202.04","designation":"eligible-for-nomination"},"source":"nc-pender-energov-37141","appraiserUrl":"https://mss.pendercountync.gov/css/citizens/RealEstate/Default.aspx?mode=new"},"geometry":{"type":"Polygon","coordinates":[[[-77.683041,34.648091],[-77.686601,34.648525],[-77.68854,34.648761],[-77.688734,34.647967],[-77.682512,34.647202],[-77.683041,34.648091]]]}},{"type":"Feature","id":"37141:3392-59-6009-0000","properties":{"id":"37141:3392-59-6009-0000","parcelId":"3392-59-6009-0000","countyFips":"37141","countyName":"Pender","state":"North Carolina","marketIds":["Wilmington"],"situsAddress":"50 HWY OFF","situsCity":null,"situsZip":null,"jurisdictionCode":"PND","ownerName":"EZZELL, SARAH CAROLYN WOOTEN","ownerName2":null,"propertyName":null,"zoningCode":"RA","zoningDistrict":"Rural Agricultural","jurisdictionPrefix":"PND","dorCode":null,"acreage":12.29,"centroid":[-77.685761,34.647304],"lastSale":{"date":null,"price":null,"qualified":null},"tax":{"marketValue":3717.0,"assessedValue":null,"taxableValue":null,"taxes":null},"mailingAddress":{"line1":"314 NORTH FRONT STREET","line2":null,"city":"WARSAW","state":"NC","zip":"28398"},"incomeTract":null,"incomeBlockGroup":null,"nearestRoad":null,"flu":{"code":"Rural Agricultural","label":"Rural Agricultural","jurisdiction":"Pender County","source":"https://gis.pendercountync.gov/arcgis/rest/services/LayersPro/MapServer/35"},"opportunityZone":null,"oz2Eligibility":{"eligible":true,"rural":true,"tractGeoid":"37141920204","tractName":"Census Tract 9202.04","designation":"eligible-for-nomination"},"source":"nc-pender-energov-37141","appraiserUrl":"https://mss.pendercountync.gov/css/citizens/RealEstate/Default.aspx?mode=new"},"geometry":{"type":"Polygon","coordinates":[[[-77.682512,34.647202],[-77.686614,34.647706],[-77.688734,34.647967],[-77.688911,34.647243],[-77.682034,34.6464],[-77.682512,34.647202]]]}},{"type":"Feature","id":"37141:3393-50-3146-0000","properties":{"id":"37141:3393-50-3146-0000","parcelId":"3393-50-3146-0000","countyFips":"37141","countyName":"Pender","state":"North Carolina","marketIds":["Wilmington"],"situsAddress":"50 HWY OFF","situsCity":null,"situsZip":null,"jurisdictionCode":"PND","ownerName":"WOOTEN, GLENDA H","ownerName2":null,"propertyName":null,"zoningCode":"RA","zoningDistrict":"Rural Agricultural","jurisdictionPrefix":"PND","dorCode":null,"acreage":12.29,"centroid":[-77.685716,34.649906],"lastSale":{"date":null,"price":null,"qualified":null},"tax":{"marketValue":10761.0,"assessedValue":null,"taxableValue":null,"taxes":null},"mailingAddress":{"line1":"210 OLD MAPLE HILL RD","line2":null,"city":"MAPLE HILL","state":"NC","zip":"28454"},"incomeTract":null,"incomeBlockGroup":null,"nearestRoad":null,"flu":{"code":"Rural Agricultural","label":"Rural Agricultural","jurisdiction":"Pender County","source":"https://gis.pendercountync.gov/arcgis/rest/services/LayersPro/MapServer/35"},"opportunityZone":null,"oz2Eligibility":{"eligible":true,"rural":true,"tractGeoid":"37141920204","tractName":"Census Tract 9202.04","designation":"eligible-for-nomination"},"source":"nc-pender-energov-37141","appraiserUrl":"https://mss.pendercountync.gov/css/citizens/RealEstate/Default.aspx?mode=new"},"geometry":{"type":"Polygon","coordinates":[[[-77.683893,34.649521],[-77.684617,34.650738],[-77.688108,34.650482],[-77.688311,34.649677],[-77.68365,34.649113],[-77.683893,34.649521]]]}},{"type":"Feature","id":"37141:3384-50-3829-0000","properties":{"id":"37141:3384-50-3829-0000","parcelId":"3384-50-3829-0000","countyFips":"37141","countyName":"Pender","state":"North Carolina","marketIds":["Wilmington"],"situsAddress":"4111 NC HWY 50","situsCity":null,"situsZip":null,"jurisdictionCode":"PND","ownerName":"JENKINS, MILDRED H L/E","ownerName2":null,"propertyName":null,"zoningCode":"RA","zoningDistrict":"Rural Agricultural","jurisdictionPrefix":"PND","dorCode":null,"acreage":12.25,"centroid":[-77.71933,34.679265],"lastSale":{"date":"2022-03-21","price":null,"qualified":null},"tax":{"marketValue":56116.0,"assessedValue":null,"taxableValue":null,"taxes":null},"mailingAddress":{"line1":"C/O MRS VERNON JENKINS","line2":null,"city":"WALLACE","state":"NC","zip":"28466"},"incomeTract":null,"incomeBlockGroup":null,"nearestRoad":null,"flu":{"code":"Rural Agricultural","label":"Rural Agricultural","jurisdiction":"Pender County","source":"https://gis.pendercountync.gov/arcgis/rest/services/LayersPro/MapServer/35"},"opportunityZone":null,"oz2Eligibility":{"eligible":true,"rural":true,"tractGeoid":"37141920204","tractName":"Census Tract 9202.04","designation":"eligible-for-nomination"},"source":"nc-pender-energov-37141","appraiserUrl":"https://mss.pendercountync.gov/css/citizens/RealEstate/Default.aspx?mode=new"},"geometry":{"type":"Polygon","coordinates":[[[-77.716368,34.68006],[-77.717098,34.681044],[-77.720081,34.679643],[-77.719858,34.679293],[-77.720635,34.678911],[-77.720495,34.678709],[-77.720275,34.678451],[-77.719827,34.678005],[-77.716368,34.68006]]]}},{"type":"Feature","id":"37141:3382-04-2069-0000","properties":{"id":"37141:3382-04-2069-0000","parcelId":"3382-04-2069-0000","countyFips":"37141","countyName":"Pender","state":"North Carolina","marketIds":["Wilmington"],"situsAddress":"3276 OLD MAPLE HILL RD","situsCity":null,"situsZip":null,"jurisdictionCode":"PND","ownerName":"J + J RETREATS LLC","ownerName2":null,"propertyName":null,"zoningCode":"RA","zoningDistrict":"Rural Agricultural","jurisdictionPrefix":"PND","dorCode":null,"acreage":12.24,"centroid":[-77.736478,34.633378],"lastSale":{"date":"2022-02-22","price":80000.0,"qualified":null},"tax":{"marketValue":12030.0,"assessedValue":null,"taxableValue":null,"taxes":null},"mailingAddress":{"line1":"119 TRAILS END RD","line2":null,"city":"WILMINGTON","state":"NC","zip":"28409"},"incomeTract":null,"incomeBlockGroup":null,"nearestRoad":null,"flu":{"code":"Rural Agricultural","label":"Rural Agricultural","jurisdiction":"Pender County","source":"https://gis.pendercountync.gov/arcgis/rest/services/LayersPro/MapServer/35"},"opportunityZone":null,"oz2Eligibility":{"eligible":true,"rural":true,"tractGeoid":"37141920204","tractName":"Census Tract 9202.04","designation":"eligible-for-nomination"},"source":"nc-pender-energov-37141","appraiserUrl":"https://mss.pendercountync.gov/css/citizens/RealEstate/Default.aspx?mode=new"},"geometry":{"type":"Polygon","coordinates":[[[-77.734267,34.633389],[-77.734267,34.633449],[-77.734281,34.634897],[-77.736617,34.634702],[-77.73657,34.63365],[-77.738513,34.633502],[-77.738325,34.633298],[-77.738158,34.633168],[-77.738006,34.633099],[-77.737701,34.633021],[-77.737358,34.632977],[-77.737072,34.632994],[-77.736717,34.633084],[-77.736511,34.633223],[-77.736389,34.633246],[-77.735736,34.633033],[-77.735173,34.632813],[-77.734936,34.633263],[-77.734267,34.633389]]]}},{"type":"Feature","id":"37141:3393-05-0720-0000","properties":{"id":"37141:3393-05-0720-0000","parcelId":"3393-05-0720-0000","countyFips":"37141","countyName":"Pender","state":"North Carolina","marketIds":["Wilmington"],"situsAddress":null,"situsCity":null,"situsZip":null,"jurisdictionCode":"PND","ownerName":"HENDERSON, CECIL DOYLE JR ET AL","ownerName2":null,"propertyName":null,"zoningCode":"RA","zoningDistrict":"Rural Agricultural","jurisdictionPrefix":"PND","dorCode":null,"acreage":12.14,"centroid":[-77.705017,34.664036],"lastSale":{"date":"2010-03-26","price":null,"qualified":null},"tax":{"marketValue":51995.0,"assessedValue":null,"taxableValue":null,"taxes":null},"mailingAddress":{"line1":"283 CYPRESS CREEK RD","line2":null,"city":"MAPLE HILL","state":"NC","zip":"28454"},"incomeTract":null,"incomeBlockGroup":null,"nearestRoad":null,"flu":{"code":"Rural Agricultural","label":"Rural Agricultural","jurisdiction":"Pender County","source":"https://gis.pendercountync.gov/arcgis/rest/services/LayersPro/MapServer/35"},"opportunityZone":null,"oz2Eligibility":{"eligible":true,"rural":true,"tractGeoid":"37141920204","tractName":"Census Tract 9202.04","designation":"eligible-for-nomination"},"source":"nc-pender-energov-37141","appraiserUrl":"https://mss.pendercountync.gov/css/citizens/RealEstate/Default.aspx?mode=new"},"geometry":{"type":"Polygon","coordinates":[[[-77.702692,34.665431],[-77.702957,34.6656],[-77.703256,34.665795],[-77.704718,34.664758],[-77.70851,34.661536],[-77.707972,34.661095],[-77.702692,34.665431]]]}},{"type":"Feature","id":"37141:3394-34-6486-0000","properties":{"id":"37141:3394-34-6486-0000","parcelId":"3394-34-6486-0000","countyFips":"37141","countyName":"Pender","state":"North Carolina","marketIds":["Wilmington"],"situsAddress":"2125 SYCAMORE SPRINGS RD","situsCity":null,"situsZip":null,"jurisdictionCode":"PND","ownerName":"BARNHILL, JACOB ELGIN","ownerName2":null,"propertyName":null,"zoningCode":"RA","zoningDistrict":"Rural Agricultural","jurisdictionPrefix":"PND","dorCode":null,"acreage":12.03,"centroid":[-77.68976,34.68871],"lastSale":{"date":null,"price":null,"qualified":null},"tax":{"marketValue":213262.0,"assessedValue":null,"taxableValue":null,"taxes":null},"mailingAddress":{"line1":"2125 SYCAMORE SPRING RD","line2":null,"city":"MAPLE HILL","state":"NC","zip":"28454"},"incomeTract":null,"incomeBlockGroup":null,"nearestRoad":null,"flu":{"code":"Rural Agricultural","label":"Rural Agricultural","jurisdiction":"Pender County","source":"https://gis.pendercountync.gov/arcgis/rest/services/LayersPro/MapServer/35"},"opportunityZone":null,"oz2Eligibility":{"eligible":true,"rural":true,"tractGeoid":"37141920204","tractName":"Census Tract 9202.04","designation":"eligible-for-nomination"},"source":"nc-pender-energov-37141","appraiserUrl":"https://mss.pendercountync.gov/css/citizens/RealEstate/Default.aspx?mode=new"},"geometry":{"type":"Polygon","coordinates":[[[-77.690025,34.690211],[-77.690187,34.690243],[-77.690769,34.691106],[-77.691694,34.689314],[-77.689188,34.686899],[-77.68915,34.687169],[-77.689141,34.68741],[-77.689163,34.6876],[-77.689233,34.687906],[-77.689343,34.6883],[-77.689496,34.688754],[-77.689728,34.689612],[-77.690025,34.690211]]]}},{"type":"Feature","id":"37141:3392-37-5387-0000","properties":{"id":"37141:3392-37-5387-0000","parcelId":"3392-37-5387-0000","countyFips":"37141","countyName":"Pender","state":"North Carolina","marketIds":["Wilmington"],"situsAddress":"50 HWY OFF","situsCity":null,"situsZip":null,"jurisdictionCode":"PND","ownerName":"WALKER, COREAN J HEIRS","ownerName2":null,"propertyName":null,"zoningCode":"RA","zoningDistrict":"Rural Agricultural","jurisdictionPrefix":"PND","dorCode":null,"acreage":12.0,"centroid":[-77.690707,34.642869],"lastSale":{"date":null,"price":null,"qualified":null},"tax":{"marketValue":7700.0,"assessedValue":null,"taxableValue":null,"taxes":null},"mailingAddress":{"line1":"7086 NC HWY 50","line2":null,"city":"MAPLE HILL","state":"NC","zip":"28454"},"incomeTract":null,"incomeBlockGroup":null,"nearestRoad":null,"flu":{"code":"Rural Agricultural","label":"Rural Agricultural","jurisdiction":"Pender County","source":"https://gis.pendercountync.gov/arcgis/rest/services/LayersPro/MapServer/35"},"opportunityZone":null,"oz2Eligibility":{"eligible":true,"rural":true,"tractGeoid":"37141920204","tractName":"Census Tract 9202.04","designation":"eligible-for-nomination"},"source":"nc-pender-energov-37141","appraiserUrl":"https://mss.pendercountync.gov/css/citizens/RealEstate/Default.aspx?mode=new"},"geometry":{"type":"Polygon","coordinates":[[[-77.688916,34.642579],[-77.688917,34.642722],[-77.688922,34.643281],[-77.694307,34.643554],[-77.694267,34.64268],[-77.688915,34.642399],[-77.688916,34.642579]]]}},{"type":"Feature","id":"37141:3392-37-5778-0000","properties":{"id":"37141:3392-37-5778-0000","parcelId":"3392-37-5778-0000","countyFips":"37141","countyName":"Pender","state":"North Carolina","marketIds":["Wilmington"],"situsAddress":"50 HWY OFF","situsCity":null,"situsZip":null,"jurisdictionCode":"PND","ownerName":"WOOTEN, ALFRED K","ownerName2":null,"propertyName":null,"zoningCode":"RA","zoningDistrict":"Rural Agricultural","jurisdictionPrefix":"PND","dorCode":null,"acreage":12.0,"centroid":[-77.690735,34.644193],"lastSale":{"date":"2023-05-11","price":18000.0,"qualified":null},"tax":{"marketValue":2835.0,"assessedValue":null,"taxableValue":null,"taxes":null},"mailingAddress":{"line1":"PO BOX 1548","line2":null,"city":"BURGAW","state":"NC","zip":"28425"},"incomeTract":null,"incomeBlockGroup":null,"nearestRoad":null,"flu":{"code":"Rural Agricultural","label":"Rural Agricultural","jurisdiction":"Pender County","source":"https://gis.pendercountync.gov/arcgis/rest/services/LayersPro/MapServer/35"},"opportunityZone":null,"oz2Eligibility":{"eligible":true,"rural":true,"tractGeoid":"37141920204","tractName":"Census Tract 9202.04","designation":"eligible-for-nomination"},"source":"nc-pender-energov-37141","appraiserUrl":"https://mss.pendercountync.gov/css/citizens/RealEstate/Default.aspx?mode=new"},"geometry":{"type":"Polygon","coordinates":[[[-77.688927,34.643925],[-77.688928,34.644038],[-77.688932,34.644585],[-77.694368,34.64487],[-77.694328,34.644011],[-77.688925,34.643727],[-77.688927,34.643925]]]}},{"type":"Feature","id":"37141:3372-94-6605-0000","properties":{"id":"37141:3372-94-6605-0000","parcelId":"3372-94-6605-0000","countyFips":"37141","countyName":"Pender","state":"North Carolina","marketIds":["Wilmington"],"situsAddress":null,"situsCity":null,"situsZip":null,"jurisdictionCode":"PND","ownerName":"HUGHES, THADDEUS LOVE","ownerName2":null,"propertyName":null,"zoningCode":"RA","zoningDistrict":"Rural Agricultural","jurisdictionPrefix":"PND","dorCode":null,"acreage":12.0,"centroid":[-77.737665,34.635179],"lastSale":{"date":"2020-02-05","price":40000.0,"qualified":null},"tax":{"marketValue":51750.0,"assessedValue":null,"taxableValue":null,"taxes":null},"mailingAddress":{"line1":"185 BLAKEMAN DR","line2":null,"city":"BOONE","state":"NC","zip":"28607"},"incomeTract":null,"incomeBlockGroup":null,"nearestRoad":null,"flu":{"code":"Rural Agricultural","label":"Rural Agricultural","jurisdiction":"Pender County","source":"https://gis.pendercountync.gov/arcgis/rest/services/LayersPro/MapServer/35"},"opportunityZone":null,"oz2Eligibility":{"eligible":true,"rural":true,"tractGeoid":"37141920204","tractName":"Census Tract 9202.04","designation":"eligible-for-nomination"},"source":"nc-pender-energov-37141","appraiserUrl":"https://mss.pendercountync.gov/css/citizens/RealEstate/Default.aspx?mode=new"},"geometry":{"type":"Polygon","coordinates":[[[-77.736692,34.634696],[-77.736617,34.634702],[-77.734281,34.634897],[-77.734271,34.635118],[-77.734231,34.635342],[-77.739268,34.636349],[-77.739233,34.636058],[-77.739135,34.635815],[-77.739004,34.635592],[-77.738902,34.635173],[-77.738834,34.635046],[-77.738671,34.634891],[-77.738612,34.634796],[-77.738599,34.634668],[-77.738628,34.634535],[-77.736692,34.634696]]]}},{"type":"Feature","id":"37141:3394-96-1794-0000","properties":{"id":"37141:3394-96-1794-0000","parcelId":"3394-96-1794-0000","countyFips":"37141","countyName":"Pender","state":"North Carolina","marketIds":["Wilmington"],"situsAddress":"53 HWY OFF","situsCity":null,"situsZip":null,"jurisdictionCode":"PND","ownerName":"HILL, NICEY HEIRS","ownerName2":null,"propertyName":null,"zoningCode":"RA","zoningDistrict":"Rural Agricultural","jurisdictionPrefix":"PND","dorCode":null,"acreage":12.0,"centroid":[-77.67193,34.695015],"lastSale":{"date":null,"price":null,"qualified":null},"tax":{"marketValue":51750.0,"assessedValue":null,"taxableValue":null,"taxes":null},"mailingAddress":{"line1":"C/O LACY PICKETT","line2":null,"city":"MAPLE HILL","state":"NC","zip":"28454"},"incomeTract":null,"incomeBlockGroup":null,"nearestRoad":null,"flu":{"code":"Rural Agricultural","label":"Rural Agricultural","jurisdiction":"Pender County","source":"https://gis.pendercountync.gov/arcgis/rest/services/LayersPro/MapServer/35"},"opportunityZone":null,"oz2Eligibility":{"eligible":true,"rural":true,"tractGeoid":"37141920204","tractName":"Census Tract 9202.04","designation":"eligible-for-nomination"},"source":"nc-pender-energov-37141","appraiserUrl":"https://mss.pendercountync.gov/css/citizens/RealEstate/Default.aspx?mode=new"},"geometry":{"type":"Polygon","coordinates":[[[-77.672603,34.69387],[-77.671185,34.694914],[-77.670029,34.695766],[-77.671322,34.696845],[-77.673808,34.694845],[-77.672632,34.693849],[-77.672603,34.69387]]]}},{"type":"Feature","id":"37141:4303-04-6449-0000","properties":{"id":"37141:4303-04-6449-0000","parcelId":"4303-04-6449-0000","countyFips":"37141","countyName":"Pender","state":"North Carolina","marketIds":["Wilmington"],"situsAddress":"WEBBTOWN RD","situsCity":null,"situsZip":null,"jurisdictionCode":"PND","ownerName":"THOMPSON, NORA","ownerName2":null,"propertyName":null,"zoningCode":"RA","zoningDistrict":"Rural Agricultural","jurisdictionPrefix":"PND","dorCode":null,"acreage":11.92,"centroid":[-77.667853,34.661411],"lastSale":{"date":"2011-11-28","price":null,"qualified":null},"tax":{"marketValue":45360.0,"assessedValue":null,"taxableValue":null,"taxes":null},"mailingAddress":{"line1":"141 LUBY HILL RD","line2":null,"city":"MAPLE HILL","state":"NC","zip":"28454"},"incomeTract":null,"incomeBlockGroup":null,"nearestRoad":null,"flu":{"code":"Rural Agricultural","label":"Rural Agricultural","jurisdiction":"Pender County","source":"https://gis.pendercountync.gov/arcgis/rest/services/LayersPro/MapServer/35"},"opportunityZone":null,"oz2Eligibility":{"eligible":true,"rural":true,"tractGeoid":"37141920204","tractName":"Census Tract 9202.04","designation":"eligible-for-nomination"},"source":"nc-pender-energov-37141","appraiserUrl":"https://mss.pendercountync.gov/css/citizens/RealEstate/Default.aspx?mode=new"},"geometry":{"type":"Polygon","coordinates":[[[-77.665154,34.663743],[-77.665241,34.663805],[-77.66617,34.662897],[-77.666553,34.663168],[-77.672273,34.657559],[-77.671729,34.657296],[-77.665154,34.663743]]]}},{"type":"Feature","id":"37141:3393-94-2186-0000","properties":{"id":"37141:3393-94-2186-0000","parcelId":"3393-94-2186-0000","countyFips":"37141","countyName":"Pender","state":"North Carolina","marketIds":["Wilmington"],"situsAddress":null,"situsCity":null,"situsZip":null,"jurisdictionCode":"PND","ownerName":"LOVE, VANESSA ANN BANNERMAN","ownerName2":null,"propertyName":null,"zoningCode":"RA","zoningDistrict":"Rural Agricultural","jurisdictionPrefix":"PND","dorCode":null,"acreage":11.9,"centroid":[-77.671707,34.661291],"lastSale":{"date":"2024-07-09","price":null,"qualified":null},"tax":{"marketValue":51575.0,"assessedValue":null,"taxableValue":null,"taxes":null},"mailingAddress":{"line1":"7810 TINKERS CREEK DRIVE","line2":null,"city":"CLINTON","state":"MD","zip":"20735"},"incomeTract":null,"incomeBlockGroup":null,"nearestRoad":null,"flu":{"code":"Rural Agricultural","label":"Rural Agricultural","jurisdiction":"Pender County","source":"https://gis.pendercountync.gov/arcgis/rest/services/LayersPro/MapServer/35"},"opportunityZone":null,"oz2Eligibility":{"eligible":true,"rural":true,"tractGeoid":"37141920204","tractName":"Census Tract 9202.04","designation":"eligible-for-nomination"},"source":"nc-pender-energov-37141","appraiserUrl":"https://mss.pendercountync.gov/css/citizens/RealEstate/Default.aspx?mode=new"},"geometry":{"type":"Polygon","coordinates":[[[-77.669579,34.662884],[-77.66974,34.662996],[-77.670161,34.663291],[-77.674902,34.658821],[-77.674154,34.658465],[-77.669579,34.662884]]]}},{"type":"Feature","id":"37141:3384-60-4248-0000","properties":{"id":"37141:3384-60-4248-0000","parcelId":"3384-60-4248-0000","countyFips":"37141","countyName":"Pender","state":"North Carolina","marketIds":["Wilmington"],"situsAddress":"4351 NC 50 HWY","situsCity":null,"situsZip":null,"jurisdictionCode":"PND","ownerName":"LANIER, JASON SCOTT","ownerName2":null,"propertyName":null,"zoningCode":"RA","zoningDistrict":"Rural Agricultural","jurisdictionPrefix":"PND","dorCode":null,"acreage":11.83,"centroid":[-77.715015,34.677319],"lastSale":{"date":"2003-04-23","price":5000.0,"qualified":null},"tax":{"marketValue":346763.0,"assessedValue":null,"taxableValue":null,"taxes":null},"mailingAddress":{"line1":"4351 NC 50 HWY","line2":null,"city":"MAPLE HILL","state":"NC","zip":"28454"},"incomeTract":null,"incomeBlockGroup":null,"nearestRoad":null,"flu":{"code":"Rural Agricultural","label":"Rural Agricultural","jurisdiction":"Pender County","source":"https://gis.pendercountync.gov/arcgis/rest/services/LayersPro/MapServer/35"},"opportunityZone":null,"oz2Eligibility":{"eligible":true,"rural":true,"tractGeoid":"37141920204","tractName":"Census Tract 9202.04","designation":"eligible-for-nomination"},"source":"nc-pender-energov-37141","appraiserUrl":"https://mss.pendercountync.gov/css/citizens/RealEstate/Default.aspx?mode=new"},"geometry":{"type":"Polygon","coordinates":[[[-77.712082,34.678787],[-77.713411,34.679501],[-77.714686,34.678461],[-77.717016,34.676493],[-77.716513,34.676325],[-77.716428,34.676615],[-77.716132,34.676639],[-77.715904,34.67655],[-77.71556,34.676506],[-77.715226,34.676936],[-77.714533,34.677166],[-77.714113,34.677456],[-77.713589,34.677716],[-77.712082,34.678787]]]}},{"type":"Feature","id":"37141:3393-93-5423-0000","properties":{"id":"37141:3393-93-5423-0000","parcelId":"3393-93-5423-0000","countyFips":"37141","countyName":"Pender","state":"North Carolina","marketIds":["Wilmington"],"situsAddress":null,"situsCity":null,"situsZip":null,"jurisdictionCode":"PND","ownerName":"WOOTEN, MABLE WIDOW ET AL","ownerName2":null,"propertyName":null,"zoningCode":"RA","zoningDistrict":"Rural Agricultural","jurisdictionPrefix":"PND","dorCode":null,"acreage":11.75,"centroid":[-77.67008,34.660135],"lastSale":{"date":"2017-03-02","price":null,"qualified":null},"tax":{"marketValue":51313.0,"assessedValue":null,"taxableValue":null,"taxes":null},"mailingAddress":{"line1":"248 HARDY GRAHAM ROAD","line2":null,"city":"MAPLE HILL","state":"NC","zip":"28454"},"incomeTract":null,"incomeBlockGroup":null,"nearestRoad":null,"flu":{"code":"Rural Agricultural","label":"Rural Agricultural","jurisdiction":"Pender County","source":"https://gis.pendercountync.gov/arcgis/rest/services/LayersPro/MapServer/35"},"opportunityZone":null,"oz2Eligibility":{"eligible":true,"rural":true,"tractGeoid":"37141920204","tractName":"Census Tract 9202.04","designation":"eligible-for-nomination"},"source":"nc-pender-energov-37141","appraiserUrl":"https://mss.pendercountync.gov/css/citizens/RealEstate/Default.aspx?mode=new"},"geometry":{"type":"Polygon","coordinates":[[[-77.667342,34.662396],[-77.667846,34.662742],[-77.672861,34.657842],[-77.672273,34.657559],[-77.667342,34.662396]]]}},{"type":"Feature","id":"37141:3394-82-8364-0000","properties":{"id":"37141:3394-82-8364-0000","parcelId":"3394-82-8364-0000","countyFips":"37141","countyName":"Pender","state":"North Carolina","marketIds":["Wilmington"],"situsAddress":"53 HWY OFF","situsCity":null,"situsZip":null,"jurisdictionCode":"PND","ownerName":"LANIER, B BARDEN","ownerName2":null,"propertyName":null,"zoningCode":"RA","zoningDistrict":"Rural Agricultural","jurisdictionPrefix":"PND","dorCode":null,"acreage":11.73,"centroid":[-77.673482,34.683046],"lastSale":{"date":"2019-07-24","price":57500.0,"qualified":null},"tax":{"marketValue":751.0,"assessedValue":null,"taxableValue":null,"taxes":null},"mailingAddress":{"line1":"PO BOX 1237","line2":null,"city":"JACKSONVILLE","state":"NC","zip":"28540"},"incomeTract":null,"incomeBlockGroup":null,"nearestRoad":null,"flu":{"code":"Rural Agricultural","label":"Rural Agricultural","jurisdiction":"Pender County","source":"https://gis.pendercountync.gov/arcgis/rest/services/LayersPro/MapServer/35"},"opportunityZone":null,"oz2Eligibility":{"eligible":true,"rural":true,"tractGeoid":"37141920204","tractName":"Census Tract 9202.04","designation":"eligible-for-nomination"},"source":"nc-pender-energov-37141","appraiserUrl":"https://mss.pendercountync.gov/css/citizens/RealEstate/Default.aspx?mode=new"},"geometry":{"type":"Polygon","coordinates":[[[-77.671613,34.684214],[-77.671535,34.684438],[-77.673423,34.684424],[-77.673459,34.684155],[-77.673693,34.683914],[-77.673836,34.683709],[-77.674341,34.683094],[-77.67445,34.682895],[-77.675118,34.682472],[-77.675293,34.682287],[-77.675259,34.682221],[-77.673968,34.682486],[-77.67257,34.682214],[-77.67244,34.682139],[-77.67237,34.68204],[-77.672337,34.682035],[-77.671613,34.684214]]]}},{"type":"Feature","id":"37141:3394-77-0868-0000","properties":{"id":"37141:3394-77-0868-0000","parcelId":"3394-77-0868-0000","countyFips":"37141","countyName":"Pender","state":"North Carolina","marketIds":["Wilmington"],"situsAddress":"53 HWY OFF","situsCity":null,"situsZip":null,"jurisdictionCode":"PND","ownerName":"LEE, VINCENT ET AL","ownerName2":null,"propertyName":null,"zoningCode":"RA","zoningDistrict":"Rural Agricultural","jurisdictionPrefix":"PND","dorCode":null,"acreage":11.5,"centroid":[-77.67962,34.699165],"lastSale":{"date":"2022-09-28","price":35000.0,"qualified":null},"tax":{"marketValue":52500.0,"assessedValue":null,"taxableValue":null,"taxes":null},"mailingAddress":{"line1":"8944 HWY 50","line2":null,"city":"MAPLE HILL","state":"NC","zip":"28454"},"incomeTract":null,"incomeBlockGroup":null,"nearestRoad":null,"flu":{"code":"Rural Agricultural","label":"Rural Agricultural","jurisdiction":"Pender County","source":"https://gis.pendercountync.gov/arcgis/rest/services/LayersPro/MapServer/35"},"opportunityZone":null,"oz2Eligibility":{"eligible":true,"rural":true,"tractGeoid":"37141920204","tractName":"Census Tract 9202.04","designation":"eligible-for-nomination"},"source":"nc-pender-energov-37141","appraiserUrl":"https://mss.pendercountync.gov/css/citizens/RealEstate/Default.aspx?mode=new"},"geometry":{"type":"Polygon","coordinates":[[[-77.676605,34.697184],[-77.680263,34.700233],[-77.680469,34.700201],[-77.680555,34.699908],[-77.680787,34.69994],[-77.68089,34.699881],[-77.67777,34.696806],[-77.676605,34.697184]]]}},{"type":"Feature","id":"37141:4302-34-7630-0000","properties":{"id":"37141:4302-34-7630-0000","parcelId":"4302-34-7630-0000","countyFips":"37141","countyName":"Pender","state":"North Carolina","marketIds":["Wilmington"],"situsAddress":"50 HWY","situsCity":null,"situsZip":null,"jurisdictionCode":"PND","ownerName":"LEE, MARGIE L","ownerName2":null,"propertyName":null,"zoningCode":"RA","zoningDistrict":"Rural Agricultural","jurisdictionPrefix":"PND","dorCode":null,"acreage":11.5,"centroid":[-77.65743,34.634862],"lastSale":{"date":"1997-07-31","price":5500.0,"qualified":null},"tax":{"marketValue":25125.0,"assessedValue":null,"taxableValue":null,"taxes":null},"mailingAddress":{"line1":"8944 NC HWY 50","line2":null,"city":"MAPLE HILL","state":"NC","zip":"28454"},"incomeTract":null,"incomeBlockGroup":null,"nearestRoad":null,"flu":{"code":"Rural Agricultural","label":"Rural Agricultural","jurisdiction":"Pender County","source":"https://gis.pendercountync.gov/arcgis/rest/services/LayersPro/MapServer/35"},"opportunityZone":null,"oz2Eligibility":{"eligible":true,"rural":true,"tractGeoid":"37141920204","tractName":"Census Tract 9202.04","designation":"eligible-for-nomination"},"source":"nc-pender-energov-37141","appraiserUrl":"https://mss.pendercountync.gov/css/citizens/RealEstate/Default.aspx?mode=new"},"geometry":{"type":"Polygon","coordinates":[[[-77.65792,34.632724],[-77.657114,34.633013],[-77.65719,34.633964],[-77.657142,34.634203],[-77.657184,34.634658],[-77.657137,34.634912],[-77.657007,34.635249],[-77.657056,34.635516],[-77.657139,34.635629],[-77.657155,34.635796],[-77.657146,34.636021],[-77.657003,34.63632],[-77.658107,34.636227],[-77.658068,34.635624],[-77.658386,34.635596],[-77.658132,34.632347],[-77.65792,34.632724]]]}},{"type":"Feature","id":"37141:3383-59-5277-0000","properties":{"id":"37141:3383-59-5277-0000","parcelId":"3383-59-5277-0000","countyFips":"37141","countyName":"Pender","state":"North Carolina","marketIds":["Wilmington"],"situsAddress":"4370 NC HWY 50","situsCity":null,"situsZip":null,"jurisdictionCode":"PND","ownerName":"POWERS, DAVID W ETAL","ownerName2":null,"propertyName":null,"zoningCode":"RA","zoningDistrict":"Rural Agricultural","jurisdictionPrefix":"PND","dorCode":null,"acreage":11.48,"centroid":[-77.717305,34.675386],"lastSale":{"date":"1986-06-19","price":null,"qualified":null},"tax":{"marketValue":89585.0,"assessedValue":null,"taxableValue":null,"taxes":null},"mailingAddress":{"line1":"111 CYPRESS RD","line2":null,"city":"MAPLE HILL","state":"NC","zip":"28454"},"incomeTract":null,"incomeBlockGroup":null,"nearestRoad":null,"flu":{"code":"Rural Agricultural","label":"Rural Agricultural","jurisdiction":"Pender County","source":"https://gis.pendercountync.gov/arcgis/rest/services/LayersPro/MapServer/35"},"opportunityZone":null,"oz2Eligibility":{"eligible":true,"rural":true,"tractGeoid":"37141920204","tractName":"Census Tract 9202.04","designation":"eligible-for-nomination"},"source":"nc-pender-energov-37141","appraiserUrl":"https://mss.pendercountync.gov/css/citizens/RealEstate/Default.aspx?mode=new"},"geometry":{"type":"Polygon","coordinates":[[[-77.715625,34.675706],[-77.715627,34.675707],[-77.716195,34.676011],[-77.716466,34.676128],[-77.717318,34.676395],[-77.721314,34.674129],[-77.718316,34.674704],[-77.71758,34.674306],[-77.715625,34.675706]]]}},{"type":"Feature","id":"37141:3394-32-1505-0000","properties":{"id":"37141:3394-32-1505-0000","parcelId":"3394-32-1505-0000","countyFips":"37141","countyName":"Pender","state":"North Carolina","marketIds":["Wilmington"],"situsAddress":"1767 SYCAMORE SPRINGS RD","situsCity":null,"situsZip":null,"jurisdictionCode":"PND","ownerName":"PICKETT, MARINE RHODES","ownerName2":null,"propertyName":null,"zoningCode":"RA","zoningDistrict":"Rural Agricultural","jurisdictionPrefix":"PND","dorCode":null,"acreage":11.44,"centroid":[-77.691854,34.684149],"lastSale":{"date":"2004-10-08","price":25000.0,"qualified":null},"tax":{"marketValue":47425.0,"assessedValue":null,"taxableValue":null,"taxes":null},"mailingAddress":{"line1":"1767 SYCAMORE SPRINGS RD","line2":null,"city":"MAPLE HILL","state":"NC","zip":"28454"},"incomeTract":null,"incomeBlockGroup":null,"nearestRoad":null,"flu":{"code":"Rural Agricultural","label":"Rural Agricultural","jurisdiction":"Pender County","source":"https://gis.pendercountync.gov/arcgis/rest/services/LayersPro/MapServer/35"},"opportunityZone":null,"oz2Eligibility":{"eligible":true,"rural":true,"tractGeoid":"37141920204","tractName":"Census Tract 9202.04","designation":"eligible-for-nomination"},"source":"nc-pender-energov-37141","appraiserUrl":"https://mss.pendercountync.gov/css/citizens/RealEstate/Default.aspx?mode=new"},"geometry":{"type":"Polygon","coordinates":[[[-77.689754,34.684238],[-77.689756,34.684246],[-77.689876,34.685149],[-77.695052,34.683999],[-77.694833,34.683114],[-77.689754,34.684238]]]}},{"type":"Feature","id":"37141:3394-42-1960-0000","properties":{"id":"37141:3394-42-1960-0000","parcelId":"3394-42-1960-0000","countyFips":"37141","countyName":"Pender","state":"North Carolina","marketIds":["Wilmington"],"situsAddress":null,"situsCity":null,"situsZip":null,"jurisdictionCode":"PND","ownerName":"BONEY, CHARLIE L","ownerName2":null,"propertyName":null,"zoningCode":"RA","zoningDistrict":"Rural Agricultural","jurisdictionPrefix":"PND","dorCode":null,"acreage":11.31,"centroid":[-77.688786,34.685408],"lastSale":{"date":"2020-10-13","price":110000.0,"qualified":null},"tax":{"marketValue":50543.0,"assessedValue":null,"taxableValue":null,"taxes":null},"mailingAddress":{"line1":"PO BOX 1744","line2":null,"city":"BURGAW","state":"NC","zip":"28425"},"incomeTract":null,"incomeBlockGroup":null,"nearestRoad":null,"flu":{"code":"Rural Agricultural","label":"Rural Agricultural","jurisdiction":"Pender County","source":"https://gis.pendercountync.gov/arcgis/rest/services/LayersPro/MapServer/35"},"opportunityZone":null,"oz2Eligibility":{"eligible":true,"rural":true,"tractGeoid":"37141920204","tractName":"Census Tract 9202.04","designation":"eligible-for-nomination"},"source":"nc-pender-energov-37141","appraiserUrl":"https://mss.pendercountync.gov/css/citizens/RealEstate/Default.aspx?mode=new"},"geometry":{"type":"Polygon","coordinates":[[[-77.687678,34.684836],[-77.688063,34.686899],[-77.688384,34.68682],[-77.688627,34.686244],[-77.689289,34.686091],[-77.689591,34.685603],[-77.68966,34.685345],[-77.689668,34.68514],[-77.68942,34.683339],[-77.687478,34.683765],[-77.687678,34.684836]]]}},{"type":"Feature","id":"37141:3382-05-5226-0000","properties":{"id":"37141:3382-05-5226-0000","parcelId":"3382-05-5226-0000","countyFips":"37141","countyName":"Pender","state":"North Carolina","marketIds":["Wilmington"],"situsAddress":"OLD MAPLE HILL RD","situsCity":null,"situsZip":null,"jurisdictionCode":"PND","ownerName":"WOOTEN, PAUL GLENN","ownerName2":null,"propertyName":null,"zoningCode":"RA","zoningDistrict":"Rural Agricultural","jurisdictionPrefix":"PND","dorCode":null,"acreage":11.27,"centroid":[-77.734744,34.637569],"lastSale":{"date":"2012-04-18","price":9000.0,"qualified":null},"tax":{"marketValue":16620.0,"assessedValue":null,"taxableValue":null,"taxes":null},"mailingAddress":{"line1":"1411 HAVENS DRIVE","line2":null,"city":"NORTH MYRTLE BEACH","state":"SC","zip":"29582"},"incomeTract":null,"incomeBlockGroup":null,"nearestRoad":null,"flu":{"code":"Rural Agricultural","label":"Rural Agricultural","jurisdiction":"Pender County","source":"https://gis.pendercountync.gov/arcgis/rest/services/LayersPro/MapServer/35"},"opportunityZone":null,"oz2Eligibility":{"eligible":true,"rural":true,"tractGeoid":"37141920204","tractName":"Census Tract 9202.04","designation":"eligible-for-nomination"},"source":"nc-pender-energov-37141","appraiserUrl":"https://mss.pendercountync.gov/css/citizens/RealEstate/Default.aspx?mode=new"},"geometry":{"type":"Polygon","coordinates":[[[-77.735997,34.638402],[-77.736004,34.638403],[-77.736053,34.638426],[-77.736077,34.638472],[-77.736542,34.636377],[-77.734214,34.635914],[-77.73421,34.636132],[-77.734181,34.636268],[-77.734119,34.636396],[-77.734031,34.636513],[-77.733736,34.636781],[-77.732931,34.637296],[-77.73279,34.637488],[-77.732866,34.637682],[-77.733081,34.637948],[-77.733389,34.63771],[-77.733627,34.637575],[-77.733839,34.637426],[-77.734057,34.63734],[-77.734236,34.637345],[-77.734434,34.637426],[-77.734555,34.637524],[-77.734715,34.637775],[-77.734793,34.637808],[-77.734908,34.637777],[-77.734964,34.637636],[-77.735201,34.637452],[-77.73533,34.637422],[-77.735492,34.637424],[-77.735543,34.637461],[-77.735589,34.637536],[-77.73565,34.637864],[-77.735594,34.637913],[-77.735415,34.63799],[-77.735318,34.638069],[-77.735202,34.638231],[-77.735177,34.638311],[-77.735181,34.638369],[-77.735276,34.63842],[-77.735431,34.638438],[-77.735997,34.638402]]]}},{"type":"Feature","id":"37141:3372-99-2639-0000","properties":{"id":"37141:3372-99-2639-0000","parcelId":"3372-99-2639-0000","countyFips":"37141","countyName":"Pender","state":"North Carolina","marketIds":["Wilmington"],"situsAddress":"13241 NC HWY 53 E","situsCity":null,"situsZip":null,"jurisdictionCode":"PND","ownerName":"SMITH, CALEB","ownerName2":null,"propertyName":null,"zoningCode":"RA","zoningDistrict":"Rural Agricultural","jurisdictionPrefix":"PND","dorCode":null,"acreage":11.22,"centroid":[-77.739094,34.64901],"lastSale":{"date":"2017-02-23","price":75000.0,"qualified":null},"tax":{"marketValue":116145.0,"assessedValue":null,"taxableValue":null,"taxes":null},"mailingAddress":{"line1":"13241 NC HWY 53 E","line2":null,"city":"MAPLE HILL","state":"NC","zip":"28454"},"incomeTract":null,"incomeBlockGroup":null,"nearestRoad":null,"flu":{"code":"Rural Agricultural","label":"Rural Agricultural","jurisdiction":"Pender County","source":"https://gis.pendercountync.gov/arcgis/rest/services/LayersPro/MapServer/35"},"opportunityZone":null,"oz2Eligibility":{"eligible":true,"rural":true,"tractGeoid":"37141920204","tractName":"Census Tract 9202.04","designation":"eligible-for-nomination"},"source":"nc-pender-energov-37141","appraiserUrl":"https://mss.pendercountync.gov/css/citizens/RealEstate/Default.aspx?mode=new"},"geometry":{"type":"MultiPolygon","coordinates":[[[[-77.738072,34.648288],[-77.737648,34.649904],[-77.739518,34.650234],[-77.740592,34.64876],[-77.74062,34.648659],[-77.738114,34.648213],[-77.738072,34.648288]]],[[[-77.739897,34.650193],[-77.739928,34.650219],[-77.740135,34.650395],[-77.740372,34.649546],[-77.739897,34.650193]]]]}},{"type":"Feature","id":"37141:4303-16-3247-000L","properties":{"id":"37141:4303-16-3247-000L","parcelId":"4303-16-3247-000L","countyFips":"37141","countyName":"Pender","state":"North Carolina","marketIds":["Wilmington"],"situsAddress":"110 WOOTEN RD","situsCity":null,"situsZip":null,"jurisdictionCode":"PND","ownerName":"JAMES, ADOLPHUS HEIRS","ownerName2":null,"propertyName":null,"zoningCode":"RA","zoningDistrict":"Rural Agricultural","jurisdictionPrefix":"PND","dorCode":null,"acreage":11.08,"centroid":[-77.665125,34.667181],"lastSale":{"date":"2003-11-14","price":null,"qualified":null},"tax":{"marketValue":67209.0,"assessedValue":null,"taxableValue":null,"taxes":null},"mailingAddress":{"line1":"144 WOOTEN RD","line2":null,"city":"MAPLE HILL","state":"NC","zip":"28454"},"incomeTract":null,"incomeBlockGroup":null,"nearestRoad":null,"flu":{"code":"Rural Agricultural","label":"Rural Agricultural","jurisdiction":"Pender County","source":"https://gis.pendercountync.gov/arcgis/rest/services/LayersPro/MapServer/35"},"opportunityZone":null,"oz2Eligibility":{"eligible":true,"rural":true,"tractGeoid":"37141920204","tractName":"Census Tract 9202.04","designation":"eligible-for-nomination"},"source":"nc-pender-energov-37141","appraiserUrl":"https://mss.pendercountync.gov/css/citizens/RealEstate/Default.aspx?mode=new"},"geometry":{"type":"Polygon","coordinates":[[[-77.663701,34.667553],[-77.663655,34.668033],[-77.665088,34.668121],[-77.66541,34.6678],[-77.664491,34.667181],[-77.664744,34.666929],[-77.66567,34.667543],[-77.665883,34.667331],[-77.66557,34.667133],[-77.665744,34.666917],[-77.666106,34.667109],[-77.666626,34.666592],[-77.663934,34.665111],[-77.663701,34.667553]]]}},{"type":"Feature","id":"37141:4303-19-8688-0000","properties":{"id":"37141:4303-19-8688-0000","parcelId":"4303-19-8688-0000","countyFips":"37141","countyName":"Pender","state":"North Carolina","marketIds":["Wilmington"],"situsAddress":null,"situsCity":null,"situsZip":null,"jurisdictionCode":"PND","ownerName":"LOVE, VANESSA ANN BANNERMAN","ownerName2":null,"propertyName":null,"zoningCode":"RP","zoningDistrict":"Residential Performance","jurisdictionPrefix":"PND","dorCode":null,"acreage":11.08,"centroid":[-77.663606,34.67609],"lastSale":{"date":"2024-07-09","price":null,"qualified":null},"tax":{"marketValue":50140.0,"assessedValue":null,"taxableValue":null,"taxes":null},"mailingAddress":{"line1":"7810 TINKERS CREEK","line2":null,"city":"CLINTON","state":"MD","zip":"20735"},"incomeTract":null,"incomeBlockGroup":null,"nearestRoad":null,"flu":{"code":"Rural Agricultural","label":"Rural Agricultural","jurisdiction":"Pender County","source":"https://gis.pendercountync.gov/arcgis/rest/services/LayersPro/MapServer/35"},"opportunityZone":null,"oz2Eligibility":{"eligible":true,"rural":true,"tractGeoid":"37141920204","tractName":"Census Tract 9202.04","designation":"eligible-for-nomination"},"source":"nc-pender-energov-37141","appraiserUrl":"https://mss.pendercountync.gov/css/citizens/RealEstate/Default.aspx?mode=new"},"geometry":{"type":"Polygon","coordinates":[[[-77.662433,34.676733],[-77.66253,34.676695],[-77.662803,34.676676],[-77.663045,34.676688],[-77.66315,34.676717],[-77.663266,34.676841],[-77.663342,34.676863],[-77.663992,34.676761],[-77.664223,34.67659],[-77.664307,34.67655],[-77.664377,34.676476],[-77.664378,34.676419],[-77.664507,34.676302],[-77.66456,34.676068],[-77.664665,34.675897],[-77.664717,34.675745],[-77.66484,34.67563],[-77.664894,34.675535],[-77.664887,34.675444],[-77.663654,34.675236],[-77.662356,34.675091],[-77.662197,34.675216],[-77.661787,34.674928],[-77.661627,34.675059],[-77.662433,34.676733]]]}},{"type":"Feature","id":"37141:3393-37-7172-0000","properties":{"id":"37141:3393-37-7172-0000","parcelId":"3393-37-7172-0000","countyFips":"37141","countyName":"Pender","state":"North Carolina","marketIds":["Wilmington"],"situsAddress":null,"situsCity":null,"situsZip":null,"jurisdictionCode":"PND","ownerName":"JONES, KENNETH G JR","ownerName2":null,"propertyName":null,"zoningCode":"RA","zoningDistrict":"Rural Agricultural","jurisdictionPrefix":"PND","dorCode":null,"acreage":11.0,"centroid":[-77.684707,34.669123],"lastSale":{"date":null,"price":null,"qualified":null},"tax":{"marketValue":51500.0,"assessedValue":null,"taxableValue":null,"taxes":null},"mailingAddress":{"line1":"645 OLD MAPLE HILL  ROAD","line2":null,"city":"MAPLE HILL","state":"NC","zip":"28454"},"incomeTract":null,"incomeBlockGroup":null,"nearestRoad":null,"flu":{"code":"Rural Agricultural","label":"Rural Agricultural","jurisdiction":"Pender County","source":"https://gis.pendercountync.gov/arcgis/rest/services/LayersPro/MapServer/35"},"opportunityZone":null,"oz2Eligibility":{"eligible":true,"rural":true,"tractGeoid":"37141920204","tractName":"Census Tract 9202.04","designation":"eligible-for-nomination"},"source":"nc-pender-energov-37141","appraiserUrl":"https://mss.pendercountync.gov/css/citizens/RealEstate/Default.aspx?mode=new"},"geometry":{"type":"MultiPolygon","coordinates":[[[[-77.683506,34.668874],[-77.683508,34.668879],[-77.683555,34.668945],[-77.683727,34.669069],[-77.683752,34.669202],[-77.683847,34.669335],[-77.683969,34.669464],[-77.688267,34.669393],[-77.688236,34.668948],[-77.683506,34.668874]]],[[[-77.688448,34.668966],[-77.688451,34.669019],[-77.688478,34.6694],[-77.695476,34.669296],[-77.69527,34.669079],[-77.688448,34.668966]]]]}},{"type":"Feature","id":"37141:3395-71-9904-0000","properties":{"id":"37141:3395-71-9904-0000","parcelId":"3395-71-9904-0000","countyFips":"37141","countyName":"Pender","state":"North Carolina","marketIds":["Wilmington"],"situsAddress":null,"situsCity":null,"situsZip":null,"jurisdictionCode":"PND","ownerName":"PICKETT, E G ESTATE","ownerName2":null,"propertyName":null,"zoningCode":"RA","zoningDistrict":"Rural Agricultural","jurisdictionPrefix":"PND","dorCode":null,"acreage":11.0,"centroid":[-77.674685,34.707682],"lastSale":{"date":null,"price":null,"qualified":null},"tax":{"marketValue":50000.0,"assessedValue":null,"taxableValue":null,"taxes":null},"mailingAddress":{"line1":"408 SHARON WAY","line2":null,"city":"JACKSONVILLE","state":"NC","zip":"28546"},"incomeTract":null,"incomeBlockGroup":null,"nearestRoad":null,"flu":{"code":"Rural Agricultural","label":"Rural Agricultural","jurisdiction":"Pender County","source":"https://gis.pendercountync.gov/arcgis/rest/services/LayersPro/MapServer/35"},"opportunityZone":null,"oz2Eligibility":{"eligible":true,"rural":true,"tractGeoid":"37141920204","tractName":"Census Tract 9202.04","designation":"eligible-for-nomination"},"source":"nc-pender-energov-37141","appraiserUrl":"https://mss.pendercountync.gov/css/citizens/RealEstate/Default.aspx?mode=new"},"geometry":{"type":"Polygon","coordinates":[[[-77.674328,34.706824],[-77.67437,34.706926],[-77.674368,34.707015],[-77.674201,34.707179],[-77.674071,34.707186],[-77.674014,34.707222],[-77.673988,34.707286],[-77.674044,34.707389],[-77.674041,34.707471],[-77.673995,34.707479],[-77.676527,34.712872],[-77.677647,34.712068],[-77.675223,34.706725],[-77.674938,34.706752],[-77.674843,34.706704],[-77.674703,34.706757],[-77.674351,34.706742],[-77.674328,34.706824]]]}},{"type":"Feature","id":"37141:4301-01-4003-0000","properties":{"id":"37141:4301-01-4003-0000","parcelId":"4301-01-4003-0000","countyFips":"37141","countyName":"Pender","state":"North Carolina","marketIds":["Wilmington"],"situsAddress":null,"situsCity":null,"situsZip":null,"jurisdictionCode":"PND","ownerName":"SWINSON, ROBERT ISAAC JR","ownerName2":null,"propertyName":null,"zoningCode":"RA","zoningDistrict":"Rural Agricultural","jurisdictionPrefix":"PND","dorCode":null,"acreage":11.0,"centroid":[-77.671144,34.597695],"lastSale":{"date":"2023-10-05","price":null,"qualified":null},"tax":{"marketValue":50000.0,"assessedValue":null,"taxableValue":null,"taxes":null},"mailingAddress":{"line1":"1672 WATTS LANDING ROAD","line2":null,"city":"HAMPSTEAD","state":"NC","zip":"28443"},"incomeTract":null,"incomeBlockGroup":null,"nearestRoad":null,"flu":{"code":"Rural Agricultural","label":"Rural Agricultural","jurisdiction":"Pender County","source":"https://gis.pendercountync.gov/arcgis/rest/services/LayersPro/MapServer/35"},"opportunityZone":null,"oz2Eligibility":{"eligible":true,"rural":true,"tractGeoid":"37141920204","tractName":"Census Tract 9202.04","designation":"eligible-for-nomination"},"source":"nc-pender-energov-37141","appraiserUrl":"https://mss.pendercountync.gov/css/citizens/RealEstate/Default.aspx?mode=new"},"geometry":{"type":"MultiPolygon","coordinates":[[[[-77.670753,34.598458],[-77.672867,34.597608],[-77.672887,34.5976],[-77.672354,34.596694],[-77.671717,34.596972],[-77.669051,34.598029],[-77.669147,34.598356],[-77.670379,34.597845],[-77.670753,34.598458]]],[[[-77.668735,34.596952],[-77.668735,34.596952],[-77.668999,34.597851],[-77.670092,34.597415],[-77.669481,34.596419],[-77.668735,34.596952]]]]}},{"type":"Feature","id":"37141:3392-74-3041-0000","properties":{"id":"37141:3392-74-3041-0000","parcelId":"3392-74-3041-0000","countyFips":"37141","countyName":"Pender","state":"North Carolina","marketIds":["Wilmington"],"situsAddress":"686 LEE RD","situsCity":null,"situsZip":null,"jurisdictionCode":"PND","ownerName":"GRAHAM, JAMES P","ownerName2":null,"propertyName":null,"zoningCode":"RP","zoningDistrict":"Residential Performance","jurisdictionPrefix":"PND","dorCode":null,"acreage":10.9,"centroid":[-77.679336,34.630254],"lastSale":{"date":"2023-11-21","price":null,"qualified":null},"tax":{"marketValue":182470.0,"assessedValue":null,"taxableValue":null,"taxes":null},"mailingAddress":{"line1":"4034 BURGAW HWY","line2":null,"city":"MAPLE HILL","state":"NC","zip":"28454"},"incomeTract":null,"incomeBlockGroup":null,"nearestRoad":null,"flu":{"code":"Rural Agricultural","label":"Rural Agricultural","jurisdiction":"Pender County","source":"https://gis.pendercountync.gov/arcgis/rest/services/LayersPro/MapServer/35"},"opportunityZone":null,"oz2Eligibility":{"eligible":true,"rural":true,"tractGeoid":"37141920204","tractName":"Census Tract 9202.04","designation":"eligible-for-nomination"},"source":"nc-pender-energov-37141","appraiserUrl":"https://mss.pendercountync.gov/css/citizens/RealEstate/Default.aspx?mode=new"},"geometry":{"type":"Polygon","coordinates":[[[-77.679124,34.629379],[-77.678994,34.631029],[-77.67931,34.630991],[-77.679256,34.630367],[-77.67961,34.630328],[-77.679724,34.629431],[-77.679124,34.629379]]]}},{"type":"Feature","id":"37141:3383-22-9875-0000","properties":{"id":"37141:3383-22-9875-0000","parcelId":"3383-22-9875-0000","countyFips":"37141","countyName":"Pender","state":"North Carolina","marketIds":["Wilmington"],"situsAddress":"NC HWY 53 E","situsCity":null,"situsZip":null,"jurisdictionCode":"PND","ownerName":"SCHWARTZ, JENNIFER H TRUSTEE","ownerName2":null,"propertyName":null,"zoningCode":"RA","zoningDistrict":"Rural Agricultural","jurisdictionPrefix":"PND","dorCode":null,"acreage":10.75,"centroid":[-77.726459,34.657823],"lastSale":{"date":"2018-03-21","price":null,"qualified":null},"tax":{"marketValue":49250.0,"assessedValue":null,"taxableValue":null,"taxes":null},"mailingAddress":{"line1":"C/O ROXANNE M HARRELL","line2":null,"city":"BURGAW","state":"NC","zip":"28425"},"incomeTract":null,"incomeBlockGroup":null,"nearestRoad":null,"flu":{"code":"Rural Agricultural","label":"Rural Agricultural","jurisdiction":"Pender County","source":"https://gis.pendercountync.gov/arcgis/rest/services/LayersPro/MapServer/35"},"opportunityZone":null,"oz2Eligibility":{"eligible":true,"rural":true,"tractGeoid":"37141920204","tractName":"Census Tract 9202.04","designation":"eligible-for-nomination"},"source":"nc-pender-energov-37141","appraiserUrl":"https://mss.pendercountync.gov/css/citizens/RealEstate/Default.aspx?mode=new"},"geometry":{"type":"Polygon","coordinates":[[[-77.724081,34.659386],[-77.724667,34.659894],[-77.728835,34.656248],[-77.728251,34.655765],[-77.724081,34.659386]]]}},{"type":"Feature","id":"37141:3394-45-2887-0000","properties":{"id":"37141:3394-45-2887-0000","parcelId":"3394-45-2887-0000","countyFips":"37141","countyName":"Pender","state":"North Carolina","marketIds":["Wilmington"],"situsAddress":null,"situsCity":null,"situsZip":null,"jurisdictionCode":"PND","ownerName":"LANIER, B BARDEN","ownerName2":null,"propertyName":null,"zoningCode":"RA","zoningDistrict":"Rural Agricultural","jurisdictionPrefix":"PND","dorCode":null,"acreage":10.72,"centroid":[-77.687535,34.693327],"lastSale":{"date":null,"price":null,"qualified":null},"tax":{"marketValue":2096.0,"assessedValue":null,"taxableValue":null,"taxes":null},"mailingAddress":{"line1":"P O BOX 1237","line2":null,"city":"JACKSONVILLE","state":"NC","zip":"28540"},"incomeTract":null,"incomeBlockGroup":null,"nearestRoad":null,"flu":{"code":"Rural Agricultural","label":"Rural Agricultural","jurisdiction":"Pender County","source":"https://gis.pendercountync.gov/arcgis/rest/services/LayersPro/MapServer/35"},"opportunityZone":null,"oz2Eligibility":{"eligible":true,"rural":true,"tractGeoid":"37141920204","tractName":"Census Tract 9202.04","designation":"eligible-for-nomination"},"source":"nc-pender-energov-37141","appraiserUrl":"https://mss.pendercountync.gov/css/citizens/RealEstate/Default.aspx?mode=new"},"geometry":{"type":"MultiPolygon","coordinates":[[[[-77.684716,34.693485],[-77.684677,34.693491],[-77.685409,34.694108],[-77.687814,34.693642],[-77.691443,34.692838],[-77.691153,34.692399],[-77.684716,34.693485]]],[[[-77.691366,34.69237],[-77.691403,34.692423],[-77.69166,34.692793],[-77.691872,34.692742],[-77.691593,34.692329],[-77.691366,34.69237]]]]}},{"type":"Feature","id":"37141:3393-49-6712-0000","properties":{"id":"37141:3393-49-6712-0000","parcelId":"3393-49-6712-0000","countyFips":"37141","countyName":"Pender","state":"North Carolina","marketIds":["Wilmington"],"situsAddress":null,"situsCity":null,"situsZip":null,"jurisdictionCode":"PND","ownerName":"LANIER, BENJAMIN LUTHER","ownerName2":null,"propertyName":null,"zoningCode":"RA","zoningDistrict":"Rural Agricultural","jurisdictionPrefix":"PND","dorCode":null,"acreage":10.7,"centroid":[-77.685764,34.676354],"lastSale":{"date":null,"price":null,"qualified":null},"tax":{"marketValue":49100.0,"assessedValue":null,"taxableValue":null,"taxes":null},"mailingAddress":{"line1":"2101 LODESTER DR","line2":null,"city":"RALEIGH","state":"NC","zip":"27615"},"incomeTract":null,"incomeBlockGroup":null,"nearestRoad":null,"flu":{"code":"Rural Agricultural","label":"Rural Agricultural","jurisdiction":"Pender County","source":"https://gis.pendercountync.gov/arcgis/rest/services/LayersPro/MapServer/35"},"opportunityZone":null,"oz2Eligibility":{"eligible":true,"rural":true,"tractGeoid":"37141920204","tractName":"Census Tract 9202.04","designation":"eligible-for-nomination"},"source":"nc-pender-energov-37141","appraiserUrl":"https://mss.pendercountync.gov/css/citizens/RealEstate/Default.aspx?mode=new"},"geometry":{"type":"Polygon","coordinates":[[[-77.685606,34.675754],[-77.68552,34.675822],[-77.685477,34.675886],[-77.685472,34.675967],[-77.685411,34.676065],[-77.685449,34.6762],[-77.685425,34.676358],[-77.685249,34.676556],[-77.685202,34.676682],[-77.685138,34.676762],[-77.685092,34.676868],[-77.685003,34.676939],[-77.684934,34.677043],[-77.68879,34.676827],[-77.688699,34.675583],[-77.685606,34.675754]]]}},{"type":"Feature","id":"37141:3393-35-6939-0000","properties":{"id":"37141:3393-35-6939-0000","parcelId":"3393-35-6939-0000","countyFips":"37141","countyName":"Pender","state":"North Carolina","marketIds":["Wilmington"],"situsAddress":"405 OLD MAPLE HILL RD","situsCity":null,"situsZip":null,"jurisdictionCode":"PND","ownerName":"WARREN, NEIL WARREN L/E","ownerName2":null,"propertyName":null,"zoningCode":"RA","zoningDistrict":"Rural Agricultural","jurisdictionPrefix":"PND","dorCode":null,"acreage":10.61,"centroid":[-77.691492,34.666259],"lastSale":{"date":null,"price":null,"qualified":null},"tax":{"marketValue":165083.0,"assessedValue":null,"taxableValue":null,"taxes":null},"mailingAddress":{"line1":"405 OLD MAPLE HILL ROAD","line2":null,"city":"MAPLE HILL","state":"NC","zip":"28454"},"incomeTract":null,"incomeBlockGroup":null,"nearestRoad":null,"flu":{"code":"Rural Agricultural","label":"Rural Agricultural","jurisdiction":"Pender County","source":"https://gis.pendercountync.gov/arcgis/rest/services/LayersPro/MapServer/35"},"opportunityZone":null,"oz2Eligibility":{"eligible":true,"rural":true,"tractGeoid":"37141920204","tractName":"Census Tract 9202.04","designation":"eligible-for-nomination"},"source":"nc-pender-energov-37141","appraiserUrl":"https://mss.pendercountync.gov/css/citizens/RealEstate/Default.aspx?mode=new"},"geometry":{"type":"Polygon","coordinates":[[[-77.689144,34.666052],[-77.69385,34.667583],[-77.692845,34.666525],[-77.69013,34.664876],[-77.689144,34.666052]]]}},{"type":"Feature","id":"37141:3393-41-1223-0000","properties":{"id":"37141:3393-41-1223-0000","parcelId":"3393-41-1223-0000","countyFips":"37141","countyName":"Pender","state":"North Carolina","marketIds":["Wilmington"],"situsAddress":"50 HWY OFF","situsCity":null,"situsZip":null,"jurisdictionCode":"PND","ownerName":"CRENSHAW, TOMMIE E JR","ownerName2":null,"propertyName":null,"zoningCode":"RA","zoningDistrict":"Rural Agricultural","jurisdictionPrefix":"PND","dorCode":null,"acreage":10.61,"centroid":[-77.689109,34.653027],"lastSale":{"date":"2016-05-05","price":null,"qualified":null},"tax":{"marketValue":14185.0,"assessedValue":null,"taxableValue":null,"taxes":null},"mailingAddress":{"line1":"6290 NC HWY 50","line2":null,"city":"MAPLE HILL","state":"NC","zip":"28454"},"incomeTract":null,"incomeBlockGroup":null,"nearestRoad":null,"flu":{"code":"Rural Agricultural","label":"Rural Agricultural","jurisdiction":"Pender County","source":"https://gis.pendercountync.gov/arcgis/rest/services/LayersPro/MapServer/35"},"opportunityZone":null,"oz2Eligibility":{"eligible":true,"rural":true,"tractGeoid":"37141920204","tractName":"Census Tract 9202.04","designation":"eligible-for-nomination"},"source":"nc-pender-energov-37141","appraiserUrl":"https://mss.pendercountync.gov/css/citizens/RealEstate/Default.aspx?mode=new"},"geometry":{"type":"Polygon","coordinates":[[[-77.689179,34.65372],[-77.690347,34.654752],[-77.690623,34.652392],[-77.687749,34.651906],[-77.687646,34.652364],[-77.689179,34.65372]]]}},{"type":"Feature","id":"37141:3394-45-4561-0000","properties":{"id":"37141:3394-45-4561-0000","parcelId":"3394-45-4561-0000","countyFips":"37141","countyName":"Pender","state":"North Carolina","marketIds":["Wilmington"],"situsAddress":null,"situsCity":null,"situsZip":null,"jurisdictionCode":"PND","ownerName":"SUGGS, NICHOLAS GREY","ownerName2":null,"propertyName":null,"zoningCode":"RA","zoningDistrict":"Rural Agricultural","jurisdictionPrefix":"PND","dorCode":null,"acreage":10.33,"centroid":[-77.686095,34.692471],"lastSale":{"date":"2026-06-11","price":50000.0,"qualified":null},"tax":{"marketValue":47990.0,"assessedValue":null,"taxableValue":null,"taxes":null},"mailingAddress":{"line1":"148 PINCKNEY DR","line2":null,"city":"FOLKSTON","state":"GA","zip":"31537"},"incomeTract":null,"incomeBlockGroup":null,"nearestRoad":null,"flu":{"code":"Rural Agricultural","label":"Rural Agricultural","jurisdiction":"Pender County","source":"https://gis.pendercountync.gov/arcgis/rest/services/LayersPro/MapServer/35"},"opportunityZone":null,"oz2Eligibility":{"eligible":true,"rural":true,"tractGeoid":"37141920204","tractName":"Census Tract 9202.04","designation":"eligible-for-nomination"},"source":"nc-pender-energov-37141","appraiserUrl":"https://mss.pendercountync.gov/css/citizens/RealEstate/Default.aspx?mode=new"},"geometry":{"type":"MultiPolygon","coordinates":[[[[-77.690601,34.691565],[-77.684413,34.692303],[-77.68443,34.692431],[-77.684534,34.692615],[-77.684571,34.692885],[-77.684638,34.692977],[-77.6847,34.693011],[-77.690874,34.691978],[-77.690601,34.691565]]],[[[-77.690827,34.691529],[-77.69086,34.69158],[-77.691091,34.691943],[-77.691308,34.691906],[-77.691044,34.691513],[-77.690827,34.691529]]]]}},{"type":"Feature","id":"37141:3393-84-5082-0000","properties":{"id":"37141:3393-84-5082-0000","parcelId":"3393-84-5082-0000","countyFips":"37141","countyName":"Pender","state":"North Carolina","marketIds":["Wilmington"],"situsAddress":"MAPLE HILL SCHOOL RD","situsCity":null,"situsZip":null,"jurisdictionCode":"PND","ownerName":"WALKER, JOHN HENRY","ownerName2":null,"propertyName":null,"zoningCode":"RA","zoningDistrict":"Rural Agricultural","jurisdictionPrefix":"PND","dorCode":null,"acreage":10.21,"centroid":[-77.674332,34.660535],"lastSale":{"date":null,"price":null,"qualified":null},"tax":{"marketValue":26118.0,"assessedValue":null,"taxableValue":null,"taxes":null},"mailingAddress":{"line1":"7026 HWY 50","line2":null,"city":"MAPLE HILL","state":"NC","zip":"28454"},"incomeTract":null,"incomeBlockGroup":null,"nearestRoad":null,"flu":{"code":"Rural Agricultural","label":"Rural Agricultural","jurisdiction":"Pender County","source":"https://gis.pendercountync.gov/arcgis/rest/services/LayersPro/MapServer/35"},"opportunityZone":null,"oz2Eligibility":{"eligible":true,"rural":true,"tractGeoid":"37141920204","tractName":"Census Tract 9202.04","designation":"eligible-for-nomination"},"source":"nc-pender-energov-37141","appraiserUrl":"https://mss.pendercountync.gov/css/citizens/RealEstate/Default.aspx?mode=new"},"geometry":{"type":"Polygon","coordinates":[[[-77.67306,34.66215],[-77.672982,34.662309],[-77.674664,34.661514],[-77.675823,34.659267],[-77.674902,34.658821],[-77.674558,34.659147],[-77.67306,34.66215]]]}},{"type":"Feature","id":"37141:3372-77-8176-0000","properties":{"id":"37141:3372-77-8176-0000","parcelId":"3372-77-8176-0000","countyFips":"37141","countyName":"Pender","state":"North Carolina","marketIds":["Wilmington"],"situsAddress":"53 HWY","situsCity":null,"situsZip":null,"jurisdictionCode":"PND","ownerName":"WATTS, JAMES THOMAS JR","ownerName2":null,"propertyName":null,"zoningCode":"RA","zoningDistrict":"Rural Agricultural","jurisdictionPrefix":"PND","dorCode":null,"acreage":10.19,"centroid":[-77.744026,34.642518],"lastSale":{"date":"2005-10-14","price":null,"qualified":null},"tax":{"marketValue":38056.0,"assessedValue":null,"taxableValue":null,"taxes":null},"mailingAddress":{"line1":"308 WINDSONG RD","line2":null,"city":"WILMINGTON","state":"NC","zip":"28411"},"incomeTract":null,"incomeBlockGroup":null,"nearestRoad":null,"flu":{"code":"Rural Agricultural","label":"Rural Agricultural","jurisdiction":"Pender County","source":"https://gis.pendercountync.gov/arcgis/rest/services/LayersPro/MapServer/35"},"opportunityZone":null,"oz2Eligibility":{"eligible":true,"rural":true,"tractGeoid":"37141920204","tractName":"Census Tract 9202.04","designation":"eligible-for-nomination"},"source":"nc-pender-energov-37141","appraiserUrl":"https://mss.pendercountync.gov/css/citizens/RealEstate/Default.aspx?mode=new"},"geometry":{"type":"Polygon","coordinates":[[[-77.742272,34.642644],[-77.744328,34.643622],[-77.744746,34.643053],[-77.744478,34.642911],[-77.744647,34.642665],[-77.744302,34.642469],[-77.74464,34.642004],[-77.742794,34.640775],[-77.742272,34.642644]]]}},{"type":"Feature","id":"37141:3394-65-1679-0000","properties":{"id":"37141:3394-65-1679-0000","parcelId":"3394-65-1679-0000","countyFips":"37141","countyName":"Pender","state":"North Carolina","marketIds":["Wilmington"],"situsAddress":"NC 53 HWY","situsCity":null,"situsZip":null,"jurisdictionCode":"PND","ownerName":"JAMES, NELSON L","ownerName2":null,"propertyName":null,"zoningCode":"RA","zoningDistrict":"Rural Agricultural","jurisdictionPrefix":"PND","dorCode":null,"acreage":10.09,"centroid":[-77.680936,34.691748],"lastSale":{"date":"2023-01-27","price":null,"qualified":null},"tax":{"marketValue":20958.0,"assessedValue":null,"taxableValue":null,"taxes":null},"mailingAddress":{"line1":"17814 NC HWY 53","line2":null,"city":"MAPLE HILL","state":"NC","zip":"28454"},"incomeTract":null,"incomeBlockGroup":null,"nearestRoad":null,"flu":{"code":"Rural Agricultural","label":"Rural Agricultural","jurisdiction":"Pender County","source":"https://gis.pendercountync.gov/arcgis/rest/services/LayersPro/MapServer/35"},"opportunityZone":null,"oz2Eligibility":{"eligible":true,"rural":true,"tractGeoid":"37141920204","tractName":"Census Tract 9202.04","designation":"eligible-for-nomination"},"source":"nc-pender-energov-37141","appraiserUrl":"https://mss.pendercountync.gov/css/citizens/RealEstate/Default.aspx?mode=new"},"geometry":{"type":"Polygon","coordinates":[[[-77.680422,34.691781],[-77.684507,34.695186],[-77.684775,34.694515],[-77.679992,34.690489],[-77.679685,34.690241],[-77.679098,34.690677],[-77.679851,34.691305],[-77.679863,34.691113],[-77.680245,34.690803],[-77.680917,34.691371],[-77.680422,34.691781]]]}},{"type":"Feature","id":"37141:3384-60-8231-0000","properties":{"id":"37141:3384-60-8231-0000","parcelId":"3384-60-8231-0000","countyFips":"37141","countyName":"Pender","state":"North Carolina","marketIds":["Wilmington"],"situsAddress":"4415 NC HWY 50","situsCity":null,"situsZip":null,"jurisdictionCode":"PND","ownerName":"BUNN, SHERREL SHOLAR ET AL","ownerName2":null,"propertyName":null,"zoningCode":"RA","zoningDistrict":"Rural Agricultural","jurisdictionPrefix":"PND","dorCode":null,"acreage":10.0,"centroid":[-77.714727,34.676814],"lastSale":{"date":"2013-08-26","price":null,"qualified":null},"tax":{"marketValue":57560.0,"assessedValue":null,"taxableValue":null,"taxes":null},"mailingAddress":{"line1":"5029 DOCKSIDE DR","line2":null,"city":"WILMINGTON","state":"NC","zip":"28409"},"incomeTract":null,"incomeBlockGroup":null,"nearestRoad":null,"flu":{"code":"Rural Agricultural","label":"Rural Agricultural","jurisdiction":"Pender County","source":"https://gis.pendercountync.gov/arcgis/rest/services/LayersPro/MapServer/35"},"opportunityZone":null,"oz2Eligibility":{"eligible":true,"rural":true,"tractGeoid":"37141920204","tractName":"Census Tract 9202.04","designation":"eligible-for-nomination"},"source":"nc-pender-energov-37141","appraiserUrl":"https://mss.pendercountync.gov/css/citizens/RealEstate/Default.aspx?mode=new"},"geometry":{"type":"Polygon","coordinates":[[[-77.711731,34.677888],[-77.711742,34.677896],[-77.712533,34.678472],[-77.713589,34.677716],[-77.714113,34.677456],[-77.714533,34.677166],[-77.715226,34.676936],[-77.71556,34.676506],[-77.715904,34.67655],[-77.716132,34.676639],[-77.716428,34.676615],[-77.716513,34.676325],[-77.716073,34.676135],[-77.715608,34.675879],[-77.715126,34.675557],[-77.71482,34.675288],[-77.711731,34.677888]]]}},{"type":"Feature","id":"37141:3392-37-5067-0000","properties":{"id":"37141:3392-37-5067-0000","parcelId":"3392-37-5067-0000","countyFips":"37141","countyName":"Pender","state":"North Carolina","marketIds":["Wilmington"],"situsAddress":null,"situsCity":null,"situsZip":null,"jurisdictionCode":"PND","ownerName":"JORDAN, MARY G","ownerName2":null,"propertyName":null,"zoningCode":"RA","zoningDistrict":"Rural Agricultural","jurisdictionPrefix":"PND","dorCode":null,"acreage":10.0,"centroid":[-77.6911,34.642204],"lastSale":{"date":"1997-07-23","price":null,"qualified":null},"tax":{"marketValue":5160.0,"assessedValue":null,"taxableValue":null,"taxes":null},"mailingAddress":{"line1":"121 WOOTEN ROAD","line2":null,"city":"MAPLE HILL","state":"NC","zip":"28454"},"incomeTract":null,"incomeBlockGroup":null,"nearestRoad":null,"flu":{"code":"Rural Agricultural","label":"Rural Agricultural","jurisdiction":"Pender County","source":"https://gis.pendercountync.gov/arcgis/rest/services/LayersPro/MapServer/35"},"opportunityZone":null,"oz2Eligibility":{"eligible":true,"rural":true,"tractGeoid":"37141920204","tractName":"Census Tract 9202.04","designation":"eligible-for-nomination"},"source":"nc-pender-energov-37141","appraiserUrl":"https://mss.pendercountync.gov/css/citizens/RealEstate/Default.aspx?mode=new"},"geometry":{"type":"Polygon","coordinates":[[[-77.688915,34.642399],[-77.689179,34.642413],[-77.694267,34.64268],[-77.694232,34.641901],[-77.688909,34.641629],[-77.688915,34.642399]]]}},{"type":"Feature","id":"37141:3392-79-9734-0000","properties":{"id":"37141:3392-79-9734-0000","parcelId":"3392-79-9734-0000","countyFips":"37141","countyName":"Pender","state":"North Carolina","marketIds":["Wilmington"],"situsAddress":"7409 NC HWY 50","situsCity":null,"situsZip":null,"jurisdictionCode":"PND","ownerName":"PICKETT, PETER HEIRS","ownerName2":null,"propertyName":null,"zoningCode":"RA","zoningDistrict":"Rural Agricultural","jurisdictionPrefix":"PND","dorCode":null,"acreage":10.0,"centroid":[-77.676854,34.648725],"lastSale":{"date":"2003-02-24","price":null,"qualified":null},"tax":{"marketValue":47000.0,"assessedValue":null,"taxableValue":null,"taxes":null},"mailingAddress":{"line1":"C/O ELFRIDA G PRAYER","line2":null,"city":"MAPLE HILL","state":"NC","zip":"28454"},"incomeTract":null,"incomeBlockGroup":null,"nearestRoad":null,"flu":{"code":"Rural Agricultural","label":"Rural Agricultural","jurisdiction":"Pender County","source":"https://gis.pendercountync.gov/arcgis/rest/services/LayersPro/MapServer/35"},"opportunityZone":null,"oz2Eligibility":{"eligible":true,"rural":true,"tractGeoid":"37141920204","tractName":"Census Tract 9202.04","designation":"eligible-for-nomination"},"source":"nc-pender-energov-37141","appraiserUrl":"https://mss.pendercountync.gov/css/citizens/RealEstate/Default.aspx?mode=new"},"geometry":{"type":"Polygon","coordinates":[[[-77.676711,34.650987],[-77.676716,34.650987],[-77.677808,34.651044],[-77.677292,34.648144],[-77.677127,34.647997],[-77.676716,34.648306],[-77.676419,34.648033],[-77.676827,34.647729],[-77.677005,34.6475],[-77.675916,34.646525],[-77.676711,34.650987]]]}},{"type":"Feature","id":"37141:3392-89-2679-0000","properties":{"id":"37141:3392-89-2679-0000","parcelId":"3392-89-2679-0000","countyFips":"37141","countyName":"Pender","state":"North Carolina","marketIds":["Wilmington"],"situsAddress":"50 HWY OFF","situsCity":null,"situsZip":null,"jurisdictionCode":"PND","ownerName":"LEES CHAPEL CHURCH","ownerName2":null,"propertyName":null,"zoningCode":"O&I","zoningDistrict":"Office & Institutional","jurisdictionPrefix":"PND","dorCode":null,"acreage":10.0,"centroid":[-77.675865,34.649549],"lastSale":{"date":null,"price":null,"qualified":null},"tax":{"marketValue":47000.0,"assessedValue":null,"taxableValue":null,"taxes":null},"mailingAddress":{"line1":"PO BOX 140","line2":null,"city":"MAPLE HILL","state":"NC","zip":"28454"},"incomeTract":null,"incomeBlockGroup":null,"nearestRoad":null,"flu":{"code":"Rural Agricultural","label":"Rural Agricultural","jurisdiction":"Pender County","source":"https://gis.pendercountync.gov/arcgis/rest/services/LayersPro/MapServer/35"},"opportunityZone":null,"oz2Eligibility":{"eligible":true,"rural":true,"tractGeoid":"37141920204","tractName":"Census Tract 9202.04","designation":"eligible-for-nomination"},"source":"nc-pender-energov-37141","appraiserUrl":"https://mss.pendercountync.gov/css/citizens/RealEstate/Default.aspx?mode=new"},"geometry":{"type":"Polygon","coordinates":[[[-77.675932,34.650946],[-77.675945,34.650947],[-77.676711,34.650987],[-77.676155,34.647867],[-77.674583,34.647],[-77.675932,34.650946]]]}},{"type":"Feature","id":"37141:3393-37-5213-0000","properties":{"id":"37141:3393-37-5213-0000","parcelId":"3393-37-5213-0000","countyFips":"37141","countyName":"Pender","state":"North Carolina","marketIds":["Wilmington"],"situsAddress":null,"situsCity":null,"situsZip":null,"jurisdictionCode":"PND","ownerName":"JONES, KENNETH G JR","ownerName2":null,"propertyName":null,"zoningCode":"RA","zoningDistrict":"Rural Agricultural","jurisdictionPrefix":"PND","dorCode":null,"acreage":10.0,"centroid":[-77.691322,34.669478],"lastSale":{"date":null,"price":null,"qualified":null},"tax":{"marketValue":47000.0,"assessedValue":null,"taxableValue":null,"taxes":null},"mailingAddress":{"line1":"645 OLD MAPLE HILL ROAD","line2":null,"city":"MAPLE HILL","state":"NC","zip":"28454"},"incomeTract":null,"incomeBlockGroup":null,"nearestRoad":null,"flu":{"code":"Rural Agricultural","label":"Rural Agricultural","jurisdiction":"Pender County","source":"https://gis.pendercountync.gov/arcgis/rest/services/LayersPro/MapServer/35"},"opportunityZone":null,"oz2Eligibility":{"eligible":true,"rural":true,"tractGeoid":"37141920204","tractName":"Census Tract 9202.04","designation":"eligible-for-nomination"},"source":"nc-pender-energov-37141","appraiserUrl":"https://mss.pendercountync.gov/css/citizens/RealEstate/Default.aspx?mode=new"},"geometry":{"type":"MultiPolygon","coordinates":[[[[-77.688478,34.6694],[-77.688481,34.669435],[-77.688503,34.669756],[-77.695671,34.669501],[-77.695476,34.669296],[-77.688478,34.6694]]],[[[-77.686266,34.669426],[-77.683969,34.669464],[-77.684005,34.66958],[-77.683924,34.66993],[-77.688292,34.669756],[-77.688267,34.669393],[-77.686266,34.669426]]]]}},{"type":"Feature","id":"37141:3393-43-2664-0000","properties":{"id":"37141:3393-43-2664-0000","parcelId":"3393-43-2664-0000","countyFips":"37141","countyName":"Pender","state":"North Carolina","marketIds":["Wilmington"],"situsAddress":"50 HWY OFF","situsCity":null,"situsZip":null,"jurisdictionCode":"PND","ownerName":"BEST, C ROMAN","ownerName2":null,"propertyName":null,"zoningCode":"RA","zoningDistrict":"Rural Agricultural","jurisdictionPrefix":"PND","dorCode":null,"acreage":10.0,"centroid":[-77.688518,34.658969],"lastSale":{"date":"2026-01-05","price":102000.0,"qualified":null},"tax":{"marketValue":47000.0,"assessedValue":null,"taxableValue":null,"taxes":null},"mailingAddress":{"line1":"208 CHILLINGHAM RD","line2":null,"city":"GARNER","state":"NC","zip":"27529"},"incomeTract":null,"incomeBlockGroup":null,"nearestRoad":null,"flu":{"code":"Rural Agricultural","label":"Rural Agricultural","jurisdiction":"Pender County","source":"https://gis.pendercountync.gov/arcgis/rest/services/LayersPro/MapServer/35"},"opportunityZone":null,"oz2Eligibility":{"eligible":true,"rural":true,"tractGeoid":"37141920204","tractName":"Census Tract 9202.04","designation":"eligible-for-nomination"},"source":"nc-pender-energov-37141","appraiserUrl":"https://mss.pendercountync.gov/css/citizens/RealEstate/Default.aspx?mode=new"},"geometry":{"type":"Polygon","coordinates":[[[-77.687666,34.658796],[-77.687674,34.658919],[-77.687779,34.660488],[-77.690977,34.659996],[-77.689893,34.659082],[-77.689069,34.658619],[-77.688836,34.658383],[-77.688591,34.65847],[-77.68833,34.658661],[-77.687874,34.658723],[-77.687805,34.658748],[-77.687717,34.658739],[-77.687666,34.658796]]]}},{"type":"Feature","id":"37141:3393-60-7850-0000","properties":{"id":"37141:3393-60-7850-0000","parcelId":"3393-60-7850-0000","countyFips":"37141","countyName":"Pender","state":"North Carolina","marketIds":["Wilmington"],"situsAddress":"50 HWY","situsCity":null,"situsZip":null,"jurisdictionCode":"PND","ownerName":"STURDAVANT, STEVEN WILLIAM SR","ownerName2":null,"propertyName":null,"zoningCode":"RP","zoningDistrict":"Residential Performance","jurisdictionPrefix":"PND","dorCode":null,"acreage":10.0,"centroid":[-77.682049,34.651914],"lastSale":{"date":null,"price":null,"qualified":null},"tax":{"marketValue":47000.0,"assessedValue":null,"taxableValue":null,"taxes":null},"mailingAddress":{"line1":"140 SUMMERSILL SCHOOL RD","line2":null,"city":"JACKSONVILLE","state":"NC","zip":"28540"},"incomeTract":null,"incomeBlockGroup":null,"nearestRoad":null,"flu":{"code":"Rural Agricultural","label":"Rural Agricultural","jurisdiction":"Pender County","source":"https://gis.pendercountync.gov/arcgis/rest/services/LayersPro/MapServer/35"},"opportunityZone":null,"oz2Eligibility":{"eligible":true,"rural":true,"tractGeoid":"37141920204","tractName":"Census Tract 9202.04","designation":"eligible-for-nomination"},"source":"nc-pender-energov-37141","appraiserUrl":"https://mss.pendercountync.gov/css/citizens/RealEstate/Default.aspx?mode=new"},"geometry":{"type":"Polygon","coordinates":[[[-77.681707,34.653394],[-77.683263,34.652114],[-77.683204,34.652063],[-77.682789,34.652416],[-77.682164,34.651858],[-77.682051,34.651853],[-77.682548,34.651481],[-77.682386,34.651332],[-77.681125,34.65131],[-77.679257,34.651318],[-77.681707,34.653394]],[[-77.682122,34.652718],[-77.68196,34.65256],[-77.681797,34.652403],[-77.682294,34.652039],[-77.682622,34.652352],[-77.682122,34.652718]]]}},{"type":"Feature","id":"37141:4303-45-4469-0000","properties":{"id":"37141:4303-45-4469-0000","parcelId":"4303-45-4469-0000","countyFips":"37141","countyName":"Pender","state":"North Carolina","marketIds":["Wilmington"],"situsAddress":null,"situsCity":null,"situsZip":null,"jurisdictionCode":"PND","ownerName":"HAND, GRETA W","ownerName2":null,"propertyName":null,"zoningCode":"RA","zoningDistrict":"Rural Agricultural","jurisdictionPrefix":"PND","dorCode":null,"acreage":10.0,"centroid":[-77.654451,34.663826],"lastSale":{"date":null,"price":null,"qualified":null},"tax":{"marketValue":47000.0,"assessedValue":null,"taxableValue":null,"taxes":null},"mailingAddress":{"line1":"725 EDGEHILL RD","line2":null,"city":"FAYETTEVILLE","state":"NC","zip":"28314"},"incomeTract":null,"incomeBlockGroup":null,"nearestRoad":null,"flu":{"code":"Rural Agricultural","label":"Rural Agricultural","jurisdiction":"Pender County","source":"https://gis.pendercountync.gov/arcgis/rest/services/LayersPro/MapServer/35"},"opportunityZone":null,"oz2Eligibility":{"eligible":true,"rural":true,"tractGeoid":"37141920204","tractName":"Census Tract 9202.04","designation":"eligible-for-nomination"},"source":"nc-pender-energov-37141","appraiserUrl":"https://mss.pendercountync.gov/css/citizens/RealEstate/Default.aspx?mode=new"},"geometry":{"type":"Polygon","coordinates":[[[-77.654273,34.662933],[-77.653531,34.663268],[-77.653366,34.663342],[-77.654415,34.665645],[-77.656455,34.665011],[-77.654667,34.662754],[-77.654273,34.662933]]]}},{"type":"Feature","id":"37141:3383-01-1490-0000","properties":{"id":"37141:3383-01-1490-0000","parcelId":"3383-01-1490-0000","countyFips":"37141","countyName":"Pender","state":"North Carolina","marketIds":["Wilmington"],"situsAddress":"53 HWY","situsCity":null,"situsZip":null,"jurisdictionCode":"PND","ownerName":"MEADOWS, LEORA LANIER","ownerName2":null,"propertyName":null,"zoningCode":"RA","zoningDistrict":"Rural Agricultural","jurisdictionPrefix":"PND","dorCode":null,"acreage":9.99,"centroid":[-77.735775,34.654173],"lastSale":{"date":null,"price":null,"qualified":null},"tax":{"marketValue":23733.0,"assessedValue":null,"taxableValue":null,"taxes":null},"mailingAddress":{"line1":"C/O SCOTT, CORA","line2":null,"city":"JACKSONVILLE","state":"NC","zip":"28546"},"incomeTract":null,"incomeBlockGroup":null,"nearestRoad":null,"flu":{"code":"Rural Agricultural","label":"Rural Agricultural","jurisdiction":"Pender County","source":"https://gis.pendercountync.gov/arcgis/rest/services/LayersPro/MapServer/35"},"opportunityZone":null,"oz2Eligibility":{"eligible":true,"rural":true,"tractGeoid":"37141920204","tractName":"Census Tract 9202.04","designation":"eligible-for-nomination"},"source":"nc-pender-energov-37141","appraiserUrl":"https://mss.pendercountync.gov/css/citizens/RealEstate/Default.aspx?mode=new"},"geometry":{"type":"Polygon","coordinates":[[[-77.734489,34.652091],[-77.734492,34.652098],[-77.73456,34.652267],[-77.734786,34.652613],[-77.734885,34.652872],[-77.735005,34.652952],[-77.735294,34.653074],[-77.73532,34.653127],[-77.735311,34.653379],[-77.73524,34.653586],[-77.735225,34.653708],[-77.735366,34.65432],[-77.735376,34.654568],[-77.73531,34.654829],[-77.735086,34.655312],[-77.735055,34.655518],[-77.734929,34.655816],[-77.734897,34.65611],[-77.734952,34.656209],[-77.735005,34.656254],[-77.735332,34.655867],[-77.735898,34.655133],[-77.736387,34.654536],[-77.737061,34.653609],[-77.734489,34.652091]]]}},{"type":"Feature","id":"37141:3384-22-1508-0000","properties":{"id":"37141:3384-22-1508-0000","parcelId":"3384-22-1508-0000","countyFips":"37141","countyName":"Pender","state":"North Carolina","marketIds":["Wilmington"],"situsAddress":"NC HWY 50 OFF","situsCity":null,"situsZip":null,"jurisdictionCode":"PND","ownerName":"KELLY, WANDA NOBLE LIFE ESTATE","ownerName2":null,"propertyName":null,"zoningCode":"RA","zoningDistrict":"Rural Agricultural","jurisdictionPrefix":"PND","dorCode":null,"acreage":9.95,"centroid":[-77.728929,34.684608],"lastSale":{"date":"2025-03-11","price":null,"qualified":null},"tax":{"marketValue":44875.0,"assessedValue":null,"taxableValue":null,"taxes":null},"mailingAddress":{"line1":"P.O. BOX 476","line2":null,"city":"ATKINSON","state":"NC","zip":"28421"},"incomeTract":null,"incomeBlockGroup":null,"nearestRoad":null,"flu":{"code":"Rural Agricultural","label":"Rural Agricultural","jurisdiction":"Pender County","source":"https://gis.pendercountync.gov/arcgis/rest/services/LayersPro/MapServer/35"},"opportunityZone":null,"oz2Eligibility":{"eligible":true,"rural":true,"tractGeoid":"37141920204","tractName":"Census Tract 9202.04","designation":"eligible-for-nomination"},"source":"nc-pender-energov-37141","appraiserUrl":"https://mss.pendercountync.gov/css/citizens/RealEstate/Default.aspx?mode=new"},"geometry":{"type":"Polygon","coordinates":[[[-77.729102,34.68331],[-77.72737,34.684314],[-77.728821,34.685793],[-77.730424,34.685016],[-77.729102,34.68331]]]}},{"type":"Feature","id":"37141:3392-86-6835-0000","properties":{"id":"37141:3392-86-6835-0000","parcelId":"3392-86-6835-0000","countyFips":"37141","countyName":"Pender","state":"North Carolina","marketIds":["Wilmington"],"situsAddress":"7904 NC 50 HWY","situsCity":null,"situsZip":null,"jurisdictionCode":"PND","ownerName":"PICKETT, MIRAETTA WILLIAMS","ownerName2":null,"propertyName":null,"zoningCode":"RP","zoningDistrict":"Residential Performance","jurisdictionPrefix":"PND","dorCode":null,"acreage":9.93,"centroid":[-77.674334,34.640752],"lastSale":{"date":"2022-06-08","price":null,"qualified":null},"tax":{"marketValue":105719.0,"assessedValue":null,"taxableValue":null,"taxes":null},"mailingAddress":{"line1":"7904 NC E HWY 50","line2":null,"city":"MAPLE HILL","state":"NC","zip":"28454"},"incomeTract":null,"incomeBlockGroup":null,"nearestRoad":null,"flu":{"code":"Rural Agricultural","label":"Rural Agricultural","jurisdiction":"Pender County","source":"https://gis.pendercountync.gov/arcgis/rest/services/LayersPro/MapServer/35"},"opportunityZone":null,"oz2Eligibility":{"eligible":true,"rural":true,"tractGeoid":"37141920204","tractName":"Census Tract 9202.04","designation":"eligible-for-nomination"},"source":"nc-pender-energov-37141","appraiserUrl":"https://mss.pendercountync.gov/css/citizens/RealEstate/Default.aspx?mode=new"},"geometry":{"type":"Polygon","coordinates":[[[-77.674332,34.641542],[-77.674339,34.641564],[-77.676565,34.640755],[-77.675685,34.639432],[-77.673719,34.640146],[-77.673802,34.640449],[-77.673111,34.640661],[-77.673295,34.641206],[-77.674162,34.641013],[-77.674332,34.641542]]]}},{"type":"Feature","id":"37141:3393-58-5831-0000","properties":{"id":"37141:3393-58-5831-0000","parcelId":"3393-58-5831-0000","countyFips":"37141","countyName":"Pender","state":"North Carolina","marketIds":["Wilmington"],"situsAddress":"310 WEBBTOWN RD","situsCity":null,"situsZip":null,"jurisdictionCode":"PND","ownerName":"FARLAND, DONNA","ownerName2":null,"propertyName":null,"zoningCode":"RA","zoningDistrict":"Rural Agricultural","jurisdictionPrefix":"PND","dorCode":null,"acreage":9.87,"centroid":[-77.685395,34.67373],"lastSale":{"date":"2021-06-11","price":null,"qualified":null},"tax":{"marketValue":148608.0,"assessedValue":null,"taxableValue":null,"taxes":null},"mailingAddress":{"line1":"310 WEBBTOWN ROAD","line2":null,"city":"MAPLE HILL","state":"NC","zip":"28454"},"incomeTract":null,"incomeBlockGroup":null,"nearestRoad":null,"flu":{"code":"Rural Agricultural","label":"Rural Agricultural","jurisdiction":"Pender County","source":"https://gis.pendercountync.gov/arcgis/rest/services/LayersPro/MapServer/35"},"opportunityZone":null,"oz2Eligibility":{"eligible":true,"rural":true,"tractGeoid":"37141920204","tractName":"Census Tract 9202.04","designation":"eligible-for-nomination"},"source":"nc-pender-energov-37141","appraiserUrl":"https://mss.pendercountync.gov/css/citizens/RealEstate/Default.aspx?mode=new"},"geometry":{"type":"Polygon","coordinates":[[[-77.683469,34.672866],[-77.683201,34.674543],[-77.686046,34.674282],[-77.686023,34.674106],[-77.685978,34.67402],[-77.685887,34.673934],[-77.685816,34.673704],[-77.685785,34.673489],[-77.6859,34.673253],[-77.685847,34.673101],[-77.683469,34.672866]]]}},{"type":"Feature","id":"37141:3394-93-1183-0000","properties":{"id":"37141:3394-93-1183-0000","parcelId":"3394-93-1183-0000","countyFips":"37141","countyName":"Pender","state":"North Carolina","marketIds":["Wilmington"],"situsAddress":"53 HWY OFF","situsCity":null,"situsZip":null,"jurisdictionCode":"PND","ownerName":"RUSS, FAYE L","ownerName2":null,"propertyName":null,"zoningCode":"RA","zoningDistrict":"Rural Agricultural","jurisdictionPrefix":"PND","dorCode":null,"acreage":9.71,"centroid":[-77.672128,34.685572],"lastSale":{"date":"2001-02-02","price":null,"qualified":null},"tax":{"marketValue":22938.0,"assessedValue":null,"taxableValue":null,"taxes":null},"mailingAddress":{"line1":"6224 NORTH BRADLEY OVERLOOK","line2":null,"city":"WILMINGTON","state":"NC","zip":"28403"},"incomeTract":null,"incomeBlockGroup":null,"nearestRoad":null,"flu":{"code":"Rural Agricultural","label":"Rural Agricultural","jurisdiction":"Pender County","source":"https://gis.pendercountync.gov/arcgis/rest/services/LayersPro/MapServer/35"},"opportunityZone":null,"oz2Eligibility":{"eligible":true,"rural":true,"tractGeoid":"37141920204","tractName":"Census Tract 9202.04","designation":"eligible-for-nomination"},"source":"nc-pender-energov-37141","appraiserUrl":"https://mss.pendercountync.gov/css/citizens/RealEstate/Default.aspx?mode=new"},"geometry":{"type":"Polygon","coordinates":[[[-77.671238,34.686461],[-77.671549,34.686503],[-77.671725,34.68672],[-77.672261,34.686616],[-77.672337,34.686513],[-77.672755,34.686294],[-77.672992,34.685836],[-77.672998,34.685792],[-77.672927,34.685762],[-77.672749,34.685813],[-77.672607,34.685692],[-77.672561,34.685573],[-77.672573,34.685527],[-77.672753,34.685432],[-77.672863,34.685494],[-77.673011,34.685392],[-77.672934,34.685224],[-77.673088,34.685146],[-77.673187,34.685013],[-77.673323,34.685019],[-77.673302,34.684894],[-77.673408,34.684816],[-77.673378,34.684624],[-77.673423,34.684424],[-77.671535,34.684438],[-77.670833,34.686466],[-77.671238,34.686461]],[[-77.67222,34.684922],[-77.672226,34.684729],[-77.672459,34.684735],[-77.672452,34.684927],[-77.67222,34.684922]]]}},{"type":"Feature","id":"37141:3394-41-4376-0000","properties":{"id":"37141:3394-41-4376-0000","parcelId":"3394-41-4376-0000","countyFips":"37141","countyName":"Pender","state":"North Carolina","marketIds":["Wilmington"],"situsAddress":"1520 SYCAMORE SPRINGS RD","situsCity":null,"situsZip":null,"jurisdictionCode":"PND","ownerName":"BONEY, CHARLIE L","ownerName2":null,"propertyName":null,"zoningCode":"RA","zoningDistrict":"Rural Agricultural","jurisdictionPrefix":"PND","dorCode":null,"acreage":9.6,"centroid":[-77.687258,34.681124],"lastSale":{"date":"2010-03-29","price":47000.0,"qualified":null},"tax":{"marketValue":24917.0,"assessedValue":null,"taxableValue":null,"taxes":null},"mailingAddress":{"line1":"1001 WEBBTOWN RD","line2":null,"city":"MAPLE HILL","state":"NC","zip":"28454"},"incomeTract":null,"incomeBlockGroup":null,"nearestRoad":null,"flu":{"code":"Rural Agricultural","label":"Rural Agricultural","jurisdiction":"Pender County","source":"https://gis.pendercountync.gov/arcgis/rest/services/LayersPro/MapServer/35"},"opportunityZone":null,"oz2Eligibility":{"eligible":true,"rural":true,"tractGeoid":"37141920204","tractName":"Census Tract 9202.04","designation":"eligible-for-nomination"},"source":"nc-pender-energov-37141","appraiserUrl":"https://mss.pendercountync.gov/css/citizens/RealEstate/Default.aspx?mode=new"},"geometry":{"type":"Polygon","coordinates":[[[-77.685813,34.681469],[-77.685843,34.68154],[-77.685887,34.681676],[-77.685903,34.681841],[-77.685957,34.681936],[-77.687958,34.681463],[-77.688263,34.681513],[-77.688384,34.681509],[-77.689095,34.681344],[-77.688984,34.679442],[-77.688135,34.679859],[-77.687287,34.680357],[-77.68685,34.680662],[-77.685813,34.681469]]]}},{"type":"Feature","id":"37141:3383-23-7174-0000","properties":{"id":"37141:3383-23-7174-0000","parcelId":"3383-23-7174-0000","countyFips":"37141","countyName":"Pender","state":"North Carolina","marketIds":["Wilmington"],"situsAddress":"53 HWY OFF","situsCity":null,"situsZip":null,"jurisdictionCode":"PND","ownerName":"BELL, VICKI COWAN","ownerName2":null,"propertyName":null,"zoningCode":"RA","zoningDistrict":"Rural Agricultural","jurisdictionPrefix":"PND","dorCode":null,"acreage":9.5,"centroid":[-77.72726,34.658509],"lastSale":{"date":null,"price":null,"qualified":null},"tax":{"marketValue":48160.0,"assessedValue":null,"taxableValue":null,"taxes":null},"mailingAddress":{"line1":"480 DAYALPUR AVE","line2":null,"city":"LUMBERTON","state":"NC","zip":"28358"},"incomeTract":null,"incomeBlockGroup":null,"nearestRoad":null,"flu":{"code":"Rural Agricultural","label":"Rural Agricultural","jurisdiction":"Pender County","source":"https://gis.pendercountync.gov/arcgis/rest/services/LayersPro/MapServer/35"},"opportunityZone":null,"oz2Eligibility":{"eligible":true,"rural":true,"tractGeoid":"37141920204","tractName":"Census Tract 9202.04","designation":"eligible-for-nomination"},"source":"nc-pender-energov-37141","appraiserUrl":"https://mss.pendercountync.gov/css/citizens/RealEstate/Default.aspx?mode=new"},"geometry":{"type":"Polygon","coordinates":[[[-77.724667,34.659894],[-77.725651,34.660748],[-77.729886,34.657145],[-77.728835,34.656248],[-77.724667,34.659894]]]}},{"type":"Feature","id":"37141:3394-45-5209-0000","properties":{"id":"37141:3394-45-5209-0000","parcelId":"3394-45-5209-0000","countyFips":"37141","countyName":"Pender","state":"North Carolina","marketIds":["Wilmington"],"situsAddress":null,"situsCity":null,"situsZip":null,"jurisdictionCode":"PND","ownerName":"BALDWIN, BRIAN","ownerName2":null,"propertyName":null,"zoningCode":"RA","zoningDistrict":"Rural Agricultural","jurisdictionPrefix":"PND","dorCode":null,"acreage":9.45,"centroid":[-77.685794,34.691733],"lastSale":{"date":"2013-01-23","price":19000.0,"qualified":null},"tax":{"marketValue":45350.0,"assessedValue":null,"taxableValue":null,"taxes":null},"mailingAddress":{"line1":"2176 SYCAMORE SPRINGS RD","line2":null,"city":"MAPLE HILL","state":"NC","zip":"28454"},"incomeTract":null,"incomeBlockGroup":null,"nearestRoad":null,"flu":{"code":"Rural Agricultural","label":"Rural Agricultural","jurisdiction":"Pender County","source":"https://gis.pendercountync.gov/arcgis/rest/services/LayersPro/MapServer/35"},"opportunityZone":null,"oz2Eligibility":{"eligible":true,"rural":true,"tractGeoid":"37141920204","tractName":"Census Tract 9202.04","designation":"eligible-for-nomination"},"source":"nc-pender-energov-37141","appraiserUrl":"https://mss.pendercountync.gov/css/citizens/RealEstate/Default.aspx?mode=new"},"geometry":{"type":"MultiPolygon","coordinates":[[[[-77.685536,34.691352],[-77.685539,34.691354],[-77.68555,34.691397],[-77.685535,34.691431],[-77.685449,34.691468],[-77.685406,34.691515],[-77.685336,34.691739],[-77.685271,34.691831],[-77.685081,34.691976],[-77.684952,34.692039],[-77.684789,34.692151],[-77.684501,34.692219],[-77.684426,34.692263],[-77.684413,34.692303],[-77.690602,34.691565],[-77.690312,34.691117],[-77.685536,34.691352]]],[[[-77.690551,34.691108],[-77.690557,34.691118],[-77.690827,34.691529],[-77.691044,34.691513],[-77.690769,34.691106],[-77.690551,34.691108]]]]}},{"type":"Feature","id":"37141:3392-70-4390-0000","properties":{"id":"37141:3392-70-4390-0000","parcelId":"3392-70-4390-0000","countyFips":"37141","countyName":"Pender","state":"North Carolina","marketIds":["Wilmington"],"situsAddress":null,"situsCity":null,"situsZip":null,"jurisdictionCode":"PND","ownerName":"BASNIGHT, ANNIE","ownerName2":null,"propertyName":null,"zoningCode":"RP","zoningDistrict":"Residential Performance","jurisdictionPrefix":"PND","dorCode":null,"acreage":9.42,"centroid":[-77.678728,34.622819],"lastSale":{"date":null,"price":null,"qualified":null},"tax":{"marketValue":10050.0,"assessedValue":null,"taxableValue":null,"taxes":null},"mailingAddress":{"line1":"C/O VICTOR WL WILLIAMS JR","line2":null,"city":"PHILADELPHIA","state":"PA","zip":"19122"},"incomeTract":null,"incomeBlockGroup":null,"nearestRoad":null,"flu":{"code":"Rural Agricultural","label":"Rural Agricultural","jurisdiction":"Pender County","source":"https://gis.pendercountync.gov/arcgis/rest/services/LayersPro/MapServer/35"},"opportunityZone":null,"oz2Eligibility":{"eligible":true,"rural":true,"tractGeoid":"37141920204","tractName":"Census Tract 9202.04","designation":"eligible-for-nomination"},"source":"nc-pender-energov-37141","appraiserUrl":"https://mss.pendercountync.gov/css/citizens/RealEstate/Default.aspx?mode=new"},"geometry":{"type":"Polygon","coordinates":[[[-77.677753,34.623464],[-77.67953,34.623614],[-77.679703,34.62218],[-77.677925,34.622017],[-77.677753,34.623464]]]}},{"type":"Feature","id":"37141:3394-51-5507-0000","properties":{"id":"37141:3394-51-5507-0000","parcelId":"3394-51-5507-0000","countyFips":"37141","countyName":"Pender","state":"North Carolina","marketIds":["Wilmington"],"situsAddress":"53 HWY","situsCity":null,"situsZip":null,"jurisdictionCode":"PND","ownerName":"WALLACE, VIDA","ownerName2":null,"propertyName":null,"zoningCode":"RA","zoningDistrict":"Rural Agricultural","jurisdictionPrefix":"PND","dorCode":null,"acreage":9.4,"centroid":[-77.686493,34.682393],"lastSale":{"date":null,"price":null,"qualified":null},"tax":{"marketValue":45200.0,"assessedValue":null,"taxableValue":null,"taxes":null},"mailingAddress":{"line1":"9579 VALENCIA AVENUE NW","line2":null,"city":"CONCORD","state":"NC","zip":"28027"},"incomeTract":null,"incomeBlockGroup":null,"nearestRoad":null,"flu":{"code":"Rural Agricultural","label":"Rural Agricultural","jurisdiction":"Pender County","source":"https://gis.pendercountync.gov/arcgis/rest/services/LayersPro/MapServer/35"},"opportunityZone":null,"oz2Eligibility":{"eligible":true,"rural":true,"tractGeoid":"37141920204","tractName":"Census Tract 9202.04","designation":"eligible-for-nomination"},"source":"nc-pender-energov-37141","appraiserUrl":"https://mss.pendercountync.gov/css/citizens/RealEstate/Default.aspx?mode=new"},"geometry":{"type":"Polygon","coordinates":[[[-77.68752,34.68399],[-77.687478,34.683765],[-77.687314,34.682883],[-77.686939,34.68279],[-77.686938,34.682585],[-77.686661,34.682168],[-77.686539,34.682112],[-77.686387,34.682142],[-77.686243,34.682132],[-77.686046,34.68204],[-77.685907,34.681852],[-77.685887,34.681676],[-77.685813,34.681469],[-77.68523,34.681904],[-77.68752,34.68399]]]}},{"type":"Feature","id":"37141:4303-25-2823-0000","properties":{"id":"37141:4303-25-2823-0000","parcelId":"4303-25-2823-0000","countyFips":"37141","countyName":"Pender","state":"North Carolina","marketIds":["Wilmington"],"situsAddress":null,"situsCity":null,"situsZip":null,"jurisdictionCode":"PND","ownerName":"MOORE, LESHANA TYANESE","ownerName2":null,"propertyName":null,"zoningCode":"RA","zoningDistrict":"Rural Agricultural","jurisdictionPrefix":"PND","dorCode":null,"acreage":9.25,"centroid":[-77.661155,34.665235],"lastSale":{"date":"2020-08-31","price":null,"qualified":null},"tax":{"marketValue":16125.0,"assessedValue":null,"taxableValue":null,"taxes":null},"mailingAddress":{"line1":"877 WEBBTOWN RD","line2":null,"city":"MAPLE HILL","state":"NC","zip":"28454"},"incomeTract":null,"incomeBlockGroup":null,"nearestRoad":null,"flu":{"code":"Rural Agricultural","label":"Rural Agricultural","jurisdiction":"Pender County","source":"https://gis.pendercountync.gov/arcgis/rest/services/LayersPro/MapServer/35"},"opportunityZone":null,"oz2Eligibility":{"eligible":true,"rural":true,"tractGeoid":"37141920204","tractName":"Census Tract 9202.04","designation":"eligible-for-nomination"},"source":"nc-pender-energov-37141","appraiserUrl":"https://mss.pendercountync.gov/css/citizens/RealEstate/Default.aspx?mode=new"},"geometry":{"type":"Polygon","coordinates":[[[-77.6614,34.664503],[-77.659814,34.665688],[-77.659711,34.665765],[-77.659828,34.665999],[-77.662574,34.666182],[-77.66275,34.664459],[-77.662006,34.66405],[-77.6614,34.664503]]]}},{"type":"Feature","id":"37141:3394-50-5691-0000","properties":{"id":"37141:3394-50-5691-0000","parcelId":"3394-50-5691-0000","countyFips":"37141","countyName":"Pender","state":"North Carolina","marketIds":["Wilmington"],"situsAddress":null,"situsCity":null,"situsZip":null,"jurisdictionCode":"PND","ownerName":"GRADY, TAMMY A ET AL","ownerName2":null,"propertyName":null,"zoningCode":"RA","zoningDistrict":"Rural Agricultural","jurisdictionPrefix":"PND","dorCode":null,"acreage":9.22,"centroid":[-77.684223,34.678864],"lastSale":{"date":"2019-03-12","price":null,"qualified":null},"tax":{"marketValue":15673.0,"assessedValue":null,"taxableValue":null,"taxes":null},"mailingAddress":{"line1":"C/O TAMMY A GRADY","line2":null,"city":"ROCKY POINT","state":"NC","zip":"28457"},"incomeTract":null,"incomeBlockGroup":null,"nearestRoad":null,"flu":{"code":"Rural Agricultural","label":"Rural Agricultural","jurisdiction":"Pender County","source":"https://gis.pendercountync.gov/arcgis/rest/services/LayersPro/MapServer/35"},"opportunityZone":null,"oz2Eligibility":{"eligible":true,"rural":true,"tractGeoid":"37141920204","tractName":"Census Tract 9202.04","designation":"eligible-for-nomination"},"source":"nc-pender-energov-37141","appraiserUrl":"https://mss.pendercountync.gov/css/citizens/RealEstate/Default.aspx?mode=new"},"geometry":{"type":"Polygon","coordinates":[[[-77.683048,34.68135],[-77.683114,34.681367],[-77.683194,34.681201],[-77.68353,34.681285],[-77.683653,34.681112],[-77.683913,34.681252],[-77.684611,34.680364],[-77.684417,34.680295],[-77.684209,34.680289],[-77.684026,34.680185],[-77.683849,34.680118],[-77.684,34.679582],[-77.68401,34.679359],[-77.684131,34.679223],[-77.68414,34.679156],[-77.684367,34.678987],[-77.68432,34.678768],[-77.684416,34.678676],[-77.684654,34.678344],[-77.684963,34.678159],[-77.684681,34.677194],[-77.684857,34.676674],[-77.684671,34.676433],[-77.6848,34.676258],[-77.684765,34.67612],[-77.684991,34.676048],[-77.684957,34.675787],[-77.684669,34.675719],[-77.684525,34.675567],[-77.683211,34.681047],[-77.683048,34.68135]]]}},{"type":"Feature","id":"37141:3394-50-7478-0000","properties":{"id":"37141:3394-50-7478-0000","parcelId":"3394-50-7478-0000","countyFips":"37141","countyName":"Pender","state":"North Carolina","marketIds":["Wilmington"],"situsAddress":null,"situsCity":null,"situsZip":null,"jurisdictionCode":"PND","ownerName":"WOOTEN, VIOLET P","ownerName2":null,"propertyName":null,"zoningCode":"RA","zoningDistrict":"Rural Agricultural","jurisdictionPrefix":"PND","dorCode":null,"acreage":9.22,"centroid":[-77.683669,34.677952],"lastSale":{"date":"2019-03-12","price":null,"qualified":null},"tax":{"marketValue":21269.0,"assessedValue":null,"taxableValue":null,"taxes":null},"mailingAddress":{"line1":"17259 N HWY NO 53","line2":null,"city":"MAPLE HILL","state":"NC","zip":"28454"},"incomeTract":null,"incomeBlockGroup":null,"nearestRoad":null,"flu":{"code":"Rural Agricultural","label":"Rural Agricultural","jurisdiction":"Pender County","source":"https://gis.pendercountync.gov/arcgis/rest/services/LayersPro/MapServer/35"},"opportunityZone":null,"oz2Eligibility":{"eligible":true,"rural":true,"tractGeoid":"37141920204","tractName":"Census Tract 9202.04","designation":"eligible-for-nomination"},"source":"nc-pender-energov-37141","appraiserUrl":"https://mss.pendercountync.gov/css/citizens/RealEstate/Default.aspx?mode=new"},"geometry":{"type":"Polygon","coordinates":[[[-77.68258,34.681234],[-77.683048,34.68135],[-77.683211,34.681047],[-77.684525,34.675567],[-77.684379,34.67549],[-77.684076,34.675525],[-77.683864,34.675453],[-77.68258,34.681234]]]}},{"type":"Feature","id":"37141:3394-50-9462-0000","properties":{"id":"37141:3394-50-9462-0000","parcelId":"3394-50-9462-0000","countyFips":"37141","countyName":"Pender","state":"North Carolina","marketIds":["Wilmington"],"situsAddress":null,"situsCity":null,"situsZip":null,"jurisdictionCode":"PND","ownerName":"LEE, MARGIE WOOTEN","ownerName2":null,"propertyName":null,"zoningCode":"RA","zoningDistrict":"Rural Agricultural","jurisdictionPrefix":"PND","dorCode":null,"acreage":9.22,"centroid":[-77.683195,34.67703],"lastSale":{"date":"2019-03-12","price":null,"qualified":null},"tax":{"marketValue":18198.0,"assessedValue":null,"taxableValue":null,"taxes":null},"mailingAddress":{"line1":"8944 NC HWY 50","line2":null,"city":"MAPLE HILL","state":"NC","zip":"28454"},"incomeTract":null,"incomeBlockGroup":null,"nearestRoad":null,"flu":{"code":"Rural Agricultural","label":"Rural Agricultural","jurisdiction":"Pender County","source":"https://gis.pendercountync.gov/arcgis/rest/services/LayersPro/MapServer/35"},"opportunityZone":null,"oz2Eligibility":{"eligible":true,"rural":true,"tractGeoid":"37141920204","tractName":"Census Tract 9202.04","designation":"eligible-for-nomination"},"source":"nc-pender-energov-37141","appraiserUrl":"https://mss.pendercountync.gov/css/citizens/RealEstate/Default.aspx?mode=new"},"geometry":{"type":"Polygon","coordinates":[[[-77.682122,34.681119],[-77.68258,34.681234],[-77.683864,34.675453],[-77.683835,34.675444],[-77.683702,34.675547],[-77.683401,34.675556],[-77.683143,34.675929],[-77.682914,34.675954],[-77.682122,34.681119]]]}},{"type":"Feature","id":"37141:3394-60-1594-0000","properties":{"id":"37141:3394-60-1594-0000","parcelId":"3394-60-1594-0000","countyFips":"37141","countyName":"Pender","state":"North Carolina","marketIds":["Wilmington"],"situsAddress":null,"situsCity":null,"situsZip":null,"jurisdictionCode":"PND","ownerName":"WOOTEN, MAXINE MOORE","ownerName2":null,"propertyName":null,"zoningCode":"RA","zoningDistrict":"Rural Agricultural","jurisdictionPrefix":"PND","dorCode":null,"acreage":9.22,"centroid":[-77.682119,34.677379],"lastSale":{"date":"2019-03-12","price":null,"qualified":null},"tax":{"marketValue":30271.0,"assessedValue":null,"taxableValue":null,"taxes":null},"mailingAddress":{"line1":"135 GURGANUS RD","line2":null,"city":"MAPLE HILL","state":"NC","zip":"28454"},"incomeTract":null,"incomeBlockGroup":null,"nearestRoad":null,"flu":{"code":"Rural Agricultural","label":"Rural Agricultural","jurisdiction":"Pender County","source":"https://gis.pendercountync.gov/arcgis/rest/services/LayersPro/MapServer/35"},"opportunityZone":null,"oz2Eligibility":{"eligible":true,"rural":true,"tractGeoid":"37141920204","tractName":"Census Tract 9202.04","designation":"eligible-for-nomination"},"source":"nc-pender-energov-37141","appraiserUrl":"https://mss.pendercountync.gov/css/citizens/RealEstate/Default.aspx?mode=new"},"geometry":{"type":"Polygon","coordinates":[[[-77.681574,34.67835],[-77.681658,34.681003],[-77.682122,34.681119],[-77.682914,34.675954],[-77.682708,34.675976],[-77.682427,34.675829],[-77.682189,34.676225],[-77.682468,34.676356],[-77.682394,34.67657],[-77.68222,34.676521],[-77.682092,34.67682],[-77.682245,34.676856],[-77.682015,34.677095],[-77.682018,34.677265],[-77.682113,34.677431],[-77.68183,34.677839],[-77.681604,34.677775],[-77.681557,34.677829],[-77.681574,34.67835]]]}},{"type":"Feature","id":"37141:3394-61-9197-0000","properties":{"id":"37141:3394-61-9197-0000","parcelId":"3394-61-9197-0000","countyFips":"37141","countyName":"Pender","state":"North Carolina","marketIds":["Wilmington"],"situsAddress":null,"situsCity":null,"situsZip":null,"jurisdictionCode":"PND","ownerName":"CARLTON, DOROTHY MAE LEE","ownerName2":null,"propertyName":null,"zoningCode":"RA","zoningDistrict":"Rural Agricultural","jurisdictionPrefix":"PND","dorCode":null,"acreage":9.22,"centroid":[-77.678908,34.679763],"lastSale":{"date":"2019-03-12","price":null,"qualified":null},"tax":{"marketValue":35322.0,"assessedValue":null,"taxableValue":null,"taxes":null},"mailingAddress":{"line1":"154 GURGANUS RD","line2":null,"city":"MAPLE HILL","state":"NC","zip":"28454"},"incomeTract":null,"incomeBlockGroup":null,"nearestRoad":null,"flu":{"code":"Rural Agricultural","label":"Rural Agricultural","jurisdiction":"Pender County","source":"https://gis.pendercountync.gov/arcgis/rest/services/LayersPro/MapServer/35"},"opportunityZone":null,"oz2Eligibility":{"eligible":true,"rural":true,"tractGeoid":"37141920204","tractName":"Census Tract 9202.04","designation":"eligible-for-nomination"},"source":"nc-pender-energov-37141","appraiserUrl":"https://mss.pendercountync.gov/css/citizens/RealEstate/Default.aspx?mode=new"},"geometry":{"type":"Polygon","coordinates":[[[-77.6809,34.68123],[-77.681011,34.681257],[-77.68115,34.680876],[-77.681075,34.680857],[-77.679584,34.679263],[-77.679525,34.679163],[-77.679452,34.679104],[-77.679342,34.67917],[-77.679158,34.679124],[-77.679103,34.679014],[-77.678937,34.678997],[-77.678907,34.679102],[-77.678803,34.679131],[-77.678544,34.679018],[-77.678399,34.679242],[-77.678387,34.679324],[-77.678464,34.679362],[-77.678527,34.679337],[-77.678612,34.679394],[-77.678564,34.679549],[-77.678313,34.679728],[-77.678259,34.679922],[-77.678338,34.679983],[-77.678468,34.679957],[-77.678516,34.679991],[-77.678521,34.680079],[-77.678261,34.680089],[-77.677939,34.680319],[-77.677821,34.680354],[-77.677732,34.680328],[-77.677547,34.680388],[-77.6809,34.68123]]]}},{"type":"Feature","id":"37141:3375-82-5831-0000","properties":{"id":"37141:3375-82-5831-0000","parcelId":"3375-82-5831-0000","countyFips":"37141","countyName":"Pender","state":"North Carolina","marketIds":["Wilmington"],"situsAddress":null,"situsCity":null,"situsZip":null,"jurisdictionCode":"PND","ownerName":"HENDERSON, MILTON RAY JR","ownerName2":null,"propertyName":null,"zoningCode":"RA","zoningDistrict":"Rural Agricultural","jurisdictionPrefix":"PND","dorCode":null,"acreage":9.13,"centroid":[-77.740223,34.712969],"lastSale":{"date":"2010-05-25","price":null,"qualified":null},"tax":{"marketValue":45955.0,"assessedValue":null,"taxableValue":null,"taxes":null},"mailingAddress":{"line1":"2032 LIGHTWOOD BRIDGE RD","line2":null,"city":"WALLACE","state":"NC","zip":"28466"},"incomeTract":null,"incomeBlockGroup":null,"nearestRoad":null,"flu":{"code":"Rural Agricultural","label":"Rural Agricultural","jurisdiction":"Pender County","source":"https://gis.pendercountync.gov/arcgis/rest/services/LayersPro/MapServer/35"},"opportunityZone":null,"oz2Eligibility":{"eligible":true,"rural":true,"tractGeoid":"37141920204","tractName":"Census Tract 9202.04","designation":"eligible-for-nomination"},"source":"nc-pender-energov-37141","appraiserUrl":"https://mss.pendercountync.gov/css/citizens/RealEstate/Default.aspx?mode=new"},"geometry":{"type":"Polygon","coordinates":[[[-77.740321,34.71376],[-77.741063,34.714039],[-77.741642,34.712253],[-77.740336,34.711967],[-77.738924,34.712032],[-77.73933,34.713113],[-77.739945,34.713621],[-77.740321,34.71376]]]}},{"type":"Feature","id":"37141:3392-64-5209-0000","properties":{"id":"37141:3392-64-5209-0000","parcelId":"3392-64-5209-0000","countyFips":"37141","countyName":"Pender","state":"North Carolina","marketIds":["Wilmington"],"situsAddress":null,"situsCity":null,"situsZip":null,"jurisdictionCode":"PND","ownerName":"NEWKIRK, JAMES AVON JR","ownerName2":null,"propertyName":null,"zoningCode":"RP","zoningDistrict":"Residential Performance","jurisdictionPrefix":"PND","dorCode":null,"acreage":9.0,"centroid":[-77.681824,34.633615],"lastSale":{"date":"2014-10-10","price":null,"qualified":null},"tax":{"marketValue":5800.0,"assessedValue":null,"taxableValue":null,"taxes":null},"mailingAddress":{"line1":"537 BRADFORD STREET APT 2F","line2":null,"city":"BROOKLYN","state":"NY","zip":"11207"},"incomeTract":null,"incomeBlockGroup":null,"nearestRoad":null,"flu":{"code":"Rural Agricultural","label":"Rural Agricultural","jurisdiction":"Pender County","source":"https://gis.pendercountync.gov/arcgis/rest/services/LayersPro/MapServer/35"},"opportunityZone":null,"oz2Eligibility":{"eligible":true,"rural":true,"tractGeoid":"37141920204","tractName":"Census Tract 9202.04","designation":"eligible-for-nomination"},"source":"nc-pender-energov-37141","appraiserUrl":"https://mss.pendercountync.gov/css/citizens/RealEstate/Default.aspx?mode=new"},"geometry":{"type":"Polygon","coordinates":[[[-77.681308,34.635752],[-77.681187,34.636679],[-77.681689,34.636715],[-77.682382,34.631339],[-77.682212,34.631313],[-77.682157,34.631778],[-77.681833,34.631726],[-77.681308,34.635752]]]}},{"type":"Feature","id":"37141:3394-52-0208-0000","properties":{"id":"37141:3394-52-0208-0000","parcelId":"3394-52-0208-0000","countyFips":"37141","countyName":"Pender","state":"North Carolina","marketIds":["Wilmington"],"situsAddress":"53 HWY","situsCity":null,"situsZip":null,"jurisdictionCode":"PND","ownerName":"WALLACE, LELICA","ownerName2":null,"propertyName":null,"zoningCode":"RA","zoningDistrict":"Rural Agricultural","jurisdictionPrefix":"PND","dorCode":null,"acreage":9.0,"centroid":[-77.686317,34.683576],"lastSale":{"date":null,"price":null,"qualified":null},"tax":{"marketValue":44000.0,"assessedValue":null,"taxableValue":null,"taxes":null},"mailingAddress":{"line1":"522 CRANFORD AVE","line2":null,"city":"LINDEN","state":"NJ","zip":"07036"},"incomeTract":null,"incomeBlockGroup":null,"nearestRoad":null,"flu":{"code":"Rural Agricultural","label":"Rural Agricultural","jurisdiction":"Pender County","source":"https://gis.pendercountync.gov/arcgis/rest/services/LayersPro/MapServer/35"},"opportunityZone":null,"oz2Eligibility":{"eligible":true,"rural":true,"tractGeoid":"37141920204","tractName":"Census Tract 9202.04","designation":"eligible-for-nomination"},"source":"nc-pender-energov-37141","appraiserUrl":"https://mss.pendercountync.gov/css/citizens/RealEstate/Default.aspx?mode=new"},"geometry":{"type":"Polygon","coordinates":[[[-77.686732,34.684633],[-77.687678,34.684836],[-77.68752,34.68399],[-77.68523,34.681904],[-77.684423,34.682517],[-77.686732,34.684633]]]}},{"type":"Feature","id":"37141:3394-52-4366-0000","properties":{"id":"37141:3394-52-4366-0000","parcelId":"3394-52-4366-0000","countyFips":"37141","countyName":"Pender","state":"North Carolina","marketIds":["Wilmington"],"situsAddress":"17377 NC HWY 53 E","situsCity":null,"situsZip":null,"jurisdictionCode":"PND","ownerName":"WALLACE, JONNIE","ownerName2":null,"propertyName":null,"zoningCode":"RA","zoningDistrict":"Rural Agricultural","jurisdictionPrefix":"PND","dorCode":null,"acreage":9.0,"centroid":[-77.681555,34.683113],"lastSale":{"date":"2000-11-29","price":null,"qualified":null},"tax":{"marketValue":102588.0,"assessedValue":null,"taxableValue":null,"taxes":null},"mailingAddress":{"line1":"C/O ZENOBIA FLEMING","line2":null,"city":"CONCORD","state":"NC","zip":"28025"},"incomeTract":null,"incomeBlockGroup":null,"nearestRoad":null,"flu":{"code":"Rural Agricultural","label":"Rural Agricultural","jurisdiction":"Pender County","source":"https://gis.pendercountync.gov/arcgis/rest/services/LayersPro/MapServer/35"},"opportunityZone":null,"oz2Eligibility":{"eligible":true,"rural":true,"tractGeoid":"37141920204","tractName":"Census Tract 9202.04","designation":"eligible-for-nomination"},"source":"nc-pender-energov-37141","appraiserUrl":"https://mss.pendercountync.gov/css/citizens/RealEstate/Default.aspx?mode=new"},"geometry":{"type":"Polygon","coordinates":[[[-77.681537,34.684329],[-77.681542,34.684325],[-77.681906,34.683596],[-77.682369,34.683706],[-77.682651,34.683498],[-77.68211,34.682988],[-77.681179,34.681299],[-77.679682,34.680926],[-77.681017,34.683349],[-77.681537,34.684329]]]}},{"type":"Feature","id":"37141:3394-62-4072-0000","properties":{"id":"37141:3394-62-4072-0000","parcelId":"3394-62-4072-0000","countyFips":"37141","countyName":"Pender","state":"North Carolina","marketIds":["Wilmington"],"situsAddress":"17360 NC HWY 53 E","situsCity":null,"situsZip":null,"jurisdictionCode":"PND","ownerName":"GLIDDEN, ADAM","ownerName2":null,"propertyName":null,"zoningCode":"RA","zoningDistrict":"Rural Agricultural","jurisdictionPrefix":"PND","dorCode":null,"acreage":9.0,"centroid":[-77.685097,34.683877],"lastSale":{"date":"2023-02-09","price":115000.0,"qualified":null},"tax":{"marketValue":122982.0,"assessedValue":null,"taxableValue":null,"taxes":null},"mailingAddress":{"line1":"17360 NC HWY 53","line2":null,"city":"MAPLE HILL","state":"NC","zip":"28454"},"incomeTract":null,"incomeBlockGroup":null,"nearestRoad":null,"flu":{"code":"Rural Agricultural","label":"Rural Agricultural","jurisdiction":"Pender County","source":"https://gis.pendercountync.gov/arcgis/rest/services/LayersPro/MapServer/35"},"opportunityZone":null,"oz2Eligibility":{"eligible":true,"rural":true,"tractGeoid":"37141920204","tractName":"Census Tract 9202.04","designation":"eligible-for-nomination"},"source":"nc-pender-energov-37141","appraiserUrl":"https://mss.pendercountync.gov/css/citizens/RealEstate/Default.aspx?mode=new"},"geometry":{"type":"Polygon","coordinates":[[[-77.686485,34.68458],[-77.686732,34.684633],[-77.684423,34.682517],[-77.682747,34.683779],[-77.686485,34.68458]]]}},{"type":"Feature","id":"37141:3394-72-0039-0000","properties":{"id":"37141:3394-72-0039-0000","parcelId":"3394-72-0039-0000","countyFips":"37141","countyName":"Pender","state":"North Carolina","marketIds":["Wilmington"],"situsAddress":"17485 NC HWY 53 E","situsCity":null,"situsZip":null,"jurisdictionCode":"PND","ownerName":"TOODLE-HOLMES, ROVENIA M TRUSTEE","ownerName2":null,"propertyName":null,"zoningCode":"RA","zoningDistrict":"Rural Agricultural","jurisdictionPrefix":"PND","dorCode":null,"acreage":9.0,"centroid":[-77.679388,34.682694],"lastSale":{"date":"2018-10-05","price":null,"qualified":null},"tax":{"marketValue":139923.0,"assessedValue":null,"taxableValue":null,"taxes":null},"mailingAddress":{"line1":"6112 BURGAW HWY","line2":null,"city":"MAPLE HILL","state":"NC","zip":"28454"},"incomeTract":null,"incomeBlockGroup":null,"nearestRoad":null,"flu":{"code":"Rural Agricultural","label":"Rural Agricultural","jurisdiction":"Pender County","source":"https://gis.pendercountync.gov/arcgis/rest/services/LayersPro/MapServer/35"},"opportunityZone":null,"oz2Eligibility":{"eligible":true,"rural":true,"tractGeoid":"37141920204","tractName":"Census Tract 9202.04","designation":"eligible-for-nomination"},"source":"nc-pender-energov-37141","appraiserUrl":"https://mss.pendercountync.gov/css/citizens/RealEstate/Default.aspx?mode=new"},"geometry":{"type":"Polygon","coordinates":[[[-77.677489,34.68057],[-77.679903,34.684073],[-77.680794,34.684885],[-77.681259,34.684532],[-77.680228,34.683781],[-77.678494,34.680629],[-77.677547,34.680388],[-77.677489,34.68057]]]}},{"type":"Feature","id":"37141:3394-72-1282-0000","properties":{"id":"37141:3394-72-1282-0000","parcelId":"3394-72-1282-0000","countyFips":"37141","countyName":"Pender","state":"North Carolina","marketIds":["Wilmington"],"situsAddress":null,"situsCity":null,"situsZip":null,"jurisdictionCode":"PND","ownerName":"GARY, LILA W","ownerName2":null,"propertyName":null,"zoningCode":"RA","zoningDistrict":"Rural Agricultural","jurisdictionPrefix":"PND","dorCode":null,"acreage":9.0,"centroid":[-77.678148,34.682215],"lastSale":{"date":"2002-01-30","price":null,"qualified":null},"tax":{"marketValue":44000.0,"assessedValue":null,"taxableValue":null,"taxes":null},"mailingAddress":{"line1":"1251 ROCKY RUN ROAD","line2":null,"city":"MIDWAY PARK","state":"NC","zip":"28544"},"incomeTract":null,"incomeBlockGroup":null,"nearestRoad":null,"flu":{"code":"Rural Agricultural","label":"Rural Agricultural","jurisdiction":"Pender County","source":"https://gis.pendercountync.gov/arcgis/rest/services/LayersPro/MapServer/35"},"opportunityZone":null,"oz2Eligibility":{"eligible":true,"rural":true,"tractGeoid":"37141920204","tractName":"Census Tract 9202.04","designation":"eligible-for-nomination"},"source":"nc-pender-energov-37141","appraiserUrl":"https://mss.pendercountync.gov/css/citizens/RealEstate/Default.aspx?mode=new"},"geometry":{"type":"Polygon","coordinates":[[[-77.677032,34.681425],[-77.677336,34.681785],[-77.679466,34.684355],[-77.680389,34.685195],[-77.680794,34.684885],[-77.679903,34.684073],[-77.677489,34.68057],[-77.677494,34.68073],[-77.677324,34.680832],[-77.677277,34.681013],[-77.677189,34.681179],[-77.677132,34.681354],[-77.677093,34.681405],[-77.677032,34.681425]]]}},{"type":"Feature","id":"37141:4302-85-5341-0000","properties":{"id":"37141:4302-85-5341-0000","parcelId":"4302-85-5341-0000","countyFips":"37141","countyName":"Pender","state":"North Carolina","marketIds":["Wilmington"],"situsAddress":null,"situsCity":null,"situsZip":null,"jurisdictionCode":null,"ownerName":"RATHWICK, WESLEY","ownerName2":null,"propertyName":null,"zoningCode":null,"zoningDistrict":null,"jurisdictionPrefix":null,"dorCode":null,"acreage":9.0,"centroid":[-77.641793,34.635692],"lastSale":{"date":"2026-03-06","price":52000.0,"qualified":null},"tax":{"marketValue":900.0,"assessedValue":null,"taxableValue":null,"taxes":null},"mailingAddress":{"line1":"109A JAMES AVE","line2":null,"city":"SURF CITY","state":"NC","zip":"28445"},"incomeTract":null,"incomeBlockGroup":null,"nearestRoad":null,"flu":{"code":"Rural Agricultural","label":"Rural Agricultural","jurisdiction":"Pender County","source":"https://gis.pendercountync.gov/arcgis/rest/services/LayersPro/MapServer/35"},"opportunityZone":null,"oz2Eligibility":{"eligible":true,"rural":true,"tractGeoid":"37141920204","tractName":"Census Tract 9202.04","designation":"eligible-for-nomination"},"source":"nc-pender-energov-37141","appraiserUrl":"https://mss.pendercountync.gov/css/citizens/RealEstate/Default.aspx?mode=new"},"geometry":{"type":"Polygon","coordinates":[[[-77.641178,34.636567],[-77.642006,34.638386],[-77.642023,34.638423],[-77.642373,34.638277],[-77.642221,34.635012],[-77.642061,34.634993],[-77.641959,34.634772],[-77.64185,34.63468],[-77.641812,34.634312],[-77.641587,34.634212],[-77.641295,34.6343],[-77.641149,34.634368],[-77.641178,34.636567]]]}},{"type":"Feature","id":"37141:4302-34-0640-0000","properties":{"id":"37141:4302-34-0640-0000","parcelId":"4302-34-0640-0000","countyFips":"37141","countyName":"Pender","state":"North Carolina","marketIds":["Wilmington"],"situsAddress":"8848 NC HWY 50","situsCity":null,"situsZip":null,"jurisdictionCode":"PND","ownerName":"LEE, DORIS","ownerName2":null,"propertyName":null,"zoningCode":"RA","zoningDistrict":"Rural Agricultural","jurisdictionPrefix":"PND","dorCode":null,"acreage":8.9,"centroid":[-77.659948,34.633345],"lastSale":{"date":null,"price":null,"qualified":null},"tax":{"marketValue":78700.0,"assessedValue":null,"taxableValue":null,"taxes":null},"mailingAddress":{"line1":"8848 HWY 50","line2":null,"city":"MAPLE HILL","state":"NC","zip":"28454"},"incomeTract":null,"incomeBlockGroup":null,"nearestRoad":null,"flu":{"code":"Rural Agricultural","label":"Rural Agricultural","jurisdiction":"Pender County","source":"https://gis.pendercountync.gov/arcgis/rest/services/LayersPro/MapServer/35"},"opportunityZone":null,"oz2Eligibility":{"eligible":true,"rural":true,"tractGeoid":"37141920204","tractName":"Census Tract 9202.04","designation":"eligible-for-nomination"},"source":"nc-pender-energov-37141","appraiserUrl":"https://mss.pendercountync.gov/css/citizens/RealEstate/Default.aspx?mode=new"},"geometry":{"type":"Polygon","coordinates":[[[-77.659318,34.631669],[-77.659343,34.631974],[-77.659676,34.636101],[-77.660268,34.636046],[-77.660171,34.634825],[-77.660775,34.634763],[-77.660592,34.632359],[-77.660287,34.632107],[-77.65969,34.631954],[-77.659364,34.631654],[-77.659318,34.631669]]]}},{"type":"Feature","id":"37141:3394-45-3669-0000","properties":{"id":"37141:3394-45-3669-0000","parcelId":"3394-45-3669-0000","countyFips":"37141","countyName":"Pender","state":"North Carolina","marketIds":["Wilmington"],"situsAddress":"2332 SYCAMORE SPRINGS RD","situsCity":null,"situsZip":null,"jurisdictionCode":"PND","ownerName":"HURT, NIKOS D","ownerName2":null,"propertyName":null,"zoningCode":"RA","zoningDistrict":"Rural Agricultural","jurisdictionPrefix":"PND","dorCode":null,"acreage":8.8,"centroid":[-77.686062,34.692966],"lastSale":{"date":"2025-09-26","price":274000.0,"qualified":null},"tax":{"marketValue":241165.0,"assessedValue":null,"taxableValue":null,"taxes":null},"mailingAddress":{"line1":"2332 SYCAMORE SPRINGS RD","line2":null,"city":"MAPLE HILL","state":"NC","zip":"28454"},"incomeTract":null,"incomeBlockGroup":null,"nearestRoad":null,"flu":{"code":"Rural Agricultural","label":"Rural Agricultural","jurisdiction":"Pender County","source":"https://gis.pendercountync.gov/arcgis/rest/services/LayersPro/MapServer/35"},"opportunityZone":null,"oz2Eligibility":{"eligible":true,"rural":true,"tractGeoid":"37141920204","tractName":"Census Tract 9202.04","designation":"eligible-for-nomination"},"source":"nc-pender-energov-37141","appraiserUrl":"https://mss.pendercountync.gov/css/citizens/RealEstate/Default.aspx?mode=new"},"geometry":{"type":"MultiPolygon","coordinates":[[[[-77.6847,34.693011],[-77.684701,34.693011],[-77.684727,34.693084],[-77.684708,34.693136],[-77.684537,34.693261],[-77.684481,34.693326],[-77.684677,34.693491],[-77.691153,34.692399],[-77.690874,34.691978],[-77.6847,34.693011]]],[[[-77.691091,34.691943],[-77.691092,34.691946],[-77.691366,34.69237],[-77.691593,34.692329],[-77.691308,34.691906],[-77.691091,34.691943]]]]}},{"type":"Feature","id":"37141:3394-72-2589-0000","properties":{"id":"37141:3394-72-2589-0000","parcelId":"3394-72-2589-0000","countyFips":"37141","countyName":"Pender","state":"North Carolina","marketIds":["Wilmington"],"situsAddress":"53 HWY","situsCity":null,"situsZip":null,"jurisdictionCode":"PND","ownerName":"MCALLISTER, PAMELA M TRUSTEE","ownerName2":null,"propertyName":null,"zoningCode":"RA","zoningDistrict":"Rural Agricultural","jurisdictionPrefix":"PND","dorCode":null,"acreage":8.8,"centroid":[-77.678408,34.683452],"lastSale":{"date":"2022-06-27","price":null,"qualified":null},"tax":{"marketValue":44220.0,"assessedValue":null,"taxableValue":null,"taxes":null},"mailingAddress":{"line1":"1008 COUNTRY CLUB RD","line2":null,"city":"JACKSONVILLE","state":"NC","zip":"28546"},"incomeTract":null,"incomeBlockGroup":null,"nearestRoad":null,"flu":{"code":"Rural Agricultural","label":"Rural Agricultural","jurisdiction":"Pender County","source":"https://gis.pendercountync.gov/arcgis/rest/services/LayersPro/MapServer/35"},"opportunityZone":null,"oz2Eligibility":{"eligible":true,"rural":true,"tractGeoid":"37141920204","tractName":"Census Tract 9202.04","designation":"eligible-for-nomination"},"source":"nc-pender-energov-37141","appraiserUrl":"https://mss.pendercountync.gov/css/citizens/RealEstate/Default.aspx?mode=new"},"geometry":{"type":"Polygon","coordinates":[[[-77.677025,34.681426],[-77.677017,34.681426],[-77.676792,34.68146],[-77.678264,34.684736],[-77.679901,34.685569],[-77.680389,34.685195],[-77.679466,34.684355],[-77.677025,34.681426]]]}},{"type":"Feature","id":"37141:3394-30-8311-0000","properties":{"id":"37141:3394-30-8311-0000","parcelId":"3394-30-8311-0000","countyFips":"37141","countyName":"Pender","state":"North Carolina","marketIds":["Wilmington"],"situsAddress":"16811 NC HWY 53 E","situsCity":null,"situsZip":null,"jurisdictionCode":"PND","ownerName":"RYAN, CAROLEE TRUSTEE","ownerName2":null,"propertyName":null,"zoningCode":"RA","zoningDistrict":"Rural Agricultural","jurisdictionPrefix":"PND","dorCode":null,"acreage":8.72,"centroid":[-77.689801,34.677969],"lastSale":{"date":"2017-05-11","price":null,"qualified":null},"tax":{"marketValue":315931.0,"assessedValue":null,"taxableValue":null,"taxes":null},"mailingAddress":{"line1":"825 OLD MAPLE HILL RD","line2":null,"city":"MAPLE HILL","state":"NC","zip":"28454"},"incomeTract":null,"incomeBlockGroup":null,"nearestRoad":null,"flu":{"code":"Rural Agricultural","label":"Rural Agricultural","jurisdiction":"Pender County","source":"https://gis.pendercountync.gov/arcgis/rest/services/LayersPro/MapServer/35"},"opportunityZone":null,"oz2Eligibility":{"eligible":true,"rural":true,"tractGeoid":"37141920204","tractName":"Census Tract 9202.04","designation":"eligible-for-nomination"},"source":"nc-pender-energov-37141","appraiserUrl":"https://mss.pendercountync.gov/css/citizens/RealEstate/Default.aspx?mode=new"},"geometry":{"type":"Polygon","coordinates":[[[-77.689254,34.677589],[-77.689053,34.677599],[-77.689145,34.678909],[-77.689352,34.67902],[-77.689879,34.678872],[-77.691134,34.678564],[-77.69114,34.677209],[-77.690087,34.677084],[-77.689167,34.676876],[-77.689254,34.677589]]]}},{"type":"Feature","id":"37141:4303-26-3538-0000","properties":{"id":"37141:4303-26-3538-0000","parcelId":"4303-26-3538-0000","countyFips":"37141","countyName":"Pender","state":"North Carolina","marketIds":["Wilmington"],"situsAddress":"548 WOOTEN RD","situsCity":null,"situsZip":null,"jurisdictionCode":"PND","ownerName":"BANNERMAN, CURTIS LEE","ownerName2":null,"propertyName":null,"zoningCode":"RA","zoningDistrict":"Rural Agricultural","jurisdictionPrefix":"PND","dorCode":null,"acreage":8.72,"centroid":[-77.661567,34.667751],"lastSale":{"date":"2002-01-28","price":null,"qualified":null},"tax":{"marketValue":134622.0,"assessedValue":null,"taxableValue":null,"taxes":null},"mailingAddress":{"line1":"C/O JAMES BANNERMAN","line2":null,"city":"BEULAVILLE","state":"NC","zip":"28518"},"incomeTract":null,"incomeBlockGroup":null,"nearestRoad":null,"flu":{"code":"Rural Agricultural","label":"Rural Agricultural","jurisdiction":"Pender County","source":"https://gis.pendercountync.gov/arcgis/rest/services/LayersPro/MapServer/35"},"opportunityZone":null,"oz2Eligibility":{"eligible":true,"rural":true,"tractGeoid":"37141920204","tractName":"Census Tract 9202.04","designation":"eligible-for-nomination"},"source":"nc-pender-energov-37141","appraiserUrl":"https://mss.pendercountync.gov/css/citizens/RealEstate/Default.aspx?mode=new"},"geometry":{"type":"Polygon","coordinates":[[[-77.661229,34.668869],[-77.661329,34.668876],[-77.662295,34.66894],[-77.662574,34.666182],[-77.661177,34.666089],[-77.661015,34.66764],[-77.661352,34.667663],[-77.661229,34.668869]]]}},{"type":"Feature","id":"37141:3383-85-6551-0000","properties":{"id":"37141:3383-85-6551-0000","parcelId":"3383-85-6551-0000","countyFips":"37141","countyName":"Pender","state":"North Carolina","marketIds":["Wilmington"],"situsAddress":"50 HWY","situsCity":null,"situsZip":null,"jurisdictionCode":"PND","ownerName":"SHOLAR, JIMMY G","ownerName2":null,"propertyName":null,"zoningCode":"RA","zoningDistrict":"Rural Agricultural","jurisdictionPrefix":"PND","dorCode":null,"acreage":8.71,"centroid":[-77.706913,34.665627],"lastSale":{"date":null,"price":null,"qualified":null},"tax":{"marketValue":14511.0,"assessedValue":null,"taxableValue":null,"taxes":null},"mailingAddress":{"line1":"5345 NC HWY 50","line2":null,"city":"MAPLE HILL","state":"NC","zip":"28454"},"incomeTract":null,"incomeBlockGroup":null,"nearestRoad":null,"flu":{"code":"Rural Agricultural","label":"Rural Agricultural","jurisdiction":"Pender County","source":"https://gis.pendercountync.gov/arcgis/rest/services/LayersPro/MapServer/35"},"opportunityZone":null,"oz2Eligibility":{"eligible":true,"rural":true,"tractGeoid":"37141920204","tractName":"Census Tract 9202.04","designation":"eligible-for-nomination"},"source":"nc-pender-energov-37141","appraiserUrl":"https://mss.pendercountync.gov/css/citizens/RealEstate/Default.aspx?mode=new"},"geometry":{"type":"Polygon","coordinates":[[[-77.705553,34.667288],[-77.705579,34.667305],[-77.705758,34.66742],[-77.709788,34.662639],[-77.709496,34.662336],[-77.705843,34.666029],[-77.706375,34.66637],[-77.705553,34.667288]]]}},{"type":"Feature","id":"37141:3393-34-6190-0000","properties":{"id":"37141:3393-34-6190-0000","parcelId":"3393-34-6190-0000","countyFips":"37141","countyName":"Pender","state":"North Carolina","marketIds":["Wilmington"],"situsAddress":"236 OLD MAPLE HILL RD N","situsCity":null,"situsZip":null,"jurisdictionCode":"PND","ownerName":"COOK, MICHAEL B","ownerName2":null,"propertyName":null,"zoningCode":"RA","zoningDistrict":"Rural Agricultural","jurisdictionPrefix":"PND","dorCode":null,"acreage":8.64,"centroid":[-77.69071,34.661156],"lastSale":{"date":"2011-06-06","price":260000.0,"qualified":null},"tax":{"marketValue":225832.0,"assessedValue":null,"taxableValue":null,"taxes":null},"mailingAddress":{"line1":"236 OLD MAPLE HILL RD","line2":null,"city":"MAPLE HILL","state":"NC","zip":"28454"},"incomeTract":null,"incomeBlockGroup":null,"nearestRoad":null,"flu":{"code":"Rural Agricultural","label":"Rural Agricultural","jurisdiction":"Pender County","source":"https://gis.pendercountync.gov/arcgis/rest/services/LayersPro/MapServer/35"},"opportunityZone":null,"oz2Eligibility":{"eligible":true,"rural":true,"tractGeoid":"37141920204","tractName":"Census Tract 9202.04","designation":"eligible-for-nomination"},"source":"nc-pender-energov-37141","appraiserUrl":"https://mss.pendercountync.gov/css/citizens/RealEstate/Default.aspx?mode=new"},"geometry":{"type":"Polygon","coordinates":[[[-77.689831,34.661698],[-77.690102,34.661848],[-77.690435,34.661859],[-77.690877,34.661832],[-77.691097,34.661841],[-77.691509,34.661571],[-77.691648,34.661195],[-77.691616,34.660988],[-77.691646,34.660814],[-77.69187,34.660524],[-77.692006,34.660273],[-77.692306,34.659904],[-77.689629,34.660314],[-77.689776,34.660818],[-77.689479,34.661106],[-77.689584,34.661216],[-77.689672,34.661391],[-77.689694,34.661623],[-77.689831,34.661698]]]}},{"type":"Feature","id":"37141:3394-55-7784-0000","properties":{"id":"37141:3394-55-7784-0000","parcelId":"3394-55-7784-0000","countyFips":"37141","countyName":"Pender","state":"North Carolina","marketIds":["Wilmington"],"situsAddress":null,"situsCity":null,"situsZip":null,"jurisdictionCode":"PND","ownerName":"MURPHY, LAROSE JAMES L/E","ownerName2":null,"propertyName":null,"zoningCode":"RA","zoningDistrict":"Rural Agricultural","jurisdictionPrefix":"PND","dorCode":null,"acreage":8.51,"centroid":[-77.683555,34.692867],"lastSale":{"date":"2012-08-03","price":null,"qualified":null},"tax":{"marketValue":24814.0,"assessedValue":null,"taxableValue":null,"taxes":null},"mailingAddress":{"line1":"7389 IRON BIT DR","line2":null,"city":"WARRENTON","state":"VA","zip":"20186"},"incomeTract":null,"incomeBlockGroup":null,"nearestRoad":null,"flu":{"code":"Rural Agricultural","label":"Rural Agricultural","jurisdiction":"Pender County","source":"https://gis.pendercountync.gov/arcgis/rest/services/LayersPro/MapServer/35"},"opportunityZone":null,"oz2Eligibility":{"eligible":true,"rural":true,"tractGeoid":"37141920204","tractName":"Census Tract 9202.04","designation":"eligible-for-nomination"},"source":"nc-pender-energov-37141","appraiserUrl":"https://mss.pendercountync.gov/css/citizens/RealEstate/Default.aspx?mode=new"},"geometry":{"type":"Polygon","coordinates":[[[-77.684481,34.693326],[-77.682147,34.691361],[-77.68175,34.691028],[-77.681181,34.691489],[-77.684775,34.694515],[-77.685095,34.694208],[-77.685453,34.694144],[-77.684481,34.693326]]]}},{"type":"Feature","id":"37141:3392-36-2434-0000","properties":{"id":"37141:3392-36-2434-0000","parcelId":"3392-36-2434-0000","countyFips":"37141","countyName":"Pender","state":"North Carolina","marketIds":["Wilmington"],"situsAddress":"50 HWY OFF","situsCity":null,"situsZip":null,"jurisdictionCode":"PND","ownerName":"LEE, MCCOY HEIRS","ownerName2":null,"propertyName":null,"zoningCode":"RA","zoningDistrict":"Rural Agricultural","jurisdictionPrefix":"PND","dorCode":null,"acreage":8.5,"centroid":[-77.692595,34.639817],"lastSale":{"date":null,"price":null,"qualified":null},"tax":{"marketValue":42500.0,"assessedValue":null,"taxableValue":null,"taxes":null},"mailingAddress":{"line1":"C/O SHERRI LEE","line2":null,"city":"MAPLE HILL","state":"NC","zip":"28454"},"incomeTract":null,"incomeBlockGroup":null,"nearestRoad":null,"flu":{"code":"Rural Agricultural","label":"Rural Agricultural","jurisdiction":"Pender County","source":"https://gis.pendercountync.gov/arcgis/rest/services/LayersPro/MapServer/35"},"opportunityZone":null,"oz2Eligibility":{"eligible":true,"rural":true,"tractGeoid":"37141920204","tractName":"Census Tract 9202.04","designation":"eligible-for-nomination"},"source":"nc-pender-energov-37141","appraiserUrl":"https://mss.pendercountync.gov/css/citizens/RealEstate/Default.aspx?mode=new"},"geometry":{"type":"Polygon","coordinates":[[[-77.691025,34.639529],[-77.691071,34.640307],[-77.694168,34.640506],[-77.694143,34.639945],[-77.694154,34.639399],[-77.691007,34.639219],[-77.691025,34.639529]]]}},{"type":"Feature","id":"37141:3383-88-3432-0000","properties":{"id":"37141:3383-88-3432-0000","parcelId":"3383-88-3432-0000","countyFips":"37141","countyName":"Pender","state":"North Carolina","marketIds":["Wilmington"],"situsAddress":"15651 NC HY 53 E","situsCity":null,"situsZip":null,"jurisdictionCode":"PND","ownerName":"JONES, DANIEL WAYNE","ownerName2":null,"propertyName":null,"zoningCode":"RP","zoningDistrict":"Residential Performance","jurisdictionPrefix":"PND","dorCode":null,"acreage":8.5,"centroid":[-77.708649,34.673265],"lastSale":{"date":null,"price":null,"qualified":null},"tax":{"marketValue":232051.0,"assessedValue":null,"taxableValue":null,"taxes":null},"mailingAddress":{"line1":"15651 NC HWY 53 E","line2":null,"city":"MAPLE HILL","state":"NC","zip":"28454"},"incomeTract":null,"incomeBlockGroup":null,"nearestRoad":null,"flu":{"code":"Rural Crossroads","label":"Rural Crossroads","jurisdiction":"Pender County","source":"https://gis.pendercountync.gov/arcgis/rest/services/LayersPro/MapServer/35"},"opportunityZone":null,"oz2Eligibility":{"eligible":true,"rural":true,"tractGeoid":"37141920204","tractName":"Census Tract 9202.04","designation":"eligible-for-nomination"},"source":"nc-pender-energov-37141","appraiserUrl":"https://mss.pendercountync.gov/css/citizens/RealEstate/Default.aspx?mode=new"},"geometry":{"type":"Polygon","coordinates":[[[-77.707749,34.673571],[-77.70821,34.673453],[-77.708623,34.674229],[-77.709079,34.674126],[-77.709461,34.674016],[-77.709834,34.673884],[-77.710254,34.673706],[-77.708707,34.672459],[-77.707503,34.671547],[-77.707065,34.671658],[-77.707749,34.673571]]]}},{"type":"Feature","id":"37141:3394-44-4233-0000","properties":{"id":"37141:3394-44-4233-0000","parcelId":"3394-44-4233-0000","countyFips":"37141","countyName":"Pender","state":"North Carolina","marketIds":["Wilmington"],"situsAddress":"2070 SYCAMORE SPRINGS RD","situsCity":null,"situsZip":null,"jurisdictionCode":"PND","ownerName":"BARNHILL, JACOB ELGIN II","ownerName2":null,"propertyName":null,"zoningCode":"RA","zoningDistrict":"Rural Agricultural","jurisdictionPrefix":"PND","dorCode":null,"acreage":8.47,"centroid":[-77.687414,34.688499],"lastSale":{"date":"2017-10-30","price":null,"qualified":null},"tax":{"marketValue":176932.0,"assessedValue":null,"taxableValue":null,"taxes":null},"mailingAddress":{"line1":"2070 SYCAMORE SPRINGS RD","line2":null,"city":"MAPLE HILL","state":"NC","zip":"28454"},"incomeTract":null,"incomeBlockGroup":null,"nearestRoad":null,"flu":{"code":"Rural Agricultural","label":"Rural Agricultural","jurisdiction":"Pender County","source":"https://gis.pendercountync.gov/arcgis/rest/services/LayersPro/MapServer/35"},"opportunityZone":null,"oz2Eligibility":{"eligible":true,"rural":true,"tractGeoid":"37141920204","tractName":"Census Tract 9202.04","designation":"eligible-for-nomination"},"source":"nc-pender-energov-37141","appraiserUrl":"https://mss.pendercountync.gov/css/citizens/RealEstate/Default.aspx?mode=new"},"geometry":{"type":"Polygon","coordinates":[[[-77.686296,34.688346],[-77.686228,34.6885],[-77.686179,34.688611],[-77.686271,34.68862],[-77.686408,34.688741],[-77.686458,34.688812],[-77.686641,34.688852],[-77.686657,34.688884],[-77.686657,34.688984],[-77.686706,34.689061],[-77.6874,34.689298],[-77.689321,34.688885],[-77.689071,34.688067],[-77.688099,34.688189],[-77.688098,34.688247],[-77.687972,34.688244],[-77.687976,34.688132],[-77.688099,34.68813],[-77.688099,34.68815],[-77.689063,34.688029],[-77.689056,34.688003],[-77.686361,34.688194],[-77.686296,34.688346]]]}},{"type":"Feature","id":"37141:3393-95-0381-0000","properties":{"id":"37141:3393-95-0381-0000","parcelId":"3393-95-0381-0000","countyFips":"37141","countyName":"Pender","state":"North Carolina","marketIds":["Wilmington"],"situsAddress":"875 MAPLE HILL SCHOOL RD","situsCity":null,"situsZip":null,"jurisdictionCode":"PND","ownerName":"MAPLE HILL CIVIC CLUB INC","ownerName2":null,"propertyName":null,"zoningCode":"O&I","zoningDistrict":"Office & Institutional","jurisdictionPrefix":"PND","dorCode":null,"acreage":8.4,"centroid":[-77.673331,34.663016],"lastSale":{"date":null,"price":null,"qualified":null},"tax":{"marketValue":42200.0,"assessedValue":null,"taxableValue":null,"taxes":null},"mailingAddress":{"line1":"C/O BRYANT SHEPARD","line2":null,"city":"MAPLE HILL","state":"NC","zip":"28454"},"incomeTract":null,"incomeBlockGroup":null,"nearestRoad":null,"flu":{"code":"Rural Agricultural","label":"Rural Agricultural","jurisdiction":"Pender County","source":"https://gis.pendercountync.gov/arcgis/rest/services/LayersPro/MapServer/35"},"opportunityZone":null,"oz2Eligibility":{"eligible":true,"rural":true,"tractGeoid":"37141920204","tractName":"Census Tract 9202.04","designation":"eligible-for-nomination"},"source":"nc-pender-energov-37141","appraiserUrl":"https://mss.pendercountync.gov/css/citizens/RealEstate/Default.aspx?mode=new"},"geometry":{"type":"Polygon","coordinates":[[[-77.674489,34.661785],[-77.674393,34.661831],[-77.672862,34.662553],[-77.672312,34.663613],[-77.671748,34.664768],[-77.672982,34.664798],[-77.67453,34.661765],[-77.674489,34.661785]]]}},{"type":"Feature","id":"37141:4302-46-0589-0000","properties":{"id":"37141:4302-46-0589-0000","parcelId":"4302-46-0589-0000","countyFips":"37141","countyName":"Pender","state":"North Carolina","marketIds":["Wilmington"],"situsAddress":"50 HWY","situsCity":null,"situsZip":null,"jurisdictionCode":"PND","ownerName":"BROWN, LUCILLE M","ownerName2":null,"propertyName":null,"zoningCode":"RA","zoningDistrict":"Rural Agricultural","jurisdictionPrefix":"PND","dorCode":null,"acreage":8.4,"centroid":[-77.656669,34.639284],"lastSale":{"date":null,"price":null,"qualified":null},"tax":{"marketValue":42200.0,"assessedValue":null,"taxableValue":null,"taxes":null},"mailingAddress":{"line1":"C/O JESSIE BANKS","line2":null,"city":"HILLSBORO","state":"TX","zip":"76645"},"incomeTract":null,"incomeBlockGroup":null,"nearestRoad":null,"flu":{"code":"Rural Agricultural","label":"Rural Agricultural","jurisdiction":"Pender County","source":"https://gis.pendercountync.gov/arcgis/rest/services/LayersPro/MapServer/35"},"opportunityZone":null,"oz2Eligibility":{"eligible":true,"rural":true,"tractGeoid":"37141920204","tractName":"Census Tract 9202.04","designation":"eligible-for-nomination"},"source":"nc-pender-energov-37141","appraiserUrl":"https://mss.pendercountync.gov/css/citizens/RealEstate/Default.aspx?mode=new"},"geometry":{"type":"Polygon","coordinates":[[[-77.654898,34.642099],[-77.655318,34.642264],[-77.658489,34.636366],[-77.657973,34.636408],[-77.654898,34.642099]]]}},{"type":"Feature","id":"37141:3384-60-1565-0000","properties":{"id":"37141:3384-60-1565-0000","parcelId":"3384-60-1565-0000","countyFips":"37141","countyName":"Pender","state":"North Carolina","marketIds":["Wilmington"],"situsAddress":"NC HWY 50","situsCity":null,"situsZip":null,"jurisdictionCode":"PND","ownerName":"RAYNOR, LEON T HEIRS","ownerName2":null,"propertyName":null,"zoningCode":"RA","zoningDistrict":"Rural Agricultural","jurisdictionPrefix":"PND","dorCode":null,"acreage":8.12,"centroid":[-77.715578,34.679419],"lastSale":{"date":null,"price":null,"qualified":null},"tax":{"marketValue":6113.0,"assessedValue":null,"taxableValue":null,"taxes":null},"mailingAddress":{"line1":"C/O MARK E RAYNOR","line2":null,"city":"MAPLE HILL","state":"NC","zip":"28454"},"incomeTract":null,"incomeBlockGroup":null,"nearestRoad":null,"flu":{"code":"Rural Agricultural","label":"Rural Agricultural","jurisdiction":"Pender County","source":"https://gis.pendercountync.gov/arcgis/rest/services/LayersPro/MapServer/35"},"opportunityZone":null,"oz2Eligibility":{"eligible":true,"rural":true,"tractGeoid":"37141920204","tractName":"Census Tract 9202.04","designation":"eligible-for-nomination"},"source":"nc-pender-energov-37141","appraiserUrl":"https://mss.pendercountync.gov/css/citizens/RealEstate/Default.aspx?mode=new"},"geometry":{"type":"Polygon","coordinates":[[[-77.714851,34.680185],[-77.714972,34.680889],[-77.716241,34.680135],[-77.716255,34.680042],[-77.716255,34.679915],[-77.716139,34.679652],[-77.71602,34.679092],[-77.716069,34.678982],[-77.716292,34.678652],[-77.715351,34.677898],[-77.714686,34.678461],[-77.714682,34.679138],[-77.7147,34.679401],[-77.714851,34.680185]]]}},{"type":"Feature","id":"37141:3392-72-6383-0000","properties":{"id":"37141:3392-72-6383-0000","parcelId":"3392-72-6383-0000","countyFips":"37141","countyName":"Pender","state":"North Carolina","marketIds":["Wilmington"],"situsAddress":"LEE RD OFF","situsCity":null,"situsZip":null,"jurisdictionCode":"PND","ownerName":"WALKER, COREAN J HEIRS","ownerName2":null,"propertyName":null,"zoningCode":"RP","zoningDistrict":"Residential Performance","jurisdictionPrefix":"PND","dorCode":null,"acreage":8.0,"centroid":[-77.678207,34.628707],"lastSale":{"date":null,"price":null,"qualified":null},"tax":{"marketValue":22250.0,"assessedValue":null,"taxableValue":null,"taxes":null},"mailingAddress":{"line1":"7086 NC HWY 50","line2":null,"city":"MAPLE HILL","state":"NC","zip":"28454"},"incomeTract":null,"incomeBlockGroup":null,"nearestRoad":null,"flu":{"code":"Rural Agricultural","label":"Rural Agricultural","jurisdiction":"Pender County","source":"https://gis.pendercountync.gov/arcgis/rest/services/LayersPro/MapServer/35"},"opportunityZone":null,"oz2Eligibility":{"eligible":true,"rural":true,"tractGeoid":"37141920204","tractName":"Census Tract 9202.04","designation":"eligible-for-nomination"},"source":"nc-pender-energov-37141","appraiserUrl":"https://mss.pendercountync.gov/css/citizens/RealEstate/Default.aspx?mode=new"},"geometry":{"type":"Polygon","coordinates":[[[-77.678714,34.629342],[-77.678835,34.629352],[-77.679051,34.627566],[-77.677283,34.627423],[-77.677065,34.629255],[-77.678292,34.629304],[-77.678714,34.629342]]]}},{"type":"Feature","id":"37141:3393-70-6301-0000","properties":{"id":"37141:3393-70-6301-0000","parcelId":"3393-70-6301-0000","countyFips":"37141","countyName":"Pender","state":"North Carolina","marketIds":["Wilmington"],"situsAddress":"50 HWY OFF","situsCity":null,"situsZip":null,"jurisdictionCode":"PND","ownerName":"JAMES, KATIE MAGDALENE","ownerName2":null,"propertyName":null,"zoningCode":"RA","zoningDistrict":"Rural Agricultural","jurisdictionPrefix":"PND","dorCode":null,"acreage":8.0,"centroid":[-77.677844,34.649123],"lastSale":{"date":"2006-12-13","price":null,"qualified":null},"tax":{"marketValue":41000.0,"assessedValue":null,"taxableValue":null,"taxes":null},"mailingAddress":{"line1":"C/O CASSANDRA PARKER","line2":null,"city":"MADISON","state":"AL","zip":"35758"},"incomeTract":null,"incomeBlockGroup":null,"nearestRoad":null,"flu":{"code":"Rural Agricultural","label":"Rural Agricultural","jurisdiction":"Pender County","source":"https://gis.pendercountync.gov/arcgis/rest/services/LayersPro/MapServer/35"},"opportunityZone":null,"oz2Eligibility":{"eligible":true,"rural":true,"tractGeoid":"37141920204","tractName":"Census Tract 9202.04","designation":"eligible-for-nomination"},"source":"nc-pender-energov-37141","appraiserUrl":"https://mss.pendercountync.gov/css/citizens/RealEstate/Default.aspx?mode=new"},"geometry":{"type":"Polygon","coordinates":[[[-77.677524,34.649451],[-77.677808,34.651044],[-77.678794,34.651061],[-77.678872,34.64918],[-77.677638,34.648017],[-77.677509,34.647917],[-77.677317,34.648167],[-77.677292,34.648144],[-77.677524,34.649451]]]}},{"type":"Feature","id":"37141:4303-43-3118-0000","properties":{"id":"37141:4303-43-3118-0000","parcelId":"4303-43-3118-0000","countyFips":"37141","countyName":"Pender","state":"North Carolina","marketIds":["Wilmington"],"situsAddress":"2315 WEBBTOWN RD","situsCity":null,"situsZip":null,"jurisdictionCode":"PND","ownerName":"JAMES, MINNIE Y","ownerName2":null,"propertyName":null,"zoningCode":"RA","zoningDistrict":"Rural Agricultural","jurisdictionPrefix":"PND","dorCode":null,"acreage":8.0,"centroid":[-77.653953,34.65869],"lastSale":{"date":null,"price":null,"qualified":null},"tax":{"marketValue":109169.0,"assessedValue":null,"taxableValue":null,"taxes":null},"mailingAddress":{"line1":"10547 CAMPAS WAY SOUTH","line2":null,"city":"UPPER MARLBORO","state":"MD","zip":"20774"},"incomeTract":null,"incomeBlockGroup":null,"nearestRoad":null,"flu":{"code":"Rural Agricultural","label":"Rural Agricultural","jurisdiction":"Pender County","source":"https://gis.pendercountync.gov/arcgis/rest/services/LayersPro/MapServer/35"},"opportunityZone":null,"oz2Eligibility":{"eligible":true,"rural":true,"tractGeoid":"37141920204","tractName":"Census Tract 9202.04","designation":"eligible-for-nomination"},"source":"nc-pender-energov-37141","appraiserUrl":"https://mss.pendercountync.gov/css/citizens/RealEstate/Default.aspx?mode=new"},"geometry":{"type":"Polygon","coordinates":[[[-77.653181,34.658678],[-77.65179,34.659235],[-77.651542,34.659335],[-77.652442,34.661313],[-77.652259,34.659517],[-77.655045,34.658415],[-77.655491,34.658559],[-77.65679,34.657182],[-77.656128,34.656658],[-77.654863,34.658004],[-77.653181,34.658678]]]}},{"type":"Feature","id":"37141:4303-43-5181-0000","properties":{"id":"37141:4303-43-5181-0000","parcelId":"4303-43-5181-0000","countyFips":"37141","countyName":"Pender","state":"North Carolina","marketIds":["Wilmington"],"situsAddress":"2363 WEBBTOWN RD","situsCity":null,"situsZip":null,"jurisdictionCode":"PND","ownerName":"FARRIOR, LINDA","ownerName2":null,"propertyName":null,"zoningCode":"RA","zoningDistrict":"Rural Agricultural","jurisdictionPrefix":"PND","dorCode":null,"acreage":8.0,"centroid":[-77.653679,34.657905],"lastSale":{"date":"2002-08-02","price":15000.0,"qualified":null},"tax":{"marketValue":108882.0,"assessedValue":null,"taxableValue":null,"taxes":null},"mailingAddress":{"line1":"2363 WEBTOWN RD","line2":null,"city":"MAPLE HILL","state":"NC","zip":"28454"},"incomeTract":null,"incomeBlockGroup":null,"nearestRoad":null,"flu":{"code":"Rural Agricultural","label":"Rural Agricultural","jurisdiction":"Pender County","source":"https://gis.pendercountync.gov/arcgis/rest/services/LayersPro/MapServer/35"},"opportunityZone":null,"oz2Eligibility":{"eligible":true,"rural":true,"tractGeoid":"37141920204","tractName":"Census Tract 9202.04","designation":"eligible-for-nomination"},"source":"nc-pender-energov-37141","appraiserUrl":"https://mss.pendercountync.gov/css/citizens/RealEstate/Default.aspx?mode=new"},"geometry":{"type":"Polygon","coordinates":[[[-77.654633,34.657471],[-77.651568,34.658718],[-77.651309,34.658824],[-77.651542,34.659335],[-77.654863,34.658004],[-77.656128,34.656658],[-77.655708,34.656324],[-77.654633,34.657471]]]}},{"type":"Feature","id":"37141:4303-52-1859-0000","properties":{"id":"37141:4303-52-1859-0000","parcelId":"4303-52-1859-0000","countyFips":"37141","countyName":"Pender","state":"North Carolina","marketIds":["Wilmington"],"situsAddress":null,"situsCity":null,"situsZip":null,"jurisdictionCode":"PND","ownerName":"JAMES, JESSE","ownerName2":null,"propertyName":null,"zoningCode":"RA","zoningDistrict":"Rural Agricultural","jurisdictionPrefix":"PND","dorCode":null,"acreage":8.0,"centroid":[-77.653433,34.65679],"lastSale":{"date":null,"price":null,"qualified":null},"tax":{"marketValue":41000.0,"assessedValue":null,"taxableValue":null,"taxes":null},"mailingAddress":{"line1":"2956 TALLGRASS BLUFF","line2":null,"city":"ROCK HILL","state":"SC","zip":"29732"},"incomeTract":null,"incomeBlockGroup":null,"nearestRoad":null,"flu":{"code":"Rural Agricultural","label":"Rural Agricultural","jurisdiction":"Pender County","source":"https://gis.pendercountync.gov/arcgis/rest/services/LayersPro/MapServer/35"},"opportunityZone":null,"oz2Eligibility":{"eligible":true,"rural":true,"tractGeoid":"37141920204","tractName":"Census Tract 9202.04","designation":"eligible-for-nomination"},"source":"nc-pender-energov-37141","appraiserUrl":"https://mss.pendercountync.gov/css/citizens/RealEstate/Default.aspx?mode=new"},"geometry":{"type":"Polygon","coordinates":[[[-77.650632,34.657338],[-77.651019,34.658187],[-77.654307,34.656907],[-77.655311,34.65601],[-77.655214,34.655935],[-77.654114,34.656363],[-77.650632,34.657338]]]}},{"type":"Feature","id":"37141:3394-61-8937-0000","properties":{"id":"37141:3394-61-8937-0000","parcelId":"3394-61-8937-0000","countyFips":"37141","countyName":"Pender","state":"North Carolina","marketIds":["Wilmington"],"situsAddress":"53 HWY","situsCity":null,"situsZip":null,"jurisdictionCode":"PND","ownerName":"GREEN, ALBERTA W","ownerName2":null,"propertyName":null,"zoningCode":"RA","zoningDistrict":"Rural Agricultural","jurisdictionPrefix":"PND","dorCode":null,"acreage":7.96,"centroid":[-77.680325,34.68294],"lastSale":{"date":"2001-10-29","price":1000.0,"qualified":null},"tax":{"marketValue":40880.0,"assessedValue":null,"taxableValue":null,"taxes":null},"mailingAddress":{"line1":"17461 HWY 53 E","line2":null,"city":"MAPLE HILL","state":"NC","zip":"28454"},"incomeTract":null,"incomeBlockGroup":null,"nearestRoad":null,"flu":{"code":"Rural Agricultural","label":"Rural Agricultural","jurisdiction":"Pender County","source":"https://gis.pendercountync.gov/arcgis/rest/services/LayersPro/MapServer/35"},"opportunityZone":null,"oz2Eligibility":{"eligible":true,"rural":true,"tractGeoid":"37141920204","tractName":"Census Tract 9202.04","designation":"eligible-for-nomination"},"source":"nc-pender-energov-37141","appraiserUrl":"https://mss.pendercountync.gov/css/citizens/RealEstate/Default.aspx?mode=new"},"geometry":{"type":"Polygon","coordinates":[[[-77.680453,34.683941],[-77.680864,34.683628],[-77.681537,34.684329],[-77.681017,34.683349],[-77.679682,34.680926],[-77.678494,34.680629],[-77.680228,34.683781],[-77.680453,34.683941]]]}},{"type":"Feature","id":"37141:3384-81-9835-0000","properties":{"id":"37141:3384-81-9835-0000","parcelId":"3384-81-9835-0000","countyFips":"37141","countyName":"Pender","state":"North Carolina","marketIds":["Wilmington"],"situsAddress":null,"situsCity":null,"situsZip":null,"jurisdictionCode":"PND","ownerName":"POWERS, GLENN H","ownerName2":null,"propertyName":null,"zoningCode":"RA","zoningDistrict":"Rural Agricultural","jurisdictionPrefix":"PND","dorCode":null,"acreage":7.9,"centroid":[-77.706499,34.682308],"lastSale":{"date":null,"price":null,"qualified":null},"tax":{"marketValue":40700.0,"assessedValue":null,"taxableValue":null,"taxes":null},"mailingAddress":{"line1":"73 CYPRESS CREEK RD","line2":null,"city":"MAPLE HILL","state":"NC","zip":"28454"},"incomeTract":null,"incomeBlockGroup":null,"nearestRoad":null,"flu":{"code":"Rural Agricultural","label":"Rural Agricultural","jurisdiction":"Pender County","source":"https://gis.pendercountync.gov/arcgis/rest/services/LayersPro/MapServer/35"},"opportunityZone":null,"oz2Eligibility":{"eligible":true,"rural":true,"tractGeoid":"37141920204","tractName":"Census Tract 9202.04","designation":"eligible-for-nomination"},"source":"nc-pender-energov-37141","appraiserUrl":"https://mss.pendercountync.gov/css/citizens/RealEstate/Default.aspx?mode=new"},"geometry":{"type":"Polygon","coordinates":[[[-77.704931,34.681563],[-77.705221,34.683545],[-77.707175,34.682894],[-77.707958,34.681959],[-77.707209,34.681579],[-77.704931,34.681563]]]}},{"type":"Feature","id":"37141:3392-94-7386-0000","properties":{"id":"37141:3392-94-7386-0000","parcelId":"3392-94-7386-0000","countyFips":"37141","countyName":"Pender","state":"North Carolina","marketIds":["Wilmington"],"situsAddress":null,"situsCity":null,"situsZip":null,"jurisdictionCode":"PND","ownerName":"WILLIAMS, VICTOR W L JR","ownerName2":null,"propertyName":null,"zoningCode":"RP","zoningDistrict":"Residential Performance","jurisdictionPrefix":"PND","dorCode":null,"acreage":7.87,"centroid":[-77.670881,34.634015],"lastSale":{"date":null,"price":null,"qualified":null},"tax":{"marketValue":40610.0,"assessedValue":null,"taxableValue":null,"taxes":null},"mailingAddress":{"line1":"906 S PROVIDENCE RD","line2":null,"city":"WALLINGFORD","state":"PA","zip":"19086"},"incomeTract":null,"incomeBlockGroup":null,"nearestRoad":null,"flu":{"code":"Rural Agricultural","label":"Rural Agricultural","jurisdiction":"Pender County","source":"https://gis.pendercountync.gov/arcgis/rest/services/LayersPro/MapServer/35"},"opportunityZone":null,"oz2Eligibility":{"eligible":true,"rural":true,"tractGeoid":"37141920204","tractName":"Census Tract 9202.04","designation":"eligible-for-nomination"},"source":"nc-pender-energov-37141","appraiserUrl":"https://mss.pendercountync.gov/css/citizens/RealEstate/Default.aspx?mode=new"},"geometry":{"type":"Polygon","coordinates":[[[-77.670185,34.63466],[-77.670198,34.634696],[-77.672794,34.634232],[-77.671503,34.633054],[-77.669723,34.633431],[-77.670185,34.63466]]]}},{"type":"Feature","id":"37141:4302-03-0798-0000","properties":{"id":"37141:4302-03-0798-0000","parcelId":"4302-03-0798-0000","countyFips":"37141","countyName":"Pender","state":"North Carolina","marketIds":["Wilmington"],"situsAddress":null,"situsCity":null,"situsZip":null,"jurisdictionCode":"PND","ownerName":"WILLIAMS, KATHRYN M","ownerName2":null,"propertyName":null,"zoningCode":"RP","zoningDistrict":"Residential Performance","jurisdictionPrefix":"PND","dorCode":null,"acreage":7.87,"centroid":[-77.669695,34.631833],"lastSale":{"date":null,"price":null,"qualified":null},"tax":{"marketValue":40610.0,"assessedValue":null,"taxableValue":null,"taxes":null},"mailingAddress":{"line1":"352 GOLDEN LEAF FARMS RD","line2":null,"city":"ANGIER","state":"NC","zip":"27501"},"incomeTract":null,"incomeBlockGroup":null,"nearestRoad":null,"flu":{"code":"Rural Agricultural","label":"Rural Agricultural","jurisdiction":"Pender County","source":"https://gis.pendercountync.gov/arcgis/rest/services/LayersPro/MapServer/35"},"opportunityZone":null,"oz2Eligibility":{"eligible":true,"rural":true,"tractGeoid":"37141920204","tractName":"Census Tract 9202.04","designation":"eligible-for-nomination"},"source":"nc-pender-energov-37141","appraiserUrl":"https://mss.pendercountync.gov/css/citizens/RealEstate/Default.aspx?mode=new"},"geometry":{"type":"Polygon","coordinates":[[[-77.669853,34.631587],[-77.668812,34.630651],[-77.668586,34.630444],[-77.669723,34.633431],[-77.671503,34.633054],[-77.669853,34.631587]]]}},{"type":"Feature","id":"37141:3393-32-7665-0000","properties":{"id":"37141:3393-32-7665-0000","parcelId":"3393-32-7665-0000","countyFips":"37141","countyName":"Pender","state":"North Carolina","marketIds":["Wilmington"],"situsAddress":"6290 NC HWY 50","situsCity":null,"situsZip":null,"jurisdictionCode":"PND","ownerName":"CRENSHAW, TOMMIE E JR","ownerName2":null,"propertyName":null,"zoningCode":"RA","zoningDistrict":"Rural Agricultural","jurisdictionPrefix":"PND","dorCode":null,"acreage":7.83,"centroid":[-77.690759,34.657035],"lastSale":{"date":"2016-05-05","price":null,"qualified":null},"tax":{"marketValue":160548.0,"assessedValue":null,"taxableValue":null,"taxes":null},"mailingAddress":{"line1":"6290 NC HWY 50","line2":null,"city":"MAPLE HILL","state":"NC","zip":"28454"},"incomeTract":null,"incomeBlockGroup":null,"nearestRoad":null,"flu":{"code":"Rural Agricultural","label":"Rural Agricultural","jurisdiction":"Pender County","source":"https://gis.pendercountync.gov/arcgis/rest/services/LayersPro/MapServer/35"},"opportunityZone":null,"oz2Eligibility":{"eligible":true,"rural":true,"tractGeoid":"37141920204","tractName":"Census Tract 9202.04","designation":"eligible-for-nomination"},"source":"nc-pender-energov-37141","appraiserUrl":"https://mss.pendercountync.gov/css/citizens/RealEstate/Default.aspx?mode=new"},"geometry":{"type":"Polygon","coordinates":[[[-77.689598,34.657115],[-77.689676,34.65717],[-77.691195,34.658246],[-77.691633,34.657258],[-77.691819,34.656909],[-77.691921,34.656583],[-77.689469,34.655965],[-77.689598,34.657115]]]}},{"type":"Feature","id":"37141:3392-78-8404-0000","properties":{"id":"37141:3392-78-8404-0000","parcelId":"3392-78-8404-0000","countyFips":"37141","countyName":"Pender","state":"North Carolina","marketIds":["Wilmington"],"situsAddress":"7524 NC HWY 50","situsCity":null,"situsZip":null,"jurisdictionCode":"PND","ownerName":"JAMES, ANDREW JACKSON JR HEIRS","ownerName2":null,"propertyName":null,"zoningCode":"RP","zoningDistrict":"Residential Performance","jurisdictionPrefix":"PND","dorCode":null,"acreage":7.77,"centroid":[-77.67728,34.645084],"lastSale":{"date":"2001-10-16","price":null,"qualified":null},"tax":{"marketValue":150320.0,"assessedValue":null,"taxableValue":null,"taxes":null},"mailingAddress":{"line1":"7524 NC HWY 50","line2":null,"city":"MAPLE HILL","state":"NC","zip":"28454"},"incomeTract":null,"incomeBlockGroup":null,"nearestRoad":null,"flu":{"code":"Rural Agricultural","label":"Rural Agricultural","jurisdiction":"Pender County","source":"https://gis.pendercountync.gov/arcgis/rest/services/LayersPro/MapServer/35"},"opportunityZone":null,"oz2Eligibility":{"eligible":true,"rural":true,"tractGeoid":"37141920204","tractName":"Census Tract 9202.04","designation":"eligible-for-nomination"},"source":"nc-pender-energov-37141","appraiserUrl":"https://mss.pendercountync.gov/css/citizens/RealEstate/Default.aspx?mode=new"},"geometry":{"type":"Polygon","coordinates":[[[-77.678642,34.64421],[-77.676471,34.645148],[-77.675657,34.6455],[-77.675886,34.645702],[-77.67631,34.64603],[-77.679221,34.644848],[-77.678775,34.644152],[-77.678642,34.64421]]]}},{"type":"Feature","id":"37141:3383-68-2723-0000","properties":{"id":"37141:3383-68-2723-0000","parcelId":"3383-68-2723-0000","countyFips":"37141","countyName":"Pender","state":"North Carolina","marketIds":["Wilmington"],"situsAddress":"4560 NC HWY 50","situsCity":null,"situsZip":null,"jurisdictionCode":"PND","ownerName":"RECONNU, JOE ARTHUR","ownerName2":null,"propertyName":null,"zoningCode":"RP","zoningDistrict":"Residential Performance","jurisdictionPrefix":"PND","dorCode":null,"acreage":7.66,"centroid":[-77.715118,34.674051],"lastSale":{"date":"2021-11-12","price":null,"qualified":null},"tax":{"marketValue":184683.0,"assessedValue":null,"taxableValue":null,"taxes":null},"mailingAddress":{"line1":"4560 NC HWY 50","line2":null,"city":"MAPLE HILL","state":"NC","zip":"28454"},"incomeTract":null,"incomeBlockGroup":null,"nearestRoad":null,"flu":{"code":"Rural Crossroads","label":"Rural Crossroads","jurisdiction":"Pender County","source":"https://gis.pendercountync.gov/arcgis/rest/services/LayersPro/MapServer/35"},"opportunityZone":null,"oz2Eligibility":{"eligible":true,"rural":true,"tractGeoid":"37141920204","tractName":"Census Tract 9202.04","designation":"eligible-for-nomination"},"source":"nc-pender-energov-37141","appraiserUrl":"https://mss.pendercountync.gov/css/citizens/RealEstate/Default.aspx?mode=new"},"geometry":{"type":"Polygon","coordinates":[[[-77.71387,34.674228],[-77.713903,34.674251],[-77.714269,34.674529],[-77.714603,34.674818],[-77.715524,34.674042],[-77.715898,34.674406],[-77.716961,34.673518],[-77.715912,34.672613],[-77.71387,34.674228]]]}},{"type":"Feature","id":"37141:3394-97-7077-0000","properties":{"id":"37141:3394-97-7077-0000","parcelId":"3394-97-7077-0000","countyFips":"37141","countyName":"Pender","state":"North Carolina","marketIds":["Wilmington"],"situsAddress":null,"situsCity":null,"situsZip":null,"jurisdictionCode":"PND","ownerName":"WALLACE, JOHNNIE","ownerName2":null,"propertyName":null,"zoningCode":"RA","zoningDistrict":"Rural Agricultural","jurisdictionPrefix":"PND","dorCode":null,"acreage":7.65,"centroid":[-77.669691,34.696244],"lastSale":{"date":"2009-11-12","price":null,"qualified":null},"tax":{"marketValue":39950.0,"assessedValue":null,"taxableValue":null,"taxes":null},"mailingAddress":{"line1":"9579 VALENCIA AVENUE NW","line2":null,"city":"CONCORD","state":"NC","zip":"28027"},"incomeTract":null,"incomeBlockGroup":null,"nearestRoad":null,"flu":{"code":"Rural Agricultural","label":"Rural Agricultural","jurisdiction":"Pender County","source":"https://gis.pendercountync.gov/arcgis/rest/services/LayersPro/MapServer/35"},"opportunityZone":null,"oz2Eligibility":{"eligible":true,"rural":true,"tractGeoid":"37141920204","tractName":"Census Tract 9202.04","designation":"eligible-for-nomination"},"source":"nc-pender-energov-37141","appraiserUrl":"https://mss.pendercountync.gov/css/citizens/RealEstate/Default.aspx?mode=new"},"geometry":{"type":"Polygon","coordinates":[[[-77.668589,34.694912],[-77.669202,34.696115],[-77.669805,34.697298],[-77.670438,34.697556],[-77.671322,34.696845],[-77.668793,34.694737],[-77.668589,34.694912]]]}},{"type":"Feature","id":"37141:3393-97-7539-0000","properties":{"id":"37141:3393-97-7539-0000","parcelId":"3393-97-7539-0000","countyFips":"37141","countyName":"Pender","state":"North Carolina","marketIds":["Wilmington"],"situsAddress":"1201 WEBBTOWN RD","situsCity":null,"situsZip":null,"jurisdictionCode":"PND","ownerName":"FARRIOR, MILFORD HEIRS","ownerName2":null,"propertyName":null,"zoningCode":"RA","zoningDistrict":"Rural Agricultural","jurisdictionPrefix":"PND","dorCode":null,"acreage":7.61,"centroid":[-77.670362,34.669294],"lastSale":{"date":null,"price":null,"qualified":null},"tax":{"marketValue":162394.0,"assessedValue":null,"taxableValue":null,"taxes":null},"mailingAddress":{"line1":"188 ROCKFISH LAKE RD","line2":null,"city":"MAPLE HILL","state":"NC","zip":"28454"},"incomeTract":null,"incomeBlockGroup":null,"nearestRoad":null,"flu":{"code":"Rural Agricultural","label":"Rural Agricultural","jurisdiction":"Pender County","source":"https://gis.pendercountync.gov/arcgis/rest/services/LayersPro/MapServer/35"},"opportunityZone":null,"oz2Eligibility":{"eligible":true,"rural":true,"tractGeoid":"37141920204","tractName":"Census Tract 9202.04","designation":"eligible-for-nomination"},"source":"nc-pender-energov-37141","appraiserUrl":"https://mss.pendercountync.gov/css/citizens/RealEstate/Default.aspx?mode=new"},"geometry":{"type":"Polygon","coordinates":[[[-77.670832,34.668998],[-77.67087,34.668642],[-77.670933,34.668065],[-77.670809,34.667962],[-77.669773,34.669129],[-77.669616,34.669118],[-77.669463,34.671259],[-77.670604,34.67118],[-77.670832,34.668998]],[[-77.670272,34.668829],[-77.670376,34.668923],[-77.67052,34.669052],[-77.670169,34.6694],[-77.669921,34.669178],[-77.670272,34.668829]]]}},{"type":"Feature","id":"37141:4303-42-6827-0000","properties":{"id":"37141:4303-42-6827-0000","parcelId":"4303-42-6827-0000","countyFips":"37141","countyName":"Pender","state":"North Carolina","marketIds":["Wilmington"],"situsAddress":"2395 WEBBTOWN RD","situsCity":null,"situsZip":null,"jurisdictionCode":"PND","ownerName":"JAMES, LILLIE BELL HEIRS","ownerName2":null,"propertyName":null,"zoningCode":"RA","zoningDistrict":"Rural Agricultural","jurisdictionPrefix":"PND","dorCode":null,"acreage":7.61,"centroid":[-77.654328,34.656908],"lastSale":{"date":"2003-06-10","price":null,"qualified":null},"tax":{"marketValue":39830.0,"assessedValue":null,"taxableValue":null,"taxes":null},"mailingAddress":{"line1":"C/O HAZEL JAMES","line2":null,"city":"HYDE PARK","state":"MA","zip":"02136"},"incomeTract":null,"incomeBlockGroup":null,"nearestRoad":null,"flu":{"code":"Rural Agricultural","label":"Rural Agricultural","jurisdiction":"Pender County","source":"https://gis.pendercountync.gov/arcgis/rest/services/LayersPro/MapServer/35"},"opportunityZone":null,"oz2Eligibility":{"eligible":true,"rural":true,"tractGeoid":"37141920204","tractName":"Census Tract 9202.04","designation":"eligible-for-nomination"},"source":"nc-pender-energov-37141","appraiserUrl":"https://mss.pendercountync.gov/css/citizens/RealEstate/Default.aspx?mode=new"},"geometry":{"type":"Polygon","coordinates":[[[-77.651019,34.658187],[-77.651309,34.658824],[-77.654633,34.657471],[-77.655708,34.656324],[-77.655561,34.656207],[-77.65514,34.656635],[-77.654915,34.656456],[-77.655376,34.656061],[-77.655311,34.65601],[-77.654307,34.656907],[-77.651019,34.658187]]]}},{"type":"Feature","id":"37141:3393-47-7447-0000","properties":{"id":"37141:3393-47-7447-0000","parcelId":"3393-47-7447-0000","countyFips":"37141","countyName":"Pender","state":"North Carolina","marketIds":["Wilmington"],"situsAddress":"766 OLD MAPLE HILL RD N","situsCity":null,"situsZip":null,"jurisdictionCode":"PND","ownerName":"ARROYAVE, MARTA L","ownerName2":null,"propertyName":null,"zoningCode":"RA","zoningDistrict":"Rural Agricultural","jurisdictionPrefix":"PND","dorCode":null,"acreage":7.6,"centroid":[-77.684884,34.670229],"lastSale":{"date":"2013-01-14","price":null,"qualified":null},"tax":{"marketValue":78190.0,"assessedValue":null,"taxableValue":null,"taxes":null},"mailingAddress":{"line1":"766 OLD MAPLE HILL RD","line2":null,"city":"MAPLE HILL","state":"NC","zip":"28454"},"incomeTract":null,"incomeBlockGroup":null,"nearestRoad":null,"flu":{"code":"Rural Agricultural","label":"Rural Agricultural","jurisdiction":"Pender County","source":"https://gis.pendercountync.gov/arcgis/rest/services/LayersPro/MapServer/35"},"opportunityZone":null,"oz2Eligibility":{"eligible":true,"rural":true,"tractGeoid":"37141920204","tractName":"Census Tract 9202.04","designation":"eligible-for-nomination"},"source":"nc-pender-energov-37141","appraiserUrl":"https://mss.pendercountync.gov/css/citizens/RealEstate/Default.aspx?mode=new"},"geometry":{"type":"Polygon","coordinates":[[[-77.684411,34.6703],[-77.684417,34.6703],[-77.684497,34.670334],[-77.684622,34.670426],[-77.684673,34.670564],[-77.688338,34.670437],[-77.688292,34.669756],[-77.683924,34.66993],[-77.683945,34.670041],[-77.683936,34.670149],[-77.683972,34.670203],[-77.684178,34.67023],[-77.684284,34.670302],[-77.684411,34.6703]]]}},{"type":"Feature","id":"37141:4302-46-5276-0000","properties":{"id":"37141:4302-46-5276-0000","parcelId":"4302-46-5276-0000","countyFips":"37141","countyName":"Pender","state":"North Carolina","marketIds":["Wilmington"],"situsAddress":"50 HWY","situsCity":null,"situsZip":null,"jurisdictionCode":"PND","ownerName":"NEWTON, JAMES EARL JR","ownerName2":null,"propertyName":null,"zoningCode":"RA","zoningDistrict":"Rural Agricultural","jurisdictionPrefix":"PND","dorCode":null,"acreage":7.57,"centroid":[-77.654664,34.638895],"lastSale":{"date":"2025-05-13","price":null,"qualified":null},"tax":{"marketValue":39710.0,"assessedValue":null,"taxableValue":null,"taxes":null},"mailingAddress":{"line1":"FAYE WATKINS","line2":null,"city":"MAPLE HILL","state":"NC","zip":"28454"},"incomeTract":null,"incomeBlockGroup":null,"nearestRoad":null,"flu":{"code":"Rural Agricultural","label":"Rural Agricultural","jurisdiction":"Pender County","source":"https://gis.pendercountync.gov/arcgis/rest/services/LayersPro/MapServer/35"},"opportunityZone":null,"oz2Eligibility":{"eligible":true,"rural":true,"tractGeoid":"37141920204","tractName":"Census Tract 9202.04","designation":"eligible-for-nomination"},"source":"nc-pender-energov-37141","appraiserUrl":"https://mss.pendercountync.gov/css/citizens/RealEstate/Default.aspx?mode=new"},"geometry":{"type":"Polygon","coordinates":[[[-77.655818,34.636587],[-77.655714,34.636595],[-77.654848,34.636668],[-77.654424,34.639692],[-77.653306,34.641469],[-77.653653,34.641607],[-77.654886,34.639647],[-77.655818,34.636587]]]}},{"type":"Feature","id":"37141:3384-61-9348-0000","properties":{"id":"37141:3384-61-9348-0000","parcelId":"3384-61-9348-0000","countyFips":"37141","countyName":"Pender","state":"North Carolina","marketIds":["Wilmington"],"situsAddress":"50 HWY OFF","situsCity":null,"situsZip":null,"jurisdictionCode":"PND","ownerName":"POWERS, STANLEY GENE","ownerName2":null,"propertyName":null,"zoningCode":"RA","zoningDistrict":"Rural Agricultural","jurisdictionPrefix":"PND","dorCode":null,"acreage":7.5,"centroid":[-77.712095,34.681663],"lastSale":{"date":null,"price":null,"qualified":null},"tax":{"marketValue":9375.0,"assessedValue":null,"taxableValue":null,"taxes":null},"mailingAddress":{"line1":"340 BEAR POND RD","line2":null,"city":"RICHLANDS","state":"NC","zip":"28574"},"incomeTract":null,"incomeBlockGroup":null,"nearestRoad":null,"flu":{"code":"Rural Agricultural","label":"Rural Agricultural","jurisdiction":"Pender County","source":"https://gis.pendercountync.gov/arcgis/rest/services/LayersPro/MapServer/35"},"opportunityZone":null,"oz2Eligibility":{"eligible":true,"rural":true,"tractGeoid":"37141920204","tractName":"Census Tract 9202.04","designation":"eligible-for-nomination"},"source":"nc-pender-energov-37141","appraiserUrl":"https://mss.pendercountync.gov/css/citizens/RealEstate/Default.aspx?mode=new"},"geometry":{"type":"Polygon","coordinates":[[[-77.7093,34.683384],[-77.70953,34.683681],[-77.714851,34.680185],[-77.7147,34.679401],[-77.7093,34.683384]]]}},{"type":"Feature","id":"37141:3392-71-5068-0000","properties":{"id":"37141:3392-71-5068-0000","parcelId":"3392-71-5068-0000","countyFips":"37141","countyName":"Pender","state":"North Carolina","marketIds":["Wilmington"],"situsAddress":null,"situsCity":null,"situsZip":null,"jurisdictionCode":"PND","ownerName":"JAMES, SAMPSON HEIRS","ownerName2":null,"propertyName":null,"zoningCode":"RP","zoningDistrict":"Residential Performance","jurisdictionPrefix":"PND","dorCode":null,"acreage":7.5,"centroid":[-77.678469,34.624976],"lastSale":{"date":null,"price":null,"qualified":null},"tax":{"marketValue":39500.0,"assessedValue":null,"taxableValue":null,"taxes":null},"mailingAddress":{"line1":"C/O LARRY SMITH","line2":null,"city":"MAPLE HILL","state":"NC","zip":"28454"},"incomeTract":null,"incomeBlockGroup":null,"nearestRoad":null,"flu":{"code":"Rural Agricultural","label":"Rural Agricultural","jurisdiction":"Pender County","source":"https://gis.pendercountync.gov/arcgis/rest/services/LayersPro/MapServer/35"},"opportunityZone":null,"oz2Eligibility":{"eligible":true,"rural":true,"tractGeoid":"37141920204","tractName":"Census Tract 9202.04","designation":"eligible-for-nomination"},"source":"nc-pender-energov-37141","appraiserUrl":"https://mss.pendercountync.gov/css/citizens/RealEstate/Default.aspx?mode=new"},"geometry":{"type":"Polygon","coordinates":[[[-77.677496,34.625629],[-77.679269,34.625764],[-77.679443,34.624329],[-77.677668,34.62418],[-77.677496,34.625629]]]}},{"type":"Feature","id":"37141:3392-93-4790-0000","properties":{"id":"37141:3392-93-4790-0000","parcelId":"3392-93-4790-0000","countyFips":"37141","countyName":"Pender","state":"North Carolina","marketIds":["Wilmington"],"situsAddress":"99 CHEVY LN","situsCity":null,"situsZip":null,"jurisdictionCode":"PND","ownerName":"PARKER, JEAN NOVELLA","ownerName2":null,"propertyName":null,"zoningCode":"RP","zoningDistrict":"Residential Performance","jurisdictionPrefix":"PND","dorCode":null,"acreage":7.5,"centroid":[-77.671699,34.632311],"lastSale":{"date":"2020-07-01","price":15000.0,"qualified":null},"tax":{"marketValue":163344.0,"assessedValue":null,"taxableValue":null,"taxes":null},"mailingAddress":{"line1":"103 CHEVY LN","line2":null,"city":"MAPLE HILL","state":"NC","zip":"28454"},"incomeTract":null,"incomeBlockGroup":null,"nearestRoad":null,"flu":{"code":"Rural Agricultural","label":"Rural Agricultural","jurisdiction":"Pender County","source":"https://gis.pendercountync.gov/arcgis/rest/services/LayersPro/MapServer/35"},"opportunityZone":null,"oz2Eligibility":{"eligible":true,"rural":true,"tractGeoid":"37141920204","tractName":"Census Tract 9202.04","designation":"eligible-for-nomination"},"source":"nc-pender-energov-37141","appraiserUrl":"https://mss.pendercountync.gov/css/citizens/RealEstate/Default.aspx?mode=new"},"geometry":{"type":"Polygon","coordinates":[[[-77.671503,34.633054],[-77.671879,34.633388],[-77.67302,34.633177],[-77.673035,34.633048],[-77.6724,34.633154],[-77.672442,34.632526],[-77.673113,34.632396],[-77.673273,34.630976],[-77.671459,34.6313],[-77.671493,34.631671],[-77.670345,34.631674],[-77.670108,34.631541],[-77.669853,34.631587],[-77.670551,34.632208],[-77.671283,34.631909],[-77.671776,34.63277],[-77.671343,34.632912],[-77.671503,34.633054]]]}},{"type":"Feature","id":"37141:3393-85-6392-0000","properties":{"id":"37141:3393-85-6392-0000","parcelId":"3393-85-6392-0000","countyFips":"37141","countyName":"Pender","state":"North Carolina","marketIds":["Wilmington"],"situsAddress":null,"situsCity":null,"situsZip":null,"jurisdictionCode":"PND","ownerName":"LISANE, COOLIDGE HEIRS","ownerName2":null,"propertyName":null,"zoningCode":"RA","zoningDistrict":"Rural Agricultural","jurisdictionPrefix":"PND","dorCode":null,"acreage":7.5,"centroid":[-77.674744,34.662597],"lastSale":{"date":"1973-09-17","price":null,"qualified":null},"tax":{"marketValue":39500.0,"assessedValue":null,"taxableValue":null,"taxes":null},"mailingAddress":{"line1":"906 PURVIS CT","line2":null,"city":"RICHLANDS","state":"NC","zip":"28574"},"incomeTract":null,"incomeBlockGroup":null,"nearestRoad":null,"flu":{"code":"Rural Agricultural","label":"Rural Agricultural","jurisdiction":"Pender County","source":"https://gis.pendercountync.gov/arcgis/rest/services/LayersPro/MapServer/35"},"opportunityZone":null,"oz2Eligibility":{"eligible":true,"rural":true,"tractGeoid":"37141920204","tractName":"Census Tract 9202.04","designation":"eligible-for-nomination"},"source":"nc-pender-energov-37141","appraiserUrl":"https://mss.pendercountync.gov/css/citizens/RealEstate/Default.aspx?mode=new"},"geometry":{"type":"Polygon","coordinates":[[[-77.673528,34.663733],[-77.672982,34.664798],[-77.674327,34.664808],[-77.675877,34.661706],[-77.675724,34.661741],[-77.675636,34.661845],[-77.675582,34.661869],[-77.675359,34.66187],[-77.675273,34.661891],[-77.675122,34.661997],[-77.67503,34.662154],[-77.674958,34.66219],[-77.674832,34.66221],[-77.674608,34.662345],[-77.674206,34.6624],[-77.674064,34.662678],[-77.674409,34.662732],[-77.673867,34.663784],[-77.673528,34.663733]]]}},{"type":"Feature","id":"37141:4302-65-4224-0000","properties":{"id":"37141:4302-65-4224-0000","parcelId":"4302-65-4224-0000","countyFips":"37141","countyName":"Pender","state":"North Carolina","marketIds":["Wilmington"],"situsAddress":null,"situsCity":null,"situsZip":null,"jurisdictionCode":"PND","ownerName":"WATKINS, DAVID HEIRS ETAL","ownerName2":null,"propertyName":null,"zoningCode":"RA","zoningDistrict":"Rural Agricultural","jurisdictionPrefix":"PND","dorCode":null,"acreage":7.49,"centroid":[-77.64827,34.637786],"lastSale":{"date":"2015-09-04","price":null,"qualified":null},"tax":{"marketValue":40220.0,"assessedValue":null,"taxableValue":null,"taxes":null},"mailingAddress":{"line1":"C/O NEBRASKA WATKINS","line2":null,"city":"MAPLE HILL","state":"NC","zip":"28454"},"incomeTract":null,"incomeBlockGroup":null,"nearestRoad":null,"flu":{"code":"Rural Agricultural","label":"Rural Agricultural","jurisdiction":"Pender County","source":"https://gis.pendercountync.gov/arcgis/rest/services/LayersPro/MapServer/35"},"opportunityZone":null,"oz2Eligibility":{"eligible":true,"rural":true,"tractGeoid":"37141920204","tractName":"Census Tract 9202.04","designation":"eligible-for-nomination"},"source":"nc-pender-energov-37141","appraiserUrl":"https://mss.pendercountync.gov/css/citizens/RealEstate/Default.aspx?mode=new"},"geometry":{"type":"Polygon","coordinates":[[[-77.648169,34.638152],[-77.648169,34.638156],[-77.648427,34.638113],[-77.648367,34.636035],[-77.649081,34.635917],[-77.649141,34.637995],[-77.649505,34.637933],[-77.64941,34.634661],[-77.649221,34.634523],[-77.64857,34.6346],[-77.648305,34.635099],[-77.648267,34.635451],[-77.648101,34.635531],[-77.648169,34.638152]]]}},{"type":"Feature","id":"37141:4302-46-4226-0000","properties":{"id":"37141:4302-46-4226-0000","parcelId":"4302-46-4226-0000","countyFips":"37141","countyName":"Pender","state":"North Carolina","marketIds":["Wilmington"],"situsAddress":"9047 NC HWY 50","situsCity":null,"situsZip":null,"jurisdictionCode":"PND","ownerName":"SMITH, DAVID MILFORD","ownerName2":null,"propertyName":null,"zoningCode":"RA","zoningDistrict":"Rural Agricultural","jurisdictionPrefix":"PND","dorCode":null,"acreage":7.47,"centroid":[-77.655289,34.638943],"lastSale":{"date":"2005-08-18","price":35000.0,"qualified":null},"tax":{"marketValue":281534.0,"assessedValue":null,"taxableValue":null,"taxes":null},"mailingAddress":{"line1":"9047 NC HWY 50","line2":null,"city":"MAPLE HILL","state":"NC","zip":"28454"},"incomeTract":null,"incomeBlockGroup":null,"nearestRoad":null,"flu":{"code":"Rural Agricultural","label":"Rural Agricultural","jurisdiction":"Pender County","source":"https://gis.pendercountync.gov/arcgis/rest/services/LayersPro/MapServer/35"},"opportunityZone":null,"oz2Eligibility":{"eligible":true,"rural":true,"tractGeoid":"37141920204","tractName":"Census Tract 9202.04","designation":"eligible-for-nomination"},"source":"nc-pender-energov-37141","appraiserUrl":"https://mss.pendercountync.gov/css/citizens/RealEstate/Default.aspx?mode=new"},"geometry":{"type":"Polygon","coordinates":[[[-77.653653,34.641607],[-77.654001,34.641745],[-77.655264,34.639311],[-77.655697,34.638614],[-77.656209,34.637527],[-77.656777,34.636507],[-77.655824,34.636586],[-77.654886,34.639647],[-77.653653,34.641607]]]}},{"type":"Feature","id":"37141:3393-27-5650-0000","properties":{"id":"37141:3393-27-5650-0000","parcelId":"3393-27-5650-0000","countyFips":"37141","countyName":"Pender","state":"North Carolina","marketIds":["Wilmington"],"situsAddress":null,"situsCity":null,"situsZip":null,"jurisdictionCode":"PND","ownerName":"JOSLEYN, SENA LANIER","ownerName2":null,"propertyName":null,"zoningCode":"RA","zoningDistrict":"Rural Agricultural","jurisdictionPrefix":"PND","dorCode":null,"acreage":7.45,"centroid":[-77.69394,34.670511],"lastSale":{"date":"2008-09-03","price":null,"qualified":null},"tax":{"marketValue":24350.0,"assessedValue":null,"taxableValue":null,"taxes":null},"mailingAddress":{"line1":"807 OLD MAPLE HILL RD","line2":null,"city":"MAPLE HILL","state":"NC","zip":"28454"},"incomeTract":null,"incomeBlockGroup":null,"nearestRoad":null,"flu":{"code":"Rural Agricultural","label":"Rural Agricultural","jurisdiction":"Pender County","source":"https://gis.pendercountync.gov/arcgis/rest/services/LayersPro/MapServer/35"},"opportunityZone":null,"oz2Eligibility":{"eligible":true,"rural":true,"tractGeoid":"37141920204","tractName":"Census Tract 9202.04","designation":"eligible-for-nomination"},"source":"nc-pender-energov-37141","appraiserUrl":"https://mss.pendercountync.gov/css/citizens/RealEstate/Default.aspx?mode=new"},"geometry":{"type":"Polygon","coordinates":[[[-77.692062,34.670294],[-77.692104,34.670387],[-77.692363,34.670952],[-77.696895,34.670782],[-77.696277,34.67014],[-77.692062,34.670294]]]}},{"type":"Feature","id":"37141:3392-82-2070-0000","properties":{"id":"37141:3392-82-2070-0000","parcelId":"3392-82-2070-0000","countyFips":"37141","countyName":"Pender","state":"North Carolina","marketIds":["Wilmington"],"situsAddress":null,"situsCity":null,"situsZip":null,"jurisdictionCode":"PND","ownerName":"LANIER, S A","ownerName2":null,"propertyName":null,"zoningCode":"RP","zoningDistrict":"Residential Performance","jurisdictionPrefix":"PND","dorCode":null,"acreage":7.43,"centroid":[-77.676034,34.627971],"lastSale":{"date":null,"price":null,"qualified":null},"tax":{"marketValue":30753.0,"assessedValue":null,"taxableValue":null,"taxes":null},"mailingAddress":{"line1":"C/O BERTICE LANIER","line2":null,"city":"MAPLE HILL","state":"NC","zip":"28454"},"incomeTract":null,"incomeBlockGroup":null,"nearestRoad":null,"flu":{"code":"Rural Agricultural","label":"Rural Agricultural","jurisdiction":"Pender County","source":"https://gis.pendercountync.gov/arcgis/rest/services/LayersPro/MapServer/35"},"opportunityZone":null,"oz2Eligibility":{"eligible":true,"rural":true,"tractGeoid":"37141920204","tractName":"Census Tract 9202.04","designation":"eligible-for-nomination"},"source":"nc-pender-energov-37141","appraiserUrl":"https://mss.pendercountync.gov/css/citizens/RealEstate/Default.aspx?mode=new"},"geometry":{"type":"Polygon","coordinates":[[[-77.676005,34.629213],[-77.676355,34.629226],[-77.676723,34.626165],[-77.675721,34.626082],[-77.675366,34.629169],[-77.676005,34.629213]]]}},{"type":"Feature","id":"37141:3394-99-1740-0000","properties":{"id":"37141:3394-99-1740-0000","parcelId":"3394-99-1740-0000","countyFips":"37141","countyName":"Pender","state":"North Carolina","marketIds":["Wilmington"],"situsAddress":"53 HWY OFF","situsCity":null,"situsZip":null,"jurisdictionCode":"PND","ownerName":"PICKETT, DORIS","ownerName2":null,"propertyName":null,"zoningCode":"RA","zoningDistrict":"Rural Agricultural","jurisdictionPrefix":"PND","dorCode":null,"acreage":7.41,"centroid":[-77.673526,34.706114],"lastSale":{"date":null,"price":null,"qualified":null},"tax":{"marketValue":39230.0,"assessedValue":null,"taxableValue":null,"taxes":null},"mailingAddress":{"line1":"306 SEWELL AVE","line2":null,"city":"TRENTON","state":"NJ","zip":"08610"},"incomeTract":null,"incomeBlockGroup":null,"nearestRoad":null,"flu":{"code":"Rural Agricultural","label":"Rural Agricultural","jurisdiction":"Pender County","source":"https://gis.pendercountync.gov/arcgis/rest/services/LayersPro/MapServer/35"},"opportunityZone":null,"oz2Eligibility":{"eligible":true,"rural":true,"tractGeoid":"37141920204","tractName":"Census Tract 9202.04","designation":"eligible-for-nomination"},"source":"nc-pender-energov-37141","appraiserUrl":"https://mss.pendercountync.gov/css/citizens/RealEstate/Default.aspx?mode=new"},"geometry":{"type":"Polygon","coordinates":[[[-77.671036,34.701176],[-77.673688,34.706825],[-77.673995,34.707479],[-77.674041,34.707471],[-77.674044,34.707389],[-77.673988,34.707286],[-77.674014,34.707222],[-77.674071,34.707186],[-77.674201,34.707179],[-77.674308,34.707069],[-77.671396,34.700977],[-77.671036,34.701176]]]}},{"type":"Feature","id":"37141:3384-71-0299-0000","properties":{"id":"37141:3384-71-0299-0000","parcelId":"3384-71-0299-0000","countyFips":"37141","countyName":"Pender","state":"North Carolina","marketIds":["Wilmington"],"situsAddress":"50 HWY OFF","situsCity":null,"situsZip":null,"jurisdictionCode":"PND","ownerName":"DAVIDSON, JAMES R ET AL","ownerName2":null,"propertyName":null,"zoningCode":"RA","zoningDistrict":"Rural Agricultural","jurisdictionPrefix":"PND","dorCode":null,"acreage":7.4,"centroid":[-77.712417,34.680563],"lastSale":{"date":"1975-02-23","price":null,"qualified":null},"tax":{"marketValue":39200.0,"assessedValue":null,"taxableValue":null,"taxes":null},"mailingAddress":{"line1":"C/O MRS. F L PLUMMER","line2":null,"city":"CLOVER","state":"SC","zip":"29710"},"incomeTract":null,"incomeBlockGroup":null,"nearestRoad":null,"flu":{"code":"Rural Agricultural","label":"Rural Agricultural","jurisdiction":"Pender County","source":"https://gis.pendercountync.gov/arcgis/rest/services/LayersPro/MapServer/35"},"opportunityZone":null,"oz2Eligibility":{"eligible":true,"rural":true,"tractGeoid":"37141920204","tractName":"Census Tract 9202.04","designation":"eligible-for-nomination"},"source":"nc-pender-energov-37141","appraiserUrl":"https://mss.pendercountync.gov/css/citizens/RealEstate/Default.aspx?mode=new"},"geometry":{"type":"Polygon","coordinates":[[[-77.713411,34.679501],[-77.713388,34.679521],[-77.71264,34.680151],[-77.711721,34.680967],[-77.710521,34.681942],[-77.709126,34.68316],[-77.7093,34.683384],[-77.7147,34.679401],[-77.714682,34.679138],[-77.714686,34.678461],[-77.713411,34.679501]]]}},{"type":"Feature","id":"37141:3382-57-4762-0000","properties":{"id":"37141:3382-57-4762-0000","parcelId":"3382-57-4762-0000","countyFips":"37141","countyName":"Pender","state":"North Carolina","marketIds":["Wilmington"],"situsAddress":"1817 OLD MAPLE HILL RD","situsCity":null,"situsZip":null,"jurisdictionCode":"PND","ownerName":"LANIER, MICHAEL SCOTT","ownerName2":null,"propertyName":null,"zoningCode":"RA","zoningDistrict":"Rural Agricultural","jurisdictionPrefix":"PND","dorCode":null,"acreage":7.36,"centroid":[-77.718346,34.643503],"lastSale":{"date":"2016-02-25","price":null,"qualified":null},"tax":{"marketValue":74080.0,"assessedValue":null,"taxableValue":null,"taxes":null},"mailingAddress":{"line1":"1877 OLD MAPLE HILL RD","line2":null,"city":"MAPLE HILL","state":"NC","zip":"28454"},"incomeTract":null,"incomeBlockGroup":null,"nearestRoad":null,"flu":{"code":"Rural Agricultural","label":"Rural Agricultural","jurisdiction":"Pender County","source":"https://gis.pendercountync.gov/arcgis/rest/services/LayersPro/MapServer/35"},"opportunityZone":null,"oz2Eligibility":{"eligible":true,"rural":true,"tractGeoid":"37141920204","tractName":"Census Tract 9202.04","designation":"eligible-for-nomination"},"source":"nc-pender-energov-37141","appraiserUrl":"https://mss.pendercountync.gov/css/citizens/RealEstate/Default.aspx?mode=new"},"geometry":{"type":"Polygon","coordinates":[[[-77.720003,34.644231],[-77.716359,34.641245],[-77.718677,34.645033],[-77.720003,34.644231]]]}},{"type":"Feature","id":"37141:3384-22-7874-0000","properties":{"id":"37141:3384-22-7874-0000","parcelId":"3384-22-7874-0000","countyFips":"37141","countyName":"Pender","state":"North Carolina","marketIds":["Wilmington"],"situsAddress":"NC HWY 50 OFF","situsCity":null,"situsZip":null,"jurisdictionCode":"PND","ownerName":"BROWN, J DEREK","ownerName2":null,"propertyName":null,"zoningCode":"RA","zoningDistrict":"Rural Agricultural","jurisdictionPrefix":"PND","dorCode":null,"acreage":7.31,"centroid":[-77.727477,34.685709],"lastSale":{"date":"2025-02-11","price":null,"qualified":null},"tax":{"marketValue":3745.0,"assessedValue":null,"taxableValue":null,"taxes":null},"mailingAddress":{"line1":"3506 HWY 50","line2":null,"city":"MAPLE HILL","state":"NC","zip":"28454"},"incomeTract":null,"incomeBlockGroup":null,"nearestRoad":null,"flu":{"code":"Rural Agricultural","label":"Rural Agricultural","jurisdiction":"Pender County","source":"https://gis.pendercountync.gov/arcgis/rest/services/LayersPro/MapServer/35"},"opportunityZone":null,"oz2Eligibility":{"eligible":true,"rural":true,"tractGeoid":"37141920204","tractName":"Census Tract 9202.04","designation":"eligible-for-nomination"},"source":"nc-pender-energov-37141","appraiserUrl":"https://mss.pendercountync.gov/css/citizens/RealEstate/Default.aspx?mode=new"},"geometry":{"type":"Polygon","coordinates":[[[-77.725969,34.685125],[-77.725978,34.685135],[-77.727072,34.686254],[-77.726227,34.686531],[-77.726347,34.686621],[-77.728098,34.686033],[-77.727785,34.685673],[-77.727631,34.685767],[-77.727433,34.685546],[-77.727699,34.685382],[-77.727898,34.685603],[-77.727865,34.685624],[-77.728132,34.685931],[-77.728341,34.685806],[-77.72844,34.68592],[-77.728821,34.685793],[-77.72737,34.684314],[-77.725969,34.685125]]]}},{"type":"Feature","id":"37141:3394-96-3199-0000","properties":{"id":"37141:3394-96-3199-0000","parcelId":"3394-96-3199-0000","countyFips":"37141","countyName":"Pender","state":"North Carolina","marketIds":["Wilmington"],"situsAddress":"18310 NC HWY 53 E","situsCity":null,"situsZip":null,"jurisdictionCode":"PND","ownerName":"HOLMES, JUTTIE MILTON","ownerName2":null,"propertyName":null,"zoningCode":"RA","zoningDistrict":"Rural Agricultural","jurisdictionPrefix":"PND","dorCode":null,"acreage":7.3,"centroid":[-77.671223,34.693422],"lastSale":{"date":"2018-07-31","price":null,"qualified":null},"tax":{"marketValue":131799.0,"assessedValue":null,"taxableValue":null,"taxes":null},"mailingAddress":{"line1":"705 WILDFLOWER RIDGE RD","line2":null,"city":"WAKE FOREST","state":"NC","zip":"27587"},"incomeTract":null,"incomeBlockGroup":null,"nearestRoad":null,"flu":{"code":"Rural Agricultural","label":"Rural Agricultural","jurisdiction":"Pender County","source":"https://gis.pendercountync.gov/arcgis/rest/services/LayersPro/MapServer/35"},"opportunityZone":null,"oz2Eligibility":{"eligible":true,"rural":true,"tractGeoid":"37141920204","tractName":"Census Tract 9202.04","designation":"eligible-for-nomination"},"source":"nc-pender-energov-37141","appraiserUrl":"https://mss.pendercountync.gov/css/citizens/RealEstate/Default.aspx?mode=new"},"geometry":{"type":"Polygon","coordinates":[[[-77.671163,34.692699],[-77.671113,34.692743],[-77.670093,34.693619],[-77.671157,34.694935],[-77.672632,34.693849],[-77.671178,34.692686],[-77.671163,34.692699]]]}},{"type":"Feature","id":"37141:3383-85-4554-0000","properties":{"id":"37141:3383-85-4554-0000","parcelId":"3383-85-4554-0000","countyFips":"37141","countyName":"Pender","state":"North Carolina","marketIds":["Wilmington"],"situsAddress":"50 HWY","situsCity":null,"situsZip":null,"jurisdictionCode":"PND","ownerName":"SHOLAR, JIMMY G CO-TRUSTEE","ownerName2":null,"propertyName":null,"zoningCode":"RA","zoningDistrict":"Rural Agricultural","jurisdictionPrefix":"PND","dorCode":null,"acreage":7.27,"centroid":[-77.707248,34.666161],"lastSale":{"date":"2025-10-08","price":null,"qualified":null},"tax":{"marketValue":6252.0,"assessedValue":null,"taxableValue":null,"taxes":null},"mailingAddress":{"line1":"5345 NC HWY 50","line2":null,"city":"MAPLE HILL","state":"NC","zip":"28454"},"incomeTract":null,"incomeBlockGroup":null,"nearestRoad":null,"flu":{"code":"Rural Agricultural","label":"Rural Agricultural","jurisdiction":"Pender County","source":"https://gis.pendercountync.gov/arcgis/rest/services/LayersPro/MapServer/35"},"opportunityZone":null,"oz2Eligibility":{"eligible":true,"rural":true,"tractGeoid":"37141920204","tractName":"Census Tract 9202.04","designation":"eligible-for-nomination"},"source":"nc-pender-energov-37141","appraiserUrl":"https://mss.pendercountync.gov/css/citizens/RealEstate/Default.aspx?mode=new"},"geometry":{"type":"Polygon","coordinates":[[[-77.706122,34.667656],[-77.706133,34.667663],[-77.706178,34.667692],[-77.710123,34.662993],[-77.709788,34.662639],[-77.70601,34.667121],[-77.70638,34.66736],[-77.706122,34.667656]]]}},{"type":"Feature","id":"37141:3393-34-1005-0000","properties":{"id":"37141:3393-34-1005-0000","parcelId":"3393-34-1005-0000","countyFips":"37141","countyName":"Pender","state":"North Carolina","marketIds":["Wilmington"],"situsAddress":"6085 NC HWY 50","situsCity":null,"situsZip":null,"jurisdictionCode":"PND","ownerName":"ROCHELLE, JOSEPH LEON JR","ownerName2":null,"propertyName":null,"zoningCode":"RA","zoningDistrict":"Rural Agricultural","jurisdictionPrefix":"PND","dorCode":null,"acreage":7.05,"centroid":[-77.692351,34.660946],"lastSale":{"date":"2014-06-26","price":130000.0,"qualified":null},"tax":{"marketValue":157744.0,"assessedValue":null,"taxableValue":null,"taxes":null},"mailingAddress":{"line1":"6085 NC HWY 50","line2":null,"city":"MAPLE HILL","state":"NC","zip":"28454"},"incomeTract":null,"incomeBlockGroup":null,"nearestRoad":null,"flu":{"code":"Rural Agricultural","label":"Rural Agricultural","jurisdiction":"Pender County","source":"https://gis.pendercountync.gov/arcgis/rest/services/LayersPro/MapServer/35"},"opportunityZone":null,"oz2Eligibility":{"eligible":true,"rural":true,"tractGeoid":"37141920204","tractName":"Census Tract 9202.04","designation":"eligible-for-nomination"},"source":"nc-pender-energov-37141","appraiserUrl":"https://mss.pendercountync.gov/css/citizens/RealEstate/Default.aspx?mode=new"},"geometry":{"type":"Polygon","coordinates":[[[-77.692183,34.661455],[-77.692228,34.661463],[-77.692658,34.661694],[-77.693198,34.661205],[-77.693489,34.661117],[-77.694214,34.660799],[-77.69291,34.659812],[-77.692306,34.659904],[-77.692006,34.660273],[-77.69187,34.660524],[-77.691646,34.660814],[-77.691616,34.660988],[-77.691648,34.661195],[-77.691509,34.661571],[-77.691788,34.661381],[-77.692183,34.661455]]]}},{"type":"Feature","id":"37141:3393-95-5357-0000","properties":{"id":"37141:3393-95-5357-0000","parcelId":"3393-95-5357-0000","countyFips":"37141","countyName":"Pender","state":"North Carolina","marketIds":["Wilmington"],"situsAddress":null,"situsCity":null,"situsZip":null,"jurisdictionCode":"PND","ownerName":"WOOTEN, EDITH","ownerName2":null,"propertyName":null,"zoningCode":"RA","zoningDistrict":"Rural Agricultural","jurisdictionPrefix":"PND","dorCode":null,"acreage":7.02,"centroid":[-77.670763,34.664289],"lastSale":{"date":null,"price":null,"qualified":null},"tax":{"marketValue":73060.0,"assessedValue":null,"taxableValue":null,"taxes":null},"mailingAddress":{"line1":"C/O CLYDE MARSHBURN, JACQUELINE BONEY","line2":null,"city":"MAPLE HILL","state":"NC","zip":"28454"},"incomeTract":null,"incomeBlockGroup":null,"nearestRoad":null,"flu":{"code":"Rural Agricultural","label":"Rural Agricultural","jurisdiction":"Pender County","source":"https://gis.pendercountync.gov/arcgis/rest/services/LayersPro/MapServer/35"},"opportunityZone":null,"oz2Eligibility":{"eligible":true,"rural":true,"tractGeoid":"37141920204","tractName":"Census Tract 9202.04","designation":"eligible-for-nomination"},"source":"nc-pender-energov-37141","appraiserUrl":"https://mss.pendercountync.gov/css/citizens/RealEstate/Default.aspx?mode=new"},"geometry":{"type":"MultiPolygon","coordinates":[[[[-77.669711,34.664756],[-77.669709,34.664758],[-77.670285,34.665006],[-77.671149,34.665602],[-77.671748,34.664768],[-77.671111,34.663837],[-77.671616,34.663597],[-77.671372,34.663248],[-77.67125,34.663304],[-77.670507,34.664012],[-77.670725,34.664241],[-77.670449,34.6644],[-77.670285,34.664227],[-77.669711,34.664756]]],[[[-77.671626,34.66295],[-77.671649,34.662939],[-77.672815,34.662388],[-77.672584,34.662047],[-77.671626,34.66295]]],[[[-77.6729,34.661748],[-77.67306,34.66215],[-77.673566,34.661119],[-77.6729,34.661748]]]]}},{"type":"Feature","id":"37141:3372-95-7681-0000","properties":{"id":"37141:3372-95-7681-0000","parcelId":"3372-95-7681-0000","countyFips":"37141","countyName":"Pender","state":"North Carolina","marketIds":["Wilmington"],"situsAddress":null,"situsCity":null,"situsZip":null,"jurisdictionCode":"PND","ownerName":"WOOTEN, PAUL GLENN","ownerName2":null,"propertyName":null,"zoningCode":"RA","zoningDistrict":"Rural Agricultural","jurisdictionPrefix":"PND","dorCode":null,"acreage":7.0,"centroid":[-77.736941,34.638688],"lastSale":{"date":"2012-04-18","price":17000.0,"qualified":null},"tax":{"marketValue":10672.0,"assessedValue":null,"taxableValue":null,"taxes":null},"mailingAddress":{"line1":"1411 HAVENS DRIVE","line2":null,"city":"NORTH MYRTLE BEACH","state":"SC","zip":"29582"},"incomeTract":null,"incomeBlockGroup":null,"nearestRoad":null,"flu":{"code":"Rural Agricultural","label":"Rural Agricultural","jurisdiction":"Pender County","source":"https://gis.pendercountync.gov/arcgis/rest/services/LayersPro/MapServer/35"},"opportunityZone":null,"oz2Eligibility":{"eligible":true,"rural":true,"tractGeoid":"37141920204","tractName":"Census Tract 9202.04","designation":"eligible-for-nomination"},"source":"nc-pender-energov-37141","appraiserUrl":"https://mss.pendercountync.gov/css/citizens/RealEstate/Default.aspx?mode=new"},"geometry":{"type":"Polygon","coordinates":[[[-77.736632,34.638584],[-77.736249,34.639882],[-77.736408,34.639846],[-77.736847,34.639686],[-77.737184,34.639628],[-77.738026,34.636673],[-77.737243,34.636517],[-77.736632,34.638584]]]}},{"type":"Feature","id":"37141:3394-53-9379-0000","properties":{"id":"37141:3394-53-9379-0000","parcelId":"3394-53-9379-0000","countyFips":"37141","countyName":"Pender","state":"North Carolina","marketIds":["Wilmington"],"situsAddress":"17560 NC HWY 53 E","situsCity":null,"situsZip":null,"jurisdictionCode":"PND","ownerName":"GURGANUS, FRANCES M","ownerName2":null,"propertyName":null,"zoningCode":"RA","zoningDistrict":"Rural Agricultural","jurisdictionPrefix":"PND","dorCode":null,"acreage":7.0,"centroid":[-77.684333,34.686697],"lastSale":{"date":"2000-11-01","price":null,"qualified":null},"tax":{"marketValue":18040.0,"assessedValue":null,"taxableValue":null,"taxes":null},"mailingAddress":{"line1":"1093 GURGANUS RD","line2":null,"city":"RICHLANDS","state":"NC","zip":"28574"},"incomeTract":null,"incomeBlockGroup":null,"nearestRoad":null,"flu":{"code":"Rural Agricultural","label":"Rural Agricultural","jurisdiction":"Pender County","source":"https://gis.pendercountync.gov/arcgis/rest/services/LayersPro/MapServer/35"},"opportunityZone":null,"oz2Eligibility":{"eligible":true,"rural":true,"tractGeoid":"37141920204","tractName":"Census Tract 9202.04","designation":"eligible-for-nomination"},"source":"nc-pender-energov-37141","appraiserUrl":"https://mss.pendercountync.gov/css/citizens/RealEstate/Default.aspx?mode=new"},"geometry":{"type":"Polygon","coordinates":[[[-77.679932,34.685889],[-77.679953,34.685895],[-77.685694,34.687372],[-77.685597,34.687166],[-77.685595,34.687064],[-77.685655,34.687012],[-77.685837,34.686975],[-77.68588,34.686947],[-77.685866,34.686914],[-77.685752,34.68685],[-77.685716,34.686809],[-77.680514,34.68547],[-77.679932,34.685889]]]}},{"type":"Feature","id":"37141:4302-75-6722-0000","properties":{"id":"37141:4302-75-6722-0000","parcelId":"4302-75-6722-0000","countyFips":"37141","countyName":"Pender","state":"North Carolina","marketIds":["Wilmington"],"situsAddress":"9738 NC 50 HWY","situsCity":null,"situsZip":null,"jurisdictionCode":"PND","ownerName":"WATKINS, RUFUS","ownerName2":null,"propertyName":null,"zoningCode":"RA","zoningDistrict":"Rural Agricultural","jurisdictionPrefix":"PND","dorCode":null,"acreage":6.97,"centroid":[-77.644608,34.636714],"lastSale":{"date":null,"price":null,"qualified":null},"tax":{"marketValue":230652.0,"assessedValue":null,"taxableValue":null,"taxes":null},"mailingAddress":{"line1":"816 CHANCEY AVE","line2":null,"city":"BALTIMORE","state":"MD","zip":"21217"},"incomeTract":null,"incomeBlockGroup":null,"nearestRoad":null,"flu":{"code":"Rural Agricultural","label":"Rural Agricultural","jurisdiction":"Pender County","source":"https://gis.pendercountync.gov/arcgis/rest/services/LayersPro/MapServer/35"},"opportunityZone":null,"oz2Eligibility":{"eligible":true,"rural":true,"tractGeoid":"37141920204","tractName":"Census Tract 9202.04","designation":"eligible-for-nomination"},"source":"nc-pender-energov-37141","appraiserUrl":"https://mss.pendercountync.gov/css/citizens/RealEstate/Default.aspx?mode=new"},"geometry":{"type":"MultiPolygon","coordinates":[[[[-77.644263,34.636978],[-77.644279,34.637424],[-77.644315,34.638451],[-77.645314,34.638423],[-77.645241,34.635968],[-77.645061,34.636007],[-77.644448,34.635746],[-77.644333,34.635709],[-77.644219,34.635721],[-77.644263,34.636978]]],[[[-77.6446,34.638612],[-77.644572,34.638613],[-77.644553,34.639064],[-77.645339,34.639136],[-77.645321,34.638591],[-77.6446,34.638612]]]]}},{"type":"Feature","id":"37141:3375-73-1420-0000","properties":{"id":"37141:3375-73-1420-0000","parcelId":"3375-73-1420-0000","countyFips":"37141","countyName":"Pender","state":"North Carolina","marketIds":["Wilmington"],"situsAddress":"50 HWY OFF","situsCity":null,"situsZip":null,"jurisdictionCode":"PND","ownerName":"HOLLINGSWORTH, DAVID EARL","ownerName2":null,"propertyName":null,"zoningCode":"RA","zoningDistrict":"Rural Agricultural","jurisdictionPrefix":"PND","dorCode":null,"acreage":6.92,"centroid":[-77.744996,34.714193],"lastSale":{"date":"2013-01-22","price":null,"qualified":null},"tax":{"marketValue":98860.0,"assessedValue":null,"taxableValue":null,"taxes":null},"mailingAddress":{"line1":"1175 HWY 50","line2":null,"city":"WALLACE","state":"NC","zip":"28466"},"incomeTract":null,"incomeBlockGroup":null,"nearestRoad":null,"flu":{"code":"Rural Agricultural","label":"Rural Agricultural","jurisdiction":"Pender County","source":"https://gis.pendercountync.gov/arcgis/rest/services/LayersPro/MapServer/35"},"opportunityZone":null,"oz2Eligibility":{"eligible":true,"rural":true,"tractGeoid":"37141920204","tractName":"Census Tract 9202.04","designation":"eligible-for-nomination"},"source":"nc-pender-energov-37141","appraiserUrl":"https://mss.pendercountync.gov/css/citizens/RealEstate/Default.aspx?mode=new"},"geometry":{"type":"Polygon","coordinates":[[[-77.744601,34.713458],[-77.743853,34.714668],[-77.745328,34.715694],[-77.746111,34.714184],[-77.745404,34.713825],[-77.744682,34.713327],[-77.744601,34.713458]]]}},{"type":"Feature","id":"37141:3382-02-3263-0000","properties":{"id":"37141:3382-02-3263-0000","parcelId":"3382-02-3263-0000","countyFips":"37141","countyName":"Pender","state":"North Carolina","marketIds":["Wilmington"],"situsAddress":null,"situsCity":null,"situsZip":null,"jurisdictionCode":"PND","ownerName":"EVANS, DONN S","ownerName2":null,"propertyName":null,"zoningCode":"RA","zoningDistrict":"Rural Agricultural","jurisdictionPrefix":"PND","dorCode":null,"acreage":6.9,"centroid":[-77.735326,34.628833],"lastSale":{"date":"2020-01-14","price":60000.0,"qualified":null},"tax":{"marketValue":41760.0,"assessedValue":null,"taxableValue":null,"taxes":null},"mailingAddress":{"line1":"814 SHINN POINT RD","line2":null,"city":"WILMINGTON","state":"NC","zip":"28409"},"incomeTract":null,"incomeBlockGroup":null,"nearestRoad":null,"flu":{"code":"Rural Agricultural","label":"Rural Agricultural","jurisdiction":"Pender County","source":"https://gis.pendercountync.gov/arcgis/rest/services/LayersPro/MapServer/35"},"opportunityZone":null,"oz2Eligibility":{"eligible":true,"rural":true,"tractGeoid":"37141920204","tractName":"Census Tract 9202.04","designation":"eligible-for-nomination"},"source":"nc-pender-energov-37141","appraiserUrl":"https://mss.pendercountync.gov/css/citizens/RealEstate/Default.aspx?mode=new"},"geometry":{"type":"Polygon","coordinates":[[[-77.735243,34.630134],[-77.735656,34.630173],[-77.735825,34.630033],[-77.735857,34.629953],[-77.735846,34.629881],[-77.735768,34.629818],[-77.735422,34.629703],[-77.735337,34.629593],[-77.735338,34.629492],[-77.735423,34.6294],[-77.735569,34.629299],[-77.735949,34.629178],[-77.73604,34.629128],[-77.73614,34.628992],[-77.736301,34.628609],[-77.734723,34.627492],[-77.734351,34.630021],[-77.734998,34.630007],[-77.735243,34.630134]]]}},{"type":"Feature","id":"37141:3394-63-1943-0000","properties":{"id":"37141:3394-63-1943-0000","parcelId":"3394-63-1943-0000","countyFips":"37141","countyName":"Pender","state":"North Carolina","marketIds":["Wilmington"],"situsAddress":null,"situsCity":null,"situsZip":null,"jurisdictionCode":"PND","ownerName":"MARSHBURN, KENNETH ROYALL CO-TRUSTEE","ownerName2":null,"propertyName":null,"zoningCode":"RA","zoningDistrict":"Rural Agricultural","jurisdictionPrefix":"PND","dorCode":null,"acreage":6.81,"centroid":[-77.681825,34.687688],"lastSale":{"date":"2026-03-13","price":null,"qualified":null},"tax":{"marketValue":29944.0,"assessedValue":null,"taxableValue":null,"taxes":null},"mailingAddress":{"line1":"145 CLAYFIELD DR","line2":null,"city":"GARNER","state":"NC","zip":"27529"},"incomeTract":null,"incomeBlockGroup":null,"nearestRoad":null,"flu":{"code":"Rural Agricultural","label":"Rural Agricultural","jurisdiction":"Pender County","source":"https://gis.pendercountync.gov/arcgis/rest/services/LayersPro/MapServer/35"},"opportunityZone":null,"oz2Eligibility":{"eligible":true,"rural":true,"tractGeoid":"37141920204","tractName":"Census Tract 9202.04","designation":"eligible-for-nomination"},"source":"nc-pender-energov-37141","appraiserUrl":"https://mss.pendercountync.gov/css/citizens/RealEstate/Default.aspx?mode=new"},"geometry":{"type":"Polygon","coordinates":[[[-77.678462,34.686991],[-77.67849,34.687002],[-77.679257,34.687328],[-77.683312,34.688343],[-77.686179,34.688611],[-77.686296,34.688346],[-77.683871,34.688099],[-77.678735,34.686786],[-77.678462,34.686991]]]}},{"type":"Feature","id":"37141:3394-53-9770-0000","properties":{"id":"37141:3394-53-9770-0000","parcelId":"3394-53-9770-0000","countyFips":"37141","countyName":"Pender","state":"North Carolina","marketIds":["Wilmington"],"situsAddress":null,"situsCity":null,"situsZip":null,"jurisdictionCode":"PND","ownerName":"MARSHBURN, ALLIE WAYNE","ownerName2":null,"propertyName":null,"zoningCode":"RA","zoningDistrict":"Rural Agricultural","jurisdictionPrefix":"PND","dorCode":null,"acreage":6.79,"centroid":[-77.683144,34.687286],"lastSale":{"date":"2008-12-05","price":null,"qualified":null},"tax":{"marketValue":29150.0,"assessedValue":null,"taxableValue":null,"taxes":null},"mailingAddress":{"line1":"202 WISTERIA DR","line2":null,"city":"LUMBERTON","state":"NC","zip":"28360"},"incomeTract":null,"incomeBlockGroup":null,"nearestRoad":null,"flu":{"code":"Rural Agricultural","label":"Rural Agricultural","jurisdiction":"Pender County","source":"https://gis.pendercountync.gov/arcgis/rest/services/LayersPro/MapServer/35"},"opportunityZone":null,"oz2Eligibility":{"eligible":true,"rural":true,"tractGeoid":"37141920204","tractName":"Census Tract 9202.04","designation":"eligible-for-nomination"},"source":"nc-pender-energov-37141","appraiserUrl":"https://mss.pendercountync.gov/css/citizens/RealEstate/Default.aspx?mode=new"},"geometry":{"type":"Polygon","coordinates":[[[-77.682471,34.68734],[-77.683958,34.68772],[-77.686403,34.688095],[-77.686569,34.687855],[-77.68394,34.687315],[-77.679533,34.686188],[-77.679134,34.686487],[-77.682471,34.68734]]]}},{"type":"Feature","id":"37141:4304-06-1064-0000","properties":{"id":"37141:4304-06-1064-0000","parcelId":"4304-06-1064-0000","countyFips":"37141","countyName":"Pender","state":"North Carolina","marketIds":["Wilmington"],"situsAddress":"18381 NC HWY 53 E","situsCity":null,"situsZip":null,"jurisdictionCode":"PND","ownerName":"JAMES, ARLENE M","ownerName2":null,"propertyName":null,"zoningCode":"RA","zoningDistrict":"Rural Agricultural","jurisdictionPrefix":"PND","dorCode":null,"acreage":6.76,"centroid":[-77.668615,34.693292],"lastSale":{"date":"2015-03-05","price":null,"qualified":null},"tax":{"marketValue":141525.0,"assessedValue":null,"taxableValue":null,"taxes":null},"mailingAddress":{"line1":"201 ROCKFISH LAKE RD","line2":null,"city":"MAPLE HILL","state":"NC","zip":"28454"},"incomeTract":null,"incomeBlockGroup":null,"nearestRoad":null,"flu":{"code":"Rural Agricultural","label":"Rural Agricultural","jurisdiction":"Pender County","source":"https://gis.pendercountync.gov/arcgis/rest/services/LayersPro/MapServer/35"},"opportunityZone":null,"oz2Eligibility":{"eligible":true,"rural":true,"tractGeoid":"37141920204","tractName":"Census Tract 9202.04","designation":"eligible-for-nomination"},"source":"nc-pender-energov-37141","appraiserUrl":"https://mss.pendercountync.gov/css/citizens/RealEstate/Default.aspx?mode=new"},"geometry":{"type":"Polygon","coordinates":[[[-77.66741,34.693451],[-77.668641,34.694485],[-77.669928,34.693366],[-77.669428,34.692564],[-77.669001,34.692707],[-77.667283,34.693181],[-77.66741,34.693451]]]}},{"type":"Feature","id":"37141:3384-70-8583-0000","properties":{"id":"37141:3384-70-8583-0000","parcelId":"3384-70-8583-0000","countyFips":"37141","countyName":"Pender","state":"North Carolina","marketIds":["Wilmington"],"situsAddress":null,"situsCity":null,"situsZip":null,"jurisdictionCode":"PND","ownerName":"RAYNOR, LEON T HEIRS","ownerName2":null,"propertyName":null,"zoningCode":"RA","zoningDistrict":"Rural Agricultural","jurisdictionPrefix":"PND","dorCode":null,"acreage":6.75,"centroid":[-77.709769,34.678583],"lastSale":{"date":null,"price":null,"qualified":null},"tax":{"marketValue":5251.0,"assessedValue":null,"taxableValue":null,"taxes":null},"mailingAddress":{"line1":"C/O MARK E RAYNOR","line2":null,"city":"MAPLE HILL","state":"NC","zip":"28454"},"incomeTract":null,"incomeBlockGroup":null,"nearestRoad":null,"flu":{"code":"Rural Agricultural","label":"Rural Agricultural","jurisdiction":"Pender County","source":"https://gis.pendercountync.gov/arcgis/rest/services/LayersPro/MapServer/35"},"opportunityZone":null,"oz2Eligibility":{"eligible":true,"rural":true,"tractGeoid":"37141920204","tractName":"Census Tract 9202.04","designation":"eligible-for-nomination"},"source":"nc-pender-energov-37141","appraiserUrl":"https://mss.pendercountync.gov/css/citizens/RealEstate/Default.aspx?mode=new"},"geometry":{"type":"Polygon","coordinates":[[[-77.709911,34.67781],[-77.708255,34.67924],[-77.709614,34.67994],[-77.711027,34.678223],[-77.710036,34.677702],[-77.709911,34.67781]]]}},{"type":"Feature","id":"37141:3393-47-8753-0000","properties":{"id":"37141:3393-47-8753-0000","parcelId":"3393-47-8753-0000","countyFips":"37141","countyName":"Pender","state":"North Carolina","marketIds":["Wilmington"],"situsAddress":null,"situsCity":null,"situsZip":null,"jurisdictionCode":"PND","ownerName":"ARROYAVE, MARTA L","ownerName2":null,"propertyName":null,"zoningCode":"RA","zoningDistrict":"Rural Agricultural","jurisdictionPrefix":"PND","dorCode":null,"acreage":6.75,"centroid":[-77.685514,34.670878],"lastSale":{"date":"2013-01-14","price":null,"qualified":null},"tax":{"marketValue":38410.0,"assessedValue":null,"taxableValue":null,"taxes":null},"mailingAddress":{"line1":"766 OLD MAPLE HILL RD","line2":null,"city":"MAPLE HILL","state":"NC","zip":"28454"},"incomeTract":null,"incomeBlockGroup":null,"nearestRoad":null,"flu":{"code":"Rural Agricultural","label":"Rural Agricultural","jurisdiction":"Pender County","source":"https://gis.pendercountync.gov/arcgis/rest/services/LayersPro/MapServer/35"},"opportunityZone":null,"oz2Eligibility":{"eligible":true,"rural":true,"tractGeoid":"37141920204","tractName":"Census Tract 9202.04","designation":"eligible-for-nomination"},"source":"nc-pender-energov-37141","appraiserUrl":"https://mss.pendercountync.gov/css/citizens/RealEstate/Default.aspx?mode=new"},"geometry":{"type":"Polygon","coordinates":[[[-77.684635,34.670725],[-77.684637,34.670727],[-77.684691,34.67077],[-77.684984,34.67089],[-77.685183,34.670869],[-77.685217,34.670948],[-77.685285,34.671022],[-77.685506,34.671141],[-77.685524,34.671177],[-77.685509,34.671221],[-77.688384,34.671105],[-77.688338,34.670437],[-77.684673,34.670564],[-77.684629,34.670691],[-77.684635,34.670725]]]}},{"type":"Feature","id":"37141:3394-31-7109-0000","properties":{"id":"37141:3394-31-7109-0000","parcelId":"3394-31-7109-0000","countyFips":"37141","countyName":"Pender","state":"North Carolina","marketIds":["Wilmington"],"situsAddress":null,"situsCity":null,"situsZip":null,"jurisdictionCode":"PND","ownerName":"RAYNOR, ROBERT WAYNE TRUSTEE","ownerName2":null,"propertyName":null,"zoningCode":"RA","zoningDistrict":"Rural Agricultural","jurisdictionPrefix":"PND","dorCode":null,"acreage":6.72,"centroid":[-77.690278,34.68023],"lastSale":{"date":"2026-04-07","price":null,"qualified":null},"tax":{"marketValue":37160.0,"assessedValue":null,"taxableValue":null,"taxes":null},"mailingAddress":{"line1":"512 NORTH LINE DR","line2":null,"city":"HAMPSTEAD","state":"NC","zip":"28443"},"incomeTract":null,"incomeBlockGroup":null,"nearestRoad":null,"flu":{"code":"Rural Agricultural","label":"Rural Agricultural","jurisdiction":"Pender County","source":"https://gis.pendercountync.gov/arcgis/rest/services/LayersPro/MapServer/35"},"opportunityZone":null,"oz2Eligibility":{"eligible":true,"rural":true,"tractGeoid":"37141920204","tractName":"Census Tract 9202.04","designation":"eligible-for-nomination"},"source":"nc-pender-energov-37141","appraiserUrl":"https://mss.pendercountync.gov/css/citizens/RealEstate/Default.aspx?mode=new"},"geometry":{"type":"Polygon","coordinates":[[[-77.689206,34.680094],[-77.689206,34.680101],[-77.689271,34.681131],[-77.69208,34.68052],[-77.691482,34.679722],[-77.690426,34.679811],[-77.689206,34.680094]]]}},{"type":"Feature","id":"37141:3392-83-1084-0000","properties":{"id":"37141:3392-83-1084-0000","parcelId":"3392-83-1084-0000","countyFips":"37141","countyName":"Pender","state":"North Carolina","marketIds":["Wilmington"],"situsAddress":null,"situsCity":null,"situsZip":null,"jurisdictionCode":"PND","ownerName":"THE STATE OF NORTH CAROLINA","ownerName2":null,"propertyName":null,"zoningCode":"RP","zoningDistrict":"Residential Performance","jurisdictionPrefix":"PND","dorCode":null,"acreage":6.7,"centroid":[-77.676184,34.630595],"lastSale":{"date":"2007-06-06","price":null,"qualified":null},"tax":{"marketValue":11725.0,"assessedValue":null,"taxableValue":null,"taxes":null},"mailingAddress":{"line1":"1321 MAIL SERVICE CENTER","line2":null,"city":"RALEIGH","state":"NC","zip":"27699"},"incomeTract":null,"incomeBlockGroup":null,"nearestRoad":null,"flu":{"code":"Conservation","label":"Conservation","jurisdiction":"Pender County","source":"https://gis.pendercountync.gov/arcgis/rest/services/LayersPro/MapServer/35"},"opportunityZone":null,"oz2Eligibility":{"eligible":true,"rural":true,"tractGeoid":"37141920204","tractName":"Census Tract 9202.04","designation":"eligible-for-nomination"},"source":"nc-pender-energov-37141","appraiserUrl":"https://mss.pendercountync.gov/css/citizens/RealEstate/Default.aspx?mode=new"},"geometry":{"type":"Polygon","coordinates":[[[-77.675905,34.630229],[-77.675814,34.631158],[-77.675771,34.631591],[-77.676163,34.631428],[-77.676724,34.631296],[-77.676903,34.629248],[-77.676005,34.629213],[-77.675905,34.630229]]]}},{"type":"Feature","id":"37141:3372-77-1587-0000","properties":{"id":"37141:3372-77-1587-0000","parcelId":"3372-77-1587-0000","countyFips":"37141","countyName":"Pender","state":"North Carolina","marketIds":["Wilmington"],"situsAddress":"12700 NC HWY 53 E","situsCity":null,"situsZip":null,"jurisdictionCode":"PND","ownerName":"CARROLL, JANET SUE WATTS","ownerName2":null,"propertyName":null,"zoningCode":"RA","zoningDistrict":"Rural Agricultural","jurisdictionPrefix":"PND","dorCode":null,"acreage":6.62,"centroid":[-77.745796,34.64323],"lastSale":{"date":"2009-03-18","price":null,"qualified":null},"tax":{"marketValue":78749.0,"assessedValue":null,"taxableValue":null,"taxes":null},"mailingAddress":{"line1":"2328 HORSE BRANCH ROAD","line2":null,"city":"WILLARD","state":"NC","zip":"28478"},"incomeTract":null,"incomeBlockGroup":null,"nearestRoad":null,"flu":{"code":"Rural Agricultural","label":"Rural Agricultural","jurisdiction":"Pender County","source":"https://gis.pendercountync.gov/arcgis/rest/services/LayersPro/MapServer/35"},"opportunityZone":null,"oz2Eligibility":{"eligible":true,"rural":true,"tractGeoid":"37141920204","tractName":"Census Tract 9202.04","designation":"eligible-for-nomination"},"source":"nc-pender-energov-37141","appraiserUrl":"https://mss.pendercountync.gov/css/citizens/RealEstate/Default.aspx?mode=new"},"geometry":{"type":"Polygon","coordinates":[[[-77.744611,34.643764],[-77.7466,34.644685],[-77.746266,34.642216],[-77.745707,34.642254],[-77.744611,34.643764]]]}},{"type":"Feature","id":"37141:3393-41-6522-0000","properties":{"id":"37141:3393-41-6522-0000","parcelId":"3393-41-6522-0000","countyFips":"37141","countyName":"Pender","state":"North Carolina","marketIds":["Wilmington"],"situsAddress":"6612 NC HWY 50","situsCity":null,"situsZip":null,"jurisdictionCode":"PND","ownerName":"LOFTON, MAMIE","ownerName2":null,"propertyName":null,"zoningCode":"RP","zoningDistrict":"Residential Performance","jurisdictionPrefix":"PND","dorCode":null,"acreage":6.56,"centroid":[-77.687354,34.653877],"lastSale":{"date":null,"price":null,"qualified":null},"tax":{"marketValue":36680.0,"assessedValue":null,"taxableValue":null,"taxes":null},"mailingAddress":{"line1":"10 LEE RD","line2":null,"city":"MAPLE HILL","state":"NC","zip":"28454"},"incomeTract":null,"incomeBlockGroup":null,"nearestRoad":null,"flu":{"code":"Rural Agricultural","label":"Rural Agricultural","jurisdiction":"Pender County","source":"https://gis.pendercountync.gov/arcgis/rest/services/LayersPro/MapServer/35"},"opportunityZone":null,"oz2Eligibility":{"eligible":true,"rural":true,"tractGeoid":"37141920204","tractName":"Census Tract 9202.04","designation":"eligible-for-nomination"},"source":"nc-pender-energov-37141","appraiserUrl":"https://mss.pendercountync.gov/css/citizens/RealEstate/Default.aspx?mode=new"},"geometry":{"type":"Polygon","coordinates":[[[-77.686975,34.654229],[-77.687191,34.654356],[-77.687455,34.654519],[-77.686891,34.654976],[-77.68723,34.655271],[-77.689179,34.65372],[-77.687646,34.652364],[-77.687463,34.652609],[-77.687943,34.653056],[-77.687181,34.653975],[-77.68661,34.65365],[-77.68649,34.653797],[-77.686975,34.654229]]]}},{"type":"Feature","id":"37141:3394-75-9617-0000","properties":{"id":"37141:3394-75-9617-0000","parcelId":"3394-75-9617-0000","countyFips":"37141","countyName":"Pender","state":"North Carolina","marketIds":["Wilmington"],"situsAddress":"18064 NC HWY 53 E","situsCity":null,"situsZip":null,"jurisdictionCode":"PND","ownerName":"COMMONS, GLADYS LEE JAMES","ownerName2":null,"propertyName":null,"zoningCode":"RA","zoningDistrict":"Rural Agricultural","jurisdictionPrefix":"PND","dorCode":null,"acreage":6.55,"centroid":[-77.676197,34.692522],"lastSale":{"date":null,"price":null,"qualified":null},"tax":{"marketValue":114818.0,"assessedValue":null,"taxableValue":null,"taxes":null},"mailingAddress":{"line1":"10613 CANTERBERRY RD","line2":null,"city":"FAIRFAX STATION","state":"VA","zip":"22039"},"incomeTract":null,"incomeBlockGroup":null,"nearestRoad":null,"flu":{"code":"Rural Agricultural","label":"Rural Agricultural","jurisdiction":"Pender County","source":"https://gis.pendercountync.gov/arcgis/rest/services/LayersPro/MapServer/35"},"opportunityZone":null,"oz2Eligibility":{"eligible":true,"rural":true,"tractGeoid":"37141920204","tractName":"Census Tract 9202.04","designation":"eligible-for-nomination"},"source":"nc-pender-energov-37141","appraiserUrl":"https://mss.pendercountync.gov/css/citizens/RealEstate/Default.aspx?mode=new"},"geometry":{"type":"Polygon","coordinates":[[[-77.673617,34.690682],[-77.678347,34.694511],[-77.678884,34.694455],[-77.673939,34.690439],[-77.673617,34.690682]]]}},{"type":"Feature","id":"37141:3393-70-0480-0000","properties":{"id":"37141:3393-70-0480-0000","parcelId":"3393-70-0480-0000","countyFips":"37141","countyName":"Pender","state":"North Carolina","marketIds":["Wilmington"],"situsAddress":null,"situsCity":null,"situsZip":null,"jurisdictionCode":"PND","ownerName":"SEITZ, JACQUELINE HELLEN","ownerName2":null,"propertyName":null,"zoningCode":"RA","zoningDistrict":"Rural Agricultural","jurisdictionPrefix":"PND","dorCode":null,"acreage":6.5,"centroid":[-77.679473,34.650512],"lastSale":{"date":"2016-12-06","price":null,"qualified":null},"tax":{"marketValue":36500.0,"assessedValue":null,"taxableValue":null,"taxes":null},"mailingAddress":{"line1":"531 COYOTE CIRCLE","line2":null,"city":"MIDWAY PARK","state":"NC","zip":"28544"},"incomeTract":null,"incomeBlockGroup":null,"nearestRoad":null,"flu":{"code":"Rural Agricultural","label":"Rural Agricultural","jurisdiction":"Pender County","source":"https://gis.pendercountync.gov/arcgis/rest/services/LayersPro/MapServer/35"},"opportunityZone":null,"oz2Eligibility":{"eligible":true,"rural":true,"tractGeoid":"37141920204","tractName":"Census Tract 9202.04","designation":"eligible-for-nomination"},"source":"nc-pender-energov-37141","appraiserUrl":"https://mss.pendercountync.gov/css/citizens/RealEstate/Default.aspx?mode=new"},"geometry":{"type":"Polygon","coordinates":[[[-77.678871,34.649205],[-77.678817,34.650523],[-77.678794,34.651061],[-77.678961,34.65107],[-77.679257,34.651318],[-77.681125,34.65131],[-77.680876,34.650951],[-77.679681,34.64999],[-77.678872,34.64918],[-77.678871,34.649205]]]}},{"type":"Feature","id":"37141:3384-70-2760-0000","properties":{"id":"37141:3384-70-2760-0000","parcelId":"3384-70-2760-0000","countyFips":"37141","countyName":"Pender","state":"North Carolina","marketIds":["Wilmington"],"situsAddress":"CYPRESS CREEK RD","situsCity":null,"situsZip":null,"jurisdictionCode":"PND","ownerName":"WELLINGTON, GARY DEAN II","ownerName2":null,"propertyName":null,"zoningCode":"RA","zoningDistrict":"Rural Agricultural","jurisdictionPrefix":"PND","dorCode":null,"acreage":6.47,"centroid":[-77.711922,34.679301],"lastSale":{"date":"2025-04-28","price":90000.0,"qualified":null},"tax":{"marketValue":19573.0,"assessedValue":null,"taxableValue":null,"taxes":null},"mailingAddress":{"line1":"347 UPLAND RD","line2":null,"city":"WILLARD","state":"NC","zip":"28478"},"incomeTract":null,"incomeBlockGroup":null,"nearestRoad":null,"flu":{"code":"Rural Agricultural","label":"Rural Agricultural","jurisdiction":"Pender County","source":"https://gis.pendercountync.gov/arcgis/rest/services/LayersPro/MapServer/35"},"opportunityZone":null,"oz2Eligibility":{"eligible":true,"rural":true,"tractGeoid":"37141920204","tractName":"Census Tract 9202.04","designation":"eligible-for-nomination"},"source":"nc-pender-energov-37141","appraiserUrl":"https://mss.pendercountync.gov/css/citizens/RealEstate/Default.aspx?mode=new"},"geometry":{"type":"Polygon","coordinates":[[[-77.7112,34.678317],[-77.710437,34.679234],[-77.71264,34.680151],[-77.713411,34.679501],[-77.7112,34.678317]]]}},{"type":"Feature","id":"37141:3384-71-4080-0000","properties":{"id":"37141:3384-71-4080-0000","parcelId":"3384-71-4080-0000","countyFips":"37141","countyName":"Pender","state":"North Carolina","marketIds":["Wilmington"],"situsAddress":"433 CYPRESS CREEK RD","situsCity":null,"situsZip":null,"jurisdictionCode":"PND","ownerName":"KING, MARK DEAN JR","ownerName2":null,"propertyName":null,"zoningCode":"RA","zoningDistrict":"Rural Agricultural","jurisdictionPrefix":"PND","dorCode":null,"acreage":6.45,"centroid":[-77.710976,34.679955],"lastSale":{"date":"2020-10-29","price":null,"qualified":null},"tax":{"marketValue":197867.0,"assessedValue":null,"taxableValue":null,"taxes":null},"mailingAddress":{"line1":"433 CYPRESS CREE KROAD","line2":null,"city":"DUNN","state":"NC","zip":"28334"},"incomeTract":null,"incomeBlockGroup":null,"nearestRoad":null,"flu":{"code":"Rural Agricultural","label":"Rural Agricultural","jurisdiction":"Pender County","source":"https://gis.pendercountync.gov/arcgis/rest/services/LayersPro/MapServer/35"},"opportunityZone":null,"oz2Eligibility":{"eligible":true,"rural":true,"tractGeoid":"37141920204","tractName":"Census Tract 9202.04","designation":"eligible-for-nomination"},"source":"nc-pender-energov-37141","appraiserUrl":"https://mss.pendercountync.gov/css/citizens/RealEstate/Default.aspx?mode=new"},"geometry":{"type":"Polygon","coordinates":[[[-77.710425,34.679248],[-77.709658,34.680176],[-77.711721,34.680967],[-77.71264,34.680151],[-77.710437,34.679234],[-77.710425,34.679248]]]}},{"type":"Feature","id":"37141:3384-71-7366-0000","properties":{"id":"37141:3384-71-7366-0000","parcelId":"3384-71-7366-0000","countyFips":"37141","countyName":"Pender","state":"North Carolina","marketIds":["Wilmington"],"situsAddress":null,"situsCity":null,"situsZip":null,"jurisdictionCode":"PND","ownerName":"POWERS, BRANDON GLENN","ownerName2":null,"propertyName":null,"zoningCode":"RA","zoningDistrict":"Rural Agricultural","jurisdictionPrefix":"PND","dorCode":null,"acreage":6.45,"centroid":[-77.710203,34.681042],"lastSale":{"date":null,"price":null,"qualified":null},"tax":{"marketValue":36350.0,"assessedValue":null,"taxableValue":null,"taxes":null},"mailingAddress":{"line1":"73 CYPRESS RD","line2":null,"city":"MAPLE HILL","state":"NC","zip":"28454"},"incomeTract":null,"incomeBlockGroup":null,"nearestRoad":null,"flu":{"code":"Rural Agricultural","label":"Rural Agricultural","jurisdiction":"Pender County","source":"https://gis.pendercountync.gov/arcgis/rest/services/LayersPro/MapServer/35"},"opportunityZone":null,"oz2Eligibility":{"eligible":true,"rural":true,"tractGeoid":"37141920204","tractName":"Census Tract 9202.04","designation":"eligible-for-nomination"},"source":"nc-pender-energov-37141","appraiserUrl":"https://mss.pendercountync.gov/css/citizens/RealEstate/Default.aspx?mode=new"},"geometry":{"type":"Polygon","coordinates":[[[-77.708911,34.681083],[-77.710521,34.681942],[-77.711721,34.680967],[-77.709658,34.680176],[-77.708911,34.681083]]]}},{"type":"Feature","id":"37141:3392-64-6268-0000","properties":{"id":"37141:3392-64-6268-0000","parcelId":"3392-64-6268-0000","countyFips":"37141","countyName":"Pender","state":"North Carolina","marketIds":["Wilmington"],"situsAddress":null,"situsCity":null,"situsZip":null,"jurisdictionCode":"PND","ownerName":"LEE, LEORA LEE","ownerName2":null,"propertyName":null,"zoningCode":"RP","zoningDistrict":"Residential Performance","jurisdictionPrefix":"PND","dorCode":null,"acreage":6.42,"centroid":[-77.681255,34.634198],"lastSale":{"date":"2002-06-06","price":null,"qualified":null},"tax":{"marketValue":36260.0,"assessedValue":null,"taxableValue":null,"taxes":null},"mailingAddress":{"line1":"820 LEE ROAD","line2":null,"city":"MAPLE HILL","state":"NC","zip":"28454"},"incomeTract":null,"incomeBlockGroup":null,"nearestRoad":null,"flu":{"code":"Rural Agricultural","label":"Rural Agricultural","jurisdiction":"Pender County","source":"https://gis.pendercountync.gov/arcgis/rest/services/LayersPro/MapServer/35"},"opportunityZone":null,"oz2Eligibility":{"eligible":true,"rural":true,"tractGeoid":"37141920204","tractName":"Census Tract 9202.04","designation":"eligible-for-nomination"},"source":"nc-pender-energov-37141","appraiserUrl":"https://mss.pendercountync.gov/css/citizens/RealEstate/Default.aspx?mode=new"},"geometry":{"type":"Polygon","coordinates":[[[-77.680689,34.636646],[-77.681187,34.636679],[-77.681824,34.631774],[-77.68132,34.631694],[-77.680689,34.636646]]]}},{"type":"Feature","id":"37141:3392-73-8086-0000","properties":{"id":"37141:3392-73-8086-0000","parcelId":"3392-73-8086-0000","countyFips":"37141","countyName":"Pender","state":"North Carolina","marketIds":["Wilmington"],"situsAddress":null,"situsCity":null,"situsZip":null,"jurisdictionCode":"PND","ownerName":"THE STATE OF NORTH CAROLINA","ownerName2":null,"propertyName":null,"zoningCode":"RP","zoningDistrict":"Residential Performance","jurisdictionPrefix":"PND","dorCode":null,"acreage":6.4,"centroid":[-77.677288,34.630255],"lastSale":{"date":"2007-06-06","price":null,"qualified":null},"tax":{"marketValue":11200.0,"assessedValue":null,"taxableValue":null,"taxes":null},"mailingAddress":{"line1":"1321 MAIL SERVICE CENTER","line2":null,"city":"RALEIGH","state":"NC","zip":"27699"},"incomeTract":null,"incomeBlockGroup":null,"nearestRoad":null,"flu":{"code":"Conservation","label":"Conservation","jurisdiction":"Pender County","source":"https://gis.pendercountync.gov/arcgis/rest/services/LayersPro/MapServer/35"},"opportunityZone":null,"oz2Eligibility":{"eligible":true,"rural":true,"tractGeoid":"37141920204","tractName":"Census Tract 9202.04","designation":"eligible-for-nomination"},"source":"nc-pender-energov-37141","appraiserUrl":"https://mss.pendercountync.gov/css/citizens/RealEstate/Default.aspx?mode=new"},"geometry":{"type":"Polygon","coordinates":[[[-77.676902,34.629257],[-77.676724,34.631296],[-77.677702,34.631183],[-77.677824,34.629285],[-77.676902,34.629257]]]}},{"type":"Feature","id":"37141:3392-82-7811-0000","properties":{"id":"37141:3392-82-7811-0000","parcelId":"3392-82-7811-0000","countyFips":"37141","countyName":"Pender","state":"North Carolina","marketIds":["Wilmington"],"situsAddress":null,"situsCity":null,"situsZip":null,"jurisdictionCode":"PND","ownerName":"THE STATE OF NORTH CAROLINA","ownerName2":null,"propertyName":null,"zoningCode":"RP","zoningDistrict":"Residential Performance","jurisdictionPrefix":"PND","dorCode":null,"acreage":6.4,"centroid":[-77.674704,34.629635],"lastSale":{"date":"2007-06-06","price":null,"qualified":null},"tax":{"marketValue":19200.0,"assessedValue":null,"taxableValue":null,"taxes":null},"mailingAddress":{"line1":"1321 MAIL SERVICE CENTER","line2":null,"city":"RALEIGH","state":"NC","zip":"27699"},"incomeTract":null,"incomeBlockGroup":null,"nearestRoad":null,"flu":{"code":"Conservation","label":"Conservation","jurisdiction":"Pender County","source":"https://gis.pendercountync.gov/arcgis/rest/services/LayersPro/MapServer/35"},"opportunityZone":null,"oz2Eligibility":{"eligible":true,"rural":true,"tractGeoid":"37141920204","tractName":"Census Tract 9202.04","designation":"eligible-for-nomination"},"source":"nc-pender-energov-37141","appraiserUrl":"https://mss.pendercountync.gov/css/citizens/RealEstate/Default.aspx?mode=new"},"geometry":{"type":"Polygon","coordinates":[[[-77.67339,34.630058],[-77.675905,34.630229],[-77.676005,34.629213],[-77.673517,34.629041],[-77.67339,34.630058]]]}},{"type":"Feature","id":"37141:3392-83-7188-0000","properties":{"id":"37141:3392-83-7188-0000","parcelId":"3392-83-7188-0000","countyFips":"37141","countyName":"Pender","state":"North Carolina","marketIds":["Wilmington"],"situsAddress":null,"situsCity":null,"situsZip":null,"jurisdictionCode":"PND","ownerName":"THE STATE OF NORTH CAROLINA","ownerName2":null,"propertyName":null,"zoningCode":"RP","zoningDistrict":"Residential Performance","jurisdictionPrefix":"PND","dorCode":null,"acreage":6.4,"centroid":[-77.674716,34.630707],"lastSale":{"date":"2007-06-06","price":null,"qualified":null},"tax":{"marketValue":19200.0,"assessedValue":null,"taxableValue":null,"taxes":null},"mailingAddress":{"line1":"1321 MAIL SERVICE CENTER","line2":null,"city":"RALEIGH","state":"NC","zip":"27699"},"incomeTract":null,"incomeBlockGroup":null,"nearestRoad":null,"flu":{"code":"Conservation","label":"Conservation","jurisdiction":"Pender County","source":"https://gis.pendercountync.gov/arcgis/rest/services/LayersPro/MapServer/35"},"opportunityZone":null,"oz2Eligibility":{"eligible":true,"rural":true,"tractGeoid":"37141920204","tractName":"Census Tract 9202.04","designation":"eligible-for-nomination"},"source":"nc-pender-energov-37141","appraiserUrl":"https://mss.pendercountync.gov/css/citizens/RealEstate/Default.aspx?mode=new"},"geometry":{"type":"Polygon","coordinates":[[[-77.675199,34.631115],[-77.675814,34.631158],[-77.675905,34.630229],[-77.67339,34.630058],[-77.673273,34.630976],[-77.675199,34.631115]]]}},{"type":"Feature","id":"37141:4302-44-6751-0000","properties":{"id":"37141:4302-44-6751-0000","parcelId":"4302-44-6751-0000","countyFips":"37141","countyName":"Pender","state":"North Carolina","marketIds":["Wilmington"],"situsAddress":"50 HWY","situsCity":null,"situsZip":null,"jurisdictionCode":"PND","ownerName":"LEE, MAXCINE O","ownerName2":null,"propertyName":null,"zoningCode":"RA","zoningDistrict":"Rural Agricultural","jurisdictionPrefix":"PND","dorCode":null,"acreage":6.4,"centroid":[-77.65464,34.634307],"lastSale":{"date":"2008-04-01","price":null,"qualified":null},"tax":{"marketValue":36200.0,"assessedValue":null,"taxableValue":null,"taxes":null},"mailingAddress":{"line1":"4001 BENT CREEK DR","line2":null,"city":"LA GRANGE","state":"KY","zip":"40031"},"incomeTract":null,"incomeBlockGroup":null,"nearestRoad":null,"flu":{"code":"Rural Agricultural","label":"Rural Agricultural","jurisdiction":"Pender County","source":"https://gis.pendercountync.gov/arcgis/rest/services/LayersPro/MapServer/35"},"opportunityZone":null,"oz2Eligibility":{"eligible":true,"rural":true,"tractGeoid":"37141920204","tractName":"Census Tract 9202.04","designation":"eligible-for-nomination"},"source":"nc-pender-energov-37141","appraiserUrl":"https://mss.pendercountync.gov/css/citizens/RealEstate/Default.aspx?mode=new"},"geometry":{"type":"Polygon","coordinates":[[[-77.654372,34.633126],[-77.654097,34.633368],[-77.654325,34.636553],[-77.655223,34.636468],[-77.655164,34.633235],[-77.654657,34.633094],[-77.654372,34.633126]]]}},{"type":"Feature","id":"37141:3393-49-8306-0000","properties":{"id":"37141:3393-49-8306-0000","parcelId":"3393-49-8306-0000","countyFips":"37141","countyName":"Pender","state":"North Carolina","marketIds":["Wilmington"],"situsAddress":null,"situsCity":null,"situsZip":null,"jurisdictionCode":"PND","ownerName":"LANIER, ALTON DACTOR TRUSTEE OF ALTON DA","ownerName2":null,"propertyName":null,"zoningCode":"RA","zoningDistrict":"Rural Agricultural","jurisdictionPrefix":"PND","dorCode":null,"acreage":6.38,"centroid":[-77.686508,34.675073],"lastSale":{"date":"2014-12-17","price":null,"qualified":null},"tax":{"marketValue":13021.0,"assessedValue":null,"taxableValue":null,"taxes":null},"mailingAddress":{"line1":"910 OLD MAPLE HILL RD N","line2":null,"city":"MAPLE HILL","state":"NC","zip":"28454"},"incomeTract":null,"incomeBlockGroup":null,"nearestRoad":null,"flu":{"code":"Rural Agricultural","label":"Rural Agricultural","jurisdiction":"Pender County","source":"https://gis.pendercountync.gov/arcgis/rest/services/LayersPro/MapServer/35"},"opportunityZone":null,"oz2Eligibility":{"eligible":true,"rural":true,"tractGeoid":"37141920204","tractName":"Census Tract 9202.04","designation":"eligible-for-nomination"},"source":"nc-pender-energov-37141","appraiserUrl":"https://mss.pendercountync.gov/css/citizens/RealEstate/Default.aspx?mode=new"},"geometry":{"type":"Polygon","coordinates":[[[-77.685759,34.675169],[-77.685782,34.675223],[-77.685831,34.675353],[-77.685649,34.675659],[-77.685606,34.675695],[-77.685606,34.675754],[-77.688699,34.675583],[-77.688647,34.674876],[-77.687618,34.674941],[-77.687627,34.67506],[-77.687202,34.675088],[-77.687136,34.674341],[-77.686044,34.674448],[-77.685989,34.674594],[-77.686064,34.674713],[-77.685999,34.674816],[-77.685965,34.674976],[-77.685928,34.67503],[-77.685759,34.675169]]]}},{"type":"Feature","id":"37141:3392-78-8271-0000","properties":{"id":"37141:3392-78-8271-0000","parcelId":"3392-78-8271-0000","countyFips":"37141","countyName":"Pender","state":"North Carolina","marketIds":["Wilmington"],"situsAddress":"50 HWY","situsCity":null,"situsZip":null,"jurisdictionCode":"PND","ownerName":"JORDAN, NATHAN","ownerName2":null,"propertyName":null,"zoningCode":"RP","zoningDistrict":"Residential Performance","jurisdictionPrefix":"PND","dorCode":null,"acreage":6.31,"centroid":[-77.677154,34.644498],"lastSale":{"date":"2003-02-18","price":10000.0,"qualified":null},"tax":{"marketValue":35930.0,"assessedValue":null,"taxableValue":null,"taxes":null},"mailingAddress":{"line1":"7140 HWY 50","line2":null,"city":"MAPLE HILL","state":"NC","zip":"28454"},"incomeTract":null,"incomeBlockGroup":null,"nearestRoad":null,"flu":{"code":"Rural Agricultural","label":"Rural Agricultural","jurisdiction":"Pender County","source":"https://gis.pendercountync.gov/arcgis/rest/services/LayersPro/MapServer/35"},"opportunityZone":null,"oz2Eligibility":{"eligible":true,"rural":true,"tractGeoid":"37141920204","tractName":"Census Tract 9202.04","designation":"eligible-for-nomination"},"source":"nc-pender-energov-37141","appraiserUrl":"https://mss.pendercountync.gov/css/citizens/RealEstate/Default.aspx?mode=new"},"geometry":{"type":"Polygon","coordinates":[[[-77.676471,34.645148],[-77.678642,34.64421],[-77.678775,34.644152],[-77.678322,34.643489],[-77.675645,34.6446],[-77.675916,34.645031],[-77.676307,34.644859],[-77.676471,34.645148]]]}},{"type":"Feature","id":"37141:3393-22-8955-0000","properties":{"id":"37141:3393-22-8955-0000","parcelId":"3393-22-8955-0000","countyFips":"37141","countyName":"Pender","state":"North Carolina","marketIds":["Wilmington"],"situsAddress":"50 HWY","situsCity":null,"situsZip":null,"jurisdictionCode":"PND","ownerName":"EZZELL, CAROLYN WOOTEN","ownerName2":null,"propertyName":null,"zoningCode":"RA","zoningDistrict":"Rural Agricultural","jurisdictionPrefix":"PND","dorCode":null,"acreage":6.29,"centroid":[-77.693785,34.657081],"lastSale":{"date":null,"price":null,"qualified":null},"tax":{"marketValue":35870.0,"assessedValue":null,"taxableValue":null,"taxes":null},"mailingAddress":{"line1":"314 NORTH FRONT ST","line2":null,"city":"WARSAW","state":"NC","zip":"28398"},"incomeTract":null,"incomeBlockGroup":null,"nearestRoad":null,"flu":{"code":"Rural Agricultural","label":"Rural Agricultural","jurisdiction":"Pender County","source":"https://gis.pendercountync.gov/arcgis/rest/services/LayersPro/MapServer/35"},"opportunityZone":null,"oz2Eligibility":{"eligible":true,"rural":true,"tractGeoid":"37141920204","tractName":"Census Tract 9202.04","designation":"eligible-for-nomination"},"source":"nc-pender-energov-37141","appraiserUrl":"https://mss.pendercountync.gov/css/citizens/RealEstate/Default.aspx?mode=new"},"geometry":{"type":"Polygon","coordinates":[[[-77.69248,34.65923],[-77.692481,34.65923],[-77.692936,34.659578],[-77.694911,34.655518],[-77.694704,34.655359],[-77.694548,34.655407],[-77.694432,34.655248],[-77.69248,34.65923]]]}},{"type":"Feature","id":"37141:4303-07-1359-0000","properties":{"id":"37141:4303-07-1359-0000","parcelId":"4303-07-1359-0000","countyFips":"37141","countyName":"Pender","state":"North Carolina","marketIds":["Wilmington"],"situsAddress":null,"situsCity":null,"situsZip":null,"jurisdictionCode":"PND","ownerName":"FARRIOR, MILFORD E HEIRS","ownerName2":null,"propertyName":null,"zoningCode":"RA","zoningDistrict":"Rural Agricultural","jurisdictionPrefix":"PND","dorCode":null,"acreage":6.26,"centroid":[-77.668471,34.670904],"lastSale":{"date":null,"price":null,"qualified":null},"tax":{"marketValue":35780.0,"assessedValue":null,"taxableValue":null,"taxes":null},"mailingAddress":{"line1":"188 ROCKFISH LAKE RD","line2":null,"city":"MAPLE HILL","state":"NC","zip":"28454"},"incomeTract":null,"incomeBlockGroup":null,"nearestRoad":null,"flu":{"code":"Rural Agricultural","label":"Rural Agricultural","jurisdiction":"Pender County","source":"https://gis.pendercountync.gov/arcgis/rest/services/LayersPro/MapServer/35"},"opportunityZone":null,"oz2Eligibility":{"eligible":true,"rural":true,"tractGeoid":"37141920204","tractName":"Census Tract 9202.04","designation":"eligible-for-nomination"},"source":"nc-pender-energov-37141","appraiserUrl":"https://mss.pendercountync.gov/css/citizens/RealEstate/Default.aspx?mode=new"},"geometry":{"type":"Polygon","coordinates":[[[-77.66944,34.667656],[-77.669321,34.669514],[-77.668378,34.669508],[-77.668285,34.671342],[-77.669463,34.671259],[-77.669647,34.668692],[-77.669737,34.667707],[-77.669448,34.667537],[-77.66944,34.667656]]]}},{"type":"Feature","id":"37141:3394-53-9528-0000","properties":{"id":"37141:3394-53-9528-0000","parcelId":"3394-53-9528-0000","countyFips":"37141","countyName":"Pender","state":"North Carolina","marketIds":["Wilmington"],"situsAddress":null,"situsCity":null,"situsZip":null,"jurisdictionCode":"PND","ownerName":"GURGANUS, FRANCES M","ownerName2":null,"propertyName":null,"zoningCode":"RA","zoningDistrict":"Rural Agricultural","jurisdictionPrefix":"PND","dorCode":null,"acreage":6.25,"centroid":[-77.682632,34.686826],"lastSale":{"date":"2014-06-12","price":10000.0,"qualified":null},"tax":{"marketValue":18085.0,"assessedValue":null,"taxableValue":null,"taxes":null},"mailingAddress":{"line1":"1093 GURGANUS RD","line2":null,"city":"RICHLANDS","state":"NC","zip":"28574"},"incomeTract":null,"incomeBlockGroup":null,"nearestRoad":null,"flu":{"code":"Rural Agricultural","label":"Rural Agricultural","jurisdiction":"Pender County","source":"https://gis.pendercountync.gov/arcgis/rest/services/LayersPro/MapServer/35"},"opportunityZone":null,"oz2Eligibility":{"eligible":true,"rural":true,"tractGeoid":"37141920204","tractName":"Census Tract 9202.04","designation":"eligible-for-nomination"},"source":"nc-pender-energov-37141","appraiserUrl":"https://mss.pendercountync.gov/css/citizens/RealEstate/Default.aspx?mode=new"},"geometry":{"type":"Polygon","coordinates":[[[-77.679533,34.686188],[-77.679557,34.686194],[-77.68394,34.687315],[-77.686569,34.687855],[-77.686261,34.687517],[-77.679932,34.685889],[-77.679533,34.686188]]]}},{"type":"Feature","id":"37141:3393-22-6998-0000","properties":{"id":"37141:3393-22-6998-0000","parcelId":"3393-22-6998-0000","countyFips":"37141","countyName":"Pender","state":"North Carolina","marketIds":["Wilmington"],"situsAddress":"50 HWY","situsCity":null,"situsZip":null,"jurisdictionCode":"PND","ownerName":"WARREN, NEIL WARREN L/E","ownerName2":null,"propertyName":null,"zoningCode":"RA","zoningDistrict":"Rural Agricultural","jurisdictionPrefix":"PND","dorCode":null,"acreage":6.21,"centroid":[-77.694325,34.657335],"lastSale":{"date":null,"price":null,"qualified":null},"tax":{"marketValue":35630.0,"assessedValue":null,"taxableValue":null,"taxes":null},"mailingAddress":{"line1":"405 OLD MAPLE HILL ROAD","line2":null,"city":"MAPLE HILL","state":"NC","zip":"28454"},"incomeTract":null,"incomeBlockGroup":null,"nearestRoad":null,"flu":{"code":"Rural Agricultural","label":"Rural Agricultural","jurisdiction":"Pender County","source":"https://gis.pendercountync.gov/arcgis/rest/services/LayersPro/MapServer/35"},"opportunityZone":null,"oz2Eligibility":{"eligible":true,"rural":true,"tractGeoid":"37141920204","tractName":"Census Tract 9202.04","designation":"eligible-for-nomination"},"source":"nc-pender-energov-37141","appraiserUrl":"https://mss.pendercountync.gov/css/citizens/RealEstate/Default.aspx?mode=new"},"geometry":{"type":"Polygon","coordinates":[[[-77.692936,34.659578],[-77.692937,34.659579],[-77.693399,34.659939],[-77.695157,34.656322],[-77.695024,34.656091],[-77.695008,34.655894],[-77.695229,34.655761],[-77.694911,34.655518],[-77.692936,34.659578]]]}},{"type":"Feature","id":"37141:3393-23-6336-0000","properties":{"id":"37141:3393-23-6336-0000","parcelId":"3393-23-6336-0000","countyFips":"37141","countyName":"Pender","state":"North Carolina","marketIds":["Wilmington"],"situsAddress":"50 HWY","situsCity":null,"situsZip":null,"jurisdictionCode":"PND","ownerName":"CASEN, GROVER C","ownerName2":null,"propertyName":null,"zoningCode":"RA","zoningDistrict":"Rural Agricultural","jurisdictionPrefix":"PND","dorCode":null,"acreage":6.19,"centroid":[-77.694391,34.658504],"lastSale":{"date":"2001-11-05","price":15000.0,"qualified":null},"tax":{"marketValue":35570.0,"assessedValue":null,"taxableValue":null,"taxes":null},"mailingAddress":{"line1":"35 OLD MAPLE HILL ROAD","line2":null,"city":"MAPLE HILL","state":"NC","zip":"28454"},"incomeTract":null,"incomeBlockGroup":null,"nearestRoad":null,"flu":{"code":"Rural Agricultural","label":"Rural Agricultural","jurisdiction":"Pender County","source":"https://gis.pendercountync.gov/arcgis/rest/services/LayersPro/MapServer/35"},"opportunityZone":null,"oz2Eligibility":{"eligible":true,"rural":true,"tractGeoid":"37141920204","tractName":"Census Tract 9202.04","designation":"eligible-for-nomination"},"source":"nc-pender-energov-37141","appraiserUrl":"https://mss.pendercountync.gov/css/citizens/RealEstate/Default.aspx?mode=new"},"geometry":{"type":"Polygon","coordinates":[[[-77.693399,34.659939],[-77.693457,34.659983],[-77.693863,34.660296],[-77.695233,34.658019],[-77.695239,34.656467],[-77.695157,34.656322],[-77.693399,34.659939]]]}},{"type":"Feature","id":"37141:3393-96-6270-0000","properties":{"id":"37141:3393-96-6270-0000","parcelId":"3393-96-6270-0000","countyFips":"37141","countyName":"Pender","state":"North Carolina","marketIds":["Wilmington"],"situsAddress":"1306 WEBBTOWN RD","situsCity":null,"situsZip":null,"jurisdictionCode":"PND","ownerName":"GREATER SAINT PAUL HOLY CHURCH","ownerName2":null,"propertyName":null,"zoningCode":"RA","zoningDistrict":"Rural Agricultural","jurisdictionPrefix":"PND","dorCode":null,"acreage":6.16,"centroid":[-77.670532,34.666431],"lastSale":{"date":"2011-05-18","price":13500.0,"qualified":null},"tax":{"marketValue":914892.0,"assessedValue":null,"taxableValue":null,"taxes":null},"mailingAddress":{"line1":"PO BOX 110","line2":null,"city":"MAPLE HILL","state":"NC","zip":"28454"},"incomeTract":null,"incomeBlockGroup":null,"nearestRoad":null,"flu":{"code":"Rural Agricultural","label":"Rural Agricultural","jurisdiction":"Pender County","source":"https://gis.pendercountync.gov/arcgis/rest/services/LayersPro/MapServer/35"},"opportunityZone":null,"oz2Eligibility":{"eligible":true,"rural":true,"tractGeoid":"37141920204","tractName":"Census Tract 9202.04","designation":"eligible-for-nomination"},"source":"nc-pender-energov-37141","appraiserUrl":"https://mss.pendercountync.gov/css/citizens/RealEstate/Default.aspx?mode=new"},"geometry":{"type":"Polygon","coordinates":[[[-77.670275,34.667344],[-77.67029,34.667354],[-77.670398,34.667202],[-77.671495,34.667223],[-77.671449,34.665184],[-77.671149,34.665602],[-77.670905,34.665434],[-77.670173,34.665914],[-77.669917,34.666207],[-77.670142,34.666362],[-77.669658,34.666917],[-77.670275,34.667344]]]}},{"type":"Feature","id":"37141:3393-32-0816-0000","properties":{"id":"37141:3393-32-0816-0000","parcelId":"3393-32-0816-0000","countyFips":"37141","countyName":"Pender","state":"North Carolina","marketIds":["Wilmington"],"situsAddress":"50 HWY","situsCity":null,"situsZip":null,"jurisdictionCode":"PND","ownerName":"WOOTEN, JULIAN","ownerName2":null,"propertyName":null,"zoningCode":"RA","zoningDistrict":"Rural Agricultural","jurisdictionPrefix":"PND","dorCode":null,"acreage":6.14,"centroid":[-77.693326,34.656799],"lastSale":{"date":null,"price":null,"qualified":null},"tax":{"marketValue":35420.0,"assessedValue":null,"taxableValue":null,"taxes":null},"mailingAddress":{"line1":"1106 GOULD RD","line2":null,"city":"JACKSONVILLE","state":"NC","zip":"28540"},"incomeTract":null,"incomeBlockGroup":null,"nearestRoad":null,"flu":{"code":"Rural Agricultural","label":"Rural Agricultural","jurisdiction":"Pender County","source":"https://gis.pendercountync.gov/arcgis/rest/services/LayersPro/MapServer/35"},"opportunityZone":null,"oz2Eligibility":{"eligible":true,"rural":true,"tractGeoid":"37141920204","tractName":"Census Tract 9202.04","designation":"eligible-for-nomination"},"source":"nc-pender-energov-37141","appraiserUrl":"https://mss.pendercountync.gov/css/citizens/RealEstate/Default.aspx?mode=new"},"geometry":{"type":"Polygon","coordinates":[[[-77.692029,34.65889],[-77.692084,34.658932],[-77.69248,34.65923],[-77.694432,34.655248],[-77.694341,34.655123],[-77.694017,34.655133],[-77.693897,34.655035],[-77.692029,34.65889]]]}},{"type":"Feature","id":"37141:3393-32-1755-0000","properties":{"id":"37141:3393-32-1755-0000","parcelId":"3393-32-1755-0000","countyFips":"37141","countyName":"Pender","state":"North Carolina","marketIds":["Wilmington"],"situsAddress":"50 HWY","situsCity":null,"situsZip":null,"jurisdictionCode":"PND","ownerName":"WOOTEN, JERRY T L/E","ownerName2":null,"propertyName":null,"zoningCode":"RA","zoningDistrict":"Rural Agricultural","jurisdictionPrefix":"PND","dorCode":null,"acreage":6.09,"centroid":[-77.692505,34.657134],"lastSale":{"date":"2008-08-18","price":null,"qualified":null},"tax":{"marketValue":35270.0,"assessedValue":null,"taxableValue":null,"taxes":null},"mailingAddress":{"line1":"300 OLD MAPLE HILL ROAD","line2":null,"city":"MAPLE HILL","state":"NC","zip":"28454"},"incomeTract":null,"incomeBlockGroup":null,"nearestRoad":null,"flu":{"code":"Rural Agricultural","label":"Rural Agricultural","jurisdiction":"Pender County","source":"https://gis.pendercountync.gov/arcgis/rest/services/LayersPro/MapServer/35"},"opportunityZone":null,"oz2Eligibility":{"eligible":true,"rural":true,"tractGeoid":"37141920204","tractName":"Census Tract 9202.04","designation":"eligible-for-nomination"},"source":"nc-pender-energov-37141","appraiserUrl":"https://mss.pendercountync.gov/css/citizens/RealEstate/Default.aspx?mode=new"},"geometry":{"type":"Polygon","coordinates":[[[-77.691569,34.658533],[-77.691583,34.658545],[-77.692029,34.65889],[-77.693897,34.655035],[-77.693449,34.654669],[-77.691569,34.658533]]]}},{"type":"Feature","id":"37141:3395-73-4118-0000","properties":{"id":"37141:3395-73-4118-0000","parcelId":"3395-73-4118-0000","countyFips":"37141","countyName":"Pender","state":"North Carolina","marketIds":["Wilmington"],"situsAddress":"1245 JOSHUA JAMES RD","situsCity":null,"situsZip":null,"jurisdictionCode":"PND","ownerName":"HELMS, JACKSON ARTHUR III","ownerName2":null,"propertyName":null,"zoningCode":"RA","zoningDistrict":"Rural Agricultural","jurisdictionPrefix":"PND","dorCode":null,"acreage":6.08,"centroid":[-77.677865,34.71302],"lastSale":{"date":"2006-02-01","price":25000.0,"qualified":null},"tax":{"marketValue":194041.0,"assessedValue":null,"taxableValue":null,"taxes":null},"mailingAddress":{"line1":"1245 JOSHUA JAMES RD","line2":null,"city":"MAPLE HILL","state":"NC","zip":"28454"},"incomeTract":null,"incomeBlockGroup":null,"nearestRoad":null,"flu":{"code":"Rural Agricultural","label":"Rural Agricultural","jurisdiction":"Pender County","source":"https://gis.pendercountync.gov/arcgis/rest/services/LayersPro/MapServer/35"},"opportunityZone":null,"oz2Eligibility":{"eligible":true,"rural":true,"tractGeoid":"37141920204","tractName":"Census Tract 9202.04","designation":"eligible-for-nomination"},"source":"nc-pender-energov-37141","appraiserUrl":"https://mss.pendercountync.gov/css/citizens/RealEstate/Default.aspx?mode=new"},"geometry":{"type":"Polygon","coordinates":[[[-77.678129,34.711963],[-77.678083,34.711996],[-77.676613,34.713053],[-77.677114,34.714129],[-77.678295,34.713651],[-77.67815,34.713362],[-77.67867,34.712984],[-77.678129,34.711963]]]}},{"type":"Feature","id":"37141:3394-52-8050-0000","properties":{"id":"37141:3394-52-8050-0000","parcelId":"3394-52-8050-0000","countyFips":"37141","countyName":"Pender","state":"North Carolina","marketIds":["Wilmington"],"situsAddress":"17351 NC HWY 53 E","situsCity":null,"situsZip":null,"jurisdictionCode":"PND","ownerName":"WASHINGTON, TAWANDA BROWN ET AL","ownerName2":null,"propertyName":null,"zoningCode":"RA","zoningDistrict":"Rural Agricultural","jurisdictionPrefix":"PND","dorCode":null,"acreage":6.04,"centroid":[-77.683017,34.682413],"lastSale":{"date":"2024-09-30","price":null,"qualified":null},"tax":{"marketValue":70440.0,"assessedValue":null,"taxableValue":null,"taxes":null},"mailingAddress":{"line1":"C/O TAWANDA BROWN WASHINGTON","line2":null,"city":"GLEN GARDNER","state":"NJ","zip":"08826"},"incomeTract":null,"incomeBlockGroup":null,"nearestRoad":null,"flu":{"code":"Rural Agricultural","label":"Rural Agricultural","jurisdiction":"Pender County","source":"https://gis.pendercountync.gov/arcgis/rest/services/LayersPro/MapServer/35"},"opportunityZone":null,"oz2Eligibility":{"eligible":true,"rural":true,"tractGeoid":"37141920204","tractName":"Census Tract 9202.04","designation":"eligible-for-nomination"},"source":"nc-pender-energov-37141","appraiserUrl":"https://mss.pendercountync.gov/css/citizens/RealEstate/Default.aspx?mode=new"},"geometry":{"type":"Polygon","coordinates":[[[-77.682107,34.682982],[-77.68211,34.682988],[-77.682651,34.683498],[-77.684337,34.682245],[-77.683637,34.681604],[-77.683433,34.681862],[-77.682844,34.681715],[-77.682107,34.682982]]]}},{"type":"Feature","id":"37141:3392-37-5680-0000","properties":{"id":"37141:3392-37-5680-0000","parcelId":"3392-37-5680-0000","countyFips":"37141","countyName":"Pender","state":"North Carolina","marketIds":["Wilmington"],"situsAddress":"50 HWY OFF","situsCity":null,"situsZip":null,"jurisdictionCode":"PND","ownerName":"WOOTEN, ALFRED K","ownerName2":null,"propertyName":null,"zoningCode":"RA","zoningDistrict":"Rural Agricultural","jurisdictionPrefix":"PND","dorCode":null,"acreage":6.0,"centroid":[-77.691141,34.643663],"lastSale":{"date":"2023-05-11","price":18000.0,"qualified":null},"tax":{"marketValue":1402.0,"assessedValue":null,"taxableValue":null,"taxes":null},"mailingAddress":{"line1":"PO BOX 1548","line2":null,"city":"BURGAW","state":"NC","zip":"28425"},"incomeTract":null,"incomeBlockGroup":null,"nearestRoad":null,"flu":{"code":"Rural Agricultural","label":"Rural Agricultural","jurisdiction":"Pender County","source":"https://gis.pendercountync.gov/arcgis/rest/services/LayersPro/MapServer/35"},"opportunityZone":null,"oz2Eligibility":{"eligible":true,"rural":true,"tractGeoid":"37141920204","tractName":"Census Tract 9202.04","designation":"eligible-for-nomination"},"source":"nc-pender-energov-37141","appraiserUrl":"https://mss.pendercountync.gov/css/citizens/RealEstate/Default.aspx?mode=new"},"geometry":{"type":"Polygon","coordinates":[[[-77.688925,34.643727],[-77.689221,34.643743],[-77.694328,34.644011],[-77.694307,34.643554],[-77.688922,34.643281],[-77.688925,34.643727]]]}},{"type":"Feature","id":"37141:3392-37-6903-0000","properties":{"id":"37141:3392-37-6903-0000","parcelId":"3392-37-6903-0000","countyFips":"37141","countyName":"Pender","state":"North Carolina","marketIds":["Wilmington"],"situsAddress":"50 HWY OFF","situsCity":null,"situsZip":null,"jurisdictionCode":"PND","ownerName":"BONEY, JAMES A","ownerName2":null,"propertyName":null,"zoningCode":"RA","zoningDistrict":"Rural Agricultural","jurisdictionPrefix":"PND","dorCode":null,"acreage":6.0,"centroid":[-77.691173,34.644989],"lastSale":{"date":null,"price":null,"qualified":null},"tax":{"marketValue":5269.0,"assessedValue":null,"taxableValue":null,"taxes":null},"mailingAddress":{"line1":"C/O VYLICE BONEY","line2":null,"city":"MAPLE HILL","state":"NC","zip":"28454"},"incomeTract":null,"incomeBlockGroup":null,"nearestRoad":null,"flu":{"code":"Rural Agricultural","label":"Rural Agricultural","jurisdiction":"Pender County","source":"https://gis.pendercountync.gov/arcgis/rest/services/LayersPro/MapServer/35"},"opportunityZone":null,"oz2Eligibility":{"eligible":true,"rural":true,"tractGeoid":"37141920204","tractName":"Census Tract 9202.04","designation":"eligible-for-nomination"},"source":"nc-pender-energov-37141","appraiserUrl":"https://mss.pendercountync.gov/css/citizens/RealEstate/Default.aspx?mode=new"},"geometry":{"type":"Polygon","coordinates":[[[-77.688936,34.645086],[-77.689239,34.645098],[-77.694388,34.645304],[-77.694368,34.64487],[-77.688932,34.644585],[-77.688936,34.645086]]]}},{"type":"Feature","id":"37141:3392-64-8219-0000","properties":{"id":"37141:3392-64-8219-0000","parcelId":"3392-64-8219-0000","countyFips":"37141","countyName":"Pender","state":"North Carolina","marketIds":["Wilmington"],"situsAddress":null,"situsCity":null,"situsZip":null,"jurisdictionCode":"PND","ownerName":"SHEPARD, SANDY JEROME ETALS","ownerName2":null,"propertyName":null,"zoningCode":"RP","zoningDistrict":"Residential Performance","jurisdictionPrefix":"PND","dorCode":null,"acreage":6.0,"centroid":[-77.680773,34.633464],"lastSale":{"date":null,"price":null,"qualified":null},"tax":{"marketValue":600.0,"assessedValue":null,"taxableValue":null,"taxes":null},"mailingAddress":{"line1":"7830 NC HWY 50","line2":null,"city":"MAPLE HILL","state":"NC","zip":"28454"},"incomeTract":null,"incomeBlockGroup":null,"nearestRoad":null,"flu":{"code":"Rural Agricultural","label":"Rural Agricultural","jurisdiction":"Pender County","source":"https://gis.pendercountync.gov/arcgis/rest/services/LayersPro/MapServer/35"},"opportunityZone":null,"oz2Eligibility":{"eligible":true,"rural":true,"tractGeoid":"37141920204","tractName":"Census Tract 9202.04","designation":"eligible-for-nomination"},"source":"nc-pender-energov-37141","appraiserUrl":"https://mss.pendercountync.gov/css/citizens/RealEstate/Default.aspx?mode=new"},"geometry":{"type":"Polygon","coordinates":[[[-77.680185,34.636609],[-77.680186,34.63661],[-77.680689,34.636646],[-77.681245,34.632278],[-77.68093,34.632225],[-77.681064,34.631127],[-77.680992,34.631114],[-77.680894,34.631101],[-77.680185,34.636609]]]}},{"type":"Feature","id":"37141:3383-39-6521-0000","properties":{"id":"37141:3383-39-6521-0000","parcelId":"3383-39-6521-0000","countyFips":"37141","countyName":"Pender","state":"North Carolina","marketIds":["Wilmington"],"situsAddress":"50 HWY OFF","situsCity":null,"situsZip":null,"jurisdictionCode":"PND","ownerName":"BARNHILL, KIMBERLY P ET AL","ownerName2":null,"propertyName":null,"zoningCode":"RA","zoningDistrict":"Rural Agricultural","jurisdictionPrefix":"PND","dorCode":null,"acreage":6.0,"centroid":[-77.723905,34.676057],"lastSale":{"date":"2019-09-12","price":null,"qualified":null},"tax":{"marketValue":35000.0,"assessedValue":null,"taxableValue":null,"taxes":null},"mailingAddress":{"line1":"2125 SYCAMORE SPINGS RD","line2":null,"city":"MAPLE HILL","state":"NC","zip":"28454"},"incomeTract":null,"incomeBlockGroup":null,"nearestRoad":null,"flu":{"code":"Rural Agricultural","label":"Rural Agricultural","jurisdiction":"Pender County","source":"https://gis.pendercountync.gov/arcgis/rest/services/LayersPro/MapServer/35"},"opportunityZone":null,"oz2Eligibility":{"eligible":true,"rural":true,"tractGeoid":"37141920204","tractName":"Census Tract 9202.04","designation":"eligible-for-nomination"},"source":"nc-pender-energov-37141","appraiserUrl":"https://mss.pendercountync.gov/css/citizens/RealEstate/Default.aspx?mode=new"},"geometry":{"type":"Polygon","coordinates":[[[-77.722066,34.676682],[-77.722556,34.677164],[-77.725733,34.675582],[-77.725263,34.6748],[-77.722066,34.676682]]]}},{"type":"Feature","id":"37141:3383-77-3796-0000","properties":{"id":"37141:3383-77-3796-0000","parcelId":"3383-77-3796-0000","countyFips":"37141","countyName":"Pender","state":"North Carolina","marketIds":["Wilmington"],"situsAddress":"4840 NC HWY 50","situsCity":null,"situsZip":null,"jurisdictionCode":"PND","ownerName":"MAPLE HILL COMMUNITY CENTER IN","ownerName2":null,"propertyName":null,"zoningCode":"O&I","zoningDistrict":"Office & Institutional","jurisdictionPrefix":"PND","dorCode":null,"acreage":6.0,"centroid":[-77.711726,34.670907],"lastSale":{"date":null,"price":null,"qualified":null},"tax":{"marketValue":264691.0,"assessedValue":null,"taxableValue":null,"taxes":null},"mailingAddress":{"line1":"5790 HWY 50","line2":null,"city":"MAPLE HILL","state":"NC","zip":"28454"},"incomeTract":null,"incomeBlockGroup":null,"nearestRoad":null,"flu":{"code":"Rural Crossroads","label":"Rural Crossroads","jurisdiction":"Pender County","source":"https://gis.pendercountync.gov/arcgis/rest/services/LayersPro/MapServer/35"},"opportunityZone":null,"oz2Eligibility":{"eligible":true,"rural":true,"tractGeoid":"37141920204","tractName":"Census Tract 9202.04","designation":"eligible-for-nomination"},"source":"nc-pender-energov-37141","appraiserUrl":"https://mss.pendercountync.gov/css/citizens/RealEstate/Default.aspx?mode=new"},"geometry":{"type":"Polygon","coordinates":[[[-77.711267,34.670887],[-77.710517,34.671428],[-77.711019,34.672118],[-77.712055,34.671409],[-77.711805,34.671236],[-77.712372,34.670829],[-77.712393,34.670844],[-77.712835,34.67021],[-77.712211,34.669718],[-77.711112,34.670507],[-77.711405,34.670788],[-77.711267,34.670887]]]}},{"type":"Feature","id":"37141:3375-85-0196-0000","properties":{"id":"37141:3375-85-0196-0000","parcelId":"3375-85-0196-0000","countyFips":"37141","countyName":"Pender","state":"North Carolina","marketIds":["Wilmington"],"situsAddress":"687 SHOLAR MILL RD","situsCity":null,"situsZip":null,"jurisdictionCode":"PND","ownerName":"HOLLINGSWORTH, DENVER M JR","ownerName2":null,"propertyName":null,"zoningCode":"RA","zoningDistrict":"Rural Agricultural","jurisdictionPrefix":"PND","dorCode":null,"acreage":5.97,"centroid":[-77.741352,34.719237],"lastSale":{"date":"2019-12-17","price":8500.0,"qualified":null},"tax":{"marketValue":619736.0,"assessedValue":null,"taxableValue":null,"taxes":null},"mailingAddress":{"line1":"687 SHOLAR MILL RD","line2":null,"city":"WALLACE","state":"NC","zip":"28466"},"incomeTract":null,"incomeBlockGroup":null,"nearestRoad":null,"flu":{"code":"Rural Agricultural","label":"Rural Agricultural","jurisdiction":"Pender County","source":"https://gis.pendercountync.gov/arcgis/rest/services/LayersPro/MapServer/35"},"opportunityZone":null,"oz2Eligibility":{"eligible":true,"rural":true,"tractGeoid":"37141920204","tractName":"Census Tract 9202.04","designation":"eligible-for-nomination"},"source":"nc-pender-energov-37141","appraiserUrl":"https://mss.pendercountync.gov/css/citizens/RealEstate/Default.aspx?mode=new"},"geometry":{"type":"Polygon","coordinates":[[[-77.741741,34.718752],[-77.740523,34.71902],[-77.740502,34.719025],[-77.740627,34.719267],[-77.740781,34.7195],[-77.740969,34.719735],[-77.741402,34.720166],[-77.742152,34.720192],[-77.74269,34.718492],[-77.742132,34.718216],[-77.741741,34.718752]]]}},{"type":"Feature","id":"37141:4303-33-9267-0000","properties":{"id":"37141:4303-33-9267-0000","parcelId":"4303-33-9267-0000","countyFips":"37141","countyName":"Pender","state":"North Carolina","marketIds":["Wilmington"],"situsAddress":null,"situsCity":null,"situsZip":null,"jurisdictionCode":"PND","ownerName":"WATKINS, CELESTINE LYNA","ownerName2":null,"propertyName":null,"zoningCode":"RA","zoningDistrict":"Rural Agricultural","jurisdictionPrefix":"PND","dorCode":null,"acreage":5.8,"centroid":[-77.656642,34.658145],"lastSale":{"date":null,"price":null,"qualified":null},"tax":{"marketValue":14735.0,"assessedValue":null,"taxableValue":null,"taxes":null},"mailingAddress":{"line1":"101 MAPLE HILL SCHOOL RD","line2":null,"city":"MAPLE HILL","state":"NC","zip":"28454"},"incomeTract":null,"incomeBlockGroup":null,"nearestRoad":null,"flu":{"code":"Rural Agricultural","label":"Rural Agricultural","jurisdiction":"Pender County","source":"https://gis.pendercountync.gov/arcgis/rest/services/LayersPro/MapServer/35"},"opportunityZone":null,"oz2Eligibility":{"eligible":true,"rural":true,"tractGeoid":"37141920204","tractName":"Census Tract 9202.04","designation":"eligible-for-nomination"},"source":"nc-pender-energov-37141","appraiserUrl":"https://mss.pendercountync.gov/css/citizens/RealEstate/Default.aspx?mode=new"},"geometry":{"type":"Polygon","coordinates":[[[-77.655491,34.658559],[-77.656594,34.658931],[-77.657694,34.657909],[-77.65679,34.657182],[-77.655491,34.658559]]]}},{"type":"Feature","id":"37141:3393-68-7799-0000","properties":{"id":"37141:3393-68-7799-0000","parcelId":"3393-68-7799-0000","countyFips":"37141","countyName":"Pender","state":"North Carolina","marketIds":["Wilmington"],"situsAddress":"510 WEBBTOWN RD","situsCity":null,"situsZip":null,"jurisdictionCode":"PND","ownerName":"FAGAN, WILLIAM TELF HEIRS","ownerName2":null,"propertyName":null,"zoningCode":"RA","zoningDistrict":"Rural Agricultural","jurisdictionPrefix":"PND","dorCode":null,"acreage":5.78,"centroid":[-77.680094,34.673979],"lastSale":{"date":"2002-02-07","price":null,"qualified":null},"tax":{"marketValue":151594.0,"assessedValue":null,"taxableValue":null,"taxes":null},"mailingAddress":{"line1":"510 WEBBTOWN RD","line2":null,"city":"MAPLE HILL","state":"NC","zip":"28454"},"incomeTract":null,"incomeBlockGroup":null,"nearestRoad":null,"flu":{"code":"Rural Agricultural","label":"Rural Agricultural","jurisdiction":"Pender County","source":"https://gis.pendercountync.gov/arcgis/rest/services/LayersPro/MapServer/35"},"opportunityZone":null,"oz2Eligibility":{"eligible":true,"rural":true,"tractGeoid":"37141920204","tractName":"Census Tract 9202.04","designation":"eligible-for-nomination"},"source":"nc-pender-energov-37141","appraiserUrl":"https://mss.pendercountync.gov/css/citizens/RealEstate/Default.aspx?mode=new"},"geometry":{"type":"MultiPolygon","coordinates":[[[[-77.679651,34.673891],[-77.67962,34.67411],[-77.679617,34.674376],[-77.680202,34.674751],[-77.680351,34.674789],[-77.680545,34.674783],[-77.680904,34.672612],[-77.679865,34.672522],[-77.679651,34.673891]]],[[[-77.679615,34.674609],[-77.679612,34.674847],[-77.679611,34.674964],[-77.680107,34.674899],[-77.679615,34.674578],[-77.679615,34.674609]]]]}},{"type":"Feature","id":"37141:3391-89-3864-0000","properties":{"id":"37141:3391-89-3864-0000","parcelId":"3391-89-3864-0000","countyFips":"37141","countyName":"Pender","state":"North Carolina","marketIds":["Wilmington"],"situsAddress":null,"situsCity":null,"situsZip":null,"jurisdictionCode":"PND","ownerName":"MOSLEY, GAERTRUDE JAMES HEIRS","ownerName2":null,"propertyName":null,"zoningCode":"RP","zoningDistrict":"Residential Performance","jurisdictionPrefix":"PND","dorCode":null,"acreage":5.74,"centroid":[-77.67581,34.621286],"lastSale":{"date":null,"price":null,"qualified":null},"tax":{"marketValue":33700.0,"assessedValue":null,"taxableValue":null,"taxes":null},"mailingAddress":{"line1":"C/O EVERLENA MOSLEY","line2":null,"city":"BURGAW","state":"NC","zip":"28425"},"incomeTract":null,"incomeBlockGroup":null,"nearestRoad":null,"flu":{"code":"Rural Agricultural","label":"Rural Agricultural","jurisdiction":"Pender County","source":"https://gis.pendercountync.gov/arcgis/rest/services/LayersPro/MapServer/35"},"opportunityZone":null,"oz2Eligibility":{"eligible":true,"rural":true,"tractGeoid":"37141920204","tractName":"Census Tract 9202.04","designation":"eligible-for-nomination"},"source":"nc-pender-energov-37141","appraiserUrl":"https://mss.pendercountync.gov/css/citizens/RealEstate/Default.aspx?mode=new"},"geometry":{"type":"Polygon","coordinates":[[[-77.675197,34.622793],[-77.676094,34.622838],[-77.676345,34.620655],[-77.676065,34.620721],[-77.675898,34.620705],[-77.67563,34.620628],[-77.675438,34.620665],[-77.675197,34.622793]]]}},{"type":"Feature","id":"37141:3391-89-6833-0000","properties":{"id":"37141:3391-89-6833-0000","parcelId":"3391-89-6833-0000","countyFips":"37141","countyName":"Pender","state":"North Carolina","marketIds":["Wilmington"],"situsAddress":null,"situsCity":null,"situsZip":null,"jurisdictionCode":"PND","ownerName":"JAMES, ALBERT","ownerName2":null,"propertyName":null,"zoningCode":"RP","zoningDistrict":"Residential Performance","jurisdictionPrefix":"PND","dorCode":null,"acreage":5.74,"centroid":[-77.674924,34.621342],"lastSale":{"date":null,"price":null,"qualified":null},"tax":{"marketValue":33700.0,"assessedValue":null,"taxableValue":null,"taxes":null},"mailingAddress":{"line1":"C/O JORDAN, GOLIA J","line2":null,"city":"MAPLE HILL","state":"NC","zip":"28454"},"incomeTract":null,"incomeBlockGroup":null,"nearestRoad":null,"flu":{"code":"Rural Agricultural","label":"Rural Agricultural","jurisdiction":"Pender County","source":"https://gis.pendercountync.gov/arcgis/rest/services/LayersPro/MapServer/35"},"opportunityZone":null,"oz2Eligibility":{"eligible":true,"rural":true,"tractGeoid":"37141920204","tractName":"Census Tract 9202.04","designation":"eligible-for-nomination"},"source":"nc-pender-energov-37141","appraiserUrl":"https://mss.pendercountync.gov/css/citizens/RealEstate/Default.aspx?mode=new"},"geometry":{"type":"Polygon","coordinates":[[[-77.674301,34.622748],[-77.675197,34.622793],[-77.675438,34.620665],[-77.675185,34.620786],[-77.675065,34.620823],[-77.67472,34.620783],[-77.674564,34.620795],[-77.674301,34.622748]]]}},{"type":"Feature","id":"37141:3392-80-5564-0000","properties":{"id":"37141:3392-80-5564-0000","parcelId":"3392-80-5564-0000","countyFips":"37141","countyName":"Pender","state":"North Carolina","marketIds":["Wilmington"],"situsAddress":null,"situsCity":null,"situsZip":null,"jurisdictionCode":"PND","ownerName":"BANNERMAN, JAMES EARL","ownerName2":null,"propertyName":null,"zoningCode":"RP","zoningDistrict":"Residential Performance","jurisdictionPrefix":"PND","dorCode":null,"acreage":5.74,"centroid":[-77.675119,34.623423],"lastSale":{"date":"2012-06-12","price":1000.0,"qualified":null},"tax":{"marketValue":33700.0,"assessedValue":null,"taxableValue":null,"taxes":null},"mailingAddress":{"line1":"401 DURWOOD EVANS RD","line2":null,"city":"BEULAVILLE","state":"NC","zip":"28518"},"incomeTract":null,"incomeBlockGroup":null,"nearestRoad":null,"flu":{"code":"Rural Agricultural","label":"Rural Agricultural","jurisdiction":"Pender County","source":"https://gis.pendercountync.gov/arcgis/rest/services/LayersPro/MapServer/35"},"opportunityZone":null,"oz2Eligibility":{"eligible":true,"rural":true,"tractGeoid":"37141920204","tractName":"Census Tract 9202.04","designation":"eligible-for-nomination"},"source":"nc-pender-energov-37141","appraiserUrl":"https://mss.pendercountync.gov/css/citizens/RealEstate/Default.aspx?mode=new"},"geometry":{"type":"Polygon","coordinates":[[[-77.674133,34.624001],[-77.675949,34.624104],[-77.676094,34.622838],[-77.674301,34.622748],[-77.674133,34.624001]]]}},{"type":"Feature","id":"37141:3392-80-6919-0000","properties":{"id":"37141:3392-80-6919-0000","parcelId":"3392-80-6919-0000","countyFips":"37141","countyName":"Pender","state":"North Carolina","marketIds":["Wilmington"],"situsAddress":null,"situsCity":null,"situsZip":null,"jurisdictionCode":"PND","ownerName":"DEANS, ODESSA J","ownerName2":null,"propertyName":null,"zoningCode":"RP","zoningDistrict":"Residential Performance","jurisdictionPrefix":"PND","dorCode":null,"acreage":5.74,"centroid":[-77.674644,34.624704],"lastSale":{"date":null,"price":null,"qualified":null},"tax":{"marketValue":33700.0,"assessedValue":null,"taxableValue":null,"taxes":null},"mailingAddress":{"line1":"223 COUNTRY SQUIRE LN","line2":null,"city":"JACKSONVILLE","state":"NC","zip":"28540"},"incomeTract":null,"incomeBlockGroup":null,"nearestRoad":null,"flu":{"code":"Rural Agricultural","label":"Rural Agricultural","jurisdiction":"Pender County","source":"https://gis.pendercountync.gov/arcgis/rest/services/LayersPro/MapServer/35"},"opportunityZone":null,"oz2Eligibility":{"eligible":true,"rural":true,"tractGeoid":"37141920204","tractName":"Census Tract 9202.04","designation":"eligible-for-nomination"},"source":"nc-pender-energov-37141","appraiserUrl":"https://mss.pendercountync.gov/css/citizens/RealEstate/Default.aspx?mode=new"},"geometry":{"type":"Polygon","coordinates":[[[-77.673945,34.625244],[-77.675803,34.625369],[-77.675949,34.624104],[-77.674133,34.624001],[-77.674033,34.624753],[-77.674001,34.624753],[-77.673945,34.625244]]]}},{"type":"Feature","id":"37141:3392-81-6473-0000","properties":{"id":"37141:3392-81-6473-0000","parcelId":"3392-81-6473-0000","countyFips":"37141","countyName":"Pender","state":"North Carolina","marketIds":["Wilmington"],"situsAddress":null,"situsCity":null,"situsZip":null,"jurisdictionCode":"PND","ownerName":"JAMES, LILLIE D","ownerName2":null,"propertyName":null,"zoningCode":"RP","zoningDistrict":"Residential Performance","jurisdictionPrefix":"PND","dorCode":null,"acreage":5.74,"centroid":[-77.674805,34.625913],"lastSale":{"date":"2007-04-16","price":null,"qualified":null},"tax":{"marketValue":33700.0,"assessedValue":null,"taxableValue":null,"taxes":null},"mailingAddress":{"line1":"7524 HWY 50","line2":null,"city":"MAPLE HILL","state":"NC","zip":"28454"},"incomeTract":null,"incomeBlockGroup":null,"nearestRoad":null,"flu":{"code":"Rural Agricultural","label":"Rural Agricultural","jurisdiction":"Pender County","source":"https://gis.pendercountync.gov/arcgis/rest/services/LayersPro/MapServer/35"},"opportunityZone":null,"oz2Eligibility":{"eligible":true,"rural":true,"tractGeoid":"37141920204","tractName":"Census Tract 9202.04","designation":"eligible-for-nomination"},"source":"nc-pender-energov-37141","appraiserUrl":"https://mss.pendercountync.gov/css/citizens/RealEstate/Default.aspx?mode=new"},"geometry":{"type":"Polygon","coordinates":[[[-77.673808,34.626455],[-77.675664,34.626585],[-77.675803,34.625369],[-77.673945,34.625244],[-77.673808,34.626455]]]}},{"type":"Feature","id":"37141:3392-81-6898-0000","properties":{"id":"37141:3392-81-6898-0000","parcelId":"3392-81-6898-0000","countyFips":"37141","countyName":"Pender","state":"North Carolina","marketIds":["Wilmington"],"situsAddress":null,"situsCity":null,"situsZip":null,"jurisdictionCode":"PND","ownerName":"LEE, EARNEST HEIRS","ownerName2":null,"propertyName":null,"zoningCode":"RP","zoningDistrict":"Residential Performance","jurisdictionPrefix":"PND","dorCode":null,"acreage":5.74,"centroid":[-77.674667,34.62713],"lastSale":{"date":"2004-12-16","price":null,"qualified":null},"tax":{"marketValue":15925.0,"assessedValue":null,"taxableValue":null,"taxes":null},"mailingAddress":{"line1":"8944 NC HWY 50","line2":null,"city":"MAPLE HILL","state":"NC","zip":"28454"},"incomeTract":null,"incomeBlockGroup":null,"nearestRoad":null,"flu":{"code":"Rural Agricultural","label":"Rural Agricultural","jurisdiction":"Pender County","source":"https://gis.pendercountync.gov/arcgis/rest/services/LayersPro/MapServer/35"},"opportunityZone":null,"oz2Eligibility":{"eligible":true,"rural":true,"tractGeoid":"37141920204","tractName":"Census Tract 9202.04","designation":"eligible-for-nomination"},"source":"nc-pender-energov-37141","appraiserUrl":"https://mss.pendercountync.gov/css/citizens/RealEstate/Default.aspx?mode=new"},"geometry":{"type":"Polygon","coordinates":[[[-77.673669,34.627685],[-77.675525,34.627795],[-77.675664,34.626585],[-77.673808,34.626455],[-77.673669,34.627685]]]}},{"type":"Feature","id":"37141:3392-82-7323-0000","properties":{"id":"37141:3392-82-7323-0000","parcelId":"3392-82-7323-0000","countyFips":"37141","countyName":"Pender","state":"North Carolina","marketIds":["Wilmington"],"situsAddress":null,"situsCity":null,"situsZip":null,"jurisdictionCode":"PND","ownerName":"JAMES, ROGER HEIRS","ownerName2":null,"propertyName":null,"zoningCode":"RP","zoningDistrict":"Residential Performance","jurisdictionPrefix":"PND","dorCode":null,"acreage":5.74,"centroid":[-77.674519,34.628422],"lastSale":{"date":null,"price":null,"qualified":null},"tax":{"marketValue":33700.0,"assessedValue":null,"taxableValue":null,"taxes":null},"mailingAddress":{"line1":"C/O CASSANDRA PARKER","line2":null,"city":"MADISON","state":"AL","zip":"35758"},"incomeTract":null,"incomeBlockGroup":null,"nearestRoad":null,"flu":{"code":"Rural Agricultural","label":"Rural Agricultural","jurisdiction":"Pender County","source":"https://gis.pendercountync.gov/arcgis/rest/services/LayersPro/MapServer/35"},"opportunityZone":null,"oz2Eligibility":{"eligible":true,"rural":true,"tractGeoid":"37141920204","tractName":"Census Tract 9202.04","designation":"eligible-for-nomination"},"source":"nc-pender-energov-37141","appraiserUrl":"https://mss.pendercountync.gov/css/citizens/RealEstate/Default.aspx?mode=new"},"geometry":{"type":"Polygon","coordinates":[[[-77.673517,34.629041],[-77.675366,34.629169],[-77.675525,34.627795],[-77.673669,34.627685],[-77.673517,34.629041]]]}},{"type":"Feature","id":"37141:3393-69-5863-0000","properties":{"id":"37141:3393-69-5863-0000","parcelId":"3393-69-5863-0000","countyFips":"37141","countyName":"Pender","state":"North Carolina","marketIds":["Wilmington"],"situsAddress":"WEBBTOWN RD","situsCity":null,"situsZip":null,"jurisdictionCode":"PND","ownerName":"BUSH, SHAVELMA L","ownerName2":null,"propertyName":null,"zoningCode":"RA","zoningDistrict":"Rural Agricultural","jurisdictionPrefix":"PND","dorCode":null,"acreage":5.67,"centroid":[-77.680994,34.67675],"lastSale":{"date":"2019-09-27","price":null,"qualified":null},"tax":{"marketValue":18173.0,"assessedValue":null,"taxableValue":null,"taxes":null},"mailingAddress":{"line1":"475 WEBBTOWN ROAD","line2":null,"city":"MAPLE HILL","state":"NC","zip":"28454"},"incomeTract":null,"incomeBlockGroup":null,"nearestRoad":null,"flu":{"code":"Rural Agricultural","label":"Rural Agricultural","jurisdiction":"Pender County","source":"https://gis.pendercountync.gov/arcgis/rest/services/LayersPro/MapServer/35"},"opportunityZone":null,"oz2Eligibility":{"eligible":true,"rural":true,"tractGeoid":"37141920204","tractName":"Census Tract 9202.04","designation":"eligible-for-nomination"},"source":"nc-pender-energov-37141","appraiserUrl":"https://mss.pendercountync.gov/css/citizens/RealEstate/Default.aspx?mode=new"},"geometry":{"type":"Polygon","coordinates":[[[-77.680008,34.677208],[-77.682034,34.677423],[-77.682113,34.677431],[-77.681257,34.675935],[-77.680263,34.676024],[-77.680287,34.676479],[-77.680008,34.677208]]]}},{"type":"Feature","id":"37141:3393-23-4680-0000","properties":{"id":"37141:3393-23-4680-0000","parcelId":"3393-23-4680-0000","countyFips":"37141","countyName":"Pender","state":"North Carolina","marketIds":["Wilmington"],"situsAddress":"50 HWY","situsCity":null,"situsZip":null,"jurisdictionCode":"PND","ownerName":"WOOTEN, GLENDA H","ownerName2":null,"propertyName":null,"zoningCode":"RA","zoningDistrict":"Rural Agricultural","jurisdictionPrefix":"PND","dorCode":null,"acreage":5.62,"centroid":[-77.694682,34.659577],"lastSale":{"date":null,"price":null,"qualified":null},"tax":{"marketValue":2824.0,"assessedValue":null,"taxableValue":null,"taxes":null},"mailingAddress":{"line1":"210 OLD MAPLE HILL RD","line2":null,"city":"MAPLE HILL","state":"NC","zip":"28454"},"incomeTract":null,"incomeBlockGroup":null,"nearestRoad":null,"flu":{"code":"Rural Agricultural","label":"Rural Agricultural","jurisdiction":"Pender County","source":"https://gis.pendercountync.gov/arcgis/rest/services/LayersPro/MapServer/35"},"opportunityZone":null,"oz2Eligibility":{"eligible":true,"rural":true,"tractGeoid":"37141920204","tractName":"Census Tract 9202.04","designation":"eligible-for-nomination"},"source":"nc-pender-energov-37141","appraiserUrl":"https://mss.pendercountync.gov/css/citizens/RealEstate/Default.aspx?mode=new"},"geometry":{"type":"Polygon","coordinates":[[[-77.693863,34.660296],[-77.693863,34.660297],[-77.694346,34.660668],[-77.696105,34.658606],[-77.695233,34.658019],[-77.693863,34.660296]]]}},{"type":"Feature","id":"37141:3373-80-8685-0000","properties":{"id":"37141:3373-80-8685-0000","parcelId":"3373-80-8685-0000","countyFips":"37141","countyName":"Pender","state":"North Carolina","marketIds":["Wilmington"],"situsAddress":"13342 NC HWY 53 E","situsCity":null,"situsZip":null,"jurisdictionCode":"PND","ownerName":"PADGETT, MAJOR KEVIN","ownerName2":null,"propertyName":null,"zoningCode":"RA","zoningDistrict":"Rural Agricultural","jurisdictionPrefix":"PND","dorCode":null,"acreage":5.6,"centroid":[-77.740094,34.651776],"lastSale":{"date":"2012-03-30","price":null,"qualified":null},"tax":{"marketValue":328502.0,"assessedValue":null,"taxableValue":null,"taxes":null},"mailingAddress":{"line1":"13342 NC HWY 53 E","line2":null,"city":"MAPLE HILL","state":"NC","zip":"28454"},"incomeTract":null,"incomeBlockGroup":null,"nearestRoad":null,"flu":{"code":"Rural Agricultural","label":"Rural Agricultural","jurisdiction":"Pender County","source":"https://gis.pendercountync.gov/arcgis/rest/services/LayersPro/MapServer/35"},"opportunityZone":null,"oz2Eligibility":{"eligible":true,"rural":true,"tractGeoid":"37141920204","tractName":"Census Tract 9202.04","designation":"eligible-for-nomination"},"source":"nc-pender-energov-37141","appraiserUrl":"https://mss.pendercountync.gov/css/citizens/RealEstate/Default.aspx?mode=new"},"geometry":{"type":"Polygon","coordinates":[[[-77.73877,34.651737],[-77.738801,34.651757],[-77.740434,34.652789],[-77.740991,34.65224],[-77.741233,34.651605],[-77.7407,34.651512],[-77.740507,34.651574],[-77.739314,34.650991],[-77.73877,34.651737]]]}},{"type":"Feature","id":"37141:3393-14-4205-0000","properties":{"id":"37141:3393-14-4205-0000","parcelId":"3393-14-4205-0000","countyFips":"37141","countyName":"Pender","state":"North Carolina","marketIds":["Wilmington"],"situsAddress":"144 OLD MAPLE HILL RD","situsCity":null,"situsZip":null,"jurisdictionCode":"PND","ownerName":"HARRIS, BRIAN LESLIE","ownerName2":null,"propertyName":null,"zoningCode":"RA","zoningDistrict":"Rural Agricultural","jurisdictionPrefix":"PND","dorCode":null,"acreage":5.59,"centroid":[-77.698082,34.66126],"lastSale":{"date":"2018-02-07","price":130000.0,"qualified":null},"tax":{"marketValue":165398.0,"assessedValue":null,"taxableValue":null,"taxes":null},"mailingAddress":{"line1":"144 OLD MAPLE HILL RD","line2":null,"city":"MAPLE HILL","state":"NC","zip":"28454"},"incomeTract":null,"incomeBlockGroup":null,"nearestRoad":null,"flu":{"code":"Rural Agricultural","label":"Rural Agricultural","jurisdiction":"Pender County","source":"https://gis.pendercountync.gov/arcgis/rest/services/LayersPro/MapServer/35"},"opportunityZone":null,"oz2Eligibility":{"eligible":true,"rural":true,"tractGeoid":"37141920204","tractName":"Census Tract 9202.04","designation":"eligible-for-nomination"},"source":"nc-pender-energov-37141","appraiserUrl":"https://mss.pendercountync.gov/css/citizens/RealEstate/Default.aspx?mode=new"},"geometry":{"type":"Polygon","coordinates":[[[-77.698537,34.660371],[-77.697053,34.661008],[-77.697027,34.661019],[-77.69845,34.662253],[-77.699342,34.661649],[-77.698537,34.660371]]]}},{"type":"Feature","id":"37141:3393-96-3624-0000","properties":{"id":"37141:3393-96-3624-0000","parcelId":"3393-96-3624-0000","countyFips":"37141","countyName":"Pender","state":"North Carolina","marketIds":["Wilmington"],"situsAddress":"LUBY HILL RD","situsCity":null,"situsZip":null,"jurisdictionCode":"PND","ownerName":"BONEY, CHARLES LEE","ownerName2":null,"propertyName":null,"zoningCode":"RA","zoningDistrict":"Rural Agricultural","jurisdictionPrefix":"PND","dorCode":null,"acreage":5.58,"centroid":[-77.671954,34.667694],"lastSale":{"date":null,"price":null,"qualified":null},"tax":{"marketValue":17280.0,"assessedValue":null,"taxableValue":null,"taxes":null},"mailingAddress":{"line1":"1001 WEBBTOWN RD","line2":null,"city":"MAPLE HILL","state":"NC","zip":"28454"},"incomeTract":null,"incomeBlockGroup":null,"nearestRoad":null,"flu":{"code":"Rural Agricultural","label":"Rural Agricultural","jurisdiction":"Pender County","source":"https://gis.pendercountync.gov/arcgis/rest/services/LayersPro/MapServer/35"},"opportunityZone":null,"oz2Eligibility":{"eligible":true,"rural":true,"tractGeoid":"37141920204","tractName":"Census Tract 9202.04","designation":"eligible-for-nomination"},"source":"nc-pender-energov-37141","appraiserUrl":"https://mss.pendercountync.gov/css/citizens/RealEstate/Default.aspx?mode=new"},"geometry":{"type":"Polygon","coordinates":[[[-77.670991,34.667879],[-77.670993,34.667881],[-77.671043,34.667923],[-77.672106,34.66801],[-77.672603,34.66824],[-77.672697,34.667361],[-77.673055,34.667506],[-77.673082,34.667236],[-77.67102,34.667214],[-77.670991,34.667879]]]}},{"type":"Feature","id":"37141:3393-13-8636-0000","properties":{"id":"37141:3393-13-8636-0000","parcelId":"3393-13-8636-0000","countyFips":"37141","countyName":"Pender","state":"North Carolina","marketIds":["Wilmington"],"situsAddress":null,"situsCity":null,"situsZip":null,"jurisdictionCode":"PND","ownerName":"WOOTEN, CURTIS","ownerName2":null,"propertyName":null,"zoningCode":"RA","zoningDistrict":"Rural Agricultural","jurisdictionPrefix":"PND","dorCode":null,"acreage":5.55,"centroid":[-77.69693,34.659663],"lastSale":{"date":null,"price":null,"qualified":null},"tax":{"marketValue":32750.0,"assessedValue":null,"taxableValue":null,"taxes":null},"mailingAddress":{"line1":"409 WEST UNION ST","line2":null,"city":"MORGANTON","state":"NC","zip":"28655"},"incomeTract":null,"incomeBlockGroup":null,"nearestRoad":null,"flu":{"code":"Rural Agricultural","label":"Rural Agricultural","jurisdiction":"Pender County","source":"https://gis.pendercountync.gov/arcgis/rest/services/LayersPro/MapServer/35"},"opportunityZone":null,"oz2Eligibility":{"eligible":true,"rural":true,"tractGeoid":"37141920204","tractName":"Census Tract 9202.04","designation":"eligible-for-nomination"},"source":"nc-pender-energov-37141","appraiserUrl":"https://mss.pendercountync.gov/css/citizens/RealEstate/Default.aspx?mode=new"},"geometry":{"type":"Polygon","coordinates":[[[-77.695562,34.659241],[-77.697571,34.660593],[-77.698481,34.660213],[-77.696105,34.658606],[-77.695562,34.659241]]]}},{"type":"Feature","id":"37141:3393-14-0054-0000","properties":{"id":"37141:3393-14-0054-0000","parcelId":"3393-14-0054-0000","countyFips":"37141","countyName":"Pender","state":"North Carolina","marketIds":["Wilmington"],"situsAddress":"210 OLD MAPLE HILL RD","situsCity":null,"situsZip":null,"jurisdictionCode":"PND","ownerName":"WOOTEN, GLENDA H","ownerName2":null,"propertyName":null,"zoningCode":"RA","zoningDistrict":"Rural Agricultural","jurisdictionPrefix":"PND","dorCode":null,"acreage":5.53,"centroid":[-77.699505,34.660693],"lastSale":{"date":null,"price":null,"qualified":null},"tax":{"marketValue":141519.0,"assessedValue":null,"taxableValue":null,"taxes":null},"mailingAddress":{"line1":"210 OLD MAPLE HILL RD","line2":null,"city":"MAPLE HILL","state":"NC","zip":"28454"},"incomeTract":null,"incomeBlockGroup":null,"nearestRoad":null,"flu":{"code":"Rural Agricultural","label":"Rural Agricultural","jurisdiction":"Pender County","source":"https://gis.pendercountync.gov/arcgis/rest/services/LayersPro/MapServer/35"},"opportunityZone":null,"oz2Eligibility":{"eligible":true,"rural":true,"tractGeoid":"37141920204","tractName":"Census Tract 9202.04","designation":"eligible-for-nomination"},"source":"nc-pender-energov-37141","appraiserUrl":"https://mss.pendercountync.gov/css/citizens/RealEstate/Default.aspx?mode=new"},"geometry":{"type":"Polygon","coordinates":[[[-77.698547,34.660367],[-77.699342,34.661649],[-77.700563,34.660822],[-77.699569,34.659934],[-77.698547,34.660367]]]}},{"type":"Feature","id":"37141:4302-75-1630-0000","properties":{"id":"37141:4302-75-1630-0000","parcelId":"4302-75-1630-0000","countyFips":"37141","countyName":"Pender","state":"North Carolina","marketIds":["Wilmington"],"situsAddress":"9626 NC HWY 50","situsCity":null,"situsZip":null,"jurisdictionCode":"PND","ownerName":"CHAPELL, OLIVIA","ownerName2":null,"propertyName":null,"zoningCode":"RA","zoningDistrict":"Rural Agricultural","jurisdictionPrefix":"PND","dorCode":null,"acreage":5.51,"centroid":[-77.646379,34.636726],"lastSale":{"date":"2026-04-02","price":304000.0,"qualified":null},"tax":{"marketValue":54206.0,"assessedValue":null,"taxableValue":null,"taxes":null},"mailingAddress":{"line1":"9626 NC HWY 50","line2":null,"city":"MAPLE HILL","state":"NC","zip":"28454"},"incomeTract":null,"incomeBlockGroup":null,"nearestRoad":null,"flu":{"code":"Rural Agricultural","label":"Rural Agricultural","jurisdiction":"Pender County","source":"https://gis.pendercountync.gov/arcgis/rest/services/LayersPro/MapServer/35"},"opportunityZone":null,"oz2Eligibility":{"eligible":true,"rural":true,"tractGeoid":"37141920204","tractName":"Census Tract 9202.04","designation":"eligible-for-nomination"},"source":"nc-pender-energov-37141","appraiserUrl":"https://mss.pendercountync.gov/css/citizens/RealEstate/Default.aspx?mode=new"},"geometry":{"type":"Polygon","coordinates":[[[-77.646071,34.637895],[-77.64609,34.638408],[-77.646538,34.638382],[-77.64651,34.637246],[-77.64686,34.637231],[-77.646826,34.635803],[-77.646503,34.635806],[-77.646236,34.635647],[-77.646175,34.635382],[-77.645983,34.635459],[-77.646071,34.637895]]]}},{"type":"Feature","id":"37141:3383-85-3790-0000","properties":{"id":"37141:3383-85-3790-0000","parcelId":"3383-85-3790-0000","countyFips":"37141","countyName":"Pender","state":"North Carolina","marketIds":["Wilmington"],"situsAddress":"50 HWY","situsCity":null,"situsZip":null,"jurisdictionCode":"PND","ownerName":"SHOLAR, JIMMY G CO-TRUSTEE","ownerName2":null,"propertyName":null,"zoningCode":"RA","zoningDistrict":"Rural Agricultural","jurisdictionPrefix":"PND","dorCode":null,"acreage":5.44,"centroid":[-77.707868,34.665905],"lastSale":{"date":"2025-10-08","price":null,"qualified":null},"tax":{"marketValue":32200.0,"assessedValue":null,"taxableValue":null,"taxes":null},"mailingAddress":{"line1":"5345 NC HWY 50","line2":null,"city":"MAPLE HILL","state":"NC","zip":"28454"},"incomeTract":null,"incomeBlockGroup":null,"nearestRoad":null,"flu":{"code":"Rural Agricultural","label":"Rural Agricultural","jurisdiction":"Pender County","source":"https://gis.pendercountync.gov/arcgis/rest/services/LayersPro/MapServer/35"},"opportunityZone":null,"oz2Eligibility":{"eligible":true,"rural":true,"tractGeoid":"37141920204","tractName":"Census Tract 9202.04","designation":"eligible-for-nomination"},"source":"nc-pender-energov-37141","appraiserUrl":"https://mss.pendercountync.gov/css/citizens/RealEstate/Default.aspx?mode=new"},"geometry":{"type":"Polygon","coordinates":[[[-77.706178,34.667692],[-77.706181,34.667694],[-77.70649,34.667888],[-77.71037,34.663256],[-77.710123,34.662993],[-77.706178,34.667692]]]}},{"type":"Feature","id":"37141:4302-75-9571-0000","properties":{"id":"37141:4302-75-9571-0000","parcelId":"4302-75-9571-0000","countyFips":"37141","countyName":"Pender","state":"North Carolina","marketIds":["Wilmington"],"situsAddress":null,"situsCity":null,"situsZip":null,"jurisdictionCode":"PND","ownerName":"LEE, ALLEN","ownerName2":null,"propertyName":null,"zoningCode":"RA","zoningDistrict":"Rural Agricultural","jurisdictionPrefix":"PND","dorCode":null,"acreage":5.41,"centroid":[-77.643716,34.636447],"lastSale":{"date":"2011-12-14","price":null,"qualified":null},"tax":{"marketValue":32050.0,"assessedValue":null,"taxableValue":null,"taxes":null},"mailingAddress":{"line1":"C/O JEAN WOOTEN","line2":null,"city":"MAPLE HILL","state":"NC","zip":"28454"},"incomeTract":null,"incomeBlockGroup":null,"nearestRoad":null,"flu":{"code":"Rural Agricultural","label":"Rural Agricultural","jurisdiction":"Pender County","source":"https://gis.pendercountync.gov/arcgis/rest/services/LayersPro/MapServer/35"},"opportunityZone":null,"oz2Eligibility":{"eligible":true,"rural":true,"tractGeoid":"37141920204","tractName":"Census Tract 9202.04","designation":"eligible-for-nomination"},"source":"nc-pender-energov-37141","appraiserUrl":"https://mss.pendercountync.gov/css/citizens/RealEstate/Default.aspx?mode=new"},"geometry":{"type":"Polygon","coordinates":[[[-77.643288,34.638476],[-77.64333,34.638475],[-77.643799,34.638464],[-77.643748,34.636992],[-77.644263,34.636978],[-77.644217,34.635661],[-77.644107,34.635817],[-77.643848,34.635729],[-77.643902,34.635412],[-77.64362,34.635143],[-77.643281,34.635066],[-77.643186,34.63515],[-77.643288,34.638476]]]}},{"type":"Feature","id":"37141:3393-25-7150-0000","properties":{"id":"37141:3393-25-7150-0000","parcelId":"3393-25-7150-0000","countyFips":"37141","countyName":"Pender","state":"North Carolina","marketIds":["Wilmington"],"situsAddress":"OLD MAPLE HILL RD N","situsCity":null,"situsZip":null,"jurisdictionCode":"PND","ownerName":"OTEIFA, AMIN HASSAN","ownerName2":null,"propertyName":null,"zoningCode":"RA","zoningDistrict":"Rural Agricultural","jurisdictionPrefix":"PND","dorCode":null,"acreage":5.39,"centroid":[-77.693928,34.663373],"lastSale":{"date":"2022-12-14","price":40000.0,"qualified":null},"tax":{"marketValue":23170.0,"assessedValue":null,"taxableValue":null,"taxes":null},"mailingAddress":{"line1":"9202 SE YARDARM TERRACE","line2":null,"city":"HOBE SOUND","state":"FL","zip":"33455"},"incomeTract":null,"incomeBlockGroup":null,"nearestRoad":null,"flu":{"code":"Rural Agricultural","label":"Rural Agricultural","jurisdiction":"Pender County","source":"https://gis.pendercountync.gov/arcgis/rest/services/LayersPro/MapServer/35"},"opportunityZone":null,"oz2Eligibility":{"eligible":true,"rural":true,"tractGeoid":"37141920204","tractName":"Census Tract 9202.04","designation":"eligible-for-nomination"},"source":"nc-pender-energov-37141","appraiserUrl":"https://mss.pendercountync.gov/css/citizens/RealEstate/Default.aspx?mode=new"},"geometry":{"type":"Polygon","coordinates":[[[-77.694264,34.662738],[-77.693722,34.663111],[-77.692499,34.663954],[-77.69368,34.664696],[-77.695071,34.663049],[-77.694334,34.66269],[-77.694264,34.662738]]]}},{"type":"Feature","id":"37141:3375-81-5634-0000","properties":{"id":"37141:3375-81-5634-0000","parcelId":"3375-81-5634-0000","countyFips":"37141","countyName":"Pender","state":"North Carolina","marketIds":["Wilmington"],"situsAddress":"1566 NC HWY 50","situsCity":null,"situsZip":null,"jurisdictionCode":"PND","ownerName":"HOLLINGSWORTH, DAVID EARL","ownerName2":null,"propertyName":null,"zoningCode":"RA","zoningDistrict":"Rural Agricultural","jurisdictionPrefix":"PND","dorCode":null,"acreage":5.38,"centroid":[-77.7402,34.709849],"lastSale":{"date":"2012-10-24","price":null,"qualified":null},"tax":{"marketValue":12558.0,"assessedValue":null,"taxableValue":null,"taxes":null},"mailingAddress":{"line1":"1175 HWY 50","line2":null,"city":"WALLACE","state":"NC","zip":"28466"},"incomeTract":null,"incomeBlockGroup":null,"nearestRoad":null,"flu":{"code":"Rural Agricultural","label":"Rural Agricultural","jurisdiction":"Pender County","source":"https://gis.pendercountync.gov/arcgis/rest/services/LayersPro/MapServer/35"},"opportunityZone":null,"oz2Eligibility":{"eligible":true,"rural":true,"tractGeoid":"37141920204","tractName":"Census Tract 9202.04","designation":"eligible-for-nomination"},"source":"nc-pender-energov-37141","appraiserUrl":"https://mss.pendercountync.gov/css/citizens/RealEstate/Default.aspx?mode=new"},"geometry":{"type":"Polygon","coordinates":[[[-77.739613,34.710514],[-77.739635,34.710525],[-77.740465,34.710858],[-77.740642,34.71032],[-77.741061,34.70828],[-77.740135,34.708294],[-77.739847,34.71015],[-77.739613,34.710514]]]}},{"type":"Feature","id":"37141:3394-85-1784-0000","properties":{"id":"37141:3394-85-1784-0000","parcelId":"3394-85-1784-0000","countyFips":"37141","countyName":"Pender","state":"North Carolina","marketIds":["Wilmington"],"situsAddress":"18108 NC HWY 53 E","situsCity":null,"situsZip":null,"jurisdictionCode":"PND","ownerName":"JAMES, NELSON MCNEIL","ownerName2":null,"propertyName":null,"zoningCode":"RA","zoningDistrict":"Rural Agricultural","jurisdictionPrefix":"PND","dorCode":null,"acreage":5.32,"centroid":[-77.6754,34.692797],"lastSale":{"date":null,"price":null,"qualified":null},"tax":{"marketValue":137243.0,"assessedValue":null,"taxableValue":null,"taxes":null},"mailingAddress":{"line1":"18108 NC HWY 53 E","line2":null,"city":"MAPLE HILL","state":"NC","zip":"28454"},"incomeTract":null,"incomeBlockGroup":null,"nearestRoad":null,"flu":{"code":"Rural Agricultural","label":"Rural Agricultural","jurisdiction":"Pender County","source":"https://gis.pendercountync.gov/arcgis/rest/services/LayersPro/MapServer/35"},"opportunityZone":null,"oz2Eligibility":{"eligible":true,"rural":true,"tractGeoid":"37141920204","tractName":"Census Tract 9202.04","designation":"eligible-for-nomination"},"source":"nc-pender-energov-37141","appraiserUrl":"https://mss.pendercountync.gov/css/citizens/RealEstate/Default.aspx?mode=new"},"geometry":{"type":"Polygon","coordinates":[[[-77.673048,34.691122],[-77.677346,34.694616],[-77.677861,34.694562],[-77.673345,34.69089],[-77.673048,34.691122]]]}},{"type":"Feature","id":"37141:3392-84-6566-0000","properties":{"id":"37141:3392-84-6566-0000","parcelId":"3392-84-6566-0000","countyFips":"37141","countyName":"Pender","state":"North Carolina","marketIds":["Wilmington"],"situsAddress":null,"situsCity":null,"situsZip":null,"jurisdictionCode":"PND","ownerName":"PENDER COUNTY","ownerName2":null,"propertyName":null,"zoningCode":"RP","zoningDistrict":"Residential Performance","jurisdictionPrefix":"PND","dorCode":null,"acreage":5.24,"centroid":[-77.674641,34.63449],"lastSale":{"date":null,"price":null,"qualified":null},"tax":{"marketValue":31200.0,"assessedValue":null,"taxableValue":null,"taxes":null},"mailingAddress":{"line1":"PO BOX 5","line2":null,"city":"BURGAW","state":"NC","zip":"28425"},"incomeTract":null,"incomeBlockGroup":null,"nearestRoad":null,"flu":{"code":"Rural Agricultural","label":"Rural Agricultural","jurisdiction":"Pender County","source":"https://gis.pendercountync.gov/arcgis/rest/services/LayersPro/MapServer/35"},"opportunityZone":null,"oz2Eligibility":{"eligible":true,"rural":true,"tractGeoid":"37141920204","tractName":"Census Tract 9202.04","designation":"eligible-for-nomination"},"source":"nc-pender-energov-37141","appraiserUrl":"https://mss.pendercountync.gov/css/citizens/RealEstate/Default.aspx?mode=new"},"geometry":{"type":"Polygon","coordinates":[[[-77.673712,34.634669],[-77.675452,34.634792],[-77.6755,34.634305],[-77.673899,34.634193],[-77.673712,34.634669]]]}},{"type":"Feature","id":"37141:3393-15-2211-0000","properties":{"id":"37141:3393-15-2211-0000","parcelId":"3393-15-2211-0000","countyFips":"37141","countyName":"Pender","state":"North Carolina","marketIds":["Wilmington"],"situsAddress":"5721 NC HWY 50","situsCity":null,"situsZip":null,"jurisdictionCode":"PND","ownerName":"LACOUR, LYNN J","ownerName2":null,"propertyName":null,"zoningCode":"RA","zoningDistrict":"Rural Agricultural","jurisdictionPrefix":"PND","dorCode":null,"acreage":5.18,"centroid":[-77.698809,34.664044],"lastSale":{"date":null,"price":null,"qualified":null},"tax":{"marketValue":152673.0,"assessedValue":null,"taxableValue":null,"taxes":null},"mailingAddress":{"line1":"5721 HWY 50","line2":null,"city":"MAPLE HILL","state":"NC","zip":"28454"},"incomeTract":null,"incomeBlockGroup":null,"nearestRoad":null,"flu":{"code":"Rural Agricultural","label":"Rural Agricultural","jurisdiction":"Pender County","source":"https://gis.pendercountync.gov/arcgis/rest/services/LayersPro/MapServer/35"},"opportunityZone":null,"oz2Eligibility":{"eligible":true,"rural":true,"tractGeoid":"37141920204","tractName":"Census Tract 9202.04","designation":"eligible-for-nomination"},"source":"nc-pender-energov-37141","appraiserUrl":"https://mss.pendercountync.gov/css/citizens/RealEstate/Default.aspx?mode=new"},"geometry":{"type":"Polygon","coordinates":[[[-77.69861,34.66468],[-77.699193,34.66469],[-77.699486,34.66469],[-77.699955,34.663905],[-77.699457,34.663642],[-77.698549,34.663202],[-77.698213,34.663694],[-77.698152,34.663667],[-77.697665,34.664225],[-77.69861,34.66468]]]}},{"type":"Feature","id":"37141:3393-23-0866-0000","properties":{"id":"37141:3393-23-0866-0000","parcelId":"3393-23-0866-0000","countyFips":"37141","countyName":"Pender","state":"North Carolina","marketIds":["Wilmington"],"situsAddress":"65 OLD MAPLE HILL RD","situsCity":null,"situsZip":null,"jurisdictionCode":"PND","ownerName":"WOOTEN, MITCHELL","ownerName2":null,"propertyName":null,"zoningCode":"RA","zoningDistrict":"Rural Agricultural","jurisdictionPrefix":"PND","dorCode":null,"acreage":5.18,"centroid":[-77.696134,34.660194],"lastSale":{"date":null,"price":null,"qualified":null},"tax":{"marketValue":113556.0,"assessedValue":null,"taxableValue":null,"taxes":null},"mailingAddress":{"line1":"65 OLD MAPLE HILL RD","line2":null,"city":"MAPLE HILL","state":"NC","zip":"28454"},"incomeTract":null,"incomeBlockGroup":null,"nearestRoad":null,"flu":{"code":"Rural Crossroads","label":"Rural Crossroads","jurisdiction":"Pender County","source":"https://gis.pendercountync.gov/arcgis/rest/services/LayersPro/MapServer/35"},"opportunityZone":null,"oz2Eligibility":{"eligible":true,"rural":true,"tractGeoid":"37141920204","tractName":"Census Tract 9202.04","designation":"eligible-for-nomination"},"source":"nc-pender-energov-37141","appraiserUrl":"https://mss.pendercountync.gov/css/citizens/RealEstate/Default.aspx?mode=new"},"geometry":{"type":"Polygon","coordinates":[[[-77.695062,34.659827],[-77.69634,34.661114],[-77.697571,34.660593],[-77.695562,34.659241],[-77.695062,34.659827]]]}},{"type":"Feature","id":"37141:4303-07-7150-0000","properties":{"id":"37141:4303-07-7150-0000","parcelId":"4303-07-7150-0000","countyFips":"37141","countyName":"Pender","state":"North Carolina","marketIds":["Wilmington"],"situsAddress":null,"situsCity":null,"situsZip":null,"jurisdictionCode":"PND","ownerName":"ALLEYNE, MARY ELLEN DAWSON","ownerName2":null,"propertyName":null,"zoningCode":"RA","zoningDistrict":"Rural Agricultural","jurisdictionPrefix":"PND","dorCode":null,"acreage":5.17,"centroid":[-77.667073,34.668901],"lastSale":{"date":null,"price":null,"qualified":null},"tax":{"marketValue":30850.0,"assessedValue":null,"taxableValue":null,"taxes":null},"mailingAddress":{"line1":"4605 DONCASTER DRIVE","line2":null,"city":"GREENSBORO","state":"NC","zip":"27406"},"incomeTract":null,"incomeBlockGroup":null,"nearestRoad":null,"flu":{"code":"Rural Agricultural","label":"Rural Agricultural","jurisdiction":"Pender County","source":"https://gis.pendercountync.gov/arcgis/rest/services/LayersPro/MapServer/35"},"opportunityZone":null,"oz2Eligibility":{"eligible":true,"rural":true,"tractGeoid":"37141920204","tractName":"Census Tract 9202.04","designation":"eligible-for-nomination"},"source":"nc-pender-energov-37141","appraiserUrl":"https://mss.pendercountync.gov/css/citizens/RealEstate/Default.aspx?mode=new"},"geometry":{"type":"Polygon","coordinates":[[[-77.668392,34.66931],[-77.668393,34.66931],[-77.668462,34.668415],[-77.666486,34.668328],[-77.66641,34.669003],[-77.665704,34.668744],[-77.665663,34.669198],[-77.668392,34.66931]]]}},{"type":"Feature","id":"37141:4303-07-8627-0000","properties":{"id":"37141:4303-07-8627-0000","parcelId":"4303-07-8627-0000","countyFips":"37141","countyName":"Pender","state":"North Carolina","marketIds":["Wilmington"],"situsAddress":null,"situsCity":null,"situsZip":null,"jurisdictionCode":"PND","ownerName":"MOORE, MERLIN JAMES ET ALS","ownerName2":null,"propertyName":null,"zoningCode":"RA","zoningDistrict":"Rural Agricultural","jurisdictionPrefix":"PND","dorCode":null,"acreage":5.17,"centroid":[-77.666951,34.670383],"lastSale":{"date":"1983-09-09","price":null,"qualified":null},"tax":{"marketValue":30850.0,"assessedValue":null,"taxableValue":null,"taxes":null},"mailingAddress":{"line1":"C/O MARYLAND MOORE","line2":null,"city":"MAPLE HILL","state":"NC","zip":"28454"},"incomeTract":null,"incomeBlockGroup":null,"nearestRoad":null,"flu":{"code":"Rural Agricultural","label":"Rural Agricultural","jurisdiction":"Pender County","source":"https://gis.pendercountync.gov/arcgis/rest/services/LayersPro/MapServer/35"},"opportunityZone":null,"oz2Eligibility":{"eligible":true,"rural":true,"tractGeoid":"37141920204","tractName":"Census Tract 9202.04","designation":"eligible-for-nomination"},"source":"nc-pender-energov-37141","appraiserUrl":"https://mss.pendercountync.gov/css/citizens/RealEstate/Default.aspx?mode=new"},"geometry":{"type":"Polygon","coordinates":[[[-77.665529,34.670685],[-77.668316,34.670812],[-77.66836,34.670079],[-77.6656,34.669955],[-77.665529,34.670685]]]}},{"type":"Feature","id":"37141:3383-68-8228-0000","properties":{"id":"37141:3383-68-8228-0000","parcelId":"3383-68-8228-0000","countyFips":"37141","countyName":"Pender","state":"North Carolina","marketIds":["Wilmington"],"situsAddress":"53 HWY","situsCity":null,"situsZip":null,"jurisdictionCode":"PND","ownerName":"SALLIE JAMES TIMBERLAND LLC","ownerName2":null,"propertyName":null,"zoningCode":"GB","zoningDistrict":"General Business","jurisdictionPrefix":"PND","dorCode":null,"acreage":5.1,"centroid":[-77.713418,34.672635],"lastSale":{"date":"2024-04-09","price":null,"qualified":null},"tax":{"marketValue":12485.0,"assessedValue":null,"taxableValue":null,"taxes":null},"mailingAddress":{"line1":"929 RABBIT RUN","line2":null,"city":"WILMINGTON","state":"NC","zip":"28409"},"incomeTract":null,"incomeBlockGroup":null,"nearestRoad":null,"flu":{"code":"Rural Crossroads","label":"Rural Crossroads","jurisdiction":"Pender County","source":"https://gis.pendercountync.gov/arcgis/rest/services/LayersPro/MapServer/35"},"opportunityZone":null,"oz2Eligibility":{"eligible":true,"rural":true,"tractGeoid":"37141920204","tractName":"Census Tract 9202.04","designation":"eligible-for-nomination"},"source":"nc-pender-energov-37141","appraiserUrl":"https://mss.pendercountync.gov/css/citizens/RealEstate/Default.aspx?mode=new"},"geometry":{"type":"Polygon","coordinates":[[[-77.712338,34.672665],[-77.713267,34.673335],[-77.713571,34.673106],[-77.714424,34.672398],[-77.71349,34.671673],[-77.712338,34.672665]]]}},{"type":"Feature","id":"37141:3393-41-2814-0000","properties":{"id":"37141:3393-41-2814-0000","parcelId":"3393-41-2814-0000","countyFips":"37141","countyName":"Pender","state":"North Carolina","marketIds":["Wilmington"],"situsAddress":"NC HWY 50","situsCity":null,"situsZip":null,"jurisdictionCode":"PND","ownerName":"LEE, DEON CRAIG","ownerName2":null,"propertyName":null,"zoningCode":"RP","zoningDistrict":"Residential Performance","jurisdictionPrefix":"PND","dorCode":null,"acreage":5.09,"centroid":[-77.688824,34.655003],"lastSale":{"date":"2007-12-19","price":null,"qualified":null},"tax":{"marketValue":30450.0,"assessedValue":null,"taxableValue":null,"taxes":null},"mailingAddress":{"line1":"1319 GRANDIFLORA DRIVE","line2":null,"city":"LELAND","state":"NC","zip":"28451"},"incomeTract":null,"incomeBlockGroup":null,"nearestRoad":null,"flu":{"code":"Rural Agricultural","label":"Rural Agricultural","jurisdiction":"Pender County","source":"https://gis.pendercountync.gov/arcgis/rest/services/LayersPro/MapServer/35"},"opportunityZone":null,"oz2Eligibility":{"eligible":true,"rural":true,"tractGeoid":"37141920204","tractName":"Census Tract 9202.04","designation":"eligible-for-nomination"},"source":"nc-pender-energov-37141","appraiserUrl":"https://mss.pendercountync.gov/css/citizens/RealEstate/Default.aspx?mode=new"},"geometry":{"type":"Polygon","coordinates":[[[-77.688401,34.654596],[-77.688643,34.654703],[-77.688425,34.655102],[-77.688009,34.654929],[-77.688242,34.655115],[-77.689358,34.655737],[-77.689331,34.655693],[-77.6891,34.655519],[-77.689145,34.655363],[-77.68952,34.655097],[-77.690347,34.654752],[-77.689179,34.65372],[-77.687833,34.654791],[-77.688009,34.654929],[-77.688401,34.654596]]]}},{"type":"Feature","id":"37141:3393-93-1772-0000","properties":{"id":"37141:3393-93-1772-0000","parcelId":"3393-93-1772-0000","countyFips":"37141","countyName":"Pender","state":"North Carolina","marketIds":["Wilmington"],"situsAddress":null,"situsCity":null,"situsZip":null,"jurisdictionCode":"PND","ownerName":"WOOTEN, JOHN JR","ownerName2":null,"propertyName":null,"zoningCode":"RA","zoningDistrict":"Rural Agricultural","jurisdictionPrefix":"PND","dorCode":null,"acreage":5.07,"centroid":[-77.672616,34.659551],"lastSale":{"date":null,"price":null,"qualified":null},"tax":{"marketValue":30350.0,"assessedValue":null,"taxableValue":null,"taxes":null},"mailingAddress":{"line1":"6314 BURGAW HWY","line2":null,"city":"MAPLE HILL","state":"NC","zip":"28454"},"incomeTract":null,"incomeBlockGroup":null,"nearestRoad":null,"flu":{"code":"Rural Agricultural","label":"Rural Agricultural","jurisdiction":"Pender County","source":"https://gis.pendercountync.gov/arcgis/rest/services/LayersPro/MapServer/35"},"opportunityZone":null,"oz2Eligibility":{"eligible":true,"rural":true,"tractGeoid":"37141920204","tractName":"Census Tract 9202.04","designation":"eligible-for-nomination"},"source":"nc-pender-energov-37141","appraiserUrl":"https://mss.pendercountync.gov/css/citizens/RealEstate/Default.aspx?mode=new"},"geometry":{"type":"Polygon","coordinates":[[[-77.671119,34.660603],[-77.67159,34.660939],[-77.674154,34.658465],[-77.673599,34.658198],[-77.671119,34.660603]]]}},{"type":"Feature","id":"37141:3375-85-6259-0000","properties":{"id":"37141:3375-85-6259-0000","parcelId":"3375-85-6259-0000","countyFips":"37141","countyName":"Pender","state":"North Carolina","marketIds":["Wilmington"],"situsAddress":"BATCHELOR BAY RD","situsCity":null,"situsZip":null,"jurisdictionCode":"PND","ownerName":"HOLLINGSWORTH, DENVER MARTELL JR","ownerName2":null,"propertyName":null,"zoningCode":"RA","zoningDistrict":"Rural Agricultural","jurisdictionPrefix":"PND","dorCode":null,"acreage":5.06,"centroid":[-77.740182,34.719503],"lastSale":{"date":"2025-05-23","price":null,"qualified":null},"tax":{"marketValue":15082.0,"assessedValue":null,"taxableValue":null,"taxes":null},"mailingAddress":{"line1":"687 SHOLAR MILL ROAD","line2":null,"city":"WALLACE","state":"NC","zip":"28466"},"incomeTract":null,"incomeBlockGroup":null,"nearestRoad":null,"flu":{"code":"Rural Agricultural","label":"Rural Agricultural","jurisdiction":"Pender County","source":"https://gis.pendercountync.gov/arcgis/rest/services/LayersPro/MapServer/35"},"opportunityZone":null,"oz2Eligibility":{"eligible":true,"rural":true,"tractGeoid":"37141920204","tractName":"Census Tract 9202.04","designation":"eligible-for-nomination"},"source":"nc-pender-energov-37141","appraiserUrl":"https://mss.pendercountync.gov/css/citizens/RealEstate/Default.aspx?mode=new"},"geometry":{"type":"Polygon","coordinates":[[[-77.738505,34.720053],[-77.739488,34.720093],[-77.741127,34.720156],[-77.740811,34.719836],[-77.74061,34.719586],[-77.740447,34.719339],[-77.740311,34.719075],[-77.740199,34.718797],[-77.74014,34.71859],[-77.738505,34.720053]]]}},{"type":"Feature","id":"37141:4302-25-4374-0000","properties":{"id":"37141:4302-25-4374-0000","parcelId":"4302-25-4374-0000","countyFips":"37141","countyName":"Pender","state":"North Carolina","marketIds":["Wilmington"],"situsAddress":"8775 NC HWY 50","situsCity":null,"situsZip":null,"jurisdictionCode":"PND","ownerName":"LEE, EARNEST HEIRS","ownerName2":null,"propertyName":null,"zoningCode":"RP","zoningDistrict":"Residential Performance","jurisdictionPrefix":"PND","dorCode":null,"acreage":5.06,"centroid":[-77.663133,34.636283],"lastSale":{"date":"2000-12-20","price":null,"qualified":null},"tax":{"marketValue":164427.0,"assessedValue":null,"taxableValue":null,"taxes":null},"mailingAddress":{"line1":"8944 NC HWY 50","line2":null,"city":"MAPLE HILL","state":"NC","zip":"28454"},"incomeTract":null,"incomeBlockGroup":null,"nearestRoad":null,"flu":{"code":"Rural Agricultural","label":"Rural Agricultural","jurisdiction":"Pender County","source":"https://gis.pendercountync.gov/arcgis/rest/services/LayersPro/MapServer/35"},"opportunityZone":null,"oz2Eligibility":{"eligible":true,"rural":true,"tractGeoid":"37141920204","tractName":"Census Tract 9202.04","designation":"eligible-for-nomination"},"source":"nc-pender-energov-37141","appraiserUrl":"https://mss.pendercountync.gov/css/citizens/RealEstate/Default.aspx?mode=new"},"geometry":{"type":"MultiPolygon","coordinates":[[[[-77.664187,34.635877],[-77.664156,34.63588],[-77.661867,34.636082],[-77.661919,34.636987],[-77.662463,34.636995],[-77.664206,34.635876],[-77.664187,34.635877]]],[[[-77.661247,34.636135],[-77.661127,34.636145],[-77.660888,34.636165],[-77.660948,34.636972],[-77.661317,34.636978],[-77.661345,34.636126],[-77.661247,34.636135]]]]}},{"type":"Feature","id":"37141:3372-94-7109-0000","properties":{"id":"37141:3372-94-7109-0000","parcelId":"3372-94-7109-0000","countyFips":"37141","countyName":"Pender","state":"North Carolina","marketIds":["Wilmington"],"situsAddress":"OLD MAPLE HILL RD","situsCity":null,"situsZip":null,"jurisdictionCode":"PND","ownerName":"J&J RETREATS LLC","ownerName2":null,"propertyName":null,"zoningCode":"RA","zoningDistrict":"Rural Agricultural","jurisdictionPrefix":"PND","dorCode":null,"acreage":5.0,"centroid":[-77.737993,34.634008],"lastSale":{"date":"2022-11-01","price":40000.0,"qualified":null},"tax":{"marketValue":30000.0,"assessedValue":null,"taxableValue":null,"taxes":null},"mailingAddress":{"line1":"119 TRAILS END ROAD","line2":null,"city":"WILMINGTON","state":"NC","zip":"28409"},"incomeTract":null,"incomeBlockGroup":null,"nearestRoad":null,"flu":{"code":"Rural Agricultural","label":"Rural Agricultural","jurisdiction":"Pender County","source":"https://gis.pendercountync.gov/arcgis/rest/services/LayersPro/MapServer/35"},"opportunityZone":null,"oz2Eligibility":{"eligible":true,"rural":true,"tractGeoid":"37141920204","tractName":"Census Tract 9202.04","designation":"eligible-for-nomination"},"source":"nc-pender-energov-37141","appraiserUrl":"https://mss.pendercountync.gov/css/citizens/RealEstate/Default.aspx?mode=new"},"geometry":{"type":"Polygon","coordinates":[[[-77.736709,34.63364],[-77.73657,34.63365],[-77.736617,34.634702],[-77.738628,34.634535],[-77.738732,34.634317],[-77.73876,34.634103],[-77.738742,34.63389],[-77.738665,34.633729],[-77.738513,34.633502],[-77.736709,34.63364]]]}},{"type":"Feature","id":"37141:3381-27-7733-0000","properties":{"id":"37141:3381-27-7733-0000","parcelId":"3381-27-7733-0000","countyFips":"37141","countyName":"Pender","state":"North Carolina","marketIds":["Wilmington"],"situsAddress":"3861 GODWIN RD","situsCity":null,"situsZip":null,"jurisdictionCode":"PND","ownerName":"SHELTER CREEK LANDOWNERS ASSOC","ownerName2":null,"propertyName":null,"zoningCode":"RA","zoningDistrict":"Rural Agricultural","jurisdictionPrefix":"PND","dorCode":null,"acreage":5.0,"centroid":[-77.728573,34.616383],"lastSale":{"date":null,"price":null,"qualified":null},"tax":{"marketValue":101520.0,"assessedValue":null,"taxableValue":null,"taxes":null},"mailingAddress":{"line1":"P O BOX 1730","line2":null,"city":"WILMINGTON","state":"NC","zip":"28402"},"incomeTract":null,"incomeBlockGroup":null,"nearestRoad":null,"flu":{"code":"Rural Agricultural","label":"Rural Agricultural","jurisdiction":"Pender County","source":"https://gis.pendercountync.gov/arcgis/rest/services/LayersPro/MapServer/35"},"opportunityZone":null,"oz2Eligibility":{"eligible":true,"rural":true,"tractGeoid":"37141920204","tractName":"Census Tract 9202.04","designation":"eligible-for-nomination"},"source":"nc-pender-energov-37141","appraiserUrl":"https://mss.pendercountync.gov/css/citizens/RealEstate/Default.aspx?mode=new"},"geometry":{"type":"Polygon","coordinates":[[[-77.726988,34.616837],[-77.727987,34.616463],[-77.73008,34.616631],[-77.729853,34.616396],[-77.72975,34.616422],[-77.729147,34.616359],[-77.728971,34.616057],[-77.727691,34.615954],[-77.726692,34.616329],[-77.726988,34.616837]]]}},{"type":"Feature","id":"37141:3382-05-0970-0000","properties":{"id":"37141:3382-05-0970-0000","parcelId":"3382-05-0970-0000","countyFips":"37141","countyName":"Pender","state":"North Carolina","marketIds":["Wilmington"],"situsAddress":null,"situsCity":null,"situsZip":null,"jurisdictionCode":"PND","ownerName":"WOOTEN, PAUL GLENN","ownerName2":null,"propertyName":null,"zoningCode":"RA","zoningDistrict":"Rural Agricultural","jurisdictionPrefix":"PND","dorCode":null,"acreage":5.0,"centroid":[-77.736147,34.638835],"lastSale":{"date":"2012-04-18","price":17000.0,"qualified":null},"tax":{"marketValue":10491.0,"assessedValue":null,"taxableValue":null,"taxes":null},"mailingAddress":{"line1":"1411 HAVENS DRIVE","line2":null,"city":"NORTH MYRTLE BEACH","state":"SC","zip":"29582"},"incomeTract":null,"incomeBlockGroup":null,"nearestRoad":null,"flu":{"code":"Rural Agricultural","label":"Rural Agricultural","jurisdiction":"Pender County","source":"https://gis.pendercountync.gov/arcgis/rest/services/LayersPro/MapServer/35"},"opportunityZone":null,"oz2Eligibility":{"eligible":true,"rural":true,"tractGeoid":"37141920204","tractName":"Census Tract 9202.04","designation":"eligible-for-nomination"},"source":"nc-pender-energov-37141","appraiserUrl":"https://mss.pendercountync.gov/css/citizens/RealEstate/Default.aspx?mode=new"},"geometry":{"type":"Polygon","coordinates":[[[-77.736077,34.638472],[-77.736079,34.638476],[-77.736094,34.638735],[-77.735874,34.639271],[-77.73584,34.639409],[-77.735842,34.639531],[-77.735883,34.639697],[-77.735955,34.639795],[-77.736088,34.639864],[-77.736249,34.639882],[-77.737243,34.636517],[-77.736542,34.636377],[-77.736077,34.638472]]]}},{"type":"Feature","id":"37141:4303-16-9376-0000","properties":{"id":"37141:4303-16-9376-0000","parcelId":"4303-16-9376-0000","countyFips":"37141","countyName":"Pender","state":"North Carolina","marketIds":["Wilmington"],"situsAddress":null,"situsCity":null,"situsZip":null,"jurisdictionCode":"PND","ownerName":"LEE, DEMARRIO","ownerName2":null,"propertyName":null,"zoningCode":"RA","zoningDistrict":"Rural Agricultural","jurisdictionPrefix":"PND","dorCode":null,"acreage":5.0,"centroid":[-77.663146,34.666759],"lastSale":{"date":"2021-02-18","price":6500.0,"qualified":null},"tax":{"marketValue":30000.0,"assessedValue":null,"taxableValue":null,"taxes":null},"mailingAddress":{"line1":"9780 HWY 50","line2":null,"city":"MAPLE HILL","state":"NC","zip":"28454"},"incomeTract":null,"incomeBlockGroup":null,"nearestRoad":null,"flu":{"code":"Rural Agricultural","label":"Rural Agricultural","jurisdiction":"Pender County","source":"https://gis.pendercountync.gov/arcgis/rest/services/LayersPro/MapServer/35"},"opportunityZone":null,"oz2Eligibility":{"eligible":true,"rural":true,"tractGeoid":"37141920204","tractName":"Census Tract 9202.04","designation":"eligible-for-nomination"},"source":"nc-pender-energov-37141","appraiserUrl":"https://mss.pendercountync.gov/css/citizens/RealEstate/Default.aspx?mode=new"},"geometry":{"type":"Polygon","coordinates":[[[-77.662444,34.66747],[-77.663701,34.667553],[-77.663845,34.66605],[-77.662596,34.665965],[-77.662444,34.66747]]]}},{"type":"Feature","id":"37141:4303-26-0912-0000","properties":{"id":"37141:4303-26-0912-0000","parcelId":"4303-26-0912-0000","countyFips":"37141","countyName":"Pender","state":"North Carolina","marketIds":["Wilmington"],"situsAddress":null,"situsCity":null,"situsZip":null,"jurisdictionCode":"PND","ownerName":"SCHRADER, JAY","ownerName2":null,"propertyName":null,"zoningCode":"RA","zoningDistrict":"Rural Agricultural","jurisdictionPrefix":"PND","dorCode":null,"acreage":5.0,"centroid":[-77.662998,34.668266],"lastSale":{"date":"2021-07-26","price":5000.0,"qualified":null},"tax":{"marketValue":30000.0,"assessedValue":null,"taxableValue":null,"taxes":null},"mailingAddress":{"line1":"5827 BURGAW HWY","line2":null,"city":"MAPLE HILL","state":"NC","zip":"28454"},"incomeTract":null,"incomeBlockGroup":null,"nearestRoad":null,"flu":{"code":"Rural Agricultural","label":"Rural Agricultural","jurisdiction":"Pender County","source":"https://gis.pendercountync.gov/arcgis/rest/services/LayersPro/MapServer/35"},"opportunityZone":null,"oz2Eligibility":{"eligible":true,"rural":true,"tractGeoid":"37141920204","tractName":"Census Tract 9202.04","designation":"eligible-for-nomination"},"source":"nc-pender-energov-37141","appraiserUrl":"https://mss.pendercountync.gov/css/citizens/RealEstate/Default.aspx?mode=new"},"geometry":{"type":"Polygon","coordinates":[[[-77.662291,34.668978],[-77.663557,34.669064],[-77.663701,34.667553],[-77.662444,34.66747],[-77.662291,34.668978]]]}}]}