{"type":"FeatureCollection","name":"37023-6_35","features":[{"type":"Feature","id":"37023:2764016015","properties":{"id":"37023:2764016015","parcelId":"2764016015","countyFips":"37023","countyName":"Burke","state":"North Carolina","marketIds":["Asheville"],"situsAddress":"2075 ABEE PARK DR","situsCity":"CONNELLY SPRINGS","situsZip":"28612","jurisdictionCode":null,"ownerName":"FIELDS, PATRICIA ANN;FIELDS, KEVIN ALLEN;FIELDS, STEPHANIE MOOSE","ownerName2":null,"propertyName":null,"zoningCode":null,"zoningDistrict":null,"jurisdictionPrefix":null,"dorCode":"SINGLE FAMILY RES","acreage":5.3,"centroid":[-81.492709,35.760821],"lastSale":{"date":"2023-12-22","price":null,"qualified":null},"tax":{"marketValue":77705.0,"assessedValue":null,"taxableValue":null,"taxes":null},"mailingAddress":{"line1":"2075 ABEE PARK DR","line2":null,"city":"CONNELLY SPRINGS","state":"NC","zip":"28612"},"incomeTract":null,"incomeBlockGroup":null,"nearestRoad":null,"flu":null,"opportunityZone":null,"oz2Eligibility":null,"source":"nc-burke-parcels-37023","appraiserUrl":"http://taxweb.burkenc.org/CamaPWA/PropertySummary.aspx?REID=7891","gisViewerUrl":"https://gis.burkenc.org/"},"geometry":{"type":"Polygon","coordinates":[[[-81.493743,35.761284],[-81.493893,35.761281],[-81.493844,35.76026],[-81.491585,35.760333],[-81.491358,35.760493],[-81.491351,35.7608],[-81.493189,35.761295],[-81.493743,35.761284]]]}},{"type":"Feature","id":"37023:2763894861","properties":{"id":"37023:2763894861","parcelId":"2763894861","countyFips":"37023","countyName":"Burke","state":"North Carolina","marketIds":["Asheville"],"situsAddress":"8163 RHODHISS RD","situsCity":"CONNELLY SPRINGS","situsZip":"28612","jurisdictionCode":null,"ownerName":"HOKE, WILSON E","ownerName2":null,"propertyName":null,"zoningCode":null,"zoningDistrict":null,"jurisdictionPrefix":null,"dorCode":"SINGLE FAMILY RES","acreage":10.3,"centroid":[-81.465985,35.759492],"lastSale":{"date":"2012-07-03","price":114000.0,"qualified":null},"tax":{"marketValue":137436.0,"assessedValue":null,"taxableValue":null,"taxes":null},"mailingAddress":{"line1":"8163 RHODHISS RD","line2":null,"city":"CONNELLY SPRINGS","state":"NC","zip":"28612"},"incomeTract":null,"incomeBlockGroup":null,"nearestRoad":null,"flu":null,"opportunityZone":null,"oz2Eligibility":null,"source":"nc-burke-parcels-37023","appraiserUrl":"http://taxweb.burkenc.org/CamaPWA/PropertySummary.aspx?REID=8043","gisViewerUrl":"https://gis.burkenc.org/"},"geometry":{"type":"Polygon","coordinates":[[[-81.465436,35.760086],[-81.466146,35.760164],[-81.466302,35.759275],[-81.466487,35.756997],[-81.46602,35.756983],[-81.465651,35.755464],[-81.46517,35.755501],[-81.464385,35.755194],[-81.464387,35.754803],[-81.46428,35.75485],[-81.464294,35.755436],[-81.465521,35.756867],[-81.465436,35.760086]]]}},{"type":"Feature","id":"37023:2784135023","properties":{"id":"37023:2784135023","parcelId":"2784135023","countyFips":"37023","countyName":"Burke","state":"North Carolina","marketIds":["Asheville"],"situsAddress":"322 CATAWBA AVE","situsCity":"HICKORY","situsZip":"28601","jurisdictionCode":null,"ownerName":"CORRELL, JOSEPH TODD","ownerName2":null,"propertyName":null,"zoningCode":null,"zoningDistrict":null,"jurisdictionPrefix":null,"dorCode":"SINGLE FAMILY RES","acreage":10.39,"centroid":[-81.421891,35.76755],"lastSale":{"date":"2023-12-15","price":null,"qualified":null},"tax":{"marketValue":670977.0,"assessedValue":null,"taxableValue":null,"taxes":null},"mailingAddress":{"line1":"PO BOX 3606","line2":null,"city":"HICKORY","state":"NC","zip":"28603"},"incomeTract":null,"incomeBlockGroup":null,"nearestRoad":null,"flu":null,"opportunityZone":null,"oz2Eligibility":null,"source":"nc-burke-parcels-37023","appraiserUrl":"http://taxweb.burkenc.org/CamaPWA/PropertySummary.aspx?REID=18015","gisViewerUrl":"https://gis.burkenc.org/"},"geometry":{"type":"Polygon","coordinates":[[[-81.421254,35.768564],[-81.421055,35.769203],[-81.422113,35.769663],[-81.423356,35.76564],[-81.422316,35.765649],[-81.421891,35.767105],[-81.421795,35.767085],[-81.421656,35.767527],[-81.421583,35.767512],[-81.421254,35.768564]]]}},{"type":"Feature","id":"37023:2753893353","properties":{"id":"37023:2753893353","parcelId":"2753893353","countyFips":"37023","countyName":"Burke","state":"North Carolina","marketIds":["Asheville"],"situsAddress":"1086 TOMLINSON LOOP","situsCity":"CONNELLY SPRINGS","situsZip":"28612","jurisdictionCode":null,"ownerName":"DODD, LARRY SHANNON;DODD, REBECCA LYNN","ownerName2":null,"propertyName":null,"zoningCode":null,"zoningDistrict":null,"jurisdictionPrefix":null,"dorCode":"SINGLE FAMILY RES","acreage":9.98,"centroid":[-81.49974,35.755664],"lastSale":{"date":"2023-11-15","price":null,"qualified":null},"tax":{"marketValue":118061.0,"assessedValue":null,"taxableValue":null,"taxes":null},"mailingAddress":{"line1":"1086 TOMLINSON LOOP","line2":null,"city":"CONNELLY SPRINGS","state":"NC","zip":"28612"},"incomeTract":null,"incomeBlockGroup":null,"nearestRoad":null,"flu":null,"opportunityZone":null,"oz2Eligibility":null,"source":"nc-burke-parcels-37023","appraiserUrl":"http://taxweb.burkenc.org/CamaPWA/PropertySummary.aspx?REID=18063","gisViewerUrl":"https://gis.burkenc.org/"},"geometry":{"type":"Polygon","coordinates":[[[-81.499649,35.756599],[-81.501202,35.757106],[-81.501277,35.755399],[-81.500742,35.755147],[-81.499939,35.754673],[-81.499348,35.754664],[-81.49966,35.755411],[-81.498563,35.755386],[-81.498537,35.755648],[-81.499119,35.755852],[-81.499106,35.756418],[-81.499649,35.756599]]]}},{"type":"Feature","id":"37023:2784321070","properties":{"id":"37023:2784321070","parcelId":"2784321070","countyFips":"37023","countyName":"Burke","state":"North Carolina","marketIds":["Asheville"],"situsAddress":"1850 TUCKER ST","situsCity":"HICKORY","situsZip":"28601","jurisdictionCode":null,"ownerName":"GRACEHILLS LLC","ownerName2":null,"propertyName":null,"zoningCode":null,"zoningDistrict":null,"jurisdictionPrefix":null,"dorCode":"SINGLE FAMILY RES","acreage":13.2,"centroid":[-81.416713,35.765881],"lastSale":{"date":"1972-07-22","price":44000.0,"qualified":null},"tax":{"marketValue":553069.0,"assessedValue":null,"taxableValue":null,"taxes":null},"mailingAddress":{"line1":"336 HWY 321 NW","line2":null,"city":"HICKORY","state":"NC","zip":"28601"},"incomeTract":null,"incomeBlockGroup":null,"nearestRoad":null,"flu":null,"opportunityZone":null,"oz2Eligibility":null,"source":"nc-burke-parcels-37023","appraiserUrl":"http://taxweb.burkenc.org/CamaPWA/PropertySummary.aspx?REID=18385","gisViewerUrl":"https://gis.burkenc.org/"},"geometry":{"type":"Polygon","coordinates":[[[-81.415068,35.766227],[-81.415942,35.767015],[-81.416423,35.767214],[-81.416526,35.767329],[-81.416708,35.767416],[-81.417116,35.766687],[-81.416027,35.765754],[-81.416137,35.765669],[-81.417199,35.766579],[-81.418089,35.766812],[-81.417602,35.766247],[-81.417431,35.766114],[-81.417341,35.765994],[-81.417095,35.765569],[-81.417046,35.765392],[-81.417066,35.765203],[-81.417163,35.764726],[-81.417162,35.763792],[-81.416505,35.763515],[-81.415866,35.764718],[-81.41546,35.765525],[-81.415068,35.766227]]]}},{"type":"Feature","id":"37023:2773695741","properties":{"id":"37023:2773695741","parcelId":"2773695741","countyFips":"37023","countyName":"Burke","state":"North Carolina","marketIds":["Asheville"],"situsAddress":"1465 CAPE HICKORY RD","situsCity":"HICKORY","situsZip":"28601","jurisdictionCode":null,"ownerName":"CRUMP, ZENO ENOCH;CRUMP, BETTY JANE","ownerName2":null,"propertyName":null,"zoningCode":null,"zoningDistrict":null,"jurisdictionPrefix":null,"dorCode":"SINGLE FAMILY RES","acreage":5.12,"centroid":[-81.438818,35.757686],"lastSale":{"date":"1963-05-18","price":null,"qualified":null},"tax":{"marketValue":191703.0,"assessedValue":null,"taxableValue":null,"taxes":null},"mailingAddress":{"line1":"1465 CAPE HICKORY ROAD","line2":null,"city":"HICKORY","state":"NC","zip":"28601"},"incomeTract":null,"incomeBlockGroup":null,"nearestRoad":null,"flu":null,"opportunityZone":null,"oz2Eligibility":null,"source":"nc-burke-parcels-37023","appraiserUrl":"http://taxweb.burkenc.org/CamaPWA/PropertySummary.aspx?REID=18390","gisViewerUrl":"https://gis.burkenc.org/"},"geometry":{"type":"Polygon","coordinates":[[[-81.439131,35.756951],[-81.438367,35.757426],[-81.437646,35.757913],[-81.439181,35.759319],[-81.439276,35.757666],[-81.439304,35.756844],[-81.439131,35.756951]]]}},{"type":"Feature","id":"37023:2773470780","properties":{"id":"37023:2773470780","parcelId":"2773470780","countyFips":"37023","countyName":"Burke","state":"North Carolina","marketIds":["Asheville"],"situsAddress":"0 GUS ICARD ST","situsCity":"CONNELLY SPRINGS","situsZip":"28612","jurisdictionCode":null,"ownerName":"LAIL, DEXTER LEE;LAIL, SHIRLEY C","ownerName2":null,"propertyName":null,"zoningCode":null,"zoningDistrict":null,"jurisdictionPrefix":null,"dorCode":"VACANT","acreage":22.0,"centroid":[-81.446432,35.751492],"lastSale":{"date":null,"price":null,"qualified":null},"tax":{"marketValue":53371.0,"assessedValue":null,"taxableValue":null,"taxes":null},"mailingAddress":{"line1":"2360 SETTLEMYRE LAIL STREET","line2":null,"city":"HICKORY","state":"NC","zip":"28601"},"incomeTract":null,"incomeBlockGroup":null,"nearestRoad":null,"flu":null,"opportunityZone":null,"oz2Eligibility":null,"source":"nc-burke-parcels-37023","appraiserUrl":"http://taxweb.burkenc.org/CamaPWA/PropertySummary.aspx?REID=22306","gisViewerUrl":"https://gis.burkenc.org/"},"geometry":{"type":"Polygon","coordinates":[[[-81.445752,35.750358],[-81.445901,35.750521],[-81.446115,35.750592],[-81.446096,35.750793],[-81.445871,35.751148],[-81.44595,35.75137],[-81.445781,35.751543],[-81.445387,35.751797],[-81.446457,35.754066],[-81.44642,35.754127],[-81.446576,35.754455],[-81.446782,35.754641],[-81.448011,35.754221],[-81.448313,35.750188],[-81.447095,35.750219],[-81.447004,35.750255],[-81.44681,35.750236],[-81.446457,35.750119],[-81.446322,35.75016],[-81.446157,35.750263],[-81.445805,35.75027],[-81.445752,35.750358]]]}},{"type":"Feature","id":"37023:2764609555","properties":{"id":"37023:2764609555","parcelId":"2764609555","countyFips":"37023","countyName":"Burke","state":"North Carolina","marketIds":["Asheville"],"situsAddress":"1910 WATSON AVE","situsCity":"CONNELLY SPRINGS","situsZip":"28612","jurisdictionCode":null,"ownerName":"LOR, KAO;LOR, KAYING YANG","ownerName2":null,"propertyName":null,"zoningCode":null,"zoningDistrict":null,"jurisdictionPrefix":null,"dorCode":"SINGLE FAMILY RES","acreage":7.28,"centroid":[-81.470783,35.759664],"lastSale":{"date":"2006-10-30","price":145000.0,"qualified":null},"tax":{"marketValue":178461.0,"assessedValue":null,"taxableValue":null,"taxes":null},"mailingAddress":{"line1":"1910 WATSON AVE","line2":null,"city":"CONNELLY SPRINGS","state":"NC","zip":"28612"},"incomeTract":null,"incomeBlockGroup":null,"nearestRoad":null,"flu":null,"opportunityZone":null,"oz2Eligibility":null,"source":"nc-burke-parcels-37023","appraiserUrl":"http://taxweb.burkenc.org/CamaPWA/PropertySummary.aspx?REID=22333","gisViewerUrl":"https://gis.burkenc.org/"},"geometry":{"type":"Polygon","coordinates":[[[-81.469778,35.760534],[-81.470311,35.760136],[-81.471528,35.760543],[-81.472332,35.758963],[-81.472158,35.758941],[-81.472143,35.758838],[-81.471547,35.758854],[-81.471603,35.759001],[-81.470471,35.758944],[-81.469454,35.7601],[-81.469543,35.760139],[-81.469635,35.760219],[-81.46968,35.760422],[-81.469778,35.760534]]]}},{"type":"Feature","id":"37023:2764304150","properties":{"id":"37023:2764304150","parcelId":"2764304150","countyFips":"37023","countyName":"Burke","state":"North Carolina","marketIds":["Asheville"],"situsAddress":"7244 KNOX AVE","situsCity":"CONNELLY SPRINGS","situsZip":"28612","jurisdictionCode":null,"ownerName":"LAIL, JUDY","ownerName2":null,"propertyName":null,"zoningCode":null,"zoningDistrict":null,"jurisdictionPrefix":null,"dorCode":"VACANT","acreage":5.08,"centroid":[-81.482654,35.758318],"lastSale":{"date":"1974-03-28","price":null,"qualified":null},"tax":{"marketValue":42360.0,"assessedValue":null,"taxableValue":null,"taxes":null},"mailingAddress":{"line1":"7104 KNOX AVE","line2":null,"city":"CONNELLY SPRINGS","state":"NC","zip":"28612"},"incomeTract":null,"incomeBlockGroup":null,"nearestRoad":null,"flu":null,"opportunityZone":null,"oz2Eligibility":null,"source":"nc-burke-parcels-37023","appraiserUrl":"http://taxweb.burkenc.org/CamaPWA/PropertySummary.aspx?REID=22411","gisViewerUrl":"https://gis.burkenc.org/"},"geometry":{"type":"Polygon","coordinates":[[[-81.482437,35.758575],[-81.482498,35.758597],[-81.482578,35.758638],[-81.483433,35.759282],[-81.483447,35.758809],[-81.483417,35.757388],[-81.481783,35.757545],[-81.481814,35.75802],[-81.482475,35.758005],[-81.482437,35.758575]]]}},{"type":"Feature","id":"37023:2773289053","properties":{"id":"37023:2773289053","parcelId":"2773289053","countyFips":"37023","countyName":"Burke","state":"North Carolina","marketIds":["Asheville"],"situsAddress":"0 GUS ICARD ST","situsCity":"CONNELLY SPRINGS","situsZip":"28612","jurisdictionCode":null,"ownerName":"LONG, BRUCE WAYNE","ownerName2":null,"propertyName":null,"zoningCode":null,"zoningDistrict":null,"jurisdictionPrefix":null,"dorCode":"VACANT","acreage":64.96,"centroid":[-81.450978,35.750946],"lastSale":{"date":"2017-02-10","price":null,"qualified":null},"tax":{"marketValue":155464.0,"assessedValue":null,"taxableValue":null,"taxes":null},"mailingAddress":{"line1":"2345 GUS ICARD ST","line2":null,"city":"CONNELLY SPRINGS","state":"NC","zip":"28612"},"incomeTract":null,"incomeBlockGroup":null,"nearestRoad":null,"flu":null,"opportunityZone":null,"oz2Eligibility":null,"source":"nc-burke-parcels-37023","appraiserUrl":"http://taxweb.burkenc.org/CamaPWA/PropertySummary.aspx?REID=22656","gisViewerUrl":"https://gis.burkenc.org/"},"geometry":{"type":"Polygon","coordinates":[[[-81.448092,35.752983],[-81.448011,35.754221],[-81.447745,35.75529],[-81.451448,35.755497],[-81.453499,35.75556],[-81.453351,35.751679],[-81.453419,35.75156],[-81.451421,35.751931],[-81.451405,35.751193],[-81.452103,35.750423],[-81.454273,35.750522],[-81.454194,35.749827],[-81.453669,35.749787],[-81.453372,35.749796],[-81.453221,35.749849],[-81.453169,35.749696],[-81.452734,35.749603],[-81.452243,35.749579],[-81.451889,35.749759],[-81.451746,35.750008],[-81.451759,35.750259],[-81.451474,35.750582],[-81.451128,35.750687],[-81.450858,35.750578],[-81.450799,35.750689],[-81.450474,35.750809],[-81.450265,35.750691],[-81.450328,35.750598],[-81.450264,35.75045],[-81.450091,35.750396],[-81.45003,35.750467],[-81.450098,35.750565],[-81.450027,35.750632],[-81.449884,35.750574],[-81.449931,35.750489],[-81.449768,35.750352],[-81.449319,35.750349],[-81.449036,35.750268],[-81.448977,35.750426],[-81.448685,35.750389],[-81.448584,35.750355],[-81.448306,35.750351],[-81.448092,35.752983]],[[-81.450601,35.751952],[-81.450687,35.751957],[-81.450732,35.751959],[-81.450718,35.752912],[-81.450103,35.752601],[-81.450224,35.751929],[-81.450601,35.751952]]]}},{"type":"Feature","id":"37023:2773179267","properties":{"id":"37023:2773179267","parcelId":"2773179267","countyFips":"37023","countyName":"Burke","state":"North Carolina","marketIds":["Asheville"],"situsAddress":"0 GUS ICARD ST","situsCity":"CONNELLY SPRINGS","situsZip":"28612","jurisdictionCode":null,"ownerName":"ISBELL, JAMI MAXINE","ownerName2":null,"propertyName":null,"zoningCode":null,"zoningDistrict":null,"jurisdictionPrefix":null,"dorCode":"VACANT","acreage":13.5,"centroid":[-81.453581,35.751099],"lastSale":{"date":"2007-08-22","price":null,"qualified":null},"tax":{"marketValue":89040.0,"assessedValue":null,"taxableValue":null,"taxes":null},"mailingAddress":{"line1":"138 34TH ST NW","line2":null,"city":"HICKORY","state":"NC","zip":"28601"},"incomeTract":null,"incomeBlockGroup":null,"nearestRoad":null,"flu":null,"opportunityZone":null,"oz2Eligibility":null,"source":"nc-burke-parcels-37023","appraiserUrl":"http://taxweb.burkenc.org/CamaPWA/PropertySummary.aspx?REID=27418","gisViewerUrl":"https://gis.burkenc.org/"},"geometry":{"type":"Polygon","coordinates":[[[-81.454273,35.750522],[-81.452103,35.750423],[-81.451405,35.751193],[-81.451421,35.751931],[-81.453419,35.75156],[-81.456176,35.751462],[-81.45627,35.7506],[-81.454273,35.750522]]]}},{"type":"Feature","id":"37023:2783080658","properties":{"id":"37023:2783080658","parcelId":"2783080658","countyFips":"37023","countyName":"Burke","state":"North Carolina","marketIds":["Asheville"],"situsAddress":"8955 BOWMAN LOWMAN AVE","situsCity":"HICKORY","situsZip":"28601","jurisdictionCode":null,"ownerName":"ROBERTS, JASON;ROBERTS, SHELLEY W","ownerName2":null,"propertyName":null,"zoningCode":null,"zoningDistrict":null,"jurisdictionPrefix":null,"dorCode":"SINGLE FAMILY RES","acreage":17.95,"centroid":[-81.426337,35.7559],"lastSale":{"date":"2019-10-22","price":345000.0,"qualified":null},"tax":{"marketValue":407249.0,"assessedValue":null,"taxableValue":null,"taxes":null},"mailingAddress":{"line1":"8955 BOWMAN LOWMAN AVE","line2":null,"city":"HICKORY","state":"NC","zip":"28601"},"incomeTract":null,"incomeBlockGroup":null,"nearestRoad":null,"flu":null,"opportunityZone":null,"oz2Eligibility":null,"source":"nc-burke-parcels-37023","appraiserUrl":"http://taxweb.burkenc.org/CamaPWA/PropertySummary.aspx?REID=27660","gisViewerUrl":"https://gis.burkenc.org/"},"geometry":{"type":"Polygon","coordinates":[[[-81.424548,35.757426],[-81.424543,35.757435],[-81.424567,35.757447],[-81.424672,35.757272],[-81.424823,35.757288],[-81.424883,35.757238],[-81.425265,35.75722],[-81.425638,35.757173],[-81.425804,35.757085],[-81.425938,35.757071],[-81.426497,35.756698],[-81.426833,35.756616],[-81.427598,35.756192],[-81.428003,35.755987],[-81.428115,35.755957],[-81.428271,35.755877],[-81.428099,35.753556],[-81.427661,35.753572],[-81.427611,35.753159],[-81.427108,35.753165],[-81.426814,35.754238],[-81.426515,35.754214],[-81.426385,35.754781],[-81.425903,35.754939],[-81.424548,35.757426]]]}},{"type":"Feature","id":"37023:2783086300","properties":{"id":"37023:2783086300","parcelId":"2783086300","countyFips":"37023","countyName":"Burke","state":"North Carolina","marketIds":["Asheville"],"situsAddress":"1136 POLLY RIDGE LN","situsCity":"HICKORY","situsZip":"28601","jurisdictionCode":null,"ownerName":"TURNER, DENNIS LEE;TURNER, DONNA","ownerName2":null,"propertyName":null,"zoningCode":null,"zoningDistrict":null,"jurisdictionPrefix":null,"dorCode":"SINGLE FAMILY RES","acreage":6.58,"centroid":[-81.424884,35.754701],"lastSale":{"date":"2019-02-13","price":null,"qualified":null},"tax":{"marketValue":165508.0,"assessedValue":null,"taxableValue":null,"taxes":null},"mailingAddress":{"line1":"8963 BOWMAN LOWMAN AVE","line2":null,"city":"HICKORY","state":"NC","zip":"28601"},"incomeTract":null,"incomeBlockGroup":null,"nearestRoad":null,"flu":null,"opportunityZone":null,"oz2Eligibility":null,"source":"nc-burke-parcels-37023","appraiserUrl":"http://taxweb.burkenc.org/CamaPWA/PropertySummary.aspx?REID=27664","gisViewerUrl":"https://gis.burkenc.org/"},"geometry":{"type":"Polygon","coordinates":[[[-81.423357,35.755398],[-81.423357,35.755398],[-81.424382,35.755141],[-81.42502,35.754814],[-81.425671,35.7546],[-81.425828,35.75483],[-81.426202,35.754713],[-81.426356,35.754036],[-81.425299,35.754056],[-81.42337,35.754027],[-81.423357,35.755398]]]}},{"type":"Feature","id":"37023:2764109405","properties":{"id":"37023:2764109405","parcelId":"2764109405","countyFips":"37023","countyName":"Burke","state":"North Carolina","marketIds":["Asheville"],"situsAddress":"7181 OAK RIDGE CHURCH RD","situsCity":"CONNELLY SPRINGS","situsZip":"28612","jurisdictionCode":null,"ownerName":"BRITTAIN, RANDY L","ownerName2":null,"propertyName":null,"zoningCode":null,"zoningDistrict":null,"jurisdictionPrefix":null,"dorCode":"SINGLE FAMILY RES","acreage":10.7,"centroid":[-81.488041,35.758999],"lastSale":{"date":"2004-06-17","price":38000.0,"qualified":null},"tax":{"marketValue":234759.0,"assessedValue":null,"taxableValue":null,"taxes":null},"mailingAddress":{"line1":"7181 OAK RIDGE CHURCH RD","line2":null,"city":"CONNELLY SPRINGS","state":"NC","zip":"28612"},"incomeTract":null,"incomeBlockGroup":null,"nearestRoad":null,"flu":null,"opportunityZone":null,"oz2Eligibility":null,"source":"nc-burke-parcels-37023","appraiserUrl":"http://taxweb.burkenc.org/CamaPWA/PropertySummary.aspx?REID=32459","gisViewerUrl":"https://gis.burkenc.org/"},"geometry":{"type":"Polygon","coordinates":[[[-81.488338,35.76034],[-81.48841,35.760119],[-81.488481,35.759888],[-81.488611,35.759726],[-81.488671,35.759595],[-81.488862,35.759484],[-81.488779,35.75891],[-81.489102,35.758632],[-81.48911,35.758543],[-81.489276,35.758384],[-81.489459,35.758137],[-81.489892,35.757955],[-81.489958,35.757853],[-81.488787,35.757825],[-81.48822,35.757842],[-81.487279,35.757957],[-81.486765,35.758228],[-81.486757,35.758289],[-81.48691,35.758639],[-81.48689,35.758735],[-81.486765,35.758796],[-81.486767,35.758887],[-81.486819,35.758921],[-81.486791,35.759294],[-81.48718,35.759369],[-81.487235,35.759413],[-81.487365,35.759634],[-81.487788,35.759981],[-81.487877,35.760259],[-81.488099,35.760332],[-81.488338,35.76034]]]}},{"type":"Feature","id":"37023:2774907164","properties":{"id":"37023:2774907164","parcelId":"2774907164","countyFips":"37023","countyName":"Burke","state":"North Carolina","marketIds":["Asheville"],"situsAddress":"1635 AIRPORT RHODHISS RD","situsCity":"HICKORY","situsZip":"28601","jurisdictionCode":null,"ownerName":"HART, GARY LEE;HART, HILDA T","ownerName2":null,"propertyName":null,"zoningCode":null,"zoningDistrict":null,"jurisdictionPrefix":null,"dorCode":"SINGLE FAMILY RES","acreage":7.17,"centroid":[-81.427971,35.759283],"lastSale":{"date":"2005-05-06","price":40590.0,"qualified":null},"tax":{"marketValue":32678.0,"assessedValue":null,"taxableValue":null,"taxes":null},"mailingAddress":{"line1":"2715 ETHEL ST","line2":null,"city":"CONNELLY SPRINGS","state":"NC","zip":"28612"},"incomeTract":null,"incomeBlockGroup":null,"nearestRoad":null,"flu":null,"opportunityZone":null,"oz2Eligibility":null,"source":"nc-burke-parcels-37023","appraiserUrl":"http://taxweb.burkenc.org/CamaPWA/PropertySummary.aspx?REID=20559","gisViewerUrl":"https://gis.burkenc.org/"},"geometry":{"type":"Polygon","coordinates":[[[-81.427509,35.757722],[-81.42739,35.760542],[-81.427389,35.76056],[-81.428462,35.760433],[-81.428487,35.758683],[-81.428591,35.757758],[-81.427509,35.757722]]]}},{"type":"Feature","id":"37023:2764706836","properties":{"id":"37023:2764706836","parcelId":"2764706836","countyFips":"37023","countyName":"Burke","state":"North Carolina","marketIds":["Asheville"],"situsAddress":"7674 DECKER RD","situsCity":"CONNELLY SPRINGS","situsZip":"28612","jurisdictionCode":null,"ownerName":"KJD PROPERTIES, LLC","ownerName2":null,"propertyName":null,"zoningCode":null,"zoningDistrict":null,"jurisdictionPrefix":null,"dorCode":"MOBILE HOME PARK","acreage":7.66,"centroid":[-81.46949,35.760374],"lastSale":{"date":"2017-11-29","price":null,"qualified":null},"tax":{"marketValue":134175.0,"assessedValue":null,"taxableValue":null,"taxes":null},"mailingAddress":{"line1":"7368 GREEDY HWY","line2":null,"city":"HICKORY","state":"NC","zip":"28602"},"incomeTract":null,"incomeBlockGroup":null,"nearestRoad":null,"flu":null,"opportunityZone":null,"oz2Eligibility":null,"source":"nc-burke-parcels-37023","appraiserUrl":"http://taxweb.burkenc.org/CamaPWA/PropertySummary.aspx?REID=25449","gisViewerUrl":"https://gis.burkenc.org/"},"geometry":{"type":"Polygon","coordinates":[[[-81.471713,35.761426],[-81.472059,35.761443],[-81.472218,35.760921],[-81.471125,35.760939],[-81.469778,35.760534],[-81.46968,35.760422],[-81.469635,35.760219],[-81.469543,35.760139],[-81.469454,35.7601],[-81.469389,35.760173],[-81.468998,35.760008],[-81.468686,35.759831],[-81.468346,35.75979],[-81.467943,35.759676],[-81.467594,35.75956],[-81.467415,35.759449],[-81.467401,35.760092],[-81.469671,35.761059],[-81.469653,35.761333],[-81.471713,35.761426]]]}},{"type":"Feature","id":"37023:2773476918","properties":{"id":"37023:2773476918","parcelId":"2773476918","countyFips":"37023","countyName":"Burke","state":"North Carolina","marketIds":["Asheville"],"situsAddress":"0 ICARD RHODHISS RD","situsCity":"CONNELLY SPRINGS","situsZip":"28612","jurisdictionCode":null,"ownerName":"HARMON, SANDRA H","ownerName2":null,"propertyName":null,"zoningCode":null,"zoningDistrict":null,"jurisdictionPrefix":null,"dorCode":"VACANT","acreage":13.84,"centroid":[-81.444956,35.753168],"lastSale":{"date":"2023-05-25","price":null,"qualified":null},"tax":{"marketValue":56978.0,"assessedValue":null,"taxableValue":null,"taxes":null},"mailingAddress":{"line1":"2196 ICARD RHODHISS RD","line2":null,"city":"CONNELLY SPRINGS","state":"NC","zip":"28612"},"incomeTract":null,"incomeBlockGroup":null,"nearestRoad":null,"flu":null,"opportunityZone":null,"oz2Eligibility":null,"source":"nc-burke-parcels-37023","appraiserUrl":"http://taxweb.burkenc.org/CamaPWA/PropertySummary.aspx?REID=29694","gisViewerUrl":"https://gis.burkenc.org/"},"geometry":{"type":"Polygon","coordinates":[[[-81.44487,35.754274],[-81.444992,35.754324],[-81.446591,35.75474],[-81.446782,35.754641],[-81.446576,35.754455],[-81.44642,35.754127],[-81.446457,35.754066],[-81.445387,35.751797],[-81.445228,35.751973],[-81.444607,35.752075],[-81.444203,35.751901],[-81.44397,35.751694],[-81.443465,35.751625],[-81.44311,35.75226],[-81.443354,35.753025],[-81.443498,35.753384],[-81.444734,35.753503],[-81.44487,35.754274]]]}},{"type":"Feature","id":"37023:2783867959","properties":{"id":"37023:2783867959","parcelId":"2783867959","countyFips":"37023","countyName":"Burke","state":"North Carolina","marketIds":["Asheville"],"situsAddress":"936 AIRPORT RHODHISS RD","situsCity":"HICKORY","situsZip":"28601","jurisdictionCode":null,"ownerName":"GRIFFIN, ROBERT J","ownerName2":null,"propertyName":null,"zoningCode":null,"zoningDistrict":null,"jurisdictionPrefix":null,"dorCode":"SINGLE FAMILY RES","acreage":10.52,"centroid":[-81.398018,35.751408],"lastSale":{"date":"2007-07-16","price":87000.0,"qualified":null},"tax":{"marketValue":151661.0,"assessedValue":null,"taxableValue":null,"taxes":null},"mailingAddress":{"line1":"936 AIRPORT RHODHISS RD","line2":null,"city":"HICKORY","state":"NC","zip":"28601"},"incomeTract":null,"incomeBlockGroup":null,"nearestRoad":null,"flu":null,"opportunityZone":null,"oz2Eligibility":null,"source":"nc-burke-parcels-37023","appraiserUrl":"http://taxweb.burkenc.org/CamaPWA/PropertySummary.aspx?REID=29865","gisViewerUrl":"https://gis.burkenc.org/"},"geometry":{"type":"Polygon","coordinates":[[[-81.395461,35.751896],[-81.39904,35.752115],[-81.399132,35.751858],[-81.399264,35.751566],[-81.398831,35.751572],[-81.398833,35.751093],[-81.398045,35.75108],[-81.398079,35.750747],[-81.395474,35.750745],[-81.395461,35.751896]]]}},{"type":"Feature","id":"37023:2793088632","properties":{"id":"37023:2793088632","parcelId":"2793088632","countyFips":"37023","countyName":"Burke","state":"North Carolina","marketIds":["Asheville"],"situsAddress":"0 GOAT FARM ST","situsCity":"HICKORY","situsZip":"28601","jurisdictionCode":null,"ownerName":"CITY OF HICKORY","ownerName2":null,"propertyName":null,"zoningCode":null,"zoningDistrict":null,"jurisdictionPrefix":null,"dorCode":"VACANT","acreage":45.0,"centroid":[-81.389382,35.75597],"lastSale":{"date":"2023-06-12","price":600000.0,"qualified":null},"tax":{"marketValue":null,"assessedValue":null,"taxableValue":null,"taxes":null},"mailingAddress":{"line1":"PO BOX 398","line2":null,"city":"HICKORY","state":"NC","zip":"28603"},"incomeTract":null,"incomeBlockGroup":null,"nearestRoad":null,"flu":null,"opportunityZone":null,"oz2Eligibility":null,"source":"nc-burke-parcels-37023","appraiserUrl":"http://taxweb.burkenc.org/CamaPWA/PropertySummary.aspx?REID=21480","gisViewerUrl":"https://gis.burkenc.org/"},"geometry":{"type":"Polygon","coordinates":[[[-81.387055,35.756183],[-81.38723,35.756297],[-81.387188,35.756339],[-81.388826,35.757396],[-81.389427,35.757596],[-81.390234,35.757793],[-81.391055,35.757957],[-81.391294,35.757437],[-81.391969,35.757537],[-81.392287,35.75481],[-81.391455,35.754745],[-81.390616,35.753363],[-81.388695,35.75336],[-81.389049,35.754582],[-81.388932,35.754929],[-81.388501,35.755401],[-81.387782,35.755681],[-81.387277,35.756047],[-81.387055,35.756183]]]}},{"type":"Feature","id":"37023:2764322274","properties":{"id":"37023:2764322274","parcelId":"2764322274","countyFips":"37023","countyName":"Burke","state":"North Carolina","marketIds":["Asheville"],"situsAddress":"1862 CHURCHILL RD","situsCity":"CONNELLY SPRINGS","situsZip":"28612","jurisdictionCode":null,"ownerName":"BERRY, TODD A;BERRY, VIRGINIA L","ownerName2":null,"propertyName":null,"zoningCode":null,"zoningDistrict":null,"jurisdictionPrefix":null,"dorCode":"VACANT","acreage":16.45,"centroid":[-81.48266,35.763937],"lastSale":{"date":"2021-03-19","price":null,"qualified":null},"tax":{"marketValue":108372.0,"assessedValue":null,"taxableValue":null,"taxes":null},"mailingAddress":{"line1":"PO BOX 906","line2":null,"city":"CONNELLY SPRINGS","state":"NC","zip":"28612"},"incomeTract":null,"incomeBlockGroup":null,"nearestRoad":null,"flu":null,"opportunityZone":null,"oz2Eligibility":null,"source":"nc-burke-parcels-37023","appraiserUrl":"http://taxweb.burkenc.org/CamaPWA/PropertySummary.aspx?REID=21529","gisViewerUrl":"https://gis.burkenc.org/"},"geometry":{"type":"Polygon","coordinates":[[[-81.481918,35.764778],[-81.482142,35.764777],[-81.486248,35.764757],[-81.48636,35.763351],[-81.482645,35.76336],[-81.48258,35.762997],[-81.481926,35.763351],[-81.482277,35.763678],[-81.482124,35.763736],[-81.482119,35.76397],[-81.481591,35.763995],[-81.48136,35.763648],[-81.481294,35.764781],[-81.481918,35.764778]]]}},{"type":"Feature","id":"37023:2764313804","properties":{"id":"37023:2764313804","parcelId":"2764313804","countyFips":"37023","countyName":"Burke","state":"North Carolina","marketIds":["Asheville"],"situsAddress":"1900 CHURCHILL RD","situsCity":"CONNELLY SPRINGS","situsZip":"28612","jurisdictionCode":null,"ownerName":"JACKSON, ERIK;OLBY, NATASHA;THE JACKSON OLBY LIVING TRUST","ownerName2":null,"propertyName":null,"zoningCode":null,"zoningDistrict":null,"jurisdictionPrefix":null,"dorCode":"SINGLE FAMILY RES","acreage":5.82,"centroid":[-81.484095,35.762925],"lastSale":{"date":"2023-01-23","price":41870.0,"qualified":null},"tax":{"marketValue":62246.0,"assessedValue":null,"taxableValue":null,"taxes":null},"mailingAddress":{"line1":"11033 OLD STAGE RD","line2":null,"city":"WILLOW SPRING","state":"NC","zip":"27592"},"incomeTract":null,"incomeBlockGroup":null,"nearestRoad":null,"flu":null,"opportunityZone":null,"oz2Eligibility":null,"source":"nc-burke-parcels-37023","appraiserUrl":"http://taxweb.burkenc.org/CamaPWA/PropertySummary.aspx?REID=21530","gisViewerUrl":"https://gis.burkenc.org/"},"geometry":{"type":"Polygon","coordinates":[[[-81.48258,35.762997],[-81.482645,35.76336],[-81.48636,35.763351],[-81.486133,35.763258],[-81.485455,35.763319],[-81.485242,35.763256],[-81.484958,35.763252],[-81.484542,35.762944],[-81.484429,35.762925],[-81.484177,35.762632],[-81.483549,35.762396],[-81.483174,35.762024],[-81.482879,35.762416],[-81.482735,35.76284],[-81.48256,35.762912],[-81.48258,35.762997]]]}},{"type":"Feature","id":"37023:2763291187","properties":{"id":"37023:2763291187","parcelId":"2763291187","countyFips":"37023","countyName":"Burke","state":"North Carolina","marketIds":["Asheville"],"situsAddress":"0 OAK RIDGE CHURCH RD","situsCity":"CONNELLY SPRINGS","situsZip":"28612","jurisdictionCode":null,"ownerName":"CHILDERS, TERRY REX","ownerName2":null,"propertyName":null,"zoningCode":null,"zoningDistrict":null,"jurisdictionPrefix":null,"dorCode":"VACANT","acreage":7.59,"centroid":[-81.48659,35.756124],"lastSale":{"date":"1989-06-27","price":null,"qualified":null},"tax":{"marketValue":42616.0,"assessedValue":null,"taxableValue":null,"taxes":null},"mailingAddress":{"line1":"7230 OAK RIDGE CHURCH ROAD","line2":null,"city":"CONNELLY SPRINGS","state":"NC","zip":"28612"},"incomeTract":null,"incomeBlockGroup":null,"nearestRoad":null,"flu":null,"opportunityZone":null,"oz2Eligibility":null,"source":"nc-burke-parcels-37023","appraiserUrl":"http://taxweb.burkenc.org/CamaPWA/PropertySummary.aspx?REID=26180","gisViewerUrl":"https://gis.burkenc.org/"},"geometry":{"type":"Polygon","coordinates":[[[-81.486373,35.757007],[-81.486388,35.757055],[-81.486495,35.757123],[-81.48654,35.757331],[-81.486579,35.757393],[-81.486708,35.757226],[-81.486932,35.757149],[-81.487013,35.7571],[-81.487331,35.756796],[-81.4875,35.756727],[-81.487574,35.755929],[-81.487274,35.755393],[-81.487566,35.754774],[-81.486935,35.754556],[-81.485999,35.754374],[-81.486033,35.754659],[-81.486098,35.754881],[-81.486072,35.754976],[-81.486131,35.755106],[-81.486128,35.755202],[-81.486216,35.755693],[-81.486314,35.75607],[-81.48633,35.756247],[-81.486307,35.756427],[-81.486387,35.756511],[-81.486294,35.756755],[-81.486417,35.756881],[-81.486373,35.757007]]]}},{"type":"Feature","id":"37023:2764204338","properties":{"id":"37023:2764204338","parcelId":"2764204338","countyFips":"37023","countyName":"Burke","state":"North Carolina","marketIds":["Asheville"],"situsAddress":"0 KNOX AVE","situsCity":"CONNELLY SPRINGS","situsZip":"28612","jurisdictionCode":null,"ownerName":"BRITTAIN, RANDY L","ownerName2":null,"propertyName":null,"zoningCode":null,"zoningDistrict":null,"jurisdictionPrefix":null,"dorCode":"VACANT","acreage":5.85,"centroid":[-81.486623,35.758685],"lastSale":{"date":"2023-10-27","price":null,"qualified":null},"tax":{"marketValue":37256.0,"assessedValue":null,"taxableValue":null,"taxes":null},"mailingAddress":{"line1":"7181 OAK RIDGE CHURCH RD","line2":null,"city":"CONNELLY SPRINGS","state":"NC","zip":"28612"},"incomeTract":null,"incomeBlockGroup":null,"nearestRoad":null,"flu":null,"opportunityZone":null,"oz2Eligibility":null,"source":"nc-burke-parcels-37023","appraiserUrl":"http://taxweb.burkenc.org/CamaPWA/PropertySummary.aspx?REID=26181","gisViewerUrl":"https://gis.burkenc.org/"},"geometry":{"type":"Polygon","coordinates":[[[-81.485533,35.759096],[-81.486191,35.760008],[-81.48696,35.759333],[-81.486791,35.759294],[-81.486819,35.758921],[-81.486767,35.758887],[-81.486765,35.758796],[-81.48689,35.758735],[-81.48691,35.758639],[-81.486757,35.758289],[-81.486765,35.758228],[-81.487279,35.757957],[-81.487228,35.757839],[-81.486785,35.75807],[-81.484901,35.75818],[-81.485533,35.759096]]]}},{"type":"Feature","id":"37023:2774910281","properties":{"id":"37023:2774910281","parcelId":"2774910281","countyFips":"37023","countyName":"Burke","state":"North Carolina","marketIds":["Asheville"],"situsAddress":"411 DOGWOOD DR","situsCity":"HICKORY","situsZip":"28601","jurisdictionCode":null,"ownerName":"SHOOK, SHERRY JANE","ownerName2":null,"propertyName":null,"zoningCode":null,"zoningDistrict":null,"jurisdictionPrefix":null,"dorCode":"SINGLE FAMILY RES","acreage":6.47,"centroid":[-81.430605,35.762529],"lastSale":{"date":"2013-09-30","price":68000.0,"qualified":null},"tax":{"marketValue":114471.0,"assessedValue":null,"taxableValue":null,"taxes":null},"mailingAddress":{"line1":"4901 BUFFALO SHOALS RD","line2":null,"city":"MAIDEN","state":"NC","zip":"28650"},"incomeTract":null,"incomeBlockGroup":null,"nearestRoad":null,"flu":null,"opportunityZone":null,"oz2Eligibility":null,"source":"nc-burke-parcels-37023","appraiserUrl":"http://taxweb.burkenc.org/CamaPWA/PropertySummary.aspx?REID=26425","gisViewerUrl":"https://gis.burkenc.org/"},"geometry":{"type":"Polygon","coordinates":[[[-81.429491,35.762494],[-81.431769,35.763433],[-81.431864,35.763246],[-81.431421,35.763026],[-81.431614,35.762661],[-81.430825,35.762351],[-81.431036,35.762142],[-81.428944,35.761329],[-81.428481,35.76208],[-81.429491,35.762494]]]}},{"type":"Feature","id":"37023:2774715243","properties":{"id":"37023:2774715243","parcelId":"2774715243","countyFips":"37023","countyName":"Burke","state":"North Carolina","marketIds":["Asheville"],"situsAddress":"0 BURKE ST","situsCity":"HICKORY","situsZip":"28601","jurisdictionCode":null,"ownerName":"KJC PROPERTIES LLC","ownerName2":null,"propertyName":null,"zoningCode":null,"zoningDistrict":null,"jurisdictionPrefix":null,"dorCode":"VACANT","acreage":5.0,"centroid":[-81.435964,35.762529],"lastSale":{"date":"2002-10-02","price":null,"qualified":null},"tax":{"marketValue":32500.0,"assessedValue":null,"taxableValue":null,"taxes":null},"mailingAddress":{"line1":"336 HWY 321 NW","line2":null,"city":"HICKORY","state":"NC","zip":"28601"},"incomeTract":null,"incomeBlockGroup":null,"nearestRoad":null,"flu":null,"opportunityZone":null,"oz2Eligibility":null,"source":"nc-burke-parcels-37023","appraiserUrl":"http://taxweb.burkenc.org/CamaPWA/PropertySummary.aspx?REID=26561","gisViewerUrl":"https://gis.burkenc.org/"},"geometry":{"type":"Polygon","coordinates":[[[-81.434188,35.761997],[-81.435624,35.762951],[-81.435912,35.763142],[-81.435991,35.76309],[-81.436141,35.76296],[-81.436181,35.762873],[-81.436174,35.762745],[-81.43619,35.762657],[-81.436223,35.762604],[-81.436509,35.762362],[-81.436544,35.762277],[-81.436549,35.762202],[-81.436534,35.762172],[-81.434742,35.761379],[-81.434188,35.761997]]]}},{"type":"Feature","id":"37023:2774619596","properties":{"id":"37023:2774619596","parcelId":"2774619596","countyFips":"37023","countyName":"Burke","state":"North Carolina","marketIds":["Asheville"],"situsAddress":"0 CAROLINA AVE","situsCity":"HICKORY","situsZip":"28601","jurisdictionCode":null,"ownerName":"RSS INDUSTRIES, LLC","ownerName2":null,"propertyName":null,"zoningCode":null,"zoningDistrict":null,"jurisdictionPrefix":null,"dorCode":"VACANT","acreage":9.14,"centroid":[-81.436744,35.763002],"lastSale":{"date":"2025-02-12","price":null,"qualified":null},"tax":{"marketValue":54445.0,"assessedValue":null,"taxableValue":null,"taxes":null},"mailingAddress":{"line1":"308 MAIN AVE E","line2":null,"city":"HILDEBRAN","state":"NC","zip":"28637"},"incomeTract":null,"incomeBlockGroup":null,"nearestRoad":null,"flu":null,"opportunityZone":null,"oz2Eligibility":null,"source":"nc-burke-parcels-37023","appraiserUrl":"http://taxweb.burkenc.org/CamaPWA/PropertySummary.aspx?REID=26566","gisViewerUrl":"https://gis.burkenc.org/"},"geometry":{"type":"Polygon","coordinates":[[[-81.436673,35.764028],[-81.437562,35.764194],[-81.437858,35.763906],[-81.437586,35.763871],[-81.437674,35.763382],[-81.437834,35.762729],[-81.437921,35.762687],[-81.438197,35.762683],[-81.438354,35.762117],[-81.436564,35.762071],[-81.436534,35.762172],[-81.436549,35.762202],[-81.436544,35.762277],[-81.436509,35.762362],[-81.436223,35.762604],[-81.43619,35.762657],[-81.436174,35.762745],[-81.436181,35.762873],[-81.436141,35.76296],[-81.435918,35.763135],[-81.43574,35.763338],[-81.43564,35.763486],[-81.435565,35.763716],[-81.43572,35.763864],[-81.436673,35.764028]]]}},{"type":"Feature","id":"37023:2774614946","properties":{"id":"37023:2774614946","parcelId":"2774614946","countyFips":"37023","countyName":"Burke","state":"North Carolina","marketIds":["Asheville"],"situsAddress":"102 JENNIE LN","situsCity":"HICKORY","situsZip":"28601","jurisdictionCode":null,"ownerName":"RSS INDUSTRIES, LLC","ownerName2":null,"propertyName":null,"zoningCode":null,"zoningDistrict":null,"jurisdictionPrefix":null,"dorCode":"RETAIL","acreage":11.95,"centroid":[-81.439006,35.76477],"lastSale":{"date":"2002-01-28","price":500.0,"qualified":null},"tax":{"marketValue":382453.0,"assessedValue":null,"taxableValue":null,"taxes":null},"mailingAddress":{"line1":"308 MAIN AVE E","line2":null,"city":"HILDEBRAN","state":"NC","zip":"28637"},"incomeTract":null,"incomeBlockGroup":null,"nearestRoad":null,"flu":null,"opportunityZone":null,"oz2Eligibility":null,"source":"nc-burke-parcels-37023","appraiserUrl":"http://taxweb.burkenc.org/CamaPWA/PropertySummary.aspx?REID=26567","gisViewerUrl":"https://gis.burkenc.org/"},"geometry":{"type":"Polygon","coordinates":[[[-81.437834,35.765601],[-81.438934,35.765653],[-81.44065,35.765727],[-81.439793,35.765451],[-81.439726,35.765142],[-81.440783,35.765146],[-81.441045,35.764367],[-81.440399,35.764311],[-81.440103,35.764223],[-81.439815,35.764111],[-81.439526,35.764062],[-81.439233,35.76405],[-81.438534,35.764081],[-81.437994,35.764035],[-81.437491,35.76453],[-81.437371,35.764675],[-81.437286,35.764881],[-81.437276,35.765007],[-81.43732,35.765576],[-81.437834,35.765601]]]}},{"type":"Feature","id":"37023:2774718820","properties":{"id":"37023:2774718820","parcelId":"2774718820","countyFips":"37023","countyName":"Burke","state":"North Carolina","marketIds":["Asheville"],"situsAddress":"340 BURKE ST","situsCity":"HICKORY","situsZip":"28601","jurisdictionCode":null,"ownerName":"MCMURTRY, AMY PRISCILLA;MCMURTRY, LARRY MICHAEL","ownerName2":null,"propertyName":null,"zoningCode":null,"zoningDistrict":null,"jurisdictionPrefix":null,"dorCode":"SINGLE FAMILY RES","acreage":10.43,"centroid":[-81.434747,35.764071],"lastSale":{"date":"2021-08-06","price":52552.0,"qualified":null},"tax":{"marketValue":172831.0,"assessedValue":null,"taxableValue":null,"taxes":null},"mailingAddress":{"line1":"340 BURKE ST","line2":null,"city":"HICKORY","state":"NC","zip":"28601"},"incomeTract":null,"incomeBlockGroup":null,"nearestRoad":null,"flu":null,"opportunityZone":null,"oz2Eligibility":null,"source":"nc-burke-parcels-37023","appraiserUrl":"http://taxweb.burkenc.org/CamaPWA/PropertySummary.aspx?REID=30596","gisViewerUrl":"https://gis.burkenc.org/"},"geometry":{"type":"Polygon","coordinates":[[[-81.433834,35.762388],[-81.433687,35.762581],[-81.433495,35.762924],[-81.433901,35.763126],[-81.43358,35.763588],[-81.43408,35.764306],[-81.434368,35.765377],[-81.434302,35.765655],[-81.434603,35.765545],[-81.434654,35.765364],[-81.434784,35.765239],[-81.43496,35.76511],[-81.435018,35.764931],[-81.435093,35.764861],[-81.435197,35.76482],[-81.435268,35.764737],[-81.435421,35.764304],[-81.435566,35.764033],[-81.43572,35.763864],[-81.435565,35.763716],[-81.43564,35.763486],[-81.435685,35.763426],[-81.435145,35.763081],[-81.435166,35.763039],[-81.433946,35.762267],[-81.433834,35.762388]]]}},{"type":"Feature","id":"37023:2764745016","properties":{"id":"37023:2764745016","parcelId":"2764745016","countyFips":"37023","countyName":"Burke","state":"North Carolina","marketIds":["Asheville"],"situsAddress":"7877 DECKER RD","situsCity":"CONNELLY SPRINGS","situsZip":"28612","jurisdictionCode":null,"ownerName":"TOWNSEND, RONALD B;TOWNSEND, SHIRLEY","ownerName2":null,"propertyName":null,"zoningCode":null,"zoningDistrict":null,"jurisdictionPrefix":null,"dorCode":"SINGLE FAMILY RES","acreage":10.74,"centroid":[-81.46981,35.769446],"lastSale":{"date":"1984-09-04","price":18000.0,"qualified":null},"tax":{"marketValue":205323.0,"assessedValue":null,"taxableValue":null,"taxes":null},"mailingAddress":{"line1":"7877 DECKER ROAD","line2":null,"city":"CONNELLY SPRINGS","state":"NC","zip":"28612"},"incomeTract":null,"incomeBlockGroup":null,"nearestRoad":null,"flu":null,"opportunityZone":null,"oz2Eligibility":null,"source":"nc-burke-parcels-37023","appraiserUrl":"http://taxweb.burkenc.org/CamaPWA/PropertySummary.aspx?REID=36238","gisViewerUrl":"https://gis.burkenc.org/"},"geometry":{"type":"Polygon","coordinates":[[[-81.467029,35.769757],[-81.471451,35.76987],[-81.471821,35.769848],[-81.471639,35.768923],[-81.467108,35.768832],[-81.467029,35.769757]]]}},{"type":"Feature","id":"37023:2764735403","properties":{"id":"37023:2764735403","parcelId":"2764735403","countyFips":"37023","countyName":"Burke","state":"North Carolina","marketIds":["Asheville"],"situsAddress":"7887 DECKER RD","situsCity":"CONNELLY SPRINGS","situsZip":"28612","jurisdictionCode":null,"ownerName":"BYRD, JOSHUA K;BYRD, JULIE T","ownerName2":null,"propertyName":null,"zoningCode":null,"zoningDistrict":null,"jurisdictionPrefix":null,"dorCode":"SINGLE FAMILY RES","acreage":7.42,"centroid":[-81.468921,35.767668],"lastSale":{"date":"2019-06-03","price":null,"qualified":null},"tax":{"marketValue":226382.0,"assessedValue":null,"taxableValue":null,"taxes":null},"mailingAddress":{"line1":"7887 DECKER RD","line2":null,"city":"CONNELLY SPRINGS","state":"NC","zip":"28612"},"incomeTract":null,"incomeBlockGroup":null,"nearestRoad":null,"flu":null,"opportunityZone":null,"oz2Eligibility":null,"source":"nc-burke-parcels-37023","appraiserUrl":"http://taxweb.burkenc.org/CamaPWA/PropertySummary.aspx?REID=36240","gisViewerUrl":"https://gis.burkenc.org/"},"geometry":{"type":"Polygon","coordinates":[[[-81.467395,35.767909],[-81.471397,35.767984],[-81.471425,35.76731],[-81.467221,35.767234],[-81.467165,35.767904],[-81.467395,35.767909]]]}},{"type":"Feature","id":"37023:2764734186","properties":{"id":"37023:2764734186","parcelId":"2764734186","countyFips":"37023","countyName":"Burke","state":"North Carolina","marketIds":["Asheville"],"situsAddress":"7893 DECKER RD","situsCity":"CONNELLY SPRINGS","situsZip":"28612","jurisdictionCode":null,"ownerName":"BROWN, TONYA M;BROWN, SCOTT","ownerName2":null,"propertyName":null,"zoningCode":null,"zoningDistrict":null,"jurisdictionPrefix":null,"dorCode":"SINGLE FAMILY RES","acreage":8.38,"centroid":[-81.468997,35.766792],"lastSale":{"date":"2005-11-02","price":30000.0,"qualified":null},"tax":{"marketValue":349962.0,"assessedValue":null,"taxableValue":null,"taxes":null},"mailingAddress":{"line1":"7893 DECKER RD","line2":null,"city":"CONNELLY SPRINGS","state":"NC","zip":"28612"},"incomeTract":null,"incomeBlockGroup":null,"nearestRoad":null,"flu":null,"opportunityZone":null,"oz2Eligibility":null,"source":"nc-burke-parcels-37023","appraiserUrl":"http://taxweb.burkenc.org/CamaPWA/PropertySummary.aspx?REID=36241","gisViewerUrl":"https://gis.burkenc.org/"},"geometry":{"type":"Polygon","coordinates":[[[-81.467221,35.767234],[-81.471425,35.76731],[-81.471433,35.766521],[-81.467644,35.766449],[-81.467262,35.766444],[-81.467221,35.767234]]]}},{"type":"Feature","id":"37023:2764725853","properties":{"id":"37023:2764725853","parcelId":"2764725853","countyFips":"37023","countyName":"Burke","state":"North Carolina","marketIds":["Asheville"],"situsAddress":"0 DECKER RD","situsCity":"CONNELLY SPRINGS","situsZip":"28612","jurisdictionCode":null,"ownerName":"ROGERS, BRANDIN L;ROGERS, JODIE J","ownerName2":null,"propertyName":null,"zoningCode":null,"zoningDistrict":null,"jurisdictionPrefix":null,"dorCode":"VACANT","acreage":6.43,"centroid":[-81.469409,35.765886],"lastSale":{"date":"2019-01-11","price":null,"qualified":null},"tax":{"marketValue":39624.0,"assessedValue":null,"taxableValue":null,"taxes":null},"mailingAddress":{"line1":"7857 DECKER RD","line2":null,"city":"CONNELLY SPRINGS","state":"NC","zip":"28612"},"incomeTract":null,"incomeBlockGroup":null,"nearestRoad":null,"flu":null,"opportunityZone":null,"oz2Eligibility":null,"source":"nc-burke-parcels-37023","appraiserUrl":"http://taxweb.burkenc.org/CamaPWA/PropertySummary.aspx?REID=36242","gisViewerUrl":"https://gis.burkenc.org/"},"geometry":{"type":"Polygon","coordinates":[[[-81.46845,35.766464],[-81.471433,35.766521],[-81.471444,35.765944],[-81.47023,35.765796],[-81.46911,35.765692],[-81.468516,35.765263],[-81.468149,35.765632],[-81.467939,35.765773],[-81.46845,35.766464]]]}},{"type":"Feature","id":"37023:2764721233","properties":{"id":"37023:2764721233","parcelId":"2764721233","countyFips":"37023","countyName":"Burke","state":"North Carolina","marketIds":["Asheville"],"situsAddress":"7823 DECKER RD","situsCity":"CONNELLY SPRINGS","situsZip":"28612","jurisdictionCode":null,"ownerName":"JOHNSON, GARY N;JOHNSON, SHERRY D","ownerName2":null,"propertyName":null,"zoningCode":null,"zoningDistrict":null,"jurisdictionPrefix":null,"dorCode":"VACANT","acreage":7.81,"centroid":[-81.470306,35.765015],"lastSale":{"date":"1999-10-20","price":null,"qualified":null},"tax":{"marketValue":60078.0,"assessedValue":null,"taxableValue":null,"taxes":null},"mailingAddress":{"line1":"400 MAIN AVE WEST","line2":null,"city":"HILDEBRAN","state":"NC","zip":"28637"},"incomeTract":null,"incomeBlockGroup":null,"nearestRoad":null,"flu":null,"opportunityZone":null,"oz2Eligibility":null,"source":"nc-burke-parcels-37023","appraiserUrl":"http://taxweb.burkenc.org/CamaPWA/PropertySummary.aspx?REID=36244","gisViewerUrl":"https://gis.burkenc.org/"},"geometry":{"type":"Polygon","coordinates":[[[-81.47023,35.765796],[-81.471444,35.765944],[-81.471483,35.764445],[-81.469857,35.763948],[-81.469062,35.764685],[-81.469761,35.765274],[-81.47023,35.765796]]]}},{"type":"Feature","id":"37023:2764745437","properties":{"id":"37023:2764745437","parcelId":"2764745437","countyFips":"37023","countyName":"Burke","state":"North Carolina","marketIds":["Asheville"],"situsAddress":"7865 DECKER RD","situsCity":"CONNELLY SPRINGS","situsZip":"28612","jurisdictionCode":null,"ownerName":"DUNSTON, GARY D;DUNSTON, LORI H","ownerName2":null,"propertyName":null,"zoningCode":null,"zoningDistrict":null,"jurisdictionPrefix":null,"dorCode":"VACANT","acreage":17.14,"centroid":[-81.470282,35.770497],"lastSale":{"date":"2021-07-30","price":null,"qualified":null},"tax":{"marketValue":63918.0,"assessedValue":null,"taxableValue":null,"taxes":null},"mailingAddress":{"line1":"PO BOX 689","line2":null,"city":"ICARD","state":"NC","zip":"28666"},"incomeTract":null,"incomeBlockGroup":null,"nearestRoad":null,"flu":null,"opportunityZone":null,"oz2Eligibility":null,"source":"nc-burke-parcels-37023","appraiserUrl":"http://taxweb.burkenc.org/CamaPWA/PropertySummary.aspx?REID=36246","gisViewerUrl":"https://gis.burkenc.org/"},"geometry":{"type":"Polygon","coordinates":[[[-81.467029,35.769757],[-81.466844,35.771135],[-81.471329,35.771209],[-81.471693,35.771193],[-81.471809,35.770466],[-81.471821,35.769848],[-81.471451,35.76987],[-81.467029,35.769757]]]}},{"type":"Feature","id":"37023:2754924074","properties":{"id":"37023:2754924074","parcelId":"2754924074","countyFips":"37023","countyName":"Burke","state":"North Carolina","marketIds":["Asheville"],"situsAddress":"1968 TOMLINSON LOOP","situsCity":"CONNELLY SPRINGS","situsZip":"28612","jurisdictionCode":null,"ownerName":"DEAL, MATTHEW DAVID","ownerName2":null,"propertyName":null,"zoningCode":null,"zoningDistrict":null,"jurisdictionPrefix":null,"dorCode":"SINGLE FAMILY RES","acreage":6.77,"centroid":[-81.496191,35.76349],"lastSale":{"date":"2018-06-27","price":null,"qualified":null},"tax":{"marketValue":74312.0,"assessedValue":null,"taxableValue":null,"taxes":null},"mailingAddress":{"line1":"1980 TOMLINSON LOOP","line2":null,"city":"CONNELLY SPRINGS","state":"NC","zip":"28612"},"incomeTract":null,"incomeBlockGroup":null,"nearestRoad":null,"flu":null,"opportunityZone":null,"oz2Eligibility":null,"source":"nc-burke-parcels-37023","appraiserUrl":"http://taxweb.burkenc.org/CamaPWA/PropertySummary.aspx?REID=18754","gisViewerUrl":"https://gis.burkenc.org/"},"geometry":{"type":"Polygon","coordinates":[[[-81.497148,35.764273],[-81.497569,35.764275],[-81.497622,35.762954],[-81.496251,35.762921],[-81.496277,35.762752],[-81.495594,35.762546],[-81.495527,35.762992],[-81.495509,35.763267],[-81.495516,35.763544],[-81.495542,35.763763],[-81.495582,35.763909],[-81.496132,35.763927],[-81.496212,35.764252],[-81.497148,35.764273]]]}},{"type":"Feature","id":"37023:2763489845","properties":{"id":"37023:2763489845","parcelId":"2763489845","countyFips":"37023","countyName":"Burke","state":"North Carolina","marketIds":["Asheville"],"situsAddress":"0 OAK RIDGE CHURCH RD","situsCity":"CONNELLY SPRINGS","situsZip":"28612","jurisdictionCode":null,"ownerName":"DALE, EDDIE MICHAEL","ownerName2":null,"propertyName":null,"zoningCode":null,"zoningDistrict":null,"jurisdictionPrefix":null,"dorCode":"VACANT","acreage":5.32,"centroid":[-81.477666,35.754672],"lastSale":{"date":"2016-08-09","price":null,"qualified":null},"tax":{"marketValue":36373.0,"assessedValue":null,"taxableValue":null,"taxes":null},"mailingAddress":{"line1":"1457 35TH ST SW","line2":null,"city":"HICKORY","state":"NC","zip":"28602"},"incomeTract":null,"incomeBlockGroup":null,"nearestRoad":null,"flu":null,"opportunityZone":null,"oz2Eligibility":null,"source":"nc-burke-parcels-37023","appraiserUrl":"http://taxweb.burkenc.org/CamaPWA/PropertySummary.aspx?REID=18780","gisViewerUrl":"https://gis.burkenc.org/"},"geometry":{"type":"Polygon","coordinates":[[[-81.476987,35.755294],[-81.477541,35.75543],[-81.478262,35.755604],[-81.478485,35.754018],[-81.478051,35.754039],[-81.477456,35.754006],[-81.4774,35.754504],[-81.477147,35.754477],[-81.476987,35.755294]]]}},{"type":"Feature","id":"37023:2773083595","properties":{"id":"37023:2773083595","parcelId":"2773083595","countyFips":"37023","countyName":"Burke","state":"North Carolina","marketIds":["Asheville"],"situsAddress":"2012 OLD HOMEPLACE RD","situsCity":"CONNELLY SPRINGS","situsZip":"28612","jurisdictionCode":null,"ownerName":"EMORY, DANNY O;EMORY, BARBARA M","ownerName2":null,"propertyName":null,"zoningCode":null,"zoningDistrict":null,"jurisdictionPrefix":null,"dorCode":"SINGLE FAMILY RES","acreage":6.33,"centroid":[-81.459189,35.754413],"lastSale":{"date":"2019-11-19","price":null,"qualified":null},"tax":{"marketValue":638618.0,"assessedValue":null,"taxableValue":null,"taxes":null},"mailingAddress":{"line1":"2012 OLD HOMEPLACE RD","line2":null,"city":"CONNELLY SPRINGS","state":"NC","zip":"28612"},"incomeTract":null,"incomeBlockGroup":null,"nearestRoad":null,"flu":null,"opportunityZone":null,"oz2Eligibility":null,"source":"nc-burke-parcels-37023","appraiserUrl":"http://taxweb.burkenc.org/CamaPWA/PropertySummary.aspx?REID=19039","gisViewerUrl":"https://gis.burkenc.org/"},"geometry":{"type":"Polygon","coordinates":[[[-81.458614,35.754146],[-81.458869,35.754726],[-81.459313,35.755882],[-81.45955,35.755897],[-81.460068,35.754998],[-81.459772,35.75398],[-81.459418,35.753702],[-81.458917,35.753216],[-81.45818,35.753166],[-81.458614,35.754146]]]}},{"type":"Feature","id":"37023:2763989476","properties":{"id":"37023:2763989476","parcelId":"2763989476","countyFips":"37023","countyName":"Burke","state":"North Carolina","marketIds":["Asheville"],"situsAddress":"8230 RHODHISS RD","situsCity":"CONNELLY SPRINGS","situsZip":"28612","jurisdictionCode":null,"ownerName":"ROSTAN, ANGELA D;EAKER, STEPHEN EDWARD","ownerName2":null,"propertyName":null,"zoningCode":null,"zoningDistrict":null,"jurisdictionPrefix":null,"dorCode":"VACANT","acreage":10.99,"centroid":[-81.461179,35.754464],"lastSale":{"date":"2020-02-18","price":null,"qualified":null},"tax":{"marketValue":85663.0,"assessedValue":null,"taxableValue":null,"taxes":null},"mailingAddress":{"line1":"8226 RHODHISS RD","line2":null,"city":"CONNELLY SPRINGS","state":"NC","zip":"28612"},"incomeTract":null,"incomeBlockGroup":null,"nearestRoad":null,"flu":null,"opportunityZone":null,"oz2Eligibility":null,"source":"nc-burke-parcels-37023","appraiserUrl":"http://taxweb.burkenc.org/CamaPWA/PropertySummary.aspx?REID=19040","gisViewerUrl":"https://gis.burkenc.org/"},"geometry":{"type":"Polygon","coordinates":[[[-81.461746,35.755136],[-81.461787,35.755146],[-81.461837,35.755198],[-81.462039,35.755087],[-81.462311,35.754646],[-81.462353,35.754444],[-81.462364,35.754246],[-81.462052,35.753346],[-81.458917,35.753216],[-81.459418,35.753702],[-81.459772,35.75398],[-81.460068,35.754998],[-81.460667,35.754883],[-81.461746,35.755136]]]}},{"type":"Feature","id":"37023:2783867640","properties":{"id":"37023:2783867640","parcelId":"2783867640","countyFips":"37023","countyName":"Burke","state":"North Carolina","marketIds":["Asheville"],"situsAddress":"924 AIRPORT RHODHISS RD","situsCity":"HICKORY","situsZip":"28601","jurisdictionCode":null,"ownerName":"BOWMAN, EDWARD LUTHER;WESTMORELAND, MARY ANN","ownerName2":null,"propertyName":null,"zoningCode":null,"zoningDistrict":null,"jurisdictionPrefix":null,"dorCode":"VACANT","acreage":11.4,"centroid":[-81.397907,35.750365],"lastSale":{"date":"2022-06-02","price":null,"qualified":null},"tax":{"marketValue":48982.0,"assessedValue":null,"taxableValue":null,"taxes":null},"mailingAddress":{"line1":"3430 9TH AVE DR NW","line2":null,"city":"HICKORY","state":"NC","zip":"28601"},"incomeTract":null,"incomeBlockGroup":null,"nearestRoad":null,"flu":null,"opportunityZone":null,"oz2Eligibility":null,"source":"nc-burke-parcels-37023","appraiserUrl":"http://taxweb.burkenc.org/CamaPWA/PropertySummary.aspx?REID=22939","gisViewerUrl":"https://gis.burkenc.org/"},"geometry":{"type":"Polygon","coordinates":[[[-81.398079,35.750747],[-81.398214,35.750748],[-81.399566,35.750748],[-81.399324,35.750088],[-81.399232,35.749725],[-81.395458,35.749752],[-81.395474,35.750745],[-81.398079,35.750747]]]}},{"type":"Feature","id":"37023:2764717816","properties":{"id":"37023:2764717816","parcelId":"2764717816","countyFips":"37023","countyName":"Burke","state":"North Carolina","marketIds":["Asheville"],"situsAddress":"0 DECKER RD","situsCity":"CONNELLY SPRINGS","situsZip":"28612","jurisdictionCode":null,"ownerName":"JOHNSON, SHERRY DUCKWORTH","ownerName2":null,"propertyName":null,"zoningCode":null,"zoningDistrict":null,"jurisdictionPrefix":null,"dorCode":"VACANT","acreage":5.88,"centroid":[-81.468831,35.763583],"lastSale":{"date":"2021-04-01","price":null,"qualified":null},"tax":{"marketValue":37687.0,"assessedValue":null,"taxableValue":null,"taxes":null},"mailingAddress":{"line1":"400 MAIN AVE WEST","line2":null,"city":"HILDEBRAN","state":"NC","zip":"28637"},"incomeTract":null,"incomeBlockGroup":null,"nearestRoad":null,"flu":null,"opportunityZone":null,"oz2Eligibility":null,"source":"nc-burke-parcels-37023","appraiserUrl":"http://taxweb.burkenc.org/CamaPWA/PropertySummary.aspx?REID=22990","gisViewerUrl":"https://gis.burkenc.org/"},"geometry":{"type":"Polygon","coordinates":[[[-81.467489,35.763582],[-81.469263,35.764199],[-81.469297,35.764211],[-81.469769,35.763784],[-81.469287,35.763478],[-81.46916,35.762947],[-81.467551,35.762881],[-81.467489,35.763582]]]}},{"type":"Feature","id":"37023:2793581021","properties":{"id":"37023:2793581021","parcelId":"2793581021","countyFips":"37023","countyName":"Burke","state":"North Carolina","marketIds":["Asheville"],"situsAddress":"1509 HWY 321 NW","situsCity":"HICKORY","situsZip":"28601","jurisdictionCode":null,"ownerName":"BRITTIAN, LINWOOD M;BRITTIAN, IRENE P","ownerName2":null,"propertyName":null,"zoningCode":null,"zoningDistrict":null,"jurisdictionPrefix":null,"dorCode":"VACANT","acreage":11.11,"centroid":[-81.37578,35.754742],"lastSale":{"date":"1979-11-12","price":null,"qualified":null},"tax":{"marketValue":472175.0,"assessedValue":null,"taxableValue":null,"taxes":null},"mailingAddress":{"line1":"894 PINEWOOD FOREST","line2":null,"city":"ASHEBORO","state":"NC","zip":"27205"},"incomeTract":null,"incomeBlockGroup":null,"nearestRoad":null,"flu":null,"opportunityZone":null,"oz2Eligibility":null,"source":"nc-burke-parcels-37023","appraiserUrl":"http://taxweb.burkenc.org/CamaPWA/PropertySummary.aspx?REID=31997","gisViewerUrl":"https://gis.burkenc.org/"},"geometry":{"type":"Polygon","coordinates":[[[-81.374083,35.753928],[-81.373791,35.754298],[-81.374797,35.755229],[-81.375126,35.755293],[-81.375959,35.755372],[-81.377127,35.75536],[-81.377397,35.755332],[-81.377819,35.755244],[-81.376088,35.753324],[-81.37561,35.754041],[-81.374083,35.753928]]]}},{"type":"Feature","id":"37023:2774845514","properties":{"id":"37023:2774845514","parcelId":"2774845514","countyFips":"37023","countyName":"Burke","state":"North Carolina","marketIds":["Asheville"],"situsAddress":"100 BURKE ST","situsCity":"HICKORY","situsZip":"28601","jurisdictionCode":null,"ownerName":"WIPELLI INC","ownerName2":null,"propertyName":null,"zoningCode":null,"zoningDistrict":null,"jurisdictionPrefix":null,"dorCode":"INDUSTRIAL","acreage":14.42,"centroid":[-81.432363,35.771547],"lastSale":{"date":"2003-09-11","price":310000.0,"qualified":null},"tax":{"marketValue":305253.0,"assessedValue":null,"taxableValue":null,"taxes":null},"mailingAddress":{"line1":"P O BOX 70","line2":null,"city":"RHODHISS","state":"NC","zip":"28667"},"incomeTract":null,"incomeBlockGroup":null,"nearestRoad":null,"flu":null,"opportunityZone":null,"oz2Eligibility":null,"source":"nc-burke-parcels-37023","appraiserUrl":"http://taxweb.burkenc.org/CamaPWA/PropertySummary.aspx?REID=32023","gisViewerUrl":"https://gis.burkenc.org/"},"geometry":{"type":"Polygon","coordinates":[[[-81.43144,35.772098],[-81.431489,35.772099],[-81.432142,35.772021],[-81.432441,35.771888],[-81.432706,35.771893],[-81.432743,35.771937],[-81.432769,35.77194],[-81.433095,35.771932],[-81.433204,35.771922],[-81.433315,35.771881],[-81.433391,35.771826],[-81.433519,35.771799],[-81.433577,35.771807],[-81.433642,35.77185],[-81.433584,35.771318],[-81.43366,35.771291],[-81.433351,35.771121],[-81.433193,35.771064],[-81.432939,35.771024],[-81.43255,35.771053],[-81.43229,35.771033],[-81.431504,35.770756],[-81.431421,35.770758],[-81.431367,35.770782],[-81.431321,35.770835],[-81.431178,35.771077],[-81.431078,35.771297],[-81.430989,35.771598],[-81.430925,35.772029],[-81.431005,35.772034],[-81.43144,35.771985],[-81.43144,35.772098]]]}},{"type":"Feature","id":"37023:2783989521","properties":{"id":"37023:2783989521","parcelId":"2783989521","countyFips":"37023","countyName":"Burke","state":"North Carolina","marketIds":["Asheville"],"situsAddress":"0 AIRPORT RHODHISS RD","situsCity":"HICKORY","situsZip":"28601","jurisdictionCode":null,"ownerName":"THE CITY OF HICKORY","ownerName2":null,"propertyName":null,"zoningCode":null,"zoningDistrict":null,"jurisdictionPrefix":null,"dorCode":"VACANT","acreage":39.87,"centroid":[-81.393515,35.757335],"lastSale":{"date":"2021-02-01","price":null,"qualified":null},"tax":{"marketValue":null,"assessedValue":null,"taxableValue":null,"taxes":null},"mailingAddress":{"line1":"PO BOX 398","line2":null,"city":"HICKORY","state":"NC","zip":"28603"},"incomeTract":null,"incomeBlockGroup":null,"nearestRoad":null,"flu":null,"opportunityZone":null,"oz2Eligibility":null,"source":"nc-burke-parcels-37023","appraiserUrl":"http://taxweb.burkenc.org/CamaPWA/PropertySummary.aspx?REID=32039","gisViewerUrl":"https://gis.burkenc.org/"},"geometry":{"type":"Polygon","coordinates":[[[-81.391055,35.757957],[-81.391743,35.758149],[-81.393025,35.758144],[-81.393217,35.758168],[-81.39341,35.758168],[-81.393601,35.758143],[-81.393785,35.758095],[-81.393958,35.758023],[-81.394115,35.757931],[-81.394252,35.75782],[-81.394294,35.757863],[-81.394579,35.757667],[-81.395205,35.757173],[-81.395448,35.757038],[-81.395877,35.753355],[-81.392438,35.75336],[-81.391969,35.757537],[-81.391294,35.757437],[-81.391055,35.757957]]]}},{"type":"Feature","id":"37023:2754919124","properties":{"id":"37023:2754919124","parcelId":"2754919124","countyFips":"37023","countyName":"Burke","state":"North Carolina","marketIds":["Asheville"],"situsAddress":"2060 ABEE PARK ST","situsCity":"CONNELLY SPRINGS","situsZip":"28612","jurisdictionCode":null,"ownerName":"FARRELL, RUBY A;FARRELL, MACK L","ownerName2":null,"propertyName":null,"zoningCode":null,"zoningDistrict":null,"jurisdictionPrefix":null,"dorCode":"MOBILE HOME PARK","acreage":5.0,"centroid":[-81.494956,35.760796],"lastSale":{"date":"1980-07-31","price":null,"qualified":null},"tax":{"marketValue":56575.0,"assessedValue":null,"taxableValue":null,"taxes":null},"mailingAddress":{"line1":"6230 N WRANGLER RD","line2":null,"city":"FLAGSTAFF","state":"AZ","zip":"86004"},"incomeTract":null,"incomeBlockGroup":null,"nearestRoad":null,"flu":null,"opportunityZone":null,"oz2Eligibility":null,"source":"nc-burke-parcels-37023","appraiserUrl":"http://taxweb.burkenc.org/CamaPWA/PropertySummary.aspx?REID=36846","gisViewerUrl":"https://gis.burkenc.org/"},"geometry":{"type":"Polygon","coordinates":[[[-81.494789,35.761264],[-81.495612,35.761248],[-81.495746,35.760531],[-81.495854,35.760195],[-81.493844,35.76026],[-81.493893,35.761281],[-81.494789,35.761264]]]}},{"type":"Feature","id":"37023:2774312074","properties":{"id":"37023:2774312074","parcelId":"2774312074","countyFips":"37023","countyName":"Burke","state":"North Carolina","marketIds":["Asheville"],"situsAddress":"0 EMERSON CT","situsCity":"CONNELLY SPRINGS","situsZip":"28612","jurisdictionCode":null,"ownerName":"BRIARWOOD HEIGHTS HOA","ownerName2":null,"propertyName":null,"zoningCode":null,"zoningDistrict":null,"jurisdictionPrefix":null,"dorCode":"VACANT","acreage":6.03,"centroid":[-81.449309,35.761069],"lastSale":{"date":"1973-11-28","price":null,"qualified":null},"tax":{"marketValue":null,"assessedValue":null,"taxableValue":null,"taxes":null},"mailingAddress":{"line1":"PO BOX 79072","line2":null,"city":"CHARLOTTE","state":"NC","zip":"28271"},"incomeTract":null,"incomeBlockGroup":null,"nearestRoad":null,"flu":null,"opportunityZone":null,"oz2Eligibility":null,"source":"nc-burke-parcels-37023","appraiserUrl":"http://taxweb.burkenc.org/CamaPWA/PropertySummary.aspx?REID=37089","gisViewerUrl":"https://gis.burkenc.org/"},"geometry":{"type":"Polygon","coordinates":[[[-81.449908,35.762621],[-81.449882,35.762675],[-81.450272,35.762797],[-81.450786,35.762927],[-81.450978,35.760394],[-81.451151,35.76003],[-81.451214,35.759313],[-81.449763,35.759211],[-81.44965,35.759583],[-81.44964,35.759686],[-81.449656,35.75969],[-81.449711,35.759562],[-81.449767,35.759489],[-81.449917,35.759369],[-81.450106,35.759292],[-81.450314,35.759266],[-81.450522,35.759294],[-81.450709,35.759373],[-81.450858,35.759495],[-81.450952,35.759649],[-81.450976,35.759733],[-81.450979,35.759882],[-81.450912,35.760071],[-81.450817,35.760184],[-81.450617,35.760315],[-81.450465,35.760359],[-81.450308,35.760376],[-81.450066,35.760338],[-81.449909,35.76027],[-81.449828,35.760214],[-81.449751,35.760137],[-81.449679,35.760027],[-81.449715,35.760252],[-81.449694,35.760424],[-81.449631,35.760588],[-81.449656,35.760601],[-81.449774,35.760512],[-81.44996,35.760438],[-81.450071,35.760417],[-81.450286,35.760421],[-81.450488,35.760481],[-81.450577,35.760529],[-81.450723,35.760658],[-81.450774,35.760735],[-81.450811,35.760817],[-81.450831,35.760934],[-81.450818,35.761079],[-81.450731,35.76125],[-81.450609,35.761371],[-81.450527,35.761422],[-81.450338,35.761491],[-81.450134,35.76151],[-81.449931,35.761478],[-81.44975,35.761398],[-81.449607,35.761277],[-81.449515,35.761126],[-81.449483,35.76096],[-81.449492,35.760876],[-81.449537,35.760753],[-81.449502,35.760739],[-81.449354,35.76085],[-81.449164,35.760944],[-81.448883,35.761019],[-81.448892,35.761051],[-81.449138,35.761131],[-81.449291,35.761241],[-81.449396,35.761385],[-81.449442,35.761548],[-81.449426,35.761715],[-81.449348,35.76187],[-81.449217,35.761998],[-81.449044,35.762088],[-81.448846,35.762131],[-81.448641,35.762125],[-81.448542,35.762104],[-81.44837,35.76203],[-81.448285,35.761972],[-81.448166,35.761836],[-81.448103,35.761679],[-81.448094,35.761596],[-81.448101,35.761512],[-81.44816,35.761354],[-81.448276,35.761217],[-81.448352,35.76116],[-81.44853,35.76108],[-81.448677,35.761055],[-81.448682,35.761008],[-81.448425,35.760942],[-81.448235,35.760843],[-81.447403,35.76164],[-81.448671,35.76222],[-81.449694,35.762621],[-81.44972,35.762562],[-81.449523,35.762426],[-81.449419,35.762276],[-81.44939,35.762193],[-81.449379,35.762046],[-81.449438,35.761855],[-81.44953,35.761737],[-81.449633,35.761653],[-81.449864,35.761557],[-81.45013,35.761537],[-81.450277,35.761567],[-81.450427,35.761625],[-81.450591,35.761752],[-81.450686,35.761892],[-81.450726,35.762092],[-81.450704,35.762232],[-81.450667,35.762314],[-81.45055,35.762457],[-81.450384,35.762564],[-81.450186,35.762624],[-81.449908,35.762621]]]}},{"type":"Feature","id":"37023:2754914521","properties":{"id":"37023:2754914521","parcelId":"2754914521","countyFips":"37023","countyName":"Burke","state":"North Carolina","marketIds":["Asheville"],"situsAddress":"2068 TOMLINSON LOOP","situsCity":"CONNELLY SPRINGS","situsZip":"28612","jurisdictionCode":null,"ownerName":"CAROTHERS, RICHARD P;CAROTHERS, VIVIAN M","ownerName2":null,"propertyName":null,"zoningCode":null,"zoningDistrict":null,"jurisdictionPrefix":null,"dorCode":"SINGLE FAMILY RES","acreage":8.27,"centroid":[-81.496385,35.761845],"lastSale":{"date":"2007-05-30","price":100000.0,"qualified":null},"tax":{"marketValue":294660.0,"assessedValue":null,"taxableValue":null,"taxes":null},"mailingAddress":{"line1":"2068 TOMLINSON LOOP","line2":null,"city":"CONNELLY SPRINGS","state":"NC","zip":"28612"},"incomeTract":null,"incomeBlockGroup":null,"nearestRoad":null,"flu":null,"opportunityZone":null,"oz2Eligibility":null,"source":"nc-burke-parcels-37023","appraiserUrl":"http://taxweb.burkenc.org/CamaPWA/PropertySummary.aspx?REID=10050","gisViewerUrl":"https://gis.burkenc.org/"},"geometry":{"type":"Polygon","coordinates":[[[-81.49589,35.760841],[-81.495882,35.760897],[-81.495665,35.762139],[-81.496308,35.762177],[-81.496277,35.762752],[-81.496251,35.762921],[-81.497622,35.762954],[-81.497665,35.761148],[-81.495903,35.76078],[-81.49589,35.760841]]]}},{"type":"Feature","id":"37023:2764715451","properties":{"id":"37023:2764715451","parcelId":"2764715451","countyFips":"37023","countyName":"Burke","state":"North Carolina","marketIds":["Asheville"],"situsAddress":"7726 DECKER RD","situsCity":"CONNELLY SPRINGS","situsZip":"28612","jurisdictionCode":null,"ownerName":"WYCOFF, ROBERT LEE","ownerName2":null,"propertyName":null,"zoningCode":null,"zoningDistrict":null,"jurisdictionPrefix":null,"dorCode":"FARM DEFERRED","acreage":21.75,"centroid":[-81.469945,35.762242],"lastSale":{"date":"1985-04-18","price":50000.0,"qualified":null},"tax":{"marketValue":171302.0,"assessedValue":null,"taxableValue":null,"taxes":null},"mailingAddress":{"line1":"7726 DECKER ROAD","line2":null,"city":"CONNELLY SPRINGS","state":"NC","zip":"28612"},"incomeTract":null,"incomeBlockGroup":null,"nearestRoad":null,"flu":null,"opportunityZone":null,"oz2Eligibility":null,"source":"nc-burke-parcels-37023","appraiserUrl":"http://taxweb.burkenc.org/CamaPWA/PropertySummary.aspx?REID=10064","gisViewerUrl":"https://gis.burkenc.org/"},"geometry":{"type":"Polygon","coordinates":[[[-81.46916,35.762947],[-81.470023,35.762983],[-81.470831,35.762522],[-81.471561,35.762719],[-81.471721,35.762621],[-81.471874,35.762482],[-81.472452,35.761855],[-81.471493,35.761676],[-81.471713,35.761426],[-81.466156,35.761176],[-81.466211,35.761675],[-81.466141,35.762822],[-81.46916,35.762947]]]}},{"type":"Feature","id":"37023:2753999755","properties":{"id":"37023:2753999755","parcelId":"2753999755","countyFips":"37023","countyName":"Burke","state":"North Carolina","marketIds":["Asheville"],"situsAddress":"0 SHUFFLER ST","situsCity":"CONNELLY SPRINGS","situsZip":"28612","jurisdictionCode":null,"ownerName":"SHUFFLER, ALAN DAVID;SHUFFLER, STEVEN RAY","ownerName2":null,"propertyName":null,"zoningCode":null,"zoningDistrict":null,"jurisdictionPrefix":null,"dorCode":"VACANT","acreage":5.01,"centroid":[-81.494641,35.756774],"lastSale":{"date":"2015-10-13","price":null,"qualified":null},"tax":{"marketValue":35822.0,"assessedValue":null,"taxableValue":null,"taxes":null},"mailingAddress":{"line1":"2068 SHUFFLER ST","line2":null,"city":"CONNELLY SPRINGS","state":"NC","zip":"28612"},"incomeTract":null,"incomeBlockGroup":null,"nearestRoad":null,"flu":null,"opportunityZone":null,"oz2Eligibility":null,"source":"nc-burke-parcels-37023","appraiserUrl":"http://taxweb.burkenc.org/CamaPWA/PropertySummary.aspx?REID=10089","gisViewerUrl":"https://gis.burkenc.org/"},"geometry":{"type":"Polygon","coordinates":[[[-81.494157,35.758078],[-81.494634,35.758109],[-81.494693,35.757554],[-81.495663,35.757675],[-81.495798,35.755844],[-81.494984,35.755824],[-81.494712,35.75622],[-81.49431,35.75648],[-81.494022,35.756128],[-81.493931,35.756166],[-81.494152,35.756435],[-81.494157,35.758078]]]}},{"type":"Feature","id":"37023:2773484548","properties":{"id":"37023:2773484548","parcelId":"2773484548","countyFips":"37023","countyName":"Burke","state":"North Carolina","marketIds":["Asheville"],"situsAddress":"2136 ICARD RHODHISS RD","situsCity":"CONNELLY SPRINGS","situsZip":"28612","jurisdictionCode":null,"ownerName":"BARNES, LISA CARSWELL;BARNES, GORDON","ownerName2":null,"propertyName":null,"zoningCode":null,"zoningDistrict":null,"jurisdictionPrefix":null,"dorCode":"SINGLE FAMILY RES","acreage":7.06,"centroid":[-81.445732,35.754646],"lastSale":{"date":"2024-09-26","price":null,"qualified":null},"tax":{"marketValue":245970.0,"assessedValue":null,"taxableValue":null,"taxes":null},"mailingAddress":{"line1":"2136 ICARD RHODHISS RD","line2":null,"city":"CONNELLY SPRINGS","state":"NC","zip":"28612"},"incomeTract":null,"incomeBlockGroup":null,"nearestRoad":null,"flu":null,"opportunityZone":null,"oz2Eligibility":null,"source":"nc-burke-parcels-37023","appraiserUrl":"http://taxweb.burkenc.org/CamaPWA/PropertySummary.aspx?REID=15301","gisViewerUrl":"https://gis.burkenc.org/"},"geometry":{"type":"Polygon","coordinates":[[[-81.444085,35.755106],[-81.444356,35.755119],[-81.447745,35.75529],[-81.448011,35.754221],[-81.446782,35.754641],[-81.446591,35.75474],[-81.444992,35.754324],[-81.44487,35.754274],[-81.444153,35.754098],[-81.444085,35.755106]]]}},{"type":"Feature","id":"37023:2754826804","properties":{"id":"37023:2754826804","parcelId":"2754826804","countyFips":"37023","countyName":"Burke","state":"North Carolina","marketIds":["Asheville"],"situsAddress":"1784 TOMLINSON LOOP","situsCity":"CONNELLY SPRINGS","situsZip":"28612","jurisdictionCode":null,"ownerName":"VASQUEZ, ISAAC","ownerName2":null,"propertyName":null,"zoningCode":null,"zoningDistrict":null,"jurisdictionPrefix":null,"dorCode":"SINGLE FAMILY RES","acreage":9.18,"centroid":[-81.499507,35.764718],"lastSale":{"date":"2025-10-16","price":75000.0,"qualified":null},"tax":{"marketValue":53555.0,"assessedValue":null,"taxableValue":null,"taxes":null},"mailingAddress":{"line1":"101 HOLLY PL","line2":null,"city":"MORGANTON","state":"NC","zip":"28655"},"incomeTract":null,"incomeBlockGroup":null,"nearestRoad":null,"flu":null,"opportunityZone":null,"oz2Eligibility":null,"source":"nc-burke-parcels-37023","appraiserUrl":"http://taxweb.burkenc.org/CamaPWA/PropertySummary.aspx?REID=15468","gisViewerUrl":"https://gis.burkenc.org/"},"geometry":{"type":"Polygon","coordinates":[[[-81.499174,35.764797],[-81.498696,35.765327],[-81.499166,35.766145],[-81.499594,35.76596],[-81.49986,35.765897],[-81.500092,35.764336],[-81.500924,35.763786],[-81.502422,35.764052],[-81.502499,35.763813],[-81.502429,35.763705],[-81.502608,35.763351],[-81.502628,35.763051],[-81.500821,35.763013],[-81.499174,35.764797]]]}},{"type":"Feature","id":"37023:2783166700","properties":{"id":"37023:2783166700","parcelId":"2783166700","countyFips":"37023","countyName":"Burke","state":"North Carolina","marketIds":["Asheville"],"situsAddress":"1020 CAPE HICKORY RD","situsCity":"HICKORY","situsZip":"28601","jurisdictionCode":null,"ownerName":"MCCANN, JOHN THOMAS;GREENE, ELLEN MARIE","ownerName2":null,"propertyName":null,"zoningCode":null,"zoningDistrict":null,"jurisdictionPrefix":null,"dorCode":"SINGLE FAMILY RES","acreage":6.67,"centroid":[-81.420149,35.750834],"lastSale":{"date":"2025-10-20","price":null,"qualified":null},"tax":{"marketValue":103056.0,"assessedValue":null,"taxableValue":null,"taxes":null},"mailingAddress":{"line1":"1066 CAPE HICKORY RD","line2":null,"city":"HICKORY","state":"NC","zip":"28601"},"incomeTract":null,"incomeBlockGroup":null,"nearestRoad":null,"flu":null,"opportunityZone":null,"oz2Eligibility":null,"source":"nc-burke-parcels-37023","appraiserUrl":"http://taxweb.burkenc.org/CamaPWA/PropertySummary.aspx?REID=19733","gisViewerUrl":"https://gis.burkenc.org/"},"geometry":{"type":"Polygon","coordinates":[[[-81.420533,35.750246],[-81.419872,35.750235],[-81.419961,35.750983],[-81.420073,35.751014],[-81.420145,35.750954],[-81.420445,35.750896],[-81.420719,35.750912],[-81.420721,35.75095],[-81.420774,35.750969],[-81.420918,35.7509],[-81.4213,35.750782],[-81.421958,35.750691],[-81.422118,35.748575],[-81.421853,35.748423],[-81.42154,35.748155],[-81.421302,35.749141],[-81.421065,35.750256],[-81.420533,35.750246]]]}},{"type":"Feature","id":"37023:2763079333","properties":{"id":"37023:2763079333","parcelId":"2763079333","countyFips":"37023","countyName":"Burke","state":"North Carolina","marketIds":["Asheville"],"situsAddress":"7079 NOLDEN CREEK RD","situsCity":"CONNELLY SPRINGS","situsZip":"28612","jurisdictionCode":null,"ownerName":"ROBINSON, FRANCES FOWLER;ROBINSON, EDDIE D","ownerName2":null,"propertyName":null,"zoningCode":null,"zoningDistrict":null,"jurisdictionPrefix":null,"dorCode":"SINGLE FAMILY RES","acreage":12.2,"centroid":[-81.491115,35.750075],"lastSale":{"date":"2023-09-17","price":null,"qualified":null},"tax":{"marketValue":289460.0,"assessedValue":null,"taxableValue":null,"taxes":null},"mailingAddress":{"line1":"7079 NOLDEN CREEK RD","line2":null,"city":"CONNELLY SPRINGS","state":"NC","zip":"28612"},"incomeTract":null,"incomeBlockGroup":null,"nearestRoad":null,"flu":null,"opportunityZone":null,"oz2Eligibility":null,"source":"nc-burke-parcels-37023","appraiserUrl":"http://taxweb.burkenc.org/CamaPWA/PropertySummary.aspx?REID=19748","gisViewerUrl":"https://gis.burkenc.org/"},"geometry":{"type":"Polygon","coordinates":[[[-81.493103,35.751275],[-81.49304,35.750411],[-81.492146,35.750258],[-81.492046,35.75022],[-81.49192,35.750132],[-81.491837,35.750015],[-81.491809,35.749929],[-81.491801,35.749722],[-81.491252,35.749715],[-81.49087,35.749257],[-81.490575,35.749353],[-81.49038,35.74936],[-81.490296,35.749431],[-81.490144,35.749459],[-81.489126,35.750039],[-81.48951,35.750308],[-81.489964,35.750531],[-81.489562,35.751022],[-81.491808,35.750986],[-81.493103,35.751275]]]}},{"type":"Feature","id":"37023:2774019603","properties":{"id":"37023:2774019603","parcelId":"2774019603","countyFips":"37023","countyName":"Burke","state":"North Carolina","marketIds":["Asheville"],"situsAddress":"8249 DECKER RD","situsCity":"CONNELLY SPRINGS","situsZip":"28612","jurisdictionCode":null,"ownerName":"FOWLER, SARAH JANE;MAYNARD, LORI F","ownerName2":null,"propertyName":null,"zoningCode":null,"zoningDistrict":null,"jurisdictionPrefix":null,"dorCode":"MOBILE HOME PARK","acreage":28.46,"centroid":[-81.45813,35.762442],"lastSale":{"date":"2025-10-29","price":null,"qualified":null},"tax":{"marketValue":241289.0,"assessedValue":null,"taxableValue":null,"taxes":null},"mailingAddress":{"line1":"8327 DECKER RD","line2":null,"city":"CONNELLY SPRINGS","state":"NC","zip":"28612"},"incomeTract":null,"incomeBlockGroup":null,"nearestRoad":null,"flu":null,"opportunityZone":null,"oz2Eligibility":null,"source":"nc-burke-parcels-37023","appraiserUrl":"http://taxweb.burkenc.org/CamaPWA/PropertySummary.aspx?REID=19751","gisViewerUrl":"https://gis.burkenc.org/"},"geometry":{"type":"Polygon","coordinates":[[[-81.45578,35.763957],[-81.459794,35.764905],[-81.459899,35.76297],[-81.459729,35.76289],[-81.459513,35.762724],[-81.458788,35.76194],[-81.458372,35.76155],[-81.457944,35.761249],[-81.457621,35.761126],[-81.456077,35.760826],[-81.455917,35.762728],[-81.45578,35.763957]]]}},{"type":"Feature","id":"37023:2763892097","properties":{"id":"37023:2763892097","parcelId":"2763892097","countyFips":"37023","countyName":"Burke","state":"North Carolina","marketIds":["Asheville"],"situsAddress":"8097 RHODHISS RD","situsCity":"CONNELLY SPRINGS","situsZip":"28612","jurisdictionCode":null,"ownerName":"LONG, SYLVIA","ownerName2":null,"propertyName":null,"zoningCode":null,"zoningDistrict":null,"jurisdictionPrefix":null,"dorCode":"SINGLE FAMILY RES","acreage":13.01,"centroid":[-81.465932,35.75649],"lastSale":{"date":"2011-01-01","price":null,"qualified":null},"tax":{"marketValue":217006.0,"assessedValue":null,"taxableValue":null,"taxes":null},"mailingAddress":{"line1":"8069 RHODHISS ROAD","line2":null,"city":"CONNELLY SPRINGS","state":"NC","zip":"28612"},"incomeTract":null,"incomeBlockGroup":null,"nearestRoad":null,"flu":null,"opportunityZone":null,"oz2Eligibility":null,"source":"nc-burke-parcels-37023","appraiserUrl":"http://taxweb.burkenc.org/CamaPWA/PropertySummary.aspx?REID=19902","gisViewerUrl":"https://gis.burkenc.org/"},"geometry":{"type":"Polygon","coordinates":[[[-81.466302,35.759275],[-81.466343,35.759213],[-81.466492,35.758241],[-81.466625,35.757001],[-81.467443,35.75703],[-81.466742,35.754114],[-81.465068,35.754559],[-81.464387,35.754803],[-81.464385,35.755194],[-81.46517,35.755501],[-81.465651,35.755464],[-81.46602,35.756983],[-81.466487,35.756997],[-81.466302,35.759275]]]}},{"type":"Feature","id":"37023:2774116127","properties":{"id":"37023:2774116127","parcelId":"2774116127","countyFips":"37023","countyName":"Burke","state":"North Carolina","marketIds":["Asheville"],"situsAddress":"8503 RHODHISS RD","situsCity":"CONNELLY SPRINGS","situsZip":"28612","jurisdictionCode":null,"ownerName":"FULBRIGHT, JOHN EDWARD;FULBRIGHT, SANDRA","ownerName2":null,"propertyName":null,"zoningCode":null,"zoningDistrict":null,"jurisdictionPrefix":null,"dorCode":"SINGLE FAMILY RES","acreage":5.75,"centroid":[-81.455464,35.761604],"lastSale":{"date":"1997-11-18","price":null,"qualified":null},"tax":{"marketValue":98047.0,"assessedValue":null,"taxableValue":null,"taxes":null},"mailingAddress":{"line1":"968 RICHEY RD","line2":null,"city":"TAYLORSVILLE","state":"NC","zip":"28681"},"incomeTract":null,"incomeBlockGroup":null,"nearestRoad":null,"flu":null,"opportunityZone":null,"oz2Eligibility":null,"source":"nc-burke-parcels-37023","appraiserUrl":"http://taxweb.burkenc.org/CamaPWA/PropertySummary.aspx?REID=19923","gisViewerUrl":"https://gis.burkenc.org/"},"geometry":{"type":"Polygon","coordinates":[[[-81.454227,35.762177],[-81.455917,35.762728],[-81.456077,35.760826],[-81.455635,35.760684],[-81.454227,35.762177]]]}},{"type":"Feature","id":"37023:2764622042","properties":{"id":"37023:2764622042","parcelId":"2764622042","countyFips":"37023","countyName":"Burke","state":"North Carolina","marketIds":["Asheville"],"situsAddress":"1993 WORTMAN ST","situsCity":"CONNELLY SPRINGS","situsZip":"28612","jurisdictionCode":null,"ownerName":"ROEBUCK, JUDY R;JUDY R. ROEBUCK REVOCABLE TRUST","ownerName2":null,"propertyName":null,"zoningCode":null,"zoningDistrict":null,"jurisdictionPrefix":null,"dorCode":"SINGLE FAMILY RES","acreage":12.72,"centroid":[-81.474149,35.763677],"lastSale":{"date":"2004-11-30","price":30000.0,"qualified":null},"tax":{"marketValue":259797.0,"assessedValue":null,"taxableValue":null,"taxes":null},"mailingAddress":{"line1":"1993 WORTMAN ST","line2":null,"city":"CONNELLY SPRINGS","state":"NC","zip":"28612"},"incomeTract":null,"incomeBlockGroup":null,"nearestRoad":null,"flu":null,"opportunityZone":null,"oz2Eligibility":null,"source":"nc-burke-parcels-37023","appraiserUrl":"http://taxweb.burkenc.org/CamaPWA/PropertySummary.aspx?REID=19926","gisViewerUrl":"https://gis.burkenc.org/"},"geometry":{"type":"Polygon","coordinates":[[[-81.471479,35.764533],[-81.473808,35.764586],[-81.474222,35.764596],[-81.474723,35.763807],[-81.475743,35.763568],[-81.475754,35.763481],[-81.475891,35.763067],[-81.475903,35.762932],[-81.475837,35.762768],[-81.472482,35.762771],[-81.472453,35.764014],[-81.471491,35.763997],[-81.471479,35.764533]]]}},{"type":"Feature","id":"37023:2773186434","properties":{"id":"37023:2773186434","parcelId":"2773186434","countyFips":"37023","countyName":"Burke","state":"North Carolina","marketIds":["Asheville"],"situsAddress":"0 OLD HOMEPLACE RD","situsCity":"CONNELLY SPRINGS","situsZip":"28612","jurisdictionCode":null,"ownerName":"FOX, RETA FULBRIGHT;FULBRIGHT, FRANK HEIRS;DAMERON, PHYLLIS FULBRIGHT HEIRS;MILLER, CAMERON FULBRIGHT HEIRS","ownerName2":null,"propertyName":null,"zoningCode":null,"zoningDistrict":null,"jurisdictionPrefix":null,"dorCode":"VACANT","acreage":20.47,"centroid":[-81.454749,35.753566],"lastSale":{"date":"2025-12-04","price":null,"qualified":null},"tax":{"marketValue":92440.0,"assessedValue":null,"taxableValue":null,"taxes":null},"mailingAddress":{"line1":"183 LAKEMONT PARK RD","line2":null,"city":"HICKORY","state":"NC","zip":"28601"},"incomeTract":null,"incomeBlockGroup":null,"nearestRoad":null,"flu":null,"opportunityZone":null,"oz2Eligibility":null,"source":"nc-burke-parcels-37023","appraiserUrl":"http://taxweb.burkenc.org/CamaPWA/PropertySummary.aspx?REID=19949","gisViewerUrl":"https://gis.burkenc.org/"},"geometry":{"type":"Polygon","coordinates":[[[-81.454181,35.75562],[-81.45573,35.755709],[-81.4559,35.755719],[-81.45611,35.753076],[-81.456176,35.751462],[-81.453419,35.75156],[-81.453351,35.751679],[-81.453431,35.75365],[-81.454441,35.753617],[-81.454181,35.75562]]]}},{"type":"Feature","id":"37023:2763084051","properties":{"id":"37023:2763084051","parcelId":"2763084051","countyFips":"37023","countyName":"Burke","state":"North Carolina","marketIds":["Asheville"],"situsAddress":"7065 GARMON ST","situsCity":"CONNELLY SPRINGS","situsZip":"28612","jurisdictionCode":null,"ownerName":"BOWMAN, JERRY SHANE;BOWMAN, LAUREN SHEA","ownerName2":null,"propertyName":null,"zoningCode":null,"zoningDistrict":null,"jurisdictionPrefix":null,"dorCode":"VACANT","acreage":11.75,"centroid":[-81.492441,35.752424],"lastSale":{"date":"2021-03-17","price":null,"qualified":null},"tax":{"marketValue":55339.0,"assessedValue":null,"taxableValue":null,"taxes":null},"mailingAddress":{"line1":"7448 J CARSWELL ST","line2":null,"city":"HICKORY","state":"NC","zip":"28602"},"incomeTract":null,"incomeBlockGroup":null,"nearestRoad":null,"flu":null,"opportunityZone":null,"oz2Eligibility":null,"source":"nc-burke-parcels-37023","appraiserUrl":"http://taxweb.burkenc.org/CamaPWA/PropertySummary.aspx?REID=19999","gisViewerUrl":"https://gis.burkenc.org/"},"geometry":{"type":"Polygon","coordinates":[[[-81.490952,35.75294],[-81.491799,35.753026],[-81.492336,35.753114],[-81.492331,35.75279],[-81.492897,35.752726],[-81.493485,35.752718],[-81.493477,35.752387],[-81.49407,35.752387],[-81.494047,35.751492],[-81.491808,35.750986],[-81.491339,35.752051],[-81.492304,35.75228],[-81.492135,35.752656],[-81.491193,35.752385],[-81.490952,35.75294]]]}},{"type":"Feature","id":"37023:2773196716","properties":{"id":"37023:2773196716","parcelId":"2773196716","countyFips":"37023","countyName":"Burke","state":"North Carolina","marketIds":["Asheville"],"situsAddress":"2087 CALLING BIRD LN","situsCity":"CONNELLY SPRINGS","situsZip":"28612","jurisdictionCode":null,"ownerName":"BRADSHAW, LISA P","ownerName2":null,"propertyName":null,"zoningCode":null,"zoningDistrict":null,"jurisdictionPrefix":null,"dorCode":"VACANT","acreage":7.22,"centroid":[-81.455932,35.758021],"lastSale":{"date":"2024-01-12","price":null,"qualified":null},"tax":{"marketValue":55696.0,"assessedValue":null,"taxableValue":null,"taxes":null},"mailingAddress":{"line1":"PO BOX 726","line2":null,"city":"CONNELLY SPRINGS","state":"NC","zip":"28612"},"incomeTract":null,"incomeBlockGroup":null,"nearestRoad":null,"flu":null,"opportunityZone":null,"oz2Eligibility":null,"source":"nc-burke-parcels-37023","appraiserUrl":"http://taxweb.burkenc.org/CamaPWA/PropertySummary.aspx?REID=20272","gisViewerUrl":"https://gis.burkenc.org/"},"geometry":{"type":"Polygon","coordinates":[[[-81.456293,35.758751],[-81.4564,35.758661],[-81.45682,35.758758],[-81.457118,35.758922],[-81.457398,35.758687],[-81.456488,35.757582],[-81.455999,35.757824],[-81.4558,35.757834],[-81.455559,35.757539],[-81.455735,35.757381],[-81.455206,35.757152],[-81.454244,35.756886],[-81.454211,35.757811],[-81.455772,35.7585],[-81.456293,35.758751]]]}},{"type":"Feature","id":"37023:2783377183","properties":{"id":"37023:2783377183","parcelId":"2783377183","countyFips":"37023","countyName":"Burke","state":"North Carolina","marketIds":["Asheville"],"situsAddress":"2330 LIBERTY CHURCH RD","situsCity":"HICKORY","situsZip":"28601","jurisdictionCode":null,"ownerName":"PETREE, JESSICA DAWN BOWMAN","ownerName2":null,"propertyName":null,"zoningCode":null,"zoningDistrict":null,"jurisdictionPrefix":null,"dorCode":"MOBILE HOME PARK","acreage":8.72,"centroid":[-81.41397,35.750922],"lastSale":{"date":"2025-07-31","price":null,"qualified":null},"tax":{"marketValue":57652.0,"assessedValue":null,"taxableValue":null,"taxes":null},"mailingAddress":{"line1":"9770 LAKEVIEW DR","line2":null,"city":"HICKORY","state":"NC","zip":"28601"},"incomeTract":null,"incomeBlockGroup":null,"nearestRoad":null,"flu":null,"opportunityZone":null,"oz2Eligibility":null,"source":"nc-burke-parcels-37023","appraiserUrl":"http://taxweb.burkenc.org/CamaPWA/PropertySummary.aspx?REID=20277","gisViewerUrl":"https://gis.burkenc.org/"},"geometry":{"type":"Polygon","coordinates":[[[-81.414908,35.753061],[-81.414989,35.753061],[-81.415021,35.75306],[-81.414372,35.749893],[-81.413811,35.749939],[-81.413635,35.749681],[-81.413965,35.749649],[-81.413825,35.749126],[-81.413605,35.749141],[-81.413422,35.74924],[-81.413031,35.749769],[-81.413773,35.750947],[-81.413129,35.751168],[-81.413482,35.752012],[-81.414157,35.751947],[-81.4144,35.753051],[-81.414908,35.753061]]]}},{"type":"Feature","id":"37023:2783372332","properties":{"id":"37023:2783372332","parcelId":"2783372332","countyFips":"37023","countyName":"Burke","state":"North Carolina","marketIds":["Asheville"],"situsAddress":"2312 JACK LONDON ST","situsCity":"HICKORY","situsZip":"28601","jurisdictionCode":null,"ownerName":"CARBAJAL, MAYRA DE LA SANCHA","ownerName2":null,"propertyName":null,"zoningCode":null,"zoningDistrict":null,"jurisdictionPrefix":null,"dorCode":"SINGLE FAMILY RES","acreage":8.68,"centroid":[-81.415766,35.751543],"lastSale":{"date":"2020-06-18","price":64000.0,"qualified":null},"tax":{"marketValue":57600.0,"assessedValue":null,"taxableValue":null,"taxes":null},"mailingAddress":{"line1":"2341 LIBERTY CHURCH RD","line2":null,"city":"HICKORY","state":"NC","zip":"28601"},"incomeTract":null,"incomeBlockGroup":null,"nearestRoad":null,"flu":null,"opportunityZone":null,"oz2Eligibility":null,"source":"nc-burke-parcels-37023","appraiserUrl":"http://taxweb.burkenc.org/CamaPWA/PropertySummary.aspx?REID=20278","gisViewerUrl":"https://gis.burkenc.org/"},"geometry":{"type":"Polygon","coordinates":[[[-81.414917,35.752567],[-81.415021,35.75306],[-81.416816,35.75294],[-81.416824,35.75164],[-81.415938,35.751564],[-81.415984,35.751231],[-81.4162,35.751114],[-81.416311,35.750791],[-81.415494,35.750699],[-81.415491,35.750266],[-81.414875,35.750167],[-81.415324,35.752478],[-81.414917,35.752567]]]}},{"type":"Feature","id":"37023:2763387134","properties":{"id":"37023:2763387134","parcelId":"2763387134","countyFips":"37023","countyName":"Burke","state":"North Carolina","marketIds":["Asheville"],"situsAddress":"7404 OAK RIDGE CHURCH RD","situsCity":"CONNELLY SPRINGS","situsZip":"28612","jurisdictionCode":null,"ownerName":"KEENER, WILLIAM MATTHEW","ownerName2":null,"propertyName":null,"zoningCode":null,"zoningDistrict":null,"jurisdictionPrefix":null,"dorCode":"SINGLE FAMILY RES","acreage":7.85,"centroid":[-81.481577,35.752686],"lastSale":{"date":"2026-04-06","price":250000.0,"qualified":null},"tax":{"marketValue":163796.0,"assessedValue":null,"taxableValue":null,"taxes":null},"mailingAddress":{"line1":"7404 OAK RIDGE CHURCH RD","line2":null,"city":"CONNELLY SPRINGS","state":"NC","zip":"28612"},"incomeTract":null,"incomeBlockGroup":null,"nearestRoad":null,"flu":null,"opportunityZone":null,"oz2Eligibility":null,"source":"nc-burke-parcels-37023","appraiserUrl":"http://taxweb.burkenc.org/CamaPWA/PropertySummary.aspx?REID=20325","gisViewerUrl":"https://gis.burkenc.org/"},"geometry":{"type":"Polygon","coordinates":[[[-81.480198,35.75343],[-81.480331,35.753402],[-81.480612,35.753365],[-81.480897,35.753358],[-81.483022,35.753522],[-81.483098,35.752682],[-81.482357,35.752538],[-81.482173,35.752425],[-81.481975,35.75234],[-81.481919,35.752256],[-81.481833,35.752244],[-81.481612,35.752068],[-81.481189,35.751971],[-81.48086,35.752002],[-81.480198,35.75343]]]}},{"type":"Feature","id":"37023:2763283142","properties":{"id":"37023:2763283142","parcelId":"2763283142","countyFips":"37023","countyName":"Burke","state":"North Carolina","marketIds":["Asheville"],"situsAddress":"7254 OAK RIDGE CHURCH RD","situsCity":"CONNELLY SPRINGS","situsZip":"28612","jurisdictionCode":null,"ownerName":"LAIL, HUBERT H;LAIL, LOVENA P","ownerName2":null,"propertyName":null,"zoningCode":null,"zoningDistrict":null,"jurisdictionPrefix":null,"dorCode":"SINGLE FAMILY RES","acreage":7.35,"centroid":[-81.486796,35.752216],"lastSale":{"date":"2002-06-19","price":26000.0,"qualified":null},"tax":{"marketValue":447964.0,"assessedValue":null,"taxableValue":null,"taxes":null},"mailingAddress":{"line1":"7254 OAK RIDGE CHURCH RD","line2":null,"city":"CONNELLY SPRINGS","state":"NC","zip":"28612"},"incomeTract":null,"incomeBlockGroup":null,"nearestRoad":null,"flu":null,"opportunityZone":null,"oz2Eligibility":null,"source":"nc-burke-parcels-37023","appraiserUrl":"http://taxweb.burkenc.org/CamaPWA/PropertySummary.aspx?REID=24449","gisViewerUrl":"https://gis.burkenc.org/"},"geometry":{"type":"Polygon","coordinates":[[[-81.485938,35.754017],[-81.486112,35.754079],[-81.486922,35.754366],[-81.486833,35.752993],[-81.487979,35.751554],[-81.487856,35.75145],[-81.487571,35.75114],[-81.487392,35.751196],[-81.487228,35.751289],[-81.487072,35.751453],[-81.486914,35.751571],[-81.486816,35.751685],[-81.486769,35.75171],[-81.486745,35.751768],[-81.486629,35.751864],[-81.486495,35.752067],[-81.486029,35.752438],[-81.485895,35.752601],[-81.485927,35.752872],[-81.485938,35.754017]]]}},{"type":"Feature","id":"37023:2773983645","properties":{"id":"37023:2773983645","parcelId":"2773983645","countyFips":"37023","countyName":"Burke","state":"North Carolina","marketIds":["Asheville"],"situsAddress":"1230 CAPE HICKORY RD","situsCity":"HICKORY","situsZip":"28601","jurisdictionCode":null,"ownerName":"BROWN, HERBERT","ownerName2":null,"propertyName":null,"zoningCode":null,"zoningDistrict":null,"jurisdictionPrefix":null,"dorCode":"SINGLE FAMILY RES","acreage":6.25,"centroid":[-81.429242,35.755088],"lastSale":{"date":"2016-01-06","price":225000.0,"qualified":null},"tax":{"marketValue":286896.0,"assessedValue":null,"taxableValue":null,"taxes":null},"mailingAddress":{"line1":"2730 AMBER POND CT","line2":null,"city":"GRANITE FALLS","state":"NC","zip":"28630"},"incomeTract":null,"incomeBlockGroup":null,"nearestRoad":null,"flu":null,"opportunityZone":null,"oz2Eligibility":null,"source":"nc-burke-parcels-37023","appraiserUrl":"http://taxweb.burkenc.org/CamaPWA/PropertySummary.aspx?REID=29186","gisViewerUrl":"https://gis.burkenc.org/"},"geometry":{"type":"Polygon","coordinates":[[[-81.429037,35.757768],[-81.429484,35.757779],[-81.429516,35.757464],[-81.429558,35.756476],[-81.429261,35.755238],[-81.430097,35.753857],[-81.429441,35.753874],[-81.42905,35.753856],[-81.429081,35.75319],[-81.428743,35.753156],[-81.428766,35.753729],[-81.42887,35.754668],[-81.429037,35.757768]]]}},{"type":"Feature","id":"37023:2783090330","properties":{"id":"37023:2783090330","parcelId":"2783090330","countyFips":"37023","countyName":"Burke","state":"North Carolina","marketIds":["Asheville"],"situsAddress":"0 ECKARD RD","situsCity":"HICKORY","situsZip":"28601","jurisdictionCode":null,"ownerName":"GOOD, JILL RENEE;THE PHYLLIS R. BRADY TRUST","ownerName2":null,"propertyName":null,"zoningCode":null,"zoningDistrict":null,"jurisdictionPrefix":null,"dorCode":"VACANT","acreage":10.11,"centroid":[-81.426328,35.756979],"lastSale":{"date":"2016-08-03","price":null,"qualified":null},"tax":{"marketValue":32294.0,"assessedValue":null,"taxableValue":null,"taxes":null},"mailingAddress":{"line1":"101 DUKE STREET","line2":null,"city":"GRANITE FALLS","state":"NC","zip":"28630"},"incomeTract":null,"incomeBlockGroup":null,"nearestRoad":null,"flu":null,"opportunityZone":null,"oz2Eligibility":null,"source":"nc-burke-parcels-37023","appraiserUrl":"http://taxweb.burkenc.org/CamaPWA/PropertySummary.aspx?REID=29282","gisViewerUrl":"https://gis.burkenc.org/"},"geometry":{"type":"Polygon","coordinates":[[[-81.424567,35.757447],[-81.425845,35.758094],[-81.426481,35.757687],[-81.428337,35.757749],[-81.428271,35.755877],[-81.428115,35.755957],[-81.428003,35.755987],[-81.427598,35.756192],[-81.426833,35.756616],[-81.426497,35.756698],[-81.425938,35.757071],[-81.425804,35.757085],[-81.425638,35.757173],[-81.425265,35.75722],[-81.424883,35.757238],[-81.424823,35.757288],[-81.424672,35.757272],[-81.424567,35.757447]]]}},{"type":"Feature","id":"37023:2763492756","properties":{"id":"37023:2763492756","parcelId":"2763492756","countyFips":"37023","countyName":"Burke","state":"North Carolina","marketIds":["Asheville"],"situsAddress":"7278 KNOX AVE","situsCity":"CONNELLY SPRINGS","situsZip":"28612","jurisdictionCode":null,"ownerName":"BOWMAN, LARRY R;BOWMAN, LAURA L","ownerName2":null,"propertyName":null,"zoningCode":null,"zoningDistrict":null,"jurisdictionPrefix":null,"dorCode":"SINGLE FAMILY RES","acreage":13.91,"centroid":[-81.480203,35.757378],"lastSale":{"date":"2014-01-29","price":163500.0,"qualified":null},"tax":{"marketValue":339952.0,"assessedValue":null,"taxableValue":null,"taxes":null},"mailingAddress":{"line1":"7278 KNOX AVE","line2":null,"city":"CONNELLY SPRINGS","state":"NC","zip":"28612"},"incomeTract":null,"incomeBlockGroup":null,"nearestRoad":null,"flu":null,"opportunityZone":null,"oz2Eligibility":null,"source":"nc-burke-parcels-37023","appraiserUrl":"http://taxweb.burkenc.org/CamaPWA/PropertySummary.aspx?REID=29410","gisViewerUrl":"https://gis.burkenc.org/"},"geometry":{"type":"Polygon","coordinates":[[[-81.478698,35.757035],[-81.478673,35.757377],[-81.47864,35.757844],[-81.481163,35.75846],[-81.481816,35.758522],[-81.481814,35.75802],[-81.481681,35.756347],[-81.480598,35.756447],[-81.478746,35.756354],[-81.478698,35.757035]]]}},{"type":"Feature","id":"37023:2764704394","properties":{"id":"37023:2764704394","parcelId":"2764704394","countyFips":"37023","countyName":"Burke","state":"North Carolina","marketIds":["Asheville"],"situsAddress":"7705 WATSON ST","situsCity":"CONNELLY SPRINGS","situsZip":"28612","jurisdictionCode":null,"ownerName":"BRITTAIN, LILLIE M","ownerName2":null,"propertyName":null,"zoningCode":null,"zoningDistrict":null,"jurisdictionPrefix":null,"dorCode":"SINGLE FAMILY RES","acreage":13.53,"centroid":[-81.46828,35.758925],"lastSale":{"date":"2019-06-28","price":null,"qualified":null},"tax":{"marketValue":137380.0,"assessedValue":null,"taxableValue":null,"taxes":null},"mailingAddress":{"line1":"7705 WATSON ST","line2":null,"city":"CONNELLY SPRINGS","state":"NC","zip":"28612"},"incomeTract":null,"incomeBlockGroup":null,"nearestRoad":null,"flu":null,"opportunityZone":null,"oz2Eligibility":null,"source":"nc-burke-parcels-37023","appraiserUrl":"http://taxweb.burkenc.org/CamaPWA/PropertySummary.aspx?REID=29471","gisViewerUrl":"https://gis.burkenc.org/"},"geometry":{"type":"Polygon","coordinates":[[[-81.467415,35.759449],[-81.467594,35.75956],[-81.468346,35.75979],[-81.468686,35.759831],[-81.468998,35.760008],[-81.469389,35.760173],[-81.471011,35.758336],[-81.469875,35.758325],[-81.469855,35.758216],[-81.470043,35.757521],[-81.46979,35.757617],[-81.469799,35.757319],[-81.468985,35.75764],[-81.466343,35.759213],[-81.466526,35.759218],[-81.466795,35.759179],[-81.466977,35.759117],[-81.467053,35.75906],[-81.46707,35.759124],[-81.46715,35.759171],[-81.467178,35.759241],[-81.467276,35.759234],[-81.467415,35.759449]]]}},{"type":"Feature","id":"37023:2784027516","properties":{"id":"37023:2784027516","parcelId":"2784027516","countyFips":"37023","countyName":"Burke","state":"North Carolina","marketIds":["Asheville"],"situsAddress":"2060 BRITTAINS HOLLAR LN","situsCity":"HICKORY","situsZip":"28601","jurisdictionCode":null,"ownerName":"BRITTAIN, GARLAND ANDREW","ownerName2":null,"propertyName":null,"zoningCode":null,"zoningDistrict":null,"jurisdictionPrefix":null,"dorCode":"FARM DEFERRED","acreage":45.16,"centroid":[-81.42504,35.763874],"lastSale":{"date":"1987-01-01","price":null,"qualified":null},"tax":{"marketValue":389242.0,"assessedValue":null,"taxableValue":null,"taxes":null},"mailingAddress":{"line1":"2060 BRITTAINS HOLLAR","line2":null,"city":"HICKORY","state":"NC","zip":"28601"},"incomeTract":null,"incomeBlockGroup":null,"nearestRoad":null,"flu":null,"opportunityZone":null,"oz2Eligibility":null,"source":"nc-burke-parcels-37023","appraiserUrl":"http://taxweb.burkenc.org/CamaPWA/PropertySummary.aspx?REID=29476","gisViewerUrl":"https://gis.burkenc.org/"},"geometry":{"type":"Polygon","coordinates":[[[-81.424779,35.763346],[-81.424769,35.762968],[-81.426115,35.763016],[-81.42606,35.763094],[-81.425887,35.763174],[-81.425684,35.763328],[-81.425421,35.76366],[-81.425218,35.76419],[-81.425,35.764109],[-81.425049,35.76387],[-81.42454,35.763707],[-81.424486,35.763767],[-81.42435,35.764318],[-81.424018,35.764735],[-81.424215,35.765571],[-81.423356,35.76564],[-81.422113,35.769663],[-81.423435,35.770231],[-81.428553,35.761962],[-81.427335,35.761911],[-81.426708,35.761909],[-81.426421,35.762451],[-81.4263,35.762784],[-81.424763,35.762729],[-81.424758,35.762553],[-81.424431,35.763395],[-81.42435,35.763363],[-81.424334,35.763426],[-81.424213,35.763655],[-81.42454,35.763707],[-81.424779,35.763346]]]}},{"type":"Feature","id":"37023:2774212051","properties":{"id":"37023:2774212051","parcelId":"2774212051","countyFips":"37023","countyName":"Burke","state":"North Carolina","marketIds":["Asheville"],"situsAddress":"8530 RHODHISS RD","situsCity":"CONNELLY SPRINGS","situsZip":"28612","jurisdictionCode":null,"ownerName":"TEAGUE, BRUCE J;TEAGUE, MELISSA L","ownerName2":null,"propertyName":null,"zoningCode":null,"zoningDistrict":null,"jurisdictionPrefix":null,"dorCode":"SINGLE FAMILY RES","acreage":6.27,"centroid":[-81.453307,35.761158],"lastSale":{"date":"1981-10-30","price":56000.0,"qualified":null},"tax":{"marketValue":200003.0,"assessedValue":null,"taxableValue":null,"taxes":null},"mailingAddress":{"line1":"8530 RHOSHISS ROAD","line2":null,"city":"CONNELLY SPRINGS","state":"NC","zip":"28612"},"incomeTract":null,"incomeBlockGroup":null,"nearestRoad":null,"flu":null,"opportunityZone":null,"oz2Eligibility":null,"source":"nc-burke-parcels-37023","appraiserUrl":"http://taxweb.burkenc.org/CamaPWA/PropertySummary.aspx?REID=29614","gisViewerUrl":"https://gis.burkenc.org/"},"geometry":{"type":"Polygon","coordinates":[[[-81.452209,35.761664],[-81.452232,35.76167],[-81.453962,35.762142],[-81.45468,35.761419],[-81.453678,35.761087],[-81.453968,35.760781],[-81.452926,35.76043],[-81.452805,35.760068],[-81.452209,35.761664]]]}},{"type":"Feature","id":"37023:2774503135","properties":{"id":"37023:2774503135","parcelId":"2774503135","countyFips":"37023","countyName":"Burke","state":"North Carolina","marketIds":["Asheville"],"situsAddress":"701 BURKE ST","situsCity":"HICKORY","situsZip":"28601","jurisdictionCode":null,"ownerName":"FRIENDSHIP METHODIST CHURCH","ownerName2":null,"propertyName":null,"zoningCode":null,"zoningDistrict":null,"jurisdictionPrefix":null,"dorCode":"RELIGIOUS","acreage":8.41,"centroid":[-81.442948,35.759458],"lastSale":{"date":"1976-12-20","price":4500.0,"qualified":null},"tax":{"marketValue":null,"assessedValue":null,"taxableValue":null,"taxes":null},"mailingAddress":{"line1":"8922 RHODHISS ROAD","line2":null,"city":"CONNELLY SPRINGS","state":"NC","zip":"28612"},"incomeTract":null,"incomeBlockGroup":null,"nearestRoad":null,"flu":null,"opportunityZone":null,"oz2Eligibility":null,"source":"nc-burke-parcels-37023","appraiserUrl":"http://taxweb.burkenc.org/CamaPWA/PropertySummary.aspx?REID=38750","gisViewerUrl":"https://gis.burkenc.org/"},"geometry":{"type":"Polygon","coordinates":[[[-81.443187,35.760171],[-81.443589,35.760282],[-81.443737,35.757635],[-81.442735,35.757643],[-81.441735,35.759867],[-81.442306,35.759953],[-81.442862,35.760088],[-81.443031,35.759697],[-81.443352,35.759783],[-81.443187,35.760171]]]}},{"type":"Feature","id":"37023:2774937198","properties":{"id":"37023:2774937198","parcelId":"2774937198","countyFips":"37023","countyName":"Burke","state":"North Carolina","marketIds":["Asheville"],"situsAddress":"221 DOGWOOD DR","situsCity":"HICKORY","situsZip":"28601","jurisdictionCode":null,"ownerName":"OTTS, JOHN MARTIN JR","ownerName2":null,"propertyName":null,"zoningCode":null,"zoningDistrict":null,"jurisdictionPrefix":null,"dorCode":"SINGLE FAMILY RES","acreage":7.03,"centroid":[-81.428394,35.767999],"lastSale":{"date":"2002-05-07","price":30000.0,"qualified":null},"tax":{"marketValue":135006.0,"assessedValue":null,"taxableValue":null,"taxes":null},"mailingAddress":{"line1":"221 DOGWOOD DR","line2":null,"city":"HICKORY","state":"NC","zip":"28601"},"incomeTract":null,"incomeBlockGroup":null,"nearestRoad":null,"flu":null,"opportunityZone":null,"oz2Eligibility":null,"source":"nc-burke-parcels-37023","appraiserUrl":"http://taxweb.burkenc.org/CamaPWA/PropertySummary.aspx?REID=17441","gisViewerUrl":"https://gis.burkenc.org/"},"geometry":{"type":"Polygon","coordinates":[[[-81.42778,35.768769],[-81.42767,35.769147],[-81.427661,35.769286],[-81.42881,35.768507],[-81.42877,35.768437],[-81.428731,35.768267],[-81.428711,35.768037],[-81.428729,35.767779],[-81.428763,35.767694],[-81.42882,35.767616],[-81.428941,35.767525],[-81.429424,35.767303],[-81.429553,35.767208],[-81.427535,35.766711],[-81.426927,35.767747],[-81.427481,35.767947],[-81.42778,35.768769]]]}},{"type":"Feature","id":"37023:2783580332","properties":{"id":"37023:2783580332","parcelId":"2783580332","countyFips":"37023","countyName":"Burke","state":"North Carolina","marketIds":["Asheville"],"situsAddress":"0 WILDWOOD DR","situsCity":"HICKORY","situsZip":"28601","jurisdictionCode":null,"ownerName":"PAIGE, BECKY H;PAIGE, CHRISTOPHER CHAD","ownerName2":null,"propertyName":null,"zoningCode":null,"zoningDistrict":null,"jurisdictionPrefix":null,"dorCode":"VACANT","acreage":6.96,"centroid":[-81.409831,35.754599],"lastSale":{"date":"2024-05-28","price":null,"qualified":null},"tax":{"marketValue":34222.0,"assessedValue":null,"taxableValue":null,"taxes":null},"mailingAddress":{"line1":"2170 LIBERTY CHURCH RD","line2":null,"city":"HICKORY","state":"NC","zip":"28601"},"incomeTract":null,"incomeBlockGroup":null,"nearestRoad":null,"flu":null,"opportunityZone":null,"oz2Eligibility":null,"source":"nc-burke-parcels-37023","appraiserUrl":"http://taxweb.burkenc.org/CamaPWA/PropertySummary.aspx?REID=17448","gisViewerUrl":"https://gis.burkenc.org/"},"geometry":{"type":"Polygon","coordinates":[[[-81.409067,35.753847],[-81.408955,35.75402],[-81.408837,35.754258],[-81.409583,35.754445],[-81.40948,35.754731],[-81.409418,35.755297],[-81.410068,35.755452],[-81.41006,35.755523],[-81.411195,35.7556],[-81.411114,35.755044],[-81.410598,35.754167],[-81.410266,35.753754],[-81.409166,35.75365],[-81.409067,35.753847]]]}},{"type":"Feature","id":"37023:2784602455","properties":{"id":"37023:2784602455","parcelId":"2784602455","countyFips":"37023","countyName":"Burke","state":"North Carolina","marketIds":["Asheville"],"situsAddress":"0 HIDDEN POINTE DR","situsCity":"HICKORY","situsZip":"28601","jurisdictionCode":null,"ownerName":"WALKER, VERGIE","ownerName2":null,"propertyName":null,"zoningCode":null,"zoningDistrict":null,"jurisdictionPrefix":null,"dorCode":"VACANT","acreage":5.29,"centroid":[-81.405746,35.761035],"lastSale":{"date":"2001-04-23","price":null,"qualified":null},"tax":{"marketValue":134160.0,"assessedValue":null,"taxableValue":null,"taxes":null},"mailingAddress":{"line1":"3920 US 64","line2":null,"city":"MORGANTON","state":"NC","zip":"28655"},"incomeTract":null,"incomeBlockGroup":null,"nearestRoad":null,"flu":null,"opportunityZone":null,"oz2Eligibility":null,"source":"nc-burke-parcels-37023","appraiserUrl":"http://taxweb.burkenc.org/CamaPWA/PropertySummary.aspx?REID=17453","gisViewerUrl":"https://gis.burkenc.org/"},"geometry":{"type":"Polygon","coordinates":[[[-81.406111,35.760962],[-81.406216,35.760958],[-81.406307,35.76103],[-81.406465,35.761251],[-81.406536,35.761234],[-81.40715,35.762194],[-81.407473,35.761883],[-81.407195,35.761461],[-81.406901,35.761156],[-81.406739,35.761015],[-81.406386,35.760757],[-81.406196,35.760641],[-81.40556,35.760321],[-81.405114,35.760566],[-81.405079,35.760542],[-81.404818,35.76051],[-81.40465,35.760346],[-81.404491,35.760353],[-81.404212,35.760669],[-81.404462,35.760978],[-81.40465,35.761245],[-81.404912,35.761548],[-81.404959,35.761652],[-81.405486,35.761256],[-81.405584,35.761344],[-81.406111,35.760962]]]}},{"type":"Feature","id":"37023:2783680483","properties":{"id":"37023:2783680483","parcelId":"2783680483","countyFips":"37023","countyName":"Burke","state":"North Carolina","marketIds":["Asheville"],"situsAddress":"1173 AIRPORT RHODHISS RD","situsCity":"HICKORY","situsZip":"28601","jurisdictionCode":null,"ownerName":"LOR, BAO;LOR, SATOR","ownerName2":null,"propertyName":null,"zoningCode":null,"zoningDistrict":null,"jurisdictionPrefix":null,"dorCode":"SINGLE FAMILY RES","acreage":5.58,"centroid":[-81.406397,35.755204],"lastSale":{"date":"2023-07-14","price":null,"qualified":null},"tax":{"marketValue":77368.0,"assessedValue":null,"taxableValue":null,"taxes":null},"mailingAddress":{"line1":"1173 AIRPORT RHODHISS RD","line2":null,"city":"HICKORY","state":"NC","zip":"28601"},"incomeTract":null,"incomeBlockGroup":null,"nearestRoad":null,"flu":null,"opportunityZone":null,"oz2Eligibility":null,"source":"nc-burke-parcels-37023","appraiserUrl":"http://taxweb.burkenc.org/CamaPWA/PropertySummary.aspx?REID=17457","gisViewerUrl":"https://gis.burkenc.org/"},"geometry":{"type":"Polygon","coordinates":[[[-81.405466,35.754914],[-81.405531,35.755169],[-81.405539,35.75525],[-81.405869,35.755453],[-81.406114,35.755648],[-81.40679,35.756346],[-81.407123,35.755808],[-81.407217,35.75517],[-81.407141,35.75482],[-81.406989,35.754563],[-81.406587,35.754106],[-81.405466,35.754914]]]}},{"type":"Feature","id":"37023:2793377333","properties":{"id":"37023:2793377333","parcelId":"2793377333","countyFips":"37023","countyName":"Burke","state":"North Carolina","marketIds":["Asheville"],"situsAddress":"0 14TH AV CIR NW","situsCity":"HICKORY","situsZip":"28601","jurisdictionCode":null,"ownerName":"CITY OF HICKORY","ownerName2":null,"propertyName":null,"zoningCode":null,"zoningDistrict":null,"jurisdictionPrefix":null,"dorCode":"GOVERNMENT","acreage":68.13,"centroid":[-81.379505,35.752114],"lastSale":{"date":"2021-05-27","price":null,"qualified":null},"tax":{"marketValue":null,"assessedValue":null,"taxableValue":null,"taxes":null},"mailingAddress":{"line1":"PO BOX 398","line2":null,"city":"HICKORY","state":"NC","zip":"28603"},"incomeTract":null,"incomeBlockGroup":null,"nearestRoad":null,"flu":null,"opportunityZone":null,"oz2Eligibility":null,"source":"nc-burke-parcels-37023","appraiserUrl":"http://taxweb.burkenc.org/CamaPWA/PropertySummary.aspx?REID=17459","gisViewerUrl":"https://gis.burkenc.org/"},"geometry":{"type":"Polygon","coordinates":[[[-81.377111,35.754446],[-81.377819,35.755244],[-81.378395,35.755125],[-81.3785,35.755081],[-81.378507,35.755158],[-81.378586,35.755125],[-81.378647,35.755013],[-81.378763,35.754963],[-81.378784,35.754924],[-81.378917,35.754843],[-81.378978,35.754831],[-81.378998,35.754765],[-81.379054,35.75472],[-81.379046,35.754617],[-81.379081,35.754601],[-81.379095,35.7547],[-81.379048,35.754752],[-81.379014,35.754859],[-81.378833,35.754932],[-81.378791,35.754975],[-81.37868,35.755028],[-81.378668,35.755059],[-81.379414,35.75489],[-81.380742,35.754683],[-81.382079,35.754514],[-81.382557,35.754467],[-81.382913,35.754457],[-81.38353,35.752836],[-81.383474,35.752444],[-81.383657,35.752275],[-81.384218,35.750964],[-81.384635,35.749843],[-81.38496,35.749061],[-81.383374,35.748672],[-81.382879,35.748905],[-81.382864,35.748987],[-81.382587,35.74973],[-81.380414,35.750701],[-81.379365,35.750608],[-81.379318,35.750411],[-81.379187,35.750393],[-81.379144,35.750348],[-81.379016,35.750282],[-81.378966,35.750275],[-81.378867,35.750306],[-81.378809,35.750226],[-81.37874,35.750201],[-81.378624,35.7502],[-81.378533,35.750155],[-81.37848,35.750024],[-81.378328,35.749911],[-81.378286,35.749799],[-81.378243,35.749769],[-81.378203,35.74977],[-81.378186,35.749725],[-81.378095,35.749658],[-81.378048,35.749666],[-81.377813,35.749591],[-81.377696,35.749604],[-81.377622,35.74958],[-81.377621,35.749836],[-81.377933,35.749912],[-81.37803,35.749953],[-81.378689,35.750348],[-81.37878,35.750432],[-81.378841,35.750531],[-81.378959,35.751232],[-81.378972,35.751544],[-81.379053,35.752356],[-81.379137,35.752971],[-81.378549,35.753134],[-81.378125,35.753193],[-81.378019,35.753192],[-81.377111,35.754446]]]}},{"type":"Feature","id":"37023:2773588751","properties":{"id":"37023:2773588751","parcelId":"2773588751","countyFips":"37023","countyName":"Burke","state":"North Carolina","marketIds":["Asheville"],"situsAddress":"2141 ICARD RHODHISS RD","situsCity":"CONNELLY SPRINGS","situsZip":"28612","jurisdictionCode":null,"ownerName":"DUELLEY, ROGER DEAN;DUELLEY, CAROL L","ownerName2":null,"propertyName":null,"zoningCode":null,"zoningDistrict":null,"jurisdictionPrefix":null,"dorCode":"SINGLE FAMILY RES","acreage":13.33,"centroid":[-81.440762,35.754969],"lastSale":{"date":"2018-04-16","price":173000.0,"qualified":null},"tax":{"marketValue":203354.0,"assessedValue":null,"taxableValue":null,"taxes":null},"mailingAddress":{"line1":"2141 ICARD RHODHISS RD","line2":null,"city":"CONNELLY SPRINGS","state":"NC","zip":"28612"},"incomeTract":null,"incomeBlockGroup":null,"nearestRoad":null,"flu":null,"opportunityZone":null,"oz2Eligibility":null,"source":"nc-burke-parcels-37023","appraiserUrl":"http://taxweb.burkenc.org/CamaPWA/PropertySummary.aspx?REID=17475","gisViewerUrl":"https://gis.burkenc.org/"},"geometry":{"type":"Polygon","coordinates":[[[-81.439598,35.755012],[-81.438441,35.756016],[-81.438407,35.756045],[-81.439376,35.7561],[-81.440884,35.756092],[-81.440884,35.754889],[-81.443089,35.754889],[-81.442866,35.754015],[-81.442049,35.753763],[-81.442022,35.752869],[-81.439598,35.755012]]]}},{"type":"Feature","id":"37023:2763483038","properties":{"id":"37023:2763483038","parcelId":"2763483038","countyFips":"37023","countyName":"Burke","state":"North Carolina","marketIds":["Asheville"],"situsAddress":"7480 OAK RIDGE CHURCH RD","situsCity":"CONNELLY SPRINGS","situsZip":"28612","jurisdictionCode":null,"ownerName":"WILCOX, JOHN E;WILCOX, SUZANNA A","ownerName2":null,"propertyName":null,"zoningCode":null,"zoningDistrict":null,"jurisdictionPrefix":null,"dorCode":"SINGLE FAMILY RES","acreage":8.0,"centroid":[-81.479857,35.75244],"lastSale":{"date":"2017-02-03","price":null,"qualified":null},"tax":{"marketValue":434877.0,"assessedValue":null,"taxableValue":null,"taxes":null},"mailingAddress":{"line1":"7480 OAK RIDGE CHURCH RD","line2":null,"city":"CONNELLY SPRINGS","state":"NC","zip":"28612"},"incomeTract":null,"incomeBlockGroup":null,"nearestRoad":null,"flu":null,"opportunityZone":null,"oz2Eligibility":null,"source":"nc-burke-parcels-37023","appraiserUrl":"http://taxweb.burkenc.org/CamaPWA/PropertySummary.aspx?REID=17485","gisViewerUrl":"https://gis.burkenc.org/"},"geometry":{"type":"Polygon","coordinates":[[[-81.478571,35.753528],[-81.478393,35.75386],[-81.479133,35.753752],[-81.479579,35.753635],[-81.480198,35.75343],[-81.48086,35.752002],[-81.480833,35.752005],[-81.480625,35.751885],[-81.480501,35.751924],[-81.480374,35.751838],[-81.480229,35.751782],[-81.479941,35.751616],[-81.479702,35.75156],[-81.479669,35.751512],[-81.479244,35.752267],[-81.478571,35.753528]]]}},{"type":"Feature","id":"37023:2754900849","properties":{"id":"37023:2754900849","parcelId":"2754900849","countyFips":"37023","countyName":"Burke","state":"North Carolina","marketIds":["Asheville"],"situsAddress":"7100 DOGWOOD LN","situsCity":"CONNELLY SPRINGS","situsZip":"28612","jurisdictionCode":null,"ownerName":"DUNCAN, CARL L;DUNCAN, RAMONA A;SAINE, ANDREA DUNCAN;PRINCE, DONNA DUNCAN","ownerName2":null,"propertyName":null,"zoningCode":null,"zoningDistrict":null,"jurisdictionPrefix":null,"dorCode":"SINGLE FAMILY RES","acreage":5.02,"centroid":[-81.497567,35.760182],"lastSale":{"date":"2023-12-22","price":null,"qualified":null},"tax":{"marketValue":306073.0,"assessedValue":null,"taxableValue":null,"taxes":null},"mailingAddress":{"line1":"PO BOX 756","line2":null,"city":"CONNELLY SPRINGS","state":"NC","zip":"28612"},"incomeTract":null,"incomeBlockGroup":null,"nearestRoad":null,"flu":null,"opportunityZone":null,"oz2Eligibility":null,"source":"nc-burke-parcels-37023","appraiserUrl":"http://taxweb.burkenc.org/CamaPWA/PropertySummary.aspx?REID=17491","gisViewerUrl":"https://gis.burkenc.org/"},"geometry":{"type":"Polygon","coordinates":[[[-81.497687,35.760542],[-81.497687,35.760542],[-81.49941,35.760596],[-81.49947,35.759847],[-81.497105,35.759661],[-81.496922,35.76019],[-81.496152,35.759976],[-81.496101,35.760102],[-81.497687,35.760542]]]}},{"type":"Feature","id":"37023:2764208673","properties":{"id":"37023:2764208673","parcelId":"2764208673","countyFips":"37023","countyName":"Burke","state":"North Carolina","marketIds":["Asheville"],"situsAddress":"7104 KNOX AVE","situsCity":"CONNELLY SPRINGS","situsZip":"28612","jurisdictionCode":null,"ownerName":"LAIL, JUDY","ownerName2":null,"propertyName":null,"zoningCode":null,"zoningDistrict":null,"jurisdictionPrefix":null,"dorCode":"SINGLE FAMILY RES","acreage":5.02,"centroid":[-81.484654,35.759592],"lastSale":{"date":"1974-03-28","price":null,"qualified":null},"tax":{"marketValue":204601.0,"assessedValue":null,"taxableValue":null,"taxes":null},"mailingAddress":{"line1":"7104 KNOX AVE","line2":null,"city":"CONNELLY SPRINGS","state":"NC","zip":"28612"},"incomeTract":null,"incomeBlockGroup":null,"nearestRoad":null,"flu":null,"opportunityZone":null,"oz2Eligibility":null,"source":"nc-burke-parcels-37023","appraiserUrl":"http://taxweb.burkenc.org/CamaPWA/PropertySummary.aspx?REID=17495","gisViewerUrl":"https://gis.burkenc.org/"},"geometry":{"type":"Polygon","coordinates":[[[-81.484516,35.759141],[-81.48416,35.75919],[-81.483466,35.759308],[-81.483774,35.759557],[-81.48389,35.759728],[-81.48403,35.76004],[-81.486326,35.760258],[-81.486191,35.760008],[-81.485533,35.759096],[-81.484516,35.759141]]]}},{"type":"Feature","id":"37023:2764305573","properties":{"id":"37023:2764305573","parcelId":"2764305573","countyFips":"37023","countyName":"Burke","state":"North Carolina","marketIds":["Asheville"],"situsAddress":"0 KNOX AVE","situsCity":"CONNELLY SPRINGS","situsZip":"28612","jurisdictionCode":null,"ownerName":"LAIL, JUDY","ownerName2":null,"propertyName":null,"zoningCode":null,"zoningDistrict":null,"jurisdictionPrefix":null,"dorCode":"VACANT","acreage":5.62,"centroid":[-81.482524,35.759272],"lastSale":{"date":"1974-03-28","price":null,"qualified":null},"tax":{"marketValue":37272.0,"assessedValue":null,"taxableValue":null,"taxes":null},"mailingAddress":{"line1":"7104 KNOX AVE","line2":null,"city":"CONNELLY SPRINGS","state":"NC","zip":"28612"},"incomeTract":null,"incomeBlockGroup":null,"nearestRoad":null,"flu":null,"opportunityZone":null,"oz2Eligibility":null,"source":"nc-burke-parcels-37023","appraiserUrl":"http://taxweb.burkenc.org/CamaPWA/PropertySummary.aspx?REID=17497","gisViewerUrl":"https://gis.burkenc.org/"},"geometry":{"type":"Polygon","coordinates":[[[-81.481582,35.759407],[-81.481533,35.759747],[-81.483808,35.760041],[-81.483701,35.759789],[-81.483566,35.759612],[-81.482454,35.75877],[-81.482326,35.758713],[-81.482065,35.758683],[-81.481677,35.758687],[-81.481582,35.759407]]]}},{"type":"Feature","id":"37023:2763898547","properties":{"id":"37023:2763898547","parcelId":"2763898547","countyFips":"37023","countyName":"Burke","state":"North Carolina","marketIds":["Asheville"],"situsAddress":"8185 RHODHISS RD","situsCity":"CONNELLY SPRINGS","situsZip":"28612","jurisdictionCode":null,"ownerName":"LAZENBY, CANDY KNOX;LAZENBY, MICHAEL EDWARD","ownerName2":null,"propertyName":null,"zoningCode":null,"zoningDistrict":null,"jurisdictionPrefix":null,"dorCode":"SINGLE FAMILY RES","acreage":12.7,"centroid":[-81.464312,35.756525],"lastSale":{"date":"2022-06-30","price":null,"qualified":null},"tax":{"marketValue":191141.0,"assessedValue":null,"taxableValue":null,"taxes":null},"mailingAddress":{"line1":"2519 RAINTREE ST","line2":null,"city":"CONNELLY SPRINGS","state":"NC","zip":"28612"},"incomeTract":null,"incomeBlockGroup":null,"nearestRoad":null,"flu":null,"opportunityZone":null,"oz2Eligibility":null,"source":"nc-burke-parcels-37023","appraiserUrl":"http://taxweb.burkenc.org/CamaPWA/PropertySummary.aspx?REID=22241","gisViewerUrl":"https://gis.burkenc.org/"},"geometry":{"type":"Polygon","coordinates":[[[-81.464624,35.759207],[-81.465458,35.75925],[-81.465521,35.756867],[-81.464294,35.755436],[-81.46428,35.75485],[-81.463864,35.755058],[-81.463438,35.755303],[-81.463787,35.755829],[-81.464121,35.756605],[-81.463729,35.756841],[-81.464624,35.759207]]]}},{"type":"Feature","id":"37023:2764314205","properties":{"id":"37023:2764314205","parcelId":"2764314205","countyFips":"37023","countyName":"Burke","state":"North Carolina","marketIds":["Asheville"],"situsAddress":"7073 KNOX AVE","situsCity":"CONNELLY SPRINGS","situsZip":"28612","jurisdictionCode":null,"ownerName":"NICHOLS, KEITH ALAN;NICHOLS, MELANIE B","ownerName2":null,"propertyName":null,"zoningCode":null,"zoningDistrict":null,"jurisdictionPrefix":null,"dorCode":"SINGLE FAMILY RES","acreage":5.01,"centroid":[-81.483145,35.761522],"lastSale":{"date":"1984-02-24","price":8000.0,"qualified":null},"tax":{"marketValue":62736.0,"assessedValue":null,"taxableValue":null,"taxes":null},"mailingAddress":{"line1":"1811 CHARLOTTE HWY","line2":null,"city":"MOORESVILLE","state":"NC","zip":"28115"},"incomeTract":null,"incomeBlockGroup":null,"nearestRoad":null,"flu":null,"opportunityZone":null,"oz2Eligibility":null,"source":"nc-burke-parcels-37023","appraiserUrl":"http://taxweb.burkenc.org/CamaPWA/PropertySummary.aspx?REID=22242","gisViewerUrl":"https://gis.burkenc.org/"},"geometry":{"type":"Polygon","coordinates":[[[-81.483174,35.762024],[-81.483549,35.762396],[-81.484213,35.761609],[-81.484177,35.761529],[-81.483791,35.761466],[-81.483906,35.761182],[-81.483324,35.760734],[-81.4831,35.760485],[-81.481791,35.761639],[-81.481812,35.761708],[-81.482256,35.761725],[-81.482652,35.761767],[-81.483174,35.762024]]]}},{"type":"Feature","id":"37023:2763995751","properties":{"id":"37023:2763995751","parcelId":"2763995751","countyFips":"37023","countyName":"Burke","state":"North Carolina","marketIds":["Asheville"],"situsAddress":"8255 RHODHISS RD","situsCity":"CONNELLY SPRINGS","situsZip":"28612","jurisdictionCode":null,"ownerName":"MOZGALA, JEFFREY EMANUEL;MOZGALA, KELLY SCOTT","ownerName2":null,"propertyName":null,"zoningCode":null,"zoningDistrict":null,"jurisdictionPrefix":null,"dorCode":"SINGLE FAMILY RES","acreage":21.31,"centroid":[-81.462282,35.758004],"lastSale":{"date":"2020-12-10","price":320000.0,"qualified":null},"tax":{"marketValue":370489.0,"assessedValue":null,"taxableValue":null,"taxes":null},"mailingAddress":{"line1":"8255 RHODHISS RD","line2":null,"city":"CONNELLY SPRINGS","state":"NC","zip":"28612"},"incomeTract":null,"incomeBlockGroup":null,"nearestRoad":null,"flu":null,"opportunityZone":null,"oz2Eligibility":null,"source":"nc-burke-parcels-37023","appraiserUrl":"http://taxweb.burkenc.org/CamaPWA/PropertySummary.aspx?REID=27078","gisViewerUrl":"https://gis.burkenc.org/"},"geometry":{"type":"Polygon","coordinates":[[[-81.464084,35.759196],[-81.464624,35.759207],[-81.463729,35.756841],[-81.463054,35.75725],[-81.462479,35.755857],[-81.46042,35.757072],[-81.461104,35.758084],[-81.460533,35.758416],[-81.460955,35.759052],[-81.461835,35.759066],[-81.464084,35.759196]]]}},{"type":"Feature","id":"37023:2763276796","properties":{"id":"37023:2763276796","parcelId":"2763276796","countyFips":"37023","countyName":"Burke","state":"North Carolina","marketIds":["Asheville"],"situsAddress":"2267 CLOVER AVE","situsCity":"CONNELLY SPRINGS","situsZip":"28612","jurisdictionCode":null,"ownerName":"PROPST, AUDREY HEIRS;GLADDEN, NINA M","ownerName2":null,"propertyName":null,"zoningCode":null,"zoningDistrict":null,"jurisdictionPrefix":null,"dorCode":"MOBILE HOME PARK","acreage":9.86,"centroid":[-81.48556,35.751796],"lastSale":{"date":"1994-07-28","price":null,"qualified":null},"tax":{"marketValue":103323.0,"assessedValue":null,"taxableValue":null,"taxes":null},"mailingAddress":{"line1":"3055 HARMONY ST","line2":null,"city":"CONNELLY SPRINGS","state":"NC","zip":"28612"},"incomeTract":null,"incomeBlockGroup":null,"nearestRoad":null,"flu":null,"opportunityZone":null,"oz2Eligibility":null,"source":"nc-burke-parcels-37023","appraiserUrl":"http://taxweb.burkenc.org/CamaPWA/PropertySummary.aspx?REID=39361","gisViewerUrl":"https://gis.burkenc.org/"},"geometry":{"type":"Polygon","coordinates":[[[-81.484513,35.752539],[-81.485927,35.752879],[-81.485895,35.752601],[-81.486029,35.752438],[-81.486495,35.752067],[-81.486323,35.751538],[-81.485833,35.750999],[-81.485775,35.750962],[-81.485882,35.750941],[-81.48504,35.750511],[-81.483446,35.752282],[-81.484513,35.752539]]]}},{"type":"Feature","id":"37023:2773675314","properties":{"id":"37023:2773675314","parcelId":"2773675314","countyFips":"37023","countyName":"Burke","state":"North Carolina","marketIds":["Asheville"],"situsAddress":"8780 ATWOOD DR","situsCity":"HICKORY","situsZip":"28601","jurisdictionCode":null,"ownerName":"SMITH, TERESA ATWOOD","ownerName2":null,"propertyName":null,"zoningCode":null,"zoningDistrict":null,"jurisdictionPrefix":null,"dorCode":"VACANT","acreage":39.22,"centroid":[-81.438127,35.751239],"lastSale":{"date":"2005-07-08","price":null,"qualified":null},"tax":{"marketValue":98887.0,"assessedValue":null,"taxableValue":null,"taxes":null},"mailingAddress":{"line1":"8805 ATWOOD DRIVE","line2":null,"city":"HICKORY","state":"NC","zip":"28601"},"incomeTract":null,"incomeBlockGroup":null,"nearestRoad":null,"flu":null,"opportunityZone":null,"oz2Eligibility":null,"source":"nc-burke-parcels-37023","appraiserUrl":"http://taxweb.burkenc.org/CamaPWA/PropertySummary.aspx?REID=9337","gisViewerUrl":"https://gis.burkenc.org/"},"geometry":{"type":"Polygon","coordinates":[[[-81.436769,35.753401],[-81.437271,35.753803],[-81.438481,35.753033],[-81.440758,35.75103],[-81.440677,35.750923],[-81.440545,35.750844],[-81.440671,35.750727],[-81.440753,35.750787],[-81.441478,35.750002],[-81.437768,35.748155],[-81.436682,35.748602],[-81.436663,35.748985],[-81.436695,35.749963],[-81.436596,35.750586],[-81.436878,35.750744],[-81.437528,35.751659],[-81.437443,35.751734],[-81.437248,35.752],[-81.437108,35.752241],[-81.437001,35.7525],[-81.436918,35.752765],[-81.436871,35.752766],[-81.436769,35.753401]],[[-81.437919,35.750765],[-81.438373,35.750314],[-81.438912,35.750628],[-81.438455,35.751106],[-81.437919,35.750765]]]}},{"type":"Feature","id":"37023:2763472429","properties":{"id":"37023:2763472429","parcelId":"2763472429","countyFips":"37023","countyName":"Burke","state":"North Carolina","marketIds":["Asheville"],"situsAddress":"7643 RHODHISS RD","situsCity":"CONNELLY SPRINGS","situsZip":"28612","jurisdictionCode":null,"ownerName":"BELTON, ROBERT D;BELTON, DORA L","ownerName2":null,"propertyName":null,"zoningCode":null,"zoningDistrict":null,"jurisdictionPrefix":null,"dorCode":"SINGLE FAMILY RES","acreage":5.9,"centroid":[-81.480155,35.751454],"lastSale":{"date":"2006-03-03","price":45000.0,"qualified":null},"tax":{"marketValue":443730.0,"assessedValue":null,"taxableValue":null,"taxes":null},"mailingAddress":{"line1":"7643 RHODHISS RD","line2":null,"city":"CONNELLY SPRINGS","state":"NC","zip":"28612"},"incomeTract":null,"incomeBlockGroup":null,"nearestRoad":null,"flu":null,"opportunityZone":null,"oz2Eligibility":null,"source":"nc-burke-parcels-37023","appraiserUrl":"http://taxweb.burkenc.org/CamaPWA/PropertySummary.aspx?REID=14892","gisViewerUrl":"https://gis.burkenc.org/"},"geometry":{"type":"Polygon","coordinates":[[[-81.479669,35.751512],[-81.479702,35.75156],[-81.479941,35.751616],[-81.480229,35.751782],[-81.480374,35.751838],[-81.480501,35.751924],[-81.480625,35.751885],[-81.480833,35.752005],[-81.48086,35.752002],[-81.480998,35.751707],[-81.481409,35.751083],[-81.480146,35.750564],[-81.479958,35.750886],[-81.479023,35.750466],[-81.478581,35.750987],[-81.47963,35.751453],[-81.479669,35.751512]]]}},{"type":"Feature","id":"37023:2764112111","properties":{"id":"37023:2764112111","parcelId":"2764112111","countyFips":"37023","countyName":"Burke","state":"North Carolina","marketIds":["Asheville"],"situsAddress":"0 OAK RIDGE CHURCH ST","situsCity":"CONNELLY SPRINGS","situsZip":"28612","jurisdictionCode":null,"ownerName":"LOCKEE, MICHAEL A;LOCKEE, DEBORAH A","ownerName2":null,"propertyName":null,"zoningCode":null,"zoningDistrict":null,"jurisdictionPrefix":null,"dorCode":"VACANT","acreage":27.59,"centroid":[-81.49009,35.760579],"lastSale":{"date":"2006-09-27","price":null,"qualified":null},"tax":{"marketValue":81253.0,"assessedValue":null,"taxableValue":null,"taxes":null},"mailingAddress":{"line1":"3245 ECKERD CREEK CIRCLE","line2":null,"city":"CONNELLY SPRINGS","state":"NC","zip":"28612"},"incomeTract":null,"incomeBlockGroup":null,"nearestRoad":null,"flu":null,"opportunityZone":null,"oz2Eligibility":null,"source":"nc-burke-parcels-37023","appraiserUrl":"http://taxweb.burkenc.org/CamaPWA/PropertySummary.aspx?REID=14997","gisViewerUrl":"https://gis.burkenc.org/"},"geometry":{"type":"Polygon","coordinates":[[[-81.487973,35.761679],[-81.488401,35.763156],[-81.488866,35.762877],[-81.489113,35.762643],[-81.489881,35.76247],[-81.490412,35.762316],[-81.490757,35.761897],[-81.491351,35.7608],[-81.491358,35.760493],[-81.492261,35.759857],[-81.492468,35.75918],[-81.492975,35.758002],[-81.491606,35.758014],[-81.49163,35.758139],[-81.491344,35.759513],[-81.488611,35.759726],[-81.488481,35.759888],[-81.488338,35.76034],[-81.488099,35.760332],[-81.487877,35.760259],[-81.487973,35.761679]]]}},{"type":"Feature","id":"37023:2763175581","properties":{"id":"37023:2763175581","parcelId":"2763175581","countyFips":"37023","countyName":"Burke","state":"North Carolina","marketIds":["Asheville"],"situsAddress":"0 NOLDEN CREEK RD","situsCity":"CONNELLY SPRINGS","situsZip":"28612","jurisdictionCode":null,"ownerName":"CHILDERS, TERRY R;CHILDERS, BRENDA C","ownerName2":null,"propertyName":null,"zoningCode":null,"zoningDistrict":null,"jurisdictionPrefix":null,"dorCode":"VACANT","acreage":6.07,"centroid":[-81.488514,35.750781],"lastSale":{"date":"2007-12-04","price":null,"qualified":null},"tax":{"marketValue":37924.0,"assessedValue":null,"taxableValue":null,"taxes":null},"mailingAddress":{"line1":"7230 OAKRIDGE CHURCH RD","line2":null,"city":"CONNELLY SPRINGS","state":"NC","zip":"28612"},"incomeTract":null,"incomeBlockGroup":null,"nearestRoad":null,"flu":null,"opportunityZone":null,"oz2Eligibility":null,"source":"nc-burke-parcels-37023","appraiserUrl":"http://taxweb.burkenc.org/CamaPWA/PropertySummary.aspx?REID=14999","gisViewerUrl":"https://gis.burkenc.org/"},"geometry":{"type":"Polygon","coordinates":[[[-81.487979,35.751554],[-81.488822,35.75193],[-81.489964,35.750531],[-81.48951,35.750308],[-81.489126,35.750039],[-81.489025,35.750086],[-81.488917,35.750204],[-81.488814,35.750269],[-81.48873,35.75036],[-81.488663,35.750514],[-81.488581,35.750572],[-81.488425,35.750743],[-81.488228,35.750845],[-81.488183,35.750946],[-81.488144,35.750988],[-81.488068,35.751017],[-81.487927,35.751027],[-81.487741,35.751104],[-81.487571,35.75114],[-81.487856,35.75145],[-81.487979,35.751554]]]}},{"type":"Feature","id":"37023:2764002306","properties":{"id":"37023:2764002306","parcelId":"2764002306","countyFips":"37023","countyName":"Burke","state":"North Carolina","marketIds":["Asheville"],"situsAddress":"2096 HMONG LO LN","situsCity":"CONNELLY SPRINGS","situsZip":"28612","jurisdictionCode":null,"ownerName":"LO, KU VANG;LO, PHOUA Y","ownerName2":null,"propertyName":null,"zoningCode":null,"zoningDistrict":null,"jurisdictionPrefix":null,"dorCode":"SINGLE FAMILY RES","acreage":6.0,"centroid":[-81.494066,35.758714],"lastSale":{"date":"2008-06-04","price":null,"qualified":null},"tax":{"marketValue":233613.0,"assessedValue":null,"taxableValue":null,"taxes":null},"mailingAddress":{"line1":"2106 HOMONG LO LN","line2":null,"city":"CONNELLY SPRINGS","state":"NC","zip":"28612"},"incomeTract":null,"incomeBlockGroup":null,"nearestRoad":null,"flu":null,"opportunityZone":null,"oz2Eligibility":null,"source":"nc-burke-parcels-37023","appraiserUrl":"http://taxweb.burkenc.org/CamaPWA/PropertySummary.aspx?REID=15010","gisViewerUrl":"https://gis.burkenc.org/"},"geometry":{"type":"Polygon","coordinates":[[[-81.494108,35.759271],[-81.494795,35.75931],[-81.494867,35.758569],[-81.494616,35.758558],[-81.494634,35.758109],[-81.492975,35.758002],[-81.492468,35.75918],[-81.494108,35.759271]]]}},{"type":"Feature","id":"37023:2764427176","properties":{"id":"37023:2764427176","parcelId":"2764427176","countyFips":"37023","countyName":"Burke","state":"North Carolina","marketIds":["Asheville"],"situsAddress":"1924 WORTMAN ST","situsCity":"CONNELLY SPRINGS","situsZip":"28612","jurisdictionCode":null,"ownerName":"BIGELOW, CYNTHIA DIANE","ownerName2":null,"propertyName":null,"zoningCode":null,"zoningDistrict":null,"jurisdictionPrefix":null,"dorCode":"SINGLE FAMILY RES","acreage":5.0,"centroid":[-81.478489,35.76421],"lastSale":{"date":"2016-02-06","price":null,"qualified":null},"tax":{"marketValue":93073.0,"assessedValue":null,"taxableValue":null,"taxes":null},"mailingAddress":{"line1":"1924 WORTMAN ST","line2":null,"city":"CONNELLY SPRINGS","state":"NC","zip":"28612"},"incomeTract":null,"incomeBlockGroup":null,"nearestRoad":null,"flu":null,"opportunityZone":null,"oz2Eligibility":null,"source":"nc-burke-parcels-37023","appraiserUrl":"http://taxweb.burkenc.org/CamaPWA/PropertySummary.aspx?REID=15180","gisViewerUrl":"https://gis.burkenc.org/"},"geometry":{"type":"Polygon","coordinates":[[[-81.477952,35.764091],[-81.477925,35.764297],[-81.478011,35.764563],[-81.477918,35.764788],[-81.478262,35.76504],[-81.478711,35.764684],[-81.479174,35.764182],[-81.479552,35.76393],[-81.479499,35.763267],[-81.477884,35.763261],[-81.477952,35.764091]]]}},{"type":"Feature","id":"37023:2764021246","properties":{"id":"37023:2764021246","parcelId":"2764021246","countyFips":"37023","countyName":"Burke","state":"North Carolina","marketIds":["Asheville"],"situsAddress":"1943 TOMLINSON LOOP","situsCity":"CONNELLY SPRINGS","situsZip":"28612","jurisdictionCode":null,"ownerName":"WILLCOX, RODERICK H JR;ANNE-CATHERINE LOUISE HATLEY TRUST;ANNEMARIE BAKER LIVING TRUST","ownerName2":null,"propertyName":null,"zoningCode":null,"zoningDistrict":null,"jurisdictionPrefix":null,"dorCode":"SINGLE FAMILY RES","acreage":14.82,"centroid":[-81.494493,35.7639],"lastSale":{"date":"2026-07-02","price":null,"qualified":null},"tax":{"marketValue":149023.0,"assessedValue":null,"taxableValue":null,"taxes":null},"mailingAddress":{"line1":"122 W UNION ST","line2":null,"city":"MORGANTON","state":"NC","zip":"28655"},"incomeTract":null,"incomeBlockGroup":null,"nearestRoad":null,"flu":null,"opportunityZone":null,"oz2Eligibility":null,"source":"nc-burke-parcels-37023","appraiserUrl":"http://taxweb.burkenc.org/CamaPWA/PropertySummary.aspx?REID=23609","gisViewerUrl":"https://gis.burkenc.org/"},"geometry":{"type":"Polygon","coordinates":[[[-81.494397,35.765116],[-81.4959,35.765196],[-81.495811,35.765057],[-81.495639,35.764701],[-81.4954,35.764007],[-81.495342,35.76379],[-81.495306,35.763264],[-81.495366,35.762685],[-81.494955,35.762662],[-81.494992,35.76255],[-81.493382,35.762448],[-81.492995,35.763738],[-81.493337,35.763726],[-81.493277,35.76422],[-81.492949,35.764209],[-81.492835,35.765032],[-81.494397,35.765116]]]}},{"type":"Feature","id":"37023:2774202123","properties":{"id":"37023:2774202123","parcelId":"2774202123","countyFips":"37023","countyName":"Burke","state":"North Carolina","marketIds":["Asheville"],"situsAddress":"8440 RHODHISS RD","situsCity":"CONNELLY SPRINGS","situsZip":"28612","jurisdictionCode":null,"ownerName":"MOUA, SHOYEH","ownerName2":null,"propertyName":null,"zoningCode":null,"zoningDistrict":null,"jurisdictionPrefix":null,"dorCode":"VACANT","acreage":45.8,"centroid":[-81.454144,35.758903],"lastSale":{"date":"2022-02-17","price":null,"qualified":null},"tax":{"marketValue":536499.0,"assessedValue":null,"taxableValue":null,"taxes":null},"mailingAddress":{"line1":"5708 RAINHILL CHURCH RD","line2":null,"city":"MORGANTON","state":"NC","zip":"28655"},"incomeTract":null,"incomeBlockGroup":null,"nearestRoad":null,"flu":null,"opportunityZone":null,"oz2Eligibility":null,"source":"nc-burke-parcels-37023","appraiserUrl":"http://taxweb.burkenc.org/CamaPWA/PropertySummary.aspx?REID=23993","gisViewerUrl":"https://gis.burkenc.org/"},"geometry":{"type":"Polygon","coordinates":[[[-81.453968,35.760781],[-81.454966,35.761126],[-81.455551,35.760517],[-81.455031,35.760365],[-81.45504,35.759912],[-81.456024,35.760016],[-81.456188,35.759846],[-81.456293,35.758751],[-81.455772,35.7585],[-81.454211,35.757811],[-81.454244,35.756886],[-81.454181,35.75562],[-81.453499,35.75556],[-81.451448,35.755497],[-81.451287,35.758529],[-81.451151,35.76003],[-81.452805,35.760068],[-81.452926,35.76043],[-81.453968,35.760781]]]}},{"type":"Feature","id":"37023:2764607842","properties":{"id":"37023:2764607842","parcelId":"2764607842","countyFips":"37023","countyName":"Burke","state":"North Carolina","marketIds":["Asheville"],"situsAddress":"1918 WATSON AVE","situsCity":"CONNELLY SPRINGS","situsZip":"28612","jurisdictionCode":null,"ownerName":"BRIAN REESE GOSS REVOCABLE LIVING TRUST;FELICIA JOYE GOSS REVOCABLE LIVING TRUST","ownerName2":null,"propertyName":null,"zoningCode":null,"zoningDistrict":null,"jurisdictionPrefix":null,"dorCode":"SINGLE FAMILY RES","acreage":6.08,"centroid":[-81.472097,35.760389],"lastSale":{"date":"2004-08-20","price":130000.0,"qualified":null},"tax":{"marketValue":160946.0,"assessedValue":null,"taxableValue":null,"taxes":null},"mailingAddress":{"line1":"1918 WATSON AVE","line2":null,"city":"CONNELLY SPRINGS","state":"NC","zip":"28612"},"incomeTract":null,"incomeBlockGroup":null,"nearestRoad":null,"flu":null,"opportunityZone":null,"oz2Eligibility":null,"source":"nc-burke-parcels-37023","appraiserUrl":"http://taxweb.burkenc.org/CamaPWA/PropertySummary.aspx?REID=24093","gisViewerUrl":"https://gis.burkenc.org/"},"geometry":{"type":"Polygon","coordinates":[[[-81.472218,35.760921],[-81.473303,35.760903],[-81.473594,35.760615],[-81.473866,35.760397],[-81.472607,35.75988],[-81.472541,35.75993],[-81.472445,35.759954],[-81.471847,35.75992],[-81.471528,35.760543],[-81.470311,35.760136],[-81.469778,35.760534],[-81.471125,35.760939],[-81.472218,35.760921]]]}},{"type":"Feature","id":"37023:2783194087","properties":{"id":"37023:2783194087","parcelId":"2783194087","countyFips":"37023","countyName":"Burke","state":"North Carolina","marketIds":["Asheville"],"situsAddress":"1563 AIRPORT RHODHISS RD","situsCity":"HICKORY","situsZip":"28601","jurisdictionCode":null,"ownerName":"MUNDAY, ALLEN T;MCADAMS, DAWN","ownerName2":null,"propertyName":null,"zoningCode":null,"zoningDistrict":null,"jurisdictionPrefix":null,"dorCode":"MOBILE HOME PARK","acreage":12.2,"centroid":[-81.421739,35.757717],"lastSale":{"date":"2011-10-11","price":null,"qualified":null},"tax":{"marketValue":187090.0,"assessedValue":null,"taxableValue":null,"taxes":null},"mailingAddress":{"line1":"1076 FOX CHASE DR","line2":null,"city":"NEWTON","state":"NC","zip":"28658"},"incomeTract":null,"incomeBlockGroup":null,"nearestRoad":null,"flu":null,"opportunityZone":null,"oz2Eligibility":null,"source":"nc-burke-parcels-37023","appraiserUrl":"http://taxweb.burkenc.org/CamaPWA/PropertySummary.aspx?REID=24101","gisViewerUrl":"https://gis.burkenc.org/"},"geometry":{"type":"Polygon","coordinates":[[[-81.421638,35.756387],[-81.421063,35.759185],[-81.420772,35.760617],[-81.421791,35.760625],[-81.42199,35.759177],[-81.422796,35.754031],[-81.42212,35.753997],[-81.421638,35.756387]]]}},{"type":"Feature","id":"37023:2763794095","properties":{"id":"37023:2763794095","parcelId":"2763794095","countyFips":"37023","countyName":"Burke","state":"North Carolina","marketIds":["Asheville"],"situsAddress":"8019 RHODHISS RD","situsCity":"CONNELLY SPRINGS","situsZip":"28612","jurisdictionCode":null,"ownerName":"GREENE, PHILLIP S;GREENE, LADONNA H","ownerName2":null,"propertyName":null,"zoningCode":null,"zoningDistrict":null,"jurisdictionPrefix":null,"dorCode":"SINGLE FAMILY RES","acreage":10.04,"centroid":[-81.469156,35.75477],"lastSale":{"date":"1998-08-18","price":155000.0,"qualified":null},"tax":{"marketValue":313760.0,"assessedValue":null,"taxableValue":null,"taxes":null},"mailingAddress":{"line1":"8019 RHODHISS RD","line2":null,"city":"CONNELLY SPRINGS","state":"NC","zip":"28612"},"incomeTract":null,"incomeBlockGroup":null,"nearestRoad":null,"flu":null,"opportunityZone":null,"oz2Eligibility":null,"source":"nc-burke-parcels-37023","appraiserUrl":"http://taxweb.burkenc.org/CamaPWA/PropertySummary.aspx?REID=28561","gisViewerUrl":"https://gis.burkenc.org/"},"geometry":{"type":"Polygon","coordinates":[[[-81.469622,35.753508],[-81.469565,35.753511],[-81.46892,35.753586],[-81.468403,35.753689],[-81.468558,35.754357],[-81.468466,35.754428],[-81.468168,35.754545],[-81.468985,35.75764],[-81.469799,35.757319],[-81.469839,35.755892],[-81.469578,35.754747],[-81.46955,35.754518],[-81.469581,35.754275],[-81.469622,35.753508]]]}},{"type":"Feature","id":"37023:2783298532","properties":{"id":"37023:2783298532","parcelId":"2783298532","countyFips":"37023","countyName":"Burke","state":"North Carolina","marketIds":["Asheville"],"situsAddress":"2005 OLD DRAGSTRIP ST","situsCity":"HICKORY","situsZip":"28601","jurisdictionCode":null,"ownerName":"ENNIS, JEFFERY LEE","ownerName2":null,"propertyName":null,"zoningCode":null,"zoningDistrict":null,"jurisdictionPrefix":null,"dorCode":"VACANT","acreage":5.48,"centroid":[-81.41761,35.758014],"lastSale":{"date":"2011-07-27","price":null,"qualified":null},"tax":{"marketValue":28924.0,"assessedValue":null,"taxableValue":null,"taxes":null},"mailingAddress":{"line1":"1496 AIRPORT RHODHISS RD","line2":null,"city":"HICKORY","state":"NC","zip":"28602"},"incomeTract":null,"incomeBlockGroup":null,"nearestRoad":null,"flu":null,"opportunityZone":null,"oz2Eligibility":null,"source":"nc-burke-parcels-37023","appraiserUrl":"http://taxweb.burkenc.org/CamaPWA/PropertySummary.aspx?REID=28606","gisViewerUrl":"https://gis.burkenc.org/"},"geometry":{"type":"Polygon","coordinates":[[[-81.41704,35.757629],[-81.415875,35.757713],[-81.416135,35.758727],[-81.416488,35.758523],[-81.416841,35.758354],[-81.416957,35.758322],[-81.41841,35.758333],[-81.418366,35.757688],[-81.419151,35.757733],[-81.419214,35.757664],[-81.419235,35.757466],[-81.41704,35.757629]]]}},{"type":"Feature","id":"37023:2783292128","properties":{"id":"37023:2783292128","parcelId":"2783292128","countyFips":"37023","countyName":"Burke","state":"North Carolina","marketIds":["Asheville"],"situsAddress":"1531 AIRPORT RHODHISS RD","situsCity":"HICKORY","situsZip":"28601","jurisdictionCode":null,"ownerName":"WILSON, HANNA E","ownerName2":null,"propertyName":null,"zoningCode":null,"zoningDistrict":null,"jurisdictionPrefix":null,"dorCode":"INDUSTRIAL","acreage":7.97,"centroid":[-81.419294,35.757176],"lastSale":{"date":"1957-11-07","price":null,"qualified":null},"tax":{"marketValue":355320.0,"assessedValue":null,"taxableValue":null,"taxes":null},"mailingAddress":{"line1":"138 17TH ST NW","line2":null,"city":"HICKORY","state":"NC","zip":"28601"},"incomeTract":null,"incomeBlockGroup":null,"nearestRoad":null,"flu":null,"opportunityZone":null,"oz2Eligibility":null,"source":"nc-burke-parcels-37023","appraiserUrl":"http://taxweb.burkenc.org/CamaPWA/PropertySummary.aspx?REID=28622","gisViewerUrl":"https://gis.burkenc.org/"},"geometry":{"type":"Polygon","coordinates":[[[-81.418398,35.760003],[-81.41868,35.760098],[-81.419205,35.760285],[-81.419524,35.75947],[-81.420048,35.755167],[-81.4197,35.755026],[-81.419499,35.754881],[-81.419442,35.754932],[-81.419467,35.755129],[-81.419448,35.755272],[-81.419501,35.755858],[-81.419425,35.756197],[-81.419416,35.756716],[-81.419261,35.757214],[-81.419214,35.757664],[-81.419005,35.757893],[-81.419099,35.758426],[-81.418958,35.758931],[-81.418398,35.760003]]]}},{"type":"Feature","id":"37023:2784100154","properties":{"id":"37023:2784100154","parcelId":"2784100154","countyFips":"37023","countyName":"Burke","state":"North Carolina","marketIds":["Asheville"],"situsAddress":"1581 AIRPORT RHODHISS RD","situsCity":"HICKORY","situsZip":"28601","jurisdictionCode":null,"ownerName":"MOORE, NANCY YODER;MOORE, LENZI BROOKE","ownerName2":null,"propertyName":null,"zoningCode":null,"zoningDistrict":null,"jurisdictionPrefix":null,"dorCode":"SINGLE FAMILY RES","acreage":6.22,"centroid":[-81.423379,35.759355],"lastSale":{"date":"2023-10-20","price":1000.0,"qualified":null},"tax":{"marketValue":80616.0,"assessedValue":null,"taxableValue":null,"taxes":null},"mailingAddress":{"line1":"1581 AIRPORT RHODHISS RD","line2":null,"city":"HICKORY","state":"NC","zip":"28601"},"incomeTract":null,"incomeBlockGroup":null,"nearestRoad":null,"flu":null,"opportunityZone":null,"oz2Eligibility":null,"source":"nc-burke-parcels-37023","appraiserUrl":"http://taxweb.burkenc.org/CamaPWA/PropertySummary.aspx?REID=28681","gisViewerUrl":"https://gis.burkenc.org/"},"geometry":{"type":"Polygon","coordinates":[[[-81.422925,35.759906],[-81.422951,35.760018],[-81.422924,35.760283],[-81.422852,35.760436],[-81.422744,35.760551],[-81.423785,35.760501],[-81.424276,35.759183],[-81.423911,35.758679],[-81.423776,35.758685],[-81.423643,35.758417],[-81.423529,35.757949],[-81.423232,35.757648],[-81.422925,35.759906]]]}},{"type":"Feature","id":"37023:2783882356","properties":{"id":"37023:2783882356","parcelId":"2783882356","countyFips":"37023","countyName":"Burke","state":"North Carolina","marketIds":["Asheville"],"situsAddress":"960 AIRPORT RHODHISS RD","situsCity":"HICKORY","situsZip":"28601","jurisdictionCode":null,"ownerName":"YANG, SIA T;YANG, YE X","ownerName2":null,"propertyName":null,"zoningCode":null,"zoningDistrict":null,"jurisdictionPrefix":null,"dorCode":"SINGLE FAMILY RES","acreage":8.25,"centroid":[-81.399134,35.754941],"lastSale":{"date":"2007-05-15","price":155000.0,"qualified":null},"tax":{"marketValue":193764.0,"assessedValue":null,"taxableValue":null,"taxes":null},"mailingAddress":{"line1":"960 AIRPORT RHODHISS RD","line2":null,"city":"HICKORY","state":"NC","zip":"28601"},"incomeTract":null,"incomeBlockGroup":null,"nearestRoad":null,"flu":null,"opportunityZone":null,"oz2Eligibility":null,"source":"nc-burke-parcels-37023","appraiserUrl":"http://taxweb.burkenc.org/CamaPWA/PropertySummary.aspx?REID=28701","gisViewerUrl":"https://gis.burkenc.org/"},"geometry":{"type":"Polygon","coordinates":[[[-81.398757,35.756158],[-81.399698,35.756559],[-81.400091,35.754246],[-81.399769,35.754198],[-81.399535,35.754129],[-81.399319,35.754003],[-81.399161,35.753842],[-81.398536,35.754489],[-81.398228,35.755845],[-81.398242,35.755939],[-81.398757,35.756158]]]}},{"type":"Feature","id":"37023:2783785060","properties":{"id":"37023:2783785060","parcelId":"2783785060","countyFips":"37023","countyName":"Burke","state":"North Carolina","marketIds":["Asheville"],"situsAddress":"970 AIRPORT RHODHISS RD","situsCity":"HICKORY","situsZip":"28601","jurisdictionCode":null,"ownerName":"CITY OF HICKORY","ownerName2":null,"propertyName":null,"zoningCode":null,"zoningDistrict":null,"jurisdictionPrefix":null,"dorCode":"MOBILE HOME PARK","acreage":5.72,"centroid":[-81.401729,35.755123],"lastSale":{"date":"2024-04-05","price":442080.0,"qualified":null},"tax":{"marketValue":null,"assessedValue":null,"taxableValue":null,"taxes":null},"mailingAddress":{"line1":"PO BOX 398","line2":null,"city":"HICKORY","state":"NC","zip":"28603"},"incomeTract":null,"incomeBlockGroup":null,"nearestRoad":null,"flu":null,"opportunityZone":null,"oz2Eligibility":null,"source":"nc-burke-parcels-37023","appraiserUrl":"http://taxweb.burkenc.org/CamaPWA/PropertySummary.aspx?REID=28702","gisViewerUrl":"https://gis.burkenc.org/"},"geometry":{"type":"Polygon","coordinates":[[[-81.400393,35.75428],[-81.400787,35.755774],[-81.402101,35.755924],[-81.402348,35.755798],[-81.402277,35.755616],[-81.401946,35.755208],[-81.401862,35.755025],[-81.401884,35.754941],[-81.401795,35.754793],[-81.401783,35.754595],[-81.401842,35.754403],[-81.400393,35.75428]]]}},{"type":"Feature","id":"37023:2783198864","properties":{"id":"37023:2783198864","parcelId":"2783198864","countyFips":"37023","countyName":"Burke","state":"North Carolina","marketIds":["Asheville"],"situsAddress":"1559 AIRPORT RHODHISS RD","situsCity":"HICKORY","situsZip":"28601","jurisdictionCode":null,"ownerName":"KIRBY, LYNN W;FOWLER, BRANDY LEIGH","ownerName2":null,"propertyName":null,"zoningCode":null,"zoningDistrict":null,"jurisdictionPrefix":null,"dorCode":"SINGLE FAMILY RES","acreage":8.17,"centroid":[-81.420705,35.758422],"lastSale":{"date":"2025-08-07","price":null,"qualified":null},"tax":{"marketValue":142065.0,"assessedValue":null,"taxableValue":null,"taxes":null},"mailingAddress":{"line1":"1559 AIRPORT RHODHISS RD","line2":null,"city":"HICKORY","state":"NC","zip":"28601"},"incomeTract":null,"incomeBlockGroup":null,"nearestRoad":null,"flu":null,"opportunityZone":null,"oz2Eligibility":null,"source":"nc-burke-parcels-37023","appraiserUrl":"http://taxweb.burkenc.org/CamaPWA/PropertySummary.aspx?REID=28704","gisViewerUrl":"https://gis.burkenc.org/"},"geometry":{"type":"Polygon","coordinates":[[[-81.420682,35.757465],[-81.420242,35.759643],[-81.419907,35.760482],[-81.420772,35.760617],[-81.421638,35.756387],[-81.42099,35.755936],[-81.420682,35.757465]]]}},{"type":"Feature","id":"37023:2784412890","properties":{"id":"37023:2784412890","parcelId":"2784412890","countyFips":"37023","countyName":"Burke","state":"North Carolina","marketIds":["Asheville"],"situsAddress":"1800 HILFERTY RD","situsCity":"HICKORY","situsZip":"28601","jurisdictionCode":null,"ownerName":"BOCHAA ENTERPRISES, LLC","ownerName2":null,"propertyName":null,"zoningCode":null,"zoningDistrict":null,"jurisdictionPrefix":null,"dorCode":"VACANT","acreage":10.66,"centroid":[-81.41293,35.764567],"lastSale":{"date":"2022-09-22","price":287085.0,"qualified":null},"tax":{"marketValue":255532.0,"assessedValue":null,"taxableValue":null,"taxes":null},"mailingAddress":{"line1":"1262 BEECHWOOD DR","line2":null,"city":"NEWTON","state":"NC","zip":"28658"},"incomeTract":null,"incomeBlockGroup":null,"nearestRoad":null,"flu":null,"opportunityZone":null,"oz2Eligibility":null,"source":"nc-burke-parcels-37023","appraiserUrl":"http://taxweb.burkenc.org/CamaPWA/PropertySummary.aspx?REID=28721","gisViewerUrl":"https://gis.burkenc.org/"},"geometry":{"type":"Polygon","coordinates":[[[-81.411235,35.765502],[-81.412338,35.765643],[-81.413027,35.765675],[-81.413334,35.765077],[-81.413453,35.765095],[-81.414169,35.763509],[-81.414356,35.763133],[-81.41258,35.763153],[-81.411879,35.764313],[-81.411235,35.765502]]]}},{"type":"Feature","id":"37023:2793273464","properties":{"id":"37023:2793273464","parcelId":"2793273464","countyFips":"37023","countyName":"Burke","state":"North Carolina","marketIds":["Asheville"],"situsAddress":"3100 CASTLE AVE","situsCity":"HICKORY","situsZip":"28601","jurisdictionCode":null,"ownerName":"CITY OF HICKORY","ownerName2":null,"propertyName":null,"zoningCode":null,"zoningDistrict":null,"jurisdictionPrefix":null,"dorCode":"VACANT","acreage":29.27,"centroid":[-81.385146,35.753382],"lastSale":{"date":"2022-09-20","price":507318.0,"qualified":null},"tax":{"marketValue":null,"assessedValue":null,"taxableValue":null,"taxes":null},"mailingAddress":{"line1":"PO BOX 398","line2":null,"city":"HICKORY","state":"NC","zip":"28603"},"incomeTract":null,"incomeBlockGroup":null,"nearestRoad":null,"flu":null,"opportunityZone":null,"oz2Eligibility":null,"source":"nc-burke-parcels-37023","appraiserUrl":"http://taxweb.burkenc.org/CamaPWA/PropertySummary.aspx?REID=28821","gisViewerUrl":"https://gis.burkenc.org/"},"geometry":{"type":"Polygon","coordinates":[[[-81.382913,35.754457],[-81.383359,35.754471],[-81.383681,35.754502],[-81.384254,35.754622],[-81.384807,35.754806],[-81.385151,35.754967],[-81.385663,35.754733],[-81.385178,35.754235],[-81.386775,35.753349],[-81.387388,35.753121],[-81.387524,35.752264],[-81.387772,35.751897],[-81.388137,35.751558],[-81.384218,35.750964],[-81.383657,35.752275],[-81.383474,35.752444],[-81.38353,35.752836],[-81.382913,35.754457]]]}},{"type":"Feature","id":"37023:2783877497","properties":{"id":"37023:2783877497","parcelId":"2783877497","countyFips":"37023","countyName":"Burke","state":"North Carolina","marketIds":["Asheville"],"situsAddress":"950 AIRPORT RHODHISS RD","situsCity":"HICKORY","situsZip":"28601","jurisdictionCode":null,"ownerName":"THE CITY OF HICKORY","ownerName2":null,"propertyName":null,"zoningCode":null,"zoningDistrict":null,"jurisdictionPrefix":null,"dorCode":"VACANT","acreage":11.67,"centroid":[-81.397591,35.75283],"lastSale":{"date":"2021-02-01","price":null,"qualified":null},"tax":{"marketValue":null,"assessedValue":null,"taxableValue":null,"taxes":null},"mailingAddress":{"line1":"PO BOX 398","line2":null,"city":"HICKORY","state":"NC","zip":"28603"},"incomeTract":null,"incomeBlockGroup":null,"nearestRoad":null,"flu":null,"opportunityZone":null,"oz2Eligibility":null,"source":"nc-burke-parcels-37023","appraiserUrl":"http://taxweb.burkenc.org/CamaPWA/PropertySummary.aspx?REID=28921","gisViewerUrl":"https://gis.burkenc.org/"},"geometry":{"type":"Polygon","coordinates":[[[-81.395484,35.753352],[-81.395484,35.753355],[-81.395877,35.753355],[-81.399007,35.753523],[-81.398943,35.753192],[-81.398927,35.752817],[-81.398162,35.752765],[-81.398146,35.752356],[-81.398968,35.752401],[-81.39904,35.752115],[-81.395461,35.751896],[-81.395484,35.753352]]]}},{"type":"Feature","id":"37023:2793168620","properties":{"id":"37023:2793168620","parcelId":"2793168620","countyFips":"37023","countyName":"Burke","state":"North Carolina","marketIds":["Asheville"],"situsAddress":"0 GOAT FARM ST","situsCity":"HICKORY","situsZip":"28601","jurisdictionCode":null,"ownerName":"CITY OF HICKORY","ownerName2":null,"propertyName":null,"zoningCode":null,"zoningDistrict":null,"jurisdictionPrefix":null,"dorCode":"GOVERNMENT","acreage":20.68,"centroid":[-81.386703,35.750516],"lastSale":{"date":"2001-01-11","price":null,"qualified":null},"tax":{"marketValue":null,"assessedValue":null,"taxableValue":null,"taxes":null},"mailingAddress":{"line1":"P O BOX 398","line2":null,"city":"HICKORY","state":"NC","zip":"28603"},"incomeTract":null,"incomeBlockGroup":null,"nearestRoad":null,"flu":null,"opportunityZone":null,"oz2Eligibility":null,"source":"nc-burke-parcels-37023","appraiserUrl":"http://taxweb.burkenc.org/CamaPWA/PropertySummary.aspx?REID=33451","gisViewerUrl":"https://gis.burkenc.org/"},"geometry":{"type":"Polygon","coordinates":[[[-81.388416,35.751597],[-81.388928,35.751666],[-81.389119,35.749814],[-81.384903,35.74921],[-81.384635,35.749843],[-81.384218,35.750964],[-81.388416,35.751597]]]}},{"type":"Feature","id":"37023:2783097193","properties":{"id":"37023:2783097193","parcelId":"2783097193","countyFips":"37023","countyName":"Burke","state":"North Carolina","marketIds":["Asheville"],"situsAddress":"1269 POLLY RIDGE LN","situsCity":"HICKORY","situsZip":"28601","jurisdictionCode":null,"ownerName":"FRYE, MANDY LEA;SPARKS, JORDAN LEA SMITH;SMITH, CAMERON LUKE","ownerName2":null,"propertyName":null,"zoningCode":null,"zoningDistrict":null,"jurisdictionPrefix":null,"dorCode":"VACANT","acreage":5.61,"centroid":[-81.424359,35.756676],"lastSale":{"date":"2022-02-22","price":null,"qualified":null},"tax":{"marketValue":29009.0,"assessedValue":null,"taxableValue":null,"taxes":null},"mailingAddress":{"line1":"1263 POLLY RIDGE LN","line2":null,"city":"HICKORY","state":"NC","zip":"28601"},"incomeTract":null,"incomeBlockGroup":null,"nearestRoad":null,"flu":null,"opportunityZone":null,"oz2Eligibility":null,"source":"nc-burke-parcels-37023","appraiserUrl":"http://taxweb.burkenc.org/CamaPWA/PropertySummary.aspx?REID=19119","gisViewerUrl":"https://gis.burkenc.org/"},"geometry":{"type":"Polygon","coordinates":[[[-81.425173,35.755925],[-81.424984,35.755947],[-81.423321,35.756142],[-81.423276,35.757265],[-81.423742,35.757403],[-81.424456,35.757391],[-81.424543,35.757435],[-81.425378,35.755901],[-81.425173,35.755925]]]}},{"type":"Feature","id":"37023:2783074286","properties":{"id":"37023:2783074286","parcelId":"2783074286","countyFips":"37023","countyName":"Burke","state":"North Carolina","marketIds":["Asheville"],"situsAddress":"0 CAPE HICKORY RD","situsCity":"HICKORY","situsZip":"28601","jurisdictionCode":null,"ownerName":"ANDERSON, L LEIGH ELMORE","ownerName2":null,"propertyName":null,"zoningCode":null,"zoningDistrict":null,"jurisdictionPrefix":null,"dorCode":"VACANT","acreage":5.39,"centroid":[-81.425156,35.751585],"lastSale":{"date":"2003-04-24","price":null,"qualified":null},"tax":{"marketValue":28778.0,"assessedValue":null,"taxableValue":null,"taxes":null},"mailingAddress":{"line1":"9000 BOWMAN LOWMAN AVE","line2":null,"city":"HICKORY","state":"NC","zip":"28601"},"incomeTract":null,"incomeBlockGroup":null,"nearestRoad":null,"flu":null,"opportunityZone":null,"oz2Eligibility":null,"source":"nc-burke-parcels-37023","appraiserUrl":"http://taxweb.burkenc.org/CamaPWA/PropertySummary.aspx?REID=19409","gisViewerUrl":"https://gis.burkenc.org/"},"geometry":{"type":"Polygon","coordinates":[[[-81.425172,35.753027],[-81.425608,35.75303],[-81.425576,35.752707],[-81.42563,35.751809],[-81.426156,35.751838],[-81.425876,35.75081],[-81.42505,35.750786],[-81.425,35.751094],[-81.424927,35.751024],[-81.424809,35.750977],[-81.424784,35.75093],[-81.42458,35.750818],[-81.424493,35.750811],[-81.424457,35.751877],[-81.425219,35.752237],[-81.425172,35.753027]]]}},{"type":"Feature","id":"37023:2763971644","properties":{"id":"37023:2763971644","parcelId":"2763971644","countyFips":"37023","countyName":"Burke","state":"North Carolina","marketIds":["Asheville"],"situsAddress":"2184 WADE DRIVE EXT","situsCity":"CONNELLY SPRINGS","situsZip":"28612","jurisdictionCode":null,"ownerName":"ANNAS, JONATHAN E;ANNAS, EMILY S","ownerName2":null,"propertyName":null,"zoningCode":null,"zoningDistrict":null,"jurisdictionPrefix":null,"dorCode":"SINGLE FAMILY RES","acreage":6.43,"centroid":[-81.463263,35.752045],"lastSale":{"date":"2015-08-20","price":141000.0,"qualified":null},"tax":{"marketValue":218562.0,"assessedValue":null,"taxableValue":null,"taxes":null},"mailingAddress":{"line1":"2184 WADE DR EXT","line2":null,"city":"CONNELLY SPRINGS","state":"NC","zip":"28612"},"incomeTract":null,"incomeBlockGroup":null,"nearestRoad":null,"flu":null,"opportunityZone":null,"oz2Eligibility":null,"source":"nc-burke-parcels-37023","appraiserUrl":"http://taxweb.burkenc.org/CamaPWA/PropertySummary.aspx?REID=32916","gisViewerUrl":"https://gis.burkenc.org/"},"geometry":{"type":"Polygon","coordinates":[[[-81.462191,35.752013],[-81.462187,35.752044],[-81.463675,35.752387],[-81.463383,35.75282],[-81.464529,35.752463],[-81.464593,35.751413],[-81.462282,35.751175],[-81.462191,35.752013]]]}},{"type":"Feature","id":"37023:2794609893","properties":{"id":"37023:2794609893","parcelId":"2794609893","countyFips":"37023","countyName":"Burke","state":"North Carolina","marketIds":["Asheville"],"situsAddress":"2035 12TH ST DR NW","situsCity":"HICKORY","situsZip":"28601","jurisdictionCode":null,"ownerName":"CITY OF HICKORY","ownerName2":null,"propertyName":null,"zoningCode":null,"zoningDistrict":null,"jurisdictionPrefix":null,"dorCode":"GOVERNMENT","acreage":100.8,"centroid":[-81.371481,35.762904],"lastSale":{"date":"1900-07-25","price":null,"qualified":null},"tax":{"marketValue":null,"assessedValue":null,"taxableValue":null,"taxes":null},"mailingAddress":{"line1":"PO BOX 398","line2":null,"city":"HICKORY","state":"NC","zip":"28601"},"incomeTract":null,"incomeBlockGroup":null,"nearestRoad":null,"flu":null,"opportunityZone":null,"oz2Eligibility":null,"source":"nc-burke-parcels-37023","appraiserUrl":"http://taxweb.burkenc.org/CamaPWA/PropertySummary.aspx?REID=38515","gisViewerUrl":"https://gis.burkenc.org/"},"geometry":{"type":"Polygon","coordinates":[[[-81.366491,35.766671],[-81.366541,35.766672],[-81.366725,35.766668],[-81.366875,35.766755],[-81.366989,35.766743],[-81.367096,35.766688],[-81.367239,35.766554],[-81.367732,35.766391],[-81.367942,35.766279],[-81.36834,35.766041],[-81.368477,35.765881],[-81.368551,35.765857],[-81.368594,35.765878],[-81.368655,35.76587],[-81.368843,35.765909],[-81.368853,35.765918],[-81.368801,35.765966],[-81.368825,35.766001],[-81.3688,35.766047],[-81.368824,35.766092],[-81.368994,35.766079],[-81.369062,35.766027],[-81.369125,35.766057],[-81.369279,35.765994],[-81.369451,35.765886],[-81.369521,35.765833],[-81.369548,35.765774],[-81.369578,35.765755],[-81.369743,35.765777],[-81.3698,35.765765],[-81.369872,35.76571],[-81.369936,35.765691],[-81.369991,35.765639],[-81.37022,35.765526],[-81.370246,35.765497],[-81.370256,35.765425],[-81.370375,35.765229],[-81.37045,35.765212],[-81.370476,35.765182],[-81.370485,35.765082],[-81.370572,35.764968],[-81.370571,35.764912],[-81.370595,35.764866],[-81.370553,35.764686],[-81.370579,35.764579],[-81.370638,35.764506],[-81.370827,35.76443],[-81.3709,35.76435],[-81.371058,35.764271],[-81.37112,35.764211],[-81.371161,35.764131],[-81.371182,35.763955],[-81.371171,35.763873],[-81.371208,35.763808],[-81.371275,35.76378],[-81.371526,35.763761],[-81.371715,35.763691],[-81.371796,35.763605],[-81.371833,35.763507],[-81.371918,35.763378],[-81.372102,35.763212],[-81.37217,35.763095],[-81.372246,35.763059],[-81.372291,35.762953],[-81.372363,35.762915],[-81.372394,35.762837],[-81.372444,35.7628],[-81.37255,35.762776],[-81.37264,35.762653],[-81.37277,35.762626],[-81.372969,35.762393],[-81.373047,35.762366],[-81.373169,35.762267],[-81.373257,35.762239],[-81.373359,35.762142],[-81.373384,35.762071],[-81.373454,35.762013],[-81.373563,35.761854],[-81.37363,35.761807],[-81.37371,35.761673],[-81.373941,35.761178],[-81.373939,35.761093],[-81.373997,35.760968],[-81.374015,35.760808],[-81.374159,35.760647],[-81.374281,35.760567],[-81.374436,35.760297],[-81.374437,35.760224],[-81.374528,35.760112],[-81.374624,35.759913],[-81.374634,35.759711],[-81.374688,35.759637],[-81.374666,35.75957],[-81.374744,35.759478],[-81.374729,35.759405],[-81.374773,35.759304],[-81.374782,35.759228],[-81.374887,35.7591],[-81.37487,35.759009],[-81.374914,35.758927],[-81.374996,35.75882],[-81.375109,35.758723],[-81.375227,35.758327],[-81.375294,35.758175],[-81.37531,35.75801],[-81.375344,35.757899],[-81.375364,35.75757],[-81.375407,35.757478],[-81.375358,35.757375],[-81.375374,35.757262],[-81.375363,35.757215],[-81.375492,35.756934],[-81.375569,35.756878],[-81.375658,35.756846],[-81.375065,35.756304],[-81.374369,35.755812],[-81.374231,35.755734],[-81.374065,35.75566],[-81.372976,35.755332],[-81.368724,35.760712],[-81.36856,35.764057],[-81.367916,35.764405],[-81.36817,35.764807],[-81.368291,35.765082],[-81.368318,35.76525],[-81.368301,35.765416],[-81.368264,35.765525],[-81.36793,35.766045],[-81.367846,35.766149],[-81.367629,35.766323],[-81.367432,35.766418],[-81.367177,35.766505],[-81.366491,35.766671]]]}},{"type":"Feature","id":"37023:2774738751","properties":{"id":"37023:2774738751","parcelId":"2774738751","countyFips":"37023","countyName":"Burke","state":"North Carolina","marketIds":["Asheville"],"situsAddress":"101 CAROLINA AVE","situsCity":"HICKORY","situsZip":"28601","jurisdictionCode":null,"ownerName":"TOWN OF RHODHISS","ownerName2":null,"propertyName":null,"zoningCode":null,"zoningDistrict":null,"jurisdictionPrefix":null,"dorCode":"GOVERNMENT","acreage":16.56,"centroid":[-81.434653,35.76913],"lastSale":{"date":"1976-11-09","price":null,"qualified":null},"tax":{"marketValue":null,"assessedValue":null,"taxableValue":null,"taxes":null},"mailingAddress":{"line1":"PO BOX 40","line2":null,"city":"RHODHISS","state":"NC","zip":"28667"},"incomeTract":null,"incomeBlockGroup":null,"nearestRoad":null,"flu":null,"opportunityZone":null,"oz2Eligibility":null,"source":"nc-burke-parcels-37023","appraiserUrl":"http://taxweb.burkenc.org/CamaPWA/PropertySummary.aspx?REID=38733","gisViewerUrl":"https://gis.burkenc.org/"},"geometry":{"type":"Polygon","coordinates":[[[-81.433562,35.771046],[-81.433684,35.771102],[-81.433882,35.771177],[-81.434024,35.771201],[-81.434237,35.771167],[-81.434358,35.771101],[-81.434445,35.771009],[-81.43458,35.77079],[-81.435077,35.769896],[-81.435314,35.769572],[-81.435814,35.769259],[-81.435949,35.769135],[-81.436039,35.76898],[-81.435428,35.768727],[-81.435528,35.768449],[-81.435783,35.768231],[-81.436103,35.767992],[-81.436412,35.767361],[-81.435822,35.767343],[-81.435673,35.766334],[-81.434266,35.766409],[-81.434544,35.766624],[-81.434732,35.767276],[-81.434661,35.767522],[-81.434378,35.767466],[-81.434536,35.768353],[-81.434428,35.76877],[-81.433546,35.768821],[-81.433756,35.76914],[-81.433792,35.769246],[-81.4338,35.769356],[-81.43376,35.769518],[-81.43339,35.770214],[-81.433773,35.770306],[-81.433789,35.770669],[-81.433562,35.771046]]]}},{"type":"Feature","id":"37023:2763485934","properties":{"id":"37023:2763485934","parcelId":"2763485934","countyFips":"37023","countyName":"Burke","state":"North Carolina","marketIds":["Asheville"],"situsAddress":"7449 OAK RIDGE CHURCH RD","situsCity":"CONNELLY SPRINGS","situsZip":"28612","jurisdictionCode":null,"ownerName":"OAK RIDGE BAPT CHUR CONN SPRGS","ownerName2":null,"propertyName":null,"zoningCode":null,"zoningDistrict":null,"jurisdictionPrefix":null,"dorCode":"RELIGIOUS","acreage":11.99,"centroid":[-81.479301,35.75512],"lastSale":{"date":"2005-07-05","price":null,"qualified":null},"tax":{"marketValue":null,"assessedValue":null,"taxableValue":null,"taxes":null},"mailingAddress":{"line1":"7749 OAK RIDGE CHURCH ROAD","line2":null,"city":"CONNELLY SPRINGS","state":"NC","zip":"28612"},"incomeTract":null,"incomeBlockGroup":null,"nearestRoad":null,"flu":null,"opportunityZone":null,"oz2Eligibility":null,"source":"nc-burke-parcels-37023","appraiserUrl":"http://taxweb.burkenc.org/CamaPWA/PropertySummary.aspx?REID=38810","gisViewerUrl":"https://gis.burkenc.org/"},"geometry":{"type":"Polygon","coordinates":[[[-81.479967,35.756417],[-81.479988,35.756417],[-81.479989,35.754681],[-81.480755,35.754078],[-81.480741,35.753524],[-81.480343,35.753573],[-81.479767,35.753757],[-81.479142,35.753913],[-81.478485,35.754018],[-81.478262,35.755604],[-81.47868,35.755706],[-81.47828,35.755924],[-81.478099,35.756415],[-81.478278,35.756421],[-81.478746,35.756354],[-81.479967,35.756417]]]}},{"type":"Feature","id":"37023:2783674238","properties":{"id":"37023:2783674238","parcelId":"2783674238","countyFips":"37023","countyName":"Burke","state":"North Carolina","marketIds":["Asheville"],"situsAddress":"0 MUANGMOKE RD","situsCity":"HICKORY","situsZip":"28601","jurisdictionCode":null,"ownerName":"HART, TONY BRIAN","ownerName2":null,"propertyName":null,"zoningCode":null,"zoningDistrict":null,"jurisdictionPrefix":null,"dorCode":"VACANT","acreage":14.02,"centroid":[-81.404962,35.752232],"lastSale":{"date":"2023-06-21","price":null,"qualified":null},"tax":{"marketValue":40634.0,"assessedValue":null,"taxableValue":null,"taxes":null},"mailingAddress":{"line1":"955 AIRPORT RHODHISS RD","line2":null,"city":"HICKORY","state":"NC","zip":"28601"},"incomeTract":null,"incomeBlockGroup":null,"nearestRoad":null,"flu":null,"opportunityZone":null,"oz2Eligibility":null,"source":"nc-burke-parcels-37023","appraiserUrl":"http://taxweb.burkenc.org/CamaPWA/PropertySummary.aspx?REID=44285","gisViewerUrl":"https://gis.burkenc.org/"},"geometry":{"type":"Polygon","coordinates":[[[-81.40499,35.753237],[-81.405389,35.753336],[-81.406363,35.753046],[-81.406765,35.752575],[-81.406131,35.750594],[-81.403799,35.751512],[-81.403074,35.751719],[-81.403189,35.751837],[-81.40499,35.753237]]]}},{"type":"Feature","id":"37023:2783562755","properties":{"id":"37023:2783562755","parcelId":"2783562755","countyFips":"37023","countyName":"Burke","state":"North Carolina","marketIds":["Asheville"],"situsAddress":"0 LIBERTY CHURCH RD","situsCity":"HICKORY","situsZip":"28601","jurisdictionCode":null,"ownerName":"LOR, LEE","ownerName2":null,"propertyName":null,"zoningCode":null,"zoningDistrict":null,"jurisdictionPrefix":null,"dorCode":"VACANT","acreage":13.23,"centroid":[-81.408967,35.750709],"lastSale":{"date":"2005-01-26","price":null,"qualified":null},"tax":{"marketValue":48406.0,"assessedValue":null,"taxableValue":null,"taxes":null},"mailingAddress":{"line1":"2230 WEST VIEW ACRES AVE EXT","line2":null,"city":"HICKORY","state":"NC","zip":"28601"},"incomeTract":null,"incomeBlockGroup":null,"nearestRoad":null,"flu":null,"opportunityZone":null,"oz2Eligibility":null,"source":"nc-burke-parcels-37023","appraiserUrl":"http://taxweb.burkenc.org/CamaPWA/PropertySummary.aspx?REID=44286","gisViewerUrl":"https://gis.burkenc.org/"},"geometry":{"type":"Polygon","coordinates":[[[-81.406131,35.750594],[-81.406765,35.752575],[-81.40724,35.752204],[-81.40757,35.752],[-81.408003,35.751597],[-81.408411,35.751262],[-81.408843,35.750972],[-81.410086,35.750419],[-81.410229,35.750745],[-81.410846,35.750314],[-81.411715,35.749747],[-81.411176,35.749364],[-81.409935,35.750149],[-81.410143,35.750352],[-81.410057,35.750407],[-81.409676,35.750047],[-81.408356,35.750595],[-81.407638,35.750118],[-81.407559,35.750012],[-81.406131,35.750594]]]}},{"type":"Feature","id":"37023:2764610473","properties":{"id":"37023:2764610473","parcelId":"2764610473","countyFips":"37023","countyName":"Burke","state":"North Carolina","marketIds":["Asheville"],"situsAddress":"0 DECKER RD","situsCity":"CONNELLY SPRINGS","situsZip":"28612","jurisdictionCode":null,"ownerName":"ABERNATHY, LINDA","ownerName2":null,"propertyName":null,"zoningCode":null,"zoningDistrict":null,"jurisdictionPrefix":null,"dorCode":"FARM DEFERRED","acreage":11.54,"centroid":[-81.473476,35.762246],"lastSale":{"date":"2022-05-05","price":null,"qualified":null},"tax":{"marketValue":7444.0,"assessedValue":null,"taxableValue":null,"taxes":null},"mailingAddress":{"line1":"2400 FULBRIGHT DR","line2":null,"city":"CONNELLY SPRINGS","state":"NC","zip":"28612"},"incomeTract":null,"incomeBlockGroup":null,"nearestRoad":null,"flu":null,"opportunityZone":null,"oz2Eligibility":null,"source":"nc-burke-parcels-37023","appraiserUrl":"http://taxweb.burkenc.org/CamaPWA/PropertySummary.aspx?REID=44596","gisViewerUrl":"https://gis.burkenc.org/"},"geometry":{"type":"Polygon","coordinates":[[[-81.472482,35.762771],[-81.475837,35.762768],[-81.475433,35.761349],[-81.473255,35.761234],[-81.472032,35.762584],[-81.471817,35.762772],[-81.472482,35.762771]]]}},{"type":"Feature","id":"37023:2774649796","properties":{"id":"37023:2774649796","parcelId":"2774649796","countyFips":"37023","countyName":"Burke","state":"North Carolina","marketIds":["Asheville"],"situsAddress":"0 LAKE DR","situsCity":"HICKORY","situsZip":"28601","jurisdictionCode":null,"ownerName":"DUKE ENERGY CORPORATION","ownerName2":null,"propertyName":null,"zoningCode":null,"zoningDistrict":null,"jurisdictionPrefix":null,"dorCode":"EXEMPT VALUE","acreage":9.93,"centroid":[-81.437581,35.772333],"lastSale":{"date":"2001-03-29","price":null,"qualified":null},"tax":{"marketValue":null,"assessedValue":null,"taxableValue":null,"taxes":null},"mailingAddress":{"line1":"P O BOX 1007","line2":null,"city":"CHARLOTTE","state":"NC","zip":"28201"},"incomeTract":null,"incomeBlockGroup":null,"nearestRoad":null,"flu":null,"opportunityZone":null,"oz2Eligibility":null,"source":"nc-burke-parcels-37023","appraiserUrl":"http://taxweb.burkenc.org/CamaPWA/PropertySummary.aspx?REID=55589","gisViewerUrl":"https://gis.burkenc.org/"},"geometry":{"type":"Polygon","coordinates":[[[-81.437706,35.77375],[-81.437871,35.773791],[-81.438006,35.773807],[-81.438227,35.772495],[-81.438292,35.772227],[-81.438369,35.771638],[-81.438353,35.771512],[-81.438299,35.771383],[-81.43828,35.771274],[-81.438339,35.771091],[-81.438322,35.770976],[-81.437409,35.770985],[-81.437185,35.771827],[-81.436662,35.771874],[-81.436482,35.772437],[-81.436739,35.77245],[-81.436787,35.772479],[-81.43682,35.772539],[-81.43685,35.772549],[-81.437167,35.772493],[-81.437195,35.772446],[-81.437259,35.772406],[-81.437294,35.77233],[-81.437281,35.772294],[-81.437301,35.772249],[-81.437236,35.772196],[-81.437242,35.772063],[-81.437263,35.772042],[-81.437377,35.772029],[-81.437433,35.772068],[-81.437366,35.772216],[-81.437388,35.772297],[-81.437364,35.772331],[-81.437386,35.772365],[-81.437347,35.772437],[-81.437376,35.772498],[-81.437604,35.772592],[-81.437841,35.77256],[-81.437839,35.772594],[-81.437859,35.772596],[-81.437918,35.772576],[-81.437947,35.772521],[-81.437983,35.772503],[-81.437999,35.772517],[-81.437993,35.772631],[-81.437924,35.772825],[-81.437897,35.772998],[-81.43782,35.773212],[-81.437706,35.77375]]]}},{"type":"Feature","id":"37023:2784201822","properties":{"id":"37023:2784201822","parcelId":"2784201822","countyFips":"37023","countyName":"Burke","state":"North Carolina","marketIds":["Asheville"],"situsAddress":"0 AIRPORT RHODHISS RD","situsCity":"HICKORY","situsZip":"28601","jurisdictionCode":null,"ownerName":"CRUMP, GARY S","ownerName2":null,"propertyName":null,"zoningCode":null,"zoningDistrict":null,"jurisdictionPrefix":null,"dorCode":"VACANT","acreage":6.43,"centroid":[-81.419978,35.761339],"lastSale":{"date":"2019-01-22","price":null,"qualified":null},"tax":{"marketValue":30874.0,"assessedValue":null,"taxableValue":null,"taxes":null},"mailingAddress":{"line1":"5574 ASHLEY CT","line2":null,"city":"HICKORY","state":"NC","zip":"28601"},"incomeTract":null,"incomeBlockGroup":null,"nearestRoad":null,"flu":null,"opportunityZone":null,"oz2Eligibility":null,"source":"nc-burke-parcels-37023","appraiserUrl":"http://taxweb.burkenc.org/CamaPWA/PropertySummary.aspx?REID=55639","gisViewerUrl":"https://gis.burkenc.org/"},"geometry":{"type":"Polygon","coordinates":[[[-81.418739,35.762086],[-81.420267,35.762527],[-81.420956,35.760783],[-81.420363,35.760723],[-81.419566,35.760574],[-81.418739,35.762086]]]}},{"type":"Feature","id":"37023:2784215436","properties":{"id":"37023:2784215436","parcelId":"2784215436","countyFips":"37023","countyName":"Burke","state":"North Carolina","marketIds":["Asheville"],"situsAddress":"0 TUCKER ST","situsCity":"HICKORY","situsZip":"28601","jurisdictionCode":null,"ownerName":"ESPEY, DEBRA G CRUMP","ownerName2":null,"propertyName":null,"zoningCode":null,"zoningDistrict":null,"jurisdictionPrefix":null,"dorCode":"VACANT","acreage":15.16,"centroid":[-81.41792,35.763254],"lastSale":{"date":"2024-05-01","price":null,"qualified":null},"tax":{"marketValue":53980.0,"assessedValue":null,"taxableValue":null,"taxes":null},"mailingAddress":{"line1":"1670 2ND ST NW","line2":null,"city":"HICKORY","state":"NC","zip":"28601"},"incomeTract":null,"incomeBlockGroup":null,"nearestRoad":null,"flu":null,"opportunityZone":null,"oz2Eligibility":null,"source":"nc-burke-parcels-37023","appraiserUrl":"http://taxweb.burkenc.org/CamaPWA/PropertySummary.aspx?REID=55640","gisViewerUrl":"https://gis.burkenc.org/"},"geometry":{"type":"Polygon","coordinates":[[[-81.416634,35.763574],[-81.417162,35.763792],[-81.418813,35.764572],[-81.419363,35.764813],[-81.420267,35.762527],[-81.418739,35.762086],[-81.417643,35.761729],[-81.417069,35.762779],[-81.417738,35.763075],[-81.417542,35.763493],[-81.417222,35.76343],[-81.416848,35.763183],[-81.416634,35.763574]]]}},{"type":"Feature","id":"37023:2774924557","properties":{"id":"37023:2774924557","parcelId":"2774924557","countyFips":"37023","countyName":"Burke","state":"North Carolina","marketIds":["Asheville"],"situsAddress":"301 DOGWOOD DR","situsCity":"HICKORY","situsZip":"28601","jurisdictionCode":null,"ownerName":"FRYE, KEVIN","ownerName2":null,"propertyName":null,"zoningCode":null,"zoningDistrict":null,"jurisdictionPrefix":null,"dorCode":"SINGLE FAMILY RES","acreage":5.0,"centroid":[-81.42939,35.766241],"lastSale":{"date":"2001-04-09","price":25000.0,"qualified":null},"tax":{"marketValue":143316.0,"assessedValue":null,"taxableValue":null,"taxes":null},"mailingAddress":{"line1":"301 DOGWOOD DR","line2":null,"city":"HICKORY","state":"NC","zip":"28601"},"incomeTract":null,"incomeBlockGroup":null,"nearestRoad":null,"flu":null,"opportunityZone":null,"oz2Eligibility":null,"source":"nc-burke-parcels-37023","appraiserUrl":"http://taxweb.burkenc.org/CamaPWA/PropertySummary.aspx?REID=55726","gisViewerUrl":"https://gis.burkenc.org/"},"geometry":{"type":"Polygon","coordinates":[[[-81.427833,35.766204],[-81.42882,35.766426],[-81.430046,35.766702],[-81.430125,35.766618],[-81.430237,35.766421],[-81.430371,35.765944],[-81.428301,35.765375],[-81.427833,35.766204]]]}},{"type":"Feature","id":"37023:2773585726","properties":{"id":"37023:2773585726","parcelId":"2773585726","countyFips":"37023","countyName":"Burke","state":"North Carolina","marketIds":["Asheville"],"situsAddress":"2121 ICARD RHODHISS RD","situsCity":"CONNELLY SPRINGS","situsZip":"28612","jurisdictionCode":null,"ownerName":"POTEET, KEITH H","ownerName2":null,"propertyName":null,"zoningCode":null,"zoningDistrict":null,"jurisdictionPrefix":null,"dorCode":"SINGLE FAMILY RES","acreage":5.38,"centroid":[-81.441915,35.755467],"lastSale":{"date":"2012-10-25","price":115000.0,"qualified":null},"tax":{"marketValue":194973.0,"assessedValue":null,"taxableValue":null,"taxes":null},"mailingAddress":{"line1":"2121 ICARD RHODHISS RD","line2":null,"city":"CONNELLY SPRINGS","state":"NC","zip":"28612"},"incomeTract":null,"incomeBlockGroup":null,"nearestRoad":null,"flu":null,"opportunityZone":null,"oz2Eligibility":null,"source":"nc-burke-parcels-37023","appraiserUrl":"http://taxweb.burkenc.org/CamaPWA/PropertySummary.aspx?REID=60019","gisViewerUrl":"https://gis.burkenc.org/"},"geometry":{"type":"Polygon","coordinates":[[[-81.440884,35.756092],[-81.441502,35.756109],[-81.443214,35.755356],[-81.443089,35.754889],[-81.440884,35.754889],[-81.440884,35.756092]]]}},{"type":"Feature","id":"37023:2764708992","properties":{"id":"37023:2764708992","parcelId":"2764708992","countyFips":"37023","countyName":"Burke","state":"North Carolina","marketIds":["Asheville"],"situsAddress":"7678 DECKER RD","situsCity":"CONNELLY SPRINGS","situsZip":"28612","jurisdictionCode":null,"ownerName":"MACK, JACOB RYAN;MACK, FLEETA;MACK FAMILY LIVING TRUST","ownerName2":null,"propertyName":null,"zoningCode":null,"zoningDistrict":null,"jurisdictionPrefix":null,"dorCode":"SINGLE FAMILY RES","acreage":10.0,"centroid":[-81.467195,35.759694],"lastSale":{"date":"2022-04-20","price":null,"qualified":null},"tax":{"marketValue":139878.0,"assessedValue":null,"taxableValue":null,"taxes":null},"mailingAddress":{"line1":"414 HUNSUCKER RD","line2":null,"city":"HICKORY","state":"NC","zip":"28601"},"incomeTract":null,"incomeBlockGroup":null,"nearestRoad":null,"flu":null,"opportunityZone":null,"oz2Eligibility":null,"source":"nc-burke-parcels-37023","appraiserUrl":"http://taxweb.burkenc.org/CamaPWA/PropertySummary.aspx?REID=60041","gisViewerUrl":"https://gis.burkenc.org/"},"geometry":{"type":"Polygon","coordinates":[[[-81.466156,35.761176],[-81.469653,35.761333],[-81.469671,35.761059],[-81.467401,35.760092],[-81.467415,35.759449],[-81.467276,35.759234],[-81.467178,35.759241],[-81.46715,35.759171],[-81.46707,35.759124],[-81.467053,35.75906],[-81.466977,35.759117],[-81.466795,35.759179],[-81.466526,35.759218],[-81.466343,35.759213],[-81.466302,35.759275],[-81.466146,35.760164],[-81.466156,35.761176]]]}},{"type":"Feature","id":"37023:2764453269","properties":{"id":"37023:2764453269","parcelId":"2764453269","countyFips":"37023","countyName":"Burke","state":"North Carolina","marketIds":["Asheville"],"situsAddress":"2406 E PARADISE HARBOR DR","situsCity":"CONNELLY SPRINGS","situsZip":"28612","jurisdictionCode":null,"ownerName":"WORKMAN, CHRISTOPHER;WORKMAN, ALYCIA","ownerName2":null,"propertyName":null,"zoningCode":null,"zoningDistrict":null,"jurisdictionPrefix":null,"dorCode":"SINGLE FAMILY RES","acreage":5.01,"centroid":[-81.480099,35.772764],"lastSale":{"date":"2023-11-07","price":null,"qualified":null},"tax":{"marketValue":715107.0,"assessedValue":null,"taxableValue":null,"taxes":null},"mailingAddress":{"line1":"2406 E PARADISE HARBOR DR","line2":null,"city":"CONNELLY SPRINGS","state":"NC","zip":"28612"},"incomeTract":null,"incomeBlockGroup":null,"nearestRoad":null,"flu":null,"opportunityZone":null,"oz2Eligibility":null,"source":"nc-burke-parcels-37023","appraiserUrl":"http://taxweb.burkenc.org/CamaPWA/PropertySummary.aspx?REID=60395","gisViewerUrl":"https://gis.burkenc.org/"},"geometry":{"type":"Polygon","coordinates":[[[-81.479437,35.773096],[-81.479726,35.773149],[-81.480224,35.773324],[-81.480713,35.773396],[-81.481001,35.771917],[-81.479494,35.771703],[-81.479437,35.773096]]]}},{"type":"Feature","id":"37023:2764359336","properties":{"id":"37023:2764359336","parcelId":"2764359336","countyFips":"37023","countyName":"Burke","state":"North Carolina","marketIds":["Asheville"],"situsAddress":"2280 E PARADISE HARBOR DR","situsCity":"CONNELLY SPRINGS","situsZip":"28612","jurisdictionCode":null,"ownerName":"MERSON, WAYNE R;MERSON, JHONNA A","ownerName2":null,"propertyName":null,"zoningCode":null,"zoningDistrict":null,"jurisdictionPrefix":null,"dorCode":"VACANT","acreage":5.1,"centroid":[-81.481806,35.772934],"lastSale":{"date":"2021-06-28","price":null,"qualified":null},"tax":{"marketValue":662906.0,"assessedValue":null,"taxableValue":null,"taxes":null},"mailingAddress":{"line1":"PO BOX 71","line2":null,"city":"CONNELLY SPRINGS","state":"NC","zip":"28612"},"incomeTract":null,"incomeBlockGroup":null,"nearestRoad":null,"flu":null,"opportunityZone":null,"oz2Eligibility":null,"source":"nc-burke-parcels-37023","appraiserUrl":"http://taxweb.burkenc.org/CamaPWA/PropertySummary.aspx?REID=60400","gisViewerUrl":"https://gis.burkenc.org/"},"geometry":{"type":"Polygon","coordinates":[[[-81.480713,35.773396],[-81.48124,35.773465],[-81.481525,35.773463],[-81.481663,35.773433],[-81.481912,35.773319],[-81.482101,35.773145],[-81.482286,35.77278],[-81.482419,35.77266],[-81.482594,35.772582],[-81.482411,35.772116],[-81.481001,35.771917],[-81.480713,35.773396]]]}},{"type":"Feature","id":"37023:2764345808","properties":{"id":"37023:2764345808","parcelId":"2764345808","countyFips":"37023","countyName":"Burke","state":"North Carolina","marketIds":["Asheville"],"situsAddress":"2030 E PARADISE HARBOR DR","situsCity":"CONNELLY SPRINGS","situsZip":"28612","jurisdictionCode":null,"ownerName":"VAN NOSTRAND, VINCENT","ownerName2":null,"propertyName":null,"zoningCode":null,"zoningDistrict":null,"jurisdictionPrefix":null,"dorCode":"SINGLE FAMILY RES","acreage":8.7,"centroid":[-81.484191,35.771478],"lastSale":{"date":"2025-06-25","price":null,"qualified":null},"tax":{"marketValue":80750.0,"assessedValue":null,"taxableValue":null,"taxes":null},"mailingAddress":{"line1":"1909 LOTUS LN","line2":null,"city":"DENVER","state":"NC","zip":"28037"},"incomeTract":null,"incomeBlockGroup":null,"nearestRoad":null,"flu":null,"opportunityZone":null,"oz2Eligibility":null,"source":"nc-burke-parcels-37023","appraiserUrl":"http://taxweb.burkenc.org/CamaPWA/PropertySummary.aspx?REID=60401","gisViewerUrl":"https://gis.burkenc.org/"},"geometry":{"type":"Polygon","coordinates":[[[-81.480798,35.77147],[-81.484902,35.772051],[-81.484869,35.771805],[-81.48488,35.771726],[-81.484949,35.771577],[-81.485005,35.771512],[-81.485152,35.771408],[-81.485333,35.771349],[-81.485091,35.771054],[-81.480936,35.770824],[-81.480798,35.77147]]]}},{"type":"Feature","id":"37023:2764146297","properties":{"id":"37023:2764146297","parcelId":"2764146297","countyFips":"37023","countyName":"Burke","state":"North Carolina","marketIds":["Asheville"],"situsAddress":"1723 E PARADISE HARBOR DR","situsCity":"CONNELLY SPRINGS","situsZip":"28612","jurisdictionCode":null,"ownerName":"MCCLUSKEY, JEREMY C;MCCLUSKEY, JULIE I","ownerName2":null,"propertyName":null,"zoningCode":null,"zoningDistrict":null,"jurisdictionPrefix":null,"dorCode":"VACANT","acreage":7.96,"centroid":[-81.489027,35.76959],"lastSale":{"date":"2019-04-15","price":null,"qualified":null},"tax":{"marketValue":77975.0,"assessedValue":null,"taxableValue":null,"taxes":null},"mailingAddress":{"line1":"5536 MILLER MILL RD","line2":null,"city":"HICKORY","state":"NC","zip":"28602"},"incomeTract":null,"incomeBlockGroup":null,"nearestRoad":null,"flu":null,"opportunityZone":null,"oz2Eligibility":null,"source":"nc-burke-parcels-37023","appraiserUrl":"http://taxweb.burkenc.org/CamaPWA/PropertySummary.aspx?REID=60403","gisViewerUrl":"https://gis.burkenc.org/"},"geometry":{"type":"Polygon","coordinates":[[[-81.488263,35.770875],[-81.48865,35.771089],[-81.489189,35.770936],[-81.489533,35.770787],[-81.489803,35.77071],[-81.490065,35.770681],[-81.48991,35.770288],[-81.489948,35.769927],[-81.489795,35.769233],[-81.489726,35.769036],[-81.489277,35.768639],[-81.489224,35.768372],[-81.489168,35.768189],[-81.488956,35.768238],[-81.488854,35.768288],[-81.488761,35.768374],[-81.488709,35.76848],[-81.488692,35.768754],[-81.488663,35.768831],[-81.488542,35.769013],[-81.488491,35.7692],[-81.488478,35.769807],[-81.488537,35.770162],[-81.488534,35.770324],[-81.488496,35.770482],[-81.488426,35.770633],[-81.488263,35.770875]]]}},{"type":"Feature","id":"37023:2764231005","properties":{"id":"37023:2764231005","parcelId":"2764231005","countyFips":"37023","countyName":"Burke","state":"North Carolina","marketIds":["Asheville"],"situsAddress":"1618 E PARADISE HARBOR DR","situsCity":"CONNELLY SPRINGS","situsZip":"28612","jurisdictionCode":null,"ownerName":"DUNKLE, DAVID L;DUNKLE, REBA C","ownerName2":null,"propertyName":null,"zoningCode":null,"zoningDistrict":null,"jurisdictionPrefix":null,"dorCode":"VACANT","acreage":16.99,"centroid":[-81.488383,35.766996],"lastSale":{"date":"2011-12-01","price":null,"qualified":null},"tax":{"marketValue":111838.0,"assessedValue":null,"taxableValue":null,"taxes":null},"mailingAddress":{"line1":"7419 EDGESTONE LANE","line2":null,"city":"DENVER","state":"NC","zip":"28037"},"incomeTract":null,"incomeBlockGroup":null,"nearestRoad":null,"flu":null,"opportunityZone":null,"oz2Eligibility":null,"source":"nc-burke-parcels-37023","appraiserUrl":"http://taxweb.burkenc.org/CamaPWA/PropertySummary.aspx?REID=60404","gisViewerUrl":"https://gis.burkenc.org/"},"geometry":{"type":"Polygon","coordinates":[[[-81.487863,35.76889],[-81.488435,35.768885],[-81.488518,35.76876],[-81.488545,35.768449],[-81.48862,35.768299],[-81.488752,35.768178],[-81.488835,35.768133],[-81.489126,35.768054],[-81.489075,35.767887],[-81.489097,35.767669],[-81.489221,35.767614],[-81.489165,35.767483],[-81.488999,35.76734],[-81.489005,35.767275],[-81.488974,35.767136],[-81.488913,35.766984],[-81.488668,35.766851],[-81.488699,35.766593],[-81.488767,35.76635],[-81.488733,35.766195],[-81.488914,35.765849],[-81.488886,35.765637],[-81.488565,35.76549],[-81.487804,35.765286],[-81.487508,35.765323],[-81.486914,35.765072],[-81.486671,35.764921],[-81.486239,35.764921],[-81.486111,35.767154],[-81.487866,35.767205],[-81.487863,35.76889]]]}},{"type":"Feature","id":"37023:2764243991","properties":{"id":"37023:2764243991","parcelId":"2764243991","countyFips":"37023","countyName":"Burke","state":"North Carolina","marketIds":["Asheville"],"situsAddress":"0 E PARADISE HARBOR DR","situsCity":"CONNELLY SPRINGS","situsZip":"28612","jurisdictionCode":null,"ownerName":"PARADISE HARBOR LLC","ownerName2":null,"propertyName":null,"zoningCode":null,"zoningDistrict":null,"jurisdictionPrefix":null,"dorCode":"VACANT","acreage":5.07,"centroid":[-81.485717,35.771241],"lastSale":{"date":"2005-08-18","price":null,"qualified":null},"tax":{"marketValue":67138.0,"assessedValue":null,"taxableValue":null,"taxes":null},"mailingAddress":{"line1":"P O BOX 1468","line2":null,"city":"HICKORY","state":"NC","zip":"28603"},"incomeTract":null,"incomeBlockGroup":null,"nearestRoad":null,"flu":null,"opportunityZone":null,"oz2Eligibility":null,"source":"nc-burke-parcels-37023","appraiserUrl":"http://taxweb.burkenc.org/CamaPWA/PropertySummary.aspx?REID=60405","gisViewerUrl":"https://gis.burkenc.org/"},"geometry":{"type":"Polygon","coordinates":[[[-81.485333,35.771349],[-81.485434,35.771339],[-81.485636,35.771361],[-81.48573,35.771392],[-81.485892,35.771493],[-81.486047,35.771641],[-81.486167,35.771696],[-81.486303,35.771715],[-81.486439,35.771698],[-81.486643,35.771634],[-81.487762,35.771423],[-81.48788,35.771384],[-81.48798,35.771318],[-81.488072,35.771182],[-81.488088,35.771087],[-81.488078,35.770954],[-81.488109,35.770816],[-81.488262,35.770594],[-81.488353,35.770379],[-81.488366,35.77015],[-81.488317,35.76993],[-81.488309,35.769804],[-81.488322,35.769197],[-81.488353,35.769035],[-81.488435,35.768885],[-81.487863,35.76889],[-81.487856,35.771203],[-81.485091,35.771054],[-81.485333,35.771349]]]}},{"type":"Feature","id":"37023:2764443905","properties":{"id":"37023:2764443905","parcelId":"2764443905","countyFips":"37023","countyName":"Burke","state":"North Carolina","marketIds":["Asheville"],"situsAddress":"0 E PARADISE HARBOR DR","situsCity":"CONNELLY SPRINGS","situsZip":"28612","jurisdictionCode":null,"ownerName":"PARADISE HARBOR PROPERTY OWNERS ASSOCIATION, INC.","ownerName2":null,"propertyName":null,"zoningCode":null,"zoningDistrict":null,"jurisdictionPrefix":null,"dorCode":"VACANT","acreage":9.27,"centroid":[-81.481287,35.771768],"lastSale":{"date":"2016-10-14","price":null,"qualified":null},"tax":{"marketValue":1854.0,"assessedValue":null,"taxableValue":null,"taxes":null},"mailingAddress":{"line1":"PO BOX 548","line2":null,"city":"CONNELLY SPRINGS","state":"NC","zip":"28612"},"incomeTract":null,"incomeBlockGroup":null,"nearestRoad":null,"flu":null,"opportunityZone":null,"oz2Eligibility":null,"source":"nc-burke-parcels-37023","appraiserUrl":"http://taxweb.burkenc.org/CamaPWA/PropertySummary.aspx?REID=60408","gisViewerUrl":"https://gis.burkenc.org/"},"geometry":{"type":"Polygon","coordinates":[[[-81.482411,35.772116],[-81.484864,35.772463],[-81.484916,35.772374],[-81.484935,35.772275],[-81.484902,35.772051],[-81.476373,35.770843],[-81.476063,35.770838],[-81.475832,35.771183],[-81.482411,35.772116]]]}},{"type":"Feature","id":"37023:2764625637","properties":{"id":"37023:2764625637","parcelId":"2764625637","countyFips":"37023","countyName":"Burke","state":"North Carolina","marketIds":["Asheville"],"situsAddress":"0 SHUFORD FARM RD","situsCity":"CONNELLY SPRINGS","situsZip":"28612","jurisdictionCode":null,"ownerName":"ROGERS, BRANDIN L;ROGERS, JODIE J","ownerName2":null,"propertyName":null,"zoningCode":null,"zoningDistrict":null,"jurisdictionPrefix":null,"dorCode":"VACANT","acreage":11.95,"centroid":[-81.473674,35.765207],"lastSale":{"date":"2019-01-16","price":null,"qualified":null},"tax":{"marketValue":58155.0,"assessedValue":null,"taxableValue":null,"taxes":null},"mailingAddress":{"line1":"7857 DECKER RD","line2":null,"city":"CONNELLY SPRINGS","state":"NC","zip":"28612"},"incomeTract":null,"incomeBlockGroup":null,"nearestRoad":null,"flu":null,"opportunityZone":null,"oz2Eligibility":null,"source":"nc-burke-parcels-37023","appraiserUrl":"http://taxweb.burkenc.org/CamaPWA/PropertySummary.aspx?REID=54951","gisViewerUrl":"https://gis.burkenc.org/"},"geometry":{"type":"Polygon","coordinates":[[[-81.471433,35.766545],[-81.4736,35.766587],[-81.473894,35.765284],[-81.473731,35.76528],[-81.473801,35.76465],[-81.474254,35.76466],[-81.475914,35.763879],[-81.475857,35.763827],[-81.474222,35.764596],[-81.471479,35.764533],[-81.471433,35.766545]]]}},{"type":"Feature","id":"37023:2763680846","properties":{"id":"37023:2763680846","parcelId":"2763680846","countyFips":"37023","countyName":"Burke","state":"North Carolina","marketIds":["Asheville"],"situsAddress":"7825 RHODHISS RD","situsCity":"CONNELLY SPRINGS","situsZip":"28612","jurisdictionCode":null,"ownerName":"SSTORAGE , LLC","ownerName2":null,"propertyName":null,"zoningCode":null,"zoningDistrict":null,"jurisdictionPrefix":null,"dorCode":"INDUSTRIAL","acreage":7.79,"centroid":[-81.47391,35.754945],"lastSale":{"date":"2024-06-12","price":400000.0,"qualified":null},"tax":{"marketValue":399638.0,"assessedValue":null,"taxableValue":null,"taxes":null},"mailingAddress":{"line1":"7825 RHODHISS RD","line2":null,"city":"CONNELLY SPRINGS","state":"NC","zip":"28612"},"incomeTract":null,"incomeBlockGroup":null,"nearestRoad":null,"flu":null,"opportunityZone":null,"oz2Eligibility":null,"source":"nc-burke-parcels-37023","appraiserUrl":"http://taxweb.burkenc.org/CamaPWA/PropertySummary.aspx?REID=35322","gisViewerUrl":"https://gis.burkenc.org/"},"geometry":{"type":"Polygon","coordinates":[[[-81.473087,35.755982],[-81.473088,35.755982],[-81.474578,35.756023],[-81.474598,35.755567],[-81.474678,35.754928],[-81.474732,35.753756],[-81.47416,35.753777],[-81.473553,35.753736],[-81.473517,35.754848],[-81.473109,35.754854],[-81.473087,35.755982]]]}},{"type":"Feature","id":"37023:2764911397","properties":{"id":"37023:2764911397","parcelId":"2764911397","countyFips":"37023","countyName":"Burke","state":"North Carolina","marketIds":["Asheville"],"situsAddress":"0 FOWLER RD","situsCity":"CONNELLY SPRINGS","situsZip":"28612","jurisdictionCode":null,"ownerName":"FOWLER, TERRY LYNN","ownerName2":null,"propertyName":null,"zoningCode":null,"zoningDistrict":null,"jurisdictionPrefix":null,"dorCode":"VACANT","acreage":8.0,"centroid":[-81.463646,35.762042],"lastSale":{"date":"1997-02-19","price":null,"qualified":null},"tax":{"marketValue":55550.0,"assessedValue":null,"taxableValue":null,"taxes":null},"mailingAddress":{"line1":"8253 DECKER RD","line2":null,"city":"CONNELLY SPRINGS","state":"NC","zip":"28612"},"incomeTract":null,"incomeBlockGroup":null,"nearestRoad":null,"flu":null,"opportunityZone":null,"oz2Eligibility":null,"source":"nc-burke-parcels-37023","appraiserUrl":"http://taxweb.burkenc.org/CamaPWA/PropertySummary.aspx?REID=35506","gisViewerUrl":"https://gis.burkenc.org/"},"geometry":{"type":"Polygon","coordinates":[[[-81.463488,35.762656],[-81.464781,35.762737],[-81.465117,35.761597],[-81.463778,35.761416],[-81.462426,35.761263],[-81.462289,35.762581],[-81.463488,35.762656]]]}},{"type":"Feature","id":"37023:2764808789","properties":{"id":"37023:2764808789","parcelId":"2764808789","countyFips":"37023","countyName":"Burke","state":"North Carolina","marketIds":["Asheville"],"situsAddress":"0 FOWLER RD","situsCity":"CONNELLY SPRINGS","situsZip":"28612","jurisdictionCode":null,"ownerName":"FOWLER, ADRON WAYNE;FOWLER, LILLIAN S;FOWLER, LLYAN SUE","ownerName2":null,"propertyName":null,"zoningCode":null,"zoningDistrict":null,"jurisdictionPrefix":null,"dorCode":"VACANT","acreage":7.93,"centroid":[-81.464531,35.76038],"lastSale":{"date":"2020-02-18","price":null,"qualified":null},"tax":{"marketValue":59335.0,"assessedValue":null,"taxableValue":null,"taxes":null},"mailingAddress":{"line1":"7651 N SMOKEY VIEW LN","line2":null,"city":"MOORESVILLE","state":"IN","zip":"46158"},"incomeTract":null,"incomeBlockGroup":null,"nearestRoad":null,"flu":null,"opportunityZone":null,"oz2Eligibility":null,"source":"nc-burke-parcels-37023","appraiserUrl":"http://taxweb.burkenc.org/CamaPWA/PropertySummary.aspx?REID=35507","gisViewerUrl":"https://gis.burkenc.org/"},"geometry":{"type":"Polygon","coordinates":[[[-81.463778,35.761416],[-81.465117,35.761597],[-81.465436,35.760086],[-81.465458,35.75925],[-81.464084,35.759196],[-81.46401,35.760558],[-81.463834,35.760554],[-81.463778,35.761416]]]}},{"type":"Feature","id":"37023:2764903566","properties":{"id":"37023:2764903566","parcelId":"2764903566","countyFips":"37023","countyName":"Burke","state":"North Carolina","marketIds":["Asheville"],"situsAddress":"0 FOWLER RD","situsCity":"CONNELLY SPRINGS","situsZip":"28612","jurisdictionCode":null,"ownerName":"SCOTT, PATSY FOWLER","ownerName2":null,"propertyName":null,"zoningCode":null,"zoningDistrict":null,"jurisdictionPrefix":null,"dorCode":"VACANT","acreage":8.0,"centroid":[-81.463103,35.759977],"lastSale":{"date":"1979-01-04","price":null,"qualified":null},"tax":{"marketValue":47840.0,"assessedValue":null,"taxableValue":null,"taxes":null},"mailingAddress":{"line1":"101 COSSELL DRIVE","line2":null,"city":"INDIANAPOLIS","state":"IN","zip":"46224"},"incomeTract":null,"incomeBlockGroup":null,"nearestRoad":null,"flu":null,"opportunityZone":null,"oz2Eligibility":null,"source":"nc-burke-parcels-37023","appraiserUrl":"http://taxweb.burkenc.org/CamaPWA/PropertySummary.aspx?REID=35511","gisViewerUrl":"https://gis.burkenc.org/"},"geometry":{"type":"Polygon","coordinates":[[[-81.463834,35.760554],[-81.46401,35.760558],[-81.464084,35.759196],[-81.461835,35.759066],[-81.461753,35.760509],[-81.463834,35.760554]]]}},{"type":"Feature","id":"37023:2764919225","properties":{"id":"37023:2764919225","parcelId":"2764919225","countyFips":"37023","countyName":"Burke","state":"North Carolina","marketIds":["Asheville"],"situsAddress":"0 FOWLER RD","situsCity":"CONNELLY SPRINGS","situsZip":"28612","jurisdictionCode":null,"ownerName":"FOWLER, TORI","ownerName2":null,"propertyName":null,"zoningCode":null,"zoningDistrict":null,"jurisdictionPrefix":null,"dorCode":"VACANT","acreage":8.18,"centroid":[-81.461407,35.761972],"lastSale":{"date":"2023-06-30","price":null,"qualified":null},"tax":{"marketValue":51795.0,"assessedValue":null,"taxableValue":null,"taxes":null},"mailingAddress":{"line1":"1948 FOWLER RD","line2":null,"city":"CONNELLY SPRINGS","state":"NC","zip":"28612"},"incomeTract":null,"incomeBlockGroup":null,"nearestRoad":null,"flu":null,"opportunityZone":null,"oz2Eligibility":null,"source":"nc-burke-parcels-37023","appraiserUrl":"http://taxweb.burkenc.org/CamaPWA/PropertySummary.aspx?REID=35512","gisViewerUrl":"https://gis.burkenc.org/"},"geometry":{"type":"Polygon","coordinates":[[[-81.459928,35.762432],[-81.462266,35.762579],[-81.462289,35.762581],[-81.462426,35.761263],[-81.460124,35.761004],[-81.459928,35.762432]]]}},{"type":"Feature","id":"37023:2783485011","properties":{"id":"37023:2783485011","parcelId":"2783485011","countyFips":"37023","countyName":"Burke","state":"North Carolina","marketIds":["Asheville"],"situsAddress":"0 WILDWOOD DR","situsCity":"HICKORY","situsZip":"28601","jurisdictionCode":null,"ownerName":"WILSON SOLAR LLC","ownerName2":null,"propertyName":null,"zoningCode":null,"zoningDistrict":null,"jurisdictionPrefix":null,"dorCode":"VACANT","acreage":13.53,"centroid":[-81.411259,35.754373],"lastSale":{"date":"2014-11-25","price":null,"qualified":null},"tax":{"marketValue":135300.0,"assessedValue":null,"taxableValue":null,"taxes":null},"mailingAddress":{"line1":"2520 BLAKE CT","line2":null,"city":"LINCOLNTON","state":"NC","zip":"28092"},"incomeTract":null,"incomeBlockGroup":null,"nearestRoad":null,"flu":null,"opportunityZone":null,"oz2Eligibility":null,"source":"nc-burke-parcels-37023","appraiserUrl":"http://taxweb.burkenc.org/CamaPWA/PropertySummary.aspx?REID=40099","gisViewerUrl":"https://gis.burkenc.org/"},"geometry":{"type":"Polygon","coordinates":[[[-81.410294,35.75329],[-81.410266,35.753754],[-81.410598,35.754167],[-81.411114,35.755044],[-81.411195,35.7556],[-81.41126,35.755833],[-81.411688,35.755586],[-81.412892,35.754626],[-81.412957,35.753001],[-81.410321,35.752831],[-81.410294,35.75329]]]}},{"type":"Feature","id":"37023:2783388139","properties":{"id":"37023:2783388139","parcelId":"2783388139","countyFips":"37023","countyName":"Burke","state":"North Carolina","marketIds":["Asheville"],"situsAddress":"0 OLD DRAGSTRIP ST","situsCity":"HICKORY","situsZip":"28601","jurisdictionCode":null,"ownerName":"WILSON SOLAR LLC","ownerName2":null,"propertyName":null,"zoningCode":null,"zoningDistrict":null,"jurisdictionPrefix":null,"dorCode":"VACANT","acreage":9.59,"centroid":[-81.413702,35.754206],"lastSale":{"date":"2014-11-25","price":null,"qualified":null},"tax":{"marketValue":95900.0,"assessedValue":null,"taxableValue":null,"taxes":null},"mailingAddress":{"line1":"2520 BLAKE CT","line2":null,"city":"LINCOLNTON","state":"NC","zip":"28092"},"incomeTract":null,"incomeBlockGroup":null,"nearestRoad":null,"flu":null,"opportunityZone":null,"oz2Eligibility":null,"source":"nc-burke-parcels-37023","appraiserUrl":"http://taxweb.burkenc.org/CamaPWA/PropertySummary.aspx?REID=40100","gisViewerUrl":"https://gis.burkenc.org/"},"geometry":{"type":"Polygon","coordinates":[[[-81.412513,35.754928],[-81.413659,35.755438],[-81.41419,35.755264],[-81.414587,35.754282],[-81.414908,35.753061],[-81.413914,35.753045],[-81.412957,35.753001],[-81.412892,35.754626],[-81.412513,35.754928]]]}},{"type":"Feature","id":"37023:2783382253","properties":{"id":"37023:2783382253","parcelId":"2783382253","countyFips":"37023","countyName":"Burke","state":"North Carolina","marketIds":["Asheville"],"situsAddress":"2061 OLD DRAGSTRIP ST","situsCity":"HICKORY","situsZip":"28601","jurisdictionCode":null,"ownerName":"WILSON SOLAR LLC","ownerName2":null,"propertyName":null,"zoningCode":null,"zoningDistrict":null,"jurisdictionPrefix":null,"dorCode":"INDUSTRIAL","acreage":39.45,"centroid":[-81.416084,35.755694],"lastSale":{"date":"2014-11-25","price":null,"qualified":null},"tax":{"marketValue":577500.0,"assessedValue":null,"taxableValue":null,"taxes":null},"mailingAddress":{"line1":"2520 BLAKE CT","line2":null,"city":"LINCOLNTON","state":"NC","zip":"28092"},"incomeTract":null,"incomeBlockGroup":null,"nearestRoad":null,"flu":null,"opportunityZone":null,"oz2Eligibility":null,"source":"nc-burke-parcels-37023","appraiserUrl":"http://taxweb.burkenc.org/CamaPWA/PropertySummary.aspx?REID=40101","gisViewerUrl":"https://gis.burkenc.org/"},"geometry":{"type":"Polygon","coordinates":[[[-81.415543,35.758779],[-81.416087,35.758798],[-81.416135,35.758727],[-81.415875,35.757713],[-81.41704,35.757629],[-81.417192,35.756964],[-81.416839,35.755594],[-81.417184,35.755385],[-81.417892,35.753699],[-81.417672,35.753606],[-81.417524,35.753392],[-81.41706,35.753217],[-81.417046,35.753175],[-81.416829,35.75303],[-81.416816,35.75294],[-81.414908,35.753061],[-81.414587,35.754282],[-81.41419,35.755264],[-81.413659,35.755438],[-81.413914,35.757743],[-81.414516,35.758065],[-81.415337,35.758771],[-81.415543,35.758779]]]}},{"type":"Feature","id":"37023:2783286361","properties":{"id":"37023:2783286361","parcelId":"2783286361","countyFips":"37023","countyName":"Burke","state":"North Carolina","marketIds":["Asheville"],"situsAddress":"0 BOWMAN LOWMAN AVE","situsCity":"HICKORY","situsZip":"28601","jurisdictionCode":null,"ownerName":"WILSON SOLAR LLC","ownerName2":null,"propertyName":null,"zoningCode":null,"zoningDistrict":null,"jurisdictionPrefix":null,"dorCode":"VACANT","acreage":7.59,"centroid":[-81.418233,35.754596],"lastSale":{"date":"2014-11-25","price":null,"qualified":null},"tax":{"marketValue":75900.0,"assessedValue":null,"taxableValue":null,"taxes":null},"mailingAddress":{"line1":"2520 BLAKE CT","line2":null,"city":"LINCOLNTON","state":"NC","zip":"28092"},"incomeTract":null,"incomeBlockGroup":null,"nearestRoad":null,"flu":null,"opportunityZone":null,"oz2Eligibility":null,"source":"nc-burke-parcels-37023","appraiserUrl":"http://taxweb.burkenc.org/CamaPWA/PropertySummary.aspx?REID=40102","gisViewerUrl":"https://gis.burkenc.org/"},"geometry":{"type":"Polygon","coordinates":[[[-81.417892,35.753699],[-81.417889,35.753706],[-81.417184,35.755385],[-81.416839,35.755594],[-81.417044,35.75639],[-81.419442,35.754932],[-81.419404,35.754844],[-81.418995,35.754559],[-81.418928,35.754477],[-81.418629,35.75431],[-81.41844,35.754103],[-81.418292,35.753996],[-81.418049,35.753759],[-81.417892,35.753699]]]}},{"type":"Feature","id":"37023:2783297007","properties":{"id":"37023:2783297007","parcelId":"2783297007","countyFips":"37023","countyName":"Burke","state":"North Carolina","marketIds":["Asheville"],"situsAddress":"0 OLD DRAGSTRIP ST","situsCity":"HICKORY","situsZip":"28601","jurisdictionCode":null,"ownerName":"WILSON SOLAR LLC","ownerName2":null,"propertyName":null,"zoningCode":null,"zoningDistrict":null,"jurisdictionPrefix":null,"dorCode":"VACANT","acreage":10.67,"centroid":[-81.418627,35.756347],"lastSale":{"date":"2014-11-25","price":null,"qualified":null},"tax":{"marketValue":106700.0,"assessedValue":null,"taxableValue":null,"taxes":null},"mailingAddress":{"line1":"2520 BLAKE CT","line2":null,"city":"LINCOLNTON","state":"NC","zip":"28092"},"incomeTract":null,"incomeBlockGroup":null,"nearestRoad":null,"flu":null,"opportunityZone":null,"oz2Eligibility":null,"source":"nc-burke-parcels-37023","appraiserUrl":"http://taxweb.burkenc.org/CamaPWA/PropertySummary.aspx?REID=40103","gisViewerUrl":"https://gis.burkenc.org/"},"geometry":{"type":"Polygon","coordinates":[[[-81.417044,35.75639],[-81.417047,35.7564],[-81.417192,35.756964],[-81.41704,35.757629],[-81.419235,35.757466],[-81.419261,35.757214],[-81.419416,35.756716],[-81.419425,35.756197],[-81.419501,35.755858],[-81.419448,35.755272],[-81.419467,35.755129],[-81.419442,35.754932],[-81.417044,35.75639]]]}},{"type":"Feature","id":"37023:2764039088","properties":{"id":"37023:2764039088","parcelId":"2764039088","countyFips":"37023","countyName":"Burke","state":"North Carolina","marketIds":["Asheville"],"situsAddress":"1370 E PARADISE HARBOR DR","situsCity":"CONNELLY SPRINGS","situsZip":"28612","jurisdictionCode":null,"ownerName":"BREEN, BAILEY T","ownerName2":null,"propertyName":null,"zoningCode":null,"zoningDistrict":null,"jurisdictionPrefix":null,"dorCode":"VACANT","acreage":8.82,"centroid":[-81.490829,35.766977],"lastSale":{"date":"2024-04-22","price":null,"qualified":null},"tax":{"marketValue":81200.0,"assessedValue":null,"taxableValue":null,"taxes":null},"mailingAddress":{"line1":"2117 STARBOARD LN","line2":null,"city":"CONNELLY SPRINGS","state":"NC","zip":"28612"},"incomeTract":null,"incomeBlockGroup":null,"nearestRoad":null,"flu":null,"opportunityZone":null,"oz2Eligibility":null,"source":"nc-burke-parcels-37023","appraiserUrl":"http://taxweb.burkenc.org/CamaPWA/PropertySummary.aspx?REID=40130","gisViewerUrl":"https://gis.burkenc.org/"},"geometry":{"type":"Polygon","coordinates":[[[-81.490425,35.76717],[-81.490535,35.767425],[-81.490598,35.767521],[-81.490694,35.767595],[-81.490814,35.767641],[-81.49101,35.767649],[-81.491408,35.767519],[-81.491835,35.767284],[-81.491205,35.764997],[-81.48977,35.764966],[-81.490425,35.76717]]]}},{"type":"Feature","id":"37023:2764125041","properties":{"id":"37023:2764125041","parcelId":"2764125041","countyFips":"37023","countyName":"Burke","state":"North Carolina","marketIds":["Asheville"],"situsAddress":"7177 SPANN AVE","situsCity":"CONNELLY SPRINGS","situsZip":"28612","jurisdictionCode":null,"ownerName":"HUMPHRIES, ALICE B","ownerName2":null,"propertyName":null,"zoningCode":null,"zoningDistrict":null,"jurisdictionPrefix":null,"dorCode":"SINGLE FAMILY RES","acreage":8.38,"centroid":[-81.489285,35.76317],"lastSale":{"date":"1991-02-04","price":null,"qualified":null},"tax":{"marketValue":222440.0,"assessedValue":null,"taxableValue":null,"taxes":null},"mailingAddress":{"line1":"7177 SPANN PARK AVE","line2":null,"city":"CONNELLY SPRINGS","state":"NC","zip":"28612"},"incomeTract":null,"incomeBlockGroup":null,"nearestRoad":null,"flu":null,"opportunityZone":null,"oz2Eligibility":null,"source":"nc-burke-parcels-37023","appraiserUrl":"http://taxweb.burkenc.org/CamaPWA/PropertySummary.aspx?REID=46018","gisViewerUrl":"https://gis.burkenc.org/"},"geometry":{"type":"Polygon","coordinates":[[[-81.488402,35.763164],[-81.488201,35.763427],[-81.488083,35.763581],[-81.488342,35.764059],[-81.488635,35.764335],[-81.489189,35.764246],[-81.489997,35.764299],[-81.490822,35.761901],[-81.490757,35.761897],[-81.490412,35.762316],[-81.489881,35.76247],[-81.489113,35.762643],[-81.488866,35.762877],[-81.488402,35.763164]]]}},{"type":"Feature","id":"37023:2783886713","properties":{"id":"37023:2783886713","parcelId":"2783886713","countyFips":"37023","countyName":"Burke","state":"North Carolina","marketIds":["Asheville"],"situsAddress":"0 AIRPORT RHODHISS RD","situsCity":"HICKORY","situsZip":"28601","jurisdictionCode":null,"ownerName":"THE CITY OF HICKORY","ownerName2":null,"propertyName":null,"zoningCode":null,"zoningDistrict":null,"jurisdictionPrefix":null,"dorCode":"VACANT","acreage":5.42,"centroid":[-81.397853,35.756316],"lastSale":{"date":"2023-12-01","price":22500.0,"qualified":null},"tax":{"marketValue":null,"assessedValue":null,"taxableValue":null,"taxes":null},"mailingAddress":{"line1":"PO BOX 398","line2":null,"city":"HICKORY","state":"NC","zip":"28603"},"incomeTract":null,"incomeBlockGroup":null,"nearestRoad":null,"flu":null,"opportunityZone":null,"oz2Eligibility":null,"source":"nc-burke-parcels-37023","appraiserUrl":"http://taxweb.burkenc.org/CamaPWA/PropertySummary.aspx?REID=50860","gisViewerUrl":"https://gis.burkenc.org/"},"geometry":{"type":"Polygon","coordinates":[[[-81.397056,35.756546],[-81.397123,35.756547],[-81.397389,35.756556],[-81.397718,35.756595],[-81.398089,35.756673],[-81.398601,35.756835],[-81.398757,35.756158],[-81.398242,35.755939],[-81.398228,35.755845],[-81.397331,35.75547],[-81.397056,35.756546]]]}},{"type":"Feature","id":"37023:2774449101","properties":{"id":"37023:2774449101","parcelId":"2774449101","countyFips":"37023","countyName":"Burke","state":"North Carolina","marketIds":["Asheville"],"situsAddress":"1550 WEAVER LN","situsCity":"CONNELLY SPRINGS","situsZip":"28612","jurisdictionCode":null,"ownerName":"DUKE ENERGY CORPORATION","ownerName2":null,"propertyName":null,"zoningCode":null,"zoningDistrict":null,"jurisdictionPrefix":null,"dorCode":"EXEMPT VALUE","acreage":131.74,"centroid":[-81.444728,35.770552],"lastSale":{"date":"1998-06-18","price":null,"qualified":null},"tax":{"marketValue":null,"assessedValue":null,"taxableValue":null,"taxes":null},"mailingAddress":{"line1":"P O BOX 1007","line2":null,"city":"CHARLOTTE","state":"NC","zip":"28201"},"incomeTract":null,"incomeBlockGroup":null,"nearestRoad":null,"flu":null,"opportunityZone":null,"oz2Eligibility":null,"source":"nc-burke-parcels-37023","appraiserUrl":"http://taxweb.burkenc.org/CamaPWA/PropertySummary.aspx?REID=51215","gisViewerUrl":"https://gis.burkenc.org/"},"geometry":{"type":"Polygon","coordinates":[[[-81.443608,35.76665],[-81.443421,35.76669],[-81.443198,35.766785],[-81.44307,35.766805],[-81.44294,35.766879],[-81.442738,35.767044],[-81.442412,35.767613],[-81.442373,35.767763],[-81.442449,35.767895],[-81.442604,35.768006],[-81.443091,35.768153],[-81.443409,35.768286],[-81.443565,35.768315],[-81.443685,35.768304],[-81.443736,35.768335],[-81.44394,35.768382],[-81.444196,35.768353],[-81.44429,35.76836],[-81.444479,35.768495],[-81.444555,35.768495],[-81.444451,35.768524],[-81.444374,35.768592],[-81.444256,35.768608],[-81.444025,35.768736],[-81.44404,35.768682],[-81.443988,35.768708],[-81.443893,35.768694],[-81.443436,35.768742],[-81.44332,35.768779],[-81.443029,35.768798],[-81.443001,35.768827],[-81.442887,35.768819],[-81.442821,35.768841],[-81.4428,35.768826],[-81.442671,35.768861],[-81.442648,35.768891],[-81.442616,35.768877],[-81.44239,35.768932],[-81.441998,35.769092],[-81.441874,35.769157],[-81.441835,35.769212],[-81.441766,35.769232],[-81.441553,35.769477],[-81.441618,35.769641],[-81.442064,35.769878],[-81.442545,35.770056],[-81.442732,35.770018],[-81.442737,35.770054],[-81.442591,35.770136],[-81.44273,35.77015],[-81.442525,35.770218],[-81.442412,35.770231],[-81.442053,35.770404],[-81.441932,35.770526],[-81.441872,35.770636],[-81.441875,35.770813],[-81.441947,35.771025],[-81.442097,35.771213],[-81.442269,35.771355],[-81.442294,35.771453],[-81.44235,35.7715],[-81.442463,35.772029],[-81.442564,35.772053],[-81.442514,35.772097],[-81.442659,35.7724],[-81.442851,35.772506],[-81.443038,35.772515],[-81.443336,35.772481],[-81.443741,35.772506],[-81.443702,35.772587],[-81.443731,35.772625],[-81.443699,35.772717],[-81.44372,35.772919],[-81.44376,35.773024],[-81.443866,35.773109],[-81.443898,35.773158],[-81.443766,35.773213],[-81.443639,35.77333],[-81.443595,35.773427],[-81.443619,35.773544],[-81.443693,35.773614],[-81.443658,35.773651],[-81.443805,35.77385],[-81.443925,35.774074],[-81.443984,35.774109],[-81.444052,35.774214],[-81.444089,35.774378],[-81.444075,35.774458],[-81.444109,35.774694],[-81.444258,35.774861],[-81.444776,35.775133],[-81.444858,35.775214],[-81.445033,35.775419],[-81.445104,35.775674],[-81.445258,35.775895],[-81.445435,35.776004],[-81.445523,35.776033],[-81.445813,35.776036],[-81.446183,35.775918],[-81.44653,35.775779],[-81.446729,35.77554],[-81.446933,35.775114],[-81.447133,35.775091],[-81.447638,35.774805],[-81.447829,35.77467],[-81.447908,35.774533],[-81.447933,35.77429],[-81.448068,35.774034],[-81.448228,35.7738],[-81.448272,35.773622],[-81.448229,35.773453],[-81.448126,35.773237],[-81.447799,35.772811],[-81.447906,35.772847],[-81.447905,35.772724],[-81.447803,35.772642],[-81.447731,35.772659],[-81.445465,35.769683],[-81.445851,35.769645],[-81.446486,35.769547],[-81.447623,35.769304],[-81.449457,35.768768],[-81.449542,35.768736],[-81.44969,35.768643],[-81.449795,35.768517],[-81.449849,35.768372],[-81.449839,35.767489],[-81.44987,35.767286],[-81.450473,35.766066],[-81.45054,35.766068],[-81.450793,35.76563],[-81.450795,35.765081],[-81.450823,35.764681],[-81.449369,35.764662],[-81.448342,35.764965],[-81.447615,35.765681],[-81.447182,35.765856],[-81.446517,35.766028],[-81.445438,35.766179],[-81.445034,35.766359],[-81.443859,35.766506],[-81.443674,35.766576],[-81.443675,35.766636],[-81.443608,35.76665]]]}},{"type":"Feature","id":"37023:2793073061","properties":{"id":"37023:2793073061","parcelId":"2793073061","countyFips":"37023","countyName":"Burke","state":"North Carolina","marketIds":["Asheville"],"situsAddress":"0 GOAT FARM ST","situsCity":"HICKORY","situsZip":"28601","jurisdictionCode":null,"ownerName":"CHRISTOPHER, RICHARD L;BOLICK, CHRISTINA CHRISTOPHER","ownerName2":null,"propertyName":null,"zoningCode":null,"zoningDistrict":null,"jurisdictionPrefix":null,"dorCode":"VACANT","acreage":48.31,"centroid":[-81.39185,35.751523],"lastSale":{"date":"2014-04-04","price":null,"qualified":null},"tax":{"marketValue":155173.0,"assessedValue":null,"taxableValue":null,"taxes":null},"mailingAddress":{"line1":"3210 NINTH AVENUE DR NW","line2":null,"city":"HICKORY","state":"NC","zip":"28601"},"incomeTract":null,"incomeBlockGroup":null,"nearestRoad":null,"flu":null,"opportunityZone":null,"oz2Eligibility":null,"source":"nc-burke-parcels-37023","appraiserUrl":"http://taxweb.burkenc.org/CamaPWA/PropertySummary.aspx?REID=51404","gisViewerUrl":"https://gis.burkenc.org/"},"geometry":{"type":"Polygon","coordinates":[[[-81.392438,35.75336],[-81.395484,35.753355],[-81.395461,35.751896],[-81.395474,35.750745],[-81.395458,35.749752],[-81.392156,35.749768],[-81.392178,35.750592],[-81.389805,35.750634],[-81.389674,35.750945],[-81.389271,35.751631],[-81.389061,35.751831],[-81.388896,35.75193],[-81.388695,35.75336],[-81.392438,35.75336]]]}},{"type":"Feature","id":"37023:2763395302","properties":{"id":"37023:2763395302","parcelId":"2763395302","countyFips":"37023","countyName":"Burke","state":"North Carolina","marketIds":["Asheville"],"situsAddress":"7417 OAK RIDGE CHURCH RD","situsCity":"CONNELLY SPRINGS","situsZip":"28612","jurisdictionCode":null,"ownerName":"ELKINS, JOAN BUMGARNER;ELKINS, DWAYNE EDWARD;ELKINS, JAMES;ELKINS, JODY","ownerName2":null,"propertyName":null,"zoningCode":null,"zoningDistrict":null,"jurisdictionPrefix":null,"dorCode":"SINGLE FAMILY RES","acreage":25.02,"centroid":[-81.482568,35.75584],"lastSale":{"date":"2025-12-15","price":1000.0,"qualified":null},"tax":{"marketValue":100270.0,"assessedValue":null,"taxableValue":null,"taxes":null},"mailingAddress":{"line1":"7431 OAK RIDGE CHURCH RD","line2":null,"city":"CONNELLY SPRINGS","state":"NC","zip":"28612"},"incomeTract":null,"incomeBlockGroup":null,"nearestRoad":null,"flu":null,"opportunityZone":null,"oz2Eligibility":null,"source":"nc-burke-parcels-37023","appraiserUrl":"http://taxweb.burkenc.org/CamaPWA/PropertySummary.aspx?REID=29764","gisViewerUrl":"https://gis.burkenc.org/"},"geometry":{"type":"Polygon","coordinates":[[[-81.479988,35.756417],[-81.480066,35.756421],[-81.480598,35.756447],[-81.481681,35.756347],[-81.481783,35.757545],[-81.483417,35.757388],[-81.484441,35.757339],[-81.486027,35.756752],[-81.4861,35.756681],[-81.485523,35.756224],[-81.484791,35.755917],[-81.484223,35.755844],[-81.483878,35.75593],[-81.483489,35.755821],[-81.482868,35.755226],[-81.48252,35.754543],[-81.481285,35.754569],[-81.481284,35.754059],[-81.481233,35.754061],[-81.480808,35.754644],[-81.480489,35.755188],[-81.479997,35.755127],[-81.479988,35.756417]]]}},{"type":"Feature","id":"37023:2763173907","properties":{"id":"37023:2763173907","parcelId":"2763173907","countyFips":"37023","countyName":"Burke","state":"North Carolina","marketIds":["Asheville"],"situsAddress":"7074 GARMON ST","situsCity":"CONNELLY SPRINGS","situsZip":"28612","jurisdictionCode":null,"ownerName":"GARMON, RONALD E;GARMON, SANDRA L","ownerName2":null,"propertyName":null,"zoningCode":null,"zoningDistrict":null,"jurisdictionPrefix":null,"dorCode":"SINGLE FAMILY RES","acreage":15.0,"centroid":[-81.489615,35.75258],"lastSale":{"date":"2016-08-19","price":null,"qualified":null},"tax":{"marketValue":213565.0,"assessedValue":null,"taxableValue":null,"taxes":null},"mailingAddress":{"line1":"7074 GARMON ST","line2":null,"city":"CONNELLY SPRINGS","state":"NC","zip":"28612"},"incomeTract":null,"incomeBlockGroup":null,"nearestRoad":null,"flu":null,"opportunityZone":null,"oz2Eligibility":null,"source":"nc-burke-parcels-37023","appraiserUrl":"http://taxweb.burkenc.org/CamaPWA/PropertySummary.aspx?REID=20005","gisViewerUrl":"https://gis.burkenc.org/"},"geometry":{"type":"Polygon","coordinates":[[[-81.488131,35.753575],[-81.489264,35.753777],[-81.4894,35.752863],[-81.490777,35.753344],[-81.491808,35.750986],[-81.489562,35.751022],[-81.488361,35.752493],[-81.488131,35.753575]]]}},{"type":"Feature","id":"37023:2763299021","properties":{"id":"37023:2763299021","parcelId":"2763299021","countyFips":"37023","countyName":"Burke","state":"North Carolina","marketIds":["Asheville"],"situsAddress":"7361 OAK RIDGE CHURCH RD","situsCity":"CONNELLY SPRINGS","situsZip":"28612","jurisdictionCode":null,"ownerName":"EVANS, DEAN ALLEN;EVANS, CHRISTINE","ownerName2":null,"propertyName":null,"zoningCode":null,"zoningDistrict":null,"jurisdictionPrefix":null,"dorCode":"SINGLE FAMILY RES","acreage":8.84,"centroid":[-81.484634,35.755342],"lastSale":{"date":"2023-09-28","price":null,"qualified":null},"tax":{"marketValue":150547.0,"assessedValue":null,"taxableValue":null,"taxes":null},"mailingAddress":{"line1":"7361 OAK RIDGE CHURCH RD","line2":null,"city":"CONNELLY SPRINGS","state":"NC","zip":"28612"},"incomeTract":null,"incomeBlockGroup":null,"nearestRoad":null,"flu":null,"opportunityZone":null,"oz2Eligibility":null,"source":"nc-burke-parcels-37023","appraiserUrl":"http://taxweb.burkenc.org/CamaPWA/PropertySummary.aspx?REID=65863","gisViewerUrl":"https://gis.burkenc.org/"},"geometry":{"type":"Polygon","coordinates":[[[-81.485997,35.756763],[-81.485998,35.756763],[-81.486373,35.756963],[-81.486373,35.757007],[-81.486417,35.756881],[-81.486294,35.756755],[-81.486387,35.756511],[-81.486307,35.756427],[-81.48633,35.756247],[-81.486314,35.75607],[-81.486216,35.755693],[-81.486162,35.755392],[-81.485416,35.755838],[-81.484802,35.755748],[-81.48481,35.755221],[-81.484735,35.75504],[-81.484818,35.754713],[-81.484668,35.754222],[-81.484685,35.754141],[-81.483139,35.75404],[-81.483077,35.753688],[-81.482903,35.753676],[-81.482852,35.754377],[-81.48298,35.75438],[-81.48373,35.75513],[-81.483621,35.755858],[-81.483878,35.75593],[-81.484223,35.755844],[-81.484791,35.755917],[-81.485523,35.756224],[-81.4861,35.756681],[-81.485997,35.756763]]]}},{"type":"Feature","id":"37023:2783666746","properties":{"id":"37023:2783666746","parcelId":"2783666746","countyFips":"37023","countyName":"Burke","state":"North Carolina","marketIds":["Asheville"],"situsAddress":"0 WEST VIEW ACRES AVENUE EXT","situsCity":"HICKORY","situsZip":"28601","jurisdictionCode":null,"ownerName":"GOFORTH, TAMMY H","ownerName2":null,"propertyName":null,"zoningCode":null,"zoningDistrict":null,"jurisdictionPrefix":null,"dorCode":"VACANT","acreage":6.54,"centroid":[-81.403894,35.751172],"lastSale":{"date":"2023-10-19","price":null,"qualified":null},"tax":{"marketValue":29504.0,"assessedValue":null,"taxableValue":null,"taxes":null},"mailingAddress":{"line1":"941 AIRPORT RHODHISS RD","line2":null,"city":"HICKORY","state":"NC","zip":"28601"},"incomeTract":null,"incomeBlockGroup":null,"nearestRoad":null,"flu":null,"opportunityZone":null,"oz2Eligibility":null,"source":"nc-burke-parcels-37023","appraiserUrl":"http://taxweb.burkenc.org/CamaPWA/PropertySummary.aspx?REID=37617","gisViewerUrl":"https://gis.burkenc.org/"},"geometry":{"type":"Polygon","coordinates":[[[-81.403477,35.750114],[-81.403799,35.751512],[-81.40516,35.750975],[-81.404702,35.748455],[-81.404103,35.748457],[-81.404262,35.749092],[-81.404421,35.750091],[-81.403477,35.750114]]]}},{"type":"Feature","id":"37023:2763790413","properties":{"id":"37023:2763790413","parcelId":"2763790413","countyFips":"37023","countyName":"Burke","state":"North Carolina","marketIds":["Asheville"],"situsAddress":"7626 WATSON ST","situsCity":"CONNELLY SPRINGS","situsZip":"28612","jurisdictionCode":null,"ownerName":"GRIFFIN, HARRY D;GRIFFIN, CATHY F","ownerName2":null,"propertyName":null,"zoningCode":null,"zoningDistrict":null,"jurisdictionPrefix":null,"dorCode":"SINGLE FAMILY RES","acreage":6.43,"centroid":[-81.470889,35.757286],"lastSale":{"date":"2008-07-30","price":189000.0,"qualified":null},"tax":{"marketValue":199637.0,"assessedValue":null,"taxableValue":null,"taxes":null},"mailingAddress":{"line1":"7626 WATSON ST","line2":null,"city":"CONNELLY SPRINGS","state":"NC","zip":"28612"},"incomeTract":null,"incomeBlockGroup":null,"nearestRoad":null,"flu":null,"opportunityZone":null,"oz2Eligibility":null,"source":"nc-burke-parcels-37023","appraiserUrl":"http://taxweb.burkenc.org/CamaPWA/PropertySummary.aspx?REID=37647","gisViewerUrl":"https://gis.burkenc.org/"},"geometry":{"type":"Polygon","coordinates":[[[-81.471076,35.757342],[-81.471078,35.757342],[-81.471295,35.758339],[-81.471518,35.758341],[-81.471554,35.75594],[-81.470049,35.755899],[-81.470045,35.757429],[-81.470544,35.757499],[-81.470777,35.757395],[-81.470957,35.757338],[-81.471076,35.757342]]]}},{"type":"Feature","id":"37023:2763689784","properties":{"id":"37023:2763689784","parcelId":"2763689784","countyFips":"37023","countyName":"Burke","state":"North Carolina","marketIds":["Asheville"],"situsAddress":"7925 RHODHISS RD","situsCity":"CONNELLY SPRINGS","situsZip":"28612","jurisdictionCode":null,"ownerName":"STEPHENS, KENNETH A;STEPHENS, CLARA R","ownerName2":null,"propertyName":null,"zoningCode":null,"zoningDistrict":null,"jurisdictionPrefix":null,"dorCode":"SINGLE FAMILY RES","acreage":8.69,"centroid":[-81.470613,35.754881],"lastSale":{"date":"2009-11-24","price":155000.0,"qualified":null},"tax":{"marketValue":551954.0,"assessedValue":null,"taxableValue":null,"taxes":null},"mailingAddress":{"line1":"7925 RHODHISS RD","line2":null,"city":"CONNELLY SPRINGS","state":"NC","zip":"28612"},"incomeTract":null,"incomeBlockGroup":null,"nearestRoad":null,"flu":null,"opportunityZone":null,"oz2Eligibility":null,"source":"nc-burke-parcels-37023","appraiserUrl":"http://taxweb.burkenc.org/CamaPWA/PropertySummary.aspx?REID=37650","gisViewerUrl":"https://gis.burkenc.org/"},"geometry":{"type":"Polygon","coordinates":[[[-81.470049,35.755899],[-81.470295,35.755906],[-81.471554,35.75594],[-81.471578,35.753576],[-81.470132,35.753495],[-81.470068,35.754468],[-81.470049,35.755899]]]}},{"type":"Feature","id":"37023:2763691325","properties":{"id":"37023:2763691325","parcelId":"2763691325","countyFips":"37023","countyName":"Burke","state":"North Carolina","marketIds":["Asheville"],"situsAddress":"0 WATSON ST","situsCity":"CONNELLY SPRINGS","situsZip":"28612","jurisdictionCode":null,"ownerName":"HISE, JOHANNA E","ownerName2":null,"propertyName":null,"zoningCode":null,"zoningDistrict":null,"jurisdictionPrefix":null,"dorCode":"VACANT","acreage":7.91,"centroid":[-81.473608,35.757644],"lastSale":{"date":"2016-09-16","price":null,"qualified":null},"tax":{"marketValue":44424.0,"assessedValue":null,"taxableValue":null,"taxes":null},"mailingAddress":{"line1":"7598 WATSON ST","line2":null,"city":"CONNELLY SPRINGS","state":"NC","zip":"28612"},"incomeTract":null,"incomeBlockGroup":null,"nearestRoad":null,"flu":null,"opportunityZone":null,"oz2Eligibility":null,"source":"nc-burke-parcels-37023","appraiserUrl":"http://taxweb.burkenc.org/CamaPWA/PropertySummary.aspx?REID=37655","gisViewerUrl":"https://gis.burkenc.org/"},"geometry":{"type":"Polygon","coordinates":[[[-81.473041,35.758353],[-81.473219,35.758359],[-81.473246,35.75832],[-81.473308,35.758301],[-81.474454,35.758318],[-81.474508,35.75699],[-81.474578,35.756023],[-81.473087,35.755982],[-81.473031,35.758151],[-81.473041,35.758353]],[[-81.474445,35.756818],[-81.474425,35.757367],[-81.473762,35.757268],[-81.473782,35.756719],[-81.474445,35.756818]]]}},{"type":"Feature","id":"37023:2774415996","properties":{"id":"37023:2774415996","parcelId":"2774415996","countyFips":"37023","countyName":"Burke","state":"North Carolina","marketIds":["Asheville"],"situsAddress":"8827 RHODHISS RD","situsCity":"CONNELLY SPRINGS","situsZip":"28612","jurisdictionCode":null,"ownerName":"BURKE COUNTY","ownerName2":null,"propertyName":null,"zoningCode":null,"zoningDistrict":null,"jurisdictionPrefix":null,"dorCode":"GOVERNMENT","acreage":44.51,"centroid":[-81.445715,35.763932],"lastSale":{"date":"1987-04-09","price":null,"qualified":null},"tax":{"marketValue":null,"assessedValue":null,"taxableValue":null,"taxes":null},"mailingAddress":{"line1":"P O BOX 219","line2":null,"city":"MORGANTON","state":"NC","zip":"28680"},"incomeTract":null,"incomeBlockGroup":null,"nearestRoad":null,"flu":null,"opportunityZone":null,"oz2Eligibility":null,"source":"nc-burke-parcels-37023","appraiserUrl":"http://taxweb.burkenc.org/CamaPWA/PropertySummary.aspx?REID=42758","gisViewerUrl":"https://gis.burkenc.org/"},"geometry":{"type":"Polygon","coordinates":[[[-81.445044,35.760875],[-81.444782,35.761733],[-81.444854,35.762075],[-81.444726,35.762583],[-81.444578,35.762681],[-81.443838,35.763352],[-81.443608,35.764165],[-81.443551,35.764476],[-81.443323,35.764893],[-81.443859,35.766506],[-81.445034,35.766359],[-81.445438,35.766179],[-81.446517,35.766028],[-81.447182,35.765856],[-81.447615,35.765681],[-81.448342,35.764965],[-81.449369,35.764662],[-81.44942,35.764076],[-81.446282,35.762712],[-81.44698,35.761634],[-81.445666,35.761076],[-81.445044,35.760875]]]}},{"type":"Feature","id":"37023:2764419172","properties":{"id":"37023:2764419172","parcelId":"2764419172","countyFips":"37023","countyName":"Burke","state":"North Carolina","marketIds":["Asheville"],"situsAddress":"2048 WORTMAN ST","situsCity":"CONNELLY SPRINGS","situsZip":"28612","jurisdictionCode":null,"ownerName":"GIBSON, TONY E","ownerName2":null,"propertyName":null,"zoningCode":null,"zoningDistrict":null,"jurisdictionPrefix":null,"dorCode":"SINGLE FAMILY RES","acreage":5.0,"centroid":[-81.477866,35.761161],"lastSale":{"date":"1993-10-15","price":4000.0,"qualified":null},"tax":{"marketValue":59186.0,"assessedValue":null,"taxableValue":null,"taxes":null},"mailingAddress":{"line1":"2048 WORTMAN ST","line2":null,"city":"CONNELLY SPRINGS","state":"NC","zip":"28612"},"incomeTract":null,"incomeBlockGroup":null,"nearestRoad":null,"flu":null,"opportunityZone":null,"oz2Eligibility":null,"source":"nc-burke-parcels-37023","appraiserUrl":"http://taxweb.burkenc.org/CamaPWA/PropertySummary.aspx?REID=48452","gisViewerUrl":"https://gis.burkenc.org/"},"geometry":{"type":"Polygon","coordinates":[[[-81.477171,35.76179],[-81.478584,35.761782],[-81.478569,35.760504],[-81.47714,35.760569],[-81.477171,35.76179]]]}},{"type":"Feature","id":"37023:2764211772","properties":{"id":"37023:2764211772","parcelId":"2764211772","countyFips":"37023","countyName":"Burke","state":"North Carolina","marketIds":["Asheville"],"situsAddress":"0 SPANN AVE","situsCity":"CONNELLY SPRINGS","situsZip":"28612","jurisdictionCode":null,"ownerName":"HUMPHRIES, TIMOTHY N;HUMPHRIES, GENA C","ownerName2":null,"propertyName":null,"zoningCode":null,"zoningDistrict":null,"jurisdictionPrefix":null,"dorCode":"VACANT","acreage":10.47,"centroid":[-81.487623,35.763475],"lastSale":{"date":"2003-04-03","price":null,"qualified":null},"tax":{"marketValue":49520.0,"assessedValue":null,"taxableValue":null,"taxes":null},"mailingAddress":{"line1":"P O BOX 821","line2":null,"city":"CONNELLY SPRINGS","state":"NC","zip":"28612"},"incomeTract":null,"incomeBlockGroup":null,"nearestRoad":null,"flu":null,"opportunityZone":null,"oz2Eligibility":null,"source":"nc-burke-parcels-37023","appraiserUrl":"http://taxweb.burkenc.org/CamaPWA/PropertySummary.aspx?REID=57179","gisViewerUrl":"https://gis.burkenc.org/"},"geometry":{"type":"Polygon","coordinates":[[[-81.488635,35.764335],[-81.488342,35.764059],[-81.488083,35.763581],[-81.488402,35.763164],[-81.487973,35.761679],[-81.486365,35.761425],[-81.48636,35.763351],[-81.486339,35.763762],[-81.486992,35.763707],[-81.487289,35.763489],[-81.487615,35.763467],[-81.487862,35.763941],[-81.488216,35.764263],[-81.488246,35.764431],[-81.488635,35.764335]]]}},{"type":"Feature","id":"37023:2764212053","properties":{"id":"37023:2764212053","parcelId":"2764212053","countyFips":"37023","countyName":"Burke","state":"North Carolina","marketIds":["Asheville"],"situsAddress":"0 KNOX AVE","situsCity":"CONNELLY SPRINGS","situsZip":"28612","jurisdictionCode":null,"ownerName":"HUMPHRIES, ALICE B","ownerName2":null,"propertyName":null,"zoningCode":null,"zoningDistrict":null,"jurisdictionPrefix":null,"dorCode":"VACANT","acreage":6.35,"centroid":[-81.487126,35.760136],"lastSale":{"date":"2003-03-10","price":null,"qualified":null},"tax":{"marketValue":25181.0,"assessedValue":null,"taxableValue":null,"taxes":null},"mailingAddress":{"line1":"7177 SPANN PARK AVE","line2":null,"city":"CONNELLY SPRINGS","state":"NC","zip":"28612"},"incomeTract":null,"incomeBlockGroup":null,"nearestRoad":null,"flu":null,"opportunityZone":null,"oz2Eligibility":null,"source":"nc-burke-parcels-37023","appraiserUrl":"http://taxweb.burkenc.org/CamaPWA/PropertySummary.aspx?REID=57549","gisViewerUrl":"https://gis.burkenc.org/"},"geometry":{"type":"Polygon","coordinates":[[[-81.486191,35.760008],[-81.486326,35.760258],[-81.486365,35.761425],[-81.487973,35.761679],[-81.487877,35.760259],[-81.487788,35.759981],[-81.487365,35.759634],[-81.487235,35.759413],[-81.48718,35.759369],[-81.48696,35.759333],[-81.486191,35.760008]]]}},{"type":"Feature","id":"37023:2774746725","properties":{"id":"37023:2774746725","parcelId":"2774746725","countyFips":"37023","countyName":"Burke","state":"North Carolina","marketIds":["Asheville"],"situsAddress":"100 CAROLINA AVE","situsCity":"HICKORY","situsZip":"28601","jurisdictionCode":null,"ownerName":"TOWN OF RHODHISS","ownerName2":null,"propertyName":null,"zoningCode":null,"zoningDistrict":null,"jurisdictionPrefix":null,"dorCode":"GOVERNMENT","acreage":7.42,"centroid":[-81.435313,35.772144],"lastSale":{"date":"2012-11-21","price":null,"qualified":null},"tax":{"marketValue":null,"assessedValue":null,"taxableValue":null,"taxes":null},"mailingAddress":{"line1":"P O BOX 40","line2":null,"city":"RHODHISS","state":"NC","zip":"28667"},"incomeTract":null,"incomeBlockGroup":null,"nearestRoad":null,"flu":null,"opportunityZone":null,"oz2Eligibility":null,"source":"nc-burke-parcels-37023","appraiserUrl":"http://taxweb.burkenc.org/CamaPWA/PropertySummary.aspx?REID=57582","gisViewerUrl":"https://gis.burkenc.org/"},"geometry":{"type":"Polygon","coordinates":[[[-81.436813,35.772599],[-81.436767,35.772541],[-81.436588,35.772548],[-81.436396,35.772527],[-81.43635,35.772496],[-81.436242,35.772492],[-81.436275,35.7724],[-81.436425,35.772439],[-81.436482,35.772437],[-81.436765,35.77155],[-81.435989,35.771328],[-81.435608,35.771415],[-81.434407,35.771295],[-81.434106,35.77136],[-81.433995,35.77136],[-81.433812,35.771932],[-81.434071,35.771966],[-81.43411,35.771924],[-81.434183,35.771963],[-81.43431,35.771938],[-81.434392,35.772032],[-81.434451,35.772172],[-81.434526,35.772232],[-81.43506,35.772374],[-81.435224,35.772387],[-81.435371,35.772372],[-81.435552,35.772263],[-81.435588,35.772148],[-81.435571,35.771962],[-81.435587,35.771926],[-81.435654,35.77209],[-81.435635,35.772327],[-81.435735,35.772315],[-81.435837,35.772357],[-81.435867,35.772401],[-81.435836,35.772428],[-81.43571,35.77243],[-81.435629,35.772393],[-81.43557,35.772324],[-81.435484,35.772418],[-81.435324,35.77245],[-81.435274,35.772475],[-81.435273,35.772508],[-81.435365,35.772571],[-81.435499,35.772562],[-81.435543,35.772581],[-81.435542,35.772608],[-81.435485,35.772649],[-81.4355,35.772741],[-81.435528,35.772766],[-81.435646,35.772705],[-81.435938,35.772815],[-81.436052,35.772905],[-81.436441,35.772994],[-81.436627,35.772992],[-81.436695,35.772924],[-81.436655,35.772754],[-81.436663,35.772712],[-81.436809,35.772622],[-81.436813,35.772599]]]}},{"type":"Feature","id":"37023:2774006147","properties":{"id":"37023:2774006147","parcelId":"2774006147","countyFips":"37023","countyName":"Burke","state":"North Carolina","marketIds":["Asheville"],"situsAddress":"8379 RHODHISS RD","situsCity":"CONNELLY SPRINGS","situsZip":"28612","jurisdictionCode":null,"ownerName":"PUGH, MARVIN A C;CLINE, KRISTIE R","ownerName2":null,"propertyName":null,"zoningCode":null,"zoningDistrict":null,"jurisdictionPrefix":null,"dorCode":"SINGLE FAMILY RES","acreage":14.33,"centroid":[-81.458526,35.759733],"lastSale":{"date":"2020-11-04","price":144000.0,"qualified":null},"tax":{"marketValue":217247.0,"assessedValue":null,"taxableValue":null,"taxes":null},"mailingAddress":{"line1":"8379 RHODHISS RD","line2":null,"city":"CONNELLY SPRINGS","state":"NC","zip":"28612"},"incomeTract":null,"incomeBlockGroup":null,"nearestRoad":null,"flu":null,"opportunityZone":null,"oz2Eligibility":null,"source":"nc-burke-parcels-37023","appraiserUrl":"http://taxweb.burkenc.org/CamaPWA/PropertySummary.aspx?REID=57631","gisViewerUrl":"https://gis.burkenc.org/"},"geometry":{"type":"Polygon","coordinates":[[[-81.45788,35.760566],[-81.45817,35.760548],[-81.458722,35.760666],[-81.460066,35.761426],[-81.460124,35.761004],[-81.460261,35.759042],[-81.458865,35.757965],[-81.458016,35.758455],[-81.45745,35.758884],[-81.457982,35.758903],[-81.457748,35.75946],[-81.457848,35.759512],[-81.457703,35.7601],[-81.45788,35.760566]]]}},{"type":"Feature","id":"37023:2784001062","properties":{"id":"37023:2784001062","parcelId":"2784001062","countyFips":"37023","countyName":"Burke","state":"North Carolina","marketIds":["Asheville"],"situsAddress":"1619 AIRPORT RHODHISS RD","situsCity":"HICKORY","situsZip":"28601","jurisdictionCode":null,"ownerName":"HOUSTON, RONALD EUGENE;FLOYD, ASHLEY HOUSTON","ownerName2":null,"propertyName":null,"zoningCode":null,"zoningDistrict":null,"jurisdictionPrefix":null,"dorCode":"SINGLE FAMILY RES","acreage":13.17,"centroid":[-81.426217,35.759281],"lastSale":{"date":"2018-10-09","price":null,"qualified":null},"tax":{"marketValue":109307.0,"assessedValue":null,"taxableValue":null,"taxes":null},"mailingAddress":{"line1":"1619 AIRPORT RHODHISS RD","line2":null,"city":"HICKORY","state":"NC","zip":"28601"},"incomeTract":null,"incomeBlockGroup":null,"nearestRoad":null,"flu":null,"opportunityZone":null,"oz2Eligibility":null,"source":"nc-burke-parcels-37023","appraiserUrl":"http://taxweb.burkenc.org/CamaPWA/PropertySummary.aspx?REID=21197","gisViewerUrl":"https://gis.burkenc.org/"},"geometry":{"type":"Polygon","coordinates":[[[-81.425901,35.760616],[-81.426457,35.760638],[-81.427389,35.76056],[-81.427509,35.757722],[-81.426481,35.757687],[-81.425558,35.758278],[-81.425372,35.758196],[-81.425389,35.759899],[-81.425895,35.759932],[-81.425901,35.760616]]]}},{"type":"Feature","id":"37023:2763695558","properties":{"id":"37023:2763695558","parcelId":"2763695558","countyFips":"37023","countyName":"Burke","state":"North Carolina","marketIds":["Asheville"],"situsAddress":"7895 RHODHISS RD","situsCity":"CONNELLY SPRINGS","situsZip":"28612","jurisdictionCode":null,"ownerName":"WILSON, OTTIS DWAYNE;WILSON, SANDRA TRIPLETT","ownerName2":null,"propertyName":null,"zoningCode":null,"zoningDistrict":null,"jurisdictionPrefix":null,"dorCode":"SINGLE FAMILY RES","acreage":8.07,"centroid":[-81.472412,35.757493],"lastSale":{"date":"2016-10-11","price":null,"qualified":null},"tax":{"marketValue":206645.0,"assessedValue":null,"taxableValue":null,"taxes":null},"mailingAddress":{"line1":"PO BOX 303","line2":null,"city":"CONNELLY SPRINGS","state":"NC","zip":"28612"},"incomeTract":null,"incomeBlockGroup":null,"nearestRoad":null,"flu":null,"opportunityZone":null,"oz2Eligibility":null,"source":"nc-burke-parcels-37023","appraiserUrl":"http://taxweb.burkenc.org/CamaPWA/PropertySummary.aspx?REID=37648","gisViewerUrl":"https://gis.burkenc.org/"},"geometry":{"type":"Polygon","coordinates":[[[-81.471521,35.757842],[-81.472325,35.757843],[-81.472325,35.758342],[-81.473041,35.758353],[-81.473031,35.758151],[-81.473087,35.755982],[-81.471554,35.75594],[-81.471521,35.757842]]]}},{"type":"Feature","id":"37023:2763678676","properties":{"id":"37023:2763678676","parcelId":"2763678676","countyFips":"37023","countyName":"Burke","state":"North Carolina","marketIds":["Asheville"],"situsAddress":"2234 MONTEITH LN","situsCity":"CONNELLY SPRINGS","situsZip":"28612","jurisdictionCode":null,"ownerName":"WILLIAMS, LACY CRANDELL;WILLIAMS, ASHLEY EVANS","ownerName2":null,"propertyName":null,"zoningCode":null,"zoningDistrict":null,"jurisdictionPrefix":null,"dorCode":"SINGLE FAMILY RES","acreage":7.01,"centroid":[-81.470745,35.751919],"lastSale":{"date":"2023-05-26","price":null,"qualified":null},"tax":{"marketValue":59193.0,"assessedValue":null,"taxableValue":null,"taxes":null},"mailingAddress":{"line1":"2300 MONTEITH LN","line2":null,"city":"CONNELLY SPRINGS","state":"NC","zip":"28612"},"incomeTract":null,"incomeBlockGroup":null,"nearestRoad":null,"flu":null,"opportunityZone":null,"oz2Eligibility":null,"source":"nc-burke-parcels-37023","appraiserUrl":"http://taxweb.burkenc.org/CamaPWA/PropertySummary.aspx?REID=23827","gisViewerUrl":"https://gis.burkenc.org/"},"geometry":{"type":"Polygon","coordinates":[[[-81.469826,35.752292],[-81.47077,35.752343],[-81.471568,35.75219],[-81.472483,35.752173],[-81.47248,35.751116],[-81.469552,35.751422],[-81.469616,35.751906],[-81.469666,35.751908],[-81.469826,35.752292]]]}},{"type":"Feature","id":"37023:2763672715","properties":{"id":"37023:2763672715","parcelId":"2763672715","countyFips":"37023","countyName":"Burke","state":"North Carolina","marketIds":["Asheville"],"situsAddress":"7850 RHODHISS RD","situsCity":"CONNELLY SPRINGS","situsZip":"28612","jurisdictionCode":null,"ownerName":"HOOPER, WILLIAM GRANT;HOOPER, JESSE","ownerName2":null,"propertyName":null,"zoningCode":null,"zoningDistrict":null,"jurisdictionPrefix":null,"dorCode":"VACANT","acreage":12.1,"centroid":[-81.473532,35.752306],"lastSale":{"date":"2024-07-12","price":167500.0,"qualified":null},"tax":{"marketValue":108200.0,"assessedValue":null,"taxableValue":null,"taxes":null},"mailingAddress":{"line1":"4555 QUEENS RD","line2":null,"city":"HICKORY","state":"NC","zip":"28602"},"incomeTract":null,"incomeBlockGroup":null,"nearestRoad":null,"flu":null,"opportunityZone":null,"oz2Eligibility":null,"source":"nc-burke-parcels-37023","appraiserUrl":"http://taxweb.burkenc.org/CamaPWA/PropertySummary.aspx?REID=10080","gisViewerUrl":"https://gis.burkenc.org/"},"geometry":{"type":"Polygon","coordinates":[[[-81.472475,35.753491],[-81.472557,35.753496],[-81.473752,35.753584],[-81.473612,35.752617],[-81.474364,35.752614],[-81.474312,35.752398],[-81.474189,35.751396],[-81.474045,35.750564],[-81.47248,35.750597],[-81.472475,35.753491]]]}},{"type":"Feature","id":"37023:2764734760","properties":{"id":"37023:2764734760","parcelId":"2764734760","countyFips":"37023","countyName":"Burke","state":"North Carolina","marketIds":["Asheville"],"situsAddress":"0 DECKER RD","situsCity":"CONNELLY SPRINGS","situsZip":"28612","jurisdictionCode":null,"ownerName":"TOWNSEND, RONALD B;TOWNSEND, SHIRLEY J","ownerName2":null,"propertyName":null,"zoningCode":null,"zoningDistrict":null,"jurisdictionPrefix":null,"dorCode":"VACANT","acreage":8.21,"centroid":[-81.469619,35.768417],"lastSale":{"date":"2009-05-27","price":null,"qualified":null},"tax":{"marketValue":45309.0,"assessedValue":null,"taxableValue":null,"taxes":null},"mailingAddress":{"line1":"7877 DECKER RD","line2":null,"city":"CONNELLY SPRINGS","state":"NC","zip":"28612"},"incomeTract":null,"incomeBlockGroup":null,"nearestRoad":null,"flu":null,"opportunityZone":null,"oz2Eligibility":null,"source":"nc-burke-parcels-37023","appraiserUrl":"http://taxweb.burkenc.org/CamaPWA/PropertySummary.aspx?REID=65472","gisViewerUrl":"https://gis.burkenc.org/"},"geometry":{"type":"Polygon","coordinates":[[[-81.468289,35.768856],[-81.471394,35.768918],[-81.471397,35.767984],[-81.467395,35.767909],[-81.468289,35.768856]]]}},{"type":"Feature","id":"37023:2774922196","properties":{"id":"37023:2774922196","parcelId":"2774922196","countyFips":"37023","countyName":"Burke","state":"North Carolina","marketIds":["Asheville"],"situsAddress":"0 HILLCREST AVE","situsCity":"HICKORY","situsZip":"28601","jurisdictionCode":null,"ownerName":"CHANEY, CHARLES L","ownerName2":null,"propertyName":null,"zoningCode":null,"zoningDistrict":null,"jurisdictionPrefix":null,"dorCode":"SINGLE FAMILY RES","acreage":5.0,"centroid":[-81.430284,35.764881],"lastSale":{"date":"2000-11-03","price":100000.0,"qualified":null},"tax":{"marketValue":123153.0,"assessedValue":null,"taxableValue":null,"taxes":null},"mailingAddress":{"line1":"P O BOX 62","line2":null,"city":"RHODHISS","state":"NC","zip":"28667"},"incomeTract":null,"incomeBlockGroup":null,"nearestRoad":null,"flu":null,"opportunityZone":null,"oz2Eligibility":null,"source":"nc-burke-parcels-37023","appraiserUrl":"http://taxweb.burkenc.org/CamaPWA/PropertySummary.aspx?REID=53746","gisViewerUrl":"https://gis.burkenc.org/"},"geometry":{"type":"Polygon","coordinates":[[[-81.428743,35.765505],[-81.429749,35.76578],[-81.429963,35.765542],[-81.429659,35.765422],[-81.430044,35.765003],[-81.43078,35.765395],[-81.430953,35.765207],[-81.431065,35.765032],[-81.431149,35.764848],[-81.43103,35.764821],[-81.430925,35.764768],[-81.430597,35.764482],[-81.430363,35.76433],[-81.430212,35.764257],[-81.430047,35.764207],[-81.429875,35.764183],[-81.429667,35.764187],[-81.428743,35.765505]]]}},{"type":"Feature","id":"37023:2773181660","properties":{"id":"37023:2773181660","parcelId":"2773181660","countyFips":"37023","countyName":"Burke","state":"North Carolina","marketIds":["Asheville"],"situsAddress":"2055 OLD HOMEPLACE RD","situsCity":"CONNELLY SPRINGS","situsZip":"28612","jurisdictionCode":null,"ownerName":"ELLIOTT, AMY K","ownerName2":null,"propertyName":null,"zoningCode":null,"zoningDistrict":null,"jurisdictionPrefix":null,"dorCode":"SINGLE FAMILY RES","acreage":8.01,"centroid":[-81.457057,35.754599],"lastSale":{"date":"2021-08-20","price":500000.0,"qualified":null},"tax":{"marketValue":503855.0,"assessedValue":null,"taxableValue":null,"taxes":null},"mailingAddress":{"line1":"2055 OLD HOMEPLACE RD","line2":null,"city":"CONNELLY SPRINGS","state":"NC","zip":"28612"},"incomeTract":null,"incomeBlockGroup":null,"nearestRoad":null,"flu":null,"opportunityZone":null,"oz2Eligibility":null,"source":"nc-burke-parcels-37023","appraiserUrl":"http://taxweb.burkenc.org/CamaPWA/PropertySummary.aspx?REID=58508","gisViewerUrl":"https://gis.burkenc.org/"},"geometry":{"type":"Polygon","coordinates":[[[-81.4559,35.755719],[-81.456586,35.755722],[-81.457221,35.755804],[-81.457087,35.755381],[-81.457076,35.754957],[-81.458105,35.755017],[-81.457901,35.754249],[-81.457333,35.75433],[-81.457205,35.753469],[-81.45709,35.753475],[-81.457106,35.753572],[-81.456079,35.753494],[-81.4559,35.755719]]]}},{"type":"Feature","id":"37023:2754951996","properties":{"id":"37023:2754951996","parcelId":"2754951996","countyFips":"37023","countyName":"Burke","state":"North Carolina","marketIds":["Asheville"],"situsAddress":"1129 SUNSET POINT DR","situsCity":"CONNELLY SPRINGS","situsZip":"28612","jurisdictionCode":null,"ownerName":"BRIGGS, ALLEN M;BRIGGS, DANIELLE M","ownerName2":null,"propertyName":null,"zoningCode":null,"zoningDistrict":null,"jurisdictionPrefix":null,"dorCode":"SINGLE FAMILY RES","acreage":8.9,"centroid":[-81.497863,35.774068],"lastSale":{"date":"2020-10-09","price":null,"qualified":null},"tax":{"marketValue":583331.0,"assessedValue":null,"taxableValue":null,"taxes":null},"mailingAddress":{"line1":"1129 SUNSET POINT DR","line2":null,"city":"CONNELLY SPRINGS","state":"NC","zip":"28612"},"incomeTract":null,"incomeBlockGroup":null,"nearestRoad":null,"flu":null,"opportunityZone":null,"oz2Eligibility":null,"source":"nc-burke-parcels-37023","appraiserUrl":"http://taxweb.burkenc.org/CamaPWA/PropertySummary.aspx?REID=58567","gisViewerUrl":"https://gis.burkenc.org/"},"geometry":{"type":"Polygon","coordinates":[[[-81.495846,35.77475],[-81.496363,35.775218],[-81.497001,35.774873],[-81.498604,35.774281],[-81.499444,35.774245],[-81.498838,35.773447],[-81.498537,35.773007],[-81.498272,35.772721],[-81.495846,35.77475]]]}},{"type":"Feature","id":"37023:2763083408","properties":{"id":"37023:2763083408","parcelId":"2763083408","countyFips":"37023","countyName":"Burke","state":"North Carolina","marketIds":["Asheville"],"situsAddress":"0 GARMON ST","situsCity":"CONNELLY SPRINGS","situsZip":"28612","jurisdictionCode":null,"ownerName":"HELTON, JASON PAUL","ownerName2":null,"propertyName":null,"zoningCode":null,"zoningDistrict":null,"jurisdictionPrefix":null,"dorCode":"VACANT","acreage":6.31,"centroid":[-81.493507,35.753645],"lastSale":{"date":"2018-07-19","price":null,"qualified":null},"tax":{"marketValue":38654.0,"assessedValue":null,"taxableValue":null,"taxes":null},"mailingAddress":{"line1":"1450 CAPE HICKORY RD","line2":null,"city":"HICKORY","state":"NC","zip":"28601"},"incomeTract":null,"incomeBlockGroup":null,"nearestRoad":null,"flu":null,"opportunityZone":null,"oz2Eligibility":null,"source":"nc-burke-parcels-37023","appraiserUrl":"http://taxweb.burkenc.org/CamaPWA/PropertySummary.aspx?REID=58580","gisViewerUrl":"https://gis.burkenc.org/"},"geometry":{"type":"Polygon","coordinates":[[[-81.492766,35.75396],[-81.493742,35.754343],[-81.494127,35.754304],[-81.494114,35.754095],[-81.494047,35.754094],[-81.494029,35.753644],[-81.494101,35.753639],[-81.494078,35.75271],[-81.492897,35.752726],[-81.492331,35.75279],[-81.492346,35.753795],[-81.492766,35.75396]]]}},{"type":"Feature","id":"37023:2783788894","properties":{"id":"37023:2783788894","parcelId":"2783788894","countyFips":"37023","countyName":"Burke","state":"North Carolina","marketIds":["Asheville"],"situsAddress":"964 AIRPORT RHODHISS RD","situsCity":"HICKORY","situsZip":"28601","jurisdictionCode":null,"ownerName":"THE CITY OF HICKORY","ownerName2":null,"propertyName":null,"zoningCode":null,"zoningDistrict":null,"jurisdictionPrefix":null,"dorCode":"SINGLE FAMILY RES","acreage":13.37,"centroid":[-81.400458,35.756183],"lastSale":{"date":"2023-12-01","price":1127500.0,"qualified":null},"tax":{"marketValue":null,"assessedValue":null,"taxableValue":null,"taxes":null},"mailingAddress":{"line1":"PO BOX 398","line2":null,"city":"HICKORY","state":"NC","zip":"28603"},"incomeTract":null,"incomeBlockGroup":null,"nearestRoad":null,"flu":null,"opportunityZone":null,"oz2Eligibility":null,"source":"nc-burke-parcels-37023","appraiserUrl":"http://taxweb.burkenc.org/CamaPWA/PropertySummary.aspx?REID=58716","gisViewerUrl":"https://gis.burkenc.org/"},"geometry":{"type":"Polygon","coordinates":[[[-81.398601,35.756835],[-81.401131,35.757706],[-81.40113,35.757369],[-81.401046,35.756815],[-81.401302,35.756348],[-81.402101,35.755924],[-81.400787,35.755774],[-81.400393,35.75428],[-81.400091,35.754246],[-81.399698,35.756559],[-81.398757,35.756158],[-81.398601,35.756835]]]}},{"type":"Feature","id":"37023:2783980660","properties":{"id":"37023:2783980660","parcelId":"2783980660","countyFips":"37023","countyName":"Burke","state":"North Carolina","marketIds":["Asheville"],"situsAddress":"954 AIRPORT RHODHISS RD","situsCity":"HICKORY","situsZip":"28601","jurisdictionCode":null,"ownerName":"WINKLER, CATHY DARLENE","ownerName2":null,"propertyName":null,"zoningCode":null,"zoningDistrict":null,"jurisdictionPrefix":null,"dorCode":"SINGLE FAMILY RES","acreage":8.0,"centroid":[-81.396307,35.756296],"lastSale":{"date":"2005-05-19","price":null,"qualified":null},"tax":{"marketValue":175245.0,"assessedValue":null,"taxableValue":null,"taxes":null},"mailingAddress":{"line1":"P O BOX 460","line2":null,"city":"RHODHISS","state":"NC","zip":"28667"},"incomeTract":null,"incomeBlockGroup":null,"nearestRoad":null,"flu":null,"opportunityZone":null,"oz2Eligibility":null,"source":"nc-burke-parcels-37023","appraiserUrl":"http://taxweb.burkenc.org/CamaPWA/PropertySummary.aspx?REID=58717","gisViewerUrl":"https://gis.burkenc.org/"},"geometry":{"type":"Polygon","coordinates":[[[-81.395709,35.754801],[-81.395448,35.757038],[-81.395806,35.756861],[-81.396069,35.756764],[-81.396728,35.756591],[-81.397056,35.756546],[-81.397331,35.75547],[-81.395709,35.754801]]]}},{"type":"Feature","id":"37023:2764157001","properties":{"id":"37023:2764157001","parcelId":"2764157001","countyFips":"37023","countyName":"Burke","state":"North Carolina","marketIds":["Asheville"],"situsAddress":"1837 E PARADISE HARBOR DR","situsCity":"CONNELLY SPRINGS","situsZip":"28612","jurisdictionCode":null,"ownerName":"HENSLEY, DOUGLAS W","ownerName2":null,"propertyName":null,"zoningCode":null,"zoningDistrict":null,"jurisdictionPrefix":null,"dorCode":"SINGLE FAMILY RES","acreage":8.8,"centroid":[-81.488962,35.771728],"lastSale":{"date":"2022-06-01","price":null,"qualified":null},"tax":{"marketValue":800282.0,"assessedValue":null,"taxableValue":null,"taxes":null},"mailingAddress":{"line1":"1837 E PARADISE HARBOR DRIVE","line2":null,"city":"CONNELLY SPRINGS","state":"NC","zip":"28612"},"incomeTract":null,"incomeBlockGroup":null,"nearestRoad":null,"flu":null,"opportunityZone":null,"oz2Eligibility":null,"source":"nc-burke-parcels-37023","appraiserUrl":"http://taxweb.burkenc.org/CamaPWA/PropertySummary.aspx?REID=58834","gisViewerUrl":"https://gis.burkenc.org/"},"geometry":{"type":"Polygon","coordinates":[[[-81.488123,35.772951],[-81.488314,35.77296],[-81.488515,35.772854],[-81.488702,35.772784],[-81.488942,35.772592],[-81.489204,35.772222],[-81.489465,35.771991],[-81.489574,35.771965],[-81.489802,35.771871],[-81.490247,35.771843],[-81.490372,35.771864],[-81.490522,35.771717],[-81.490612,35.771456],[-81.49044,35.771338],[-81.490144,35.770882],[-81.490065,35.770681],[-81.489803,35.77071],[-81.489533,35.770787],[-81.489189,35.770936],[-81.48865,35.771089],[-81.488263,35.770875],[-81.488246,35.770972],[-81.488256,35.771099],[-81.488221,35.771253],[-81.488126,35.77139],[-81.488059,35.771447],[-81.487894,35.771532],[-81.4878,35.771557],[-81.487716,35.771892],[-81.487943,35.772367],[-81.487967,35.772613],[-81.488079,35.772817],[-81.488123,35.772951]]]}},{"type":"Feature","id":"37023:2764254368","properties":{"id":"37023:2764254368","parcelId":"2764254368","countyFips":"37023","countyName":"Burke","state":"North Carolina","marketIds":["Asheville"],"situsAddress":"2087 E PARADISE HARBOR DR","situsCity":"CONNELLY SPRINGS","situsZip":"28612","jurisdictionCode":null,"ownerName":"MORGAN, JOSHUA T;MORGAN, SARA R","ownerName2":null,"propertyName":null,"zoningCode":null,"zoningDistrict":null,"jurisdictionPrefix":null,"dorCode":"VACANT","acreage":13.63,"centroid":[-81.486607,35.77265],"lastSale":{"date":"2019-11-19","price":null,"qualified":null},"tax":{"marketValue":118995.0,"assessedValue":null,"taxableValue":null,"taxes":null},"mailingAddress":{"line1":"295 HIGHGROVE DR","line2":null,"city":"SPRING LAKE","state":"NC","zip":"28390"},"incomeTract":null,"incomeBlockGroup":null,"nearestRoad":null,"flu":null,"opportunityZone":null,"oz2Eligibility":null,"source":"nc-burke-parcels-37023","appraiserUrl":"http://taxweb.burkenc.org/CamaPWA/PropertySummary.aspx?REID=58872","gisViewerUrl":"https://gis.burkenc.org/"},"geometry":{"type":"Polygon","coordinates":[[[-81.486661,35.773947],[-81.486908,35.77393],[-81.487127,35.774015],[-81.4874,35.774053],[-81.487428,35.774018],[-81.487523,35.773999],[-81.487608,35.773929],[-81.48769,35.77381],[-81.487776,35.773649],[-81.487807,35.773552],[-81.48782,35.773409],[-81.488123,35.772951],[-81.488079,35.772817],[-81.487967,35.772613],[-81.487943,35.772367],[-81.487716,35.771892],[-81.4878,35.771557],[-81.486681,35.771768],[-81.486492,35.771829],[-81.486301,35.771853],[-81.486205,35.771845],[-81.486023,35.771793],[-81.485872,35.771695],[-81.485717,35.771548],[-81.485592,35.771493],[-81.485381,35.771482],[-81.485189,35.771555],[-81.485066,35.771695],[-81.485037,35.771808],[-81.485103,35.772288],[-81.485073,35.772424],[-81.484941,35.772604],[-81.484805,35.772691],[-81.485768,35.773214],[-81.486661,35.773947]]]}},{"type":"Feature","id":"37023:2774142154","properties":{"id":"37023:2774142154","parcelId":"2774142154","countyFips":"37023","countyName":"Burke","state":"North Carolina","marketIds":["Asheville"],"situsAddress":"8211 DECKER RD","situsCity":"CONNELLY SPRINGS","situsZip":"28612","jurisdictionCode":null,"ownerName":"DEAN, JAMES MICHAEL;DEAN, KEISHA QUEEN","ownerName2":null,"propertyName":null,"zoningCode":null,"zoningDistrict":null,"jurisdictionPrefix":null,"dorCode":"FARM DEFERRED","acreage":144.0,"centroid":[-81.45836,35.770325],"lastSale":{"date":"2020-08-07","price":null,"qualified":null},"tax":{"marketValue":530312.0,"assessedValue":null,"taxableValue":null,"taxes":null},"mailingAddress":{"line1":"61 STILL CREEK LANE","line2":null,"city":"NEWLAND","state":"NC","zip":"28657"},"incomeTract":null,"incomeBlockGroup":null,"nearestRoad":null,"flu":null,"opportunityZone":null,"oz2Eligibility":null,"source":"nc-burke-parcels-37023","appraiserUrl":"http://taxweb.burkenc.org/CamaPWA/PropertySummary.aspx?REID=64307","gisViewerUrl":"https://gis.burkenc.org/"},"geometry":{"type":"Polygon","coordinates":[[[-81.456796,35.776451],[-81.456887,35.776508],[-81.457157,35.776474],[-81.457335,35.776271],[-81.457477,35.775906],[-81.457696,35.775562],[-81.457972,35.775205],[-81.457838,35.774994],[-81.457763,35.774664],[-81.457788,35.774584],[-81.457946,35.77439],[-81.45782,35.774139],[-81.457655,35.773992],[-81.457872,35.773857],[-81.457851,35.773539],[-81.457783,35.773153],[-81.457864,35.772848],[-81.457978,35.77275],[-81.457945,35.772509],[-81.458358,35.77234],[-81.458609,35.77229],[-81.459007,35.771998],[-81.459136,35.771973],[-81.45921,35.771978],[-81.459428,35.77187],[-81.459467,35.771709],[-81.459568,35.771663],[-81.459481,35.771343],[-81.459378,35.771302],[-81.459343,35.771132],[-81.459289,35.771074],[-81.459306,35.770947],[-81.459146,35.770684],[-81.459185,35.770557],[-81.458958,35.770532],[-81.458972,35.77051],[-81.458968,35.770009],[-81.458905,35.769874],[-81.459015,35.769734],[-81.458849,35.769674],[-81.458848,35.769532],[-81.458943,35.769495],[-81.45895,35.769438],[-81.458813,35.76933],[-81.458916,35.769202],[-81.458697,35.769041],[-81.458694,35.768822],[-81.458809,35.768724],[-81.458858,35.768471],[-81.459005,35.768241],[-81.459073,35.768219],[-81.459167,35.768084],[-81.459287,35.768065],[-81.459248,35.76791],[-81.459569,35.767868],[-81.459724,35.767591],[-81.459891,35.767452],[-81.4599,35.767318],[-81.459975,35.767184],[-81.460272,35.767044],[-81.460753,35.766942],[-81.460884,35.766934],[-81.460974,35.766875],[-81.461024,35.766776],[-81.461103,35.766741],[-81.461136,35.766776],[-81.461271,35.766821],[-81.461366,35.766786],[-81.461375,35.766645],[-81.461479,35.766583],[-81.461581,35.766755],[-81.461633,35.766731],[-81.461745,35.766528],[-81.461713,35.76638],[-81.461918,35.766225],[-81.461798,35.765837],[-81.461673,35.765738],[-81.461711,35.765616],[-81.461701,35.765479],[-81.461617,35.765286],[-81.461516,35.765158],[-81.46151,35.764959],[-81.461574,35.764855],[-81.461504,35.764502],[-81.461451,35.764447],[-81.461463,35.764326],[-81.461506,35.764248],[-81.461489,35.764152],[-81.46158,35.763965],[-81.461402,35.763755],[-81.461184,35.763442],[-81.461057,35.763334],[-81.460758,35.763207],[-81.459899,35.76297],[-81.459794,35.764905],[-81.45578,35.763957],[-81.455538,35.766248],[-81.455305,35.77055],[-81.450684,35.774298],[-81.451101,35.775394],[-81.451766,35.775092],[-81.451892,35.774939],[-81.452085,35.774565],[-81.452116,35.774461],[-81.452413,35.77507],[-81.452598,35.775197],[-81.453009,35.775072],[-81.453177,35.77498],[-81.453578,35.774837],[-81.453952,35.774679],[-81.454048,35.774606],[-81.454123,35.774518],[-81.454429,35.774439],[-81.454653,35.774446],[-81.454803,35.774543],[-81.455014,35.774732],[-81.455216,35.774829],[-81.455465,35.775187],[-81.455605,35.775355],[-81.455736,35.775574],[-81.455995,35.775771],[-81.456146,35.775998],[-81.456296,35.776113],[-81.456279,35.776125],[-81.456796,35.776451]]]}},{"type":"Feature","id":"37023:2764765919","properties":{"id":"37023:2764765919","parcelId":"2764765919","countyFips":"37023","countyName":"Burke","state":"North Carolina","marketIds":["Asheville"],"situsAddress":"2962 E PARADISE HARBOR DR","situsCity":"CONNELLY SPRINGS","situsZip":"28612","jurisdictionCode":null,"ownerName":"MILLER, ROBIN GILBERT;MILLER, ROBIN METCALF","ownerName2":null,"propertyName":null,"zoningCode":null,"zoningDistrict":null,"jurisdictionPrefix":null,"dorCode":"SINGLE FAMILY RES","acreage":6.0,"centroid":[-81.469411,35.777221],"lastSale":{"date":"2023-11-14","price":null,"qualified":null},"tax":{"marketValue":712073.0,"assessedValue":null,"taxableValue":null,"taxes":null},"mailingAddress":{"line1":"2962 E PARADISE HARBOR DR","line2":null,"city":"CONNELLY SPRINGS","state":"NC","zip":"28612"},"incomeTract":null,"incomeBlockGroup":null,"nearestRoad":null,"flu":null,"opportunityZone":null,"oz2Eligibility":null,"source":"nc-burke-parcels-37023","appraiserUrl":"http://taxweb.burkenc.org/CamaPWA/PropertySummary.aspx?REID=65953","gisViewerUrl":"https://gis.burkenc.org/"},"geometry":{"type":"Polygon","coordinates":[[[-81.468577,35.777352],[-81.469632,35.77852],[-81.469858,35.778364],[-81.470064,35.778191],[-81.470923,35.777231],[-81.469508,35.776408],[-81.469487,35.776418],[-81.469561,35.776515],[-81.469488,35.776641],[-81.469224,35.776963],[-81.469067,35.776951],[-81.468942,35.777076],[-81.468766,35.777211],[-81.468655,35.777256],[-81.468577,35.777352]]]}},{"type":"Feature","id":"37023:2783763807","properties":{"id":"37023:2783763807","parcelId":"2783763807","countyFips":"37023","countyName":"Burke","state":"North Carolina","marketIds":["Asheville"],"situsAddress":"951 AIRPORT RHODHISS RD","situsCity":"HICKORY","situsZip":"28601","jurisdictionCode":null,"ownerName":"BOLICK, DONNA M;BOLICK, LONNIE RAY","ownerName2":null,"propertyName":null,"zoningCode":null,"zoningDistrict":null,"jurisdictionPrefix":null,"dorCode":"SINGLE FAMILY RES","acreage":5.62,"centroid":[-81.401746,35.751254],"lastSale":{"date":"2014-08-27","price":null,"qualified":null},"tax":{"marketValue":304402.0,"assessedValue":null,"taxableValue":null,"taxes":null},"mailingAddress":{"line1":"951 AIRPORT RHODHISS RD","line2":null,"city":"HICKORY","state":"NC","zip":"28601"},"incomeTract":null,"incomeBlockGroup":null,"nearestRoad":null,"flu":null,"opportunityZone":null,"oz2Eligibility":null,"source":"nc-burke-parcels-37023","appraiserUrl":"http://taxweb.burkenc.org/CamaPWA/PropertySummary.aspx?REID=37491","gisViewerUrl":"https://gis.burkenc.org/"},"geometry":{"type":"Polygon","coordinates":[[[-81.401312,35.751583],[-81.401319,35.751852],[-81.401312,35.751954],[-81.402461,35.751908],[-81.402751,35.751835],[-81.402376,35.750194],[-81.401167,35.750135],[-81.40127,35.750568],[-81.401312,35.751583]]]}},{"type":"Feature","id":"37023:2783188113","properties":{"id":"37023:2783188113","parcelId":"2783188113","countyFips":"37023","countyName":"Burke","state":"North Carolina","marketIds":["Asheville"],"situsAddress":"9041 BOWMAN LOWMAN AVE","situsCity":"HICKORY","situsZip":"28601","jurisdictionCode":null,"ownerName":"WILSON, ROGER ELLIOTT","ownerName2":null,"propertyName":null,"zoningCode":null,"zoningDistrict":null,"jurisdictionPrefix":null,"dorCode":"SINGLE FAMILY RES","acreage":8.55,"centroid":[-81.420826,35.754272],"lastSale":{"date":"1986-10-24","price":null,"qualified":null},"tax":{"marketValue":203054.0,"assessedValue":null,"taxableValue":null,"taxes":null},"mailingAddress":{"line1":"9041 BOWMAN LOWMAN AVENUE","line2":null,"city":"HICKORY","state":"NC","zip":"28601"},"incomeTract":null,"incomeBlockGroup":null,"nearestRoad":null,"flu":null,"opportunityZone":null,"oz2Eligibility":null,"source":"nc-burke-parcels-37023","appraiserUrl":"http://taxweb.burkenc.org/CamaPWA/PropertySummary.aspx?REID=42249","gisViewerUrl":"https://gis.burkenc.org/"},"geometry":{"type":"Polygon","coordinates":[[[-81.420048,35.755167],[-81.42005,35.755167],[-81.42099,35.755936],[-81.421387,35.753965],[-81.421404,35.753962],[-81.421582,35.752813],[-81.420324,35.752894],[-81.420048,35.755167]]]}},{"type":"Feature","id":"37023:2773599343","properties":{"id":"37023:2773599343","parcelId":"2773599343","countyFips":"37023","countyName":"Burke","state":"North Carolina","marketIds":["Asheville"],"situsAddress":"1471 CAPE HICKORY RD","situsCity":"HICKORY","situsZip":"28601","jurisdictionCode":null,"ownerName":"FOX, MESCHELLE;FOX, LINUS PAUL;THE MESCHELLE AND LINUS FOX LIVING TRUST","ownerName2":null,"propertyName":null,"zoningCode":null,"zoningDistrict":null,"jurisdictionPrefix":null,"dorCode":"SINGLE FAMILY RES","acreage":10.22,"centroid":[-81.440782,35.756599],"lastSale":{"date":"2023-02-16","price":575000.0,"qualified":null},"tax":{"marketValue":412669.0,"assessedValue":null,"taxableValue":null,"taxes":null},"mailingAddress":{"line1":"1471 CAPE HICKORY RD","line2":null,"city":"HICKORY","state":"NC","zip":"28601"},"incomeTract":null,"incomeBlockGroup":null,"nearestRoad":null,"flu":null,"opportunityZone":null,"oz2Eligibility":null,"source":"nc-burke-parcels-37023","appraiserUrl":"http://taxweb.burkenc.org/CamaPWA/PropertySummary.aspx?REID=42252","gisViewerUrl":"https://gis.burkenc.org/"},"geometry":{"type":"Polygon","coordinates":[[[-81.439309,35.75679],[-81.439304,35.756844],[-81.439276,35.757666],[-81.439688,35.757664],[-81.441995,35.757268],[-81.442364,35.756468],[-81.442457,35.75588],[-81.44245,35.755703],[-81.441502,35.756109],[-81.440884,35.756092],[-81.439376,35.7561],[-81.439309,35.75679]]]}},{"type":"Feature","id":"37023:2763685854","properties":{"id":"37023:2763685854","parcelId":"2763685854","countyFips":"37023","countyName":"Burke","state":"North Carolina","marketIds":["Asheville"],"situsAddress":"7875 RHODHISS RD","situsCity":"CONNELLY SPRINGS","situsZip":"28612","jurisdictionCode":null,"ownerName":"PRALI FARMS L.L.C.","ownerName2":null,"propertyName":null,"zoningCode":null,"zoningDistrict":null,"jurisdictionPrefix":null,"dorCode":"SINGLE FAMILY RES","acreage":8.14,"centroid":[-81.472341,35.754779],"lastSale":{"date":"2024-03-26","price":null,"qualified":null},"tax":{"marketValue":90539.0,"assessedValue":null,"taxableValue":null,"taxes":null},"mailingAddress":{"line1":"310 BOUCHARD AVE NE","line2":null,"city":"VALDESE","state":"NC","zip":"28690"},"incomeTract":null,"incomeBlockGroup":null,"nearestRoad":null,"flu":null,"opportunityZone":null,"oz2Eligibility":null,"source":"nc-burke-parcels-37023","appraiserUrl":"http://taxweb.burkenc.org/CamaPWA/PropertySummary.aspx?REID=66181","gisViewerUrl":"https://gis.burkenc.org/"},"geometry":{"type":"Polygon","coordinates":[[[-81.471554,35.75594],[-81.471554,35.75594],[-81.473087,35.755982],[-81.473105,35.755084],[-81.47243,35.755041],[-81.472437,35.754629],[-81.473112,35.754671],[-81.473129,35.753702],[-81.471578,35.753576],[-81.471554,35.75594]]]}},{"type":"Feature","id":"37023:2763192657","properties":{"id":"37023:2763192657","parcelId":"2763192657","countyFips":"37023","countyName":"Burke","state":"North Carolina","marketIds":["Asheville"],"situsAddress":"7161 OAK RIDGE CHURCH RD","situsCity":"CONNELLY SPRINGS","situsZip":"28612","jurisdictionCode":null,"ownerName":"SUTTON, ALDEN KEITH;SUTTON, ANGELA T","ownerName2":null,"propertyName":null,"zoningCode":null,"zoningDistrict":null,"jurisdictionPrefix":null,"dorCode":"SINGLE FAMILY RES","acreage":6.16,"centroid":[-81.490043,35.756341],"lastSale":{"date":"2006-06-13","price":60000.0,"qualified":null},"tax":{"marketValue":366699.0,"assessedValue":null,"taxableValue":null,"taxes":null},"mailingAddress":{"line1":"PO BOX 23","line2":null,"city":"CONNELLY SPRINGS","state":"NC","zip":"28612"},"incomeTract":null,"incomeBlockGroup":null,"nearestRoad":null,"flu":null,"opportunityZone":null,"oz2Eligibility":null,"source":"nc-burke-parcels-37023","appraiserUrl":"http://taxweb.burkenc.org/CamaPWA/PropertySummary.aspx?REID=53161","gisViewerUrl":"https://gis.burkenc.org/"},"geometry":{"type":"Polygon","coordinates":[[[-81.489353,35.756083],[-81.489326,35.75641],[-81.489688,35.756723],[-81.489724,35.756923],[-81.489513,35.757455],[-81.490531,35.757531],[-81.490814,35.757192],[-81.491552,35.756231],[-81.490833,35.756089],[-81.490741,35.756044],[-81.490402,35.755758],[-81.489941,35.755976],[-81.489532,35.756059],[-81.489435,35.755332],[-81.489254,35.75531],[-81.489353,35.756083]]]}},{"type":"Feature","id":"37023:2763799021","properties":{"id":"37023:2763799021","parcelId":"2763799021","countyFips":"37023","countyName":"Burke","state":"North Carolina","marketIds":["Asheville"],"situsAddress":"8069 RHODHISS RD","situsCity":"CONNELLY SPRINGS","situsZip":"28612","jurisdictionCode":null,"ownerName":"LONG, SYLVIA F;LONG, MICHAEL J","ownerName2":null,"propertyName":null,"zoningCode":null,"zoningDistrict":null,"jurisdictionPrefix":null,"dorCode":"SINGLE FAMILY RES","acreage":6.93,"centroid":[-81.46754,35.755529],"lastSale":{"date":"1999-04-05","price":null,"qualified":null},"tax":{"marketValue":373822.0,"assessedValue":null,"taxableValue":null,"taxes":null},"mailingAddress":{"line1":"8069 RHODHISS RD","line2":null,"city":"CONNELLY SPRINGS","state":"NC","zip":"28612"},"incomeTract":null,"incomeBlockGroup":null,"nearestRoad":null,"flu":null,"opportunityZone":null,"oz2Eligibility":null,"source":"nc-burke-parcels-37023","appraiserUrl":"http://taxweb.burkenc.org/CamaPWA/PropertySummary.aspx?REID=53191","gisViewerUrl":"https://gis.burkenc.org/"},"geometry":{"type":"Polygon","coordinates":[[[-81.467443,35.75703],[-81.46842,35.757064],[-81.467555,35.753908],[-81.466742,35.754114],[-81.467443,35.75703]]]}},{"type":"Feature","id":"37023:2783887097","properties":{"id":"37023:2783887097","parcelId":"2783887097","countyFips":"37023","countyName":"Burke","state":"North Carolina","marketIds":["Asheville"],"situsAddress":"956 AIRPORT RHODHISS RD","situsCity":"HICKORY","situsZip":"28601","jurisdictionCode":null,"ownerName":"MORGAN, STACY WINKLER","ownerName2":null,"propertyName":null,"zoningCode":null,"zoningDistrict":null,"jurisdictionPrefix":null,"dorCode":"VACANT","acreage":13.72,"centroid":[-81.397978,35.754426],"lastSale":{"date":"2005-05-19","price":null,"qualified":null},"tax":{"marketValue":76599.0,"assessedValue":null,"taxableValue":null,"taxes":null},"mailingAddress":{"line1":"956 AIRPORT RHODHISS RD","line2":null,"city":"HICKORY","state":"NC","zip":"28601"},"incomeTract":null,"incomeBlockGroup":null,"nearestRoad":null,"flu":null,"opportunityZone":null,"oz2Eligibility":null,"source":"nc-burke-parcels-37023","appraiserUrl":"http://taxweb.burkenc.org/CamaPWA/PropertySummary.aspx?REID=57880","gisViewerUrl":"https://gis.burkenc.org/"},"geometry":{"type":"Polygon","coordinates":[[[-81.398228,35.755845],[-81.39823,35.755846],[-81.398536,35.754489],[-81.399161,35.753842],[-81.39908,35.75371],[-81.399007,35.753523],[-81.395877,35.753355],[-81.395709,35.754801],[-81.398228,35.755845]]]}},{"type":"Feature","id":"37023:2764520785","properties":{"id":"37023:2764520785","parcelId":"2764520785","countyFips":"37023","countyName":"Burke","state":"North Carolina","marketIds":["Asheville"],"situsAddress":"0 SHUFORD FARM RD","situsCity":"CONNELLY SPRINGS","situsZip":"28612","jurisdictionCode":null,"ownerName":"HALL, LATRELL","ownerName2":null,"propertyName":null,"zoningCode":null,"zoningDistrict":null,"jurisdictionPrefix":null,"dorCode":"VACANT","acreage":5.93,"centroid":[-81.477503,35.765253],"lastSale":{"date":"2007-12-18","price":null,"qualified":null},"tax":{"marketValue":37918.0,"assessedValue":null,"taxableValue":null,"taxes":null},"mailingAddress":{"line1":"1869 WORTMAN ST","line2":null,"city":"CONNELLY SPRINGS","state":"NC","zip":"28612"},"incomeTract":null,"incomeBlockGroup":null,"nearestRoad":null,"flu":null,"opportunityZone":null,"oz2Eligibility":null,"source":"nc-burke-parcels-37023","appraiserUrl":"http://taxweb.burkenc.org/CamaPWA/PropertySummary.aspx?REID=58040","gisViewerUrl":"https://gis.burkenc.org/"},"geometry":{"type":"Polygon","coordinates":[[[-81.476449,35.766163],[-81.478132,35.766443],[-81.47851,35.765424],[-81.477943,35.76496],[-81.477834,35.764891],[-81.477222,35.764783],[-81.477025,35.764711],[-81.476913,35.764648],[-81.476449,35.766163]]]}},{"type":"Feature","id":"37023:2764530237","properties":{"id":"37023:2764530237","parcelId":"2764530237","countyFips":"37023","countyName":"Burke","state":"North Carolina","marketIds":["Asheville"],"situsAddress":"1879 WORTMAN ST","situsCity":"CONNELLY SPRINGS","situsZip":"28612","jurisdictionCode":null,"ownerName":"HALL, LATRELL LEE","ownerName2":null,"propertyName":null,"zoningCode":null,"zoningDistrict":null,"jurisdictionPrefix":null,"dorCode":"VACANT","acreage":8.27,"centroid":[-81.477688,35.766938],"lastSale":{"date":"2004-08-10","price":null,"qualified":null},"tax":{"marketValue":54664.0,"assessedValue":null,"taxableValue":null,"taxes":null},"mailingAddress":{"line1":"1869 WORTMAN ST","line2":null,"city":"CONNELLY SPRINGS","state":"NC","zip":"28612"},"incomeTract":null,"incomeBlockGroup":null,"nearestRoad":null,"flu":null,"opportunityZone":null,"oz2Eligibility":null,"source":"nc-burke-parcels-37023","appraiserUrl":"http://taxweb.burkenc.org/CamaPWA/PropertySummary.aspx?REID=58041","gisViewerUrl":"https://gis.burkenc.org/"},"geometry":{"type":"Polygon","coordinates":[[[-81.476203,35.767544],[-81.47949,35.767566],[-81.479271,35.76684],[-81.478058,35.766642],[-81.478132,35.766443],[-81.476449,35.766163],[-81.476216,35.76737],[-81.476203,35.767544]]]}},{"type":"Feature","id":"37023:2764439751","properties":{"id":"37023:2764439751","parcelId":"2764439751","countyFips":"37023","countyName":"Burke","state":"North Carolina","marketIds":["Asheville"],"situsAddress":"1720 SHUFORD FARM RD","situsCity":"CONNELLY SPRINGS","situsZip":"28612","jurisdictionCode":null,"ownerName":"DAIGLER, BRIAN","ownerName2":null,"propertyName":null,"zoningCode":null,"zoningDistrict":null,"jurisdictionPrefix":null,"dorCode":"VACANT","acreage":10.23,"centroid":[-81.477958,35.768382],"lastSale":{"date":"2026-05-11","price":null,"qualified":null},"tax":{"marketValue":54224.0,"assessedValue":null,"taxableValue":null,"taxes":null},"mailingAddress":{"line1":"8288 RHODHISS RD","line2":null,"city":"CONNELLY SPRINGS","state":"NC","zip":"28612"},"incomeTract":null,"incomeBlockGroup":null,"nearestRoad":null,"flu":null,"opportunityZone":null,"oz2Eligibility":null,"source":"nc-burke-parcels-37023","appraiserUrl":"http://taxweb.burkenc.org/CamaPWA/PropertySummary.aspx?REID=58042","gisViewerUrl":"https://gis.burkenc.org/"},"geometry":{"type":"Polygon","coordinates":[[[-81.478588,35.769124],[-81.47962,35.769162],[-81.479975,35.769175],[-81.47949,35.767566],[-81.476203,35.767544],[-81.476242,35.767749],[-81.476461,35.768098],[-81.476482,35.768472],[-81.478557,35.768549],[-81.478588,35.769124]]]}},{"type":"Feature","id":"37023:2764054156","properties":{"id":"37023:2764054156","parcelId":"2764054156","countyFips":"37023","countyName":"Burke","state":"North Carolina","marketIds":["Asheville"],"situsAddress":"1600 W PARADISE HARBOR DR","situsCity":"CONNELLY SPRINGS","situsZip":"28612","jurisdictionCode":null,"ownerName":"HAN, CHAO;HAN, DONGPING;WU, JIE","ownerName2":null,"propertyName":null,"zoningCode":null,"zoningDistrict":null,"jurisdictionPrefix":null,"dorCode":"VACANT","acreage":12.21,"centroid":[-81.493657,35.772264],"lastSale":{"date":"2026-07-21","price":null,"qualified":null},"tax":{"marketValue":83550.0,"assessedValue":null,"taxableValue":null,"taxes":null},"mailingAddress":{"line1":"101 CABIN HILL","line2":null,"city":"SWANNANOA","state":"NC","zip":"28778"},"incomeTract":null,"incomeBlockGroup":null,"nearestRoad":null,"flu":null,"opportunityZone":null,"oz2Eligibility":null,"source":"nc-burke-parcels-37023","appraiserUrl":"http://taxweb.burkenc.org/CamaPWA/PropertySummary.aspx?REID=58124","gisViewerUrl":"https://gis.burkenc.org/"},"geometry":{"type":"Polygon","coordinates":[[[-81.494234,35.773629],[-81.494624,35.773624],[-81.494861,35.773589],[-81.494972,35.773549],[-81.495161,35.773428],[-81.495426,35.773201],[-81.492327,35.77005],[-81.491977,35.77037],[-81.49167,35.770584],[-81.491322,35.77062],[-81.494234,35.773629]]]}},{"type":"Feature","id":"37023:2754936720","properties":{"id":"37023:2754936720","parcelId":"2754936720","countyFips":"37023","countyName":"Burke","state":"North Carolina","marketIds":["Asheville"],"situsAddress":"1329 E PARADISE HARBOR DR","situsCity":"CONNELLY SPRINGS","situsZip":"28612","jurisdictionCode":null,"ownerName":"MARTIN, CATHERINE;KOLETAR, DAVID;CATHERINE MARTIN AND DAVID KOLETAR TRUST","ownerName2":null,"propertyName":null,"zoningCode":null,"zoningDistrict":null,"jurisdictionPrefix":null,"dorCode":"VACANT","acreage":9.32,"centroid":[-81.492893,35.768235],"lastSale":{"date":"2023-05-05","price":null,"qualified":null},"tax":{"marketValue":83075.0,"assessedValue":null,"taxableValue":null,"taxes":null},"mailingAddress":{"line1":"5226 WINDING WAY","line2":null,"city":"SARASOTA","state":"FL","zip":"34242"},"incomeTract":null,"incomeBlockGroup":null,"nearestRoad":null,"flu":null,"opportunityZone":null,"oz2Eligibility":null,"source":"nc-burke-parcels-37023","appraiserUrl":"http://taxweb.burkenc.org/CamaPWA/PropertySummary.aspx?REID=58136","gisViewerUrl":"https://gis.burkenc.org/"},"geometry":{"type":"Polygon","coordinates":[[[-81.491759,35.767501],[-81.492886,35.769698],[-81.493229,35.76953],[-81.493524,35.769296],[-81.494436,35.768814],[-81.49272,35.766771],[-81.49257,35.76693],[-81.492021,35.767337],[-81.491759,35.767501]]]}},{"type":"Feature","id":"37023:2764913940","properties":{"id":"37023:2764913940","parcelId":"2764913940","countyFips":"37023","countyName":"Burke","state":"North Carolina","marketIds":["Asheville"],"situsAddress":"8152 DECKER RD","situsCity":"CONNELLY SPRINGS","situsZip":"28612","jurisdictionCode":null,"ownerName":"KATWAL, CHANDRA B;KATWAL, DEO M","ownerName2":null,"propertyName":null,"zoningCode":null,"zoningDistrict":null,"jurisdictionPrefix":null,"dorCode":"SINGLE FAMILY RES","acreage":21.59,"centroid":[-81.463002,35.764254],"lastSale":{"date":"2018-03-22","price":86000.0,"qualified":null},"tax":{"marketValue":163630.0,"assessedValue":null,"taxableValue":null,"taxes":null},"mailingAddress":{"line1":"8152 DECKER RD","line2":null,"city":"CONNELLY SPRINGS","state":"NC","zip":"28612"},"incomeTract":null,"incomeBlockGroup":null,"nearestRoad":null,"flu":null,"opportunityZone":null,"oz2Eligibility":null,"source":"nc-burke-parcels-37023","appraiserUrl":"http://taxweb.burkenc.org/CamaPWA/PropertySummary.aspx?REID=17427","gisViewerUrl":"https://gis.burkenc.org/"},"geometry":{"type":"Polygon","coordinates":[[[-81.459909,35.762789],[-81.459932,35.762799],[-81.460833,35.763054],[-81.461177,35.763201],[-81.461349,35.763346],[-81.461574,35.763669],[-81.461731,35.763854],[-81.462007,35.764093],[-81.462307,35.76424],[-81.464285,35.765061],[-81.464561,35.76525],[-81.465073,35.765672],[-81.465318,35.765824],[-81.465488,35.765889],[-81.465661,35.765928],[-81.466061,35.765939],[-81.466351,35.765124],[-81.463488,35.762656],[-81.459928,35.762432],[-81.459909,35.762789]]]}},{"type":"Feature","id":"37023:2764824026","properties":{"id":"37023:2764824026","parcelId":"2764824026","countyFips":"37023","countyName":"Burke","state":"North Carolina","marketIds":["Asheville"],"situsAddress":"0 DECKER RD","situsCity":"CONNELLY SPRINGS","situsZip":"28612","jurisdictionCode":null,"ownerName":"WYCOFF, ROBERT LEE;WYCOFF, MACKENSIE ELIZABETH","ownerName2":null,"propertyName":null,"zoningCode":null,"zoningDistrict":null,"jurisdictionPrefix":null,"dorCode":"VACANT","acreage":17.67,"centroid":[-81.466915,35.764421],"lastSale":{"date":"2018-06-14","price":null,"qualified":null},"tax":{"marketValue":77300.0,"assessedValue":null,"taxableValue":null,"taxes":null},"mailingAddress":{"line1":"7726 DECKER RD","line2":null,"city":"CONNELLY SPRINGS","state":"NC","zip":"28612"},"incomeTract":null,"incomeBlockGroup":null,"nearestRoad":null,"flu":null,"opportunityZone":null,"oz2Eligibility":null,"source":"nc-burke-parcels-37023","appraiserUrl":"http://taxweb.burkenc.org/CamaPWA/PropertySummary.aspx?REID=63363","gisViewerUrl":"https://gis.burkenc.org/"},"geometry":{"type":"Polygon","coordinates":[[[-81.466061,35.765939],[-81.466068,35.765939],[-81.466655,35.765898],[-81.467292,35.765815],[-81.46747,35.7638],[-81.469115,35.764383],[-81.469297,35.764211],[-81.467489,35.763582],[-81.467551,35.762881],[-81.466141,35.762822],[-81.463488,35.762656],[-81.466351,35.765124],[-81.466061,35.765939]]]}},{"type":"Feature","id":"37023:2774347431","properties":{"id":"37023:2774347431","parcelId":"2774347431","countyFips":"37023","countyName":"Burke","state":"North Carolina","marketIds":["Asheville"],"situsAddress":"1622 WEAVER LN","situsCity":"CONNELLY SPRINGS","situsZip":"28612","jurisdictionCode":null,"ownerName":"MCSWAIN, STEPHEN JULIUS;STEPHEN J. MCSWAIN REVOCABLE TRUST;MCSWAIN, LINDA JANE;LINDA J. MCSWAIN LIVING TRUST","ownerName2":null,"propertyName":null,"zoningCode":null,"zoningDistrict":null,"jurisdictionPrefix":null,"dorCode":"SINGLE FAMILY RES","acreage":36.12,"centroid":[-81.449641,35.771156],"lastSale":{"date":"2025-01-21","price":null,"qualified":null},"tax":{"marketValue":985333.0,"assessedValue":null,"taxableValue":null,"taxes":null},"mailingAddress":{"line1":"1622 WEAVER LN","line2":null,"city":"CONNELLY SPRINGS","state":"NC","zip":"28612"},"incomeTract":null,"incomeBlockGroup":null,"nearestRoad":null,"flu":null,"opportunityZone":null,"oz2Eligibility":null,"source":"nc-burke-parcels-37023","appraiserUrl":"http://taxweb.burkenc.org/CamaPWA/PropertySummary.aspx?REID=63488","gisViewerUrl":"https://gis.burkenc.org/"},"geometry":{"type":"Polygon","coordinates":[[[-81.447679,35.772593],[-81.447729,35.772629],[-81.447811,35.772618],[-81.447909,35.77269],[-81.448001,35.772711],[-81.447989,35.772808],[-81.448107,35.772935],[-81.448283,35.773008],[-81.448563,35.773268],[-81.448788,35.773329],[-81.449048,35.773282],[-81.449178,35.773178],[-81.449342,35.772971],[-81.44964,35.772777],[-81.449875,35.772419],[-81.450009,35.772319],[-81.449943,35.772195],[-81.45001,35.772082],[-81.450147,35.77197],[-81.450265,35.771821],[-81.450272,35.771704],[-81.450411,35.77152],[-81.450355,35.771351],[-81.450297,35.771044],[-81.450499,35.770951],[-81.450526,35.77071],[-81.450659,35.770604],[-81.450764,35.770628],[-81.450798,35.770595],[-81.450767,35.770439],[-81.450822,35.77039],[-81.450818,35.770257],[-81.450916,35.770174],[-81.451024,35.769973],[-81.450994,35.76991],[-81.450915,35.769888],[-81.450981,35.769776],[-81.450947,35.769785],[-81.450876,35.769676],[-81.450893,35.769574],[-81.45081,35.769571],[-81.450761,35.769349],[-81.450716,35.769313],[-81.450755,35.76926],[-81.449457,35.768768],[-81.448179,35.76915],[-81.447058,35.769436],[-81.446371,35.769567],[-81.445465,35.769683],[-81.447679,35.772593]]]}},{"type":"Feature","id":"37023:2764448363","properties":{"id":"37023:2764448363","parcelId":"2764448363","countyFips":"37023","countyName":"Burke","state":"North Carolina","marketIds":["Asheville"],"situsAddress":"1680 WORTMAN ST","situsCity":"CONNELLY SPRINGS","situsZip":"28612","jurisdictionCode":null,"ownerName":"KNOX, STANLEY JAMES","ownerName2":null,"propertyName":null,"zoningCode":null,"zoningDistrict":null,"jurisdictionPrefix":null,"dorCode":"VACANT","acreage":19.65,"centroid":[-81.480598,35.770462],"lastSale":{"date":"2018-11-15","price":null,"qualified":null},"tax":{"marketValue":83758.0,"assessedValue":null,"taxableValue":null,"taxes":null},"mailingAddress":{"line1":"5342 MINERAL SPRINGS MTN AVE","line2":null,"city":"VALDESE","state":"NC","zip":"28690"},"incomeTract":null,"incomeBlockGroup":null,"nearestRoad":null,"flu":null,"opportunityZone":null,"oz2Eligibility":null,"source":"nc-burke-parcels-37023","appraiserUrl":"http://taxweb.burkenc.org/CamaPWA/PropertySummary.aspx?REID=63620","gisViewerUrl":"https://gis.burkenc.org/"},"geometry":{"type":"Polygon","coordinates":[[[-81.480936,35.770824],[-81.481382,35.770849],[-81.480291,35.769402],[-81.480063,35.769238],[-81.479342,35.766843],[-81.479608,35.766298],[-81.479555,35.766257],[-81.479271,35.76684],[-81.479975,35.769175],[-81.476319,35.769039],[-81.476063,35.770838],[-81.478685,35.770879],[-81.478689,35.770712],[-81.480936,35.770824]]]}},{"type":"Feature","id":"37023:2764641267","properties":{"id":"37023:2764641267","parcelId":"2764641267","countyFips":"37023","countyName":"Burke","state":"North Carolina","marketIds":["Asheville"],"situsAddress":"0 WORTMAN ST","situsCity":"CONNELLY SPRINGS","situsZip":"28612","jurisdictionCode":null,"ownerName":"KNOX, STANLEY JAMES","ownerName2":null,"propertyName":null,"zoningCode":null,"zoningDistrict":null,"jurisdictionPrefix":null,"dorCode":"VACANT","acreage":19.82,"centroid":[-81.473882,35.770025],"lastSale":{"date":"2018-11-15","price":null,"qualified":null},"tax":{"marketValue":78425.0,"assessedValue":null,"taxableValue":null,"taxes":null},"mailingAddress":{"line1":"5342 MINERAL SPRINGS MTN AVE","line2":null,"city":"VALDESE","state":"NC","zip":"28690"},"incomeTract":null,"incomeBlockGroup":null,"nearestRoad":null,"flu":null,"opportunityZone":null,"oz2Eligibility":null,"source":"nc-burke-parcels-37023","appraiserUrl":"http://taxweb.burkenc.org/CamaPWA/PropertySummary.aspx?REID=63621","gisViewerUrl":"https://gis.burkenc.org/"},"geometry":{"type":"Polygon","coordinates":[[[-81.471821,35.769848],[-81.471809,35.770466],[-81.475638,35.771035],[-81.476063,35.770838],[-81.476319,35.769039],[-81.471639,35.768923],[-81.471821,35.769848]]]}},{"type":"Feature","id":"37023:2764644969","properties":{"id":"37023:2764644969","parcelId":"2764644969","countyFips":"37023","countyName":"Burke","state":"North Carolina","marketIds":["Asheville"],"situsAddress":"0 SHUFORD FARM RD","situsCity":"CONNELLY SPRINGS","situsZip":"28612","jurisdictionCode":null,"ownerName":"HOYLE, HENRY C II;HOYLE, LISA KEITH","ownerName2":null,"propertyName":null,"zoningCode":null,"zoningDistrict":null,"jurisdictionPrefix":null,"dorCode":"VACANT","acreage":18.66,"centroid":[-81.472526,35.772056],"lastSale":{"date":"2018-11-15","price":null,"qualified":null},"tax":{"marketValue":77463.0,"assessedValue":null,"taxableValue":null,"taxes":null},"mailingAddress":{"line1":"1567 SHUFORD FARM RD","line2":null,"city":"CONNELLY SPRINGS","state":"NC","zip":"28612"},"incomeTract":null,"incomeBlockGroup":null,"nearestRoad":null,"flu":null,"opportunityZone":null,"oz2Eligibility":null,"source":"nc-burke-parcels-37023","appraiserUrl":"http://taxweb.burkenc.org/CamaPWA/PropertySummary.aspx?REID=63622","gisViewerUrl":"https://gis.burkenc.org/"},"geometry":{"type":"Polygon","coordinates":[[[-81.47155,35.773315],[-81.471608,35.773316],[-81.472162,35.773327],[-81.473817,35.773146],[-81.475005,35.771232],[-81.47576,35.77129],[-81.476063,35.770838],[-81.475638,35.771035],[-81.471809,35.770466],[-81.471693,35.771193],[-81.471735,35.77137],[-81.471711,35.771383],[-81.471728,35.771519],[-81.471582,35.771783],[-81.471556,35.771982],[-81.471559,35.772282],[-81.471592,35.772385],[-81.471591,35.772548],[-81.471623,35.772612],[-81.471618,35.772983],[-81.471646,35.773169],[-81.47155,35.773315]]]}},{"type":"Feature","id":"37023:2773985251","properties":{"id":"37023:2773985251","parcelId":"2773985251","countyFips":"37023","countyName":"Burke","state":"North Carolina","marketIds":["Asheville"],"situsAddress":"8943 BOWMAN LOWMAN AVE","situsCity":"HICKORY","situsZip":"28601","jurisdictionCode":null,"ownerName":"RAZOR, JUDY B","ownerName2":null,"propertyName":null,"zoningCode":null,"zoningDistrict":null,"jurisdictionPrefix":null,"dorCode":"SINGLE FAMILY RES","acreage":7.73,"centroid":[-81.428506,35.754996],"lastSale":{"date":"1996-04-08","price":null,"qualified":null},"tax":{"marketValue":54713.0,"assessedValue":null,"taxableValue":null,"taxes":null},"mailingAddress":{"line1":"4630 HILLTOP ST","line2":null,"city":"CATAWBA","state":"NC","zip":"28609"},"incomeTract":null,"incomeBlockGroup":null,"nearestRoad":null,"flu":null,"opportunityZone":null,"oz2Eligibility":null,"source":"nc-burke-parcels-37023","appraiserUrl":"http://taxweb.burkenc.org/CamaPWA/PropertySummary.aspx?REID=66519","gisViewerUrl":"https://gis.burkenc.org/"},"geometry":{"type":"Polygon","coordinates":[[[-81.428591,35.757758],[-81.429037,35.757768],[-81.42887,35.754668],[-81.428791,35.75469],[-81.428744,35.754279],[-81.428766,35.753729],[-81.428728,35.753156],[-81.427902,35.753155],[-81.427938,35.753562],[-81.428099,35.753556],[-81.428271,35.755877],[-81.428337,35.757749],[-81.428591,35.757758]]]}},{"type":"Feature","id":"37023:2764677079","properties":{"id":"37023:2764677079","parcelId":"2764677079","countyFips":"37023","countyName":"Burke","state":"North Carolina","marketIds":["Asheville"],"situsAddress":"2937 E PARADISE HARBOR DR","situsCity":"CONNELLY SPRINGS","situsZip":"28612","jurisdictionCode":null,"ownerName":"GAULT, ERNEST;GAULT, LYNDA LOU","ownerName2":null,"propertyName":null,"zoningCode":null,"zoningDistrict":null,"jurisdictionPrefix":null,"dorCode":"SINGLE FAMILY RES","acreage":5.31,"centroid":[-81.47287,35.778035],"lastSale":{"date":"2024-11-04","price":1700000.0,"qualified":null},"tax":{"marketValue":1317792.0,"assessedValue":null,"taxableValue":null,"taxes":null},"mailingAddress":{"line1":"2937 E PARADISE HARBOR DR","line2":null,"city":"CONNELLY SPRINGS","state":"NC","zip":"28612"},"incomeTract":null,"incomeBlockGroup":null,"nearestRoad":null,"flu":null,"opportunityZone":null,"oz2Eligibility":null,"source":"nc-burke-parcels-37023","appraiserUrl":"http://taxweb.burkenc.org/CamaPWA/PropertySummary.aspx?REID=66595","gisViewerUrl":"https://gis.burkenc.org/"},"geometry":{"type":"Polygon","coordinates":[[[-81.470993,35.777387],[-81.473327,35.778867],[-81.473446,35.778797],[-81.473533,35.778693],[-81.473545,35.778622],[-81.47353,35.778488],[-81.473483,35.778271],[-81.473192,35.777837],[-81.472755,35.777551],[-81.472212,35.777124],[-81.471557,35.776744],[-81.470993,35.777387]]]}},{"type":"Feature","id":"37023:2763489277","properties":{"id":"37023:2763489277","parcelId":"2763489277","countyFips":"37023","countyName":"Burke","state":"North Carolina","marketIds":["Asheville"],"situsAddress":"7490 OAK RIDGE CHURCH RD","situsCity":"CONNELLY SPRINGS","situsZip":"28612","jurisdictionCode":null,"ownerName":"WHITE, EDWIN DEAN;WHITE, KATHY ALLISON;EDWIN AND KATHY WHITE LIVING TRUST","ownerName2":null,"propertyName":null,"zoningCode":null,"zoningDistrict":null,"jurisdictionPrefix":null,"dorCode":"SINGLE FAMILY RES","acreage":6.28,"centroid":[-81.47743,35.753066],"lastSale":{"date":"2024-10-18","price":749000.0,"qualified":null},"tax":{"marketValue":595173.0,"assessedValue":null,"taxableValue":null,"taxes":null},"mailingAddress":{"line1":"7490 OAK RIDGE CHURCH RD","line2":null,"city":"CONNELLY SPRINGS","state":"NC","zip":"28612"},"incomeTract":null,"incomeBlockGroup":null,"nearestRoad":null,"flu":null,"opportunityZone":null,"oz2Eligibility":null,"source":"nc-burke-parcels-37023","appraiserUrl":"http://taxweb.burkenc.org/CamaPWA/PropertySummary.aspx?REID=66659","gisViewerUrl":"https://gis.burkenc.org/"},"geometry":{"type":"Polygon","coordinates":[[[-81.477487,35.75233],[-81.477293,35.752551],[-81.477031,35.752796],[-81.476735,35.753018],[-81.476368,35.753239],[-81.476623,35.75377],[-81.477972,35.753873],[-81.478391,35.753865],[-81.478907,35.752897],[-81.477496,35.75232],[-81.477487,35.75233]]]}},{"type":"Feature","id":"37023:2773381966","properties":{"id":"37023:2773381966","parcelId":"2773381966","countyFips":"37023","countyName":"Burke","state":"North Carolina","marketIds":["Asheville"],"situsAddress":"3141 IVY RIDGE AVE","situsCity":"CONNELLY SPRINGS","situsZip":"28612","jurisdictionCode":null,"ownerName":"WALLACE, MARY","ownerName2":null,"propertyName":null,"zoningCode":null,"zoningDistrict":null,"jurisdictionPrefix":null,"dorCode":"SINGLE FAMILY RES","acreage":5.71,"centroid":[-81.449293,35.755797],"lastSale":{"date":"2018-08-20","price":140000.0,"qualified":null},"tax":{"marketValue":176615.0,"assessedValue":null,"taxableValue":null,"taxes":null},"mailingAddress":{"line1":"3141 IVY RIDGE AVE","line2":null,"city":"CONNELLY SPRINGS","state":"NC","zip":"28612"},"incomeTract":null,"incomeBlockGroup":null,"nearestRoad":null,"flu":null,"opportunityZone":null,"oz2Eligibility":null,"source":"nc-burke-parcels-37023","appraiserUrl":"http://taxweb.burkenc.org/CamaPWA/PropertySummary.aspx?REID=40791","gisViewerUrl":"https://gis.burkenc.org/"},"geometry":{"type":"Polygon","coordinates":[[[-81.45053,35.756263],[-81.451408,35.756303],[-81.451448,35.755497],[-81.447862,35.755297],[-81.447918,35.755362],[-81.448068,35.755369],[-81.448498,35.755758],[-81.448693,35.755769],[-81.448704,35.755844],[-81.449079,35.756065],[-81.450017,35.75624],[-81.45053,35.756263]]]}},{"type":"Feature","id":"37023:2763296867","properties":{"id":"37023:2763296867","parcelId":"2763296867","countyFips":"37023","countyName":"Burke","state":"North Carolina","marketIds":["Asheville"],"situsAddress":"7182 KNOX AVE","situsCity":"CONNELLY SPRINGS","situsZip":"28612","jurisdictionCode":null,"ownerName":"BUMGARNER, D ROGER","ownerName2":null,"propertyName":null,"zoningCode":null,"zoningDistrict":null,"jurisdictionPrefix":null,"dorCode":"SINGLE FAMILY RES","acreage":9.45,"centroid":[-81.485593,35.757514],"lastSale":{"date":"1985-06-19","price":12000.0,"qualified":null},"tax":{"marketValue":58989.0,"assessedValue":null,"taxableValue":null,"taxes":null},"mailingAddress":{"line1":"7182 KNOX AVE","line2":null,"city":"CONNELLY SPRINGS","state":"NC","zip":"28612"},"incomeTract":null,"incomeBlockGroup":null,"nearestRoad":null,"flu":null,"opportunityZone":null,"oz2Eligibility":null,"source":"nc-burke-parcels-37023","appraiserUrl":"http://taxweb.burkenc.org/CamaPWA/PropertySummary.aspx?REID=41067","gisViewerUrl":"https://gis.burkenc.org/"},"geometry":{"type":"Polygon","coordinates":[[[-81.485997,35.756763],[-81.484441,35.757339],[-81.483417,35.757388],[-81.483447,35.758809],[-81.484901,35.75818],[-81.486785,35.75807],[-81.486736,35.757638],[-81.48654,35.757331],[-81.486495,35.757123],[-81.486388,35.757055],[-81.486373,35.756963],[-81.485997,35.756763]]]}},{"type":"Feature","id":"37023:2763189135","properties":{"id":"37023:2763189135","parcelId":"2763189135","countyFips":"37023","countyName":"Burke","state":"North Carolina","marketIds":["Asheville"],"situsAddress":"7218 OAK RIDGE CHURCH RD","situsCity":"CONNELLY SPRINGS","situsZip":"28612","jurisdictionCode":null,"ownerName":"CHILDERS, TERRY REX;CHILDERS, BRENDA C","ownerName2":null,"propertyName":null,"zoningCode":null,"zoningDistrict":null,"jurisdictionPrefix":null,"dorCode":"VACANT","acreage":6.24,"centroid":[-81.487873,35.753502],"lastSale":{"date":"1985-09-17","price":null,"qualified":null},"tax":{"marketValue":54408.0,"assessedValue":null,"taxableValue":null,"taxes":null},"mailingAddress":{"line1":"7230 OAK RIDGE CHURCH ROAD","line2":null,"city":"CONNELLY SPRINGS","state":"NC","zip":"28612"},"incomeTract":null,"incomeBlockGroup":null,"nearestRoad":null,"flu":null,"opportunityZone":null,"oz2Eligibility":null,"source":"nc-burke-parcels-37023","appraiserUrl":"http://taxweb.burkenc.org/CamaPWA/PropertySummary.aspx?REID=41257","gisViewerUrl":"https://gis.burkenc.org/"},"geometry":{"type":"Polygon","coordinates":[[[-81.487625,35.754614],[-81.487816,35.754681],[-81.487876,35.754703],[-81.487977,35.754435],[-81.488377,35.754511],[-81.488131,35.753575],[-81.488361,35.752493],[-81.488822,35.75193],[-81.487979,35.751554],[-81.486833,35.752993],[-81.486852,35.753279],[-81.487822,35.753252],[-81.487625,35.754614]]]}},{"type":"Feature","id":"37023:2774804219","properties":{"id":"37023:2774804219","parcelId":"2774804219","countyFips":"37023","countyName":"Burke","state":"North Carolina","marketIds":["Asheville"],"situsAddress":"1655 AIRPORT RHODHISS RD","situsCity":"HICKORY","situsZip":"28601","jurisdictionCode":null,"ownerName":"WATFORD, GARRY LEON JR;WATFORD, AMANDA SUE","ownerName2":null,"propertyName":null,"zoningCode":null,"zoningDistrict":null,"jurisdictionPrefix":null,"dorCode":"VACANT","acreage":5.0,"centroid":[-81.432642,35.759883],"lastSale":{"date":"2022-09-29","price":null,"qualified":null},"tax":{"marketValue":32500.0,"assessedValue":null,"taxableValue":null,"taxes":null},"mailingAddress":{"line1":"320 CATAWBA AVE, LOT 2","line2":null,"city":"HICKORY","state":"NC","zip":"28601"},"incomeTract":null,"incomeBlockGroup":null,"nearestRoad":null,"flu":null,"opportunityZone":null,"oz2Eligibility":null,"source":"nc-burke-parcels-37023","appraiserUrl":"http://taxweb.burkenc.org/CamaPWA/PropertySummary.aspx?REID=46468","gisViewerUrl":"https://gis.burkenc.org/"},"geometry":{"type":"Polygon","coordinates":[[[-81.432785,35.760354],[-81.433104,35.760381],[-81.433171,35.760386],[-81.433578,35.759659],[-81.432795,35.759255],[-81.431225,35.758873],[-81.431834,35.760275],[-81.432785,35.760354]]]}},{"type":"Feature","id":"37023:2774809931","properties":{"id":"37023:2774809931","parcelId":"2774809931","countyFips":"37023","countyName":"Burke","state":"North Carolina","marketIds":["Asheville"],"situsAddress":"0 AIRPORT RHODHISS RD","situsCity":"HICKORY","situsZip":"28601","jurisdictionCode":null,"ownerName":"WHISNANT, RICHARD L HEIRS","ownerName2":null,"propertyName":null,"zoningCode":null,"zoningDistrict":null,"jurisdictionPrefix":null,"dorCode":"VACANT","acreage":5.45,"centroid":[-81.430988,35.761489],"lastSale":{"date":"1991-09-27","price":null,"qualified":null},"tax":{"marketValue":33513.0,"assessedValue":null,"taxableValue":null,"taxes":null},"mailingAddress":{"line1":"423 DOGWOOD DR","line2":null,"city":"HICKORY","state":"NC","zip":"28601"},"incomeTract":null,"incomeBlockGroup":null,"nearestRoad":null,"flu":null,"opportunityZone":null,"oz2Eligibility":null,"source":"nc-burke-parcels-37023","appraiserUrl":"http://taxweb.burkenc.org/CamaPWA/PropertySummary.aspx?REID=46596","gisViewerUrl":"https://gis.burkenc.org/"},"geometry":{"type":"Polygon","coordinates":[[[-81.431036,35.762142],[-81.431715,35.762406],[-81.432141,35.761579],[-81.430994,35.7613],[-81.431144,35.760775],[-81.430305,35.760644],[-81.42958,35.761576],[-81.431036,35.762142]]]}},{"type":"Feature","id":"37023:2774637691","properties":{"id":"37023:2774637691","parcelId":"2774637691","countyFips":"37023","countyName":"Burke","state":"North Carolina","marketIds":["Asheville"],"situsAddress":"199 LAKE DR","situsCity":"HICKORY","situsZip":"28601","jurisdictionCode":null,"ownerName":"DUKE ENERGY CORPORATION","ownerName2":null,"propertyName":null,"zoningCode":null,"zoningDistrict":null,"jurisdictionPrefix":null,"dorCode":"EXEMPT VALUE","acreage":8.73,"centroid":[-81.438429,35.769436],"lastSale":{"date":"1997-07-11","price":null,"qualified":null},"tax":{"marketValue":null,"assessedValue":null,"taxableValue":null,"taxes":null},"mailingAddress":{"line1":"P O BOX 1007","line2":null,"city":"CHARLOTTE","state":"NC","zip":"28201"},"incomeTract":null,"incomeBlockGroup":null,"nearestRoad":null,"flu":null,"opportunityZone":null,"oz2Eligibility":null,"source":"nc-burke-parcels-37023","appraiserUrl":"http://taxweb.burkenc.org/CamaPWA/PropertySummary.aspx?REID=46658","gisViewerUrl":"https://gis.burkenc.org/"},"geometry":{"type":"Polygon","coordinates":[[[-81.436765,35.77155],[-81.436662,35.771874],[-81.437185,35.771827],[-81.437409,35.770985],[-81.438322,35.770976],[-81.438344,35.770477],[-81.438398,35.770275],[-81.438556,35.77011],[-81.439101,35.769752],[-81.439182,35.76966],[-81.439245,35.769521],[-81.439273,35.769339],[-81.439273,35.769273],[-81.439248,35.76921],[-81.43917,35.769114],[-81.439038,35.768999],[-81.438827,35.768894],[-81.438534,35.768848],[-81.438504,35.768834],[-81.4385,35.768787],[-81.438541,35.768666],[-81.438746,35.768497],[-81.439057,35.768285],[-81.43929,35.768194],[-81.439428,35.768206],[-81.439687,35.768163],[-81.439269,35.76784],[-81.438499,35.768006],[-81.438412,35.768198],[-81.438104,35.768337],[-81.437114,35.76871],[-81.437657,35.769007],[-81.438351,35.769418],[-81.438239,35.769635],[-81.437694,35.769827],[-81.437427,35.770559],[-81.436817,35.771266],[-81.436765,35.77155]]]}},{"type":"Feature","id":"37023:2793466942","properties":{"id":"37023:2793466942","parcelId":"2793466942","countyFips":"37023","countyName":"Burke","state":"North Carolina","marketIds":["Asheville"],"situsAddress":"2401 14TH AV CIR NW","situsCity":"HICKORY","situsZip":"28601","jurisdictionCode":null,"ownerName":"PEPSI COLA BOTTLING COMP OF HI","ownerName2":null,"propertyName":null,"zoningCode":null,"zoningDistrict":null,"jurisdictionPrefix":null,"dorCode":"RETAIL","acreage":16.55,"centroid":[-81.377582,35.751312],"lastSale":{"date":"2002-08-06","price":1085000.0,"qualified":null},"tax":{"marketValue":9764747.0,"assessedValue":null,"taxableValue":null,"taxes":null},"mailingAddress":{"line1":"P O BOX 550","line2":null,"city":"HICKORY","state":"NC","zip":"28603"},"incomeTract":null,"incomeBlockGroup":null,"nearestRoad":null,"flu":null,"opportunityZone":null,"oz2Eligibility":null,"source":"nc-burke-parcels-37023","appraiserUrl":"http://taxweb.burkenc.org/CamaPWA/PropertySummary.aspx?REID=56797","gisViewerUrl":"https://gis.burkenc.org/"},"geometry":{"type":"Polygon","coordinates":[[[-81.376083,35.750091],[-81.376036,35.751442],[-81.376286,35.751449],[-81.376274,35.752237],[-81.376197,35.752972],[-81.37824,35.752982],[-81.378631,35.752929],[-81.378906,35.752852],[-81.378771,35.751554],[-81.378758,35.751245],[-81.378665,35.750629],[-81.37859,35.7505],[-81.377905,35.750083],[-81.377599,35.750002],[-81.377153,35.750051],[-81.377211,35.749979],[-81.376083,35.750091]]]}},{"type":"Feature","id":"37023:2764027956","properties":{"id":"37023:2764027956","parcelId":"2764027956","countyFips":"37023","countyName":"Burke","state":"North Carolina","marketIds":["Asheville"],"situsAddress":"1260 E PARADISE HARBOR DR","situsCity":"CONNELLY SPRINGS","situsZip":"28612","jurisdictionCode":null,"ownerName":"PARADISE HARBOR LLC;PARADISE HARBOR LLC","ownerName2":null,"propertyName":null,"zoningCode":null,"zoningDistrict":null,"jurisdictionPrefix":null,"dorCode":"VACANT","acreage":7.04,"centroid":[-81.492519,35.766198],"lastSale":{"date":"2004-07-15","price":null,"qualified":null},"tax":{"marketValue":74525.0,"assessedValue":null,"taxableValue":null,"taxes":null},"mailingAddress":{"line1":"P O BOX 1468","line2":null,"city":"HICKORY","state":"NC","zip":"28603"},"incomeTract":null,"incomeBlockGroup":null,"nearestRoad":null,"flu":null,"opportunityZone":null,"oz2Eligibility":null,"source":"nc-burke-parcels-37023","appraiserUrl":"http://taxweb.burkenc.org/CamaPWA/PropertySummary.aspx?REID=61644","gisViewerUrl":"https://gis.burkenc.org/"},"geometry":{"type":"Polygon","coordinates":[[[-81.491205,35.764997],[-81.491835,35.767284],[-81.492504,35.766789],[-81.492705,35.766538],[-81.492874,35.766382],[-81.492978,35.766321],[-81.493214,35.76624],[-81.492835,35.765032],[-81.491205,35.764997]]]}},{"type":"Feature","id":"37023:2764125956","properties":{"id":"37023:2764125956","parcelId":"2764125956","countyFips":"37023","countyName":"Burke","state":"North Carolina","marketIds":["Asheville"],"situsAddress":"1502 E PARADISE HARBOR DR","situsCity":"CONNELLY SPRINGS","situsZip":"28612","jurisdictionCode":null,"ownerName":"715 SOUTH 20TH, LLC","ownerName2":null,"propertyName":null,"zoningCode":null,"zoningDistrict":null,"jurisdictionPrefix":null,"dorCode":"VACANT","acreage":8.83,"centroid":[-81.489022,35.76673],"lastSale":{"date":"2019-04-10","price":null,"qualified":null},"tax":{"marketValue":72963.0,"assessedValue":null,"taxableValue":null,"taxes":null},"mailingAddress":{"line1":"4702 CORAL BLUFFS","line2":null,"city":"SAN ANTONIO","state":"TX","zip":"78253"},"incomeTract":null,"incomeBlockGroup":null,"nearestRoad":null,"flu":null,"opportunityZone":null,"oz2Eligibility":null,"source":"nc-burke-parcels-37023","appraiserUrl":"http://taxweb.burkenc.org/CamaPWA/PropertySummary.aspx?REID=61646","gisViewerUrl":"https://gis.burkenc.org/"},"geometry":{"type":"Polygon","coordinates":[[[-81.486671,35.764921],[-81.486832,35.765022],[-81.486914,35.765072],[-81.487508,35.765323],[-81.487804,35.765286],[-81.488565,35.76549],[-81.488886,35.765637],[-81.488914,35.765849],[-81.488733,35.766195],[-81.488767,35.76635],[-81.488699,35.766593],[-81.488668,35.766851],[-81.488913,35.766984],[-81.488974,35.767136],[-81.489005,35.767275],[-81.488999,35.76734],[-81.489165,35.767483],[-81.489221,35.767614],[-81.489097,35.767669],[-81.489075,35.767887],[-81.489126,35.768054],[-81.489286,35.767951],[-81.489352,35.767853],[-81.489373,35.767714],[-81.489282,35.767382],[-81.489283,35.767266],[-81.489336,35.767121],[-81.489383,35.767056],[-81.489511,35.766947],[-81.489674,35.766875],[-81.489764,35.766856],[-81.490039,35.766869],[-81.490204,35.766934],[-81.490276,35.766982],[-81.490337,35.767038],[-81.490425,35.76717],[-81.48977,35.764966],[-81.486671,35.764921]]]}},{"type":"Feature","id":"37023:2764143050","properties":{"id":"37023:2764143050","parcelId":"2764143050","countyFips":"37023","countyName":"Burke","state":"North Carolina","marketIds":["Asheville"],"situsAddress":"1587 E PARADISE HARBOR DR","situsCity":"CONNELLY SPRINGS","situsZip":"28612","jurisdictionCode":null,"ownerName":"CATHERINE E. IACONI TRUST","ownerName2":null,"propertyName":null,"zoningCode":null,"zoningDistrict":null,"jurisdictionPrefix":null,"dorCode":"VACANT","acreage":11.11,"centroid":[-81.489921,35.768341],"lastSale":{"date":"2019-04-29","price":null,"qualified":null},"tax":{"marketValue":89788.0,"assessedValue":null,"taxableValue":null,"taxes":null},"mailingAddress":{"line1":"30441 S HILLCREST DR","line2":null,"city":"BEECHER","state":"IL","zip":"60401"},"incomeTract":null,"incomeBlockGroup":null,"nearestRoad":null,"flu":null,"opportunityZone":null,"oz2Eligibility":null,"source":"nc-burke-parcels-37023","appraiserUrl":"http://taxweb.burkenc.org/CamaPWA/PropertySummary.aspx?REID=61647","gisViewerUrl":"https://gis.burkenc.org/"},"geometry":{"type":"Polygon","coordinates":[[[-81.490065,35.770681],[-81.490144,35.770882],[-81.490767,35.770707],[-81.491322,35.77062],[-81.490654,35.768077],[-81.490765,35.767772],[-81.490585,35.7677],[-81.490459,35.767599],[-81.490376,35.767471],[-81.490237,35.767163],[-81.490151,35.767074],[-81.490033,35.767013],[-81.489831,35.766987],[-81.489641,35.76704],[-81.489543,35.767111],[-81.489476,35.767203],[-81.489449,35.767361],[-81.489541,35.767699],[-81.489527,35.767852],[-81.489455,35.767994],[-81.489398,35.768057],[-81.489253,35.768155],[-81.489168,35.768189],[-81.489224,35.768372],[-81.489277,35.768639],[-81.489726,35.769036],[-81.489795,35.769233],[-81.489948,35.769927],[-81.48991,35.770288],[-81.490065,35.770681]]]}},{"type":"Feature","id":"37023:2764049130","properties":{"id":"37023:2764049130","parcelId":"2764049130","countyFips":"37023","countyName":"Burke","state":"North Carolina","marketIds":["Asheville"],"situsAddress":"1391 E PARADISE HARBOR DR","situsCity":"CONNELLY SPRINGS","situsZip":"28612","jurisdictionCode":null,"ownerName":"AUSTIN, DAVID MICHAEL;BARON, MICHELE","ownerName2":null,"propertyName":null,"zoningCode":null,"zoningDistrict":null,"jurisdictionPrefix":null,"dorCode":"SINGLE FAMILY RES","acreage":9.96,"centroid":[-81.491486,35.768807],"lastSale":{"date":"2024-07-31","price":null,"qualified":null},"tax":{"marketValue":701881.0,"assessedValue":null,"taxableValue":null,"taxes":null},"mailingAddress":{"line1":"PO BOX 66","line2":null,"city":"CONNELLY SPRINGS","state":"NC","zip":"28612"},"incomeTract":null,"incomeBlockGroup":null,"nearestRoad":null,"flu":null,"opportunityZone":null,"oz2Eligibility":null,"source":"nc-burke-parcels-37023","appraiserUrl":"http://taxweb.burkenc.org/CamaPWA/PropertySummary.aspx?REID=61648","gisViewerUrl":"https://gis.burkenc.org/"},"geometry":{"type":"Polygon","coordinates":[[[-81.490764,35.767775],[-81.490654,35.768077],[-81.491322,35.77062],[-81.49167,35.770584],[-81.491977,35.77037],[-81.492327,35.77005],[-81.492886,35.769698],[-81.491759,35.767501],[-81.491487,35.767641],[-81.49113,35.767765],[-81.490972,35.767801],[-81.490882,35.767802],[-81.490764,35.767775]]]}},{"type":"Feature","id":"37023:2754947434","properties":{"id":"37023:2754947434","parcelId":"2754947434","countyFips":"37023","countyName":"Burke","state":"North Carolina","marketIds":["Asheville"],"situsAddress":"1304 W PARADISE HARBOR DR","situsCity":"CONNELLY SPRINGS","situsZip":"28612","jurisdictionCode":null,"ownerName":"DANNER, MARK;FOULK, LOUISE","ownerName2":null,"propertyName":null,"zoningCode":null,"zoningDistrict":null,"jurisdictionPrefix":null,"dorCode":"VACANT","acreage":11.0,"centroid":[-81.496461,35.770595],"lastSale":{"date":"2024-05-13","price":null,"qualified":null},"tax":{"marketValue":77500.0,"assessedValue":null,"taxableValue":null,"taxes":null},"mailingAddress":{"line1":"1209 W PARADISE HARBOR DR","line2":null,"city":"CONNELLY SPRINGS","state":"NC","zip":"28612"},"incomeTract":null,"incomeBlockGroup":null,"nearestRoad":null,"flu":null,"opportunityZone":null,"oz2Eligibility":null,"source":"nc-burke-parcels-37023","appraiserUrl":"http://taxweb.burkenc.org/CamaPWA/PropertySummary.aspx?REID=61660","gisViewerUrl":"https://gis.burkenc.org/"},"geometry":{"type":"Polygon","coordinates":[[[-81.493993,35.76904],[-81.49686,35.771871],[-81.496992,35.771694],[-81.497052,35.771492],[-81.497036,35.771286],[-81.496897,35.770733],[-81.496924,35.770568],[-81.497013,35.770339],[-81.49538,35.768335],[-81.493993,35.76904]]]}},{"type":"Feature","id":"37023:2754949736","properties":{"id":"37023:2754949736","parcelId":"2754949736","countyFips":"37023","countyName":"Burke","state":"North Carolina","marketIds":["Asheville"],"situsAddress":"1450 W PARADISE HARBOR DR","situsCity":"CONNELLY SPRINGS","situsZip":"28612","jurisdictionCode":null,"ownerName":"HOBBS, KRISTOPHER A;HOBBS, KRISTEN L","ownerName2":null,"propertyName":null,"zoningCode":null,"zoningDistrict":null,"jurisdictionPrefix":null,"dorCode":"SINGLE FAMILY RES","acreage":10.0,"centroid":[-81.494648,35.770483],"lastSale":{"date":"2024-10-16","price":null,"qualified":null},"tax":{"marketValue":532133.0,"assessedValue":null,"taxableValue":null,"taxes":null},"mailingAddress":{"line1":"1450 WEST PARADISE HARBOR DR","line2":null,"city":"CONNELLY SPRINGS","state":"NC","zip":"28612"},"incomeTract":null,"incomeBlockGroup":null,"nearestRoad":null,"flu":null,"opportunityZone":null,"oz2Eligibility":null,"source":"nc-burke-parcels-37023","appraiserUrl":"http://taxweb.burkenc.org/CamaPWA/PropertySummary.aspx?REID=61661","gisViewerUrl":"https://gis.burkenc.org/"},"geometry":{"type":"Polygon","coordinates":[[[-81.493229,35.76953],[-81.494177,35.770547],[-81.496103,35.772615],[-81.49686,35.771871],[-81.493993,35.76904],[-81.493524,35.769296],[-81.493229,35.76953]]]}},{"type":"Feature","id":"37023:2764041994","properties":{"id":"37023:2764041994","parcelId":"2764041994","countyFips":"37023","countyName":"Burke","state":"North Carolina","marketIds":["Asheville"],"situsAddress":"1518 W PARADISE HARBOR DR","situsCity":"CONNELLY SPRINGS","situsZip":"28612","jurisdictionCode":null,"ownerName":"DONNER, GARRETT WILLIAM","ownerName2":null,"propertyName":null,"zoningCode":null,"zoningDistrict":null,"jurisdictionPrefix":null,"dorCode":"VACANT","acreage":10.27,"centroid":[-81.494287,35.771343],"lastSale":{"date":"2023-06-28","price":null,"qualified":null},"tax":{"marketValue":73850.0,"assessedValue":null,"taxableValue":null,"taxes":null},"mailingAddress":{"line1":"4428 CLOS DU VAL RD","line2":null,"city":"CHARLOTTE","state":"NC","zip":"28214"},"incomeTract":null,"incomeBlockGroup":null,"nearestRoad":null,"flu":null,"opportunityZone":null,"oz2Eligibility":null,"source":"nc-burke-parcels-37023","appraiserUrl":"http://taxweb.burkenc.org/CamaPWA/PropertySummary.aspx?REID=61662","gisViewerUrl":"https://gis.burkenc.org/"},"geometry":{"type":"Polygon","coordinates":[[[-81.492327,35.77005],[-81.495426,35.773201],[-81.495749,35.772963],[-81.496103,35.772615],[-81.493229,35.76953],[-81.492886,35.769698],[-81.492327,35.77005]]]}},{"type":"Feature","id":"37023:2764058226","properties":{"id":"37023:2764058226","parcelId":"2764058226","countyFips":"37023","countyName":"Burke","state":"North Carolina","marketIds":["Asheville"],"situsAddress":"1672 W PARADISE HARBOR DR","situsCity":"CONNELLY SPRINGS","situsZip":"28612","jurisdictionCode":null,"ownerName":"BERKELEY, JAMES P;BERKELEY, ELLEN A","ownerName2":null,"propertyName":null,"zoningCode":null,"zoningDistrict":null,"jurisdictionPrefix":null,"dorCode":"SINGLE FAMILY RES","acreage":10.92,"centroid":[-81.491813,35.772024],"lastSale":{"date":"2025-08-29","price":615000.0,"qualified":null},"tax":{"marketValue":417534.0,"assessedValue":null,"taxableValue":null,"taxes":null},"mailingAddress":{"line1":"1672 W PARADISE HARBOR DR","line2":null,"city":"CONNELLY SPRINGS","state":"NC","zip":"28612"},"incomeTract":null,"incomeBlockGroup":null,"nearestRoad":null,"flu":null,"opportunityZone":null,"oz2Eligibility":null,"source":"nc-burke-parcels-37023","appraiserUrl":"http://taxweb.burkenc.org/CamaPWA/PropertySummary.aspx?REID=61664","gisViewerUrl":"https://gis.burkenc.org/"},"geometry":{"type":"Polygon","coordinates":[[[-81.490612,35.771456],[-81.4931,35.773886],[-81.493888,35.773676],[-81.494234,35.773629],[-81.491322,35.77062],[-81.490767,35.770707],[-81.490144,35.770882],[-81.49044,35.771338],[-81.490612,35.771456]]]}},{"type":"Feature","id":"37023:2764150503","properties":{"id":"37023:2764150503","parcelId":"2764150503","countyFips":"37023","countyName":"Burke","state":"North Carolina","marketIds":["Asheville"],"situsAddress":"1754 W PARADISE HARBOR DR","situsCity":"CONNELLY SPRINGS","situsZip":"28612","jurisdictionCode":null,"ownerName":"COOK, TRAVIS N;COOK, TRAVIS N","ownerName2":null,"propertyName":null,"zoningCode":null,"zoningDistrict":null,"jurisdictionPrefix":null,"dorCode":"VACANT","acreage":6.43,"centroid":[-81.491661,35.773174],"lastSale":{"date":"2014-10-07","price":null,"qualified":null},"tax":{"marketValue":54650.0,"assessedValue":null,"taxableValue":null,"taxes":null},"mailingAddress":{"line1":"6006 PATRICK PL","line2":null,"city":"CHARLOTTE","state":"NC","zip":"28210"},"incomeTract":null,"incomeBlockGroup":null,"nearestRoad":null,"flu":null,"opportunityZone":null,"oz2Eligibility":null,"source":"nc-burke-parcels-37023","appraiserUrl":"http://taxweb.burkenc.org/CamaPWA/PropertySummary.aspx?REID=61665","gisViewerUrl":"https://gis.burkenc.org/"},"geometry":{"type":"Polygon","coordinates":[[[-81.491405,35.773957],[-81.491557,35.773922],[-81.49185,35.773888],[-81.492652,35.773949],[-81.492879,35.773931],[-81.4931,35.773886],[-81.490612,35.771456],[-81.490522,35.771717],[-81.490372,35.771864],[-81.491405,35.773957]]]}},{"type":"Feature","id":"37023:2783482911","properties":{"id":"37023:2783482911","parcelId":"2783482911","countyFips":"37023","countyName":"Burke","state":"North Carolina","marketIds":["Asheville"],"situsAddress":"0 PLEASANT CT","situsCity":"HICKORY","situsZip":"28601","jurisdictionCode":null,"ownerName":"WILSON SOLAR LLC","ownerName2":null,"propertyName":null,"zoningCode":null,"zoningDistrict":null,"jurisdictionPrefix":null,"dorCode":"INDUSTRIAL","acreage":12.24,"centroid":[-81.412448,35.756397],"lastSale":{"date":"2014-11-25","price":null,"qualified":null},"tax":{"marketValue":124644.0,"assessedValue":null,"taxableValue":null,"taxes":null},"mailingAddress":{"line1":"2520 BLAKE CRT","line2":null,"city":"LINCOLNTON","state":"NC","zip":"28092"},"incomeTract":null,"incomeBlockGroup":null,"nearestRoad":null,"flu":null,"opportunityZone":null,"oz2Eligibility":null,"source":"nc-burke-parcels-37023","appraiserUrl":"http://taxweb.burkenc.org/CamaPWA/PropertySummary.aspx?REID=61686","gisViewerUrl":"https://gis.burkenc.org/"},"geometry":{"type":"Polygon","coordinates":[[[-81.411688,35.755586],[-81.41126,35.755833],[-81.411879,35.756656],[-81.412242,35.757229],[-81.412432,35.757763],[-81.413914,35.757744],[-81.413659,35.755438],[-81.412513,35.754928],[-81.411688,35.755586]]]}},{"type":"Feature","id":"37023:2783275932","properties":{"id":"37023:2783275932","parcelId":"2783275932","countyFips":"37023","countyName":"Burke","state":"North Carolina","marketIds":["Asheville"],"situsAddress":"0 BOWMAN LOWMAN AVE","situsCity":"HICKORY","situsZip":"28601","jurisdictionCode":null,"ownerName":"WILSON, JOHNNY LEE;SUSAN, B","ownerName2":null,"propertyName":null,"zoningCode":null,"zoningDistrict":null,"jurisdictionPrefix":null,"dorCode":"VACANT","acreage":5.33,"centroid":[-81.418159,35.753822],"lastSale":{"date":"2014-11-25","price":null,"qualified":null},"tax":{"marketValue":26547.0,"assessedValue":null,"taxableValue":null,"taxes":null},"mailingAddress":{"line1":"1423 AIRPORT RHODHISS RD","line2":null,"city":null,"state":null,"zip":null},"incomeTract":null,"incomeBlockGroup":null,"nearestRoad":null,"flu":null,"opportunityZone":null,"oz2Eligibility":null,"source":"nc-burke-parcels-37023","appraiserUrl":"http://taxweb.burkenc.org/CamaPWA/PropertySummary.aspx?REID=61802","gisViewerUrl":"https://gis.burkenc.org/"},"geometry":{"type":"Polygon","coordinates":[[[-81.41725,35.752917],[-81.416816,35.75294],[-81.416829,35.75303],[-81.417046,35.753175],[-81.41706,35.753217],[-81.417524,35.753392],[-81.417672,35.753606],[-81.418049,35.753759],[-81.418292,35.753996],[-81.41844,35.754103],[-81.418629,35.75431],[-81.418928,35.754477],[-81.418995,35.754559],[-81.419404,35.754844],[-81.419442,35.754932],[-81.419499,35.754881],[-81.418835,35.752833],[-81.41725,35.752917]]]}},{"type":"Feature","id":"37023:2783192374","properties":{"id":"37023:2783192374","parcelId":"2783192374","countyFips":"37023","countyName":"Burke","state":"North Carolina","marketIds":["Asheville"],"situsAddress":"1575 AIRPORT RHODHISS RD","situsCity":"HICKORY","situsZip":"28601","jurisdictionCode":null,"ownerName":"WINKLER, ROBIN YODER","ownerName2":null,"propertyName":null,"zoningCode":null,"zoningDistrict":null,"jurisdictionPrefix":null,"dorCode":"SINGLE FAMILY RES","acreage":13.59,"centroid":[-81.422566,35.758348],"lastSale":{"date":"2002-02-19","price":null,"qualified":null},"tax":{"marketValue":64402.0,"assessedValue":null,"taxableValue":null,"taxes":null},"mailingAddress":{"line1":"1579 AIRPORT RHODHISS RD","line2":null,"city":null,"state":null,"zip":null},"incomeTract":null,"incomeBlockGroup":null,"nearestRoad":null,"flu":null,"opportunityZone":null,"oz2Eligibility":null,"source":"nc-burke-parcels-37023","appraiserUrl":"http://taxweb.burkenc.org/CamaPWA/PropertySummary.aspx?REID=61810","gisViewerUrl":"https://gis.burkenc.org/"},"geometry":{"type":"Polygon","coordinates":[[[-81.421791,35.760625],[-81.422149,35.760607],[-81.422162,35.760606],[-81.422153,35.76032],[-81.422255,35.759858],[-81.422925,35.759906],[-81.423275,35.757277],[-81.423357,35.755398],[-81.42337,35.754027],[-81.422796,35.754031],[-81.42199,35.759177],[-81.421791,35.760625]]]}},{"type":"Feature","id":"37023:2774512314","properties":{"id":"37023:2774512314","parcelId":"2774512314","countyFips":"37023","countyName":"Burke","state":"North Carolina","marketIds":["Asheville"],"situsAddress":"0 BURKE ST","situsCity":"HICKORY","situsZip":"28601","jurisdictionCode":null,"ownerName":"LAKE HICKORY HAUNTS, LLC","ownerName2":null,"propertyName":null,"zoningCode":null,"zoningDistrict":null,"jurisdictionPrefix":null,"dorCode":"VACANT","acreage":24.62,"centroid":[-81.443503,35.764061],"lastSale":{"date":"2022-12-05","price":null,"qualified":null},"tax":{"marketValue":133006.0,"assessedValue":null,"taxableValue":null,"taxes":null},"mailingAddress":{"line1":"520 CAROLINA AVE","line2":null,"city":"HICKORY","state":"NC","zip":"28601"},"incomeTract":null,"incomeBlockGroup":null,"nearestRoad":null,"flu":null,"opportunityZone":null,"oz2Eligibility":null,"source":"nc-burke-parcels-37023","appraiserUrl":"http://taxweb.burkenc.org/CamaPWA/PropertySummary.aspx?REID=32040","gisViewerUrl":"https://gis.burkenc.org/"},"geometry":{"type":"Polygon","coordinates":[[[-81.442745,35.76627],[-81.442877,35.766365],[-81.442983,35.766411],[-81.443272,35.766423],[-81.4434,35.766458],[-81.443527,35.766467],[-81.443598,35.766524],[-81.443608,35.76665],[-81.443675,35.766636],[-81.443674,35.766576],[-81.443859,35.766506],[-81.443323,35.764893],[-81.443551,35.764476],[-81.443608,35.764165],[-81.443838,35.763352],[-81.444578,35.762681],[-81.444726,35.762583],[-81.444854,35.762075],[-81.444782,35.761733],[-81.445044,35.760875],[-81.443863,35.760557],[-81.443482,35.76043],[-81.442427,35.760157],[-81.442026,35.760073],[-81.441498,35.760004],[-81.443063,35.764479],[-81.442692,35.765823],[-81.442745,35.76627]]]}},{"type":"Feature","id":"37023:2774517378","properties":{"id":"37023:2774517378","parcelId":"2774517378","countyFips":"37023","countyName":"Burke","state":"North Carolina","marketIds":["Asheville"],"situsAddress":"0 BURKE ST","situsCity":"HICKORY","situsZip":"28601","jurisdictionCode":null,"ownerName":"RSS INDUSTRIES, LLC","ownerName2":null,"propertyName":null,"zoningCode":null,"zoningDistrict":null,"jurisdictionPrefix":null,"dorCode":"VACANT","acreage":18.58,"centroid":[-81.440971,35.762641],"lastSale":{"date":"2025-02-12","price":null,"qualified":null},"tax":{"marketValue":69437.0,"assessedValue":null,"taxableValue":null,"taxes":null},"mailingAddress":{"line1":"308 MAIN AVE E","line2":null,"city":"HILDEBRAN","state":"NC","zip":"28637"},"incomeTract":null,"incomeBlockGroup":null,"nearestRoad":null,"flu":null,"opportunityZone":null,"oz2Eligibility":null,"source":"nc-burke-parcels-37023","appraiserUrl":"http://taxweb.burkenc.org/CamaPWA/PropertySummary.aspx?REID=65015","gisViewerUrl":"https://gis.burkenc.org/"},"geometry":{"type":"Polygon","coordinates":[[[-81.440415,35.764246],[-81.441084,35.76429],[-81.443034,35.764395],[-81.441498,35.760004],[-81.440485,35.760699],[-81.440461,35.762144],[-81.440407,35.762143],[-81.440383,35.76321],[-81.440415,35.764246]]]}},{"type":"Feature","id":"37023:2783671815","properties":{"id":"37023:2783671815","parcelId":"2783671815","countyFips":"37023","countyName":"Burke","state":"North Carolina","marketIds":["Asheville"],"situsAddress":"9662 MUANGMOKE RD","situsCity":"HICKORY","situsZip":"28601","jurisdictionCode":null,"ownerName":"LO, SPENCER TAO;LOR, HOUA VANG","ownerName2":null,"propertyName":null,"zoningCode":null,"zoningDistrict":null,"jurisdictionPrefix":null,"dorCode":"SINGLE FAMILY RES","acreage":5.02,"centroid":[-81.406255,35.753735],"lastSale":{"date":"2022-07-11","price":null,"qualified":null},"tax":{"marketValue":148854.0,"assessedValue":null,"taxableValue":null,"taxes":null},"mailingAddress":{"line1":"9662 MUANGMOKE RD","line2":null,"city":"HICKORY","state":"NC","zip":"28601"},"incomeTract":null,"incomeBlockGroup":null,"nearestRoad":null,"flu":null,"opportunityZone":null,"oz2Eligibility":null,"source":"nc-burke-parcels-37023","appraiserUrl":"http://taxweb.burkenc.org/CamaPWA/PropertySummary.aspx?REID=48461","gisViewerUrl":"https://gis.burkenc.org/"},"geometry":{"type":"Polygon","coordinates":[[[-81.406359,35.754277],[-81.406587,35.754106],[-81.407062,35.753762],[-81.407501,35.753902],[-81.407712,35.753691],[-81.408358,35.753693],[-81.407368,35.753339],[-81.406363,35.753046],[-81.405389,35.753336],[-81.40499,35.753237],[-81.404517,35.754163],[-81.404569,35.754176],[-81.404953,35.753817],[-81.405839,35.753751],[-81.406359,35.754277]]]}},{"type":"Feature","id":"37023:2754936577","properties":{"id":"37023:2754936577","parcelId":"2754936577","countyFips":"37023","countyName":"Burke","state":"North Carolina","marketIds":["Asheville"],"situsAddress":"1036 W PARADISE HARBOR DR","situsCity":"CONNELLY SPRINGS","situsZip":"28612","jurisdictionCode":null,"ownerName":"DAWN ROSS, LLC","ownerName2":null,"propertyName":null,"zoningCode":null,"zoningDistrict":null,"jurisdictionPrefix":null,"dorCode":"VACANT","acreage":5.0,"centroid":[-81.495671,35.767547],"lastSale":{"date":"2024-06-25","price":null,"qualified":null},"tax":{"marketValue":47500.0,"assessedValue":null,"taxableValue":null,"taxes":null},"mailingAddress":{"line1":"PO BOX 579","line2":null,"city":"CONNELLY SPRINGS","state":"NC","zip":"28612"},"incomeTract":null,"incomeBlockGroup":null,"nearestRoad":null,"flu":null,"opportunityZone":null,"oz2Eligibility":null,"source":"nc-burke-parcels-37023","appraiserUrl":"http://taxweb.burkenc.org/CamaPWA/PropertySummary.aspx?REID=61655","gisViewerUrl":"https://gis.burkenc.org/"},"geometry":{"type":"Polygon","coordinates":[[[-81.494763,35.76729],[-81.494969,35.767638],[-81.49538,35.768335],[-81.496943,35.767779],[-81.496298,35.766691],[-81.494763,35.76729]]]}},{"type":"Feature","id":"37023:2773889104","properties":{"id":"37023:2773889104","parcelId":"2773889104","countyFips":"37023","countyName":"Burke","state":"North Carolina","marketIds":["Asheville"],"situsAddress":"1292 CAPE HICKORY RD","situsCity":"HICKORY","situsZip":"28601","jurisdictionCode":null,"ownerName":"LIBERTY BAPTIST CHURCH","ownerName2":null,"propertyName":null,"zoningCode":null,"zoningDistrict":null,"jurisdictionPrefix":null,"dorCode":"EXEMPT VALUE","acreage":6.63,"centroid":[-81.430734,35.754459],"lastSale":{"date":"1999-02-15","price":120000.0,"qualified":null},"tax":{"marketValue":null,"assessedValue":null,"taxableValue":null,"taxes":null},"mailingAddress":{"line1":"2253 LIBERTY CHURCH RD","line2":null,"city":"HICKORY","state":"NC","zip":"28601"},"incomeTract":null,"incomeBlockGroup":null,"nearestRoad":null,"flu":null,"opportunityZone":null,"oz2Eligibility":null,"source":"nc-burke-parcels-37023","appraiserUrl":"http://taxweb.burkenc.org/CamaPWA/PropertySummary.aspx?REID=48755","gisViewerUrl":"https://gis.burkenc.org/"},"geometry":{"type":"Polygon","coordinates":[[[-81.429315,35.75517],[-81.430376,35.755321],[-81.43045,35.755059],[-81.430355,35.754833],[-81.430608,35.754411],[-81.431028,35.754595],[-81.431361,35.754544],[-81.431431,35.754636],[-81.431744,35.754189],[-81.431969,35.753574],[-81.43007,35.753324],[-81.430097,35.753857],[-81.429315,35.75517]]]}},{"type":"Feature","id":"37023:2783171473","properties":{"id":"37023:2783171473","parcelId":"2783171473","countyFips":"37023","countyName":"Burke","state":"North Carolina","marketIds":["Asheville"],"situsAddress":"9030 BOWMAN LOWMAN AVE","situsCity":"HICKORY","situsZip":"28601","jurisdictionCode":null,"ownerName":"SNOW, RONNIE LEE;SNOW, DEBRA;SNOW, CORY SETH","ownerName2":null,"propertyName":null,"zoningCode":null,"zoningDistrict":null,"jurisdictionPrefix":null,"dorCode":"SINGLE FAMILY RES","acreage":5.34,"centroid":[-81.422855,35.751993],"lastSale":{"date":"2022-11-21","price":2000.0,"qualified":null},"tax":{"marketValue":253816.0,"assessedValue":null,"taxableValue":null,"taxes":null},"mailingAddress":{"line1":"9030 BOWMAN LOWMAN AVE","line2":null,"city":"HICKORY","state":"NC","zip":"28601"},"incomeTract":null,"incomeBlockGroup":null,"nearestRoad":null,"flu":null,"opportunityZone":null,"oz2Eligibility":null,"source":"nc-burke-parcels-37023","appraiserUrl":"http://taxweb.burkenc.org/CamaPWA/PropertySummary.aspx?REID=26875","gisViewerUrl":"https://gis.burkenc.org/"},"geometry":{"type":"Polygon","coordinates":[[[-81.423663,35.751369],[-81.422771,35.751341],[-81.421943,35.751316],[-81.421937,35.751493],[-81.422266,35.751551],[-81.422214,35.752917],[-81.42315,35.752967],[-81.423124,35.752573],[-81.423858,35.752479],[-81.423629,35.751928],[-81.423663,35.751369]]]}},{"type":"Feature","id":"37023:2793288305","properties":{"id":"37023:2793288305","parcelId":"2793288305","countyFips":"37023","countyName":"Burke","state":"North Carolina","marketIds":["Asheville"],"situsAddress":"0 GOAT FARM ST","situsCity":"HICKORY","situsZip":"28601","jurisdictionCode":null,"ownerName":"CITY OF HICKORY","ownerName2":null,"propertyName":null,"zoningCode":null,"zoningDistrict":null,"jurisdictionPrefix":null,"dorCode":"GOVERNMENT","acreage":5.89,"centroid":[-81.383639,35.755786],"lastSale":{"date":"2021-05-27","price":null,"qualified":null},"tax":{"marketValue":null,"assessedValue":null,"taxableValue":null,"taxes":null},"mailingAddress":{"line1":"PO BOX 398","line2":null,"city":"HICKORY","state":"NC","zip":"28603"},"incomeTract":null,"incomeBlockGroup":null,"nearestRoad":null,"flu":null,"opportunityZone":null,"oz2Eligibility":null,"source":"nc-burke-parcels-37023","appraiserUrl":"http://taxweb.burkenc.org/CamaPWA/PropertySummary.aspx?REID=53962","gisViewerUrl":"https://gis.burkenc.org/"},"geometry":{"type":"Polygon","coordinates":[[[-81.381141,35.755194],[-81.381193,35.755204],[-81.381618,35.755149],[-81.381838,35.755152],[-81.381957,35.755186],[-81.382022,35.755181],[-81.382121,35.755165],[-81.382395,35.755058],[-81.38245,35.755124],[-81.382513,35.755151],[-81.382805,35.755145],[-81.382864,35.755171],[-81.382832,35.75521],[-81.382715,35.75523],[-81.382594,35.755215],[-81.382528,35.755239],[-81.382516,35.755276],[-81.382549,35.755304],[-81.3826,35.755317],[-81.38265,35.755306],[-81.382702,35.755344],[-81.382677,35.75544],[-81.382565,35.755549],[-81.382897,35.755594],[-81.382972,35.755582],[-81.383095,35.755595],[-81.38323,35.755556],[-81.38336,35.755563],[-81.383423,35.755586],[-81.38347,35.75573],[-81.383622,35.755704],[-81.383562,35.755833],[-81.383514,35.755851],[-81.383446,35.755834],[-81.383351,35.755883],[-81.383304,35.755967],[-81.383284,35.755966],[-81.383228,35.755895],[-81.383162,35.755898],[-81.383068,35.755855],[-81.382889,35.755851],[-81.382773,35.75588],[-81.382722,35.755855],[-81.382584,35.755833],[-81.38255,35.755803],[-81.382451,35.75581],[-81.382453,35.755837],[-81.382527,35.755935],[-81.382672,35.756028],[-81.382823,35.756038],[-81.383002,35.756076],[-81.383096,35.756122],[-81.383163,35.756112],[-81.383727,35.756241],[-81.383915,35.756262],[-81.38411,35.75634],[-81.384447,35.756362],[-81.384528,35.756305],[-81.384529,35.756282],[-81.384494,35.756259],[-81.384472,35.756211],[-81.384428,35.756188],[-81.384288,35.7562],[-81.384199,35.75616],[-81.384182,35.756136],[-81.384191,35.756026],[-81.384161,35.75597],[-81.384114,35.755941],[-81.38402,35.755985],[-81.383934,35.755936],[-81.383884,35.755998],[-81.383931,35.756029],[-81.383936,35.756051],[-81.383798,35.756037],[-81.383739,35.755945],[-81.383669,35.755915],[-81.383658,35.75588],[-81.383621,35.755864],[-81.383666,35.755794],[-81.383731,35.755748],[-81.383837,35.755727],[-81.383922,35.755757],[-81.384054,35.755847],[-81.384343,35.755933],[-81.384471,35.755996],[-81.384539,35.756049],[-81.384561,35.756121],[-81.384607,35.756154],[-81.384627,35.756126],[-81.384653,35.755968],[-81.384744,35.755906],[-81.384805,35.75591],[-81.384825,35.755966],[-81.384761,35.756042],[-81.384752,35.756102],[-81.384797,35.756187],[-81.384849,35.756227],[-81.385272,35.756018],[-81.385398,35.756017],[-81.385465,35.756042],[-81.385591,35.756175],[-81.3858,35.756189],[-81.386026,35.756251],[-81.38619,35.756329],[-81.38644,35.756535],[-81.386488,35.756508],[-81.385051,35.755557],[-81.38459,35.755332],[-81.38422,35.755192],[-81.383964,35.75512],[-81.383573,35.755041],[-81.382888,35.755013],[-81.382207,35.755051],[-81.381141,35.755194]]]}},{"type":"Feature","id":"37023:2763677130","properties":{"id":"37023:2763677130","parcelId":"2763677130","countyFips":"37023","countyName":"Burke","state":"North Carolina","marketIds":["Asheville"],"situsAddress":"2288 MONTEITH LN","situsCity":"CONNELLY SPRINGS","situsZip":"28612","jurisdictionCode":null,"ownerName":"WILLIAMS, LACY C;WILLIAMS, ASHLEY E","ownerName2":null,"propertyName":null,"zoningCode":null,"zoningDistrict":null,"jurisdictionPrefix":null,"dorCode":"SINGLE FAMILY RES","acreage":7.82,"centroid":[-81.471219,35.750357],"lastSale":{"date":"2012-01-17","price":null,"qualified":null},"tax":{"marketValue":191158.0,"assessedValue":null,"taxableValue":null,"taxes":null},"mailingAddress":{"line1":"2300 MONTEITH LANE","line2":null,"city":"CONNELLY SPRINGS","state":"NC","zip":"28612"},"incomeTract":null,"incomeBlockGroup":null,"nearestRoad":null,"flu":null,"opportunityZone":null,"oz2Eligibility":null,"source":"nc-burke-parcels-37023","appraiserUrl":"http://taxweb.burkenc.org/CamaPWA/PropertySummary.aspx?REID=54300","gisViewerUrl":"https://gis.burkenc.org/"},"geometry":{"type":"Polygon","coordinates":[[[-81.470557,35.750862],[-81.470621,35.751304],[-81.47248,35.751116],[-81.472458,35.749515],[-81.470815,35.749672],[-81.470383,35.749676],[-81.470557,35.750862]]]}},{"type":"Feature","id":"37023:2784129351","properties":{"id":"37023:2784129351","parcelId":"2784129351","countyFips":"37023","countyName":"Burke","state":"North Carolina","marketIds":["Asheville"],"situsAddress":"1811 HENRY SMITH ST","situsCity":"HICKORY","situsZip":"28601","jurisdictionCode":null,"ownerName":"CARSON, GLORIA E BROWN;CARSON, NORMAN","ownerName2":null,"propertyName":null,"zoningCode":null,"zoningDistrict":null,"jurisdictionPrefix":null,"dorCode":"SINGLE FAMILY RES","acreage":29.07,"centroid":[-81.420553,35.766481],"lastSale":{"date":"2005-03-10","price":null,"qualified":null},"tax":{"marketValue":386472.0,"assessedValue":null,"taxableValue":null,"taxes":null},"mailingAddress":{"line1":"1879 HENRY SMITH STREET","line2":null,"city":"HICKORY","state":"NC","zip":"28602"},"incomeTract":null,"incomeBlockGroup":null,"nearestRoad":null,"flu":null,"opportunityZone":null,"oz2Eligibility":null,"source":"nc-burke-parcels-37023","appraiserUrl":"http://taxweb.burkenc.org/CamaPWA/PropertySummary.aspx?REID=58994","gisViewerUrl":"https://gis.burkenc.org/"},"geometry":{"type":"Polygon","coordinates":[[[-81.418928,35.768416],[-81.419215,35.768487],[-81.419321,35.768562],[-81.419712,35.768723],[-81.420487,35.768972],[-81.42068,35.768329],[-81.421254,35.768564],[-81.421583,35.767512],[-81.421111,35.767413],[-81.421703,35.765508],[-81.42152,35.765437],[-81.421671,35.76465],[-81.421365,35.764503],[-81.421464,35.764157],[-81.421526,35.763584],[-81.420736,35.763411],[-81.420308,35.764453],[-81.419723,35.764321],[-81.418206,35.768139],[-81.418928,35.768416]]]}},{"type":"Feature","id":"37023:2764665951","properties":{"id":"37023:2764665951","parcelId":"2764665951","countyFips":"37023","countyName":"Burke","state":"North Carolina","marketIds":["Asheville"],"situsAddress":"2925 E PARADISE HARBOR DR","situsCity":"CONNELLY SPRINGS","situsZip":"28612","jurisdictionCode":null,"ownerName":"RITCHIE, JOSHUA;RITCHIE, STEPHANIE","ownerName2":null,"propertyName":null,"zoningCode":null,"zoningDistrict":null,"jurisdictionPrefix":null,"dorCode":"VACANT","acreage":5.53,"centroid":[-81.472881,35.777179],"lastSale":{"date":"2021-12-22","price":null,"qualified":null},"tax":{"marketValue":68863.0,"assessedValue":null,"taxableValue":null,"taxes":null},"mailingAddress":{"line1":"2911 E PARADISE HARBOR DR","line2":null,"city":"CONNELLY SPRINGS","state":"NC","zip":"28612"},"incomeTract":null,"incomeBlockGroup":null,"nearestRoad":null,"flu":null,"opportunityZone":null,"oz2Eligibility":null,"source":"nc-burke-parcels-37023","appraiserUrl":"http://taxweb.burkenc.org/CamaPWA/PropertySummary.aspx?REID=59400","gisViewerUrl":"https://gis.burkenc.org/"},"geometry":{"type":"Polygon","coordinates":[[[-81.471557,35.776744],[-81.472212,35.777124],[-81.472755,35.777551],[-81.473192,35.777837],[-81.474208,35.777672],[-81.474319,35.777004],[-81.471927,35.77632],[-81.471557,35.776744]]]}},{"type":"Feature","id":"37023:2764102377","properties":{"id":"37023:2764102377","parcelId":"2764102377","countyFips":"37023","countyName":"Burke","state":"North Carolina","marketIds":["Asheville"],"situsAddress":"1940 OAK RIDGE CHURCH ST","situsCity":"CONNELLY SPRINGS","situsZip":"28612","jurisdictionCode":null,"ownerName":"LOCKEE, MICHAEL A;LOCKEE, DEBORAH A","ownerName2":null,"propertyName":null,"zoningCode":null,"zoningDistrict":null,"jurisdictionPrefix":null,"dorCode":"VACANT","acreage":9.04,"centroid":[-81.489825,35.75855],"lastSale":{"date":"2007-02-26","price":null,"qualified":null},"tax":{"marketValue":55140.0,"assessedValue":null,"taxableValue":null,"taxes":null},"mailingAddress":{"line1":"3245 ECKERD CREEK CIRCLE","line2":null,"city":"CONNELLY SPRINGS","state":"NC","zip":"28612"},"incomeTract":null,"incomeBlockGroup":null,"nearestRoad":null,"flu":null,"opportunityZone":null,"oz2Eligibility":null,"source":"nc-burke-parcels-37023","appraiserUrl":"http://taxweb.burkenc.org/CamaPWA/PropertySummary.aspx?REID=59416","gisViewerUrl":"https://gis.burkenc.org/"},"geometry":{"type":"Polygon","coordinates":[[[-81.489892,35.757955],[-81.489766,35.758016],[-81.489459,35.758137],[-81.489276,35.758384],[-81.48911,35.758543],[-81.489102,35.758632],[-81.488779,35.75891],[-81.488862,35.759484],[-81.488671,35.759595],[-81.488611,35.759726],[-81.491344,35.759513],[-81.49163,35.758139],[-81.491606,35.758014],[-81.490915,35.757979],[-81.490212,35.757913],[-81.489958,35.757853],[-81.489892,35.757955]]]}},{"type":"Feature","id":"37023:2774319472","properties":{"id":"37023:2774319472","parcelId":"2774319472","countyFips":"37023","countyName":"Burke","state":"North Carolina","marketIds":["Asheville"],"situsAddress":"8767 RHODHISS RD","situsCity":"CONNELLY SPRINGS","situsZip":"28612","jurisdictionCode":null,"ownerName":"L & AW PROPERTIES, LLC","ownerName2":null,"propertyName":null,"zoningCode":null,"zoningDistrict":null,"jurisdictionPrefix":null,"dorCode":"COMMERCIAL","acreage":5.98,"centroid":[-81.447513,35.762566],"lastSale":{"date":"2023-08-14","price":null,"qualified":null},"tax":{"marketValue":339137.0,"assessedValue":null,"taxableValue":null,"taxes":null},"mailingAddress":{"line1":"2300 MONTEITH RD","line2":null,"city":"CONNELLY SPRINGS","state":"NC","zip":"28612"},"incomeTract":null,"incomeBlockGroup":null,"nearestRoad":null,"flu":null,"opportunityZone":null,"oz2Eligibility":null,"source":"nc-burke-parcels-37023","appraiserUrl":"http://taxweb.burkenc.org/CamaPWA/PropertySummary.aspx?REID=64696","gisViewerUrl":"https://gis.burkenc.org/"},"geometry":{"type":"Polygon","coordinates":[[[-81.44698,35.761634],[-81.446282,35.762712],[-81.448232,35.76356],[-81.448558,35.762359],[-81.44698,35.761634]]]}},{"type":"Feature","id":"37023:2774235964","properties":{"id":"37023:2774235964","parcelId":"2774235964","countyFips":"37023","countyName":"Burke","state":"North Carolina","marketIds":["Asheville"],"situsAddress":"8251 BROWN CIR","situsCity":"CONNELLY SPRINGS","situsZip":"28612","jurisdictionCode":null,"ownerName":"ROBINSON, JEFFREY W;ROBINSON, KELLY T","ownerName2":null,"propertyName":null,"zoningCode":null,"zoningDistrict":null,"jurisdictionPrefix":null,"dorCode":"FARM DEFERRED","acreage":100.17,"centroid":[-81.450719,35.77087],"lastSale":{"date":"2019-10-30","price":null,"qualified":null},"tax":{"marketValue":400550.0,"assessedValue":null,"taxableValue":null,"taxes":null},"mailingAddress":{"line1":"8251 BROWN CIRCLE","line2":null,"city":"CONNELLY SPRINGS","state":"NC","zip":"28612"},"incomeTract":null,"incomeBlockGroup":null,"nearestRoad":null,"flu":null,"opportunityZone":null,"oz2Eligibility":null,"source":"nc-burke-parcels-37023","appraiserUrl":"http://taxweb.burkenc.org/CamaPWA/PropertySummary.aspx?REID=24475","gisViewerUrl":"https://gis.burkenc.org/"},"geometry":{"type":"Polygon","coordinates":[[[-81.45001,35.772082],[-81.450032,35.772108],[-81.449968,35.772177],[-81.450048,35.772311],[-81.449915,35.772416],[-81.450029,35.772432],[-81.450025,35.772578],[-81.449987,35.772715],[-81.449724,35.773086],[-81.449626,35.773275],[-81.449613,35.773344],[-81.449504,35.773435],[-81.44928,35.773734],[-81.449031,35.774294],[-81.44896,35.774524],[-81.448991,35.774624],[-81.44926,35.774804],[-81.449529,35.775104],[-81.449679,35.775365],[-81.449851,35.775484],[-81.44999,35.77549],[-81.450296,35.775582],[-81.450521,35.775606],[-81.450905,35.775511],[-81.450946,35.775529],[-81.451018,35.775428],[-81.4511,35.775391],[-81.450684,35.774298],[-81.455305,35.77055],[-81.455538,35.766248],[-81.455646,35.765231],[-81.454848,35.765203],[-81.453732,35.765193],[-81.453721,35.764819],[-81.452372,35.764721],[-81.452286,35.765128],[-81.45222,35.765124],[-81.451923,35.766118],[-81.450473,35.766066],[-81.44987,35.767286],[-81.449839,35.767489],[-81.449855,35.768296],[-81.449829,35.768446],[-81.449795,35.768517],[-81.44969,35.768643],[-81.449542,35.768736],[-81.449457,35.768768],[-81.450755,35.76926],[-81.450716,35.769313],[-81.450761,35.769349],[-81.45081,35.769571],[-81.450893,35.769574],[-81.450876,35.769676],[-81.450947,35.769785],[-81.450981,35.769776],[-81.450915,35.769888],[-81.450994,35.76991],[-81.451024,35.769973],[-81.450916,35.770174],[-81.450818,35.770257],[-81.450822,35.77039],[-81.450767,35.770439],[-81.450798,35.770595],[-81.450764,35.770628],[-81.450659,35.770604],[-81.450526,35.77071],[-81.450499,35.770951],[-81.450297,35.771044],[-81.450355,35.771351],[-81.450411,35.77152],[-81.450272,35.771704],[-81.450265,35.771821],[-81.450147,35.77197],[-81.45001,35.772082]]]}},{"type":"Feature","id":"37023:2763799861","properties":{"id":"37023:2763799861","parcelId":"2763799861","countyFips":"37023","countyName":"Burke","state":"North Carolina","marketIds":["Asheville"],"situsAddress":"8041 RHODHISS RD","situsCity":"CONNELLY SPRINGS","situsZip":"28612","jurisdictionCode":null,"ownerName":"WILLIAMS, SAVANNAH","ownerName2":null,"propertyName":null,"zoningCode":null,"zoningDistrict":null,"jurisdictionPrefix":null,"dorCode":"VACANT","acreage":11.52,"centroid":[-81.46669,35.757863],"lastSale":{"date":"2021-08-27","price":null,"qualified":null},"tax":{"marketValue":105839.0,"assessedValue":null,"taxableValue":null,"taxes":null},"mailingAddress":{"line1":"2300 MONTIETH LANE","line2":null,"city":"CONNELLY SPRINGS","state":"NC","zip":"28612"},"incomeTract":null,"incomeBlockGroup":null,"nearestRoad":null,"flu":null,"opportunityZone":null,"oz2Eligibility":null,"source":"nc-burke-parcels-37023","appraiserUrl":"http://taxweb.burkenc.org/CamaPWA/PropertySummary.aspx?REID=19290","gisViewerUrl":"https://gis.burkenc.org/"},"geometry":{"type":"Polygon","coordinates":[[[-81.466625,35.757001],[-81.466624,35.757005],[-81.466492,35.758241],[-81.466353,35.759208],[-81.468985,35.75764],[-81.468158,35.75451],[-81.467835,35.754588],[-81.467712,35.754123],[-81.467615,35.754146],[-81.46842,35.757064],[-81.466625,35.757001]]]}},{"type":"Feature","id":"37023:2764934242","properties":{"id":"37023:2764934242","parcelId":"2764934242","countyFips":"37023","countyName":"Burke","state":"North Carolina","marketIds":["Asheville"],"situsAddress":"1166 JUMPING RUN","situsCity":"CONNELLY SPRINGS","situsZip":"28612","jurisdictionCode":null,"ownerName":"JUMPING RUN LAND LLC","ownerName2":null,"propertyName":null,"zoningCode":null,"zoningDistrict":null,"jurisdictionPrefix":null,"dorCode":"VACANT","acreage":40.65,"centroid":[-81.46227,35.767614],"lastSale":{"date":"2021-03-01","price":null,"qualified":null},"tax":{"marketValue":288893.0,"assessedValue":null,"taxableValue":null,"taxes":null},"mailingAddress":{"line1":"1031 SOUTH CALDWELL ST","line2":"SUITE 110","city":"CHARLOTTE","state":"NC","zip":"28203"},"incomeTract":null,"incomeBlockGroup":null,"nearestRoad":null,"flu":null,"opportunityZone":null,"oz2Eligibility":null,"source":"nc-burke-parcels-37023","appraiserUrl":"http://taxweb.burkenc.org/CamaPWA/PropertySummary.aspx?REID=57065","gisViewerUrl":"https://gis.burkenc.org/"},"geometry":{"type":"Polygon","coordinates":[[[-81.462929,35.769145],[-81.462948,35.769148],[-81.462959,35.76918],[-81.463063,35.769176],[-81.463256,35.769249],[-81.463298,35.769245],[-81.463316,35.769222],[-81.463295,35.769198],[-81.463403,35.769184],[-81.463459,35.769147],[-81.463618,35.769166],[-81.463592,35.769116],[-81.463634,35.769093],[-81.463756,35.769164],[-81.464045,35.76915],[-81.464132,35.769053],[-81.464153,35.769051],[-81.464194,35.769092],[-81.464377,35.769081],[-81.464818,35.769032],[-81.464909,35.768995],[-81.465128,35.769041],[-81.465248,35.769093],[-81.466054,35.769036],[-81.466,35.768742],[-81.465904,35.768455],[-81.465767,35.768179],[-81.465592,35.767918],[-81.465314,35.76761],[-81.464131,35.766488],[-81.464024,35.766363],[-81.463946,35.766225],[-81.463898,35.766078],[-81.463882,35.765926],[-81.463899,35.765774],[-81.463947,35.765627],[-81.464026,35.765489],[-81.464252,35.765246],[-81.463946,35.765093],[-81.462048,35.764312],[-81.461822,35.764181],[-81.46158,35.763965],[-81.461489,35.764152],[-81.461506,35.764248],[-81.461463,35.764326],[-81.461451,35.764447],[-81.461504,35.764502],[-81.461574,35.764855],[-81.46151,35.764959],[-81.461516,35.765158],[-81.461617,35.765286],[-81.461701,35.765479],[-81.461711,35.765616],[-81.461673,35.765738],[-81.461798,35.765837],[-81.461918,35.766225],[-81.461713,35.76638],[-81.461745,35.766528],[-81.461633,35.766731],[-81.461581,35.766755],[-81.461479,35.766583],[-81.461375,35.766645],[-81.461366,35.766786],[-81.461271,35.766821],[-81.461136,35.766776],[-81.461103,35.766741],[-81.461024,35.766776],[-81.460974,35.766875],[-81.460884,35.766934],[-81.460753,35.766942],[-81.460272,35.767044],[-81.459975,35.767184],[-81.4599,35.767318],[-81.459891,35.767452],[-81.459724,35.767591],[-81.459575,35.767858],[-81.45981,35.767789],[-81.459925,35.76782],[-81.459966,35.767862],[-81.46004,35.767867],[-81.460095,35.767834],[-81.460527,35.768116],[-81.460534,35.768199],[-81.460674,35.768238],[-81.46073,35.768276],[-81.460756,35.768332],[-81.460842,35.768394],[-81.460891,35.768466],[-81.460941,35.768443],[-81.460991,35.768525],[-81.461147,35.768544],[-81.461151,35.768635],[-81.461177,35.768662],[-81.461203,35.768665],[-81.461264,35.768614],[-81.461355,35.768597],[-81.461378,35.768706],[-81.461486,35.768659],[-81.461525,35.768719],[-81.461583,35.768709],[-81.46164,35.768742],[-81.461669,35.768789],[-81.461783,35.768813],[-81.461759,35.768835],[-81.461893,35.768946],[-81.462118,35.768946],[-81.462186,35.768992],[-81.462284,35.769024],[-81.462464,35.769005],[-81.46254,35.769019],[-81.4626,35.769057],[-81.462633,35.769111],[-81.462628,35.769148],[-81.462675,35.769163],[-81.462847,35.769125],[-81.462929,35.769145]]]}},{"type":"Feature","id":"37023:2764836175","properties":{"id":"37023:2764836175","parcelId":"2764836175","countyFips":"37023","countyName":"Burke","state":"North Carolina","marketIds":["Asheville"],"situsAddress":"0 JUMPING RUN","situsCity":"CONNELLY SPRINGS","situsZip":"28612","jurisdictionCode":null,"ownerName":"JUMPING RUN LAND LLC","ownerName2":null,"propertyName":null,"zoningCode":null,"zoningDistrict":null,"jurisdictionPrefix":null,"dorCode":"VACANT","acreage":12.59,"centroid":[-81.464615,35.765805],"lastSale":{"date":"2021-03-01","price":null,"qualified":null},"tax":{"marketValue":121936.0,"assessedValue":null,"taxableValue":null,"taxes":null},"mailingAddress":{"line1":"1031 SOUTH CALDWELL ST","line2":"SUITE 110","city":"CHARLOTTE","state":"NC","zip":"28203"},"incomeTract":null,"incomeBlockGroup":null,"nearestRoad":null,"flu":null,"opportunityZone":null,"oz2Eligibility":null,"source":"nc-burke-parcels-37023","appraiserUrl":"http://taxweb.burkenc.org/CamaPWA/PropertySummary.aspx?REID=64831","gisViewerUrl":"https://gis.burkenc.org/"},"geometry":{"type":"Polygon","coordinates":[[[-81.464379,35.765337],[-81.464263,35.765452],[-81.464172,35.765557],[-81.464105,35.765674],[-81.464065,35.765798],[-81.464051,35.765926],[-81.464064,35.766054],[-81.464104,35.766178],[-81.46417,35.766294],[-81.46426,35.7664],[-81.465442,35.767521],[-81.465699,35.767799],[-81.465909,35.768103],[-81.466069,35.768426],[-81.466177,35.768763],[-81.46623,35.769109],[-81.466227,35.769457],[-81.466169,35.769802],[-81.466056,35.770138],[-81.46589,35.770482],[-81.466124,35.770592],[-81.466258,35.77063],[-81.466401,35.770629],[-81.466535,35.770591],[-81.46669,35.770473],[-81.466757,35.770309],[-81.466972,35.767868],[-81.466959,35.767727],[-81.466934,35.767659],[-81.46685,35.767535],[-81.466031,35.766676],[-81.465597,35.766451],[-81.465518,35.76638],[-81.465457,35.766245],[-81.465482,35.766062],[-81.465287,35.765997],[-81.465066,35.765884],[-81.464826,35.765709],[-81.464379,35.765337]]]}},{"type":"Feature","id":"37023:2764758219","properties":{"id":"37023:2764758219","parcelId":"2764758219","countyFips":"37023","countyName":"Burke","state":"North Carolina","marketIds":["Asheville"],"situsAddress":"0 SUNLIGHT DR","situsCity":"CONNELLY SPRINGS","situsZip":"28612","jurisdictionCode":null,"ownerName":"JUMPING RUN LAND LLC","ownerName2":null,"propertyName":null,"zoningCode":null,"zoningDistrict":null,"jurisdictionPrefix":null,"dorCode":"VACANT","acreage":60.04,"centroid":[-81.468831,35.773021],"lastSale":{"date":"2021-03-01","price":null,"qualified":null},"tax":{"marketValue":404263.0,"assessedValue":null,"taxableValue":null,"taxes":null},"mailingAddress":{"line1":"1031 SOUTH CALDWELL ST","line2":"SUITE 110","city":"CHARLOTTE","state":"NC","zip":"28203"},"incomeTract":null,"incomeBlockGroup":null,"nearestRoad":null,"flu":null,"opportunityZone":null,"oz2Eligibility":null,"source":"nc-burke-parcels-37023","appraiserUrl":"http://taxweb.burkenc.org/CamaPWA/PropertySummary.aspx?REID=64832","gisViewerUrl":"https://gis.burkenc.org/"},"geometry":{"type":"Polygon","coordinates":[[[-81.468087,35.775143],[-81.468048,35.775272],[-81.468113,35.775313],[-81.46817,35.775305],[-81.468439,35.775595],[-81.46851,35.775743],[-81.468662,35.775886],[-81.468801,35.77593],[-81.468905,35.775934],[-81.469132,35.775993],[-81.469172,35.776035],[-81.469191,35.776089],[-81.469257,35.776127],[-81.469218,35.77624],[-81.469291,35.776329],[-81.469309,35.776443],[-81.46952,35.776585],[-81.469561,35.776515],[-81.469487,35.776418],[-81.469977,35.776193],[-81.470055,35.775868],[-81.470131,35.775704],[-81.47029,35.775629],[-81.470371,35.775504],[-81.470428,35.775346],[-81.470548,35.775205],[-81.470581,35.775132],[-81.470605,35.775241],[-81.470663,35.775265],[-81.470764,35.774983],[-81.470858,35.77491],[-81.47087,35.774779],[-81.470782,35.774703],[-81.470903,35.774701],[-81.470941,35.774591],[-81.470949,35.774383],[-81.471106,35.774155],[-81.471258,35.774157],[-81.471236,35.774009],[-81.47132,35.77392],[-81.471265,35.7738],[-81.471313,35.773756],[-81.471441,35.773733],[-81.471476,35.773686],[-81.471456,35.773653],[-81.471513,35.77354],[-81.471489,35.77349],[-81.47155,35.773315],[-81.471646,35.773169],[-81.471618,35.772983],[-81.471623,35.772612],[-81.471591,35.772548],[-81.471592,35.772385],[-81.471559,35.772282],[-81.471556,35.771982],[-81.471582,35.771783],[-81.471728,35.771519],[-81.471711,35.771383],[-81.471735,35.77137],[-81.471702,35.771194],[-81.471329,35.771209],[-81.466844,35.771135],[-81.467029,35.769757],[-81.467303,35.765982],[-81.466384,35.766087],[-81.465922,35.766105],[-81.46563,35.766091],[-81.465608,35.766231],[-81.465644,35.766311],[-81.465721,35.76637],[-81.466063,35.766535],[-81.466204,35.766649],[-81.46697,35.76746],[-81.467076,35.767615],[-81.467107,35.7677],[-81.467124,35.767877],[-81.466895,35.770391],[-81.466827,35.770527],[-81.466712,35.77064],[-81.466475,35.770742],[-81.466704,35.771171],[-81.465192,35.772707],[-81.464231,35.771776],[-81.464152,35.771827],[-81.465114,35.77276],[-81.464841,35.77302],[-81.46485,35.773117],[-81.465022,35.773237],[-81.463904,35.774129],[-81.463979,35.774185],[-81.465109,35.773283],[-81.466211,35.773868],[-81.467577,35.774524],[-81.467609,35.77456],[-81.467636,35.774658],[-81.467759,35.774678],[-81.467925,35.774772],[-81.468057,35.774939],[-81.468087,35.775143]]]}},{"type":"Feature","id":"37023:2774041751","properties":{"id":"37023:2774041751","parcelId":"2774041751","countyFips":"37023","countyName":"Burke","state":"North Carolina","marketIds":["Asheville"],"situsAddress":"1716 JUMPING RUN","situsCity":"CONNELLY SPRINGS","situsZip":"28612","jurisdictionCode":null,"ownerName":"CAMPFIELD, BENJAMIN CASEY;CAMPFIELD, CHRISTINE MARIE","ownerName2":null,"propertyName":null,"zoningCode":null,"zoningDistrict":null,"jurisdictionPrefix":null,"dorCode":"SINGLE FAMILY RES","acreage":5.53,"centroid":[-81.460948,35.771528],"lastSale":{"date":"2022-08-31","price":null,"qualified":null},"tax":{"marketValue":586744.0,"assessedValue":null,"taxableValue":null,"taxes":null},"mailingAddress":{"line1":"15141 74TH AVE NORTH","line2":null,"city":"WEST PALM BEACH","state":"FL","zip":"33418"},"incomeTract":null,"incomeBlockGroup":null,"nearestRoad":null,"flu":null,"opportunityZone":null,"oz2Eligibility":null,"source":"nc-burke-parcels-37023","appraiserUrl":"http://taxweb.burkenc.org/CamaPWA/PropertySummary.aspx?REID=64844","gisViewerUrl":"https://gis.burkenc.org/"},"geometry":{"type":"Polygon","coordinates":[[[-81.459306,35.770947],[-81.461356,35.772339],[-81.461589,35.772308],[-81.461831,35.772303],[-81.461859,35.772285],[-81.461785,35.771826],[-81.461711,35.771615],[-81.461568,35.77143],[-81.461474,35.771351],[-81.460564,35.770686],[-81.459185,35.770557],[-81.459146,35.770684],[-81.459306,35.770947]]]}},{"type":"Feature","id":"37023:2764952055","properties":{"id":"37023:2764952055","parcelId":"2764952055","countyFips":"37023","countyName":"Burke","state":"North Carolina","marketIds":["Asheville"],"situsAddress":"1010 JUMPING RUN","situsCity":"CONNELLY SPRINGS","situsZip":"28612","jurisdictionCode":null,"ownerName":"JUMPING RUN LAND LLC","ownerName2":null,"propertyName":null,"zoningCode":null,"zoningDistrict":null,"jurisdictionPrefix":null,"dorCode":"VACANT","acreage":35.35,"centroid":[-81.454271,35.780151],"lastSale":{"date":"2021-03-01","price":null,"qualified":null},"tax":{"marketValue":1768.0,"assessedValue":null,"taxableValue":null,"taxes":null},"mailingAddress":{"line1":"1031 SOUTH CALDWELL ST","line2":"SUITE 110","city":"CHARLOTTE","state":"NC","zip":"28203"},"incomeTract":null,"incomeBlockGroup":null,"nearestRoad":null,"flu":null,"opportunityZone":null,"oz2Eligibility":null,"source":"nc-burke-parcels-37023","appraiserUrl":"http://taxweb.burkenc.org/CamaPWA/PropertySummary.aspx?REID=64968","gisViewerUrl":"https://gis.burkenc.org/"},"geometry":{"type":"Polygon","coordinates":[[[-81.446562,35.783041],[-81.446568,35.783042],[-81.446687,35.783016],[-81.446754,35.782931],[-81.4467,35.782774],[-81.446822,35.782115],[-81.446786,35.781521],[-81.446851,35.7813],[-81.446988,35.781102],[-81.447365,35.780855],[-81.448712,35.78056],[-81.44904,35.780338],[-81.449284,35.780528],[-81.449465,35.78076],[-81.44974,35.781403],[-81.450089,35.781835],[-81.450266,35.782324],[-81.449288,35.782597],[-81.449315,35.782676],[-81.450919,35.782324],[-81.450877,35.782206],[-81.450416,35.782293],[-81.450223,35.781776],[-81.449868,35.781334],[-81.44961,35.780719],[-81.449122,35.780207],[-81.449795,35.779203],[-81.450026,35.779032],[-81.450313,35.778934],[-81.45068,35.778924],[-81.452326,35.779214],[-81.452828,35.779207],[-81.453418,35.779115],[-81.453782,35.779789],[-81.45466,35.780537],[-81.454782,35.780728],[-81.454816,35.78092],[-81.454684,35.781266],[-81.454314,35.781501],[-81.453976,35.781536],[-81.45371,35.78146],[-81.453567,35.781296],[-81.453717,35.781266],[-81.453712,35.781142],[-81.45355,35.781138],[-81.453535,35.781006],[-81.453383,35.78101],[-81.453427,35.781349],[-81.453593,35.781542],[-81.453865,35.781648],[-81.454215,35.781651],[-81.454545,35.781545],[-81.454762,35.781387],[-81.454911,35.781173],[-81.454968,35.780928],[-81.454929,35.780698],[-81.454755,35.780435],[-81.453921,35.779736],[-81.453571,35.779067],[-81.454878,35.778537],[-81.455765,35.77838],[-81.45593,35.778398],[-81.455994,35.779704],[-81.45588,35.7799],[-81.455934,35.779993],[-81.456051,35.780029],[-81.456167,35.779989],[-81.456217,35.779896],[-81.456139,35.779776],[-81.456095,35.778382],[-81.457947,35.77833],[-81.457961,35.779124],[-81.457522,35.780423],[-81.457615,35.781268],[-81.457542,35.781488],[-81.457359,35.781603],[-81.457402,35.781755],[-81.457575,35.781783],[-81.457679,35.781688],[-81.457772,35.781202],[-81.457672,35.78044],[-81.458018,35.779552],[-81.45892,35.779774],[-81.45953,35.779997],[-81.460116,35.780395],[-81.460562,35.78096],[-81.460765,35.78159],[-81.460428,35.781672],[-81.459735,35.781732],[-81.459684,35.781595],[-81.459533,35.781608],[-81.45954,35.78174],[-81.45938,35.781762],[-81.459396,35.781885],[-81.460444,35.781795],[-81.460834,35.781705],[-81.461162,35.781983],[-81.461239,35.782135],[-81.461461,35.782137],[-81.46152,35.78204],[-81.46149,35.781955],[-81.461252,35.781882],[-81.460986,35.781648],[-81.460689,35.780887],[-81.460304,35.780384],[-81.460045,35.78016],[-81.459429,35.779808],[-81.458049,35.779424],[-81.458127,35.778854],[-81.458101,35.778325],[-81.458724,35.778273],[-81.459132,35.778167],[-81.459485,35.77798],[-81.459762,35.77773],[-81.459984,35.777348],[-81.460109,35.776349],[-81.460296,35.775996],[-81.460484,35.775793],[-81.461383,35.776331],[-81.461779,35.776778],[-81.462003,35.777231],[-81.46234,35.778487],[-81.461757,35.778736],[-81.461588,35.778969],[-81.461555,35.779156],[-81.462104,35.78047],[-81.462199,35.780442],[-81.461694,35.77932],[-81.461661,35.779083],[-81.461764,35.778859],[-81.461899,35.778743],[-81.462357,35.778584],[-81.463413,35.780155],[-81.463442,35.780284],[-81.463604,35.780353],[-81.463737,35.780281],[-81.463736,35.780149],[-81.463478,35.780009],[-81.462876,35.77915],[-81.462535,35.778556],[-81.462345,35.778033],[-81.462146,35.777188],[-81.461891,35.776687],[-81.461362,35.776141],[-81.46055,35.77567],[-81.460697,35.775298],[-81.460702,35.774962],[-81.460283,35.773997],[-81.460247,35.773497],[-81.460398,35.773111],[-81.460705,35.772778],[-81.461131,35.772546],[-81.461374,35.772477],[-81.461887,35.772444],[-81.46298,35.772645],[-81.463145,35.773341],[-81.463384,35.773792],[-81.463558,35.774003],[-81.463174,35.774468],[-81.463047,35.774715],[-81.46293,35.775241],[-81.462943,35.775508],[-81.463003,35.775771],[-81.46319,35.776163],[-81.463938,35.777132],[-81.464115,35.777493],[-81.464091,35.777969],[-81.463989,35.778174],[-81.463803,35.778276],[-81.463842,35.778441],[-81.464002,35.778469],[-81.464114,35.77838],[-81.46411,35.778261],[-81.464281,35.777815],[-81.464272,35.777509],[-81.464066,35.777066],[-81.463297,35.776063],[-81.463107,35.775574],[-81.463081,35.775315],[-81.463103,35.775056],[-81.463287,35.77456],[-81.463649,35.774128],[-81.46435,35.774541],[-81.465363,35.774958],[-81.465608,35.775247],[-81.465784,35.775803],[-81.465984,35.776096],[-81.466707,35.776585],[-81.466922,35.776535],[-81.466945,35.776435],[-81.466895,35.776361],[-81.466537,35.776316],[-81.466061,35.775972],[-81.465908,35.775717],[-81.46576,35.775226],[-81.465543,35.77493],[-81.465316,35.774774],[-81.464246,35.774348],[-81.463713,35.77396],[-81.46331,35.773358],[-81.463139,35.772636],[-81.46365,35.772386],[-81.464152,35.771827],[-81.465139,35.771263],[-81.4658,35.770605],[-81.466132,35.77073],[-81.466389,35.770755],[-81.46664,35.770684],[-81.466827,35.770527],[-81.466908,35.770318],[-81.467124,35.767877],[-81.46703,35.767534],[-81.466138,35.766588],[-81.465666,35.766334],[-81.465608,35.766231],[-81.46563,35.766091],[-81.465482,35.766062],[-81.465457,35.766245],[-81.465518,35.76638],[-81.466083,35.766724],[-81.46685,35.767535],[-81.466972,35.767797],[-81.466746,35.770367],[-81.466535,35.770591],[-81.466189,35.770616],[-81.465888,35.770473],[-81.466169,35.769802],[-81.466227,35.769457],[-81.46623,35.769109],[-81.466069,35.768426],[-81.465699,35.767799],[-81.46426,35.7664],[-81.464104,35.766178],[-81.464065,35.765798],[-81.464172,35.765557],[-81.464379,35.765337],[-81.464252,35.765246],[-81.464026,35.765489],[-81.463882,35.765926],[-81.464024,35.766363],[-81.465381,35.767676],[-81.465767,35.768179],[-81.465904,35.768455],[-81.466,35.768742],[-81.466067,35.769314],[-81.465979,35.769867],[-81.465879,35.770134],[-81.465714,35.770405],[-81.465007,35.770192],[-81.463897,35.770194],[-81.463183,35.770134],[-81.462085,35.769818],[-81.461502,35.769522],[-81.461382,35.769369],[-81.461166,35.769417],[-81.461142,35.769517],[-81.461221,35.769609],[-81.461418,35.769626],[-81.46203,35.769931],[-81.462827,35.770187],[-81.463801,35.770309],[-81.465031,35.770313],[-81.465646,35.77053],[-81.465435,35.77079],[-81.46492,35.771223],[-81.464042,35.771723],[-81.46349,35.772319],[-81.463231,35.772447],[-81.462935,35.772501],[-81.461975,35.772309],[-81.461858,35.771708],[-81.461659,35.77139],[-81.460631,35.770625],[-81.460564,35.770686],[-81.461647,35.771518],[-81.461757,35.771719],[-81.46186,35.772281],[-81.461128,35.772398],[-81.460715,35.77259],[-81.46032,35.772946],[-81.460144,35.773254],[-81.460068,35.773791],[-81.460187,35.774194],[-81.460512,35.774876],[-81.460514,35.775345],[-81.459936,35.776346],[-81.459798,35.777371],[-81.45959,35.77769],[-81.459273,35.777941],[-81.458703,35.778137],[-81.4561,35.778234],[-81.455781,35.777255],[-81.45557,35.776913],[-81.45509,35.776574],[-81.454699,35.776461],[-81.454388,35.776439],[-81.453921,35.776512],[-81.453465,35.776683],[-81.453263,35.776679],[-81.453181,35.776744],[-81.453173,35.776849],[-81.453245,35.776921],[-81.453383,35.776935],[-81.453542,35.776791],[-81.454253,35.776571],[-81.454649,35.776579],[-81.455022,35.776685],[-81.455336,35.776879],[-81.455563,35.777142],[-81.455883,35.777949],[-81.455911,35.778229],[-81.454843,35.778402],[-81.453285,35.778992],[-81.452521,35.779082],[-81.451853,35.779005],[-81.451915,35.778595],[-81.451804,35.778289],[-81.451477,35.777893],[-81.45102,35.777715],[-81.450668,35.777722],[-81.450004,35.777888],[-81.449821,35.777842],[-81.449572,35.777665],[-81.449372,35.777595],[-81.449117,35.777597],[-81.448598,35.777746],[-81.448105,35.777533],[-81.447826,35.777504],[-81.447454,35.777668],[-81.447205,35.778162],[-81.446732,35.778531],[-81.44647,35.778347],[-81.446383,35.778175],[-81.446168,35.778187],[-81.446116,35.77828],[-81.446161,35.77838],[-81.446369,35.77844],[-81.44754,35.779374],[-81.447646,35.779285],[-81.447537,35.779188],[-81.447643,35.779087],[-81.447535,35.779001],[-81.447395,35.779085],[-81.44684,35.778628],[-81.447332,35.778231],[-81.447564,35.777753],[-81.447802,35.777632],[-81.448052,35.777647],[-81.448365,35.777818],[-81.448596,35.777869],[-81.448809,35.777847],[-81.449147,35.777718],[-81.449338,35.777716],[-81.449745,35.777949],[-81.449991,35.778011],[-81.450741,35.777837],[-81.45108,35.777852],[-81.451484,35.778081],[-81.451695,35.778387],[-81.451763,35.778598],[-81.451672,35.778972],[-81.450538,35.778776],[-81.450174,35.778823],[-81.449879,35.778948],[-81.44962,35.779166],[-81.448865,35.780291],[-81.448678,35.780423],[-81.44737,35.780705],[-81.44691,35.780954],[-81.445861,35.780705],[-81.445832,35.780784],[-81.446824,35.781036],[-81.446632,35.781429],[-81.446646,35.782167],[-81.446533,35.78275],[-81.446421,35.78289],[-81.446455,35.782989],[-81.446562,35.783041]]]}},{"type":"Feature","id":"37023:2764660237","properties":{"id":"37023:2764660237","parcelId":"2764660237","countyFips":"37023","countyName":"Burke","state":"North Carolina","marketIds":["Asheville"],"situsAddress":"1100 CORDOVA DR","situsCity":"CONNELLY SPRINGS","situsZip":"28612","jurisdictionCode":null,"ownerName":"SHRADER, DAVID SHULER;SHRADER, VICKI LYNN","ownerName2":null,"propertyName":null,"zoningCode":null,"zoningDistrict":null,"jurisdictionPrefix":null,"dorCode":"SINGLE FAMILY RES","acreage":6.2,"centroid":[-81.474932,35.775178],"lastSale":{"date":"2025-02-28","price":null,"qualified":null},"tax":{"marketValue":823304.0,"assessedValue":null,"taxableValue":null,"taxes":null},"mailingAddress":{"line1":"1100 CORDOVA DR","line2":null,"city":"CONNELLY SPRINGS","state":"NC","zip":"28612"},"incomeTract":null,"incomeBlockGroup":null,"nearestRoad":null,"flu":null,"opportunityZone":null,"oz2Eligibility":null,"source":"nc-burke-parcels-37023","appraiserUrl":"http://taxweb.burkenc.org/CamaPWA/PropertySummary.aspx?REID=66941","gisViewerUrl":"https://gis.burkenc.org/"},"geometry":{"type":"Polygon","coordinates":[[[-81.4731,35.775308],[-81.473509,35.775481],[-81.475082,35.776144],[-81.475271,35.775926],[-81.475537,35.775716],[-81.475759,35.775421],[-81.476067,35.77535],[-81.475972,35.775071],[-81.475916,35.774972],[-81.475825,35.774892],[-81.475708,35.774838],[-81.475577,35.774816],[-81.474904,35.774796],[-81.474223,35.774883],[-81.474037,35.774884],[-81.47386,35.774837],[-81.473497,35.774683],[-81.4731,35.775308]]]}},{"type":"Feature","id":"37023:2764218704","properties":{"id":"37023:2764218704","parcelId":"2764218704","countyFips":"37023","countyName":"Burke","state":"North Carolina","marketIds":["Asheville"],"situsAddress":"0 KNOX AVE","situsCity":"CONNELLY SPRINGS","situsZip":"28612","jurisdictionCode":null,"ownerName":"YANG, CHANG;YANG, MAI XIONG","ownerName2":null,"propertyName":null,"zoningCode":null,"zoningDistrict":null,"jurisdictionPrefix":null,"dorCode":"VACANT","acreage":7.07,"centroid":[-81.484987,35.76268],"lastSale":{"date":"2013-06-12","price":null,"qualified":null},"tax":{"marketValue":41849.0,"assessedValue":null,"taxableValue":null,"taxes":null},"mailingAddress":{"line1":"711 29TH AVE NE APT 2","line2":null,"city":"MENOMONIE","state":"WI","zip":"54751"},"incomeTract":null,"incomeBlockGroup":null,"nearestRoad":null,"flu":null,"opportunityZone":null,"oz2Eligibility":null,"source":"nc-burke-parcels-37023","appraiserUrl":"http://taxweb.burkenc.org/CamaPWA/PropertySummary.aspx?REID=39574","gisViewerUrl":"https://gis.burkenc.org/"},"geometry":{"type":"Polygon","coordinates":[[[-81.483549,35.762396],[-81.484177,35.762632],[-81.484429,35.762925],[-81.484542,35.762944],[-81.484958,35.763252],[-81.485242,35.763256],[-81.485455,35.763319],[-81.486133,35.763258],[-81.48636,35.763351],[-81.486372,35.761958],[-81.485147,35.762235],[-81.484258,35.761708],[-81.484213,35.761609],[-81.483549,35.762396]]]}},{"type":"Feature","id":"37023:2764632461","properties":{"id":"37023:2764632461","parcelId":"2764632461","countyFips":"37023","countyName":"Burke","state":"North Carolina","marketIds":["Asheville"],"situsAddress":"1701 SHUFORD FARM RD","situsCity":"CONNELLY SPRINGS","situsZip":"28612","jurisdictionCode":null,"ownerName":"DAVIS, TANYA CELESTE;DAVIS, NATHAN E","ownerName2":null,"propertyName":null,"zoningCode":null,"zoningDistrict":null,"jurisdictionPrefix":null,"dorCode":"SINGLE FAMILY RES","acreage":24.29,"centroid":[-81.474075,35.767853],"lastSale":{"date":"2021-02-01","price":null,"qualified":null},"tax":{"marketValue":442311.0,"assessedValue":null,"taxableValue":null,"taxes":null},"mailingAddress":{"line1":"1701 SHUFORD FARM RD","line2":null,"city":"CONNELLY SPRINGS","state":"NC","zip":"28612"},"incomeTract":null,"incomeBlockGroup":null,"nearestRoad":null,"flu":null,"opportunityZone":null,"oz2Eligibility":null,"source":"nc-burke-parcels-37023","appraiserUrl":"http://taxweb.burkenc.org/CamaPWA/PropertySummary.aspx?REID=67378","gisViewerUrl":"https://gis.burkenc.org/"},"geometry":{"type":"Polygon","coordinates":[[[-81.471517,35.768921],[-81.471639,35.768923],[-81.473918,35.768979],[-81.473974,35.768307],[-81.476414,35.768368],[-81.476395,35.768112],[-81.476178,35.767768],[-81.476136,35.767548],[-81.476149,35.767362],[-81.47629,35.766639],[-81.471433,35.766545],[-81.471425,35.76731],[-81.471511,35.767313],[-81.471517,35.768921]]]}},{"type":"Feature","id":"37023:2764500693","properties":{"id":"37023:2764500693","parcelId":"2764500693","countyFips":"37023","countyName":"Burke","state":"North Carolina","marketIds":["Asheville"],"situsAddress":"0 KNOX AVE","situsCity":"CONNELLY SPRINGS","situsZip":"28612","jurisdictionCode":null,"ownerName":"MICOL, FREDDIE R","ownerName2":null,"propertyName":null,"zoningCode":null,"zoningDistrict":null,"jurisdictionPrefix":null,"dorCode":"VACANT","acreage":5.17,"centroid":[-81.47717,35.759851],"lastSale":{"date":"2018-12-06","price":null,"qualified":null},"tax":{"marketValue":36319.0,"assessedValue":null,"taxableValue":null,"taxes":null},"mailingAddress":{"line1":"7549 DECKER RD","line2":null,"city":"CONNELLY SPRINGS","state":"NC","zip":"28612"},"incomeTract":null,"incomeBlockGroup":null,"nearestRoad":null,"flu":null,"opportunityZone":null,"oz2Eligibility":null,"source":"nc-burke-parcels-37023","appraiserUrl":"http://taxweb.burkenc.org/CamaPWA/PropertySummary.aspx?REID=45438","gisViewerUrl":"https://gis.burkenc.org/"},"geometry":{"type":"Polygon","coordinates":[[[-81.476569,35.760326],[-81.476521,35.760597],[-81.477969,35.760531],[-81.477973,35.758872],[-81.476817,35.75893],[-81.476569,35.760326]]]}},{"type":"Feature","id":"37023:2773965859","properties":{"id":"37023:2773965859","parcelId":"2773965859","countyFips":"37023","countyName":"Burke","state":"North Carolina","marketIds":["Asheville"],"situsAddress":"1183 CAPE HICKORY RD","situsCity":"HICKORY","situsZip":"28601","jurisdictionCode":null,"ownerName":"BURKE CO BOARD OF EDUCATION","ownerName2":null,"propertyName":null,"zoningCode":null,"zoningDistrict":null,"jurisdictionPrefix":null,"dorCode":"SCHOOL/EDUCATION","acreage":22.24,"centroid":[-81.428435,35.750647],"lastSale":{"date":"1998-01-09","price":95000.0,"qualified":null},"tax":{"marketValue":null,"assessedValue":null,"taxableValue":null,"taxes":null},"mailingAddress":{"line1":"PO DRAWER 989","line2":null,"city":"MORGANTON","state":"NC","zip":"28680"},"incomeTract":null,"incomeBlockGroup":null,"nearestRoad":null,"flu":null,"opportunityZone":null,"oz2Eligibility":null,"source":"nc-burke-parcels-37023","appraiserUrl":"http://taxweb.burkenc.org/CamaPWA/PropertySummary.aspx?REID=45459","gisViewerUrl":"https://gis.burkenc.org/"},"geometry":{"type":"Polygon","coordinates":[[[-81.429277,35.748975],[-81.428,35.749366],[-81.426796,35.749582],[-81.426782,35.750906],[-81.426794,35.750947],[-81.427633,35.751882],[-81.428262,35.75252],[-81.428695,35.75292],[-81.429384,35.750929],[-81.430866,35.75026],[-81.4303,35.748825],[-81.429277,35.748975]]]}},{"type":"Feature","id":"37023:2773165969","properties":{"id":"37023:2773165969","parcelId":"2773165969","countyFips":"37023","countyName":"Burke","state":"North Carolina","marketIds":["Asheville"],"situsAddress":"0 GUS ICARD ST","situsCity":"CONNELLY SPRINGS","situsZip":"28612","jurisdictionCode":null,"ownerName":"YANG, ZA;THAO, KIA","ownerName2":null,"propertyName":null,"zoningCode":null,"zoningDistrict":null,"jurisdictionPrefix":null,"dorCode":"VACANT","acreage":5.0,"centroid":[-81.45546,35.750308],"lastSale":{"date":"2017-08-31","price":null,"qualified":null},"tax":{"marketValue":36800.0,"assessedValue":null,"taxableValue":null,"taxes":null},"mailingAddress":{"line1":"15825 BRANDT RD","line2":null,"city":"LODI","state":"CA","zip":"95240"},"incomeTract":null,"incomeBlockGroup":null,"nearestRoad":null,"flu":null,"opportunityZone":null,"oz2Eligibility":null,"source":"nc-burke-parcels-37023","appraiserUrl":"http://taxweb.burkenc.org/CamaPWA/PropertySummary.aspx?REID=49754","gisViewerUrl":"https://gis.burkenc.org/"},"geometry":{"type":"Polygon","coordinates":[[[-81.454273,35.750522],[-81.456238,35.750599],[-81.45627,35.7506],[-81.456327,35.74999],[-81.454194,35.749827],[-81.454273,35.750522]]]}},{"type":"Feature","id":"37023:2763179491","properties":{"id":"37023:2763179491","parcelId":"2763179491","countyFips":"37023","countyName":"Burke","state":"North Carolina","marketIds":["Asheville"],"situsAddress":"0 NOLDEN CREEK RD","situsCity":"CONNELLY SPRINGS","situsZip":"28612","jurisdictionCode":null,"ownerName":"LAIL, JUDY","ownerName2":null,"propertyName":null,"zoningCode":null,"zoningDistrict":null,"jurisdictionPrefix":null,"dorCode":"VACANT","acreage":7.09,"centroid":[-81.487846,35.750782],"lastSale":{"date":"2000-10-09","price":null,"qualified":null},"tax":{"marketValue":41262.0,"assessedValue":null,"taxableValue":null,"taxes":null},"mailingAddress":{"line1":"7104 KNOX AVE","line2":null,"city":"CONNELLY SPRINGS","state":"NC","zip":"28612"},"incomeTract":null,"incomeBlockGroup":null,"nearestRoad":null,"flu":null,"opportunityZone":null,"oz2Eligibility":null,"source":"nc-burke-parcels-37023","appraiserUrl":"http://taxweb.burkenc.org/CamaPWA/PropertySummary.aspx?REID=55115","gisViewerUrl":"https://gis.burkenc.org/"},"geometry":{"type":"Polygon","coordinates":[[[-81.486323,35.751538],[-81.486495,35.752067],[-81.486629,35.751864],[-81.486745,35.751768],[-81.486769,35.75171],[-81.486816,35.751685],[-81.486914,35.751571],[-81.487072,35.751453],[-81.487228,35.751289],[-81.487392,35.751196],[-81.487616,35.751119],[-81.487741,35.751104],[-81.487927,35.751027],[-81.488068,35.751017],[-81.488144,35.750988],[-81.488183,35.750946],[-81.488228,35.750845],[-81.488425,35.750743],[-81.488581,35.750572],[-81.488663,35.750514],[-81.48873,35.75036],[-81.488814,35.750269],[-81.488917,35.750204],[-81.488974,35.750127],[-81.490144,35.749459],[-81.490091,35.749345],[-81.489488,35.749468],[-81.488764,35.7497],[-81.488505,35.749744],[-81.4881,35.749768],[-81.487892,35.749814],[-81.486493,35.751234],[-81.485983,35.750989],[-81.485905,35.751078],[-81.486323,35.751538]]]}},{"type":"Feature","id":"37023:2783281065","properties":{"id":"37023:2783281065","parcelId":"2783281065","countyFips":"37023","countyName":"Burke","state":"North Carolina","marketIds":["Asheville"],"situsAddress":"0 BOWMAN LOWMAN AVE","situsCity":"HICKORY","situsZip":"28601","jurisdictionCode":null,"ownerName":"WILSON, DUSTIN RAY","ownerName2":null,"propertyName":null,"zoningCode":null,"zoningDistrict":null,"jurisdictionPrefix":null,"dorCode":"VACANT","acreage":5.51,"centroid":[-81.419803,35.753794],"lastSale":{"date":"2011-12-01","price":null,"qualified":null},"tax":{"marketValue":29038.0,"assessedValue":null,"taxableValue":null,"taxes":null},"mailingAddress":{"line1":"9041 BOWMAN LOWMAN AVENUE","line2":null,"city":"HICKORY","state":"NC","zip":"28601"},"incomeTract":null,"incomeBlockGroup":null,"nearestRoad":null,"flu":null,"opportunityZone":null,"oz2Eligibility":null,"source":"nc-burke-parcels-37023","appraiserUrl":"http://taxweb.burkenc.org/CamaPWA/PropertySummary.aspx?REID=60665","gisViewerUrl":"https://gis.burkenc.org/"},"geometry":{"type":"Polygon","coordinates":[[[-81.419499,35.754881],[-81.4197,35.755026],[-81.420048,35.755167],[-81.420324,35.752894],[-81.420293,35.752875],[-81.41992,35.752885],[-81.418835,35.752833],[-81.419499,35.754881]]]}},{"type":"Feature","id":"37023:2784229176","properties":{"id":"37023:2784229176","parcelId":"2784229176","countyFips":"37023","countyName":"Burke","state":"North Carolina","marketIds":["Asheville"],"situsAddress":"0 TUCKER ST","situsCity":"HICKORY","situsZip":"28601","jurisdictionCode":null,"ownerName":"CRUMP, KENNETH ALAN;KENNETH ALAN CRUMP REVOCABLE TRUST","ownerName2":null,"propertyName":null,"zoningCode":null,"zoningDistrict":null,"jurisdictionPrefix":null,"dorCode":"VACANT","acreage":10.67,"centroid":[-81.417726,35.765509],"lastSale":{"date":"2026-02-19","price":null,"qualified":null},"tax":{"marketValue":42720.0,"assessedValue":null,"taxableValue":null,"taxes":null},"mailingAddress":{"line1":"5764 ELLENWOOD RD","line2":null,"city":"GRANITE FALLS","state":"NC","zip":"28630"},"incomeTract":null,"incomeBlockGroup":null,"nearestRoad":null,"flu":null,"opportunityZone":null,"oz2Eligibility":null,"source":"nc-burke-parcels-37023","appraiserUrl":"http://taxweb.burkenc.org/CamaPWA/PropertySummary.aspx?REID=60812","gisViewerUrl":"https://gis.burkenc.org/"},"geometry":{"type":"Polygon","coordinates":[[[-81.418089,35.766812],[-81.418546,35.766876],[-81.419363,35.764813],[-81.418813,35.764572],[-81.417162,35.763792],[-81.417163,35.764726],[-81.417066,35.765203],[-81.417046,35.765392],[-81.417095,35.765569],[-81.417341,35.765994],[-81.417431,35.766114],[-81.417602,35.766247],[-81.418089,35.766812]]]}},{"type":"Feature","id":"37023:2763865922","properties":{"id":"37023:2763865922","parcelId":"2763865922","countyFips":"37023","countyName":"Burke","state":"North Carolina","marketIds":["Asheville"],"situsAddress":"0 FULBRIGHT DR","situsCity":"CONNELLY SPRINGS","situsZip":"28612","jurisdictionCode":null,"ownerName":"PITTMAN, KATHY F;PITTMAN, TIMOTHY E","ownerName2":null,"propertyName":null,"zoningCode":null,"zoningDistrict":null,"jurisdictionPrefix":null,"dorCode":"VACANT","acreage":5.84,"centroid":[-81.465273,35.750673],"lastSale":{"date":"2012-09-28","price":null,"qualified":null},"tax":{"marketValue":48448.0,"assessedValue":null,"taxableValue":null,"taxes":null},"mailingAddress":{"line1":"2335 FULBRIGHT DRIVE","line2":null,"city":"CONNELLY SPRINGS","state":"NC","zip":"28612"},"incomeTract":null,"incomeBlockGroup":null,"nearestRoad":null,"flu":null,"opportunityZone":null,"oz2Eligibility":null,"source":"nc-burke-parcels-37023","appraiserUrl":"http://taxweb.burkenc.org/CamaPWA/PropertySummary.aspx?REID=60866","gisViewerUrl":"https://gis.burkenc.org/"},"geometry":{"type":"Polygon","coordinates":[[[-81.464652,35.750723],[-81.464593,35.751413],[-81.464577,35.751625],[-81.465384,35.751598],[-81.465577,35.751173],[-81.465392,35.750246],[-81.466441,35.750251],[-81.466129,35.74943],[-81.464711,35.749599],[-81.464652,35.750723]]]}},{"type":"Feature","id":"37023:2773077476","properties":{"id":"37023:2773077476","parcelId":"2773077476","countyFips":"37023","countyName":"Burke","state":"North Carolina","marketIds":["Asheville"],"situsAddress":"0 WADE DR","situsCity":"CONNELLY SPRINGS","situsZip":"28612","jurisdictionCode":null,"ownerName":"WALL, TROSSIE W JR;WALL, JOYCE W.;WALL, TROSSIE W III;WALL, SAMUEL GRADY;WALL, DANIEL C","ownerName2":null,"propertyName":null,"zoningCode":null,"zoningDistrict":null,"jurisdictionPrefix":null,"dorCode":"VACANT","acreage":10.03,"centroid":[-81.4578,35.75149],"lastSale":{"date":"2024-05-29","price":null,"qualified":null},"tax":{"marketValue":3337.0,"assessedValue":null,"taxableValue":null,"taxes":null},"mailingAddress":{"line1":"4298 SEITZ RD","line2":null,"city":"MORGANTON","state":"NC","zip":"28655"},"incomeTract":null,"incomeBlockGroup":null,"nearestRoad":null,"flu":null,"opportunityZone":null,"oz2Eligibility":null,"source":"nc-burke-parcels-37023","appraiserUrl":"http://taxweb.burkenc.org/CamaPWA/PropertySummary.aspx?REID=61027","gisViewerUrl":"https://gis.burkenc.org/"},"geometry":{"type":"Polygon","coordinates":[[[-81.456176,35.751462],[-81.456159,35.75162],[-81.456769,35.752518],[-81.45683,35.752513],[-81.456786,35.752449],[-81.459733,35.751621],[-81.4595,35.751321],[-81.459317,35.750986],[-81.459296,35.750886],[-81.459283,35.75053],[-81.457517,35.751042],[-81.456239,35.750934],[-81.456176,35.751462]]]}},{"type":"Feature","id":"37023:2773074864","properties":{"id":"37023:2773074864","parcelId":"2773074864","countyFips":"37023","countyName":"Burke","state":"North Carolina","marketIds":["Asheville"],"situsAddress":"0 WADE DR","situsCity":"CONNELLY SPRINGS","situsZip":"28612","jurisdictionCode":null,"ownerName":"GREENE, KYLE A;GREENE, KELSEY NICOLE","ownerName2":null,"propertyName":null,"zoningCode":null,"zoningDistrict":null,"jurisdictionPrefix":null,"dorCode":"VACANT","acreage":11.6,"centroid":[-81.459152,35.752548],"lastSale":{"date":"2018-07-24","price":null,"qualified":null},"tax":{"marketValue":78376.0,"assessedValue":null,"taxableValue":null,"taxes":null},"mailingAddress":{"line1":"2211 WADE DR","line2":null,"city":"CONNELLY SPRINGS","state":"NC","zip":"28612"},"incomeTract":null,"incomeBlockGroup":null,"nearestRoad":null,"flu":null,"opportunityZone":null,"oz2Eligibility":null,"source":"nc-burke-parcels-37023","appraiserUrl":"http://taxweb.burkenc.org/CamaPWA/PropertySummary.aspx?REID=61028","gisViewerUrl":"https://gis.burkenc.org/"},"geometry":{"type":"Polygon","coordinates":[[[-81.457163,35.753098],[-81.45818,35.753166],[-81.458917,35.753216],[-81.460784,35.753299],[-81.460546,35.752962],[-81.461264,35.752687],[-81.460726,35.752278],[-81.4605,35.752143],[-81.46002,35.751907],[-81.459907,35.751818],[-81.459733,35.751621],[-81.456786,35.752449],[-81.45683,35.752513],[-81.456769,35.752518],[-81.457163,35.753098]]]}},{"type":"Feature","id":"37023:2763979524","properties":{"id":"37023:2763979524","parcelId":"2763979524","countyFips":"37023","countyName":"Burke","state":"North Carolina","marketIds":["Asheville"],"situsAddress":"2185 WADE DRIVE EXT","situsCity":"CONNELLY SPRINGS","situsZip":"28612","jurisdictionCode":null,"ownerName":"BORDERS, BENJAMIN S;BORDERS, MELISSA P","ownerName2":null,"propertyName":null,"zoningCode":null,"zoningDistrict":null,"jurisdictionPrefix":null,"dorCode":"SINGLE FAMILY RES","acreage":10.01,"centroid":[-81.460488,35.751834],"lastSale":{"date":"2013-02-11","price":45500.0,"qualified":null},"tax":{"marketValue":518667.0,"assessedValue":null,"taxableValue":null,"taxes":null},"mailingAddress":{"line1":"2185 WADE DRIVE EXT","line2":null,"city":"CONNELLY SPRINGS","state":"NC","zip":"28612"},"incomeTract":null,"incomeBlockGroup":null,"nearestRoad":null,"flu":null,"opportunityZone":null,"oz2Eligibility":null,"source":"nc-burke-parcels-37023","appraiserUrl":"http://taxweb.burkenc.org/CamaPWA/PropertySummary.aspx?REID=61029","gisViewerUrl":"https://gis.burkenc.org/"},"geometry":{"type":"Polygon","coordinates":[[[-81.461264,35.752687],[-81.462052,35.753346],[-81.462298,35.751028],[-81.459295,35.750827],[-81.459317,35.750986],[-81.4595,35.751321],[-81.459907,35.751818],[-81.46002,35.751907],[-81.4605,35.752143],[-81.460726,35.752278],[-81.461264,35.752687]]]}},{"type":"Feature","id":"37023:2774621850","properties":{"id":"37023:2774621850","parcelId":"2774621850","countyFips":"37023","countyName":"Burke","state":"North Carolina","marketIds":["Asheville"],"situsAddress":"175 JENJALO DR","situsCity":"HICKORY","situsZip":"28601","jurisdictionCode":null,"ownerName":"DESGARENNES, TERRI LEE","ownerName2":null,"propertyName":null,"zoningCode":null,"zoningDistrict":null,"jurisdictionPrefix":null,"dorCode":"VACANT","acreage":12.41,"centroid":[-81.439852,35.766561],"lastSale":{"date":"2025-03-07","price":null,"qualified":null},"tax":{"marketValue":269100.0,"assessedValue":null,"taxableValue":null,"taxes":null},"mailingAddress":{"line1":"244 RIVER REACH DR","line2":null,"city":"SWANSBORO","state":"NC","zip":"28584"},"incomeTract":null,"incomeBlockGroup":null,"nearestRoad":null,"flu":null,"opportunityZone":null,"oz2Eligibility":null,"source":"nc-burke-parcels-37023","appraiserUrl":"http://taxweb.burkenc.org/CamaPWA/PropertySummary.aspx?REID=55776","gisViewerUrl":"https://gis.burkenc.org/"},"geometry":{"type":"Polygon","coordinates":[[[-81.439402,35.766497],[-81.439411,35.766513],[-81.439463,35.766524],[-81.43952,35.766624],[-81.439546,35.766726],[-81.439782,35.767021],[-81.440164,35.767284],[-81.440522,35.767453],[-81.440944,35.767407],[-81.441281,35.767146],[-81.44161,35.76667],[-81.441932,35.766342],[-81.442166,35.766023],[-81.442231,35.765842],[-81.442692,35.765823],[-81.437834,35.765601],[-81.43782,35.766252],[-81.437876,35.766714],[-81.438026,35.766707],[-81.438292,35.766736],[-81.438704,35.766677],[-81.4391,35.76657],[-81.439061,35.76633],[-81.43907,35.765972],[-81.439402,35.766497]]]}},{"type":"Feature","id":"37023:2773476159","properties":{"id":"37023:2773476159","parcelId":"2773476159","countyFips":"37023","countyName":"Burke","state":"North Carolina","marketIds":["Asheville"],"situsAddress":"2436 ICARD RHODHISS RD","situsCity":"CONNELLY SPRINGS","situsZip":"28612","jurisdictionCode":null,"ownerName":"ICARD, GLEN D;BENTLEY, MICHELLE RENAE DULA","ownerName2":null,"propertyName":null,"zoningCode":null,"zoningDistrict":null,"jurisdictionPrefix":null,"dorCode":"SINGLE FAMILY RES","acreage":8.05,"centroid":[-81.445209,35.751281],"lastSale":{"date":"2012-08-30","price":null,"qualified":null},"tax":{"marketValue":166653.0,"assessedValue":null,"taxableValue":null,"taxes":null},"mailingAddress":{"line1":"2436 ICARD RHODHISS RD","line2":null,"city":"CONNELLY SPRINGS","state":"NC","zip":"28612"},"incomeTract":null,"incomeBlockGroup":null,"nearestRoad":null,"flu":null,"opportunityZone":null,"oz2Eligibility":null,"source":"nc-burke-parcels-37023","appraiserUrl":"http://taxweb.burkenc.org/CamaPWA/PropertySummary.aspx?REID=39782","gisViewerUrl":"https://gis.burkenc.org/"},"geometry":{"type":"Polygon","coordinates":[[[-81.44397,35.751694],[-81.444203,35.751901],[-81.444607,35.752075],[-81.445228,35.751973],[-81.445387,35.751797],[-81.445781,35.751543],[-81.44595,35.75137],[-81.445871,35.751148],[-81.445976,35.75098],[-81.44591,35.750835],[-81.445505,35.750366],[-81.444124,35.749692],[-81.44397,35.751694]]]}},{"type":"Feature","id":"37023:2764333534","properties":{"id":"37023:2764333534","parcelId":"2764333534","countyFips":"37023","countyName":"Burke","state":"North Carolina","marketIds":["Asheville"],"situsAddress":"1760 WORTMAN ST","situsCity":"CONNELLY SPRINGS","situsZip":"28612","jurisdictionCode":null,"ownerName":"GAINES, FRANCES FITZ;FRANCES FITZ GAINES REVOCABLE TRUST","ownerName2":null,"propertyName":null,"zoningCode":null,"zoningDistrict":null,"jurisdictionPrefix":null,"dorCode":"SINGLE FAMILY RES","acreage":102.02,"centroid":[-81.482674,35.767602],"lastSale":{"date":"2023-08-10","price":null,"qualified":null},"tax":{"marketValue":802480.0,"assessedValue":null,"taxableValue":null,"taxes":null},"mailingAddress":{"line1":"1760 WORTMAN ST","line2":null,"city":"CONNELLY SPRINGS","state":"NC","zip":"28612"},"incomeTract":null,"incomeBlockGroup":null,"nearestRoad":null,"flu":null,"opportunityZone":null,"oz2Eligibility":null,"source":"nc-burke-parcels-37023","appraiserUrl":"http://taxweb.burkenc.org/CamaPWA/PropertySummary.aspx?REID=67572","gisViewerUrl":"https://gis.burkenc.org/"},"geometry":{"type":"Polygon","coordinates":[[[-81.485091,35.771054],[-81.487856,35.771203],[-81.487866,35.767205],[-81.486111,35.767154],[-81.486248,35.764757],[-81.481918,35.764778],[-81.481892,35.765757],[-81.481371,35.766216],[-81.481353,35.766902],[-81.481203,35.766841],[-81.481195,35.767128],[-81.479608,35.766298],[-81.479342,35.766843],[-81.480063,35.769238],[-81.480291,35.769402],[-81.481382,35.770849],[-81.485091,35.771054]]]}},{"type":"Feature","id":"37023:2764030287","properties":{"id":"37023:2764030287","parcelId":"2764030287","countyFips":"37023","countyName":"Burke","state":"North Carolina","marketIds":["Asheville"],"situsAddress":"1211 E PARADISE HARBOR DR","situsCity":"CONNELLY SPRINGS","situsZip":"28612","jurisdictionCode":null,"ownerName":"JOSLUN, THOMAS;JOSLUN, CATHY C","ownerName2":null,"propertyName":null,"zoningCode":null,"zoningDistrict":null,"jurisdictionPrefix":null,"dorCode":"VACANT","acreage":13.96,"centroid":[-81.494503,35.766456],"lastSale":{"date":"2026-02-25","price":null,"qualified":null},"tax":{"marketValue":null,"assessedValue":null,"taxableValue":null,"taxes":null},"mailingAddress":{"line1":"1211 E PARADISE HARBOR DR","line2":null,"city":"CONNELLY SPRINGS","state":"NC","zip":"28612"},"incomeTract":null,"incomeBlockGroup":null,"nearestRoad":null,"flu":null,"opportunityZone":null,"oz2Eligibility":null,"source":"nc-burke-parcels-37023","appraiserUrl":"http://taxweb.burkenc.org/CamaPWA/PropertySummary.aspx?REID=67744","gisViewerUrl":"https://gis.burkenc.org/"},"geometry":{"type":"Polygon","coordinates":[[[-81.49272,35.766771],[-81.494436,35.768814],[-81.49538,35.768335],[-81.494763,35.76729],[-81.496298,35.766691],[-81.495771,35.765813],[-81.495618,35.765684],[-81.495422,35.765601],[-81.495164,35.765574],[-81.494949,35.765613],[-81.49476,35.765705],[-81.494238,35.766059],[-81.494087,35.766141],[-81.493653,35.766318],[-81.493292,35.766366],[-81.493086,35.766429],[-81.492914,35.766541],[-81.49272,35.766771]]]}},{"type":"Feature","id":"37023:2783691712","properties":{"id":"37023:2783691712","parcelId":"2783691712","countyFips":"37023","countyName":"Burke","state":"North Carolina","marketIds":["Asheville"],"situsAddress":"0 BAILEY DR","situsCity":"HICKORY","situsZip":"28601","jurisdictionCode":null,"ownerName":"COFFEY FAMILY INVESTMENTS, LLC","ownerName2":null,"propertyName":null,"zoningCode":null,"zoningDistrict":null,"jurisdictionPrefix":null,"dorCode":"VACANT","acreage":7.65,"centroid":[-81.406878,35.758243],"lastSale":{"date":"2026-09-02","price":null,"qualified":null},"tax":{"marketValue":null,"assessedValue":null,"taxableValue":null,"taxes":null},"mailingAddress":{"line1":"2015 CREEK VIEW DR","line2":null,"city":"HICKORY","state":"NC","zip":"28601"},"incomeTract":null,"incomeBlockGroup":null,"nearestRoad":null,"flu":null,"opportunityZone":null,"oz2Eligibility":null,"source":"nc-burke-parcels-37023","appraiserUrl":"http://taxweb.burkenc.org/CamaPWA/PropertySummary.aspx?REID=68211","gisViewerUrl":"https://gis.burkenc.org/"},"geometry":{"type":"Polygon","coordinates":[[[-81.407309,35.757039],[-81.406999,35.7574],[-81.405051,35.759662],[-81.40661,35.7604],[-81.406565,35.759368],[-81.407488,35.757848],[-81.407684,35.757197],[-81.407321,35.757026],[-81.407309,35.757039]]]}}]}