{"type":"FeatureCollection","name":"13207--3_23","features":[{"type":"Feature","id":"13207:108H040","properties":{"id":"13207:108H040","parcelId":"108H040","countyFips":"13207","countyName":"Monroe","state":"Georgia","marketIds":["Atlanta"],"situsAddress":null,"situsCity":null,"situsZip":null,"jurisdictionCode":null,"ownerName":null,"ownerName2":null,"propertyName":null,"zoningCode":"R-1","zoningDistrict":null,"jurisdictionPrefix":null,"dorCode":null,"acreage":7.5903,"centroid":[-83.740803,32.965863],"lastSale":{"date":null,"price":null,"qualified":null},"tax":{"marketValue":null,"assessedValue":null,"taxableValue":null,"taxes":null},"mailingAddress":{"line1":null,"line2":null,"city":null,"state":null,"zip":null},"incomeTract":null,"incomeBlockGroup":null,"nearestRoad":null,"flu":null,"opportunityZone":null,"oz2Eligibility":null,"source":"ga-monroe-parcels-13207","appraiserUrl":"https://qpublic.schneidercorp.com/Application.aspx?App=MonroeCountyGA&Layer=Parcels&PageType=Report&KeyValue=108H040","gisViewerUrl":"https://qpublic.schneidercorp.com/Application.aspx?App=MonroeCountyGA&Layer=Parcels&PageType=Map"},"geometry":{"type":"Polygon","coordinates":[[[-83.740128,32.964843],[-83.739265,32.966962],[-83.741648,32.966963],[-83.741661,32.96605],[-83.741547,32.966093],[-83.741347,32.966088],[-83.74108,32.966132],[-83.740319,32.964791],[-83.740234,32.964845],[-83.740128,32.964843]]]}},{"type":"Feature","id":"13207:107 009H","properties":{"id":"13207:107 009H","parcelId":"107 009H","countyFips":"13207","countyName":"Monroe","state":"Georgia","marketIds":["Atlanta"],"situsAddress":null,"situsCity":null,"situsZip":null,"jurisdictionCode":null,"ownerName":null,"ownerName2":null,"propertyName":null,"zoningCode":"M-1","zoningDistrict":null,"jurisdictionPrefix":null,"dorCode":null,"acreage":12.6291,"centroid":[-83.749821,32.988614],"lastSale":{"date":null,"price":null,"qualified":null},"tax":{"marketValue":null,"assessedValue":null,"taxableValue":null,"taxes":null},"mailingAddress":{"line1":null,"line2":null,"city":null,"state":null,"zip":null},"incomeTract":null,"incomeBlockGroup":null,"nearestRoad":null,"flu":null,"opportunityZone":null,"oz2Eligibility":null,"source":"ga-monroe-parcels-13207","appraiserUrl":"https://qpublic.schneidercorp.com/Application.aspx?App=MonroeCountyGA&Layer=Parcels&PageType=Report&KeyValue=107%20009H","gisViewerUrl":"https://qpublic.schneidercorp.com/Application.aspx?App=MonroeCountyGA&Layer=Parcels&PageType=Map"},"geometry":{"type":"Polygon","coordinates":[[[-83.749129,32.987544],[-83.749135,32.990634],[-83.750598,32.990627],[-83.750582,32.986924],[-83.749663,32.987342],[-83.749129,32.987544]]]}},{"type":"Feature","id":"13207:107 010A","properties":{"id":"13207:107 010A","parcelId":"107 010A","countyFips":"13207","countyName":"Monroe","state":"Georgia","marketIds":["Atlanta"],"situsAddress":null,"situsCity":null,"situsZip":null,"jurisdictionCode":null,"ownerName":null,"ownerName2":null,"propertyName":null,"zoningCode":"M-1","zoningDistrict":null,"jurisdictionPrefix":null,"dorCode":null,"acreage":64.0215,"centroid":[-83.741349,32.98717],"lastSale":{"date":null,"price":null,"qualified":null},"tax":{"marketValue":null,"assessedValue":null,"taxableValue":null,"taxes":null},"mailingAddress":{"line1":null,"line2":null,"city":null,"state":null,"zip":null},"incomeTract":null,"incomeBlockGroup":null,"nearestRoad":null,"flu":null,"opportunityZone":null,"oz2Eligibility":null,"source":"ga-monroe-parcels-13207","appraiserUrl":"https://qpublic.schneidercorp.com/Application.aspx?App=MonroeCountyGA&Layer=Parcels&PageType=Report&KeyValue=107%20010A","gisViewerUrl":"https://qpublic.schneidercorp.com/Application.aspx?App=MonroeCountyGA&Layer=Parcels&PageType=Map"},"geometry":{"type":"Polygon","coordinates":[[[-83.734728,32.985616],[-83.735179,32.985756],[-83.735778,32.985962],[-83.736354,32.986245],[-83.736813,32.986557],[-83.737509,32.987161],[-83.737897,32.987421],[-83.738073,32.98749],[-83.738396,32.987543],[-83.738584,32.987599],[-83.739079,32.98782],[-83.739605,32.987707],[-83.740065,32.987638],[-83.74092,32.987597],[-83.741644,32.987603],[-83.744119,32.987688],[-83.746628,32.987798],[-83.747163,32.987792],[-83.747517,32.987756],[-83.748055,32.987657],[-83.748649,32.987496],[-83.749129,32.987336],[-83.749146,32.985664],[-83.734728,32.985616]]]}},{"type":"Feature","id":"13207:107 011H","properties":{"id":"13207:107 011H","parcelId":"107 011H","countyFips":"13207","countyName":"Monroe","state":"Georgia","marketIds":["Atlanta"],"situsAddress":null,"situsCity":null,"situsZip":null,"jurisdictionCode":null,"ownerName":null,"ownerName2":null,"propertyName":null,"zoningCode":"R-1","zoningDistrict":null,"jurisdictionPrefix":null,"dorCode":null,"acreage":6.0188,"centroid":[-83.74942,32.985215],"lastSale":{"date":null,"price":null,"qualified":null},"tax":{"marketValue":null,"assessedValue":null,"taxableValue":null,"taxes":null},"mailingAddress":{"line1":null,"line2":null,"city":null,"state":null,"zip":null},"incomeTract":null,"incomeBlockGroup":null,"nearestRoad":null,"flu":null,"opportunityZone":null,"oz2Eligibility":null,"source":"ga-monroe-parcels-13207","appraiserUrl":"https://qpublic.schneidercorp.com/Application.aspx?App=MonroeCountyGA&Layer=Parcels&PageType=Report&KeyValue=107%20011H","gisViewerUrl":"https://qpublic.schneidercorp.com/Application.aspx?App=MonroeCountyGA&Layer=Parcels&PageType=Map"},"geometry":{"type":"Polygon","coordinates":[[[-83.749146,32.985664],[-83.749129,32.987336],[-83.749818,32.987059],[-83.749837,32.983638],[-83.749424,32.983769],[-83.749164,32.983825],[-83.749146,32.985664]]]}},{"type":"Feature","id":"13207:107 011I","properties":{"id":"13207:107 011I","parcelId":"107 011I","countyFips":"13207","countyName":"Monroe","state":"Georgia","marketIds":["Atlanta"],"situsAddress":null,"situsCity":null,"situsZip":null,"jurisdictionCode":null,"ownerName":null,"ownerName2":null,"propertyName":null,"zoningCode":"R-1","zoningDistrict":null,"jurisdictionPrefix":null,"dorCode":null,"acreage":5.4482,"centroid":[-83.748629,32.984566],"lastSale":{"date":null,"price":null,"qualified":null},"tax":{"marketValue":null,"assessedValue":null,"taxableValue":null,"taxes":null},"mailingAddress":{"line1":null,"line2":null,"city":null,"state":null,"zip":null},"incomeTract":null,"incomeBlockGroup":null,"nearestRoad":null,"flu":null,"opportunityZone":null,"oz2Eligibility":null,"source":"ga-monroe-parcels-13207","appraiserUrl":"https://qpublic.schneidercorp.com/Application.aspx?App=MonroeCountyGA&Layer=Parcels&PageType=Report&KeyValue=107%20011I","gisViewerUrl":"https://qpublic.schneidercorp.com/Application.aspx?App=MonroeCountyGA&Layer=Parcels&PageType=Map"},"geometry":{"type":"Polygon","coordinates":[[[-83.747993,32.983831],[-83.747983,32.985661],[-83.749146,32.985664],[-83.749164,32.983825],[-83.74886,32.983849],[-83.747993,32.983831]]]}},{"type":"Feature","id":"13207:107 011J","properties":{"id":"13207:107 011J","parcelId":"107 011J","countyFips":"13207","countyName":"Monroe","state":"Georgia","marketIds":["Atlanta"],"situsAddress":null,"situsCity":null,"situsZip":null,"jurisdictionCode":null,"ownerName":null,"ownerName2":null,"propertyName":null,"zoningCode":"R-1","zoningDistrict":null,"jurisdictionPrefix":null,"dorCode":null,"acreage":12.3924,"centroid":[-83.747926,32.982935],"lastSale":{"date":null,"price":null,"qualified":null},"tax":{"marketValue":null,"assessedValue":null,"taxableValue":null,"taxes":null},"mailingAddress":{"line1":null,"line2":null,"city":null,"state":null,"zip":null},"incomeTract":null,"incomeBlockGroup":null,"nearestRoad":null,"flu":null,"opportunityZone":null,"oz2Eligibility":null,"source":"ga-monroe-parcels-13207","appraiserUrl":"https://qpublic.schneidercorp.com/Application.aspx?App=MonroeCountyGA&Layer=Parcels&PageType=Report&KeyValue=107%20011J","gisViewerUrl":"https://qpublic.schneidercorp.com/Application.aspx?App=MonroeCountyGA&Layer=Parcels&PageType=Map"},"geometry":{"type":"Polygon","coordinates":[[[-83.746908,32.983638],[-83.747837,32.983662],[-83.748866,32.983684],[-83.749166,32.983656],[-83.749187,32.981591],[-83.74651,32.981582],[-83.747005,32.982732],[-83.746908,32.983638]]]}},{"type":"Feature","id":"13207:107 011L","properties":{"id":"13207:107 011L","parcelId":"107 011L","countyFips":"13207","countyName":"Monroe","state":"Georgia","marketIds":["Atlanta"],"situsAddress":null,"situsCity":null,"situsZip":null,"jurisdictionCode":null,"ownerName":null,"ownerName2":null,"propertyName":null,"zoningCode":"R-1","zoningDistrict":null,"jurisdictionPrefix":null,"dorCode":null,"acreage":6.1657,"centroid":[-83.745056,32.984647],"lastSale":{"date":null,"price":null,"qualified":null},"tax":{"marketValue":null,"assessedValue":null,"taxableValue":null,"taxes":null},"mailingAddress":{"line1":null,"line2":null,"city":null,"state":null,"zip":null},"incomeTract":null,"incomeBlockGroup":null,"nearestRoad":null,"flu":null,"opportunityZone":null,"oz2Eligibility":null,"source":"ga-monroe-parcels-13207","appraiserUrl":"https://qpublic.schneidercorp.com/Application.aspx?App=MonroeCountyGA&Layer=Parcels&PageType=Report&KeyValue=107%20011L","gisViewerUrl":"https://qpublic.schneidercorp.com/Application.aspx?App=MonroeCountyGA&Layer=Parcels&PageType=Map"},"geometry":{"type":"Polygon","coordinates":[[[-83.744461,32.983632],[-83.744451,32.985649],[-83.745648,32.985653],[-83.745665,32.983654],[-83.744461,32.983632]]]}},{"type":"Feature","id":"13207:107 011M","properties":{"id":"13207:107 011M","parcelId":"107 011M","countyFips":"13207","countyName":"Monroe","state":"Georgia","marketIds":["Atlanta"],"situsAddress":null,"situsCity":null,"situsZip":null,"jurisdictionCode":null,"ownerName":null,"ownerName2":null,"propertyName":null,"zoningCode":"R-1","zoningDistrict":null,"jurisdictionPrefix":null,"dorCode":null,"acreage":5.3329,"centroid":[-83.746211,32.984719],"lastSale":{"date":null,"price":null,"qualified":null},"tax":{"marketValue":null,"assessedValue":null,"taxableValue":null,"taxes":null},"mailingAddress":{"line1":null,"line2":null,"city":null,"state":null,"zip":null},"incomeTract":null,"incomeBlockGroup":null,"nearestRoad":null,"flu":null,"opportunityZone":null,"oz2Eligibility":null,"source":"ga-monroe-parcels-13207","appraiserUrl":"https://qpublic.schneidercorp.com/Application.aspx?App=MonroeCountyGA&Layer=Parcels&PageType=Report&KeyValue=107%20011M","gisViewerUrl":"https://qpublic.schneidercorp.com/Application.aspx?App=MonroeCountyGA&Layer=Parcels&PageType=Map"},"geometry":{"type":"Polygon","coordinates":[[[-83.745661,32.983767],[-83.745648,32.985653],[-83.74676,32.985657],[-83.746774,32.983799],[-83.745661,32.983767]]]}},{"type":"Feature","id":"13207:107 011N","properties":{"id":"13207:107 011N","parcelId":"107 011N","countyFips":"13207","countyName":"Monroe","state":"Georgia","marketIds":["Atlanta"],"situsAddress":null,"situsCity":null,"situsZip":null,"jurisdictionCode":null,"ownerName":null,"ownerName2":null,"propertyName":null,"zoningCode":"R-1","zoningDistrict":null,"jurisdictionPrefix":null,"dorCode":null,"acreage":5.7648,"centroid":[-83.747377,32.984737],"lastSale":{"date":null,"price":null,"qualified":null},"tax":{"marketValue":null,"assessedValue":null,"taxableValue":null,"taxes":null},"mailingAddress":{"line1":null,"line2":null,"city":null,"state":null,"zip":null},"incomeTract":null,"incomeBlockGroup":null,"nearestRoad":null,"flu":null,"opportunityZone":null,"oz2Eligibility":null,"source":"ga-monroe-parcels-13207","appraiserUrl":"https://qpublic.schneidercorp.com/Application.aspx?App=MonroeCountyGA&Layer=Parcels&PageType=Report&KeyValue=107%20011N","gisViewerUrl":"https://qpublic.schneidercorp.com/Application.aspx?App=MonroeCountyGA&Layer=Parcels&PageType=Map"},"geometry":{"type":"Polygon","coordinates":[[[-83.746774,32.983799],[-83.74676,32.985657],[-83.747983,32.985661],[-83.747993,32.983831],[-83.746774,32.983799]]]}},{"type":"Feature","id":"13207:107 011P","properties":{"id":"13207:107 011P","parcelId":"107 011P","countyFips":"13207","countyName":"Monroe","state":"Georgia","marketIds":["Atlanta"],"situsAddress":null,"situsCity":null,"situsZip":null,"jurisdictionCode":null,"ownerName":null,"ownerName2":null,"propertyName":null,"zoningCode":"R-1","zoningDistrict":null,"jurisdictionPrefix":null,"dorCode":null,"acreage":12.5049,"centroid":[-83.745812,32.982916],"lastSale":{"date":null,"price":null,"qualified":null},"tax":{"marketValue":null,"assessedValue":null,"taxableValue":null,"taxes":null},"mailingAddress":{"line1":null,"line2":null,"city":null,"state":null,"zip":null},"incomeTract":null,"incomeBlockGroup":null,"nearestRoad":null,"flu":null,"opportunityZone":null,"oz2Eligibility":null,"source":"ga-monroe-parcels-13207","appraiserUrl":"https://qpublic.schneidercorp.com/Application.aspx?App=MonroeCountyGA&Layer=Parcels&PageType=Report&KeyValue=107%20011P","gisViewerUrl":"https://qpublic.schneidercorp.com/Application.aspx?App=MonroeCountyGA&Layer=Parcels&PageType=Map"},"geometry":{"type":"Polygon","coordinates":[[[-83.744461,32.983632],[-83.745665,32.983654],[-83.745667,32.983602],[-83.746908,32.983638],[-83.747005,32.982732],[-83.74651,32.981582],[-83.744471,32.981575],[-83.744461,32.983632]]]}},{"type":"Feature","id":"13207:107 035","properties":{"id":"13207:107 035","parcelId":"107 035","countyFips":"13207","countyName":"Monroe","state":"Georgia","marketIds":["Atlanta"],"situsAddress":null,"situsCity":null,"situsZip":null,"jurisdictionCode":null,"ownerName":null,"ownerName2":null,"propertyName":null,"zoningCode":"R-1","zoningDistrict":null,"jurisdictionPrefix":null,"dorCode":null,"acreage":16.8046,"centroid":[-83.73917,32.968272],"lastSale":{"date":null,"price":null,"qualified":null},"tax":{"marketValue":null,"assessedValue":null,"taxableValue":null,"taxes":null},"mailingAddress":{"line1":null,"line2":null,"city":null,"state":null,"zip":null},"incomeTract":null,"incomeBlockGroup":null,"nearestRoad":null,"flu":null,"opportunityZone":null,"oz2Eligibility":null,"source":"ga-monroe-parcels-13207","appraiserUrl":"https://qpublic.schneidercorp.com/Application.aspx?App=MonroeCountyGA&Layer=Parcels&PageType=Report&KeyValue=107%20035","gisViewerUrl":"https://qpublic.schneidercorp.com/Application.aspx?App=MonroeCountyGA&Layer=Parcels&PageType=Map"},"geometry":{"type":"Polygon","coordinates":[[[-83.735776,32.967056],[-83.740449,32.969816],[-83.740954,32.969275],[-83.741197,32.969062],[-83.741586,32.968775],[-83.738363,32.966962],[-83.735863,32.966961],[-83.735776,32.967056]]]}},{"type":"Feature","id":"13207:107 036","properties":{"id":"13207:107 036","parcelId":"107 036","countyFips":"13207","countyName":"Monroe","state":"Georgia","marketIds":["Atlanta"],"situsAddress":null,"situsCity":null,"situsZip":null,"jurisdictionCode":null,"ownerName":null,"ownerName2":null,"propertyName":null,"zoningCode":"R-1","zoningDistrict":null,"jurisdictionPrefix":null,"dorCode":null,"acreage":9.9003,"centroid":[-83.741227,32.96758],"lastSale":{"date":null,"price":null,"qualified":null},"tax":{"marketValue":null,"assessedValue":null,"taxableValue":null,"taxes":null},"mailingAddress":{"line1":null,"line2":null,"city":null,"state":null,"zip":null},"incomeTract":null,"incomeBlockGroup":null,"nearestRoad":null,"flu":null,"opportunityZone":null,"oz2Eligibility":null,"source":"ga-monroe-parcels-13207","appraiserUrl":"https://qpublic.schneidercorp.com/Application.aspx?App=MonroeCountyGA&Layer=Parcels&PageType=Report&KeyValue=107%20036","gisViewerUrl":"https://qpublic.schneidercorp.com/Application.aspx?App=MonroeCountyGA&Layer=Parcels&PageType=Map"},"geometry":{"type":"Polygon","coordinates":[[[-83.738363,32.966962],[-83.741586,32.968775],[-83.743077,32.967735],[-83.741461,32.967465],[-83.741648,32.966963],[-83.738363,32.966962]]]}},{"type":"Feature","id":"13207:107 036A","properties":{"id":"13207:107 036A","parcelId":"107 036A","countyFips":"13207","countyName":"Monroe","state":"Georgia","marketIds":["Atlanta"],"situsAddress":null,"situsCity":null,"situsZip":null,"jurisdictionCode":null,"ownerName":null,"ownerName2":null,"propertyName":null,"zoningCode":"R-1","zoningDistrict":null,"jurisdictionPrefix":null,"dorCode":null,"acreage":8.0932,"centroid":[-83.743088,32.966901],"lastSale":{"date":null,"price":null,"qualified":null},"tax":{"marketValue":null,"assessedValue":null,"taxableValue":null,"taxes":null},"mailingAddress":{"line1":null,"line2":null,"city":null,"state":null,"zip":null},"incomeTract":null,"incomeBlockGroup":null,"nearestRoad":null,"flu":null,"opportunityZone":null,"oz2Eligibility":null,"source":"ga-monroe-parcels-13207","appraiserUrl":"https://qpublic.schneidercorp.com/Application.aspx?App=MonroeCountyGA&Layer=Parcels&PageType=Report&KeyValue=107%20036A","gisViewerUrl":"https://qpublic.schneidercorp.com/Application.aspx?App=MonroeCountyGA&Layer=Parcels&PageType=Map"},"geometry":{"type":"Polygon","coordinates":[[[-83.741648,32.966963],[-83.741461,32.967465],[-83.743077,32.967735],[-83.74438,32.966799],[-83.744573,32.966637],[-83.744822,32.966365],[-83.741657,32.966342],[-83.741648,32.966963]]]}},{"type":"Feature","id":"13207:107A036","properties":{"id":"13207:107A036","parcelId":"107A036","countyFips":"13207","countyName":"Monroe","state":"Georgia","marketIds":["Atlanta"],"situsAddress":null,"situsCity":null,"situsZip":null,"jurisdictionCode":null,"ownerName":null,"ownerName2":null,"propertyName":null,"zoningCode":"R-1","zoningDistrict":null,"jurisdictionPrefix":null,"dorCode":null,"acreage":16.1623,"centroid":[-83.74234,32.975281],"lastSale":{"date":null,"price":null,"qualified":null},"tax":{"marketValue":null,"assessedValue":null,"taxableValue":null,"taxes":null},"mailingAddress":{"line1":null,"line2":null,"city":null,"state":null,"zip":null},"incomeTract":null,"incomeBlockGroup":null,"nearestRoad":null,"flu":null,"opportunityZone":null,"oz2Eligibility":null,"source":"ga-monroe-parcels-13207","appraiserUrl":"https://qpublic.schneidercorp.com/Application.aspx?App=MonroeCountyGA&Layer=Parcels&PageType=Report&KeyValue=107A036","gisViewerUrl":"https://qpublic.schneidercorp.com/Application.aspx?App=MonroeCountyGA&Layer=Parcels&PageType=Map"},"geometry":{"type":"Polygon","coordinates":[[[-83.740409,32.976733],[-83.740425,32.976717],[-83.740509,32.976679],[-83.740604,32.976687],[-83.740678,32.976738],[-83.740703,32.976795],[-83.744564,32.976027],[-83.744673,32.974246],[-83.744588,32.974328],[-83.744488,32.974383],[-83.744343,32.974435],[-83.743934,32.974526],[-83.743775,32.974599],[-83.743642,32.974702],[-83.743559,32.97474],[-83.743366,32.974764],[-83.743223,32.974757],[-83.743116,32.97479],[-83.742865,32.974779],[-83.742652,32.974841],[-83.742483,32.974849],[-83.74228,32.974934],[-83.74205,32.974967],[-83.741836,32.975085],[-83.74162,32.975104],[-83.741459,32.975184],[-83.741355,32.975208],[-83.741283,32.975314],[-83.74115,32.975424],[-83.740666,32.975625],[-83.740244,32.975743],[-83.740409,32.976733]]]}},{"type":"Feature","id":"13207:107A037","properties":{"id":"13207:107A037","parcelId":"107A037","countyFips":"13207","countyName":"Monroe","state":"Georgia","marketIds":["Atlanta"],"situsAddress":null,"situsCity":null,"situsZip":null,"jurisdictionCode":null,"ownerName":null,"ownerName2":null,"propertyName":null,"zoningCode":"R-1","zoningDistrict":null,"jurisdictionPrefix":null,"dorCode":null,"acreage":10.02,"centroid":[-83.7425,32.976965],"lastSale":{"date":null,"price":null,"qualified":null},"tax":{"marketValue":null,"assessedValue":null,"taxableValue":null,"taxes":null},"mailingAddress":{"line1":null,"line2":null,"city":null,"state":null,"zip":null},"incomeTract":null,"incomeBlockGroup":null,"nearestRoad":null,"flu":null,"opportunityZone":null,"oz2Eligibility":null,"source":"ga-monroe-parcels-13207","appraiserUrl":"https://qpublic.schneidercorp.com/Application.aspx?App=MonroeCountyGA&Layer=Parcels&PageType=Report&KeyValue=107A037","gisViewerUrl":"https://qpublic.schneidercorp.com/Application.aspx?App=MonroeCountyGA&Layer=Parcels&PageType=Map"},"geometry":{"type":"Polygon","coordinates":[[[-83.740676,32.976891],[-83.742083,32.977577],[-83.744472,32.977533],[-83.744564,32.976027],[-83.740703,32.976795],[-83.740676,32.976891]]]}},{"type":"Feature","id":"13207:108 009A","properties":{"id":"13207:108 009A","parcelId":"108 009A","countyFips":"13207","countyName":"Monroe","state":"Georgia","marketIds":["Atlanta"],"situsAddress":null,"situsCity":null,"situsZip":null,"jurisdictionCode":null,"ownerName":null,"ownerName2":null,"propertyName":null,"zoningCode":"R-1","zoningDistrict":null,"jurisdictionPrefix":null,"dorCode":null,"acreage":6.1823,"centroid":[-83.742944,32.955319],"lastSale":{"date":null,"price":null,"qualified":null},"tax":{"marketValue":null,"assessedValue":null,"taxableValue":null,"taxes":null},"mailingAddress":{"line1":null,"line2":null,"city":null,"state":null,"zip":null},"incomeTract":null,"incomeBlockGroup":null,"nearestRoad":null,"flu":null,"opportunityZone":null,"oz2Eligibility":null,"source":"ga-monroe-parcels-13207","appraiserUrl":"https://qpublic.schneidercorp.com/Application.aspx?App=MonroeCountyGA&Layer=Parcels&PageType=Report&KeyValue=108%20009A","gisViewerUrl":"https://qpublic.schneidercorp.com/Application.aspx?App=MonroeCountyGA&Layer=Parcels&PageType=Map"},"geometry":{"type":"Polygon","coordinates":[[[-83.742558,32.956163],[-83.743483,32.95644],[-83.74357,32.956144],[-83.743416,32.955732],[-83.743367,32.955541],[-83.7434,32.954899],[-83.742803,32.954324],[-83.742303,32.95354],[-83.741643,32.954841],[-83.742893,32.955565],[-83.742558,32.956163]]]}},{"type":"Feature","id":"13207:108 009B","properties":{"id":"13207:108 009B","parcelId":"108 009B","countyFips":"13207","countyName":"Monroe","state":"Georgia","marketIds":["Atlanta"],"situsAddress":null,"situsCity":null,"situsZip":null,"jurisdictionCode":null,"ownerName":null,"ownerName2":null,"propertyName":null,"zoningCode":"R-1","zoningDistrict":null,"jurisdictionPrefix":null,"dorCode":null,"acreage":16.3133,"centroid":[-83.74356,32.95523],"lastSale":{"date":null,"price":null,"qualified":null},"tax":{"marketValue":null,"assessedValue":null,"taxableValue":null,"taxes":null},"mailingAddress":{"line1":null,"line2":null,"city":null,"state":null,"zip":null},"incomeTract":null,"incomeBlockGroup":null,"nearestRoad":null,"flu":null,"opportunityZone":null,"oz2Eligibility":null,"source":"ga-monroe-parcels-13207","appraiserUrl":"https://qpublic.schneidercorp.com/Application.aspx?App=MonroeCountyGA&Layer=Parcels&PageType=Report&KeyValue=108%20009B","gisViewerUrl":"https://qpublic.schneidercorp.com/Application.aspx?App=MonroeCountyGA&Layer=Parcels&PageType=Map"},"geometry":{"type":"Polygon","coordinates":[[[-83.743705,32.956375],[-83.744894,32.956719],[-83.744899,32.953122],[-83.74202,32.953119],[-83.742803,32.954324],[-83.7434,32.954899],[-83.743367,32.955541],[-83.743416,32.955732],[-83.74357,32.956144],[-83.743521,32.956323],[-83.743705,32.956375]]]}},{"type":"Feature","id":"13207:108 009F","properties":{"id":"13207:108 009F","parcelId":"108 009F","countyFips":"13207","countyName":"Monroe","state":"Georgia","marketIds":["Atlanta"],"situsAddress":null,"situsCity":null,"situsZip":null,"jurisdictionCode":null,"ownerName":null,"ownerName2":null,"propertyName":null,"zoningCode":"R-1","zoningDistrict":null,"jurisdictionPrefix":null,"dorCode":null,"acreage":16.1279,"centroid":[-83.746336,32.954096],"lastSale":{"date":null,"price":null,"qualified":null},"tax":{"marketValue":null,"assessedValue":null,"taxableValue":null,"taxes":null},"mailingAddress":{"line1":null,"line2":null,"city":null,"state":null,"zip":null},"incomeTract":null,"incomeBlockGroup":null,"nearestRoad":null,"flu":null,"opportunityZone":null,"oz2Eligibility":null,"source":"ga-monroe-parcels-13207","appraiserUrl":"https://qpublic.schneidercorp.com/Application.aspx?App=MonroeCountyGA&Layer=Parcels&PageType=Report&KeyValue=108%20009F","gisViewerUrl":"https://qpublic.schneidercorp.com/Application.aspx?App=MonroeCountyGA&Layer=Parcels&PageType=Map"},"geometry":{"type":"Polygon","coordinates":[[[-83.744899,32.953122],[-83.744895,32.95604],[-83.749214,32.953126],[-83.744899,32.953122]]]}},{"type":"Feature","id":"13207:108 017","properties":{"id":"13207:108 017","parcelId":"108 017","countyFips":"13207","countyName":"Monroe","state":"Georgia","marketIds":["Atlanta"],"situsAddress":null,"situsCity":null,"situsZip":null,"jurisdictionCode":null,"ownerName":null,"ownerName2":null,"propertyName":null,"zoningCode":"R-1","zoningDistrict":null,"jurisdictionPrefix":null,"dorCode":null,"acreage":127.3953,"centroid":[-83.748706,32.948028],"lastSale":{"date":null,"price":null,"qualified":null},"tax":{"marketValue":null,"assessedValue":null,"taxableValue":null,"taxes":null},"mailingAddress":{"line1":null,"line2":null,"city":null,"state":null,"zip":null},"incomeTract":null,"incomeBlockGroup":null,"nearestRoad":null,"flu":null,"opportunityZone":null,"oz2Eligibility":null,"source":"ga-monroe-parcels-13207","appraiserUrl":"https://qpublic.schneidercorp.com/Application.aspx?App=MonroeCountyGA&Layer=Parcels&PageType=Report&KeyValue=108%20017","gisViewerUrl":"https://qpublic.schneidercorp.com/Application.aspx?App=MonroeCountyGA&Layer=Parcels&PageType=Map"},"geometry":{"type":"Polygon","coordinates":[[[-83.744924,32.952066],[-83.744899,32.953122],[-83.752502,32.953129],[-83.752513,32.951763],[-83.751712,32.948965],[-83.750503,32.942927],[-83.749636,32.943114],[-83.749209,32.943182],[-83.748559,32.943233],[-83.747907,32.943218],[-83.747743,32.949242],[-83.747617,32.949244],[-83.747467,32.94921],[-83.747304,32.949091],[-83.747196,32.949037],[-83.74681,32.949045],[-83.746693,32.949019],[-83.746352,32.948885],[-83.746245,32.948868],[-83.746035,32.948907],[-83.74567,32.949116],[-83.745554,32.949151],[-83.745478,32.949133],[-83.745434,32.94909],[-83.745397,32.948995],[-83.74532,32.948634],[-83.745273,32.94798],[-83.745166,32.947811],[-83.745026,32.947726],[-83.744924,32.952066]]]}},{"type":"Feature","id":"13207:108 020","properties":{"id":"13207:108 020","parcelId":"108 020","countyFips":"13207","countyName":"Monroe","state":"Georgia","marketIds":["Atlanta"],"situsAddress":null,"situsCity":null,"situsZip":null,"jurisdictionCode":null,"ownerName":null,"ownerName2":null,"propertyName":null,"zoningCode":"R-1","zoningDistrict":null,"jurisdictionPrefix":null,"dorCode":null,"acreage":29.2876,"centroid":[-83.747192,32.939725],"lastSale":{"date":null,"price":null,"qualified":null},"tax":{"marketValue":null,"assessedValue":null,"taxableValue":null,"taxes":null},"mailingAddress":{"line1":null,"line2":null,"city":null,"state":null,"zip":null},"incomeTract":null,"incomeBlockGroup":null,"nearestRoad":null,"flu":null,"opportunityZone":null,"oz2Eligibility":null,"source":"ga-monroe-parcels-13207","appraiserUrl":"https://qpublic.schneidercorp.com/Application.aspx?App=MonroeCountyGA&Layer=Parcels&PageType=Report&KeyValue=108%20020","gisViewerUrl":"https://qpublic.schneidercorp.com/Application.aspx?App=MonroeCountyGA&Layer=Parcels&PageType=Map"},"geometry":{"type":"Polygon","coordinates":[[[-83.747517,32.941556],[-83.748743,32.941566],[-83.748767,32.937877],[-83.747314,32.937094],[-83.745323,32.937089],[-83.745461,32.939799],[-83.747311,32.93973],[-83.746785,32.941425],[-83.74751,32.941388],[-83.747517,32.941556]]]}},{"type":"Feature","id":"13207:108 020B","properties":{"id":"13207:108 020B","parcelId":"108 020B","countyFips":"13207","countyName":"Monroe","state":"Georgia","marketIds":["Atlanta"],"situsAddress":null,"situsCity":null,"situsZip":null,"jurisdictionCode":null,"ownerName":null,"ownerName2":null,"propertyName":null,"zoningCode":"R-1","zoningDistrict":null,"jurisdictionPrefix":null,"dorCode":null,"acreage":18.7706,"centroid":[-83.749442,32.940978],"lastSale":{"date":null,"price":null,"qualified":null},"tax":{"marketValue":null,"assessedValue":null,"taxableValue":null,"taxes":null},"mailingAddress":{"line1":null,"line2":null,"city":null,"state":null,"zip":null},"incomeTract":null,"incomeBlockGroup":null,"nearestRoad":null,"flu":null,"opportunityZone":null,"oz2Eligibility":null,"source":"ga-monroe-parcels-13207","appraiserUrl":"https://qpublic.schneidercorp.com/Application.aspx?App=MonroeCountyGA&Layer=Parcels&PageType=Report&KeyValue=108%20020B","gisViewerUrl":"https://qpublic.schneidercorp.com/Application.aspx?App=MonroeCountyGA&Layer=Parcels&PageType=Map"},"geometry":{"type":"Polygon","coordinates":[[[-83.748743,32.941566],[-83.748736,32.942674],[-83.749419,32.942591],[-83.750494,32.942355],[-83.750495,32.938803],[-83.748767,32.937877],[-83.748743,32.941566]]]}},{"type":"Feature","id":"13207:108 020E","properties":{"id":"13207:108 020E","parcelId":"108 020E","countyFips":"13207","countyName":"Monroe","state":"Georgia","marketIds":["Atlanta"],"situsAddress":null,"situsCity":null,"situsZip":null,"jurisdictionCode":null,"ownerName":null,"ownerName2":null,"propertyName":null,"zoningCode":"R-1","zoningDistrict":null,"jurisdictionPrefix":null,"dorCode":null,"acreage":14.5702,"centroid":[-83.742858,32.939277],"lastSale":{"date":null,"price":null,"qualified":null},"tax":{"marketValue":null,"assessedValue":null,"taxableValue":null,"taxes":null},"mailingAddress":{"line1":null,"line2":null,"city":null,"state":null,"zip":null},"incomeTract":null,"incomeBlockGroup":null,"nearestRoad":null,"flu":null,"opportunityZone":null,"oz2Eligibility":null,"source":"ga-monroe-parcels-13207","appraiserUrl":"https://qpublic.schneidercorp.com/Application.aspx?App=MonroeCountyGA&Layer=Parcels&PageType=Report&KeyValue=108%20020E","gisViewerUrl":"https://qpublic.schneidercorp.com/Application.aspx?App=MonroeCountyGA&Layer=Parcels&PageType=Map"},"geometry":{"type":"Polygon","coordinates":[[[-83.741897,32.940849],[-83.742719,32.94114],[-83.742913,32.940929],[-83.742923,32.938922],[-83.743826,32.938936],[-83.743834,32.937085],[-83.741897,32.937079],[-83.741897,32.940849]]]}},{"type":"Feature","id":"13207:108 020L","properties":{"id":"13207:108 020L","parcelId":"108 020L","countyFips":"13207","countyName":"Monroe","state":"Georgia","marketIds":["Atlanta"],"situsAddress":null,"situsCity":null,"situsZip":null,"jurisdictionCode":null,"ownerName":null,"ownerName2":null,"propertyName":null,"zoningCode":"R-1","zoningDistrict":null,"jurisdictionPrefix":null,"dorCode":null,"acreage":9.3109,"centroid":[-83.746134,32.941525],"lastSale":{"date":null,"price":null,"qualified":null},"tax":{"marketValue":null,"assessedValue":null,"taxableValue":null,"taxes":null},"mailingAddress":{"line1":null,"line2":null,"city":null,"state":null,"zip":null},"incomeTract":null,"incomeBlockGroup":null,"nearestRoad":null,"flu":null,"opportunityZone":null,"oz2Eligibility":null,"source":"ga-monroe-parcels-13207","appraiserUrl":"https://qpublic.schneidercorp.com/Application.aspx?App=MonroeCountyGA&Layer=Parcels&PageType=Report&KeyValue=108%20020L","gisViewerUrl":"https://qpublic.schneidercorp.com/Application.aspx?App=MonroeCountyGA&Layer=Parcels&PageType=Map"},"geometry":{"type":"Polygon","coordinates":[[[-83.745545,32.94214],[-83.745568,32.942148],[-83.746143,32.94235],[-83.74668,32.942498],[-83.746785,32.941425],[-83.747311,32.93973],[-83.745461,32.939799],[-83.745578,32.942111],[-83.745545,32.94214]]]}},{"type":"Feature","id":"13207:108 020N","properties":{"id":"13207:108 020N","parcelId":"108 020N","countyFips":"13207","countyName":"Monroe","state":"Georgia","marketIds":["Atlanta"],"situsAddress":null,"situsCity":null,"situsZip":null,"jurisdictionCode":null,"ownerName":null,"ownerName2":null,"propertyName":null,"zoningCode":"R-1","zoningDistrict":null,"jurisdictionPrefix":null,"dorCode":null,"acreage":5.7094,"centroid":[-83.743239,32.940291],"lastSale":{"date":null,"price":null,"qualified":null},"tax":{"marketValue":null,"assessedValue":null,"taxableValue":null,"taxes":null},"mailingAddress":{"line1":null,"line2":null,"city":null,"state":null,"zip":null},"incomeTract":null,"incomeBlockGroup":null,"nearestRoad":null,"flu":null,"opportunityZone":null,"oz2Eligibility":null,"source":"ga-monroe-parcels-13207","appraiserUrl":"https://qpublic.schneidercorp.com/Application.aspx?App=MonroeCountyGA&Layer=Parcels&PageType=Report&KeyValue=108%20020N","gisViewerUrl":"https://qpublic.schneidercorp.com/Application.aspx?App=MonroeCountyGA&Layer=Parcels&PageType=Map"},"geometry":{"type":"Polygon","coordinates":[[[-83.742719,32.94114],[-83.743813,32.941527],[-83.743826,32.938936],[-83.742923,32.938922],[-83.742913,32.940929],[-83.742719,32.94114]]]}},{"type":"Feature","id":"13207:108 020P","properties":{"id":"13207:108 020P","parcelId":"108 020P","countyFips":"13207","countyName":"Monroe","state":"Georgia","marketIds":["Atlanta"],"situsAddress":null,"situsCity":null,"situsZip":null,"jurisdictionCode":null,"ownerName":null,"ownerName2":null,"propertyName":null,"zoningCode":"R-1","zoningDistrict":null,"jurisdictionPrefix":null,"dorCode":null,"acreage":19.1671,"centroid":[-83.744819,32.93999],"lastSale":{"date":null,"price":null,"qualified":null},"tax":{"marketValue":null,"assessedValue":null,"taxableValue":null,"taxes":null},"mailingAddress":{"line1":null,"line2":null,"city":null,"state":null,"zip":null},"incomeTract":null,"incomeBlockGroup":null,"nearestRoad":null,"flu":null,"opportunityZone":null,"oz2Eligibility":null,"source":"ga-monroe-parcels-13207","appraiserUrl":"https://qpublic.schneidercorp.com/Application.aspx?App=MonroeCountyGA&Layer=Parcels&PageType=Report&KeyValue=108%20020P","gisViewerUrl":"https://qpublic.schneidercorp.com/Application.aspx?App=MonroeCountyGA&Layer=Parcels&PageType=Map"},"geometry":{"type":"Polygon","coordinates":[[[-83.743813,32.941527],[-83.745545,32.94214],[-83.745578,32.942111],[-83.745323,32.937089],[-83.743834,32.937085],[-83.743813,32.941527]],[[-83.744859,32.941285],[-83.745318,32.94146],[-83.7451,32.941856],[-83.744649,32.941688],[-83.744859,32.941285]]]}},{"type":"Feature","id":"13207:108 023","properties":{"id":"13207:108 023","parcelId":"108 023","countyFips":"13207","countyName":"Monroe","state":"Georgia","marketIds":["Atlanta"],"situsAddress":null,"situsCity":null,"situsZip":null,"jurisdictionCode":null,"ownerName":null,"ownerName2":null,"propertyName":null,"zoningCode":"C-1","zoningDistrict":null,"jurisdictionPrefix":null,"dorCode":null,"acreage":11.4888,"centroid":[-83.737928,32.940625],"lastSale":{"date":null,"price":null,"qualified":null},"tax":{"marketValue":null,"assessedValue":null,"taxableValue":null,"taxes":null},"mailingAddress":{"line1":null,"line2":null,"city":null,"state":null,"zip":null},"incomeTract":null,"incomeBlockGroup":null,"nearestRoad":null,"flu":null,"opportunityZone":null,"oz2Eligibility":null,"source":"ga-monroe-parcels-13207","appraiserUrl":"https://qpublic.schneidercorp.com/Application.aspx?App=MonroeCountyGA&Layer=Parcels&PageType=Report&KeyValue=108%20023","gisViewerUrl":"https://qpublic.schneidercorp.com/Application.aspx?App=MonroeCountyGA&Layer=Parcels&PageType=Map"},"geometry":{"type":"Polygon","coordinates":[[[-83.740207,32.940996],[-83.740644,32.940999],[-83.736558,32.939555],[-83.734304,32.940949],[-83.740207,32.940996]]]}},{"type":"Feature","id":"13207:108 024","properties":{"id":"13207:108 024","parcelId":"108 024","countyFips":"13207","countyName":"Monroe","state":"Georgia","marketIds":["Atlanta"],"situsAddress":null,"situsCity":null,"situsZip":null,"jurisdictionCode":null,"ownerName":null,"ownerName2":null,"propertyName":null,"zoningCode":"C-1","zoningDistrict":null,"jurisdictionPrefix":null,"dorCode":null,"acreage":43.1606,"centroid":[-83.743435,32.935687],"lastSale":{"date":null,"price":null,"qualified":null},"tax":{"marketValue":null,"assessedValue":null,"taxableValue":null,"taxes":null},"mailingAddress":{"line1":null,"line2":null,"city":null,"state":null,"zip":null},"incomeTract":null,"incomeBlockGroup":null,"nearestRoad":null,"flu":null,"opportunityZone":null,"oz2Eligibility":null,"source":"ga-monroe-parcels-13207","appraiserUrl":"https://qpublic.schneidercorp.com/Application.aspx?App=MonroeCountyGA&Layer=Parcels&PageType=Report&KeyValue=108%20024","gisViewerUrl":"https://qpublic.schneidercorp.com/Application.aspx?App=MonroeCountyGA&Layer=Parcels&PageType=Map"},"geometry":{"type":"Polygon","coordinates":[[[-83.747314,32.937094],[-83.743695,32.935142],[-83.737172,32.939176],[-83.741897,32.940849],[-83.741897,32.937079],[-83.747314,32.937094]]]}},{"type":"Feature","id":"13207:108 031","properties":{"id":"13207:108 031","parcelId":"108 031","countyFips":"13207","countyName":"Monroe","state":"Georgia","marketIds":["Atlanta"],"situsAddress":null,"situsCity":null,"situsZip":null,"jurisdictionCode":null,"ownerName":null,"ownerName2":null,"propertyName":null,"zoningCode":"R-1","zoningDistrict":null,"jurisdictionPrefix":null,"dorCode":null,"acreage":5.5202,"centroid":[-83.749063,32.96265],"lastSale":{"date":null,"price":null,"qualified":null},"tax":{"marketValue":null,"assessedValue":null,"taxableValue":null,"taxes":null},"mailingAddress":{"line1":null,"line2":null,"city":null,"state":null,"zip":null},"incomeTract":null,"incomeBlockGroup":null,"nearestRoad":null,"flu":null,"opportunityZone":null,"oz2Eligibility":null,"source":"ga-monroe-parcels-13207","appraiserUrl":"https://qpublic.schneidercorp.com/Application.aspx?App=MonroeCountyGA&Layer=Parcels&PageType=Report&KeyValue=108%20031","gisViewerUrl":"https://qpublic.schneidercorp.com/Application.aspx?App=MonroeCountyGA&Layer=Parcels&PageType=Map"},"geometry":{"type":"Polygon","coordinates":[[[-83.748223,32.96276],[-83.748538,32.962918],[-83.749288,32.963295],[-83.749421,32.963334],[-83.749657,32.963362],[-83.749685,32.961448],[-83.748626,32.961432],[-83.748223,32.96276]]]}},{"type":"Feature","id":"13207:108 032","properties":{"id":"13207:108 032","parcelId":"108 032","countyFips":"13207","countyName":"Monroe","state":"Georgia","marketIds":["Atlanta"],"situsAddress":null,"situsCity":null,"situsZip":null,"jurisdictionCode":null,"ownerName":null,"ownerName2":null,"propertyName":null,"zoningCode":"R-1","zoningDistrict":null,"jurisdictionPrefix":null,"dorCode":null,"acreage":5.2265,"centroid":[-83.748979,32.963645],"lastSale":{"date":null,"price":null,"qualified":null},"tax":{"marketValue":null,"assessedValue":null,"taxableValue":null,"taxes":null},"mailingAddress":{"line1":null,"line2":null,"city":null,"state":null,"zip":null},"incomeTract":null,"incomeBlockGroup":null,"nearestRoad":null,"flu":null,"opportunityZone":null,"oz2Eligibility":null,"source":"ga-monroe-parcels-13207","appraiserUrl":"https://qpublic.schneidercorp.com/Application.aspx?App=MonroeCountyGA&Layer=Parcels&PageType=Report&KeyValue=108%20032","gisViewerUrl":"https://qpublic.schneidercorp.com/Application.aspx?App=MonroeCountyGA&Layer=Parcels&PageType=Map"},"geometry":{"type":"Polygon","coordinates":[[[-83.747751,32.964311],[-83.749642,32.96443],[-83.749656,32.96346],[-83.749393,32.963427],[-83.74924,32.963382],[-83.748193,32.962857],[-83.747751,32.964311]]]}},{"type":"Feature","id":"13207:108 037","properties":{"id":"13207:108 037","parcelId":"108 037","countyFips":"13207","countyName":"Monroe","state":"Georgia","marketIds":["Atlanta"],"situsAddress":null,"situsCity":null,"situsZip":null,"jurisdictionCode":null,"ownerName":null,"ownerName2":null,"propertyName":null,"zoningCode":"R-1","zoningDistrict":null,"jurisdictionPrefix":null,"dorCode":null,"acreage":6.2345,"centroid":[-83.74757,32.964906],"lastSale":{"date":null,"price":null,"qualified":null},"tax":{"marketValue":null,"assessedValue":null,"taxableValue":null,"taxes":null},"mailingAddress":{"line1":null,"line2":null,"city":null,"state":null,"zip":null},"incomeTract":null,"incomeBlockGroup":null,"nearestRoad":null,"flu":null,"opportunityZone":null,"oz2Eligibility":null,"source":"ga-monroe-parcels-13207","appraiserUrl":"https://qpublic.schneidercorp.com/Application.aspx?App=MonroeCountyGA&Layer=Parcels&PageType=Report&KeyValue=108%20037","gisViewerUrl":"https://qpublic.schneidercorp.com/Application.aspx?App=MonroeCountyGA&Layer=Parcels&PageType=Map"},"geometry":{"type":"Polygon","coordinates":[[[-83.745525,32.96541],[-83.745516,32.96544],[-83.745498,32.965502],[-83.747515,32.96544],[-83.749626,32.965487],[-83.749642,32.96443],[-83.747751,32.964311],[-83.747434,32.96535],[-83.745525,32.96541]]]}},{"type":"Feature","id":"13207:108 042","properties":{"id":"13207:108 042","parcelId":"108 042","countyFips":"13207","countyName":"Monroe","state":"Georgia","marketIds":["Atlanta"],"situsAddress":null,"situsCity":null,"situsZip":null,"jurisdictionCode":null,"ownerName":null,"ownerName2":null,"propertyName":null,"zoningCode":"R-1","zoningDistrict":null,"jurisdictionPrefix":null,"dorCode":null,"acreage":6.1419,"centroid":[-83.742013,32.966173],"lastSale":{"date":null,"price":null,"qualified":null},"tax":{"marketValue":null,"assessedValue":null,"taxableValue":null,"taxes":null},"mailingAddress":{"line1":null,"line2":null,"city":null,"state":null,"zip":null},"incomeTract":null,"incomeBlockGroup":null,"nearestRoad":null,"flu":null,"opportunityZone":null,"oz2Eligibility":null,"source":"ga-monroe-parcels-13207","appraiserUrl":"https://qpublic.schneidercorp.com/Application.aspx?App=MonroeCountyGA&Layer=Parcels&PageType=Report&KeyValue=108%20042","gisViewerUrl":"https://qpublic.schneidercorp.com/Application.aspx?App=MonroeCountyGA&Layer=Parcels&PageType=Map"},"geometry":{"type":"Polygon","coordinates":[[[-83.741657,32.966342],[-83.743281,32.966354],[-83.743291,32.965128],[-83.745338,32.965138],[-83.745374,32.965021],[-83.741675,32.965012],[-83.741657,32.966342]]]}},{"type":"Feature","id":"13207:108 043","properties":{"id":"13207:108 043","parcelId":"108 043","countyFips":"13207","countyName":"Monroe","state":"Georgia","marketIds":["Atlanta"],"situsAddress":null,"situsCity":null,"situsZip":null,"jurisdictionCode":null,"ownerName":null,"ownerName2":null,"propertyName":null,"zoningCode":"R-1","zoningDistrict":null,"jurisdictionPrefix":null,"dorCode":null,"acreage":7.4859,"centroid":[-83.743241,32.964466],"lastSale":{"date":null,"price":null,"qualified":null},"tax":{"marketValue":null,"assessedValue":null,"taxableValue":null,"taxes":null},"mailingAddress":{"line1":null,"line2":null,"city":null,"state":null,"zip":null},"incomeTract":null,"incomeBlockGroup":null,"nearestRoad":null,"flu":null,"opportunityZone":null,"oz2Eligibility":null,"source":"ga-monroe-parcels-13207","appraiserUrl":"https://qpublic.schneidercorp.com/Application.aspx?App=MonroeCountyGA&Layer=Parcels&PageType=Report&KeyValue=108%20043","gisViewerUrl":"https://qpublic.schneidercorp.com/Application.aspx?App=MonroeCountyGA&Layer=Parcels&PageType=Map"},"geometry":{"type":"Polygon","coordinates":[[[-83.741682,32.964493],[-83.741675,32.965012],[-83.745374,32.965021],[-83.745403,32.964929],[-83.743422,32.964923],[-83.743432,32.963442],[-83.741697,32.963439],[-83.741682,32.964493]]]}},{"type":"Feature","id":"13207:108 048","properties":{"id":"13207:108 048","parcelId":"108 048","countyFips":"13207","countyName":"Monroe","state":"Georgia","marketIds":["Atlanta"],"situsAddress":null,"situsCity":null,"situsZip":null,"jurisdictionCode":null,"ownerName":null,"ownerName2":null,"propertyName":null,"zoningCode":"R-1","zoningDistrict":null,"jurisdictionPrefix":null,"dorCode":null,"acreage":6.3556,"centroid":[-83.742108,32.962489],"lastSale":{"date":null,"price":null,"qualified":null},"tax":{"marketValue":null,"assessedValue":null,"taxableValue":null,"taxes":null},"mailingAddress":{"line1":null,"line2":null,"city":null,"state":null,"zip":null},"incomeTract":null,"incomeBlockGroup":null,"nearestRoad":null,"flu":null,"opportunityZone":null,"oz2Eligibility":null,"source":"ga-monroe-parcels-13207","appraiserUrl":"https://qpublic.schneidercorp.com/Application.aspx?App=MonroeCountyGA&Layer=Parcels&PageType=Report&KeyValue=108%20048","gisViewerUrl":"https://qpublic.schneidercorp.com/Application.aspx?App=MonroeCountyGA&Layer=Parcels&PageType=Map"},"geometry":{"type":"Polygon","coordinates":[[[-83.741709,32.962554],[-83.74343,32.962563],[-83.746086,32.962793],[-83.746135,32.962687],[-83.743426,32.962451],[-83.743431,32.961285],[-83.741726,32.961281],[-83.741709,32.962554]]]}},{"type":"Feature","id":"13207:108F004","properties":{"id":"13207:108F004","parcelId":"108F004","countyFips":"13207","countyName":"Monroe","state":"Georgia","marketIds":["Atlanta"],"situsAddress":null,"situsCity":null,"situsZip":null,"jurisdictionCode":null,"ownerName":null,"ownerName2":null,"propertyName":null,"zoningCode":"R-1","zoningDistrict":null,"jurisdictionPrefix":null,"dorCode":null,"acreage":5.2679,"centroid":[-83.746855,32.943781],"lastSale":{"date":null,"price":null,"qualified":null},"tax":{"marketValue":null,"assessedValue":null,"taxableValue":null,"taxes":null},"mailingAddress":{"line1":null,"line2":null,"city":null,"state":null,"zip":null},"incomeTract":null,"incomeBlockGroup":null,"nearestRoad":null,"flu":null,"opportunityZone":null,"oz2Eligibility":null,"source":"ga-monroe-parcels-13207","appraiserUrl":"https://qpublic.schneidercorp.com/Application.aspx?App=MonroeCountyGA&Layer=Parcels&PageType=Report&KeyValue=108F004","gisViewerUrl":"https://qpublic.schneidercorp.com/Application.aspx?App=MonroeCountyGA&Layer=Parcels&PageType=Map"},"geometry":{"type":"Polygon","coordinates":[[[-83.746525,32.944421],[-83.746546,32.944431],[-83.746615,32.944511],[-83.747887,32.943951],[-83.747907,32.943218],[-83.747198,32.943157],[-83.746764,32.943084],[-83.746337,32.942987],[-83.745919,32.944272],[-83.746525,32.944421]]]}},{"type":"Feature","id":"13207:108H010","properties":{"id":"13207:108H010","parcelId":"108H010","countyFips":"13207","countyName":"Monroe","state":"Georgia","marketIds":["Atlanta"],"situsAddress":null,"situsCity":null,"situsZip":null,"jurisdictionCode":null,"ownerName":null,"ownerName2":null,"propertyName":null,"zoningCode":"R-1","zoningDistrict":null,"jurisdictionPrefix":null,"dorCode":null,"acreage":6.1292,"centroid":[-83.738815,32.961516],"lastSale":{"date":null,"price":null,"qualified":null},"tax":{"marketValue":null,"assessedValue":null,"taxableValue":null,"taxes":null},"mailingAddress":{"line1":null,"line2":null,"city":null,"state":null,"zip":null},"incomeTract":null,"incomeBlockGroup":null,"nearestRoad":null,"flu":null,"opportunityZone":null,"oz2Eligibility":null,"source":"ga-monroe-parcels-13207","appraiserUrl":"https://qpublic.schneidercorp.com/Application.aspx?App=MonroeCountyGA&Layer=Parcels&PageType=Report&KeyValue=108H010","gisViewerUrl":"https://qpublic.schneidercorp.com/Application.aspx?App=MonroeCountyGA&Layer=Parcels&PageType=Map"},"geometry":{"type":"Polygon","coordinates":[[[-83.738446,32.961502],[-83.738528,32.96156],[-83.738744,32.961699],[-83.738925,32.961884],[-83.739066,32.961996],[-83.739091,32.962079],[-83.73907,32.962176],[-83.739001,32.962265],[-83.738911,32.962332],[-83.73914,32.962282],[-83.739314,32.962193],[-83.73942,32.962097],[-83.739589,32.961873],[-83.73971,32.961783],[-83.739526,32.961287],[-83.739458,32.960905],[-83.739322,32.960567],[-83.738211,32.960301],[-83.738113,32.960343],[-83.738005,32.960322],[-83.737476,32.960813],[-83.737518,32.961296],[-83.738172,32.961307],[-83.738446,32.961502]]]}},{"type":"Feature","id":"13207:108H039","properties":{"id":"13207:108H039","parcelId":"108H039","countyFips":"13207","countyName":"Monroe","state":"Georgia","marketIds":["Atlanta"],"situsAddress":null,"situsCity":null,"situsZip":null,"jurisdictionCode":null,"ownerName":null,"ownerName2":null,"propertyName":null,"zoningCode":"R-1","zoningDistrict":null,"jurisdictionPrefix":null,"dorCode":null,"acreage":10.8927,"centroid":[-83.739171,32.965485],"lastSale":{"date":null,"price":null,"qualified":null},"tax":{"marketValue":null,"assessedValue":null,"taxableValue":null,"taxes":null},"mailingAddress":{"line1":null,"line2":null,"city":null,"state":null,"zip":null},"incomeTract":null,"incomeBlockGroup":null,"nearestRoad":null,"flu":null,"opportunityZone":null,"oz2Eligibility":null,"source":"ga-monroe-parcels-13207","appraiserUrl":"https://qpublic.schneidercorp.com/Application.aspx?App=MonroeCountyGA&Layer=Parcels&PageType=Report&KeyValue=108H039","gisViewerUrl":"https://qpublic.schneidercorp.com/Application.aspx?App=MonroeCountyGA&Layer=Parcels&PageType=Map"},"geometry":{"type":"Polygon","coordinates":[[[-83.737494,32.964969],[-83.737491,32.966962],[-83.739265,32.966962],[-83.740128,32.964843],[-83.740081,32.964821],[-83.740033,32.964766],[-83.739705,32.965074],[-83.737494,32.964969]]]}},{"type":"Feature","id":"13207:111 020","properties":{"id":"13207:111 020","parcelId":"111 020","countyFips":"13207","countyName":"Monroe","state":"Georgia","marketIds":["Atlanta"],"situsAddress":null,"situsCity":null,"situsZip":null,"jurisdictionCode":null,"ownerName":null,"ownerName2":null,"propertyName":null,"zoningCode":"A-R","zoningDistrict":null,"jurisdictionPrefix":null,"dorCode":null,"acreage":5.9458,"centroid":[-83.733577,32.992551],"lastSale":{"date":null,"price":null,"qualified":null},"tax":{"marketValue":null,"assessedValue":null,"taxableValue":null,"taxes":null},"mailingAddress":{"line1":null,"line2":null,"city":null,"state":null,"zip":null},"incomeTract":null,"incomeBlockGroup":null,"nearestRoad":null,"flu":null,"opportunityZone":null,"oz2Eligibility":null,"source":"ga-monroe-parcels-13207","appraiserUrl":"https://qpublic.schneidercorp.com/Application.aspx?App=MonroeCountyGA&Layer=Parcels&PageType=Report&KeyValue=111%20020","gisViewerUrl":"https://qpublic.schneidercorp.com/Application.aspx?App=MonroeCountyGA&Layer=Parcels&PageType=Map"},"geometry":{"type":"Polygon","coordinates":[[[-83.733328,32.993436],[-83.732991,32.993869],[-83.734302,32.993854],[-83.734407,32.991463],[-83.734146,32.991533],[-83.73348,32.991782],[-83.732968,32.992032],[-83.732762,32.992164],[-83.733805,32.992823],[-83.733328,32.993436]]]}},{"type":"Feature","id":"13207:111 032A","properties":{"id":"13207:111 032A","parcelId":"111 032A","countyFips":"13207","countyName":"Monroe","state":"Georgia","marketIds":["Atlanta"],"situsAddress":null,"situsCity":null,"situsZip":null,"jurisdictionCode":null,"ownerName":null,"ownerName2":null,"propertyName":null,"zoningCode":"M-1","zoningDistrict":null,"jurisdictionPrefix":null,"dorCode":null,"acreage":16.6987,"centroid":[-83.730326,32.998952],"lastSale":{"date":null,"price":null,"qualified":null},"tax":{"marketValue":null,"assessedValue":null,"taxableValue":null,"taxes":null},"mailingAddress":{"line1":null,"line2":null,"city":null,"state":null,"zip":null},"incomeTract":null,"incomeBlockGroup":null,"nearestRoad":null,"flu":null,"opportunityZone":null,"oz2Eligibility":null,"source":"ga-monroe-parcels-13207","appraiserUrl":"https://qpublic.schneidercorp.com/Application.aspx?App=MonroeCountyGA&Layer=Parcels&PageType=Report&KeyValue=111%20032A","gisViewerUrl":"https://qpublic.schneidercorp.com/Application.aspx?App=MonroeCountyGA&Layer=Parcels&PageType=Map"},"geometry":{"type":"Polygon","coordinates":[[[-83.728718,32.998673],[-83.728658,33.000427],[-83.73174,33.000547],[-83.731896,32.997448],[-83.730807,32.998386],[-83.730342,32.998476],[-83.730121,32.998704],[-83.728718,32.998673]]]}},{"type":"Feature","id":"13207:111 033","properties":{"id":"13207:111 033","parcelId":"111 033","countyFips":"13207","countyName":"Monroe","state":"Georgia","marketIds":["Atlanta"],"situsAddress":null,"situsCity":null,"situsZip":null,"jurisdictionCode":null,"ownerName":null,"ownerName2":null,"propertyName":null,"zoningCode":"M-1","zoningDistrict":null,"jurisdictionPrefix":null,"dorCode":null,"acreage":11.7455,"centroid":[-83.730307,32.997568],"lastSale":{"date":null,"price":null,"qualified":null},"tax":{"marketValue":null,"assessedValue":null,"taxableValue":null,"taxes":null},"mailingAddress":{"line1":null,"line2":null,"city":null,"state":null,"zip":null},"incomeTract":null,"incomeBlockGroup":null,"nearestRoad":null,"flu":null,"opportunityZone":null,"oz2Eligibility":null,"source":"ga-monroe-parcels-13207","appraiserUrl":"https://qpublic.schneidercorp.com/Application.aspx?App=MonroeCountyGA&Layer=Parcels&PageType=Report&KeyValue=111%20033","gisViewerUrl":"https://qpublic.schneidercorp.com/Application.aspx?App=MonroeCountyGA&Layer=Parcels&PageType=Map"},"geometry":{"type":"Polygon","coordinates":[[[-83.728718,32.998673],[-83.730121,32.998704],[-83.730342,32.998476],[-83.730807,32.998386],[-83.731896,32.997448],[-83.731705,32.997488],[-83.731603,32.997089],[-83.730458,32.997824],[-83.730659,32.996431],[-83.728787,32.996645],[-83.728718,32.998673]]]}},{"type":"Feature","id":"13207:111 034","properties":{"id":"13207:111 034","parcelId":"111 034","countyFips":"13207","countyName":"Monroe","state":"Georgia","marketIds":["Atlanta"],"situsAddress":null,"situsCity":null,"situsZip":null,"jurisdictionCode":null,"ownerName":null,"ownerName2":null,"propertyName":null,"zoningCode":"M-1","zoningDistrict":null,"jurisdictionPrefix":null,"dorCode":null,"acreage":36.6215,"centroid":[-83.729211,32.995503],"lastSale":{"date":null,"price":null,"qualified":null},"tax":{"marketValue":null,"assessedValue":null,"taxableValue":null,"taxes":null},"mailingAddress":{"line1":null,"line2":null,"city":null,"state":null,"zip":null},"incomeTract":null,"incomeBlockGroup":null,"nearestRoad":null,"flu":null,"opportunityZone":null,"oz2Eligibility":null,"source":"ga-monroe-parcels-13207","appraiserUrl":"https://qpublic.schneidercorp.com/Application.aspx?App=MonroeCountyGA&Layer=Parcels&PageType=Report&KeyValue=111%20034","gisViewerUrl":"https://qpublic.schneidercorp.com/Application.aspx?App=MonroeCountyGA&Layer=Parcels&PageType=Map"},"geometry":{"type":"Polygon","coordinates":[[[-83.726011,32.99772],[-83.72875,32.997743],[-83.728787,32.996645],[-83.731725,32.996309],[-83.731836,32.99595],[-83.73138,32.99597],[-83.731335,32.99457],[-83.731444,32.994565],[-83.731372,32.993887],[-83.727437,32.993932],[-83.727384,32.994419],[-83.727306,32.994724],[-83.727179,32.99509],[-83.727008,32.995516],[-83.726011,32.99772]]]}},{"type":"Feature","id":"13207:112 001B","properties":{"id":"13207:112 001B","parcelId":"112 001B","countyFips":"13207","countyName":"Monroe","state":"Georgia","marketIds":["Atlanta"],"situsAddress":null,"situsCity":null,"situsZip":null,"jurisdictionCode":null,"ownerName":null,"ownerName2":null,"propertyName":null,"zoningCode":"R-1","zoningDistrict":null,"jurisdictionPrefix":null,"dorCode":null,"acreage":20.3184,"centroid":[-83.735359,32.966388],"lastSale":{"date":null,"price":null,"qualified":null},"tax":{"marketValue":null,"assessedValue":null,"taxableValue":null,"taxes":null},"mailingAddress":{"line1":null,"line2":null,"city":null,"state":null,"zip":null},"incomeTract":null,"incomeBlockGroup":null,"nearestRoad":null,"flu":null,"opportunityZone":null,"oz2Eligibility":null,"source":"ga-monroe-parcels-13207","appraiserUrl":"https://qpublic.schneidercorp.com/Application.aspx?App=MonroeCountyGA&Layer=Parcels&PageType=Report&KeyValue=112%20001B","gisViewerUrl":"https://qpublic.schneidercorp.com/Application.aspx?App=MonroeCountyGA&Layer=Parcels&PageType=Map"},"geometry":{"type":"Polygon","coordinates":[[[-83.734545,32.965443],[-83.734519,32.968284],[-83.734764,32.96814],[-83.734826,32.968084],[-83.734909,32.967938],[-83.734951,32.967711],[-83.734975,32.967673],[-83.735112,32.967579],[-83.735283,32.96757],[-83.735328,32.967551],[-83.735513,32.967376],[-83.735619,32.967187],[-83.735863,32.966961],[-83.737491,32.966962],[-83.737495,32.964694],[-83.734929,32.96467],[-83.735275,32.964042],[-83.735874,32.963789],[-83.735834,32.963735],[-83.734888,32.964052],[-83.734552,32.964701],[-83.734545,32.965443]]]}},{"type":"Feature","id":"13207:112 001C","properties":{"id":"13207:112 001C","parcelId":"112 001C","countyFips":"13207","countyName":"Monroe","state":"Georgia","marketIds":["Atlanta"],"situsAddress":null,"situsCity":null,"situsZip":null,"jurisdictionCode":null,"ownerName":null,"ownerName2":null,"propertyName":null,"zoningCode":"R-1","zoningDistrict":null,"jurisdictionPrefix":null,"dorCode":null,"acreage":17.9606,"centroid":[-83.732893,32.967802],"lastSale":{"date":null,"price":null,"qualified":null},"tax":{"marketValue":null,"assessedValue":null,"taxableValue":null,"taxes":null},"mailingAddress":{"line1":null,"line2":null,"city":null,"state":null,"zip":null},"incomeTract":null,"incomeBlockGroup":null,"nearestRoad":null,"flu":null,"opportunityZone":null,"oz2Eligibility":null,"source":"ga-monroe-parcels-13207","appraiserUrl":"https://qpublic.schneidercorp.com/Application.aspx?App=MonroeCountyGA&Layer=Parcels&PageType=Report&KeyValue=112%20001C","gisViewerUrl":"https://qpublic.schneidercorp.com/Application.aspx?App=MonroeCountyGA&Layer=Parcels&PageType=Map"},"geometry":{"type":"Polygon","coordinates":[[[-83.73243,32.967306],[-83.732432,32.967313],[-83.73248,32.967449],[-83.732633,32.967691],[-83.732687,32.967833],[-83.732663,32.967941],[-83.732596,32.968079],[-83.732618,32.96823],[-83.7326,32.968414],[-83.732619,32.968536],[-83.732705,32.968643],[-83.732953,32.968726],[-83.733007,32.968807],[-83.732987,32.968884],[-83.732907,32.968983],[-83.732909,32.96909],[-83.733001,32.969174],[-83.733164,32.969235],[-83.733247,32.969241],[-83.733469,32.969205],[-83.733426,32.969062],[-83.733439,32.968977],[-83.733481,32.968886],[-83.733586,32.968771],[-83.733815,32.968631],[-83.733959,32.968422],[-83.734064,32.968373],[-83.734282,32.968359],[-83.734519,32.968284],[-83.734545,32.965443],[-83.732156,32.965426],[-83.732237,32.965664],[-83.732249,32.965849],[-83.732303,32.965928],[-83.732323,32.966012],[-83.732287,32.966217],[-83.732147,32.966615],[-83.732129,32.966745],[-83.732137,32.966873],[-83.732164,32.966932],[-83.732217,32.966984],[-83.732399,32.967091],[-83.732429,32.967172],[-83.73243,32.967306]]]}},{"type":"Feature","id":"13207:112 001D","properties":{"id":"13207:112 001D","parcelId":"112 001D","countyFips":"13207","countyName":"Monroe","state":"Georgia","marketIds":["Atlanta"],"situsAddress":null,"situsCity":null,"situsZip":null,"jurisdictionCode":null,"ownerName":null,"ownerName2":null,"propertyName":null,"zoningCode":"R-1","zoningDistrict":null,"jurisdictionPrefix":null,"dorCode":null,"acreage":20.5223,"centroid":[-83.731504,32.965877],"lastSale":{"date":null,"price":null,"qualified":null},"tax":{"marketValue":null,"assessedValue":null,"taxableValue":null,"taxes":null},"mailingAddress":{"line1":null,"line2":null,"city":null,"state":null,"zip":null},"incomeTract":null,"incomeBlockGroup":null,"nearestRoad":null,"flu":null,"opportunityZone":null,"oz2Eligibility":null,"source":"ga-monroe-parcels-13207","appraiserUrl":"https://qpublic.schneidercorp.com/Application.aspx?App=MonroeCountyGA&Layer=Parcels&PageType=Report&KeyValue=112%20001D","gisViewerUrl":"https://qpublic.schneidercorp.com/Application.aspx?App=MonroeCountyGA&Layer=Parcels&PageType=Map"},"geometry":{"type":"Polygon","coordinates":[[[-83.731767,32.967191],[-83.73243,32.967306],[-83.732429,32.967172],[-83.732399,32.967091],[-83.732217,32.966984],[-83.732164,32.966932],[-83.732137,32.966873],[-83.732129,32.966745],[-83.732147,32.966615],[-83.732287,32.966217],[-83.732323,32.966012],[-83.732303,32.965928],[-83.732249,32.965849],[-83.732237,32.965664],[-83.732181,32.965531],[-83.732125,32.965278],[-83.732065,32.965109],[-83.732069,32.965029],[-83.732129,32.964946],[-83.732136,32.964883],[-83.732078,32.964674],[-83.73208,32.964524],[-83.726454,32.964438],[-83.726467,32.964502],[-83.728746,32.964537],[-83.729356,32.96677],[-83.731767,32.967191]]]}},{"type":"Feature","id":"13207:112 001E","properties":{"id":"13207:112 001E","parcelId":"112 001E","countyFips":"13207","countyName":"Monroe","state":"Georgia","marketIds":["Atlanta"],"situsAddress":null,"situsCity":null,"situsZip":null,"jurisdictionCode":null,"ownerName":null,"ownerName2":null,"propertyName":null,"zoningCode":"R-1","zoningDistrict":null,"jurisdictionPrefix":null,"dorCode":null,"acreage":13.132,"centroid":[-83.727771,32.965858],"lastSale":{"date":null,"price":null,"qualified":null},"tax":{"marketValue":null,"assessedValue":null,"taxableValue":null,"taxes":null},"mailingAddress":{"line1":null,"line2":null,"city":null,"state":null,"zip":null},"incomeTract":null,"incomeBlockGroup":null,"nearestRoad":null,"flu":null,"opportunityZone":null,"oz2Eligibility":null,"source":"ga-monroe-parcels-13207","appraiserUrl":"https://qpublic.schneidercorp.com/Application.aspx?App=MonroeCountyGA&Layer=Parcels&PageType=Report&KeyValue=112%20001E","gisViewerUrl":"https://qpublic.schneidercorp.com/Application.aspx?App=MonroeCountyGA&Layer=Parcels&PageType=Map"},"geometry":{"type":"Polygon","coordinates":[[[-83.72917,32.966767],[-83.729356,32.96677],[-83.728746,32.964537],[-83.726467,32.964502],[-83.72674,32.96566],[-83.726845,32.966038],[-83.727073,32.966732],[-83.72917,32.966767]]]}},{"type":"Feature","id":"13207:112 001H","properties":{"id":"13207:112 001H","parcelId":"112 001H","countyFips":"13207","countyName":"Monroe","state":"Georgia","marketIds":["Atlanta"],"situsAddress":null,"situsCity":null,"situsZip":null,"jurisdictionCode":null,"ownerName":null,"ownerName2":null,"propertyName":null,"zoningCode":"R-1","zoningDistrict":null,"jurisdictionPrefix":null,"dorCode":null,"acreage":6.657,"centroid":[-83.733622,32.964561],"lastSale":{"date":null,"price":null,"qualified":null},"tax":{"marketValue":null,"assessedValue":null,"taxableValue":null,"taxes":null},"mailingAddress":{"line1":null,"line2":null,"city":null,"state":null,"zip":null},"incomeTract":null,"incomeBlockGroup":null,"nearestRoad":null,"flu":null,"opportunityZone":null,"oz2Eligibility":null,"source":"ga-monroe-parcels-13207","appraiserUrl":"https://qpublic.schneidercorp.com/Application.aspx?App=MonroeCountyGA&Layer=Parcels&PageType=Report&KeyValue=112%20001H","gisViewerUrl":"https://qpublic.schneidercorp.com/Application.aspx?App=MonroeCountyGA&Layer=Parcels&PageType=Map"},"geometry":{"type":"Polygon","coordinates":[[[-83.732156,32.965426],[-83.734545,32.965443],[-83.734552,32.964701],[-83.734888,32.964052],[-83.735834,32.963735],[-83.735821,32.963683],[-83.735275,32.963848],[-83.734587,32.963843],[-83.734108,32.964555],[-83.73208,32.964524],[-83.732078,32.964674],[-83.732136,32.964883],[-83.732129,32.964946],[-83.732075,32.965012],[-83.732062,32.96509],[-83.732156,32.965426]]]}},{"type":"Feature","id":"13207:112 002","properties":{"id":"13207:112 002","parcelId":"112 002","countyFips":"13207","countyName":"Monroe","state":"Georgia","marketIds":["Atlanta"],"situsAddress":null,"situsCity":null,"situsZip":null,"jurisdictionCode":null,"ownerName":null,"ownerName2":null,"propertyName":null,"zoningCode":"R-1","zoningDistrict":null,"jurisdictionPrefix":null,"dorCode":null,"acreage":5.338,"centroid":[-83.728135,32.967517],"lastSale":{"date":null,"price":null,"qualified":null},"tax":{"marketValue":null,"assessedValue":null,"taxableValue":null,"taxes":null},"mailingAddress":{"line1":null,"line2":null,"city":null,"state":null,"zip":null},"incomeTract":null,"incomeBlockGroup":null,"nearestRoad":null,"flu":null,"opportunityZone":null,"oz2Eligibility":null,"source":"ga-monroe-parcels-13207","appraiserUrl":"https://qpublic.schneidercorp.com/Application.aspx?App=MonroeCountyGA&Layer=Parcels&PageType=Report&KeyValue=112%20002","gisViewerUrl":"https://qpublic.schneidercorp.com/Application.aspx?App=MonroeCountyGA&Layer=Parcels&PageType=Map"},"geometry":{"type":"Polygon","coordinates":[[[-83.728678,32.968225],[-83.729419,32.968513],[-83.729047,32.966849],[-83.727101,32.966815],[-83.727294,32.967402],[-83.72769,32.9674],[-83.727982,32.967226],[-83.728029,32.967256],[-83.727719,32.96745],[-83.728388,32.968034],[-83.728678,32.968225]]]}},{"type":"Feature","id":"13207:112 004","properties":{"id":"13207:112 004","parcelId":"112 004","countyFips":"13207","countyName":"Monroe","state":"Georgia","marketIds":["Atlanta"],"situsAddress":null,"situsCity":null,"situsZip":null,"jurisdictionCode":null,"ownerName":null,"ownerName2":null,"propertyName":null,"zoningCode":"R-1","zoningDistrict":null,"jurisdictionPrefix":null,"dorCode":null,"acreage":23.3644,"centroid":[-83.73234,32.970386],"lastSale":{"date":null,"price":null,"qualified":null},"tax":{"marketValue":null,"assessedValue":null,"taxableValue":null,"taxes":null},"mailingAddress":{"line1":null,"line2":null,"city":null,"state":null,"zip":null},"incomeTract":null,"incomeBlockGroup":null,"nearestRoad":null,"flu":null,"opportunityZone":null,"oz2Eligibility":null,"source":"ga-monroe-parcels-13207","appraiserUrl":"https://qpublic.schneidercorp.com/Application.aspx?App=MonroeCountyGA&Layer=Parcels&PageType=Report&KeyValue=112%20004","gisViewerUrl":"https://qpublic.schneidercorp.com/Application.aspx?App=MonroeCountyGA&Layer=Parcels&PageType=Map"},"geometry":{"type":"Polygon","coordinates":[[[-83.731572,32.971453],[-83.7339,32.97153],[-83.733919,32.971399],[-83.733973,32.971238],[-83.733953,32.971039],[-83.733833,32.97071],[-83.7336,32.970347],[-83.73353,32.970147],[-83.733593,32.969986],[-83.733702,32.969837],[-83.73382,32.969734],[-83.733833,32.969641],[-83.733737,32.969471],[-83.733595,32.969341],[-83.730353,32.969292],[-83.730355,32.969905],[-83.731415,32.969997],[-83.731478,32.971188],[-83.730381,32.971178],[-83.730373,32.970151],[-83.727993,32.969565],[-83.728564,32.971353],[-83.731572,32.971453]]]}},{"type":"Feature","id":"13207:112 004A","properties":{"id":"13207:112 004A","parcelId":"112 004A","countyFips":"13207","countyName":"Monroe","state":"Georgia","marketIds":["Atlanta"],"situsAddress":null,"situsCity":null,"situsZip":null,"jurisdictionCode":null,"ownerName":null,"ownerName2":null,"propertyName":null,"zoningCode":"R-1","zoningDistrict":null,"jurisdictionPrefix":null,"dorCode":null,"acreage":6.9385,"centroid":[-83.73003,32.970066],"lastSale":{"date":null,"price":null,"qualified":null},"tax":{"marketValue":null,"assessedValue":null,"taxableValue":null,"taxes":null},"mailingAddress":{"line1":null,"line2":null,"city":null,"state":null,"zip":null},"incomeTract":null,"incomeBlockGroup":null,"nearestRoad":null,"flu":null,"opportunityZone":null,"oz2Eligibility":null,"source":"ga-monroe-parcels-13207","appraiserUrl":"https://qpublic.schneidercorp.com/Application.aspx?App=MonroeCountyGA&Layer=Parcels&PageType=Report&KeyValue=112%20004A","gisViewerUrl":"https://qpublic.schneidercorp.com/Application.aspx?App=MonroeCountyGA&Layer=Parcels&PageType=Map"},"geometry":{"type":"Polygon","coordinates":[[[-83.727993,32.969565],[-83.730373,32.970151],[-83.730381,32.971178],[-83.731478,32.971188],[-83.731415,32.969997],[-83.730355,32.969905],[-83.730353,32.969292],[-83.727892,32.969255],[-83.727993,32.969565]]]}},{"type":"Feature","id":"13207:112 005A","properties":{"id":"13207:112 005A","parcelId":"112 005A","countyFips":"13207","countyName":"Monroe","state":"Georgia","marketIds":["Atlanta"],"situsAddress":null,"situsCity":null,"situsZip":null,"jurisdictionCode":null,"ownerName":null,"ownerName2":null,"propertyName":null,"zoningCode":"R-1","zoningDistrict":null,"jurisdictionPrefix":null,"dorCode":null,"acreage":19.5478,"centroid":[-83.726558,32.976333],"lastSale":{"date":null,"price":null,"qualified":null},"tax":{"marketValue":null,"assessedValue":null,"taxableValue":null,"taxes":null},"mailingAddress":{"line1":null,"line2":null,"city":null,"state":null,"zip":null},"incomeTract":null,"incomeBlockGroup":null,"nearestRoad":null,"flu":null,"opportunityZone":null,"oz2Eligibility":null,"source":"ga-monroe-parcels-13207","appraiserUrl":"https://qpublic.schneidercorp.com/Application.aspx?App=MonroeCountyGA&Layer=Parcels&PageType=Report&KeyValue=112%20005A","gisViewerUrl":"https://qpublic.schneidercorp.com/Application.aspx?App=MonroeCountyGA&Layer=Parcels&PageType=Map"},"geometry":{"type":"Polygon","coordinates":[[[-83.729585,32.977536],[-83.72964,32.977542],[-83.729779,32.977545],[-83.72989,32.977518],[-83.729188,32.975327],[-83.723227,32.975121],[-83.723537,32.97543],[-83.723965,32.975917],[-83.724295,32.976408],[-83.724349,32.976307],[-83.72436,32.976077],[-83.724411,32.975957],[-83.724603,32.975836],[-83.724774,32.975814],[-83.725059,32.975918],[-83.725375,32.976094],[-83.725594,32.976186],[-83.725806,32.976227],[-83.726229,32.976262],[-83.726348,32.976293],[-83.726756,32.976484],[-83.727219,32.976767],[-83.727477,32.976868],[-83.727933,32.97694],[-83.728419,32.976961],[-83.728578,32.977002],[-83.72881,32.977124],[-83.729166,32.977411],[-83.729348,32.977482],[-83.729585,32.977536]]]}},{"type":"Feature","id":"13207:112 008C","properties":{"id":"13207:112 008C","parcelId":"112 008C","countyFips":"13207","countyName":"Monroe","state":"Georgia","marketIds":["Atlanta"],"situsAddress":null,"situsCity":null,"situsZip":null,"jurisdictionCode":null,"ownerName":null,"ownerName2":null,"propertyName":null,"zoningCode":"R-1","zoningDistrict":null,"jurisdictionPrefix":null,"dorCode":null,"acreage":10.3181,"centroid":[-83.734569,32.970455],"lastSale":{"date":null,"price":null,"qualified":null},"tax":{"marketValue":null,"assessedValue":null,"taxableValue":null,"taxes":null},"mailingAddress":{"line1":null,"line2":null,"city":null,"state":null,"zip":null},"incomeTract":null,"incomeBlockGroup":null,"nearestRoad":null,"flu":null,"opportunityZone":null,"oz2Eligibility":null,"source":"ga-monroe-parcels-13207","appraiserUrl":"https://qpublic.schneidercorp.com/Application.aspx?App=MonroeCountyGA&Layer=Parcels&PageType=Report&KeyValue=112%20008C","gisViewerUrl":"https://qpublic.schneidercorp.com/Application.aspx?App=MonroeCountyGA&Layer=Parcels&PageType=Map"},"geometry":{"type":"Polygon","coordinates":[[[-83.735366,32.971883],[-83.735823,32.971224],[-83.737824,32.972319],[-83.737944,32.972247],[-83.735816,32.971078],[-83.736169,32.970508],[-83.733427,32.969038],[-83.733437,32.96914],[-83.733469,32.969205],[-83.733737,32.969471],[-83.733833,32.969641],[-83.73382,32.969734],[-83.733702,32.969837],[-83.733576,32.970014],[-83.733531,32.970164],[-83.7336,32.970347],[-83.733833,32.97071],[-83.733934,32.970969],[-83.73397,32.971115],[-83.735366,32.971883]]]}},{"type":"Feature","id":"13207:112 010A","properties":{"id":"13207:112 010A","parcelId":"112 010A","countyFips":"13207","countyName":"Monroe","state":"Georgia","marketIds":["Atlanta"],"situsAddress":null,"situsCity":null,"situsZip":null,"jurisdictionCode":null,"ownerName":null,"ownerName2":null,"propertyName":null,"zoningCode":"R-1","zoningDistrict":null,"jurisdictionPrefix":null,"dorCode":null,"acreage":5.5861,"centroid":[-83.731962,32.978247],"lastSale":{"date":null,"price":null,"qualified":null},"tax":{"marketValue":null,"assessedValue":null,"taxableValue":null,"taxes":null},"mailingAddress":{"line1":null,"line2":null,"city":null,"state":null,"zip":null},"incomeTract":null,"incomeBlockGroup":null,"nearestRoad":null,"flu":null,"opportunityZone":null,"oz2Eligibility":null,"source":"ga-monroe-parcels-13207","appraiserUrl":"https://qpublic.schneidercorp.com/Application.aspx?App=MonroeCountyGA&Layer=Parcels&PageType=Report&KeyValue=112%20010A","gisViewerUrl":"https://qpublic.schneidercorp.com/Application.aspx?App=MonroeCountyGA&Layer=Parcels&PageType=Map"},"geometry":{"type":"Polygon","coordinates":[[[-83.730602,32.977628],[-83.730702,32.977934],[-83.731013,32.978926],[-83.73342,32.9789],[-83.733651,32.978013],[-83.732961,32.978325],[-83.731382,32.978005],[-83.730602,32.977628]]]}},{"type":"Feature","id":"13207:112 010B","properties":{"id":"13207:112 010B","parcelId":"112 010B","countyFips":"13207","countyName":"Monroe","state":"Georgia","marketIds":["Atlanta"],"situsAddress":null,"situsCity":null,"situsZip":null,"jurisdictionCode":null,"ownerName":null,"ownerName2":null,"propertyName":null,"zoningCode":"R-1","zoningDistrict":null,"jurisdictionPrefix":null,"dorCode":null,"acreage":11.7698,"centroid":[-83.727861,32.980093],"lastSale":{"date":null,"price":null,"qualified":null},"tax":{"marketValue":null,"assessedValue":null,"taxableValue":null,"taxes":null},"mailingAddress":{"line1":null,"line2":null,"city":null,"state":null,"zip":null},"incomeTract":null,"incomeBlockGroup":null,"nearestRoad":null,"flu":null,"opportunityZone":null,"oz2Eligibility":null,"source":"ga-monroe-parcels-13207","appraiserUrl":"https://qpublic.schneidercorp.com/Application.aspx?App=MonroeCountyGA&Layer=Parcels&PageType=Report&KeyValue=112%20010B","gisViewerUrl":"https://qpublic.schneidercorp.com/Application.aspx?App=MonroeCountyGA&Layer=Parcels&PageType=Map"},"geometry":{"type":"Polygon","coordinates":[[[-83.725079,32.97922],[-83.725657,32.979788],[-83.726837,32.980419],[-83.727407,32.980384],[-83.728124,32.980552],[-83.729192,32.980583],[-83.729747,32.980495],[-83.73083,32.980487],[-83.730662,32.97995],[-83.725077,32.979048],[-83.725079,32.97922]]]}},{"type":"Feature","id":"13207:112 010D","properties":{"id":"13207:112 010D","parcelId":"112 010D","countyFips":"13207","countyName":"Monroe","state":"Georgia","marketIds":["Atlanta"],"situsAddress":null,"situsCity":null,"situsZip":null,"jurisdictionCode":null,"ownerName":null,"ownerName2":null,"propertyName":null,"zoningCode":"R-1","zoningDistrict":null,"jurisdictionPrefix":null,"dorCode":null,"acreage":18.7114,"centroid":[-83.726807,32.978677],"lastSale":{"date":null,"price":null,"qualified":null},"tax":{"marketValue":null,"assessedValue":null,"taxableValue":null,"taxes":null},"mailingAddress":{"line1":null,"line2":null,"city":null,"state":null,"zip":null},"incomeTract":null,"incomeBlockGroup":null,"nearestRoad":null,"flu":null,"opportunityZone":null,"oz2Eligibility":null,"source":"ga-monroe-parcels-13207","appraiserUrl":"https://qpublic.schneidercorp.com/Application.aspx?App=MonroeCountyGA&Layer=Parcels&PageType=Report&KeyValue=112%20010D","gisViewerUrl":"https://qpublic.schneidercorp.com/Application.aspx?App=MonroeCountyGA&Layer=Parcels&PageType=Map"},"geometry":{"type":"Polygon","coordinates":[[[-83.725077,32.979048],[-83.730662,32.97995],[-83.730241,32.978614],[-83.724827,32.977591],[-83.724988,32.978223],[-83.725049,32.978635],[-83.725077,32.979048]]]}},{"type":"Feature","id":"13207:112 010F","properties":{"id":"13207:112 010F","parcelId":"112 010F","countyFips":"13207","countyName":"Monroe","state":"Georgia","marketIds":["Atlanta"],"situsAddress":null,"situsCity":null,"situsZip":null,"jurisdictionCode":null,"ownerName":null,"ownerName2":null,"propertyName":null,"zoningCode":"R-1","zoningDistrict":null,"jurisdictionPrefix":null,"dorCode":null,"acreage":8.9226,"centroid":[-83.723604,32.976998],"lastSale":{"date":null,"price":null,"qualified":null},"tax":{"marketValue":null,"assessedValue":null,"taxableValue":null,"taxes":null},"mailingAddress":{"line1":null,"line2":null,"city":null,"state":null,"zip":null},"incomeTract":null,"incomeBlockGroup":null,"nearestRoad":null,"flu":null,"opportunityZone":null,"oz2Eligibility":null,"source":"ga-monroe-parcels-13207","appraiserUrl":"https://qpublic.schneidercorp.com/Application.aspx?App=MonroeCountyGA&Layer=Parcels&PageType=Report&KeyValue=112%20010F","gisViewerUrl":"https://qpublic.schneidercorp.com/Application.aspx?App=MonroeCountyGA&Layer=Parcels&PageType=Map"},"geometry":{"type":"Polygon","coordinates":[[[-83.723101,32.978389],[-83.723684,32.978552],[-83.724259,32.978713],[-83.724565,32.979042],[-83.72475,32.979058],[-83.724715,32.978579],[-83.724656,32.978218],[-83.724571,32.977861],[-83.724457,32.977495],[-83.724225,32.97694],[-83.724034,32.976582],[-83.723813,32.976236],[-83.723693,32.976068],[-83.723385,32.975711],[-83.722764,32.975102],[-83.722053,32.975074],[-83.722138,32.975198],[-83.722424,32.975453],[-83.722717,32.97579],[-83.723101,32.976144],[-83.723315,32.976418],[-83.723399,32.976608],[-83.723424,32.976709],[-83.723248,32.978012],[-83.723101,32.978389]]]}},{"type":"Feature","id":"13207:112 012A","properties":{"id":"13207:112 012A","parcelId":"112 012A","countyFips":"13207","countyName":"Monroe","state":"Georgia","marketIds":["Atlanta"],"situsAddress":null,"situsCity":null,"situsZip":null,"jurisdictionCode":null,"ownerName":null,"ownerName2":null,"propertyName":null,"zoningCode":"R-1","zoningDistrict":null,"jurisdictionPrefix":null,"dorCode":null,"acreage":10.7251,"centroid":[-83.732915,32.989856],"lastSale":{"date":null,"price":null,"qualified":null},"tax":{"marketValue":null,"assessedValue":null,"taxableValue":null,"taxes":null},"mailingAddress":{"line1":null,"line2":null,"city":null,"state":null,"zip":null},"incomeTract":null,"incomeBlockGroup":null,"nearestRoad":null,"flu":null,"opportunityZone":null,"oz2Eligibility":null,"source":"ga-monroe-parcels-13207","appraiserUrl":"https://qpublic.schneidercorp.com/Application.aspx?App=MonroeCountyGA&Layer=Parcels&PageType=Report&KeyValue=112%20012A","gisViewerUrl":"https://qpublic.schneidercorp.com/Application.aspx?App=MonroeCountyGA&Layer=Parcels&PageType=Map"},"geometry":{"type":"Polygon","coordinates":[[[-83.732264,32.988779],[-83.732092,32.992587],[-83.732335,32.992293],[-83.732529,32.992119],[-83.732745,32.991964],[-83.732845,32.990622],[-83.733482,32.990646],[-83.733468,32.990868],[-83.734218,32.990989],[-83.733499,32.988786],[-83.733375,32.988758],[-83.733235,32.988679],[-83.733161,32.988669],[-83.733067,32.988678],[-83.732909,32.988731],[-83.732733,32.988722],[-83.732681,32.988759],[-83.732649,32.988811],[-83.732582,32.98884],[-83.732427,32.988824],[-83.732264,32.988779]]]}},{"type":"Feature","id":"13207:112 013G","properties":{"id":"13207:112 013G","parcelId":"112 013G","countyFips":"13207","countyName":"Monroe","state":"Georgia","marketIds":["Atlanta"],"situsAddress":null,"situsCity":null,"situsZip":null,"jurisdictionCode":null,"ownerName":null,"ownerName2":null,"propertyName":null,"zoningCode":"R-1","zoningDistrict":null,"jurisdictionPrefix":null,"dorCode":null,"acreage":5.9235,"centroid":[-83.73392,32.986447],"lastSale":{"date":null,"price":null,"qualified":null},"tax":{"marketValue":null,"assessedValue":null,"taxableValue":null,"taxes":null},"mailingAddress":{"line1":null,"line2":null,"city":null,"state":null,"zip":null},"incomeTract":null,"incomeBlockGroup":null,"nearestRoad":null,"flu":null,"opportunityZone":null,"oz2Eligibility":null,"source":"ga-monroe-parcels-13207","appraiserUrl":"https://qpublic.schneidercorp.com/Application.aspx?App=MonroeCountyGA&Layer=Parcels&PageType=Report&KeyValue=112%20013G","gisViewerUrl":"https://qpublic.schneidercorp.com/Application.aspx?App=MonroeCountyGA&Layer=Parcels&PageType=Map"},"geometry":{"type":"Polygon","coordinates":[[[-83.733196,32.985753],[-83.733484,32.986655],[-83.734348,32.989306],[-83.73445,32.985709],[-83.734035,32.985577],[-83.734009,32.985682],[-83.733196,32.985753]]]}},{"type":"Feature","id":"13207:112 013K","properties":{"id":"13207:112 013K","parcelId":"112 013K","countyFips":"13207","countyName":"Monroe","state":"Georgia","marketIds":["Atlanta"],"situsAddress":null,"situsCity":null,"situsZip":null,"jurisdictionCode":null,"ownerName":null,"ownerName2":null,"propertyName":null,"zoningCode":"R-1","zoningDistrict":null,"jurisdictionPrefix":null,"dorCode":null,"acreage":9.2335,"centroid":[-83.731353,32.986311],"lastSale":{"date":null,"price":null,"qualified":null},"tax":{"marketValue":null,"assessedValue":null,"taxableValue":null,"taxes":null},"mailingAddress":{"line1":null,"line2":null,"city":null,"state":null,"zip":null},"incomeTract":null,"incomeBlockGroup":null,"nearestRoad":null,"flu":null,"opportunityZone":null,"oz2Eligibility":null,"source":"ga-monroe-parcels-13207","appraiserUrl":"https://qpublic.schneidercorp.com/Application.aspx?App=MonroeCountyGA&Layer=Parcels&PageType=Report&KeyValue=112%20013K","gisViewerUrl":"https://qpublic.schneidercorp.com/Application.aspx?App=MonroeCountyGA&Layer=Parcels&PageType=Map"},"geometry":{"type":"Polygon","coordinates":[[[-83.73046,32.986357],[-83.730489,32.987109],[-83.732952,32.987101],[-83.732438,32.985501],[-83.730427,32.985486],[-83.73046,32.986357]]]}},{"type":"Feature","id":"13207:112 016","properties":{"id":"13207:112 016","parcelId":"112 016","countyFips":"13207","countyName":"Monroe","state":"Georgia","marketIds":["Atlanta"],"situsAddress":null,"situsCity":null,"situsZip":null,"jurisdictionCode":null,"ownerName":null,"ownerName2":null,"propertyName":null,"zoningCode":"R-1","zoningDistrict":null,"jurisdictionPrefix":null,"dorCode":null,"acreage":30.9188,"centroid":[-83.725152,32.97028],"lastSale":{"date":null,"price":null,"qualified":null},"tax":{"marketValue":null,"assessedValue":null,"taxableValue":null,"taxes":null},"mailingAddress":{"line1":null,"line2":null,"city":null,"state":null,"zip":null},"incomeTract":null,"incomeBlockGroup":null,"nearestRoad":null,"flu":null,"opportunityZone":null,"oz2Eligibility":null,"source":"ga-monroe-parcels-13207","appraiserUrl":"https://qpublic.schneidercorp.com/Application.aspx?App=MonroeCountyGA&Layer=Parcels&PageType=Report&KeyValue=112%20016","gisViewerUrl":"https://qpublic.schneidercorp.com/Application.aspx?App=MonroeCountyGA&Layer=Parcels&PageType=Map"},"geometry":{"type":"Polygon","coordinates":[[[-83.722792,32.969267],[-83.723071,32.970208],[-83.723855,32.97101],[-83.723819,32.971881],[-83.724152,32.972263],[-83.725875,32.970619],[-83.726919,32.970267],[-83.727026,32.970064],[-83.72748,32.970078],[-83.726533,32.967142],[-83.722792,32.969267]]]}},{"type":"Feature","id":"13207:112 016A","properties":{"id":"13207:112 016A","parcelId":"112 016A","countyFips":"13207","countyName":"Monroe","state":"Georgia","marketIds":["Atlanta"],"situsAddress":null,"situsCity":null,"situsZip":null,"jurisdictionCode":null,"ownerName":null,"ownerName2":null,"propertyName":null,"zoningCode":"R-1","zoningDistrict":null,"jurisdictionPrefix":null,"dorCode":null,"acreage":39.9116,"centroid":[-83.722878,32.971744],"lastSale":{"date":null,"price":null,"qualified":null},"tax":{"marketValue":null,"assessedValue":null,"taxableValue":null,"taxes":null},"mailingAddress":{"line1":null,"line2":null,"city":null,"state":null,"zip":null},"incomeTract":null,"incomeBlockGroup":null,"nearestRoad":null,"flu":null,"opportunityZone":null,"oz2Eligibility":null,"source":"ga-monroe-parcels-13207","appraiserUrl":"https://qpublic.schneidercorp.com/Application.aspx?App=MonroeCountyGA&Layer=Parcels&PageType=Report&KeyValue=112%20016A","gisViewerUrl":"https://qpublic.schneidercorp.com/Application.aspx?App=MonroeCountyGA&Layer=Parcels&PageType=Map"},"geometry":{"type":"MultiPolygon","coordinates":[[[[-83.721612,32.969938],[-83.719911,32.972113],[-83.72314,32.97504],[-83.723554,32.973974],[-83.724152,32.972263],[-83.723819,32.971881],[-83.723855,32.97101],[-83.723071,32.970208],[-83.722792,32.969267],[-83.721612,32.969938]]],[[[-83.7189,32.973406],[-83.718949,32.973425],[-83.719492,32.97354],[-83.720133,32.973749],[-83.720337,32.973837],[-83.720437,32.973896],[-83.720696,32.974114],[-83.721082,32.97427],[-83.721323,32.97442],[-83.721823,32.974804],[-83.721938,32.974919],[-83.722053,32.975074],[-83.722764,32.975102],[-83.719726,32.972349],[-83.7189,32.973406]]]]}},{"type":"Feature","id":"13207:112 017A","properties":{"id":"13207:112 017A","parcelId":"112 017A","countyFips":"13207","countyName":"Monroe","state":"Georgia","marketIds":["Atlanta"],"situsAddress":null,"situsCity":null,"situsZip":null,"jurisdictionCode":null,"ownerName":null,"ownerName2":null,"propertyName":null,"zoningCode":"A-R","zoningDistrict":null,"jurisdictionPrefix":null,"dorCode":null,"acreage":5.0529,"centroid":[-83.718294,32.972763],"lastSale":{"date":null,"price":null,"qualified":null},"tax":{"marketValue":null,"assessedValue":null,"taxableValue":null,"taxes":null},"mailingAddress":{"line1":null,"line2":null,"city":null,"state":null,"zip":null},"incomeTract":null,"incomeBlockGroup":null,"nearestRoad":null,"flu":null,"opportunityZone":null,"oz2Eligibility":null,"source":"ga-monroe-parcels-13207","appraiserUrl":"https://qpublic.schneidercorp.com/Application.aspx?App=MonroeCountyGA&Layer=Parcels&PageType=Report&KeyValue=112%20017A","gisViewerUrl":"https://qpublic.schneidercorp.com/Application.aspx?App=MonroeCountyGA&Layer=Parcels&PageType=Map"},"geometry":{"type":"Polygon","coordinates":[[[-83.717535,32.972343],[-83.717558,32.972404],[-83.717646,32.972568],[-83.717775,32.972729],[-83.717947,32.972888],[-83.718124,32.973013],[-83.718278,32.973167],[-83.718341,32.973204],[-83.718583,32.973277],[-83.7189,32.973406],[-83.719726,32.972349],[-83.719114,32.971805],[-83.717535,32.972343]]]}},{"type":"Feature","id":"13207:112 017D","properties":{"id":"13207:112 017D","parcelId":"112 017D","countyFips":"13207","countyName":"Monroe","state":"Georgia","marketIds":["Atlanta"],"situsAddress":null,"situsCity":null,"situsZip":null,"jurisdictionCode":null,"ownerName":null,"ownerName2":null,"propertyName":null,"zoningCode":"R-1","zoningDistrict":null,"jurisdictionPrefix":null,"dorCode":null,"acreage":15.8421,"centroid":[-83.721683,32.96896],"lastSale":{"date":null,"price":null,"qualified":null},"tax":{"marketValue":null,"assessedValue":null,"taxableValue":null,"taxes":null},"mailingAddress":{"line1":null,"line2":null,"city":null,"state":null,"zip":null},"incomeTract":null,"incomeBlockGroup":null,"nearestRoad":null,"flu":null,"opportunityZone":null,"oz2Eligibility":null,"source":"ga-monroe-parcels-13207","appraiserUrl":"https://qpublic.schneidercorp.com/Application.aspx?App=MonroeCountyGA&Layer=Parcels&PageType=Report&KeyValue=112%20017D","gisViewerUrl":"https://qpublic.schneidercorp.com/Application.aspx?App=MonroeCountyGA&Layer=Parcels&PageType=Map"},"geometry":{"type":"Polygon","coordinates":[[[-83.721244,32.969593],[-83.721612,32.969938],[-83.724176,32.968481],[-83.722924,32.966878],[-83.720235,32.968225],[-83.721141,32.969308],[-83.721234,32.969342],[-83.721278,32.969384],[-83.721306,32.969494],[-83.721244,32.969593]]]}},{"type":"Feature","id":"13207:112 017E","properties":{"id":"13207:112 017E","parcelId":"112 017E","countyFips":"13207","countyName":"Monroe","state":"Georgia","marketIds":["Atlanta"],"situsAddress":null,"situsCity":null,"situsZip":null,"jurisdictionCode":null,"ownerName":null,"ownerName2":null,"propertyName":null,"zoningCode":"R-1","zoningDistrict":null,"jurisdictionPrefix":null,"dorCode":null,"acreage":13.1216,"centroid":[-83.717114,32.967556],"lastSale":{"date":null,"price":null,"qualified":null},"tax":{"marketValue":null,"assessedValue":null,"taxableValue":null,"taxes":null},"mailingAddress":{"line1":null,"line2":null,"city":null,"state":null,"zip":null},"incomeTract":null,"incomeBlockGroup":null,"nearestRoad":null,"flu":null,"opportunityZone":null,"oz2Eligibility":null,"source":"ga-monroe-parcels-13207","appraiserUrl":"https://qpublic.schneidercorp.com/Application.aspx?App=MonroeCountyGA&Layer=Parcels&PageType=Report&KeyValue=112%20017E","gisViewerUrl":"https://qpublic.schneidercorp.com/Application.aspx?App=MonroeCountyGA&Layer=Parcels&PageType=Map"},"geometry":{"type":"Polygon","coordinates":[[[-83.715392,32.968054],[-83.715717,32.968339],[-83.716279,32.968848],[-83.719233,32.967307],[-83.718912,32.96677],[-83.718728,32.966348],[-83.715535,32.967225],[-83.715392,32.968054]]]}},{"type":"Feature","id":"13207:112 018","properties":{"id":"13207:112 018","parcelId":"112 018","countyFips":"13207","countyName":"Monroe","state":"Georgia","marketIds":["Atlanta"],"situsAddress":null,"situsCity":null,"situsZip":null,"jurisdictionCode":null,"ownerName":null,"ownerName2":null,"propertyName":null,"zoningCode":"R-1","zoningDistrict":null,"jurisdictionPrefix":null,"dorCode":null,"acreage":10.7662,"centroid":[-83.733934,32.980175],"lastSale":{"date":null,"price":null,"qualified":null},"tax":{"marketValue":null,"assessedValue":null,"taxableValue":null,"taxes":null},"mailingAddress":{"line1":null,"line2":null,"city":null,"state":null,"zip":null},"incomeTract":null,"incomeBlockGroup":null,"nearestRoad":null,"flu":null,"opportunityZone":null,"oz2Eligibility":null,"source":"ga-monroe-parcels-13207","appraiserUrl":"https://qpublic.schneidercorp.com/Application.aspx?App=MonroeCountyGA&Layer=Parcels&PageType=Report&KeyValue=112%20018","gisViewerUrl":"https://qpublic.schneidercorp.com/Application.aspx?App=MonroeCountyGA&Layer=Parcels&PageType=Map"},"geometry":{"type":"Polygon","coordinates":[[[-83.733174,32.981137],[-83.734161,32.981534],[-83.735253,32.980478],[-83.7352,32.978873],[-83.733332,32.97936],[-83.733479,32.979816],[-83.732936,32.980026],[-83.733174,32.981137]]]}},{"type":"Feature","id":"13207:112 019","properties":{"id":"13207:112 019","parcelId":"112 019","countyFips":"13207","countyName":"Monroe","state":"Georgia","marketIds":["Atlanta"],"situsAddress":null,"situsCity":null,"situsZip":null,"jurisdictionCode":null,"ownerName":null,"ownerName2":null,"propertyName":null,"zoningCode":"R-1","zoningDistrict":null,"jurisdictionPrefix":null,"dorCode":null,"acreage":5.7625,"centroid":[-83.725135,32.967476],"lastSale":{"date":null,"price":null,"qualified":null},"tax":{"marketValue":null,"assessedValue":null,"taxableValue":null,"taxes":null},"mailingAddress":{"line1":null,"line2":null,"city":null,"state":null,"zip":null},"incomeTract":null,"incomeBlockGroup":null,"nearestRoad":null,"flu":null,"opportunityZone":null,"oz2Eligibility":null,"source":"ga-monroe-parcels-13207","appraiserUrl":"https://qpublic.schneidercorp.com/Application.aspx?App=MonroeCountyGA&Layer=Parcels&PageType=Report&KeyValue=112%20019","gisViewerUrl":"https://qpublic.schneidercorp.com/Application.aspx?App=MonroeCountyGA&Layer=Parcels&PageType=Map"},"geometry":{"type":"Polygon","coordinates":[[[-83.723428,32.967523],[-83.724176,32.968481],[-83.726533,32.967142],[-83.726405,32.966758],[-83.723428,32.967523]]]}},{"type":"Feature","id":"13207:112 020","properties":{"id":"13207:112 020","parcelId":"112 020","countyFips":"13207","countyName":"Monroe","state":"Georgia","marketIds":["Atlanta"],"situsAddress":null,"situsCity":null,"situsZip":null,"jurisdictionCode":null,"ownerName":null,"ownerName2":null,"propertyName":null,"zoningCode":"R-1","zoningDistrict":null,"jurisdictionPrefix":null,"dorCode":null,"acreage":5.2718,"centroid":[-83.724748,32.96685],"lastSale":{"date":null,"price":null,"qualified":null},"tax":{"marketValue":null,"assessedValue":null,"taxableValue":null,"taxes":null},"mailingAddress":{"line1":null,"line2":null,"city":null,"state":null,"zip":null},"incomeTract":null,"incomeBlockGroup":null,"nearestRoad":null,"flu":null,"opportunityZone":null,"oz2Eligibility":null,"source":"ga-monroe-parcels-13207","appraiserUrl":"https://qpublic.schneidercorp.com/Application.aspx?App=MonroeCountyGA&Layer=Parcels&PageType=Report&KeyValue=112%20020","gisViewerUrl":"https://qpublic.schneidercorp.com/Application.aspx?App=MonroeCountyGA&Layer=Parcels&PageType=Map"},"geometry":{"type":"Polygon","coordinates":[[[-83.722924,32.966878],[-83.723428,32.967523],[-83.726405,32.966758],[-83.726236,32.966243],[-83.722924,32.966878]]]}},{"type":"Feature","id":"13207:112 021","properties":{"id":"13207:112 021","parcelId":"112 021","countyFips":"13207","countyName":"Monroe","state":"Georgia","marketIds":["Atlanta"],"situsAddress":null,"situsCity":null,"situsZip":null,"jurisdictionCode":null,"ownerName":null,"ownerName2":null,"propertyName":null,"zoningCode":"R-1","zoningDistrict":null,"jurisdictionPrefix":null,"dorCode":null,"acreage":5.1281,"centroid":[-83.724437,32.966296],"lastSale":{"date":null,"price":null,"qualified":null},"tax":{"marketValue":null,"assessedValue":null,"taxableValue":null,"taxes":null},"mailingAddress":{"line1":null,"line2":null,"city":null,"state":null,"zip":null},"incomeTract":null,"incomeBlockGroup":null,"nearestRoad":null,"flu":null,"opportunityZone":null,"oz2Eligibility":null,"source":"ga-monroe-parcels-13207","appraiserUrl":"https://qpublic.schneidercorp.com/Application.aspx?App=MonroeCountyGA&Layer=Parcels&PageType=Report&KeyValue=112%20021","gisViewerUrl":"https://qpublic.schneidercorp.com/Application.aspx?App=MonroeCountyGA&Layer=Parcels&PageType=Map"},"geometry":{"type":"Polygon","coordinates":[[[-83.722501,32.966338],[-83.722924,32.966878],[-83.726236,32.966243],[-83.726089,32.965726],[-83.722501,32.966338]]]}},{"type":"Feature","id":"13207:112 022","properties":{"id":"13207:112 022","parcelId":"112 022","countyFips":"13207","countyName":"Monroe","state":"Georgia","marketIds":["Atlanta"],"situsAddress":null,"situsCity":null,"situsZip":null,"jurisdictionCode":null,"ownerName":null,"ownerName2":null,"propertyName":null,"zoningCode":"R-1","zoningDistrict":null,"jurisdictionPrefix":null,"dorCode":null,"acreage":6.3054,"centroid":[-83.724141,32.965729],"lastSale":{"date":null,"price":null,"qualified":null},"tax":{"marketValue":null,"assessedValue":null,"taxableValue":null,"taxes":null},"mailingAddress":{"line1":null,"line2":null,"city":null,"state":null,"zip":null},"incomeTract":null,"incomeBlockGroup":null,"nearestRoad":null,"flu":null,"opportunityZone":null,"oz2Eligibility":null,"source":"ga-monroe-parcels-13207","appraiserUrl":"https://qpublic.schneidercorp.com/Application.aspx?App=MonroeCountyGA&Layer=Parcels&PageType=Report&KeyValue=112%20022","gisViewerUrl":"https://qpublic.schneidercorp.com/Application.aspx?App=MonroeCountyGA&Layer=Parcels&PageType=Map"},"geometry":{"type":"Polygon","coordinates":[[[-83.722037,32.965743],[-83.722501,32.966338],[-83.726089,32.965726],[-83.725937,32.965108],[-83.722037,32.965743]]]}},{"type":"Feature","id":"13207:112 023","properties":{"id":"13207:112 023","parcelId":"112 023","countyFips":"13207","countyName":"Monroe","state":"Georgia","marketIds":["Atlanta"],"situsAddress":null,"situsCity":null,"situsZip":null,"jurisdictionCode":null,"ownerName":null,"ownerName2":null,"propertyName":null,"zoningCode":"R-1","zoningDistrict":null,"jurisdictionPrefix":null,"dorCode":null,"acreage":6.049,"centroid":[-83.723858,32.965154],"lastSale":{"date":null,"price":null,"qualified":null},"tax":{"marketValue":null,"assessedValue":null,"taxableValue":null,"taxes":null},"mailingAddress":{"line1":null,"line2":null,"city":null,"state":null,"zip":null},"incomeTract":null,"incomeBlockGroup":null,"nearestRoad":null,"flu":null,"opportunityZone":null,"oz2Eligibility":null,"source":"ga-monroe-parcels-13207","appraiserUrl":"https://qpublic.schneidercorp.com/Application.aspx?App=MonroeCountyGA&Layer=Parcels&PageType=Report&KeyValue=112%20023","gisViewerUrl":"https://qpublic.schneidercorp.com/Application.aspx?App=MonroeCountyGA&Layer=Parcels&PageType=Map"},"geometry":{"type":"Polygon","coordinates":[[[-83.721647,32.965245],[-83.722037,32.965743],[-83.725937,32.965108],[-83.725809,32.964521],[-83.721647,32.965245]]]}},{"type":"Feature","id":"13207:112 034","properties":{"id":"13207:112 034","parcelId":"112 034","countyFips":"13207","countyName":"Monroe","state":"Georgia","marketIds":["Atlanta"],"situsAddress":null,"situsCity":null,"situsZip":null,"jurisdictionCode":null,"ownerName":null,"ownerName2":null,"propertyName":null,"zoningCode":"R-1","zoningDistrict":null,"jurisdictionPrefix":null,"dorCode":null,"acreage":9.3351,"centroid":[-83.718105,32.965246],"lastSale":{"date":null,"price":null,"qualified":null},"tax":{"marketValue":null,"assessedValue":null,"taxableValue":null,"taxes":null},"mailingAddress":{"line1":null,"line2":null,"city":null,"state":null,"zip":null},"incomeTract":null,"incomeBlockGroup":null,"nearestRoad":null,"flu":null,"opportunityZone":null,"oz2Eligibility":null,"source":"ga-monroe-parcels-13207","appraiserUrl":"https://qpublic.schneidercorp.com/Application.aspx?App=MonroeCountyGA&Layer=Parcels&PageType=Report&KeyValue=112%20034","gisViewerUrl":"https://qpublic.schneidercorp.com/Application.aspx?App=MonroeCountyGA&Layer=Parcels&PageType=Map"},"geometry":{"type":"Polygon","coordinates":[[[-83.717278,32.963954],[-83.716892,32.966852],[-83.718728,32.966348],[-83.718523,32.965655],[-83.718448,32.96525],[-83.718418,32.9646],[-83.718451,32.96406],[-83.717278,32.963954]],[[-83.718101,32.965152],[-83.717921,32.965106],[-83.71799,32.96495],[-83.718182,32.965004],[-83.718101,32.965152]]]}},{"type":"Feature","id":"13207:112 051","properties":{"id":"13207:112 051","parcelId":"112 051","countyFips":"13207","countyName":"Monroe","state":"Georgia","marketIds":["Atlanta"],"situsAddress":null,"situsCity":null,"situsZip":null,"jurisdictionCode":null,"ownerName":null,"ownerName2":null,"propertyName":null,"zoningCode":"R-1","zoningDistrict":null,"jurisdictionPrefix":null,"dorCode":null,"acreage":5.4235,"centroid":[-83.716095,32.96547],"lastSale":{"date":null,"price":null,"qualified":null},"tax":{"marketValue":null,"assessedValue":null,"taxableValue":null,"taxes":null},"mailingAddress":{"line1":null,"line2":null,"city":null,"state":null,"zip":null},"incomeTract":null,"incomeBlockGroup":null,"nearestRoad":null,"flu":null,"opportunityZone":null,"oz2Eligibility":null,"source":"ga-monroe-parcels-13207","appraiserUrl":"https://qpublic.schneidercorp.com/Application.aspx?App=MonroeCountyGA&Layer=Parcels&PageType=Report&KeyValue=112%20051","gisViewerUrl":"https://qpublic.schneidercorp.com/Application.aspx?App=MonroeCountyGA&Layer=Parcels&PageType=Map"},"geometry":{"type":"Polygon","coordinates":[[[-83.715848,32.965401],[-83.715535,32.967225],[-83.716328,32.967007],[-83.716648,32.963893],[-83.716118,32.963826],[-83.715848,32.965401]]]}},{"type":"Feature","id":"13207:112 053","properties":{"id":"13207:112 053","parcelId":"112 053","countyFips":"13207","countyName":"Monroe","state":"Georgia","marketIds":["Atlanta"],"situsAddress":null,"situsCity":null,"situsZip":null,"jurisdictionCode":null,"ownerName":null,"ownerName2":null,"propertyName":null,"zoningCode":"R-1","zoningDistrict":null,"jurisdictionPrefix":null,"dorCode":null,"acreage":15.6153,"centroid":[-83.714762,32.965862],"lastSale":{"date":null,"price":null,"qualified":null},"tax":{"marketValue":null,"assessedValue":null,"taxableValue":null,"taxes":null},"mailingAddress":{"line1":null,"line2":null,"city":null,"state":null,"zip":null},"incomeTract":null,"incomeBlockGroup":null,"nearestRoad":null,"flu":null,"opportunityZone":null,"oz2Eligibility":null,"source":"ga-monroe-parcels-13207","appraiserUrl":"https://qpublic.schneidercorp.com/Application.aspx?App=MonroeCountyGA&Layer=Parcels&PageType=Report&KeyValue=112%20053","gisViewerUrl":"https://qpublic.schneidercorp.com/Application.aspx?App=MonroeCountyGA&Layer=Parcels&PageType=Map"},"geometry":{"type":"Polygon","coordinates":[[[-83.71301,32.966408],[-83.713521,32.966707],[-83.714029,32.96701],[-83.714449,32.967296],[-83.714853,32.9676],[-83.715392,32.968054],[-83.715848,32.965401],[-83.715002,32.96524],[-83.715659,32.963697],[-83.715422,32.963596],[-83.715199,32.963474],[-83.71301,32.966408]]]}},{"type":"Feature","id":"13207:112 054","properties":{"id":"13207:112 054","parcelId":"112 054","countyFips":"13207","countyName":"Monroe","state":"Georgia","marketIds":["Atlanta"],"situsAddress":null,"situsCity":null,"situsZip":null,"jurisdictionCode":null,"ownerName":null,"ownerName2":null,"propertyName":null,"zoningCode":"R-1","zoningDistrict":null,"jurisdictionPrefix":null,"dorCode":null,"acreage":7.4593,"centroid":[-83.713327,32.965155],"lastSale":{"date":null,"price":null,"qualified":null},"tax":{"marketValue":null,"assessedValue":null,"taxableValue":null,"taxes":null},"mailingAddress":{"line1":null,"line2":null,"city":null,"state":null,"zip":null},"incomeTract":null,"incomeBlockGroup":null,"nearestRoad":null,"flu":null,"opportunityZone":null,"oz2Eligibility":null,"source":"ga-monroe-parcels-13207","appraiserUrl":"https://qpublic.schneidercorp.com/Application.aspx?App=MonroeCountyGA&Layer=Parcels&PageType=Report&KeyValue=112%20054","gisViewerUrl":"https://qpublic.schneidercorp.com/Application.aspx?App=MonroeCountyGA&Layer=Parcels&PageType=Map"},"geometry":{"type":"Polygon","coordinates":[[[-83.712035,32.965743],[-83.712183,32.965865],[-83.712658,32.9662],[-83.71301,32.966408],[-83.715199,32.963474],[-83.714878,32.963241],[-83.712035,32.965743]]]}},{"type":"Feature","id":"13207:112 059","properties":{"id":"13207:112 059","parcelId":"112 059","countyFips":"13207","countyName":"Monroe","state":"Georgia","marketIds":["Atlanta"],"situsAddress":null,"situsCity":null,"situsZip":null,"jurisdictionCode":null,"ownerName":null,"ownerName2":null,"propertyName":null,"zoningCode":"R-1","zoningDistrict":null,"jurisdictionPrefix":null,"dorCode":null,"acreage":9.0452,"centroid":[-83.71152,32.964172],"lastSale":{"date":null,"price":null,"qualified":null},"tax":{"marketValue":null,"assessedValue":null,"taxableValue":null,"taxes":null},"mailingAddress":{"line1":null,"line2":null,"city":null,"state":null,"zip":null},"incomeTract":null,"incomeBlockGroup":null,"nearestRoad":null,"flu":null,"opportunityZone":null,"oz2Eligibility":null,"source":"ga-monroe-parcels-13207","appraiserUrl":"https://qpublic.schneidercorp.com/Application.aspx?App=MonroeCountyGA&Layer=Parcels&PageType=Report&KeyValue=112%20059","gisViewerUrl":"https://qpublic.schneidercorp.com/Application.aspx?App=MonroeCountyGA&Layer=Parcels&PageType=Map"},"geometry":{"type":"Polygon","coordinates":[[[-83.710536,32.963365],[-83.710717,32.963741],[-83.711097,32.964487],[-83.711438,32.965087],[-83.711692,32.965412],[-83.712035,32.965743],[-83.712782,32.965086],[-83.712644,32.964087],[-83.711444,32.962792],[-83.711299,32.962946],[-83.711031,32.963141],[-83.710536,32.963365]]]}},{"type":"Feature","id":"13207:112 060","properties":{"id":"13207:112 060","parcelId":"112 060","countyFips":"13207","countyName":"Monroe","state":"Georgia","marketIds":["Atlanta"],"situsAddress":null,"situsCity":null,"situsZip":null,"jurisdictionCode":null,"ownerName":null,"ownerName2":null,"propertyName":null,"zoningCode":"R-1","zoningDistrict":null,"jurisdictionPrefix":null,"dorCode":null,"acreage":18.5818,"centroid":[-83.720056,32.966603],"lastSale":{"date":null,"price":null,"qualified":null},"tax":{"marketValue":null,"assessedValue":null,"taxableValue":null,"taxes":null},"mailingAddress":{"line1":null,"line2":null,"city":null,"state":null,"zip":null},"incomeTract":null,"incomeBlockGroup":null,"nearestRoad":null,"flu":null,"opportunityZone":null,"oz2Eligibility":null,"source":"ga-monroe-parcels-13207","appraiserUrl":"https://qpublic.schneidercorp.com/Application.aspx?App=MonroeCountyGA&Layer=Parcels&PageType=Report&KeyValue=112%20060","gisViewerUrl":"https://qpublic.schneidercorp.com/Application.aspx?App=MonroeCountyGA&Layer=Parcels&PageType=Map"},"geometry":{"type":"Polygon","coordinates":[[[-83.718811,32.965738],[-83.718849,32.965879],[-83.719058,32.966482],[-83.719286,32.966927],[-83.719634,32.967447],[-83.720235,32.968225],[-83.722924,32.966878],[-83.721647,32.965245],[-83.718811,32.965738]]]}},{"type":"Feature","id":"13207:112 072","properties":{"id":"13207:112 072","parcelId":"112 072","countyFips":"13207","countyName":"Monroe","state":"Georgia","marketIds":["Atlanta"],"situsAddress":null,"situsCity":null,"situsZip":null,"jurisdictionCode":null,"ownerName":null,"ownerName2":null,"propertyName":null,"zoningCode":"R-1","zoningDistrict":null,"jurisdictionPrefix":null,"dorCode":null,"acreage":6.2504,"centroid":[-83.733257,32.963618],"lastSale":{"date":null,"price":null,"qualified":null},"tax":{"marketValue":null,"assessedValue":null,"taxableValue":null,"taxes":null},"mailingAddress":{"line1":null,"line2":null,"city":null,"state":null,"zip":null},"incomeTract":null,"incomeBlockGroup":null,"nearestRoad":null,"flu":null,"opportunityZone":null,"oz2Eligibility":null,"source":"ga-monroe-parcels-13207","appraiserUrl":"https://qpublic.schneidercorp.com/Application.aspx?App=MonroeCountyGA&Layer=Parcels&PageType=Report&KeyValue=112%20072","gisViewerUrl":"https://qpublic.schneidercorp.com/Application.aspx?App=MonroeCountyGA&Layer=Parcels&PageType=Map"},"geometry":{"type":"Polygon","coordinates":[[[-83.73208,32.964524],[-83.734108,32.964555],[-83.734587,32.963843],[-83.734043,32.962382],[-83.733836,32.962442],[-83.73391,32.962649],[-83.733881,32.962787],[-83.733505,32.963269],[-83.733316,32.963462],[-83.733142,32.963689],[-83.732977,32.963824],[-83.732641,32.963981],[-83.732522,32.964065],[-83.732195,32.964348],[-83.732116,32.964447],[-83.73208,32.964524]]]}},{"type":"Feature","id":"13207:113 003E","properties":{"id":"13207:113 003E","parcelId":"113 003E","countyFips":"13207","countyName":"Monroe","state":"Georgia","marketIds":["Atlanta"],"situsAddress":null,"situsCity":null,"situsZip":null,"jurisdictionCode":null,"ownerName":null,"ownerName2":null,"propertyName":null,"zoningCode":"R-1","zoningDistrict":null,"jurisdictionPrefix":null,"dorCode":null,"acreage":7.5378,"centroid":[-83.729323,32.954776],"lastSale":{"date":null,"price":null,"qualified":null},"tax":{"marketValue":null,"assessedValue":null,"taxableValue":null,"taxes":null},"mailingAddress":{"line1":null,"line2":null,"city":null,"state":null,"zip":null},"incomeTract":null,"incomeBlockGroup":null,"nearestRoad":null,"flu":null,"opportunityZone":null,"oz2Eligibility":null,"source":"ga-monroe-parcels-13207","appraiserUrl":"https://qpublic.schneidercorp.com/Application.aspx?App=MonroeCountyGA&Layer=Parcels&PageType=Report&KeyValue=113%20003E","gisViewerUrl":"https://qpublic.schneidercorp.com/Application.aspx?App=MonroeCountyGA&Layer=Parcels&PageType=Map"},"geometry":{"type":"Polygon","coordinates":[[[-83.728415,32.95535],[-83.728415,32.955493],[-83.728753,32.955347],[-83.729186,32.955101],[-83.729715,32.955398],[-83.730045,32.955391],[-83.730084,32.955283],[-83.730678,32.95527],[-83.730694,32.955253],[-83.730711,32.954263],[-83.728799,32.9538],[-83.728758,32.953901],[-83.728652,32.95396],[-83.728525,32.953952],[-83.728413,32.953879],[-83.728415,32.95535]]]}},{"type":"Feature","id":"13207:113 003F","properties":{"id":"13207:113 003F","parcelId":"113 003F","countyFips":"13207","countyName":"Monroe","state":"Georgia","marketIds":["Atlanta"],"situsAddress":null,"situsCity":null,"situsZip":null,"jurisdictionCode":null,"ownerName":null,"ownerName2":null,"propertyName":null,"zoningCode":"R-1","zoningDistrict":null,"jurisdictionPrefix":null,"dorCode":null,"acreage":6.085,"centroid":[-83.729125,32.95358],"lastSale":{"date":null,"price":null,"qualified":null},"tax":{"marketValue":null,"assessedValue":null,"taxableValue":null,"taxes":null},"mailingAddress":{"line1":null,"line2":null,"city":null,"state":null,"zip":null},"incomeTract":null,"incomeBlockGroup":null,"nearestRoad":null,"flu":null,"opportunityZone":null,"oz2Eligibility":null,"source":"ga-monroe-parcels-13207","appraiserUrl":"https://qpublic.schneidercorp.com/Application.aspx?App=MonroeCountyGA&Layer=Parcels&PageType=Report&KeyValue=113%20003F","gisViewerUrl":"https://qpublic.schneidercorp.com/Application.aspx?App=MonroeCountyGA&Layer=Parcels&PageType=Map"},"geometry":{"type":"Polygon","coordinates":[[[-83.728799,32.9538],[-83.730711,32.954263],[-83.730729,32.952947],[-83.728412,32.952938],[-83.728413,32.953714],[-83.72854,32.953645],[-83.728639,32.953639],[-83.728754,32.953695],[-83.728799,32.9538]]]}},{"type":"Feature","id":"13207:113 008","properties":{"id":"13207:113 008","parcelId":"113 008","countyFips":"13207","countyName":"Monroe","state":"Georgia","marketIds":["Atlanta"],"situsAddress":null,"situsCity":null,"situsZip":null,"jurisdictionCode":null,"ownerName":null,"ownerName2":null,"propertyName":null,"zoningCode":"R-1","zoningDistrict":null,"jurisdictionPrefix":null,"dorCode":null,"acreage":19.0861,"centroid":[-83.721787,32.957644],"lastSale":{"date":null,"price":null,"qualified":null},"tax":{"marketValue":null,"assessedValue":null,"taxableValue":null,"taxes":null},"mailingAddress":{"line1":null,"line2":null,"city":null,"state":null,"zip":null},"incomeTract":null,"incomeBlockGroup":null,"nearestRoad":null,"flu":null,"opportunityZone":null,"oz2Eligibility":null,"source":"ga-monroe-parcels-13207","appraiserUrl":"https://qpublic.schneidercorp.com/Application.aspx?App=MonroeCountyGA&Layer=Parcels&PageType=Report&KeyValue=113%20008","gisViewerUrl":"https://qpublic.schneidercorp.com/Application.aspx?App=MonroeCountyGA&Layer=Parcels&PageType=Map"},"geometry":{"type":"Polygon","coordinates":[[[-83.719936,32.95858],[-83.720098,32.958834],[-83.725403,32.958692],[-83.725393,32.958128],[-83.725335,32.956993],[-83.724374,32.956921],[-83.723625,32.957045],[-83.723497,32.958341],[-83.723276,32.95834],[-83.722946,32.95828],[-83.722197,32.958375],[-83.722111,32.958106],[-83.722161,32.957013],[-83.722005,32.957001],[-83.721743,32.95692],[-83.721638,32.956913],[-83.721552,32.956959],[-83.721391,32.957096],[-83.721074,32.957238],[-83.720736,32.957437],[-83.720588,32.957472],[-83.720389,32.957478],[-83.720171,32.957554],[-83.719895,32.957557],[-83.719798,32.957607],[-83.719709,32.957698],[-83.719619,32.957732],[-83.719387,32.957718],[-83.719936,32.95858]]]}},{"type":"Feature","id":"13207:113 008A","properties":{"id":"13207:113 008A","parcelId":"113 008A","countyFips":"13207","countyName":"Monroe","state":"Georgia","marketIds":["Atlanta"],"situsAddress":null,"situsCity":null,"situsZip":null,"jurisdictionCode":null,"ownerName":null,"ownerName2":null,"propertyName":null,"zoningCode":"R-1","zoningDistrict":null,"jurisdictionPrefix":null,"dorCode":null,"acreage":6.2135,"centroid":[-83.722482,32.957039],"lastSale":{"date":null,"price":null,"qualified":null},"tax":{"marketValue":null,"assessedValue":null,"taxableValue":null,"taxes":null},"mailingAddress":{"line1":null,"line2":null,"city":null,"state":null,"zip":null},"incomeTract":null,"incomeBlockGroup":null,"nearestRoad":null,"flu":null,"opportunityZone":null,"oz2Eligibility":null,"source":"ga-monroe-parcels-13207","appraiserUrl":"https://qpublic.schneidercorp.com/Application.aspx?App=MonroeCountyGA&Layer=Parcels&PageType=Report&KeyValue=113%20008A","gisViewerUrl":"https://qpublic.schneidercorp.com/Application.aspx?App=MonroeCountyGA&Layer=Parcels&PageType=Map"},"geometry":{"type":"Polygon","coordinates":[[[-83.722161,32.957013],[-83.722111,32.958106],[-83.722197,32.958375],[-83.722946,32.95828],[-83.723276,32.95834],[-83.723497,32.958341],[-83.723625,32.957045],[-83.724374,32.956921],[-83.725335,32.956993],[-83.725323,32.956752],[-83.725122,32.956696],[-83.724922,32.956675],[-83.724716,32.9567],[-83.724608,32.956755],[-83.724518,32.956844],[-83.724446,32.95686],[-83.724318,32.956851],[-83.724198,32.956812],[-83.723892,32.956859],[-83.723553,32.956729],[-83.723267,32.956737],[-83.722925,32.956869],[-83.722653,32.956908],[-83.722363,32.956993],[-83.722161,32.957013]]]}},{"type":"Feature","id":"13207:113 009","properties":{"id":"13207:113 009","parcelId":"113 009","countyFips":"13207","countyName":"Monroe","state":"Georgia","marketIds":["Atlanta"],"situsAddress":null,"situsCity":null,"situsZip":null,"jurisdictionCode":null,"ownerName":null,"ownerName2":null,"propertyName":null,"zoningCode":"R-1","zoningDistrict":null,"jurisdictionPrefix":null,"dorCode":null,"acreage":7.0008,"centroid":[-83.722309,32.959013],"lastSale":{"date":null,"price":null,"qualified":null},"tax":{"marketValue":null,"assessedValue":null,"taxableValue":null,"taxes":null},"mailingAddress":{"line1":null,"line2":null,"city":null,"state":null,"zip":null},"incomeTract":null,"incomeBlockGroup":null,"nearestRoad":null,"flu":null,"opportunityZone":null,"oz2Eligibility":null,"source":"ga-monroe-parcels-13207","appraiserUrl":"https://qpublic.schneidercorp.com/Application.aspx?App=MonroeCountyGA&Layer=Parcels&PageType=Report&KeyValue=113%20009","gisViewerUrl":"https://qpublic.schneidercorp.com/Application.aspx?App=MonroeCountyGA&Layer=Parcels&PageType=Map"},"geometry":{"type":"Polygon","coordinates":[[[-83.720181,32.958964],[-83.720436,32.959366],[-83.725427,32.959211],[-83.725403,32.958692],[-83.720098,32.958834],[-83.720181,32.958964]]]}},{"type":"Feature","id":"13207:113 010","properties":{"id":"13207:113 010","parcelId":"113 010","countyFips":"13207","countyName":"Monroe","state":"Georgia","marketIds":["Atlanta"],"situsAddress":null,"situsCity":null,"situsZip":null,"jurisdictionCode":null,"ownerName":null,"ownerName2":null,"propertyName":null,"zoningCode":"R-1","zoningDistrict":null,"jurisdictionPrefix":null,"dorCode":null,"acreage":7.0725,"centroid":[-83.723027,32.959572],"lastSale":{"date":null,"price":null,"qualified":null},"tax":{"marketValue":null,"assessedValue":null,"taxableValue":null,"taxes":null},"mailingAddress":{"line1":null,"line2":null,"city":null,"state":null,"zip":null},"incomeTract":null,"incomeBlockGroup":null,"nearestRoad":null,"flu":null,"opportunityZone":null,"oz2Eligibility":null,"source":"ga-monroe-parcels-13207","appraiserUrl":"https://qpublic.schneidercorp.com/Application.aspx?App=MonroeCountyGA&Layer=Parcels&PageType=Report&KeyValue=113%20010","gisViewerUrl":"https://qpublic.schneidercorp.com/Application.aspx?App=MonroeCountyGA&Layer=Parcels&PageType=Map"},"geometry":{"type":"Polygon","coordinates":[[[-83.720436,32.959366],[-83.720786,32.959917],[-83.725459,32.959792],[-83.725427,32.959211],[-83.720436,32.959366]]]}},{"type":"Feature","id":"13207:113 012","properties":{"id":"13207:113 012","parcelId":"113 012","countyFips":"13207","countyName":"Monroe","state":"Georgia","marketIds":["Atlanta"],"situsAddress":null,"situsCity":null,"situsZip":null,"jurisdictionCode":null,"ownerName":null,"ownerName2":null,"propertyName":null,"zoningCode":"R-1","zoningDistrict":null,"jurisdictionPrefix":null,"dorCode":null,"acreage":13.0588,"centroid":[-83.722851,32.960441],"lastSale":{"date":null,"price":null,"qualified":null},"tax":{"marketValue":null,"assessedValue":null,"taxableValue":null,"taxes":null},"mailingAddress":{"line1":null,"line2":null,"city":null,"state":null,"zip":null},"incomeTract":null,"incomeBlockGroup":null,"nearestRoad":null,"flu":null,"opportunityZone":null,"oz2Eligibility":null,"source":"ga-monroe-parcels-13207","appraiserUrl":"https://qpublic.schneidercorp.com/Application.aspx?App=MonroeCountyGA&Layer=Parcels&PageType=Report&KeyValue=113%20012","gisViewerUrl":"https://qpublic.schneidercorp.com/Application.aspx?App=MonroeCountyGA&Layer=Parcels&PageType=Map"},"geometry":{"type":"Polygon","coordinates":[[[-83.721135,32.960468],[-83.721376,32.961055],[-83.725498,32.960973],[-83.725459,32.959792],[-83.720786,32.959917],[-83.721135,32.960468]]]}},{"type":"Feature","id":"13207:113 043","properties":{"id":"13207:113 043","parcelId":"113 043","countyFips":"13207","countyName":"Monroe","state":"Georgia","marketIds":["Atlanta"],"situsAddress":null,"situsCity":null,"situsZip":null,"jurisdictionCode":null,"ownerName":null,"ownerName2":null,"propertyName":null,"zoningCode":"R-1","zoningDistrict":null,"jurisdictionPrefix":null,"dorCode":null,"acreage":5.9629,"centroid":[-83.728972,32.960051],"lastSale":{"date":null,"price":null,"qualified":null},"tax":{"marketValue":null,"assessedValue":null,"taxableValue":null,"taxes":null},"mailingAddress":{"line1":null,"line2":null,"city":null,"state":null,"zip":null},"incomeTract":null,"incomeBlockGroup":null,"nearestRoad":null,"flu":null,"opportunityZone":null,"oz2Eligibility":null,"source":"ga-monroe-parcels-13207","appraiserUrl":"https://qpublic.schneidercorp.com/Application.aspx?App=MonroeCountyGA&Layer=Parcels&PageType=Report&KeyValue=113%20043","gisViewerUrl":"https://qpublic.schneidercorp.com/Application.aspx?App=MonroeCountyGA&Layer=Parcels&PageType=Map"},"geometry":{"type":"Polygon","coordinates":[[[-83.728513,32.961145],[-83.728915,32.961152],[-83.729867,32.959103],[-83.729663,32.95898],[-83.729434,32.958799],[-83.727438,32.961127],[-83.728513,32.961145]]]}},{"type":"Feature","id":"13207:113 044","properties":{"id":"13207:113 044","parcelId":"113 044","countyFips":"13207","countyName":"Monroe","state":"Georgia","marketIds":["Atlanta"],"situsAddress":null,"situsCity":null,"situsZip":null,"jurisdictionCode":null,"ownerName":null,"ownerName2":null,"propertyName":null,"zoningCode":"R-1","zoningDistrict":null,"jurisdictionPrefix":null,"dorCode":null,"acreage":5.025,"centroid":[-83.729977,32.960179],"lastSale":{"date":null,"price":null,"qualified":null},"tax":{"marketValue":null,"assessedValue":null,"taxableValue":null,"taxes":null},"mailingAddress":{"line1":null,"line2":null,"city":null,"state":null,"zip":null},"incomeTract":null,"incomeBlockGroup":null,"nearestRoad":null,"flu":null,"opportunityZone":null,"oz2Eligibility":null,"source":"ga-monroe-parcels-13207","appraiserUrl":"https://qpublic.schneidercorp.com/Application.aspx?App=MonroeCountyGA&Layer=Parcels&PageType=Report&KeyValue=113%20044","gisViewerUrl":"https://qpublic.schneidercorp.com/Application.aspx?App=MonroeCountyGA&Layer=Parcels&PageType=Map"},"geometry":{"type":"Polygon","coordinates":[[[-83.730213,32.961174],[-83.730356,32.961176],[-83.730371,32.959251],[-83.730139,32.959217],[-83.729867,32.959103],[-83.728915,32.961152],[-83.730213,32.961174]]]}},{"type":"Feature","id":"13207:113 053","properties":{"id":"13207:113 053","parcelId":"113 053","countyFips":"13207","countyName":"Monroe","state":"Georgia","marketIds":["Atlanta"],"situsAddress":null,"situsCity":null,"situsZip":null,"jurisdictionCode":null,"ownerName":null,"ownerName2":null,"propertyName":null,"zoningCode":"R-1","zoningDistrict":null,"jurisdictionPrefix":null,"dorCode":null,"acreage":9.2758,"centroid":[-83.734646,32.958331],"lastSale":{"date":null,"price":null,"qualified":null},"tax":{"marketValue":null,"assessedValue":null,"taxableValue":null,"taxes":null},"mailingAddress":{"line1":null,"line2":null,"city":null,"state":null,"zip":null},"incomeTract":null,"incomeBlockGroup":null,"nearestRoad":null,"flu":null,"opportunityZone":null,"oz2Eligibility":null,"source":"ga-monroe-parcels-13207","appraiserUrl":"https://qpublic.schneidercorp.com/Application.aspx?App=MonroeCountyGA&Layer=Parcels&PageType=Report&KeyValue=113%20053","gisViewerUrl":"https://qpublic.schneidercorp.com/Application.aspx?App=MonroeCountyGA&Layer=Parcels&PageType=Map"},"geometry":{"type":"Polygon","coordinates":[[[-83.733894,32.959085],[-83.733952,32.959086],[-83.734271,32.9591],[-83.734376,32.959075],[-83.734455,32.959098],[-83.734495,32.95913],[-83.735718,32.958026],[-83.736009,32.957189],[-83.735397,32.957124],[-83.733896,32.956402],[-83.733894,32.959085]]]}},{"type":"Feature","id":"13207:113 061","properties":{"id":"13207:113 061","parcelId":"113 061","countyFips":"13207","countyName":"Monroe","state":"Georgia","marketIds":["Atlanta"],"situsAddress":null,"situsCity":null,"situsZip":null,"jurisdictionCode":null,"ownerName":null,"ownerName2":null,"propertyName":null,"zoningCode":"R-1","zoningDistrict":null,"jurisdictionPrefix":null,"dorCode":null,"acreage":7.3597,"centroid":[-83.729965,32.956824],"lastSale":{"date":null,"price":null,"qualified":null},"tax":{"marketValue":null,"assessedValue":null,"taxableValue":null,"taxes":null},"mailingAddress":{"line1":null,"line2":null,"city":null,"state":null,"zip":null},"incomeTract":null,"incomeBlockGroup":null,"nearestRoad":null,"flu":null,"opportunityZone":null,"oz2Eligibility":null,"source":"ga-monroe-parcels-13207","appraiserUrl":"https://qpublic.schneidercorp.com/Application.aspx?App=MonroeCountyGA&Layer=Parcels&PageType=Report&KeyValue=113%20061","gisViewerUrl":"https://qpublic.schneidercorp.com/Application.aspx?App=MonroeCountyGA&Layer=Parcels&PageType=Map"},"geometry":{"type":"Polygon","coordinates":[[[-83.729041,32.958152],[-83.7291,32.958191],[-83.729496,32.958538],[-83.730663,32.957081],[-83.730694,32.955253],[-83.730678,32.95527],[-83.730084,32.955283],[-83.729041,32.958152]]]}},{"type":"Feature","id":"13207:113 062","properties":{"id":"13207:113 062","parcelId":"113 062","countyFips":"13207","countyName":"Monroe","state":"Georgia","marketIds":["Atlanta"],"situsAddress":null,"situsCity":null,"situsZip":null,"jurisdictionCode":null,"ownerName":null,"ownerName2":null,"propertyName":null,"zoningCode":"R-1","zoningDistrict":null,"jurisdictionPrefix":null,"dorCode":null,"acreage":6.9705,"centroid":[-83.729064,32.956675],"lastSale":{"date":null,"price":null,"qualified":null},"tax":{"marketValue":null,"assessedValue":null,"taxableValue":null,"taxes":null},"mailingAddress":{"line1":null,"line2":null,"city":null,"state":null,"zip":null},"incomeTract":null,"incomeBlockGroup":null,"nearestRoad":null,"flu":null,"opportunityZone":null,"oz2Eligibility":null,"source":"ga-monroe-parcels-13207","appraiserUrl":"https://qpublic.schneidercorp.com/Application.aspx?App=MonroeCountyGA&Layer=Parcels&PageType=Report&KeyValue=113%20062","gisViewerUrl":"https://qpublic.schneidercorp.com/Application.aspx?App=MonroeCountyGA&Layer=Parcels&PageType=Map"},"geometry":{"type":"Polygon","coordinates":[[[-83.728442,32.957984],[-83.728533,32.957988],[-83.728801,32.95804],[-83.729041,32.958152],[-83.730045,32.955391],[-83.729715,32.955398],[-83.729186,32.955101],[-83.728753,32.955347],[-83.728442,32.957984]]]}},{"type":"Feature","id":"13207:113 064","properties":{"id":"13207:113 064","parcelId":"113 064","countyFips":"13207","countyName":"Monroe","state":"Georgia","marketIds":["Atlanta"],"situsAddress":null,"situsCity":null,"situsZip":null,"jurisdictionCode":null,"ownerName":null,"ownerName2":null,"propertyName":null,"zoningCode":"R-1","zoningDistrict":null,"jurisdictionPrefix":null,"dorCode":null,"acreage":6.8918,"centroid":[-83.727885,32.956573],"lastSale":{"date":null,"price":null,"qualified":null},"tax":{"marketValue":null,"assessedValue":null,"taxableValue":null,"taxes":null},"mailingAddress":{"line1":null,"line2":null,"city":null,"state":null,"zip":null},"incomeTract":null,"incomeBlockGroup":null,"nearestRoad":null,"flu":null,"opportunityZone":null,"oz2Eligibility":null,"source":"ga-monroe-parcels-13207","appraiserUrl":"https://qpublic.schneidercorp.com/Application.aspx?App=MonroeCountyGA&Layer=Parcels&PageType=Report&KeyValue=113%20064","gisViewerUrl":"https://qpublic.schneidercorp.com/Application.aspx?App=MonroeCountyGA&Layer=Parcels&PageType=Map"},"geometry":{"type":"Polygon","coordinates":[[[-83.727883,32.95586],[-83.727842,32.956545],[-83.72741,32.956612],[-83.727166,32.956742],[-83.727172,32.958001],[-83.728442,32.957984],[-83.728753,32.955347],[-83.728415,32.955493],[-83.727883,32.95586]]]}},{"type":"Feature","id":"13207:113 065","properties":{"id":"13207:113 065","parcelId":"113 065","countyFips":"13207","countyName":"Monroe","state":"Georgia","marketIds":["Atlanta"],"situsAddress":null,"situsCity":null,"situsZip":null,"jurisdictionCode":null,"ownerName":null,"ownerName2":null,"propertyName":null,"zoningCode":"R-1","zoningDistrict":null,"jurisdictionPrefix":null,"dorCode":null,"acreage":5.9953,"centroid":[-83.726989,32.956765],"lastSale":{"date":null,"price":null,"qualified":null},"tax":{"marketValue":null,"assessedValue":null,"taxableValue":null,"taxes":null},"mailingAddress":{"line1":null,"line2":null,"city":null,"state":null,"zip":null},"incomeTract":null,"incomeBlockGroup":null,"nearestRoad":null,"flu":null,"opportunityZone":null,"oz2Eligibility":null,"source":"ga-monroe-parcels-13207","appraiserUrl":"https://qpublic.schneidercorp.com/Application.aspx?App=MonroeCountyGA&Layer=Parcels&PageType=Report&KeyValue=113%20065","gisViewerUrl":"https://qpublic.schneidercorp.com/Application.aspx?App=MonroeCountyGA&Layer=Parcels&PageType=Map"},"geometry":{"type":"Polygon","coordinates":[[[-83.725956,32.956386],[-83.725964,32.956538],[-83.72604,32.95801],[-83.727172,32.958001],[-83.727166,32.956742],[-83.72741,32.956612],[-83.727842,32.956545],[-83.727883,32.95586],[-83.727469,32.956191],[-83.725956,32.956386]]]}},{"type":"Feature","id":"13207:112 092","properties":{"id":"13207:112 092","parcelId":"112 092","countyFips":"13207","countyName":"Monroe","state":"Georgia","marketIds":["Atlanta"],"situsAddress":null,"situsCity":null,"situsZip":null,"jurisdictionCode":null,"ownerName":null,"ownerName2":null,"propertyName":null,"zoningCode":"R-1","zoningDistrict":null,"jurisdictionPrefix":null,"dorCode":null,"acreage":5.2065,"centroid":[-83.732286,32.962066],"lastSale":{"date":null,"price":null,"qualified":null},"tax":{"marketValue":null,"assessedValue":null,"taxableValue":null,"taxes":null},"mailingAddress":{"line1":null,"line2":null,"city":null,"state":null,"zip":null},"incomeTract":null,"incomeBlockGroup":null,"nearestRoad":null,"flu":null,"opportunityZone":null,"oz2Eligibility":null,"source":"ga-monroe-parcels-13207","appraiserUrl":"https://qpublic.schneidercorp.com/Application.aspx?App=MonroeCountyGA&Layer=Parcels&PageType=Report&KeyValue=112%20092","gisViewerUrl":"https://qpublic.schneidercorp.com/Application.aspx?App=MonroeCountyGA&Layer=Parcels&PageType=Map"},"geometry":{"type":"Polygon","coordinates":[[[-83.731441,32.962333],[-83.731533,32.962336],[-83.732407,32.962464],[-83.732835,32.962471],[-83.733133,32.96244],[-83.73315,32.961223],[-83.7315,32.961195],[-83.731441,32.962333]]]}},{"type":"Feature","id":"13207:112A006","properties":{"id":"13207:112A006","parcelId":"112A006","countyFips":"13207","countyName":"Monroe","state":"Georgia","marketIds":["Atlanta"],"situsAddress":null,"situsCity":null,"situsZip":null,"jurisdictionCode":null,"ownerName":null,"ownerName2":null,"propertyName":null,"zoningCode":"R-1","zoningDistrict":null,"jurisdictionPrefix":null,"dorCode":null,"acreage":5.3475,"centroid":[-83.73779,32.984807],"lastSale":{"date":null,"price":null,"qualified":null},"tax":{"marketValue":null,"assessedValue":null,"taxableValue":null,"taxes":null},"mailingAddress":{"line1":null,"line2":null,"city":null,"state":null,"zip":null},"incomeTract":null,"incomeBlockGroup":null,"nearestRoad":null,"flu":null,"opportunityZone":null,"oz2Eligibility":null,"source":"ga-monroe-parcels-13207","appraiserUrl":"https://qpublic.schneidercorp.com/Application.aspx?App=MonroeCountyGA&Layer=Parcels&PageType=Report&KeyValue=112A006","gisViewerUrl":"https://qpublic.schneidercorp.com/Application.aspx?App=MonroeCountyGA&Layer=Parcels&PageType=Map"},"geometry":{"type":"Polygon","coordinates":[[[-83.737178,32.98436],[-83.737173,32.985624],[-83.739713,32.985633],[-83.737522,32.984148],[-83.737364,32.98427],[-83.737178,32.98436]]]}},{"type":"Feature","id":"13207:112A008","properties":{"id":"13207:112A008","parcelId":"112A008","countyFips":"13207","countyName":"Monroe","state":"Georgia","marketIds":["Atlanta"],"situsAddress":null,"situsCity":null,"situsZip":null,"jurisdictionCode":null,"ownerName":null,"ownerName2":null,"propertyName":null,"zoningCode":"R-1","zoningDistrict":null,"jurisdictionPrefix":null,"dorCode":null,"acreage":10.0713,"centroid":[-83.738333,32.983714],"lastSale":{"date":null,"price":null,"qualified":null},"tax":{"marketValue":null,"assessedValue":null,"taxableValue":null,"taxes":null},"mailingAddress":{"line1":null,"line2":null,"city":null,"state":null,"zip":null},"incomeTract":null,"incomeBlockGroup":null,"nearestRoad":null,"flu":null,"opportunityZone":null,"oz2Eligibility":null,"source":"ga-monroe-parcels-13207","appraiserUrl":"https://qpublic.schneidercorp.com/Application.aspx?App=MonroeCountyGA&Layer=Parcels&PageType=Report&KeyValue=112A008","gisViewerUrl":"https://qpublic.schneidercorp.com/Application.aspx?App=MonroeCountyGA&Layer=Parcels&PageType=Map"},"geometry":{"type":"Polygon","coordinates":[[[-83.737522,32.984148],[-83.739713,32.985633],[-83.739735,32.98336],[-83.738754,32.983052],[-83.737721,32.982559],[-83.737764,32.983307],[-83.737762,32.983727],[-83.737694,32.983926],[-83.737522,32.984148]]]}},{"type":"Feature","id":"13207:112A009","properties":{"id":"13207:112A009","parcelId":"112A009","countyFips":"13207","countyName":"Monroe","state":"Georgia","marketIds":["Atlanta"],"situsAddress":null,"situsCity":null,"situsZip":null,"jurisdictionCode":null,"ownerName":null,"ownerName2":null,"propertyName":null,"zoningCode":"R-1","zoningDistrict":null,"jurisdictionPrefix":null,"dorCode":null,"acreage":5.6756,"centroid":[-83.738729,32.982559],"lastSale":{"date":null,"price":null,"qualified":null},"tax":{"marketValue":null,"assessedValue":null,"taxableValue":null,"taxes":null},"mailingAddress":{"line1":null,"line2":null,"city":null,"state":null,"zip":null},"incomeTract":null,"incomeBlockGroup":null,"nearestRoad":null,"flu":null,"opportunityZone":null,"oz2Eligibility":null,"source":"ga-monroe-parcels-13207","appraiserUrl":"https://qpublic.schneidercorp.com/Application.aspx?App=MonroeCountyGA&Layer=Parcels&PageType=Report&KeyValue=112A009","gisViewerUrl":"https://qpublic.schneidercorp.com/Application.aspx?App=MonroeCountyGA&Layer=Parcels&PageType=Map"},"geometry":{"type":"Polygon","coordinates":[[[-83.737721,32.982559],[-83.738754,32.983052],[-83.739735,32.98336],[-83.739751,32.981951],[-83.737685,32.981873],[-83.737721,32.982559]]]}},{"type":"Feature","id":"13207:112B020","properties":{"id":"13207:112B020","parcelId":"112B020","countyFips":"13207","countyName":"Monroe","state":"Georgia","marketIds":["Atlanta"],"situsAddress":null,"situsCity":null,"situsZip":null,"jurisdictionCode":null,"ownerName":null,"ownerName2":null,"propertyName":null,"zoningCode":"R-1","zoningDistrict":null,"jurisdictionPrefix":null,"dorCode":null,"acreage":10.7973,"centroid":[-83.725473,32.972579],"lastSale":{"date":null,"price":null,"qualified":null},"tax":{"marketValue":null,"assessedValue":null,"taxableValue":null,"taxes":null},"mailingAddress":{"line1":null,"line2":null,"city":null,"state":null,"zip":null},"incomeTract":null,"incomeBlockGroup":null,"nearestRoad":null,"flu":null,"opportunityZone":null,"oz2Eligibility":null,"source":"ga-monroe-parcels-13207","appraiserUrl":"https://qpublic.schneidercorp.com/Application.aspx?App=MonroeCountyGA&Layer=Parcels&PageType=Report&KeyValue=112B020","gisViewerUrl":"https://qpublic.schneidercorp.com/Application.aspx?App=MonroeCountyGA&Layer=Parcels&PageType=Map"},"geometry":{"type":"Polygon","coordinates":[[[-83.723554,32.973974],[-83.724668,32.974008],[-83.725235,32.974027],[-83.725247,32.973208],[-83.725865,32.973247],[-83.725889,32.973195],[-83.725887,32.973117],[-83.725772,32.972956],[-83.725734,32.972812],[-83.725751,32.972648],[-83.725739,32.97252],[-83.725792,32.972348],[-83.725743,32.97211],[-83.725768,32.971943],[-83.72577,32.971649],[-83.72582,32.971295],[-83.725784,32.970995],[-83.725815,32.970677],[-83.724152,32.972263],[-83.723554,32.973974]]]}},{"type":"Feature","id":"13207:112D008","properties":{"id":"13207:112D008","parcelId":"112D008","countyFips":"13207","countyName":"Monroe","state":"Georgia","marketIds":["Atlanta"],"situsAddress":null,"situsCity":null,"situsZip":null,"jurisdictionCode":null,"ownerName":null,"ownerName2":null,"propertyName":null,"zoningCode":"R-1","zoningDistrict":null,"jurisdictionPrefix":null,"dorCode":null,"acreage":5.8244,"centroid":[-83.734231,32.972653],"lastSale":{"date":null,"price":null,"qualified":null},"tax":{"marketValue":null,"assessedValue":null,"taxableValue":null,"taxes":null},"mailingAddress":{"line1":null,"line2":null,"city":null,"state":null,"zip":null},"incomeTract":null,"incomeBlockGroup":null,"nearestRoad":null,"flu":null,"opportunityZone":null,"oz2Eligibility":null,"source":"ga-monroe-parcels-13207","appraiserUrl":"https://qpublic.schneidercorp.com/Application.aspx?App=MonroeCountyGA&Layer=Parcels&PageType=Report&KeyValue=112D008","gisViewerUrl":"https://qpublic.schneidercorp.com/Application.aspx?App=MonroeCountyGA&Layer=Parcels&PageType=Map"},"geometry":{"type":"Polygon","coordinates":[[[-83.733279,32.972504],[-83.735125,32.973891],[-83.735509,32.973631],[-83.73591,32.973391],[-83.733719,32.97174],[-83.733569,32.971823],[-83.733438,32.97197],[-83.733297,32.972278],[-83.733279,32.972504]]]}},{"type":"Feature","id":"13207:113 001A","properties":{"id":"13207:113 001A","parcelId":"113 001A","countyFips":"13207","countyName":"Monroe","state":"Georgia","marketIds":["Atlanta"],"situsAddress":null,"situsCity":null,"situsZip":null,"jurisdictionCode":null,"ownerName":null,"ownerName2":null,"propertyName":null,"zoningCode":"R-1","zoningDistrict":null,"jurisdictionPrefix":null,"dorCode":null,"acreage":9.2748,"centroid":[-83.731803,32.955399],"lastSale":{"date":null,"price":null,"qualified":null},"tax":{"marketValue":null,"assessedValue":null,"taxableValue":null,"taxes":null},"mailingAddress":{"line1":null,"line2":null,"city":null,"state":null,"zip":null},"incomeTract":null,"incomeBlockGroup":null,"nearestRoad":null,"flu":null,"opportunityZone":null,"oz2Eligibility":null,"source":"ga-monroe-parcels-13207","appraiserUrl":"https://qpublic.schneidercorp.com/Application.aspx?App=MonroeCountyGA&Layer=Parcels&PageType=Report&KeyValue=113%20001A","gisViewerUrl":"https://qpublic.schneidercorp.com/Application.aspx?App=MonroeCountyGA&Layer=Parcels&PageType=Map"},"geometry":{"type":"Polygon","coordinates":[[[-83.730694,32.955253],[-83.730666,32.956854],[-83.733422,32.956175],[-83.733575,32.955816],[-83.73311,32.95563],[-83.73277,32.955423],[-83.732435,32.955127],[-83.732091,32.954713],[-83.731494,32.955178],[-83.731426,32.95512],[-83.731333,32.955082],[-83.731196,32.955154],[-83.731057,32.955115],[-83.73097,32.955155],[-83.7308,32.955187],[-83.730694,32.955253]]]}},{"type":"Feature","id":"13207:113 075","properties":{"id":"13207:113 075","parcelId":"113 075","countyFips":"13207","countyName":"Monroe","state":"Georgia","marketIds":["Atlanta"],"situsAddress":null,"situsCity":null,"situsZip":null,"jurisdictionCode":null,"ownerName":null,"ownerName2":null,"propertyName":null,"zoningCode":"R-1","zoningDistrict":null,"jurisdictionPrefix":null,"dorCode":null,"acreage":6.1461,"centroid":[-83.715306,32.958238],"lastSale":{"date":null,"price":null,"qualified":null},"tax":{"marketValue":null,"assessedValue":null,"taxableValue":null,"taxes":null},"mailingAddress":{"line1":null,"line2":null,"city":null,"state":null,"zip":null},"incomeTract":null,"incomeBlockGroup":null,"nearestRoad":null,"flu":null,"opportunityZone":null,"oz2Eligibility":null,"source":"ga-monroe-parcels-13207","appraiserUrl":"https://qpublic.schneidercorp.com/Application.aspx?App=MonroeCountyGA&Layer=Parcels&PageType=Report&KeyValue=113%20075","gisViewerUrl":"https://qpublic.schneidercorp.com/Application.aspx?App=MonroeCountyGA&Layer=Parcels&PageType=Map"},"geometry":{"type":"Polygon","coordinates":[[[-83.713823,32.958332],[-83.714103,32.958796],[-83.716265,32.958485],[-83.716251,32.958375],[-83.716299,32.958301],[-83.716353,32.958267],[-83.715831,32.957513],[-83.713526,32.957837],[-83.713823,32.958332]]]}},{"type":"Feature","id":"13207:113 076","properties":{"id":"13207:113 076","parcelId":"113 076","countyFips":"13207","countyName":"Monroe","state":"Georgia","marketIds":["Atlanta"],"situsAddress":null,"situsCity":null,"situsZip":null,"jurisdictionCode":null,"ownerName":null,"ownerName2":null,"propertyName":null,"zoningCode":"R-1","zoningDistrict":null,"jurisdictionPrefix":null,"dorCode":null,"acreage":5.2918,"centroid":[-83.71552,32.959003],"lastSale":{"date":null,"price":null,"qualified":null},"tax":{"marketValue":null,"assessedValue":null,"taxableValue":null,"taxes":null},"mailingAddress":{"line1":null,"line2":null,"city":null,"state":null,"zip":null},"incomeTract":null,"incomeBlockGroup":null,"nearestRoad":null,"flu":null,"opportunityZone":null,"oz2Eligibility":null,"source":"ga-monroe-parcels-13207","appraiserUrl":"https://qpublic.schneidercorp.com/Application.aspx?App=MonroeCountyGA&Layer=Parcels&PageType=Report&KeyValue=113%20076","gisViewerUrl":"https://qpublic.schneidercorp.com/Application.aspx?App=MonroeCountyGA&Layer=Parcels&PageType=Map"},"geometry":{"type":"Polygon","coordinates":[[[-83.714394,32.959711],[-83.714474,32.95985],[-83.716715,32.959077],[-83.716386,32.958572],[-83.716303,32.95853],[-83.716265,32.958485],[-83.714103,32.958796],[-83.714394,32.959711]]]}},{"type":"Feature","id":"13207:113 078","properties":{"id":"13207:113 078","parcelId":"113 078","countyFips":"13207","countyName":"Monroe","state":"Georgia","marketIds":["Atlanta"],"situsAddress":null,"situsCity":null,"situsZip":null,"jurisdictionCode":null,"ownerName":null,"ownerName2":null,"propertyName":null,"zoningCode":"R-1","zoningDistrict":null,"jurisdictionPrefix":null,"dorCode":null,"acreage":6.0697,"centroid":[-83.715971,32.960538],"lastSale":{"date":null,"price":null,"qualified":null},"tax":{"marketValue":null,"assessedValue":null,"taxableValue":null,"taxes":null},"mailingAddress":{"line1":null,"line2":null,"city":null,"state":null,"zip":null},"incomeTract":null,"incomeBlockGroup":null,"nearestRoad":null,"flu":null,"opportunityZone":null,"oz2Eligibility":null,"source":"ga-monroe-parcels-13207","appraiserUrl":"https://qpublic.schneidercorp.com/Application.aspx?App=MonroeCountyGA&Layer=Parcels&PageType=Report&KeyValue=113%20078","gisViewerUrl":"https://qpublic.schneidercorp.com/Application.aspx?App=MonroeCountyGA&Layer=Parcels&PageType=Map"},"geometry":{"type":"Polygon","coordinates":[[[-83.714954,32.960679],[-83.715365,32.961425],[-83.717599,32.960429],[-83.717048,32.959587],[-83.71489,32.96057],[-83.714954,32.960679]]]}},{"type":"Feature","id":"13207:108 009C","properties":{"id":"13207:108 009C","parcelId":"108 009C","countyFips":"13207","countyName":"Monroe","state":"Georgia","marketIds":["Atlanta"],"situsAddress":null,"situsCity":null,"situsZip":null,"jurisdictionCode":null,"ownerName":null,"ownerName2":null,"propertyName":null,"zoningCode":"R-1","zoningDistrict":null,"jurisdictionPrefix":null,"dorCode":null,"acreage":13.7632,"centroid":[-83.747206,32.958155],"lastSale":{"date":null,"price":null,"qualified":null},"tax":{"marketValue":null,"assessedValue":null,"taxableValue":null,"taxes":null},"mailingAddress":{"line1":null,"line2":null,"city":null,"state":null,"zip":null},"incomeTract":null,"incomeBlockGroup":null,"nearestRoad":null,"flu":null,"opportunityZone":null,"oz2Eligibility":null,"source":"ga-monroe-parcels-13207","appraiserUrl":"https://qpublic.schneidercorp.com/Application.aspx?App=MonroeCountyGA&Layer=Parcels&PageType=Report&KeyValue=108%20009C","gisViewerUrl":"https://qpublic.schneidercorp.com/Application.aspx?App=MonroeCountyGA&Layer=Parcels&PageType=Map"},"geometry":{"type":"Polygon","coordinates":[[[-83.749215,32.959498],[-83.749279,32.95944],[-83.747445,32.958163],[-83.747342,32.95722],[-83.747253,32.957226],[-83.744895,32.956142],[-83.744893,32.957762],[-83.746787,32.959452],[-83.747746,32.958489],[-83.749215,32.959498]]]}},{"type":"Feature","id":"13207:108 009D","properties":{"id":"13207:108 009D","parcelId":"108 009D","countyFips":"13207","countyName":"Monroe","state":"Georgia","marketIds":["Atlanta"],"situsAddress":null,"situsCity":null,"situsZip":null,"jurisdictionCode":null,"ownerName":null,"ownerName2":null,"propertyName":null,"zoningCode":"R-1","zoningDistrict":null,"jurisdictionPrefix":null,"dorCode":null,"acreage":45.8504,"centroid":[-83.749032,32.956359],"lastSale":{"date":null,"price":null,"qualified":null},"tax":{"marketValue":null,"assessedValue":null,"taxableValue":null,"taxes":null},"mailingAddress":{"line1":null,"line2":null,"city":null,"state":null,"zip":null},"incomeTract":null,"incomeBlockGroup":null,"nearestRoad":null,"flu":null,"opportunityZone":null,"oz2Eligibility":null,"source":"ga-monroe-parcels-13207","appraiserUrl":"https://qpublic.schneidercorp.com/Application.aspx?App=MonroeCountyGA&Layer=Parcels&PageType=Report&KeyValue=108%20009D","gisViewerUrl":"https://qpublic.schneidercorp.com/Application.aspx?App=MonroeCountyGA&Layer=Parcels&PageType=Map"},"geometry":{"type":"Polygon","coordinates":[[[-83.747445,32.958163],[-83.747484,32.958189],[-83.749279,32.95944],[-83.749344,32.959382],[-83.747875,32.958359],[-83.748472,32.957815],[-83.748563,32.95777],[-83.749384,32.95644],[-83.750906,32.95594],[-83.750877,32.955573],[-83.751523,32.955074],[-83.751574,32.954599],[-83.751593,32.954007],[-83.751225,32.953549],[-83.751501,32.953128],[-83.749214,32.953126],[-83.744895,32.95604],[-83.744895,32.956142],[-83.747253,32.957226],[-83.747342,32.95722],[-83.747445,32.958163]]]}},{"type":"Feature","id":"13207:112 001F","properties":{"id":"13207:112 001F","parcelId":"112 001F","countyFips":"13207","countyName":"Monroe","state":"Georgia","marketIds":["Atlanta"],"situsAddress":null,"situsCity":null,"situsZip":null,"jurisdictionCode":null,"ownerName":null,"ownerName2":null,"propertyName":null,"zoningCode":"R-1","zoningDistrict":null,"jurisdictionPrefix":null,"dorCode":null,"acreage":11.4716,"centroid":[-83.729893,32.968463],"lastSale":{"date":null,"price":null,"qualified":null},"tax":{"marketValue":null,"assessedValue":null,"taxableValue":null,"taxes":null},"mailingAddress":{"line1":null,"line2":null,"city":null,"state":null,"zip":null},"incomeTract":null,"incomeBlockGroup":null,"nearestRoad":null,"flu":null,"opportunityZone":null,"oz2Eligibility":null,"source":"ga-monroe-parcels-13207","appraiserUrl":"https://qpublic.schneidercorp.com/Application.aspx?App=MonroeCountyGA&Layer=Parcels&PageType=Report&KeyValue=112%20001F","gisViewerUrl":"https://qpublic.schneidercorp.com/Application.aspx?App=MonroeCountyGA&Layer=Parcels&PageType=Map"},"geometry":{"type":"Polygon","coordinates":[[[-83.72917,32.966767],[-83.727073,32.966732],[-83.727101,32.966815],[-83.729047,32.966849],[-83.729419,32.968513],[-83.729499,32.969279],[-83.733595,32.969341],[-83.733469,32.969205],[-83.733247,32.969241],[-83.733164,32.969235],[-83.733001,32.969174],[-83.732909,32.96909],[-83.732907,32.968983],[-83.732987,32.968884],[-83.733007,32.968807],[-83.732953,32.968726],[-83.732705,32.968643],[-83.732619,32.968536],[-83.7326,32.968414],[-83.732618,32.96823],[-83.732596,32.968079],[-83.732663,32.967941],[-83.732687,32.967833],[-83.732633,32.967691],[-83.73248,32.967449],[-83.73243,32.967306],[-83.731767,32.967191],[-83.731984,32.968349],[-83.729521,32.96834],[-83.72917,32.966767]]]}},{"type":"Feature","id":"13207:112 001J","properties":{"id":"13207:112 001J","parcelId":"112 001J","countyFips":"13207","countyName":"Monroe","state":"Georgia","marketIds":["Atlanta"],"situsAddress":null,"situsCity":null,"situsZip":null,"jurisdictionCode":null,"ownerName":null,"ownerName2":null,"propertyName":null,"zoningCode":"R-1","zoningDistrict":null,"jurisdictionPrefix":null,"dorCode":null,"acreage":8.7841,"centroid":[-83.73036,32.967483],"lastSale":{"date":null,"price":null,"qualified":null},"tax":{"marketValue":null,"assessedValue":null,"taxableValue":null,"taxes":null},"mailingAddress":{"line1":null,"line2":null,"city":null,"state":null,"zip":null},"incomeTract":null,"incomeBlockGroup":null,"nearestRoad":null,"flu":null,"opportunityZone":null,"oz2Eligibility":null,"source":"ga-monroe-parcels-13207","appraiserUrl":"https://qpublic.schneidercorp.com/Application.aspx?App=MonroeCountyGA&Layer=Parcels&PageType=Report&KeyValue=112%20001J","gisViewerUrl":"https://qpublic.schneidercorp.com/Application.aspx?App=MonroeCountyGA&Layer=Parcels&PageType=Map"},"geometry":{"type":"Polygon","coordinates":[[[-83.72917,32.966767],[-83.729521,32.96834],[-83.731984,32.968349],[-83.731767,32.967191],[-83.729356,32.96677],[-83.72917,32.966767]]]}},{"type":"Feature","id":"13207:112 010G","properties":{"id":"13207:112 010G","parcelId":"112 010G","countyFips":"13207","countyName":"Monroe","state":"Georgia","marketIds":["Atlanta"],"situsAddress":null,"situsCity":null,"situsZip":null,"jurisdictionCode":null,"ownerName":null,"ownerName2":null,"propertyName":null,"zoningCode":"R-1","zoningDistrict":null,"jurisdictionPrefix":null,"dorCode":null,"acreage":9.6088,"centroid":[-83.725298,32.976438],"lastSale":{"date":null,"price":null,"qualified":null},"tax":{"marketValue":null,"assessedValue":null,"taxableValue":null,"taxes":null},"mailingAddress":{"line1":null,"line2":null,"city":null,"state":null,"zip":null},"incomeTract":null,"incomeBlockGroup":null,"nearestRoad":null,"flu":null,"opportunityZone":null,"oz2Eligibility":null,"source":"ga-monroe-parcels-13207","appraiserUrl":"https://qpublic.schneidercorp.com/Application.aspx?App=MonroeCountyGA&Layer=Parcels&PageType=Report&KeyValue=112%20010G","gisViewerUrl":"https://qpublic.schneidercorp.com/Application.aspx?App=MonroeCountyGA&Layer=Parcels&PageType=Map"},"geometry":{"type":"Polygon","coordinates":[[[-83.724827,32.977591],[-83.726453,32.977899],[-83.727199,32.976756],[-83.726756,32.976484],[-83.726348,32.976293],[-83.726229,32.976262],[-83.725806,32.976227],[-83.725594,32.976186],[-83.725375,32.976094],[-83.724954,32.975872],[-83.724723,32.975811],[-83.724579,32.975847],[-83.724411,32.975957],[-83.72436,32.976077],[-83.724349,32.976307],[-83.724295,32.976408],[-83.724478,32.976736],[-83.724636,32.977073],[-83.724827,32.977591]]]}},{"type":"Feature","id":"13207:112 010E","properties":{"id":"13207:112 010E","parcelId":"112 010E","countyFips":"13207","countyName":"Monroe","state":"Georgia","marketIds":["Atlanta"],"situsAddress":null,"situsCity":null,"situsZip":null,"jurisdictionCode":null,"ownerName":null,"ownerName2":null,"propertyName":null,"zoningCode":"R-1","zoningDistrict":null,"jurisdictionPrefix":null,"dorCode":null,"acreage":8.2833,"centroid":[-83.728346,32.977278],"lastSale":{"date":null,"price":null,"qualified":null},"tax":{"marketValue":null,"assessedValue":null,"taxableValue":null,"taxes":null},"mailingAddress":{"line1":null,"line2":null,"city":null,"state":null,"zip":null},"incomeTract":null,"incomeBlockGroup":null,"nearestRoad":null,"flu":null,"opportunityZone":null,"oz2Eligibility":null,"source":"ga-monroe-parcels-13207","appraiserUrl":"https://qpublic.schneidercorp.com/Application.aspx?App=MonroeCountyGA&Layer=Parcels&PageType=Report&KeyValue=112%20010E","gisViewerUrl":"https://qpublic.schneidercorp.com/Application.aspx?App=MonroeCountyGA&Layer=Parcels&PageType=Map"},"geometry":{"type":"Polygon","coordinates":[[[-83.726453,32.977899],[-83.72944,32.978463],[-83.729585,32.977536],[-83.729348,32.977482],[-83.729166,32.977411],[-83.728751,32.977086],[-83.728635,32.977025],[-83.728461,32.976968],[-83.728057,32.97695],[-83.727635,32.976904],[-83.727427,32.976852],[-83.727199,32.976756],[-83.726453,32.977899]]]}},{"type":"Feature","id":"13207:108 038","properties":{"id":"13207:108 038","parcelId":"108 038","countyFips":"13207","countyName":"Monroe","state":"Georgia","marketIds":["Atlanta"],"situsAddress":null,"situsCity":null,"situsZip":null,"jurisdictionCode":null,"ownerName":null,"ownerName2":null,"propertyName":null,"zoningCode":"R-1","zoningDistrict":null,"jurisdictionPrefix":null,"dorCode":null,"acreage":5.923,"centroid":[-83.747464,32.965758],"lastSale":{"date":null,"price":null,"qualified":null},"tax":{"marketValue":null,"assessedValue":null,"taxableValue":null,"taxes":null},"mailingAddress":{"line1":null,"line2":null,"city":null,"state":null,"zip":null},"incomeTract":null,"incomeBlockGroup":null,"nearestRoad":null,"flu":null,"opportunityZone":null,"oz2Eligibility":null,"source":"ga-monroe-parcels-13207","appraiserUrl":"https://qpublic.schneidercorp.com/Application.aspx?App=MonroeCountyGA&Layer=Parcels&PageType=Report&KeyValue=108%20038","gisViewerUrl":"https://qpublic.schneidercorp.com/Application.aspx?App=MonroeCountyGA&Layer=Parcels&PageType=Map"},"geometry":{"type":"Polygon","coordinates":[[[-83.749626,32.965487],[-83.747515,32.96544],[-83.745498,32.965502],[-83.74547,32.965598],[-83.747391,32.965538],[-83.747134,32.966368],[-83.749614,32.966372],[-83.749626,32.965487]]]}},{"type":"Feature","id":"13207:112A001","properties":{"id":"13207:112A001","parcelId":"112A001","countyFips":"13207","countyName":"Monroe","state":"Georgia","marketIds":["Atlanta"],"situsAddress":null,"situsCity":null,"situsZip":null,"jurisdictionCode":null,"ownerName":null,"ownerName2":null,"propertyName":null,"zoningCode":"R-1","zoningDistrict":null,"jurisdictionPrefix":null,"dorCode":null,"acreage":6.115,"centroid":[-83.734079,32.984965],"lastSale":{"date":null,"price":null,"qualified":null},"tax":{"marketValue":null,"assessedValue":null,"taxableValue":null,"taxes":null},"mailingAddress":{"line1":null,"line2":null,"city":null,"state":null,"zip":null},"incomeTract":null,"incomeBlockGroup":null,"nearestRoad":null,"flu":null,"opportunityZone":null,"oz2Eligibility":null,"source":"ga-monroe-parcels-13207","appraiserUrl":"https://qpublic.schneidercorp.com/Application.aspx?App=MonroeCountyGA&Layer=Parcels&PageType=Report&KeyValue=112A001","gisViewerUrl":"https://qpublic.schneidercorp.com/Application.aspx?App=MonroeCountyGA&Layer=Parcels&PageType=Map"},"geometry":{"type":"MultiPolygon","coordinates":[[[[-83.734618,32.984428],[-83.734016,32.984429],[-83.733251,32.98444],[-83.733181,32.98447],[-83.733147,32.984547],[-83.733155,32.98458],[-83.733682,32.985216],[-83.733817,32.98531],[-83.734168,32.985444],[-83.734452,32.985461],[-83.734453,32.985535],[-83.734728,32.985616],[-83.735216,32.985617],[-83.735221,32.984423],[-83.734618,32.984428]]],[[[-83.732855,32.9847],[-83.733153,32.985616],[-83.733196,32.985753],[-83.734009,32.985682],[-83.734035,32.985577],[-83.733731,32.985458],[-83.733568,32.985356],[-83.73275,32.984376],[-83.732855,32.9847]]]]}},{"type":"Feature","id":"13207:112 015A","properties":{"id":"13207:112 015A","parcelId":"112 015A","countyFips":"13207","countyName":"Monroe","state":"Georgia","marketIds":["Atlanta"],"situsAddress":null,"situsCity":null,"situsZip":null,"jurisdictionCode":null,"ownerName":null,"ownerName2":null,"propertyName":null,"zoningCode":"R-1","zoningDistrict":null,"jurisdictionPrefix":null,"dorCode":null,"acreage":5.2891,"centroid":[-83.729743,32.982852],"lastSale":{"date":null,"price":null,"qualified":null},"tax":{"marketValue":null,"assessedValue":null,"taxableValue":null,"taxes":null},"mailingAddress":{"line1":null,"line2":null,"city":null,"state":null,"zip":null},"incomeTract":null,"incomeBlockGroup":null,"nearestRoad":null,"flu":null,"opportunityZone":null,"oz2Eligibility":null,"source":"ga-monroe-parcels-13207","appraiserUrl":"https://qpublic.schneidercorp.com/Application.aspx?App=MonroeCountyGA&Layer=Parcels&PageType=Report&KeyValue=112%20015A","gisViewerUrl":"https://qpublic.schneidercorp.com/Application.aspx?App=MonroeCountyGA&Layer=Parcels&PageType=Map"},"geometry":{"type":"Polygon","coordinates":[[[-83.731456,32.982933],[-83.730172,32.982935],[-83.729955,32.982811],[-83.728661,32.982469],[-83.72831,32.982408],[-83.727902,32.982611],[-83.727902,32.983289],[-83.731722,32.983283],[-83.73161,32.982933],[-83.731456,32.982933]]]}},{"type":"Feature","id":"13207:107A006","properties":{"id":"13207:107A006","parcelId":"107A006","countyFips":"13207","countyName":"Monroe","state":"Georgia","marketIds":["Atlanta"],"situsAddress":null,"situsCity":null,"situsZip":null,"jurisdictionCode":null,"ownerName":null,"ownerName2":null,"propertyName":null,"zoningCode":"R-1","zoningDistrict":null,"jurisdictionPrefix":null,"dorCode":null,"acreage":22.9909,"centroid":[-83.743489,32.97269],"lastSale":{"date":null,"price":null,"qualified":null},"tax":{"marketValue":null,"assessedValue":null,"taxableValue":null,"taxes":null},"mailingAddress":{"line1":null,"line2":null,"city":null,"state":null,"zip":null},"incomeTract":null,"incomeBlockGroup":null,"nearestRoad":null,"flu":null,"opportunityZone":null,"oz2Eligibility":null,"source":"ga-monroe-parcels-13207","appraiserUrl":"https://qpublic.schneidercorp.com/Application.aspx?App=MonroeCountyGA&Layer=Parcels&PageType=Report&KeyValue=107A006","gisViewerUrl":"https://qpublic.schneidercorp.com/Application.aspx?App=MonroeCountyGA&Layer=Parcels&PageType=Map"},"geometry":{"type":"Polygon","coordinates":[[[-83.741956,32.973454],[-83.742803,32.97479],[-83.742949,32.974773],[-83.743116,32.97479],[-83.743223,32.974757],[-83.743366,32.974764],[-83.743586,32.974732],[-83.743877,32.974548],[-83.744343,32.974435],[-83.744541,32.974357],[-83.744802,32.97413],[-83.744851,32.974029],[-83.744847,32.973816],[-83.744927,32.973563],[-83.745008,32.973435],[-83.745169,32.973287],[-83.745087,32.973088],[-83.745039,32.972884],[-83.744952,32.972722],[-83.744808,32.972538],[-83.744486,32.972232],[-83.744469,32.972198],[-83.74447,32.972105],[-83.744425,32.971985],[-83.744358,32.971903],[-83.744299,32.971734],[-83.744204,32.971642],[-83.744145,32.971627],[-83.744094,32.97167],[-83.743977,32.971665],[-83.743904,32.9716],[-83.743666,32.971505],[-83.743565,32.97141],[-83.743403,32.97136],[-83.743255,32.971203],[-83.743108,32.971146],[-83.743012,32.971068],[-83.742882,32.971043],[-83.742416,32.970886],[-83.742323,32.970895],[-83.742135,32.971052],[-83.742078,32.971067],[-83.741994,32.971052],[-83.742606,32.972175],[-83.741787,32.972],[-83.741379,32.973092],[-83.741808,32.973209],[-83.74189,32.973198],[-83.741967,32.973222],[-83.74202,32.973275],[-83.742036,32.973341],[-83.742013,32.973406],[-83.741956,32.973454]]]}},{"type":"Feature","id":"13207:112 017C","properties":{"id":"13207:112 017C","parcelId":"112 017C","countyFips":"13207","countyName":"Monroe","state":"Georgia","marketIds":["Atlanta"],"situsAddress":null,"situsCity":null,"situsZip":null,"jurisdictionCode":null,"ownerName":null,"ownerName2":null,"propertyName":null,"zoningCode":"R-1","zoningDistrict":null,"jurisdictionPrefix":null,"dorCode":null,"acreage":30.9687,"centroid":[-83.719902,32.969389],"lastSale":{"date":null,"price":null,"qualified":null},"tax":{"marketValue":null,"assessedValue":null,"taxableValue":null,"taxes":null},"mailingAddress":{"line1":null,"line2":null,"city":null,"state":null,"zip":null},"incomeTract":null,"incomeBlockGroup":null,"nearestRoad":null,"flu":null,"opportunityZone":null,"oz2Eligibility":null,"source":"ga-monroe-parcels-13207","appraiserUrl":"https://qpublic.schneidercorp.com/Application.aspx?App=MonroeCountyGA&Layer=Parcels&PageType=Report&KeyValue=112%20017C","gisViewerUrl":"https://qpublic.schneidercorp.com/Application.aspx?App=MonroeCountyGA&Layer=Parcels&PageType=Map"},"geometry":{"type":"Polygon","coordinates":[[[-83.717154,32.969637],[-83.717333,32.969797],[-83.719911,32.972113],[-83.721612,32.969938],[-83.721244,32.969593],[-83.721187,32.969623],[-83.721089,32.969635],[-83.721025,32.969619],[-83.72095,32.969564],[-83.720923,32.969512],[-83.720923,32.969429],[-83.720135,32.968494],[-83.719531,32.967721],[-83.719233,32.967307],[-83.716279,32.968848],[-83.717154,32.969637]]]}},{"type":"Feature","id":"13207:113 018","properties":{"id":"13207:113 018","parcelId":"113 018","countyFips":"13207","countyName":"Monroe","state":"Georgia","marketIds":["Atlanta"],"situsAddress":null,"situsCity":null,"situsZip":null,"jurisdictionCode":null,"ownerName":null,"ownerName2":null,"propertyName":null,"zoningCode":"R-1","zoningDistrict":null,"jurisdictionPrefix":null,"dorCode":null,"acreage":6.5342,"centroid":[-83.721437,32.962263],"lastSale":{"date":null,"price":null,"qualified":null},"tax":{"marketValue":null,"assessedValue":null,"taxableValue":null,"taxes":null},"mailingAddress":{"line1":null,"line2":null,"city":null,"state":null,"zip":null},"incomeTract":null,"incomeBlockGroup":null,"nearestRoad":null,"flu":null,"opportunityZone":null,"oz2Eligibility":null,"source":"ga-monroe-parcels-13207","appraiserUrl":"https://qpublic.schneidercorp.com/Application.aspx?App=MonroeCountyGA&Layer=Parcels&PageType=Report&KeyValue=113%20018","gisViewerUrl":"https://qpublic.schneidercorp.com/Application.aspx?App=MonroeCountyGA&Layer=Parcels&PageType=Map"},"geometry":{"type":"Polygon","coordinates":[[[-83.721376,32.961055],[-83.720742,32.961219],[-83.720804,32.963177],[-83.721047,32.963069],[-83.721472,32.962922],[-83.721764,32.962843],[-83.72216,32.962779],[-83.722128,32.96104],[-83.721376,32.961055]]]}},{"type":"Feature","id":"13207:112 013","properties":{"id":"13207:112 013","parcelId":"112 013","countyFips":"13207","countyName":"Monroe","state":"Georgia","marketIds":["Atlanta"],"situsAddress":null,"situsCity":null,"situsZip":null,"jurisdictionCode":null,"ownerName":null,"ownerName2":null,"propertyName":null,"zoningCode":"R-1","zoningDistrict":null,"jurisdictionPrefix":null,"dorCode":null,"acreage":118.7609,"centroid":[-83.729223,32.990743],"lastSale":{"date":null,"price":null,"qualified":null},"tax":{"marketValue":null,"assessedValue":null,"taxableValue":null,"taxes":null},"mailingAddress":{"line1":null,"line2":null,"city":null,"state":null,"zip":null},"incomeTract":null,"incomeBlockGroup":null,"nearestRoad":null,"flu":null,"opportunityZone":null,"oz2Eligibility":null,"source":"ga-monroe-parcels-13207","appraiserUrl":"https://qpublic.schneidercorp.com/Application.aspx?App=MonroeCountyGA&Layer=Parcels&PageType=Report&KeyValue=112%20013","gisViewerUrl":"https://qpublic.schneidercorp.com/Application.aspx?App=MonroeCountyGA&Layer=Parcels&PageType=Map"},"geometry":{"type":"Polygon","coordinates":[[[-83.72725,32.993041],[-83.727299,32.993164],[-83.727403,32.993543],[-83.727437,32.993932],[-83.728965,32.993914],[-83.728936,32.992961],[-83.730326,32.992948],[-83.730402,32.993312],[-83.730545,32.993555],[-83.731444,32.993886],[-83.731811,32.993882],[-83.731805,32.993417],[-83.731846,32.993076],[-83.730894,32.992738],[-83.731168,32.99224],[-83.732092,32.992587],[-83.732264,32.988779],[-83.732427,32.988824],[-83.732582,32.98884],[-83.732649,32.988811],[-83.732681,32.988759],[-83.732733,32.988722],[-83.732909,32.988731],[-83.733067,32.988678],[-83.733161,32.988669],[-83.733235,32.988679],[-83.733375,32.988758],[-83.733499,32.988786],[-83.732952,32.987101],[-83.723903,32.987155],[-83.723755,32.988073],[-83.723738,32.988337],[-83.723747,32.988601],[-83.723785,32.988875],[-83.723852,32.989145],[-83.723949,32.989409],[-83.724074,32.989664],[-83.724377,32.990092],[-83.72474,32.990487],[-83.726516,32.992058],[-83.726748,32.99229],[-83.727044,32.992669],[-83.72725,32.993041]]]}},{"type":"Feature","id":"13207:112 010","properties":{"id":"13207:112 010","parcelId":"112 010","countyFips":"13207","countyName":"Monroe","state":"Georgia","marketIds":["Atlanta"],"situsAddress":null,"situsCity":null,"situsZip":null,"jurisdictionCode":null,"ownerName":null,"ownerName2":null,"propertyName":null,"zoningCode":"R-1","zoningDistrict":null,"jurisdictionPrefix":null,"dorCode":null,"acreage":23.7975,"centroid":[-83.731768,32.98022],"lastSale":{"date":null,"price":null,"qualified":null},"tax":{"marketValue":null,"assessedValue":null,"taxableValue":null,"taxes":null},"mailingAddress":{"line1":null,"line2":null,"city":null,"state":null,"zip":null},"incomeTract":null,"incomeBlockGroup":null,"nearestRoad":null,"flu":null,"opportunityZone":null,"oz2Eligibility":null,"source":"ga-monroe-parcels-13207","appraiserUrl":"https://qpublic.schneidercorp.com/Application.aspx?App=MonroeCountyGA&Layer=Parcels&PageType=Report&KeyValue=112%20010","gisViewerUrl":"https://qpublic.schneidercorp.com/Application.aspx?App=MonroeCountyGA&Layer=Parcels&PageType=Map"},"geometry":{"type":"Polygon","coordinates":[[[-83.731013,32.978926],[-83.731016,32.978935],[-83.731549,32.980631],[-83.732948,32.980082],[-83.732936,32.980026],[-83.733479,32.979816],[-83.733332,32.97936],[-83.7352,32.978873],[-83.735124,32.976776],[-83.733252,32.977023],[-83.731536,32.977021],[-83.731189,32.977301],[-83.730979,32.97781],[-83.731382,32.978005],[-83.732961,32.978325],[-83.733651,32.978013],[-83.73342,32.9789],[-83.731013,32.978926]]]}},{"type":"Feature","id":"13207:107A031","properties":{"id":"13207:107A031","parcelId":"107A031","countyFips":"13207","countyName":"Monroe","state":"Georgia","marketIds":["Atlanta"],"situsAddress":null,"situsCity":null,"situsZip":null,"jurisdictionCode":null,"ownerName":null,"ownerName2":null,"propertyName":null,"zoningCode":"R-1","zoningDistrict":null,"jurisdictionPrefix":null,"dorCode":null,"acreage":6.7051,"centroid":[-83.736846,32.977794],"lastSale":{"date":null,"price":null,"qualified":null},"tax":{"marketValue":null,"assessedValue":null,"taxableValue":null,"taxes":null},"mailingAddress":{"line1":null,"line2":null,"city":null,"state":null,"zip":null},"incomeTract":null,"incomeBlockGroup":null,"nearestRoad":null,"flu":null,"opportunityZone":null,"oz2Eligibility":null,"source":"ga-monroe-parcels-13207","appraiserUrl":"https://qpublic.schneidercorp.com/Application.aspx?App=MonroeCountyGA&Layer=Parcels&PageType=Report&KeyValue=107A031","gisViewerUrl":"https://qpublic.schneidercorp.com/Application.aspx?App=MonroeCountyGA&Layer=Parcels&PageType=Map"},"geometry":{"type":"Polygon","coordinates":[[[-83.735249,32.978307],[-83.735425,32.978346],[-83.738005,32.978874],[-83.73821,32.978508],[-83.738444,32.978204],[-83.737485,32.977403],[-83.737402,32.977394],[-83.737335,32.977351],[-83.737302,32.977285],[-83.737313,32.977215],[-83.737343,32.977174],[-83.737414,32.977136],[-83.737255,32.976987],[-83.736597,32.97763],[-83.736488,32.977778],[-83.736195,32.978035],[-83.735756,32.978057],[-83.735509,32.978146],[-83.735353,32.978264],[-83.735249,32.978307]]]}},{"type":"Feature","id":"13207:107A025","properties":{"id":"13207:107A025","parcelId":"107A025","countyFips":"13207","countyName":"Monroe","state":"Georgia","marketIds":["Atlanta"],"situsAddress":null,"situsCity":null,"situsZip":null,"jurisdictionCode":null,"ownerName":null,"ownerName2":null,"propertyName":null,"zoningCode":"R-1","zoningDistrict":null,"jurisdictionPrefix":null,"dorCode":null,"acreage":8.5452,"centroid":[-83.736345,32.977153],"lastSale":{"date":null,"price":null,"qualified":null},"tax":{"marketValue":null,"assessedValue":null,"taxableValue":null,"taxes":null},"mailingAddress":{"line1":null,"line2":null,"city":null,"state":null,"zip":null},"incomeTract":null,"incomeBlockGroup":null,"nearestRoad":null,"flu":null,"opportunityZone":null,"oz2Eligibility":null,"source":"ga-monroe-parcels-13207","appraiserUrl":"https://qpublic.schneidercorp.com/Application.aspx?App=MonroeCountyGA&Layer=Parcels&PageType=Report&KeyValue=107A025","gisViewerUrl":"https://qpublic.schneidercorp.com/Application.aspx?App=MonroeCountyGA&Layer=Parcels&PageType=Map"},"geometry":{"type":"Polygon","coordinates":[[[-83.735179,32.978297],[-83.735249,32.978307],[-83.735353,32.978264],[-83.735509,32.978146],[-83.735756,32.978057],[-83.736195,32.978035],[-83.736488,32.977778],[-83.736597,32.97763],[-83.737255,32.976987],[-83.737059,32.976802],[-83.736999,32.97685],[-83.736918,32.976867],[-83.736838,32.976848],[-83.73678,32.976798],[-83.736758,32.976731],[-83.736767,32.976684],[-83.73669,32.976566],[-83.736611,32.976381],[-83.736574,32.976187],[-83.736565,32.975952],[-83.735098,32.976055],[-83.735179,32.978297]]]}},{"type":"Feature","id":"13207:107A030","properties":{"id":"13207:107A030","parcelId":"107A030","countyFips":"13207","countyName":"Monroe","state":"Georgia","marketIds":["Atlanta"],"situsAddress":null,"situsCity":null,"situsZip":null,"jurisdictionCode":null,"ownerName":null,"ownerName2":null,"propertyName":null,"zoningCode":"R-1","zoningDistrict":null,"jurisdictionPrefix":null,"dorCode":null,"acreage":5.0999,"centroid":[-83.736591,32.978941],"lastSale":{"date":null,"price":null,"qualified":null},"tax":{"marketValue":null,"assessedValue":null,"taxableValue":null,"taxes":null},"mailingAddress":{"line1":null,"line2":null,"city":null,"state":null,"zip":null},"incomeTract":null,"incomeBlockGroup":null,"nearestRoad":null,"flu":null,"opportunityZone":null,"oz2Eligibility":null,"source":"ga-monroe-parcels-13207","appraiserUrl":"https://qpublic.schneidercorp.com/Application.aspx?App=MonroeCountyGA&Layer=Parcels&PageType=Report&KeyValue=107A030","gisViewerUrl":"https://qpublic.schneidercorp.com/Application.aspx?App=MonroeCountyGA&Layer=Parcels&PageType=Map"},"geometry":{"type":"Polygon","coordinates":[[[-83.735179,32.978297],[-83.73518,32.978304],[-83.7352,32.978873],[-83.736892,32.979506],[-83.737794,32.979538],[-83.737885,32.979192],[-83.738005,32.978874],[-83.735179,32.978297]]]}},{"type":"Feature","id":"13207:109 001","properties":{"id":"13207:109 001","parcelId":"109 001","countyFips":"13207","countyName":"Monroe","state":"Georgia","marketIds":["Atlanta"],"situsAddress":null,"situsCity":null,"situsZip":null,"jurisdictionCode":null,"ownerName":null,"ownerName2":null,"propertyName":null,"zoningCode":"R-1","zoningDistrict":null,"jurisdictionPrefix":null,"dorCode":null,"acreage":9.3308,"centroid":[-83.74918,32.935589],"lastSale":{"date":null,"price":null,"qualified":null},"tax":{"marketValue":null,"assessedValue":null,"taxableValue":null,"taxes":null},"mailingAddress":{"line1":null,"line2":null,"city":null,"state":null,"zip":null},"incomeTract":null,"incomeBlockGroup":null,"nearestRoad":null,"flu":null,"opportunityZone":null,"oz2Eligibility":null,"source":"ga-monroe-parcels-13207","appraiserUrl":"https://qpublic.schneidercorp.com/Application.aspx?App=MonroeCountyGA&Layer=Parcels&PageType=Report&KeyValue=109%20001","gisViewerUrl":"https://qpublic.schneidercorp.com/Application.aspx?App=MonroeCountyGA&Layer=Parcels&PageType=Map"},"geometry":{"type":"Polygon","coordinates":[[[-83.746589,32.93482],[-83.750497,32.937103],[-83.751331,32.937105],[-83.750954,32.936112],[-83.750157,32.936328],[-83.750088,32.936317],[-83.750038,32.936286],[-83.749993,32.936192],[-83.750035,32.936096],[-83.750148,32.936032],[-83.750147,32.935983],[-83.749654,32.93612],[-83.749416,32.935512],[-83.749119,32.935534],[-83.748737,32.935313],[-83.748572,32.934751],[-83.748442,32.934447],[-83.748179,32.934754],[-83.747794,32.934466],[-83.747712,32.934545],[-83.747411,32.934709],[-83.746941,32.934431],[-83.746589,32.93482]]]}},{"type":"Feature","id":"13207:109 005","properties":{"id":"13207:109 005","parcelId":"109 005","countyFips":"13207","countyName":"Monroe","state":"Georgia","marketIds":["Atlanta"],"situsAddress":null,"situsCity":null,"situsZip":null,"jurisdictionCode":null,"ownerName":null,"ownerName2":null,"propertyName":null,"zoningCode":"R-1","zoningDistrict":null,"jurisdictionPrefix":null,"dorCode":null,"acreage":12.8751,"centroid":[-83.746917,32.935093],"lastSale":{"date":null,"price":null,"qualified":null},"tax":{"marketValue":null,"assessedValue":null,"taxableValue":null,"taxes":null},"mailingAddress":{"line1":null,"line2":null,"city":null,"state":null,"zip":null},"incomeTract":null,"incomeBlockGroup":null,"nearestRoad":null,"flu":null,"opportunityZone":null,"oz2Eligibility":null,"source":"ga-monroe-parcels-13207","appraiserUrl":"https://qpublic.schneidercorp.com/Application.aspx?App=MonroeCountyGA&Layer=Parcels&PageType=Report&KeyValue=109%20005","gisViewerUrl":"https://qpublic.schneidercorp.com/Application.aspx?App=MonroeCountyGA&Layer=Parcels&PageType=Map"},"geometry":{"type":"Polygon","coordinates":[[[-83.744526,32.934628],[-83.74554,32.935173],[-83.749138,32.937099],[-83.750497,32.937103],[-83.746589,32.93482],[-83.746981,32.934388],[-83.746029,32.9338],[-83.746034,32.933732],[-83.744526,32.934628]]]}},{"type":"Feature","id":"13207:107 009A","properties":{"id":"13207:107 009A","parcelId":"107 009A","countyFips":"13207","countyName":"Monroe","state":"Georgia","marketIds":["Atlanta"],"situsAddress":null,"situsCity":null,"situsZip":null,"jurisdictionCode":null,"ownerName":null,"ownerName2":null,"propertyName":null,"zoningCode":"M-1","zoningDistrict":null,"jurisdictionPrefix":null,"dorCode":null,"acreage":87.2094,"centroid":[-83.746589,32.998294],"lastSale":{"date":null,"price":null,"qualified":null},"tax":{"marketValue":null,"assessedValue":null,"taxableValue":null,"taxes":null},"mailingAddress":{"line1":null,"line2":null,"city":null,"state":null,"zip":null},"incomeTract":null,"incomeBlockGroup":null,"nearestRoad":null,"flu":null,"opportunityZone":null,"oz2Eligibility":null,"source":"ga-monroe-parcels-13207","appraiserUrl":"https://qpublic.schneidercorp.com/Application.aspx?App=MonroeCountyGA&Layer=Parcels&PageType=Report&KeyValue=107%20009A","gisViewerUrl":"https://qpublic.schneidercorp.com/Application.aspx?App=MonroeCountyGA&Layer=Parcels&PageType=Map"},"geometry":{"type":"Polygon","coordinates":[[[-83.744492,32.993874],[-83.744232,33.001834],[-83.746282,33.001793],[-83.748797,33.000081],[-83.74914,32.99389],[-83.744492,32.993874]]]}},{"type":"Feature","id":"13207:112 005L","properties":{"id":"13207:112 005L","parcelId":"112 005L","countyFips":"13207","countyName":"Monroe","state":"Georgia","marketIds":["Atlanta"],"situsAddress":null,"situsCity":null,"situsZip":null,"jurisdictionCode":null,"ownerName":null,"ownerName2":null,"propertyName":null,"zoningCode":"R-1","zoningDistrict":null,"jurisdictionPrefix":null,"dorCode":null,"acreage":8.9973,"centroid":[-83.732548,32.972727],"lastSale":{"date":null,"price":null,"qualified":null},"tax":{"marketValue":null,"assessedValue":null,"taxableValue":null,"taxes":null},"mailingAddress":{"line1":null,"line2":null,"city":null,"state":null,"zip":null},"incomeTract":null,"incomeBlockGroup":null,"nearestRoad":null,"flu":null,"opportunityZone":null,"oz2Eligibility":null,"source":"ga-monroe-parcels-13207","appraiserUrl":"https://qpublic.schneidercorp.com/Application.aspx?App=MonroeCountyGA&Layer=Parcels&PageType=Report&KeyValue=112%20005L","gisViewerUrl":"https://qpublic.schneidercorp.com/Application.aspx?App=MonroeCountyGA&Layer=Parcels&PageType=Map"},"geometry":{"type":"Polygon","coordinates":[[[-83.733279,32.972504],[-83.733285,32.972484],[-83.733285,32.972351],[-83.728844,32.97222],[-83.729114,32.973052],[-83.73314,32.973161],[-83.73317,32.973077],[-83.733295,32.972969],[-83.73334,32.972891],[-83.73333,32.972806],[-83.733245,32.972633],[-83.733244,32.972578],[-83.733279,32.972504]]]}},{"type":"Feature","id":"13207:113 027","properties":{"id":"13207:113 027","parcelId":"113 027","countyFips":"13207","countyName":"Monroe","state":"Georgia","marketIds":["Atlanta"],"situsAddress":null,"situsCity":null,"situsZip":null,"jurisdictionCode":null,"ownerName":null,"ownerName2":null,"propertyName":null,"zoningCode":"R-1","zoningDistrict":null,"jurisdictionPrefix":null,"dorCode":null,"acreage":5.4179,"centroid":[-83.709603,32.958694],"lastSale":{"date":null,"price":null,"qualified":null},"tax":{"marketValue":null,"assessedValue":null,"taxableValue":null,"taxes":null},"mailingAddress":{"line1":null,"line2":null,"city":null,"state":null,"zip":null},"incomeTract":null,"incomeBlockGroup":null,"nearestRoad":null,"flu":null,"opportunityZone":null,"oz2Eligibility":null,"source":"ga-monroe-parcels-13207","appraiserUrl":"https://qpublic.schneidercorp.com/Application.aspx?App=MonroeCountyGA&Layer=Parcels&PageType=Report&KeyValue=113%20027","gisViewerUrl":"https://qpublic.schneidercorp.com/Application.aspx?App=MonroeCountyGA&Layer=Parcels&PageType=Map"},"geometry":{"type":"Polygon","coordinates":[[[-83.710793,32.957979],[-83.709497,32.958018],[-83.708355,32.959155],[-83.709767,32.959622],[-83.710793,32.957979]]]}},{"type":"Feature","id":"13207:112 044","properties":{"id":"13207:112 044","parcelId":"112 044","countyFips":"13207","countyName":"Monroe","state":"Georgia","marketIds":["Atlanta"],"situsAddress":null,"situsCity":null,"situsZip":null,"jurisdictionCode":null,"ownerName":null,"ownerName2":null,"propertyName":null,"zoningCode":"A-R","zoningDistrict":null,"jurisdictionPrefix":null,"dorCode":null,"acreage":9.259,"centroid":[-83.708663,32.964753],"lastSale":{"date":null,"price":null,"qualified":null},"tax":{"marketValue":null,"assessedValue":null,"taxableValue":null,"taxes":null},"mailingAddress":{"line1":null,"line2":null,"city":null,"state":null,"zip":null},"incomeTract":null,"incomeBlockGroup":null,"nearestRoad":null,"flu":null,"opportunityZone":null,"oz2Eligibility":null,"source":"ga-monroe-parcels-13207","appraiserUrl":"https://qpublic.schneidercorp.com/Application.aspx?App=MonroeCountyGA&Layer=Parcels&PageType=Report&KeyValue=112%20044","gisViewerUrl":"https://qpublic.schneidercorp.com/Application.aspx?App=MonroeCountyGA&Layer=Parcels&PageType=Map"},"geometry":{"type":"Polygon","coordinates":[[[-83.710262,32.964253],[-83.710125,32.963944],[-83.709988,32.963637],[-83.706687,32.965026],[-83.70711,32.965572],[-83.707803,32.966087],[-83.710262,32.964253]]]}},{"type":"Feature","id":"13207:112 017B","properties":{"id":"13207:112 017B","parcelId":"112 017B","countyFips":"13207","countyName":"Monroe","state":"Georgia","marketIds":["Atlanta"],"situsAddress":null,"situsCity":null,"situsZip":null,"jurisdictionCode":null,"ownerName":null,"ownerName2":null,"propertyName":null,"zoningCode":"A-R","zoningDistrict":null,"jurisdictionPrefix":null,"dorCode":null,"acreage":6.0901,"centroid":[-83.717293,32.970602],"lastSale":{"date":null,"price":null,"qualified":null},"tax":{"marketValue":null,"assessedValue":null,"taxableValue":null,"taxes":null},"mailingAddress":{"line1":null,"line2":null,"city":null,"state":null,"zip":null},"incomeTract":null,"incomeBlockGroup":null,"nearestRoad":null,"flu":null,"opportunityZone":null,"oz2Eligibility":null,"source":"ga-monroe-parcels-13207","appraiserUrl":"https://qpublic.schneidercorp.com/Application.aspx?App=MonroeCountyGA&Layer=Parcels&PageType=Report&KeyValue=112%20017B","gisViewerUrl":"https://qpublic.schneidercorp.com/Application.aspx?App=MonroeCountyGA&Layer=Parcels&PageType=Map"},"geometry":{"type":"Polygon","coordinates":[[[-83.717526,32.971809],[-83.71753,32.971858],[-83.717502,32.972138],[-83.717535,32.972343],[-83.719114,32.971805],[-83.717096,32.969985],[-83.715563,32.96886],[-83.715472,32.968947],[-83.716387,32.969672],[-83.716813,32.970096],[-83.716967,32.970287],[-83.717034,32.970416],[-83.717211,32.970939],[-83.717388,32.971281],[-83.717526,32.971809]]]}},{"type":"Feature","id":"13207:112 009","properties":{"id":"13207:112 009","parcelId":"112 009","countyFips":"13207","countyName":"Monroe","state":"Georgia","marketIds":["Atlanta"],"situsAddress":null,"situsCity":null,"situsZip":null,"jurisdictionCode":null,"ownerName":null,"ownerName2":null,"propertyName":null,"zoningCode":"R-1","zoningDistrict":null,"jurisdictionPrefix":null,"dorCode":null,"acreage":29.2815,"centroid":[-83.735636,32.968299],"lastSale":{"date":null,"price":null,"qualified":null},"tax":{"marketValue":null,"assessedValue":null,"taxableValue":null,"taxes":null},"mailingAddress":{"line1":null,"line2":null,"city":null,"state":null,"zip":null},"incomeTract":null,"incomeBlockGroup":null,"nearestRoad":null,"flu":null,"opportunityZone":null,"oz2Eligibility":null,"source":"ga-monroe-parcels-13207","appraiserUrl":"https://qpublic.schneidercorp.com/Application.aspx?App=MonroeCountyGA&Layer=Parcels&PageType=Report&KeyValue=112%20009","gisViewerUrl":"https://qpublic.schneidercorp.com/Application.aspx?App=MonroeCountyGA&Layer=Parcels&PageType=Map"},"geometry":{"type":"Polygon","coordinates":[[[-83.733908,32.968477],[-83.739195,32.971324],[-83.739651,32.970794],[-83.740449,32.969816],[-83.735776,32.967056],[-83.735619,32.967187],[-83.735513,32.967376],[-83.735328,32.967551],[-83.735283,32.96757],[-83.735112,32.967579],[-83.734975,32.967673],[-83.734951,32.967711],[-83.734909,32.967938],[-83.734847,32.968057],[-83.734787,32.968123],[-83.734453,32.968312],[-83.734282,32.968359],[-83.734064,32.968373],[-83.733975,32.96841],[-83.733908,32.968477]]]}},{"type":"Feature","id":"13207:112 008B","properties":{"id":"13207:112 008B","parcelId":"112 008B","countyFips":"13207","countyName":"Monroe","state":"Georgia","marketIds":["Atlanta"],"situsAddress":null,"situsCity":null,"situsZip":null,"jurisdictionCode":null,"ownerName":null,"ownerName2":null,"propertyName":null,"zoningCode":"R-1","zoningDistrict":null,"jurisdictionPrefix":null,"dorCode":null,"acreage":7.7038,"centroid":[-83.735623,32.969753],"lastSale":{"date":null,"price":null,"qualified":null},"tax":{"marketValue":null,"assessedValue":null,"taxableValue":null,"taxes":null},"mailingAddress":{"line1":null,"line2":null,"city":null,"state":null,"zip":null},"incomeTract":null,"incomeBlockGroup":null,"nearestRoad":null,"flu":null,"opportunityZone":null,"oz2Eligibility":null,"source":"ga-monroe-parcels-13207","appraiserUrl":"https://qpublic.schneidercorp.com/Application.aspx?App=MonroeCountyGA&Layer=Parcels&PageType=Report&KeyValue=112%20008B","gisViewerUrl":"https://qpublic.schneidercorp.com/Application.aspx?App=MonroeCountyGA&Layer=Parcels&PageType=Map"},"geometry":{"type":"Polygon","coordinates":[[[-83.736857,32.970876],[-83.737223,32.970373],[-83.739119,32.971402],[-83.739195,32.971324],[-83.733908,32.968477],[-83.733815,32.968631],[-83.733586,32.968771],[-83.733481,32.968886],[-83.733427,32.969038],[-83.736857,32.970876]]]}},{"type":"Feature","id":"13207:107 034","properties":{"id":"13207:107 034","parcelId":"107 034","countyFips":"13207","countyName":"Monroe","state":"Georgia","marketIds":["Atlanta"],"situsAddress":null,"situsCity":null,"situsZip":null,"jurisdictionCode":null,"ownerName":null,"ownerName2":null,"propertyName":null,"zoningCode":"R-1","zoningDistrict":null,"jurisdictionPrefix":null,"dorCode":null,"acreage":66.9537,"centroid":[-83.746568,32.969313],"lastSale":{"date":null,"price":null,"qualified":null},"tax":{"marketValue":null,"assessedValue":null,"taxableValue":null,"taxes":null},"mailingAddress":{"line1":null,"line2":null,"city":null,"state":null,"zip":null},"incomeTract":null,"incomeBlockGroup":null,"nearestRoad":null,"flu":null,"opportunityZone":null,"oz2Eligibility":null,"source":"ga-monroe-parcels-13207","appraiserUrl":"https://qpublic.schneidercorp.com/Application.aspx?App=MonroeCountyGA&Layer=Parcels&PageType=Report&KeyValue=107%20034","gisViewerUrl":"https://qpublic.schneidercorp.com/Application.aspx?App=MonroeCountyGA&Layer=Parcels&PageType=Map"},"geometry":{"type":"Polygon","coordinates":[[[-83.741833,32.968933],[-83.748382,32.972394],[-83.748753,32.972271],[-83.748905,32.972194],[-83.749538,32.971576],[-83.749601,32.967267],[-83.745301,32.967267],[-83.744711,32.966829],[-83.744472,32.967081],[-83.744185,32.96732],[-83.741833,32.968933]]]}},{"type":"Feature","id":"13207:107 034B","properties":{"id":"13207:107 034B","parcelId":"107 034B","countyFips":"13207","countyName":"Monroe","state":"Georgia","marketIds":["Atlanta"],"situsAddress":null,"situsCity":null,"situsZip":null,"jurisdictionCode":null,"ownerName":null,"ownerName2":null,"propertyName":null,"zoningCode":"R-1","zoningDistrict":null,"jurisdictionPrefix":null,"dorCode":null,"acreage":10.6738,"centroid":[-83.746548,32.966784],"lastSale":{"date":null,"price":null,"qualified":null},"tax":{"marketValue":null,"assessedValue":null,"taxableValue":null,"taxes":null},"mailingAddress":{"line1":null,"line2":null,"city":null,"state":null,"zip":null},"incomeTract":null,"incomeBlockGroup":null,"nearestRoad":null,"flu":null,"opportunityZone":null,"oz2Eligibility":null,"source":"ga-monroe-parcels-13207","appraiserUrl":"https://qpublic.schneidercorp.com/Application.aspx?App=MonroeCountyGA&Layer=Parcels&PageType=Report&KeyValue=107%20034B","gisViewerUrl":"https://qpublic.schneidercorp.com/Application.aspx?App=MonroeCountyGA&Layer=Parcels&PageType=Map"},"geometry":{"type":"Polygon","coordinates":[[[-83.744711,32.966829],[-83.745301,32.967267],[-83.749601,32.967267],[-83.749614,32.966372],[-83.745128,32.966365],[-83.744935,32.966607],[-83.744711,32.966829]]]}},{"type":"Feature","id":"13207:107 034A","properties":{"id":"13207:107 034A","parcelId":"107 034A","countyFips":"13207","countyName":"Monroe","state":"Georgia","marketIds":["Atlanta"],"situsAddress":null,"situsCity":null,"situsZip":null,"jurisdictionCode":null,"ownerName":null,"ownerName2":null,"propertyName":null,"zoningCode":"R-1","zoningDistrict":null,"jurisdictionPrefix":null,"dorCode":null,"acreage":37.0603,"centroid":[-83.743878,32.971115],"lastSale":{"date":null,"price":null,"qualified":null},"tax":{"marketValue":null,"assessedValue":null,"taxableValue":null,"taxes":null},"mailingAddress":{"line1":null,"line2":null,"city":null,"state":null,"zip":null},"incomeTract":null,"incomeBlockGroup":null,"nearestRoad":null,"flu":null,"opportunityZone":null,"oz2Eligibility":null,"source":"ga-monroe-parcels-13207","appraiserUrl":"https://qpublic.schneidercorp.com/Application.aspx?App=MonroeCountyGA&Layer=Parcels&PageType=Report&KeyValue=107%20034A","gisViewerUrl":"https://qpublic.schneidercorp.com/Application.aspx?App=MonroeCountyGA&Layer=Parcels&PageType=Map"},"geometry":{"type":"Polygon","coordinates":[[[-83.744548,32.97229],[-83.744565,32.972308],[-83.744808,32.972538],[-83.744981,32.972769],[-83.745052,32.972916],[-83.745087,32.973088],[-83.745164,32.973298],[-83.745459,32.973146],[-83.745699,32.973067],[-83.745765,32.973066],[-83.745881,32.973132],[-83.746034,32.973163],[-83.746189,32.973155],[-83.746358,32.973111],[-83.746996,32.972781],[-83.74732,32.972564],[-83.7475,32.972491],[-83.747848,32.972417],[-83.748013,32.972433],[-83.748382,32.972394],[-83.741833,32.968933],[-83.741314,32.969319],[-83.740784,32.969811],[-83.740426,32.970217],[-83.739839,32.970945],[-83.739375,32.971485],[-83.742606,32.972175],[-83.741994,32.971052],[-83.742117,32.97106],[-83.742304,32.970903],[-83.742416,32.970886],[-83.742882,32.971043],[-83.743012,32.971068],[-83.743108,32.971146],[-83.743255,32.971203],[-83.743403,32.97136],[-83.743565,32.97141],[-83.743666,32.971505],[-83.743904,32.9716],[-83.743977,32.971665],[-83.744094,32.97167],[-83.744145,32.971627],[-83.744204,32.971642],[-83.74427,32.971697],[-83.744324,32.971778],[-83.744358,32.971903],[-83.744414,32.971964],[-83.74446,32.972072],[-83.744472,32.972209],[-83.744548,32.97229]]]}},{"type":"Feature","id":"13207:111 030","properties":{"id":"13207:111 030","parcelId":"111 030","countyFips":"13207","countyName":"Monroe","state":"Georgia","marketIds":["Atlanta"],"situsAddress":null,"situsCity":null,"situsZip":null,"jurisdictionCode":null,"ownerName":null,"ownerName2":null,"propertyName":null,"zoningCode":"A-R","zoningDistrict":null,"jurisdictionPrefix":null,"dorCode":null,"acreage":15.7876,"centroid":[-83.725715,32.993923],"lastSale":{"date":null,"price":null,"qualified":null},"tax":{"marketValue":null,"assessedValue":null,"taxableValue":null,"taxes":null},"mailingAddress":{"line1":null,"line2":null,"city":null,"state":null,"zip":null},"incomeTract":null,"incomeBlockGroup":null,"nearestRoad":null,"flu":null,"opportunityZone":null,"oz2Eligibility":null,"source":"ga-monroe-parcels-13207","appraiserUrl":"https://qpublic.schneidercorp.com/Application.aspx?App=MonroeCountyGA&Layer=Parcels&PageType=Report&KeyValue=111%20030","gisViewerUrl":"https://qpublic.schneidercorp.com/Application.aspx?App=MonroeCountyGA&Layer=Parcels&PageType=Map"},"geometry":{"type":"Polygon","coordinates":[[[-83.72501,32.995012],[-83.725069,32.994968],[-83.725277,32.995039],[-83.725357,32.994862],[-83.725515,32.99487],[-83.725734,32.994936],[-83.725563,32.995009],[-83.725583,32.995085],[-83.725658,32.995121],[-83.726052,32.99506],[-83.72611,32.995084],[-83.726232,32.995064],[-83.726501,32.99499],[-83.726938,32.99491],[-83.727055,32.994577],[-83.727119,32.994167],[-83.727109,32.993837],[-83.727044,32.99351],[-83.726925,32.993195],[-83.726705,32.992825],[-83.726538,32.992621],[-83.726346,32.992432],[-83.725239,32.991519],[-83.72476,32.991805],[-83.724841,32.991941],[-83.72493,32.992211],[-83.724938,32.992365],[-83.725036,32.992749],[-83.725105,32.993195],[-83.725069,32.993624],[-83.725095,32.993759],[-83.724656,32.993723],[-83.724652,32.994384],[-83.72455,32.994932],[-83.72501,32.995012]]]}},{"type":"Feature","id":"13207:111 026","properties":{"id":"13207:111 026","parcelId":"111 026","countyFips":"13207","countyName":"Monroe","state":"Georgia","marketIds":["Atlanta"],"situsAddress":null,"situsCity":null,"situsZip":null,"jurisdictionCode":null,"ownerName":null,"ownerName2":null,"propertyName":null,"zoningCode":"A-R","zoningDistrict":null,"jurisdictionPrefix":null,"dorCode":null,"acreage":6.7757,"centroid":[-83.724555,32.99784],"lastSale":{"date":null,"price":null,"qualified":null},"tax":{"marketValue":null,"assessedValue":null,"taxableValue":null,"taxes":null},"mailingAddress":{"line1":null,"line2":null,"city":null,"state":null,"zip":null},"incomeTract":null,"incomeBlockGroup":null,"nearestRoad":null,"flu":null,"opportunityZone":null,"oz2Eligibility":null,"source":"ga-monroe-parcels-13207","appraiserUrl":"https://qpublic.schneidercorp.com/Application.aspx?App=MonroeCountyGA&Layer=Parcels&PageType=Report&KeyValue=111%20026","gisViewerUrl":"https://qpublic.schneidercorp.com/Application.aspx?App=MonroeCountyGA&Layer=Parcels&PageType=Map"},"geometry":{"type":"Polygon","coordinates":[[[-83.724099,32.997062],[-83.724093,32.99708],[-83.723761,32.99762],[-83.723882,32.997868],[-83.724227,32.998424],[-83.724896,32.999134],[-83.725029,32.999067],[-83.725517,32.997987],[-83.725803,32.997276],[-83.724245,32.996881],[-83.724099,32.997062]]]}},{"type":"Feature","id":"13207:112 015","properties":{"id":"13207:112 015","parcelId":"112 015","countyFips":"13207","countyName":"Monroe","state":"Georgia","marketIds":["Atlanta"],"situsAddress":null,"situsCity":null,"situsZip":null,"jurisdictionCode":null,"ownerName":null,"ownerName2":null,"propertyName":null,"zoningCode":"R-1","zoningDistrict":null,"jurisdictionPrefix":null,"dorCode":null,"acreage":29.2137,"centroid":[-83.728656,32.982008],"lastSale":{"date":null,"price":null,"qualified":null},"tax":{"marketValue":null,"assessedValue":null,"taxableValue":null,"taxes":null},"mailingAddress":{"line1":null,"line2":null,"city":null,"state":null,"zip":null},"incomeTract":null,"incomeBlockGroup":null,"nearestRoad":null,"flu":null,"opportunityZone":null,"oz2Eligibility":null,"source":"ga-monroe-parcels-13207","appraiserUrl":"https://qpublic.schneidercorp.com/Application.aspx?App=MonroeCountyGA&Layer=Parcels&PageType=Report&KeyValue=112%20015","gisViewerUrl":"https://qpublic.schneidercorp.com/Application.aspx?App=MonroeCountyGA&Layer=Parcels&PageType=Map"},"geometry":{"type":"Polygon","coordinates":[[[-83.724698,32.982154],[-83.724668,32.982332],[-83.724501,32.983293],[-83.727902,32.983289],[-83.727902,32.982611],[-83.72831,32.982408],[-83.728661,32.982469],[-83.729955,32.982811],[-83.730172,32.982935],[-83.731456,32.982933],[-83.730285,32.98214],[-83.730065,32.981697],[-83.731064,32.981233],[-83.730875,32.980632],[-83.729779,32.980636],[-83.729396,32.980689],[-83.729233,32.980791],[-83.726878,32.981094],[-83.724698,32.982154]]]}},{"type":"Feature","id":"13207:112 015B","properties":{"id":"13207:112 015B","parcelId":"112 015B","countyFips":"13207","countyName":"Monroe","state":"Georgia","marketIds":["Atlanta"],"situsAddress":null,"situsCity":null,"situsZip":null,"jurisdictionCode":null,"ownerName":null,"ownerName2":null,"propertyName":null,"zoningCode":"A-R","zoningDistrict":null,"jurisdictionPrefix":null,"dorCode":null,"acreage":26.8361,"centroid":[-83.723831,32.980668],"lastSale":{"date":null,"price":null,"qualified":null},"tax":{"marketValue":null,"assessedValue":null,"taxableValue":null,"taxes":null},"mailingAddress":{"line1":null,"line2":null,"city":null,"state":null,"zip":null},"incomeTract":null,"incomeBlockGroup":null,"nearestRoad":null,"flu":null,"opportunityZone":null,"oz2Eligibility":null,"source":"ga-monroe-parcels-13207","appraiserUrl":"https://qpublic.schneidercorp.com/Application.aspx?App=MonroeCountyGA&Layer=Parcels&PageType=Report&KeyValue=112%20015B","gisViewerUrl":"https://qpublic.schneidercorp.com/Application.aspx?App=MonroeCountyGA&Layer=Parcels&PageType=Map"},"geometry":{"type":"Polygon","coordinates":[[[-83.72409,32.983291],[-83.724175,32.983291],[-83.724626,32.980491],[-83.724741,32.97954],[-83.72475,32.979058],[-83.724565,32.979042],[-83.724259,32.978713],[-83.723101,32.978389],[-83.721841,32.981586],[-83.722162,32.983281],[-83.72409,32.983291]]]}},{"type":"Feature","id":"13207:112 015C","properties":{"id":"13207:112 015C","parcelId":"112 015C","countyFips":"13207","countyName":"Monroe","state":"Georgia","marketIds":["Atlanta"],"situsAddress":null,"situsCity":null,"situsZip":null,"jurisdictionCode":null,"ownerName":null,"ownerName2":null,"propertyName":null,"zoningCode":"A-R","zoningDistrict":null,"jurisdictionPrefix":null,"dorCode":null,"acreage":11.8681,"centroid":[-83.727566,32.980528],"lastSale":{"date":null,"price":null,"qualified":null},"tax":{"marketValue":null,"assessedValue":null,"taxableValue":null,"taxes":null},"mailingAddress":{"line1":null,"line2":null,"city":null,"state":null,"zip":null},"incomeTract":null,"incomeBlockGroup":null,"nearestRoad":null,"flu":null,"opportunityZone":null,"oz2Eligibility":null,"source":"ga-monroe-parcels-13207","appraiserUrl":"https://qpublic.schneidercorp.com/Application.aspx?App=MonroeCountyGA&Layer=Parcels&PageType=Report&KeyValue=112%20015C","gisViewerUrl":"https://qpublic.schneidercorp.com/Application.aspx?App=MonroeCountyGA&Layer=Parcels&PageType=Map"},"geometry":{"type":"Polygon","coordinates":[[[-83.724836,32.981281],[-83.724698,32.982154],[-83.726878,32.981094],[-83.729233,32.980791],[-83.729396,32.980689],[-83.729779,32.980636],[-83.730875,32.980632],[-83.73083,32.980487],[-83.729747,32.980495],[-83.729192,32.980583],[-83.728124,32.980552],[-83.727407,32.980384],[-83.726837,32.980419],[-83.725657,32.979788],[-83.725079,32.97922],[-83.725062,32.979594],[-83.724994,32.980179],[-83.724836,32.981281]]]}}]}