{"type":"FeatureCollection","name":"orlando-12097-8_4","features":[{"type":"Feature","id":"12097:152634000000200000","properties":{"id":"12097:152634000000200000","parcelId":"152634000000200000","countyFips":"12097","countyName":"Osceola","state":"Florida","marketIds":["Orlando"],"situsAddress":"DEER PARK RD","situsCity":"SAINT CLOUD","situsZip":"34771","jurisdictionCode":null,"ownerName":"LAND TRUST AGREEMENT # 2","ownerName2":"HUY JOHN K TR","propertyName":null,"zoningCode":"AC","zoningDistrict":"Agricultural","jurisdictionPrefix":null,"dorCode":"0211","acreage":20.104,"acreageSource":"osceola-total-acres","centroid":[-80.901818,28.218511],"lastSale":{"date":"2011-02-25","price":100.0,"qualified":"U"},"tax":{"marketValue":56800.0,"assessedValue":56800.0,"taxableValue":56800.0,"taxes":56800.0},"mailingAddress":{"line1":"2726 SCHOOL DR NE","line2":null,"city":"PALM BAY","state":"FL","zip":"32905"},"incomeTract":null,"incomeBlockGroup":null,"nearestRoad":null,"flu":{"code":"rural/agricultural","label":"RURAL/AGRICULTURAL","jurisdiction":"Unincorporated","source":"osceola-flu-12"},"opportunityZone":null,"oz2Eligibility":{"eligible":false,"rural":null,"tractGeoid":null,"tractName":null,"designation":"not-eligible","source":"rev-proc-2026-14"},"appraiserUrl":"https://maps.property-appraiser.org/?Pin=152634000000200000","source":"osceola-parcels-12097","dataGaps":["Acreage band is county TotalAcres from 5.0 through 150.0 on Parcels FeatureServer/3. This replaces the DOH extract.","Owner, mailing, sale, just value, assessed value, DOR code, and estimated tax come from that parcel layer.","Taxable value is the prior-roll PrevTaxabl field, not a current taxable. EstimatedT is an estimate, not a certified bill.","Q_U is stored on lastSale.qualified and is not used to drop sales.","Zoning is a centroid join to Zoning MapServer/13. Misses fall back to the parcel Zone1 code when that field is set.","FLU is a centroid join to Future Land Use FeatureServer/12. A parcel on a boundary gets one code. St. Cloud zoning and FLU override that join when the city PIN matches. Those city layers are not an Osceola county extract. Winter Springs EnerGov is Seminole and is not used.","Osceola and Lake zoning/FLU codes are not in the Orange zoning or FLU knowledge base, so multifamily filters treat them as unknown.","The appraiser link is the public map Pin URL. The CAMA search site is Cloudflare-gated from some networks. gis.osceola.org has an incomplete certificate chain; JSON queries still work.","OZ 2.0 here is the seven-market rural-eligible tract pack only. Income and AADT are joined at query time, not stored on the tile."]},"geometry":{"type":"Polygon","coordinates":[[[-80.899749,28.217605],[-80.899762,28.219417],[-80.903888,28.219417],[-80.903875,28.217604],[-80.899749,28.217605]]]}},{"type":"Feature","id":"12097:152834000000200000","properties":{"id":"12097:152834000000200000","parcelId":"152834000000200000","countyFips":"12097","countyName":"Osceola","state":"Florida","marketIds":["Orlando"],"situsAddress":"KEMPFER RD","situsCity":"KENANSVILLE","situsZip":"34739","jurisdictionCode":null,"ownerName":"DEER PARK RANCH LTD","ownerName2":null,"propertyName":null,"zoningCode":"AC","zoningDistrict":"Agricultural","jurisdictionPrefix":null,"dorCode":"6001","acreage":35.51,"acreageSource":"osceola-total-acres","centroid":[-80.896466,28.051729],"lastSale":{"date":"2001-05-08","price":100.0,"qualified":"U"},"tax":{"marketValue":142000.0,"assessedValue":7800.0,"taxableValue":7800.0,"taxes":7800.0},"mailingAddress":{"line1":"6254 KEMPFER RD","line2":null,"city":"SAINT CLOUD","state":"FL","zip":"34773"},"incomeTract":null,"incomeBlockGroup":null,"nearestRoad":null,"flu":{"code":"rural/agricultural","label":"RURAL/AGRICULTURAL","jurisdiction":"Unincorporated","source":"osceola-flu-12"},"opportunityZone":null,"oz2Eligibility":{"eligible":true,"rural":true,"tractGeoid":"12097043802","tractName":"Census Tract 438.02","designation":"eligible-for-nomination","source":"rev-proc-2026-14"},"appraiserUrl":"https://maps.property-appraiser.org/?Pin=152834000000200000","source":"osceola-parcels-12097","dataGaps":["Acreage band is county TotalAcres from 5.0 through 150.0 on Parcels FeatureServer/3. This replaces the DOH extract.","Owner, mailing, sale, just value, assessed value, DOR code, and estimated tax come from that parcel layer.","Taxable value is the prior-roll PrevTaxabl field, not a current taxable. EstimatedT is an estimate, not a certified bill.","Q_U is stored on lastSale.qualified and is not used to drop sales.","Zoning is a centroid join to Zoning MapServer/13. Misses fall back to the parcel Zone1 code when that field is set.","FLU is a centroid join to Future Land Use FeatureServer/12. A parcel on a boundary gets one code. St. Cloud zoning and FLU override that join when the city PIN matches. Those city layers are not an Osceola county extract. Winter Springs EnerGov is Seminole and is not used.","Osceola and Lake zoning/FLU codes are not in the Orange zoning or FLU knowledge base, so multifamily filters treat them as unknown.","The appraiser link is the public map Pin URL. The CAMA search site is Cloudflare-gated from some networks. gis.osceola.org has an incomplete certificate chain; JSON queries still work.","OZ 2.0 here is the seven-market rural-eligible tract pack only. Income and AADT are joined at query time, not stored on the tile."]},"geometry":{"type":"Polygon","coordinates":[[[-80.895705,28.055705],[-80.897918,28.055699],[-80.895775,28.043782],[-80.895705,28.055705]]]}},{"type":"Feature","id":"12097:192734000000300000","properties":{"id":"12097:192734000000300000","parcelId":"192734000000300000","countyFips":"12097","countyName":"Osceola","state":"Florida","marketIds":["Orlando"],"situsAddress":"E IRLO BRONSON MEMORIAL HWY","situsCity":"SAINT CLOUD","situsZip":"34771","jurisdictionCode":null,"ownerName":"ST JOHNS RIVER WATER MGMT DIST","ownerName2":null,"propertyName":null,"zoningCode":"AC","zoningDistrict":"Agricultural","jurisdictionPrefix":null,"dorCode":"8001","acreage":13.403,"acreageSource":"osceola-total-acres","centroid":[-80.960728,28.121393],"lastSale":{"date":null,"price":null,"qualified":"U"},"tax":{"marketValue":134000.0,"assessedValue":134000.0,"taxableValue":0.0,"taxes":0.0},"mailingAddress":{"line1":"ATTN MARY LOU PICKLES, DIR BUDGET&MGMT RPTG","line2":"4049 REID ST, PO BOX 1429","city":"PALATKA","state":"FL","zip":"32178-1429"},"incomeTract":null,"incomeBlockGroup":null,"nearestRoad":null,"flu":{"code":"conservation","label":"CONSERVATION","jurisdiction":"Unincorporated","source":"osceola-flu-12"},"opportunityZone":null,"oz2Eligibility":{"eligible":true,"rural":true,"tractGeoid":"12097043802","tractName":"Census Tract 438.02","designation":"eligible-for-nomination","source":"rev-proc-2026-14"},"appraiserUrl":"https://maps.property-appraiser.org/?Pin=192734000000300000","source":"osceola-parcels-12097","dataGaps":["Acreage band is county TotalAcres from 5.0 through 150.0 on Parcels FeatureServer/3. This replaces the DOH extract.","Owner, mailing, sale, just value, assessed value, DOR code, and estimated tax come from that parcel layer.","Taxable value is the prior-roll PrevTaxabl field, not a current taxable. EstimatedT is an estimate, not a certified bill.","Q_U is stored on lastSale.qualified and is not used to drop sales.","Zoning is a centroid join to Zoning MapServer/13. Misses fall back to the parcel Zone1 code when that field is set.","FLU is a centroid join to Future Land Use FeatureServer/12. A parcel on a boundary gets one code. St. Cloud zoning and FLU override that join when the city PIN matches. Those city layers are not an Osceola county extract. Winter Springs EnerGov is Seminole and is not used.","Osceola and Lake zoning/FLU codes are not in the Orange zoning or FLU knowledge base, so multifamily filters treat them as unknown.","The appraiser link is the public map Pin URL. The CAMA search site is Cloudflare-gated from some networks. gis.osceola.org has an incomplete certificate chain; JSON queries still work.","OZ 2.0 here is the seven-market rural-eligible tract pack only. Income and AADT are joined at query time, not stored on the tile."]},"geometry":{"type":"Polygon","coordinates":[[[-80.959817,28.122572],[-80.961644,28.122952],[-80.961631,28.120212],[-80.959818,28.119835],[-80.959817,28.122572]]]}},{"type":"Feature","id":"12097:012634000000300000","properties":{"id":"12097:012634000000300000","parcelId":"012634000000300000","countyFips":"12097","countyName":"Osceola","state":"Florida","marketIds":["Orlando"],"situsAddress":"DEER PARK RD","situsCity":"SAINT CLOUD","situsZip":"34771","jurisdictionCode":null,"ownerName":"ST JOHNS RIVER WATER MGMT DIST","ownerName2":null,"propertyName":null,"zoningCode":"AC","zoningDistrict":"Agricultural","jurisdictionPrefix":null,"dorCode":"8001","acreage":48.38,"acreageSource":"osceola-total-acres","centroid":[-80.864936,28.248414],"lastSale":{"date":null,"price":null,"qualified":"U"},"tax":{"marketValue":362800.0,"assessedValue":362800.0,"taxableValue":0.0,"taxes":0.0},"mailingAddress":{"line1":"ATTN MARY LOU PICKLES, DIR BUDGET&MGMT RPTG","line2":"4049 REID ST, PO BOX 1429","city":"PALATKA","state":"FL","zip":"32178-1429"},"incomeTract":null,"incomeBlockGroup":null,"nearestRoad":null,"flu":{"code":"rural/agricultural","label":"RURAL/AGRICULTURAL","jurisdiction":"Unincorporated","source":"osceola-flu-12"},"opportunityZone":null,"oz2Eligibility":{"eligible":false,"rural":null,"tractGeoid":null,"tractName":null,"designation":"not-eligible","source":"rev-proc-2026-14"},"appraiserUrl":"https://maps.property-appraiser.org/?Pin=012634000000300000","source":"osceola-parcels-12097","dataGaps":["Acreage band is county TotalAcres from 5.0 through 150.0 on Parcels FeatureServer/3. This replaces the DOH extract.","Owner, mailing, sale, just value, assessed value, DOR code, and estimated tax come from that parcel layer.","Taxable value is the prior-roll PrevTaxabl field, not a current taxable. EstimatedT is an estimate, not a certified bill.","Q_U is stored on lastSale.qualified and is not used to drop sales.","Zoning is a centroid join to Zoning MapServer/13. Misses fall back to the parcel Zone1 code when that field is set.","FLU is a centroid join to Future Land Use FeatureServer/12. A parcel on a boundary gets one code. St. Cloud zoning and FLU override that join when the city PIN matches. Those city layers are not an Osceola county extract. Winter Springs EnerGov is Seminole and is not used.","Osceola and Lake zoning/FLU codes are not in the Orange zoning or FLU knowledge base, so multifamily filters treat them as unknown.","The appraiser link is the public map Pin URL. The CAMA search site is Cloudflare-gated from some networks. gis.osceola.org has an incomplete certificate chain; JSON queries still work.","OZ 2.0 here is the seven-market rural-eligible tract pack only. Income and AADT are joined at query time, not stored on the tile."]},"geometry":{"type":"MultiPolygon","coordinates":[[[[-80.862624,28.250227],[-80.866122,28.25023],[-80.868396,28.246603],[-80.8626,28.246596],[-80.862624,28.250227]]],[[[-80.862647,28.253857],[-80.862659,28.255751],[-80.863847,28.253858],[-80.862647,28.253857]]]]}},{"type":"Feature","id":"12097:202734000000230000","properties":{"id":"12097:202734000000230000","parcelId":"202734000000230000","countyFips":"12097","countyName":"Osceola","state":"Florida","marketIds":["Orlando"],"situsAddress":"12492 E IRLO BRONSON MEMORIAL HWY","situsCity":"SAINT CLOUD","situsZip":"34771","jurisdictionCode":null,"ownerName":"YEARY STEVENSON LYNDA","ownerName2":null,"propertyName":null,"zoningCode":"AC","zoningDistrict":"Agricultural","jurisdictionPrefix":null,"dorCode":"0211","acreage":5.0,"acreageSource":"osceola-total-acres","centroid":[-80.928601,28.11425],"lastSale":{"date":"2017-10-21","price":100.0,"qualified":"U"},"tax":{"marketValue":97100.0,"assessedValue":85016.0,"taxableValue":11009.0,"taxes":33605.0},"mailingAddress":{"line1":"12492 E IRLO BRONSON MEMORIAL HWY","line2":null,"city":"SAINT CLOUD","state":"FL","zip":"34771"},"incomeTract":null,"incomeBlockGroup":null,"nearestRoad":null,"flu":{"code":"rural/agricultural","label":"RURAL/AGRICULTURAL","jurisdiction":"Unincorporated","source":"osceola-flu-12"},"opportunityZone":null,"oz2Eligibility":{"eligible":true,"rural":true,"tractGeoid":"12097043802","tractName":"Census Tract 438.02","designation":"eligible-for-nomination","source":"rev-proc-2026-14"},"appraiserUrl":"https://maps.property-appraiser.org/?Pin=202734000000230000","source":"osceola-parcels-12097","dataGaps":["Acreage band is county TotalAcres from 5.0 through 150.0 on Parcels FeatureServer/3. This replaces the DOH extract.","Owner, mailing, sale, just value, assessed value, DOR code, and estimated tax come from that parcel layer.","Taxable value is the prior-roll PrevTaxabl field, not a current taxable. EstimatedT is an estimate, not a certified bill.","Q_U is stored on lastSale.qualified and is not used to drop sales.","Zoning is a centroid join to Zoning MapServer/13. Misses fall back to the parcel Zone1 code when that field is set.","FLU is a centroid join to Future Land Use FeatureServer/12. A parcel on a boundary gets one code. St. Cloud zoning and FLU override that join when the city PIN matches. Those city layers are not an Osceola county extract. Winter Springs EnerGov is Seminole and is not used.","Osceola and Lake zoning/FLU codes are not in the Orange zoning or FLU knowledge base, so multifamily filters treat them as unknown.","The appraiser link is the public map Pin URL. The CAMA search site is Cloudflare-gated from some networks. gis.osceola.org has an incomplete certificate chain; JSON queries still work.","OZ 2.0 here is the seven-market rural-eligible tract pack only. Income and AADT are joined at query time, not stored on the tile."]},"geometry":{"type":"Polygon","coordinates":[[[-80.927691,28.115684],[-80.928517,28.114547],[-80.928723,28.114339],[-80.928855,28.11427],[-80.929019,28.114213],[-80.929089,28.113731],[-80.929286,28.113643],[-80.929152,28.11327],[-80.92837,28.113268],[-80.927311,28.115539],[-80.927691,28.115684]]]}},{"type":"Feature","id":"12097:102834000000200000","properties":{"id":"12097:102834000000200000","parcelId":"102834000000200000","countyFips":"12097","countyName":"Osceola","state":"Florida","marketIds":["Orlando"],"situsAddress":null,"situsCity":"SAINT CLOUD","situsZip":"34771","jurisdictionCode":null,"ownerName":"DEER PARK RANCH LTD","ownerName2":null,"propertyName":null,"zoningCode":"AC","zoningDistrict":"Agricultural","jurisdictionPrefix":null,"dorCode":"6001","acreage":77.66,"acreageSource":"osceola-total-acres","centroid":[-80.898132,28.059705],"lastSale":{"date":"2001-05-08","price":100.0,"qualified":"U"},"tax":{"marketValue":310600.0,"assessedValue":6800.0,"taxableValue":6800.0,"taxes":6800.0},"mailingAddress":{"line1":"6254 KEMPFER RD","line2":null,"city":"SAINT CLOUD","state":"FL","zip":"34773"},"incomeTract":null,"incomeBlockGroup":null,"nearestRoad":null,"flu":{"code":"rural/agricultural","label":"RURAL/AGRICULTURAL","jurisdiction":"Unincorporated","source":"osceola-flu-12"},"opportunityZone":null,"oz2Eligibility":{"eligible":true,"rural":true,"tractGeoid":"12097043802","tractName":"Census Tract 438.02","designation":"eligible-for-nomination","source":"rev-proc-2026-14"},"appraiserUrl":"https://maps.property-appraiser.org/?Pin=102834000000200000","source":"osceola-parcels-12097","dataGaps":["Acreage band is county TotalAcres from 5.0 through 150.0 on Parcels FeatureServer/3. This replaces the DOH extract.","Owner, mailing, sale, just value, assessed value, DOR code, and estimated tax come from that parcel layer.","Taxable value is the prior-roll PrevTaxabl field, not a current taxable. EstimatedT is an estimate, not a certified bill.","Q_U is stored on lastSale.qualified and is not used to drop sales.","Zoning is a centroid join to Zoning MapServer/13. Misses fall back to the parcel Zone1 code when that field is set.","FLU is a centroid join to Future Land Use FeatureServer/12. A parcel on a boundary gets one code. St. Cloud zoning and FLU override that join when the city PIN matches. Those city layers are not an Osceola county extract. Winter Springs EnerGov is Seminole and is not used.","Osceola and Lake zoning/FLU codes are not in the Orange zoning or FLU knowledge base, so multifamily filters treat them as unknown.","The appraiser link is the public map Pin URL. The CAMA search site is Cloudflare-gated from some networks. gis.osceola.org has an incomplete certificate chain; JSON queries still work.","OZ 2.0 here is the seven-market rural-eligible tract pack only. Income and AADT are joined at query time, not stored on the tile."]},"geometry":{"type":"Polygon","coordinates":[[[-80.897918,28.055699],[-80.895705,28.055705],[-80.89566,28.06356],[-80.902673,28.063491],[-80.898705,28.060071],[-80.897918,28.055699]]]}},{"type":"Feature","id":"12097:222733000000400000","properties":{"id":"12097:222733000000400000","parcelId":"222733000000400000","countyFips":"12097","countyName":"Osceola","state":"Florida","marketIds":["Orlando"],"situsAddress":null,"situsCity":"SAINT CLOUD","situsZip":"34771","jurisdictionCode":null,"ownerName":"ST JOHNS RIVER WATER MGMT DIST","ownerName2":null,"propertyName":null,"zoningCode":"AC","zoningDistrict":"Agricultural","jurisdictionPrefix":null,"dorCode":"8001","acreage":40.144,"acreageSource":"osceola-total-acres","centroid":[-80.998028,28.117484],"lastSale":{"date":null,"price":null,"qualified":"U"},"tax":{"marketValue":100400.0,"assessedValue":100400.0,"taxableValue":0.0,"taxes":0.0},"mailingAddress":{"line1":"ATTN MARY LOU PICKLES, DIR BUDGET&MGMT RPTG","line2":"4049 REID ST, PO BOX 1429","city":"PALATKA","state":"FL","zip":"32178-1429"},"incomeTract":null,"incomeBlockGroup":null,"nearestRoad":null,"flu":{"code":"conservation","label":"CONSERVATION","jurisdiction":"Unincorporated","source":"osceola-flu-12"},"opportunityZone":null,"oz2Eligibility":{"eligible":true,"rural":true,"tractGeoid":"12097043802","tractName":"Census Tract 438.02","designation":"eligible-for-nomination","source":"rev-proc-2026-14"},"appraiserUrl":"https://maps.property-appraiser.org/?Pin=222733000000400000","source":"osceola-parcels-12097","dataGaps":["Acreage band is county TotalAcres from 5.0 through 150.0 on Parcels FeatureServer/3. This replaces the DOH extract.","Owner, mailing, sale, just value, assessed value, DOR code, and estimated tax come from that parcel layer.","Taxable value is the prior-roll PrevTaxabl field, not a current taxable. EstimatedT is an estimate, not a certified bill.","Q_U is stored on lastSale.qualified and is not used to drop sales.","Zoning is a centroid join to Zoning MapServer/13. Misses fall back to the parcel Zone1 code when that field is set.","FLU is a centroid join to Future Land Use FeatureServer/12. A parcel on a boundary gets one code. St. Cloud zoning and FLU override that join when the city PIN matches. Those city layers are not an Osceola county extract. Winter Springs EnerGov is Seminole and is not used.","Osceola and Lake zoning/FLU codes are not in the Orange zoning or FLU knowledge base, so multifamily filters treat them as unknown.","The appraiser link is the public map Pin URL. The CAMA search site is Cloudflare-gated from some networks. gis.osceola.org has an incomplete certificate chain; JSON queries still work.","OZ 2.0 here is the seven-market rural-eligible tract pack only. Income and AADT are joined at query time, not stored on the tile."]},"geometry":{"type":"Polygon","coordinates":[[[-80.996,28.115656],[-80.995976,28.119313],[-81.000064,28.119313],[-81.000072,28.115656],[-80.996,28.115656]]]}},{"type":"Feature","id":"12097:232834000000200000","properties":{"id":"12097:232834000000200000","parcelId":"232834000000200000","countyFips":"12097","countyName":"Osceola","state":"Florida","marketIds":["Orlando"],"situsAddress":null,"situsCity":"KENANSVILLE","situsZip":"34739","jurisdictionCode":null,"ownerName":"ST JOHNS RIVER WATER MGMT DIST","ownerName2":null,"propertyName":null,"zoningCode":"AC","zoningDistrict":"Agricultural","jurisdictionPrefix":null,"dorCode":"8001","acreage":71.56,"acreageSource":"osceola-total-acres","centroid":[-80.894917,28.033923],"lastSale":{"date":null,"price":null,"qualified":"U"},"tax":{"marketValue":536700.0,"assessedValue":536700.0,"taxableValue":0.0,"taxes":0.0},"mailingAddress":{"line1":"ATTN MARY LOU PICKLES, DIR BUDGET&MGMT RPTG","line2":"4049 REID ST, PO BOX 1429","city":"PALATKA","state":"FL","zip":"32178-1429"},"incomeTract":null,"incomeBlockGroup":null,"nearestRoad":null,"flu":{"code":"conservation","label":"CONSERVATION","jurisdiction":"Unincorporated","source":"osceola-flu-12"},"opportunityZone":null,"oz2Eligibility":{"eligible":true,"rural":true,"tractGeoid":"12097043802","tractName":"Census Tract 438.02","designation":"eligible-for-nomination","source":"rev-proc-2026-14"},"appraiserUrl":"https://maps.property-appraiser.org/?Pin=232834000000200000","source":"osceola-parcels-12097","dataGaps":["Acreage band is county TotalAcres from 5.0 through 150.0 on Parcels FeatureServer/3. This replaces the DOH extract.","Owner, mailing, sale, just value, assessed value, DOR code, and estimated tax come from that parcel layer.","Taxable value is the prior-roll PrevTaxabl field, not a current taxable. EstimatedT is an estimate, not a certified bill.","Q_U is stored on lastSale.qualified and is not used to drop sales.","Zoning is a centroid join to Zoning MapServer/13. Misses fall back to the parcel Zone1 code when that field is set.","FLU is a centroid join to Future Land Use FeatureServer/12. A parcel on a boundary gets one code. St. Cloud zoning and FLU override that join when the city PIN matches. Those city layers are not an Osceola county extract. Winter Springs EnerGov is Seminole and is not used.","Osceola and Lake zoning/FLU codes are not in the Orange zoning or FLU knowledge base, so multifamily filters treat them as unknown.","The appraiser link is the public map Pin URL. The CAMA search site is Cloudflare-gated from some networks. gis.osceola.org has an incomplete certificate chain; JSON queries still work.","OZ 2.0 here is the seven-market rural-eligible tract pack only. Income and AADT are joined at query time, not stored on the tile."]},"geometry":{"type":"Polygon","coordinates":[[[-80.895875,28.026659],[-80.892697,28.026667],[-80.895307,28.041183],[-80.89579,28.041182],[-80.895875,28.026659]]]}},{"type":"Feature","id":"12097:212734000000200000","properties":{"id":"12097:212734000000200000","parcelId":"212734000000200000","countyFips":"12097","countyName":"Osceola","state":"Florida","marketIds":["Orlando"],"situsAddress":"12500 E IRLO BRONSON MEMORIAL HWY","situsCity":"SAINT CLOUD","situsZip":"34771","jurisdictionCode":null,"ownerName":"PALIO RANCH LLC","ownerName2":null,"propertyName":null,"zoningCode":"PD","zoningDistrict":"Plan Development","jurisdictionPrefix":null,"dorCode":"0001","acreage":12.48,"acreageSource":"osceola-total-acres","centroid":[-80.92663,28.114461],"lastSale":{"date":"2004-03-24","price":402900.0,"qualified":"U"},"tax":{"marketValue":137300.0,"assessedValue":137300.0,"taxableValue":1000.0,"taxes":137300.0},"mailingAddress":{"line1":"432 S BABCOCK ST","line2":null,"city":"MELBOURNE","state":"FL","zip":"32901"},"incomeTract":null,"incomeBlockGroup":null,"nearestRoad":null,"flu":{"code":"rural/agricultural","label":"RURAL/AGRICULTURAL","jurisdiction":"Unincorporated","source":"osceola-flu-12"},"opportunityZone":null,"oz2Eligibility":{"eligible":true,"rural":true,"tractGeoid":"12097043802","tractName":"Census Tract 438.02","designation":"eligible-for-nomination","source":"rev-proc-2026-14"},"appraiserUrl":"https://maps.property-appraiser.org/?Pin=212734000000200000","source":"osceola-parcels-12097","dataGaps":["Acreage band is county TotalAcres from 5.0 through 150.0 on Parcels FeatureServer/3. This replaces the DOH extract.","Owner, mailing, sale, just value, assessed value, DOR code, and estimated tax come from that parcel layer.","Taxable value is the prior-roll PrevTaxabl field, not a current taxable. EstimatedT is an estimate, not a certified bill.","Q_U is stored on lastSale.qualified and is not used to drop sales.","Zoning is a centroid join to Zoning MapServer/13. Misses fall back to the parcel Zone1 code when that field is set.","FLU is a centroid join to Future Land Use FeatureServer/12. A parcel on a boundary gets one code. St. Cloud zoning and FLU override that join when the city PIN matches. Those city layers are not an Osceola county extract. Winter Springs EnerGov is Seminole and is not used.","Osceola and Lake zoning/FLU codes are not in the Orange zoning or FLU knowledge base, so multifamily filters treat them as unknown.","The appraiser link is the public map Pin URL. The CAMA search site is Cloudflare-gated from some networks. gis.osceola.org has an incomplete certificate chain; JSON queries still work.","OZ 2.0 here is the seven-market rural-eligible tract pack only. Income and AADT are joined at query time, not stored on the tile."]},"geometry":{"type":"Polygon","coordinates":[[[-80.928194,28.113646],[-80.928118,28.113646],[-80.923419,28.113666],[-80.926061,28.114994],[-80.926679,28.115277],[-80.927311,28.115539],[-80.928194,28.113646]]]}},{"type":"Feature","id":"12097:222634000000200000","properties":{"id":"12097:222634000000200000","parcelId":"222634000000200000","countyFips":"12097","countyName":"Osceola","state":"Florida","marketIds":["Orlando"],"situsAddress":"2803 DEER PARK RD","situsCity":"SAINT CLOUD","situsZip":"34773","jurisdictionCode":null,"ownerName":"LAND TRUST AGREEMENT #1","ownerName2":"HUY JOHN K TR","propertyName":null,"zoningCode":"AC","zoningDistrict":"Agricultural","jurisdictionPrefix":null,"dorCode":"0111","acreage":109.278,"acreageSource":"osceola-total-acres","centroid":[-80.908285,28.216131],"lastSale":{"date":"2010-11-12","price":100.0,"qualified":"U"},"tax":{"marketValue":574200.0,"assessedValue":574200.0,"taxableValue":577800.0,"taxes":574200.0},"mailingAddress":{"line1":"2726 SCHOOL DR NE","line2":null,"city":"PALM BAY","state":"FL","zip":"32905"},"incomeTract":null,"incomeBlockGroup":null,"nearestRoad":null,"flu":{"code":"rural/agricultural","label":"RURAL/AGRICULTURAL","jurisdiction":"Unincorporated","source":"osceola-flu-12"},"opportunityZone":null,"oz2Eligibility":{"eligible":false,"rural":null,"tractGeoid":null,"tractName":null,"designation":"not-eligible","source":"rev-proc-2026-14"},"appraiserUrl":"https://maps.property-appraiser.org/?Pin=222634000000200000","source":"osceola-parcels-12097","dataGaps":["Acreage band is county TotalAcres from 5.0 through 150.0 on Parcels FeatureServer/3. This replaces the DOH extract.","Owner, mailing, sale, just value, assessed value, DOR code, and estimated tax come from that parcel layer.","Taxable value is the prior-roll PrevTaxabl field, not a current taxable. EstimatedT is an estimate, not a certified bill.","Q_U is stored on lastSale.qualified and is not used to drop sales.","Zoning is a centroid join to Zoning MapServer/13. Misses fall back to the parcel Zone1 code when that field is set.","FLU is a centroid join to Future Land Use FeatureServer/12. A parcel on a boundary gets one code. St. Cloud zoning and FLU override that join when the city PIN matches. Those city layers are not an Osceola county extract. Winter Springs EnerGov is Seminole and is not used.","Osceola and Lake zoning/FLU codes are not in the Orange zoning or FLU knowledge base, so multifamily filters treat them as unknown.","The appraiser link is the public map Pin URL. The CAMA search site is Cloudflare-gated from some networks. gis.osceola.org has an incomplete certificate chain; JSON queries still work.","OZ 2.0 here is the seven-market rural-eligible tract pack only. Income and AADT are joined at query time, not stored on the tile."]},"geometry":{"type":"MultiPolygon","coordinates":[[[[-80.912117,28.21569],[-80.911324,28.213979],[-80.899728,28.213979],[-80.899749,28.217605],[-80.911479,28.217604],[-80.911476,28.217029],[-80.912125,28.217029],[-80.912117,28.21569]],[[-80.903801,28.217535],[-80.901752,28.217535],[-80.901751,28.215921],[-80.903801,28.215921],[-80.903801,28.217535]],[[-80.907038,28.217208],[-80.907038,28.216922],[-80.907362,28.216922],[-80.907362,28.217208],[-80.907038,28.217208]]],[[[-80.91166,28.213979],[-80.912112,28.214955],[-80.912106,28.213979],[-80.91166,28.213979]]]]}},{"type":"Feature","id":"12097:222634000000300000","properties":{"id":"12097:222634000000300000","parcelId":"222634000000300000","countyFips":"12097","countyName":"Osceola","state":"Florida","marketIds":["Orlando"],"situsAddress":"2791 DEER PARK RD","situsCity":"SAINT CLOUD","situsZip":"34773","jurisdictionCode":null,"ownerName":"LAND TRUST AGREEMENT # 2","ownerName2":"HUY JOHN K TR","propertyName":null,"zoningCode":"AC","zoningDistrict":"Agricultural","jurisdictionPrefix":null,"dorCode":"0111","acreage":8.888,"acreageSource":"osceola-total-acres","centroid":[-80.902776,28.216728],"lastSale":{"date":"2011-02-25","price":100.0,"qualified":"U"},"tax":{"marketValue":136600.0,"assessedValue":136600.0,"taxableValue":138100.0,"taxes":136600.0},"mailingAddress":{"line1":"2726 SCHOOL DR NE","line2":null,"city":"PALM BAY","state":"FL","zip":"32905"},"incomeTract":null,"incomeBlockGroup":null,"nearestRoad":null,"flu":{"code":"rural/agricultural","label":"RURAL/AGRICULTURAL","jurisdiction":"Unincorporated","source":"osceola-flu-12"},"opportunityZone":null,"oz2Eligibility":{"eligible":false,"rural":null,"tractGeoid":null,"tractName":null,"designation":"not-eligible","source":"rev-proc-2026-14"},"appraiserUrl":"https://maps.property-appraiser.org/?Pin=222634000000300000","source":"osceola-parcels-12097","dataGaps":["Acreage band is county TotalAcres from 5.0 through 150.0 on Parcels FeatureServer/3. This replaces the DOH extract.","Owner, mailing, sale, just value, assessed value, DOR code, and estimated tax come from that parcel layer.","Taxable value is the prior-roll PrevTaxabl field, not a current taxable. EstimatedT is an estimate, not a certified bill.","Q_U is stored on lastSale.qualified and is not used to drop sales.","Zoning is a centroid join to Zoning MapServer/13. Misses fall back to the parcel Zone1 code when that field is set.","FLU is a centroid join to Future Land Use FeatureServer/12. A parcel on a boundary gets one code. St. Cloud zoning and FLU override that join when the city PIN matches. Those city layers are not an Osceola county extract. Winter Springs EnerGov is Seminole and is not used.","Osceola and Lake zoning/FLU codes are not in the Orange zoning or FLU knowledge base, so multifamily filters treat them as unknown.","The appraiser link is the public map Pin URL. The CAMA search site is Cloudflare-gated from some networks. gis.osceola.org has an incomplete certificate chain; JSON queries still work.","OZ 2.0 here is the seven-market rural-eligible tract pack only. Income and AADT are joined at query time, not stored on the tile."]},"geometry":{"type":"Polygon","coordinates":[[[-80.901751,28.215921],[-80.901752,28.217535],[-80.903801,28.217535],[-80.903801,28.215921],[-80.901751,28.215921]]]}},{"type":"Feature","id":"12097:242634000000300000","properties":{"id":"12097:242634000000300000","parcelId":"242634000000300000","countyFips":"12097","countyName":"Osceola","state":"Florida","marketIds":["Orlando"],"situsAddress":null,"situsCity":"SAINT CLOUD","situsZip":"34771","jurisdictionCode":null,"ownerName":"ST JOHNS RIVER WATER MGMT DIST","ownerName2":null,"propertyName":null,"zoningCode":"AC","zoningDistrict":"Agricultural","jurisdictionPrefix":null,"dorCode":"8001","acreage":14.826,"acreageSource":"osceola-total-acres","centroid":[-80.863083,28.21742],"lastSale":{"date":null,"price":null,"qualified":"U"},"tax":{"marketValue":148300.0,"assessedValue":148300.0,"taxableValue":0.0,"taxes":0.0},"mailingAddress":{"line1":"ATTN MARY LOU PICKLES, DIR BUDGET&MGMT RPTG","line2":"4049 REID ST, PO BOX 1429","city":"PALATKA","state":"FL","zip":"32178-1429"},"incomeTract":null,"incomeBlockGroup":null,"nearestRoad":null,"flu":{"code":"rural/agricultural","label":"RURAL/AGRICULTURAL","jurisdiction":"Unincorporated","source":"osceola-flu-12"},"opportunityZone":null,"oz2Eligibility":{"eligible":false,"rural":null,"tractGeoid":null,"tractName":null,"designation":"not-eligible","source":"rev-proc-2026-14"},"appraiserUrl":"https://maps.property-appraiser.org/?Pin=242634000000300000","source":"osceola-parcels-12097","dataGaps":["Acreage band is county TotalAcres from 5.0 through 150.0 on Parcels FeatureServer/3. This replaces the DOH extract.","Owner, mailing, sale, just value, assessed value, DOR code, and estimated tax come from that parcel layer.","Taxable value is the prior-roll PrevTaxabl field, not a current taxable. EstimatedT is an estimate, not a certified bill.","Q_U is stored on lastSale.qualified and is not used to drop sales.","Zoning is a centroid join to Zoning MapServer/13. Misses fall back to the parcel Zone1 code when that field is set.","FLU is a centroid join to Future Land Use FeatureServer/12. A parcel on a boundary gets one code. St. Cloud zoning and FLU override that join when the city PIN matches. Those city layers are not an Osceola county extract. Winter Springs EnerGov is Seminole and is not used.","Osceola and Lake zoning/FLU codes are not in the Orange zoning or FLU knowledge base, so multifamily filters treat them as unknown.","The appraiser link is the public map Pin URL. The CAMA search site is Cloudflare-gated from some networks. gis.osceola.org has an incomplete certificate chain; JSON queries still work.","OZ 2.0 here is the seven-market rural-eligible tract pack only. Income and AADT are joined at query time, not stored on the tile."]},"geometry":{"type":"Polygon","coordinates":[[[-80.862413,28.217551],[-80.869915,28.21758],[-80.869205,28.217373],[-80.868206,28.217168],[-80.866801,28.21707],[-80.865484,28.21703],[-80.865045,28.216981],[-80.864386,28.216805],[-80.863794,28.216367],[-80.862397,28.215043],[-80.862413,28.217551]]]}},{"type":"Feature","id":"12097:242833000012110010","properties":{"id":"12097:242833000012110010","parcelId":"242833000012110010","countyFips":"12097","countyName":"Osceola","state":"Florida","marketIds":["Orlando"],"situsAddress":null,"situsCity":"KENANSVILLE","situsZip":"34739","jurisdictionCode":null,"ownerName":"DAVIS MACK III","ownerName2":null,"propertyName":null,"zoningCode":"AC","zoningDistrict":"Agricultural","jurisdictionPrefix":null,"dorCode":"0001","acreage":5.011,"acreageSource":"osceola-total-acres","centroid":[-80.972975,28.040124],"lastSale":{"date":"2015-08-10","price":null,"qualified":"U"},"tax":{"marketValue":3200.0,"assessedValue":3200.0,"taxableValue":3200.0,"taxes":3200.0},"mailingAddress":{"line1":"9217 ROCKROSE DR","line2":null,"city":"TAMPA","state":"FL","zip":"33647"},"incomeTract":null,"incomeBlockGroup":null,"nearestRoad":null,"flu":{"code":"rural/agricultural","label":"RURAL/AGRICULTURAL","jurisdiction":"Unincorporated","source":"osceola-flu-12"},"opportunityZone":null,"oz2Eligibility":{"eligible":true,"rural":true,"tractGeoid":"12097043802","tractName":"Census Tract 438.02","designation":"eligible-for-nomination","source":"rev-proc-2026-14"},"appraiserUrl":"https://maps.property-appraiser.org/?Pin=242833000012110010","source":"osceola-parcels-12097","dataGaps":["Acreage band is county TotalAcres from 5.0 through 150.0 on Parcels FeatureServer/3. This replaces the DOH extract.","Owner, mailing, sale, just value, assessed value, DOR code, and estimated tax come from that parcel layer.","Taxable value is the prior-roll PrevTaxabl field, not a current taxable. EstimatedT is an estimate, not a certified bill.","Q_U is stored on lastSale.qualified and is not used to drop sales.","Zoning is a centroid join to Zoning MapServer/13. Misses fall back to the parcel Zone1 code when that field is set.","FLU is a centroid join to Future Land Use FeatureServer/12. A parcel on a boundary gets one code. St. Cloud zoning and FLU override that join when the city PIN matches. Those city layers are not an Osceola county extract. Winter Springs EnerGov is Seminole and is not used.","Osceola and Lake zoning/FLU codes are not in the Orange zoning or FLU knowledge base, so multifamily filters treat them as unknown.","The appraiser link is the public map Pin URL. The CAMA search site is Cloudflare-gated from some networks. gis.osceola.org has an incomplete certificate chain; JSON queries still work.","OZ 2.0 here is the seven-market rural-eligible tract pack only. Income and AADT are joined at query time, not stored on the tile."]},"geometry":{"type":"Polygon","coordinates":[[[-80.973489,28.039224],[-80.972458,28.039218],[-80.972461,28.041024],[-80.973492,28.041029],[-80.973489,28.039224]]]}},{"type":"Feature","id":"12097:232733000000100000","properties":{"id":"12097:232733000000100000","parcelId":"232733000000100000","countyFips":"12097","countyName":"Osceola","state":"Florida","marketIds":["Orlando"],"situsAddress":null,"situsCity":"SAINT CLOUD","situsZip":"34771","jurisdictionCode":null,"ownerName":"FARMLAND RESERVE INC","ownerName2":null,"propertyName":null,"zoningCode":"AC","zoningDistrict":"Agricultural","jurisdictionPrefix":null,"dorCode":"6001","acreage":61.38,"acreageSource":"osceola-total-acres","centroid":[-80.985653,28.129028],"lastSale":{"date":"2017-08-22","price":2100000.0,"qualified":"U"},"tax":{"marketValue":245500.0,"assessedValue":13000.0,"taxableValue":13000.0,"taxes":13000.0},"mailingAddress":{"line1":"PO BOX 3688","line2":null,"city":"SALT LAKE CITY","state":"UT","zip":"84110"},"incomeTract":null,"incomeBlockGroup":null,"nearestRoad":null,"flu":{"code":"mixed use","label":"MIXED USE","jurisdiction":"Unincorporated","source":"osceola-flu-12"},"opportunityZone":null,"oz2Eligibility":{"eligible":false,"rural":null,"tractGeoid":null,"tractName":null,"designation":"not-eligible","source":"rev-proc-2026-14"},"appraiserUrl":"https://maps.property-appraiser.org/?Pin=232733000000100000","source":"osceola-parcels-12097","dataGaps":["Acreage band is county TotalAcres from 5.0 through 150.0 on Parcels FeatureServer/3. This replaces the DOH extract.","Owner, mailing, sale, just value, assessed value, DOR code, and estimated tax come from that parcel layer.","Taxable value is the prior-roll PrevTaxabl field, not a current taxable. EstimatedT is an estimate, not a certified bill.","Q_U is stored on lastSale.qualified and is not used to drop sales.","Zoning is a centroid join to Zoning MapServer/13. Misses fall back to the parcel Zone1 code when that field is set.","FLU is a centroid join to Future Land Use FeatureServer/12. A parcel on a boundary gets one code. St. Cloud zoning and FLU override that join when the city PIN matches. Those city layers are not an Osceola county extract. Winter Springs EnerGov is Seminole and is not used.","Osceola and Lake zoning/FLU codes are not in the Orange zoning or FLU knowledge base, so multifamily filters treat them as unknown.","The appraiser link is the public map Pin URL. The CAMA search site is Cloudflare-gated from some networks. gis.osceola.org has an incomplete certificate chain; JSON queries still work.","OZ 2.0 here is the seven-market rural-eligible tract pack only. Income and AADT are joined at query time, not stored on the tile."]},"geometry":{"type":"Polygon","coordinates":[[[-80.9795,28.127526],[-80.979479,28.130318],[-80.995938,28.130224],[-80.995938,28.129978],[-80.985555,28.128574],[-80.985392,28.129519],[-80.984605,28.129409],[-80.984778,28.128466],[-80.983359,28.128249],[-80.981985,28.128013],[-80.9795,28.127526]]]}},{"type":"Feature","id":"12097:222733000000200000","properties":{"id":"12097:222733000000200000","parcelId":"222733000000200000","countyFips":"12097","countyName":"Osceola","state":"Florida","marketIds":["Orlando"],"situsAddress":null,"situsCity":"SAINT CLOUD","situsZip":"34771","jurisdictionCode":null,"ownerName":"ST JOHNS RIVER WATER MGMT DIST","ownerName2":null,"propertyName":null,"zoningCode":"AC","zoningDistrict":"Agricultural","jurisdictionPrefix":null,"dorCode":"8001","acreage":25.509,"acreageSource":"osceola-total-acres","centroid":[-80.997058,28.127655],"lastSale":{"date":"1994-11-14","price":null,"qualified":"U"},"tax":{"marketValue":255100.0,"assessedValue":255100.0,"taxableValue":0.0,"taxes":0.0},"mailingAddress":{"line1":"ATTN MARY LOU PICKLES, DIR BUDGET&MGMT RPTG","line2":"4049 REID ST, PO BOX 1429","city":"PALATKA","state":"FL","zip":"32178-1429"},"incomeTract":null,"incomeBlockGroup":null,"nearestRoad":null,"flu":{"code":"rural/agricultural","label":"RURAL/AGRICULTURAL","jurisdiction":"Unincorporated","source":"osceola-flu-12"},"opportunityZone":null,"oz2Eligibility":{"eligible":true,"rural":true,"tractGeoid":"12097043802","tractName":"Census Tract 438.02","designation":"eligible-for-nomination","source":"rev-proc-2026-14"},"appraiserUrl":"https://maps.property-appraiser.org/?Pin=222733000000200000","source":"osceola-parcels-12097","dataGaps":["Acreage band is county TotalAcres from 5.0 through 150.0 on Parcels FeatureServer/3. This replaces the DOH extract.","Owner, mailing, sale, just value, assessed value, DOR code, and estimated tax come from that parcel layer.","Taxable value is the prior-roll PrevTaxabl field, not a current taxable. EstimatedT is an estimate, not a certified bill.","Q_U is stored on lastSale.qualified and is not used to drop sales.","Zoning is a centroid join to Zoning MapServer/13. Misses fall back to the parcel Zone1 code when that field is set.","FLU is a centroid join to Future Land Use FeatureServer/12. A parcel on a boundary gets one code. St. Cloud zoning and FLU override that join when the city PIN matches. Those city layers are not an Osceola county extract. Winter Springs EnerGov is Seminole and is not used.","Osceola and Lake zoning/FLU codes are not in the Orange zoning or FLU knowledge base, so multifamily filters treat them as unknown.","The appraiser link is the public map Pin URL. The CAMA search site is Cloudflare-gated from some networks. gis.osceola.org has an incomplete certificate chain; JSON queries still work.","OZ 2.0 here is the seven-market rural-eligible tract pack only. Income and AADT are joined at query time, not stored on the tile."]},"geometry":{"type":"Polygon","coordinates":[[[-80.995955,28.129312],[-80.999054,28.129731],[-80.998128,28.126995],[-80.997322,28.12562],[-80.995949,28.12496],[-80.995939,28.12931],[-80.995955,28.129312]]]}},{"type":"Feature","id":"12097:2427333410000A0220","properties":{"id":"12097:2427333410000A0220","parcelId":"2427333410000A0220","countyFips":"12097","countyName":"Osceola","state":"Florida","marketIds":["Orlando"],"situsAddress":"BROADSTREAM DR","situsCity":"SAINT CLOUD","situsZip":"34773","jurisdictionCode":null,"ownerName":"ST JOHNS RIVER WATER MGMT DIST","ownerName2":null,"propertyName":null,"zoningCode":"AC","zoningDistrict":"Agricultural","jurisdictionPrefix":null,"dorCode":"8001","acreage":9.985,"acreageSource":"osceola-total-acres","centroid":[-80.965494,28.118526],"lastSale":{"date":null,"price":null,"qualified":"U"},"tax":{"marketValue":299600.0,"assessedValue":173433.0,"taxableValue":0.0,"taxes":0.0},"mailingAddress":{"line1":"ATTN MARY LOU PICKLES, DIR BUDGET&MGMT RPTG","line2":"4049 REID ST, PO BOX 1429","city":"PALATKA","state":"FL","zip":"32178-1429"},"incomeTract":null,"incomeBlockGroup":null,"nearestRoad":null,"flu":{"code":"rural/agricultural","label":"RURAL/AGRICULTURAL","jurisdiction":"Unincorporated","source":"osceola-flu-12"},"opportunityZone":null,"oz2Eligibility":{"eligible":true,"rural":true,"tractGeoid":"12097043802","tractName":"Census Tract 438.02","designation":"eligible-for-nomination","source":"rev-proc-2026-14"},"appraiserUrl":"https://maps.property-appraiser.org/?Pin=2427333410000A0220","source":"osceola-parcels-12097","dataGaps":["Acreage band is county TotalAcres from 5.0 through 150.0 on Parcels FeatureServer/3. This replaces the DOH extract.","Owner, mailing, sale, just value, assessed value, DOR code, and estimated tax come from that parcel layer.","Taxable value is the prior-roll PrevTaxabl field, not a current taxable. EstimatedT is an estimate, not a certified bill.","Q_U is stored on lastSale.qualified and is not used to drop sales.","Zoning is a centroid join to Zoning MapServer/13. Misses fall back to the parcel Zone1 code when that field is set.","FLU is a centroid join to Future Land Use FeatureServer/12. A parcel on a boundary gets one code. St. Cloud zoning and FLU override that join when the city PIN matches. Those city layers are not an Osceola county extract. Winter Springs EnerGov is Seminole and is not used.","Osceola and Lake zoning/FLU codes are not in the Orange zoning or FLU knowledge base, so multifamily filters treat them as unknown.","The appraiser link is the public map Pin URL. The CAMA search site is Cloudflare-gated from some networks. gis.osceola.org has an incomplete certificate chain; JSON queries still work.","OZ 2.0 here is the seven-market rural-eligible tract pack only. Income and AADT are joined at query time, not stored on the tile."]},"geometry":{"type":"Polygon","coordinates":[[[-80.963855,28.118078],[-80.963857,28.11853],[-80.963859,28.118984],[-80.967952,28.118972],[-80.967948,28.118064],[-80.963855,28.118078]]]}},{"type":"Feature","id":"12097:2427333410000A0240","properties":{"id":"12097:2427333410000A0240","parcelId":"2427333410000A0240","countyFips":"12097","countyName":"Osceola","state":"Florida","marketIds":["Orlando"],"situsAddress":"BROADSTREAM DR","situsCity":"SAINT CLOUD","situsZip":"34773","jurisdictionCode":null,"ownerName":"ST JOHNS RIVER WATER MGMT DIST","ownerName2":null,"propertyName":null,"zoningCode":"AC","zoningDistrict":"Agricultural","jurisdictionPrefix":null,"dorCode":"8001","acreage":12.318,"acreageSource":"osceola-total-acres","centroid":[-80.964873,28.116791],"lastSale":{"date":null,"price":null,"qualified":"U"},"tax":{"marketValue":240200.0,"assessedValue":183354.0,"taxableValue":0.0,"taxes":0.0},"mailingAddress":{"line1":"ATTN MARY LOU PICKLES, DIR BUDGET&MGMT RPTG","line2":"4049 REID ST, PO BOX 1429","city":"PALATKA","state":"FL","zip":"32178-1429"},"incomeTract":null,"incomeBlockGroup":null,"nearestRoad":null,"flu":{"code":"rural/agricultural","label":"RURAL/AGRICULTURAL","jurisdiction":"Unincorporated","source":"osceola-flu-12"},"opportunityZone":null,"oz2Eligibility":{"eligible":true,"rural":true,"tractGeoid":"12097043802","tractName":"Census Tract 438.02","designation":"eligible-for-nomination","source":"rev-proc-2026-14"},"appraiserUrl":"https://maps.property-appraiser.org/?Pin=2427333410000A0240","source":"osceola-parcels-12097","dataGaps":["Acreage band is county TotalAcres from 5.0 through 150.0 on Parcels FeatureServer/3. This replaces the DOH extract.","Owner, mailing, sale, just value, assessed value, DOR code, and estimated tax come from that parcel layer.","Taxable value is the prior-roll PrevTaxabl field, not a current taxable. EstimatedT is an estimate, not a certified bill.","Q_U is stored on lastSale.qualified and is not used to drop sales.","Zoning is a centroid join to Zoning MapServer/13. Misses fall back to the parcel Zone1 code when that field is set.","FLU is a centroid join to Future Land Use FeatureServer/12. A parcel on a boundary gets one code. St. Cloud zoning and FLU override that join when the city PIN matches. Those city layers are not an Osceola county extract. Winter Springs EnerGov is Seminole and is not used.","Osceola and Lake zoning/FLU codes are not in the Orange zoning or FLU knowledge base, so multifamily filters treat them as unknown.","The appraiser link is the public map Pin URL. The CAMA search site is Cloudflare-gated from some networks. gis.osceola.org has an incomplete certificate chain; JSON queries still work.","OZ 2.0 here is the seven-market rural-eligible tract pack only. Income and AADT are joined at query time, not stored on the tile."]},"geometry":{"type":"Polygon","coordinates":[[[-80.965892,28.115671],[-80.963845,28.115674],[-80.963854,28.117913],[-80.965901,28.117906],[-80.965892,28.115671]]]}},{"type":"Feature","id":"12097:2427333410000A0250","properties":{"id":"12097:2427333410000A0250","parcelId":"2427333410000A0250","countyFips":"12097","countyName":"Osceola","state":"Florida","marketIds":["Orlando"],"situsAddress":"11600 BROADSTREAM DR","situsCity":"SAINT CLOUD","situsZip":"34773","jurisdictionCode":null,"ownerName":"PARKER BARRY L","ownerName2":"PARKER KIMBERLY A","propertyName":null,"zoningCode":"AC","zoningDistrict":"Agricultural","jurisdictionPrefix":null,"dorCode":"0111","acreage":5.0,"acreageSource":"osceola-total-acres","centroid":[-80.966483,28.116726],"lastSale":{"date":"2013-08-15","price":155000.0,"qualified":"Q"},"tax":{"marketValue":280600.0,"assessedValue":202362.0,"taxableValue":139030.0,"taxes":150951.0},"mailingAddress":{"line1":"11600 BROADSTREAM DR","line2":null,"city":"SAINT CLOUD","state":"FL","zip":"34773-9485"},"incomeTract":null,"incomeBlockGroup":null,"nearestRoad":null,"flu":{"code":"rural/agricultural","label":"RURAL/AGRICULTURAL","jurisdiction":"Unincorporated","source":"osceola-flu-12"},"opportunityZone":null,"oz2Eligibility":{"eligible":true,"rural":true,"tractGeoid":"12097043802","tractName":"Census Tract 438.02","designation":"eligible-for-nomination","source":"rev-proc-2026-14"},"appraiserUrl":"https://maps.property-appraiser.org/?Pin=2427333410000A0250","source":"osceola-parcels-12097","dataGaps":["Acreage band is county TotalAcres from 5.0 through 150.0 on Parcels FeatureServer/3. This replaces the DOH extract.","Owner, mailing, sale, just value, assessed value, DOR code, and estimated tax come from that parcel layer.","Taxable value is the prior-roll PrevTaxabl field, not a current taxable. EstimatedT is an estimate, not a certified bill.","Q_U is stored on lastSale.qualified and is not used to drop sales.","Zoning is a centroid join to Zoning MapServer/13. Misses fall back to the parcel Zone1 code when that field is set.","FLU is a centroid join to Future Land Use FeatureServer/12. A parcel on a boundary gets one code. St. Cloud zoning and FLU override that join when the city PIN matches. Those city layers are not an Osceola county extract. Winter Springs EnerGov is Seminole and is not used.","Osceola and Lake zoning/FLU codes are not in the Orange zoning or FLU knowledge base, so multifamily filters treat them as unknown.","The appraiser link is the public map Pin URL. The CAMA search site is Cloudflare-gated from some networks. gis.osceola.org has an incomplete certificate chain; JSON queries still work.","OZ 2.0 here is the seven-market rural-eligible tract pack only. Income and AADT are joined at query time, not stored on the tile."]},"geometry":{"type":"Polygon","coordinates":[[[-80.967032,28.11567],[-80.965892,28.115671],[-80.965901,28.117906],[-80.966521,28.117904],[-80.966521,28.116603],[-80.967032,28.116603],[-80.967032,28.11567]]]}},{"type":"Feature","id":"12097:2427333410000B0090","properties":{"id":"12097:2427333410000B0090","parcelId":"2427333410000B0090","countyFips":"12097","countyName":"Osceola","state":"Florida","marketIds":["Orlando"],"situsAddress":"5425 MAGNOLIA RD","situsCity":"SAINT CLOUD","situsZip":"34773","jurisdictionCode":null,"ownerName":"MCDERMOTT CAROLE","ownerName2":"MCDERMOTT MICHAEL","propertyName":null,"zoningCode":"AC","zoningDistrict":"Agricultural","jurisdictionPrefix":null,"dorCode":"0111","acreage":12.376,"acreageSource":"osceola-total-acres","centroid":[-80.966767,28.121698],"lastSale":{"date":"1988-08-29","price":21500.0,"qualified":"U"},"tax":{"marketValue":449500.0,"assessedValue":131475.0,"taxableValue":74412.0,"taxes":80064.0},"mailingAddress":{"line1":"5425 MAGNOLIA RD","line2":null,"city":"SAINT CLOUD","state":"FL","zip":"34773-9492"},"incomeTract":null,"incomeBlockGroup":null,"nearestRoad":null,"flu":{"code":"rural/agricultural","label":"RURAL/AGRICULTURAL","jurisdiction":"Unincorporated","source":"osceola-flu-12"},"opportunityZone":null,"oz2Eligibility":{"eligible":true,"rural":true,"tractGeoid":"12097043802","tractName":"Census Tract 438.02","designation":"eligible-for-nomination","source":"rev-proc-2026-14"},"appraiserUrl":"https://maps.property-appraiser.org/?Pin=2427333410000B0090","source":"osceola-parcels-12097","dataGaps":["Acreage band is county TotalAcres from 5.0 through 150.0 on Parcels FeatureServer/3. This replaces the DOH extract.","Owner, mailing, sale, just value, assessed value, DOR code, and estimated tax come from that parcel layer.","Taxable value is the prior-roll PrevTaxabl field, not a current taxable. EstimatedT is an estimate, not a certified bill.","Q_U is stored on lastSale.qualified and is not used to drop sales.","Zoning is a centroid join to Zoning MapServer/13. Misses fall back to the parcel Zone1 code when that field is set.","FLU is a centroid join to Future Land Use FeatureServer/12. A parcel on a boundary gets one code. St. Cloud zoning and FLU override that join when the city PIN matches. Those city layers are not an Osceola county extract. Winter Springs EnerGov is Seminole and is not used.","Osceola and Lake zoning/FLU codes are not in the Orange zoning or FLU knowledge base, so multifamily filters treat them as unknown.","The appraiser link is the public map Pin URL. The CAMA search site is Cloudflare-gated from some networks. gis.osceola.org has an incomplete certificate chain; JSON queries still work.","OZ 2.0 here is the seven-market rural-eligible tract pack only. Income and AADT are joined at query time, not stored on the tile."]},"geometry":{"type":"Polygon","coordinates":[[[-80.963869,28.121254],[-80.963871,28.121707],[-80.963872,28.122161],[-80.969918,28.122141],[-80.969916,28.121688],[-80.967963,28.121694],[-80.967961,28.12124],[-80.963869,28.121254]]]}},{"type":"Feature","id":"12097:2427333410000D0290","properties":{"id":"12097:2427333410000D0290","parcelId":"2427333410000D0290","countyFips":"12097","countyName":"Osceola","state":"Florida","marketIds":["Orlando"],"situsAddress":"11400 BROADSTREAM DR","situsCity":"SAINT CLOUD","situsZip":"34773","jurisdictionCode":null,"ownerName":"LEE FAMILY TRUST","ownerName2":null,"propertyName":null,"zoningCode":"AC","zoningDistrict":"Agricultural","jurisdictionPrefix":null,"dorCode":"0211","acreage":5.967,"acreageSource":"osceola-total-acres","centroid":[-80.97454,28.116768],"lastSale":{"date":"2026-06-15","price":null,"qualified":"U"},"tax":{"marketValue":214100.0,"assessedValue":84683.0,"taxableValue":30134.0,"taxes":33272.0},"mailingAddress":{"line1":"11400 BROADSTREAM DR","line2":null,"city":"SAINT CLOUD","state":"FL","zip":"34773-9481"},"incomeTract":null,"incomeBlockGroup":null,"nearestRoad":null,"flu":{"code":"rural/agricultural","label":"RURAL/AGRICULTURAL","jurisdiction":"Unincorporated","source":"osceola-flu-12"},"opportunityZone":null,"oz2Eligibility":{"eligible":true,"rural":true,"tractGeoid":"12097043802","tractName":"Census Tract 438.02","designation":"eligible-for-nomination","source":"rev-proc-2026-14"},"appraiserUrl":"https://maps.property-appraiser.org/?Pin=2427333410000D0290","source":"osceola-parcels-12097","dataGaps":["Acreage band is county TotalAcres from 5.0 through 150.0 on Parcels FeatureServer/3. This replaces the DOH extract.","Owner, mailing, sale, just value, assessed value, DOR code, and estimated tax come from that parcel layer.","Taxable value is the prior-roll PrevTaxabl field, not a current taxable. EstimatedT is an estimate, not a certified bill.","Q_U is stored on lastSale.qualified and is not used to drop sales.","Zoning is a centroid join to Zoning MapServer/13. Misses fall back to the parcel Zone1 code when that field is set.","FLU is a centroid join to Future Land Use FeatureServer/12. A parcel on a boundary gets one code. St. Cloud zoning and FLU override that join when the city PIN matches. Those city layers are not an Osceola county extract. Winter Springs EnerGov is Seminole and is not used.","Osceola and Lake zoning/FLU codes are not in the Orange zoning or FLU knowledge base, so multifamily filters treat them as unknown.","The appraiser link is the public map Pin URL. The CAMA search site is Cloudflare-gated from some networks. gis.osceola.org has an incomplete certificate chain; JSON queries still work.","OZ 2.0 here is the seven-market rural-eligible tract pack only. Income and AADT are joined at query time, not stored on the tile."]},"geometry":{"type":"Polygon","coordinates":[[[-80.974036,28.11566],[-80.974044,28.117878],[-80.975045,28.117875],[-80.975036,28.115659],[-80.974036,28.11566]]]}},{"type":"Feature","id":"12097:2427333410000D0295","properties":{"id":"12097:2427333410000D0295","parcelId":"2427333410000D0295","countyFips":"12097","countyName":"Osceola","state":"Florida","marketIds":["Orlando"],"situsAddress":"11350 BROADSTREAM DR","situsCity":"SAINT CLOUD","situsZip":"34773","jurisdictionCode":null,"ownerName":"CORZINE GUY K","ownerName2":null,"propertyName":null,"zoningCode":"AC","zoningDistrict":"Agricultural","jurisdictionPrefix":null,"dorCode":"0211","acreage":5.965,"acreageSource":"osceola-total-acres","centroid":[-80.975541,28.116766],"lastSale":{"date":"2017-09-15","price":165000.0,"qualified":"Q"},"tax":{"marketValue":225400.0,"assessedValue":174583.0,"taxableValue":115204.0,"taxes":123172.0},"mailingAddress":{"line1":"11350 BROADSTREAM DR","line2":null,"city":"SAINT CLOUD","state":"FL","zip":"34771"},"incomeTract":null,"incomeBlockGroup":null,"nearestRoad":null,"flu":{"code":"rural/agricultural","label":"RURAL/AGRICULTURAL","jurisdiction":"Unincorporated","source":"osceola-flu-12"},"opportunityZone":null,"oz2Eligibility":{"eligible":true,"rural":true,"tractGeoid":"12097043802","tractName":"Census Tract 438.02","designation":"eligible-for-nomination","source":"rev-proc-2026-14"},"appraiserUrl":"https://maps.property-appraiser.org/?Pin=2427333410000D0295","source":"osceola-parcels-12097","dataGaps":["Acreage band is county TotalAcres from 5.0 through 150.0 on Parcels FeatureServer/3. This replaces the DOH extract.","Owner, mailing, sale, just value, assessed value, DOR code, and estimated tax come from that parcel layer.","Taxable value is the prior-roll PrevTaxabl field, not a current taxable. EstimatedT is an estimate, not a certified bill.","Q_U is stored on lastSale.qualified and is not used to drop sales.","Zoning is a centroid join to Zoning MapServer/13. Misses fall back to the parcel Zone1 code when that field is set.","FLU is a centroid join to Future Land Use FeatureServer/12. A parcel on a boundary gets one code. St. Cloud zoning and FLU override that join when the city PIN matches. Those city layers are not an Osceola county extract. Winter Springs EnerGov is Seminole and is not used.","Osceola and Lake zoning/FLU codes are not in the Orange zoning or FLU knowledge base, so multifamily filters treat them as unknown.","The appraiser link is the public map Pin URL. The CAMA search site is Cloudflare-gated from some networks. gis.osceola.org has an incomplete certificate chain; JSON queries still work.","OZ 2.0 here is the seven-market rural-eligible tract pack only. Income and AADT are joined at query time, not stored on the tile."]},"geometry":{"type":"Polygon","coordinates":[[[-80.975036,28.115659],[-80.975045,28.117875],[-80.976046,28.117871],[-80.976038,28.115658],[-80.975036,28.115659]]]}},{"type":"Feature","id":"12097:242833000033110010","properties":{"id":"12097:242833000033110010","parcelId":"242833000033110010","countyFips":"12097","countyName":"Osceola","state":"Florida","marketIds":["Orlando"],"situsAddress":null,"situsCity":"KENANSVILLE","situsZip":"34739","jurisdictionCode":null,"ownerName":"CARSON RANDALL WILLIAM","ownerName2":"CARSON CATHY D / CARSON KENNETH TAYLOR","propertyName":null,"zoningCode":"AC","zoningDistrict":"Agricultural","jurisdictionPrefix":null,"dorCode":"0001","acreage":5.003,"acreageSource":"osceola-total-acres","centroid":[-80.980899,28.029875],"lastSale":{"date":"2017-02-23","price":100.0,"qualified":"U"},"tax":{"marketValue":3200.0,"assessedValue":3200.0,"taxableValue":3200.0,"taxes":3200.0},"mailingAddress":{"line1":"3301 PARKSIDE AVE","line2":null,"city":"LAKE STATION","state":"IN","zip":"46405"},"incomeTract":null,"incomeBlockGroup":null,"nearestRoad":null,"flu":{"code":"rural/agricultural","label":"RURAL/AGRICULTURAL","jurisdiction":"Unincorporated","source":"osceola-flu-12"},"opportunityZone":null,"oz2Eligibility":{"eligible":true,"rural":true,"tractGeoid":"12097043802","tractName":"Census Tract 438.02","designation":"eligible-for-nomination","source":"rev-proc-2026-14"},"appraiserUrl":"https://maps.property-appraiser.org/?Pin=242833000033110010","source":"osceola-parcels-12097","dataGaps":["Acreage band is county TotalAcres from 5.0 through 150.0 on Parcels FeatureServer/3. This replaces the DOH extract.","Owner, mailing, sale, just value, assessed value, DOR code, and estimated tax come from that parcel layer.","Taxable value is the prior-roll PrevTaxabl field, not a current taxable. EstimatedT is an estimate, not a certified bill.","Q_U is stored on lastSale.qualified and is not used to drop sales.","Zoning is a centroid join to Zoning MapServer/13. Misses fall back to the parcel Zone1 code when that field is set.","FLU is a centroid join to Future Land Use FeatureServer/12. A parcel on a boundary gets one code. St. Cloud zoning and FLU override that join when the city PIN matches. Those city layers are not an Osceola county extract. Winter Springs EnerGov is Seminole and is not used.","Osceola and Lake zoning/FLU codes are not in the Orange zoning or FLU knowledge base, so multifamily filters treat them as unknown.","The appraiser link is the public map Pin URL. The CAMA search site is Cloudflare-gated from some networks. gis.osceola.org has an incomplete certificate chain; JSON queries still work.","OZ 2.0 here is the seven-market rural-eligible tract pack only. Income and AADT are joined at query time, not stored on the tile."]},"geometry":{"type":"Polygon","coordinates":[[[-80.981725,28.030255],[-80.981724,28.030187],[-80.981723,28.029354],[-80.979662,28.029339],[-80.979663,28.030241],[-80.981725,28.030255]]]}},{"type":"Feature","id":"12097:242833000034410010","properties":{"id":"12097:242833000034410010","parcelId":"242833000034410010","countyFips":"12097","countyName":"Osceola","state":"Florida","marketIds":["Orlando"],"situsAddress":null,"situsCity":"KENANSVILLE","situsZip":"34739","jurisdictionCode":null,"ownerName":"HOTALING GEORGE","ownerName2":null,"propertyName":null,"zoningCode":"AC","zoningDistrict":"Agricultural","jurisdictionPrefix":null,"dorCode":"0001","acreage":5.007,"acreageSource":"osceola-total-acres","centroid":[-80.977082,28.027516],"lastSale":{"date":"1981-04-01","price":null,"qualified":"Q"},"tax":{"marketValue":3200.0,"assessedValue":3200.0,"taxableValue":3200.0,"taxes":3200.0},"mailingAddress":{"line1":"C/O HAROLD L SMITH","line2":"82 FLINT MINE RD","city":"COXSACKIE","state":"NY","zip":"12051"},"incomeTract":null,"incomeBlockGroup":null,"nearestRoad":null,"flu":{"code":"rural/agricultural","label":"RURAL/AGRICULTURAL","jurisdiction":"Unincorporated","source":"osceola-flu-12"},"opportunityZone":null,"oz2Eligibility":{"eligible":true,"rural":true,"tractGeoid":"12097043802","tractName":"Census Tract 438.02","designation":"eligible-for-nomination","source":"rev-proc-2026-14"},"appraiserUrl":"https://maps.property-appraiser.org/?Pin=242833000034410010","source":"osceola-parcels-12097","dataGaps":["Acreage band is county TotalAcres from 5.0 through 150.0 on Parcels FeatureServer/3. This replaces the DOH extract.","Owner, mailing, sale, just value, assessed value, DOR code, and estimated tax come from that parcel layer.","Taxable value is the prior-roll PrevTaxabl field, not a current taxable. EstimatedT is an estimate, not a certified bill.","Q_U is stored on lastSale.qualified and is not used to drop sales.","Zoning is a centroid join to Zoning MapServer/13. Misses fall back to the parcel Zone1 code when that field is set.","FLU is a centroid join to Future Land Use FeatureServer/12. A parcel on a boundary gets one code. St. Cloud zoning and FLU override that join when the city PIN matches. Those city layers are not an Osceola county extract. Winter Springs EnerGov is Seminole and is not used.","Osceola and Lake zoning/FLU codes are not in the Orange zoning or FLU knowledge base, so multifamily filters treat them as unknown.","The appraiser link is the public map Pin URL. The CAMA search site is Cloudflare-gated from some networks. gis.osceola.org has an incomplete certificate chain; JSON queries still work.","OZ 2.0 here is the seven-market rural-eligible tract pack only. Income and AADT are joined at query time, not stored on the tile."]},"geometry":{"type":"Polygon","coordinates":[[[-80.976566,28.02661],[-80.976568,28.028414],[-80.977599,28.028422],[-80.977597,28.026618],[-80.976566,28.02661]]]}},{"type":"Feature","id":"12097:2427333410000D0230","properties":{"id":"12097:2427333410000D0230","parcelId":"2427333410000D0230","countyFips":"12097","countyName":"Osceola","state":"Florida","marketIds":["Orlando"],"situsAddress":"5485 OSCEOLA DR","situsCity":"SAINT CLOUD","situsZip":"34773","jurisdictionCode":null,"ownerName":"MILLER BRYAN T RLE","ownerName2":null,"propertyName":null,"zoningCode":"AC","zoningDistrict":"Agricultural","jurisdictionPrefix":null,"dorCode":"0111","acreage":9.773,"acreageSource":"osceola-total-acres","centroid":[-80.973651,28.11986],"lastSale":{"date":"2021-04-05","price":100.0,"qualified":"U"},"tax":{"marketValue":291000.0,"assessedValue":264491.0,"taxableValue":218589.0,"taxes":264491.0},"mailingAddress":{"line1":"4774 WREN DR","line2":null,"city":"SAINT CLOUD","state":"FL","zip":"34772"},"incomeTract":null,"incomeBlockGroup":null,"nearestRoad":null,"flu":{"code":"rural/agricultural","label":"RURAL/AGRICULTURAL","jurisdiction":"Unincorporated","source":"osceola-flu-12"},"opportunityZone":null,"oz2Eligibility":{"eligible":true,"rural":true,"tractGeoid":"12097043802","tractName":"Census Tract 438.02","designation":"eligible-for-nomination","source":"rev-proc-2026-14"},"appraiserUrl":"https://maps.property-appraiser.org/?Pin=2427333410000D0230","source":"osceola-parcels-12097","dataGaps":["Acreage band is county TotalAcres from 5.0 through 150.0 on Parcels FeatureServer/3. This replaces the DOH extract.","Owner, mailing, sale, just value, assessed value, DOR code, and estimated tax come from that parcel layer.","Taxable value is the prior-roll PrevTaxabl field, not a current taxable. EstimatedT is an estimate, not a certified bill.","Q_U is stored on lastSale.qualified and is not used to drop sales.","Zoning is a centroid join to Zoning MapServer/13. Misses fall back to the parcel Zone1 code when that field is set.","FLU is a centroid join to Future Land Use FeatureServer/12. A parcel on a boundary gets one code. St. Cloud zoning and FLU override that join when the city PIN matches. Those city layers are not an Osceola county extract. Winter Springs EnerGov is Seminole and is not used.","Osceola and Lake zoning/FLU codes are not in the Orange zoning or FLU knowledge base, so multifamily filters treat them as unknown.","The appraiser link is the public map Pin URL. The CAMA search site is Cloudflare-gated from some networks. gis.osceola.org has an incomplete certificate chain; JSON queries still work.","OZ 2.0 here is the seven-market rural-eligible tract pack only. Income and AADT are joined at query time, not stored on the tile."]},"geometry":{"type":"Polygon","coordinates":[[[-80.97205,28.119865],[-80.972052,28.120319],[-80.976054,28.120305],[-80.976051,28.119398],[-80.972049,28.119412],[-80.97205,28.119865]]]}},{"type":"Feature","id":"12097:242833000031410010","properties":{"id":"12097:242833000031410010","parcelId":"242833000031410010","countyFips":"12097","countyName":"Osceola","state":"Florida","marketIds":["Orlando"],"situsAddress":null,"situsCity":"KENANSVILLE","situsZip":"34739","jurisdictionCode":null,"ownerName":"WILLIAMS JOHN ALFRED","ownerName2":null,"propertyName":null,"zoningCode":"AC","zoningDistrict":"Agricultural","jurisdictionPrefix":null,"dorCode":"0001","acreage":5.006,"acreageSource":"osceola-total-acres","centroid":[-80.977603,28.031489],"lastSale":{"date":"1988-12-06","price":null,"qualified":"U"},"tax":{"marketValue":3200.0,"assessedValue":3200.0,"taxableValue":3200.0,"taxes":3200.0},"mailingAddress":{"line1":"110 BUCKHORN RUN","line2":null,"city":"LAKELAND","state":"FL","zip":"33809"},"incomeTract":null,"incomeBlockGroup":null,"nearestRoad":null,"flu":{"code":"rural/agricultural","label":"RURAL/AGRICULTURAL","jurisdiction":"Unincorporated","source":"osceola-flu-12"},"opportunityZone":null,"oz2Eligibility":{"eligible":true,"rural":true,"tractGeoid":"12097043802","tractName":"Census Tract 438.02","designation":"eligible-for-nomination","source":"rev-proc-2026-14"},"appraiserUrl":"https://maps.property-appraiser.org/?Pin=242833000031410010","source":"osceola-parcels-12097","dataGaps":["Acreage band is county TotalAcres from 5.0 through 150.0 on Parcels FeatureServer/3. This replaces the DOH extract.","Owner, mailing, sale, just value, assessed value, DOR code, and estimated tax come from that parcel layer.","Taxable value is the prior-roll PrevTaxabl field, not a current taxable. EstimatedT is an estimate, not a certified bill.","Q_U is stored on lastSale.qualified and is not used to drop sales.","Zoning is a centroid join to Zoning MapServer/13. Misses fall back to the parcel Zone1 code when that field is set.","FLU is a centroid join to Future Land Use FeatureServer/12. A parcel on a boundary gets one code. St. Cloud zoning and FLU override that join when the city PIN matches. Those city layers are not an Osceola county extract. Winter Springs EnerGov is Seminole and is not used.","Osceola and Lake zoning/FLU codes are not in the Orange zoning or FLU knowledge base, so multifamily filters treat them as unknown.","The appraiser link is the public map Pin URL. The CAMA search site is Cloudflare-gated from some networks. gis.osceola.org has an incomplete certificate chain; JSON queries still work.","OZ 2.0 here is the seven-market rural-eligible tract pack only. Income and AADT are joined at query time, not stored on the tile."]},"geometry":{"type":"Polygon","coordinates":[[[-80.978633,28.031135],[-80.977603,28.031128],[-80.976572,28.03112],[-80.976573,28.032023],[-80.978635,28.032037],[-80.978633,28.031135]]]}},{"type":"Feature","id":"12097:242833000034310010","properties":{"id":"12097:242833000034310010","parcelId":"242833000034310010","countyFips":"12097","countyName":"Osceola","state":"Florida","marketIds":["Orlando"],"situsAddress":null,"situsCity":"KENANSVILLE","situsZip":"34739","jurisdictionCode":null,"ownerName":"DENEAL CHARLES","ownerName2":"MYERS PAT / BRILL SHARON","propertyName":null,"zoningCode":"AC","zoningDistrict":"Agricultural","jurisdictionPrefix":null,"dorCode":"0001","acreage":5.004,"acreageSource":"osceola-total-acres","centroid":[-80.979144,28.027532],"lastSale":{"date":null,"price":null,"qualified":"Q"},"tax":{"marketValue":3200.0,"assessedValue":3200.0,"taxableValue":3200.0,"taxes":3200.0},"mailingAddress":{"line1":"2820 W PRESERVE LN","line2":null,"city":"MUNCIE","state":"IN","zip":"47304"},"incomeTract":null,"incomeBlockGroup":null,"nearestRoad":null,"flu":{"code":"rural/agricultural","label":"RURAL/AGRICULTURAL","jurisdiction":"Unincorporated","source":"osceola-flu-12"},"opportunityZone":null,"oz2Eligibility":{"eligible":true,"rural":true,"tractGeoid":"12097043802","tractName":"Census Tract 438.02","designation":"eligible-for-nomination","source":"rev-proc-2026-14"},"appraiserUrl":"https://maps.property-appraiser.org/?Pin=242833000034310010","source":"osceola-parcels-12097","dataGaps":["Acreage band is county TotalAcres from 5.0 through 150.0 on Parcels FeatureServer/3. This replaces the DOH extract.","Owner, mailing, sale, just value, assessed value, DOR code, and estimated tax come from that parcel layer.","Taxable value is the prior-roll PrevTaxabl field, not a current taxable. EstimatedT is an estimate, not a certified bill.","Q_U is stored on lastSale.qualified and is not used to drop sales.","Zoning is a centroid join to Zoning MapServer/13. Misses fall back to the parcel Zone1 code when that field is set.","FLU is a centroid join to Future Land Use FeatureServer/12. A parcel on a boundary gets one code. St. Cloud zoning and FLU override that join when the city PIN matches. Those city layers are not an Osceola county extract. Winter Springs EnerGov is Seminole and is not used.","Osceola and Lake zoning/FLU codes are not in the Orange zoning or FLU knowledge base, so multifamily filters treat them as unknown.","The appraiser link is the public map Pin URL. The CAMA search site is Cloudflare-gated from some networks. gis.osceola.org has an incomplete certificate chain; JSON queries still work.","OZ 2.0 here is the seven-market rural-eligible tract pack only. Income and AADT are joined at query time, not stored on the tile."]},"geometry":{"type":"Polygon","coordinates":[[[-80.97863,28.02843],[-80.979661,28.028438],[-80.979658,28.026635],[-80.978627,28.026626],[-80.97863,28.02843]]]}},{"type":"Feature","id":"12097:252733000000300000","properties":{"id":"12097:252733000000300000","parcelId":"252733000000300000","countyFips":"12097","countyName":"Osceola","state":"Florida","marketIds":["Orlando"],"situsAddress":null,"situsCity":"SAINT CLOUD","situsZip":"34771","jurisdictionCode":null,"ownerName":"ST JOHNS RIVER WATER MGMT DIST","ownerName2":null,"propertyName":null,"zoningCode":"AC","zoningDistrict":"Agricultural","jurisdictionPrefix":null,"dorCode":"8001","acreage":29.242,"acreageSource":"osceola-total-acres","centroid":[-80.969844,28.113866],"lastSale":{"date":null,"price":null,"qualified":"U"},"tax":{"marketValue":219300.0,"assessedValue":219300.0,"taxableValue":0.0,"taxes":0.0},"mailingAddress":{"line1":"ATTN MARY LOU PICKLES, DIR BUDGET&MGMT RPTG","line2":"4049 REID ST, PO BOX 1429","city":"PALATKA","state":"FL","zip":"32178-1429"},"incomeTract":null,"incomeBlockGroup":null,"nearestRoad":null,"flu":{"code":"conservation","label":"CONSERVATION","jurisdiction":"Unincorporated","source":"osceola-flu-12"},"opportunityZone":null,"oz2Eligibility":{"eligible":true,"rural":true,"tractGeoid":"12097043802","tractName":"Census Tract 438.02","designation":"eligible-for-nomination","source":"rev-proc-2026-14"},"appraiserUrl":"https://maps.property-appraiser.org/?Pin=252733000000300000","source":"osceola-parcels-12097","dataGaps":["Acreage band is county TotalAcres from 5.0 through 150.0 on Parcels FeatureServer/3. This replaces the DOH extract.","Owner, mailing, sale, just value, assessed value, DOR code, and estimated tax come from that parcel layer.","Taxable value is the prior-roll PrevTaxabl field, not a current taxable. EstimatedT is an estimate, not a certified bill.","Q_U is stored on lastSale.qualified and is not used to drop sales.","Zoning is a centroid join to Zoning MapServer/13. Misses fall back to the parcel Zone1 code when that field is set.","FLU is a centroid join to Future Land Use FeatureServer/12. A parcel on a boundary gets one code. St. Cloud zoning and FLU override that join when the city PIN matches. Those city layers are not an Osceola county extract. Winter Springs EnerGov is Seminole and is not used.","Osceola and Lake zoning/FLU codes are not in the Orange zoning or FLU knowledge base, so multifamily filters treat them as unknown.","The appraiser link is the public map Pin URL. The CAMA search site is Cloudflare-gated from some networks. gis.osceola.org has an incomplete certificate chain; JSON queries still work.","OZ 2.0 here is the seven-market rural-eligible tract pack only. Income and AADT are joined at query time, not stored on the tile."]},"geometry":{"type":"Polygon","coordinates":[[[-80.968331,28.112069],[-80.968336,28.115667],[-80.971357,28.115663],[-80.971351,28.112066],[-80.968331,28.112069]]]}},{"type":"Feature","id":"12097:25283300000190MINR","properties":{"id":"12097:25283300000190MINR","parcelId":"25283300000190MINR","countyFips":"12097","countyName":"Osceola","state":"Florida","marketIds":["Orlando"],"situsAddress":null,"situsCity":"KENANSVILLE","situsZip":"34739-","jurisdictionCode":null,"ownerName":"ALLEN BROUSSARD CONSERVANCY INC","ownerName2":null,"propertyName":null,"zoningCode":"AC","zoningDistrict":"Agricultural","jurisdictionPrefix":null,"dorCode":"9301","acreage":5.04,"acreageSource":"osceola-total-acres","centroid":[-80.973574,28.024407],"lastSale":{"date":"2016-01-12","price":2100.0,"qualified":"U"},"tax":{"marketValue":0.0,"assessedValue":0.0,"taxableValue":0.0,"taxes":0.0},"mailingAddress":{"line1":"38 LAKE VIEW DR W","line2":null,"city":"OCALA","state":"FL","zip":"34482-6668"},"incomeTract":null,"incomeBlockGroup":null,"nearestRoad":null,"flu":{"code":"rural/agricultural","label":"RURAL/AGRICULTURAL","jurisdiction":"Unincorporated","source":"osceola-flu-12"},"opportunityZone":null,"oz2Eligibility":{"eligible":true,"rural":true,"tractGeoid":"12097043802","tractName":"Census Tract 438.02","designation":"eligible-for-nomination","source":"rev-proc-2026-14"},"appraiserUrl":"https://maps.property-appraiser.org/?Pin=25283300000190MINR","source":"osceola-parcels-12097","dataGaps":["Acreage band is county TotalAcres from 5.0 through 150.0 on Parcels FeatureServer/3. This replaces the DOH extract.","Owner, mailing, sale, just value, assessed value, DOR code, and estimated tax come from that parcel layer.","Taxable value is the prior-roll PrevTaxabl field, not a current taxable. EstimatedT is an estimate, not a certified bill.","Q_U is stored on lastSale.qualified and is not used to drop sales.","Zoning is a centroid join to Zoning MapServer/13. Misses fall back to the parcel Zone1 code when that field is set.","FLU is a centroid join to Future Land Use FeatureServer/12. A parcel on a boundary gets one code. St. Cloud zoning and FLU override that join when the city PIN matches. Those city layers are not an Osceola county extract. Winter Springs EnerGov is Seminole and is not used.","Osceola and Lake zoning/FLU codes are not in the Orange zoning or FLU knowledge base, so multifamily filters treat them as unknown.","The appraiser link is the public map Pin URL. The CAMA search site is Cloudflare-gated from some networks. gis.osceola.org has an incomplete certificate chain; JSON queries still work.","OZ 2.0 here is the seven-market rural-eligible tract pack only. Income and AADT are joined at query time, not stored on the tile."]},"geometry":{"type":"Polygon","coordinates":[[[-80.973987,28.024774],[-80.974502,28.024778],[-80.974501,28.02387],[-80.97244,28.023853],[-80.972441,28.024761],[-80.973987,28.024774]]]}},{"type":"Feature","id":"12097:262833000000300000","properties":{"id":"12097:262833000000300000","parcelId":"262833000000300000","countyFips":"12097","countyName":"Osceola","state":"Florida","marketIds":["Orlando"],"situsAddress":null,"situsCity":"KENANSVILLE","situsZip":"34739","jurisdictionCode":null,"ownerName":"ALLEN BROUSSARD CONSERVANCY INC","ownerName2":null,"propertyName":null,"zoningCode":"AC","zoningDistrict":"Agricultural","jurisdictionPrefix":null,"dorCode":"9901","acreage":41.488,"acreageSource":"osceola-total-acres","centroid":[-80.987883,28.025463],"lastSale":{"date":"2024-10-29","price":5100.0,"qualified":"U"},"tax":{"marketValue":8300.0,"assessedValue":8300.0,"taxableValue":0.0,"taxes":0.0},"mailingAddress":{"line1":"38 LAKE VIEW DR W","line2":null,"city":"OCALA","state":"FL","zip":"34482-6668"},"incomeTract":null,"incomeBlockGroup":null,"nearestRoad":null,"flu":{"code":"rural/agricultural","label":"RURAL/AGRICULTURAL","jurisdiction":"Unincorporated","source":"osceola-flu-12"},"opportunityZone":null,"oz2Eligibility":{"eligible":true,"rural":true,"tractGeoid":"12097043802","tractName":"Census Tract 438.02","designation":"eligible-for-nomination","source":"rev-proc-2026-14"},"appraiserUrl":"https://maps.property-appraiser.org/?Pin=262833000000300000","source":"osceola-parcels-12097","dataGaps":["Acreage band is county TotalAcres from 5.0 through 150.0 on Parcels FeatureServer/3. This replaces the DOH extract.","Owner, mailing, sale, just value, assessed value, DOR code, and estimated tax come from that parcel layer.","Taxable value is the prior-roll PrevTaxabl field, not a current taxable. EstimatedT is an estimate, not a certified bill.","Q_U is stored on lastSale.qualified and is not used to drop sales.","Zoning is a centroid join to Zoning MapServer/13. Misses fall back to the parcel Zone1 code when that field is set.","FLU is a centroid join to Future Land Use FeatureServer/12. A parcel on a boundary gets one code. St. Cloud zoning and FLU override that join when the city PIN matches. Those city layers are not an Osceola county extract. Winter Springs EnerGov is Seminole and is not used.","Osceola and Lake zoning/FLU codes are not in the Orange zoning or FLU knowledge base, so multifamily filters treat them as unknown.","The appraiser link is the public map Pin URL. The CAMA search site is Cloudflare-gated from some networks. gis.osceola.org has an incomplete certificate chain; JSON queries still work.","OZ 2.0 here is the seven-market rural-eligible tract pack only. Income and AADT are joined at query time, not stored on the tile."]},"geometry":{"type":"Polygon","coordinates":[[[-80.989926,28.026694],[-80.989926,28.026597],[-80.989933,28.023682],[-80.98482,28.023664],[-80.984812,28.026676],[-80.989926,28.026694]]]}},{"type":"Feature","id":"12097:272733000000300000","properties":{"id":"12097:272733000000300000","parcelId":"272733000000300000","countyFips":"12097","countyName":"Osceola","state":"Florida","marketIds":["Orlando"],"situsAddress":null,"situsCity":"SAINT CLOUD","situsZip":"34771","jurisdictionCode":null,"ownerName":"ST JOHNS RIVER WATER MGMT DIST","ownerName2":null,"propertyName":null,"zoningCode":"AC","zoningDistrict":"Agricultural","jurisdictionPrefix":null,"dorCode":"8001","acreage":14.606,"acreageSource":"osceola-total-acres","centroid":[-80.996744,28.103677],"lastSale":{"date":"1994-11-15","price":null,"qualified":"U"},"tax":{"marketValue":146100.0,"assessedValue":146100.0,"taxableValue":0.0,"taxes":0.0},"mailingAddress":{"line1":"ATTN MARY LOU PICKLES, DIR BUDGET&MGMT RPTG","line2":"4049 REID ST, PO BOX 1429","city":"PALATKA","state":"FL","zip":"32178-1429"},"incomeTract":null,"incomeBlockGroup":null,"nearestRoad":null,"flu":{"code":"rural/agricultural","label":"RURAL/AGRICULTURAL","jurisdiction":"Unincorporated","source":"osceola-flu-12"},"opportunityZone":null,"oz2Eligibility":{"eligible":true,"rural":true,"tractGeoid":"12097043802","tractName":"Census Tract 438.02","designation":"eligible-for-nomination","source":"rev-proc-2026-14"},"appraiserUrl":"https://maps.property-appraiser.org/?Pin=272733000000300000","source":"osceola-parcels-12097","dataGaps":["Acreage band is county TotalAcres from 5.0 through 150.0 on Parcels FeatureServer/3. This replaces the DOH extract.","Owner, mailing, sale, just value, assessed value, DOR code, and estimated tax come from that parcel layer.","Taxable value is the prior-roll PrevTaxabl field, not a current taxable. EstimatedT is an estimate, not a certified bill.","Q_U is stored on lastSale.qualified and is not used to drop sales.","Zoning is a centroid join to Zoning MapServer/13. Misses fall back to the parcel Zone1 code when that field is set.","FLU is a centroid join to Future Land Use FeatureServer/12. A parcel on a boundary gets one code. St. Cloud zoning and FLU override that join when the city PIN matches. Those city layers are not an Osceola county extract. Winter Springs EnerGov is Seminole and is not used.","Osceola and Lake zoning/FLU codes are not in the Orange zoning or FLU knowledge base, so multifamily filters treat them as unknown.","The appraiser link is the public map Pin URL. The CAMA search site is Cloudflare-gated from some networks. gis.osceola.org has an incomplete certificate chain; JSON queries still work.","OZ 2.0 here is the seven-market rural-eligible tract pack only. Income and AADT are joined at query time, not stored on the tile."]},"geometry":{"type":"Polygon","coordinates":[[[-80.99601,28.106628],[-80.996069,28.106547],[-80.996361,28.106156],[-80.997152,28.103914],[-80.997556,28.103295],[-80.997695,28.102553],[-80.997044,28.10181],[-80.996794,28.101095],[-80.996017,28.101096],[-80.99601,28.106628]]]}},{"type":"Feature","id":"12097:272734000000500000","properties":{"id":"12097:272734000000500000","parcelId":"272734000000500000","countyFips":"12097","countyName":"Osceola","state":"Florida","marketIds":["Orlando"],"situsAddress":"5779 DEER PARK RD","situsCity":"SAINT CLOUD","situsZip":"34773","jurisdictionCode":null,"ownerName":"CORP OF PRES BISHOP OF CHURCH OF JESUS CHRIST LDS","ownerName2":null,"propertyName":null,"zoningCode":"AC","zoningDistrict":"Agricultural","jurisdictionPrefix":null,"dorCode":"7111","acreage":5.0,"acreageSource":"osceola-total-acres","centroid":[-80.896984,28.108616],"lastSale":{"date":"1995-02-07","price":null,"qualified":"Q"},"tax":{"marketValue":1062100.0,"assessedValue":1062100.0,"taxableValue":0.0,"taxes":0.0},"mailingAddress":{"line1":"50 E NORTH TEMPLE FLR 22","line2":null,"city":"SALT LAKE CITY","state":"UT","zip":"84150-0022"},"incomeTract":null,"incomeBlockGroup":null,"nearestRoad":null,"flu":{"code":"mixed use","label":"MIXED USE","jurisdiction":"Unincorporated","source":"osceola-flu-12"},"opportunityZone":null,"oz2Eligibility":{"eligible":false,"rural":null,"tractGeoid":null,"tractName":null,"designation":"not-eligible","source":"rev-proc-2026-14"},"appraiserUrl":"https://maps.property-appraiser.org/?Pin=272734000000500000","source":"osceola-parcels-12097","dataGaps":["Acreage band is county TotalAcres from 5.0 through 150.0 on Parcels FeatureServer/3. This replaces the DOH extract.","Owner, mailing, sale, just value, assessed value, DOR code, and estimated tax come from that parcel layer.","Taxable value is the prior-roll PrevTaxabl field, not a current taxable. EstimatedT is an estimate, not a certified bill.","Q_U is stored on lastSale.qualified and is not used to drop sales.","Zoning is a centroid join to Zoning MapServer/13. Misses fall back to the parcel Zone1 code when that field is set.","FLU is a centroid join to Future Land Use FeatureServer/12. A parcel on a boundary gets one code. St. Cloud zoning and FLU override that join when the city PIN matches. Those city layers are not an Osceola county extract. Winter Springs EnerGov is Seminole and is not used.","Osceola and Lake zoning/FLU codes are not in the Orange zoning or FLU knowledge base, so multifamily filters treat them as unknown.","The appraiser link is the public map Pin URL. The CAMA search site is Cloudflare-gated from some networks. gis.osceola.org has an incomplete certificate chain; JSON queries still work.","OZ 2.0 here is the seven-market rural-eligible tract pack only. Income and AADT are joined at query time, not stored on the tile."]},"geometry":{"type":"Polygon","coordinates":[[[-80.896133,28.108073],[-80.896145,28.109174],[-80.897834,28.109159],[-80.897822,28.108059],[-80.896133,28.108073]]]}},{"type":"Feature","id":"12097:342734295000310010","properties":{"id":"12097:342734295000310010","parcelId":"342734295000310010","countyFips":"12097","countyName":"Osceola","state":"Florida","marketIds":["Orlando"],"situsAddress":"6270 KEMPFER RD","situsCity":"SAINT CLOUD","situsZip":"34773","jurisdictionCode":null,"ownerName":"DEER PARK RANCH LTD","ownerName2":null,"propertyName":null,"zoningCode":"AC","zoningDistrict":"Agricultural","jurisdictionPrefix":null,"dorCode":"5011","acreage":44.59,"acreageSource":"osceola-total-acres","centroid":[-80.895672,28.091861],"lastSale":{"date":"2001-05-08","price":100.0,"qualified":"U"},"tax":{"marketValue":321400.0,"assessedValue":171600.0,"taxableValue":171500.0,"taxes":171600.0},"mailingAddress":{"line1":"6254 KEMPFER RD","line2":null,"city":"SAINT CLOUD","state":"FL","zip":"34773"},"incomeTract":null,"incomeBlockGroup":null,"nearestRoad":null,"flu":{"code":"rural settlement","label":"RURAL SETTLEMENT","jurisdiction":"Unincorporated","source":"osceola-flu-12"},"opportunityZone":null,"oz2Eligibility":{"eligible":true,"rural":true,"tractGeoid":"12097043802","tractName":"Census Tract 438.02","designation":"eligible-for-nomination","source":"rev-proc-2026-14"},"appraiserUrl":"https://maps.property-appraiser.org/?Pin=342734295000310010","source":"osceola-parcels-12097","dataGaps":["Acreage band is county TotalAcres from 5.0 through 150.0 on Parcels FeatureServer/3. This replaces the DOH extract.","Owner, mailing, sale, just value, assessed value, DOR code, and estimated tax come from that parcel layer.","Taxable value is the prior-roll PrevTaxabl field, not a current taxable. EstimatedT is an estimate, not a certified bill.","Q_U is stored on lastSale.qualified and is not used to drop sales.","Zoning is a centroid join to Zoning MapServer/13. Misses fall back to the parcel Zone1 code when that field is set.","FLU is a centroid join to Future Land Use FeatureServer/12. A parcel on a boundary gets one code. St. Cloud zoning and FLU override that join when the city PIN matches. Those city layers are not an Osceola county extract. Winter Springs EnerGov is Seminole and is not used.","Osceola and Lake zoning/FLU codes are not in the Orange zoning or FLU knowledge base, so multifamily filters treat them as unknown.","The appraiser link is the public map Pin URL. The CAMA search site is Cloudflare-gated from some networks. gis.osceola.org has an incomplete certificate chain; JSON queries still work.","OZ 2.0 here is the seven-market rural-eligible tract pack only. Income and AADT are joined at query time, not stored on the tile."]},"geometry":{"type":"MultiPolygon","coordinates":[[[[-80.89624,28.091319],[-80.896054,28.09132],[-80.893812,28.091323],[-80.893813,28.092066],[-80.894929,28.092064],[-80.894929,28.091693],[-80.895301,28.091693],[-80.895302,28.092064],[-80.895674,28.092063],[-80.895674,28.092228],[-80.895767,28.092228],[-80.895767,28.092146],[-80.896013,28.092145],[-80.896013,28.092062],[-80.897732,28.092056],[-80.897728,28.091313],[-80.89624,28.091319]]],[[[-80.891556,28.089766],[-80.89155,28.090253],[-80.893624,28.09025],[-80.893623,28.08928],[-80.891562,28.089283],[-80.891556,28.089766]]],[[[-80.893628,28.092973],[-80.893627,28.092533],[-80.893627,28.092093],[-80.891526,28.092096],[-80.891515,28.092976],[-80.893628,28.092973]]],[[[-80.892699,28.093882],[-80.892885,28.093882],[-80.893629,28.093881],[-80.893628,28.093138],[-80.891513,28.093141],[-80.891503,28.093883],[-80.892699,28.093882]]],[[[-80.893625,28.091158],[-80.893625,28.090787],[-80.893624,28.090415],[-80.891548,28.090418],[-80.891538,28.09116],[-80.893625,28.091158]]],[[[-80.894374,28.09388],[-80.89456,28.09388],[-80.895676,28.093879],[-80.895675,28.093136],[-80.893814,28.093138],[-80.893815,28.093881],[-80.894374,28.09388]]],[[[-80.895674,28.092228],[-80.895637,28.092228],[-80.893813,28.092231],[-80.893814,28.092973],[-80.895675,28.092971],[-80.895674,28.092228]]],[[[-80.895298,28.08984],[-80.894837,28.089279],[-80.893809,28.08928],[-80.89381,28.09025],[-80.895299,28.090248],[-80.895298,28.08984]]],[[[-80.891532,28.091628],[-80.891528,28.091931],[-80.893626,28.091928],[-80.893626,28.091323],[-80.891536,28.091325],[-80.891532,28.091628]]],[[[-80.895485,28.090413],[-80.895448,28.090413],[-80.89381,28.090415],[-80.893811,28.091158],[-80.894742,28.091157],[-80.894741,28.090785],[-80.895114,28.090785],[-80.895114,28.091156],[-80.895672,28.091156],[-80.895672,28.090559],[-80.89564,28.090413],[-80.895485,28.090413]]],[[[-80.89567,28.089761],[-80.89567,28.089337],[-80.89567,28.089278],[-80.895067,28.089279],[-80.895464,28.089761],[-80.89567,28.089761]]]]}},{"type":"Feature","id":"12097:342734296000010790","properties":{"id":"12097:342734296000010790","parcelId":"342734296000010790","countyFips":"12097","countyName":"Osceola","state":"Florida","marketIds":["Orlando"],"situsAddress":"6150 KEMPFER RD","situsCity":"SAINT CLOUD","situsZip":"34773-","jurisdictionCode":null,"ownerName":"KEMPFER SAGE R","ownerName2":null,"propertyName":null,"zoningCode":"AC","zoningDistrict":"Agricultural","jurisdictionPrefix":null,"dorCode":"6011","acreage":9.47,"acreageSource":"osceola-total-acres","centroid":[-80.899083,28.094533],"lastSale":{"date":"2021-01-25","price":330000.0,"qualified":"Q"},"tax":{"marketValue":379000.0,"assessedValue":176606.0,"taxableValue":107852.0,"taxes":125195.0},"mailingAddress":{"line1":"6150 KEMPFER RD","line2":null,"city":"SAINT CLOUD","state":"FL","zip":"34773"},"incomeTract":null,"incomeBlockGroup":null,"nearestRoad":null,"flu":{"code":"rural/agricultural","label":"RURAL/AGRICULTURAL","jurisdiction":"Unincorporated","source":"osceola-flu-12"},"opportunityZone":null,"oz2Eligibility":{"eligible":true,"rural":true,"tractGeoid":"12097043802","tractName":"Census Tract 438.02","designation":"eligible-for-nomination","source":"rev-proc-2026-14"},"appraiserUrl":"https://maps.property-appraiser.org/?Pin=342734296000010790","source":"osceola-parcels-12097","dataGaps":["Acreage band is county TotalAcres from 5.0 through 150.0 on Parcels FeatureServer/3. This replaces the DOH extract.","Owner, mailing, sale, just value, assessed value, DOR code, and estimated tax come from that parcel layer.","Taxable value is the prior-roll PrevTaxabl field, not a current taxable. EstimatedT is an estimate, not a certified bill.","Q_U is stored on lastSale.qualified and is not used to drop sales.","Zoning is a centroid join to Zoning MapServer/13. Misses fall back to the parcel Zone1 code when that field is set.","FLU is a centroid join to Future Land Use FeatureServer/12. A parcel on a boundary gets one code. St. Cloud zoning and FLU override that join when the city PIN matches. Those city layers are not an Osceola county extract. Winter Springs EnerGov is Seminole and is not used.","Osceola and Lake zoning/FLU codes are not in the Orange zoning or FLU knowledge base, so multifamily filters treat them as unknown.","The appraiser link is the public map Pin URL. The CAMA search site is Cloudflare-gated from some networks. gis.osceola.org has an incomplete certificate chain; JSON queries still work.","OZ 2.0 here is the seven-market rural-eligible tract pack only. Income and AADT are joined at query time, not stored on the tile."]},"geometry":{"type":"MultiPolygon","coordinates":[[[[-80.899898,28.093945],[-80.898854,28.093949],[-80.897943,28.093953],[-80.897959,28.095707],[-80.899931,28.095699],[-80.899914,28.093945],[-80.899898,28.093945]]],[[[-80.899602,28.09383],[-80.899416,28.093831],[-80.897927,28.093837],[-80.897927,28.09387],[-80.899788,28.093863],[-80.899788,28.09383],[-80.899602,28.09383]]]]}},{"type":"Feature","id":"12097:322734000000200000","properties":{"id":"12097:322734000000200000","parcelId":"322734000000200000","countyFips":"12097","countyName":"Osceola","state":"Florida","marketIds":["Orlando"],"situsAddress":null,"situsCity":"SAINT CLOUD","situsZip":"34771","jurisdictionCode":null,"ownerName":"ST JOHNS RIVER WATER MGMT DIST","ownerName2":null,"propertyName":null,"zoningCode":"AC","zoningDistrict":"Agricultural","jurisdictionPrefix":null,"dorCode":"8001","acreage":20.038,"acreageSource":"osceola-total-acres","centroid":[-80.929203,28.086458],"lastSale":{"date":null,"price":null,"qualified":"U"},"tax":{"marketValue":150300.0,"assessedValue":150300.0,"taxableValue":0.0,"taxes":0.0},"mailingAddress":{"line1":"ATTN MARY LOU PICKLES, DIR BUDGET&MGMT RPTG","line2":"4049 REID ST, PO BOX 1429","city":"PALATKA","state":"FL","zip":"32178-1429"},"incomeTract":null,"incomeBlockGroup":null,"nearestRoad":null,"flu":{"code":"conservation","label":"CONSERVATION","jurisdiction":"Unincorporated","source":"osceola-flu-12"},"opportunityZone":null,"oz2Eligibility":{"eligible":true,"rural":true,"tractGeoid":"12097043802","tractName":"Census Tract 438.02","designation":"eligible-for-nomination","source":"rev-proc-2026-14"},"appraiserUrl":"https://maps.property-appraiser.org/?Pin=322734000000200000","source":"osceola-parcels-12097","dataGaps":["Acreage band is county TotalAcres from 5.0 through 150.0 on Parcels FeatureServer/3. This replaces the DOH extract.","Owner, mailing, sale, just value, assessed value, DOR code, and estimated tax come from that parcel layer.","Taxable value is the prior-roll PrevTaxabl field, not a current taxable. EstimatedT is an estimate, not a certified bill.","Q_U is stored on lastSale.qualified and is not used to drop sales.","Zoning is a centroid join to Zoning MapServer/13. Misses fall back to the parcel Zone1 code when that field is set.","FLU is a centroid join to Future Land Use FeatureServer/12. A parcel on a boundary gets one code. St. Cloud zoning and FLU override that join when the city PIN matches. Those city layers are not an Osceola county extract. Winter Springs EnerGov is Seminole and is not used.","Osceola and Lake zoning/FLU codes are not in the Orange zoning or FLU knowledge base, so multifamily filters treat them as unknown.","The appraiser link is the public map Pin URL. The CAMA search site is Cloudflare-gated from some networks. gis.osceola.org has an incomplete certificate chain; JSON queries still work.","OZ 2.0 here is the seven-market rural-eligible tract pack only. Income and AADT are joined at query time, not stored on the tile."]},"geometry":{"type":"Polygon","coordinates":[[[-80.930232,28.088271],[-80.930225,28.08464],[-80.928178,28.084646],[-80.928178,28.088277],[-80.930232,28.088271]]]}},{"type":"Feature","id":"12097:332734000000100000","properties":{"id":"12097:332734000000100000","parcelId":"332734000000100000","countyFips":"12097","countyName":"Osceola","state":"Florida","marketIds":["Orlando"],"situsAddress":null,"situsCity":"SAINT CLOUD","situsZip":"34771","jurisdictionCode":null,"ownerName":"DEER PARK RANCH LTD","ownerName2":null,"propertyName":null,"zoningCode":"AC","zoningDistrict":"Agricultural","jurisdictionPrefix":null,"dorCode":"6001","acreage":88.28,"acreageSource":"osceola-total-acres","centroid":[-80.914094,28.094847],"lastSale":{"date":"2001-05-08","price":100.0,"qualified":"U"},"tax":{"marketValue":353100.0,"assessedValue":11700.0,"taxableValue":11700.0,"taxes":11700.0},"mailingAddress":{"line1":"6254 KEMPFER ROAD","line2":null,"city":"SAINT CLOUD","state":"FL","zip":"34773"},"incomeTract":null,"incomeBlockGroup":null,"nearestRoad":null,"flu":{"code":"rural/agricultural","label":"RURAL/AGRICULTURAL","jurisdiction":"Unincorporated","source":"osceola-flu-12"},"opportunityZone":null,"oz2Eligibility":{"eligible":true,"rural":true,"tractGeoid":"12097043802","tractName":"Census Tract 438.02","designation":"eligible-for-nomination","source":"rev-proc-2026-14"},"appraiserUrl":"https://maps.property-appraiser.org/?Pin=332734000000100000","source":"osceola-parcels-12097","dataGaps":["Acreage band is county TotalAcres from 5.0 through 150.0 on Parcels FeatureServer/3. This replaces the DOH extract.","Owner, mailing, sale, just value, assessed value, DOR code, and estimated tax come from that parcel layer.","Taxable value is the prior-roll PrevTaxabl field, not a current taxable. EstimatedT is an estimate, not a certified bill.","Q_U is stored on lastSale.qualified and is not used to drop sales.","Zoning is a centroid join to Zoning MapServer/13. Misses fall back to the parcel Zone1 code when that field is set.","FLU is a centroid join to Future Land Use FeatureServer/12. A parcel on a boundary gets one code. St. Cloud zoning and FLU override that join when the city PIN matches. Those city layers are not an Osceola county extract. Winter Springs EnerGov is Seminole and is not used.","Osceola and Lake zoning/FLU codes are not in the Orange zoning or FLU knowledge base, so multifamily filters treat them as unknown.","The appraiser link is the public map Pin URL. The CAMA search site is Cloudflare-gated from some networks. gis.osceola.org has an incomplete certificate chain; JSON queries still work.","OZ 2.0 here is the seven-market rural-eligible tract pack only. Income and AADT are joined at query time, not stored on the tile."]},"geometry":{"type":"Polygon","coordinates":[[[-80.912275,28.091937],[-80.912275,28.091958],[-80.912312,28.099207],[-80.919409,28.099201],[-80.914201,28.091932],[-80.912275,28.091937]]]}},{"type":"Feature","id":"12097:342734295000080010","properties":{"id":"12097:342734295000080010","parcelId":"342734295000080010","countyFips":"12097","countyName":"Osceola","state":"Florida","marketIds":["Orlando"],"situsAddress":"6210 KEMPFER RD","situsCity":"SAINT CLOUD","situsZip":"34773","jurisdictionCode":null,"ownerName":"KEMPFER WILLIAM HOPKINS","ownerName2":"KEMPFER SUSAN","propertyName":null,"zoningCode":"AC","zoningDistrict":"Agricultural","jurisdictionPrefix":null,"dorCode":"6011","acreage":7.87,"acreageSource":"osceola-total-acres","centroid":[-80.899068,28.092463],"lastSale":{"date":"2007-09-10","price":100.0,"qualified":"U"},"tax":{"marketValue":436700.0,"assessedValue":325307.0,"taxableValue":261704.0,"taxes":273896.0},"mailingAddress":{"line1":"6210 KEMPFER RD","line2":null,"city":"SAINT CLOUD","state":"FL","zip":"34773"},"incomeTract":null,"incomeBlockGroup":null,"nearestRoad":null,"flu":{"code":"rural settlement","label":"RURAL SETTLEMENT","jurisdiction":"Unincorporated","source":"osceola-flu-12"},"opportunityZone":null,"oz2Eligibility":{"eligible":true,"rural":true,"tractGeoid":"12097043802","tractName":"Census Tract 438.02","designation":"eligible-for-nomination","source":"rev-proc-2026-14"},"appraiserUrl":"https://maps.property-appraiser.org/?Pin=342734295000080010","source":"osceola-parcels-12097","dataGaps":["Acreage band is county TotalAcres from 5.0 through 150.0 on Parcels FeatureServer/3. This replaces the DOH extract.","Owner, mailing, sale, just value, assessed value, DOR code, and estimated tax come from that parcel layer.","Taxable value is the prior-roll PrevTaxabl field, not a current taxable. EstimatedT is an estimate, not a certified bill.","Q_U is stored on lastSale.qualified and is not used to drop sales.","Zoning is a centroid join to Zoning MapServer/13. Misses fall back to the parcel Zone1 code when that field is set.","FLU is a centroid join to Future Land Use FeatureServer/12. A parcel on a boundary gets one code. St. Cloud zoning and FLU override that join when the city PIN matches. Those city layers are not an Osceola county extract. Winter Springs EnerGov is Seminole and is not used.","Osceola and Lake zoning/FLU codes are not in the Orange zoning or FLU knowledge base, so multifamily filters treat them as unknown.","The appraiser link is the public map Pin URL. The CAMA search site is Cloudflare-gated from some networks. gis.osceola.org has an incomplete certificate chain; JSON queries still work.","OZ 2.0 here is the seven-market rural-eligible tract pack only. Income and AADT are joined at query time, not stored on the tile."]},"geometry":{"type":"MultiPolygon","coordinates":[[[[-80.899594,28.092214],[-80.899408,28.092214],[-80.897919,28.09222],[-80.897922,28.092963],[-80.899783,28.092956],[-80.89978,28.092213],[-80.899594,28.092214]]],[[[-80.899598,28.093121],[-80.899412,28.093122],[-80.897923,28.093128],[-80.897925,28.093578],[-80.899786,28.09357],[-80.899784,28.093121],[-80.899598,28.093121]]],[[[-80.900373,28.092211],[-80.900186,28.092211],[-80.899966,28.092212],[-80.89997,28.092955],[-80.900562,28.092953],[-80.900559,28.09221],[-80.900373,28.092211]]],[[[-80.900377,28.093118],[-80.900191,28.093119],[-80.89997,28.09312],[-80.899973,28.09357],[-80.900565,28.093567],[-80.900563,28.093118],[-80.900377,28.093118]]]]}},{"type":"Feature","id":"12097:342734296000010090","properties":{"id":"12097:342734296000010090","parcelId":"342734296000010090","countyFips":"12097","countyName":"Osceola","state":"Florida","marketIds":["Orlando"],"situsAddress":null,"situsCity":"SAINT CLOUD","situsZip":"34771","jurisdictionCode":null,"ownerName":"KEMPFER SANDRA D","ownerName2":null,"propertyName":null,"zoningCode":"AC","zoningDistrict":"Agricultural","jurisdictionPrefix":null,"dorCode":"6001","acreage":34.81,"acreageSource":"osceola-total-acres","centroid":[-80.910053,28.08967],"lastSale":{"date":"2021-01-08","price":null,"qualified":"U"},"tax":{"marketValue":139200.0,"assessedValue":4700.0,"taxableValue":4700.0,"taxes":4700.0},"mailingAddress":{"line1":"13212 CENTRE ST","line2":null,"city":"SAINT CLOUD","state":"FL","zip":"34773"},"incomeTract":null,"incomeBlockGroup":null,"nearestRoad":null,"flu":{"code":"rural/agricultural","label":"RURAL/AGRICULTURAL","jurisdiction":"Unincorporated","source":"osceola-flu-12"},"opportunityZone":null,"oz2Eligibility":{"eligible":true,"rural":true,"tractGeoid":"12097043802","tractName":"Census Tract 438.02","designation":"eligible-for-nomination","source":"rev-proc-2026-14"},"appraiserUrl":"https://maps.property-appraiser.org/?Pin=342734296000010090","source":"osceola-parcels-12097","dataGaps":["Acreage band is county TotalAcres from 5.0 through 150.0 on Parcels FeatureServer/3. This replaces the DOH extract.","Owner, mailing, sale, just value, assessed value, DOR code, and estimated tax come from that parcel layer.","Taxable value is the prior-roll PrevTaxabl field, not a current taxable. EstimatedT is an estimate, not a certified bill.","Q_U is stored on lastSale.qualified and is not used to drop sales.","Zoning is a centroid join to Zoning MapServer/13. Misses fall back to the parcel Zone1 code when that field is set.","FLU is a centroid join to Future Land Use FeatureServer/12. A parcel on a boundary gets one code. St. Cloud zoning and FLU override that join when the city PIN matches. Those city layers are not an Osceola county extract. Winter Springs EnerGov is Seminole and is not used.","Osceola and Lake zoning/FLU codes are not in the Orange zoning or FLU knowledge base, so multifamily filters treat them as unknown.","The appraiser link is the public map Pin URL. The CAMA search site is Cloudflare-gated from some networks. gis.osceola.org has an incomplete certificate chain; JSON queries still work.","OZ 2.0 here is the seven-market rural-eligible tract pack only. Income and AADT are joined at query time, not stored on the tile."]},"geometry":{"type":"Polygon","coordinates":[[[-80.908129,28.088467],[-80.908134,28.089375],[-80.908147,28.092098],[-80.912121,28.092082],[-80.912107,28.089359],[-80.91176,28.089361],[-80.911757,28.088907],[-80.909164,28.088917],[-80.909161,28.088463],[-80.908129,28.088467]]]}},{"type":"Feature","id":"12097:342734296000010590","properties":{"id":"12097:342734296000010590","parcelId":"342734296000010590","countyFips":"12097","countyName":"Osceola","state":"Florida","marketIds":["Orlando"],"situsAddress":"CENTRE ST","situsCity":"SAINT CLOUD","situsZip":"34771-","jurisdictionCode":null,"ownerName":"DEER PARK RANCH LTD","ownerName2":null,"propertyName":null,"zoningCode":"AC","zoningDistrict":"Agricultural","jurisdictionPrefix":null,"dorCode":"6001","acreage":10.13,"acreageSource":"osceola-total-acres","centroid":[-80.901516,28.089022],"lastSale":{"date":"2019-07-02","price":null,"qualified":"U"},"tax":{"marketValue":40500.0,"assessedValue":1000.0,"taxableValue":1000.0,"taxes":1000.0},"mailingAddress":{"line1":"C/O WILLIAM C KEMPFER REGISTER AGENT","line2":"6254 KEMPFER RD","city":"SAINT CLOUD","state":"FL","zip":"34773"},"incomeTract":null,"incomeBlockGroup":null,"nearestRoad":null,"flu":{"code":"rural/agricultural","label":"RURAL/AGRICULTURAL","jurisdiction":"Unincorporated","source":"osceola-flu-12"},"opportunityZone":null,"oz2Eligibility":{"eligible":true,"rural":true,"tractGeoid":"12097043802","tractName":"Census Tract 438.02","designation":"eligible-for-nomination","source":"rev-proc-2026-14"},"appraiserUrl":"https://maps.property-appraiser.org/?Pin=342734296000010590","source":"osceola-parcels-12097","dataGaps":["Acreage band is county TotalAcres from 5.0 through 150.0 on Parcels FeatureServer/3. This replaces the DOH extract.","Owner, mailing, sale, just value, assessed value, DOR code, and estimated tax come from that parcel layer.","Taxable value is the prior-roll PrevTaxabl field, not a current taxable. EstimatedT is an estimate, not a certified bill.","Q_U is stored on lastSale.qualified and is not used to drop sales.","Zoning is a centroid join to Zoning MapServer/13. Misses fall back to the parcel Zone1 code when that field is set.","FLU is a centroid join to Future Land Use FeatureServer/12. A parcel on a boundary gets one code. St. Cloud zoning and FLU override that join when the city PIN matches. Those city layers are not an Osceola county extract. Winter Springs EnerGov is Seminole and is not used.","Osceola and Lake zoning/FLU codes are not in the Orange zoning or FLU knowledge base, so multifamily filters treat them as unknown.","The appraiser link is the public map Pin URL. The CAMA search site is Cloudflare-gated from some networks. gis.osceola.org has an incomplete certificate chain; JSON queries still work.","OZ 2.0 here is the seven-market rural-eligible tract pack only. Income and AADT are joined at query time, not stored on the tile."]},"geometry":{"type":"Polygon","coordinates":[[[-80.899855,28.088499],[-80.899859,28.089328],[-80.899859,28.089407],[-80.904005,28.089391],[-80.904,28.088483],[-80.899855,28.088499]]]}},{"type":"Feature","id":"12097:342734296000010770","properties":{"id":"12097:342734296000010770","parcelId":"342734296000010770","countyFips":"12097","countyName":"Osceola","state":"Florida","marketIds":["Orlando"],"situsAddress":"6100 KEMPFER RD","situsCity":"SAINT CLOUD","situsZip":"34773-","jurisdictionCode":null,"ownerName":"SCHAFFER MARIAN E RLE","ownerName2":null,"propertyName":null,"zoningCode":"AC","zoningDistrict":"Agricultural","jurisdictionPrefix":null,"dorCode":"0111","acreage":9.92,"acreageSource":"osceola-total-acres","centroid":[-80.898755,28.096464],"lastSale":{"date":"2024-01-01","price":null,"qualified":"U"},"tax":{"marketValue":277900.0,"assessedValue":148891.0,"taxableValue":90892.0,"taxes":97480.0},"mailingAddress":{"line1":"2590 HOOPER RD","line2":null,"city":"COCOA","state":"FL","zip":"32926-4329"},"incomeTract":null,"incomeBlockGroup":null,"nearestRoad":null,"flu":{"code":"rural/agricultural","label":"RURAL/AGRICULTURAL","jurisdiction":"Unincorporated","source":"osceola-flu-12"},"opportunityZone":null,"oz2Eligibility":{"eligible":true,"rural":true,"tractGeoid":"12097043802","tractName":"Census Tract 438.02","designation":"eligible-for-nomination","source":"rev-proc-2026-14"},"appraiserUrl":"https://maps.property-appraiser.org/?Pin=342734296000010770","source":"osceola-parcels-12097","dataGaps":["Acreage band is county TotalAcres from 5.0 through 150.0 on Parcels FeatureServer/3. This replaces the DOH extract.","Owner, mailing, sale, just value, assessed value, DOR code, and estimated tax come from that parcel layer.","Taxable value is the prior-roll PrevTaxabl field, not a current taxable. EstimatedT is an estimate, not a certified bill.","Q_U is stored on lastSale.qualified and is not used to drop sales.","Zoning is a centroid join to Zoning MapServer/13. Misses fall back to the parcel Zone1 code when that field is set.","FLU is a centroid join to Future Land Use FeatureServer/12. A parcel on a boundary gets one code. St. Cloud zoning and FLU override that join when the city PIN matches. Those city layers are not an Osceola county extract. Winter Springs EnerGov is Seminole and is not used.","Osceola and Lake zoning/FLU codes are not in the Orange zoning or FLU knowledge base, so multifamily filters treat them as unknown.","The appraiser link is the public map Pin URL. The CAMA search site is Cloudflare-gated from some networks. gis.osceola.org has an incomplete certificate chain; JSON queries still work.","OZ 2.0 here is the seven-market rural-eligible tract pack only. Income and AADT are joined at query time, not stored on the tile."]},"geometry":{"type":"Polygon","coordinates":[[[-80.897959,28.095707],[-80.89796,28.095768],[-80.897977,28.097577],[-80.899948,28.09757],[-80.899931,28.095699],[-80.897959,28.095707]]]}},{"type":"Feature","id":"12097:342734296000011330","properties":{"id":"12097:342734296000011330","parcelId":"342734296000011330","countyFips":"12097","countyName":"Osceola","state":"Florida","marketIds":["Orlando"],"situsAddress":null,"situsCity":"SAINT CLOUD","situsZip":"34771","jurisdictionCode":null,"ownerName":"KEMPFER CAROLYN R EST","ownerName2":"KEMPFER GEORGE REED PR / KEMPFER WILLIAM CLYDE","propertyName":null,"zoningCode":"AC","zoningDistrict":"Agricultural","jurisdictionPrefix":null,"dorCode":"6001","acreage":18.0,"acreageSource":"osceola-total-acres","centroid":[-80.888267,28.097277],"lastSale":{"date":"1981-01-16","price":160800.0,"qualified":"U"},"tax":{"marketValue":72000.0,"assessedValue":1400.0,"taxableValue":1400.0,"taxes":1400.0},"mailingAddress":{"line1":"6254 KEMPFER RD","line2":null,"city":"SAINT CLOUD","state":"FL","zip":"34773-9363"},"incomeTract":null,"incomeBlockGroup":null,"nearestRoad":null,"flu":{"code":"rural/agricultural","label":"RURAL/AGRICULTURAL","jurisdiction":"Unincorporated","source":"osceola-flu-12"},"opportunityZone":null,"oz2Eligibility":{"eligible":false,"rural":null,"tractGeoid":null,"tractName":null,"designation":"not-eligible","source":"rev-proc-2026-14"},"appraiserUrl":"https://maps.property-appraiser.org/?Pin=342734296000011330","source":"osceola-parcels-12097","dataGaps":["Acreage band is county TotalAcres from 5.0 through 150.0 on Parcels FeatureServer/3. This replaces the DOH extract.","Owner, mailing, sale, just value, assessed value, DOR code, and estimated tax come from that parcel layer.","Taxable value is the prior-roll PrevTaxabl field, not a current taxable. EstimatedT is an estimate, not a certified bill.","Q_U is stored on lastSale.qualified and is not used to drop sales.","Zoning is a centroid join to Zoning MapServer/13. Misses fall back to the parcel Zone1 code when that field is set.","FLU is a centroid join to Future Land Use FeatureServer/12. A parcel on a boundary gets one code. St. Cloud zoning and FLU override that join when the city PIN matches. Those city layers are not an Osceola county extract. Winter Springs EnerGov is Seminole and is not used.","Osceola and Lake zoning/FLU codes are not in the Orange zoning or FLU knowledge base, so multifamily filters treat them as unknown.","The appraiser link is the public map Pin URL. The CAMA search site is Cloudflare-gated from some networks. gis.osceola.org has an incomplete certificate chain; JSON queries still work.","OZ 2.0 here is the seven-market rural-eligible tract pack only. Income and AADT are joined at query time, not stored on the tile."]},"geometry":{"type":"Polygon","coordinates":[[[-80.887255,28.099157],[-80.889296,28.099161],[-80.88933,28.096469],[-80.88816,28.095797],[-80.887295,28.095799],[-80.887255,28.099157]]]}},{"type":"Feature","id":"12097:352733000049200000","properties":{"id":"12097:352733000049200000","parcelId":"352733000049200000","countyFips":"12097","countyName":"Osceola","state":"Florida","marketIds":["Orlando"],"situsAddress":"6388 DAYE RD","situsCity":"SAINT CLOUD","situsZip":"34773","jurisdictionCode":null,"ownerName":"HALL RODNEY S","ownerName2":null,"propertyName":null,"zoningCode":"AC","zoningDistrict":"Agricultural","jurisdictionPrefix":null,"dorCode":"0011","acreage":5.03,"acreageSource":"osceola-total-acres","centroid":[-80.983607,28.086899],"lastSale":{"date":"2004-04-21","price":2000.0,"qualified":"U"},"tax":{"marketValue":33200.0,"assessedValue":17880.0,"taxableValue":14778.0,"taxes":17880.0},"mailingAddress":{"line1":"4 NINA JEAN DR","line2":null,"city":"WEST MELBOURNE","state":"FL","zip":"32904"},"incomeTract":null,"incomeBlockGroup":null,"nearestRoad":null,"flu":{"code":"rural/agricultural","label":"RURAL/AGRICULTURAL","jurisdiction":"Unincorporated","source":"osceola-flu-12"},"opportunityZone":null,"oz2Eligibility":{"eligible":true,"rural":true,"tractGeoid":"12097043802","tractName":"Census Tract 438.02","designation":"eligible-for-nomination","source":"rev-proc-2026-14"},"appraiserUrl":"https://maps.property-appraiser.org/?Pin=352733000049200000","source":"osceola-parcels-12097","dataGaps":["Acreage band is county TotalAcres from 5.0 through 150.0 on Parcels FeatureServer/3. This replaces the DOH extract.","Owner, mailing, sale, just value, assessed value, DOR code, and estimated tax come from that parcel layer.","Taxable value is the prior-roll PrevTaxabl field, not a current taxable. EstimatedT is an estimate, not a certified bill.","Q_U is stored on lastSale.qualified and is not used to drop sales.","Zoning is a centroid join to Zoning MapServer/13. Misses fall back to the parcel Zone1 code when that field is set.","FLU is a centroid join to Future Land Use FeatureServer/12. A parcel on a boundary gets one code. St. Cloud zoning and FLU override that join when the city PIN matches. Those city layers are not an Osceola county extract. Winter Springs EnerGov is Seminole and is not used.","Osceola and Lake zoning/FLU codes are not in the Orange zoning or FLU knowledge base, so multifamily filters treat them as unknown.","The appraiser link is the public map Pin URL. The CAMA search site is Cloudflare-gated from some networks. gis.osceola.org has an incomplete certificate chain; JSON queries still work.","OZ 2.0 here is the seven-market rural-eligible tract pack only. Income and AADT are joined at query time, not stored on the tile."]},"geometry":{"type":"Polygon","coordinates":[[[-80.983602,28.087505],[-80.98368,28.087504],[-80.98463,28.087498],[-80.984622,28.086135],[-80.983594,28.086142],[-80.983597,28.086596],[-80.982569,28.086604],[-80.982572,28.087058],[-80.983599,28.087051],[-80.983602,28.087505]]]}},{"type":"Feature","id":"12097:352733000053700000","properties":{"id":"12097:352733000053700000","parcelId":"352733000053700000","countyFips":"12097","countyName":"Osceola","state":"Florida","marketIds":["Orlando"],"situsAddress":"6380 DAYE RD","situsCity":"SAINT CLOUD","situsZip":"34773-","jurisdictionCode":null,"ownerName":"DAYE DURWARD F","ownerName2":"DAYE MARTHA J","propertyName":null,"zoningCode":"AC","zoningDistrict":"Agricultural","jurisdictionPrefix":null,"dorCode":"0111","acreage":10.06,"acreageSource":"osceola-total-acres","centroid":[-80.985647,28.085673],"lastSale":{"date":"1987-08-01","price":null,"qualified":"U"},"tax":{"marketValue":119800.0,"assessedValue":67638.0,"taxableValue":0.0,"taxes":0.0},"mailingAddress":{"line1":"6380 DAYE RD","line2":null,"city":"SAINT CLOUD","state":"FL","zip":"34773-9347"},"incomeTract":null,"incomeBlockGroup":null,"nearestRoad":null,"flu":{"code":"rural/agricultural","label":"RURAL/AGRICULTURAL","jurisdiction":"Unincorporated","source":"osceola-flu-12"},"opportunityZone":null,"oz2Eligibility":{"eligible":true,"rural":true,"tractGeoid":"12097043802","tractName":"Census Tract 438.02","designation":"eligible-for-nomination","source":"rev-proc-2026-14"},"appraiserUrl":"https://maps.property-appraiser.org/?Pin=352733000053700000","source":"osceola-parcels-12097","dataGaps":["Acreage band is county TotalAcres from 5.0 through 150.0 on Parcels FeatureServer/3. This replaces the DOH extract.","Owner, mailing, sale, just value, assessed value, DOR code, and estimated tax come from that parcel layer.","Taxable value is the prior-roll PrevTaxabl field, not a current taxable. EstimatedT is an estimate, not a certified bill.","Q_U is stored on lastSale.qualified and is not used to drop sales.","Zoning is a centroid join to Zoning MapServer/13. Misses fall back to the parcel Zone1 code when that field is set.","FLU is a centroid join to Future Land Use FeatureServer/12. A parcel on a boundary gets one code. St. Cloud zoning and FLU override that join when the city PIN matches. Those city layers are not an Osceola county extract. Winter Springs EnerGov is Seminole and is not used.","Osceola and Lake zoning/FLU codes are not in the Orange zoning or FLU knowledge base, so multifamily filters treat them as unknown.","The appraiser link is the public map Pin URL. The CAMA search site is Cloudflare-gated from some networks. gis.osceola.org has an incomplete certificate chain; JSON queries still work.","OZ 2.0 here is the seven-market rural-eligible tract pack only. Income and AADT are joined at query time, not stored on the tile."]},"geometry":{"type":"Polygon","coordinates":[[[-80.983589,28.085234],[-80.983594,28.086142],[-80.987705,28.086112],[-80.987699,28.085202],[-80.983589,28.085234]]]}},{"type":"Feature","id":"12097:352733000054600000","properties":{"id":"12097:352733000054600000","parcelId":"352733000054600000","countyFips":"12097","countyName":"Osceola","state":"Florida","marketIds":["Orlando"],"situsAddress":"6385 PALM FROND RD","situsCity":"SAINT CLOUD","situsZip":"34773","jurisdictionCode":null,"ownerName":"ALVAREZ MARTE ELENISE","ownerName2":null,"propertyName":null,"zoningCode":"AC","zoningDistrict":"Agricultural","jurisdictionPrefix":null,"dorCode":"0211","acreage":5.66,"acreageSource":"osceola-total-acres","centroid":[-80.993877,28.085133],"lastSale":{"date":"2016-08-02","price":64000.0,"qualified":"Q"},"tax":{"marketValue":106300.0,"assessedValue":86029.0,"taxableValue":31408.0,"taxes":34618.0},"mailingAddress":{"line1":"6385 PALM FROND RD","line2":null,"city":"SAINT CLOUD","state":"FL","zip":"34773"},"incomeTract":null,"incomeBlockGroup":null,"nearestRoad":null,"flu":{"code":"rural/agricultural","label":"RURAL/AGRICULTURAL","jurisdiction":"Unincorporated","source":"osceola-flu-12"},"opportunityZone":null,"oz2Eligibility":{"eligible":true,"rural":true,"tractGeoid":"12097043802","tractName":"Census Tract 438.02","designation":"eligible-for-nomination","source":"rev-proc-2026-14"},"appraiserUrl":"https://maps.property-appraiser.org/?Pin=352733000054600000","source":"osceola-parcels-12097","dataGaps":["Acreage band is county TotalAcres from 5.0 through 150.0 on Parcels FeatureServer/3. This replaces the DOH extract.","Owner, mailing, sale, just value, assessed value, DOR code, and estimated tax come from that parcel layer.","Taxable value is the prior-roll PrevTaxabl field, not a current taxable. EstimatedT is an estimate, not a certified bill.","Q_U is stored on lastSale.qualified and is not used to drop sales.","Zoning is a centroid join to Zoning MapServer/13. Misses fall back to the parcel Zone1 code when that field is set.","FLU is a centroid join to Future Land Use FeatureServer/12. A parcel on a boundary gets one code. St. Cloud zoning and FLU override that join when the city PIN matches. Those city layers are not an Osceola county extract. Winter Springs EnerGov is Seminole and is not used.","Osceola and Lake zoning/FLU codes are not in the Orange zoning or FLU knowledge base, so multifamily filters treat them as unknown.","The appraiser link is the public map Pin URL. The CAMA search site is Cloudflare-gated from some networks. gis.osceola.org has an incomplete certificate chain; JSON queries still work.","OZ 2.0 here is the seven-market rural-eligible tract pack only. Income and AADT are joined at query time, not stored on the tile."]},"geometry":{"type":"Polygon","coordinates":[[[-80.993868,28.085609],[-80.993946,28.085608],[-80.994897,28.085601],[-80.99489,28.084394],[-80.992833,28.084405],[-80.992838,28.085161],[-80.993866,28.085152],[-80.993868,28.085609]]]}},{"type":"Feature","id":"12097:362733000010000000","properties":{"id":"12097:362733000010000000","parcelId":"362733000010000000","countyFips":"12097","countyName":"Osceola","state":"Florida","marketIds":["Orlando"],"situsAddress":"POWERS RD","situsCity":"SAINT CLOUD","situsZip":"34773-","jurisdictionCode":null,"ownerName":"MELOON DANIEL C","ownerName2":"MELOON MELISSA","propertyName":null,"zoningCode":"AC","zoningDistrict":"Agricultural","jurisdictionPrefix":null,"dorCode":"0001","acreage":5.0,"acreageSource":"osceola-total-acres","centroid":[-80.964299,28.098197],"lastSale":{"date":"2010-09-14","price":54000.0,"qualified":"U"},"tax":{"marketValue":72000.0,"assessedValue":13176.0,"taxableValue":10890.0,"taxes":13176.0},"mailingAddress":{"line1":"5308 LAZY OAKS LN","line2":null,"city":"ORLANDO","state":"FL","zip":"32839"},"incomeTract":null,"incomeBlockGroup":null,"nearestRoad":null,"flu":{"code":"rural/agricultural","label":"RURAL/AGRICULTURAL","jurisdiction":"Unincorporated","source":"osceola-flu-12"},"opportunityZone":null,"oz2Eligibility":{"eligible":true,"rural":true,"tractGeoid":"12097043802","tractName":"Census Tract 438.02","designation":"eligible-for-nomination","source":"rev-proc-2026-14"},"appraiserUrl":"https://maps.property-appraiser.org/?Pin=362733000010000000","source":"osceola-parcels-12097","dataGaps":["Acreage band is county TotalAcres from 5.0 through 150.0 on Parcels FeatureServer/3. This replaces the DOH extract.","Owner, mailing, sale, just value, assessed value, DOR code, and estimated tax come from that parcel layer.","Taxable value is the prior-roll PrevTaxabl field, not a current taxable. EstimatedT is an estimate, not a certified bill.","Q_U is stored on lastSale.qualified and is not used to drop sales.","Zoning is a centroid join to Zoning MapServer/13. Misses fall back to the parcel Zone1 code when that field is set.","FLU is a centroid join to Future Land Use FeatureServer/12. A parcel on a boundary gets one code. St. Cloud zoning and FLU override that join when the city PIN matches. Those city layers are not an Osceola county extract. Winter Springs EnerGov is Seminole and is not used.","Osceola and Lake zoning/FLU codes are not in the Orange zoning or FLU knowledge base, so multifamily filters treat them as unknown.","The appraiser link is the public map Pin URL. The CAMA search site is Cloudflare-gated from some networks. gis.osceola.org has an incomplete certificate chain; JSON queries still work.","OZ 2.0 here is the seven-market rural-eligible tract pack only. Income and AADT are joined at query time, not stored on the tile."]},"geometry":{"type":"Polygon","coordinates":[[[-80.965106,28.097545],[-80.964163,28.097549],[-80.964165,28.098457],[-80.963145,28.098461],[-80.963146,28.098915],[-80.965187,28.098906],[-80.965183,28.097545],[-80.965106,28.097545]]]}},{"type":"Feature","id":"12097:362733000011500000","properties":{"id":"12097:362733000011500000","parcelId":"362733000011500000","countyFips":"12097","countyName":"Osceola","state":"Florida","marketIds":["Orlando"],"situsAddress":"7165 CRABGRASS RD","situsCity":"SAINT CLOUD","situsZip":"34773-","jurisdictionCode":null,"ownerName":"MELOON DANIEL C","ownerName2":"MELOON MELISSA","propertyName":null,"zoningCode":"AC","zoningDistrict":"Agricultural","jurisdictionPrefix":null,"dorCode":"0211","acreage":5.0,"acreageSource":"osceola-total-acres","centroid":[-80.966362,28.097844],"lastSale":{"date":"2010-09-14","price":54000.0,"qualified":"U"},"tax":{"marketValue":130700.0,"assessedValue":64839.0,"taxableValue":53587.0,"taxes":64839.0},"mailingAddress":{"line1":"5308 LAZY OAKS LN","line2":null,"city":"ORLANDO","state":"FL","zip":"32839"},"incomeTract":null,"incomeBlockGroup":null,"nearestRoad":null,"flu":{"code":"rural/agricultural","label":"RURAL/AGRICULTURAL","jurisdiction":"Unincorporated","source":"osceola-flu-12"},"opportunityZone":null,"oz2Eligibility":{"eligible":true,"rural":true,"tractGeoid":"12097043802","tractName":"Census Tract 438.02","designation":"eligible-for-nomination","source":"rev-proc-2026-14"},"appraiserUrl":"https://maps.property-appraiser.org/?Pin=362733000011500000","source":"osceola-parcels-12097","dataGaps":["Acreage band is county TotalAcres from 5.0 through 150.0 on Parcels FeatureServer/3. This replaces the DOH extract.","Owner, mailing, sale, just value, assessed value, DOR code, and estimated tax come from that parcel layer.","Taxable value is the prior-roll PrevTaxabl field, not a current taxable. EstimatedT is an estimate, not a certified bill.","Q_U is stored on lastSale.qualified and is not used to drop sales.","Zoning is a centroid join to Zoning MapServer/13. Misses fall back to the parcel Zone1 code when that field is set.","FLU is a centroid join to Future Land Use FeatureServer/12. A parcel on a boundary gets one code. St. Cloud zoning and FLU override that join when the city PIN matches. Those city layers are not an Osceola county extract. Winter Springs EnerGov is Seminole and is not used.","Osceola and Lake zoning/FLU codes are not in the Orange zoning or FLU knowledge base, so multifamily filters treat them as unknown.","The appraiser link is the public map Pin URL. The CAMA search site is Cloudflare-gated from some networks. gis.osceola.org has an incomplete certificate chain; JSON queries still work.","OZ 2.0 here is the seven-market rural-eligible tract pack only. Income and AADT are joined at query time, not stored on the tile."]},"geometry":{"type":"Polygon","coordinates":[[[-80.967147,28.097538],[-80.966204,28.097542],[-80.965183,28.097546],[-80.965186,28.098454],[-80.967226,28.098445],[-80.967224,28.097537],[-80.967147,28.097538]]]}},{"type":"Feature","id":"12097:362733000019200000","properties":{"id":"12097:362733000019200000","parcelId":"362733000019200000","countyFips":"12097","countyName":"Osceola","state":"Florida","marketIds":["Orlando"],"situsAddress":"6799 CHAD JASON RD","situsCity":"SAINT CLOUD","situsZip":"34773-","jurisdictionCode":null,"ownerName":"COUCH JESSICA ALICE","ownerName2":"COUCH KEITH MICHAEL","propertyName":null,"zoningCode":"AC","zoningDistrict":"Agricultural","jurisdictionPrefix":null,"dorCode":"0111","acreage":5.0,"acreageSource":"osceola-total-acres","centroid":[-80.974501,28.095437],"lastSale":{"date":"2025-04-10","price":387000.0,"qualified":"Q"},"tax":{"marketValue":106300.0,"assessedValue":106300.0,"taxableValue":42089.0,"taxes":106300.0},"mailingAddress":{"line1":"6799 CHAD JASON RD","line2":null,"city":"SAINT CLOUD","state":"FL","zip":"34773"},"incomeTract":null,"incomeBlockGroup":null,"nearestRoad":null,"flu":{"code":"rural/agricultural","label":"RURAL/AGRICULTURAL","jurisdiction":"Unincorporated","source":"osceola-flu-12"},"opportunityZone":null,"oz2Eligibility":{"eligible":true,"rural":true,"tractGeoid":"12097043802","tractName":"Census Tract 438.02","designation":"eligible-for-nomination","source":"rev-proc-2026-14"},"appraiserUrl":"https://maps.property-appraiser.org/?Pin=362733000019200000","source":"osceola-parcels-12097","dataGaps":["Acreage band is county TotalAcres from 5.0 through 150.0 on Parcels FeatureServer/3. This replaces the DOH extract.","Owner, mailing, sale, just value, assessed value, DOR code, and estimated tax come from that parcel layer.","Taxable value is the prior-roll PrevTaxabl field, not a current taxable. EstimatedT is an estimate, not a certified bill.","Q_U is stored on lastSale.qualified and is not used to drop sales.","Zoning is a centroid join to Zoning MapServer/13. Misses fall back to the parcel Zone1 code when that field is set.","FLU is a centroid join to Future Land Use FeatureServer/12. A parcel on a boundary gets one code. St. Cloud zoning and FLU override that join when the city PIN matches. Those city layers are not an Osceola county extract. Winter Springs EnerGov is Seminole and is not used.","Osceola and Lake zoning/FLU codes are not in the Orange zoning or FLU knowledge base, so multifamily filters treat them as unknown.","The appraiser link is the public map Pin URL. The CAMA search site is Cloudflare-gated from some networks. gis.osceola.org has an incomplete certificate chain; JSON queries still work.","OZ 2.0 here is the seven-market rural-eligible tract pack only. Income and AADT are joined at query time, not stored on the tile."]},"geometry":{"type":"Polygon","coordinates":[[[-80.97531,28.094785],[-80.974366,28.094789],[-80.974367,28.095697],[-80.973346,28.0957],[-80.973346,28.096154],[-80.975388,28.096146],[-80.975387,28.094785],[-80.97531,28.094785]]]}},{"type":"Feature","id":"12097:362733000027700000","properties":{"id":"12097:362733000027700000","parcelId":"362733000027700000","countyFips":"12097","countyName":"Osceola","state":"Florida","marketIds":["Orlando"],"situsAddress":"MUSE RD","situsCity":"SAINT CLOUD","situsZip":"34773-","jurisdictionCode":null,"ownerName":"HAMILTON BRUCE","ownerName2":"KEHOE MARGARET MARY","propertyName":null,"zoningCode":"AC","zoningDistrict":"Agricultural","jurisdictionPrefix":null,"dorCode":"0001","acreage":5.0,"acreageSource":"osceola-total-acres","centroid":[-80.97457,28.093517],"lastSale":{"date":"2025-05-07","price":130000.0,"qualified":"Q"},"tax":{"marketValue":72000.0,"assessedValue":72000.0,"taxableValue":31944.0,"taxes":72000.0},"mailingAddress":{"line1":"1513 DANDELION DR","line2":null,"city":"MELBOURNE","state":"FL","zip":"32935"},"incomeTract":null,"incomeBlockGroup":null,"nearestRoad":null,"flu":{"code":"rural/agricultural","label":"RURAL/AGRICULTURAL","jurisdiction":"Unincorporated","source":"osceola-flu-12"},"opportunityZone":null,"oz2Eligibility":{"eligible":true,"rural":true,"tractGeoid":"12097043802","tractName":"Census Tract 438.02","designation":"eligible-for-nomination","source":"rev-proc-2026-14"},"appraiserUrl":"https://maps.property-appraiser.org/?Pin=362733000027700000","source":"osceola-parcels-12097","dataGaps":["Acreage band is county TotalAcres from 5.0 through 150.0 on Parcels FeatureServer/3. This replaces the DOH extract.","Owner, mailing, sale, just value, assessed value, DOR code, and estimated tax come from that parcel layer.","Taxable value is the prior-roll PrevTaxabl field, not a current taxable. EstimatedT is an estimate, not a certified bill.","Q_U is stored on lastSale.qualified and is not used to drop sales.","Zoning is a centroid join to Zoning MapServer/13. Misses fall back to the parcel Zone1 code when that field is set.","FLU is a centroid join to Future Land Use FeatureServer/12. A parcel on a boundary gets one code. St. Cloud zoning and FLU override that join when the city PIN matches. Those city layers are not an Osceola county extract. Winter Springs EnerGov is Seminole and is not used.","Osceola and Lake zoning/FLU codes are not in the Orange zoning or FLU knowledge base, so multifamily filters treat them as unknown.","The appraiser link is the public map Pin URL. The CAMA search site is Cloudflare-gated from some networks. gis.osceola.org has an incomplete certificate chain; JSON queries still work.","OZ 2.0 here is the seven-market rural-eligible tract pack only. Income and AADT are joined at query time, not stored on the tile."]},"geometry":{"type":"Polygon","coordinates":[[[-80.975387,28.093824],[-80.975387,28.092982],[-80.973344,28.092988],[-80.973344,28.0939],[-80.975387,28.093892],[-80.975387,28.093824]]]}},{"type":"Feature","id":"12097:352733000010100000","properties":{"id":"12097:352733000010100000","parcelId":"352733000010100000","countyFips":"12097","countyName":"Osceola","state":"Florida","marketIds":["Orlando"],"situsAddress":"HARRIS RD","situsCity":"SAINT CLOUD","situsZip":"34773-","jurisdictionCode":null,"ownerName":"THOMAS F GRAY & URSULA C GRAY REV TRST","ownerName2":"GRAY THOMAS F TR / GRAY URSULA C TR","propertyName":null,"zoningCode":"AC","zoningDistrict":"Agricultural","jurisdictionPrefix":null,"dorCode":"0001","acreage":5.0,"acreageSource":"osceola-total-acres","centroid":[-80.991198,28.097363],"lastSale":{"date":"2012-02-14","price":100.0,"qualified":"U"},"tax":{"marketValue":54000.0,"assessedValue":10036.0,"taxableValue":8295.0,"taxes":10036.0},"mailingAddress":{"line1":"3440 BRIDLE RIDGE DR","line2":null,"city":"SUWANEE","state":"GA","zip":"30024"},"incomeTract":null,"incomeBlockGroup":null,"nearestRoad":null,"flu":{"code":"rural/agricultural","label":"RURAL/AGRICULTURAL","jurisdiction":"Unincorporated","source":"osceola-flu-12"},"opportunityZone":null,"oz2Eligibility":{"eligible":true,"rural":true,"tractGeoid":"12097043802","tractName":"Census Tract 438.02","designation":"eligible-for-nomination","source":"rev-proc-2026-14"},"appraiserUrl":"https://maps.property-appraiser.org/?Pin=352733000010100000","source":"osceola-parcels-12097","dataGaps":["Acreage band is county TotalAcres from 5.0 through 150.0 on Parcels FeatureServer/3. This replaces the DOH extract.","Owner, mailing, sale, just value, assessed value, DOR code, and estimated tax come from that parcel layer.","Taxable value is the prior-roll PrevTaxabl field, not a current taxable. EstimatedT is an estimate, not a certified bill.","Q_U is stored on lastSale.qualified and is not used to drop sales.","Zoning is a centroid join to Zoning MapServer/13. Misses fall back to the parcel Zone1 code when that field is set.","FLU is a centroid join to Future Land Use FeatureServer/12. A parcel on a boundary gets one code. St. Cloud zoning and FLU override that join when the city PIN matches. Those city layers are not an Osceola county extract. Winter Springs EnerGov is Seminole and is not used.","Osceola and Lake zoning/FLU codes are not in the Orange zoning or FLU knowledge base, so multifamily filters treat them as unknown.","The appraiser link is the public map Pin URL. The CAMA search site is Cloudflare-gated from some networks. gis.osceola.org has an incomplete certificate chain; JSON queries still work.","OZ 2.0 here is the seven-market rural-eligible tract pack only. Income and AADT are joined at query time, not stored on the tile."]},"geometry":{"type":"Polygon","coordinates":[[[-80.990853,28.096989],[-80.990855,28.09744],[-80.990861,28.098341],[-80.991889,28.098335],[-80.991878,28.096533],[-80.99085,28.096538],[-80.990853,28.096989]]]}},{"type":"Feature","id":"12097:352733000012000000","properties":{"id":"12097:352733000012000000","parcelId":"352733000012000000","countyFips":"12097","countyName":"Osceola","state":"Florida","marketIds":["Orlando"],"situsAddress":"6116 JOURNIGAN RD","situsCity":"SAINT CLOUD","situsZip":"34773","jurisdictionCode":null,"ownerName":"MUELLER GARRY","ownerName2":null,"propertyName":null,"zoningCode":"AC","zoningDistrict":"Agricultural","jurisdictionPrefix":null,"dorCode":"0001","acreage":6.24,"acreageSource":"osceola-total-acres","centroid":[-80.988663,28.097195],"lastSale":{"date":"2026-02-19","price":100.0,"qualified":"U"},"tax":{"marketValue":87300.0,"assessedValue":87300.0,"taxableValue":18000.0,"taxes":87300.0},"mailingAddress":{"line1":"1066 NE OCEANVIEW CIR","line2":null,"city":"JENSEN BEACH","state":"FL","zip":"34957"},"incomeTract":null,"incomeBlockGroup":null,"nearestRoad":null,"flu":{"code":"rural/agricultural","label":"RURAL/AGRICULTURAL","jurisdiction":"Unincorporated","source":"osceola-flu-12"},"opportunityZone":null,"oz2Eligibility":{"eligible":true,"rural":true,"tractGeoid":"12097043802","tractName":"Census Tract 438.02","designation":"eligible-for-nomination","source":"rev-proc-2026-14"},"appraiserUrl":"https://maps.property-appraiser.org/?Pin=352733000012000000","source":"osceola-parcels-12097","dataGaps":["Acreage band is county TotalAcres from 5.0 through 150.0 on Parcels FeatureServer/3. This replaces the DOH extract.","Owner, mailing, sale, just value, assessed value, DOR code, and estimated tax come from that parcel layer.","Taxable value is the prior-roll PrevTaxabl field, not a current taxable. EstimatedT is an estimate, not a certified bill.","Q_U is stored on lastSale.qualified and is not used to drop sales.","Zoning is a centroid join to Zoning MapServer/13. Misses fall back to the parcel Zone1 code when that field is set.","FLU is a centroid join to Future Land Use FeatureServer/12. A parcel on a boundary gets one code. St. Cloud zoning and FLU override that join when the city PIN matches. Those city layers are not an Osceola county extract. Winter Springs EnerGov is Seminole and is not used.","Osceola and Lake zoning/FLU codes are not in the Orange zoning or FLU knowledge base, so multifamily filters treat them as unknown.","The appraiser link is the public map Pin URL. The CAMA search site is Cloudflare-gated from some networks. gis.osceola.org has an incomplete certificate chain; JSON queries still work.","OZ 2.0 here is the seven-market rural-eligible tract pack only. Income and AADT are joined at query time, not stored on the tile."]},"geometry":{"type":"Polygon","coordinates":[[[-80.989822,28.096544],[-80.987844,28.096554],[-80.987767,28.096555],[-80.987775,28.097909],[-80.988802,28.097903],[-80.9888,28.097452],[-80.989828,28.097446],[-80.989822,28.096544]]]}},{"type":"Feature","id":"12097:352733000013700000","properties":{"id":"12097:352733000013700000","parcelId":"352733000013700000","countyFips":"12097","countyName":"Osceola","state":"Florida","marketIds":["Orlando"],"situsAddress":"6117 JOURNIGAN RD","situsCity":"SAINT CLOUD","situsZip":"34773","jurisdictionCode":null,"ownerName":"GOLDEN HARRY J JR","ownerName2":null,"propertyName":null,"zoningCode":"AC","zoningDistrict":"Agricultural","jurisdictionPrefix":null,"dorCode":"0001","acreage":8.72,"acreageSource":"osceola-total-acres","centroid":[-80.986265,28.096652],"lastSale":{"date":"2018-04-19","price":25000.0,"qualified":"U"},"tax":{"marketValue":126000.0,"assessedValue":15588.0,"taxableValue":12883.0,"taxes":15588.0},"mailingAddress":{"line1":"6840 IDLEWYLDE CIR","line2":null,"city":"WEST MELBOURNE","state":"FL","zip":"32904"},"incomeTract":null,"incomeBlockGroup":null,"nearestRoad":null,"flu":{"code":"rural/agricultural","label":"RURAL/AGRICULTURAL","jurisdiction":"Unincorporated","source":"osceola-flu-12"},"opportunityZone":null,"oz2Eligibility":{"eligible":true,"rural":true,"tractGeoid":"12097043802","tractName":"Census Tract 438.02","designation":"eligible-for-nomination","source":"rev-proc-2026-14"},"appraiserUrl":"https://maps.property-appraiser.org/?Pin=352733000013700000","source":"osceola-parcels-12097","dataGaps":["Acreage band is county TotalAcres from 5.0 through 150.0 on Parcels FeatureServer/3. This replaces the DOH extract.","Owner, mailing, sale, just value, assessed value, DOR code, and estimated tax come from that parcel layer.","Taxable value is the prior-roll PrevTaxabl field, not a current taxable. EstimatedT is an estimate, not a certified bill.","Q_U is stored on lastSale.qualified and is not used to drop sales.","Zoning is a centroid join to Zoning MapServer/13. Misses fall back to the parcel Zone1 code when that field is set.","FLU is a centroid join to Future Land Use FeatureServer/12. A parcel on a boundary gets one code. St. Cloud zoning and FLU override that join when the city PIN matches. Those city layers are not an Osceola county extract. Winter Springs EnerGov is Seminole and is not used.","Osceola and Lake zoning/FLU codes are not in the Orange zoning or FLU knowledge base, so multifamily filters treat them as unknown.","The appraiser link is the public map Pin URL. The CAMA search site is Cloudflare-gated from some networks. gis.osceola.org has an incomplete certificate chain; JSON queries still work.","OZ 2.0 here is the seven-market rural-eligible tract pack only. Income and AADT are joined at query time, not stored on the tile."]},"geometry":{"type":"Polygon","coordinates":[[[-80.987767,28.096616],[-80.987689,28.096617],[-80.986739,28.096621],[-80.986739,28.096511],[-80.985711,28.096511],[-80.985706,28.095662],[-80.984678,28.095667],[-80.984686,28.097023],[-80.985714,28.097018],[-80.985716,28.097469],[-80.987772,28.097457],[-80.987767,28.096616]]]}},{"type":"Feature","id":"12097:352733000014500000","properties":{"id":"12097:352733000014500000","parcelId":"352733000014500000","countyFips":"12097","countyName":"Osceola","state":"Florida","marketIds":["Orlando"],"situsAddress":"PALM FROND RD","situsCity":"SAINT CLOUD","situsZip":"34773-","jurisdictionCode":null,"ownerName":"BULL CREEK LAND LLC","ownerName2":null,"propertyName":null,"zoningCode":"AC","zoningDistrict":"Agricultural","jurisdictionPrefix":null,"dorCode":"0011","acreage":10.0,"acreageSource":"osceola-total-acres","centroid":[-80.995095,28.095766],"lastSale":{"date":"2024-03-01","price":100.0,"qualified":"U"},"tax":{"marketValue":105400.0,"assessedValue":105400.0,"taxableValue":71666.0,"taxes":105400.0},"mailingAddress":{"line1":"4680 SOUTH HIGHWAY A1A","line2":null,"city":"MELBOURNE BEACH","state":"FL","zip":"32951"},"incomeTract":null,"incomeBlockGroup":null,"nearestRoad":null,"flu":{"code":"rural/agricultural","label":"RURAL/AGRICULTURAL","jurisdiction":"Unincorporated","source":"osceola-flu-12"},"opportunityZone":null,"oz2Eligibility":{"eligible":true,"rural":true,"tractGeoid":"12097043802","tractName":"Census Tract 438.02","designation":"eligible-for-nomination","source":"rev-proc-2026-14"},"appraiserUrl":"https://maps.property-appraiser.org/?Pin=352733000014500000","source":"osceola-parcels-12097","dataGaps":["Acreage band is county TotalAcres from 5.0 through 150.0 on Parcels FeatureServer/3. This replaces the DOH extract.","Owner, mailing, sale, just value, assessed value, DOR code, and estimated tax come from that parcel layer.","Taxable value is the prior-roll PrevTaxabl field, not a current taxable. EstimatedT is an estimate, not a certified bill.","Q_U is stored on lastSale.qualified and is not used to drop sales.","Zoning is a centroid join to Zoning MapServer/13. Misses fall back to the parcel Zone1 code when that field is set.","FLU is a centroid join to Future Land Use FeatureServer/12. A parcel on a boundary gets one code. St. Cloud zoning and FLU override that join when the city PIN matches. Those city layers are not an Osceola county extract. Winter Springs EnerGov is Seminole and is not used.","Osceola and Lake zoning/FLU codes are not in the Orange zoning or FLU knowledge base, so multifamily filters treat them as unknown.","The appraiser link is the public map Pin URL. The CAMA search site is Cloudflare-gated from some networks. gis.osceola.org has an incomplete certificate chain; JSON queries still work.","OZ 2.0 here is the seven-market rural-eligible tract pack only. Income and AADT are joined at query time, not stored on the tile."]},"geometry":{"type":"Polygon","coordinates":[[[-80.995777,28.095164],[-80.994954,28.095167],[-80.993926,28.095172],[-80.993937,28.096972],[-80.995993,28.09696],[-80.995982,28.095163],[-80.995777,28.095164]]]}},{"type":"Feature","id":"12097:362733000031700000","properties":{"id":"12097:362733000031700000","parcelId":"362733000031700000","countyFips":"12097","countyName":"Osceola","state":"Florida","marketIds":["Orlando"],"situsAddress":"7320 CRABGRASS RD","situsCity":"SAINT CLOUD","situsZip":"34773-","jurisdictionCode":null,"ownerName":"AMAN MARY M","ownerName2":null,"propertyName":null,"zoningCode":"AC","zoningDistrict":"Agricultural","jurisdictionPrefix":null,"dorCode":"0211","acreage":5.0,"acreageSource":"osceola-total-acres","centroid":[-80.968424,28.092639],"lastSale":{"date":"2015-09-11","price":145000.0,"qualified":"Q"},"tax":{"marketValue":173300.0,"assessedValue":156563.0,"taxableValue":129391.0,"taxes":156563.0},"mailingAddress":{"line1":"7320 CRABGRASS RD","line2":null,"city":"SAINT CLOUD","state":"FL","zip":"34773-9218"},"incomeTract":null,"incomeBlockGroup":null,"nearestRoad":null,"flu":{"code":"rural/agricultural","label":"RURAL/AGRICULTURAL","jurisdiction":"Unincorporated","source":"osceola-flu-12"},"opportunityZone":null,"oz2Eligibility":{"eligible":true,"rural":true,"tractGeoid":"12097043802","tractName":"Census Tract 438.02","designation":"eligible-for-nomination","source":"rev-proc-2026-14"},"appraiserUrl":"https://maps.property-appraiser.org/?Pin=362733000031700000","source":"osceola-parcels-12097","dataGaps":["Acreage band is county TotalAcres from 5.0 through 150.0 on Parcels FeatureServer/3. This replaces the DOH extract.","Owner, mailing, sale, just value, assessed value, DOR code, and estimated tax come from that parcel layer.","Taxable value is the prior-roll PrevTaxabl field, not a current taxable. EstimatedT is an estimate, not a certified bill.","Q_U is stored on lastSale.qualified and is not used to drop sales.","Zoning is a centroid join to Zoning MapServer/13. Misses fall back to the parcel Zone1 code when that field is set.","FLU is a centroid join to Future Land Use FeatureServer/12. A parcel on a boundary gets one code. St. Cloud zoning and FLU override that join when the city PIN matches. Those city layers are not an Osceola county extract. Winter Springs EnerGov is Seminole and is not used.","Osceola and Lake zoning/FLU codes are not in the Orange zoning or FLU knowledge base, so multifamily filters treat them as unknown.","The appraiser link is the public map Pin URL. The CAMA search site is Cloudflare-gated from some networks. gis.osceola.org has an incomplete certificate chain; JSON queries still work.","OZ 2.0 here is the seven-market rural-eligible tract pack only. Income and AADT are joined at query time, not stored on the tile."]},"geometry":{"type":"Polygon","coordinates":[[[-80.96918,28.092999],[-80.969258,28.092999],[-80.969256,28.092094],[-80.967213,28.092098],[-80.967215,28.093004],[-80.96918,28.092999]]]}},{"type":"Feature","id":"12097:362733000034800000","properties":{"id":"12097:362733000034800000","parcelId":"362733000034800000","countyFips":"12097","countyName":"Osceola","state":"Florida","marketIds":["Orlando"],"situsAddress":"7350 HENRY LN","situsCity":"SAINT CLOUD","situsZip":"34773-","jurisdictionCode":null,"ownerName":"SPENCER LAWRENCE P","ownerName2":"SPENCER STEPHEN M / SPENCER VICKI LYNN","propertyName":null,"zoningCode":"AC","zoningDistrict":"Agricultural","jurisdictionPrefix":null,"dorCode":"0111","acreage":5.0,"acreageSource":"osceola-total-acres","centroid":[-80.97232,28.091409],"lastSale":{"date":"2017-10-05","price":100.0,"qualified":"U"},"tax":{"marketValue":150700.0,"assessedValue":106949.0,"taxableValue":51204.0,"taxes":55538.0},"mailingAddress":{"line1":"7350 HENRY LN","line2":null,"city":"SAINT CLOUD","state":"FL","zip":"34771"},"incomeTract":null,"incomeBlockGroup":null,"nearestRoad":null,"flu":{"code":"rural/agricultural","label":"RURAL/AGRICULTURAL","jurisdiction":"Unincorporated","source":"osceola-flu-12"},"opportunityZone":null,"oz2Eligibility":{"eligible":true,"rural":true,"tractGeoid":"12097043802","tractName":"Census Tract 438.02","designation":"eligible-for-nomination","source":"rev-proc-2026-14"},"appraiserUrl":"https://maps.property-appraiser.org/?Pin=362733000034800000","source":"osceola-parcels-12097","dataGaps":["Acreage band is county TotalAcres from 5.0 through 150.0 on Parcels FeatureServer/3. This replaces the DOH extract.","Owner, mailing, sale, just value, assessed value, DOR code, and estimated tax come from that parcel layer.","Taxable value is the prior-roll PrevTaxabl field, not a current taxable. EstimatedT is an estimate, not a certified bill.","Q_U is stored on lastSale.qualified and is not used to drop sales.","Zoning is a centroid join to Zoning MapServer/13. Misses fall back to the parcel Zone1 code when that field is set.","FLU is a centroid join to Future Land Use FeatureServer/12. A parcel on a boundary gets one code. St. Cloud zoning and FLU override that join when the city PIN matches. Those city layers are not an Osceola county extract. Winter Springs EnerGov is Seminole and is not used.","Osceola and Lake zoning/FLU codes are not in the Orange zoning or FLU knowledge base, so multifamily filters treat them as unknown.","The appraiser link is the public map Pin URL. The CAMA search site is Cloudflare-gated from some networks. gis.osceola.org has an incomplete certificate chain; JSON queries still work.","OZ 2.0 here is the seven-market rural-eligible tract pack only. Income and AADT are joined at query time, not stored on the tile."]},"geometry":{"type":"Polygon","coordinates":[[[-80.973342,28.091181],[-80.973342,28.090729],[-80.971298,28.090732],[-80.971299,28.092089],[-80.972321,28.092087],[-80.97232,28.091183],[-80.973342,28.091181]]]}},{"type":"Feature","id":"12097:362733000041700000","properties":{"id":"12097:362733000041700000","parcelId":"362733000041700000","countyFips":"12097","countyName":"Osceola","state":"Florida","marketIds":["Orlando"],"situsAddress":"7371 HENRY LN","situsCity":"SAINT CLOUD","situsZip":"34773","jurisdictionCode":null,"ownerName":"EVANS RONDA","ownerName2":null,"propertyName":null,"zoningCode":"AC","zoningDistrict":"Agricultural","jurisdictionPrefix":null,"dorCode":"0211","acreage":18.75,"acreageSource":"osceola-total-acres","centroid":[-80.971296,28.089376],"lastSale":{"date":"2015-03-20","price":12000.0,"qualified":"Q"},"tax":{"marketValue":152700.0,"assessedValue":52659.0,"taxableValue":24830.0,"taxes":25000.0},"mailingAddress":{"line1":"7371 HENRY LN","line2":null,"city":"SAINT CLOUD","state":"FL","zip":"34773"},"incomeTract":null,"incomeBlockGroup":null,"nearestRoad":null,"flu":{"code":"rural/agricultural","label":"RURAL/AGRICULTURAL","jurisdiction":"Unincorporated","source":"osceola-flu-12"},"opportunityZone":null,"oz2Eligibility":{"eligible":true,"rural":true,"tractGeoid":"12097043802","tractName":"Census Tract 438.02","designation":"eligible-for-nomination","source":"rev-proc-2026-14"},"appraiserUrl":"https://maps.property-appraiser.org/?Pin=362733000041700000","source":"osceola-parcels-12097","dataGaps":["Acreage band is county TotalAcres from 5.0 through 150.0 on Parcels FeatureServer/3. This replaces the DOH extract.","Owner, mailing, sale, just value, assessed value, DOR code, and estimated tax come from that parcel layer.","Taxable value is the prior-roll PrevTaxabl field, not a current taxable. EstimatedT is an estimate, not a certified bill.","Q_U is stored on lastSale.qualified and is not used to drop sales.","Zoning is a centroid join to Zoning MapServer/13. Misses fall back to the parcel Zone1 code when that field is set.","FLU is a centroid join to Future Land Use FeatureServer/12. A parcel on a boundary gets one code. St. Cloud zoning and FLU override that join when the city PIN matches. Those city layers are not an Osceola county extract. Winter Springs EnerGov is Seminole and is not used.","Osceola and Lake zoning/FLU codes are not in the Orange zoning or FLU knowledge base, so multifamily filters treat them as unknown.","The appraiser link is the public map Pin URL. The CAMA search site is Cloudflare-gated from some networks. gis.osceola.org has an incomplete certificate chain; JSON queries still work.","OZ 2.0 here is the seven-market rural-eligible tract pack only. Income and AADT are joined at query time, not stored on the tile."]},"geometry":{"type":"Polygon","coordinates":[[[-80.971297,28.09028],[-80.971298,28.090732],[-80.973342,28.090729],[-80.973341,28.088922],[-80.972318,28.088923],[-80.972317,28.088019],[-80.971295,28.088019],[-80.971296,28.089376],[-80.970274,28.089377],[-80.970273,28.088925],[-80.969251,28.088926],[-80.969253,28.090284],[-80.971297,28.09028]]]}},{"type":"Feature","id":"12097:362733000045900000","properties":{"id":"12097:362733000045900000","parcelId":"362733000045900000","countyFips":"12097","countyName":"Osceola","state":"Florida","marketIds":["Orlando"],"situsAddress":"7405 POWERS RD","situsCity":"SAINT CLOUD","situsZip":"34773-","jurisdictionCode":null,"ownerName":"LOPES ARQUIMEDES","ownerName2":"ARRUDA LOPES MARIA ELISABETH","propertyName":null,"zoningCode":"AC","zoningDistrict":"Agricultural","jurisdictionPrefix":null,"dorCode":"0111","acreage":5.57,"acreageSource":"osceola-total-acres","centroid":[-80.962357,28.088707],"lastSale":{"date":"2022-05-09","price":200000.0,"qualified":"Q"},"tax":{"marketValue":114200.0,"assessedValue":114200.0,"taxableValue":112860.0,"taxes":114200.0},"mailingAddress":{"line1":"200 MIAMI AVE","line2":null,"city":"INDIALANTIC","state":"FL","zip":"32903"},"incomeTract":null,"incomeBlockGroup":null,"nearestRoad":null,"flu":{"code":"rural/agricultural","label":"RURAL/AGRICULTURAL","jurisdiction":"Unincorporated","source":"osceola-flu-12"},"opportunityZone":null,"oz2Eligibility":{"eligible":true,"rural":true,"tractGeoid":"12097043802","tractName":"Census Tract 438.02","designation":"eligible-for-nomination","source":"rev-proc-2026-14"},"appraiserUrl":"https://maps.property-appraiser.org/?Pin=362733000045900000","source":"osceola-parcels-12097","dataGaps":["Acreage band is county TotalAcres from 5.0 through 150.0 on Parcels FeatureServer/3. This replaces the DOH extract.","Owner, mailing, sale, just value, assessed value, DOR code, and estimated tax come from that parcel layer.","Taxable value is the prior-roll PrevTaxabl field, not a current taxable. EstimatedT is an estimate, not a certified bill.","Q_U is stored on lastSale.qualified and is not used to drop sales.","Zoning is a centroid join to Zoning MapServer/13. Misses fall back to the parcel Zone1 code when that field is set.","FLU is a centroid join to Future Land Use FeatureServer/12. A parcel on a boundary gets one code. St. Cloud zoning and FLU override that join when the city PIN matches. Those city layers are not an Osceola county extract. Winter Springs EnerGov is Seminole and is not used.","Osceola and Lake zoning/FLU codes are not in the Orange zoning or FLU knowledge base, so multifamily filters treat them as unknown.","The appraiser link is the public map Pin URL. The CAMA search site is Cloudflare-gated from some networks. gis.osceola.org has an incomplete certificate chain; JSON queries still work.","OZ 2.0 here is the seven-market rural-eligible tract pack only. Income and AADT are joined at query time, not stored on the tile."]},"geometry":{"type":"Polygon","coordinates":[[[-80.961599,28.088028],[-80.9616,28.08939],[-80.963117,28.089386],[-80.963113,28.088025],[-80.961599,28.088028]]]}},{"type":"Feature","id":"12097:362733000046400000","properties":{"id":"12097:362733000046400000","parcelId":"362733000046400000","countyFips":"12097","countyName":"Osceola","state":"Florida","marketIds":["Orlando"],"situsAddress":"MUSE RD","situsCity":"SAINT CLOUD","situsZip":"34773-","jurisdictionCode":null,"ownerName":"NODIER CHARLES","ownerName2":null,"propertyName":null,"zoningCode":"AC","zoningDistrict":"Agricultural","jurisdictionPrefix":null,"dorCode":"0011","acreage":5.0,"acreageSource":"osceola-total-acres","centroid":[-80.97452,28.088318],"lastSale":{"date":"2003-05-15","price":15000.0,"qualified":"U"},"tax":{"marketValue":43400.0,"assessedValue":18174.0,"taxableValue":15020.0,"taxes":18174.0},"mailingAddress":{"line1":"411 COOLIDGE RD NE","line2":null,"city":"PALM BAY","state":"FL","zip":"32907-2046"},"incomeTract":null,"incomeBlockGroup":null,"nearestRoad":null,"flu":{"code":"rural/agricultural","label":"RURAL/AGRICULTURAL","jurisdiction":"Unincorporated","source":"osceola-flu-12"},"opportunityZone":null,"oz2Eligibility":{"eligible":true,"rural":true,"tractGeoid":"12097043802","tractName":"Census Tract 438.02","designation":"eligible-for-nomination","source":"rev-proc-2026-14"},"appraiserUrl":"https://maps.property-appraiser.org/?Pin=362733000046400000","source":"osceola-parcels-12097","dataGaps":["Acreage band is county TotalAcres from 5.0 through 150.0 on Parcels FeatureServer/3. This replaces the DOH extract.","Owner, mailing, sale, just value, assessed value, DOR code, and estimated tax come from that parcel layer.","Taxable value is the prior-roll PrevTaxabl field, not a current taxable. EstimatedT is an estimate, not a certified bill.","Q_U is stored on lastSale.qualified and is not used to drop sales.","Zoning is a centroid join to Zoning MapServer/13. Misses fall back to the parcel Zone1 code when that field is set.","FLU is a centroid join to Future Land Use FeatureServer/12. A parcel on a boundary gets one code. St. Cloud zoning and FLU override that join when the city PIN matches. Those city layers are not an Osceola county extract. Winter Springs EnerGov is Seminole and is not used.","Osceola and Lake zoning/FLU codes are not in the Orange zoning or FLU knowledge base, so multifamily filters treat them as unknown.","The appraiser link is the public map Pin URL. The CAMA search site is Cloudflare-gated from some networks. gis.osceola.org has an incomplete certificate chain; JSON queries still work.","OZ 2.0 here is the seven-market rural-eligible tract pack only. Income and AADT are joined at query time, not stored on the tile."]},"geometry":{"type":"Polygon","coordinates":[[[-80.975308,28.088017],[-80.974363,28.088017],[-80.97334,28.088018],[-80.973341,28.088922],[-80.975385,28.08892],[-80.975385,28.088017],[-80.975308,28.088017]]]}},{"type":"Feature","id":"12097:362733000053600000","properties":{"id":"12097:362733000053600000","parcelId":"362733000053600000","countyFips":"12097","countyName":"Osceola","state":"Florida","marketIds":["Orlando"],"situsAddress":"7450 CRABGRASS RD","situsCity":"SAINT CLOUD","situsZip":"34773-","jurisdictionCode":null,"ownerName":"SCHMAL GARY J","ownerName2":"SCHMAL HELEN B","propertyName":null,"zoningCode":"AC","zoningDistrict":"Agricultural","jurisdictionPrefix":null,"dorCode":"0211","acreage":16.25,"acreageSource":"osceola-total-acres","centroid":[-80.969426,28.086704],"lastSale":{"date":"2009-04-24","price":10000.0,"qualified":"Q"},"tax":{"marketValue":173200.0,"assessedValue":64607.0,"taxableValue":25000.0,"taxes":25000.0},"mailingAddress":{"line1":"7450 CRABGRASS RD","line2":null,"city":"SAINT CLOUD","state":"FL","zip":"34773"},"incomeTract":null,"incomeBlockGroup":null,"nearestRoad":null,"flu":{"code":"rural/agricultural","label":"RURAL/AGRICULTURAL","jurisdiction":"Unincorporated","source":"osceola-flu-12"},"opportunityZone":null,"oz2Eligibility":{"eligible":true,"rural":true,"tractGeoid":"12097043802","tractName":"Census Tract 438.02","designation":"eligible-for-nomination","source":"rev-proc-2026-14"},"appraiserUrl":"https://maps.property-appraiser.org/?Pin=362733000053600000","source":"osceola-parcels-12097","dataGaps":["Acreage band is county TotalAcres from 5.0 through 150.0 on Parcels FeatureServer/3. This replaces the DOH extract.","Owner, mailing, sale, just value, assessed value, DOR code, and estimated tax come from that parcel layer.","Taxable value is the prior-roll PrevTaxabl field, not a current taxable. EstimatedT is an estimate, not a certified bill.","Q_U is stored on lastSale.qualified and is not used to drop sales.","Zoning is a centroid join to Zoning MapServer/13. Misses fall back to the parcel Zone1 code when that field is set.","FLU is a centroid join to Future Land Use FeatureServer/12. A parcel on a boundary gets one code. St. Cloud zoning and FLU override that join when the city PIN matches. Those city layers are not an Osceola county extract. Winter Springs EnerGov is Seminole and is not used.","Osceola and Lake zoning/FLU codes are not in the Orange zoning or FLU knowledge base, so multifamily filters treat them as unknown.","The appraiser link is the public map Pin URL. The CAMA search site is Cloudflare-gated from some networks. gis.osceola.org has an incomplete certificate chain; JSON queries still work.","OZ 2.0 here is the seven-market rural-eligible tract pack only. Income and AADT are joined at query time, not stored on the tile."]},"geometry":{"type":"Polygon","coordinates":[[[-80.971292,28.086211],[-80.971215,28.086211],[-80.970269,28.086211],[-80.970269,28.085758],[-80.969245,28.085758],[-80.969247,28.086663],[-80.967201,28.086664],[-80.967202,28.087116],[-80.968225,28.087116],[-80.968227,28.088022],[-80.971295,28.088019],[-80.971292,28.086211]]]}},{"type":"Feature","id":"12097:362733000056200000","properties":{"id":"12097:362733000056200000","parcelId":"362733000056200000","countyFips":"12097","countyName":"Osceola","state":"Florida","marketIds":["Orlando"],"situsAddress":"OWENS RD","situsCity":"SAINT CLOUD","situsZip":"34773-","jurisdictionCode":null,"ownerName":"TINDALL WILL ALLEN","ownerName2":null,"propertyName":null,"zoningCode":"AC","zoningDistrict":"Agricultural","jurisdictionPrefix":null,"dorCode":"0001","acreage":5.0,"acreageSource":"osceola-total-acres","centroid":[-80.978227,28.08585],"lastSale":{"date":"2003-04-07","price":7400.0,"qualified":"U"},"tax":{"marketValue":32000.0,"assessedValue":13176.0,"taxableValue":10890.0,"taxes":13176.0},"mailingAddress":{"line1":"500 TINDALL WAY","line2":null,"city":"FORT PIERCE","state":"FL","zip":"34945-3604"},"incomeTract":null,"incomeBlockGroup":null,"nearestRoad":null,"flu":{"code":"rural/agricultural","label":"RURAL/AGRICULTURAL","jurisdiction":"Unincorporated","source":"osceola-flu-12"},"opportunityZone":null,"oz2Eligibility":{"eligible":true,"rural":true,"tractGeoid":"12097043802","tractName":"Census Tract 438.02","designation":"eligible-for-nomination","source":"rev-proc-2026-14"},"appraiserUrl":"https://maps.property-appraiser.org/?Pin=362733000056200000","source":"osceola-parcels-12097","dataGaps":["Acreage band is county TotalAcres from 5.0 through 150.0 on Parcels FeatureServer/3. This replaces the DOH extract.","Owner, mailing, sale, just value, assessed value, DOR code, and estimated tax come from that parcel layer.","Taxable value is the prior-roll PrevTaxabl field, not a current taxable. EstimatedT is an estimate, not a certified bill.","Q_U is stored on lastSale.qualified and is not used to drop sales.","Zoning is a centroid join to Zoning MapServer/13. Misses fall back to the parcel Zone1 code when that field is set.","FLU is a centroid join to Future Land Use FeatureServer/12. A parcel on a boundary gets one code. St. Cloud zoning and FLU override that join when the city PIN matches. Those city layers are not an Osceola county extract. Winter Springs EnerGov is Seminole and is not used.","Osceola and Lake zoning/FLU codes are not in the Orange zoning or FLU knowledge base, so multifamily filters treat them as unknown.","The appraiser link is the public map Pin URL. The CAMA search site is Cloudflare-gated from some networks. gis.osceola.org has an incomplete certificate chain; JSON queries still work.","OZ 2.0 here is the seven-market rural-eligible tract pack only. Income and AADT are joined at query time, not stored on the tile."]},"geometry":{"type":"Polygon","coordinates":[[[-80.977431,28.086211],[-80.977508,28.086211],[-80.979385,28.086211],[-80.97938,28.085309],[-80.977431,28.085309],[-80.977431,28.086211]]]}},{"type":"Feature","id":"12097:362733000060200000","properties":{"id":"12097:362733000060200000","parcelId":"362733000060200000","countyFips":"12097","countyName":"Osceola","state":"Florida","marketIds":["Orlando"],"situsAddress":"7395 MUSE RD","situsCity":"SAINT CLOUD","situsZip":"34773","jurisdictionCode":null,"ownerName":"STELZER NICHOLAS","ownerName2":"OSBORN CARLY A","propertyName":null,"zoningCode":"AC","zoningDistrict":"Agricultural","jurisdictionPrefix":null,"dorCode":"0211","acreage":9.42,"acreageSource":"osceola-total-acres","centroid":[-80.97211,28.085346],"lastSale":{"date":"2025-10-17","price":40000.0,"qualified":"Q"},"tax":{"marketValue":80300.0,"assessedValue":80300.0,"taxableValue":37414.0,"taxes":28889.0},"mailingAddress":{"line1":"4755 N Kenansville Rd","line2":null,"city":"SAINT CLOUD","state":"FL","zip":"34773"},"incomeTract":null,"incomeBlockGroup":null,"nearestRoad":null,"flu":{"code":"rural/agricultural","label":"RURAL/AGRICULTURAL","jurisdiction":"Unincorporated","source":"osceola-flu-12"},"opportunityZone":null,"oz2Eligibility":{"eligible":true,"rural":true,"tractGeoid":"12097043802","tractName":"Census Tract 438.02","designation":"eligible-for-nomination","source":"rev-proc-2026-14"},"appraiserUrl":"https://maps.property-appraiser.org/?Pin=362733000060200000","source":"osceola-parcels-12097","dataGaps":["Acreage band is county TotalAcres from 5.0 through 150.0 on Parcels FeatureServer/3. This replaces the DOH extract.","Owner, mailing, sale, just value, assessed value, DOR code, and estimated tax come from that parcel layer.","Taxable value is the prior-roll PrevTaxabl field, not a current taxable. EstimatedT is an estimate, not a certified bill.","Q_U is stored on lastSale.qualified and is not used to drop sales.","Zoning is a centroid join to Zoning MapServer/13. Misses fall back to the parcel Zone1 code when that field is set.","FLU is a centroid join to Future Land Use FeatureServer/12. A parcel on a boundary gets one code. St. Cloud zoning and FLU override that join when the city PIN matches. Those city layers are not an Osceola county extract. Winter Springs EnerGov is Seminole and is not used.","Osceola and Lake zoning/FLU codes are not in the Orange zoning or FLU knowledge base, so multifamily filters treat them as unknown.","The appraiser link is the public map Pin URL. The CAMA search site is Cloudflare-gated from some networks. gis.osceola.org has an incomplete certificate chain; JSON queries still work.","OZ 2.0 here is the seven-market rural-eligible tract pack only. Income and AADT are joined at query time, not stored on the tile."]},"geometry":{"type":"Polygon","coordinates":[[[-80.97129,28.084505],[-80.971291,28.085307],[-80.971292,28.086211],[-80.973338,28.086211],[-80.973337,28.084497],[-80.97129,28.084505]]]}},{"type":"Feature","id":"12097:362733000030900000","properties":{"id":"12097:362733000030900000","parcelId":"362733000030900000","countyFips":"12097","countyName":"Osceola","state":"Florida","marketIds":["Orlando"],"situsAddress":"MUSE RD","situsCity":"SAINT CLOUD","situsZip":"34773-","jurisdictionCode":null,"ownerName":"ROGGE CLIFFORD A","ownerName2":"ROGGE DEBORAH D","propertyName":null,"zoningCode":"AC","zoningDistrict":"Agricultural","jurisdictionPrefix":null,"dorCode":"0001","acreage":5.0,"acreageSource":"osceola-total-acres","centroid":[-80.976408,28.092529],"lastSale":{"date":"2006-12-15","price":3500.0,"qualified":"U"},"tax":{"marketValue":8000.0,"assessedValue":3135.0,"taxableValue":2591.0,"taxes":3135.0},"mailingAddress":{"line1":"6560 CRABGRASS RD","line2":null,"city":"SAINT CLOUD","state":"FL","zip":"34773"},"incomeTract":null,"incomeBlockGroup":null,"nearestRoad":null,"flu":{"code":"rural/agricultural","label":"RURAL/AGRICULTURAL","jurisdiction":"Unincorporated","source":"osceola-flu-12"},"opportunityZone":null,"oz2Eligibility":{"eligible":true,"rural":true,"tractGeoid":"12097043802","tractName":"Census Tract 438.02","designation":"eligible-for-nomination","source":"rev-proc-2026-14"},"appraiserUrl":"https://maps.property-appraiser.org/?Pin=362733000030900000","source":"osceola-parcels-12097","dataGaps":["Acreage band is county TotalAcres from 5.0 through 150.0 on Parcels FeatureServer/3. This replaces the DOH extract.","Owner, mailing, sale, just value, assessed value, DOR code, and estimated tax come from that parcel layer.","Taxable value is the prior-roll PrevTaxabl field, not a current taxable. EstimatedT is an estimate, not a certified bill.","Q_U is stored on lastSale.qualified and is not used to drop sales.","Zoning is a centroid join to Zoning MapServer/13. Misses fall back to the parcel Zone1 code when that field is set.","FLU is a centroid join to Future Land Use FeatureServer/12. A parcel on a boundary gets one code. St. Cloud zoning and FLU override that join when the city PIN matches. Those city layers are not an Osceola county extract. Winter Springs EnerGov is Seminole and is not used.","Osceola and Lake zoning/FLU codes are not in the Orange zoning or FLU knowledge base, so multifamily filters treat them as unknown.","The appraiser link is the public map Pin URL. The CAMA search site is Cloudflare-gated from some networks. gis.osceola.org has an incomplete certificate chain; JSON queries still work.","OZ 2.0 here is the seven-market rural-eligible tract pack only. Income and AADT are joined at query time, not stored on the tile."]},"geometry":{"type":"Polygon","coordinates":[[[-80.97743,28.092977],[-80.97743,28.092075],[-80.975386,28.09208],[-80.975387,28.092983],[-80.97743,28.092977]]]}},{"type":"Feature","id":"12097:362733000037000000","properties":{"id":"12097:362733000037000000","parcelId":"362733000037000000","countyFips":"12097","countyName":"Osceola","state":"Florida","marketIds":["Orlando"],"situsAddress":"7341 CRABGRASS RD","situsCity":"SAINT CLOUD","situsZip":"34773-","jurisdictionCode":null,"ownerName":"MCCORMICK JOAN","ownerName2":null,"propertyName":null,"zoningCode":"AC","zoningDistrict":"Agricultural","jurisdictionPrefix":null,"dorCode":"0211","acreage":5.0,"acreageSource":"osceola-total-acres","centroid":[-80.966189,28.090969],"lastSale":{"date":"2012-08-31","price":100.0,"qualified":"U"},"tax":{"marketValue":139000.0,"assessedValue":68965.0,"taxableValue":25000.0,"taxes":25000.0},"mailingAddress":{"line1":"7341 CRABGRASS RD","line2":null,"city":"SAINT CLOUD","state":"FL","zip":"34773"},"incomeTract":null,"incomeBlockGroup":null,"nearestRoad":null,"flu":{"code":"rural/agricultural","label":"RURAL/AGRICULTURAL","jurisdiction":"Unincorporated","source":"osceola-flu-12"},"opportunityZone":null,"oz2Eligibility":{"eligible":true,"rural":true,"tractGeoid":"12097043802","tractName":"Census Tract 438.02","designation":"eligible-for-nomination","source":"rev-proc-2026-14"},"appraiserUrl":"https://maps.property-appraiser.org/?Pin=362733000037000000","source":"osceola-parcels-12097","dataGaps":["Acreage band is county TotalAcres from 5.0 through 150.0 on Parcels FeatureServer/3. This replaces the DOH extract.","Owner, mailing, sale, just value, assessed value, DOR code, and estimated tax come from that parcel layer.","Taxable value is the prior-roll PrevTaxabl field, not a current taxable. EstimatedT is an estimate, not a certified bill.","Q_U is stored on lastSale.qualified and is not used to drop sales.","Zoning is a centroid join to Zoning MapServer/13. Misses fall back to the parcel Zone1 code when that field is set.","FLU is a centroid join to Future Land Use FeatureServer/12. A parcel on a boundary gets one code. St. Cloud zoning and FLU override that join when the city PIN matches. Those city layers are not an Osceola county extract. Winter Springs EnerGov is Seminole and is not used.","Osceola and Lake zoning/FLU codes are not in the Orange zoning or FLU knowledge base, so multifamily filters treat them as unknown.","The appraiser link is the public map Pin URL. The CAMA search site is Cloudflare-gated from some networks. gis.osceola.org has an incomplete certificate chain; JSON queries still work.","OZ 2.0 here is the seven-market rural-eligible tract pack only. Income and AADT are joined at query time, not stored on the tile."]},"geometry":{"type":"Polygon","coordinates":[[[-80.965244,28.091196],[-80.965167,28.091196],[-80.965168,28.09165],[-80.967212,28.091645],[-80.967209,28.090287],[-80.966187,28.090288],[-80.966189,28.091194],[-80.965244,28.091196]]]}},{"type":"Feature","id":"12097:352733000016700000","properties":{"id":"12097:352733000016700000","parcelId":"352733000016700000","countyFips":"12097","countyName":"Osceola","state":"Florida","marketIds":["Orlando"],"situsAddress":"6130 JOURNIGAN RD","situsCity":"SAINT CLOUD","situsZip":"34773","jurisdictionCode":null,"ownerName":"KAPUSHY-LEAR ELIZABETH","ownerName2":null,"propertyName":null,"zoningCode":"AC","zoningDistrict":"Agricultural","jurisdictionPrefix":null,"dorCode":"0211","acreage":6.26,"acreageSource":"osceola-total-acres","centroid":[-80.988925,28.095711],"lastSale":{"date":"2013-04-26","price":100.0,"qualified":"U"},"tax":{"marketValue":119100.0,"assessedValue":40195.0,"taxableValue":3036.0,"taxes":5195.0},"mailingAddress":{"line1":"6130 JOURNIGAN RD","line2":null,"city":"SAINT CLOUD","state":"FL","zip":"34773"},"incomeTract":null,"incomeBlockGroup":null,"nearestRoad":null,"flu":{"code":"rural/agricultural","label":"RURAL/AGRICULTURAL","jurisdiction":"Unincorporated","source":"osceola-flu-12"},"opportunityZone":null,"oz2Eligibility":{"eligible":true,"rural":true,"tractGeoid":"12097043802","tractName":"Census Tract 438.02","designation":"eligible-for-nomination","source":"rev-proc-2026-14"},"appraiserUrl":"https://maps.property-appraiser.org/?Pin=352733000016700000","source":"osceola-parcels-12097","dataGaps":["Acreage band is county TotalAcres from 5.0 through 150.0 on Parcels FeatureServer/3. This replaces the DOH extract.","Owner, mailing, sale, just value, assessed value, DOR code, and estimated tax come from that parcel layer.","Taxable value is the prior-roll PrevTaxabl field, not a current taxable. EstimatedT is an estimate, not a certified bill.","Q_U is stored on lastSale.qualified and is not used to drop sales.","Zoning is a centroid join to Zoning MapServer/13. Misses fall back to the parcel Zone1 code when that field is set.","FLU is a centroid join to Future Land Use FeatureServer/12. A parcel on a boundary gets one code. St. Cloud zoning and FLU override that join when the city PIN matches. Those city layers are not an Osceola county extract. Winter Springs EnerGov is Seminole and is not used.","Osceola and Lake zoning/FLU codes are not in the Orange zoning or FLU knowledge base, so multifamily filters treat them as unknown.","The appraiser link is the public map Pin URL. The CAMA search site is Cloudflare-gated from some networks. gis.osceola.org has an incomplete certificate chain; JSON queries still work.","OZ 2.0 here is the seven-market rural-eligible tract pack only. Income and AADT are joined at query time, not stored on the tile."]},"geometry":{"type":"Polygon","coordinates":[[[-80.989737,28.095191],[-80.988786,28.095196],[-80.988789,28.095647],[-80.987761,28.095652],[-80.987767,28.096555],[-80.989822,28.096544],[-80.989814,28.095191],[-80.989737,28.095191]]]}},{"type":"Feature","id":"12097:352733000020400000","properties":{"id":"12097:352733000020400000","parcelId":"352733000020400000","countyFips":"12097","countyName":"Osceola","state":"Florida","marketIds":["Orlando"],"situsAddress":"BLUE MOON TRL","situsCity":"SAINT CLOUD","situsZip":"34773-","jurisdictionCode":null,"ownerName":"DIECK WILLIAM E EST","ownerName2":null,"propertyName":null,"zoningCode":"AC","zoningDistrict":"Agricultural","jurisdictionPrefix":null,"dorCode":"0001","acreage":5.0,"acreageSource":"osceola-total-acres","centroid":[-80.985198,28.095099],"lastSale":{"date":"1986-03-09","price":null,"qualified":"U"},"tax":{"marketValue":72000.0,"assessedValue":13176.0,"taxableValue":10890.0,"taxes":13176.0},"mailingAddress":{"line1":"307 CHARDONNAY PL","line2":null,"city":"VALRICO","state":"FL","zip":"33594"},"incomeTract":null,"incomeBlockGroup":null,"nearestRoad":null,"flu":{"code":"rural/agricultural","label":"RURAL/AGRICULTURAL","jurisdiction":"Unincorporated","source":"osceola-flu-12"},"opportunityZone":null,"oz2Eligibility":{"eligible":true,"rural":true,"tractGeoid":"12097043802","tractName":"Census Tract 438.02","designation":"eligible-for-nomination","source":"rev-proc-2026-14"},"appraiserUrl":"https://maps.property-appraiser.org/?Pin=352733000020400000","source":"osceola-parcels-12097","dataGaps":["Acreage band is county TotalAcres from 5.0 through 150.0 on Parcels FeatureServer/3. This replaces the DOH extract.","Owner, mailing, sale, just value, assessed value, DOR code, and estimated tax come from that parcel layer.","Taxable value is the prior-roll PrevTaxabl field, not a current taxable. EstimatedT is an estimate, not a certified bill.","Q_U is stored on lastSale.qualified and is not used to drop sales.","Zoning is a centroid join to Zoning MapServer/13. Misses fall back to the parcel Zone1 code when that field is set.","FLU is a centroid join to Future Land Use FeatureServer/12. A parcel on a boundary gets one code. St. Cloud zoning and FLU override that join when the city PIN matches. Those city layers are not an Osceola county extract. Winter Springs EnerGov is Seminole and is not used.","Osceola and Lake zoning/FLU codes are not in the Orange zoning or FLU knowledge base, so multifamily filters treat them as unknown.","The appraiser link is the public map Pin URL. The CAMA search site is Cloudflare-gated from some networks. gis.osceola.org has an incomplete certificate chain; JSON queries still work.","OZ 2.0 here is the seven-market rural-eligible tract pack only. Income and AADT are joined at query time, not stored on the tile."]},"geometry":{"type":"Polygon","coordinates":[[[-80.985778,28.094758],[-80.9857,28.094758],[-80.983645,28.094767],[-80.98365,28.095672],[-80.984678,28.095667],[-80.984675,28.095215],[-80.986731,28.095205],[-80.986728,28.094754],[-80.985778,28.094758]]]}},{"type":"Feature","id":"12097:352733000026900000","properties":{"id":"12097:352733000026900000","parcelId":"352733000026900000","countyFips":"12097","countyName":"Osceola","state":"Florida","marketIds":["Orlando"],"situsAddress":"11250 LIL BURT RD W","situsCity":"SAINT CLOUD","situsZip":"34773-","jurisdictionCode":null,"ownerName":"BEER CHRISTOPHER","ownerName2":null,"propertyName":null,"zoningCode":"AC","zoningDistrict":"Agricultural","jurisdictionPrefix":null,"dorCode":"0211","acreage":7.54,"acreageSource":"osceola-total-acres","centroid":[-80.982765,28.092957],"lastSale":{"date":"2025-10-15","price":369000.0,"qualified":"Q"},"tax":{"marketValue":169300.0,"assessedValue":169300.0,"taxableValue":86220.0,"taxes":117889.0},"mailingAddress":{"line1":"11250 LIL BURT RD W","line2":null,"city":"SAINT CLOUD","state":"FL","zip":"34773"},"incomeTract":null,"incomeBlockGroup":null,"nearestRoad":null,"flu":{"code":"rural/agricultural","label":"RURAL/AGRICULTURAL","jurisdiction":"Unincorporated","source":"osceola-flu-12"},"opportunityZone":null,"oz2Eligibility":{"eligible":true,"rural":true,"tractGeoid":"12097043802","tractName":"Census Tract 438.02","designation":"eligible-for-nomination","source":"rev-proc-2026-14"},"appraiserUrl":"https://maps.property-appraiser.org/?Pin=352733000026900000","source":"osceola-parcels-12097","dataGaps":["Acreage band is county TotalAcres from 5.0 through 150.0 on Parcels FeatureServer/3. This replaces the DOH extract.","Owner, mailing, sale, just value, assessed value, DOR code, and estimated tax come from that parcel layer.","Taxable value is the prior-roll PrevTaxabl field, not a current taxable. EstimatedT is an estimate, not a certified bill.","Q_U is stored on lastSale.qualified and is not used to drop sales.","Zoning is a centroid join to Zoning MapServer/13. Misses fall back to the parcel Zone1 code when that field is set.","FLU is a centroid join to Future Land Use FeatureServer/12. A parcel on a boundary gets one code. St. Cloud zoning and FLU override that join when the city PIN matches. Those city layers are not an Osceola county extract. Winter Springs EnerGov is Seminole and is not used.","Osceola and Lake zoning/FLU codes are not in the Orange zoning or FLU knowledge base, so multifamily filters treat them as unknown.","The appraiser link is the public map Pin URL. The CAMA search site is Cloudflare-gated from some networks. gis.osceola.org has an incomplete certificate chain; JSON queries still work.","OZ 2.0 here is the seven-market rural-eligible tract pack only. Income and AADT are joined at query time, not stored on the tile."]},"geometry":{"type":"Polygon","coordinates":[[[-80.983554,28.0925],[-80.982604,28.092504],[-80.981576,28.092508],[-80.981584,28.093869],[-80.983639,28.093862],[-80.983631,28.092499],[-80.983554,28.0925]]]}},{"type":"Feature","id":"12097:352733000032900000","properties":{"id":"12097:352733000032900000","parcelId":"352733000032900000","countyFips":"12097","countyName":"Osceola","state":"Florida","marketIds":["Orlando"],"situsAddress":"JOURNIGAN RD","situsCity":"SAINT CLOUD","situsZip":"34773","jurisdictionCode":null,"ownerName":"GONZALEZ JENLY K","ownerName2":"GONZALEZ KEVIN R / GONZALEZ DALVIN","propertyName":null,"zoningCode":"AC","zoningDistrict":"Agricultural","jurisdictionPrefix":null,"dorCode":"0001","acreage":5.02,"acreageSource":"osceola-total-acres","centroid":[-80.986867,28.091424],"lastSale":{"date":"2014-02-06","price":100.0,"qualified":"U"},"tax":{"marketValue":4800.0,"assessedValue":2277.0,"taxableValue":1882.0,"taxes":2277.0},"mailingAddress":{"line1":"13041 BOGGY POINTE DR","line2":null,"city":"ORLANDO","state":"FL","zip":"32824-4837"},"incomeTract":null,"incomeBlockGroup":null,"nearestRoad":null,"flu":{"code":"rural/agricultural","label":"RURAL/AGRICULTURAL","jurisdiction":"Unincorporated","source":"osceola-flu-12"},"opportunityZone":null,"oz2Eligibility":{"eligible":true,"rural":true,"tractGeoid":"12097043802","tractName":"Census Tract 438.02","designation":"eligible-for-nomination","source":"rev-proc-2026-14"},"appraiserUrl":"https://maps.property-appraiser.org/?Pin=352733000032900000","source":"osceola-parcels-12097","dataGaps":["Acreage band is county TotalAcres from 5.0 through 150.0 on Parcels FeatureServer/3. This replaces the DOH extract.","Owner, mailing, sale, just value, assessed value, DOR code, and estimated tax come from that parcel layer.","Taxable value is the prior-roll PrevTaxabl field, not a current taxable. EstimatedT is an estimate, not a certified bill.","Q_U is stored on lastSale.qualified and is not used to drop sales.","Zoning is a centroid join to Zoning MapServer/13. Misses fall back to the parcel Zone1 code when that field is set.","FLU is a centroid join to Future Land Use FeatureServer/12. A parcel on a boundary gets one code. St. Cloud zoning and FLU override that join when the city PIN matches. Those city layers are not an Osceola county extract. Winter Springs EnerGov is Seminole and is not used.","Osceola and Lake zoning/FLU codes are not in the Orange zoning or FLU knowledge base, so multifamily filters treat them as unknown.","The appraiser link is the public map Pin URL. The CAMA search site is Cloudflare-gated from some networks. gis.osceola.org has an incomplete certificate chain; JSON queries still work.","OZ 2.0 here is the seven-market rural-eligible tract pack only. Income and AADT are joined at query time, not stored on the tile."]},"geometry":{"type":"Polygon","coordinates":[[[-80.987657,28.091117],[-80.986707,28.091121],[-80.985679,28.091127],[-80.985684,28.092036],[-80.98774,28.092026],[-80.987734,28.091116],[-80.987657,28.091117]]]}},{"type":"Feature","id":"12097:352733000034000000","properties":{"id":"12097:352733000034000000","parcelId":"352733000034000000","countyFips":"12097","countyName":"Osceola","state":"Florida","marketIds":["Orlando"],"situsAddress":"6250 HARRIS RD","situsCity":"SAINT CLOUD","situsZip":"34773-","jurisdictionCode":null,"ownerName":"LENOCI WILL ALLEN","ownerName2":"LENOCI TIFFANY RENE","propertyName":null,"zoningCode":"AC","zoningDistrict":"Agricultural","jurisdictionPrefix":null,"dorCode":"0211","acreage":8.79,"acreageSource":"osceola-total-acres","centroid":[-80.993011,28.09135],"lastSale":{"date":"2021-07-01","price":null,"qualified":"U"},"tax":{"marketValue":214100.0,"assessedValue":100524.0,"taxableValue":0.0,"taxes":0.0},"mailingAddress":{"line1":"6250 HARRIS RD","line2":null,"city":"SAINT CLOUD","state":"FL","zip":"34773"},"incomeTract":null,"incomeBlockGroup":null,"nearestRoad":null,"flu":{"code":"rural/agricultural","label":"RURAL/AGRICULTURAL","jurisdiction":"Unincorporated","source":"osceola-flu-12"},"opportunityZone":null,"oz2Eligibility":{"eligible":true,"rural":true,"tractGeoid":"12097043802","tractName":"Census Tract 438.02","designation":"eligible-for-nomination","source":"rev-proc-2026-14"},"appraiserUrl":"https://maps.property-appraiser.org/?Pin=352733000034000000","source":"osceola-parcels-12097","dataGaps":["Acreage band is county TotalAcres from 5.0 through 150.0 on Parcels FeatureServer/3. This replaces the DOH extract.","Owner, mailing, sale, just value, assessed value, DOR code, and estimated tax come from that parcel layer.","Taxable value is the prior-roll PrevTaxabl field, not a current taxable. EstimatedT is an estimate, not a certified bill.","Q_U is stored on lastSale.qualified and is not used to drop sales.","Zoning is a centroid join to Zoning MapServer/13. Misses fall back to the parcel Zone1 code when that field is set.","FLU is a centroid join to Future Land Use FeatureServer/12. A parcel on a boundary gets one code. St. Cloud zoning and FLU override that join when the city PIN matches. Those city layers are not an Osceola county extract. Winter Springs EnerGov is Seminole and is not used.","Osceola and Lake zoning/FLU codes are not in the Orange zoning or FLU knowledge base, so multifamily filters treat them as unknown.","The appraiser link is the public map Pin URL. The CAMA search site is Cloudflare-gated from some networks. gis.osceola.org has an incomplete certificate chain; JSON queries still work.","OZ 2.0 here is the seven-market rural-eligible tract pack only. Income and AADT are joined at query time, not stored on the tile."]},"geometry":{"type":"Polygon","coordinates":[[[-80.992879,28.092002],[-80.993829,28.091997],[-80.993907,28.091997],[-80.993896,28.090172],[-80.99184,28.090183],[-80.991848,28.091551],[-80.992876,28.091546],[-80.992879,28.092002]]]}},{"type":"Feature","id":"12097:352733000044900000","properties":{"id":"12097:352733000044900000","parcelId":"352733000044900000","countyFips":"12097","countyName":"Osceola","state":"Florida","marketIds":["Orlando"],"situsAddress":"PALM FROND RD","situsCity":"SAINT CLOUD","situsZip":"34773-","jurisdictionCode":null,"ownerName":"CARPENTER JEFFREY J","ownerName2":"CARPENTER LAUREN J","propertyName":null,"zoningCode":"AC","zoningDistrict":"Agricultural","jurisdictionPrefix":null,"dorCode":"0001","acreage":5.02,"acreageSource":"osceola-total-acres","centroid":[-80.994751,28.087732],"lastSale":{"date":"2020-04-23","price":100.0,"qualified":"U"},"tax":{"marketValue":32000.0,"assessedValue":32000.0,"taxableValue":31944.0,"taxes":32000.0},"mailingAddress":{"line1":"4500 AURORA RD","line2":null,"city":"MELBOURNE","state":"FL","zip":"32934-7177"},"incomeTract":null,"incomeBlockGroup":null,"nearestRoad":null,"flu":{"code":"rural/agricultural","label":"RURAL/AGRICULTURAL","jurisdiction":"Unincorporated","source":"osceola-flu-12"},"opportunityZone":null,"oz2Eligibility":{"eligible":true,"rural":true,"tractGeoid":"12097043802","tractName":"Census Tract 438.02","designation":"eligible-for-nomination","source":"rev-proc-2026-14"},"appraiserUrl":"https://maps.property-appraiser.org/?Pin=352733000044900000","source":"osceola-parcels-12097","dataGaps":["Acreage band is county TotalAcres from 5.0 through 150.0 on Parcels FeatureServer/3. This replaces the DOH extract.","Owner, mailing, sale, just value, assessed value, DOR code, and estimated tax come from that parcel layer.","Taxable value is the prior-roll PrevTaxabl field, not a current taxable. EstimatedT is an estimate, not a certified bill.","Q_U is stored on lastSale.qualified and is not used to drop sales.","Zoning is a centroid join to Zoning MapServer/13. Misses fall back to the parcel Zone1 code when that field is set.","FLU is a centroid join to Future Land Use FeatureServer/12. A parcel on a boundary gets one code. St. Cloud zoning and FLU override that join when the city PIN matches. Those city layers are not an Osceola county extract. Winter Springs EnerGov is Seminole and is not used.","Osceola and Lake zoning/FLU codes are not in the Orange zoning or FLU knowledge base, so multifamily filters treat them as unknown.","The appraiser link is the public map Pin URL. The CAMA search site is Cloudflare-gated from some networks. gis.osceola.org has an incomplete certificate chain; JSON queries still work.","OZ 2.0 here is the seven-market rural-eligible tract pack only. Income and AADT are joined at query time, not stored on the tile."]},"geometry":{"type":"Polygon","coordinates":[[[-80.994908,28.087427],[-80.993957,28.087433],[-80.993879,28.087434],[-80.993885,28.088347],[-80.995942,28.088333],[-80.995937,28.08742],[-80.994908,28.087427]]]}},{"type":"Feature","id":"12097:352733000051700000","properties":{"id":"12097:352733000051700000","parcelId":"352733000051700000","countyFips":"12097","countyName":"Osceola","state":"Florida","marketIds":["Orlando"],"situsAddress":"HARRIS RD","situsCity":"SAINT CLOUD","situsZip":"34773-","jurisdictionCode":null,"ownerName":"JOHNSON CORNELL","ownerName2":"JOHNSON EUGENIE","propertyName":null,"zoningCode":"AC","zoningDistrict":"Agricultural","jurisdictionPrefix":null,"dorCode":"0001","acreage":5.03,"acreageSource":"osceola-total-acres","centroid":[-80.990597,28.085999],"lastSale":{"date":"2006-09-29","price":65000.0,"qualified":"Q"},"tax":{"marketValue":32000.0,"assessedValue":13176.0,"taxableValue":10890.0,"taxes":13176.0},"mailingAddress":{"line1":"PO BOX 990294","line2":null,"city":"NAPLES","state":"FL","zip":"34116-6062"},"incomeTract":null,"incomeBlockGroup":null,"nearestRoad":null,"flu":{"code":"rural/agricultural","label":"RURAL/AGRICULTURAL","jurisdiction":"Unincorporated","source":"osceola-flu-12"},"opportunityZone":null,"oz2Eligibility":{"eligible":true,"rural":true,"tractGeoid":"12097043802","tractName":"Census Tract 438.02","designation":"eligible-for-nomination","source":"rev-proc-2026-14"},"appraiserUrl":"https://maps.property-appraiser.org/?Pin=352733000051700000","source":"osceola-parcels-12097","dataGaps":["Acreage band is county TotalAcres from 5.0 through 150.0 on Parcels FeatureServer/3. This replaces the DOH extract.","Owner, mailing, sale, just value, assessed value, DOR code, and estimated tax come from that parcel layer.","Taxable value is the prior-roll PrevTaxabl field, not a current taxable. EstimatedT is an estimate, not a certified bill.","Q_U is stored on lastSale.qualified and is not used to drop sales.","Zoning is a centroid join to Zoning MapServer/13. Misses fall back to the parcel Zone1 code when that field is set.","FLU is a centroid join to Future Land Use FeatureServer/12. A parcel on a boundary gets one code. St. Cloud zoning and FLU override that join when the city PIN matches. Those city layers are not an Osceola county extract. Winter Springs EnerGov is Seminole and is not used.","Osceola and Lake zoning/FLU codes are not in the Orange zoning or FLU knowledge base, so multifamily filters treat them as unknown.","The appraiser link is the public map Pin URL. The CAMA search site is Cloudflare-gated from some networks. gis.osceola.org has an incomplete certificate chain; JSON queries still work.","OZ 2.0 here is the seven-market rural-eligible tract pack only. Income and AADT are joined at query time, not stored on the tile."]},"geometry":{"type":"Polygon","coordinates":[[[-80.989835,28.08564],[-80.989758,28.085641],[-80.989763,28.086551],[-80.991818,28.086537],[-80.991813,28.085625],[-80.989835,28.08564]]]}},{"type":"Feature","id":"12097:2427333410000A0120","properties":{"id":"12097:2427333410000A0120","parcelId":"2427333410000A0120","countyFips":"12097","countyName":"Osceola","state":"Florida","marketIds":["Orlando"],"situsAddress":"HIBISCUS RD","situsCity":"SAINT CLOUD","situsZip":"34773","jurisdictionCode":null,"ownerName":"ST JOHNS RIVER WATER MGMT DIST","ownerName2":null,"propertyName":null,"zoningCode":"AC","zoningDistrict":"Agricultural","jurisdictionPrefix":null,"dorCode":"8001","acreage":13.245,"acreageSource":"osceola-total-acres","centroid":[-80.96264,28.116878],"lastSale":{"date":null,"price":null,"qualified":"U"},"tax":{"marketValue":198800.0,"assessedValue":164398.0,"taxableValue":0.0,"taxes":0.0},"mailingAddress":{"line1":"ATTN MARY LOU PICKLES, DIR BUDGET&MGMT RPTG","line2":"4049 REID ST, PO BOX 1429","city":"PALATKA","state":"FL","zip":"32178-1429"},"incomeTract":null,"incomeBlockGroup":null,"nearestRoad":null,"flu":{"code":"rural/agricultural","label":"RURAL/AGRICULTURAL","jurisdiction":"Unincorporated","source":"osceola-flu-12"},"opportunityZone":null,"oz2Eligibility":{"eligible":true,"rural":true,"tractGeoid":"12097043802","tractName":"Census Tract 438.02","designation":"eligible-for-nomination","source":"rev-proc-2026-14"},"appraiserUrl":"https://maps.property-appraiser.org/?Pin=2427333410000A0120","source":"osceola-parcels-12097","dataGaps":["Acreage band is county TotalAcres from 5.0 through 150.0 on Parcels FeatureServer/3. This replaces the DOH extract.","Owner, mailing, sale, just value, assessed value, DOR code, and estimated tax come from that parcel layer.","Taxable value is the prior-roll PrevTaxabl field, not a current taxable. EstimatedT is an estimate, not a certified bill.","Q_U is stored on lastSale.qualified and is not used to drop sales.","Zoning is a centroid join to Zoning MapServer/13. Misses fall back to the parcel Zone1 code when that field is set.","FLU is a centroid join to Future Land Use FeatureServer/12. A parcel on a boundary gets one code. St. Cloud zoning and FLU override that join when the city PIN matches. Those city layers are not an Osceola county extract. Winter Springs EnerGov is Seminole and is not used.","Osceola and Lake zoning/FLU codes are not in the Orange zoning or FLU knowledge base, so multifamily filters treat them as unknown.","The appraiser link is the public map Pin URL. The CAMA search site is Cloudflare-gated from some networks. gis.osceola.org has an incomplete certificate chain; JSON queries still work.","OZ 2.0 here is the seven-market rural-eligible tract pack only. Income and AADT are joined at query time, not stored on the tile."]},"geometry":{"type":"Polygon","coordinates":[[[-80.96161,28.115678],[-80.961621,28.118083],[-80.963669,28.118077],[-80.963659,28.115675],[-80.96161,28.115678]]]}},{"type":"Feature","id":"12097:2427333410000B0180","properties":{"id":"12097:2427333410000B0180","parcelId":"2427333410000B0180","countyFips":"12097","countyName":"Osceola","state":"Florida","marketIds":["Orlando"],"situsAddress":"BROADSTREAM DR","situsCity":"SAINT CLOUD","situsZip":"34773","jurisdictionCode":null,"ownerName":"ST JOHNS RIVER WATER MGMT DIST","ownerName2":null,"propertyName":null,"zoningCode":"AC","zoningDistrict":"Agricultural","jurisdictionPrefix":null,"dorCode":"8001","acreage":11.721,"acreageSource":"osceola-total-acres","centroid":[-80.968804,28.116558],"lastSale":{"date":null,"price":null,"qualified":"U"},"tax":{"marketValue":158200.0,"assessedValue":116212.0,"taxableValue":0.0,"taxes":0.0},"mailingAddress":{"line1":"ATTN MARY LOU PICKLES, DIR BUDGET&MGMT RPTG","line2":"4049 REID ST, PO BOX 1429","city":"PALATKA","state":"FL","zip":"32178-1429"},"incomeTract":null,"incomeBlockGroup":null,"nearestRoad":null,"flu":{"code":"rural/agricultural","label":"RURAL/AGRICULTURAL","jurisdiction":"Unincorporated","source":"osceola-flu-12"},"opportunityZone":null,"oz2Eligibility":{"eligible":true,"rural":true,"tractGeoid":"12097043802","tractName":"Census Tract 438.02","designation":"eligible-for-nomination","source":"rev-proc-2026-14"},"appraiserUrl":"https://maps.property-appraiser.org/?Pin=2427333410000B0180","source":"osceola-parcels-12097","dataGaps":["Acreage band is county TotalAcres from 5.0 through 150.0 on Parcels FeatureServer/3. This replaces the DOH extract.","Owner, mailing, sale, just value, assessed value, DOR code, and estimated tax come from that parcel layer.","Taxable value is the prior-roll PrevTaxabl field, not a current taxable. EstimatedT is an estimate, not a certified bill.","Q_U is stored on lastSale.qualified and is not used to drop sales.","Zoning is a centroid join to Zoning MapServer/13. Misses fall back to the parcel Zone1 code when that field is set.","FLU is a centroid join to Future Land Use FeatureServer/12. A parcel on a boundary gets one code. St. Cloud zoning and FLU override that join when the city PIN matches. Those city layers are not an Osceola county extract. Winter Springs EnerGov is Seminole and is not used.","Osceola and Lake zoning/FLU codes are not in the Orange zoning or FLU knowledge base, so multifamily filters treat them as unknown.","The appraiser link is the public map Pin URL. The CAMA search site is Cloudflare-gated from some networks. gis.osceola.org has an incomplete certificate chain; JSON queries still work.","OZ 2.0 here is the seven-market rural-eligible tract pack only. Income and AADT are joined at query time, not stored on the tile."]},"geometry":{"type":"Polygon","coordinates":[[[-80.969894,28.115665],[-80.968336,28.115667],[-80.967939,28.115668],[-80.967948,28.117899],[-80.969902,28.117892],[-80.969894,28.115665]]]}},{"type":"Feature","id":"12097:2427333410000A0255","properties":{"id":"12097:2427333410000A0255","parcelId":"2427333410000A0255","countyFips":"12097","countyName":"Osceola","state":"Florida","marketIds":["Orlando"],"situsAddress":"11596 BROADSTREAM DR","situsCity":"SAINT CLOUD","situsZip":"34773","jurisdictionCode":null,"ownerName":"ROWE BOYD","ownerName2":null,"propertyName":null,"zoningCode":"AC","zoningDistrict":"Agricultural","jurisdictionPrefix":null,"dorCode":"0111","acreage":7.26,"acreageSource":"osceola-total-acres","centroid":[-80.967179,28.116574],"lastSale":{"date":"2021-02-24","price":100.0,"qualified":"U"},"tax":{"marketValue":269400.0,"assessedValue":269400.0,"taxableValue":201631.0,"taxes":212989.0},"mailingAddress":{"line1":"11596 BROADSTREAM DR","line2":null,"city":"SAINT CLOUD","state":"FL","zip":"34773"},"incomeTract":null,"incomeBlockGroup":null,"nearestRoad":null,"flu":{"code":"rural/agricultural","label":"RURAL/AGRICULTURAL","jurisdiction":"Unincorporated","source":"osceola-flu-12"},"opportunityZone":null,"oz2Eligibility":{"eligible":true,"rural":true,"tractGeoid":"12097043802","tractName":"Census Tract 438.02","designation":"eligible-for-nomination","source":"rev-proc-2026-14"},"appraiserUrl":"https://maps.property-appraiser.org/?Pin=2427333410000A0255","source":"osceola-parcels-12097","dataGaps":["Acreage band is county TotalAcres from 5.0 through 150.0 on Parcels FeatureServer/3. This replaces the DOH extract.","Owner, mailing, sale, just value, assessed value, DOR code, and estimated tax come from that parcel layer.","Taxable value is the prior-roll PrevTaxabl field, not a current taxable. EstimatedT is an estimate, not a certified bill.","Q_U is stored on lastSale.qualified and is not used to drop sales.","Zoning is a centroid join to Zoning MapServer/13. Misses fall back to the parcel Zone1 code when that field is set.","FLU is a centroid join to Future Land Use FeatureServer/12. A parcel on a boundary gets one code. St. Cloud zoning and FLU override that join when the city PIN matches. Those city layers are not an Osceola county extract. Winter Springs EnerGov is Seminole and is not used.","Osceola and Lake zoning/FLU codes are not in the Orange zoning or FLU knowledge base, so multifamily filters treat them as unknown.","The appraiser link is the public map Pin URL. The CAMA search site is Cloudflare-gated from some networks. gis.osceola.org has an incomplete certificate chain; JSON queries still work.","OZ 2.0 here is the seven-market rural-eligible tract pack only. Income and AADT are joined at query time, not stored on the tile."]},"geometry":{"type":"Polygon","coordinates":[[[-80.967261,28.115669],[-80.967032,28.11567],[-80.967032,28.116603],[-80.966521,28.116603],[-80.966521,28.117904],[-80.967948,28.117899],[-80.967939,28.115668],[-80.967261,28.115669]]]}},{"type":"Feature","id":"12097:2427333410000C0070","properties":{"id":"12097:2427333410000C0070","parcelId":"2427333410000C0070","countyFips":"12097","countyName":"Osceola","state":"Florida","marketIds":["Orlando"],"situsAddress":"5380 MAGNOLIA RD","situsCity":"SAINT CLOUD","situsZip":"34773","jurisdictionCode":null,"ownerName":"CROSBY CLIFFORD E","ownerName2":null,"propertyName":null,"zoningCode":"AC","zoningDistrict":"Agricultural","jurisdictionPrefix":null,"dorCode":"0111","acreage":5.46,"acreageSource":"osceola-total-acres","centroid":[-80.97089,28.123357],"lastSale":{"date":"2026-07-15","price":null,"qualified":"U"},"tax":{"marketValue":332200.0,"assessedValue":164752.0,"taxableValue":105900.0,"taxes":113341.0},"mailingAddress":{"line1":"5380 MAGNOLIA RD","line2":null,"city":"SAINT CLOUD","state":"FL","zip":"34773"},"incomeTract":null,"incomeBlockGroup":null,"nearestRoad":null,"flu":{"code":"rural/agricultural","label":"RURAL/AGRICULTURAL","jurisdiction":"Unincorporated","source":"osceola-flu-12"},"opportunityZone":null,"oz2Eligibility":{"eligible":true,"rural":true,"tractGeoid":"12097043802","tractName":"Census Tract 438.02","designation":"eligible-for-nomination","source":"rev-proc-2026-14"},"appraiserUrl":"https://maps.property-appraiser.org/?Pin=2427333410000C0070","source":"osceola-parcels-12097","dataGaps":["Acreage band is county TotalAcres from 5.0 through 150.0 on Parcels FeatureServer/3. This replaces the DOH extract.","Owner, mailing, sale, just value, assessed value, DOR code, and estimated tax come from that parcel layer.","Taxable value is the prior-roll PrevTaxabl field, not a current taxable. EstimatedT is an estimate, not a certified bill.","Q_U is stored on lastSale.qualified and is not used to drop sales.","Zoning is a centroid join to Zoning MapServer/13. Misses fall back to the parcel Zone1 code when that field is set.","FLU is a centroid join to Future Land Use FeatureServer/12. A parcel on a boundary gets one code. St. Cloud zoning and FLU override that join when the city PIN matches. Those city layers are not an Osceola county extract. Winter Springs EnerGov is Seminole and is not used.","Osceola and Lake zoning/FLU codes are not in the Orange zoning or FLU knowledge base, so multifamily filters treat them as unknown.","The appraiser link is the public map Pin URL. The CAMA search site is Cloudflare-gated from some networks. gis.osceola.org has an incomplete certificate chain; JSON queries still work.","OZ 2.0 here is the seven-market rural-eligible tract pack only. Income and AADT are joined at query time, not stored on the tile."]},"geometry":{"type":"Polygon","coordinates":[[[-80.970107,28.122919],[-80.970107,28.123049],[-80.97011,28.123956],[-80.972066,28.12395],[-80.972062,28.122913],[-80.970107,28.122919]]]}},{"type":"Feature","id":"12097:2427333410000C0080","properties":{"id":"12097:2427333410000C0080","parcelId":"2427333410000C0080","countyFips":"12097","countyName":"Osceola","state":"Florida","marketIds":["Orlando"],"situsAddress":"MAGNOLIA RD","situsCity":"SAINT CLOUD","situsZip":"34773","jurisdictionCode":null,"ownerName":"CROSBY DUSTIN D","ownerName2":"CROSBY CHARITY R","propertyName":null,"zoningCode":"AC","zoningDistrict":"Agricultural","jurisdictionPrefix":null,"dorCode":"0001","acreage":6.74,"acreageSource":"osceola-total-acres","centroid":[-80.972113,28.122669],"lastSale":{"date":"2015-04-03","price":100.0,"qualified":"U"},"tax":{"marketValue":141500.0,"assessedValue":117098.0,"taxableValue":96776.0,"taxes":117098.0},"mailingAddress":{"line1":"2000 DEER PARK RD","line2":null,"city":"SAINT CLOUD","state":"FL","zip":"34773"},"incomeTract":null,"incomeBlockGroup":null,"nearestRoad":null,"flu":{"code":"rural/agricultural","label":"RURAL/AGRICULTURAL","jurisdiction":"Unincorporated","source":"osceola-flu-12"},"opportunityZone":null,"oz2Eligibility":{"eligible":true,"rural":true,"tractGeoid":"12097043802","tractName":"Census Tract 438.02","designation":"eligible-for-nomination","source":"rev-proc-2026-14"},"appraiserUrl":"https://maps.property-appraiser.org/?Pin=2427333410000C0080","source":"osceola-parcels-12097","dataGaps":["Acreage band is county TotalAcres from 5.0 through 150.0 on Parcels FeatureServer/3. This replaces the DOH extract.","Owner, mailing, sale, just value, assessed value, DOR code, and estimated tax come from that parcel layer.","Taxable value is the prior-roll PrevTaxabl field, not a current taxable. EstimatedT is an estimate, not a certified bill.","Q_U is stored on lastSale.qualified and is not used to drop sales.","Zoning is a centroid join to Zoning MapServer/13. Misses fall back to the parcel Zone1 code when that field is set.","FLU is a centroid join to Future Land Use FeatureServer/12. A parcel on a boundary gets one code. St. Cloud zoning and FLU override that join when the city PIN matches. Those city layers are not an Osceola county extract. Winter Springs EnerGov is Seminole and is not used.","Osceola and Lake zoning/FLU codes are not in the Orange zoning or FLU knowledge base, so multifamily filters treat them as unknown.","The appraiser link is the public map Pin URL. The CAMA search site is Cloudflare-gated from some networks. gis.osceola.org has an incomplete certificate chain; JSON queries still work.","OZ 2.0 here is the seven-market rural-eligible tract pack only. Income and AADT are joined at query time, not stored on the tile."]},"geometry":{"type":"Polygon","coordinates":[[[-80.972062,28.123042],[-80.974195,28.123035],[-80.974254,28.122581],[-80.972061,28.122588],[-80.972059,28.122135],[-80.970104,28.122141],[-80.970107,28.122919],[-80.972062,28.122913],[-80.972062,28.123042]]]}},{"type":"Feature","id":"12097:282734000000100000","properties":{"id":"12097:282734000000100000","parcelId":"282734000000100000","countyFips":"12097","countyName":"Osceola","state":"Florida","marketIds":["Orlando"],"situsAddress":null,"situsCity":"SAINT CLOUD","situsZip":"34771","jurisdictionCode":null,"ownerName":"FARMLAND RESERVE INC","ownerName2":null,"propertyName":null,"zoningCode":"AC","zoningDistrict":"Agricultural","jurisdictionPrefix":null,"dorCode":"6001","acreage":72.622,"acreageSource":"osceola-total-acres","centroid":[-80.917879,28.11231],"lastSale":{"date":"1998-11-03","price":null,"qualified":"U"},"tax":{"marketValue":290500.0,"assessedValue":10800.0,"taxableValue":10800.0,"taxes":10800.0},"mailingAddress":{"line1":"PO BOX 3688","line2":null,"city":"SALT LAKE CITY","state":"UT","zip":"84110"},"incomeTract":null,"incomeBlockGroup":null,"nearestRoad":null,"flu":{"code":"mixed use","label":"MIXED USE","jurisdiction":"Unincorporated","source":"osceola-flu-12"},"opportunityZone":null,"oz2Eligibility":{"eligible":false,"rural":null,"tractGeoid":null,"tractName":null,"designation":"not-eligible","source":"rev-proc-2026-14"},"appraiserUrl":"https://maps.property-appraiser.org/?Pin=282734000000100000","source":"osceola-parcels-12097","dataGaps":["Acreage band is county TotalAcres from 5.0 through 150.0 on Parcels FeatureServer/3. This replaces the DOH extract.","Owner, mailing, sale, just value, assessed value, DOR code, and estimated tax come from that parcel layer.","Taxable value is the prior-roll PrevTaxabl field, not a current taxable. EstimatedT is an estimate, not a certified bill.","Q_U is stored on lastSale.qualified and is not used to drop sales.","Zoning is a centroid join to Zoning MapServer/13. Misses fall back to the parcel Zone1 code when that field is set.","FLU is a centroid join to Future Land Use FeatureServer/12. A parcel on a boundary gets one code. St. Cloud zoning and FLU override that join when the city PIN matches. Those city layers are not an Osceola county extract. Winter Springs EnerGov is Seminole and is not used.","Osceola and Lake zoning/FLU codes are not in the Orange zoning or FLU knowledge base, so multifamily filters treat them as unknown.","The appraiser link is the public map Pin URL. The CAMA search site is Cloudflare-gated from some networks. gis.osceola.org has an incomplete certificate chain; JSON queries still work.","OZ 2.0 here is the seven-market rural-eligible tract pack only. Income and AADT are joined at query time, not stored on the tile."]},"geometry":{"type":"Polygon","coordinates":[[[-80.91226,28.10867],[-80.912233,28.113711],[-80.922175,28.113671],[-80.91955,28.112347],[-80.919074,28.113089],[-80.918618,28.112859],[-80.918543,28.112723],[-80.918547,28.112535],[-80.918492,28.112346],[-80.918385,28.112158],[-80.918299,28.111864],[-80.918371,28.111752],[-80.91226,28.10867]]]}},{"type":"Feature","id":"12097:352733000020700000","properties":{"id":"12097:352733000020700000","parcelId":"352733000020700000","countyFips":"12097","countyName":"Osceola","state":"Florida","marketIds":["Orlando"],"situsAddress":"OWENS RD","situsCity":"SAINT CLOUD","situsZip":"34773-","jurisdictionCode":null,"ownerName":"CUTAJAR JOSEPH","ownerName2":"CUTAJAR CARMELA","propertyName":null,"zoningCode":"AC","zoningDistrict":"Agricultural","jurisdictionPrefix":null,"dorCode":"0001","acreage":5.0,"acreageSource":"osceola-total-acres","centroid":[-80.980318,28.095325],"lastSale":{"date":null,"price":5200.0,"qualified":"Q"},"tax":{"marketValue":61200.0,"assessedValue":11292.0,"taxableValue":9333.0,"taxes":11292.0},"mailingAddress":{"line1":"2551 37TH ST","line2":null,"city":"ASTORIA","state":"NY","zip":"11103"},"incomeTract":null,"incomeBlockGroup":null,"nearestRoad":null,"flu":{"code":"rural/agricultural","label":"RURAL/AGRICULTURAL","jurisdiction":"Unincorporated","source":"osceola-flu-12"},"opportunityZone":null,"oz2Eligibility":{"eligible":true,"rural":true,"tractGeoid":"12097043802","tractName":"Census Tract 438.02","designation":"eligible-for-nomination","source":"rev-proc-2026-14"},"appraiserUrl":"https://maps.property-appraiser.org/?Pin=352733000020700000","source":"osceola-parcels-12097","dataGaps":["Acreage band is county TotalAcres from 5.0 through 150.0 on Parcels FeatureServer/3. This replaces the DOH extract.","Owner, mailing, sale, just value, assessed value, DOR code, and estimated tax come from that parcel layer.","Taxable value is the prior-roll PrevTaxabl field, not a current taxable. EstimatedT is an estimate, not a certified bill.","Q_U is stored on lastSale.qualified and is not used to drop sales.","Zoning is a centroid join to Zoning MapServer/13. Misses fall back to the parcel Zone1 code when that field is set.","FLU is a centroid join to Future Land Use FeatureServer/12. A parcel on a boundary gets one code. St. Cloud zoning and FLU override that join when the city PIN matches. Those city layers are not an Osceola county extract. Winter Springs EnerGov is Seminole and is not used.","Osceola and Lake zoning/FLU codes are not in the Orange zoning or FLU knowledge base, so multifamily filters treat them as unknown.","The appraiser link is the public map Pin URL. The CAMA search site is Cloudflare-gated from some networks. gis.osceola.org has an incomplete certificate chain; JSON queries still work.","OZ 2.0 here is the seven-market rural-eligible tract pack only. Income and AADT are joined at query time, not stored on the tile."]},"geometry":{"type":"Polygon","coordinates":[[[-80.979437,28.095692],[-80.97954,28.095691],[-80.981594,28.095681],[-80.981589,28.094776],[-80.979432,28.094785],[-80.979437,28.095692]]]}},{"type":"Feature","id":"12097:352733000023600000","properties":{"id":"12097:352733000023600000","parcelId":"352733000023600000","countyFips":"12097","countyName":"Osceola","state":"Florida","marketIds":["Orlando"],"situsAddress":"6780 BLUE MOON TRL","situsCity":"SAINT CLOUD","situsZip":"34773-","jurisdictionCode":null,"ownerName":"RICHARD SCOTT SWINK REV TRUST","ownerName2":"SWINK RICHARD SCOTT TR","propertyName":null,"zoningCode":"AC","zoningDistrict":"Agricultural","jurisdictionPrefix":null,"dorCode":"0011","acreage":7.51,"acreageSource":"osceola-total-acres","centroid":[-80.986213,28.09453],"lastSale":{"date":"2017-01-31","price":100.0,"qualified":"U"},"tax":{"marketValue":60000.0,"assessedValue":21217.0,"taxableValue":17536.0,"taxes":21217.0},"mailingAddress":{"line1":"3507 JERICHO DR","line2":null,"city":"CASSELBERRY","state":"FL","zip":"32707"},"incomeTract":null,"incomeBlockGroup":null,"nearestRoad":null,"flu":{"code":"rural/agricultural","label":"RURAL/AGRICULTURAL","jurisdiction":"Unincorporated","source":"osceola-flu-12"},"opportunityZone":null,"oz2Eligibility":{"eligible":true,"rural":true,"tractGeoid":"12097043802","tractName":"Census Tract 438.02","designation":"eligible-for-nomination","source":"rev-proc-2026-14"},"appraiserUrl":"https://maps.property-appraiser.org/?Pin=352733000023600000","source":"osceola-parcels-12097","dataGaps":["Acreage band is county TotalAcres from 5.0 through 150.0 on Parcels FeatureServer/3. This replaces the DOH extract.","Owner, mailing, sale, just value, assessed value, DOR code, and estimated tax come from that parcel layer.","Taxable value is the prior-roll PrevTaxabl field, not a current taxable. EstimatedT is an estimate, not a certified bill.","Q_U is stored on lastSale.qualified and is not used to drop sales.","Zoning is a centroid join to Zoning MapServer/13. Misses fall back to the parcel Zone1 code when that field is set.","FLU is a centroid join to Future Land Use FeatureServer/12. A parcel on a boundary gets one code. St. Cloud zoning and FLU override that join when the city PIN matches. Those city layers are not an Osceola county extract. Winter Springs EnerGov is Seminole and is not used.","Osceola and Lake zoning/FLU codes are not in the Orange zoning or FLU knowledge base, so multifamily filters treat them as unknown.","The appraiser link is the public map Pin URL. The CAMA search site is Cloudflare-gated from some networks. gis.osceola.org has an incomplete certificate chain; JSON queries still work.","OZ 2.0 here is the seven-market rural-eligible tract pack only. Income and AADT are joined at query time, not stored on the tile."]},"geometry":{"type":"Polygon","coordinates":[[[-80.986728,28.094754],[-80.986731,28.095205],[-80.987759,28.0952],[-80.987751,28.093846],[-80.986723,28.09385],[-80.986725,28.094302],[-80.983642,28.094314],[-80.983645,28.094767],[-80.986728,28.094754]]]}},{"type":"Feature","id":"12097:352733000025700000","properties":{"id":"12097:352733000025700000","parcelId":"352733000025700000","countyFips":"12097","countyName":"Osceola","state":"Florida","marketIds":["Orlando"],"situsAddress":"6211 PALM FROND RD","situsCity":"SAINT CLOUD","situsZip":"34773","jurisdictionCode":null,"ownerName":"BARILE PETER JOHN","ownerName2":null,"propertyName":null,"zoningCode":"AC","zoningDistrict":"Agricultural","jurisdictionPrefix":null,"dorCode":"0211","acreage":12.55,"acreageSource":"osceola-total-acres","centroid":[-80.994183,28.09359],"lastSale":{"date":"2021-10-06","price":100.0,"qualified":"U"},"tax":{"marketValue":284500.0,"assessedValue":284494.0,"taxableValue":128308.0,"taxes":233083.0},"mailingAddress":{"line1":"6211 PALM FROND RD","line2":null,"city":"SAINT CLOUD","state":"FL","zip":"34773"},"incomeTract":null,"incomeBlockGroup":null,"nearestRoad":null,"flu":{"code":"rural/agricultural","label":"RURAL/AGRICULTURAL","jurisdiction":"Unincorporated","source":"osceola-flu-12"},"opportunityZone":null,"oz2Eligibility":{"eligible":true,"rural":true,"tractGeoid":"12097043802","tractName":"Census Tract 438.02","designation":"eligible-for-nomination","source":"rev-proc-2026-14"},"appraiserUrl":"https://maps.property-appraiser.org/?Pin=352733000025700000","source":"osceola-parcels-12097","dataGaps":["Acreage band is county TotalAcres from 5.0 through 150.0 on Parcels FeatureServer/3. This replaces the DOH extract.","Owner, mailing, sale, just value, assessed value, DOR code, and estimated tax come from that parcel layer.","Taxable value is the prior-roll PrevTaxabl field, not a current taxable. EstimatedT is an estimate, not a certified bill.","Q_U is stored on lastSale.qualified and is not used to drop sales.","Zoning is a centroid join to Zoning MapServer/13. Misses fall back to the parcel Zone1 code when that field is set.","FLU is a centroid join to Future Land Use FeatureServer/12. A parcel on a boundary gets one code. St. Cloud zoning and FLU override that join when the city PIN matches. Those city layers are not an Osceola county extract. Winter Springs EnerGov is Seminole and is not used.","Osceola and Lake zoning/FLU codes are not in the Orange zoning or FLU knowledge base, so multifamily filters treat them as unknown.","The appraiser link is the public map Pin URL. The CAMA search site is Cloudflare-gated from some networks. gis.osceola.org has an incomplete certificate chain; JSON queries still work.","OZ 2.0 here is the seven-market rural-eligible tract pack only. Income and AADT are joined at query time, not stored on the tile."]},"geometry":{"type":"Polygon","coordinates":[[[-80.99399,28.092909],[-80.993912,28.09291],[-80.992884,28.092914],[-80.99289,28.093826],[-80.993917,28.093822],[-80.993923,28.094722],[-80.995979,28.094713],[-80.995969,28.092901],[-80.99399,28.092909]]]}},{"type":"Feature","id":"12097:342734295000010020","properties":{"id":"12097:342734295000010020","parcelId":"342734295000010020","countyFips":"12097","countyName":"Osceola","state":"Florida","marketIds":["Orlando"],"situsAddress":"6175 KEMPFER RD","situsCity":"SAINT CLOUD","situsZip":"34773","jurisdictionCode":null,"ownerName":"KEMPFER GEORGE REED","ownerName2":"KEMPFER CHARLENE W","propertyName":null,"zoningCode":"AC","zoningDistrict":"Agricultural","jurisdictionPrefix":null,"dorCode":"6011","acreage":7.5,"acreageSource":"osceola-total-acres","centroid":[-80.896344,28.092391],"lastSale":{"date":"1993-08-11","price":null,"qualified":"U"},"tax":{"marketValue":644300.0,"assessedValue":152634.0,"taxableValue":94848.0,"taxes":101223.0},"mailingAddress":{"line1":"6175 KEMPFER RD","line2":null,"city":"SAINT CLOUD","state":"FL","zip":"34773-9362"},"incomeTract":null,"incomeBlockGroup":null,"nearestRoad":null,"flu":{"code":"rural settlement","label":"RURAL SETTLEMENT","jurisdiction":"Unincorporated","source":"osceola-flu-12"},"opportunityZone":null,"oz2Eligibility":{"eligible":true,"rural":true,"tractGeoid":"12097043802","tractName":"Census Tract 438.02","designation":"eligible-for-nomination","source":"rev-proc-2026-14"},"appraiserUrl":"https://maps.property-appraiser.org/?Pin=342734295000010020","source":"osceola-parcels-12097","dataGaps":["Acreage band is county TotalAcres from 5.0 through 150.0 on Parcels FeatureServer/3. This replaces the DOH extract.","Owner, mailing, sale, just value, assessed value, DOR code, and estimated tax come from that parcel layer.","Taxable value is the prior-roll PrevTaxabl field, not a current taxable. EstimatedT is an estimate, not a certified bill.","Q_U is stored on lastSale.qualified and is not used to drop sales.","Zoning is a centroid join to Zoning MapServer/13. Misses fall back to the parcel Zone1 code when that field is set.","FLU is a centroid join to Future Land Use FeatureServer/12. A parcel on a boundary gets one code. St. Cloud zoning and FLU override that join when the city PIN matches. Those city layers are not an Osceola county extract. Winter Springs EnerGov is Seminole and is not used.","Osceola and Lake zoning/FLU codes are not in the Orange zoning or FLU knowledge base, so multifamily filters treat them as unknown.","The appraiser link is the public map Pin URL. The CAMA search site is Cloudflare-gated from some networks. gis.osceola.org has an incomplete certificate chain; JSON queries still work.","OZ 2.0 here is the seven-market rural-eligible tract pack only. Income and AADT are joined at query time, not stored on the tile."]},"geometry":{"type":"MultiPolygon","coordinates":[[[[-80.896013,28.092227],[-80.896013,28.092145],[-80.895767,28.092146],[-80.895767,28.092228],[-80.89586,28.092228],[-80.895861,28.092971],[-80.897736,28.092963],[-80.897733,28.092221],[-80.896013,28.092227]]],[[[-80.896993,28.093131],[-80.896807,28.093132],[-80.895861,28.093136],[-80.895862,28.093878],[-80.897741,28.093871],[-80.897737,28.093128],[-80.896993,28.093131]]]]}},{"type":"Feature","id":"12097:342734295000120010","properties":{"id":"12097:342734295000120010","parcelId":"342734295000120010","countyFips":"12097","countyName":"Osceola","state":"Florida","marketIds":["Orlando"],"situsAddress":"CENTRE ST","situsCity":"SAINT CLOUD","situsZip":"34773-","jurisdictionCode":null,"ownerName":"KEMPFER SANDRA D","ownerName2":null,"propertyName":null,"zoningCode":"AC","zoningDistrict":"Agricultural","jurisdictionPrefix":null,"dorCode":"6011","acreage":13.26,"acreageSource":"osceola-total-acres","centroid":[-80.903194,28.089724],"lastSale":{"date":"2021-01-08","price":null,"qualified":"U"},"tax":{"marketValue":62600.0,"assessedValue":11700.0,"taxableValue":11700.0,"taxes":11700.0},"mailingAddress":{"line1":"13212 CENTRE ST","line2":null,"city":"SAINT CLOUD","state":"FL","zip":"34773"},"incomeTract":null,"incomeBlockGroup":null,"nearestRoad":null,"flu":{"code":"rural settlement","label":"RURAL SETTLEMENT","jurisdiction":"Unincorporated","source":"osceola-flu-12"},"opportunityZone":null,"oz2Eligibility":{"eligible":true,"rural":true,"tractGeoid":"12097043802","tractName":"Census Tract 438.02","designation":"eligible-for-nomination","source":"rev-proc-2026-14"},"appraiserUrl":"https://maps.property-appraiser.org/?Pin=342734295000120010","source":"osceola-parcels-12097","dataGaps":["Acreage band is county TotalAcres from 5.0 through 150.0 on Parcels FeatureServer/3. This replaces the DOH extract.","Owner, mailing, sale, just value, assessed value, DOR code, and estimated tax come from that parcel layer.","Taxable value is the prior-roll PrevTaxabl field, not a current taxable. EstimatedT is an estimate, not a certified bill.","Q_U is stored on lastSale.qualified and is not used to drop sales.","Zoning is a centroid join to Zoning MapServer/13. Misses fall back to the parcel Zone1 code when that field is set.","FLU is a centroid join to Future Land Use FeatureServer/12. A parcel on a boundary gets one code. St. Cloud zoning and FLU override that join when the city PIN matches. Those city layers are not an Osceola county extract. Winter Springs EnerGov is Seminole and is not used.","Osceola and Lake zoning/FLU codes are not in the Orange zoning or FLU knowledge base, so multifamily filters treat them as unknown.","The appraiser link is the public map Pin URL. The CAMA search site is Cloudflare-gated from some networks. gis.osceola.org has an incomplete certificate chain; JSON queries still work.","OZ 2.0 here is the seven-market rural-eligible tract pack only. Income and AADT are joined at query time, not stored on the tile."]},"geometry":{"type":"MultiPolygon","coordinates":[[[[-80.903731,28.090382],[-80.903545,28.090383],[-80.902038,28.090389],[-80.902042,28.091131],[-80.90392,28.091124],[-80.903917,28.090382],[-80.903731,28.090382]]],[[[-80.903726,28.089475],[-80.90354,28.089475],[-80.902034,28.089481],[-80.902038,28.090224],[-80.903916,28.090217],[-80.903912,28.089474],[-80.903726,28.089475]]],[[[-80.901662,28.089483],[-80.901476,28.089483],[-80.900359,28.089488],[-80.900363,28.09023],[-80.901852,28.090225],[-80.901848,28.089482],[-80.901662,28.089483]]],[[[-80.899959,28.09071],[-80.899959,28.090768],[-80.899961,28.09114],[-80.900367,28.091138],[-80.900364,28.090464],[-80.900922,28.090462],[-80.900926,28.091136],[-80.901856,28.091132],[-80.901852,28.09039],[-80.899957,28.090397],[-80.899959,28.09071]]]]}},{"type":"Feature","id":"12097:342734295000210010","properties":{"id":"12097:342734295000210010","parcelId":"342734295000210010","countyFips":"12097","countyName":"Osceola","state":"Florida","marketIds":["Orlando"],"situsAddress":"PINE ST","situsCity":"SAINT CLOUD","situsZip":"34773-","jurisdictionCode":null,"ownerName":"DEER PARK RANCH LTD","ownerName2":null,"propertyName":null,"zoningCode":"AC","zoningDistrict":"Agricultural","jurisdictionPrefix":null,"dorCode":"6001","acreage":28.14,"acreageSource":"osceola-total-acres","centroid":[-80.905259,28.089716],"lastSale":{"date":"2020-01-23","price":100.0,"qualified":"U"},"tax":{"marketValue":112600.0,"assessedValue":5100.0,"taxableValue":57900.0,"taxes":5100.0},"mailingAddress":{"line1":"C/O WILLIAM KEMPFER","line2":"6254 KEMPFER RD","city":"SAINT CLOUD","state":"FL","zip":"34773"},"incomeTract":null,"incomeBlockGroup":null,"nearestRoad":null,"flu":{"code":"rural/agricultural","label":"RURAL/AGRICULTURAL","jurisdiction":"Unincorporated","source":"osceola-flu-12"},"opportunityZone":null,"oz2Eligibility":{"eligible":true,"rural":true,"tractGeoid":"12097043802","tractName":"Census Tract 438.02","designation":"eligible-for-nomination","source":"rev-proc-2026-14"},"appraiserUrl":"https://maps.property-appraiser.org/?Pin=342734295000210010","source":"osceola-parcels-12097","dataGaps":["Acreage band is county TotalAcres from 5.0 through 150.0 on Parcels FeatureServer/3. This replaces the DOH extract.","Owner, mailing, sale, just value, assessed value, DOR code, and estimated tax come from that parcel layer.","Taxable value is the prior-roll PrevTaxabl field, not a current taxable. EstimatedT is an estimate, not a certified bill.","Q_U is stored on lastSale.qualified and is not used to drop sales.","Zoning is a centroid join to Zoning MapServer/13. Misses fall back to the parcel Zone1 code when that field is set.","FLU is a centroid join to Future Land Use FeatureServer/12. A parcel on a boundary gets one code. St. Cloud zoning and FLU override that join when the city PIN matches. Those city layers are not an Osceola county extract. Winter Springs EnerGov is Seminole and is not used.","Osceola and Lake zoning/FLU codes are not in the Orange zoning or FLU knowledge base, so multifamily filters treat them as unknown.","The appraiser link is the public map Pin URL. The CAMA search site is Cloudflare-gated from some networks. gis.osceola.org has an incomplete certificate chain; JSON queries still work.","OZ 2.0 here is the seven-market rural-eligible tract pack only. Income and AADT are joined at query time, not stored on the tile."]},"geometry":{"type":"MultiPolygon","coordinates":[[[[-80.905799,28.091282],[-80.905613,28.091283],[-80.904107,28.091289],[-80.904111,28.092031],[-80.905989,28.092024],[-80.905986,28.091281],[-80.905799,28.091282]]],[[[-80.90785,28.088551],[-80.907664,28.088552],[-80.906158,28.088557],[-80.906162,28.0893],[-80.90804,28.089293],[-80.908036,28.08855],[-80.90785,28.088551]]],[[[-80.905795,28.090374],[-80.905609,28.090375],[-80.904103,28.090381],[-80.904106,28.091123],[-80.905985,28.091116],[-80.905981,28.090374],[-80.905795,28.090374]]],[[[-80.907864,28.091274],[-80.907678,28.091275],[-80.906172,28.09128],[-80.906175,28.092023],[-80.908054,28.092016],[-80.90805,28.091273],[-80.907864,28.091274]]],[[[-80.907859,28.090366],[-80.907673,28.090367],[-80.906167,28.090373],[-80.906171,28.091115],[-80.908049,28.091108],[-80.908045,28.090365],[-80.907859,28.090366]]],[[[-80.905791,28.089467],[-80.905604,28.089467],[-80.904098,28.089473],[-80.904102,28.090216],[-80.90598,28.090209],[-80.905977,28.089466],[-80.905791,28.089467]]],[[[-80.907855,28.089459],[-80.907669,28.089459],[-80.906163,28.089465],[-80.906166,28.090208],[-80.908045,28.0902],[-80.908041,28.089458],[-80.907855,28.089459]]],[[[-80.905786,28.088559],[-80.9056,28.08856],[-80.905042,28.088562],[-80.905045,28.089304],[-80.905976,28.089301],[-80.905972,28.088558],[-80.905786,28.088559]]]]}},{"type":"Feature","id":"12097:342734296000010340","properties":{"id":"12097:342734296000010340","parcelId":"342734296000010340","countyFips":"12097","countyName":"Osceola","state":"Florida","marketIds":["Orlando"],"situsAddress":null,"situsCity":"SAINT CLOUD","situsZip":"34771","jurisdictionCode":null,"ownerName":"KEMPFER JAMES R","ownerName2":"KEMPFER PATTI D","propertyName":null,"zoningCode":"AC","zoningDistrict":"Agricultural","jurisdictionPrefix":null,"dorCode":"6111","acreage":8.99,"acreageSource":"osceola-total-acres","centroid":[-80.905437,28.097383],"lastSale":{"date":"1995-01-11","price":null,"qualified":"U"},"tax":{"marketValue":260400.0,"assessedValue":226400.0,"taxableValue":231700.0,"taxes":226400.0},"mailingAddress":{"line1":"13145 CENTRE ST","line2":null,"city":"SAINT CLOUD","state":"FL","zip":"34773"},"incomeTract":null,"incomeBlockGroup":null,"nearestRoad":null,"flu":{"code":"rural/agricultural","label":"RURAL/AGRICULTURAL","jurisdiction":"Unincorporated","source":"osceola-flu-12"},"opportunityZone":null,"oz2Eligibility":{"eligible":true,"rural":true,"tractGeoid":"12097043802","tractName":"Census Tract 438.02","designation":"eligible-for-nomination","source":"rev-proc-2026-14"},"appraiserUrl":"https://maps.property-appraiser.org/?Pin=342734296000010340","source":"osceola-parcels-12097","dataGaps":["Acreage band is county TotalAcres from 5.0 through 150.0 on Parcels FeatureServer/3. This replaces the DOH extract.","Owner, mailing, sale, just value, assessed value, DOR code, and estimated tax come from that parcel layer.","Taxable value is the prior-roll PrevTaxabl field, not a current taxable. EstimatedT is an estimate, not a certified bill.","Q_U is stored on lastSale.qualified and is not used to drop sales.","Zoning is a centroid join to Zoning MapServer/13. Misses fall back to the parcel Zone1 code when that field is set.","FLU is a centroid join to Future Land Use FeatureServer/12. A parcel on a boundary gets one code. St. Cloud zoning and FLU override that join when the city PIN matches. Those city layers are not an Osceola county extract. Winter Springs EnerGov is Seminole and is not used.","Osceola and Lake zoning/FLU codes are not in the Orange zoning or FLU knowledge base, so multifamily filters treat them as unknown.","The appraiser link is the public map Pin URL. The CAMA search site is Cloudflare-gated from some networks. gis.osceola.org has an incomplete certificate chain; JSON queries still work.","OZ 2.0 here is the seven-market rural-eligible tract pack only. Income and AADT are joined at query time, not stored on the tile."]},"geometry":{"type":"Polygon","coordinates":[[[-80.905868,28.098086],[-80.906112,28.098072],[-80.906735,28.098036],[-80.906602,28.096224],[-80.90456,28.096342],[-80.904605,28.09696],[-80.905255,28.096922],[-80.905297,28.097499],[-80.904647,28.097536],[-80.904693,28.098154],[-80.905868,28.098086]]]}},{"type":"Feature","id":"12097:362733000002100000","properties":{"id":"12097:362733000002100000","parcelId":"362733000002100000","countyFips":"12097","countyName":"Osceola","state":"Florida","marketIds":["Orlando"],"situsAddress":"6840 CRABGRASS RD","situsCity":"SAINT CLOUD","situsZip":"34773-","jurisdictionCode":null,"ownerName":"STEVENS KIMBERLY","ownerName2":null,"propertyName":null,"zoningCode":"AC","zoningDistrict":"Agricultural","jurisdictionPrefix":null,"dorCode":"0111","acreage":5.0,"acreageSource":"osceola-total-acres","centroid":[-80.976409,28.10054],"lastSale":{"date":"1999-11-24","price":95000.0,"qualified":"U"},"tax":{"marketValue":111600.0,"assessedValue":103442.0,"taxableValue":85490.0,"taxes":103442.0},"mailingAddress":{"line1":"4507 MESA VERDE DR","line2":null,"city":"SAINT CLOUD","state":"FL","zip":"34769"},"incomeTract":null,"incomeBlockGroup":null,"nearestRoad":null,"flu":{"code":"rural/agricultural","label":"RURAL/AGRICULTURAL","jurisdiction":"Unincorporated","source":"osceola-flu-12"},"opportunityZone":null,"oz2Eligibility":{"eligible":true,"rural":true,"tractGeoid":"12097043802","tractName":"Census Tract 438.02","designation":"eligible-for-nomination","source":"rev-proc-2026-14"},"appraiserUrl":"https://maps.property-appraiser.org/?Pin=362733000002100000","source":"osceola-parcels-12097","dataGaps":["Acreage band is county TotalAcres from 5.0 through 150.0 on Parcels FeatureServer/3. This replaces the DOH extract.","Owner, mailing, sale, just value, assessed value, DOR code, and estimated tax come from that parcel layer.","Taxable value is the prior-roll PrevTaxabl field, not a current taxable. EstimatedT is an estimate, not a certified bill.","Q_U is stored on lastSale.qualified and is not used to drop sales.","Zoning is a centroid join to Zoning MapServer/13. Misses fall back to the parcel Zone1 code when that field is set.","FLU is a centroid join to Future Land Use FeatureServer/12. A parcel on a boundary gets one code. St. Cloud zoning and FLU override that join when the city PIN matches. Those city layers are not an Osceola county extract. Winter Springs EnerGov is Seminole and is not used.","Osceola and Lake zoning/FLU codes are not in the Orange zoning or FLU knowledge base, so multifamily filters treat them as unknown.","The appraiser link is the public map Pin URL. The CAMA search site is Cloudflare-gated from some networks. gis.osceola.org has an incomplete certificate chain; JSON queries still work.","OZ 2.0 here is the seven-market rural-eligible tract pack only. Income and AADT are joined at query time, not stored on the tile."]},"geometry":{"type":"Polygon","coordinates":[[[-80.977351,28.100224],[-80.975466,28.100232],[-80.975389,28.100232],[-80.975389,28.101165],[-80.977428,28.101162],[-80.977429,28.100223],[-80.977351,28.100224]]]}},{"type":"Feature","id":"12097:362733000008100000","properties":{"id":"12097:362733000008100000","parcelId":"362733000008100000","countyFips":"12097","countyName":"Osceola","state":"Florida","marketIds":["Orlando"],"situsAddress":"7135 CRABGRASS RD","situsCity":"SAINT CLOUD","situsZip":"34773-","jurisdictionCode":null,"ownerName":"MASCAREL DAVID","ownerName2":"MASCAREL LORA","propertyName":null,"zoningCode":"AC","zoningDistrict":"Agricultural","jurisdictionPrefix":null,"dorCode":"0211","acreage":5.0,"acreageSource":"osceola-total-acres","centroid":[-80.966364,28.098751],"lastSale":{"date":"2024-03-07","price":120000.0,"qualified":"U"},"tax":{"marketValue":270700.0,"assessedValue":107006.0,"taxableValue":77958.0,"taxes":55595.0},"mailingAddress":{"line1":"7135 CRABGRASS RD","line2":null,"city":"SAINT CLOUD","state":"FL","zip":"34773"},"incomeTract":null,"incomeBlockGroup":null,"nearestRoad":null,"flu":{"code":"rural/agricultural","label":"RURAL/AGRICULTURAL","jurisdiction":"Unincorporated","source":"osceola-flu-12"},"opportunityZone":null,"oz2Eligibility":{"eligible":true,"rural":true,"tractGeoid":"12097043802","tractName":"Census Tract 438.02","designation":"eligible-for-nomination","source":"rev-proc-2026-14"},"appraiserUrl":"https://maps.property-appraiser.org/?Pin=362733000008100000","source":"osceola-parcels-12097","dataGaps":["Acreage band is county TotalAcres from 5.0 through 150.0 on Parcels FeatureServer/3. This replaces the DOH extract.","Owner, mailing, sale, just value, assessed value, DOR code, and estimated tax come from that parcel layer.","Taxable value is the prior-roll PrevTaxabl field, not a current taxable. EstimatedT is an estimate, not a certified bill.","Q_U is stored on lastSale.qualified and is not used to drop sales.","Zoning is a centroid join to Zoning MapServer/13. Misses fall back to the parcel Zone1 code when that field is set.","FLU is a centroid join to Future Land Use FeatureServer/12. A parcel on a boundary gets one code. St. Cloud zoning and FLU override that join when the city PIN matches. Those city layers are not an Osceola county extract. Winter Springs EnerGov is Seminole and is not used.","Osceola and Lake zoning/FLU codes are not in the Orange zoning or FLU knowledge base, so multifamily filters treat them as unknown.","The appraiser link is the public map Pin URL. The CAMA search site is Cloudflare-gated from some networks. gis.osceola.org has an incomplete certificate chain; JSON queries still work.","OZ 2.0 here is the seven-market rural-eligible tract pack only. Income and AADT are joined at query time, not stored on the tile."]},"geometry":{"type":"Polygon","coordinates":[[[-80.967149,28.098445],[-80.966206,28.098449],[-80.965186,28.098454],[-80.965188,28.099362],[-80.967228,28.099353],[-80.967226,28.098445],[-80.967149,28.098445]]]}},{"type":"Feature","id":"12097:362733000008600000","properties":{"id":"12097:362733000008600000","parcelId":"362733000008600000","countyFips":"12097","countyName":"Osceola","state":"Florida","marketIds":["Orlando"],"situsAddress":"SHAKEDOWN ST","situsCity":"SAINT CLOUD","situsZip":"34773-","jurisdictionCode":null,"ownerName":"MAMIE LLC","ownerName2":null,"propertyName":null,"zoningCode":"AC","zoningDistrict":"Agricultural","jurisdictionPrefix":null,"dorCode":"0001","acreage":5.0,"acreageSource":"osceola-total-acres","centroid":[-80.978592,28.098268],"lastSale":{"date":"2013-08-16","price":null,"qualified":"U"},"tax":{"marketValue":64800.0,"assessedValue":11918.0,"taxableValue":9850.0,"taxes":11918.0},"mailingAddress":{"line1":"250 APPLE BROOK","line2":null,"city":"CHAGRIN FALLS","state":"OH","zip":"44022"},"incomeTract":null,"incomeBlockGroup":null,"nearestRoad":null,"flu":{"code":"rural/agricultural","label":"RURAL/AGRICULTURAL","jurisdiction":"Unincorporated","source":"osceola-flu-12"},"opportunityZone":null,"oz2Eligibility":{"eligible":true,"rural":true,"tractGeoid":"12097043802","tractName":"Census Tract 438.02","designation":"eligible-for-nomination","source":"rev-proc-2026-14"},"appraiserUrl":"https://maps.property-appraiser.org/?Pin=362733000008600000","source":"osceola-parcels-12097","dataGaps":["Acreage band is county TotalAcres from 5.0 through 150.0 on Parcels FeatureServer/3. This replaces the DOH extract.","Owner, mailing, sale, just value, assessed value, DOR code, and estimated tax come from that parcel layer.","Taxable value is the prior-roll PrevTaxabl field, not a current taxable. EstimatedT is an estimate, not a certified bill.","Q_U is stored on lastSale.qualified and is not used to drop sales.","Zoning is a centroid join to Zoning MapServer/13. Misses fall back to the parcel Zone1 code when that field is set.","FLU is a centroid join to Future Land Use FeatureServer/12. A parcel on a boundary gets one code. St. Cloud zoning and FLU override that join when the city PIN matches. Those city layers are not an Osceola county extract. Winter Springs EnerGov is Seminole and is not used.","Osceola and Lake zoning/FLU codes are not in the Orange zoning or FLU knowledge base, so multifamily filters treat them as unknown.","The appraiser link is the public map Pin URL. The CAMA search site is Cloudflare-gated from some networks. gis.osceola.org has an incomplete certificate chain; JSON queries still work.","OZ 2.0 here is the seven-market rural-eligible tract pack only. Income and AADT are joined at query time, not stored on the tile."]},"geometry":{"type":"Polygon","coordinates":[[[-80.979348,28.097962],[-80.978439,28.097966],[-80.977429,28.097971],[-80.977429,28.098879],[-80.979455,28.098868],[-80.97945,28.097964],[-80.979348,28.097962]]]}},{"type":"Feature","id":"12097:352733000044100000","properties":{"id":"12097:352733000044100000","parcelId":"352733000044100000","countyFips":"12097","countyName":"Osceola","state":"Florida","marketIds":["Orlando"],"situsAddress":"TRIBAL TRL","situsCity":"SAINT CLOUD","situsZip":"34773-","jurisdictionCode":null,"ownerName":"JONES LYNSEY A","ownerName2":"JONES SHANE C","propertyName":null,"zoningCode":"AC","zoningDistrict":"Agricultural","jurisdictionPrefix":null,"dorCode":"0011","acreage":10.05,"acreageSource":"osceola-total-acres","centroid":[-80.986845,28.087634],"lastSale":{"date":"2016-05-18","price":16500.0,"qualified":"U"},"tax":{"marketValue":62500.0,"assessedValue":40080.0,"taxableValue":33125.0,"taxes":40080.0},"mailingAddress":{"line1":"748 RENNER AVE","line2":null,"city":"MELBOURNE","state":"FL","zip":"32935"},"incomeTract":null,"incomeBlockGroup":null,"nearestRoad":null,"flu":{"code":"rural/agricultural","label":"RURAL/AGRICULTURAL","jurisdiction":"Unincorporated","source":"osceola-flu-12"},"opportunityZone":null,"oz2Eligibility":{"eligible":true,"rural":true,"tractGeoid":"12097043802","tractName":"Census Tract 438.02","designation":"eligible-for-nomination","source":"rev-proc-2026-14"},"appraiserUrl":"https://maps.property-appraiser.org/?Pin=352733000044100000","source":"osceola-parcels-12097","dataGaps":["Acreage band is county TotalAcres from 5.0 through 150.0 on Parcels FeatureServer/3. This replaces the DOH extract.","Owner, mailing, sale, just value, assessed value, DOR code, and estimated tax come from that parcel layer.","Taxable value is the prior-roll PrevTaxabl field, not a current taxable. EstimatedT is an estimate, not a certified bill.","Q_U is stored on lastSale.qualified and is not used to drop sales.","Zoning is a centroid join to Zoning MapServer/13. Misses fall back to the parcel Zone1 code when that field is set.","FLU is a centroid join to Future Land Use FeatureServer/12. A parcel on a boundary gets one code. St. Cloud zoning and FLU override that join when the city PIN matches. Those city layers are not an Osceola county extract. Winter Springs EnerGov is Seminole and is not used.","Osceola and Lake zoning/FLU codes are not in the Orange zoning or FLU knowledge base, so multifamily filters treat them as unknown.","The appraiser link is the public map Pin URL. The CAMA search site is Cloudflare-gated from some networks. gis.osceola.org has an incomplete certificate chain; JSON queries still work.","OZ 2.0 here is the seven-market rural-eligible tract pack only. Income and AADT are joined at query time, not stored on the tile."]},"geometry":{"type":"Polygon","coordinates":[[[-80.987633,28.087022],[-80.986683,28.087029],[-80.985655,28.087036],[-80.985665,28.088854],[-80.987721,28.088841],[-80.98771,28.087021],[-80.987633,28.087022]]]}},{"type":"Feature","id":"12097:352733000049500000","properties":{"id":"12097:352733000049500000","parcelId":"352733000049500000","countyFips":"12097","countyName":"Osceola","state":"Florida","marketIds":["Orlando"],"situsAddress":"OWENS RD","situsCity":"SAINT CLOUD","situsZip":"34773-","jurisdictionCode":null,"ownerName":"BDD 3 TRUST","ownerName2":"MILLER DELL","propertyName":null,"zoningCode":"AC","zoningDistrict":"Agricultural","jurisdictionPrefix":null,"dorCode":"0001","acreage":11.26,"acreageSource":"osceola-total-acres","centroid":[-80.980485,28.085855],"lastSale":{"date":"2014-08-11","price":100.0,"qualified":"U"},"tax":{"marketValue":32000.0,"assessedValue":14832.0,"taxableValue":12259.0,"taxes":14832.0},"mailingAddress":{"line1":"5111 KING AVE","line2":null,"city":"ZELLWOOD","state":"FL","zip":"32798"},"incomeTract":null,"incomeBlockGroup":null,"nearestRoad":null,"flu":{"code":"rural/agricultural","label":"RURAL/AGRICULTURAL","jurisdiction":"Unincorporated","source":"osceola-flu-12"},"opportunityZone":null,"oz2Eligibility":{"eligible":true,"rural":true,"tractGeoid":"12097043802","tractName":"Census Tract 438.02","designation":"eligible-for-nomination","source":"rev-proc-2026-14"},"appraiserUrl":"https://maps.property-appraiser.org/?Pin=352733000049500000","source":"osceola-parcels-12097","dataGaps":["Acreage band is county TotalAcres from 5.0 through 150.0 on Parcels FeatureServer/3. This replaces the DOH extract.","Owner, mailing, sale, just value, assessed value, DOR code, and estimated tax come from that parcel layer.","Taxable value is the prior-roll PrevTaxabl field, not a current taxable. EstimatedT is an estimate, not a certified bill.","Q_U is stored on lastSale.qualified and is not used to drop sales.","Zoning is a centroid join to Zoning MapServer/13. Misses fall back to the parcel Zone1 code when that field is set.","FLU is a centroid join to Future Land Use FeatureServer/12. A parcel on a boundary gets one code. St. Cloud zoning and FLU override that join when the city PIN matches. Those city layers are not an Osceola county extract. Winter Springs EnerGov is Seminole and is not used.","Osceola and Lake zoning/FLU codes are not in the Orange zoning or FLU knowledge base, so multifamily filters treat them as unknown.","The appraiser link is the public map Pin URL. The CAMA search site is Cloudflare-gated from some networks. gis.osceola.org has an incomplete certificate chain; JSON queries still work.","OZ 2.0 here is the seven-market rural-eligible tract pack only. Income and AADT are joined at query time, not stored on the tile."]},"geometry":{"type":"Polygon","coordinates":[[[-80.980503,28.084469],[-80.979375,28.084475],[-80.979385,28.086174],[-80.980512,28.086165],[-80.98052,28.087526],[-80.981547,28.087519],[-80.981533,28.085251],[-80.980507,28.085259],[-80.980503,28.084469]]]}},{"type":"Feature","id":"12097:362733000007100000","properties":{"id":"12097:362733000007100000","parcelId":"362733000007100000","countyFips":"12097","countyName":"Osceola","state":"Florida","marketIds":["Orlando"],"situsAddress":"CHAD JASON RD","situsCity":"SAINT CLOUD","situsZip":"34773-","jurisdictionCode":null,"ownerName":"TINNEY TRAVIS C","ownerName2":null,"propertyName":null,"zoningCode":"AC","zoningDistrict":"Agricultural","jurisdictionPrefix":null,"dorCode":"0001","acreage":5.0,"acreageSource":"osceola-total-acres","centroid":[-80.97622,28.098777],"lastSale":{"date":"2024-09-13","price":105000.0,"qualified":"Q"},"tax":{"marketValue":72000.0,"assessedValue":72000.0,"taxableValue":10890.0,"taxes":72000.0},"mailingAddress":{"line1":"6845 BASS HWY","line2":null,"city":"SAINT CLOUD","state":"FL","zip":"34771"},"incomeTract":null,"incomeBlockGroup":null,"nearestRoad":null,"flu":{"code":"rural/agricultural","label":"RURAL/AGRICULTURAL","jurisdiction":"Unincorporated","source":"osceola-flu-12"},"opportunityZone":null,"oz2Eligibility":{"eligible":true,"rural":true,"tractGeoid":"12097043802","tractName":"Census Tract 438.02","designation":"eligible-for-nomination","source":"rev-proc-2026-14"},"appraiserUrl":"https://maps.property-appraiser.org/?Pin=362733000007100000","source":"osceola-parcels-12097","dataGaps":["Acreage band is county TotalAcres from 5.0 through 150.0 on Parcels FeatureServer/3. This replaces the DOH extract.","Owner, mailing, sale, just value, assessed value, DOR code, and estimated tax come from that parcel layer.","Taxable value is the prior-roll PrevTaxabl field, not a current taxable. EstimatedT is an estimate, not a certified bill.","Q_U is stored on lastSale.qualified and is not used to drop sales.","Zoning is a centroid join to Zoning MapServer/13. Misses fall back to the parcel Zone1 code when that field is set.","FLU is a centroid join to Future Land Use FeatureServer/12. A parcel on a boundary gets one code. St. Cloud zoning and FLU override that join when the city PIN matches. Those city layers are not an Osceola county extract. Winter Springs EnerGov is Seminole and is not used.","Osceola and Lake zoning/FLU codes are not in the Orange zoning or FLU knowledge base, so multifamily filters treat them as unknown.","The appraiser link is the public map Pin URL. The CAMA search site is Cloudflare-gated from some networks. gis.osceola.org has an incomplete certificate chain; JSON queries still work.","OZ 2.0 here is the seven-market rural-eligible tract pack only. Income and AADT are joined at query time, not stored on the tile."]},"geometry":{"type":"Polygon","coordinates":[[[-80.975466,28.098417],[-80.975388,28.098417],[-80.975389,28.099325],[-80.977429,28.099316],[-80.977429,28.098408],[-80.975466,28.098417]]]}},{"type":"Feature","id":"12097:362733000007800000","properties":{"id":"12097:362733000007800000","parcelId":"362733000007800000","countyFips":"12097","countyName":"Osceola","state":"Florida","marketIds":["Orlando"],"situsAddress":"6025 KRAZY CT","situsCity":"SAINT CLOUD","situsZip":"34773-","jurisdictionCode":null,"ownerName":"HOLLOWAY CHRISTIAN","ownerName2":"HOLLOWAY KRISTAL / SPENCER DIANNE MARIE","propertyName":null,"zoningCode":"AC","zoningDistrict":"Agricultural","jurisdictionPrefix":null,"dorCode":"0211","acreage":5.0,"acreageSource":"osceola-total-acres","centroid":[-80.970288,28.099115],"lastSale":{"date":"2024-08-30","price":125000.0,"qualified":"Q"},"tax":{"marketValue":194200.0,"assessedValue":176317.0,"taxableValue":50850.0,"taxes":124906.0},"mailingAddress":{"line1":"6025 KRAZY CT","line2":null,"city":"SAINT CLOUD","state":"FL","zip":"34773"},"incomeTract":null,"incomeBlockGroup":null,"nearestRoad":null,"flu":{"code":"rural/agricultural","label":"RURAL/AGRICULTURAL","jurisdiction":"Unincorporated","source":"osceola-flu-12"},"opportunityZone":null,"oz2Eligibility":{"eligible":true,"rural":true,"tractGeoid":"12097043802","tractName":"Census Tract 438.02","designation":"eligible-for-nomination","source":"rev-proc-2026-14"},"appraiserUrl":"https://maps.property-appraiser.org/?Pin=362733000007800000","source":"osceola-parcels-12097","dataGaps":["Acreage band is county TotalAcres from 5.0 through 150.0 on Parcels FeatureServer/3. This replaces the DOH extract.","Owner, mailing, sale, just value, assessed value, DOR code, and estimated tax come from that parcel layer.","Taxable value is the prior-roll PrevTaxabl field, not a current taxable. EstimatedT is an estimate, not a certified bill.","Q_U is stored on lastSale.qualified and is not used to drop sales.","Zoning is a centroid join to Zoning MapServer/13. Misses fall back to the parcel Zone1 code when that field is set.","FLU is a centroid join to Future Land Use FeatureServer/12. A parcel on a boundary gets one code. St. Cloud zoning and FLU override that join when the city PIN matches. Those city layers are not an Osceola county extract. Winter Springs EnerGov is Seminole and is not used.","Osceola and Lake zoning/FLU codes are not in the Orange zoning or FLU knowledge base, so multifamily filters treat them as unknown.","The appraiser link is the public map Pin URL. The CAMA search site is Cloudflare-gated from some networks. gis.osceola.org has an incomplete certificate chain; JSON queries still work.","OZ 2.0 here is the seven-market rural-eligible tract pack only. Income and AADT are joined at query time, not stored on the tile."]},"geometry":{"type":"Polygon","coordinates":[[[-80.970289,28.099796],[-80.971309,28.099792],[-80.971308,28.098884],[-80.970288,28.098889],[-80.970287,28.098435],[-80.969267,28.098438],[-80.969268,28.099345],[-80.970288,28.099342],[-80.970289,28.099796]]]}},{"type":"Feature","id":"12097:362733000010500000","properties":{"id":"12097:362733000010500000","parcelId":"362733000010500000","countyFips":"12097","countyName":"Osceola","state":"Florida","marketIds":["Orlando"],"situsAddress":"6844 CHAD JASON RD","situsCity":"SAINT CLOUD","situsZip":"34773-","jurisdictionCode":null,"ownerName":"ALBERT RAMOS III REVOCABLE TRUST","ownerName2":"RAMOS ALBERT III TR","propertyName":null,"zoningCode":"AC","zoningDistrict":"Agricultural","jurisdictionPrefix":null,"dorCode":"0211","acreage":10.0,"acreageSource":"osceola-total-acres","centroid":[-80.976409,28.097202],"lastSale":{"date":"2023-06-15","price":100.0,"qualified":"U"},"tax":{"marketValue":339700.0,"assessedValue":339700.0,"taxableValue":342900.0,"taxes":339700.0},"mailingAddress":{"line1":"18721 SEAVIEW ST","line2":null,"city":"ORLANDO","state":"FL","zip":"32833"},"incomeTract":null,"incomeBlockGroup":null,"nearestRoad":null,"flu":{"code":"rural/agricultural","label":"RURAL/AGRICULTURAL","jurisdiction":"Unincorporated","source":"osceola-flu-12"},"opportunityZone":null,"oz2Eligibility":{"eligible":true,"rural":true,"tractGeoid":"12097043802","tractName":"Census Tract 438.02","designation":"eligible-for-nomination","source":"rev-proc-2026-14"},"appraiserUrl":"https://maps.property-appraiser.org/?Pin=362733000010500000","source":"osceola-parcels-12097","dataGaps":["Acreage band is county TotalAcres from 5.0 through 150.0 on Parcels FeatureServer/3. This replaces the DOH extract.","Owner, mailing, sale, just value, assessed value, DOR code, and estimated tax come from that parcel layer.","Taxable value is the prior-roll PrevTaxabl field, not a current taxable. EstimatedT is an estimate, not a certified bill.","Q_U is stored on lastSale.qualified and is not used to drop sales.","Zoning is a centroid join to Zoning MapServer/13. Misses fall back to the parcel Zone1 code when that field is set.","FLU is a centroid join to Future Land Use FeatureServer/12. A parcel on a boundary gets one code. St. Cloud zoning and FLU override that join when the city PIN matches. Those city layers are not an Osceola county extract. Winter Springs EnerGov is Seminole and is not used.","Osceola and Lake zoning/FLU codes are not in the Orange zoning or FLU knowledge base, so multifamily filters treat them as unknown.","The appraiser link is the public map Pin URL. The CAMA search site is Cloudflare-gated from some networks. gis.osceola.org has an incomplete certificate chain; JSON queries still work.","OZ 2.0 here is the seven-market rural-eligible tract pack only. Income and AADT are joined at query time, not stored on the tile."]},"geometry":{"type":"Polygon","coordinates":[[[-80.977352,28.096593],[-80.975465,28.096601],[-80.975388,28.096602],[-80.975388,28.098417],[-80.977429,28.098408],[-80.977429,28.096593],[-80.977352,28.096593]]]}},{"type":"Feature","id":"12097:362733000011300000","properties":{"id":"12097:362733000011300000","parcelId":"362733000011300000","countyFips":"12097","countyName":"Osceola","state":"Florida","marketIds":["Orlando"],"situsAddress":"7170 CRABGRASS RD","situsCity":"SAINT CLOUD","situsZip":"34773-","jurisdictionCode":null,"ownerName":"GARDNER CHAD","ownerName2":"GARDNER ANGELA","propertyName":null,"zoningCode":"AC","zoningDistrict":"Agricultural","jurisdictionPrefix":null,"dorCode":"0111","acreage":8.75,"acreageSource":"osceola-total-acres","centroid":[-80.968754,28.097306],"lastSale":{"date":"2010-01-20","price":50000.0,"qualified":"U"},"tax":{"marketValue":124600.0,"assessedValue":37804.0,"taxableValue":31244.0,"taxes":37804.0},"mailingAddress":{"line1":"570 SEA FURY AVE SW","line2":null,"city":"PALM BAY","state":"FL","zip":"32908"},"incomeTract":null,"incomeBlockGroup":null,"nearestRoad":null,"flu":{"code":"rural/agricultural","label":"RURAL/AGRICULTURAL","jurisdiction":"Unincorporated","source":"osceola-flu-12"},"opportunityZone":null,"oz2Eligibility":{"eligible":true,"rural":true,"tractGeoid":"12097043802","tractName":"Census Tract 438.02","designation":"eligible-for-nomination","source":"rev-proc-2026-14"},"appraiserUrl":"https://maps.property-appraiser.org/?Pin=362733000011300000","source":"osceola-parcels-12097","dataGaps":["Acreage band is county TotalAcres from 5.0 through 150.0 on Parcels FeatureServer/3. This replaces the DOH extract.","Owner, mailing, sale, just value, assessed value, DOR code, and estimated tax come from that parcel layer.","Taxable value is the prior-roll PrevTaxabl field, not a current taxable. EstimatedT is an estimate, not a certified bill.","Q_U is stored on lastSale.qualified and is not used to drop sales.","Zoning is a centroid join to Zoning MapServer/13. Misses fall back to the parcel Zone1 code when that field is set.","FLU is a centroid join to Future Land Use FeatureServer/12. A parcel on a boundary gets one code. St. Cloud zoning and FLU override that join when the city PIN matches. Those city layers are not an Osceola county extract. Winter Springs EnerGov is Seminole and is not used.","Osceola and Lake zoning/FLU codes are not in the Orange zoning or FLU knowledge base, so multifamily filters treat them as unknown.","The appraiser link is the public map Pin URL. The CAMA search site is Cloudflare-gated from some networks. gis.osceola.org has an incomplete certificate chain; JSON queries still work.","OZ 2.0 here is the seven-market rural-eligible tract pack only. Income and AADT are joined at query time, not stored on the tile."]},"geometry":{"type":"Polygon","coordinates":[[[-80.969266,28.097988],[-80.969263,28.096169],[-80.967221,28.096176],[-80.967222,28.09663],[-80.968243,28.096627],[-80.968246,28.098442],[-80.970287,28.098435],[-80.970286,28.097981],[-80.969266,28.097988]]]}},{"type":"Feature","id":"12097:362733000015100000","properties":{"id":"12097:362733000015100000","parcelId":"362733000015100000","countyFips":"12097","countyName":"Osceola","state":"Florida","marketIds":["Orlando"],"situsAddress":"7240 POWERS RD","situsCity":"SAINT CLOUD","situsZip":"34773","jurisdictionCode":null,"ownerName":"MASON BRIGHAM","ownerName2":"MASON AMANDA","propertyName":null,"zoningCode":"AC","zoningDistrict":"Agricultural","jurisdictionPrefix":null,"dorCode":"0111","acreage":5.0,"acreageSource":"osceola-total-acres","centroid":[-80.964318,28.096943],"lastSale":{"date":"2009-05-31","price":100.0,"qualified":"U"},"tax":{"marketValue":236800.0,"assessedValue":134692.0,"taxableValue":77455.0,"taxes":83281.0},"mailingAddress":{"line1":"7240 POWERS RD","line2":null,"city":"SAINT CLOUD","state":"FL","zip":"34773"},"incomeTract":null,"incomeBlockGroup":null,"nearestRoad":null,"flu":{"code":"rural/agricultural","label":"RURAL/AGRICULTURAL","jurisdiction":"Unincorporated","source":"osceola-flu-12"},"opportunityZone":null,"oz2Eligibility":{"eligible":true,"rural":true,"tractGeoid":"12097043802","tractName":"Census Tract 438.02","designation":"eligible-for-nomination","source":"rev-proc-2026-14"},"appraiserUrl":"https://maps.property-appraiser.org/?Pin=362733000015100000","source":"osceola-parcels-12097","dataGaps":["Acreage band is county TotalAcres from 5.0 through 150.0 on Parcels FeatureServer/3. This replaces the DOH extract.","Owner, mailing, sale, just value, assessed value, DOR code, and estimated tax come from that parcel layer.","Taxable value is the prior-roll PrevTaxabl field, not a current taxable. EstimatedT is an estimate, not a certified bill.","Q_U is stored on lastSale.qualified and is not used to drop sales.","Zoning is a centroid join to Zoning MapServer/13. Misses fall back to the parcel Zone1 code when that field is set.","FLU is a centroid join to Future Land Use FeatureServer/12. A parcel on a boundary gets one code. St. Cloud zoning and FLU override that join when the city PIN matches. Those city layers are not an Osceola county extract. Winter Springs EnerGov is Seminole and is not used.","Osceola and Lake zoning/FLU codes are not in the Orange zoning or FLU knowledge base, so multifamily filters treat them as unknown.","The appraiser link is the public map Pin URL. The CAMA search site is Cloudflare-gated from some networks. gis.osceola.org has an incomplete certificate chain; JSON queries still work.","OZ 2.0 here is the seven-market rural-eligible tract pack only. Income and AADT are joined at query time, not stored on the tile."]},"geometry":{"type":"Polygon","coordinates":[[[-80.965103,28.096637],[-80.96416,28.096641],[-80.96314,28.096646],[-80.963142,28.097553],[-80.965183,28.097545],[-80.965181,28.096637],[-80.965103,28.096637]]]}},{"type":"Feature","id":"12097:362733000017300000","properties":{"id":"12097:362733000017300000","parcelId":"362733000017300000","countyFips":"12097","countyName":"Osceola","state":"Florida","marketIds":["Orlando"],"situsAddress":"6804 CHAD JASON RD","situsCity":"SAINT CLOUD","situsZip":"34773-","jurisdictionCode":null,"ownerName":"APONTE DANIEL ENRIQUE","ownerName2":"APONTE NORMA IVONE","propertyName":null,"zoningCode":"AC","zoningDistrict":"Agricultural","jurisdictionPrefix":null,"dorCode":"0001","acreage":10.0,"acreageSource":"osceola-total-acres","centroid":[-80.976597,28.095507],"lastSale":{"date":"2015-03-02","price":25000.0,"qualified":"U"},"tax":{"marketValue":91200.0,"assessedValue":43167.0,"taxableValue":35676.0,"taxes":43167.0},"mailingAddress":{"line1":"14005 ABACO ISLE DR","line2":null,"city":"ORLANDO","state":"FL","zip":"32824"},"incomeTract":null,"incomeBlockGroup":null,"nearestRoad":null,"flu":{"code":"rural/agricultural","label":"RURAL/AGRICULTURAL","jurisdiction":"Unincorporated","source":"osceola-flu-12"},"opportunityZone":null,"oz2Eligibility":{"eligible":true,"rural":true,"tractGeoid":"12097043802","tractName":"Census Tract 438.02","designation":"eligible-for-nomination","source":"rev-proc-2026-14"},"appraiserUrl":"https://maps.property-appraiser.org/?Pin=362733000017300000","source":"osceola-parcels-12097","dataGaps":["Acreage band is county TotalAcres from 5.0 through 150.0 on Parcels FeatureServer/3. This replaces the DOH extract.","Owner, mailing, sale, just value, assessed value, DOR code, and estimated tax come from that parcel layer.","Taxable value is the prior-roll PrevTaxabl field, not a current taxable. EstimatedT is an estimate, not a certified bill.","Q_U is stored on lastSale.qualified and is not used to drop sales.","Zoning is a centroid join to Zoning MapServer/13. Misses fall back to the parcel Zone1 code when that field is set.","FLU is a centroid join to Future Land Use FeatureServer/12. A parcel on a boundary gets one code. St. Cloud zoning and FLU override that join when the city PIN matches. Those city layers are not an Osceola county extract. Winter Springs EnerGov is Seminole and is not used.","Osceola and Lake zoning/FLU codes are not in the Orange zoning or FLU knowledge base, so multifamily filters treat them as unknown.","The appraiser link is the public map Pin URL. The CAMA search site is Cloudflare-gated from some networks. gis.osceola.org has an incomplete certificate chain; JSON queries still work.","OZ 2.0 here is the seven-market rural-eligible tract pack only. Income and AADT are joined at query time, not stored on the tile."]},"geometry":{"type":"Polygon","coordinates":[[[-80.977429,28.094777],[-80.977352,28.094778],[-80.975387,28.094786],[-80.975388,28.096602],[-80.977429,28.096593],[-80.977429,28.094777]]]}},{"type":"Feature","id":"12097:362733000020400000","properties":{"id":"12097:362733000020400000","parcelId":"362733000020400000","countyFips":"12097","countyName":"Osceola","state":"Florida","marketIds":["Orlando"],"situsAddress":"7235 POWERS RD","situsCity":"SAINT CLOUD","situsZip":"34773-","jurisdictionCode":null,"ownerName":"BLANTON BARRY C","ownerName2":"BLANTON MARY","propertyName":null,"zoningCode":"AC","zoningDistrict":"Agricultural","jurisdictionPrefix":null,"dorCode":"0111","acreage":8.15,"acreageSource":"osceola-total-acres","centroid":[-80.962801,28.096128],"lastSale":{"date":"2007-11-02","price":100.0,"qualified":"U"},"tax":{"marketValue":296400.0,"assessedValue":296400.0,"taxableValue":245751.0,"taxes":296400.0},"mailingAddress":{"line1":"7235 POWERS RD","line2":null,"city":"SAINT CLOUD","state":"FL","zip":"34773"},"incomeTract":null,"incomeBlockGroup":null,"nearestRoad":null,"flu":{"code":"rural/agricultural","label":"RURAL/AGRICULTURAL","jurisdiction":"Unincorporated","source":"osceola-flu-12"},"opportunityZone":null,"oz2Eligibility":{"eligible":true,"rural":true,"tractGeoid":"12097043802","tractName":"Census Tract 438.02","designation":"eligible-for-nomination","source":"rev-proc-2026-14"},"appraiserUrl":"https://maps.property-appraiser.org/?Pin=362733000020400000","source":"osceola-parcels-12097","dataGaps":["Acreage band is county TotalAcres from 5.0 through 150.0 on Parcels FeatureServer/3. This replaces the DOH extract.","Owner, mailing, sale, just value, assessed value, DOR code, and estimated tax come from that parcel layer.","Taxable value is the prior-roll PrevTaxabl field, not a current taxable. EstimatedT is an estimate, not a certified bill.","Q_U is stored on lastSale.qualified and is not used to drop sales.","Zoning is a centroid join to Zoning MapServer/13. Misses fall back to the parcel Zone1 code when that field is set.","FLU is a centroid join to Future Land Use FeatureServer/12. A parcel on a boundary gets one code. St. Cloud zoning and FLU override that join when the city PIN matches. Those city layers are not an Osceola county extract. Winter Springs EnerGov is Seminole and is not used.","Osceola and Lake zoning/FLU codes are not in the Orange zoning or FLU knowledge base, so multifamily filters treat them as unknown.","The appraiser link is the public map Pin URL. The CAMA search site is Cloudflare-gated from some networks. gis.osceola.org has an incomplete certificate chain; JSON queries still work.","OZ 2.0 here is the seven-market rural-eligible tract pack only. Income and AADT are joined at query time, not stored on the tile."]},"geometry":{"type":"Polygon","coordinates":[[[-80.961604,28.096651],[-80.961808,28.09665],[-80.96314,28.096644],[-80.963138,28.096191],[-80.964159,28.096188],[-80.964156,28.09528],[-80.961603,28.095289],[-80.961604,28.096651]]]}},{"type":"Feature","id":"12097:272733000000200000","properties":{"id":"12097:272733000000200000","parcelId":"272733000000200000","countyFips":"12097","countyName":"Osceola","state":"Florida","marketIds":["Orlando"],"situsAddress":null,"situsCity":"SAINT CLOUD","situsZip":"34771","jurisdictionCode":null,"ownerName":"ST JOHNS RIVER WATER MGMT DIST","ownerName2":null,"propertyName":null,"zoningCode":"AC","zoningDistrict":"Agricultural","jurisdictionPrefix":null,"dorCode":"8001","acreage":142.286,"acreageSource":"osceola-total-acres","centroid":[-80.997852,28.102776],"lastSale":{"date":null,"price":null,"qualified":"U"},"tax":{"marketValue":1067100.0,"assessedValue":1067100.0,"taxableValue":0.0,"taxes":0.0},"mailingAddress":{"line1":"ATTN MARY LOU PICKLES, DIR BUDGET&MGMT RPTG","line2":"4049 REID ST, PO BOX 1429","city":"PALATKA","state":"FL","zip":"32178-1429"},"incomeTract":null,"incomeBlockGroup":null,"nearestRoad":null,"flu":{"code":"conservation","label":"CONSERVATION","jurisdiction":"Unincorporated","source":"osceola-flu-12"},"opportunityZone":null,"oz2Eligibility":{"eligible":true,"rural":true,"tractGeoid":"12097043802","tractName":"Census Tract 438.02","designation":"eligible-for-nomination","source":"rev-proc-2026-14"},"appraiserUrl":"https://maps.property-appraiser.org/?Pin=272733000000200000","source":"osceola-parcels-12097","dataGaps":["Acreage band is county TotalAcres from 5.0 through 150.0 on Parcels FeatureServer/3. This replaces the DOH extract.","Owner, mailing, sale, just value, assessed value, DOR code, and estimated tax come from that parcel layer.","Taxable value is the prior-roll PrevTaxabl field, not a current taxable. EstimatedT is an estimate, not a certified bill.","Q_U is stored on lastSale.qualified and is not used to drop sales.","Zoning is a centroid join to Zoning MapServer/13. Misses fall back to the parcel Zone1 code when that field is set.","FLU is a centroid join to Future Land Use FeatureServer/12. A parcel on a boundary gets one code. St. Cloud zoning and FLU override that join when the city PIN matches. Those city layers are not an Osceola county extract. Winter Springs EnerGov is Seminole and is not used.","Osceola and Lake zoning/FLU codes are not in the Orange zoning or FLU knowledge base, so multifamily filters treat them as unknown.","The appraiser link is the public map Pin URL. The CAMA search site is Cloudflare-gated from some networks. gis.osceola.org has an incomplete certificate chain; JSON queries still work.","OZ 2.0 here is the seven-market rural-eligible tract pack only. Income and AADT are joined at query time, not stored on the tile."]},"geometry":{"type":"Polygon","coordinates":[[[-80.997876,28.108466],[-80.997923,28.108285],[-80.998502,28.10606],[-80.99906,28.104794],[-80.999091,28.103639],[-80.998471,28.102415],[-80.998369,28.101094],[-80.996794,28.101095],[-80.997044,28.10181],[-80.997695,28.102553],[-80.997556,28.103295],[-80.997152,28.103914],[-80.996361,28.106156],[-80.99601,28.106628],[-80.996,28.115656],[-81.012425,28.115655],[-81.011748,28.114297],[-81.010445,28.114407],[-81.009995,28.114077],[-81.009483,28.113843],[-81.00939,28.114008],[-81.009577,28.114366],[-81.009499,28.114902],[-81.007777,28.115274],[-81.006133,28.115205],[-81.00452,28.114985],[-81.003124,28.114435],[-81.001697,28.113307],[-80.999153,28.110736],[-80.998036,28.110103],[-80.997726,28.109044],[-80.997876,28.108466]]]}},{"type":"Feature","id":"12097:272734000000200000","properties":{"id":"12097:272734000000200000","parcelId":"272734000000200000","countyFips":"12097","countyName":"Osceola","state":"Florida","marketIds":["Orlando"],"situsAddress":"DEER PARK RD","situsCity":"SAINT CLOUD","situsZip":"34771","jurisdictionCode":null,"ownerName":"FARMLAND RESERVE INC","ownerName2":null,"propertyName":null,"zoningCode":"AC","zoningDistrict":"Agricultural","jurisdictionPrefix":null,"dorCode":"6001","acreage":25.23,"acreageSource":"osceola-total-acres","centroid":[-80.896585,28.10261],"lastSale":{"date":"1998-11-03","price":null,"qualified":"U"},"tax":{"marketValue":100900.0,"assessedValue":5200.0,"taxableValue":5200.0,"taxes":5200.0},"mailingAddress":{"line1":"PO BOX 3688","line2":null,"city":"SALT LAKE CITY","state":"UT","zip":"84110"},"incomeTract":null,"incomeBlockGroup":null,"nearestRoad":null,"flu":{"code":"mixed use","label":"MIXED USE","jurisdiction":"Unincorporated","source":"osceola-flu-12"},"opportunityZone":null,"oz2Eligibility":{"eligible":false,"rural":null,"tractGeoid":null,"tractName":null,"designation":"not-eligible","source":"rev-proc-2026-14"},"appraiserUrl":"https://maps.property-appraiser.org/?Pin=272734000000200000","source":"osceola-parcels-12097","dataGaps":["Acreage band is county TotalAcres from 5.0 through 150.0 on Parcels FeatureServer/3. This replaces the DOH extract.","Owner, mailing, sale, just value, assessed value, DOR code, and estimated tax come from that parcel layer.","Taxable value is the prior-roll PrevTaxabl field, not a current taxable. EstimatedT is an estimate, not a certified bill.","Q_U is stored on lastSale.qualified and is not used to drop sales.","Zoning is a centroid join to Zoning MapServer/13. Misses fall back to the parcel Zone1 code when that field is set.","FLU is a centroid join to Future Land Use FeatureServer/12. A parcel on a boundary gets one code. St. Cloud zoning and FLU override that join when the city PIN matches. Those city layers are not an Osceola county extract. Winter Springs EnerGov is Seminole and is not used.","Osceola and Lake zoning/FLU codes are not in the Orange zoning or FLU knowledge base, so multifamily filters treat them as unknown.","The appraiser link is the public map Pin URL. The CAMA search site is Cloudflare-gated from some networks. gis.osceola.org has an incomplete certificate chain; JSON queries still work.","OZ 2.0 here is the seven-market rural-eligible tract pack only. Income and AADT are joined at query time, not stored on the tile."]},"geometry":{"type":"Polygon","coordinates":[[[-80.895385,28.104587],[-80.897785,28.104601],[-80.89775,28.101289],[-80.895419,28.099963],[-80.895385,28.104587]]]}},{"type":"Feature","id":"12097:352733000004100000","properties":{"id":"12097:352733000004100000","parcelId":"352733000004100000","countyFips":"12097","countyName":"Osceola","state":"Florida","marketIds":["Orlando"],"situsAddress":"6031 JOURNIGAN RD","situsCity":"SAINT CLOUD","situsZip":"34773","jurisdictionCode":null,"ownerName":"ROGGE CLIFFORD A","ownerName2":"ROGGE DEBORAH","propertyName":null,"zoningCode":"AC","zoningDistrict":"Agricultural","jurisdictionPrefix":null,"dorCode":"0211","acreage":11.26,"acreageSource":"osceola-total-acres","centroid":[-80.986757,28.099722],"lastSale":{"date":"2004-10-25","price":16000.0,"qualified":"U"},"tax":{"marketValue":219400.0,"assessedValue":154072.0,"taxableValue":127333.0,"taxes":154072.0},"mailingAddress":{"line1":"6560 CRABGRASS RD","line2":null,"city":"SAINT CLOUD","state":"FL","zip":"34773-9234"},"incomeTract":null,"incomeBlockGroup":null,"nearestRoad":null,"flu":{"code":"rural/agricultural","label":"RURAL/AGRICULTURAL","jurisdiction":"Unincorporated","source":"osceola-flu-12"},"opportunityZone":null,"oz2Eligibility":{"eligible":true,"rural":true,"tractGeoid":"12097043802","tractName":"Census Tract 438.02","designation":"eligible-for-nomination","source":"rev-proc-2026-14"},"appraiserUrl":"https://maps.property-appraiser.org/?Pin=352733000004100000","source":"osceola-parcels-12097","dataGaps":["Acreage band is county TotalAcres from 5.0 through 150.0 on Parcels FeatureServer/3. This replaces the DOH extract.","Owner, mailing, sale, just value, assessed value, DOR code, and estimated tax come from that parcel layer.","Taxable value is the prior-roll PrevTaxabl field, not a current taxable. EstimatedT is an estimate, not a certified bill.","Q_U is stored on lastSale.qualified and is not used to drop sales.","Zoning is a centroid join to Zoning MapServer/13. Misses fall back to the parcel Zone1 code when that field is set.","FLU is a centroid join to Future Land Use FeatureServer/12. A parcel on a boundary gets one code. St. Cloud zoning and FLU override that join when the city PIN matches. Those city layers are not an Osceola county extract. Winter Springs EnerGov is Seminole and is not used.","Osceola and Lake zoning/FLU codes are not in the Orange zoning or FLU knowledge base, so multifamily filters treat them as unknown.","The appraiser link is the public map Pin URL. The CAMA search site is Cloudflare-gated from some networks. gis.osceola.org has an incomplete certificate chain; JSON queries still work.","OZ 2.0 here is the seven-market rural-eligible tract pack only. Income and AADT are joined at query time, not stored on the tile."]},"geometry":{"type":"Polygon","coordinates":[[[-80.986763,28.100625],[-80.98676,28.100173],[-80.987788,28.100166],[-80.987777,28.09836],[-80.985722,28.098373],[-80.985735,28.100633],[-80.986763,28.100625]]]}},{"type":"Feature","id":"12097:352733000026800000","properties":{"id":"12097:352733000026800000","parcelId":"352733000026800000","countyFips":"12097","countyName":"Osceola","state":"Florida","marketIds":["Orlando"],"situsAddress":"BLUE MOON TRL","situsCity":"SAINT CLOUD","situsZip":"34773-","jurisdictionCode":null,"ownerName":"WALL JOSEPH DOMINIC","ownerName2":null,"propertyName":null,"zoningCode":"AC","zoningDistrict":"Agricultural","jurisdictionPrefix":null,"dorCode":"0001","acreage":5.03,"acreageSource":"osceola-total-acres","centroid":[-80.984822,28.093251],"lastSale":{"date":"2026-06-17","price":100.0,"qualified":"U"},"tax":{"marketValue":72000.0,"assessedValue":72000.0,"taxableValue":72000.0,"taxes":72000.0},"mailingAddress":{"line1":"1550 6TH ST","line2":null,"city":"SAINT CLOUD","state":"FL","zip":"34769-2712"},"incomeTract":null,"incomeBlockGroup":null,"nearestRoad":null,"flu":{"code":"rural/agricultural","label":"RURAL/AGRICULTURAL","jurisdiction":"Unincorporated","source":"osceola-flu-12"},"opportunityZone":null,"oz2Eligibility":{"eligible":true,"rural":true,"tractGeoid":"12097043802","tractName":"Census Tract 438.02","designation":"eligible-for-nomination","source":"rev-proc-2026-14"},"appraiserUrl":"https://maps.property-appraiser.org/?Pin=352733000026800000","source":"osceola-parcels-12097","dataGaps":["Acreage band is county TotalAcres from 5.0 through 150.0 on Parcels FeatureServer/3. This replaces the DOH extract.","Owner, mailing, sale, just value, assessed value, DOR code, and estimated tax come from that parcel layer.","Taxable value is the prior-roll PrevTaxabl field, not a current taxable. EstimatedT is an estimate, not a certified bill.","Q_U is stored on lastSale.qualified and is not used to drop sales.","Zoning is a centroid join to Zoning MapServer/13. Misses fall back to the parcel Zone1 code when that field is set.","FLU is a centroid join to Future Land Use FeatureServer/12. A parcel on a boundary gets one code. St. Cloud zoning and FLU override that join when the city PIN matches. Those city layers are not an Osceola county extract. Winter Springs EnerGov is Seminole and is not used.","Osceola and Lake zoning/FLU codes are not in the Orange zoning or FLU knowledge base, so multifamily filters treat them as unknown.","The appraiser link is the public map Pin URL. The CAMA search site is Cloudflare-gated from some networks. gis.osceola.org has an incomplete certificate chain; JSON queries still work.","OZ 2.0 here is the seven-market rural-eligible tract pack only. Income and AADT are joined at query time, not stored on the tile."]},"geometry":{"type":"Polygon","coordinates":[[[-80.985612,28.092945],[-80.984662,28.092949],[-80.983634,28.092953],[-80.983639,28.093862],[-80.985695,28.093854],[-80.98569,28.092945],[-80.985612,28.092945]]]}},{"type":"Feature","id":"12097:352733000031700000","properties":{"id":"12097:352733000031700000","parcelId":"352733000031700000","countyFips":"12097","countyName":"Osceola","state":"Florida","marketIds":["Orlando"],"situsAddress":"BLUE MOON TRL","situsCity":"SAINT CLOUD","situsZip":"34773-","jurisdictionCode":null,"ownerName":"ANNA MAE GARDNER TRUST","ownerName2":"GARDNER ANNA MAE RLE & TR","propertyName":null,"zoningCode":"AC","zoningDistrict":"Agricultural","jurisdictionPrefix":null,"dorCode":"0001","acreage":10.05,"acreageSource":"osceola-total-acres","centroid":[-80.982596,28.091294],"lastSale":{"date":"2008-03-31","price":100.0,"qualified":"U"},"tax":{"marketValue":57600.0,"assessedValue":23843.0,"taxableValue":19706.0,"taxes":23843.0},"mailingAddress":{"line1":"PO BOX 890","line2":null,"city":"WALTERBORO","state":"SC","zip":"29488-0890"},"incomeTract":null,"incomeBlockGroup":null,"nearestRoad":null,"flu":{"code":"rural/agricultural","label":"RURAL/AGRICULTURAL","jurisdiction":"Unincorporated","source":"osceola-flu-12"},"opportunityZone":null,"oz2Eligibility":{"eligible":true,"rural":true,"tractGeoid":"12097043802","tractName":"Census Tract 438.02","designation":"eligible-for-nomination","source":"rev-proc-2026-14"},"appraiserUrl":"https://maps.property-appraiser.org/?Pin=352733000031700000","source":"osceola-parcels-12097","dataGaps":["Acreage band is county TotalAcres from 5.0 through 150.0 on Parcels FeatureServer/3. This replaces the DOH extract.","Owner, mailing, sale, just value, assessed value, DOR code, and estimated tax come from that parcel layer.","Taxable value is the prior-roll PrevTaxabl field, not a current taxable. EstimatedT is an estimate, not a certified bill.","Q_U is stored on lastSale.qualified and is not used to drop sales.","Zoning is a centroid join to Zoning MapServer/13. Misses fall back to the parcel Zone1 code when that field is set.","FLU is a centroid join to Future Land Use FeatureServer/12. A parcel on a boundary gets one code. St. Cloud zoning and FLU override that join when the city PIN matches. Those city layers are not an Osceola county extract. Winter Springs EnerGov is Seminole and is not used.","Osceola and Lake zoning/FLU codes are not in the Orange zoning or FLU knowledge base, so multifamily filters treat them as unknown.","The appraiser link is the public map Pin URL. The CAMA search site is Cloudflare-gated from some networks. gis.osceola.org has an incomplete certificate chain; JSON queries still work.","OZ 2.0 here is the seven-market rural-eligible tract pack only. Income and AADT are joined at query time, not stored on the tile."]},"geometry":{"type":"Polygon","coordinates":[[[-80.983543,28.090684],[-80.981643,28.090694],[-80.981565,28.090694],[-80.981576,28.092508],[-80.983631,28.092499],[-80.983621,28.090683],[-80.983543,28.090684]]]}},{"type":"Feature","id":"12097:352733000043500000","properties":{"id":"12097:352733000043500000","parcelId":"352733000043500000","countyFips":"12097","countyName":"Osceola","state":"Florida","marketIds":["Orlando"],"situsAddress":"6320 HARRIS RD","situsCity":"SAINT CLOUD","situsZip":"34773-","jurisdictionCode":null,"ownerName":"DEAN ANDREW W","ownerName2":"DEAN DEBBIE M","propertyName":null,"zoningCode":"AC","zoningDistrict":"Agricultural","jurisdictionPrefix":null,"dorCode":"6011","acreage":5.03,"acreageSource":"osceola-total-acres","centroid":[-80.993015,28.0882],"lastSale":{"date":"2020-05-09","price":100.0,"qualified":"U"},"tax":{"marketValue":222500.0,"assessedValue":196000.0,"taxableValue":152700.0,"taxes":144589.0},"mailingAddress":{"line1":"6320 HARRIS RD","line2":null,"city":"SAINT CLOUD","state":"FL","zip":"34773"},"incomeTract":null,"incomeBlockGroup":null,"nearestRoad":null,"flu":{"code":"rural/agricultural","label":"RURAL/AGRICULTURAL","jurisdiction":"Unincorporated","source":"osceola-flu-12"},"opportunityZone":null,"oz2Eligibility":{"eligible":true,"rural":true,"tractGeoid":"12097043802","tractName":"Census Tract 438.02","designation":"eligible-for-nomination","source":"rev-proc-2026-14"},"appraiserUrl":"https://maps.property-appraiser.org/?Pin=352733000043500000","source":"osceola-parcels-12097","dataGaps":["Acreage band is county TotalAcres from 5.0 through 150.0 on Parcels FeatureServer/3. This replaces the DOH extract.","Owner, mailing, sale, just value, assessed value, DOR code, and estimated tax come from that parcel layer.","Taxable value is the prior-roll PrevTaxabl field, not a current taxable. EstimatedT is an estimate, not a certified bill.","Q_U is stored on lastSale.qualified and is not used to drop sales.","Zoning is a centroid join to Zoning MapServer/13. Misses fall back to the parcel Zone1 code when that field is set.","FLU is a centroid join to Future Land Use FeatureServer/12. A parcel on a boundary gets one code. St. Cloud zoning and FLU override that join when the city PIN matches. Those city layers are not an Osceola county extract. Winter Springs EnerGov is Seminole and is not used.","Osceola and Lake zoning/FLU codes are not in the Orange zoning or FLU knowledge base, so multifamily filters treat them as unknown.","The appraiser link is the public map Pin URL. The CAMA search site is Cloudflare-gated from some networks. gis.osceola.org has an incomplete certificate chain; JSON queries still work.","OZ 2.0 here is the seven-market rural-eligible tract pack only. Income and AADT are joined at query time, not stored on the tile."]},"geometry":{"type":"Polygon","coordinates":[[[-80.993805,28.087891],[-80.992854,28.087897],[-80.991827,28.087904],[-80.991832,28.088816],[-80.993887,28.088803],[-80.993882,28.08789],[-80.993805,28.087891]]]}},{"type":"Feature","id":"12097:362733000000500000","properties":{"id":"12097:362733000000500000","parcelId":"362733000000500000","countyFips":"12097","countyName":"Osceola","state":"Florida","marketIds":["Orlando"],"situsAddress":"6900 CRABGRASS RD","situsCity":"SAINT CLOUD","situsZip":"34773-","jurisdictionCode":null,"ownerName":"TOOLSEE PAM","ownerName2":"TOOLSEE LAKEHRAM","propertyName":null,"zoningCode":"AC","zoningDistrict":"Agricultural","jurisdictionPrefix":null,"dorCode":"0211","acreage":5.0,"acreageSource":"osceola-total-acres","centroid":[-80.974558,28.100607],"lastSale":{"date":"2022-09-09","price":116000.0,"qualified":"Q"},"tax":{"marketValue":108900.0,"assessedValue":108900.0,"taxableValue":109100.0,"taxes":108900.0},"mailingAddress":{"line1":"554 ROYAL PALM DR","line2":null,"city":"KISSIMMEE","state":"FL","zip":"34741"},"incomeTract":null,"incomeBlockGroup":null,"nearestRoad":null,"flu":{"code":"rural/agricultural","label":"RURAL/AGRICULTURAL","jurisdiction":"Unincorporated","source":"osceola-flu-12"},"opportunityZone":null,"oz2Eligibility":{"eligible":true,"rural":true,"tractGeoid":"12097043802","tractName":"Census Tract 438.02","designation":"eligible-for-nomination","source":"rev-proc-2026-14"},"appraiserUrl":"https://maps.property-appraiser.org/?Pin=362733000000500000","source":"osceola-parcels-12097","dataGaps":["Acreage band is county TotalAcres from 5.0 through 150.0 on Parcels FeatureServer/3. This replaces the DOH extract.","Owner, mailing, sale, just value, assessed value, DOR code, and estimated tax come from that parcel layer.","Taxable value is the prior-roll PrevTaxabl field, not a current taxable. EstimatedT is an estimate, not a certified bill.","Q_U is stored on lastSale.qualified and is not used to drop sales.","Zoning is a centroid join to Zoning MapServer/13. Misses fall back to the parcel Zone1 code when that field is set.","FLU is a centroid join to Future Land Use FeatureServer/12. A parcel on a boundary gets one code. St. Cloud zoning and FLU override that join when the city PIN matches. Those city layers are not an Osceola county extract. Winter Springs EnerGov is Seminole and is not used.","Osceola and Lake zoning/FLU codes are not in the Orange zoning or FLU knowledge base, so multifamily filters treat them as unknown.","The appraiser link is the public map Pin URL. The CAMA search site is Cloudflare-gated from some networks. gis.osceola.org has an incomplete certificate chain; JSON queries still work.","OZ 2.0 here is the seven-market rural-eligible tract pack only. Income and AADT are joined at query time, not stored on the tile."]},"geometry":{"type":"Polygon","coordinates":[[[-80.975389,28.100231],[-80.975311,28.100231],[-80.973349,28.100238],[-80.97335,28.101169],[-80.975389,28.101165],[-80.975389,28.100231]]]}},{"type":"Feature","id":"12097:252733000000200000","properties":{"id":"12097:252733000000200000","parcelId":"252733000000200000","countyFips":"12097","countyName":"Osceola","state":"Florida","marketIds":["Orlando"],"situsAddress":null,"situsCity":"SAINT CLOUD","situsZip":"34771","jurisdictionCode":null,"ownerName":"ST JOHNS RIVER WATER MGMT DIST","ownerName2":null,"propertyName":null,"zoningCode":"AC","zoningDistrict":"Agricultural","jurisdictionPrefix":null,"dorCode":"8001","acreage":9.408,"acreageSource":"osceola-total-acres","centroid":[-80.967832,28.11346],"lastSale":{"date":null,"price":null,"qualified":"U"},"tax":{"marketValue":47000.0,"assessedValue":47000.0,"taxableValue":0.0,"taxes":0.0},"mailingAddress":{"line1":"ATTN MARY LOU PICKLES, DIR BUDGET&MGMT RPTG","line2":"4049 REID ST, PO BOX 1429","city":"PALATKA","state":"FL","zip":"32178-1429"},"incomeTract":null,"incomeBlockGroup":null,"nearestRoad":null,"flu":{"code":"conservation","label":"CONSERVATION","jurisdiction":"Unincorporated","source":"osceola-flu-12"},"opportunityZone":null,"oz2Eligibility":{"eligible":true,"rural":true,"tractGeoid":"12097043802","tractName":"Census Tract 438.02","designation":"eligible-for-nomination","source":"rev-proc-2026-14"},"appraiserUrl":"https://maps.property-appraiser.org/?Pin=252733000000200000","source":"osceola-parcels-12097","dataGaps":["Acreage band is county TotalAcres from 5.0 through 150.0 on Parcels FeatureServer/3. This replaces the DOH extract.","Owner, mailing, sale, just value, assessed value, DOR code, and estimated tax come from that parcel layer.","Taxable value is the prior-roll PrevTaxabl field, not a current taxable. EstimatedT is an estimate, not a certified bill.","Q_U is stored on lastSale.qualified and is not used to drop sales.","Zoning is a centroid join to Zoning MapServer/13. Misses fall back to the parcel Zone1 code when that field is set.","FLU is a centroid join to Future Land Use FeatureServer/12. A parcel on a boundary gets one code. St. Cloud zoning and FLU override that join when the city PIN matches. Those city layers are not an Osceola county extract. Winter Springs EnerGov is Seminole and is not used.","Osceola and Lake zoning/FLU codes are not in the Orange zoning or FLU knowledge base, so multifamily filters treat them as unknown.","The appraiser link is the public map Pin URL. The CAMA search site is Cloudflare-gated from some networks. gis.osceola.org has an incomplete certificate chain; JSON queries still work.","OZ 2.0 here is the seven-market rural-eligible tract pack only. Income and AADT are joined at query time, not stored on the tile."]},"geometry":{"type":"Polygon","coordinates":[[[-80.968331,28.112069],[-80.967904,28.112069],[-80.967904,28.112643],[-80.967257,28.112644],[-80.967261,28.115669],[-80.968336,28.115667],[-80.968331,28.112069]]]}},{"type":"Feature","id":"12097:252833000000200000","properties":{"id":"12097:252833000000200000","parcelId":"252833000000200000","countyFips":"12097","countyName":"Osceola","state":"Florida","marketIds":["Orlando"],"situsAddress":null,"situsCity":"KENANSVILLE","situsZip":"34739","jurisdictionCode":null,"ownerName":"ALLEN BROUSSARD CONSERVANCY INC","ownerName2":null,"propertyName":null,"zoningCode":"AC","zoningDistrict":"Agricultural","jurisdictionPrefix":null,"dorCode":"9901","acreage":121.2,"acreageSource":"osceola-total-acres","centroid":[-80.974136,28.025511],"lastSale":{"date":"2024-06-13","price":5000.0,"qualified":"U"},"tax":{"marketValue":24200.0,"assessedValue":24200.0,"taxableValue":0.0,"taxes":0.0},"mailingAddress":{"line1":"38 LAKE VIEW DR W","line2":null,"city":"OCALA","state":"FL","zip":"34482-6668"},"incomeTract":null,"incomeBlockGroup":null,"nearestRoad":null,"flu":{"code":"rural/agricultural","label":"RURAL/AGRICULTURAL","jurisdiction":"Unincorporated","source":"osceola-flu-12"},"opportunityZone":null,"oz2Eligibility":{"eligible":true,"rural":true,"tractGeoid":"12097043802","tractName":"Census Tract 438.02","designation":"eligible-for-nomination","source":"rev-proc-2026-14"},"appraiserUrl":"https://maps.property-appraiser.org/?Pin=252833000000200000","source":"osceola-parcels-12097","dataGaps":["Acreage band is county TotalAcres from 5.0 through 150.0 on Parcels FeatureServer/3. This replaces the DOH extract.","Owner, mailing, sale, just value, assessed value, DOR code, and estimated tax come from that parcel layer.","Taxable value is the prior-roll PrevTaxabl field, not a current taxable. EstimatedT is an estimate, not a certified bill.","Q_U is stored on lastSale.qualified and is not used to drop sales.","Zoning is a centroid join to Zoning MapServer/13. Misses fall back to the parcel Zone1 code when that field is set.","FLU is a centroid join to Future Land Use FeatureServer/12. A parcel on a boundary gets one code. St. Cloud zoning and FLU override that join when the city PIN matches. Those city layers are not an Osceola county extract. Winter Springs EnerGov is Seminole and is not used.","Osceola and Lake zoning/FLU codes are not in the Orange zoning or FLU knowledge base, so multifamily filters treat them as unknown.","The appraiser link is the public map Pin URL. The CAMA search site is Cloudflare-gated from some networks. gis.osceola.org has an incomplete certificate chain; JSON queries still work.","OZ 2.0 here is the seven-market rural-eligible tract pack only. Income and AADT are joined at query time, not stored on the tile."]},"geometry":{"type":"Polygon","coordinates":[[[-80.971926,28.024826],[-80.971927,28.026499],[-80.971928,28.026572],[-80.97502,28.026597],[-80.975018,28.024782],[-80.975533,28.024786],[-80.975535,28.026602],[-80.984812,28.026676],[-80.98482,28.023664],[-80.968317,28.023531],[-80.96832,28.026543],[-80.971412,28.026568],[-80.97141,28.024753],[-80.971926,28.024757],[-80.971926,28.024826]],[[-80.978625,28.024811],[-80.977595,28.024803],[-80.977594,28.023895],[-80.978625,28.023903],[-80.978625,28.024811]],[[-80.972441,28.024692],[-80.97244,28.023853],[-80.974501,28.02387],[-80.974502,28.024778],[-80.972441,28.024761],[-80.972441,28.024692]]]}},{"type":"Feature","id":"12097:252833000001900000","properties":{"id":"12097:252833000001900000","parcelId":"252833000001900000","countyFips":"12097","countyName":"Osceola","state":"Florida","marketIds":["Orlando"],"situsAddress":"KENANSVILLE RD","situsCity":"KENANSVILLE","situsZip":"34739","jurisdictionCode":null,"ownerName":"ERNEST SAMUEL JR LIVING TRUST","ownerName2":"SAMUEL ERNEST JR TR","propertyName":null,"zoningCode":"AC","zoningDistrict":"Agricultural","jurisdictionPrefix":null,"dorCode":"0001","acreage":5.038,"acreageSource":"osceola-total-acres","centroid":[-80.973385,28.024466],"lastSale":{"date":"2020-06-23","price":100.0,"qualified":"U"},"tax":{"marketValue":1100.0,"assessedValue":1100.0,"taxableValue":1100.0,"taxes":1100.0},"mailingAddress":{"line1":"2774 RIVER CREEK LN","line2":null,"city":"SAINT CLOUD","state":"FL","zip":"34771"},"incomeTract":null,"incomeBlockGroup":null,"nearestRoad":null,"flu":{"code":"rural/agricultural","label":"RURAL/AGRICULTURAL","jurisdiction":"Unincorporated","source":"osceola-flu-12"},"opportunityZone":null,"oz2Eligibility":{"eligible":true,"rural":true,"tractGeoid":"12097043802","tractName":"Census Tract 438.02","designation":"eligible-for-nomination","source":"rev-proc-2026-14"},"appraiserUrl":"https://maps.property-appraiser.org/?Pin=252833000001900000","source":"osceola-parcels-12097","dataGaps":["Acreage band is county TotalAcres from 5.0 through 150.0 on Parcels FeatureServer/3. This replaces the DOH extract.","Owner, mailing, sale, just value, assessed value, DOR code, and estimated tax come from that parcel layer.","Taxable value is the prior-roll PrevTaxabl field, not a current taxable. EstimatedT is an estimate, not a certified bill.","Q_U is stored on lastSale.qualified and is not used to drop sales.","Zoning is a centroid join to Zoning MapServer/13. Misses fall back to the parcel Zone1 code when that field is set.","FLU is a centroid join to Future Land Use FeatureServer/12. A parcel on a boundary gets one code. St. Cloud zoning and FLU override that join when the city PIN matches. Those city layers are not an Osceola county extract. Winter Springs EnerGov is Seminole and is not used.","Osceola and Lake zoning/FLU codes are not in the Orange zoning or FLU knowledge base, so multifamily filters treat them as unknown.","The appraiser link is the public map Pin URL. The CAMA search site is Cloudflare-gated from some networks. gis.osceola.org has an incomplete certificate chain; JSON queries still work.","OZ 2.0 here is the seven-market rural-eligible tract pack only. Income and AADT are joined at query time, not stored on the tile."]},"geometry":{"type":"Polygon","coordinates":[[[-80.972956,28.024765],[-80.973472,28.024769],[-80.974502,28.024778],[-80.974501,28.02387],[-80.97244,28.023853],[-80.972441,28.024761],[-80.972956,28.024765]]]}},{"type":"Feature","id":"12097:272734000000400000","properties":{"id":"12097:272734000000400000","parcelId":"272734000000400000","countyFips":"12097","countyName":"Osceola","state":"Florida","marketIds":["Orlando"],"situsAddress":"13200 E IRLO BRONSON MEMORIAL HWY","situsCity":"SAINT CLOUD","situsZip":"34773-","jurisdictionCode":null,"ownerName":"FRED M SANDERSON JR & CATHY L B SANDERSON RLT","ownerName2":"SANDERSON FRED M JR TR / SANDERSON CATHY L BEASLEY TR","propertyName":null,"zoningCode":"AC","zoningDistrict":"Agricultural","jurisdictionPrefix":null,"dorCode":"0111","acreage":9.316,"acreageSource":"osceola-total-acres","centroid":[-80.900157,28.100826],"lastSale":{"date":"2007-10-10","price":null,"qualified":"U"},"tax":{"marketValue":570800.0,"assessedValue":523220.0,"taxableValue":445107.0,"taxes":471809.0},"mailingAddress":{"line1":"13200 E IRLO BRONSON MEMORIAL HWY","line2":null,"city":"SAINT CLOUD","state":"FL","zip":"34773"},"incomeTract":null,"incomeBlockGroup":null,"nearestRoad":null,"flu":{"code":"rural settlement","label":"RURAL SETTLEMENT","jurisdiction":"Unincorporated","source":"osceola-flu-12"},"opportunityZone":null,"oz2Eligibility":{"eligible":true,"rural":true,"tractGeoid":"12097043802","tractName":"Census Tract 438.02","designation":"eligible-for-nomination","source":"rev-proc-2026-14"},"appraiserUrl":"https://maps.property-appraiser.org/?Pin=272734000000400000","source":"osceola-parcels-12097","dataGaps":["Acreage band is county TotalAcres from 5.0 through 150.0 on Parcels FeatureServer/3. This replaces the DOH extract.","Owner, mailing, sale, just value, assessed value, DOR code, and estimated tax come from that parcel layer.","Taxable value is the prior-roll PrevTaxabl field, not a current taxable. EstimatedT is an estimate, not a certified bill.","Q_U is stored on lastSale.qualified and is not used to drop sales.","Zoning is a centroid join to Zoning MapServer/13. Misses fall back to the parcel Zone1 code when that field is set.","FLU is a centroid join to Future Land Use FeatureServer/12. A parcel on a boundary gets one code. St. Cloud zoning and FLU override that join when the city PIN matches. Those city layers are not an Osceola county extract. Winter Springs EnerGov is Seminole and is not used.","Osceola and Lake zoning/FLU codes are not in the Orange zoning or FLU knowledge base, so multifamily filters treat them as unknown.","The appraiser link is the public map Pin URL. The CAMA search site is Cloudflare-gated from some networks. gis.osceola.org has an incomplete certificate chain; JSON queries still work.","OZ 2.0 here is the seven-market rural-eligible tract pack only. Income and AADT are joined at query time, not stored on the tile."]},"geometry":{"type":"Polygon","coordinates":[[[-80.899564,28.101622],[-80.900043,28.101871],[-80.900827,28.102268],[-80.9008,28.099185],[-80.899552,28.099182],[-80.899564,28.101622]]]}},{"type":"Feature","id":"12097:282734000000300000","properties":{"id":"12097:282734000000300000","parcelId":"282734000000300000","countyFips":"12097","countyName":"Osceola","state":"Florida","marketIds":["Orlando"],"situsAddress":"12900 E IRLO BRONSON MEMORIAL HWY","situsCity":"SAINT CLOUD","situsZip":"34771","jurisdictionCode":null,"ownerName":"ST JOHNS RIVER WATER MGMT DIST","ownerName2":null,"propertyName":null,"zoningCode":"AC","zoningDistrict":"Agricultural","jurisdictionPrefix":null,"dorCode":"8001","acreage":143.687,"acreageSource":"osceola-total-acres","centroid":[-80.923828,28.102308],"lastSale":{"date":null,"price":null,"qualified":"U"},"tax":{"marketValue":1436900.0,"assessedValue":1436900.0,"taxableValue":0.0,"taxes":0.0},"mailingAddress":{"line1":"ATTN MARY LOU PICKLES, DIR BUDGET&MGMT RPTG","line2":"4049 REID ST, PO BOX 1429","city":"PALATKA","state":"FL","zip":"32178-1429"},"incomeTract":null,"incomeBlockGroup":null,"nearestRoad":null,"flu":{"code":"conservation","label":"CONSERVATION","jurisdiction":"Unincorporated","source":"osceola-flu-12"},"opportunityZone":null,"oz2Eligibility":{"eligible":true,"rural":true,"tractGeoid":"12097043802","tractName":"Census Tract 438.02","designation":"eligible-for-nomination","source":"rev-proc-2026-14"},"appraiserUrl":"https://maps.property-appraiser.org/?Pin=282734000000300000","source":"osceola-parcels-12097","dataGaps":["Acreage band is county TotalAcres from 5.0 through 150.0 on Parcels FeatureServer/3. This replaces the DOH extract.","Owner, mailing, sale, just value, assessed value, DOR code, and estimated tax come from that parcel layer.","Taxable value is the prior-roll PrevTaxabl field, not a current taxable. EstimatedT is an estimate, not a certified bill.","Q_U is stored on lastSale.qualified and is not used to drop sales.","Zoning is a centroid join to Zoning MapServer/13. Misses fall back to the parcel Zone1 code when that field is set.","FLU is a centroid join to Future Land Use FeatureServer/12. A parcel on a boundary gets one code. St. Cloud zoning and FLU override that join when the city PIN matches. Those city layers are not an Osceola county extract. Winter Springs EnerGov is Seminole and is not used.","Osceola and Lake zoning/FLU codes are not in the Orange zoning or FLU knowledge base, so multifamily filters treat them as unknown.","The appraiser link is the public map Pin URL. The CAMA search site is Cloudflare-gated from some networks. gis.osceola.org has an incomplete certificate chain; JSON queries still work.","OZ 2.0 here is the seven-market rural-eligible tract pack only. Income and AADT are joined at query time, not stored on the tile."]},"geometry":{"type":"Polygon","coordinates":[[[-80.919409,28.099201],[-80.919602,28.099471],[-80.928127,28.111368],[-80.928176,28.099193],[-80.919409,28.099201]]]}},{"type":"Feature","id":"12097:342734000000100000","properties":{"id":"12097:342734000000100000","parcelId":"342734000000100000","countyFips":"12097","countyName":"Osceola","state":"Florida","marketIds":["Orlando"],"situsAddress":"6254 KEMPFER RD","situsCity":"SAINT CLOUD","situsZip":"34773-","jurisdictionCode":null,"ownerName":"DEER PARK RANCH LTD","ownerName2":null,"propertyName":null,"zoningCode":"AC","zoningDistrict":"Agricultural","jurisdictionPrefix":null,"dorCode":"6011","acreage":59.45,"acreageSource":"osceola-total-acres","centroid":[-80.897738,28.087822],"lastSale":{"date":"2001-05-08","price":100.0,"qualified":"U"},"tax":{"marketValue":248600.0,"assessedValue":13500.0,"taxableValue":13500.0,"taxes":13500.0},"mailingAddress":{"line1":"6254 KEMPFER RD","line2":null,"city":"SAINT CLOUD","state":"FL","zip":"34773"},"incomeTract":null,"incomeBlockGroup":null,"nearestRoad":null,"flu":{"code":"rural/agricultural","label":"RURAL/AGRICULTURAL","jurisdiction":"Unincorporated","source":"osceola-flu-12"},"opportunityZone":null,"oz2Eligibility":{"eligible":true,"rural":true,"tractGeoid":"12097043802","tractName":"Census Tract 438.02","designation":"eligible-for-nomination","source":"rev-proc-2026-14"},"appraiserUrl":"https://maps.property-appraiser.org/?Pin=342734000000100000","source":"osceola-parcels-12097","dataGaps":["Acreage band is county TotalAcres from 5.0 through 150.0 on Parcels FeatureServer/3. This replaces the DOH extract.","Owner, mailing, sale, just value, assessed value, DOR code, and estimated tax come from that parcel layer.","Taxable value is the prior-roll PrevTaxabl field, not a current taxable. EstimatedT is an estimate, not a certified bill.","Q_U is stored on lastSale.qualified and is not used to drop sales.","Zoning is a centroid join to Zoning MapServer/13. Misses fall back to the parcel Zone1 code when that field is set.","FLU is a centroid join to Future Land Use FeatureServer/12. A parcel on a boundary gets one code. St. Cloud zoning and FLU override that join when the city PIN matches. Those city layers are not an Osceola county extract. Winter Springs EnerGov is Seminole and is not used.","Osceola and Lake zoning/FLU codes are not in the Orange zoning or FLU knowledge base, so multifamily filters treat them as unknown.","The appraiser link is the public map Pin URL. The CAMA search site is Cloudflare-gated from some networks. gis.osceola.org has an incomplete certificate chain; JSON queries still work.","OZ 2.0 here is the seven-market rural-eligible tract pack only. Income and AADT are joined at query time, not stored on the tile."]},"geometry":{"type":"Polygon","coordinates":[[[-80.899841,28.085776],[-80.899836,28.08474],[-80.895756,28.08475],[-80.895763,28.089423],[-80.896554,28.08942],[-80.896555,28.090327],[-80.899864,28.090315],[-80.899841,28.085776]]]}},{"type":"Feature","id":"12097:342734295000060080","properties":{"id":"12097:342734295000060080","parcelId":"342734295000060080","countyFips":"12097","countyName":"Osceola","state":"Florida","marketIds":["Orlando"],"situsAddress":"13201 CENTRE ST","situsCity":"SAINT CLOUD","situsZip":"34773","jurisdictionCode":null,"ownerName":"DEER PARK RANCH LTD","ownerName2":null,"propertyName":null,"zoningCode":"AC","zoningDistrict":"Agricultural","jurisdictionPrefix":null,"dorCode":"6011","acreage":36.55,"acreageSource":"osceola-total-acres","centroid":[-80.900823,28.091549],"lastSale":{"date":"2001-05-08","price":100.0,"qualified":"U"},"tax":{"marketValue":375200.0,"assessedValue":242300.0,"taxableValue":216529.0,"taxes":242300.0},"mailingAddress":{"line1":"6254 KEMPFER RD","line2":null,"city":"SAINT CLOUD","state":"FL","zip":"34773"},"incomeTract":null,"incomeBlockGroup":null,"nearestRoad":null,"flu":{"code":"rural settlement","label":"RURAL SETTLEMENT","jurisdiction":"Unincorporated","source":"osceola-flu-12"},"opportunityZone":null,"oz2Eligibility":{"eligible":true,"rural":true,"tractGeoid":"12097043802","tractName":"Census Tract 438.02","designation":"eligible-for-nomination","source":"rev-proc-2026-14"},"appraiserUrl":"https://maps.property-appraiser.org/?Pin=342734295000060080","source":"osceola-parcels-12097","dataGaps":["Acreage band is county TotalAcres from 5.0 through 150.0 on Parcels FeatureServer/3. This replaces the DOH extract.","Owner, mailing, sale, just value, assessed value, DOR code, and estimated tax come from that parcel layer.","Taxable value is the prior-roll PrevTaxabl field, not a current taxable. EstimatedT is an estimate, not a certified bill.","Q_U is stored on lastSale.qualified and is not used to drop sales.","Zoning is a centroid join to Zoning MapServer/13. Misses fall back to the parcel Zone1 code when that field is set.","FLU is a centroid join to Future Land Use FeatureServer/12. A parcel on a boundary gets one code. St. Cloud zoning and FLU override that join when the city PIN matches. Those city layers are not an Osceola county extract. Winter Springs EnerGov is Seminole and is not used.","Osceola and Lake zoning/FLU codes are not in the Orange zoning or FLU knowledge base, so multifamily filters treat them as unknown.","The appraiser link is the public map Pin URL. The CAMA search site is Cloudflare-gated from some networks. gis.osceola.org has an incomplete certificate chain; JSON queries still work.","OZ 2.0 here is the seven-market rural-eligible tract pack only. Income and AADT are joined at query time, not stored on the tile."]},"geometry":{"type":"MultiPolygon","coordinates":[[[[-80.90074,28.091302],[-80.900554,28.091302],[-80.899961,28.091305],[-80.899965,28.092047],[-80.90186,28.09204],[-80.901857,28.091297],[-80.90074,28.091302]]],[[[-80.900177,28.090231],[-80.900363,28.09023],[-80.900359,28.089488],[-80.899953,28.089489],[-80.899956,28.090232],[-80.900177,28.090231]]],[[[-80.898844,28.091144],[-80.89903,28.091143],[-80.899775,28.09114],[-80.899771,28.090398],[-80.89791,28.090405],[-80.897914,28.091147],[-80.898844,28.091144]]],[[[-80.903921,28.091299],[-80.903921,28.091289],[-80.903549,28.091291],[-80.903551,28.091662],[-80.903923,28.091661],[-80.903921,28.091299]]],[[[-80.903179,28.091663],[-80.902993,28.091664],[-80.902806,28.091665],[-80.902805,28.091294],[-80.902043,28.091297],[-80.902047,28.092039],[-80.903367,28.092034],[-80.903365,28.091663],[-80.903179,28.091663]]],[[[-80.89829,28.092054],[-80.898476,28.092053],[-80.899779,28.092048],[-80.899775,28.091305],[-80.897914,28.091312],[-80.897918,28.092055],[-80.89829,28.092054]]],[[[-80.906752,28.092186],[-80.906566,28.092187],[-80.906176,28.092188],[-80.90618,28.092931],[-80.908058,28.092923],[-80.908054,28.092181],[-80.906752,28.092186]]],[[[-80.904877,28.092936],[-80.905063,28.092935],[-80.905622,28.092933],[-80.90562,28.092562],[-80.904875,28.092565],[-80.904877,28.092936]]],[[[-80.904114,28.092568],[-80.904115,28.092939],[-80.904319,28.092938],[-80.904317,28.092567],[-80.904114,28.092568]]],[[[-80.903553,28.092198],[-80.903367,28.092199],[-80.902047,28.092204],[-80.902051,28.092947],[-80.903929,28.09294],[-80.903926,28.092197],[-80.903553,28.092198]]],[[[-80.900934,28.092951],[-80.901121,28.09295],[-80.901865,28.092948],[-80.901861,28.092205],[-80.900745,28.092209],[-80.900747,28.092581],[-80.90056,28.092581],[-80.900562,28.092953],[-80.900934,28.092951]]],[[[-80.899787,28.093698],[-80.899786,28.09357],[-80.898484,28.093575],[-80.898484,28.093703],[-80.899787,28.093698]]],[[[-80.898298,28.093576],[-80.8982,28.093577],[-80.897925,28.093578],[-80.897926,28.093705],[-80.898298,28.093704],[-80.898298,28.093576]]],[[[-80.907873,28.093089],[-80.907687,28.09309],[-80.906181,28.093096],[-80.906184,28.093838],[-80.908063,28.093831],[-80.908059,28.093088],[-80.907873,28.093089]]],[[[-80.905436,28.093099],[-80.905436,28.093111],[-80.905438,28.09347],[-80.90581,28.093469],[-80.905812,28.09384],[-80.905998,28.093839],[-80.905995,28.093097],[-80.905436,28.093099]]],[[[-80.90432,28.093103],[-80.904116,28.093104],[-80.90412,28.093846],[-80.905254,28.093842],[-80.905252,28.093471],[-80.90488,28.093472],[-80.904878,28.093101],[-80.90432,28.093103]]],[[[-80.903562,28.093849],[-80.903748,28.093848],[-80.903934,28.093847],[-80.90393,28.093105],[-80.902052,28.093112],[-80.902055,28.093854],[-80.903562,28.093849]]],[[[-80.899974,28.093863],[-80.899986,28.093862],[-80.900567,28.09386],[-80.900565,28.093567],[-80.899973,28.09357],[-80.899974,28.093863]]]]}},{"type":"Feature","id":"12097:342734296000010130","properties":{"id":"12097:342734296000010130","parcelId":"342734296000010130","countyFips":"12097","countyName":"Osceola","state":"Florida","marketIds":["Orlando"],"situsAddress":null,"situsCity":"SAINT CLOUD","situsZip":"34771","jurisdictionCode":null,"ownerName":"KEMPFER GEORGE REED","ownerName2":"KEMPFER CHARLENE W","propertyName":null,"zoningCode":"AC","zoningDistrict":"Agricultural","jurisdictionPrefix":null,"dorCode":"6001","acreage":5.078,"acreageSource":"osceola-total-acres","centroid":[-80.91043,28.087913],"lastSale":{"date":"1994-02-24","price":null,"qualified":"U"},"tax":{"marketValue":20300.0,"assessedValue":1100.0,"taxableValue":1100.0,"taxes":1100.0},"mailingAddress":{"line1":"6175 KEMPFER RD","line2":null,"city":"SAINT CLOUD","state":"FL","zip":"34773-9362"},"incomeTract":null,"incomeBlockGroup":null,"nearestRoad":null,"flu":{"code":"rural/agricultural","label":"RURAL/AGRICULTURAL","jurisdiction":"Unincorporated","source":"osceola-flu-12"},"opportunityZone":null,"oz2Eligibility":{"eligible":true,"rural":true,"tractGeoid":"12097043802","tractName":"Census Tract 438.02","designation":"eligible-for-nomination","source":"rev-proc-2026-14"},"appraiserUrl":"https://maps.property-appraiser.org/?Pin=342734296000010130","source":"osceola-parcels-12097","dataGaps":["Acreage band is county TotalAcres from 5.0 through 150.0 on Parcels FeatureServer/3. This replaces the DOH extract.","Owner, mailing, sale, just value, assessed value, DOR code, and estimated tax come from that parcel layer.","Taxable value is the prior-roll PrevTaxabl field, not a current taxable. EstimatedT is an estimate, not a certified bill.","Q_U is stored on lastSale.qualified and is not used to drop sales.","Zoning is a centroid join to Zoning MapServer/13. Misses fall back to the parcel Zone1 code when that field is set.","FLU is a centroid join to Future Land Use FeatureServer/12. A parcel on a boundary gets one code. St. Cloud zoning and FLU override that join when the city PIN matches. Those city layers are not an Osceola county extract. Winter Springs EnerGov is Seminole and is not used.","Osceola and Lake zoning/FLU codes are not in the Orange zoning or FLU knowledge base, so multifamily filters treat them as unknown.","The appraiser link is the public map Pin URL. The CAMA search site is Cloudflare-gated from some networks. gis.osceola.org has an incomplete certificate chain; JSON queries still work.","OZ 2.0 here is the seven-market rural-eligible tract pack only. Income and AADT are joined at query time, not stored on the tile."]},"geometry":{"type":"Polygon","coordinates":[[[-80.911309,28.087547],[-80.910189,28.087551],[-80.909446,28.087554],[-80.90945,28.088462],[-80.911757,28.088453],[-80.911309,28.087547]]]}},{"type":"Feature","id":"12097:352733000014100000","properties":{"id":"12097:352733000014100000","parcelId":"352733000014100000","countyFips":"12097","countyName":"Osceola","state":"Florida","marketIds":["Orlando"],"situsAddress":"6714 OWENS RD","situsCity":"SAINT CLOUD","situsZip":"34773-","jurisdictionCode":null,"ownerName":"MCALISTER DUSTY L","ownerName2":null,"propertyName":null,"zoningCode":"AC","zoningDistrict":"Agricultural","jurisdictionPrefix":null,"dorCode":"0211","acreage":8.76,"acreageSource":"osceola-total-acres","centroid":[-80.982498,28.097682],"lastSale":{"date":"2023-01-13","price":12000.0,"qualified":"U"},"tax":{"marketValue":235700.0,"assessedValue":134848.0,"taxableValue":145800.0,"taxes":109848.0},"mailingAddress":{"line1":"6710 OWENS RD","line2":null,"city":"SAINT CLOUD","state":"FL","zip":"34773-9277"},"incomeTract":null,"incomeBlockGroup":null,"nearestRoad":null,"flu":{"code":"rural/agricultural","label":"RURAL/AGRICULTURAL","jurisdiction":"Unincorporated","source":"osceola-flu-12"},"opportunityZone":null,"oz2Eligibility":{"eligible":true,"rural":true,"tractGeoid":"12097043802","tractName":"Census Tract 438.02","designation":"eligible-for-nomination","source":"rev-proc-2026-14"},"appraiserUrl":"https://maps.property-appraiser.org/?Pin=352733000014100000","source":"osceola-parcels-12097","dataGaps":["Acreage band is county TotalAcres from 5.0 through 150.0 on Parcels FeatureServer/3. This replaces the DOH extract.","Owner, mailing, sale, just value, assessed value, DOR code, and estimated tax come from that parcel layer.","Taxable value is the prior-roll PrevTaxabl field, not a current taxable. EstimatedT is an estimate, not a certified bill.","Q_U is stored on lastSale.qualified and is not used to drop sales.","Zoning is a centroid join to Zoning MapServer/13. Misses fall back to the parcel Zone1 code when that field is set.","FLU is a centroid join to Future Land Use FeatureServer/12. A parcel on a boundary gets one code. St. Cloud zoning and FLU override that join when the city PIN matches. Those city layers are not an Osceola county extract. Winter Springs EnerGov is Seminole and is not used.","Osceola and Lake zoning/FLU codes are not in the Orange zoning or FLU knowledge base, so multifamily filters treat them as unknown.","The appraiser link is the public map Pin URL. The CAMA search site is Cloudflare-gated from some networks. gis.osceola.org has an incomplete certificate chain; JSON queries still work.","OZ 2.0 here is the seven-market rural-eligible tract pack only. Income and AADT are joined at query time, not stored on the tile."]},"geometry":{"type":"Polygon","coordinates":[[[-80.981685,28.097946],[-80.982635,28.09794],[-80.982638,28.098392],[-80.983666,28.098386],[-80.983655,28.096576],[-80.9816,28.096587],[-80.981608,28.097946],[-80.981685,28.097946]]]}},{"type":"Feature","id":"12097:352733000019600000","properties":{"id":"12097:352733000019600000","parcelId":"352733000019600000","countyFips":"12097","countyName":"Osceola","state":"Florida","marketIds":["Orlando"],"situsAddress":"6150 HARRIS RD","situsCity":"SAINT CLOUD","situsZip":"34773-","jurisdictionCode":null,"ownerName":"OSBORNE ARTHUR","ownerName2":"OSBORNE TRISTA","propertyName":null,"zoningCode":"AC","zoningDistrict":"Agricultural","jurisdictionPrefix":null,"dorCode":"0211","acreage":12.52,"acreageSource":"osceola-total-acres","centroid":[-80.99351,28.095264],"lastSale":{"date":"2018-04-27","price":46000.0,"qualified":"U"},"tax":{"marketValue":249800.0,"assessedValue":160272.0,"taxableValue":96661.0,"taxes":103861.0},"mailingAddress":{"line1":"6150 HARRIS RD","line2":null,"city":"SAINT CLOUD","state":"FL","zip":"34773-9258"},"incomeTract":null,"incomeBlockGroup":null,"nearestRoad":null,"flu":{"code":"rural/agricultural","label":"RURAL/AGRICULTURAL","jurisdiction":"Unincorporated","source":"osceola-flu-12"},"opportunityZone":null,"oz2Eligibility":{"eligible":true,"rural":true,"tractGeoid":"12097043802","tractName":"Census Tract 438.02","designation":"eligible-for-nomination","source":"rev-proc-2026-14"},"appraiserUrl":"https://maps.property-appraiser.org/?Pin=352733000019600000","source":"osceola-parcels-12097","dataGaps":["Acreage band is county TotalAcres from 5.0 through 150.0 on Parcels FeatureServer/3. This replaces the DOH extract.","Owner, mailing, sale, just value, assessed value, DOR code, and estimated tax come from that parcel layer.","Taxable value is the prior-roll PrevTaxabl field, not a current taxable. EstimatedT is an estimate, not a certified bill.","Q_U is stored on lastSale.qualified and is not used to drop sales.","Zoning is a centroid join to Zoning MapServer/13. Misses fall back to the parcel Zone1 code when that field is set.","FLU is a centroid join to Future Land Use FeatureServer/12. A parcel on a boundary gets one code. St. Cloud zoning and FLU override that join when the city PIN matches. Those city layers are not an Osceola county extract. Winter Springs EnerGov is Seminole and is not used.","Osceola and Lake zoning/FLU codes are not in the Orange zoning or FLU knowledge base, so multifamily filters treat them as unknown.","The appraiser link is the public map Pin URL. The CAMA search site is Cloudflare-gated from some networks. gis.osceola.org has an incomplete certificate chain; JSON queries still work.","OZ 2.0 here is the seven-market rural-eligible tract pack only. Income and AADT are joined at query time, not stored on the tile."]},"geometry":{"type":"Polygon","coordinates":[[[-80.9929,28.095627],[-80.993851,28.095622],[-80.993929,28.095622],[-80.993926,28.095172],[-80.994954,28.095167],[-80.994951,28.094718],[-80.993923,28.094722],[-80.993917,28.093822],[-80.99289,28.093826],[-80.992895,28.094727],[-80.991867,28.094731],[-80.991878,28.096533],[-80.993934,28.096522],[-80.993932,28.096072],[-80.992903,28.096077],[-80.9929,28.095627]]]}},{"type":"Feature","id":"12097:352733000020600000","properties":{"id":"12097:352733000020600000","parcelId":"352733000020600000","countyFips":"12097","countyName":"Osceola","state":"Florida","marketIds":["Orlando"],"situsAddress":"6730 OWENS RD","situsCity":"SAINT CLOUD","situsZip":"34773","jurisdictionCode":null,"ownerName":"SCHMOOCK KIM T","ownerName2":null,"propertyName":null,"zoningCode":"AC","zoningDistrict":"Agricultural","jurisdictionPrefix":null,"dorCode":"0211","acreage":5.01,"acreageSource":"osceola-total-acres","centroid":[-80.982103,28.094773],"lastSale":{"date":"2026-04-08","price":null,"qualified":"U"},"tax":{"marketValue":160900.0,"assessedValue":77489.0,"taxableValue":0.0,"taxes":0.0},"mailingAddress":{"line1":"6730 OWENS RD","line2":null,"city":"SAINT CLOUD","state":"FL","zip":"34773-9277"},"incomeTract":null,"incomeBlockGroup":null,"nearestRoad":null,"flu":{"code":"rural/agricultural","label":"RURAL/AGRICULTURAL","jurisdiction":"Unincorporated","source":"osceola-flu-12"},"opportunityZone":null,"oz2Eligibility":{"eligible":true,"rural":true,"tractGeoid":"12097043802","tractName":"Census Tract 438.02","designation":"eligible-for-nomination","source":"rev-proc-2026-14"},"appraiserUrl":"https://maps.property-appraiser.org/?Pin=352733000020600000","source":"osceola-parcels-12097","dataGaps":["Acreage band is county TotalAcres from 5.0 through 150.0 on Parcels FeatureServer/3. This replaces the DOH extract.","Owner, mailing, sale, just value, assessed value, DOR code, and estimated tax come from that parcel layer.","Taxable value is the prior-roll PrevTaxabl field, not a current taxable. EstimatedT is an estimate, not a certified bill.","Q_U is stored on lastSale.qualified and is not used to drop sales.","Zoning is a centroid join to Zoning MapServer/13. Misses fall back to the parcel Zone1 code when that field is set.","FLU is a centroid join to Future Land Use FeatureServer/12. A parcel on a boundary gets one code. St. Cloud zoning and FLU override that join when the city PIN matches. Those city layers are not an Osceola county extract. Winter Springs EnerGov is Seminole and is not used.","Osceola and Lake zoning/FLU codes are not in the Orange zoning or FLU knowledge base, so multifamily filters treat them as unknown.","The appraiser link is the public map Pin URL. The CAMA search site is Cloudflare-gated from some networks. gis.osceola.org has an incomplete certificate chain; JSON queries still work.","OZ 2.0 here is the seven-market rural-eligible tract pack only. Income and AADT are joined at query time, not stored on the tile."]},"geometry":{"type":"Polygon","coordinates":[[[-80.981584,28.093869],[-80.981594,28.095681],[-80.982622,28.095677],[-80.982612,28.093866],[-80.981584,28.093869]]]}},{"type":"Feature","id":"12097:352733000037300000","properties":{"id":"12097:352733000037300000","parcelId":"352733000037300000","countyFips":"12097","countyName":"Osceola","state":"Florida","marketIds":["Orlando"],"situsAddress":"HARRIS RD","situsCity":"SAINT CLOUD","situsZip":"34773-","jurisdictionCode":null,"ownerName":"RODRIGUEZ LOPEZ JESSICA ANDRUA","ownerName2":"FERNANDEZ GALO MARCELO","propertyName":null,"zoningCode":"AC","zoningDistrict":"Agricultural","jurisdictionPrefix":null,"dorCode":"0001","acreage":5.02,"acreageSource":"osceola-total-acres","centroid":[-80.990622,28.090099],"lastSale":{"date":"2019-10-07","price":25000.0,"qualified":"Q"},"tax":{"marketValue":32000.0,"assessedValue":32000.0,"taxableValue":31944.0,"taxes":32000.0},"mailingAddress":{"line1":"314 ALMA ST","line2":null,"city":"KISSIMMEE","state":"FL","zip":"34741"},"incomeTract":null,"incomeBlockGroup":null,"nearestRoad":null,"flu":{"code":"rural/agricultural","label":"RURAL/AGRICULTURAL","jurisdiction":"Unincorporated","source":"osceola-flu-12"},"opportunityZone":null,"oz2Eligibility":{"eligible":true,"rural":true,"tractGeoid":"12097043802","tractName":"Census Tract 438.02","designation":"eligible-for-nomination","source":"rev-proc-2026-14"},"appraiserUrl":"https://maps.property-appraiser.org/?Pin=352733000037300000","source":"osceola-parcels-12097","dataGaps":["Acreage band is county TotalAcres from 5.0 through 150.0 on Parcels FeatureServer/3. This replaces the DOH extract.","Owner, mailing, sale, just value, assessed value, DOR code, and estimated tax come from that parcel layer.","Taxable value is the prior-roll PrevTaxabl field, not a current taxable. EstimatedT is an estimate, not a certified bill.","Q_U is stored on lastSale.qualified and is not used to drop sales.","Zoning is a centroid join to Zoning MapServer/13. Misses fall back to the parcel Zone1 code when that field is set.","FLU is a centroid join to Future Land Use FeatureServer/12. A parcel on a boundary gets one code. St. Cloud zoning and FLU override that join when the city PIN matches. Those city layers are not an Osceola county extract. Winter Springs EnerGov is Seminole and is not used.","Osceola and Lake zoning/FLU codes are not in the Orange zoning or FLU knowledge base, so multifamily filters treat them as unknown.","The appraiser link is the public map Pin URL. The CAMA search site is Cloudflare-gated from some networks. gis.osceola.org has an incomplete certificate chain; JSON queries still work.","OZ 2.0 here is the seven-market rural-eligible tract pack only. Income and AADT are joined at query time, not stored on the tile."]},"geometry":{"type":"Polygon","coordinates":[[[-80.989859,28.089739],[-80.989782,28.089739],[-80.989787,28.09065],[-80.991843,28.090639],[-80.991837,28.089728],[-80.989859,28.089739]]]}},{"type":"Feature","id":"12097:352733000038100000","properties":{"id":"12097:352733000038100000","parcelId":"352733000038100000","countyFips":"12097","countyName":"Osceola","state":"Florida","marketIds":["Orlando"],"situsAddress":"BLUE MOON TRL","situsCity":"SAINT CLOUD","situsZip":"34773","jurisdictionCode":null,"ownerName":"GROENENDYK JOHN RENE","ownerName2":null,"propertyName":null,"zoningCode":"AC","zoningDistrict":"Agricultural","jurisdictionPrefix":null,"dorCode":"0001","acreage":5.02,"acreageSource":"osceola-total-acres","centroid":[-80.982431,28.090084],"lastSale":{"date":"2025-11-22","price":null,"qualified":"U"},"tax":{"marketValue":32000.0,"assessedValue":32000.0,"taxableValue":10890.0,"taxes":32000.0},"mailingAddress":{"line1":"PO BOX 422105","line2":null,"city":"KISSIMMEE","state":"FL","zip":"34742"},"incomeTract":null,"incomeBlockGroup":null,"nearestRoad":null,"flu":{"code":"rural/agricultural","label":"RURAL/AGRICULTURAL","jurisdiction":"Unincorporated","source":"osceola-flu-12"},"opportunityZone":null,"oz2Eligibility":{"eligible":true,"rural":true,"tractGeoid":"12097043802","tractName":"Census Tract 438.02","designation":"eligible-for-nomination","source":"rev-proc-2026-14"},"appraiserUrl":"https://maps.property-appraiser.org/?Pin=352733000038100000","source":"osceola-parcels-12097","dataGaps":["Acreage band is county TotalAcres from 5.0 through 150.0 on Parcels FeatureServer/3. This replaces the DOH extract.","Owner, mailing, sale, just value, assessed value, DOR code, and estimated tax come from that parcel layer.","Taxable value is the prior-roll PrevTaxabl field, not a current taxable. EstimatedT is an estimate, not a certified bill.","Q_U is stored on lastSale.qualified and is not used to drop sales.","Zoning is a centroid join to Zoning MapServer/13. Misses fall back to the parcel Zone1 code when that field is set.","FLU is a centroid join to Future Land Use FeatureServer/12. A parcel on a boundary gets one code. St. Cloud zoning and FLU override that join when the city PIN matches. Those city layers are not an Osceola county extract. Winter Springs EnerGov is Seminole and is not used.","Osceola and Lake zoning/FLU codes are not in the Orange zoning or FLU knowledge base, so multifamily filters treat them as unknown.","The appraiser link is the public map Pin URL. The CAMA search site is Cloudflare-gated from some networks. gis.osceola.org has an incomplete certificate chain; JSON queries still work.","OZ 2.0 here is the seven-market rural-eligible tract pack only. Income and AADT are joined at query time, not stored on the tile."]},"geometry":{"type":"Polygon","coordinates":[[[-80.982588,28.089781],[-80.981637,28.089786],[-80.98156,28.089787],[-80.981565,28.090694],[-80.983621,28.090683],[-80.983615,28.089775],[-80.982588,28.089781]]]}},{"type":"Feature","id":"12097:352733000016900000","properties":{"id":"12097:352733000016900000","parcelId":"352733000016900000","countyFips":"12097","countyName":"Osceola","state":"Florida","marketIds":["Orlando"],"situsAddress":"6125 JOURNIGAN RD","situsCity":"SAINT CLOUD","situsZip":"34773","jurisdictionCode":null,"ownerName":"MCCORMICK RUDOLPH A","ownerName2":null,"propertyName":null,"zoningCode":"AC","zoningDistrict":"Agricultural","jurisdictionPrefix":null,"dorCode":"0111","acreage":5.01,"acreageSource":"osceola-total-acres","centroid":[-80.986855,28.09611],"lastSale":{"date":"2016-06-21","price":30000.0,"qualified":"Q"},"tax":{"marketValue":205400.0,"assessedValue":34143.0,"taxableValue":7310.0,"taxes":9143.0},"mailingAddress":{"line1":"6125 JOURNIGAN RD","line2":null,"city":"SAINT CLOUD","state":"FL","zip":"34773"},"incomeTract":null,"incomeBlockGroup":null,"nearestRoad":null,"flu":{"code":"rural/agricultural","label":"RURAL/AGRICULTURAL","jurisdiction":"Unincorporated","source":"osceola-flu-12"},"opportunityZone":null,"oz2Eligibility":{"eligible":true,"rural":true,"tractGeoid":"12097043802","tractName":"Census Tract 438.02","designation":"eligible-for-nomination","source":"rev-proc-2026-14"},"appraiserUrl":"https://maps.property-appraiser.org/?Pin=352733000016900000","source":"osceola-parcels-12097","dataGaps":["Acreage band is county TotalAcres from 5.0 through 150.0 on Parcels FeatureServer/3. This replaces the DOH extract.","Owner, mailing, sale, just value, assessed value, DOR code, and estimated tax come from that parcel layer.","Taxable value is the prior-roll PrevTaxabl field, not a current taxable. EstimatedT is an estimate, not a certified bill.","Q_U is stored on lastSale.qualified and is not used to drop sales.","Zoning is a centroid join to Zoning MapServer/13. Misses fall back to the parcel Zone1 code when that field is set.","FLU is a centroid join to Future Land Use FeatureServer/12. A parcel on a boundary gets one code. St. Cloud zoning and FLU override that join when the city PIN matches. Those city layers are not an Osceola county extract. Winter Springs EnerGov is Seminole and is not used.","Osceola and Lake zoning/FLU codes are not in the Orange zoning or FLU knowledge base, so multifamily filters treat them as unknown.","The appraiser link is the public map Pin URL. The CAMA search site is Cloudflare-gated from some networks. gis.osceola.org has an incomplete certificate chain; JSON queries still work.","OZ 2.0 here is the seven-market rural-eligible tract pack only. Income and AADT are joined at query time, not stored on the tile."]},"geometry":{"type":"Polygon","coordinates":[[[-80.987684,28.095652],[-80.986733,28.095657],[-80.985706,28.095662],[-80.985711,28.096511],[-80.986739,28.096511],[-80.986739,28.096621],[-80.987767,28.096616],[-80.987761,28.095652],[-80.987684,28.095652]]]}},{"type":"Feature","id":"12097:362733000044300000","properties":{"id":"12097:362733000044300000","parcelId":"362733000044300000","countyFips":"12097","countyName":"Osceola","state":"Florida","marketIds":["Orlando"],"situsAddress":"MUSE RD","situsCity":"SAINT CLOUD","situsZip":"34773-","jurisdictionCode":null,"ownerName":"CALIMAN ELENA A","ownerName2":"RYAN GERALDINE C","propertyName":null,"zoningCode":"AC","zoningDistrict":"Agricultural","jurisdictionPrefix":null,"dorCode":"0001","acreage":5.0,"acreageSource":"osceola-total-acres","centroid":[-80.978592,28.089006],"lastSale":{"date":"1997-04-04","price":null,"qualified":"U"},"tax":{"marketValue":32000.0,"assessedValue":13176.0,"taxableValue":10890.0,"taxes":13176.0},"mailingAddress":{"line1":"907 EGRET CT","line2":null,"city":"EDGEWATER","state":"FL","zip":"32141-4146"},"incomeTract":null,"incomeBlockGroup":null,"nearestRoad":null,"flu":{"code":"rural/agricultural","label":"RURAL/AGRICULTURAL","jurisdiction":"Unincorporated","source":"osceola-flu-12"},"opportunityZone":null,"oz2Eligibility":{"eligible":true,"rural":true,"tractGeoid":"12097043802","tractName":"Census Tract 438.02","designation":"eligible-for-nomination","source":"rev-proc-2026-14"},"appraiserUrl":"https://maps.property-appraiser.org/?Pin=362733000044300000","source":"osceola-parcels-12097","dataGaps":["Acreage band is county TotalAcres from 5.0 through 150.0 on Parcels FeatureServer/3. This replaces the DOH extract.","Owner, mailing, sale, just value, assessed value, DOR code, and estimated tax come from that parcel layer.","Taxable value is the prior-roll PrevTaxabl field, not a current taxable. EstimatedT is an estimate, not a certified bill.","Q_U is stored on lastSale.qualified and is not used to drop sales.","Zoning is a centroid join to Zoning MapServer/13. Misses fall back to the parcel Zone1 code when that field is set.","FLU is a centroid join to Future Land Use FeatureServer/12. A parcel on a boundary gets one code. St. Cloud zoning and FLU override that join when the city PIN matches. Those city layers are not an Osceola county extract. Winter Springs EnerGov is Seminole and is not used.","Osceola and Lake zoning/FLU codes are not in the Orange zoning or FLU knowledge base, so multifamily filters treat them as unknown.","The appraiser link is the public map Pin URL. The CAMA search site is Cloudflare-gated from some networks. gis.osceola.org has an incomplete certificate chain; JSON queries still work.","OZ 2.0 here is the seven-market rural-eligible tract pack only. Income and AADT are joined at query time, not stored on the tile."]},"geometry":{"type":"Polygon","coordinates":[[[-80.979301,28.089366],[-80.979402,28.089366],[-80.979397,28.088464],[-80.97743,28.088466],[-80.97743,28.089368],[-80.979301,28.089366]]]}},{"type":"Feature","id":"12097:2427333410000C0180","properties":{"id":"12097:2427333410000C0180","parcelId":"2427333410000C0180","countyFips":"12097","countyName":"Osceola","state":"Florida","marketIds":["Orlando"],"situsAddress":"BROADSTREAM DR","situsCity":"SAINT CLOUD","situsZip":"34773","jurisdictionCode":null,"ownerName":"ST JOHNS RIVER WATER MGMT DIST","ownerName2":null,"propertyName":null,"zoningCode":"AC","zoningDistrict":"Agricultural","jurisdictionPrefix":null,"dorCode":"8001","acreage":11.703,"acreageSource":"osceola-total-acres","centroid":[-80.971062,28.116776],"lastSale":{"date":null,"price":null,"qualified":"U"},"tax":{"marketValue":140400.0,"assessedValue":116035.0,"taxableValue":0.0,"taxes":0.0},"mailingAddress":{"line1":"ATTN MARY LOU PICKLES, DIR BUDGET&MGMT RPTG","line2":"4049 REID ST, PO BOX 1429","city":"PALATKA","state":"FL","zip":"32178-1429"},"incomeTract":null,"incomeBlockGroup":null,"nearestRoad":null,"flu":{"code":"rural/agricultural","label":"RURAL/AGRICULTURAL","jurisdiction":"Unincorporated","source":"osceola-flu-12"},"opportunityZone":null,"oz2Eligibility":{"eligible":true,"rural":true,"tractGeoid":"12097043802","tractName":"Census Tract 438.02","designation":"eligible-for-nomination","source":"rev-proc-2026-14"},"appraiserUrl":"https://maps.property-appraiser.org/?Pin=2427333410000C0180","source":"osceola-parcels-12097","dataGaps":["Acreage band is county TotalAcres from 5.0 through 150.0 on Parcels FeatureServer/3. This replaces the DOH extract.","Owner, mailing, sale, just value, assessed value, DOR code, and estimated tax come from that parcel layer.","Taxable value is the prior-roll PrevTaxabl field, not a current taxable. EstimatedT is an estimate, not a certified bill.","Q_U is stored on lastSale.qualified and is not used to drop sales.","Zoning is a centroid join to Zoning MapServer/13. Misses fall back to the parcel Zone1 code when that field is set.","FLU is a centroid join to Future Land Use FeatureServer/12. A parcel on a boundary gets one code. St. Cloud zoning and FLU override that join when the city PIN matches. Those city layers are not an Osceola county extract. Winter Springs EnerGov is Seminole and is not used.","Osceola and Lake zoning/FLU codes are not in the Orange zoning or FLU knowledge base, so multifamily filters treat them as unknown.","The appraiser link is the public map Pin URL. The CAMA search site is Cloudflare-gated from some networks. gis.osceola.org has an incomplete certificate chain; JSON queries still work.","OZ 2.0 here is the seven-market rural-eligible tract pack only. Income and AADT are joined at query time, not stored on the tile."]},"geometry":{"type":"Polygon","coordinates":[[[-80.97008,28.115665],[-80.970088,28.117892],[-80.972043,28.117885],[-80.972035,28.115662],[-80.97008,28.115665]]]}},{"type":"Feature","id":"12097:282734000000550000","properties":{"id":"12097:282734000000550000","parcelId":"282734000000550000","countyFips":"12097","countyName":"Osceola","state":"Florida","marketIds":["Orlando"],"situsAddress":"12720 E IRLO BRONSON MEMORIAL HWY","situsCity":"SAINT CLOUD","situsZip":"34773-","jurisdictionCode":null,"ownerName":"KEMPFER CASE H","ownerName2":null,"propertyName":null,"zoningCode":"AC","zoningDistrict":"Agricultural","jurisdictionPrefix":null,"dorCode":"6011","acreage":10.004,"acreageSource":"osceola-total-acres","centroid":[-80.920111,28.109907],"lastSale":{"date":"2021-02-19","price":235000.0,"qualified":"U"},"tax":{"marketValue":295000.0,"assessedValue":168784.0,"taxableValue":110180.0,"taxes":117373.0},"mailingAddress":{"line1":"12720 E IRLO BRONSON MEMORIAL HWY","line2":null,"city":"SAINT CLOUD","state":"FL","zip":"34773"},"incomeTract":null,"incomeBlockGroup":null,"nearestRoad":null,"flu":{"code":"rural/agricultural","label":"RURAL/AGRICULTURAL","jurisdiction":"Unincorporated","source":"osceola-flu-12"},"opportunityZone":null,"oz2Eligibility":{"eligible":true,"rural":true,"tractGeoid":"12097043802","tractName":"Census Tract 438.02","designation":"eligible-for-nomination","source":"rev-proc-2026-14"},"appraiserUrl":"https://maps.property-appraiser.org/?Pin=282734000000550000","source":"osceola-parcels-12097","dataGaps":["Acreage band is county TotalAcres from 5.0 through 150.0 on Parcels FeatureServer/3. This replaces the DOH extract.","Owner, mailing, sale, just value, assessed value, DOR code, and estimated tax come from that parcel layer.","Taxable value is the prior-roll PrevTaxabl field, not a current taxable. EstimatedT is an estimate, not a certified bill.","Q_U is stored on lastSale.qualified and is not used to drop sales.","Zoning is a centroid join to Zoning MapServer/13. Misses fall back to the parcel Zone1 code when that field is set.","FLU is a centroid join to Future Land Use FeatureServer/12. A parcel on a boundary gets one code. St. Cloud zoning and FLU override that join when the city PIN matches. Those city layers are not an Osceola county extract. Winter Springs EnerGov is Seminole and is not used.","Osceola and Lake zoning/FLU codes are not in the Orange zoning or FLU knowledge base, so multifamily filters treat them as unknown.","The appraiser link is the public map Pin URL. The CAMA search site is Cloudflare-gated from some networks. gis.osceola.org has an incomplete certificate chain; JSON queries still work.","OZ 2.0 here is the seven-market rural-eligible tract pack only. Income and AADT are joined at query time, not stored on the tile."]},"geometry":{"type":"Polygon","coordinates":[[[-80.919679,28.111779],[-80.920569,28.112228],[-80.920542,28.108036],[-80.919653,28.107587],[-80.919679,28.111779]]]}},{"type":"Feature","id":"12097:332734000000300000","properties":{"id":"12097:332734000000300000","parcelId":"332734000000300000","countyFips":"12097","countyName":"Osceola","state":"Florida","marketIds":["Orlando"],"situsAddress":null,"situsCity":"SAINT CLOUD","situsZip":"34771","jurisdictionCode":null,"ownerName":"MADDEN ANN KEMPFER","ownerName2":null,"propertyName":null,"zoningCode":"AC","zoningDistrict":"Agricultural","jurisdictionPrefix":null,"dorCode":"6001","acreage":7.02,"acreageSource":"osceola-total-acres","centroid":[-80.91275,28.090613],"lastSale":{"date":"2024-03-22","price":50000.0,"qualified":"Q"},"tax":{"marketValue":56200.0,"assessedValue":1500.0,"taxableValue":1500.0,"taxes":1500.0},"mailingAddress":{"line1":"6254 KEMPFER RD","line2":null,"city":"SAINT CLOUD","state":"FL","zip":"34773"},"incomeTract":null,"incomeBlockGroup":null,"nearestRoad":null,"flu":{"code":"rural/agricultural","label":"RURAL/AGRICULTURAL","jurisdiction":"Unincorporated","source":"osceola-flu-12"},"opportunityZone":null,"oz2Eligibility":{"eligible":true,"rural":true,"tractGeoid":"12097043802","tractName":"Census Tract 438.02","designation":"eligible-for-nomination","source":"rev-proc-2026-14"},"appraiserUrl":"https://maps.property-appraiser.org/?Pin=332734000000300000","source":"osceola-parcels-12097","dataGaps":["Acreage band is county TotalAcres from 5.0 through 150.0 on Parcels FeatureServer/3. This replaces the DOH extract.","Owner, mailing, sale, just value, assessed value, DOR code, and estimated tax come from that parcel layer.","Taxable value is the prior-roll PrevTaxabl field, not a current taxable. EstimatedT is an estimate, not a certified bill.","Q_U is stored on lastSale.qualified and is not used to drop sales.","Zoning is a centroid join to Zoning MapServer/13. Misses fall back to the parcel Zone1 code when that field is set.","FLU is a centroid join to Future Land Use FeatureServer/12. A parcel on a boundary gets one code. St. Cloud zoning and FLU override that join when the city PIN matches. Those city layers are not an Osceola county extract. Winter Springs EnerGov is Seminole and is not used.","Osceola and Lake zoning/FLU codes are not in the Orange zoning or FLU knowledge base, so multifamily filters treat them as unknown.","The appraiser link is the public map Pin URL. The CAMA search site is Cloudflare-gated from some networks. gis.osceola.org has an incomplete certificate chain; JSON queries still work.","OZ 2.0 here is the seven-market rural-eligible tract pack only. Income and AADT are joined at query time, not stored on the tile."]},"geometry":{"type":"Polygon","coordinates":[[[-80.912262,28.089226],[-80.912262,28.089359],[-80.912275,28.091937],[-80.914201,28.091932],[-80.912262,28.089226]]]}},{"type":"Feature","id":"12097:352733000003300000","properties":{"id":"12097:352733000003300000","parcelId":"352733000003300000","countyFips":"12097","countyName":"Osceola","state":"Florida","marketIds":["Orlando"],"situsAddress":"6440 CRABGRASS RD","situsCity":"SAINT CLOUD","situsZip":"34773-","jurisdictionCode":null,"ownerName":"VALDEZ ARLENE","ownerName2":"ARZENO LUIS","propertyName":null,"zoningCode":"AC","zoningDistrict":"Agricultural","jurisdictionPrefix":null,"dorCode":"6011","acreage":9.92,"acreageSource":"osceola-total-acres","centroid":[-80.995257,28.099991],"lastSale":{"date":"2023-01-17","price":490000.0,"qualified":"Q"},"tax":{"marketValue":322900.0,"assessedValue":248400.0,"taxableValue":255700.0,"taxes":248400.0},"mailingAddress":{"line1":"6440 CRABGRASS RD","line2":null,"city":"SAINT CLOUD","state":"FL","zip":"34773"},"incomeTract":null,"incomeBlockGroup":null,"nearestRoad":null,"flu":{"code":"rural/agricultural","label":"RURAL/AGRICULTURAL","jurisdiction":"Unincorporated","source":"osceola-flu-12"},"opportunityZone":null,"oz2Eligibility":{"eligible":true,"rural":true,"tractGeoid":"12097043802","tractName":"Census Tract 438.02","designation":"eligible-for-nomination","source":"rev-proc-2026-14"},"appraiserUrl":"https://maps.property-appraiser.org/?Pin=352733000003300000","source":"osceola-parcels-12097","dataGaps":["Acreage band is county TotalAcres from 5.0 through 150.0 on Parcels FeatureServer/3. This replaces the DOH extract.","Owner, mailing, sale, just value, assessed value, DOR code, and estimated tax come from that parcel layer.","Taxable value is the prior-roll PrevTaxabl field, not a current taxable. EstimatedT is an estimate, not a certified bill.","Q_U is stored on lastSale.qualified and is not used to drop sales.","Zoning is a centroid join to Zoning MapServer/13. Misses fall back to the parcel Zone1 code when that field is set.","FLU is a centroid join to Future Land Use FeatureServer/12. A parcel on a boundary gets one code. St. Cloud zoning and FLU override that join when the city PIN matches. Those city layers are not an Osceola county extract. Winter Springs EnerGov is Seminole and is not used.","Osceola and Lake zoning/FLU codes are not in the Orange zoning or FLU knowledge base, so multifamily filters treat them as unknown.","The appraiser link is the public map Pin URL. The CAMA search site is Cloudflare-gated from some networks. gis.osceola.org has an incomplete certificate chain; JSON queries still work.","OZ 2.0 here is the seven-market rural-eligible tract pack only. Income and AADT are joined at query time, not stored on the tile."]},"geometry":{"type":"Polygon","coordinates":[[[-80.993963,28.101104],[-80.996017,28.101096],[-80.996008,28.099657],[-80.995804,28.099658],[-80.995801,28.099209],[-80.993951,28.099221],[-80.993963,28.101104]]]}},{"type":"Feature","id":"12097:352733000007700000","properties":{"id":"12097:352733000007700000","parcelId":"352733000007700000","countyFips":"12097","countyName":"Osceola","state":"Florida","marketIds":["Orlando"],"situsAddress":"OWENS RD","situsCity":"SAINT CLOUD","situsZip":"34773-","jurisdictionCode":null,"ownerName":"COOK EDWARD J","ownerName2":null,"propertyName":null,"zoningCode":"AC","zoningDistrict":"Agricultural","jurisdictionPrefix":null,"dorCode":"0011","acreage":5.0,"acreageSource":"osceola-total-acres","centroid":[-80.982798,28.098693],"lastSale":{"date":"2005-05-12","price":75000.0,"qualified":"U"},"tax":{"marketValue":75000.0,"assessedValue":22591.0,"taxableValue":18671.0,"taxes":22591.0},"mailingAddress":{"line1":"6700 OWENS RD","line2":null,"city":"SAINT CLOUD","state":"FL","zip":"34773"},"incomeTract":null,"incomeBlockGroup":null,"nearestRoad":null,"flu":{"code":"rural/agricultural","label":"RURAL/AGRICULTURAL","jurisdiction":"Unincorporated","source":"osceola-flu-12"},"opportunityZone":null,"oz2Eligibility":{"eligible":true,"rural":true,"tractGeoid":"12097043802","tractName":"Census Tract 438.02","designation":"eligible-for-nomination","source":"rev-proc-2026-14"},"appraiserUrl":"https://maps.property-appraiser.org/?Pin=352733000007700000","source":"osceola-parcels-12097","dataGaps":["Acreage band is county TotalAcres from 5.0 through 150.0 on Parcels FeatureServer/3. This replaces the DOH extract.","Owner, mailing, sale, just value, assessed value, DOR code, and estimated tax come from that parcel layer.","Taxable value is the prior-roll PrevTaxabl field, not a current taxable. EstimatedT is an estimate, not a certified bill.","Q_U is stored on lastSale.qualified and is not used to drop sales.","Zoning is a centroid join to Zoning MapServer/13. Misses fall back to the parcel Zone1 code when that field is set.","FLU is a centroid join to Future Land Use FeatureServer/12. A parcel on a boundary gets one code. St. Cloud zoning and FLU override that join when the city PIN matches. Those city layers are not an Osceola county extract. Winter Springs EnerGov is Seminole and is not used.","Osceola and Lake zoning/FLU codes are not in the Orange zoning or FLU knowledge base, so multifamily filters treat them as unknown.","The appraiser link is the public map Pin URL. The CAMA search site is Cloudflare-gated from some networks. gis.osceola.org has an incomplete certificate chain; JSON queries still work.","OZ 2.0 here is the seven-market rural-eligible tract pack only. Income and AADT are joined at query time, not stored on the tile."]},"geometry":{"type":"Polygon","coordinates":[[[-80.983588,28.098387],[-80.982638,28.098392],[-80.98161,28.098399],[-80.981616,28.099305],[-80.983671,28.099291],[-80.983666,28.098386],[-80.983588,28.098387]]]}},{"type":"Feature","id":"12097:352733000001100000","properties":{"id":"12097:352733000001100000","parcelId":"352733000001100000","countyFips":"12097","countyName":"Osceola","state":"Florida","marketIds":["Orlando"],"situsAddress":"6688 CRABGRASS RD","situsCity":"SAINT CLOUD","situsZip":"34773-","jurisdictionCode":null,"ownerName":"MALMSBERRY SHAWN L","ownerName2":"MAFFEY SIMONE E","propertyName":null,"zoningCode":"AC","zoningDistrict":"Agricultural","jurisdictionPrefix":null,"dorCode":"0011","acreage":5.16,"acreageSource":"osceola-total-acres","centroid":[-80.984706,28.100505],"lastSale":{"date":"2014-03-20","price":100.0,"qualified":"U"},"tax":{"marketValue":88900.0,"assessedValue":24471.0,"taxableValue":20225.0,"taxes":24471.0},"mailingAddress":{"line1":"305 TANGLE RUN BLVD APT #1234","line2":null,"city":"MELBOURNE","state":"FL","zip":"32940"},"incomeTract":null,"incomeBlockGroup":null,"nearestRoad":null,"flu":{"code":"rural/agricultural","label":"RURAL/AGRICULTURAL","jurisdiction":"Unincorporated","source":"osceola-flu-12"},"opportunityZone":null,"oz2Eligibility":{"eligible":true,"rural":true,"tractGeoid":"12097043802","tractName":"Census Tract 438.02","designation":"eligible-for-nomination","source":"rev-proc-2026-14"},"appraiserUrl":"https://maps.property-appraiser.org/?Pin=352733000001100000","source":"osceola-parcels-12097","dataGaps":["Acreage band is county TotalAcres from 5.0 through 150.0 on Parcels FeatureServer/3. This replaces the DOH extract.","Owner, mailing, sale, just value, assessed value, DOR code, and estimated tax come from that parcel layer.","Taxable value is the prior-roll PrevTaxabl field, not a current taxable. EstimatedT is an estimate, not a certified bill.","Q_U is stored on lastSale.qualified and is not used to drop sales.","Zoning is a centroid join to Zoning MapServer/13. Misses fall back to the parcel Zone1 code when that field is set.","FLU is a centroid join to Future Land Use FeatureServer/12. A parcel on a boundary gets one code. St. Cloud zoning and FLU override that join when the city PIN matches. Those city layers are not an Osceola county extract. Winter Springs EnerGov is Seminole and is not used.","Osceola and Lake zoning/FLU codes are not in the Orange zoning or FLU knowledge base, so multifamily filters treat them as unknown.","The appraiser link is the public map Pin URL. The CAMA search site is Cloudflare-gated from some networks. gis.osceola.org has an incomplete certificate chain; JSON queries still work.","OZ 2.0 here is the seven-market rural-eligible tract pack only. Income and AADT are joined at query time, not stored on the tile."]},"geometry":{"type":"Polygon","coordinates":[[[-80.985655,28.100181],[-80.983754,28.100195],[-80.983677,28.100196],[-80.983682,28.101142],[-80.985738,28.101135],[-80.985732,28.100181],[-80.985655,28.100181]]]}},{"type":"Feature","id":"12097:352733000003200000","properties":{"id":"12097:352733000003200000","parcelId":"352733000003200000","countyFips":"12097","countyName":"Osceola","state":"Florida","marketIds":["Orlando"],"situsAddress":"6010 SHAKEDOWN ST","situsCity":"SAINT CLOUD","situsZip":"34773-","jurisdictionCode":null,"ownerName":"PEDRAZA LUZ M","ownerName2":"PEDRAZA FELIPE","propertyName":null,"zoningCode":"AC","zoningDistrict":"Agricultural","jurisdictionPrefix":null,"dorCode":"0011","acreage":5.0,"acreageSource":"osceola-total-acres","centroid":[-80.980542,28.100217],"lastSale":{"date":"2019-08-09","price":58000.0,"qualified":"Q"},"tax":{"marketValue":73800.0,"assessedValue":41549.0,"taxableValue":34339.0,"taxes":41549.0},"mailingAddress":{"line1":"99 TUXPAN LN","line2":null,"city":"KISSIMMEE","state":"FL","zip":"34743"},"incomeTract":null,"incomeBlockGroup":null,"nearestRoad":null,"flu":{"code":"rural/agricultural","label":"RURAL/AGRICULTURAL","jurisdiction":"Unincorporated","source":"osceola-flu-12"},"opportunityZone":null,"oz2Eligibility":{"eligible":true,"rural":true,"tractGeoid":"12097043802","tractName":"Census Tract 438.02","designation":"eligible-for-nomination","source":"rev-proc-2026-14"},"appraiserUrl":"https://maps.property-appraiser.org/?Pin=352733000003200000","source":"osceola-parcels-12097","dataGaps":["Acreage band is county TotalAcres from 5.0 through 150.0 on Parcels FeatureServer/3. This replaces the DOH extract.","Owner, mailing, sale, just value, assessed value, DOR code, and estimated tax come from that parcel layer.","Taxable value is the prior-roll PrevTaxabl field, not a current taxable. EstimatedT is an estimate, not a certified bill.","Q_U is stored on lastSale.qualified and is not used to drop sales.","Zoning is a centroid join to Zoning MapServer/13. Misses fall back to the parcel Zone1 code when that field is set.","FLU is a centroid join to Future Land Use FeatureServer/12. A parcel on a boundary gets one code. St. Cloud zoning and FLU override that join when the city PIN matches. Those city layers are not an Osceola county extract. Winter Springs EnerGov is Seminole and is not used.","Osceola and Lake zoning/FLU codes are not in the Orange zoning or FLU knowledge base, so multifamily filters treat them as unknown.","The appraiser link is the public map Pin URL. The CAMA search site is Cloudflare-gated from some networks. gis.osceola.org has an incomplete certificate chain; JSON queries still work.","OZ 2.0 here is the seven-market rural-eligible tract pack only. Income and AADT are joined at query time, not stored on the tile."]},"geometry":{"type":"Polygon","coordinates":[[[-80.981624,28.100663],[-80.981618,28.099758],[-80.97946,28.099771],[-80.979465,28.100678],[-80.981624,28.100663]]]}},{"type":"Feature","id":"12097:352733000003800000","properties":{"id":"12097:352733000003800000","parcelId":"352733000003800000","countyFips":"12097","countyName":"Osceola","state":"Florida","marketIds":["Orlando"],"situsAddress":"6020 CAMP CYPRESS RD","situsCity":"SAINT CLOUD","situsZip":"34773","jurisdictionCode":null,"ownerName":"HEMPHILL GEORGE","ownerName2":"HEMPHILL RITA E","propertyName":null,"zoningCode":"AC","zoningDistrict":"Agricultural","jurisdictionPrefix":null,"dorCode":"0211","acreage":7.67,"acreageSource":"osceola-total-acres","centroid":[-80.991008,28.100302],"lastSale":{"date":"2014-01-18","price":7000.0,"qualified":"U"},"tax":{"marketValue":230600.0,"assessedValue":75336.0,"taxableValue":25000.0,"taxes":25000.0},"mailingAddress":{"line1":"6020 CAMP CYPRESS RD","line2":null,"city":"SAINT CLOUD","state":"FL","zip":"34773"},"incomeTract":null,"incomeBlockGroup":null,"nearestRoad":null,"flu":{"code":"rural/agricultural","label":"RURAL/AGRICULTURAL","jurisdiction":"Unincorporated","source":"osceola-flu-12"},"opportunityZone":null,"oz2Eligibility":{"eligible":true,"rural":true,"tractGeoid":"12097043802","tractName":"Census Tract 438.02","designation":"eligible-for-nomination","source":"rev-proc-2026-14"},"appraiserUrl":"https://maps.property-appraiser.org/?Pin=352733000003800000","source":"osceola-parcels-12097","dataGaps":["Acreage band is county TotalAcres from 5.0 through 150.0 on Parcels FeatureServer/3. This replaces the DOH extract.","Owner, mailing, sale, just value, assessed value, DOR code, and estimated tax come from that parcel layer.","Taxable value is the prior-roll PrevTaxabl field, not a current taxable. EstimatedT is an estimate, not a certified bill.","Q_U is stored on lastSale.qualified and is not used to drop sales.","Zoning is a centroid join to Zoning MapServer/13. Misses fall back to the parcel Zone1 code when that field is set.","FLU is a centroid join to Future Land Use FeatureServer/12. A parcel on a boundary gets one code. St. Cloud zoning and FLU override that join when the city PIN matches. Those city layers are not an Osceola county extract. Winter Springs EnerGov is Seminole and is not used.","Osceola and Lake zoning/FLU codes are not in the Orange zoning or FLU knowledge base, so multifamily filters treat them as unknown.","The appraiser link is the public map Pin URL. The CAMA search site is Cloudflare-gated from some networks. gis.osceola.org has an incomplete certificate chain; JSON queries still work.","OZ 2.0 here is the seven-market rural-eligible tract pack only. Income and AADT are joined at query time, not stored on the tile."]},"geometry":{"type":"Polygon","coordinates":[[[-80.989849,28.101119],[-80.991828,28.101112],[-80.991905,28.101112],[-80.991899,28.100136],[-80.990872,28.100144],[-80.990866,28.099242],[-80.989838,28.099249],[-80.989849,28.101119]]]}},{"type":"Feature","id":"12097:352733000003900000","properties":{"id":"12097:352733000003900000","parcelId":"352733000003900000","countyFips":"12097","countyName":"Osceola","state":"Florida","marketIds":["Orlando"],"situsAddress":"6560 CRABGRASS RD","situsCity":"SAINT CLOUD","situsZip":"34773-","jurisdictionCode":null,"ownerName":"ROGGE DEBORAH D","ownerName2":"ROGGE CLIFFORD A","propertyName":null,"zoningCode":"AC","zoningDistrict":"Agricultural","jurisdictionPrefix":null,"dorCode":"0211","acreage":11.41,"acreageSource":"osceola-total-acres","centroid":[-80.988709,28.099873],"lastSale":{"date":"2025-11-01","price":100.0,"qualified":"U"},"tax":{"marketValue":184900.0,"assessedValue":105262.0,"taxableValue":49607.0,"taxes":53851.0},"mailingAddress":{"line1":"6560 CRABGRASS RD","line2":null,"city":"SAINT CLOUD","state":"FL","zip":"34773-9234"},"incomeTract":null,"incomeBlockGroup":null,"nearestRoad":null,"flu":{"code":"rural/agricultural","label":"RURAL/AGRICULTURAL","jurisdiction":"Unincorporated","source":"osceola-flu-12"},"opportunityZone":null,"oz2Eligibility":{"eligible":true,"rural":true,"tractGeoid":"12097043802","tractName":"Census Tract 438.02","designation":"eligible-for-nomination","source":"rev-proc-2026-14"},"appraiserUrl":"https://maps.property-appraiser.org/?Pin=352733000003900000","source":"osceola-parcels-12097","dataGaps":["Acreage band is county TotalAcres from 5.0 through 150.0 on Parcels FeatureServer/3. This replaces the DOH extract.","Owner, mailing, sale, just value, assessed value, DOR code, and estimated tax come from that parcel layer.","Taxable value is the prior-roll PrevTaxabl field, not a current taxable. EstimatedT is an estimate, not a certified bill.","Q_U is stored on lastSale.qualified and is not used to drop sales.","Zoning is a centroid join to Zoning MapServer/13. Misses fall back to the parcel Zone1 code when that field is set.","FLU is a centroid join to Future Land Use FeatureServer/12. A parcel on a boundary gets one code. St. Cloud zoning and FLU override that join when the city PIN matches. Those city layers are not an Osceola county extract. Winter Springs EnerGov is Seminole and is not used.","Osceola and Lake zoning/FLU codes are not in the Orange zoning or FLU knowledge base, so multifamily filters treat them as unknown.","The appraiser link is the public map Pin URL. The CAMA search site is Cloudflare-gated from some networks. gis.osceola.org has an incomplete certificate chain; JSON queries still work.","OZ 2.0 here is the seven-market rural-eligible tract pack only. Income and AADT are joined at query time, not stored on the tile."]},"geometry":{"type":"MultiPolygon","coordinates":[[[[-80.987866,28.100165],[-80.988816,28.100159],[-80.988822,28.101123],[-80.989849,28.101119],[-80.989836,28.098798],[-80.988808,28.098805],[-80.98881,28.099256],[-80.987783,28.099263],[-80.987788,28.100166],[-80.987866,28.100165]]],[[[-80.987788,28.100166],[-80.98771,28.100167],[-80.98676,28.100173],[-80.986766,28.101131],[-80.987794,28.101127],[-80.987788,28.100166]]]]}},{"type":"Feature","id":"12097:362733000023700000","properties":{"id":"12097:362733000023700000","parcelId":"362733000023700000","countyFips":"12097","countyName":"Osceola","state":"Florida","marketIds":["Orlando"],"situsAddress":"7265 POWERS RD","situsCity":"SAINT CLOUD","situsZip":"34773-","jurisdictionCode":null,"ownerName":"CURRY WESTON","ownerName2":"CURRY KALIE","propertyName":null,"zoningCode":"AC","zoningDistrict":"Agricultural","jurisdictionPrefix":null,"dorCode":"0011","acreage":6.26,"acreageSource":"osceola-total-acres","centroid":[-80.962946,28.094921],"lastSale":{"date":"2019-08-22","price":20000.0,"qualified":"U"},"tax":{"marketValue":61700.0,"assessedValue":13802.0,"taxableValue":11408.0,"taxes":13802.0},"mailingAddress":{"line1":"7125 CRABGRASS RD","line2":null,"city":"SAINT CLOUD","state":"FL","zip":"34773"},"incomeTract":null,"incomeBlockGroup":null,"nearestRoad":null,"flu":{"code":"rural/agricultural","label":"RURAL/AGRICULTURAL","jurisdiction":"Unincorporated","source":"osceola-flu-12"},"opportunityZone":null,"oz2Eligibility":{"eligible":true,"rural":true,"tractGeoid":"12097043802","tractName":"Census Tract 438.02","designation":"eligible-for-nomination","source":"rev-proc-2026-14"},"appraiserUrl":"https://maps.property-appraiser.org/?Pin=362733000023700000","source":"osceola-parcels-12097","dataGaps":["Acreage band is county TotalAcres from 5.0 through 150.0 on Parcels FeatureServer/3. This replaces the DOH extract.","Owner, mailing, sale, just value, assessed value, DOR code, and estimated tax come from that parcel layer.","Taxable value is the prior-roll PrevTaxabl field, not a current taxable. EstimatedT is an estimate, not a certified bill.","Q_U is stored on lastSale.qualified and is not used to drop sales.","Zoning is a centroid join to Zoning MapServer/13. Misses fall back to the parcel Zone1 code when that field is set.","FLU is a centroid join to Future Land Use FeatureServer/12. A parcel on a boundary gets one code. St. Cloud zoning and FLU override that join when the city PIN matches. Those city layers are not an Osceola county extract. Winter Springs EnerGov is Seminole and is not used.","Osceola and Lake zoning/FLU codes are not in the Orange zoning or FLU knowledge base, so multifamily filters treat them as unknown.","The appraiser link is the public map Pin URL. The CAMA search site is Cloudflare-gated from some networks. gis.osceola.org has an incomplete certificate chain; JSON queries still work.","OZ 2.0 here is the seven-market rural-eligible tract pack only. Income and AADT are joined at query time, not stored on the tile."]},"geometry":{"type":"Polygon","coordinates":[[[-80.963213,28.095284],[-80.964156,28.09528],[-80.964154,28.094372],[-80.961602,28.094382],[-80.961603,28.095289],[-80.963213,28.095284]]]}},{"type":"Feature","id":"12097:362733000024300000","properties":{"id":"12097:362733000024300000","parcelId":"362733000024300000","countyFips":"12097","countyName":"Osceola","state":"Florida","marketIds":["Orlando"],"situsAddress":"6797 CHAD JASON RD","situsCity":"SAINT CLOUD","situsZip":"34773-","jurisdictionCode":null,"ownerName":"PIPER BRIAN","ownerName2":"PIPER DEBRA","propertyName":null,"zoningCode":"AC","zoningDistrict":"Agricultural","jurisdictionPrefix":null,"dorCode":"0001","acreage":5.0,"acreageSource":"osceola-total-acres","centroid":[-80.974366,28.094342],"lastSale":{"date":"2022-03-10","price":130000.0,"qualified":"Q"},"tax":{"marketValue":72000.0,"assessedValue":72000.0,"taxableValue":66000.0,"taxes":72000.0},"mailingAddress":{"line1":"1815 MICHIGAN AVE APT D","line2":null,"city":"KISSIMMEE","state":"FL","zip":"34744"},"incomeTract":null,"incomeBlockGroup":null,"nearestRoad":null,"flu":{"code":"rural/agricultural","label":"RURAL/AGRICULTURAL","jurisdiction":"Unincorporated","source":"osceola-flu-12"},"opportunityZone":null,"oz2Eligibility":{"eligible":true,"rural":true,"tractGeoid":"12097043802","tractName":"Census Tract 438.02","designation":"eligible-for-nomination","source":"rev-proc-2026-14"},"appraiserUrl":"https://maps.property-appraiser.org/?Pin=362733000024300000","source":"osceola-parcels-12097","dataGaps":["Acreage band is county TotalAcres from 5.0 through 150.0 on Parcels FeatureServer/3. This replaces the DOH extract.","Owner, mailing, sale, just value, assessed value, DOR code, and estimated tax come from that parcel layer.","Taxable value is the prior-roll PrevTaxabl field, not a current taxable. EstimatedT is an estimate, not a certified bill.","Q_U is stored on lastSale.qualified and is not used to drop sales.","Zoning is a centroid join to Zoning MapServer/13. Misses fall back to the parcel Zone1 code when that field is set.","FLU is a centroid join to Future Land Use FeatureServer/12. A parcel on a boundary gets one code. St. Cloud zoning and FLU override that join when the city PIN matches. Those city layers are not an Osceola county extract. Winter Springs EnerGov is Seminole and is not used.","Osceola and Lake zoning/FLU codes are not in the Orange zoning or FLU knowledge base, so multifamily filters treat them as unknown.","The appraiser link is the public map Pin URL. The CAMA search site is Cloudflare-gated from some networks. gis.osceola.org has an incomplete certificate chain; JSON queries still work.","OZ 2.0 here is the seven-market rural-eligible tract pack only. Income and AADT are joined at query time, not stored on the tile."]},"geometry":{"type":"Polygon","coordinates":[[[-80.973344,28.0939],[-80.973345,28.094792],[-80.975387,28.094785],[-80.975387,28.093892],[-80.973344,28.0939]]]}},{"type":"Feature","id":"12097:2427333410000D0280","properties":{"id":"12097:2427333410000D0280","parcelId":"2427333410000D0280","countyFips":"12097","countyName":"Osceola","state":"Florida","marketIds":["Orlando"],"situsAddress":"11450 BROADSTREAM DR","situsCity":"SAINT CLOUD","situsZip":"34773","jurisdictionCode":null,"ownerName":"HENDRICKS CHARLES TODD","ownerName2":"HENDRICKS ALEXANDRA","propertyName":null,"zoningCode":"AC","zoningDistrict":"Agricultural","jurisdictionPrefix":null,"dorCode":"0111","acreage":11.959,"acreageSource":"osceola-total-acres","centroid":[-80.973039,28.116771],"lastSale":{"date":"2020-12-09","price":100.0,"qualified":"U"},"tax":{"marketValue":316100.0,"assessedValue":202903.0,"taxableValue":0.0,"taxes":0.0},"mailingAddress":{"line1":"11450 BROADSTREAM DR","line2":null,"city":"SAINT CLOUD","state":"FL","zip":"34773"},"incomeTract":null,"incomeBlockGroup":null,"nearestRoad":null,"flu":{"code":"rural/agricultural","label":"RURAL/AGRICULTURAL","jurisdiction":"Unincorporated","source":"osceola-flu-12"},"opportunityZone":null,"oz2Eligibility":{"eligible":true,"rural":true,"tractGeoid":"12097043802","tractName":"Census Tract 438.02","designation":"eligible-for-nomination","source":"rev-proc-2026-14"},"appraiserUrl":"https://maps.property-appraiser.org/?Pin=2427333410000D0280","source":"osceola-parcels-12097","dataGaps":["Acreage band is county TotalAcres from 5.0 through 150.0 on Parcels FeatureServer/3. This replaces the DOH extract.","Owner, mailing, sale, just value, assessed value, DOR code, and estimated tax come from that parcel layer.","Taxable value is the prior-roll PrevTaxabl field, not a current taxable. EstimatedT is an estimate, not a certified bill.","Q_U is stored on lastSale.qualified and is not used to drop sales.","Zoning is a centroid join to Zoning MapServer/13. Misses fall back to the parcel Zone1 code when that field is set.","FLU is a centroid join to Future Land Use FeatureServer/12. A parcel on a boundary gets one code. St. Cloud zoning and FLU override that join when the city PIN matches. Those city layers are not an Osceola county extract. Winter Springs EnerGov is Seminole and is not used.","Osceola and Lake zoning/FLU codes are not in the Orange zoning or FLU knowledge base, so multifamily filters treat them as unknown.","The appraiser link is the public map Pin URL. The CAMA search site is Cloudflare-gated from some networks. gis.osceola.org has an incomplete certificate chain; JSON queries still work.","OZ 2.0 here is the seven-market rural-eligible tract pack only. Income and AADT are joined at query time, not stored on the tile."]},"geometry":{"type":"Polygon","coordinates":[[[-80.972035,28.115662],[-80.972043,28.117885],[-80.974044,28.117878],[-80.974036,28.11566],[-80.972035,28.115662]]]}},{"type":"Feature","id":"12097:2427333410000E0230","properties":{"id":"12097:2427333410000E0230","parcelId":"2427333410000E0230","countyFips":"12097","countyName":"Osceola","state":"Florida","marketIds":["Orlando"],"situsAddress":"OSCEOLA DR","situsCity":"SAINT CLOUD","situsZip":"34773","jurisdictionCode":null,"ownerName":"MONTERO JOSEPH","ownerName2":"MONTERO JAMAL L","propertyName":null,"zoningCode":"AC","zoningDistrict":"Agricultural","jurisdictionPrefix":null,"dorCode":"9902","acreage":24.891,"acreageSource":"osceola-total-acres","centroid":[-80.977381,28.117054],"lastSale":{"date":"2016-06-23","price":100.0,"qualified":"U"},"tax":{"marketValue":149300.0,"assessedValue":123476.0,"taxableValue":102047.0,"taxes":123476.0},"mailingAddress":{"line1":"5500 OSCEOLA DR","line2":null,"city":"SAINT CLOUD","state":"FL","zip":"34769"},"incomeTract":null,"incomeBlockGroup":null,"nearestRoad":null,"flu":{"code":"rural/agricultural","label":"RURAL/AGRICULTURAL","jurisdiction":"Unincorporated","source":"osceola-flu-12"},"opportunityZone":null,"oz2Eligibility":{"eligible":true,"rural":true,"tractGeoid":"12097043802","tractName":"Census Tract 438.02","designation":"eligible-for-nomination","source":"rev-proc-2026-14"},"appraiserUrl":"https://maps.property-appraiser.org/?Pin=2427333410000E0230","source":"osceola-parcels-12097","dataGaps":["Acreage band is county TotalAcres from 5.0 through 150.0 on Parcels FeatureServer/3. This replaces the DOH extract.","Owner, mailing, sale, just value, assessed value, DOR code, and estimated tax come from that parcel layer.","Taxable value is the prior-roll PrevTaxabl field, not a current taxable. EstimatedT is an estimate, not a certified bill.","Q_U is stored on lastSale.qualified and is not used to drop sales.","Zoning is a centroid join to Zoning MapServer/13. Misses fall back to the parcel Zone1 code when that field is set.","FLU is a centroid join to Future Land Use FeatureServer/12. A parcel on a boundary gets one code. St. Cloud zoning and FLU override that join when the city PIN matches. Those city layers are not an Osceola county extract. Winter Springs EnerGov is Seminole and is not used.","Osceola and Lake zoning/FLU codes are not in the Orange zoning or FLU knowledge base, so multifamily filters treat them as unknown.","The appraiser link is the public map Pin URL. The CAMA search site is Cloudflare-gated from some networks. gis.osceola.org has an incomplete certificate chain; JSON queries still work.","OZ 2.0 here is the seven-market rural-eligible tract pack only. Income and AADT are joined at query time, not stored on the tile."]},"geometry":{"type":"Polygon","coordinates":[[[-80.976229,28.117023],[-80.976234,28.118489],[-80.979552,28.118479],[-80.979569,28.115654],[-80.976348,28.115657],[-80.976353,28.117023],[-80.976229,28.117023]]]}},{"type":"Feature","id":"12097:252733000000100000","properties":{"id":"12097:252733000000100000","parcelId":"252733000000100000","countyFips":"12097","countyName":"Osceola","state":"Florida","marketIds":["Orlando"],"situsAddress":null,"situsCity":"SAINT CLOUD","situsZip":"34771","jurisdictionCode":null,"ownerName":"ST JOHNS RIVER WATER MGMT DIST","ownerName2":null,"propertyName":null,"zoningCode":"AC","zoningDistrict":"Agricultural","jurisdictionPrefix":null,"dorCode":"8001","acreage":71.831,"acreageSource":"osceola-total-acres","centroid":[-80.963929,28.111853],"lastSale":{"date":null,"price":null,"qualified":"U"},"tax":{"marketValue":359200.0,"assessedValue":359200.0,"taxableValue":0.0,"taxes":0.0},"mailingAddress":{"line1":"ATTN MARY LOU PICKLES, DIR BUDGET&MGMT RPTG","line2":"4049 REID ST, PO BOX 1429","city":"PALATKA","state":"FL","zip":"32178-1429"},"incomeTract":null,"incomeBlockGroup":null,"nearestRoad":null,"flu":{"code":"conservation","label":"CONSERVATION","jurisdiction":"Unincorporated","source":"osceola-flu-12"},"opportunityZone":null,"oz2Eligibility":{"eligible":true,"rural":true,"tractGeoid":"12097043802","tractName":"Census Tract 438.02","designation":"eligible-for-nomination","source":"rev-proc-2026-14"},"appraiserUrl":"https://maps.property-appraiser.org/?Pin=252733000000100000","source":"osceola-parcels-12097","dataGaps":["Acreage band is county TotalAcres from 5.0 through 150.0 on Parcels FeatureServer/3. This replaces the DOH extract.","Owner, mailing, sale, just value, assessed value, DOR code, and estimated tax come from that parcel layer.","Taxable value is the prior-roll PrevTaxabl field, not a current taxable. EstimatedT is an estimate, not a certified bill.","Q_U is stored on lastSale.qualified and is not used to drop sales.","Zoning is a centroid join to Zoning MapServer/13. Misses fall back to the parcel Zone1 code when that field is set.","FLU is a centroid join to Future Land Use FeatureServer/12. A parcel on a boundary gets one code. St. Cloud zoning and FLU override that join when the city PIN matches. Those city layers are not an Osceola county extract. Winter Springs EnerGov is Seminole and is not used.","Osceola and Lake zoning/FLU codes are not in the Orange zoning or FLU knowledge base, so multifamily filters treat them as unknown.","The appraiser link is the public map Pin URL. The CAMA search site is Cloudflare-gated from some networks. gis.osceola.org has an incomplete certificate chain; JSON queries still work.","OZ 2.0 here is the seven-market rural-eligible tract pack only. Income and AADT are joined at query time, not stored on the tile."]},"geometry":{"type":"Polygon","coordinates":[[[-80.96161,28.115678],[-80.963659,28.115675],[-80.967261,28.115669],[-80.967256,28.111526],[-80.965682,28.111775],[-80.964178,28.11139],[-80.963945,28.110413],[-80.963635,28.110166],[-80.963247,28.110097],[-80.962704,28.110358],[-80.962363,28.110275],[-80.961604,28.109216],[-80.96161,28.115678]]]}},{"type":"Feature","id":"12097:252733000000500000","properties":{"id":"12097:252733000000500000","parcelId":"252733000000500000","countyFips":"12097","countyName":"Osceola","state":"Florida","marketIds":["Orlando"],"situsAddress":"7101 CRABGRASS RD","situsCity":"SAINT CLOUD","situsZip":"34771","jurisdictionCode":null,"ownerName":"PEEPLES DAVID G","ownerName2":null,"propertyName":null,"zoningCode":"AC","zoningDistrict":"Agricultural","jurisdictionPrefix":null,"dorCode":"9911","acreage":25.639,"acreageSource":"osceola-total-acres","centroid":[-80.969881,28.109953],"lastSale":{"date":"2010-04-30","price":null,"qualified":"U"},"tax":{"marketValue":295000.0,"assessedValue":42677.0,"taxableValue":35271.0,"taxes":42677.0},"mailingAddress":{"line1":"5340 ALLIGATOR LAKE RD","line2":null,"city":"SAINT CLOUD","state":"FL","zip":"34772"},"incomeTract":null,"incomeBlockGroup":null,"nearestRoad":null,"flu":{"code":"rural/agricultural","label":"RURAL/AGRICULTURAL","jurisdiction":"Unincorporated","source":"osceola-flu-12"},"opportunityZone":null,"oz2Eligibility":{"eligible":true,"rural":true,"tractGeoid":"12097043802","tractName":"Census Tract 438.02","designation":"eligible-for-nomination","source":"rev-proc-2026-14"},"appraiserUrl":"https://maps.property-appraiser.org/?Pin=252733000000500000","source":"osceola-parcels-12097","dataGaps":["Acreage band is county TotalAcres from 5.0 through 150.0 on Parcels FeatureServer/3. This replaces the DOH extract.","Owner, mailing, sale, just value, assessed value, DOR code, and estimated tax come from that parcel layer.","Taxable value is the prior-roll PrevTaxabl field, not a current taxable. EstimatedT is an estimate, not a certified bill.","Q_U is stored on lastSale.qualified and is not used to drop sales.","Zoning is a centroid join to Zoning MapServer/13. Misses fall back to the parcel Zone1 code when that field is set.","FLU is a centroid join to Future Land Use FeatureServer/12. A parcel on a boundary gets one code. St. Cloud zoning and FLU override that join when the city PIN matches. Those city layers are not an Osceola county extract. Winter Springs EnerGov is Seminole and is not used.","Osceola and Lake zoning/FLU codes are not in the Orange zoning or FLU knowledge base, so multifamily filters treat them as unknown.","The appraiser link is the public map Pin URL. The CAMA search site is Cloudflare-gated from some networks. gis.osceola.org has an incomplete certificate chain; JSON queries still work.","OZ 2.0 here is the seven-market rural-eligible tract pack only. Income and AADT are joined at query time, not stored on the tile."]},"geometry":{"type":"Polygon","coordinates":[[[-80.967252,28.108391],[-80.967256,28.111526],[-80.969329,28.110953],[-80.969857,28.110692],[-80.970369,28.110239],[-80.970865,28.109166],[-80.971305,28.110087],[-80.971348,28.110135],[-80.971345,28.108388],[-80.967252,28.108391]]]}},{"type":"Feature","id":"12097:252733000000800000","properties":{"id":"12097:252733000000800000","parcelId":"252733000000800000","countyFips":"12097","countyName":"Osceola","state":"Florida","marketIds":["Orlando"],"situsAddress":null,"situsCity":"SAINT CLOUD","situsZip":"34771","jurisdictionCode":null,"ownerName":"ST JOHNS RIVER WATER MGMT DIST","ownerName2":null,"propertyName":null,"zoningCode":"AC","zoningDistrict":"Agricultural","jurisdictionPrefix":null,"dorCode":"8001","acreage":14.879,"acreageSource":"osceola-total-acres","centroid":[-80.969882,28.11077],"lastSale":{"date":null,"price":null,"qualified":"U"},"tax":{"marketValue":74400.0,"assessedValue":74400.0,"taxableValue":0.0,"taxes":0.0},"mailingAddress":{"line1":"ATTN MARY LOU PICKLES, DIR BUDGET&MGMT RPTG","line2":"4049 REID ST, PO BOX 1429","city":"PALATKA","state":"FL","zip":"32178-1429"},"incomeTract":null,"incomeBlockGroup":null,"nearestRoad":null,"flu":{"code":"conservation","label":"CONSERVATION","jurisdiction":"Unincorporated","source":"osceola-flu-12"},"opportunityZone":null,"oz2Eligibility":{"eligible":true,"rural":true,"tractGeoid":"12097043802","tractName":"Census Tract 438.02","designation":"eligible-for-nomination","source":"rev-proc-2026-14"},"appraiserUrl":"https://maps.property-appraiser.org/?Pin=252733000000800000","source":"osceola-parcels-12097","dataGaps":["Acreage band is county TotalAcres from 5.0 through 150.0 on Parcels FeatureServer/3. This replaces the DOH extract.","Owner, mailing, sale, just value, assessed value, DOR code, and estimated tax come from that parcel layer.","Taxable value is the prior-roll PrevTaxabl field, not a current taxable. EstimatedT is an estimate, not a certified bill.","Q_U is stored on lastSale.qualified and is not used to drop sales.","Zoning is a centroid join to Zoning MapServer/13. Misses fall back to the parcel Zone1 code when that field is set.","FLU is a centroid join to Future Land Use FeatureServer/12. A parcel on a boundary gets one code. St. Cloud zoning and FLU override that join when the city PIN matches. Those city layers are not an Osceola county extract. Winter Springs EnerGov is Seminole and is not used.","Osceola and Lake zoning/FLU codes are not in the Orange zoning or FLU knowledge base, so multifamily filters treat them as unknown.","The appraiser link is the public map Pin URL. The CAMA search site is Cloudflare-gated from some networks. gis.osceola.org has an incomplete certificate chain; JSON queries still work.","OZ 2.0 here is the seven-market rural-eligible tract pack only. Income and AADT are joined at query time, not stored on the tile."]},"geometry":{"type":"Polygon","coordinates":[[[-80.967256,28.111526],[-80.967256,28.11207],[-80.971351,28.112066],[-80.971348,28.110135],[-80.971305,28.110087],[-80.970865,28.109166],[-80.970369,28.110239],[-80.969857,28.110692],[-80.969329,28.110953],[-80.967256,28.111526]]]}},{"type":"Feature","id":"12097:252733000000900000","properties":{"id":"12097:252733000000900000","parcelId":"252733000000900000","countyFips":"12097","countyName":"Osceola","state":"Florida","marketIds":["Orlando"],"situsAddress":null,"situsCity":"SAINT CLOUD","situsZip":"34771","jurisdictionCode":null,"ownerName":"ST JOHNS RIVER WATER MGMT DIST","ownerName2":null,"propertyName":null,"zoningCode":"AC","zoningDistrict":"Agricultural","jurisdictionPrefix":null,"dorCode":"8001","acreage":83.401,"acreageSource":"osceola-total-acres","centroid":[-80.974781,28.112391],"lastSale":{"date":null,"price":null,"qualified":"U"},"tax":{"marketValue":417000.0,"assessedValue":417000.0,"taxableValue":0.0,"taxes":0.0},"mailingAddress":{"line1":"ATTN MARY LOU PICKLES, DIR BUDGET&MGMT RPTG","line2":"4049 REID ST, PO BOX 1429","city":"PALATKA","state":"FL","zip":"32178-1429"},"incomeTract":null,"incomeBlockGroup":null,"nearestRoad":null,"flu":{"code":"conservation","label":"CONSERVATION","jurisdiction":"Unincorporated","source":"osceola-flu-12"},"opportunityZone":null,"oz2Eligibility":{"eligible":true,"rural":true,"tractGeoid":"12097043802","tractName":"Census Tract 438.02","designation":"eligible-for-nomination","source":"rev-proc-2026-14"},"appraiserUrl":"https://maps.property-appraiser.org/?Pin=252733000000900000","source":"osceola-parcels-12097","dataGaps":["Acreage band is county TotalAcres from 5.0 through 150.0 on Parcels FeatureServer/3. This replaces the DOH extract.","Owner, mailing, sale, just value, assessed value, DOR code, and estimated tax come from that parcel layer.","Taxable value is the prior-roll PrevTaxabl field, not a current taxable. EstimatedT is an estimate, not a certified bill.","Q_U is stored on lastSale.qualified and is not used to drop sales.","Zoning is a centroid join to Zoning MapServer/13. Misses fall back to the parcel Zone1 code when that field is set.","FLU is a centroid join to Future Land Use FeatureServer/12. A parcel on a boundary gets one code. St. Cloud zoning and FLU override that join when the city PIN matches. Those city layers are not an Osceola county extract. Winter Springs EnerGov is Seminole and is not used.","Osceola and Lake zoning/FLU codes are not in the Orange zoning or FLU knowledge base, so multifamily filters treat them as unknown.","The appraiser link is the public map Pin URL. The CAMA search site is Cloudflare-gated from some networks. gis.osceola.org has an incomplete certificate chain; JSON queries still work.","OZ 2.0 here is the seven-market rural-eligible tract pack only. Income and AADT are joined at query time, not stored on the tile."]},"geometry":{"type":"Polygon","coordinates":[[[-80.971351,28.112066],[-80.971357,28.115663],[-80.979569,28.115654],[-80.979546,28.112452],[-80.97806,28.111806],[-80.976865,28.112067],[-80.976074,28.112342],[-80.974833,28.112286],[-80.973872,28.112094],[-80.972553,28.111323],[-80.971949,28.110801],[-80.971348,28.110135],[-80.971351,28.112066]]]}},{"type":"Feature","id":"12097:362733000025100000","properties":{"id":"12097:362733000025100000","parcelId":"362733000025100000","countyFips":"12097","countyName":"Osceola","state":"Florida","marketIds":["Orlando"],"situsAddress":"BOGGY RD","situsCity":"SAINT CLOUD","situsZip":"34773-","jurisdictionCode":null,"ownerName":"REYNOLDS ROY L","ownerName2":null,"propertyName":null,"zoningCode":"AC","zoningDistrict":"Agricultural","jurisdictionPrefix":null,"dorCode":"0011","acreage":5.0,"acreageSource":"osceola-total-acres","centroid":[-80.966385,28.094461],"lastSale":{"date":"2022-02-22","price":100.0,"qualified":"U"},"tax":{"marketValue":110300.0,"assessedValue":22065.0,"taxableValue":16336.0,"taxes":22065.0},"mailingAddress":{"line1":"7390 E IRLO BRONSON MEMORIAL HWY","line2":null,"city":"SAINT CLOUD","state":"FL","zip":"34771"},"incomeTract":null,"incomeBlockGroup":null,"nearestRoad":null,"flu":{"code":"rural/agricultural","label":"RURAL/AGRICULTURAL","jurisdiction":"Unincorporated","source":"osceola-flu-12"},"opportunityZone":null,"oz2Eligibility":{"eligible":true,"rural":true,"tractGeoid":"12097043802","tractName":"Census Tract 438.02","designation":"eligible-for-nomination","source":"rev-proc-2026-14"},"appraiserUrl":"https://maps.property-appraiser.org/?Pin=362733000025100000","source":"osceola-parcels-12097","dataGaps":["Acreage band is county TotalAcres from 5.0 through 150.0 on Parcels FeatureServer/3. This replaces the DOH extract.","Owner, mailing, sale, just value, assessed value, DOR code, and estimated tax come from that parcel layer.","Taxable value is the prior-roll PrevTaxabl field, not a current taxable. EstimatedT is an estimate, not a certified bill.","Q_U is stored on lastSale.qualified and is not used to drop sales.","Zoning is a centroid join to Zoning MapServer/13. Misses fall back to the parcel Zone1 code when that field is set.","FLU is a centroid join to Future Land Use FeatureServer/12. A parcel on a boundary gets one code. St. Cloud zoning and FLU override that join when the city PIN matches. Those city layers are not an Osceola county extract. Winter Springs EnerGov is Seminole and is not used.","Osceola and Lake zoning/FLU codes are not in the Orange zoning or FLU knowledge base, so multifamily filters treat them as unknown.","The appraiser link is the public map Pin URL. The CAMA search site is Cloudflare-gated from some networks. gis.osceola.org has an incomplete certificate chain; JSON queries still work.","OZ 2.0 here is the seven-market rural-eligible tract pack only. Income and AADT are joined at query time, not stored on the tile."]},"geometry":{"type":"Polygon","coordinates":[[[-80.967141,28.094815],[-80.967218,28.094814],[-80.967216,28.093922],[-80.965174,28.093929],[-80.965176,28.094823],[-80.967141,28.094815]]]}},{"type":"Feature","id":"12097:362733000047000000","properties":{"id":"12097:362733000047000000","parcelId":"362733000047000000","countyFips":"12097","countyName":"Osceola","state":"Florida","marketIds":["Orlando"],"situsAddress":"7410 CRABGRASS RD","situsCity":"SAINT CLOUD","situsZip":"34773-","jurisdictionCode":null,"ownerName":"CASS KATHRYN","ownerName2":null,"propertyName":null,"zoningCode":"AC","zoningDistrict":"Agricultural","jurisdictionPrefix":null,"dorCode":"0211","acreage":15.0,"acreageSource":"osceola-total-acres","centroid":[-80.969625,28.088926],"lastSale":{"date":"2023-06-11","price":100.0,"qualified":"U"},"tax":{"marketValue":145600.0,"assessedValue":58114.0,"taxableValue":25000.0,"taxes":25000.0},"mailingAddress":{"line1":"7410 CRABGRASS RD","line2":null,"city":"SAINT CLOUD","state":"FL","zip":"34773"},"incomeTract":null,"incomeBlockGroup":null,"nearestRoad":null,"flu":{"code":"rural/agricultural","label":"RURAL/AGRICULTURAL","jurisdiction":"Unincorporated","source":"osceola-flu-12"},"opportunityZone":null,"oz2Eligibility":{"eligible":true,"rural":true,"tractGeoid":"12097043802","tractName":"Census Tract 438.02","designation":"eligible-for-nomination","source":"rev-proc-2026-14"},"appraiserUrl":"https://maps.property-appraiser.org/?Pin=362733000047000000","source":"osceola-parcels-12097","dataGaps":["Acreage band is county TotalAcres from 5.0 through 150.0 on Parcels FeatureServer/3. This replaces the DOH extract.","Owner, mailing, sale, just value, assessed value, DOR code, and estimated tax come from that parcel layer.","Taxable value is the prior-roll PrevTaxabl field, not a current taxable. EstimatedT is an estimate, not a certified bill.","Q_U is stored on lastSale.qualified and is not used to drop sales.","Zoning is a centroid join to Zoning MapServer/13. Misses fall back to the parcel Zone1 code when that field is set.","FLU is a centroid join to Future Land Use FeatureServer/12. A parcel on a boundary gets one code. St. Cloud zoning and FLU override that join when the city PIN matches. Those city layers are not an Osceola county extract. Winter Springs EnerGov is Seminole and is not used.","Osceola and Lake zoning/FLU codes are not in the Orange zoning or FLU knowledge base, so multifamily filters treat them as unknown.","The appraiser link is the public map Pin URL. The CAMA search site is Cloudflare-gated from some networks. gis.osceola.org has an incomplete certificate chain; JSON queries still work.","OZ 2.0 here is the seven-market rural-eligible tract pack only. Income and AADT are joined at query time, not stored on the tile."]},"geometry":{"type":"Polygon","coordinates":[[[-80.970273,28.088925],[-80.971218,28.088924],[-80.971296,28.088924],[-80.971295,28.088019],[-80.967204,28.088022],[-80.967208,28.089834],[-80.969252,28.089831],[-80.969251,28.088926],[-80.970273,28.088925]]]}},{"type":"Feature","id":"12097:362733000003700000","properties":{"id":"12097:362733000003700000","parcelId":"362733000003700000","countyFips":"12097","countyName":"Osceola","state":"Florida","marketIds":["Orlando"],"situsAddress":"CHAD JASON RD","situsCity":"SAINT CLOUD","situsZip":"34773-","jurisdictionCode":null,"ownerName":"TINNEY TRAVIS C","ownerName2":null,"propertyName":null,"zoningCode":"AC","zoningDistrict":"Agricultural","jurisdictionPrefix":null,"dorCode":"0001","acreage":5.0,"acreageSource":"osceola-total-acres","centroid":[-80.976409,28.099623],"lastSale":{"date":"2022-11-16","price":110000.0,"qualified":"Q"},"tax":{"marketValue":72000.0,"assessedValue":72000.0,"taxableValue":66000.0,"taxes":72000.0},"mailingAddress":{"line1":"6845 BASS HWY","line2":null,"city":"SAINT CLOUD","state":"FL","zip":"34771"},"incomeTract":null,"incomeBlockGroup":null,"nearestRoad":null,"flu":{"code":"rural/agricultural","label":"RURAL/AGRICULTURAL","jurisdiction":"Unincorporated","source":"osceola-flu-12"},"opportunityZone":null,"oz2Eligibility":{"eligible":true,"rural":true,"tractGeoid":"12097043802","tractName":"Census Tract 438.02","designation":"eligible-for-nomination","source":"rev-proc-2026-14"},"appraiserUrl":"https://maps.property-appraiser.org/?Pin=362733000003700000","source":"osceola-parcels-12097","dataGaps":["Acreage band is county TotalAcres from 5.0 through 150.0 on Parcels FeatureServer/3. This replaces the DOH extract.","Owner, mailing, sale, just value, assessed value, DOR code, and estimated tax come from that parcel layer.","Taxable value is the prior-roll PrevTaxabl field, not a current taxable. EstimatedT is an estimate, not a certified bill.","Q_U is stored on lastSale.qualified and is not used to drop sales.","Zoning is a centroid join to Zoning MapServer/13. Misses fall back to the parcel Zone1 code when that field is set.","FLU is a centroid join to Future Land Use FeatureServer/12. A parcel on a boundary gets one code. St. Cloud zoning and FLU override that join when the city PIN matches. Those city layers are not an Osceola county extract. Winter Springs EnerGov is Seminole and is not used.","Osceola and Lake zoning/FLU codes are not in the Orange zoning or FLU knowledge base, so multifamily filters treat them as unknown.","The appraiser link is the public map Pin URL. The CAMA search site is Cloudflare-gated from some networks. gis.osceola.org has an incomplete certificate chain; JSON queries still work.","OZ 2.0 here is the seven-market rural-eligible tract pack only. Income and AADT are joined at query time, not stored on the tile."]},"geometry":{"type":"Polygon","coordinates":[[[-80.977351,28.099316],[-80.975466,28.099324],[-80.975389,28.099325],[-80.975389,28.100232],[-80.977429,28.100223],[-80.977429,28.099316],[-80.977351,28.099316]]]}},{"type":"Feature","id":"12097:362733000006800000","properties":{"id":"12097:362733000006800000","parcelId":"362733000006800000","countyFips":"12097","countyName":"Osceola","state":"Florida","marketIds":["Orlando"],"situsAddress":"7125 CRABGRASS RD","situsCity":"SAINT CLOUD","situsZip":"34773-","jurisdictionCode":null,"ownerName":"CURRY GILDA M","ownerName2":null,"propertyName":null,"zoningCode":"AC","zoningDistrict":"Agricultural","jurisdictionPrefix":null,"dorCode":"0111","acreage":7.89,"acreageSource":"osceola-total-acres","centroid":[-80.963017,28.099312],"lastSale":{"date":"2024-05-30","price":null,"qualified":"U"},"tax":{"marketValue":168300.0,"assessedValue":69022.0,"taxableValue":25000.0,"taxes":25000.0},"mailingAddress":{"line1":"7125 CRABGRASS RD","line2":null,"city":"SAINT CLOUD","state":"FL","zip":"34773-9225"},"incomeTract":null,"incomeBlockGroup":null,"nearestRoad":null,"flu":{"code":"rural/agricultural","label":"RURAL/AGRICULTURAL","jurisdiction":"Unincorporated","source":"osceola-flu-12"},"opportunityZone":null,"oz2Eligibility":{"eligible":true,"rural":true,"tractGeoid":"12097043802","tractName":"Census Tract 438.02","designation":"eligible-for-nomination","source":"rev-proc-2026-14"},"appraiserUrl":"https://maps.property-appraiser.org/?Pin=362733000006800000","source":"osceola-parcels-12097","dataGaps":["Acreage band is county TotalAcres from 5.0 through 150.0 on Parcels FeatureServer/3. This replaces the DOH extract.","Owner, mailing, sale, just value, assessed value, DOR code, and estimated tax come from that parcel layer.","Taxable value is the prior-roll PrevTaxabl field, not a current taxable. EstimatedT is an estimate, not a certified bill.","Q_U is stored on lastSale.qualified and is not used to drop sales.","Zoning is a centroid join to Zoning MapServer/13. Misses fall back to the parcel Zone1 code when that field is set.","FLU is a centroid join to Future Land Use FeatureServer/12. A parcel on a boundary gets one code. St. Cloud zoning and FLU override that join when the city PIN matches. Those city layers are not an Osceola county extract. Winter Springs EnerGov is Seminole and is not used.","Osceola and Lake zoning/FLU codes are not in the Orange zoning or FLU knowledge base, so multifamily filters treat them as unknown.","The appraiser link is the public map Pin URL. The CAMA search site is Cloudflare-gated from some networks. gis.osceola.org has an incomplete certificate chain; JSON queries still work.","OZ 2.0 here is the seven-market rural-eligible tract pack only. Income and AADT are joined at query time, not stored on the tile."]},"geometry":{"type":"Polygon","coordinates":[[[-80.963151,28.100274],[-80.963148,28.099369],[-80.964168,28.099364],[-80.964167,28.098911],[-80.963146,28.098915],[-80.963146,28.09869],[-80.961605,28.098692],[-80.961606,28.100282],[-80.963151,28.100274]]]}},{"type":"Feature","id":"12097:362733000010200000","properties":{"id":"12097:362733000010200000","parcelId":"362733000010200000","countyFips":"12097","countyName":"Osceola","state":"Florida","marketIds":["Orlando"],"situsAddress":"7175 POWERS RD","situsCity":"SAINT CLOUD","situsZip":"34773-","jurisdictionCode":null,"ownerName":"CURRY GILDA M","ownerName2":null,"propertyName":null,"zoningCode":"AC","zoningDistrict":"Agricultural","jurisdictionPrefix":null,"dorCode":"0211","acreage":6.62,"acreageSource":"osceola-total-acres","centroid":[-80.962395,28.097631],"lastSale":{"date":"2024-05-30","price":null,"qualified":"U"},"tax":{"marketValue":114400.0,"assessedValue":61303.0,"taxableValue":50664.0,"taxes":61303.0},"mailingAddress":{"line1":"7125 CRABGRASS RD","line2":null,"city":"SAINT CLOUD","state":"FL","zip":"34773-9225"},"incomeTract":null,"incomeBlockGroup":null,"nearestRoad":null,"flu":{"code":"rural/agricultural","label":"RURAL/AGRICULTURAL","jurisdiction":"Unincorporated","source":"osceola-flu-12"},"opportunityZone":null,"oz2Eligibility":{"eligible":true,"rural":true,"tractGeoid":"12097043802","tractName":"Census Tract 438.02","designation":"eligible-for-nomination","source":"rev-proc-2026-14"},"appraiserUrl":"https://maps.property-appraiser.org/?Pin=362733000010200000","source":"osceola-parcels-12097","dataGaps":["Acreage band is county TotalAcres from 5.0 through 150.0 on Parcels FeatureServer/3. This replaces the DOH extract.","Owner, mailing, sale, just value, assessed value, DOR code, and estimated tax come from that parcel layer.","Taxable value is the prior-roll PrevTaxabl field, not a current taxable. EstimatedT is an estimate, not a certified bill.","Q_U is stored on lastSale.qualified and is not used to drop sales.","Zoning is a centroid join to Zoning MapServer/13. Misses fall back to the parcel Zone1 code when that field is set.","FLU is a centroid join to Future Land Use FeatureServer/12. A parcel on a boundary gets one code. St. Cloud zoning and FLU override that join when the city PIN matches. Those city layers are not an Osceola county extract. Winter Springs EnerGov is Seminole and is not used.","Osceola and Lake zoning/FLU codes are not in the Orange zoning or FLU knowledge base, so multifamily filters treat them as unknown.","The appraiser link is the public map Pin URL. The CAMA search site is Cloudflare-gated from some networks. gis.osceola.org has an incomplete certificate chain; JSON queries still work.","OZ 2.0 here is the seven-market rural-eligible tract pack only. Income and AADT are joined at query time, not stored on the tile."]},"geometry":{"type":"Polygon","coordinates":[[[-80.963063,28.097099],[-80.961809,28.097104],[-80.961604,28.097105],[-80.961605,28.098692],[-80.963146,28.09869],[-80.963141,28.097098],[-80.963063,28.097099]]]}},{"type":"Feature","id":"12097:362733000012800000","properties":{"id":"12097:362733000012800000","parcelId":"362733000012800000","countyFips":"12097","countyName":"Osceola","state":"Florida","marketIds":["Orlando"],"situsAddress":"6109 KRAZY CT","situsCity":"SAINT CLOUD","situsZip":"34773","jurisdictionCode":null,"ownerName":"DANIEL D & CYNTHIA B MASCAREL RLT","ownerName2":"MASCAREL DANIEL D TR / MASCAREL CYNTHIA B TR","propertyName":null,"zoningCode":"AC","zoningDistrict":"Agricultural","jurisdictionPrefix":null,"dorCode":"0211","acreage":6.25,"acreageSource":"osceola-total-acres","centroid":[-80.970151,28.097334],"lastSale":{"date":"2022-01-29","price":100.0,"qualified":"U"},"tax":{"marketValue":272800.0,"assessedValue":128163.0,"taxableValue":71277.0,"taxes":76752.0},"mailingAddress":{"line1":"6109 KRAZY CT","line2":null,"city":"SAINT CLOUD","state":"FL","zip":"34773"},"incomeTract":null,"incomeBlockGroup":null,"nearestRoad":null,"flu":{"code":"rural/agricultural","label":"RURAL/AGRICULTURAL","jurisdiction":"Unincorporated","source":"osceola-flu-12"},"opportunityZone":null,"oz2Eligibility":{"eligible":true,"rural":true,"tractGeoid":"12097043802","tractName":"Census Tract 438.02","designation":"eligible-for-nomination","source":"rev-proc-2026-14"},"appraiserUrl":"https://maps.property-appraiser.org/?Pin=362733000012800000","source":"osceola-parcels-12097","dataGaps":["Acreage band is county TotalAcres from 5.0 through 150.0 on Parcels FeatureServer/3. This replaces the DOH extract.","Owner, mailing, sale, just value, assessed value, DOR code, and estimated tax come from that parcel layer.","Taxable value is the prior-roll PrevTaxabl field, not a current taxable. EstimatedT is an estimate, not a certified bill.","Q_U is stored on lastSale.qualified and is not used to drop sales.","Zoning is a centroid join to Zoning MapServer/13. Misses fall back to the parcel Zone1 code when that field is set.","FLU is a centroid join to Future Land Use FeatureServer/12. A parcel on a boundary gets one code. St. Cloud zoning and FLU override that join when the city PIN matches. Those city layers are not an Osceola county extract. Winter Springs EnerGov is Seminole and is not used.","Osceola and Lake zoning/FLU codes are not in the Orange zoning or FLU knowledge base, so multifamily filters treat them as unknown.","The appraiser link is the public map Pin URL. The CAMA search site is Cloudflare-gated from some networks. gis.osceola.org has an incomplete certificate chain; JSON queries still work.","OZ 2.0 here is the seven-market rural-eligible tract pack only. Income and AADT are joined at query time, not stored on the tile."]},"geometry":{"type":"Polygon","coordinates":[[[-80.969266,28.097988],[-80.969343,28.097985],[-80.971307,28.097977],[-80.971305,28.096615],[-80.970284,28.096619],[-80.970285,28.097073],[-80.969264,28.097079],[-80.969266,28.097988]]]}},{"type":"Feature","id":"12097:362733000010700000","properties":{"id":"12097:362733000010700000","parcelId":"362733000010700000","countyFips":"12097","countyName":"Osceola","state":"Florida","marketIds":["Orlando"],"situsAddress":"6845 CHAD JASON RD","situsCity":"SAINT CLOUD","situsZip":"34773-","jurisdictionCode":null,"ownerName":"JELLISON NEAL R","ownerName2":"JELLISON STACEY","propertyName":null,"zoningCode":"AC","zoningDistrict":"Agricultural","jurisdictionPrefix":null,"dorCode":"0211","acreage":7.5,"acreageSource":"osceola-total-acres","centroid":[-80.974234,28.099068],"lastSale":{"date":"2005-08-02","price":33800.0,"qualified":"U"},"tax":{"marketValue":201500.0,"assessedValue":71418.0,"taxableValue":25000.0,"taxes":25000.0},"mailingAddress":{"line1":"6845 CHAD JASON RD","line2":null,"city":"SAINT CLOUD","state":"FL","zip":"34773"},"incomeTract":null,"incomeBlockGroup":null,"nearestRoad":null,"flu":{"code":"rural/agricultural","label":"RURAL/AGRICULTURAL","jurisdiction":"Unincorporated","source":"osceola-flu-12"},"opportunityZone":null,"oz2Eligibility":{"eligible":true,"rural":true,"tractGeoid":"12097043802","tractName":"Census Tract 438.02","designation":"eligible-for-nomination","source":"rev-proc-2026-14"},"appraiserUrl":"https://maps.property-appraiser.org/?Pin=362733000010700000","source":"osceola-parcels-12097","dataGaps":["Acreage band is county TotalAcres from 5.0 through 150.0 on Parcels FeatureServer/3. This replaces the DOH extract.","Owner, mailing, sale, just value, assessed value, DOR code, and estimated tax come from that parcel layer.","Taxable value is the prior-roll PrevTaxabl field, not a current taxable. EstimatedT is an estimate, not a certified bill.","Q_U is stored on lastSale.qualified and is not used to drop sales.","Zoning is a centroid join to Zoning MapServer/13. Misses fall back to the parcel Zone1 code when that field is set.","FLU is a centroid join to Future Land Use FeatureServer/12. A parcel on a boundary gets one code. St. Cloud zoning and FLU override that join when the city PIN matches. Those city layers are not an Osceola county extract. Winter Springs EnerGov is Seminole and is not used.","Osceola and Lake zoning/FLU codes are not in the Orange zoning or FLU knowledge base, so multifamily filters treat them as unknown.","The appraiser link is the public map Pin URL. The CAMA search site is Cloudflare-gated from some networks. gis.osceola.org has an incomplete certificate chain; JSON queries still work.","OZ 2.0 here is the seven-market rural-eligible tract pack only. Income and AADT are joined at query time, not stored on the tile."]},"geometry":{"type":"Polygon","coordinates":[[[-80.973427,28.100239],[-80.974369,28.100235],[-80.974368,28.09842],[-80.975388,28.098415],[-80.975388,28.097962],[-80.973347,28.097969],[-80.973349,28.100238],[-80.973427,28.100239]]]}},{"type":"Feature","id":"12097:362733000011400000","properties":{"id":"12097:362733000011400000","parcelId":"362733000011400000","countyFips":"12097","countyName":"Osceola","state":"Florida","marketIds":["Orlando"],"situsAddress":"CRABGRASS RD","situsCity":"SAINT CLOUD","situsZip":"34773-","jurisdictionCode":null,"ownerName":"LY SUOR","ownerName2":"KHAUV RATHA","propertyName":null,"zoningCode":"AC","zoningDistrict":"Agricultural","jurisdictionPrefix":null,"dorCode":"0001","acreage":5.0,"acreageSource":"osceola-total-acres","centroid":[-80.967648,28.097718],"lastSale":{"date":"2024-10-15","price":50000.0,"qualified":"U"},"tax":{"marketValue":54000.0,"assessedValue":54000.0,"taxableValue":49500.0,"taxes":54000.0},"mailingAddress":{"line1":"16707 NORTHWEST AVONDALE DR","line2":null,"city":"BEAVERTON","state":"OR","zip":"97006"},"incomeTract":null,"incomeBlockGroup":null,"nearestRoad":null,"flu":{"code":"rural/agricultural","label":"RURAL/AGRICULTURAL","jurisdiction":"Unincorporated","source":"osceola-flu-12"},"opportunityZone":null,"oz2Eligibility":{"eligible":true,"rural":true,"tractGeoid":"12097043802","tractName":"Census Tract 438.02","designation":"eligible-for-nomination","source":"rev-proc-2026-14"},"appraiserUrl":"https://maps.property-appraiser.org/?Pin=362733000011400000","source":"osceola-parcels-12097","dataGaps":["Acreage band is county TotalAcres from 5.0 through 150.0 on Parcels FeatureServer/3. This replaces the DOH extract.","Owner, mailing, sale, just value, assessed value, DOR code, and estimated tax come from that parcel layer.","Taxable value is the prior-roll PrevTaxabl field, not a current taxable. EstimatedT is an estimate, not a certified bill.","Q_U is stored on lastSale.qualified and is not used to drop sales.","Zoning is a centroid join to Zoning MapServer/13. Misses fall back to the parcel Zone1 code when that field is set.","FLU is a centroid join to Future Land Use FeatureServer/12. A parcel on a boundary gets one code. St. Cloud zoning and FLU override that join when the city PIN matches. Those city layers are not an Osceola county extract. Winter Springs EnerGov is Seminole and is not used.","Osceola and Lake zoning/FLU codes are not in the Orange zoning or FLU knowledge base, so multifamily filters treat them as unknown.","The appraiser link is the public map Pin URL. The CAMA search site is Cloudflare-gated from some networks. gis.osceola.org has an incomplete certificate chain; JSON queries still work.","OZ 2.0 here is the seven-market rural-eligible tract pack only. Income and AADT are joined at query time, not stored on the tile."]},"geometry":{"type":"Polygon","coordinates":[[[-80.967226,28.098445],[-80.967304,28.098446],[-80.968246,28.098442],[-80.968243,28.096627],[-80.967222,28.09663],[-80.967226,28.098445]]]}},{"type":"Feature","id":"12097:362733000017900000","properties":{"id":"12097:362733000017900000","parcelId":"362733000017900000","countyFips":"12097","countyName":"Osceola","state":"Florida","marketIds":["Orlando"],"situsAddress":"KRAZY CT","situsCity":"SAINT CLOUD","situsZip":"34773","jurisdictionCode":null,"ownerName":"KERN DAVID F","ownerName2":null,"propertyName":null,"zoningCode":"AC","zoningDistrict":"Agricultural","jurisdictionPrefix":null,"dorCode":"0001","acreage":5.0,"acreageSource":"osceola-total-acres","centroid":[-80.969935,28.096167],"lastSale":{"date":"2019-08-13","price":45000.0,"qualified":"Q"},"tax":{"marketValue":68400.0,"assessedValue":36718.0,"taxableValue":30346.0,"taxes":36718.0},"mailingAddress":{"line1":"6125 KRAZY CT","line2":null,"city":"SAINT CLOUD","state":"FL","zip":"34773"},"incomeTract":null,"incomeBlockGroup":null,"nearestRoad":null,"flu":{"code":"rural/agricultural","label":"RURAL/AGRICULTURAL","jurisdiction":"Unincorporated","source":"osceola-flu-12"},"opportunityZone":null,"oz2Eligibility":{"eligible":true,"rural":true,"tractGeoid":"12097043802","tractName":"Census Tract 438.02","designation":"eligible-for-nomination","source":"rev-proc-2026-14"},"appraiserUrl":"https://maps.property-appraiser.org/?Pin=362733000017900000","source":"osceola-parcels-12097","dataGaps":["Acreage band is county TotalAcres from 5.0 through 150.0 on Parcels FeatureServer/3. This replaces the DOH extract.","Owner, mailing, sale, just value, assessed value, DOR code, and estimated tax come from that parcel layer.","Taxable value is the prior-roll PrevTaxabl field, not a current taxable. EstimatedT is an estimate, not a certified bill.","Q_U is stored on lastSale.qualified and is not used to drop sales.","Zoning is a centroid join to Zoning MapServer/13. Misses fall back to the parcel Zone1 code when that field is set.","FLU is a centroid join to Future Land Use FeatureServer/12. A parcel on a boundary gets one code. St. Cloud zoning and FLU override that join when the city PIN matches. Those city layers are not an Osceola county extract. Winter Springs EnerGov is Seminole and is not used.","Osceola and Lake zoning/FLU codes are not in the Orange zoning or FLU knowledge base, so multifamily filters treat them as unknown.","The appraiser link is the public map Pin URL. The CAMA search site is Cloudflare-gated from some networks. gis.osceola.org has an incomplete certificate chain; JSON queries still work.","OZ 2.0 here is the seven-market rural-eligible tract pack only. Income and AADT are joined at query time, not stored on the tile."]},"geometry":{"type":"Polygon","coordinates":[[[-80.971304,28.096161],[-80.971227,28.096161],[-80.970284,28.096166],[-80.970283,28.095712],[-80.968241,28.095719],[-80.968242,28.096173],[-80.969263,28.096169],[-80.969264,28.096624],[-80.971305,28.096615],[-80.971304,28.096161]]]}},{"type":"Feature","id":"12097:362733000044800000","properties":{"id":"12097:362733000044800000","parcelId":"362733000044800000","countyFips":"12097","countyName":"Osceola","state":"Florida","marketIds":["Orlando"],"situsAddress":"7360 MUSE RD","situsCity":"SAINT CLOUD","situsZip":"34773","jurisdictionCode":null,"ownerName":"PUGMIRE CLARK","ownerName2":null,"propertyName":null,"zoningCode":"AC","zoningDistrict":"Agricultural","jurisdictionPrefix":null,"dorCode":"0211","acreage":6.21,"acreageSource":"osceola-total-acres","centroid":[-80.973766,28.089825],"lastSale":{"date":"2016-05-31","price":70000.0,"qualified":"U"},"tax":{"marketValue":85800.0,"assessedValue":85800.0,"taxableValue":79522.0,"taxes":85800.0},"mailingAddress":{"line1":"1145 CARISSA PL","line2":null,"city":"MELBOURNE","state":"FL","zip":"32935"},"incomeTract":null,"incomeBlockGroup":null,"nearestRoad":null,"flu":{"code":"rural/agricultural","label":"RURAL/AGRICULTURAL","jurisdiction":"Unincorporated","source":"osceola-flu-12"},"opportunityZone":null,"oz2Eligibility":{"eligible":true,"rural":true,"tractGeoid":"12097043802","tractName":"Census Tract 438.02","designation":"eligible-for-nomination","source":"rev-proc-2026-14"},"appraiserUrl":"https://maps.property-appraiser.org/?Pin=362733000044800000","source":"osceola-parcels-12097","dataGaps":["Acreage band is county TotalAcres from 5.0 through 150.0 on Parcels FeatureServer/3. This replaces the DOH extract.","Owner, mailing, sale, just value, assessed value, DOR code, and estimated tax come from that parcel layer.","Taxable value is the prior-roll PrevTaxabl field, not a current taxable. EstimatedT is an estimate, not a certified bill.","Q_U is stored on lastSale.qualified and is not used to drop sales.","Zoning is a centroid join to Zoning MapServer/13. Misses fall back to the parcel Zone1 code when that field is set.","FLU is a centroid join to Future Land Use FeatureServer/12. A parcel on a boundary gets one code. St. Cloud zoning and FLU override that join when the city PIN matches. Those city layers are not an Osceola county extract. Winter Springs EnerGov is Seminole and is not used.","Osceola and Lake zoning/FLU codes are not in the Orange zoning or FLU knowledge base, so multifamily filters treat them as unknown.","The appraiser link is the public map Pin URL. The CAMA search site is Cloudflare-gated from some networks. gis.osceola.org has an incomplete certificate chain; JSON queries still work.","OZ 2.0 here is the seven-market rural-eligible tract pack only. Income and AADT are joined at query time, not stored on the tile."]},"geometry":{"type":"Polygon","coordinates":[[[-80.974363,28.088921],[-80.973418,28.088922],[-80.973341,28.088922],[-80.973342,28.091181],[-80.974364,28.091179],[-80.974363,28.088921]]]}},{"type":"Feature","id":"12097:362733000058300000","properties":{"id":"12097:362733000058300000","parcelId":"362733000058300000","countyFips":"12097","countyName":"Osceola","state":"Florida","marketIds":["Orlando"],"situsAddress":"7400 JELLISON RD","situsCity":"SAINT CLOUD","situsZip":"34773-","jurisdictionCode":null,"ownerName":"DESORMEAUX ALBERT","ownerName2":"DESORMEAUX MELODIE","propertyName":null,"zoningCode":"AC","zoningDistrict":"Agricultural","jurisdictionPrefix":null,"dorCode":"0011","acreage":7.19,"acreageSource":"osceola-total-acres","centroid":[-80.974156,28.085019],"lastSale":{"date":"1994-05-12","price":3000.0,"qualified":"U"},"tax":{"marketValue":34300.0,"assessedValue":21018.0,"taxableValue":17371.0,"taxes":21018.0},"mailingAddress":{"line1":"13470 LONESOME PINE TR","line2":null,"city":"GREENEVILLE","state":"TN","zip":"37745"},"incomeTract":null,"incomeBlockGroup":null,"nearestRoad":null,"flu":{"code":"rural/agricultural","label":"RURAL/AGRICULTURAL","jurisdiction":"Unincorporated","source":"osceola-flu-12"},"opportunityZone":null,"oz2Eligibility":{"eligible":true,"rural":true,"tractGeoid":"12097043802","tractName":"Census Tract 438.02","designation":"eligible-for-nomination","source":"rev-proc-2026-14"},"appraiserUrl":"https://maps.property-appraiser.org/?Pin=362733000058300000","source":"osceola-parcels-12097","dataGaps":["Acreage band is county TotalAcres from 5.0 through 150.0 on Parcels FeatureServer/3. This replaces the DOH extract.","Owner, mailing, sale, just value, assessed value, DOR code, and estimated tax come from that parcel layer.","Taxable value is the prior-roll PrevTaxabl field, not a current taxable. EstimatedT is an estimate, not a certified bill.","Q_U is stored on lastSale.qualified and is not used to drop sales.","Zoning is a centroid join to Zoning MapServer/13. Misses fall back to the parcel Zone1 code when that field is set.","FLU is a centroid join to Future Land Use FeatureServer/12. A parcel on a boundary gets one code. St. Cloud zoning and FLU override that join when the city PIN matches. Those city layers are not an Osceola county extract. Winter Springs EnerGov is Seminole and is not used.","Osceola and Lake zoning/FLU codes are not in the Orange zoning or FLU knowledge base, so multifamily filters treat them as unknown.","The appraiser link is the public map Pin URL. The CAMA search site is Cloudflare-gated from some networks. gis.osceola.org has an incomplete certificate chain; JSON queries still work.","OZ 2.0 here is the seven-market rural-eligible tract pack only. Income and AADT are joined at query time, not stored on the tile."]},"geometry":{"type":"Polygon","coordinates":[[[-80.973337,28.084497],[-80.973337,28.084588],[-80.973338,28.085759],[-80.975384,28.085759],[-80.975384,28.08449],[-80.973337,28.084497]]]}},{"type":"Feature","id":"12097:362733000059700000","properties":{"id":"12097:362733000059700000","parcelId":"362733000059700000","countyFips":"12097","countyName":"Osceola","state":"Florida","marketIds":["Orlando"],"situsAddress":"JELLISON RD","situsCity":"SAINT CLOUD","situsZip":"34773-","jurisdictionCode":null,"ownerName":"SMITH ROBERTA K","ownerName2":"SHOUP CLETIS E","propertyName":null,"zoningCode":"AC","zoningDistrict":"Agricultural","jurisdictionPrefix":null,"dorCode":"0001","acreage":7.22,"acreageSource":"osceola-total-acres","centroid":[-80.976592,28.084833],"lastSale":{"date":"2002-03-17","price":100.0,"qualified":"U"},"tax":{"marketValue":25600.0,"assessedValue":10664.0,"taxableValue":8814.0,"taxes":10664.0},"mailingAddress":{"line1":"134 S MAIN ST","line2":null,"city":"CASTILE","state":"NY","zip":"14427"},"incomeTract":null,"incomeBlockGroup":null,"nearestRoad":null,"flu":{"code":"rural/agricultural","label":"RURAL/AGRICULTURAL","jurisdiction":"Unincorporated","source":"osceola-flu-12"},"opportunityZone":null,"oz2Eligibility":{"eligible":true,"rural":true,"tractGeoid":"12097043802","tractName":"Census Tract 438.02","designation":"eligible-for-nomination","source":"rev-proc-2026-14"},"appraiserUrl":"https://maps.property-appraiser.org/?Pin=362733000059700000","source":"osceola-parcels-12097","dataGaps":["Acreage band is county TotalAcres from 5.0 through 150.0 on Parcels FeatureServer/3. This replaces the DOH extract.","Owner, mailing, sale, just value, assessed value, DOR code, and estimated tax come from that parcel layer.","Taxable value is the prior-roll PrevTaxabl field, not a current taxable. EstimatedT is an estimate, not a certified bill.","Q_U is stored on lastSale.qualified and is not used to drop sales.","Zoning is a centroid join to Zoning MapServer/13. Misses fall back to the parcel Zone1 code when that field is set.","FLU is a centroid join to Future Land Use FeatureServer/12. A parcel on a boundary gets one code. St. Cloud zoning and FLU override that join when the city PIN matches. Those city layers are not an Osceola county extract. Winter Springs EnerGov is Seminole and is not used.","Osceola and Lake zoning/FLU codes are not in the Orange zoning or FLU knowledge base, so multifamily filters treat them as unknown.","The appraiser link is the public map Pin URL. The CAMA search site is Cloudflare-gated from some networks. gis.osceola.org has an incomplete certificate chain; JSON queries still work.","OZ 2.0 here is the seven-market rural-eligible tract pack only. Income and AADT are joined at query time, not stored on the tile."]},"geometry":{"type":"Polygon","coordinates":[[[-80.975384,28.084581],[-80.975384,28.085308],[-80.978405,28.085309],[-80.978403,28.084479],[-80.975384,28.08449],[-80.975384,28.084581]]]}},{"type":"Feature","id":"12097:362733000061200000","properties":{"id":"12097:362733000061200000","parcelId":"362733000061200000","countyFips":"12097","countyName":"Osceola","state":"Florida","marketIds":["Orlando"],"situsAddress":"7495 POWERS RD","situsCity":"SAINT CLOUD","situsZip":"34773-","jurisdictionCode":null,"ownerName":"PARISH RICHARD E","ownerName2":null,"propertyName":null,"zoningCode":"AC","zoningDistrict":"Agricultural","jurisdictionPrefix":null,"dorCode":"0111","acreage":28.18,"acreageSource":"osceola-total-acres","centroid":[-80.964401,28.086505],"lastSale":{"date":"2014-11-04","price":3700.0,"qualified":"U"},"tax":{"marketValue":196200.0,"assessedValue":80412.0,"taxableValue":21092.0,"taxes":24001.0},"mailingAddress":{"line1":"PO BOX 101279","line2":null,"city":"PALM BAY","state":"FL","zip":"32910-1279"},"incomeTract":null,"incomeBlockGroup":null,"nearestRoad":null,"flu":{"code":"rural/agricultural","label":"RURAL/AGRICULTURAL","jurisdiction":"Unincorporated","source":"osceola-flu-12"},"opportunityZone":null,"oz2Eligibility":{"eligible":true,"rural":true,"tractGeoid":"12097043802","tractName":"Census Tract 438.02","designation":"eligible-for-nomination","source":"rev-proc-2026-14"},"appraiserUrl":"https://maps.property-appraiser.org/?Pin=362733000061200000","source":"osceola-parcels-12097","dataGaps":["Acreage band is county TotalAcres from 5.0 through 150.0 on Parcels FeatureServer/3. This replaces the DOH extract.","Owner, mailing, sale, just value, assessed value, DOR code, and estimated tax come from that parcel layer.","Taxable value is the prior-roll PrevTaxabl field, not a current taxable. EstimatedT is an estimate, not a certified bill.","Q_U is stored on lastSale.qualified and is not used to drop sales.","Zoning is a centroid join to Zoning MapServer/13. Misses fall back to the parcel Zone1 code when that field is set.","FLU is a centroid join to Future Land Use FeatureServer/12. A parcel on a boundary gets one code. St. Cloud zoning and FLU override that join when the city PIN matches. Those city layers are not an Osceola county extract. Winter Springs EnerGov is Seminole and is not used.","Osceola and Lake zoning/FLU codes are not in the Orange zoning or FLU knowledge base, so multifamily filters treat them as unknown.","The appraiser link is the public map Pin URL. The CAMA search site is Cloudflare-gated from some networks. gis.osceola.org has an incomplete certificate chain; JSON queries still work.","OZ 2.0 here is the seven-market rural-eligible tract pack only. Income and AADT are joined at query time, not stored on the tile."]},"geometry":{"type":"Polygon","coordinates":[[[-80.966177,28.086211],[-80.965231,28.086211],[-80.965154,28.086211],[-80.965153,28.085757],[-80.964129,28.085757],[-80.964126,28.08453],[-80.961597,28.084539],[-80.961598,28.086667],[-80.963109,28.086664],[-80.963115,28.088479],[-80.967205,28.088475],[-80.967204,28.088022],[-80.965159,28.088024],[-80.965157,28.08757],[-80.964135,28.087571],[-80.964132,28.086664],[-80.966178,28.086664],[-80.966177,28.086211]]]}},{"type":"Feature","id":"12097:362734000000110000","properties":{"id":"12097:362734000000110000","parcelId":"362734000000110000","countyFips":"12097","countyName":"Osceola","state":"Florida","marketIds":["Orlando"],"situsAddress":null,"situsCity":"SAINT CLOUD","situsZip":"34771","jurisdictionCode":null,"ownerName":"KEMPFER CAROLYN R EST","ownerName2":"KEMPFER GEROGE R PR / KEMPFER WILLIAM CLYDE","propertyName":null,"zoningCode":"AC","zoningDistrict":"Agricultural","jurisdictionPrefix":null,"dorCode":"6001","acreage":5.144,"acreageSource":"osceola-total-acres","centroid":[-80.873357,28.091256],"lastSale":{"date":"2008-02-21","price":null,"qualified":"U"},"tax":{"marketValue":20600.0,"assessedValue":1100.0,"taxableValue":1100.0,"taxes":1100.0},"mailingAddress":{"line1":"6254 KEMPFER RD","line2":null,"city":"SAINT CLOUD","state":"FL","zip":"34773"},"incomeTract":null,"incomeBlockGroup":null,"nearestRoad":null,"flu":{"code":"rural/agricultural","label":"RURAL/AGRICULTURAL","jurisdiction":"Unincorporated","source":"osceola-flu-12"},"opportunityZone":null,"oz2Eligibility":{"eligible":true,"rural":true,"tractGeoid":"12097043802","tractName":"Census Tract 438.02","designation":"eligible-for-nomination","source":"rev-proc-2026-14"},"appraiserUrl":"https://maps.property-appraiser.org/?Pin=362734000000110000","source":"osceola-parcels-12097","dataGaps":["Acreage band is county TotalAcres from 5.0 through 150.0 on Parcels FeatureServer/3. This replaces the DOH extract.","Owner, mailing, sale, just value, assessed value, DOR code, and estimated tax come from that parcel layer.","Taxable value is the prior-roll PrevTaxabl field, not a current taxable. EstimatedT is an estimate, not a certified bill.","Q_U is stored on lastSale.qualified and is not used to drop sales.","Zoning is a centroid join to Zoning MapServer/13. Misses fall back to the parcel Zone1 code when that field is set.","FLU is a centroid join to Future Land Use FeatureServer/12. A parcel on a boundary gets one code. St. Cloud zoning and FLU override that join when the city PIN matches. Those city layers are not an Osceola county extract. Winter Springs EnerGov is Seminole and is not used.","Osceola and Lake zoning/FLU codes are not in the Orange zoning or FLU knowledge base, so multifamily filters treat them as unknown.","The appraiser link is the public map Pin URL. The CAMA search site is Cloudflare-gated from some networks. gis.osceola.org has an incomplete certificate chain; JSON queries still work.","OZ 2.0 here is the seven-market rural-eligible tract pack only. Income and AADT are joined at query time, not stored on the tile."]},"geometry":{"type":"Polygon","coordinates":[[[-80.87227,28.090819],[-80.872273,28.091699],[-80.874444,28.091693],[-80.874441,28.090812],[-80.87227,28.090819]]]}},{"type":"Feature","id":"12097:352733000004300000","properties":{"id":"12097:352733000004300000","parcelId":"352733000004300000","countyFips":"12097","countyName":"Osceola","state":"Florida","marketIds":["Orlando"],"situsAddress":"6035 PADGETT TRL","situsCity":"SAINT CLOUD","situsZip":"34773-","jurisdictionCode":null,"ownerName":"DEAN RICHARD CHRISTOPHER","ownerName2":"DEAN BRANDI LYNN","propertyName":null,"zoningCode":"AC","zoningDistrict":"Agricultural","jurisdictionPrefix":null,"dorCode":"0211","acreage":7.51,"acreageSource":"osceola-total-acres","centroid":[-80.98451,28.099376],"lastSale":{"date":"2015-01-29","price":25000.0,"qualified":"U"},"tax":{"marketValue":184200.0,"assessedValue":113397.0,"taxableValue":57305.0,"taxes":61986.0},"mailingAddress":{"line1":"6035 PADGETT TRL","line2":null,"city":"SAINT CLOUD","state":"FL","zip":"34773"},"incomeTract":null,"incomeBlockGroup":null,"nearestRoad":null,"flu":{"code":"rural/agricultural","label":"RURAL/AGRICULTURAL","jurisdiction":"Unincorporated","source":"osceola-flu-12"},"opportunityZone":null,"oz2Eligibility":{"eligible":true,"rural":true,"tractGeoid":"12097043802","tractName":"Census Tract 438.02","designation":"eligible-for-nomination","source":"rev-proc-2026-14"},"appraiserUrl":"https://maps.property-appraiser.org/?Pin=352733000004300000","source":"osceola-parcels-12097","dataGaps":["Acreage band is county TotalAcres from 5.0 through 150.0 on Parcels FeatureServer/3. This replaces the DOH extract.","Owner, mailing, sale, just value, assessed value, DOR code, and estimated tax come from that parcel layer.","Taxable value is the prior-roll PrevTaxabl field, not a current taxable. EstimatedT is an estimate, not a certified bill.","Q_U is stored on lastSale.qualified and is not used to drop sales.","Zoning is a centroid join to Zoning MapServer/13. Misses fall back to the parcel Zone1 code when that field is set.","FLU is a centroid join to Future Land Use FeatureServer/12. A parcel on a boundary gets one code. St. Cloud zoning and FLU override that join when the city PIN matches. Those city layers are not an Osceola county extract. Winter Springs EnerGov is Seminole and is not used.","Osceola and Lake zoning/FLU codes are not in the Orange zoning or FLU knowledge base, so multifamily filters treat them as unknown.","The appraiser link is the public map Pin URL. The CAMA search site is Cloudflare-gated from some networks. gis.osceola.org has an incomplete certificate chain; JSON queries still work.","OZ 2.0 here is the seven-market rural-eligible tract pack only. Income and AADT are joined at query time, not stored on the tile."]},"geometry":{"type":"Polygon","coordinates":[[[-80.983746,28.098838],[-80.983669,28.098838],[-80.983677,28.100196],[-80.985732,28.100181],[-80.985724,28.098825],[-80.983746,28.098838]]]}},{"type":"Feature","id":"12097:352733000008200000","properties":{"id":"12097:352733000008200000","parcelId":"352733000008200000","countyFips":"12097","countyName":"Osceola","state":"Florida","marketIds":["Orlando"],"situsAddress":"PALM FROND RD","situsCity":"SAINT CLOUD","situsZip":"34773-","jurisdictionCode":null,"ownerName":"NIX JEFFREY L","ownerName2":"NIX DEBORAH L / NIX JAMES C","propertyName":null,"zoningCode":"AC","zoningDistrict":"Agricultural","jurisdictionPrefix":null,"dorCode":"0001","acreage":5.0,"acreageSource":"osceola-total-acres","centroid":[-80.993959,28.098471],"lastSale":{"date":"2005-04-20","price":100.0,"qualified":"U"},"tax":{"marketValue":72000.0,"assessedValue":13176.0,"taxableValue":10890.0,"taxes":13176.0},"mailingAddress":{"line1":"946 OLD 71","line2":null,"city":"CHARLEROI","state":"PA","zip":"15022"},"incomeTract":null,"incomeBlockGroup":null,"nearestRoad":null,"flu":{"code":"rural/agricultural","label":"RURAL/AGRICULTURAL","jurisdiction":"Unincorporated","source":"osceola-flu-12"},"opportunityZone":null,"oz2Eligibility":{"eligible":true,"rural":true,"tractGeoid":"12097043802","tractName":"Census Tract 438.02","designation":"eligible-for-nomination","source":"rev-proc-2026-14"},"appraiserUrl":"https://maps.property-appraiser.org/?Pin=352733000008200000","source":"osceola-parcels-12097","dataGaps":["Acreage band is county TotalAcres from 5.0 through 150.0 on Parcels FeatureServer/3. This replaces the DOH extract.","Owner, mailing, sale, just value, assessed value, DOR code, and estimated tax come from that parcel layer.","Taxable value is the prior-roll PrevTaxabl field, not a current taxable. EstimatedT is an estimate, not a certified bill.","Q_U is stored on lastSale.qualified and is not used to drop sales.","Zoning is a centroid join to Zoning MapServer/13. Misses fall back to the parcel Zone1 code when that field is set.","FLU is a centroid join to Future Land Use FeatureServer/12. A parcel on a boundary gets one code. St. Cloud zoning and FLU override that join when the city PIN matches. Those city layers are not an Osceola county extract. Winter Springs EnerGov is Seminole and is not used.","Osceola and Lake zoning/FLU codes are not in the Orange zoning or FLU knowledge base, so multifamily filters treat them as unknown.","The appraiser link is the public map Pin URL. The CAMA search site is Cloudflare-gated from some networks. gis.osceola.org has an incomplete certificate chain; JSON queries still work.","OZ 2.0 here is the seven-market rural-eligible tract pack only. Income and AADT are joined at query time, not stored on the tile."]},"geometry":{"type":"Polygon","coordinates":[[[-80.993949,28.098771],[-80.994025,28.098771],[-80.994975,28.098765],[-80.99497,28.097865],[-80.992914,28.097878],[-80.992919,28.098778],[-80.993949,28.098771]]]}},{"type":"Feature","id":"12097:362733000051000000","properties":{"id":"12097:362733000051000000","parcelId":"362733000051000000","countyFips":"12097","countyName":"Osceola","state":"Florida","marketIds":["Orlando"],"situsAddress":"7457 POWERS RD","situsCity":"SAINT CLOUD","situsZip":"34773-","jurisdictionCode":null,"ownerName":"SANGRICCO NICHOLAS A","ownerName2":null,"propertyName":null,"zoningCode":"AC","zoningDistrict":"Agricultural","jurisdictionPrefix":null,"dorCode":"0111","acreage":5.55,"acreageSource":"osceola-total-acres","centroid":[-80.962245,28.087482],"lastSale":{"date":"2021-08-10","price":100.0,"qualified":"U"},"tax":{"marketValue":43100.0,"assessedValue":43100.0,"taxableValue":43400.0,"taxes":43100.0},"mailingAddress":{"line1":"2280 FM 2722 LOT 4","line2":null,"city":"NEW BRAUNFELS","state":"TX","zip":"78132"},"incomeTract":null,"incomeBlockGroup":null,"nearestRoad":null,"flu":{"code":"rural/agricultural","label":"RURAL/AGRICULTURAL","jurisdiction":"Unincorporated","source":"osceola-flu-12"},"opportunityZone":null,"oz2Eligibility":{"eligible":true,"rural":true,"tractGeoid":"12097043802","tractName":"Census Tract 438.02","designation":"eligible-for-nomination","source":"rev-proc-2026-14"},"appraiserUrl":"https://maps.property-appraiser.org/?Pin=362733000051000000","source":"osceola-parcels-12097","dataGaps":["Acreage band is county TotalAcres from 5.0 through 150.0 on Parcels FeatureServer/3. This replaces the DOH extract.","Owner, mailing, sale, just value, assessed value, DOR code, and estimated tax come from that parcel layer.","Taxable value is the prior-roll PrevTaxabl field, not a current taxable. EstimatedT is an estimate, not a certified bill.","Q_U is stored on lastSale.qualified and is not used to drop sales.","Zoning is a centroid join to Zoning MapServer/13. Misses fall back to the parcel Zone1 code when that field is set.","FLU is a centroid join to Future Land Use FeatureServer/12. A parcel on a boundary gets one code. St. Cloud zoning and FLU override that join when the city PIN matches. Those city layers are not an Osceola county extract. Winter Springs EnerGov is Seminole and is not used.","Osceola and Lake zoning/FLU codes are not in the Orange zoning or FLU knowledge base, so multifamily filters treat them as unknown.","The appraiser link is the public map Pin URL. The CAMA search site is Cloudflare-gated from some networks. gis.osceola.org has an incomplete certificate chain; JSON queries still work.","OZ 2.0 here is the seven-market rural-eligible tract pack only. Income and AADT are joined at query time, not stored on the tile."]},"geometry":{"type":"Polygon","coordinates":[[[-80.961599,28.088028],[-80.961804,28.088026],[-80.963113,28.088025],[-80.963109,28.086664],[-80.961598,28.086667],[-80.961599,28.088028]]]}},{"type":"Feature","id":"12097:362733000054000000","properties":{"id":"12097:362733000054000000","parcelId":"362733000054000000","countyFips":"12097","countyName":"Osceola","state":"Florida","marketIds":["Orlando"],"situsAddress":"7455 CRABGRASS RD","situsCity":"SAINT CLOUD","situsZip":"34773","jurisdictionCode":null,"ownerName":"BARNES JAMES A","ownerName2":null,"propertyName":null,"zoningCode":"AC","zoningDistrict":"Agricultural","jurisdictionPrefix":null,"dorCode":"0211","acreage":5.0,"acreageSource":"osceola-total-acres","centroid":[-80.966312,28.086405],"lastSale":{"date":"2019-07-11","price":100.0,"qualified":"U"},"tax":{"marketValue":118000.0,"assessedValue":118000.0,"taxableValue":104198.0,"taxes":118000.0},"mailingAddress":{"line1":"7455 CRABGRASS RD","line2":null,"city":"SAINT CLOUD","state":"FL","zip":"34773"},"incomeTract":null,"incomeBlockGroup":null,"nearestRoad":null,"flu":{"code":"rural/agricultural","label":"RURAL/AGRICULTURAL","jurisdiction":"Unincorporated","source":"osceola-flu-12"},"opportunityZone":null,"oz2Eligibility":{"eligible":true,"rural":true,"tractGeoid":"12097043802","tractName":"Census Tract 438.02","designation":"eligible-for-nomination","source":"rev-proc-2026-14"},"appraiserUrl":"https://maps.property-appraiser.org/?Pin=362733000054000000","source":"osceola-parcels-12097","dataGaps":["Acreage band is county TotalAcres from 5.0 through 150.0 on Parcels FeatureServer/3. This replaces the DOH extract.","Owner, mailing, sale, just value, assessed value, DOR code, and estimated tax come from that parcel layer.","Taxable value is the prior-roll PrevTaxabl field, not a current taxable. EstimatedT is an estimate, not a certified bill.","Q_U is stored on lastSale.qualified and is not used to drop sales.","Zoning is a centroid join to Zoning MapServer/13. Misses fall back to the parcel Zone1 code when that field is set.","FLU is a centroid join to Future Land Use FeatureServer/12. A parcel on a boundary gets one code. St. Cloud zoning and FLU override that join when the city PIN matches. Those city layers are not an Osceola county extract. Winter Springs EnerGov is Seminole and is not used.","Osceola and Lake zoning/FLU codes are not in the Orange zoning or FLU knowledge base, so multifamily filters treat them as unknown.","The appraiser link is the public map Pin URL. The CAMA search site is Cloudflare-gated from some networks. gis.osceola.org has an incomplete certificate chain; JSON queries still work.","OZ 2.0 here is the seven-market rural-eligible tract pack only. Income and AADT are joined at query time, not stored on the tile."]},"geometry":{"type":"Polygon","coordinates":[[[-80.967121,28.085758],[-80.966176,28.085758],[-80.966178,28.086664],[-80.965155,28.086664],[-80.965156,28.087117],[-80.967202,28.087116],[-80.967199,28.085758],[-80.967121,28.085758]]]}},{"type":"Feature","id":"12097:362733000033900000","properties":{"id":"12097:362733000033900000","parcelId":"362733000033900000","countyFips":"12097","countyName":"Osceola","state":"Florida","marketIds":["Orlando"],"situsAddress":"7321 POWERS RD","situsCity":"SAINT CLOUD","situsZip":"34773-","jurisdictionCode":null,"ownerName":"WILLIAMS CHARLES","ownerName2":"WILLIAMS SHEILA","propertyName":null,"zoningCode":"AC","zoningDistrict":"Agricultural","jurisdictionPrefix":null,"dorCode":"0211","acreage":5.0,"acreageSource":"osceola-total-acres","centroid":[-80.963552,28.092742],"lastSale":{"date":"2015-09-17","price":30000.0,"qualified":"U"},"tax":{"marketValue":77100.0,"assessedValue":30204.0,"taxableValue":24963.0,"taxes":30204.0},"mailingAddress":{"line1":"7321 POWERS RD","line2":null,"city":"SAINT CLOUD","state":"FL","zip":"34773-9185"},"incomeTract":null,"incomeBlockGroup":null,"nearestRoad":null,"flu":{"code":"rural/agricultural","label":"RURAL/AGRICULTURAL","jurisdiction":"Unincorporated","source":"osceola-flu-12"},"opportunityZone":null,"oz2Eligibility":{"eligible":true,"rural":true,"tractGeoid":"12097043802","tractName":"Census Tract 438.02","designation":"eligible-for-nomination","source":"rev-proc-2026-14"},"appraiserUrl":"https://maps.property-appraiser.org/?Pin=362733000033900000","source":"osceola-parcels-12097","dataGaps":["Acreage band is county TotalAcres from 5.0 through 150.0 on Parcels FeatureServer/3. This replaces the DOH extract.","Owner, mailing, sale, just value, assessed value, DOR code, and estimated tax come from that parcel layer.","Taxable value is the prior-roll PrevTaxabl field, not a current taxable. EstimatedT is an estimate, not a certified bill.","Q_U is stored on lastSale.qualified and is not used to drop sales.","Zoning is a centroid join to Zoning MapServer/13. Misses fall back to the parcel Zone1 code when that field is set.","FLU is a centroid join to Future Land Use FeatureServer/12. A parcel on a boundary gets one code. St. Cloud zoning and FLU override that join when the city PIN matches. Those city layers are not an Osceola county extract. Winter Springs EnerGov is Seminole and is not used.","Osceola and Lake zoning/FLU codes are not in the Orange zoning or FLU knowledge base, so multifamily filters treat them as unknown.","The appraiser link is the public map Pin URL. The CAMA search site is Cloudflare-gated from some networks. gis.osceola.org has an incomplete certificate chain; JSON queries still work.","OZ 2.0 here is the seven-market rural-eligible tract pack only. Income and AADT are joined at query time, not stored on the tile."]},"geometry":{"type":"Polygon","coordinates":[[[-80.96313,28.093468],[-80.963207,28.093469],[-80.964151,28.093466],[-80.964146,28.091652],[-80.963124,28.091654],[-80.96313,28.093468]]]}},{"type":"Feature","id":"12097:362733000034600000","properties":{"id":"12097:362733000034600000","parcelId":"362733000034600000","countyFips":"12097","countyName":"Osceola","state":"Florida","marketIds":["Orlando"],"situsAddress":"7321 MUSE RD","situsCity":"SAINT CLOUD","situsZip":"34773-","jurisdictionCode":null,"ownerName":"COFFRIN JOHN","ownerName2":"COFFRIN KRISTIN","propertyName":null,"zoningCode":"AC","zoningDistrict":"Agricultural","jurisdictionPrefix":null,"dorCode":"0001","acreage":5.0,"acreageSource":"osceola-total-acres","centroid":[-80.973355,28.091482],"lastSale":{"date":"2025-08-06","price":105000.0,"qualified":"Q"},"tax":{"marketValue":32000.0,"assessedValue":32000.0,"taxableValue":32000.0,"taxes":32000.0},"mailingAddress":{"line1":"1141 GLENDALE AVE","line2":null,"city":"PALM BAY","state":"FL","zip":"32907"},"incomeTract":null,"incomeBlockGroup":null,"nearestRoad":null,"flu":{"code":"rural/agricultural","label":"RURAL/AGRICULTURAL","jurisdiction":"Unincorporated","source":"osceola-flu-12"},"opportunityZone":null,"oz2Eligibility":{"eligible":true,"rural":true,"tractGeoid":"12097043802","tractName":"Census Tract 438.02","designation":"eligible-for-nomination","source":"rev-proc-2026-14"},"appraiserUrl":"https://maps.property-appraiser.org/?Pin=362733000034600000","source":"osceola-parcels-12097","dataGaps":["Acreage band is county TotalAcres from 5.0 through 150.0 on Parcels FeatureServer/3. This replaces the DOH extract.","Owner, mailing, sale, just value, assessed value, DOR code, and estimated tax come from that parcel layer.","Taxable value is the prior-roll PrevTaxabl field, not a current taxable. EstimatedT is an estimate, not a certified bill.","Q_U is stored on lastSale.qualified and is not used to drop sales.","Zoning is a centroid join to Zoning MapServer/13. Misses fall back to the parcel Zone1 code when that field is set.","FLU is a centroid join to Future Land Use FeatureServer/12. A parcel on a boundary gets one code. St. Cloud zoning and FLU override that join when the city PIN matches. Those city layers are not an Osceola county extract. Winter Springs EnerGov is Seminole and is not used.","Osceola and Lake zoning/FLU codes are not in the Orange zoning or FLU knowledge base, so multifamily filters treat them as unknown.","The appraiser link is the public map Pin URL. The CAMA search site is Cloudflare-gated from some networks. gis.osceola.org has an incomplete certificate chain; JSON queries still work.","OZ 2.0 here is the seven-market rural-eligible tract pack only. Income and AADT are joined at query time, not stored on the tile."]},"geometry":{"type":"Polygon","coordinates":[[[-80.97342,28.091181],[-80.973342,28.091181],[-80.97232,28.091183],[-80.972321,28.092087],[-80.974365,28.092082],[-80.974364,28.091179],[-80.97342,28.091181]]]}},{"type":"Feature","id":"12097:362733000034900000","properties":{"id":"12097:362733000034900000","parcelId":"362733000034900000","countyFips":"12097","countyName":"Osceola","state":"Florida","marketIds":["Orlando"],"situsAddress":"7331 HENRY LN","situsCity":"SAINT CLOUD","situsZip":"34773-","jurisdictionCode":null,"ownerName":"TRAVERS SHARON E","ownerName2":null,"propertyName":null,"zoningCode":"AC","zoningDistrict":"Agricultural","jurisdictionPrefix":null,"dorCode":"0111","acreage":12.5,"acreageSource":"osceola-total-acres","centroid":[-80.970278,28.091865],"lastSale":{"date":"2024-01-26","price":100.0,"qualified":"U"},"tax":{"marketValue":247900.0,"assessedValue":247900.0,"taxableValue":143739.0,"taxes":166489.0},"mailingAddress":{"line1":"7331 HENRY LN","line2":null,"city":"SAINT CLOUD","state":"FL","zip":"34773"},"incomeTract":null,"incomeBlockGroup":null,"nearestRoad":null,"flu":{"code":"rural/agricultural","label":"RURAL/AGRICULTURAL","jurisdiction":"Unincorporated","source":"osceola-flu-12"},"opportunityZone":null,"oz2Eligibility":{"eligible":true,"rural":true,"tractGeoid":"12097043802","tractName":"Census Tract 438.02","designation":"eligible-for-nomination","source":"rev-proc-2026-14"},"appraiserUrl":"https://maps.property-appraiser.org/?Pin=362733000034900000","source":"osceola-parcels-12097","dataGaps":["Acreage band is county TotalAcres from 5.0 through 150.0 on Parcels FeatureServer/3. This replaces the DOH extract.","Owner, mailing, sale, just value, assessed value, DOR code, and estimated tax come from that parcel layer.","Taxable value is the prior-roll PrevTaxabl field, not a current taxable. EstimatedT is an estimate, not a certified bill.","Q_U is stored on lastSale.qualified and is not used to drop sales.","Zoning is a centroid join to Zoning MapServer/13. Misses fall back to the parcel Zone1 code when that field is set.","FLU is a centroid join to Future Land Use FeatureServer/12. A parcel on a boundary gets one code. St. Cloud zoning and FLU override that join when the city PIN matches. Those city layers are not an Osceola county extract. Winter Springs EnerGov is Seminole and is not used.","Osceola and Lake zoning/FLU codes are not in the Orange zoning or FLU knowledge base, so multifamily filters treat them as unknown.","The appraiser link is the public map Pin URL. The CAMA search site is Cloudflare-gated from some networks. gis.osceola.org has an incomplete certificate chain; JSON queries still work.","OZ 2.0 here is the seven-market rural-eligible tract pack only. Income and AADT are joined at query time, not stored on the tile."]},"geometry":{"type":"Polygon","coordinates":[[[-80.971301,28.092993],[-80.971298,28.090732],[-80.969254,28.090736],[-80.969258,28.092999],[-80.971301,28.092993]]]}},{"type":"Feature","id":"12097:362733000035100000","properties":{"id":"12097:362733000035100000","parcelId":"362733000035100000","countyFips":"12097","countyName":"Osceola","state":"Florida","marketIds":["Orlando"],"situsAddress":"7330 CRABGRASS RD","situsCity":"SAINT CLOUD","situsZip":"34773-","jurisdictionCode":null,"ownerName":"MUMMA DAVID","ownerName2":"MUMMA SELENA","propertyName":null,"zoningCode":"AC","zoningDistrict":"Agricultural","jurisdictionPrefix":null,"dorCode":"0111","acreage":5.0,"acreageSource":"osceola-total-acres","centroid":[-80.968233,28.091492],"lastSale":{"date":"2022-10-07","price":85000.0,"qualified":"Q"},"tax":{"marketValue":325900.0,"assessedValue":325900.0,"taxableValue":13100.0,"taxes":274489.0},"mailingAddress":{"line1":"7330 CRABGRASS RD","line2":null,"city":"SAINT CLOUD","state":"FL","zip":"34773"},"incomeTract":null,"incomeBlockGroup":null,"nearestRoad":null,"flu":{"code":"rural/agricultural","label":"RURAL/AGRICULTURAL","jurisdiction":"Unincorporated","source":"osceola-flu-12"},"opportunityZone":null,"oz2Eligibility":{"eligible":true,"rural":true,"tractGeoid":"12097043802","tractName":"Census Tract 438.02","designation":"eligible-for-nomination","source":"rev-proc-2026-14"},"appraiserUrl":"https://maps.property-appraiser.org/?Pin=362733000035100000","source":"osceola-parcels-12097","dataGaps":["Acreage band is county TotalAcres from 5.0 through 150.0 on Parcels FeatureServer/3. This replaces the DOH extract.","Owner, mailing, sale, just value, assessed value, DOR code, and estimated tax come from that parcel layer.","Taxable value is the prior-roll PrevTaxabl field, not a current taxable. EstimatedT is an estimate, not a certified bill.","Q_U is stored on lastSale.qualified and is not used to drop sales.","Zoning is a centroid join to Zoning MapServer/13. Misses fall back to the parcel Zone1 code when that field is set.","FLU is a centroid join to Future Land Use FeatureServer/12. A parcel on a boundary gets one code. St. Cloud zoning and FLU override that join when the city PIN matches. Those city layers are not an Osceola county extract. Winter Springs EnerGov is Seminole and is not used.","Osceola and Lake zoning/FLU codes are not in the Orange zoning or FLU knowledge base, so multifamily filters treat them as unknown.","The appraiser link is the public map Pin URL. The CAMA search site is Cloudflare-gated from some networks. gis.osceola.org has an incomplete certificate chain; JSON queries still work.","OZ 2.0 here is the seven-market rural-eligible tract pack only. Income and AADT are joined at query time, not stored on the tile."]},"geometry":{"type":"Polygon","coordinates":[[[-80.969177,28.091189],[-80.967288,28.091192],[-80.967211,28.091192],[-80.967213,28.092098],[-80.969256,28.092094],[-80.969255,28.091189],[-80.969177,28.091189]]]}},{"type":"Feature","id":"12097:362733000038600000","properties":{"id":"12097:362733000038600000","parcelId":"362733000038600000","countyFips":"12097","countyName":"Osceola","state":"Florida","marketIds":["Orlando"],"situsAddress":"7350 CRABGRASS RD","situsCity":"SAINT CLOUD","situsZip":"34773-","jurisdictionCode":null,"ownerName":"SCHEIDT MATTHEW HOWARD","ownerName2":null,"propertyName":null,"zoningCode":"AC","zoningDistrict":"Agricultural","jurisdictionPrefix":null,"dorCode":"0111","acreage":7.5,"acreageSource":"osceola-total-acres","centroid":[-80.968232,28.090511],"lastSale":{"date":"2019-02-22","price":125000.0,"qualified":"Q"},"tax":{"marketValue":212900.0,"assessedValue":184380.0,"taxableValue":124474.0,"taxes":132969.0},"mailingAddress":{"line1":"7350 CRABGRASS RD","line2":null,"city":"SAINT CLOUD","state":"FL","zip":"34773-9612"},"incomeTract":null,"incomeBlockGroup":null,"nearestRoad":null,"flu":{"code":"rural/agricultural","label":"RURAL/AGRICULTURAL","jurisdiction":"Unincorporated","source":"osceola-flu-12"},"opportunityZone":null,"oz2Eligibility":{"eligible":true,"rural":true,"tractGeoid":"12097043802","tractName":"Census Tract 438.02","designation":"eligible-for-nomination","source":"rev-proc-2026-14"},"appraiserUrl":"https://maps.property-appraiser.org/?Pin=362733000038600000","source":"osceola-parcels-12097","dataGaps":["Acreage band is county TotalAcres from 5.0 through 150.0 on Parcels FeatureServer/3. This replaces the DOH extract.","Owner, mailing, sale, just value, assessed value, DOR code, and estimated tax come from that parcel layer.","Taxable value is the prior-roll PrevTaxabl field, not a current taxable. EstimatedT is an estimate, not a certified bill.","Q_U is stored on lastSale.qualified and is not used to drop sales.","Zoning is a centroid join to Zoning MapServer/13. Misses fall back to the parcel Zone1 code when that field is set.","FLU is a centroid join to Future Land Use FeatureServer/12. A parcel on a boundary gets one code. St. Cloud zoning and FLU override that join when the city PIN matches. Those city layers are not an Osceola county extract. Winter Springs EnerGov is Seminole and is not used.","Osceola and Lake zoning/FLU codes are not in the Orange zoning or FLU knowledge base, so multifamily filters treat them as unknown.","The appraiser link is the public map Pin URL. The CAMA search site is Cloudflare-gated from some networks. gis.osceola.org has an incomplete certificate chain; JSON queries still work.","OZ 2.0 here is the seven-market rural-eligible tract pack only. Income and AADT are joined at query time, not stored on the tile."]},"geometry":{"type":"Polygon","coordinates":[[[-80.969255,28.091189],[-80.969252,28.089831],[-80.967208,28.089834],[-80.967211,28.091192],[-80.969255,28.091189]]]}},{"type":"Feature","id":"12097:362733000039000000","properties":{"id":"12097:362733000039000000","parcelId":"362733000039000000","countyFips":"12097","countyName":"Osceola","state":"Florida","marketIds":["Orlando"],"situsAddress":"7341 POWERS RD","situsCity":"SAINT CLOUD","situsZip":"34773","jurisdictionCode":null,"ownerName":"RUSSO JOHN","ownerName2":null,"propertyName":null,"zoningCode":"AC","zoningDistrict":"Agricultural","jurisdictionPrefix":null,"dorCode":"0211","acreage":6.23,"acreageSource":"osceola-total-acres","centroid":[-80.962659,28.090657],"lastSale":{"date":"2011-03-15","price":100.0,"qualified":"U"},"tax":{"marketValue":72500.0,"assessedValue":72500.0,"taxableValue":66187.0,"taxes":72500.0},"mailingAddress":{"line1":"1611 WAINWRIGHT ST SE","line2":null,"city":"PALM BAY","state":"FL","zip":"32909-5720"},"incomeTract":null,"incomeBlockGroup":null,"nearestRoad":null,"flu":{"code":"rural/agricultural","label":"RURAL/AGRICULTURAL","jurisdiction":"Unincorporated","source":"osceola-flu-12"},"opportunityZone":null,"oz2Eligibility":{"eligible":true,"rural":true,"tractGeoid":"12097043802","tractName":"Census Tract 438.02","designation":"eligible-for-nomination","source":"rev-proc-2026-14"},"appraiserUrl":"https://maps.property-appraiser.org/?Pin=362733000039000000","source":"osceola-parcels-12097","dataGaps":["Acreage band is county TotalAcres from 5.0 through 150.0 on Parcels FeatureServer/3. This replaces the DOH extract.","Owner, mailing, sale, just value, assessed value, DOR code, and estimated tax come from that parcel layer.","Taxable value is the prior-roll PrevTaxabl field, not a current taxable. EstimatedT is an estimate, not a certified bill.","Q_U is stored on lastSale.qualified and is not used to drop sales.","Zoning is a centroid join to Zoning MapServer/13. Misses fall back to the parcel Zone1 code when that field is set.","FLU is a centroid join to Future Land Use FeatureServer/12. A parcel on a boundary gets one code. St. Cloud zoning and FLU override that join when the city PIN matches. Those city layers are not an Osceola county extract. Winter Springs EnerGov is Seminole and is not used.","Osceola and Lake zoning/FLU codes are not in the Orange zoning or FLU knowledge base, so multifamily filters treat them as unknown.","The appraiser link is the public map Pin URL. The CAMA search site is Cloudflare-gated from some networks. gis.osceola.org has an incomplete certificate chain; JSON queries still work.","OZ 2.0 here is the seven-market rural-eligible tract pack only. Income and AADT are joined at query time, not stored on the tile."]},"geometry":{"type":"Polygon","coordinates":[[[-80.961805,28.090295],[-80.9616,28.090297],[-80.961601,28.091205],[-80.964145,28.091198],[-80.964142,28.090291],[-80.961805,28.090295]]]}}]}