{"type":"FeatureCollection","name":"13161-0_18","features":[{"type":"Feature","id":"13161:0003  008","properties":{"id":"13161:0003  008","parcelId":"0003  008","countyFips":"13161","countyName":"Jeff Davis","state":"Georgia","marketIds":["Valdosta"],"situsAddress":null,"situsCity":null,"situsZip":null,"jurisdictionCode":null,"ownerName":null,"ownerName2":null,"propertyName":null,"zoningCode":null,"zoningDistrict":null,"jurisdictionPrefix":null,"dorCode":null,"acreage":19.9519,"centroid":[-82.815972,31.741226],"lastSale":{"date":null,"price":null,"qualified":null},"tax":{"marketValue":null,"assessedValue":null,"taxableValue":null,"taxes":null},"mailingAddress":{"line1":null,"line2":null,"city":null,"state":null,"zip":null},"incomeTract":null,"incomeBlockGroup":null,"nearestRoad":null,"flu":null,"opportunityZone":null,"oz2Eligibility":null,"source":"ga-jeff-davis-parcels-13161","appraiserUrl":"https://qpublic.schneidercorp.com/Application.aspx?App=JeffDavisCountyGA&Layer=Parcels&PageType=Report&KeyValue=0003%20%20008","gisViewerUrl":"https://www.arcgis.com/apps/mapviewer/index.html?url=https://services5.arcgis.com/HHvUPZ2XuLOAJxjR/arcgis/rest/services/JeffDavis_County_Wide_GeoData_view/FeatureServer"},"geometry":{"type":"MultiPolygon","coordinates":[[[[-82.815237,31.740207],[-82.815241,31.742588],[-82.816859,31.742579],[-82.817007,31.740485],[-82.815517,31.740271],[-82.815237,31.740207]]],[[[-82.818583,31.739482],[-82.818452,31.740585],[-82.818873,31.740678],[-82.81883,31.739452],[-82.818583,31.739482]]],[[[-82.815236,31.740091],[-82.815249,31.740095],[-82.815539,31.740162],[-82.818325,31.740563],[-82.818455,31.739468],[-82.815234,31.739003],[-82.815236,31.740091]]]]}},{"type":"Feature","id":"13161:0003  009","properties":{"id":"13161:0003  009","parcelId":"0003  009","countyFips":"13161","countyName":"Jeff Davis","state":"Georgia","marketIds":["Valdosta"],"situsAddress":null,"situsCity":null,"situsZip":null,"jurisdictionCode":null,"ownerName":null,"ownerName2":null,"propertyName":null,"zoningCode":null,"zoningDistrict":null,"jurisdictionPrefix":null,"dorCode":null,"acreage":85.929,"centroid":[-82.823079,31.739888],"lastSale":{"date":null,"price":null,"qualified":null},"tax":{"marketValue":null,"assessedValue":null,"taxableValue":null,"taxes":null},"mailingAddress":{"line1":null,"line2":null,"city":null,"state":null,"zip":null},"incomeTract":null,"incomeBlockGroup":null,"nearestRoad":null,"flu":null,"opportunityZone":null,"oz2Eligibility":null,"source":"ga-jeff-davis-parcels-13161","appraiserUrl":"https://qpublic.schneidercorp.com/Application.aspx?App=JeffDavisCountyGA&Layer=Parcels&PageType=Report&KeyValue=0003%20%20009","gisViewerUrl":"https://www.arcgis.com/apps/mapviewer/index.html?url=https://services5.arcgis.com/HHvUPZ2XuLOAJxjR/arcgis/rest/services/JeffDavis_County_Wide_GeoData_view/FeatureServer"},"geometry":{"type":"MultiPolygon","coordinates":[[[[-82.818877,31.740792],[-82.818941,31.742569],[-82.82255,31.74255],[-82.822548,31.741987],[-82.824172,31.741986],[-82.823891,31.741897],[-82.818877,31.740792]]],[[[-82.82443,31.741986],[-82.826227,31.741986],[-82.82617,31.736102],[-82.822524,31.736121],[-82.822535,31.739002],[-82.81883,31.739452],[-82.818873,31.740678],[-82.823923,31.74179],[-82.824198,31.741874],[-82.82443,31.741986]]]]}},{"type":"Feature","id":"13161:0003  009A","properties":{"id":"13161:0003  009A","parcelId":"0003  009A","countyFips":"13161","countyName":"Jeff Davis","state":"Georgia","marketIds":["Valdosta"],"situsAddress":null,"situsCity":null,"situsZip":null,"jurisdictionCode":null,"ownerName":null,"ownerName2":null,"propertyName":null,"zoningCode":null,"zoningDistrict":null,"jurisdictionPrefix":null,"dorCode":null,"acreage":105.0727,"centroid":[-82.830405,31.739927],"lastSale":{"date":null,"price":null,"qualified":null},"tax":{"marketValue":null,"assessedValue":null,"taxableValue":null,"taxes":null},"mailingAddress":{"line1":null,"line2":null,"city":null,"state":null,"zip":null},"incomeTract":null,"incomeBlockGroup":null,"nearestRoad":null,"flu":null,"opportunityZone":null,"oz2Eligibility":null,"source":"ga-jeff-davis-parcels-13161","appraiserUrl":"https://qpublic.schneidercorp.com/Application.aspx?App=JeffDavisCountyGA&Layer=Parcels&PageType=Report&KeyValue=0003%20%20009A","gisViewerUrl":"https://www.arcgis.com/apps/mapviewer/index.html?url=https://services5.arcgis.com/HHvUPZ2XuLOAJxjR/arcgis/rest/services/JeffDavis_County_Wide_GeoData_view/FeatureServer"},"geometry":{"type":"Polygon","coordinates":[[[-82.829855,31.741982],[-82.831922,31.74198],[-82.831903,31.740688],[-82.833415,31.740687],[-82.833346,31.736065],[-82.82617,31.736102],[-82.826227,31.741986],[-82.829855,31.741982]]]}},{"type":"Feature","id":"13161:0003  009B","properties":{"id":"13161:0003  009B","parcelId":"0003  009B","countyFips":"13161","countyName":"Jeff Davis","state":"Georgia","marketIds":["Valdosta"],"situsAddress":null,"situsCity":null,"situsZip":null,"jurisdictionCode":null,"ownerName":null,"ownerName2":null,"propertyName":null,"zoningCode":null,"zoningDistrict":null,"jurisdictionPrefix":null,"dorCode":null,"acreage":5.0708,"centroid":[-82.832668,31.741333],"lastSale":{"date":null,"price":null,"qualified":null},"tax":{"marketValue":null,"assessedValue":null,"taxableValue":null,"taxes":null},"mailingAddress":{"line1":null,"line2":null,"city":null,"state":null,"zip":null},"incomeTract":null,"incomeBlockGroup":null,"nearestRoad":null,"flu":null,"opportunityZone":null,"oz2Eligibility":null,"source":"ga-jeff-davis-parcels-13161","appraiserUrl":"https://qpublic.schneidercorp.com/Application.aspx?App=JeffDavisCountyGA&Layer=Parcels&PageType=Report&KeyValue=0003%20%20009B","gisViewerUrl":"https://www.arcgis.com/apps/mapviewer/index.html?url=https://services5.arcgis.com/HHvUPZ2XuLOAJxjR/arcgis/rest/services/JeffDavis_County_Wide_GeoData_view/FeatureServer"},"geometry":{"type":"Polygon","coordinates":[[[-82.831922,31.74198],[-82.833434,31.741979],[-82.833415,31.740687],[-82.831903,31.740688],[-82.831922,31.74198]]]}},{"type":"Feature","id":"13161:0003  011","properties":{"id":"13161:0003  011","parcelId":"0003  011","countyFips":"13161","countyName":"Jeff Davis","state":"Georgia","marketIds":["Valdosta"],"situsAddress":null,"situsCity":null,"situsZip":null,"jurisdictionCode":null,"ownerName":null,"ownerName2":null,"propertyName":null,"zoningCode":null,"zoningDistrict":null,"jurisdictionPrefix":null,"dorCode":null,"acreage":86.0521,"centroid":[-82.823333,31.747625],"lastSale":{"date":null,"price":null,"qualified":null},"tax":{"marketValue":null,"assessedValue":null,"taxableValue":null,"taxes":null},"mailingAddress":{"line1":null,"line2":null,"city":null,"state":null,"zip":null},"incomeTract":null,"incomeBlockGroup":null,"nearestRoad":null,"flu":null,"opportunityZone":null,"oz2Eligibility":null,"source":"ga-jeff-davis-parcels-13161","appraiserUrl":"https://qpublic.schneidercorp.com/Application.aspx?App=JeffDavisCountyGA&Layer=Parcels&PageType=Report&KeyValue=0003%20%20011","gisViewerUrl":"https://www.arcgis.com/apps/mapviewer/index.html?url=https://services5.arcgis.com/HHvUPZ2XuLOAJxjR/arcgis/rest/services/JeffDavis_County_Wide_GeoData_view/FeatureServer"},"geometry":{"type":"MultiPolygon","coordinates":[[[[-82.822556,31.744023],[-82.822573,31.748345],[-82.829877,31.748338],[-82.829864,31.744593],[-82.829477,31.744526],[-82.829205,31.744451],[-82.827625,31.743953],[-82.827196,31.743787],[-82.826956,31.743663],[-82.826987,31.743681],[-82.827009,31.746851],[-82.82591,31.746857],[-82.825883,31.743057],[-82.825232,31.742689],[-82.824858,31.743156],[-82.824276,31.744452],[-82.822859,31.744212],[-82.822556,31.744023]]],[[[-82.828951,31.744254],[-82.829249,31.744348],[-82.829511,31.74442],[-82.829863,31.744482],[-82.829855,31.741982],[-82.829264,31.741983],[-82.82911,31.743124],[-82.828505,31.743065],[-82.828381,31.743852],[-82.828801,31.743803],[-82.829157,31.743875],[-82.828951,31.744254]]],[[[-82.82443,31.741986],[-82.824451,31.741998],[-82.825309,31.7426],[-82.827022,31.743569],[-82.82701,31.741985],[-82.82443,31.741986]]]]}},{"type":"Feature","id":"13161:0003  011A","properties":{"id":"13161:0003  011A","parcelId":"0003  011A","countyFips":"13161","countyName":"Jeff Davis","state":"Georgia","marketIds":["Valdosta"],"situsAddress":null,"situsCity":null,"situsZip":null,"jurisdictionCode":null,"ownerName":null,"ownerName2":null,"propertyName":null,"zoningCode":null,"zoningDistrict":null,"jurisdictionPrefix":null,"dorCode":null,"acreage":9.0283,"centroid":[-82.827991,31.743153],"lastSale":{"date":null,"price":null,"qualified":null},"tax":{"marketValue":null,"assessedValue":null,"taxableValue":null,"taxes":null},"mailingAddress":{"line1":null,"line2":null,"city":null,"state":null,"zip":null},"incomeTract":null,"incomeBlockGroup":null,"nearestRoad":null,"flu":null,"opportunityZone":null,"oz2Eligibility":null,"source":"ga-jeff-davis-parcels-13161","appraiserUrl":"https://qpublic.schneidercorp.com/Application.aspx?App=JeffDavisCountyGA&Layer=Parcels&PageType=Report&KeyValue=0003%20%20011A","gisViewerUrl":"https://www.arcgis.com/apps/mapviewer/index.html?url=https://services5.arcgis.com/HHvUPZ2XuLOAJxjR/arcgis/rest/services/JeffDavis_County_Wide_GeoData_view/FeatureServer"},"geometry":{"type":"Polygon","coordinates":[[[-82.827022,31.743569],[-82.82711,31.743617],[-82.827573,31.743818],[-82.828334,31.744059],[-82.828505,31.743065],[-82.82911,31.743124],[-82.829264,31.741983],[-82.82701,31.741985],[-82.827022,31.743569]]]}},{"type":"Feature","id":"13161:0003  011C","properties":{"id":"13161:0003  011C","parcelId":"0003  011C","countyFips":"13161","countyName":"Jeff Davis","state":"Georgia","marketIds":["Valdosta"],"situsAddress":null,"situsCity":null,"situsZip":null,"jurisdictionCode":null,"ownerName":null,"ownerName2":null,"propertyName":null,"zoningCode":null,"zoningDistrict":null,"jurisdictionPrefix":null,"dorCode":null,"acreage":10.7328,"centroid":[-82.823831,31.742987],"lastSale":{"date":null,"price":null,"qualified":null},"tax":{"marketValue":null,"assessedValue":null,"taxableValue":null,"taxes":null},"mailingAddress":{"line1":null,"line2":null,"city":null,"state":null,"zip":null},"incomeTract":null,"incomeBlockGroup":null,"nearestRoad":null,"flu":null,"opportunityZone":null,"oz2Eligibility":null,"source":"ga-jeff-davis-parcels-13161","appraiserUrl":"https://qpublic.schneidercorp.com/Application.aspx?App=JeffDavisCountyGA&Layer=Parcels&PageType=Report&KeyValue=0003%20%20011C","gisViewerUrl":"https://www.arcgis.com/apps/mapviewer/index.html?url=https://services5.arcgis.com/HHvUPZ2XuLOAJxjR/arcgis/rest/services/JeffDavis_County_Wide_GeoData_view/FeatureServer"},"geometry":{"type":"Polygon","coordinates":[[[-82.822556,31.744023],[-82.822859,31.744212],[-82.823975,31.743709],[-82.824858,31.743156],[-82.825232,31.742689],[-82.824444,31.74213],[-82.824174,31.741986],[-82.822548,31.741987],[-82.822556,31.744023]]]}},{"type":"Feature","id":"13161:0003  011D","properties":{"id":"13161:0003  011D","parcelId":"0003  011D","countyFips":"13161","countyName":"Jeff Davis","state":"Georgia","marketIds":["Valdosta"],"situsAddress":null,"situsCity":null,"situsZip":null,"jurisdictionCode":null,"ownerName":null,"ownerName2":null,"propertyName":null,"zoningCode":null,"zoningDistrict":null,"jurisdictionPrefix":null,"dorCode":null,"acreage":12.285,"centroid":[-82.826447,31.745112],"lastSale":{"date":null,"price":null,"qualified":null},"tax":{"marketValue":null,"assessedValue":null,"taxableValue":null,"taxes":null},"mailingAddress":{"line1":null,"line2":null,"city":null,"state":null,"zip":null},"incomeTract":null,"incomeBlockGroup":null,"nearestRoad":null,"flu":null,"opportunityZone":null,"oz2Eligibility":null,"source":"ga-jeff-davis-parcels-13161","appraiserUrl":"https://qpublic.schneidercorp.com/Application.aspx?App=JeffDavisCountyGA&Layer=Parcels&PageType=Report&KeyValue=0003%20%20011D","gisViewerUrl":"https://www.arcgis.com/apps/mapviewer/index.html?url=https://services5.arcgis.com/HHvUPZ2XuLOAJxjR/arcgis/rest/services/JeffDavis_County_Wide_GeoData_view/FeatureServer"},"geometry":{"type":"MultiPolygon","coordinates":[[[[-82.825883,31.743057],[-82.82591,31.746857],[-82.827009,31.746851],[-82.826987,31.743681],[-82.825883,31.743057]]],[[[-82.822859,31.744212],[-82.824276,31.744452],[-82.824858,31.743156],[-82.823975,31.743709],[-82.822859,31.744212]]]]}},{"type":"Feature","id":"13161:0003  014","properties":{"id":"13161:0003  014","parcelId":"0003  014","countyFips":"13161","countyName":"Jeff Davis","state":"Georgia","marketIds":["Valdosta"],"situsAddress":null,"situsCity":null,"situsZip":null,"jurisdictionCode":null,"ownerName":null,"ownerName2":null,"propertyName":null,"zoningCode":null,"zoningDistrict":null,"jurisdictionPrefix":null,"dorCode":null,"acreage":109.2288,"centroid":[-82.834196,31.745449],"lastSale":{"date":null,"price":null,"qualified":null},"tax":{"marketValue":null,"assessedValue":null,"taxableValue":null,"taxes":null},"mailingAddress":{"line1":null,"line2":null,"city":null,"state":null,"zip":null},"incomeTract":null,"incomeBlockGroup":null,"nearestRoad":null,"flu":null,"opportunityZone":null,"oz2Eligibility":null,"source":"ga-jeff-davis-parcels-13161","appraiserUrl":"https://qpublic.schneidercorp.com/Application.aspx?App=JeffDavisCountyGA&Layer=Parcels&PageType=Report&KeyValue=0003%20%20014","gisViewerUrl":"https://www.arcgis.com/apps/mapviewer/index.html?url=https://services5.arcgis.com/HHvUPZ2XuLOAJxjR/arcgis/rest/services/JeffDavis_County_Wide_GeoData_view/FeatureServer"},"geometry":{"type":"MultiPolygon","coordinates":[[[[-82.829863,31.744482],[-82.829994,31.744499],[-82.831976,31.744687],[-82.832525,31.744697],[-82.835551,31.744376],[-82.835542,31.743594],[-82.836735,31.743515],[-82.836736,31.744263],[-82.836542,31.744274],[-82.836673,31.744298],[-82.836795,31.744367],[-82.836809,31.741993],[-82.829855,31.741982],[-82.829863,31.744482]],[[-82.832095,31.744076],[-82.830745,31.743602],[-82.831208,31.742879],[-82.832481,31.743473],[-82.832095,31.744076]]],[[[-82.829877,31.748338],[-82.836772,31.748332],[-82.836792,31.744858],[-82.836763,31.744519],[-82.836663,31.744417],[-82.836536,31.744383],[-82.832533,31.744807],[-82.831962,31.744796],[-82.829864,31.744593],[-82.829877,31.748338]]]]}},{"type":"Feature","id":"13161:0004  003B","properties":{"id":"13161:0004  003B","parcelId":"0004  003B","countyFips":"13161","countyName":"Jeff Davis","state":"Georgia","marketIds":["Valdosta"],"situsAddress":null,"situsCity":null,"situsZip":null,"jurisdictionCode":null,"ownerName":null,"ownerName2":null,"propertyName":null,"zoningCode":null,"zoningDistrict":null,"jurisdictionPrefix":null,"dorCode":null,"acreage":63.2544,"centroid":[-82.811213,31.73266],"lastSale":{"date":null,"price":null,"qualified":null},"tax":{"marketValue":null,"assessedValue":null,"taxableValue":null,"taxes":null},"mailingAddress":{"line1":null,"line2":null,"city":null,"state":null,"zip":null},"incomeTract":null,"incomeBlockGroup":null,"nearestRoad":null,"flu":null,"opportunityZone":null,"oz2Eligibility":null,"source":"ga-jeff-davis-parcels-13161","appraiserUrl":"https://qpublic.schneidercorp.com/Application.aspx?App=JeffDavisCountyGA&Layer=Parcels&PageType=Report&KeyValue=0004%20%20003B","gisViewerUrl":"https://www.arcgis.com/apps/mapviewer/index.html?url=https://services5.arcgis.com/HHvUPZ2XuLOAJxjR/arcgis/rest/services/JeffDavis_County_Wide_GeoData_view/FeatureServer"},"geometry":{"type":"Polygon","coordinates":[[[-82.812571,31.734186],[-82.814488,31.734208],[-82.814684,31.733635],[-82.815559,31.73366],[-82.813968,31.729398],[-82.807979,31.730575],[-82.807995,31.732086],[-82.807982,31.732355],[-82.807892,31.732796],[-82.807719,31.733219],[-82.812502,31.733143],[-82.812571,31.734186]]]}},{"type":"Feature","id":"13161:0004  003C","properties":{"id":"13161:0004  003C","parcelId":"0004  003C","countyFips":"13161","countyName":"Jeff Davis","state":"Georgia","marketIds":["Valdosta"],"situsAddress":null,"situsCity":null,"situsZip":null,"jurisdictionCode":null,"ownerName":null,"ownerName2":null,"propertyName":null,"zoningCode":null,"zoningDistrict":null,"jurisdictionPrefix":null,"dorCode":null,"acreage":59.7265,"centroid":[-82.816524,31.735469],"lastSale":{"date":null,"price":null,"qualified":null},"tax":{"marketValue":null,"assessedValue":null,"taxableValue":null,"taxes":null},"mailingAddress":{"line1":null,"line2":null,"city":null,"state":null,"zip":null},"incomeTract":null,"incomeBlockGroup":null,"nearestRoad":null,"flu":null,"opportunityZone":null,"oz2Eligibility":null,"source":"ga-jeff-davis-parcels-13161","appraiserUrl":"https://qpublic.schneidercorp.com/Application.aspx?App=JeffDavisCountyGA&Layer=Parcels&PageType=Report&KeyValue=0004%20%20003C","gisViewerUrl":"https://www.arcgis.com/apps/mapviewer/index.html?url=https://services5.arcgis.com/HHvUPZ2XuLOAJxjR/arcgis/rest/services/JeffDavis_County_Wide_GeoData_view/FeatureServer"},"geometry":{"type":"Polygon","coordinates":[[[-82.815234,31.739003],[-82.818455,31.739468],[-82.818807,31.736515],[-82.818796,31.736323],[-82.81875,31.7362],[-82.818677,31.736088],[-82.81752,31.734765],[-82.81741,31.734597],[-82.817311,31.734371],[-82.816504,31.734512],[-82.816408,31.734107],[-82.817196,31.733971],[-82.81712,31.733704],[-82.814684,31.733635],[-82.814488,31.734208],[-82.812571,31.734186],[-82.812283,31.73644],[-82.815217,31.736349],[-82.815234,31.739003]]]}},{"type":"Feature","id":"13161:0004  003D","properties":{"id":"13161:0004  003D","parcelId":"0004  003D","countyFips":"13161","countyName":"Jeff Davis","state":"Georgia","marketIds":["Valdosta"],"situsAddress":null,"situsCity":null,"situsZip":null,"jurisdictionCode":null,"ownerName":null,"ownerName2":null,"propertyName":null,"zoningCode":null,"zoningDistrict":null,"jurisdictionPrefix":null,"dorCode":null,"acreage":30.3773,"centroid":[-82.819904,31.737124],"lastSale":{"date":null,"price":null,"qualified":null},"tax":{"marketValue":null,"assessedValue":null,"taxableValue":null,"taxes":null},"mailingAddress":{"line1":null,"line2":null,"city":null,"state":null,"zip":null},"incomeTract":null,"incomeBlockGroup":null,"nearestRoad":null,"flu":null,"opportunityZone":null,"oz2Eligibility":null,"source":"ga-jeff-davis-parcels-13161","appraiserUrl":"https://qpublic.schneidercorp.com/Application.aspx?App=JeffDavisCountyGA&Layer=Parcels&PageType=Report&KeyValue=0004%20%20003D","gisViewerUrl":"https://www.arcgis.com/apps/mapviewer/index.html?url=https://services5.arcgis.com/HHvUPZ2XuLOAJxjR/arcgis/rest/services/JeffDavis_County_Wide_GeoData_view/FeatureServer"},"geometry":{"type":"Polygon","coordinates":[[[-82.818902,31.736234],[-82.81891,31.736258],[-82.818935,31.736378],[-82.818935,31.736526],[-82.818583,31.739482],[-82.822535,31.739002],[-82.822525,31.735985],[-82.818902,31.736234]]]}},{"type":"Feature","id":"13161:0004  003F","properties":{"id":"13161:0004  003F","parcelId":"0004  003F","countyFips":"13161","countyName":"Jeff Davis","state":"Georgia","marketIds":["Valdosta"],"situsAddress":null,"situsCity":null,"situsZip":null,"jurisdictionCode":null,"ownerName":null,"ownerName2":null,"propertyName":null,"zoningCode":null,"zoningDistrict":null,"jurisdictionPrefix":null,"dorCode":null,"acreage":27.9228,"centroid":[-82.81907,31.734915],"lastSale":{"date":null,"price":null,"qualified":null},"tax":{"marketValue":null,"assessedValue":null,"taxableValue":null,"taxes":null},"mailingAddress":{"line1":null,"line2":null,"city":null,"state":null,"zip":null},"incomeTract":null,"incomeBlockGroup":null,"nearestRoad":null,"flu":null,"opportunityZone":null,"oz2Eligibility":null,"source":"ga-jeff-davis-parcels-13161","appraiserUrl":"https://qpublic.schneidercorp.com/Application.aspx?App=JeffDavisCountyGA&Layer=Parcels&PageType=Report&KeyValue=0004%20%20003F","gisViewerUrl":"https://www.arcgis.com/apps/mapviewer/index.html?url=https://services5.arcgis.com/HHvUPZ2XuLOAJxjR/arcgis/rest/services/JeffDavis_County_Wide_GeoData_view/FeatureServer"},"geometry":{"type":"Polygon","coordinates":[[[-82.817254,31.733707],[-82.817421,31.734297],[-82.817504,31.734509],[-82.817627,31.734705],[-82.818783,31.736026],[-82.818902,31.736234],[-82.822525,31.735985],[-82.822542,31.733856],[-82.817254,31.733707]]]}},{"type":"Feature","id":"13161:0004  004","properties":{"id":"13161:0004  004","parcelId":"0004  004","countyFips":"13161","countyName":"Jeff Davis","state":"Georgia","marketIds":["Valdosta"],"situsAddress":null,"situsCity":null,"situsZip":null,"jurisdictionCode":null,"ownerName":null,"ownerName2":null,"propertyName":null,"zoningCode":null,"zoningDistrict":null,"jurisdictionPrefix":null,"dorCode":null,"acreage":111.0797,"centroid":[-82.812366,31.72518],"lastSale":{"date":null,"price":null,"qualified":null},"tax":{"marketValue":null,"assessedValue":null,"taxableValue":null,"taxes":null},"mailingAddress":{"line1":null,"line2":null,"city":null,"state":null,"zip":null},"incomeTract":null,"incomeBlockGroup":null,"nearestRoad":null,"flu":null,"opportunityZone":null,"oz2Eligibility":null,"source":"ga-jeff-davis-parcels-13161","appraiserUrl":"https://qpublic.schneidercorp.com/Application.aspx?App=JeffDavisCountyGA&Layer=Parcels&PageType=Report&KeyValue=0004%20%20004","gisViewerUrl":"https://www.arcgis.com/apps/mapviewer/index.html?url=https://services5.arcgis.com/HHvUPZ2XuLOAJxjR/arcgis/rest/services/JeffDavis_County_Wide_GeoData_view/FeatureServer"},"geometry":{"type":"Polygon","coordinates":[[[-82.8079,31.722984],[-82.807979,31.730575],[-82.815535,31.72909],[-82.813741,31.725301],[-82.812774,31.725417],[-82.812659,31.724755],[-82.813432,31.724647],[-82.813183,31.724113],[-82.813045,31.723753],[-82.812937,31.723386],[-82.812842,31.722959],[-82.8079,31.722984]]]}},{"type":"Feature","id":"13161:0004  005","properties":{"id":"13161:0004  005","parcelId":"0004  005","countyFips":"13161","countyName":"Jeff Davis","state":"Georgia","marketIds":["Valdosta"],"situsAddress":null,"situsCity":null,"situsZip":null,"jurisdictionCode":null,"ownerName":null,"ownerName2":null,"propertyName":null,"zoningCode":null,"zoningDistrict":null,"jurisdictionPrefix":null,"dorCode":null,"acreage":24.4593,"centroid":[-82.811181,31.721951],"lastSale":{"date":null,"price":null,"qualified":null},"tax":{"marketValue":null,"assessedValue":null,"taxableValue":null,"taxes":null},"mailingAddress":{"line1":null,"line2":null,"city":null,"state":null,"zip":null},"incomeTract":null,"incomeBlockGroup":null,"nearestRoad":null,"flu":null,"opportunityZone":null,"oz2Eligibility":null,"source":"ga-jeff-davis-parcels-13161","appraiserUrl":"https://qpublic.schneidercorp.com/Application.aspx?App=JeffDavisCountyGA&Layer=Parcels&PageType=Report&KeyValue=0004%20%20005","gisViewerUrl":"https://www.arcgis.com/apps/mapviewer/index.html?url=https://services5.arcgis.com/HHvUPZ2XuLOAJxjR/arcgis/rest/services/JeffDavis_County_Wide_GeoData_view/FeatureServer"},"geometry":{"type":"MultiPolygon","coordinates":[[[[-82.812842,31.722959],[-82.812719,31.72238],[-82.811431,31.722677],[-82.81113,31.722711],[-82.810888,31.722705],[-82.810648,31.72267],[-82.808816,31.722288],[-82.808391,31.722173],[-82.80789,31.722003],[-82.8079,31.722984],[-82.812842,31.722959]]],[[[-82.813584,31.721722],[-82.813549,31.721771],[-82.813423,31.721927],[-82.813215,31.722115],[-82.81284,31.722333],[-82.812973,31.722958],[-82.814525,31.72295],[-82.814521,31.722181],[-82.813584,31.721722]]],[[[-82.807882,31.7212],[-82.807888,31.721762],[-82.808477,31.721966],[-82.808884,31.722076],[-82.810759,31.722466],[-82.81112,31.722491],[-82.811426,31.722452],[-82.81243,31.722231],[-82.812666,31.72216],[-82.812884,31.722057],[-82.813079,31.721923],[-82.813245,31.721764],[-82.81336,31.721612],[-82.812438,31.72116],[-82.807882,31.7212]]]]}},{"type":"Feature","id":"13161:0004  006","properties":{"id":"13161:0004  006","parcelId":"0004  006","countyFips":"13161","countyName":"Jeff Davis","state":"Georgia","marketIds":["Valdosta"],"situsAddress":null,"situsCity":null,"situsZip":null,"jurisdictionCode":null,"ownerName":null,"ownerName2":null,"propertyName":null,"zoningCode":null,"zoningDistrict":null,"jurisdictionPrefix":null,"dorCode":null,"acreage":130.5666,"centroid":[-82.81209,31.718794],"lastSale":{"date":null,"price":null,"qualified":null},"tax":{"marketValue":null,"assessedValue":null,"taxableValue":null,"taxes":null},"mailingAddress":{"line1":null,"line2":null,"city":null,"state":null,"zip":null},"incomeTract":null,"incomeBlockGroup":null,"nearestRoad":null,"flu":null,"opportunityZone":null,"oz2Eligibility":null,"source":"ga-jeff-davis-parcels-13161","appraiserUrl":"https://qpublic.schneidercorp.com/Application.aspx?App=JeffDavisCountyGA&Layer=Parcels&PageType=Report&KeyValue=0004%20%20006","gisViewerUrl":"https://www.arcgis.com/apps/mapviewer/index.html?url=https://services5.arcgis.com/HHvUPZ2XuLOAJxjR/arcgis/rest/services/JeffDavis_County_Wide_GeoData_view/FeatureServer"},"geometry":{"type":"MultiPolygon","coordinates":[[[[-82.813584,31.721722],[-82.814521,31.722181],[-82.814509,31.720415],[-82.814391,31.720572],[-82.813584,31.721722]]],[[[-82.807882,31.7212],[-82.812438,31.72116],[-82.81336,31.721612],[-82.814171,31.720459],[-82.814507,31.720028],[-82.814466,31.713521],[-82.807809,31.713581],[-82.807882,31.7212]],[[-82.811049,31.718007],[-82.811176,31.717425],[-82.812302,31.717464],[-82.811679,31.718183],[-82.811049,31.718007]],[[-82.812585,31.716613],[-82.812882,31.716108],[-82.8135,31.716362],[-82.813124,31.716878],[-82.812585,31.716613]]]]}},{"type":"Feature","id":"13161:0004  007","properties":{"id":"13161:0004  007","parcelId":"0004  007","countyFips":"13161","countyName":"Jeff Davis","state":"Georgia","marketIds":["Valdosta"],"situsAddress":null,"situsCity":null,"situsZip":null,"jurisdictionCode":null,"ownerName":null,"ownerName2":null,"propertyName":null,"zoningCode":null,"zoningDistrict":null,"jurisdictionPrefix":null,"dorCode":null,"acreage":127.369,"centroid":[-82.818141,31.718363],"lastSale":{"date":null,"price":null,"qualified":null},"tax":{"marketValue":null,"assessedValue":null,"taxableValue":null,"taxes":null},"mailingAddress":{"line1":null,"line2":null,"city":null,"state":null,"zip":null},"incomeTract":null,"incomeBlockGroup":null,"nearestRoad":null,"flu":null,"opportunityZone":null,"oz2Eligibility":null,"source":"ga-jeff-davis-parcels-13161","appraiserUrl":"https://qpublic.schneidercorp.com/Application.aspx?App=JeffDavisCountyGA&Layer=Parcels&PageType=Report&KeyValue=0004%20%20007","gisViewerUrl":"https://www.arcgis.com/apps/mapviewer/index.html?url=https://services5.arcgis.com/HHvUPZ2XuLOAJxjR/arcgis/rest/services/JeffDavis_County_Wide_GeoData_view/FeatureServer"},"geometry":{"type":"MultiPolygon","coordinates":[[[[-82.814521,31.722181],[-82.814525,31.72295],[-82.822631,31.722909],[-82.822329,31.7144],[-82.820566,31.715148],[-82.820216,31.715336],[-82.819898,31.715562],[-82.818735,31.716575],[-82.819427,31.717236],[-82.81842,31.717624],[-82.817971,31.71724],[-82.815294,31.719575],[-82.814927,31.719924],[-82.814509,31.720415],[-82.814521,31.722181]],[[-82.81492,31.721497],[-82.81568,31.72101],[-82.816249,31.72166],[-82.815489,31.722146],[-82.81492,31.721497]]],[[[-82.814493,31.717736],[-82.814507,31.720027],[-82.814959,31.719557],[-82.81706,31.717721],[-82.814493,31.717736]]]]}},{"type":"Feature","id":"13161:0004  008","properties":{"id":"13161:0004  008","parcelId":"0004  008","countyFips":"13161","countyName":"Jeff Davis","state":"Georgia","marketIds":["Valdosta"],"situsAddress":null,"situsCity":null,"situsZip":null,"jurisdictionCode":null,"ownerName":null,"ownerName2":null,"propertyName":null,"zoningCode":null,"zoningDistrict":null,"jurisdictionPrefix":null,"dorCode":null,"acreage":29.4064,"centroid":[-82.821257,31.711691],"lastSale":{"date":null,"price":null,"qualified":null},"tax":{"marketValue":null,"assessedValue":null,"taxableValue":null,"taxes":null},"mailingAddress":{"line1":null,"line2":null,"city":null,"state":null,"zip":null},"incomeTract":null,"incomeBlockGroup":null,"nearestRoad":null,"flu":null,"opportunityZone":null,"oz2Eligibility":null,"source":"ga-jeff-davis-parcels-13161","appraiserUrl":"https://qpublic.schneidercorp.com/Application.aspx?App=JeffDavisCountyGA&Layer=Parcels&PageType=Report&KeyValue=0004%20%20008","gisViewerUrl":"https://www.arcgis.com/apps/mapviewer/index.html?url=https://services5.arcgis.com/HHvUPZ2XuLOAJxjR/arcgis/rest/services/JeffDavis_County_Wide_GeoData_view/FeatureServer"},"geometry":{"type":"Polygon","coordinates":[[[-82.818018,31.710765],[-82.818114,31.713487],[-82.822295,31.713449],[-82.82225,31.712167],[-82.822223,31.712011],[-82.822202,31.710953],[-82.822171,31.710858],[-82.822095,31.710785],[-82.821944,31.710744],[-82.818018,31.710765]]]}},{"type":"Feature","id":"13161:0004  009C","properties":{"id":"13161:0004  009C","parcelId":"0004  009C","countyFips":"13161","countyName":"Jeff Davis","state":"Georgia","marketIds":["Valdosta"],"situsAddress":null,"situsCity":null,"situsZip":null,"jurisdictionCode":null,"ownerName":null,"ownerName2":null,"propertyName":null,"zoningCode":null,"zoningDistrict":null,"jurisdictionPrefix":null,"dorCode":null,"acreage":16.4794,"centroid":[-82.824039,31.714949],"lastSale":{"date":null,"price":null,"qualified":null},"tax":{"marketValue":null,"assessedValue":null,"taxableValue":null,"taxes":null},"mailingAddress":{"line1":null,"line2":null,"city":null,"state":null,"zip":null},"incomeTract":null,"incomeBlockGroup":null,"nearestRoad":null,"flu":null,"opportunityZone":null,"oz2Eligibility":null,"source":"ga-jeff-davis-parcels-13161","appraiserUrl":"https://qpublic.schneidercorp.com/Application.aspx?App=JeffDavisCountyGA&Layer=Parcels&PageType=Report&KeyValue=0004%20%20009C","gisViewerUrl":"https://www.arcgis.com/apps/mapviewer/index.html?url=https://services5.arcgis.com/HHvUPZ2XuLOAJxjR/arcgis/rest/services/JeffDavis_County_Wide_GeoData_view/FeatureServer"},"geometry":{"type":"Polygon","coordinates":[[[-82.82289,31.714162],[-82.822942,31.717253],[-82.825209,31.71721],[-82.825199,31.715137],[-82.824827,31.71509],[-82.824307,31.714641],[-82.824701,31.713984],[-82.823824,31.713917],[-82.823956,31.714446],[-82.823377,31.714561],[-82.823194,31.714034],[-82.82289,31.714162]]]}},{"type":"Feature","id":"13161:0004  009D","properties":{"id":"13161:0004  009D","parcelId":"0004  009D","countyFips":"13161","countyName":"Jeff Davis","state":"Georgia","marketIds":["Valdosta"],"situsAddress":null,"situsCity":null,"situsZip":null,"jurisdictionCode":null,"ownerName":null,"ownerName2":null,"propertyName":null,"zoningCode":null,"zoningDistrict":null,"jurisdictionPrefix":null,"dorCode":null,"acreage":30.0665,"centroid":[-82.826431,31.715146],"lastSale":{"date":null,"price":null,"qualified":null},"tax":{"marketValue":null,"assessedValue":null,"taxableValue":null,"taxes":null},"mailingAddress":{"line1":null,"line2":null,"city":null,"state":null,"zip":null},"incomeTract":null,"incomeBlockGroup":null,"nearestRoad":null,"flu":null,"opportunityZone":null,"oz2Eligibility":null,"source":"ga-jeff-davis-parcels-13161","appraiserUrl":"https://qpublic.schneidercorp.com/Application.aspx?App=JeffDavisCountyGA&Layer=Parcels&PageType=Report&KeyValue=0004%20%20009D","gisViewerUrl":"https://www.arcgis.com/apps/mapviewer/index.html?url=https://services5.arcgis.com/HHvUPZ2XuLOAJxjR/arcgis/rest/services/JeffDavis_County_Wide_GeoData_view/FeatureServer"},"geometry":{"type":"Polygon","coordinates":[[[-82.824701,31.713984],[-82.824307,31.714641],[-82.824827,31.71509],[-82.825199,31.715137],[-82.825209,31.71721],[-82.828861,31.717142],[-82.828842,31.714546],[-82.828096,31.71431],[-82.827834,31.714256],[-82.824701,31.713984]]]}},{"type":"Feature","id":"13161:0004  009G","properties":{"id":"13161:0004  009G","parcelId":"0004  009G","countyFips":"13161","countyName":"Jeff Davis","state":"Georgia","marketIds":["Valdosta"],"situsAddress":null,"situsCity":null,"situsZip":null,"jurisdictionCode":null,"ownerName":null,"ownerName2":null,"propertyName":null,"zoningCode":null,"zoningDistrict":null,"jurisdictionPrefix":null,"dorCode":null,"acreage":17.3395,"centroid":[-82.825283,31.712549],"lastSale":{"date":null,"price":null,"qualified":null},"tax":{"marketValue":null,"assessedValue":null,"taxableValue":null,"taxes":null},"mailingAddress":{"line1":null,"line2":null,"city":null,"state":null,"zip":null},"incomeTract":null,"incomeBlockGroup":null,"nearestRoad":null,"flu":null,"opportunityZone":null,"oz2Eligibility":null,"source":"ga-jeff-davis-parcels-13161","appraiserUrl":"https://qpublic.schneidercorp.com/Application.aspx?App=JeffDavisCountyGA&Layer=Parcels&PageType=Report&KeyValue=0004%20%20009G","gisViewerUrl":"https://www.arcgis.com/apps/mapviewer/index.html?url=https://services5.arcgis.com/HHvUPZ2XuLOAJxjR/arcgis/rest/services/JeffDavis_County_Wide_GeoData_view/FeatureServer"},"geometry":{"type":"Polygon","coordinates":[[[-82.824375,31.713736],[-82.824787,31.713771],[-82.826478,31.71391],[-82.82645,31.710658],[-82.824325,31.710669],[-82.824375,31.713736]]]}},{"type":"Feature","id":"13161:0004  010","properties":{"id":"13161:0004  010","parcelId":"0004  010","countyFips":"13161","countyName":"Jeff Davis","state":"Georgia","marketIds":["Valdosta"],"situsAddress":null,"situsCity":null,"situsZip":null,"jurisdictionCode":null,"ownerName":null,"ownerName2":null,"propertyName":null,"zoningCode":null,"zoningDistrict":null,"jurisdictionPrefix":null,"dorCode":null,"acreage":105.2355,"centroid":[-82.831454,31.713623],"lastSale":{"date":null,"price":null,"qualified":null},"tax":{"marketValue":null,"assessedValue":null,"taxableValue":null,"taxes":null},"mailingAddress":{"line1":null,"line2":null,"city":null,"state":null,"zip":null},"incomeTract":null,"incomeBlockGroup":null,"nearestRoad":null,"flu":null,"opportunityZone":null,"oz2Eligibility":null,"source":"ga-jeff-davis-parcels-13161","appraiserUrl":"https://qpublic.schneidercorp.com/Application.aspx?App=JeffDavisCountyGA&Layer=Parcels&PageType=Report&KeyValue=0004%20%20010","gisViewerUrl":"https://www.arcgis.com/apps/mapviewer/index.html?url=https://services5.arcgis.com/HHvUPZ2XuLOAJxjR/arcgis/rest/services/JeffDavis_County_Wide_GeoData_view/FeatureServer"},"geometry":{"type":"MultiPolygon","coordinates":[[[[-82.828841,31.71431],[-82.830277,31.714784],[-82.835836,31.716618],[-82.836276,31.716721],[-82.836729,31.716773],[-82.83679,31.710604],[-82.828438,31.710648],[-82.828522,31.71186],[-82.828781,31.712332],[-82.828838,31.712375],[-82.829057,31.713036],[-82.829063,31.713415],[-82.828841,31.71431]]],[[[-82.828842,31.714546],[-82.828849,31.71542],[-82.829506,31.715417],[-82.830088,31.715186],[-82.830184,31.714989],[-82.828842,31.714546]]]]}},{"type":"Feature","id":"13161:0004  010A","properties":{"id":"13161:0004  010A","parcelId":"0004  010A","countyFips":"13161","countyName":"Jeff Davis","state":"Georgia","marketIds":["Valdosta"],"situsAddress":null,"situsCity":null,"situsZip":null,"jurisdictionCode":null,"ownerName":null,"ownerName2":null,"propertyName":null,"zoningCode":null,"zoningDistrict":null,"jurisdictionPrefix":null,"dorCode":null,"acreage":12.3321,"centroid":[-82.830049,31.715806],"lastSale":{"date":null,"price":null,"qualified":null},"tax":{"marketValue":null,"assessedValue":null,"taxableValue":null,"taxes":null},"mailingAddress":{"line1":null,"line2":null,"city":null,"state":null,"zip":null},"incomeTract":null,"incomeBlockGroup":null,"nearestRoad":null,"flu":null,"opportunityZone":null,"oz2Eligibility":null,"source":"ga-jeff-davis-parcels-13161","appraiserUrl":"https://qpublic.schneidercorp.com/Application.aspx?App=JeffDavisCountyGA&Layer=Parcels&PageType=Report&KeyValue=0004%20%20010A","gisViewerUrl":"https://www.arcgis.com/apps/mapviewer/index.html?url=https://services5.arcgis.com/HHvUPZ2XuLOAJxjR/arcgis/rest/services/JeffDavis_County_Wide_GeoData_view/FeatureServer"},"geometry":{"type":"Polygon","coordinates":[[[-82.828849,31.71542],[-82.828861,31.717142],[-82.831433,31.717093],[-82.831421,31.715397],[-82.830184,31.714989],[-82.830088,31.715186],[-82.829506,31.715417],[-82.828849,31.71542]]]}},{"type":"Feature","id":"13161:0004  011","properties":{"id":"13161:0004  011","parcelId":"0004  011","countyFips":"13161","countyName":"Jeff Davis","state":"Georgia","marketIds":["Valdosta"],"situsAddress":null,"situsCity":null,"situsZip":null,"jurisdictionCode":null,"ownerName":null,"ownerName2":null,"propertyName":null,"zoningCode":null,"zoningDistrict":null,"jurisdictionPrefix":null,"dorCode":null,"acreage":10.7346,"centroid":[-82.834313,31.71665],"lastSale":{"date":null,"price":null,"qualified":null},"tax":{"marketValue":null,"assessedValue":null,"taxableValue":null,"taxes":null},"mailingAddress":{"line1":null,"line2":null,"city":null,"state":null,"zip":null},"incomeTract":null,"incomeBlockGroup":null,"nearestRoad":null,"flu":null,"opportunityZone":null,"oz2Eligibility":null,"source":"ga-jeff-davis-parcels-13161","appraiserUrl":"https://qpublic.schneidercorp.com/Application.aspx?App=JeffDavisCountyGA&Layer=Parcels&PageType=Report&KeyValue=0004%20%20011","gisViewerUrl":"https://www.arcgis.com/apps/mapviewer/index.html?url=https://services5.arcgis.com/HHvUPZ2XuLOAJxjR/arcgis/rest/services/JeffDavis_County_Wide_GeoData_view/FeatureServer"},"geometry":{"type":"Polygon","coordinates":[[[-82.831421,31.715397],[-82.831433,31.717093],[-82.836727,31.716994],[-82.836233,31.716938],[-82.835752,31.716826],[-82.831421,31.715397]]]}},{"type":"Feature","id":"13161:0004  012","properties":{"id":"13161:0004  012","parcelId":"0004  012","countyFips":"13161","countyName":"Jeff Davis","state":"Georgia","marketIds":["Valdosta"],"situsAddress":null,"situsCity":null,"situsZip":null,"jurisdictionCode":null,"ownerName":null,"ownerName2":null,"propertyName":null,"zoningCode":null,"zoningDistrict":null,"jurisdictionPrefix":null,"dorCode":null,"acreage":58.025,"centroid":[-82.818837,31.715278],"lastSale":{"date":null,"price":null,"qualified":null},"tax":{"marketValue":null,"assessedValue":null,"taxableValue":null,"taxes":null},"mailingAddress":{"line1":null,"line2":null,"city":null,"state":null,"zip":null},"incomeTract":null,"incomeBlockGroup":null,"nearestRoad":null,"flu":null,"opportunityZone":null,"oz2Eligibility":null,"source":"ga-jeff-davis-parcels-13161","appraiserUrl":"https://qpublic.schneidercorp.com/Application.aspx?App=JeffDavisCountyGA&Layer=Parcels&PageType=Report&KeyValue=0004%20%20012","gisViewerUrl":"https://www.arcgis.com/apps/mapviewer/index.html?url=https://services5.arcgis.com/HHvUPZ2XuLOAJxjR/arcgis/rest/services/JeffDavis_County_Wide_GeoData_view/FeatureServer"},"geometry":{"type":"Polygon","coordinates":[[[-82.814466,31.713521],[-82.814493,31.717736],[-82.81706,31.717721],[-82.819641,31.715471],[-82.819975,31.715216],[-82.820444,31.714955],[-82.82232,31.714158],[-82.822295,31.713449],[-82.814466,31.713521]]]}},{"type":"Feature","id":"13161:0005  002A","properties":{"id":"13161:0005  002A","parcelId":"0005  002A","countyFips":"13161","countyName":"Jeff Davis","state":"Georgia","marketIds":["Valdosta"],"situsAddress":null,"situsCity":null,"situsZip":null,"jurisdictionCode":null,"ownerName":null,"ownerName2":null,"propertyName":null,"zoningCode":null,"zoningDistrict":null,"jurisdictionPrefix":null,"dorCode":null,"acreage":77.1583,"centroid":[-82.815947,31.710916],"lastSale":{"date":null,"price":null,"qualified":null},"tax":{"marketValue":null,"assessedValue":null,"taxableValue":null,"taxes":null},"mailingAddress":{"line1":null,"line2":null,"city":null,"state":null,"zip":null},"incomeTract":null,"incomeBlockGroup":null,"nearestRoad":null,"flu":null,"opportunityZone":null,"oz2Eligibility":null,"source":"ga-jeff-davis-parcels-13161","appraiserUrl":"https://qpublic.schneidercorp.com/Application.aspx?App=JeffDavisCountyGA&Layer=Parcels&PageType=Report&KeyValue=0005%20%20002A","gisViewerUrl":"https://www.arcgis.com/apps/mapviewer/index.html?url=https://services5.arcgis.com/HHvUPZ2XuLOAJxjR/arcgis/rest/services/JeffDavis_County_Wide_GeoData_view/FeatureServer"},"geometry":{"type":"Polygon","coordinates":[[[-82.817213,31.710659],[-82.817213,31.71066],[-82.817214,31.71077],[-82.807782,31.710819],[-82.807809,31.713581],[-82.818114,31.713487],[-82.818018,31.710765],[-82.817214,31.71077],[-82.817213,31.71066],[-82.818217,31.710654],[-82.818161,31.709071],[-82.817197,31.709096],[-82.817213,31.710659]]]}},{"type":"Feature","id":"13161:0005  004","properties":{"id":"13161:0005  004","parcelId":"0005  004","countyFips":"13161","countyName":"Jeff Davis","state":"Georgia","marketIds":["Valdosta"],"situsAddress":null,"situsCity":null,"situsZip":null,"jurisdictionCode":null,"ownerName":null,"ownerName2":null,"propertyName":null,"zoningCode":null,"zoningDistrict":null,"jurisdictionPrefix":null,"dorCode":null,"acreage":54.4641,"centroid":[-82.809837,31.694463],"lastSale":{"date":null,"price":null,"qualified":null},"tax":{"marketValue":null,"assessedValue":null,"taxableValue":null,"taxes":null},"mailingAddress":{"line1":null,"line2":null,"city":null,"state":null,"zip":null},"incomeTract":null,"incomeBlockGroup":null,"nearestRoad":null,"flu":null,"opportunityZone":null,"oz2Eligibility":null,"source":"ga-jeff-davis-parcels-13161","appraiserUrl":"https://qpublic.schneidercorp.com/Application.aspx?App=JeffDavisCountyGA&Layer=Parcels&PageType=Report&KeyValue=0005%20%20004","gisViewerUrl":"https://www.arcgis.com/apps/mapviewer/index.html?url=https://services5.arcgis.com/HHvUPZ2XuLOAJxjR/arcgis/rest/services/JeffDavis_County_Wide_GeoData_view/FeatureServer"},"geometry":{"type":"MultiPolygon","coordinates":[[[[-82.807342,31.697221],[-82.808619,31.697217],[-82.808954,31.696862],[-82.807338,31.695938],[-82.807342,31.697221]]],[[[-82.807338,31.695805],[-82.809034,31.696775],[-82.81003,31.695724],[-82.810463,31.69532],[-82.811169,31.694761],[-82.811674,31.694424],[-82.811665,31.691443],[-82.807324,31.691453],[-82.807338,31.695805]]],[[[-82.811581,31.694839],[-82.811267,31.695053],[-82.810656,31.695545],[-82.810119,31.696062],[-82.811544,31.695895],[-82.811581,31.694839]]]]}},{"type":"Feature","id":"13161:0005  004A","properties":{"id":"13161:0005  004A","parcelId":"0005  004A","countyFips":"13161","countyName":"Jeff Davis","state":"Georgia","marketIds":["Valdosta"],"situsAddress":null,"situsCity":null,"situsZip":null,"jurisdictionCode":null,"ownerName":null,"ownerName2":null,"propertyName":null,"zoningCode":null,"zoningDistrict":null,"jurisdictionPrefix":null,"dorCode":null,"acreage":6.1197,"centroid":[-82.810472,31.696489],"lastSale":{"date":null,"price":null,"qualified":null},"tax":{"marketValue":null,"assessedValue":null,"taxableValue":null,"taxes":null},"mailingAddress":{"line1":null,"line2":null,"city":null,"state":null,"zip":null},"incomeTract":null,"incomeBlockGroup":null,"nearestRoad":null,"flu":null,"opportunityZone":null,"oz2Eligibility":null,"source":"ga-jeff-davis-parcels-13161","appraiserUrl":"https://qpublic.schneidercorp.com/Application.aspx?App=JeffDavisCountyGA&Layer=Parcels&PageType=Report&KeyValue=0005%20%20004A","gisViewerUrl":"https://www.arcgis.com/apps/mapviewer/index.html?url=https://services5.arcgis.com/HHvUPZ2XuLOAJxjR/arcgis/rest/services/JeffDavis_County_Wide_GeoData_view/FeatureServer"},"geometry":{"type":"Polygon","coordinates":[[[-82.810119,31.696062],[-82.810076,31.696107],[-82.809032,31.697217],[-82.811587,31.697166],[-82.811544,31.695895],[-82.810119,31.696062]]]}},{"type":"Feature","id":"13161:0005  006","properties":{"id":"13161:0005  006","parcelId":"0005  006","countyFips":"13161","countyName":"Jeff Davis","state":"Georgia","marketIds":["Valdosta"],"situsAddress":null,"situsCity":null,"situsZip":null,"jurisdictionCode":null,"ownerName":null,"ownerName2":null,"propertyName":null,"zoningCode":null,"zoningDistrict":null,"jurisdictionPrefix":null,"dorCode":null,"acreage":98.7532,"centroid":[-82.827596,31.689997],"lastSale":{"date":null,"price":null,"qualified":null},"tax":{"marketValue":null,"assessedValue":null,"taxableValue":null,"taxes":null},"mailingAddress":{"line1":null,"line2":null,"city":null,"state":null,"zip":null},"incomeTract":null,"incomeBlockGroup":null,"nearestRoad":null,"flu":null,"opportunityZone":null,"oz2Eligibility":null,"source":"ga-jeff-davis-parcels-13161","appraiserUrl":"https://qpublic.schneidercorp.com/Application.aspx?App=JeffDavisCountyGA&Layer=Parcels&PageType=Report&KeyValue=0005%20%20006","gisViewerUrl":"https://www.arcgis.com/apps/mapviewer/index.html?url=https://services5.arcgis.com/HHvUPZ2XuLOAJxjR/arcgis/rest/services/JeffDavis_County_Wide_GeoData_view/FeatureServer"},"geometry":{"type":"Polygon","coordinates":[[[-82.826034,31.697144],[-82.829367,31.697137],[-82.829364,31.695932],[-82.829235,31.695931],[-82.829368,31.685259],[-82.827127,31.685271],[-82.827134,31.68637],[-82.82617,31.686375],[-82.826162,31.685276],[-82.825998,31.685277],[-82.826034,31.697144]]]}},{"type":"Feature","id":"13161:0005  006B","properties":{"id":"13161:0005  006B","parcelId":"0005  006B","countyFips":"13161","countyName":"Jeff Davis","state":"Georgia","marketIds":["Valdosta"],"situsAddress":null,"situsCity":null,"situsZip":null,"jurisdictionCode":null,"ownerName":null,"ownerName2":null,"propertyName":null,"zoningCode":null,"zoningDistrict":null,"jurisdictionPrefix":null,"dorCode":null,"acreage":122.0196,"centroid":[-82.824222,31.689405],"lastSale":{"date":null,"price":null,"qualified":null},"tax":{"marketValue":null,"assessedValue":null,"taxableValue":null,"taxes":null},"mailingAddress":{"line1":null,"line2":null,"city":null,"state":null,"zip":null},"incomeTract":null,"incomeBlockGroup":null,"nearestRoad":null,"flu":null,"opportunityZone":null,"oz2Eligibility":null,"source":"ga-jeff-davis-parcels-13161","appraiserUrl":"https://qpublic.schneidercorp.com/Application.aspx?App=JeffDavisCountyGA&Layer=Parcels&PageType=Report&KeyValue=0005%20%20006B","gisViewerUrl":"https://www.arcgis.com/apps/mapviewer/index.html?url=https://services5.arcgis.com/HHvUPZ2XuLOAJxjR/arcgis/rest/services/JeffDavis_County_Wide_GeoData_view/FeatureServer"},"geometry":{"type":"MultiPolygon","coordinates":[[[[-82.82297,31.685243],[-82.822137,31.685257],[-82.822175,31.685565],[-82.822236,31.685755],[-82.822352,31.685866],[-82.823924,31.685227],[-82.82297,31.685243]]],[[[-82.822007,31.697151],[-82.826034,31.697144],[-82.825998,31.685277],[-82.824731,31.685283],[-82.824572,31.685258],[-82.821987,31.686318],[-82.822007,31.697151]]]]}},{"type":"Feature","id":"13161:0005  006C","properties":{"id":"13161:0005  006C","parcelId":"0005  006C","countyFips":"13161","countyName":"Jeff Davis","state":"Georgia","marketIds":["Valdosta"],"situsAddress":null,"situsCity":null,"situsZip":null,"jurisdictionCode":null,"ownerName":null,"ownerName2":null,"propertyName":null,"zoningCode":null,"zoningDistrict":null,"jurisdictionPrefix":null,"dorCode":null,"acreage":99.6727,"centroid":[-82.814336,31.6956],"lastSale":{"date":null,"price":null,"qualified":null},"tax":{"marketValue":null,"assessedValue":null,"taxableValue":null,"taxes":null},"mailingAddress":{"line1":null,"line2":null,"city":null,"state":null,"zip":null},"incomeTract":null,"incomeBlockGroup":null,"nearestRoad":null,"flu":null,"opportunityZone":null,"oz2Eligibility":null,"source":"ga-jeff-davis-parcels-13161","appraiserUrl":"https://qpublic.schneidercorp.com/Application.aspx?App=JeffDavisCountyGA&Layer=Parcels&PageType=Report&KeyValue=0005%20%20006C","gisViewerUrl":"https://www.arcgis.com/apps/mapviewer/index.html?url=https://services5.arcgis.com/HHvUPZ2XuLOAJxjR/arcgis/rest/services/JeffDavis_County_Wide_GeoData_view/FeatureServer"},"geometry":{"type":"Polygon","coordinates":[[[-82.811587,31.697166],[-82.811587,31.697166],[-82.811589,31.697204],[-82.822007,31.697151],[-82.822001,31.693516],[-82.8148,31.693097],[-82.812325,31.694374],[-82.811581,31.694829],[-82.811544,31.695895],[-82.811587,31.697166]]]}},{"type":"Feature","id":"13161:0005  006D","properties":{"id":"13161:0005  006D","parcelId":"0005  006D","countyFips":"13161","countyName":"Jeff Davis","state":"Georgia","marketIds":["Valdosta"],"situsAddress":null,"situsCity":null,"situsZip":null,"jurisdictionCode":null,"ownerName":null,"ownerName2":null,"propertyName":null,"zoningCode":null,"zoningDistrict":null,"jurisdictionPrefix":null,"dorCode":null,"acreage":60.3963,"centroid":[-82.821448,31.692737],"lastSale":{"date":null,"price":null,"qualified":null},"tax":{"marketValue":null,"assessedValue":null,"taxableValue":null,"taxes":null},"mailingAddress":{"line1":null,"line2":null,"city":null,"state":null,"zip":null},"incomeTract":null,"incomeBlockGroup":null,"nearestRoad":null,"flu":null,"opportunityZone":null,"oz2Eligibility":null,"source":"ga-jeff-davis-parcels-13161","appraiserUrl":"https://qpublic.schneidercorp.com/Application.aspx?App=JeffDavisCountyGA&Layer=Parcels&PageType=Report&KeyValue=0005%20%20006D","gisViewerUrl":"https://www.arcgis.com/apps/mapviewer/index.html?url=https://services5.arcgis.com/HHvUPZ2XuLOAJxjR/arcgis/rest/services/JeffDavis_County_Wide_GeoData_view/FeatureServer"},"geometry":{"type":"Polygon","coordinates":[[[-82.8148,31.693097],[-82.822001,31.693516],[-82.821987,31.686318],[-82.821327,31.686594],[-82.820942,31.686809],[-82.820515,31.687138],[-82.82016,31.687523],[-82.819985,31.687778],[-82.819801,31.688138],[-82.819322,31.689553],[-82.819173,31.689888],[-82.818914,31.69031],[-82.818759,31.690509],[-82.818497,31.690788],[-82.818098,31.691122],[-82.816798,31.691996],[-82.815939,31.692504],[-82.8148,31.693097]]]}},{"type":"Feature","id":"13161:0005  007","properties":{"id":"13161:0005  007","parcelId":"0005  007","countyFips":"13161","countyName":"Jeff Davis","state":"Georgia","marketIds":["Valdosta"],"situsAddress":null,"situsCity":null,"situsZip":null,"jurisdictionCode":null,"ownerName":null,"ownerName2":null,"propertyName":null,"zoningCode":null,"zoningDistrict":null,"jurisdictionPrefix":null,"dorCode":null,"acreage":70.513,"centroid":[-82.832295,31.695403],"lastSale":{"date":null,"price":null,"qualified":null},"tax":{"marketValue":null,"assessedValue":null,"taxableValue":null,"taxes":null},"mailingAddress":{"line1":null,"line2":null,"city":null,"state":null,"zip":null},"incomeTract":null,"incomeBlockGroup":null,"nearestRoad":null,"flu":null,"opportunityZone":null,"oz2Eligibility":null,"source":"ga-jeff-davis-parcels-13161","appraiserUrl":"https://qpublic.schneidercorp.com/Application.aspx?App=JeffDavisCountyGA&Layer=Parcels&PageType=Report&KeyValue=0005%20%20007","gisViewerUrl":"https://www.arcgis.com/apps/mapviewer/index.html?url=https://services5.arcgis.com/HHvUPZ2XuLOAJxjR/arcgis/rest/services/JeffDavis_County_Wide_GeoData_view/FeatureServer"},"geometry":{"type":"Polygon","coordinates":[[[-82.829367,31.697137],[-82.836673,31.697123],[-82.836679,31.693261],[-82.829393,31.693562],[-82.829364,31.695932],[-82.829367,31.697137]]]}},{"type":"Feature","id":"13161:0005  008","properties":{"id":"13161:0005  008","parcelId":"0005  008","countyFips":"13161","countyName":"Jeff Davis","state":"Georgia","marketIds":["Valdosta"],"situsAddress":null,"situsCity":null,"situsZip":null,"jurisdictionCode":null,"ownerName":null,"ownerName2":null,"propertyName":null,"zoningCode":null,"zoningDistrict":null,"jurisdictionPrefix":null,"dorCode":null,"acreage":81.4599,"centroid":[-82.833459,31.689554],"lastSale":{"date":null,"price":null,"qualified":null},"tax":{"marketValue":null,"assessedValue":null,"taxableValue":null,"taxes":null},"mailingAddress":{"line1":null,"line2":null,"city":null,"state":null,"zip":null},"incomeTract":null,"incomeBlockGroup":null,"nearestRoad":null,"flu":null,"opportunityZone":null,"oz2Eligibility":null,"source":"ga-jeff-davis-parcels-13161","appraiserUrl":"https://qpublic.schneidercorp.com/Application.aspx?App=JeffDavisCountyGA&Layer=Parcels&PageType=Report&KeyValue=0005%20%20008","gisViewerUrl":"https://www.arcgis.com/apps/mapviewer/index.html?url=https://services5.arcgis.com/HHvUPZ2XuLOAJxjR/arcgis/rest/services/JeffDavis_County_Wide_GeoData_view/FeatureServer"},"geometry":{"type":"Polygon","coordinates":[[[-82.829469,31.687461],[-82.829393,31.693562],[-82.836679,31.693261],[-82.836682,31.691727],[-82.836565,31.691688],[-82.836546,31.691608],[-82.836309,31.69131],[-82.836213,31.691151],[-82.836046,31.691042],[-82.835981,31.690971],[-82.83587,31.690818],[-82.835692,31.690491],[-82.835567,31.690347],[-82.835337,31.690161],[-82.835181,31.689926],[-82.835,31.689836],[-82.834592,31.689749],[-82.834413,31.689654],[-82.834338,31.689591],[-82.834107,31.68929],[-82.833944,31.689177],[-82.833843,31.689153],[-82.833705,31.689018],[-82.833496,31.688562],[-82.833187,31.688562],[-82.833087,31.688535],[-82.832905,31.688444],[-82.832702,31.6884],[-82.832388,31.688427],[-82.831983,31.688528],[-82.831773,31.688543],[-82.83167,31.688525],[-82.831295,31.68836],[-82.831195,31.688333],[-82.830778,31.688287],[-82.830681,31.688253],[-82.830335,31.688047],[-82.829943,31.687916],[-82.829857,31.687864],[-82.829608,31.687573],[-82.829469,31.687461]]]}},{"type":"Feature","id":"13161:0005  009","properties":{"id":"13161:0005  009","parcelId":"0005  009","countyFips":"13161","countyName":"Jeff Davis","state":"Georgia","marketIds":["Valdosta"],"situsAddress":null,"situsCity":null,"situsZip":null,"jurisdictionCode":null,"ownerName":null,"ownerName2":null,"propertyName":null,"zoningCode":null,"zoningDistrict":null,"jurisdictionPrefix":null,"dorCode":null,"acreage":74.4924,"centroid":[-82.833113,31.688533],"lastSale":{"date":null,"price":null,"qualified":null},"tax":{"marketValue":null,"assessedValue":null,"taxableValue":null,"taxes":null},"mailingAddress":{"line1":null,"line2":null,"city":null,"state":null,"zip":null},"incomeTract":null,"incomeBlockGroup":null,"nearestRoad":null,"flu":null,"opportunityZone":null,"oz2Eligibility":null,"source":"ga-jeff-davis-parcels-13161","appraiserUrl":"https://qpublic.schneidercorp.com/Application.aspx?App=JeffDavisCountyGA&Layer=Parcels&PageType=Report&KeyValue=0005%20%20009","gisViewerUrl":"https://www.arcgis.com/apps/mapviewer/index.html?url=https://services5.arcgis.com/HHvUPZ2XuLOAJxjR/arcgis/rest/services/JeffDavis_County_Wide_GeoData_view/FeatureServer"},"geometry":{"type":"Polygon","coordinates":[[[-82.830785,31.685234],[-82.829496,31.685258],[-82.829469,31.687461],[-82.829608,31.687573],[-82.829857,31.687864],[-82.829943,31.687916],[-82.830335,31.688047],[-82.830681,31.688253],[-82.830881,31.688308],[-82.831091,31.688318],[-82.831295,31.68836],[-82.83167,31.688525],[-82.831773,31.688543],[-82.831983,31.688528],[-82.832388,31.688427],[-82.832702,31.6884],[-82.832905,31.688444],[-82.833087,31.688535],[-82.833187,31.688562],[-82.833496,31.688562],[-82.833705,31.689018],[-82.833843,31.689153],[-82.833944,31.689177],[-82.834107,31.68929],[-82.834338,31.689591],[-82.834413,31.689654],[-82.834592,31.689749],[-82.835,31.689836],[-82.835181,31.689926],[-82.835337,31.690161],[-82.835567,31.690347],[-82.835692,31.690491],[-82.83587,31.690818],[-82.835981,31.690971],[-82.836046,31.691042],[-82.836213,31.691151],[-82.836309,31.69131],[-82.836546,31.691608],[-82.836565,31.691688],[-82.836682,31.691727],[-82.836693,31.68501],[-82.832029,31.685101],[-82.832032,31.685211],[-82.831455,31.685221],[-82.831467,31.685885],[-82.831316,31.685884],[-82.831091,31.685836],[-82.830796,31.685623],[-82.830785,31.685234]]]}},{"type":"Feature","id":"13161:0006  002","properties":{"id":"13161:0006  002","parcelId":"0006  002","countyFips":"13161","countyName":"Jeff Davis","state":"Georgia","marketIds":["Valdosta"],"situsAddress":null,"situsCity":null,"situsZip":null,"jurisdictionCode":null,"ownerName":null,"ownerName2":null,"propertyName":null,"zoningCode":null,"zoningDistrict":null,"jurisdictionPrefix":null,"dorCode":null,"acreage":81.6153,"centroid":[-82.824695,31.683585],"lastSale":{"date":null,"price":null,"qualified":null},"tax":{"marketValue":null,"assessedValue":null,"taxableValue":null,"taxes":null},"mailingAddress":{"line1":null,"line2":null,"city":null,"state":null,"zip":null},"incomeTract":null,"incomeBlockGroup":null,"nearestRoad":null,"flu":null,"opportunityZone":null,"oz2Eligibility":null,"source":"ga-jeff-davis-parcels-13161","appraiserUrl":"https://qpublic.schneidercorp.com/Application.aspx?App=JeffDavisCountyGA&Layer=Parcels&PageType=Report&KeyValue=0006%20%20002","gisViewerUrl":"https://www.arcgis.com/apps/mapviewer/index.html?url=https://services5.arcgis.com/HHvUPZ2XuLOAJxjR/arcgis/rest/services/JeffDavis_County_Wide_GeoData_view/FeatureServer"},"geometry":{"type":"MultiPolygon","coordinates":[[[[-82.822126,31.684326],[-82.822949,31.684318],[-82.82297,31.685243],[-82.823924,31.685227],[-82.824575,31.68494],[-82.8248,31.684822],[-82.829422,31.682273],[-82.829411,31.680494],[-82.822082,31.680626],[-82.822126,31.684326]]],[[[-82.829424,31.682599],[-82.824974,31.685053],[-82.824746,31.685173],[-82.82944,31.685149],[-82.829424,31.682599]]]]}},{"type":"Feature","id":"13161:0006  003","properties":{"id":"13161:0006  003","parcelId":"0006  003","countyFips":"13161","countyName":"Jeff Davis","state":"Georgia","marketIds":["Valdosta"],"situsAddress":null,"situsCity":null,"situsZip":null,"jurisdictionCode":null,"ownerName":null,"ownerName2":null,"propertyName":null,"zoningCode":null,"zoningDistrict":null,"jurisdictionPrefix":null,"dorCode":null,"acreage":48.6226,"centroid":[-82.820425,31.683309],"lastSale":{"date":null,"price":null,"qualified":null},"tax":{"marketValue":null,"assessedValue":null,"taxableValue":null,"taxes":null},"mailingAddress":{"line1":null,"line2":null,"city":null,"state":null,"zip":null},"incomeTract":null,"incomeBlockGroup":null,"nearestRoad":null,"flu":null,"opportunityZone":null,"oz2Eligibility":null,"source":"ga-jeff-davis-parcels-13161","appraiserUrl":"https://qpublic.schneidercorp.com/Application.aspx?App=JeffDavisCountyGA&Layer=Parcels&PageType=Report&KeyValue=0006%20%20003","gisViewerUrl":"https://www.arcgis.com/apps/mapviewer/index.html?url=https://services5.arcgis.com/HHvUPZ2XuLOAJxjR/arcgis/rest/services/JeffDavis_County_Wide_GeoData_view/FeatureServer"},"geometry":{"type":"Polygon","coordinates":[[[-82.821434,31.681328],[-82.815344,31.681432],[-82.818879,31.685204],[-82.821213,31.685185],[-82.821204,31.68414],[-82.821943,31.684139],[-82.821935,31.682518],[-82.821444,31.682527],[-82.821434,31.681328]]]}},{"type":"Feature","id":"13161:0006  003A","properties":{"id":"13161:0006  003A","parcelId":"0006  003A","countyFips":"13161","countyName":"Jeff Davis","state":"Georgia","marketIds":["Valdosta"],"situsAddress":null,"situsCity":null,"situsZip":null,"jurisdictionCode":null,"ownerName":null,"ownerName2":null,"propertyName":null,"zoningCode":null,"zoningDistrict":null,"jurisdictionPrefix":null,"dorCode":null,"acreage":80.8153,"centroid":[-82.813213,31.683365],"lastSale":{"date":null,"price":null,"qualified":null},"tax":{"marketValue":null,"assessedValue":null,"taxableValue":null,"taxes":null},"mailingAddress":{"line1":null,"line2":null,"city":null,"state":null,"zip":null},"incomeTract":null,"incomeBlockGroup":null,"nearestRoad":null,"flu":null,"opportunityZone":null,"oz2Eligibility":null,"source":"ga-jeff-davis-parcels-13161","appraiserUrl":"https://qpublic.schneidercorp.com/Application.aspx?App=JeffDavisCountyGA&Layer=Parcels&PageType=Report&KeyValue=0006%20%20003A","gisViewerUrl":"https://www.arcgis.com/apps/mapviewer/index.html?url=https://services5.arcgis.com/HHvUPZ2XuLOAJxjR/arcgis/rest/services/JeffDavis_County_Wide_GeoData_view/FeatureServer"},"geometry":{"type":"Polygon","coordinates":[[[-82.821981,31.68526],[-82.821971,31.685179],[-82.818879,31.685204],[-82.815344,31.681432],[-82.81119,31.681503],[-82.811446,31.68177],[-82.811475,31.6823],[-82.81126,31.682835],[-82.811132,31.682972],[-82.811169,31.683176],[-82.811365,31.68336],[-82.807258,31.683341],[-82.807305,31.685409],[-82.821981,31.68526]]]}},{"type":"Feature","id":"13161:0006  005","properties":{"id":"13161:0006  005","parcelId":"0006  005","countyFips":"13161","countyName":"Jeff Davis","state":"Georgia","marketIds":["Valdosta"],"situsAddress":null,"situsCity":null,"situsZip":null,"jurisdictionCode":null,"ownerName":null,"ownerName2":null,"propertyName":null,"zoningCode":null,"zoningDistrict":null,"jurisdictionPrefix":null,"dorCode":null,"acreage":5.386,"centroid":[-82.810606,31.682944],"lastSale":{"date":null,"price":null,"qualified":null},"tax":{"marketValue":null,"assessedValue":null,"taxableValue":null,"taxes":null},"mailingAddress":{"line1":null,"line2":null,"city":null,"state":null,"zip":null},"incomeTract":null,"incomeBlockGroup":null,"nearestRoad":null,"flu":null,"opportunityZone":null,"oz2Eligibility":null,"source":"ga-jeff-davis-parcels-13161","appraiserUrl":"https://qpublic.schneidercorp.com/Application.aspx?App=JeffDavisCountyGA&Layer=Parcels&PageType=Report&KeyValue=0006%20%20005","gisViewerUrl":"https://www.arcgis.com/apps/mapviewer/index.html?url=https://services5.arcgis.com/HHvUPZ2XuLOAJxjR/arcgis/rest/services/JeffDavis_County_Wide_GeoData_view/FeatureServer"},"geometry":{"type":"Polygon","coordinates":[[[-82.80897,31.683351],[-82.811365,31.68336],[-82.811169,31.683176],[-82.811132,31.682972],[-82.81126,31.682835],[-82.81141,31.682462],[-82.808935,31.68245],[-82.80897,31.683351]]]}},{"type":"Feature","id":"13161:0006  008","properties":{"id":"13161:0006  008","parcelId":"0006  008","countyFips":"13161","countyName":"Jeff Davis","state":"Georgia","marketIds":["Valdosta"],"situsAddress":null,"situsCity":null,"situsZip":null,"jurisdictionCode":null,"ownerName":null,"ownerName2":null,"propertyName":null,"zoningCode":null,"zoningDistrict":null,"jurisdictionPrefix":null,"dorCode":null,"acreage":5.866,"centroid":[-82.810569,31.682016],"lastSale":{"date":null,"price":null,"qualified":null},"tax":{"marketValue":null,"assessedValue":null,"taxableValue":null,"taxes":null},"mailingAddress":{"line1":null,"line2":null,"city":null,"state":null,"zip":null},"incomeTract":null,"incomeBlockGroup":null,"nearestRoad":null,"flu":null,"opportunityZone":null,"oz2Eligibility":null,"source":"ga-jeff-davis-parcels-13161","appraiserUrl":"https://qpublic.schneidercorp.com/Application.aspx?App=JeffDavisCountyGA&Layer=Parcels&PageType=Report&KeyValue=0006%20%20008","gisViewerUrl":"https://www.arcgis.com/apps/mapviewer/index.html?url=https://services5.arcgis.com/HHvUPZ2XuLOAJxjR/arcgis/rest/services/JeffDavis_County_Wide_GeoData_view/FeatureServer"},"geometry":{"type":"Polygon","coordinates":[[[-82.808935,31.68245],[-82.81141,31.682462],[-82.811475,31.6823],[-82.811446,31.68177],[-82.811247,31.681562],[-82.808901,31.681551],[-82.808935,31.68245]]]}},{"type":"Feature","id":"13161:0006  010","properties":{"id":"13161:0006  010","parcelId":"0006  010","countyFips":"13161","countyName":"Jeff Davis","state":"Georgia","marketIds":["Valdosta"],"situsAddress":null,"situsCity":null,"situsZip":null,"jurisdictionCode":null,"ownerName":null,"ownerName2":null,"propertyName":null,"zoningCode":null,"zoningDistrict":null,"jurisdictionPrefix":null,"dorCode":null,"acreage":93.9296,"centroid":[-82.80987,31.674544],"lastSale":{"date":null,"price":null,"qualified":null},"tax":{"marketValue":null,"assessedValue":null,"taxableValue":null,"taxes":null},"mailingAddress":{"line1":null,"line2":null,"city":null,"state":null,"zip":null},"incomeTract":null,"incomeBlockGroup":null,"nearestRoad":null,"flu":null,"opportunityZone":null,"oz2Eligibility":null,"source":"ga-jeff-davis-parcels-13161","appraiserUrl":"https://qpublic.schneidercorp.com/Application.aspx?App=JeffDavisCountyGA&Layer=Parcels&PageType=Report&KeyValue=0006%20%20010","gisViewerUrl":"https://www.arcgis.com/apps/mapviewer/index.html?url=https://services5.arcgis.com/HHvUPZ2XuLOAJxjR/arcgis/rest/services/JeffDavis_County_Wide_GeoData_view/FeatureServer"},"geometry":{"type":"Polygon","coordinates":[[[-82.811669,31.671419],[-82.811669,31.671416],[-82.807046,31.671423],[-82.807166,31.679255],[-82.811799,31.679207],[-82.811669,31.671419]]]}},{"type":"Feature","id":"13161:0006  011","properties":{"id":"13161:0006  011","parcelId":"0006  011","countyFips":"13161","countyName":"Jeff Davis","state":"Georgia","marketIds":["Valdosta"],"situsAddress":null,"situsCity":null,"situsZip":null,"jurisdictionCode":null,"ownerName":null,"ownerName2":null,"propertyName":null,"zoningCode":null,"zoningDistrict":null,"jurisdictionPrefix":null,"dorCode":null,"acreage":32.709,"centroid":[-82.816733,31.672019],"lastSale":{"date":null,"price":null,"qualified":null},"tax":{"marketValue":null,"assessedValue":null,"taxableValue":null,"taxes":null},"mailingAddress":{"line1":null,"line2":null,"city":null,"state":null,"zip":null},"incomeTract":null,"incomeBlockGroup":null,"nearestRoad":null,"flu":null,"opportunityZone":null,"oz2Eligibility":null,"source":"ga-jeff-davis-parcels-13161","appraiserUrl":"https://qpublic.schneidercorp.com/Application.aspx?App=JeffDavisCountyGA&Layer=Parcels&PageType=Report&KeyValue=0006%20%20011","gisViewerUrl":"https://www.arcgis.com/apps/mapviewer/index.html?url=https://services5.arcgis.com/HHvUPZ2XuLOAJxjR/arcgis/rest/services/JeffDavis_County_Wide_GeoData_view/FeatureServer"},"geometry":{"type":"Polygon","coordinates":[[[-82.821795,31.67262],[-82.821778,31.671383],[-82.811669,31.671419],[-82.81169,31.672656],[-82.821795,31.67262]]]}},{"type":"Feature","id":"13161:0006  013","properties":{"id":"13161:0006  013","parcelId":"0006  013","countyFips":"13161","countyName":"Jeff Davis","state":"Georgia","marketIds":["Valdosta"],"situsAddress":null,"situsCity":null,"situsZip":null,"jurisdictionCode":null,"ownerName":null,"ownerName2":null,"propertyName":null,"zoningCode":null,"zoningDistrict":null,"jurisdictionPrefix":null,"dorCode":null,"acreage":36.3031,"centroid":[-82.817764,31.673409],"lastSale":{"date":null,"price":null,"qualified":null},"tax":{"marketValue":null,"assessedValue":null,"taxableValue":null,"taxes":null},"mailingAddress":{"line1":null,"line2":null,"city":null,"state":null,"zip":null},"incomeTract":null,"incomeBlockGroup":null,"nearestRoad":null,"flu":null,"opportunityZone":null,"oz2Eligibility":null,"source":"ga-jeff-davis-parcels-13161","appraiserUrl":"https://qpublic.schneidercorp.com/Application.aspx?App=JeffDavisCountyGA&Layer=Parcels&PageType=Report&KeyValue=0006%20%20013","gisViewerUrl":"https://www.arcgis.com/apps/mapviewer/index.html?url=https://services5.arcgis.com/HHvUPZ2XuLOAJxjR/arcgis/rest/services/JeffDavis_County_Wide_GeoData_view/FeatureServer"},"geometry":{"type":"Polygon","coordinates":[[[-82.821811,31.673744],[-82.821795,31.67262],[-82.81169,31.672656],[-82.811713,31.67403],[-82.821812,31.673994],[-82.821811,31.673744]]]}},{"type":"Feature","id":"13161:0006  014","properties":{"id":"13161:0006  014","parcelId":"0006  014","countyFips":"13161","countyName":"Jeff Davis","state":"Georgia","marketIds":["Valdosta"],"situsAddress":null,"situsCity":null,"situsZip":null,"jurisdictionCode":null,"ownerName":null,"ownerName2":null,"propertyName":null,"zoningCode":null,"zoningDistrict":null,"jurisdictionPrefix":null,"dorCode":null,"acreage":29.0229,"centroid":[-82.818747,31.674677],"lastSale":{"date":null,"price":null,"qualified":null},"tax":{"marketValue":null,"assessedValue":null,"taxableValue":null,"taxes":null},"mailingAddress":{"line1":null,"line2":null,"city":null,"state":null,"zip":null},"incomeTract":null,"incomeBlockGroup":null,"nearestRoad":null,"flu":null,"opportunityZone":null,"oz2Eligibility":null,"source":"ga-jeff-davis-parcels-13161","appraiserUrl":"https://qpublic.schneidercorp.com/Application.aspx?App=JeffDavisCountyGA&Layer=Parcels&PageType=Report&KeyValue=0006%20%20014","gisViewerUrl":"https://www.arcgis.com/apps/mapviewer/index.html?url=https://services5.arcgis.com/HHvUPZ2XuLOAJxjR/arcgis/rest/services/JeffDavis_County_Wide_GeoData_view/FeatureServer"},"geometry":{"type":"Polygon","coordinates":[[[-82.821829,31.675044],[-82.821819,31.674407],[-82.821812,31.673994],[-82.811713,31.67403],[-82.811731,31.67513],[-82.821169,31.675096],[-82.821157,31.675038],[-82.821829,31.675044]]]}},{"type":"Feature","id":"13161:0006  015","properties":{"id":"13161:0006  015","parcelId":"0006  015","countyFips":"13161","countyName":"Jeff Davis","state":"Georgia","marketIds":["Valdosta"],"situsAddress":null,"situsCity":null,"situsZip":null,"jurisdictionCode":null,"ownerName":null,"ownerName2":null,"propertyName":null,"zoningCode":null,"zoningDistrict":null,"jurisdictionPrefix":null,"dorCode":null,"acreage":36.2566,"centroid":[-82.818163,31.67571],"lastSale":{"date":null,"price":null,"qualified":null},"tax":{"marketValue":null,"assessedValue":null,"taxableValue":null,"taxes":null},"mailingAddress":{"line1":null,"line2":null,"city":null,"state":null,"zip":null},"incomeTract":null,"incomeBlockGroup":null,"nearestRoad":null,"flu":null,"opportunityZone":null,"oz2Eligibility":null,"source":"ga-jeff-davis-parcels-13161","appraiserUrl":"https://qpublic.schneidercorp.com/Application.aspx?App=JeffDavisCountyGA&Layer=Parcels&PageType=Report&KeyValue=0006%20%20015","gisViewerUrl":"https://www.arcgis.com/apps/mapviewer/index.html?url=https://services5.arcgis.com/HHvUPZ2XuLOAJxjR/arcgis/rest/services/JeffDavis_County_Wide_GeoData_view/FeatureServer"},"geometry":{"type":"Polygon","coordinates":[[[-82.820896,31.675097],[-82.811731,31.67513],[-82.811754,31.676504],[-82.82185,31.676468],[-82.821836,31.675506],[-82.820912,31.675556],[-82.820896,31.675097]]]}},{"type":"Feature","id":"13161:0006  016","properties":{"id":"13161:0006  016","parcelId":"0006  016","countyFips":"13161","countyName":"Jeff Davis","state":"Georgia","marketIds":["Valdosta"],"situsAddress":null,"situsCity":null,"situsZip":null,"jurisdictionCode":null,"ownerName":null,"ownerName2":null,"propertyName":null,"zoningCode":null,"zoningDistrict":null,"jurisdictionPrefix":null,"dorCode":null,"acreage":87.4673,"centroid":[-82.813033,31.680468],"lastSale":{"date":null,"price":null,"qualified":null},"tax":{"marketValue":null,"assessedValue":null,"taxableValue":null,"taxes":null},"mailingAddress":{"line1":null,"line2":null,"city":null,"state":null,"zip":null},"incomeTract":null,"incomeBlockGroup":null,"nearestRoad":null,"flu":null,"opportunityZone":null,"oz2Eligibility":null,"source":"ga-jeff-davis-parcels-13161","appraiserUrl":"https://qpublic.schneidercorp.com/Application.aspx?App=JeffDavisCountyGA&Layer=Parcels&PageType=Report&KeyValue=0006%20%20016","gisViewerUrl":"https://www.arcgis.com/apps/mapviewer/index.html?url=https://services5.arcgis.com/HHvUPZ2XuLOAJxjR/arcgis/rest/services/JeffDavis_County_Wide_GeoData_view/FeatureServer"},"geometry":{"type":"Polygon","coordinates":[[[-82.821918,31.68132],[-82.821881,31.678668],[-82.811791,31.678703],[-82.811816,31.680215],[-82.807206,31.680231],[-82.807217,31.681543],[-82.811247,31.681562],[-82.81119,31.681503],[-82.821918,31.68132]]]}},{"type":"Feature","id":"13161:0006  016A","properties":{"id":"13161:0006  016A","parcelId":"0006  016A","countyFips":"13161","countyName":"Jeff Davis","state":"Georgia","marketIds":["Valdosta"],"situsAddress":null,"situsCity":null,"situsZip":null,"jurisdictionCode":null,"ownerName":null,"ownerName2":null,"propertyName":null,"zoningCode":null,"zoningDistrict":null,"jurisdictionPrefix":null,"dorCode":null,"acreage":63.934,"centroid":[-82.818357,31.677573],"lastSale":{"date":null,"price":null,"qualified":null},"tax":{"marketValue":null,"assessedValue":null,"taxableValue":null,"taxes":null},"mailingAddress":{"line1":null,"line2":null,"city":null,"state":null,"zip":null},"incomeTract":null,"incomeBlockGroup":null,"nearestRoad":null,"flu":null,"opportunityZone":null,"oz2Eligibility":null,"source":"ga-jeff-davis-parcels-13161","appraiserUrl":"https://qpublic.schneidercorp.com/Application.aspx?App=JeffDavisCountyGA&Layer=Parcels&PageType=Report&KeyValue=0006%20%20016A","gisViewerUrl":"https://www.arcgis.com/apps/mapviewer/index.html?url=https://services5.arcgis.com/HHvUPZ2XuLOAJxjR/arcgis/rest/services/JeffDavis_County_Wide_GeoData_view/FeatureServer"},"geometry":{"type":"MultiPolygon","coordinates":[[[[-82.821881,31.678668],[-82.821869,31.677853],[-82.820692,31.677683],[-82.820465,31.677126],[-82.820045,31.676475],[-82.811754,31.676504],[-82.811791,31.678703],[-82.821881,31.678668]]],[[[-82.807206,31.680231],[-82.811816,31.680215],[-82.811799,31.679207],[-82.807809,31.679248],[-82.807816,31.679798],[-82.807198,31.679805],[-82.807206,31.680231]]]]}},{"type":"Feature","id":"13161:0006  019","properties":{"id":"13161:0006  019","parcelId":"0006  019","countyFips":"13161","countyName":"Jeff Davis","state":"Georgia","marketIds":["Valdosta"],"situsAddress":null,"situsCity":null,"situsZip":null,"jurisdictionCode":null,"ownerName":null,"ownerName2":null,"propertyName":null,"zoningCode":null,"zoningDistrict":null,"jurisdictionPrefix":null,"dorCode":null,"acreage":85.6111,"centroid":[-82.825319,31.672904],"lastSale":{"date":null,"price":null,"qualified":null},"tax":{"marketValue":null,"assessedValue":null,"taxableValue":null,"taxes":null},"mailingAddress":{"line1":null,"line2":null,"city":null,"state":null,"zip":null},"incomeTract":null,"incomeBlockGroup":null,"nearestRoad":null,"flu":null,"opportunityZone":null,"oz2Eligibility":null,"source":"ga-jeff-davis-parcels-13161","appraiserUrl":"https://qpublic.schneidercorp.com/Application.aspx?App=JeffDavisCountyGA&Layer=Parcels&PageType=Report&KeyValue=0006%20%20019","gisViewerUrl":"https://www.arcgis.com/apps/mapviewer/index.html?url=https://services5.arcgis.com/HHvUPZ2XuLOAJxjR/arcgis/rest/services/JeffDavis_County_Wide_GeoData_view/FeatureServer"},"geometry":{"type":"Polygon","coordinates":[[[-82.829356,31.671392],[-82.82637,31.671436],[-82.822798,31.671425],[-82.821981,31.671382],[-82.822027,31.675975],[-82.829383,31.675813],[-82.829356,31.671392]]]}},{"type":"Feature","id":"13161:0006  019A","properties":{"id":"13161:0006  019A","parcelId":"0006  019A","countyFips":"13161","countyName":"Jeff Davis","state":"Georgia","marketIds":["Valdosta"],"situsAddress":null,"situsCity":null,"situsZip":null,"jurisdictionCode":null,"ownerName":null,"ownerName2":null,"propertyName":null,"zoningCode":null,"zoningDistrict":null,"jurisdictionPrefix":null,"dorCode":null,"acreage":89.0094,"centroid":[-82.825726,31.678227],"lastSale":{"date":null,"price":null,"qualified":null},"tax":{"marketValue":null,"assessedValue":null,"taxableValue":null,"taxes":null},"mailingAddress":{"line1":null,"line2":null,"city":null,"state":null,"zip":null},"incomeTract":null,"incomeBlockGroup":null,"nearestRoad":null,"flu":null,"opportunityZone":null,"oz2Eligibility":null,"source":"ga-jeff-davis-parcels-13161","appraiserUrl":"https://qpublic.schneidercorp.com/Application.aspx?App=JeffDavisCountyGA&Layer=Parcels&PageType=Report&KeyValue=0006%20%20019A","gisViewerUrl":"https://www.arcgis.com/apps/mapviewer/index.html?url=https://services5.arcgis.com/HHvUPZ2XuLOAJxjR/arcgis/rest/services/JeffDavis_County_Wide_GeoData_view/FeatureServer"},"geometry":{"type":"Polygon","coordinates":[[[-82.822027,31.675975],[-82.822082,31.680626],[-82.829411,31.680494],[-82.829383,31.675813],[-82.822027,31.675975]]]}},{"type":"Feature","id":"13161:0006  020","properties":{"id":"13161:0006  020","parcelId":"0006  020","countyFips":"13161","countyName":"Jeff Davis","state":"Georgia","marketIds":["Valdosta"],"situsAddress":null,"situsCity":null,"situsZip":null,"jurisdictionCode":null,"ownerName":null,"ownerName2":null,"propertyName":null,"zoningCode":null,"zoningDistrict":null,"jurisdictionPrefix":null,"dorCode":null,"acreage":77.3948,"centroid":[-82.832909,31.673011],"lastSale":{"date":null,"price":null,"qualified":null},"tax":{"marketValue":null,"assessedValue":null,"taxableValue":null,"taxes":null},"mailingAddress":{"line1":null,"line2":null,"city":null,"state":null,"zip":null},"incomeTract":null,"incomeBlockGroup":null,"nearestRoad":null,"flu":null,"opportunityZone":null,"oz2Eligibility":null,"source":"ga-jeff-davis-parcels-13161","appraiserUrl":"https://qpublic.schneidercorp.com/Application.aspx?App=JeffDavisCountyGA&Layer=Parcels&PageType=Report&KeyValue=0006%20%20020","gisViewerUrl":"https://www.arcgis.com/apps/mapviewer/index.html?url=https://services5.arcgis.com/HHvUPZ2XuLOAJxjR/arcgis/rest/services/JeffDavis_County_Wide_GeoData_view/FeatureServer"},"geometry":{"type":"Polygon","coordinates":[[[-82.829356,31.671392],[-82.829383,31.675813],[-82.83591,31.675375],[-82.836672,31.67422],[-82.836666,31.671453],[-82.831807,31.671446],[-82.83057,31.671375],[-82.829356,31.671392]]]}},{"type":"Feature","id":"13161:0010  019","properties":{"id":"13161:0010  019","parcelId":"0010  019","countyFips":"13161","countyName":"Jeff Davis","state":"Georgia","marketIds":["Valdosta"],"situsAddress":null,"situsCity":null,"situsZip":null,"jurisdictionCode":null,"ownerName":null,"ownerName2":null,"propertyName":null,"zoningCode":null,"zoningDistrict":null,"jurisdictionPrefix":null,"dorCode":null,"acreage":7.6086,"centroid":[-82.793794,31.749478],"lastSale":{"date":null,"price":null,"qualified":null},"tax":{"marketValue":null,"assessedValue":null,"taxableValue":null,"taxes":null},"mailingAddress":{"line1":null,"line2":null,"city":null,"state":null,"zip":null},"incomeTract":null,"incomeBlockGroup":null,"nearestRoad":null,"flu":null,"opportunityZone":null,"oz2Eligibility":null,"source":"ga-jeff-davis-parcels-13161","appraiserUrl":"https://qpublic.schneidercorp.com/Application.aspx?App=JeffDavisCountyGA&Layer=Parcels&PageType=Report&KeyValue=0010%20%20019","gisViewerUrl":"https://www.arcgis.com/apps/mapviewer/index.html?url=https://services5.arcgis.com/HHvUPZ2XuLOAJxjR/arcgis/rest/services/JeffDavis_County_Wide_GeoData_view/FeatureServer"},"geometry":{"type":"Polygon","coordinates":[[[-82.792867,31.749643],[-82.792863,31.750317],[-82.794923,31.750307],[-82.794931,31.748486],[-82.793597,31.748484],[-82.793584,31.749634],[-82.792867,31.749643]]]}},{"type":"Feature","id":"13161:0010  019A","properties":{"id":"13161:0010  019A","parcelId":"0010  019A","countyFips":"13161","countyName":"Jeff Davis","state":"Georgia","marketIds":["Valdosta"],"situsAddress":null,"situsCity":null,"situsZip":null,"jurisdictionCode":null,"ownerName":null,"ownerName2":null,"propertyName":null,"zoningCode":null,"zoningDistrict":null,"jurisdictionPrefix":null,"dorCode":null,"acreage":6.1221,"centroid":[-82.796393,31.74937],"lastSale":{"date":null,"price":null,"qualified":null},"tax":{"marketValue":null,"assessedValue":null,"taxableValue":null,"taxes":null},"mailingAddress":{"line1":null,"line2":null,"city":null,"state":null,"zip":null},"incomeTract":null,"incomeBlockGroup":null,"nearestRoad":null,"flu":null,"opportunityZone":null,"oz2Eligibility":null,"source":"ga-jeff-davis-parcels-13161","appraiserUrl":"https://qpublic.schneidercorp.com/Application.aspx?App=JeffDavisCountyGA&Layer=Parcels&PageType=Report&KeyValue=0010%20%20019A","gisViewerUrl":"https://www.arcgis.com/apps/mapviewer/index.html?url=https://services5.arcgis.com/HHvUPZ2XuLOAJxjR/arcgis/rest/services/JeffDavis_County_Wide_GeoData_view/FeatureServer"},"geometry":{"type":"Polygon","coordinates":[[[-82.795931,31.749124],[-82.795933,31.749304],[-82.796156,31.750421],[-82.796993,31.751257],[-82.797053,31.748508],[-82.796758,31.748488],[-82.795927,31.748486],[-82.795931,31.749124]]]}},{"type":"Feature","id":"13161:0010  019B","properties":{"id":"13161:0010  019B","parcelId":"0010  019B","countyFips":"13161","countyName":"Jeff Davis","state":"Georgia","marketIds":["Valdosta"],"situsAddress":null,"situsCity":null,"situsZip":null,"jurisdictionCode":null,"ownerName":null,"ownerName2":null,"propertyName":null,"zoningCode":null,"zoningDistrict":null,"jurisdictionPrefix":null,"dorCode":null,"acreage":66.1379,"centroid":[-82.797095,31.749592],"lastSale":{"date":null,"price":null,"qualified":null},"tax":{"marketValue":null,"assessedValue":null,"taxableValue":null,"taxes":null},"mailingAddress":{"line1":null,"line2":null,"city":null,"state":null,"zip":null},"incomeTract":null,"incomeBlockGroup":null,"nearestRoad":null,"flu":null,"opportunityZone":null,"oz2Eligibility":null,"source":"ga-jeff-davis-parcels-13161","appraiserUrl":"https://qpublic.schneidercorp.com/Application.aspx?App=JeffDavisCountyGA&Layer=Parcels&PageType=Report&KeyValue=0010%20%20019B","gisViewerUrl":"https://www.arcgis.com/apps/mapviewer/index.html?url=https://services5.arcgis.com/HHvUPZ2XuLOAJxjR/arcgis/rest/services/JeffDavis_County_Wide_GeoData_view/FeatureServer"},"geometry":{"type":"MultiPolygon","coordinates":[[[[-82.792855,31.752062],[-82.801387,31.752204],[-82.802249,31.748518],[-82.799406,31.748811],[-82.799115,31.748811],[-82.798871,31.74878],[-82.798866,31.749523],[-82.798307,31.74952],[-82.798312,31.748695],[-82.797053,31.748511],[-82.796993,31.751257],[-82.796156,31.750421],[-82.795933,31.749304],[-82.795931,31.749124],[-82.79532,31.749112],[-82.795338,31.748486],[-82.794931,31.748486],[-82.794923,31.750307],[-82.792863,31.750317],[-82.792855,31.752062]]],[[[-82.797228,31.74842],[-82.798993,31.748687],[-82.799395,31.748702],[-82.801927,31.74844],[-82.797228,31.74842]]]]}},{"type":"Feature","id":"13161:0010  023","properties":{"id":"13161:0010  023","parcelId":"0010  023","countyFips":"13161","countyName":"Jeff Davis","state":"Georgia","marketIds":["Valdosta"],"situsAddress":null,"situsCity":null,"situsZip":null,"jurisdictionCode":null,"ownerName":null,"ownerName2":null,"propertyName":null,"zoningCode":null,"zoningDistrict":null,"jurisdictionPrefix":null,"dorCode":null,"acreage":25.9182,"centroid":[-82.804765,31.749314],"lastSale":{"date":null,"price":null,"qualified":null},"tax":{"marketValue":null,"assessedValue":null,"taxableValue":null,"taxes":null},"mailingAddress":{"line1":null,"line2":null,"city":null,"state":null,"zip":null},"incomeTract":null,"incomeBlockGroup":null,"nearestRoad":null,"flu":null,"opportunityZone":null,"oz2Eligibility":null,"source":"ga-jeff-davis-parcels-13161","appraiserUrl":"https://qpublic.schneidercorp.com/Application.aspx?App=JeffDavisCountyGA&Layer=Parcels&PageType=Report&KeyValue=0010%20%20023","gisViewerUrl":"https://www.arcgis.com/apps/mapviewer/index.html?url=https://services5.arcgis.com/HHvUPZ2XuLOAJxjR/arcgis/rest/services/JeffDavis_County_Wide_GeoData_view/FeatureServer"},"geometry":{"type":"Polygon","coordinates":[[[-82.802075,31.750377],[-82.807756,31.750573],[-82.807739,31.748467],[-82.804312,31.748451],[-82.804311,31.74902],[-82.802399,31.748998],[-82.802075,31.750377]]]}},{"type":"Feature","id":"13161:0011  001","properties":{"id":"13161:0011  001","parcelId":"0011  001","countyFips":"13161","countyName":"Jeff Davis","state":"Georgia","marketIds":["Valdosta"],"situsAddress":null,"situsCity":null,"situsZip":null,"jurisdictionCode":null,"ownerName":null,"ownerName2":null,"propertyName":null,"zoningCode":null,"zoningDistrict":null,"jurisdictionPrefix":null,"dorCode":null,"acreage":5.4904,"centroid":[-82.803425,31.748414],"lastSale":{"date":null,"price":null,"qualified":null},"tax":{"marketValue":null,"assessedValue":null,"taxableValue":null,"taxes":null},"mailingAddress":{"line1":null,"line2":null,"city":null,"state":null,"zip":null},"incomeTract":null,"incomeBlockGroup":null,"nearestRoad":null,"flu":null,"opportunityZone":null,"oz2Eligibility":null,"source":"ga-jeff-davis-parcels-13161","appraiserUrl":"https://qpublic.schneidercorp.com/Application.aspx?App=JeffDavisCountyGA&Layer=Parcels&PageType=Report&KeyValue=0011%20%20001","gisViewerUrl":"https://www.arcgis.com/apps/mapviewer/index.html?url=https://services5.arcgis.com/HHvUPZ2XuLOAJxjR/arcgis/rest/services/JeffDavis_County_Wide_GeoData_view/FeatureServer"},"geometry":{"type":"Polygon","coordinates":[[[-82.802399,31.748998],[-82.804311,31.74902],[-82.804313,31.747843],[-82.802677,31.747794],[-82.802399,31.748998]]]}},{"type":"Feature","id":"13161:0011  001A","properties":{"id":"13161:0011  001A","parcelId":"0011  001A","countyFips":"13161","countyName":"Jeff Davis","state":"Georgia","marketIds":["Valdosta"],"situsAddress":null,"situsCity":null,"situsZip":null,"jurisdictionCode":null,"ownerName":null,"ownerName2":null,"propertyName":null,"zoningCode":null,"zoningDistrict":null,"jurisdictionPrefix":null,"dorCode":null,"acreage":29.343,"centroid":[-82.804192,31.74727],"lastSale":{"date":null,"price":null,"qualified":null},"tax":{"marketValue":null,"assessedValue":null,"taxableValue":null,"taxes":null},"mailingAddress":{"line1":null,"line2":null,"city":null,"state":null,"zip":null},"incomeTract":null,"incomeBlockGroup":null,"nearestRoad":null,"flu":null,"opportunityZone":null,"oz2Eligibility":null,"source":"ga-jeff-davis-parcels-13161","appraiserUrl":"https://qpublic.schneidercorp.com/Application.aspx?App=JeffDavisCountyGA&Layer=Parcels&PageType=Report&KeyValue=0011%20%20001A","gisViewerUrl":"https://www.arcgis.com/apps/mapviewer/index.html?url=https://services5.arcgis.com/HHvUPZ2XuLOAJxjR/arcgis/rest/services/JeffDavis_County_Wide_GeoData_view/FeatureServer"},"geometry":{"type":"Polygon","coordinates":[[[-82.804312,31.748451],[-82.807739,31.748467],[-82.807767,31.746034],[-82.802673,31.745975],[-82.802743,31.746452],[-82.802769,31.746957],[-82.802734,31.747461],[-82.802677,31.747794],[-82.804313,31.747843],[-82.804312,31.748451]]]}},{"type":"Feature","id":"13161:0011  001B","properties":{"id":"13161:0011  001B","parcelId":"0011  001B","countyFips":"13161","countyName":"Jeff Davis","state":"Georgia","marketIds":["Valdosta"],"situsAddress":null,"situsCity":null,"situsZip":null,"jurisdictionCode":null,"ownerName":null,"ownerName2":null,"propertyName":null,"zoningCode":null,"zoningDistrict":null,"jurisdictionPrefix":null,"dorCode":null,"acreage":39.976,"centroid":[-82.805117,31.74456],"lastSale":{"date":null,"price":null,"qualified":null},"tax":{"marketValue":null,"assessedValue":null,"taxableValue":null,"taxes":null},"mailingAddress":{"line1":null,"line2":null,"city":null,"state":null,"zip":null},"incomeTract":null,"incomeBlockGroup":null,"nearestRoad":null,"flu":null,"opportunityZone":null,"oz2Eligibility":null,"source":"ga-jeff-davis-parcels-13161","appraiserUrl":"https://qpublic.schneidercorp.com/Application.aspx?App=JeffDavisCountyGA&Layer=Parcels&PageType=Report&KeyValue=0011%20%20001B","gisViewerUrl":"https://www.arcgis.com/apps/mapviewer/index.html?url=https://services5.arcgis.com/HHvUPZ2XuLOAJxjR/arcgis/rest/services/JeffDavis_County_Wide_GeoData_view/FeatureServer"},"geometry":{"type":"Polygon","coordinates":[[[-82.802673,31.745975],[-82.807767,31.746034],[-82.807801,31.743147],[-82.802226,31.743083],[-82.802673,31.745975]]]}},{"type":"Feature","id":"13161:0011  001C","properties":{"id":"13161:0011  001C","parcelId":"0011  001C","countyFips":"13161","countyName":"Jeff Davis","state":"Georgia","marketIds":["Valdosta"],"situsAddress":null,"situsCity":null,"situsZip":null,"jurisdictionCode":null,"ownerName":null,"ownerName2":null,"propertyName":null,"zoningCode":null,"zoningDistrict":null,"jurisdictionPrefix":null,"dorCode":null,"acreage":37.01,"centroid":[-82.80493,31.741881],"lastSale":{"date":null,"price":null,"qualified":null},"tax":{"marketValue":null,"assessedValue":null,"taxableValue":null,"taxes":null},"mailingAddress":{"line1":null,"line2":null,"city":null,"state":null,"zip":null},"incomeTract":null,"incomeBlockGroup":null,"nearestRoad":null,"flu":null,"opportunityZone":null,"oz2Eligibility":null,"source":"ga-jeff-davis-parcels-13161","appraiserUrl":"https://qpublic.schneidercorp.com/Application.aspx?App=JeffDavisCountyGA&Layer=Parcels&PageType=Report&KeyValue=0011%20%20001C","gisViewerUrl":"https://www.arcgis.com/apps/mapviewer/index.html?url=https://services5.arcgis.com/HHvUPZ2XuLOAJxjR/arcgis/rest/services/JeffDavis_County_Wide_GeoData_view/FeatureServer"},"geometry":{"type":"Polygon","coordinates":[[[-82.802226,31.743083],[-82.807801,31.743147],[-82.807832,31.740567],[-82.801862,31.740726],[-82.802226,31.743083]]]}},{"type":"Feature","id":"13161:0011  003A","properties":{"id":"13161:0011  003A","parcelId":"0011  003A","countyFips":"13161","countyName":"Jeff Davis","state":"Georgia","marketIds":["Valdosta"],"situsAddress":null,"situsCity":null,"situsZip":null,"jurisdictionCode":null,"ownerName":null,"ownerName2":null,"propertyName":null,"zoningCode":null,"zoningDistrict":null,"jurisdictionPrefix":null,"dorCode":null,"acreage":45.3811,"centroid":[-82.795935,31.746635],"lastSale":{"date":null,"price":null,"qualified":null},"tax":{"marketValue":null,"assessedValue":null,"taxableValue":null,"taxes":null},"mailingAddress":{"line1":null,"line2":null,"city":null,"state":null,"zip":null},"incomeTract":null,"incomeBlockGroup":null,"nearestRoad":null,"flu":null,"opportunityZone":null,"oz2Eligibility":null,"source":"ga-jeff-davis-parcels-13161","appraiserUrl":"https://qpublic.schneidercorp.com/Application.aspx?App=JeffDavisCountyGA&Layer=Parcels&PageType=Report&KeyValue=0011%20%20003A","gisViewerUrl":"https://www.arcgis.com/apps/mapviewer/index.html?url=https://services5.arcgis.com/HHvUPZ2XuLOAJxjR/arcgis/rest/services/JeffDavis_County_Wide_GeoData_view/FeatureServer"},"geometry":{"type":"Polygon","coordinates":[[[-82.797228,31.74842],[-82.797522,31.74842],[-82.797738,31.745534],[-82.796203,31.745508],[-82.796322,31.74423],[-82.792937,31.744218],[-82.792873,31.748374],[-82.79666,31.748377],[-82.797228,31.74842]],[[-82.793047,31.746151],[-82.793722,31.746148],[-82.793726,31.746725],[-82.793051,31.746728],[-82.793047,31.746151]]]}},{"type":"Feature","id":"13161:0011  003B","properties":{"id":"13161:0011  003B","parcelId":"0011  003B","countyFips":"13161","countyName":"Jeff Davis","state":"Georgia","marketIds":["Valdosta"],"situsAddress":null,"situsCity":null,"situsZip":null,"jurisdictionCode":null,"ownerName":null,"ownerName2":null,"propertyName":null,"zoningCode":null,"zoningDistrict":null,"jurisdictionPrefix":null,"dorCode":null,"acreage":49.9538,"centroid":[-82.801384,31.74679],"lastSale":{"date":null,"price":null,"qualified":null},"tax":{"marketValue":null,"assessedValue":null,"taxableValue":null,"taxes":null},"mailingAddress":{"line1":null,"line2":null,"city":null,"state":null,"zip":null},"incomeTract":null,"incomeBlockGroup":null,"nearestRoad":null,"flu":null,"opportunityZone":null,"oz2Eligibility":null,"source":"ga-jeff-davis-parcels-13161","appraiserUrl":"https://qpublic.schneidercorp.com/Application.aspx?App=JeffDavisCountyGA&Layer=Parcels&PageType=Report&KeyValue=0011%20%20003B","gisViewerUrl":"https://www.arcgis.com/apps/mapviewer/index.html?url=https://services5.arcgis.com/HHvUPZ2XuLOAJxjR/arcgis/rest/services/JeffDavis_County_Wide_GeoData_view/FeatureServer"},"geometry":{"type":"Polygon","coordinates":[[[-82.797522,31.74842],[-82.801927,31.74844],[-82.802276,31.748404],[-82.802449,31.747603],[-82.8025,31.747055],[-82.802502,31.746872],[-82.801827,31.746875],[-82.801783,31.746272],[-82.802458,31.746268],[-82.802147,31.74425],[-82.797836,31.744235],[-82.797522,31.74842]]]}},{"type":"Feature","id":"13161:0011  004","properties":{"id":"13161:0011  004","parcelId":"0011  004","countyFips":"13161","countyName":"Jeff Davis","state":"Georgia","marketIds":["Valdosta"],"situsAddress":null,"situsCity":null,"situsZip":null,"jurisdictionCode":null,"ownerName":null,"ownerName2":null,"propertyName":null,"zoningCode":null,"zoningDistrict":null,"jurisdictionPrefix":null,"dorCode":null,"acreage":8.5678,"centroid":[-82.80034,31.741289],"lastSale":{"date":null,"price":null,"qualified":null},"tax":{"marketValue":null,"assessedValue":null,"taxableValue":null,"taxes":null},"mailingAddress":{"line1":null,"line2":null,"city":null,"state":null,"zip":null},"incomeTract":null,"incomeBlockGroup":null,"nearestRoad":null,"flu":null,"opportunityZone":null,"oz2Eligibility":null,"source":"ga-jeff-davis-parcels-13161","appraiserUrl":"https://qpublic.schneidercorp.com/Application.aspx?App=JeffDavisCountyGA&Layer=Parcels&PageType=Report&KeyValue=0011%20%20004","gisViewerUrl":"https://www.arcgis.com/apps/mapviewer/index.html?url=https://services5.arcgis.com/HHvUPZ2XuLOAJxjR/arcgis/rest/services/JeffDavis_County_Wide_GeoData_view/FeatureServer"},"geometry":{"type":"Polygon","coordinates":[[[-82.798616,31.740727],[-82.799056,31.742021],[-82.801806,31.742043],[-82.801663,31.741116],[-82.800451,31.741143],[-82.800448,31.740685],[-82.798616,31.740727]]]}},{"type":"Feature","id":"13161:0011  004A","properties":{"id":"13161:0011  004A","parcelId":"0011  004A","countyFips":"13161","countyName":"Jeff Davis","state":"Georgia","marketIds":["Valdosta"],"situsAddress":null,"situsCity":null,"situsZip":null,"jurisdictionCode":null,"ownerName":null,"ownerName2":null,"propertyName":null,"zoningCode":null,"zoningDistrict":null,"jurisdictionPrefix":null,"dorCode":null,"acreage":70.4758,"centroid":[-82.797912,31.742621],"lastSale":{"date":null,"price":null,"qualified":null},"tax":{"marketValue":null,"assessedValue":null,"taxableValue":null,"taxes":null},"mailingAddress":{"line1":null,"line2":null,"city":null,"state":null,"zip":null},"incomeTract":null,"incomeBlockGroup":null,"nearestRoad":null,"flu":null,"opportunityZone":null,"oz2Eligibility":null,"source":"ga-jeff-davis-parcels-13161","appraiserUrl":"https://qpublic.schneidercorp.com/Application.aspx?App=JeffDavisCountyGA&Layer=Parcels&PageType=Report&KeyValue=0011%20%20004A","gisViewerUrl":"https://www.arcgis.com/apps/mapviewer/index.html?url=https://services5.arcgis.com/HHvUPZ2XuLOAJxjR/arcgis/rest/services/JeffDavis_County_Wide_GeoData_view/FeatureServer"},"geometry":{"type":"Polygon","coordinates":[[[-82.797836,31.744235],[-82.802147,31.74425],[-82.801806,31.742043],[-82.799056,31.742021],[-82.798616,31.740727],[-82.792988,31.740855],[-82.792937,31.744218],[-82.797836,31.744235]]]}},{"type":"Feature","id":"13161:0011  005","properties":{"id":"13161:0011  005","parcelId":"0011  005","countyFips":"13161","countyName":"Jeff Davis","state":"Georgia","marketIds":["Valdosta"],"situsAddress":null,"situsCity":null,"situsZip":null,"jurisdictionCode":null,"ownerName":null,"ownerName2":null,"propertyName":null,"zoningCode":null,"zoningDistrict":null,"jurisdictionPrefix":null,"dorCode":null,"acreage":32.509,"centroid":[-82.804001,31.738518],"lastSale":{"date":null,"price":null,"qualified":null},"tax":{"marketValue":null,"assessedValue":null,"taxableValue":null,"taxes":null},"mailingAddress":{"line1":null,"line2":null,"city":null,"state":null,"zip":null},"incomeTract":null,"incomeBlockGroup":null,"nearestRoad":null,"flu":null,"opportunityZone":null,"oz2Eligibility":null,"source":"ga-jeff-davis-parcels-13161","appraiserUrl":"https://qpublic.schneidercorp.com/Application.aspx?App=JeffDavisCountyGA&Layer=Parcels&PageType=Report&KeyValue=0011%20%20005","gisViewerUrl":"https://www.arcgis.com/apps/mapviewer/index.html?url=https://services5.arcgis.com/HHvUPZ2XuLOAJxjR/arcgis/rest/services/JeffDavis_County_Wide_GeoData_view/FeatureServer"},"geometry":{"type":"Polygon","coordinates":[[[-82.802638,31.738925],[-82.805061,31.739365],[-82.805151,31.740639],[-82.807832,31.740567],[-82.807862,31.738005],[-82.806196,31.738039],[-82.805033,31.737993],[-82.802391,31.737271],[-82.801449,31.737287],[-82.80142,31.73756],[-82.801423,31.737833],[-82.801554,31.738729],[-82.802638,31.738925]]]}},{"type":"Feature","id":"13161:0011  005B","properties":{"id":"13161:0011  005B","parcelId":"0011  005B","countyFips":"13161","countyName":"Jeff Davis","state":"Georgia","marketIds":["Valdosta"],"situsAddress":null,"situsCity":null,"situsZip":null,"jurisdictionCode":null,"ownerName":null,"ownerName2":null,"propertyName":null,"zoningCode":null,"zoningDistrict":null,"jurisdictionPrefix":null,"dorCode":null,"acreage":10.6385,"centroid":[-82.803172,31.740084],"lastSale":{"date":null,"price":null,"qualified":null},"tax":{"marketValue":null,"assessedValue":null,"taxableValue":null,"taxes":null},"mailingAddress":{"line1":null,"line2":null,"city":null,"state":null,"zip":null},"incomeTract":null,"incomeBlockGroup":null,"nearestRoad":null,"flu":null,"opportunityZone":null,"oz2Eligibility":null,"source":"ga-jeff-davis-parcels-13161","appraiserUrl":"https://qpublic.schneidercorp.com/Application.aspx?App=JeffDavisCountyGA&Layer=Parcels&PageType=Report&KeyValue=0011%20%20005B","gisViewerUrl":"https://www.arcgis.com/apps/mapviewer/index.html?url=https://services5.arcgis.com/HHvUPZ2XuLOAJxjR/arcgis/rest/services/JeffDavis_County_Wide_GeoData_view/FeatureServer"},"geometry":{"type":"Polygon","coordinates":[[[-82.80182,31.740452],[-82.801862,31.740726],[-82.805151,31.740639],[-82.805061,31.739365],[-82.802638,31.738925],[-82.802502,31.740398],[-82.80182,31.740452]]]}},{"type":"Feature","id":"13161:0011  005C","properties":{"id":"13161:0011  005C","parcelId":"0011  005C","countyFips":"13161","countyName":"Jeff Davis","state":"Georgia","marketIds":["Valdosta"],"situsAddress":null,"situsCity":null,"situsZip":null,"jurisdictionCode":null,"ownerName":null,"ownerName2":null,"propertyName":null,"zoningCode":null,"zoningDistrict":null,"jurisdictionPrefix":null,"dorCode":null,"acreage":15.9938,"centroid":[-82.806128,31.737355],"lastSale":{"date":null,"price":null,"qualified":null},"tax":{"marketValue":null,"assessedValue":null,"taxableValue":null,"taxes":null},"mailingAddress":{"line1":null,"line2":null,"city":null,"state":null,"zip":null},"incomeTract":null,"incomeBlockGroup":null,"nearestRoad":null,"flu":null,"opportunityZone":null,"oz2Eligibility":null,"source":"ga-jeff-davis-parcels-13161","appraiserUrl":"https://qpublic.schneidercorp.com/Application.aspx?App=JeffDavisCountyGA&Layer=Parcels&PageType=Report&KeyValue=0011%20%20005C","gisViewerUrl":"https://www.arcgis.com/apps/mapviewer/index.html?url=https://services5.arcgis.com/HHvUPZ2XuLOAJxjR/arcgis/rest/services/JeffDavis_County_Wide_GeoData_view/FeatureServer"},"geometry":{"type":"Polygon","coordinates":[[[-82.806164,31.736605],[-82.802378,31.736665],[-82.802391,31.737271],[-82.805033,31.737993],[-82.806196,31.738039],[-82.807862,31.738005],[-82.807866,31.737676],[-82.80743,31.737665],[-82.807437,31.736585],[-82.807325,31.736587],[-82.807305,31.737579],[-82.806144,31.737593],[-82.806164,31.736605]]]}},{"type":"Feature","id":"13161:0011  008","properties":{"id":"13161:0011  008","parcelId":"0011  008","countyFips":"13161","countyName":"Jeff Davis","state":"Georgia","marketIds":["Valdosta"],"situsAddress":null,"situsCity":null,"situsZip":null,"jurisdictionCode":null,"ownerName":null,"ownerName2":null,"propertyName":null,"zoningCode":null,"zoningDistrict":null,"jurisdictionPrefix":null,"dorCode":null,"acreage":58.9751,"centroid":[-82.799885,31.738883],"lastSale":{"date":null,"price":null,"qualified":null},"tax":{"marketValue":null,"assessedValue":null,"taxableValue":null,"taxes":null},"mailingAddress":{"line1":null,"line2":null,"city":null,"state":null,"zip":null},"incomeTract":null,"incomeBlockGroup":null,"nearestRoad":null,"flu":null,"opportunityZone":null,"oz2Eligibility":null,"source":"ga-jeff-davis-parcels-13161","appraiserUrl":"https://qpublic.schneidercorp.com/Application.aspx?App=JeffDavisCountyGA&Layer=Parcels&PageType=Report&KeyValue=0011%20%20008","gisViewerUrl":"https://www.arcgis.com/apps/mapviewer/index.html?url=https://services5.arcgis.com/HHvUPZ2XuLOAJxjR/arcgis/rest/services/JeffDavis_County_Wide_GeoData_view/FeatureServer"},"geometry":{"type":"Polygon","coordinates":[[[-82.798616,31.740727],[-82.800448,31.740685],[-82.800451,31.741143],[-82.801663,31.741116],[-82.801166,31.737853],[-82.801162,31.737566],[-82.801191,31.73728],[-82.801253,31.736997],[-82.801349,31.736722],[-82.795699,31.736828],[-82.795742,31.740793],[-82.798616,31.740727]]]}},{"type":"Feature","id":"13161:0011  009","properties":{"id":"13161:0011  009","parcelId":"0011  009","countyFips":"13161","countyName":"Jeff Davis","state":"Georgia","marketIds":["Valdosta"],"situsAddress":null,"situsCity":null,"situsZip":null,"jurisdictionCode":null,"ownerName":null,"ownerName2":null,"propertyName":null,"zoningCode":null,"zoningDistrict":null,"jurisdictionPrefix":null,"dorCode":null,"acreage":57.8596,"centroid":[-82.793218,31.740081],"lastSale":{"date":null,"price":null,"qualified":null},"tax":{"marketValue":null,"assessedValue":null,"taxableValue":null,"taxes":null},"mailingAddress":{"line1":null,"line2":null,"city":null,"state":null,"zip":null},"incomeTract":null,"incomeBlockGroup":null,"nearestRoad":null,"flu":null,"opportunityZone":null,"oz2Eligibility":null,"source":"ga-jeff-davis-parcels-13161","appraiserUrl":"https://qpublic.schneidercorp.com/Application.aspx?App=JeffDavisCountyGA&Layer=Parcels&PageType=Report&KeyValue=0011%20%20009","gisViewerUrl":"https://www.arcgis.com/apps/mapviewer/index.html?url=https://services5.arcgis.com/HHvUPZ2XuLOAJxjR/arcgis/rest/services/JeffDavis_County_Wide_GeoData_view/FeatureServer"},"geometry":{"type":"Polygon","coordinates":[[[-82.790981,31.736916],[-82.790938,31.742559],[-82.792962,31.742532],[-82.792988,31.740855],[-82.795742,31.740793],[-82.795699,31.736828],[-82.790981,31.736916]]]}},{"type":"Feature","id":"13161:0011  010","properties":{"id":"13161:0011  010","parcelId":"0011  010","countyFips":"13161","countyName":"Jeff Davis","state":"Georgia","marketIds":["Valdosta"],"situsAddress":null,"situsCity":null,"situsZip":null,"jurisdictionCode":null,"ownerName":null,"ownerName2":null,"propertyName":null,"zoningCode":null,"zoningDistrict":null,"jurisdictionPrefix":null,"dorCode":null,"acreage":49.9762,"centroid":[-82.789626,31.740298],"lastSale":{"date":null,"price":null,"qualified":null},"tax":{"marketValue":null,"assessedValue":null,"taxableValue":null,"taxes":null},"mailingAddress":{"line1":null,"line2":null,"city":null,"state":null,"zip":null},"incomeTract":null,"incomeBlockGroup":null,"nearestRoad":null,"flu":null,"opportunityZone":null,"oz2Eligibility":null,"source":"ga-jeff-davis-parcels-13161","appraiserUrl":"https://qpublic.schneidercorp.com/Application.aspx?App=JeffDavisCountyGA&Layer=Parcels&PageType=Report&KeyValue=0011%20%20010","gisViewerUrl":"https://www.arcgis.com/apps/mapviewer/index.html?url=https://services5.arcgis.com/HHvUPZ2XuLOAJxjR/arcgis/rest/services/JeffDavis_County_Wide_GeoData_view/FeatureServer"},"geometry":{"type":"Polygon","coordinates":[[[-82.788562,31.741675],[-82.792937,31.744218],[-82.792962,31.742532],[-82.790938,31.742559],[-82.790981,31.736916],[-82.785964,31.73701],[-82.785508,31.738175],[-82.789154,31.739297],[-82.788562,31.741675]]]}},{"type":"Feature","id":"13161:0011  010B","properties":{"id":"13161:0011  010B","parcelId":"0011  010B","countyFips":"13161","countyName":"Jeff Davis","state":"Georgia","marketIds":["Valdosta"],"situsAddress":null,"situsCity":null,"situsZip":null,"jurisdictionCode":null,"ownerName":null,"ownerName2":null,"propertyName":null,"zoningCode":null,"zoningDistrict":null,"jurisdictionPrefix":null,"dorCode":null,"acreage":22.9277,"centroid":[-82.786035,31.739658],"lastSale":{"date":null,"price":null,"qualified":null},"tax":{"marketValue":null,"assessedValue":null,"taxableValue":null,"taxes":null},"mailingAddress":{"line1":null,"line2":null,"city":null,"state":null,"zip":null},"incomeTract":null,"incomeBlockGroup":null,"nearestRoad":null,"flu":null,"opportunityZone":null,"oz2Eligibility":null,"source":"ga-jeff-davis-parcels-13161","appraiserUrl":"https://qpublic.schneidercorp.com/Application.aspx?App=JeffDavisCountyGA&Layer=Parcels&PageType=Report&KeyValue=0011%20%20010B","gisViewerUrl":"https://www.arcgis.com/apps/mapviewer/index.html?url=https://services5.arcgis.com/HHvUPZ2XuLOAJxjR/arcgis/rest/services/JeffDavis_County_Wide_GeoData_view/FeatureServer"},"geometry":{"type":"Polygon","coordinates":[[[-82.784047,31.740266],[-82.788562,31.741675],[-82.789154,31.739297],[-82.785508,31.738175],[-82.785139,31.739108],[-82.785041,31.739279],[-82.784918,31.739437],[-82.785972,31.739432],[-82.785977,31.740256],[-82.784047,31.740266]]]}},{"type":"Feature","id":"13161:0011  011","properties":{"id":"13161:0011  011","parcelId":"0011  011","countyFips":"13161","countyName":"Jeff Davis","state":"Georgia","marketIds":["Valdosta"],"situsAddress":null,"situsCity":null,"situsZip":null,"jurisdictionCode":null,"ownerName":null,"ownerName2":null,"propertyName":null,"zoningCode":null,"zoningDistrict":null,"jurisdictionPrefix":null,"dorCode":null,"acreage":95.7233,"centroid":[-82.788254,31.743881],"lastSale":{"date":null,"price":null,"qualified":null},"tax":{"marketValue":null,"assessedValue":null,"taxableValue":null,"taxes":null},"mailingAddress":{"line1":null,"line2":null,"city":null,"state":null,"zip":null},"incomeTract":null,"incomeBlockGroup":null,"nearestRoad":null,"flu":null,"opportunityZone":null,"oz2Eligibility":null,"source":"ga-jeff-davis-parcels-13161","appraiserUrl":"https://qpublic.schneidercorp.com/Application.aspx?App=JeffDavisCountyGA&Layer=Parcels&PageType=Report&KeyValue=0011%20%20011","gisViewerUrl":"https://www.arcgis.com/apps/mapviewer/index.html?url=https://services5.arcgis.com/HHvUPZ2XuLOAJxjR/arcgis/rest/services/JeffDavis_County_Wide_GeoData_view/FeatureServer"},"geometry":{"type":"MultiPolygon","coordinates":[[[[-82.785153,31.741671],[-82.785204,31.741705],[-82.78591,31.742218],[-82.78609,31.742312],[-82.786286,31.742377],[-82.787223,31.742853],[-82.787538,31.743111],[-82.78767,31.743251],[-82.787905,31.743775],[-82.788038,31.74399],[-82.788467,31.744587],[-82.788866,31.744894],[-82.789316,31.745113],[-82.789783,31.745391],[-82.790391,31.745844],[-82.790963,31.746298],[-82.791311,31.746723],[-82.792264,31.747293],[-82.792886,31.747496],[-82.792937,31.744218],[-82.788562,31.741675],[-82.784047,31.740266],[-82.78381,31.740505],[-82.783571,31.740821],[-82.783977,31.741015],[-82.78419,31.741145],[-82.784696,31.741373],[-82.785153,31.741671]]],[[[-82.777994,31.737965],[-82.780195,31.738045],[-82.780334,31.738495],[-82.780451,31.739216],[-82.780542,31.739378],[-82.780678,31.739516],[-82.780931,31.739677],[-82.781962,31.740058],[-82.782925,31.740467],[-82.78346,31.740765],[-82.783707,31.740438],[-82.784867,31.739309],[-82.785018,31.73907],[-82.785212,31.738584],[-82.784535,31.73703],[-82.779429,31.7371],[-82.779097,31.737076],[-82.778771,31.737016],[-82.77799,31.737027],[-82.777994,31.737965]]]]}},{"type":"Feature","id":"13161:0011  012","properties":{"id":"13161:0011  012","parcelId":"0011  012","countyFips":"13161","countyName":"Jeff Davis","state":"Georgia","marketIds":["Valdosta"],"situsAddress":null,"situsCity":null,"situsZip":null,"jurisdictionCode":null,"ownerName":null,"ownerName2":null,"propertyName":null,"zoningCode":null,"zoningDistrict":null,"jurisdictionPrefix":null,"dorCode":null,"acreage":114.0293,"centroid":[-82.788184,31.745573],"lastSale":{"date":null,"price":null,"qualified":null},"tax":{"marketValue":null,"assessedValue":null,"taxableValue":null,"taxes":null},"mailingAddress":{"line1":null,"line2":null,"city":null,"state":null,"zip":null},"incomeTract":null,"incomeBlockGroup":null,"nearestRoad":null,"flu":null,"opportunityZone":null,"oz2Eligibility":null,"source":"ga-jeff-davis-parcels-13161","appraiserUrl":"https://qpublic.schneidercorp.com/Application.aspx?App=JeffDavisCountyGA&Layer=Parcels&PageType=Report&KeyValue=0011%20%20012","gisViewerUrl":"https://www.arcgis.com/apps/mapviewer/index.html?url=https://services5.arcgis.com/HHvUPZ2XuLOAJxjR/arcgis/rest/services/JeffDavis_County_Wide_GeoData_view/FeatureServer"},"geometry":{"type":"MultiPolygon","coordinates":[[[[-82.789791,31.747917],[-82.789899,31.747917],[-82.791134,31.747918],[-82.791247,31.748372],[-82.792873,31.748374],[-82.792886,31.747496],[-82.792264,31.747293],[-82.791311,31.746723],[-82.790963,31.746298],[-82.790391,31.745844],[-82.789783,31.745391],[-82.789316,31.745113],[-82.788866,31.744894],[-82.788467,31.744587],[-82.788038,31.74399],[-82.787905,31.743775],[-82.78767,31.743251],[-82.787612,31.743176],[-82.787223,31.742853],[-82.786286,31.742377],[-82.785997,31.742268],[-82.785153,31.741671],[-82.784662,31.742128],[-82.784416,31.742092],[-82.783292,31.746015],[-82.783381,31.746224],[-82.784745,31.748193],[-82.7849,31.748302],[-82.78514,31.748365],[-82.789896,31.748371],[-82.789791,31.747917]]],[[[-82.782972,31.74713],[-82.77803,31.747302],[-82.778035,31.748489],[-82.784967,31.748447],[-82.784823,31.748423],[-82.784609,31.748223],[-82.783233,31.746218],[-82.782972,31.74713]]]]}},{"type":"Feature","id":"13161:0011  013","properties":{"id":"13161:0011  013","parcelId":"0011  013","countyFips":"13161","countyName":"Jeff Davis","state":"Georgia","marketIds":["Valdosta"],"situsAddress":null,"situsCity":null,"situsZip":null,"jurisdictionCode":null,"ownerName":null,"ownerName2":null,"propertyName":null,"zoningCode":null,"zoningDistrict":null,"jurisdictionPrefix":null,"dorCode":null,"acreage":118.6271,"centroid":[-82.781589,31.742239],"lastSale":{"date":null,"price":null,"qualified":null},"tax":{"marketValue":null,"assessedValue":null,"taxableValue":null,"taxes":null},"mailingAddress":{"line1":null,"line2":null,"city":null,"state":null,"zip":null},"incomeTract":null,"incomeBlockGroup":null,"nearestRoad":null,"flu":null,"opportunityZone":null,"oz2Eligibility":null,"source":"ga-jeff-davis-parcels-13161","appraiserUrl":"https://qpublic.schneidercorp.com/Application.aspx?App=JeffDavisCountyGA&Layer=Parcels&PageType=Report&KeyValue=0011%20%20013","gisViewerUrl":"https://www.arcgis.com/apps/mapviewer/index.html?url=https://services5.arcgis.com/HHvUPZ2XuLOAJxjR/arcgis/rest/services/JeffDavis_County_Wide_GeoData_view/FeatureServer"},"geometry":{"type":"MultiPolygon","coordinates":[[[[-82.778026,31.7463],[-82.77803,31.747302],[-82.782972,31.74713],[-82.783233,31.746218],[-82.783173,31.746072],[-82.783152,31.745944],[-82.783183,31.74505],[-82.783177,31.744575],[-82.782949,31.741762],[-82.782974,31.74161],[-82.783029,31.741464],[-82.78346,31.740765],[-82.782925,31.740467],[-82.781962,31.740058],[-82.780931,31.739677],[-82.780678,31.739516],[-82.780542,31.739378],[-82.780451,31.739216],[-82.780334,31.738495],[-82.780195,31.738045],[-82.777994,31.737965],[-82.778026,31.7463]]],[[[-82.783571,31.740821],[-82.783535,31.740873],[-82.783148,31.741506],[-82.783099,31.741634],[-82.783078,31.741767],[-82.783306,31.744569],[-82.783312,31.745053],[-82.78328,31.745883],[-82.783292,31.746015],[-82.784416,31.742092],[-82.784662,31.742128],[-82.785153,31.741671],[-82.784696,31.741373],[-82.78419,31.741145],[-82.783977,31.741015],[-82.783571,31.740821]]]]}},{"type":"Feature","id":"13161:0011  015A","properties":{"id":"13161:0011  015A","parcelId":"0011  015A","countyFips":"13161","countyName":"Jeff Davis","state":"Georgia","marketIds":["Valdosta"],"situsAddress":null,"situsCity":null,"situsZip":null,"jurisdictionCode":null,"ownerName":null,"ownerName2":null,"propertyName":null,"zoningCode":null,"zoningDistrict":null,"jurisdictionPrefix":null,"dorCode":null,"acreage":26.0896,"centroid":[-82.774757,31.734924],"lastSale":{"date":null,"price":null,"qualified":null},"tax":{"marketValue":null,"assessedValue":null,"taxableValue":null,"taxes":null},"mailingAddress":{"line1":null,"line2":null,"city":null,"state":null,"zip":null},"incomeTract":null,"incomeBlockGroup":null,"nearestRoad":null,"flu":null,"opportunityZone":null,"oz2Eligibility":null,"source":"ga-jeff-davis-parcels-13161","appraiserUrl":"https://qpublic.schneidercorp.com/Application.aspx?App=JeffDavisCountyGA&Layer=Parcels&PageType=Report&KeyValue=0011%20%20015A","gisViewerUrl":"https://www.arcgis.com/apps/mapviewer/index.html?url=https://services5.arcgis.com/HHvUPZ2XuLOAJxjR/arcgis/rest/services/JeffDavis_County_Wide_GeoData_view/FeatureServer"},"geometry":{"type":"Polygon","coordinates":[[[-82.775614,31.735564],[-82.775559,31.735509],[-82.775405,31.735336],[-82.775273,31.735149],[-82.775103,31.734817],[-82.774615,31.733068],[-82.77451,31.732832],[-82.774383,31.732652],[-82.771466,31.737221],[-82.775645,31.737097],[-82.775614,31.735564]]]}},{"type":"Feature","id":"13161:0011  017B","properties":{"id":"13161:0011  017B","parcelId":"0011  017B","countyFips":"13161","countyName":"Jeff Davis","state":"Georgia","marketIds":["Valdosta"],"situsAddress":null,"situsCity":null,"situsZip":null,"jurisdictionCode":null,"ownerName":null,"ownerName2":null,"propertyName":null,"zoningCode":null,"zoningDistrict":null,"jurisdictionPrefix":null,"dorCode":null,"acreage":40.317,"centroid":[-82.7831,31.726145],"lastSale":{"date":null,"price":null,"qualified":null},"tax":{"marketValue":null,"assessedValue":null,"taxableValue":null,"taxes":null},"mailingAddress":{"line1":null,"line2":null,"city":null,"state":null,"zip":null},"incomeTract":null,"incomeBlockGroup":null,"nearestRoad":null,"flu":null,"opportunityZone":null,"oz2Eligibility":null,"source":"ga-jeff-davis-parcels-13161","appraiserUrl":"https://qpublic.schneidercorp.com/Application.aspx?App=JeffDavisCountyGA&Layer=Parcels&PageType=Report&KeyValue=0011%20%20017B","gisViewerUrl":"https://www.arcgis.com/apps/mapviewer/index.html?url=https://services5.arcgis.com/HHvUPZ2XuLOAJxjR/arcgis/rest/services/JeffDavis_County_Wide_GeoData_view/FeatureServer"},"geometry":{"type":"Polygon","coordinates":[[[-82.778682,31.725989],[-82.787021,31.728157],[-82.787066,31.725916],[-82.779631,31.724517],[-82.778682,31.725989]]]}},{"type":"Feature","id":"13161:0011  017C","properties":{"id":"13161:0011  017C","parcelId":"0011  017C","countyFips":"13161","countyName":"Jeff Davis","state":"Georgia","marketIds":["Valdosta"],"situsAddress":null,"situsCity":null,"situsZip":null,"jurisdictionCode":null,"ownerName":null,"ownerName2":null,"propertyName":null,"zoningCode":null,"zoningDistrict":null,"jurisdictionPrefix":null,"dorCode":null,"acreage":11.592,"centroid":[-82.778174,31.725172],"lastSale":{"date":null,"price":null,"qualified":null},"tax":{"marketValue":null,"assessedValue":null,"taxableValue":null,"taxes":null},"mailingAddress":{"line1":null,"line2":null,"city":null,"state":null,"zip":null},"incomeTract":null,"incomeBlockGroup":null,"nearestRoad":null,"flu":null,"opportunityZone":null,"oz2Eligibility":null,"source":"ga-jeff-davis-parcels-13161","appraiserUrl":"https://qpublic.schneidercorp.com/Application.aspx?App=JeffDavisCountyGA&Layer=Parcels&PageType=Report&KeyValue=0011%20%20017C","gisViewerUrl":"https://www.arcgis.com/apps/mapviewer/index.html?url=https://services5.arcgis.com/HHvUPZ2XuLOAJxjR/arcgis/rest/services/JeffDavis_County_Wide_GeoData_view/FeatureServer"},"geometry":{"type":"Polygon","coordinates":[[[-82.778731,31.723042],[-82.778706,31.723098],[-82.777508,31.725783],[-82.776952,31.72794],[-82.776944,31.728112],[-82.780204,31.723059],[-82.778731,31.723042]]]}},{"type":"Feature","id":"13161:0011  018","properties":{"id":"13161:0011  018","parcelId":"0011  018","countyFips":"13161","countyName":"Jeff Davis","state":"Georgia","marketIds":["Valdosta"],"situsAddress":null,"situsCity":null,"situsZip":null,"jurisdictionCode":null,"ownerName":null,"ownerName2":null,"propertyName":null,"zoningCode":null,"zoningDistrict":null,"jurisdictionPrefix":null,"dorCode":null,"acreage":84.6449,"centroid":[-82.782001,31.72964],"lastSale":{"date":null,"price":null,"qualified":null},"tax":{"marketValue":null,"assessedValue":null,"taxableValue":null,"taxes":null},"mailingAddress":{"line1":null,"line2":null,"city":null,"state":null,"zip":null},"incomeTract":null,"incomeBlockGroup":null,"nearestRoad":null,"flu":null,"opportunityZone":null,"oz2Eligibility":null,"source":"ga-jeff-davis-parcels-13161","appraiserUrl":"https://qpublic.schneidercorp.com/Application.aspx?App=JeffDavisCountyGA&Layer=Parcels&PageType=Report&KeyValue=0011%20%20018","gisViewerUrl":"https://www.arcgis.com/apps/mapviewer/index.html?url=https://services5.arcgis.com/HHvUPZ2XuLOAJxjR/arcgis/rest/services/JeffDavis_County_Wide_GeoData_view/FeatureServer"},"geometry":{"type":"Polygon","coordinates":[[[-82.778682,31.725989],[-82.776914,31.728728],[-82.780627,31.730848],[-82.780978,31.73099],[-82.782402,31.731402],[-82.782407,31.730532],[-82.786974,31.730476],[-82.787021,31.728157],[-82.778682,31.725989]]]}},{"type":"Feature","id":"13161:0011  019","properties":{"id":"13161:0011  019","parcelId":"0011  019","countyFips":"13161","countyName":"Jeff Davis","state":"Georgia","marketIds":["Valdosta"],"situsAddress":null,"situsCity":null,"situsZip":null,"jurisdictionCode":null,"ownerName":null,"ownerName2":null,"propertyName":null,"zoningCode":null,"zoningDistrict":null,"jurisdictionPrefix":null,"dorCode":null,"acreage":82.1006,"centroid":[-82.777589,31.733455],"lastSale":{"date":null,"price":null,"qualified":null},"tax":{"marketValue":null,"assessedValue":null,"taxableValue":null,"taxes":null},"mailingAddress":{"line1":null,"line2":null,"city":null,"state":null,"zip":null},"incomeTract":null,"incomeBlockGroup":null,"nearestRoad":null,"flu":null,"opportunityZone":null,"oz2Eligibility":null,"source":"ga-jeff-davis-parcels-13161","appraiserUrl":"https://qpublic.schneidercorp.com/Application.aspx?App=JeffDavisCountyGA&Layer=Parcels&PageType=Report&KeyValue=0011%20%20019","gisViewerUrl":"https://www.arcgis.com/apps/mapviewer/index.html?url=https://services5.arcgis.com/HHvUPZ2XuLOAJxjR/arcgis/rest/services/JeffDavis_County_Wide_GeoData_view/FeatureServer"},"geometry":{"type":"Polygon","coordinates":[[[-82.780741,31.731023],[-82.780676,31.730996],[-82.780424,31.730869],[-82.776852,31.728825],[-82.776649,31.729139],[-82.776637,31.729435],[-82.776451,31.730584],[-82.776355,31.73088],[-82.776249,31.73105],[-82.774833,31.732925],[-82.775326,31.73469],[-82.775475,31.735006],[-82.77564,31.735239],[-82.775955,31.735547],[-82.776555,31.735965],[-82.776886,31.736151],[-82.777335,31.73633],[-82.778747,31.736779],[-82.779046,31.736846],[-82.779431,31.73688],[-82.780672,31.736864],[-82.780022,31.733987],[-82.780741,31.731023]]]}},{"type":"Feature","id":"13161:0011  020","properties":{"id":"13161:0011  020","parcelId":"0011  020","countyFips":"13161","countyName":"Jeff Davis","state":"Georgia","marketIds":["Valdosta"],"situsAddress":null,"situsCity":null,"situsZip":null,"jurisdictionCode":null,"ownerName":null,"ownerName2":null,"propertyName":null,"zoningCode":null,"zoningDistrict":null,"jurisdictionPrefix":null,"dorCode":null,"acreage":101.3839,"centroid":[-82.782828,31.733017],"lastSale":{"date":null,"price":null,"qualified":null},"tax":{"marketValue":null,"assessedValue":null,"taxableValue":null,"taxes":null},"mailingAddress":{"line1":null,"line2":null,"city":null,"state":null,"zip":null},"incomeTract":null,"incomeBlockGroup":null,"nearestRoad":null,"flu":null,"opportunityZone":null,"oz2Eligibility":null,"source":"ga-jeff-davis-parcels-13161","appraiserUrl":"https://qpublic.schneidercorp.com/Application.aspx?App=JeffDavisCountyGA&Layer=Parcels&PageType=Report&KeyValue=0011%20%20020","gisViewerUrl":"https://www.arcgis.com/apps/mapviewer/index.html?url=https://services5.arcgis.com/HHvUPZ2XuLOAJxjR/arcgis/rest/services/JeffDavis_County_Wide_GeoData_view/FeatureServer"},"geometry":{"type":"MultiPolygon","coordinates":[[[[-82.780741,31.731023],[-82.780022,31.733987],[-82.780672,31.736864],[-82.785827,31.736792],[-82.784505,31.733531],[-82.784239,31.73312],[-82.783434,31.732209],[-82.783393,31.7321],[-82.783397,31.73186],[-82.783376,31.731813],[-82.783331,31.731786],[-82.781004,31.731114],[-82.780741,31.731023]]],[[[-82.782402,31.731402],[-82.783372,31.731682],[-82.783465,31.731733],[-82.783514,31.731805],[-82.78352,31.732085],[-82.783559,31.732174],[-82.784345,31.733059],[-82.784622,31.733487],[-82.785963,31.73679],[-82.786848,31.736774],[-82.786974,31.730476],[-82.782407,31.730532],[-82.782402,31.731402]]]]}},{"type":"Feature","id":"13161:0011  022","properties":{"id":"13161:0011  022","parcelId":"0011  022","countyFips":"13161","countyName":"Jeff Davis","state":"Georgia","marketIds":["Valdosta"],"situsAddress":null,"situsCity":null,"situsZip":null,"jurisdictionCode":null,"ownerName":null,"ownerName2":null,"propertyName":null,"zoningCode":null,"zoningDistrict":null,"jurisdictionPrefix":null,"dorCode":null,"acreage":6.7173,"centroid":[-82.792009,31.736058],"lastSale":{"date":null,"price":null,"qualified":null},"tax":{"marketValue":null,"assessedValue":null,"taxableValue":null,"taxes":null},"mailingAddress":{"line1":null,"line2":null,"city":null,"state":null,"zip":null},"incomeTract":null,"incomeBlockGroup":null,"nearestRoad":null,"flu":null,"opportunityZone":null,"oz2Eligibility":null,"source":"ga-jeff-davis-parcels-13161","appraiserUrl":"https://qpublic.schneidercorp.com/Application.aspx?App=JeffDavisCountyGA&Layer=Parcels&PageType=Report&KeyValue=0011%20%20022","gisViewerUrl":"https://www.arcgis.com/apps/mapviewer/index.html?url=https://services5.arcgis.com/HHvUPZ2XuLOAJxjR/arcgis/rest/services/JeffDavis_County_Wide_GeoData_view/FeatureServer"},"geometry":{"type":"Polygon","coordinates":[[[-82.790967,31.735459],[-82.79096,31.736697],[-82.793051,31.736658],[-82.793058,31.73542],[-82.790967,31.735459]]]}},{"type":"Feature","id":"13161:0011  023B","properties":{"id":"13161:0011  023B","parcelId":"0011  023B","countyFips":"13161","countyName":"Jeff Davis","state":"Georgia","marketIds":["Valdosta"],"situsAddress":null,"situsCity":null,"situsZip":null,"jurisdictionCode":null,"ownerName":null,"ownerName2":null,"propertyName":null,"zoningCode":null,"zoningDistrict":null,"jurisdictionPrefix":null,"dorCode":null,"acreage":24.7266,"centroid":[-82.805676,31.735193],"lastSale":{"date":null,"price":null,"qualified":null},"tax":{"marketValue":null,"assessedValue":null,"taxableValue":null,"taxes":null},"mailingAddress":{"line1":null,"line2":null,"city":null,"state":null,"zip":null},"incomeTract":null,"incomeBlockGroup":null,"nearestRoad":null,"flu":null,"opportunityZone":null,"oz2Eligibility":null,"source":"ga-jeff-davis-parcels-13161","appraiserUrl":"https://qpublic.schneidercorp.com/Application.aspx?App=JeffDavisCountyGA&Layer=Parcels&PageType=Report&KeyValue=0011%20%20023B","gisViewerUrl":"https://www.arcgis.com/apps/mapviewer/index.html?url=https://services5.arcgis.com/HHvUPZ2XuLOAJxjR/arcgis/rest/services/JeffDavis_County_Wide_GeoData_view/FeatureServer"},"geometry":{"type":"Polygon","coordinates":[[[-82.807463,31.736584],[-82.807453,31.736565],[-82.807414,31.736466],[-82.807395,31.736342],[-82.807404,31.73552],[-82.807429,31.735201],[-82.807597,31.733986],[-82.807548,31.733822],[-82.807491,31.733753],[-82.807404,31.73369],[-82.807125,31.73398],[-82.806885,31.734175],[-82.806532,31.7344],[-82.806146,31.734581],[-82.805629,31.734741],[-82.803611,31.735143],[-82.803312,31.735235],[-82.802934,31.735398],[-82.802503,31.73566],[-82.802131,31.735981],[-82.801829,31.736352],[-82.801644,31.736677],[-82.807463,31.736584]]]}},{"type":"Feature","id":"13161:0011  024","properties":{"id":"13161:0011  024","parcelId":"0011  024","countyFips":"13161","countyName":"Jeff Davis","state":"Georgia","marketIds":["Valdosta"],"situsAddress":null,"situsCity":null,"situsZip":null,"jurisdictionCode":null,"ownerName":null,"ownerName2":null,"propertyName":null,"zoningCode":null,"zoningDistrict":null,"jurisdictionPrefix":null,"dorCode":null,"acreage":113.9795,"centroid":[-82.788941,31.720593],"lastSale":{"date":null,"price":null,"qualified":null},"tax":{"marketValue":null,"assessedValue":null,"taxableValue":null,"taxes":null},"mailingAddress":{"line1":null,"line2":null,"city":null,"state":null,"zip":null},"incomeTract":null,"incomeBlockGroup":null,"nearestRoad":null,"flu":null,"opportunityZone":null,"oz2Eligibility":null,"source":"ga-jeff-davis-parcels-13161","appraiserUrl":"https://qpublic.schneidercorp.com/Application.aspx?App=JeffDavisCountyGA&Layer=Parcels&PageType=Report&KeyValue=0011%20%20024","gisViewerUrl":"https://www.arcgis.com/apps/mapviewer/index.html?url=https://services5.arcgis.com/HHvUPZ2XuLOAJxjR/arcgis/rest/services/JeffDavis_County_Wide_GeoData_view/FeatureServer"},"geometry":{"type":"Polygon","coordinates":[[[-82.787125,31.722977],[-82.793134,31.723023],[-82.792949,31.716347],[-82.78558,31.717649],[-82.785919,31.722968],[-82.787125,31.722977]]]}},{"type":"Feature","id":"13161:0011  025","properties":{"id":"13161:0011  025","parcelId":"0011  025","countyFips":"13161","countyName":"Jeff Davis","state":"Georgia","marketIds":["Valdosta"],"situsAddress":null,"situsCity":null,"situsZip":null,"jurisdictionCode":null,"ownerName":null,"ownerName2":null,"propertyName":null,"zoningCode":null,"zoningDistrict":null,"jurisdictionPrefix":null,"dorCode":null,"acreage":35.6059,"centroid":[-82.789465,31.715864],"lastSale":{"date":null,"price":null,"qualified":null},"tax":{"marketValue":null,"assessedValue":null,"taxableValue":null,"taxes":null},"mailingAddress":{"line1":null,"line2":null,"city":null,"state":null,"zip":null},"incomeTract":null,"incomeBlockGroup":null,"nearestRoad":null,"flu":null,"opportunityZone":null,"oz2Eligibility":null,"source":"ga-jeff-davis-parcels-13161","appraiserUrl":"https://qpublic.schneidercorp.com/Application.aspx?App=JeffDavisCountyGA&Layer=Parcels&PageType=Report&KeyValue=0011%20%20025","gisViewerUrl":"https://www.arcgis.com/apps/mapviewer/index.html?url=https://services5.arcgis.com/HHvUPZ2XuLOAJxjR/arcgis/rest/services/JeffDavis_County_Wide_GeoData_view/FeatureServer"},"geometry":{"type":"Polygon","coordinates":[[[-82.785458,31.715735],[-82.78558,31.717649],[-82.792949,31.716347],[-82.792902,31.71464],[-82.790434,31.714949],[-82.785458,31.715735]]]}},{"type":"Feature","id":"13161:0011  026","properties":{"id":"13161:0011  026","parcelId":"0011  026","countyFips":"13161","countyName":"Jeff Davis","state":"Georgia","marketIds":["Valdosta"],"situsAddress":null,"situsCity":null,"situsZip":null,"jurisdictionCode":null,"ownerName":null,"ownerName2":null,"propertyName":null,"zoningCode":null,"zoningDistrict":null,"jurisdictionPrefix":null,"dorCode":null,"acreage":54.2905,"centroid":[-82.78233,31.716357],"lastSale":{"date":null,"price":null,"qualified":null},"tax":{"marketValue":null,"assessedValue":null,"taxableValue":null,"taxes":null},"mailingAddress":{"line1":null,"line2":null,"city":null,"state":null,"zip":null},"incomeTract":null,"incomeBlockGroup":null,"nearestRoad":null,"flu":null,"opportunityZone":null,"oz2Eligibility":null,"source":"ga-jeff-davis-parcels-13161","appraiserUrl":"https://qpublic.schneidercorp.com/Application.aspx?App=JeffDavisCountyGA&Layer=Parcels&PageType=Report&KeyValue=0011%20%20026","gisViewerUrl":"https://www.arcgis.com/apps/mapviewer/index.html?url=https://services5.arcgis.com/HHvUPZ2XuLOAJxjR/arcgis/rest/services/JeffDavis_County_Wide_GeoData_view/FeatureServer"},"geometry":{"type":"MultiPolygon","coordinates":[[[[-82.782606,31.71822],[-82.783242,31.718351],[-82.78428,31.71674],[-82.784085,31.716855],[-82.782606,31.71822]]],[[[-82.778194,31.717312],[-82.782462,31.71819],[-82.783992,31.716779],[-82.784137,31.716681],[-82.784388,31.716573],[-82.784915,31.715794],[-82.778224,31.713171],[-82.778194,31.717312]]]]}},{"type":"Feature","id":"13161:0011  026A","properties":{"id":"13161:0011  026A","parcelId":"0011  026A","countyFips":"13161","countyName":"Jeff Davis","state":"Georgia","marketIds":["Valdosta"],"situsAddress":null,"situsCity":null,"situsZip":null,"jurisdictionCode":null,"ownerName":null,"ownerName2":null,"propertyName":null,"zoningCode":null,"zoningDistrict":null,"jurisdictionPrefix":null,"dorCode":null,"acreage":50.8653,"centroid":[-82.78402,31.719483],"lastSale":{"date":null,"price":null,"qualified":null},"tax":{"marketValue":null,"assessedValue":null,"taxableValue":null,"taxes":null},"mailingAddress":{"line1":null,"line2":null,"city":null,"state":null,"zip":null},"incomeTract":null,"incomeBlockGroup":null,"nearestRoad":null,"flu":null,"opportunityZone":null,"oz2Eligibility":null,"source":"ga-jeff-davis-parcels-13161","appraiserUrl":"https://qpublic.schneidercorp.com/Application.aspx?App=JeffDavisCountyGA&Layer=Parcels&PageType=Report&KeyValue=0011%20%20026A","gisViewerUrl":"https://www.arcgis.com/apps/mapviewer/index.html?url=https://services5.arcgis.com/HHvUPZ2XuLOAJxjR/arcgis/rest/services/JeffDavis_County_Wide_GeoData_view/FeatureServer"},"geometry":{"type":"Polygon","coordinates":[[[-82.780657,31.722927],[-82.782007,31.722938],[-82.785919,31.722968],[-82.785458,31.715735],[-82.785322,31.715756],[-82.784756,31.716573],[-82.780657,31.722927]]]}},{"type":"Feature","id":"13161:0011  026C","properties":{"id":"13161:0011  026C","parcelId":"0011  026C","countyFips":"13161","countyName":"Jeff Davis","state":"Georgia","marketIds":["Valdosta"],"situsAddress":null,"situsCity":null,"situsZip":null,"jurisdictionCode":null,"ownerName":null,"ownerName2":null,"propertyName":null,"zoningCode":null,"zoningDistrict":null,"jurisdictionPrefix":null,"dorCode":null,"acreage":63.0003,"centroid":[-82.782435,31.713281],"lastSale":{"date":null,"price":null,"qualified":null},"tax":{"marketValue":null,"assessedValue":null,"taxableValue":null,"taxes":null},"mailingAddress":{"line1":null,"line2":null,"city":null,"state":null,"zip":null},"incomeTract":null,"incomeBlockGroup":null,"nearestRoad":null,"flu":null,"opportunityZone":null,"oz2Eligibility":null,"source":"ga-jeff-davis-parcels-13161","appraiserUrl":"https://qpublic.schneidercorp.com/Application.aspx?App=JeffDavisCountyGA&Layer=Parcels&PageType=Report&KeyValue=0011%20%20026C","gisViewerUrl":"https://www.arcgis.com/apps/mapviewer/index.html?url=https://services5.arcgis.com/HHvUPZ2XuLOAJxjR/arcgis/rest/services/JeffDavis_County_Wide_GeoData_view/FeatureServer"},"geometry":{"type":"Polygon","coordinates":[[[-82.778224,31.713171],[-82.784915,31.715794],[-82.785444,31.715104],[-82.785356,31.711104],[-82.778238,31.711231],[-82.778224,31.713171]]]}},{"type":"Feature","id":"13161:0011  026D","properties":{"id":"13161:0011  026D","parcelId":"0011  026D","countyFips":"13161","countyName":"Jeff Davis","state":"Georgia","marketIds":["Valdosta"],"situsAddress":null,"situsCity":null,"situsZip":null,"jurisdictionCode":null,"ownerName":null,"ownerName2":null,"propertyName":null,"zoningCode":null,"zoningDistrict":null,"jurisdictionPrefix":null,"dorCode":null,"acreage":42.1647,"centroid":[-82.779325,31.719085],"lastSale":{"date":null,"price":null,"qualified":null},"tax":{"marketValue":null,"assessedValue":null,"taxableValue":null,"taxes":null},"mailingAddress":{"line1":null,"line2":null,"city":null,"state":null,"zip":null},"incomeTract":null,"incomeBlockGroup":null,"nearestRoad":null,"flu":null,"opportunityZone":null,"oz2Eligibility":null,"source":"ga-jeff-davis-parcels-13161","appraiserUrl":"https://qpublic.schneidercorp.com/Application.aspx?App=JeffDavisCountyGA&Layer=Parcels&PageType=Report&KeyValue=0011%20%20026D","gisViewerUrl":"https://www.arcgis.com/apps/mapviewer/index.html?url=https://services5.arcgis.com/HHvUPZ2XuLOAJxjR/arcgis/rest/services/JeffDavis_County_Wide_GeoData_view/FeatureServer"},"geometry":{"type":"MultiPolygon","coordinates":[[[[-82.778789,31.722913],[-82.780291,31.722925],[-82.783242,31.718351],[-82.782606,31.71822],[-82.78051,31.720255],[-82.779648,31.721173],[-82.779499,31.721365],[-82.779411,31.721526],[-82.778789,31.722913]]],[[[-82.778153,31.722908],[-82.778652,31.722912],[-82.779291,31.721487],[-82.779459,31.721209],[-82.779416,31.721267],[-82.779232,31.721064],[-82.778171,31.720534],[-82.778153,31.722908]]],[[[-82.778177,31.719594],[-82.778177,31.719595],[-82.7785,31.719662],[-82.780439,31.720157],[-82.782462,31.71819],[-82.778194,31.717312],[-82.778177,31.719594]]]]}},{"type":"Feature","id":"13161:0012  002A","properties":{"id":"13161:0012  002A","parcelId":"0012  002A","countyFips":"13161","countyName":"Jeff Davis","state":"Georgia","marketIds":["Valdosta"],"situsAddress":null,"situsCity":null,"situsZip":null,"jurisdictionCode":null,"ownerName":null,"ownerName2":null,"propertyName":null,"zoningCode":null,"zoningDistrict":null,"jurisdictionPrefix":null,"dorCode":null,"acreage":20.222,"centroid":[-82.787191,31.712721],"lastSale":{"date":null,"price":null,"qualified":null},"tax":{"marketValue":null,"assessedValue":null,"taxableValue":null,"taxes":null},"mailingAddress":{"line1":null,"line2":null,"city":null,"state":null,"zip":null},"incomeTract":null,"incomeBlockGroup":null,"nearestRoad":null,"flu":null,"opportunityZone":null,"oz2Eligibility":null,"source":"ga-jeff-davis-parcels-13161","appraiserUrl":"https://qpublic.schneidercorp.com/Application.aspx?App=JeffDavisCountyGA&Layer=Parcels&PageType=Report&KeyValue=0012%20%20002A","gisViewerUrl":"https://www.arcgis.com/apps/mapviewer/index.html?url=https://services5.arcgis.com/HHvUPZ2XuLOAJxjR/arcgis/rest/services/JeffDavis_County_Wide_GeoData_view/FeatureServer"},"geometry":{"type":"Polygon","coordinates":[[[-82.785397,31.71297],[-82.785793,31.712937],[-82.785931,31.713947],[-82.786052,31.714155],[-82.786185,31.714257],[-82.786923,31.713519],[-82.787715,31.712824],[-82.788129,31.712493],[-82.788995,31.711865],[-82.789445,31.711569],[-82.790376,31.711014],[-82.785356,31.711104],[-82.785397,31.71297]]]}},{"type":"Feature","id":"13161:0012  002E","properties":{"id":"13161:0012  002E","parcelId":"0012  002E","countyFips":"13161","countyName":"Jeff Davis","state":"Georgia","marketIds":["Valdosta"],"situsAddress":null,"situsCity":null,"situsZip":null,"jurisdictionCode":null,"ownerName":null,"ownerName2":null,"propertyName":null,"zoningCode":null,"zoningDistrict":null,"jurisdictionPrefix":null,"dorCode":null,"acreage":40.3053,"centroid":[-82.789695,31.71347],"lastSale":{"date":null,"price":null,"qualified":null},"tax":{"marketValue":null,"assessedValue":null,"taxableValue":null,"taxes":null},"mailingAddress":{"line1":null,"line2":null,"city":null,"state":null,"zip":null},"incomeTract":null,"incomeBlockGroup":null,"nearestRoad":null,"flu":null,"opportunityZone":null,"oz2Eligibility":null,"source":"ga-jeff-davis-parcels-13161","appraiserUrl":"https://qpublic.schneidercorp.com/Application.aspx?App=JeffDavisCountyGA&Layer=Parcels&PageType=Report&KeyValue=0012%20%20002E","gisViewerUrl":"https://www.arcgis.com/apps/mapviewer/index.html?url=https://services5.arcgis.com/HHvUPZ2XuLOAJxjR/arcgis/rest/services/JeffDavis_County_Wide_GeoData_view/FeatureServer"},"geometry":{"type":"Polygon","coordinates":[[[-82.789363,31.711967],[-82.788907,31.71228],[-82.788463,31.712606],[-82.787615,31.713295],[-82.786822,31.714031],[-82.786089,31.71481],[-82.785418,31.715629],[-82.787567,31.71529],[-82.787411,31.714616],[-82.788229,31.714486],[-82.788381,31.715161],[-82.790144,31.714883],[-82.790178,31.714112],[-82.791159,31.714072],[-82.791922,31.7141],[-82.791903,31.713404],[-82.792755,31.713399],[-82.792815,31.71454],[-82.792899,31.714529],[-82.7928,31.710971],[-82.790997,31.711003],[-82.790392,31.711336],[-82.790471,31.711949],[-82.789921,31.712284],[-82.789964,31.712614],[-82.78948,31.712864],[-82.789363,31.711967]]]}},{"type":"Feature","id":"13161:0012  010A","properties":{"id":"13161:0012  010A","parcelId":"0012  010A","countyFips":"13161","countyName":"Jeff Davis","state":"Georgia","marketIds":["Valdosta"],"situsAddress":null,"situsCity":null,"situsZip":null,"jurisdictionCode":null,"ownerName":null,"ownerName2":null,"propertyName":null,"zoningCode":null,"zoningDistrict":null,"jurisdictionPrefix":null,"dorCode":null,"acreage":92.637,"centroid":[-82.800471,31.689844],"lastSale":{"date":null,"price":null,"qualified":null},"tax":{"marketValue":null,"assessedValue":null,"taxableValue":null,"taxes":null},"mailingAddress":{"line1":null,"line2":null,"city":null,"state":null,"zip":null},"incomeTract":null,"incomeBlockGroup":null,"nearestRoad":null,"flu":null,"opportunityZone":null,"oz2Eligibility":null,"source":"ga-jeff-davis-parcels-13161","appraiserUrl":"https://qpublic.schneidercorp.com/Application.aspx?App=JeffDavisCountyGA&Layer=Parcels&PageType=Report&KeyValue=0012%20%20010A","gisViewerUrl":"https://www.arcgis.com/apps/mapviewer/index.html?url=https://services5.arcgis.com/HHvUPZ2XuLOAJxjR/arcgis/rest/services/JeffDavis_County_Wide_GeoData_view/FeatureServer"},"geometry":{"type":"Polygon","coordinates":[[[-82.79373,31.68872],[-82.793765,31.688737],[-82.796382,31.689914],[-82.798418,31.690968],[-82.804298,31.694071],[-82.804217,31.692409],[-82.803056,31.692418],[-82.803008,31.691426],[-82.804169,31.691417],[-82.804061,31.689372],[-82.803971,31.689077],[-82.803674,31.688483],[-82.799932,31.688491],[-82.799941,31.688443],[-82.799074,31.686758],[-82.795838,31.686802],[-82.79373,31.68872]]]}},{"type":"Feature","id":"13161:0012  010B","properties":{"id":"13161:0012  010B","parcelId":"0012  010B","countyFips":"13161","countyName":"Jeff Davis","state":"Georgia","marketIds":["Valdosta"],"situsAddress":null,"situsCity":null,"situsZip":null,"jurisdictionCode":null,"ownerName":null,"ownerName2":null,"propertyName":null,"zoningCode":null,"zoningDistrict":null,"jurisdictionPrefix":null,"dorCode":null,"acreage":15.4269,"centroid":[-82.801951,31.687948],"lastSale":{"date":null,"price":null,"qualified":null},"tax":{"marketValue":null,"assessedValue":null,"taxableValue":null,"taxes":null},"mailingAddress":{"line1":null,"line2":null,"city":null,"state":null,"zip":null},"incomeTract":null,"incomeBlockGroup":null,"nearestRoad":null,"flu":null,"opportunityZone":null,"oz2Eligibility":null,"source":"ga-jeff-davis-parcels-13161","appraiserUrl":"https://qpublic.schneidercorp.com/Application.aspx?App=JeffDavisCountyGA&Layer=Parcels&PageType=Report&KeyValue=0012%20%20010B","gisViewerUrl":"https://www.arcgis.com/apps/mapviewer/index.html?url=https://services5.arcgis.com/HHvUPZ2XuLOAJxjR/arcgis/rest/services/JeffDavis_County_Wide_GeoData_view/FeatureServer"},"geometry":{"type":"Polygon","coordinates":[[[-82.799223,31.687049],[-82.799941,31.688443],[-82.799932,31.688491],[-82.803674,31.688483],[-82.803582,31.688212],[-82.803567,31.687971],[-82.803739,31.686988],[-82.799223,31.687049]]]}},{"type":"Feature","id":"13161:0012  010E","properties":{"id":"13161:0012  010E","parcelId":"0012  010E","countyFips":"13161","countyName":"Jeff Davis","state":"Georgia","marketIds":["Valdosta"],"situsAddress":null,"situsCity":null,"situsZip":null,"jurisdictionCode":null,"ownerName":null,"ownerName2":null,"propertyName":null,"zoningCode":null,"zoningDistrict":null,"jurisdictionPrefix":null,"dorCode":null,"acreage":26.5968,"centroid":[-82.804996,31.68729],"lastSale":{"date":null,"price":null,"qualified":null},"tax":{"marketValue":null,"assessedValue":null,"taxableValue":null,"taxes":null},"mailingAddress":{"line1":null,"line2":null,"city":null,"state":null,"zip":null},"incomeTract":null,"incomeBlockGroup":null,"nearestRoad":null,"flu":null,"opportunityZone":null,"oz2Eligibility":null,"source":"ga-jeff-davis-parcels-13161","appraiserUrl":"https://qpublic.schneidercorp.com/Application.aspx?App=JeffDavisCountyGA&Layer=Parcels&PageType=Report&KeyValue=0012%20%20010E","gisViewerUrl":"https://www.arcgis.com/apps/mapviewer/index.html?url=https://services5.arcgis.com/HHvUPZ2XuLOAJxjR/arcgis/rest/services/JeffDavis_County_Wide_GeoData_view/FeatureServer"},"geometry":{"type":"Polygon","coordinates":[[[-82.804149,31.685452],[-82.803708,31.687867],[-82.803703,31.688159],[-82.803793,31.68844],[-82.807315,31.68841],[-82.807305,31.685409],[-82.804149,31.685452]]]}},{"type":"Feature","id":"13161:0012  010F","properties":{"id":"13161:0012  010F","parcelId":"0012  010F","countyFips":"13161","countyName":"Jeff Davis","state":"Georgia","marketIds":["Valdosta"],"situsAddress":null,"situsCity":null,"situsZip":null,"jurisdictionCode":null,"ownerName":null,"ownerName2":null,"propertyName":null,"zoningCode":null,"zoningDistrict":null,"jurisdictionPrefix":null,"dorCode":null,"acreage":24.1216,"centroid":[-82.794086,31.687347],"lastSale":{"date":null,"price":null,"qualified":null},"tax":{"marketValue":null,"assessedValue":null,"taxableValue":null,"taxes":null},"mailingAddress":{"line1":null,"line2":null,"city":null,"state":null,"zip":null},"incomeTract":null,"incomeBlockGroup":null,"nearestRoad":null,"flu":null,"opportunityZone":null,"oz2Eligibility":null,"source":"ga-jeff-davis-parcels-13161","appraiserUrl":"https://qpublic.schneidercorp.com/Application.aspx?App=JeffDavisCountyGA&Layer=Parcels&PageType=Report&KeyValue=0012%20%20010F","gisViewerUrl":"https://www.arcgis.com/apps/mapviewer/index.html?url=https://services5.arcgis.com/HHvUPZ2XuLOAJxjR/arcgis/rest/services/JeffDavis_County_Wide_GeoData_view/FeatureServer"},"geometry":{"type":"Polygon","coordinates":[[[-82.792685,31.687792],[-82.792794,31.687732],[-82.793309,31.688405],[-82.793484,31.688565],[-82.79373,31.68872],[-82.795838,31.686802],[-82.797049,31.686785],[-82.797026,31.685548],[-82.792472,31.68561],[-82.792471,31.687507],[-82.792685,31.687792]]]}},{"type":"Feature","id":"13161:0012  010C","properties":{"id":"13161:0012  010C","parcelId":"0012  010C","countyFips":"13161","countyName":"Jeff Davis","state":"Georgia","marketIds":["Valdosta"],"situsAddress":null,"situsCity":null,"situsZip":null,"jurisdictionCode":null,"ownerName":null,"ownerName2":null,"propertyName":null,"zoningCode":null,"zoningDistrict":null,"jurisdictionPrefix":null,"dorCode":null,"acreage":14.9463,"centroid":[-82.805824,31.691931],"lastSale":{"date":null,"price":null,"qualified":null},"tax":{"marketValue":null,"assessedValue":null,"taxableValue":null,"taxes":null},"mailingAddress":{"line1":null,"line2":null,"city":null,"state":null,"zip":null},"incomeTract":null,"incomeBlockGroup":null,"nearestRoad":null,"flu":null,"opportunityZone":null,"oz2Eligibility":null,"source":"ga-jeff-davis-parcels-13161","appraiserUrl":"https://qpublic.schneidercorp.com/Application.aspx?App=JeffDavisCountyGA&Layer=Parcels&PageType=Report&KeyValue=0012%20%20010C","gisViewerUrl":"https://www.arcgis.com/apps/mapviewer/index.html?url=https://services5.arcgis.com/HHvUPZ2XuLOAJxjR/arcgis/rest/services/JeffDavis_County_Wide_GeoData_view/FeatureServer"},"geometry":{"type":"Polygon","coordinates":[[[-82.804368,31.692877],[-82.807329,31.6929],[-82.807323,31.690963],[-82.804276,31.690982],[-82.804368,31.692877]]]}},{"type":"Feature","id":"13161:0012  010J","properties":{"id":"13161:0012  010J","parcelId":"0012  010J","countyFips":"13161","countyName":"Jeff Davis","state":"Georgia","marketIds":["Valdosta"],"situsAddress":null,"situsCity":null,"situsZip":null,"jurisdictionCode":null,"ownerName":null,"ownerName2":null,"propertyName":null,"zoningCode":null,"zoningDistrict":null,"jurisdictionPrefix":null,"dorCode":null,"acreage":11.0843,"centroid":[-82.805149,31.689105],"lastSale":{"date":null,"price":null,"qualified":null},"tax":{"marketValue":null,"assessedValue":null,"taxableValue":null,"taxes":null},"mailingAddress":{"line1":null,"line2":null,"city":null,"state":null,"zip":null},"incomeTract":null,"incomeBlockGroup":null,"nearestRoad":null,"flu":null,"opportunityZone":null,"oz2Eligibility":null,"source":"ga-jeff-davis-parcels-13161","appraiserUrl":"https://qpublic.schneidercorp.com/Application.aspx?App=JeffDavisCountyGA&Layer=Parcels&PageType=Report&KeyValue=0012%20%20010J","gisViewerUrl":"https://www.arcgis.com/apps/mapviewer/index.html?url=https://services5.arcgis.com/HHvUPZ2XuLOAJxjR/arcgis/rest/services/JeffDavis_County_Wide_GeoData_view/FeatureServer"},"geometry":{"type":"Polygon","coordinates":[[[-82.803793,31.68844],[-82.80407,31.688994],[-82.80418,31.689309],[-82.804216,31.689757],[-82.807319,31.689718],[-82.807315,31.68841],[-82.803793,31.68844]]]}},{"type":"Feature","id":"13161:0012  010K","properties":{"id":"13161:0012  010K","parcelId":"0012  010K","countyFips":"13161","countyName":"Jeff Davis","state":"Georgia","marketIds":["Valdosta"],"situsAddress":null,"situsCity":null,"situsZip":null,"jurisdictionCode":null,"ownerName":null,"ownerName2":null,"propertyName":null,"zoningCode":null,"zoningDistrict":null,"jurisdictionPrefix":null,"dorCode":null,"acreage":25.5847,"centroid":[-82.800021,31.68643],"lastSale":{"date":null,"price":null,"qualified":null},"tax":{"marketValue":null,"assessedValue":null,"taxableValue":null,"taxes":null},"mailingAddress":{"line1":null,"line2":null,"city":null,"state":null,"zip":null},"incomeTract":null,"incomeBlockGroup":null,"nearestRoad":null,"flu":null,"opportunityZone":null,"oz2Eligibility":null,"source":"ga-jeff-davis-parcels-13161","appraiserUrl":"https://qpublic.schneidercorp.com/Application.aspx?App=JeffDavisCountyGA&Layer=Parcels&PageType=Report&KeyValue=0012%20%20010K","gisViewerUrl":"https://www.arcgis.com/apps/mapviewer/index.html?url=https://services5.arcgis.com/HHvUPZ2XuLOAJxjR/arcgis/rest/services/JeffDavis_County_Wide_GeoData_view/FeatureServer"},"geometry":{"type":"Polygon","coordinates":[[[-82.797049,31.686785],[-82.799074,31.686758],[-82.799223,31.687049],[-82.803739,31.686988],[-82.804018,31.685454],[-82.797026,31.685548],[-82.797049,31.686785]]]}},{"type":"Feature","id":"13161:0012  011","properties":{"id":"13161:0012  011","parcelId":"0012  011","countyFips":"13161","countyName":"Jeff Davis","state":"Georgia","marketIds":["Valdosta"],"situsAddress":null,"situsCity":null,"situsZip":null,"jurisdictionCode":null,"ownerName":null,"ownerName2":null,"propertyName":null,"zoningCode":null,"zoningDistrict":null,"jurisdictionPrefix":null,"dorCode":null,"acreage":49.3011,"centroid":[-82.7907,31.688862],"lastSale":{"date":null,"price":null,"qualified":null},"tax":{"marketValue":null,"assessedValue":null,"taxableValue":null,"taxes":null},"mailingAddress":{"line1":null,"line2":null,"city":null,"state":null,"zip":null},"incomeTract":null,"incomeBlockGroup":null,"nearestRoad":null,"flu":null,"opportunityZone":null,"oz2Eligibility":null,"source":"ga-jeff-davis-parcels-13161","appraiserUrl":"https://qpublic.schneidercorp.com/Application.aspx?App=JeffDavisCountyGA&Layer=Parcels&PageType=Report&KeyValue=0012%20%20011","gisViewerUrl":"https://www.arcgis.com/apps/mapviewer/index.html?url=https://services5.arcgis.com/HHvUPZ2XuLOAJxjR/arcgis/rest/services/JeffDavis_County_Wide_GeoData_view/FeatureServer"},"geometry":{"type":"Polygon","coordinates":[[[-82.792472,31.68561],[-82.785388,31.691362],[-82.79247,31.69097],[-82.792471,31.687507],[-82.792472,31.68561]]]}},{"type":"Feature","id":"13161:0018  006D","properties":{"id":"13161:0018  006D","parcelId":"0018  006D","countyFips":"13161","countyName":"Jeff Davis","state":"Georgia","marketIds":["Valdosta"],"situsAddress":null,"situsCity":null,"situsZip":null,"jurisdictionCode":null,"ownerName":null,"ownerName2":null,"propertyName":null,"zoningCode":null,"zoningDistrict":null,"jurisdictionPrefix":null,"dorCode":null,"acreage":78.2489,"centroid":[-82.767771,31.749551],"lastSale":{"date":null,"price":null,"qualified":null},"tax":{"marketValue":null,"assessedValue":null,"taxableValue":null,"taxes":null},"mailingAddress":{"line1":null,"line2":null,"city":null,"state":null,"zip":null},"incomeTract":null,"incomeBlockGroup":null,"nearestRoad":null,"flu":null,"opportunityZone":null,"oz2Eligibility":null,"source":"ga-jeff-davis-parcels-13161","appraiserUrl":"https://qpublic.schneidercorp.com/Application.aspx?App=JeffDavisCountyGA&Layer=Parcels&PageType=Report&KeyValue=0018%20%20006D","gisViewerUrl":"https://www.arcgis.com/apps/mapviewer/index.html?url=https://services5.arcgis.com/HHvUPZ2XuLOAJxjR/arcgis/rest/services/JeffDavis_County_Wide_GeoData_view/FeatureServer"},"geometry":{"type":"Polygon","coordinates":[[[-82.764239,31.750693],[-82.778019,31.750662],[-82.778035,31.748489],[-82.768166,31.748511],[-82.768292,31.749389],[-82.766994,31.749405],[-82.766866,31.748514],[-82.764248,31.74852],[-82.763434,31.74977],[-82.762939,31.750475],[-82.764252,31.750635],[-82.764239,31.750693]]]}},{"type":"Feature","id":"13161:0018  038","properties":{"id":"13161:0018  038","parcelId":"0018  038","countyFips":"13161","countyName":"Jeff Davis","state":"Georgia","marketIds":["Valdosta"],"situsAddress":null,"situsCity":null,"situsZip":null,"jurisdictionCode":null,"ownerName":null,"ownerName2":null,"propertyName":null,"zoningCode":null,"zoningDistrict":null,"jurisdictionPrefix":null,"dorCode":null,"acreage":148.4955,"centroid":[-82.754943,31.747879],"lastSale":{"date":null,"price":null,"qualified":null},"tax":{"marketValue":null,"assessedValue":null,"taxableValue":null,"taxes":null},"mailingAddress":{"line1":null,"line2":null,"city":null,"state":null,"zip":null},"incomeTract":null,"incomeBlockGroup":null,"nearestRoad":null,"flu":null,"opportunityZone":null,"oz2Eligibility":null,"source":"ga-jeff-davis-parcels-13161","appraiserUrl":"https://qpublic.schneidercorp.com/Application.aspx?App=JeffDavisCountyGA&Layer=Parcels&PageType=Report&KeyValue=0018%20%20038","gisViewerUrl":"https://www.arcgis.com/apps/mapviewer/index.html?url=https://services5.arcgis.com/HHvUPZ2XuLOAJxjR/arcgis/rest/services/JeffDavis_County_Wide_GeoData_view/FeatureServer"},"geometry":{"type":"Polygon","coordinates":[[[-82.74831,31.749256],[-82.748687,31.749319],[-82.748973,31.74942],[-82.749283,31.749483],[-82.749524,31.749476],[-82.749757,31.749545],[-82.750646,31.749613],[-82.750844,31.749673],[-82.751088,31.749845],[-82.751763,31.750467],[-82.752082,31.750703],[-82.752394,31.750854],[-82.752795,31.750954],[-82.753148,31.751083],[-82.753517,31.751549],[-82.753939,31.751905],[-82.754635,31.75226],[-82.754979,31.752329],[-82.755672,31.751659],[-82.756903,31.750421],[-82.757856,31.749762],[-82.758315,31.74949],[-82.758996,31.74922],[-82.7591,31.74914],[-82.759161,31.748416],[-82.759278,31.748023],[-82.759269,31.747844],[-82.75918,31.74768],[-82.758965,31.747399],[-82.758923,31.747222],[-82.758929,31.746816],[-82.758913,31.746727],[-82.75884,31.746558],[-82.758743,31.746411],[-82.758528,31.746155],[-82.758165,31.745796],[-82.757991,31.745579],[-82.757946,31.745498],[-82.757899,31.745322],[-82.757888,31.745152],[-82.757956,31.744727],[-82.758128,31.744152],[-82.7584,31.743442],[-82.758467,31.743178],[-82.758491,31.742909],[-82.758439,31.742719],[-82.753841,31.745067],[-82.7535,31.745212],[-82.753013,31.745333],[-82.752507,31.745366],[-82.752004,31.745311],[-82.751409,31.745159],[-82.747894,31.748496],[-82.747888,31.749084],[-82.748098,31.749154],[-82.74831,31.749256]]]}},{"type":"Feature","id":"13161:0018  038A","properties":{"id":"13161:0018  038A","parcelId":"0018  038A","countyFips":"13161","countyName":"Jeff Davis","state":"Georgia","marketIds":["Valdosta"],"situsAddress":null,"situsCity":null,"situsZip":null,"jurisdictionCode":null,"ownerName":null,"ownerName2":null,"propertyName":null,"zoningCode":null,"zoningDistrict":null,"jurisdictionPrefix":null,"dorCode":null,"acreage":103.1266,"centroid":[-82.756522,31.740568],"lastSale":{"date":null,"price":null,"qualified":null},"tax":{"marketValue":null,"assessedValue":null,"taxableValue":null,"taxes":null},"mailingAddress":{"line1":null,"line2":null,"city":null,"state":null,"zip":null},"incomeTract":null,"incomeBlockGroup":null,"nearestRoad":null,"flu":null,"opportunityZone":null,"oz2Eligibility":null,"source":"ga-jeff-davis-parcels-13161","appraiserUrl":"https://qpublic.schneidercorp.com/Application.aspx?App=JeffDavisCountyGA&Layer=Parcels&PageType=Report&KeyValue=0018%20%20038A","gisViewerUrl":"https://www.arcgis.com/apps/mapviewer/index.html?url=https://services5.arcgis.com/HHvUPZ2XuLOAJxjR/arcgis/rest/services/JeffDavis_County_Wide_GeoData_view/FeatureServer"},"geometry":{"type":"Polygon","coordinates":[[[-82.752367,31.741459],[-82.753543,31.745077],[-82.753775,31.744973],[-82.758398,31.742611],[-82.758359,31.742429],[-82.758387,31.742131],[-82.758602,31.74155],[-82.758638,31.741171],[-82.758681,31.741152],[-82.758641,31.74073],[-82.75853,31.740262],[-82.75853,31.739717],[-82.758483,31.739497],[-82.758124,31.738791],[-82.758083,31.738626],[-82.757954,31.738351],[-82.757587,31.737807],[-82.757515,31.737677],[-82.757451,31.737493],[-82.751084,31.737513],[-82.752324,31.741327],[-82.752454,31.741295],[-82.752498,31.741427],[-82.752367,31.741459]]]}},{"type":"Feature","id":"13161:0018  038B","properties":{"id":"13161:0018  038B","parcelId":"0018  038B","countyFips":"13161","countyName":"Jeff Davis","state":"Georgia","marketIds":["Valdosta"],"situsAddress":null,"situsCity":null,"situsZip":null,"jurisdictionCode":null,"ownerName":null,"ownerName2":null,"propertyName":null,"zoningCode":null,"zoningDistrict":null,"jurisdictionPrefix":null,"dorCode":null,"acreage":101.8546,"centroid":[-82.751009,31.74325],"lastSale":{"date":null,"price":null,"qualified":null},"tax":{"marketValue":null,"assessedValue":null,"taxableValue":null,"taxes":null},"mailingAddress":{"line1":null,"line2":null,"city":null,"state":null,"zip":null},"incomeTract":null,"incomeBlockGroup":null,"nearestRoad":null,"flu":null,"opportunityZone":null,"oz2Eligibility":null,"source":"ga-jeff-davis-parcels-13161","appraiserUrl":"https://qpublic.schneidercorp.com/Application.aspx?App=JeffDavisCountyGA&Layer=Parcels&PageType=Report&KeyValue=0018%20%20038B","gisViewerUrl":"https://www.arcgis.com/apps/mapviewer/index.html?url=https://services5.arcgis.com/HHvUPZ2XuLOAJxjR/arcgis/rest/services/JeffDavis_County_Wide_GeoData_view/FeatureServer"},"geometry":{"type":"MultiPolygon","coordinates":[[[[-82.747894,31.748496],[-82.7479,31.748496],[-82.751409,31.745159],[-82.747909,31.744237],[-82.747894,31.748496]]],[[[-82.747906,31.74412],[-82.747909,31.744122],[-82.752114,31.745219],[-82.752517,31.745256],[-82.752842,31.745243],[-82.753239,31.745174],[-82.753543,31.745077],[-82.751084,31.737513],[-82.747924,31.737523],[-82.747906,31.74412]]]]}},{"type":"Feature","id":"13161:0018  039","properties":{"id":"13161:0018  039","parcelId":"0018  039","countyFips":"13161","countyName":"Jeff Davis","state":"Georgia","marketIds":["Valdosta"],"situsAddress":null,"situsCity":null,"situsZip":null,"jurisdictionCode":null,"ownerName":null,"ownerName2":null,"propertyName":null,"zoningCode":null,"zoningDistrict":null,"jurisdictionPrefix":null,"dorCode":null,"acreage":24.2938,"centroid":[-82.759351,31.749151],"lastSale":{"date":null,"price":null,"qualified":null},"tax":{"marketValue":null,"assessedValue":null,"taxableValue":null,"taxes":null},"mailingAddress":{"line1":null,"line2":null,"city":null,"state":null,"zip":null},"incomeTract":null,"incomeBlockGroup":null,"nearestRoad":null,"flu":null,"opportunityZone":null,"oz2Eligibility":null,"source":"ga-jeff-davis-parcels-13161","appraiserUrl":"https://qpublic.schneidercorp.com/Application.aspx?App=JeffDavisCountyGA&Layer=Parcels&PageType=Report&KeyValue=0018%20%20039","gisViewerUrl":"https://www.arcgis.com/apps/mapviewer/index.html?url=https://services5.arcgis.com/HHvUPZ2XuLOAJxjR/arcgis/rest/services/JeffDavis_County_Wide_GeoData_view/FeatureServer"},"geometry":{"type":"Polygon","coordinates":[[[-82.757856,31.749762],[-82.759841,31.753748],[-82.760879,31.752568],[-82.761762,31.75151],[-82.759439,31.749077],[-82.759342,31.747223],[-82.758922,31.747213],[-82.758965,31.747399],[-82.759229,31.74776],[-82.759269,31.747844],[-82.759285,31.747933],[-82.759261,31.748112],[-82.759161,31.748416],[-82.7591,31.74914],[-82.758996,31.74922],[-82.758315,31.74949],[-82.757856,31.749762]]]}},{"type":"Feature","id":"13161:0018  039A","properties":{"id":"13161:0018  039A","parcelId":"0018  039A","countyFips":"13161","countyName":"Jeff Davis","state":"Georgia","marketIds":["Valdosta"],"situsAddress":null,"situsCity":null,"situsZip":null,"jurisdictionCode":null,"ownerName":null,"ownerName2":null,"propertyName":null,"zoningCode":null,"zoningDistrict":null,"jurisdictionPrefix":null,"dorCode":null,"acreage":48.3309,"centroid":[-82.759222,31.739697],"lastSale":{"date":null,"price":null,"qualified":null},"tax":{"marketValue":null,"assessedValue":null,"taxableValue":null,"taxes":null},"mailingAddress":{"line1":null,"line2":null,"city":null,"state":null,"zip":null},"incomeTract":null,"incomeBlockGroup":null,"nearestRoad":null,"flu":null,"opportunityZone":null,"oz2Eligibility":null,"source":"ga-jeff-davis-parcels-13161","appraiserUrl":"https://qpublic.schneidercorp.com/Application.aspx?App=JeffDavisCountyGA&Layer=Parcels&PageType=Report&KeyValue=0018%20%20039A","gisViewerUrl":"https://www.arcgis.com/apps/mapviewer/index.html?url=https://services5.arcgis.com/HHvUPZ2XuLOAJxjR/arcgis/rest/services/JeffDavis_County_Wide_GeoData_view/FeatureServer"},"geometry":{"type":"Polygon","coordinates":[[[-82.757451,31.737493],[-82.757458,31.737512],[-82.757515,31.737677],[-82.757587,31.737807],[-82.757954,31.738351],[-82.758083,31.738626],[-82.758124,31.738791],[-82.758483,31.739497],[-82.75853,31.739717],[-82.75853,31.740262],[-82.758641,31.74073],[-82.758681,31.741152],[-82.758638,31.741171],[-82.758602,31.74155],[-82.758387,31.742131],[-82.758359,31.742429],[-82.758398,31.742611],[-82.760051,31.741767],[-82.760256,31.741678],[-82.760474,31.741614],[-82.762842,31.741067],[-82.762829,31.737644],[-82.761228,31.737649],[-82.761223,31.737845],[-82.760733,31.73788],[-82.760708,31.737482],[-82.757451,31.737493]]]}},{"type":"Feature","id":"13161:0018  039B","properties":{"id":"13161:0018  039B","parcelId":"0018  039B","countyFips":"13161","countyName":"Jeff Davis","state":"Georgia","marketIds":["Valdosta"],"situsAddress":null,"situsCity":null,"situsZip":null,"jurisdictionCode":null,"ownerName":null,"ownerName2":null,"propertyName":null,"zoningCode":null,"zoningDistrict":null,"jurisdictionPrefix":null,"dorCode":null,"acreage":20.6222,"centroid":[-82.759218,31.746312],"lastSale":{"date":null,"price":null,"qualified":null},"tax":{"marketValue":null,"assessedValue":null,"taxableValue":null,"taxes":null},"mailingAddress":{"line1":null,"line2":null,"city":null,"state":null,"zip":null},"incomeTract":null,"incomeBlockGroup":null,"nearestRoad":null,"flu":null,"opportunityZone":null,"oz2Eligibility":null,"source":"ga-jeff-davis-parcels-13161","appraiserUrl":"https://qpublic.schneidercorp.com/Application.aspx?App=JeffDavisCountyGA&Layer=Parcels&PageType=Report&KeyValue=0018%20%20039B","gisViewerUrl":"https://www.arcgis.com/apps/mapviewer/index.html?url=https://services5.arcgis.com/HHvUPZ2XuLOAJxjR/arcgis/rest/services/JeffDavis_County_Wide_GeoData_view/FeatureServer"},"geometry":{"type":"Polygon","coordinates":[[[-82.759342,31.747223],[-82.762801,31.747305],[-82.762816,31.745447],[-82.7579,31.74533],[-82.757946,31.745498],[-82.757991,31.745579],[-82.758165,31.745796],[-82.758528,31.746155],[-82.758743,31.746411],[-82.75884,31.746558],[-82.758913,31.746727],[-82.758929,31.746816],[-82.758922,31.747213],[-82.759342,31.747223]]]}},{"type":"Feature","id":"13161:0018  039C","properties":{"id":"13161:0018  039C","parcelId":"0018  039C","countyFips":"13161","countyName":"Jeff Davis","state":"Georgia","marketIds":["Valdosta"],"situsAddress":null,"situsCity":null,"situsZip":null,"jurisdictionCode":null,"ownerName":null,"ownerName2":null,"propertyName":null,"zoningCode":null,"zoningDistrict":null,"jurisdictionPrefix":null,"dorCode":null,"acreage":23.0632,"centroid":[-82.76071,31.742474],"lastSale":{"date":null,"price":null,"qualified":null},"tax":{"marketValue":null,"assessedValue":null,"taxableValue":null,"taxes":null},"mailingAddress":{"line1":null,"line2":null,"city":null,"state":null,"zip":null},"incomeTract":null,"incomeBlockGroup":null,"nearestRoad":null,"flu":null,"opportunityZone":null,"oz2Eligibility":null,"source":"ga-jeff-davis-parcels-13161","appraiserUrl":"https://qpublic.schneidercorp.com/Application.aspx?App=JeffDavisCountyGA&Layer=Parcels&PageType=Report&KeyValue=0018%20%20039C","gisViewerUrl":"https://www.arcgis.com/apps/mapviewer/index.html?url=https://services5.arcgis.com/HHvUPZ2XuLOAJxjR/arcgis/rest/services/JeffDavis_County_Wide_GeoData_view/FeatureServer"},"geometry":{"type":"Polygon","coordinates":[[[-82.758348,31.743589],[-82.76283,31.743696],[-82.762841,31.742316],[-82.763516,31.742311],[-82.763525,31.741161],[-82.762915,31.741164],[-82.760507,31.74172],[-82.760163,31.741839],[-82.758439,31.742719],[-82.758491,31.742909],[-82.758494,31.742999],[-82.758448,31.743267],[-82.758348,31.743589]]]}},{"type":"Feature","id":"13161:0018  039E","properties":{"id":"13161:0018  039E","parcelId":"0018  039E","countyFips":"13161","countyName":"Jeff Davis","state":"Georgia","marketIds":["Valdosta"],"situsAddress":null,"situsCity":null,"situsZip":null,"jurisdictionCode":null,"ownerName":null,"ownerName2":null,"propertyName":null,"zoningCode":null,"zoningDistrict":null,"jurisdictionPrefix":null,"dorCode":null,"acreage":21.6526,"centroid":[-82.759409,31.744585],"lastSale":{"date":null,"price":null,"qualified":null},"tax":{"marketValue":null,"assessedValue":null,"taxableValue":null,"taxes":null},"mailingAddress":{"line1":null,"line2":null,"city":null,"state":null,"zip":null},"incomeTract":null,"incomeBlockGroup":null,"nearestRoad":null,"flu":null,"opportunityZone":null,"oz2Eligibility":null,"source":"ga-jeff-davis-parcels-13161","appraiserUrl":"https://qpublic.schneidercorp.com/Application.aspx?App=JeffDavisCountyGA&Layer=Parcels&PageType=Report&KeyValue=0018%20%20039E","gisViewerUrl":"https://www.arcgis.com/apps/mapviewer/index.html?url=https://services5.arcgis.com/HHvUPZ2XuLOAJxjR/arcgis/rest/services/JeffDavis_County_Wide_GeoData_view/FeatureServer"},"geometry":{"type":"Polygon","coordinates":[[[-82.7579,31.74533],[-82.762816,31.745447],[-82.76283,31.743696],[-82.758348,31.743589],[-82.758128,31.744152],[-82.757956,31.744727],[-82.757888,31.745152],[-82.7579,31.74533]]]}},{"type":"Feature","id":"13161:0018  039G","properties":{"id":"13161:0018  039G","parcelId":"0018  039G","countyFips":"13161","countyName":"Jeff Davis","state":"Georgia","marketIds":["Valdosta"],"situsAddress":null,"situsCity":null,"situsZip":null,"jurisdictionCode":null,"ownerName":null,"ownerName2":null,"propertyName":null,"zoningCode":null,"zoningDistrict":null,"jurisdictionPrefix":null,"dorCode":null,"acreage":26.8723,"centroid":[-82.761666,31.74878],"lastSale":{"date":null,"price":null,"qualified":null},"tax":{"marketValue":null,"assessedValue":null,"taxableValue":null,"taxes":null},"mailingAddress":{"line1":null,"line2":null,"city":null,"state":null,"zip":null},"incomeTract":null,"incomeBlockGroup":null,"nearestRoad":null,"flu":null,"opportunityZone":null,"oz2Eligibility":null,"source":"ga-jeff-davis-parcels-13161","appraiserUrl":"https://qpublic.schneidercorp.com/Application.aspx?App=JeffDavisCountyGA&Layer=Parcels&PageType=Report&KeyValue=0018%20%20039G","gisViewerUrl":"https://www.arcgis.com/apps/mapviewer/index.html?url=https://services5.arcgis.com/HHvUPZ2XuLOAJxjR/arcgis/rest/services/JeffDavis_County_Wide_GeoData_view/FeatureServer"},"geometry":{"type":"Polygon","coordinates":[[[-82.759342,31.747223],[-82.759439,31.749077],[-82.761762,31.75151],[-82.7626,31.75042],[-82.763125,31.749677],[-82.763828,31.748603],[-82.761615,31.748608],[-82.761616,31.749005],[-82.760812,31.749006],[-82.760811,31.748527],[-82.760743,31.74815],[-82.761657,31.748214],[-82.761626,31.74844],[-82.761877,31.74844],[-82.761877,31.748525],[-82.762792,31.748523],[-82.762801,31.747305],[-82.759342,31.747223]],[[-82.759888,31.749341],[-82.760573,31.748941],[-82.760983,31.749388],[-82.760299,31.749802],[-82.759888,31.749341]]]}},{"type":"Feature","id":"13161:0018  040B","properties":{"id":"13161:0018  040B","parcelId":"0018  040B","countyFips":"13161","countyName":"Jeff Davis","state":"Georgia","marketIds":["Valdosta"],"situsAddress":null,"situsCity":null,"situsZip":null,"jurisdictionCode":null,"ownerName":null,"ownerName2":null,"propertyName":null,"zoningCode":null,"zoningDistrict":null,"jurisdictionPrefix":null,"dorCode":null,"acreage":11.318,"centroid":[-82.763708,31.74737],"lastSale":{"date":null,"price":null,"qualified":null},"tax":{"marketValue":null,"assessedValue":null,"taxableValue":null,"taxes":null},"mailingAddress":{"line1":null,"line2":null,"city":null,"state":null,"zip":null},"incomeTract":null,"incomeBlockGroup":null,"nearestRoad":null,"flu":null,"opportunityZone":null,"oz2Eligibility":null,"source":"ga-jeff-davis-parcels-13161","appraiserUrl":"https://qpublic.schneidercorp.com/Application.aspx?App=JeffDavisCountyGA&Layer=Parcels&PageType=Report&KeyValue=0018%20%20040B","gisViewerUrl":"https://www.arcgis.com/apps/mapviewer/index.html?url=https://services5.arcgis.com/HHvUPZ2XuLOAJxjR/arcgis/rest/services/JeffDavis_County_Wide_GeoData_view/FeatureServer"},"geometry":{"type":"MultiPolygon","coordinates":[[[[-82.762792,31.748523],[-82.763881,31.748521],[-82.765347,31.746226],[-82.76281,31.74621],[-82.762792,31.748523]]],[[[-82.767092,31.746978],[-82.766711,31.746981],[-82.766714,31.747444],[-82.767098,31.747442],[-82.767092,31.746978]]]]}},{"type":"Feature","id":"13161:0018  040C","properties":{"id":"13161:0018  040C","parcelId":"0018  040C","countyFips":"13161","countyName":"Jeff Davis","state":"Georgia","marketIds":["Valdosta"],"situsAddress":null,"situsCity":null,"situsZip":null,"jurisdictionCode":null,"ownerName":null,"ownerName2":null,"propertyName":null,"zoningCode":null,"zoningDistrict":null,"jurisdictionPrefix":null,"dorCode":null,"acreage":70.8568,"centroid":[-82.771141,31.747379],"lastSale":{"date":null,"price":null,"qualified":null},"tax":{"marketValue":null,"assessedValue":null,"taxableValue":null,"taxes":null},"mailingAddress":{"line1":null,"line2":null,"city":null,"state":null,"zip":null},"incomeTract":null,"incomeBlockGroup":null,"nearestRoad":null,"flu":null,"opportunityZone":null,"oz2Eligibility":null,"source":"ga-jeff-davis-parcels-13161","appraiserUrl":"https://qpublic.schneidercorp.com/Application.aspx?App=JeffDavisCountyGA&Layer=Parcels&PageType=Report&KeyValue=0018%20%20040C","gisViewerUrl":"https://www.arcgis.com/apps/mapviewer/index.html?url=https://services5.arcgis.com/HHvUPZ2XuLOAJxjR/arcgis/rest/services/JeffDavis_County_Wide_GeoData_view/FeatureServer"},"geometry":{"type":"MultiPolygon","coordinates":[[[[-82.768166,31.748511],[-82.778035,31.748489],[-82.778026,31.7463],[-82.767402,31.746238],[-82.767446,31.746956],[-82.76721,31.746906],[-82.767226,31.747256],[-82.767911,31.747253],[-82.767893,31.747827],[-82.767205,31.74783],[-82.767225,31.747456],[-82.767197,31.747581],[-82.76715,31.747678],[-82.767001,31.747845],[-82.766315,31.748232],[-82.766109,31.748329],[-82.765834,31.748412],[-82.765547,31.748454],[-82.764291,31.748453],[-82.764248,31.74852],[-82.768166,31.748511]]],[[[-82.76551,31.746544],[-82.764361,31.748343],[-82.765536,31.748345],[-82.76593,31.748272],[-82.766175,31.748176],[-82.766834,31.747817],[-82.766949,31.747734],[-82.767036,31.747628],[-82.767098,31.747442],[-82.766714,31.747444],[-82.766711,31.746981],[-82.767092,31.746978],[-82.767059,31.746874],[-82.76551,31.746544]]]]}},{"type":"Feature","id":"13161:0018  042","properties":{"id":"13161:0018  042","parcelId":"0018  042","countyFips":"13161","countyName":"Jeff Davis","state":"Georgia","marketIds":["Valdosta"],"situsAddress":null,"situsCity":null,"situsZip":null,"jurisdictionCode":null,"ownerName":null,"ownerName2":null,"propertyName":null,"zoningCode":null,"zoningDistrict":null,"jurisdictionPrefix":null,"dorCode":null,"acreage":78.5884,"centroid":[-82.773647,31.740612],"lastSale":{"date":null,"price":null,"qualified":null},"tax":{"marketValue":null,"assessedValue":null,"taxableValue":null,"taxes":null},"mailingAddress":{"line1":null,"line2":null,"city":null,"state":null,"zip":null},"incomeTract":null,"incomeBlockGroup":null,"nearestRoad":null,"flu":null,"opportunityZone":null,"oz2Eligibility":null,"source":"ga-jeff-davis-parcels-13161","appraiserUrl":"https://qpublic.schneidercorp.com/Application.aspx?App=JeffDavisCountyGA&Layer=Parcels&PageType=Report&KeyValue=0018%20%20042","gisViewerUrl":"https://www.arcgis.com/apps/mapviewer/index.html?url=https://services5.arcgis.com/HHvUPZ2XuLOAJxjR/arcgis/rest/services/JeffDavis_County_Wide_GeoData_view/FeatureServer"},"geometry":{"type":"MultiPolygon","coordinates":[[[[-82.763525,31.741161],[-82.763521,31.741734],[-82.768238,31.7417],[-82.768598,31.741136],[-82.763525,31.741161]]],[[[-82.769975,31.739555],[-82.768606,31.741698],[-82.778008,31.741629],[-82.778,31.739566],[-82.769975,31.739555]]],[[[-82.762965,31.739545],[-82.76297,31.741054],[-82.768669,31.741025],[-82.769608,31.739554],[-82.762965,31.739545]]]]}},{"type":"Feature","id":"13161:0018  043","properties":{"id":"13161:0018  043","parcelId":"0018  043","countyFips":"13161","countyName":"Jeff Davis","state":"Georgia","marketIds":["Valdosta"],"situsAddress":null,"situsCity":null,"situsZip":null,"jurisdictionCode":null,"ownerName":null,"ownerName2":null,"propertyName":null,"zoningCode":null,"zoningDistrict":null,"jurisdictionPrefix":null,"dorCode":null,"acreage":16.5683,"centroid":[-82.773123,31.738986],"lastSale":{"date":null,"price":null,"qualified":null},"tax":{"marketValue":null,"assessedValue":null,"taxableValue":null,"taxes":null},"mailingAddress":{"line1":null,"line2":null,"city":null,"state":null,"zip":null},"incomeTract":null,"incomeBlockGroup":null,"nearestRoad":null,"flu":null,"opportunityZone":null,"oz2Eligibility":null,"source":"ga-jeff-davis-parcels-13161","appraiserUrl":"https://qpublic.schneidercorp.com/Application.aspx?App=JeffDavisCountyGA&Layer=Parcels&PageType=Report&KeyValue=0018%20%20043","gisViewerUrl":"https://www.arcgis.com/apps/mapviewer/index.html?url=https://services5.arcgis.com/HHvUPZ2XuLOAJxjR/arcgis/rest/services/JeffDavis_County_Wide_GeoData_view/FeatureServer"},"geometry":{"type":"Polygon","coordinates":[[[-82.769975,31.739555],[-82.775906,31.739563],[-82.775901,31.738423],[-82.770711,31.738402],[-82.769975,31.739555]]]}},{"type":"Feature","id":"13161:0018  043A","properties":{"id":"13161:0018  043A","parcelId":"0018  043A","countyFips":"13161","countyName":"Jeff Davis","state":"Georgia","marketIds":["Valdosta"],"situsAddress":null,"situsCity":null,"situsZip":null,"jurisdictionCode":null,"ownerName":null,"ownerName2":null,"propertyName":null,"zoningCode":null,"zoningDistrict":null,"jurisdictionPrefix":null,"dorCode":null,"acreage":12.4709,"centroid":[-82.767877,31.738979],"lastSale":{"date":null,"price":null,"qualified":null},"tax":{"marketValue":null,"assessedValue":null,"taxableValue":null,"taxes":null},"mailingAddress":{"line1":null,"line2":null,"city":null,"state":null,"zip":null},"incomeTract":null,"incomeBlockGroup":null,"nearestRoad":null,"flu":null,"opportunityZone":null,"oz2Eligibility":null,"source":"ga-jeff-davis-parcels-13161","appraiserUrl":"https://qpublic.schneidercorp.com/Application.aspx?App=JeffDavisCountyGA&Layer=Parcels&PageType=Report&KeyValue=0018%20%20043A","gisViewerUrl":"https://www.arcgis.com/apps/mapviewer/index.html?url=https://services5.arcgis.com/HHvUPZ2XuLOAJxjR/arcgis/rest/services/JeffDavis_County_Wide_GeoData_view/FeatureServer"},"geometry":{"type":"Polygon","coordinates":[[[-82.76578,31.739549],[-82.769608,31.739554],[-82.770346,31.7384],[-82.765775,31.738415],[-82.76578,31.739549]]]}},{"type":"Feature","id":"13161:0018  043B","properties":{"id":"13161:0018  043B","parcelId":"0018  043B","countyFips":"13161","countyName":"Jeff Davis","state":"Georgia","marketIds":["Valdosta"],"situsAddress":null,"situsCity":null,"situsZip":null,"jurisdictionCode":null,"ownerName":null,"ownerName2":null,"propertyName":null,"zoningCode":null,"zoningDistrict":null,"jurisdictionPrefix":null,"dorCode":null,"acreage":29.2814,"centroid":[-82.774996,31.738367],"lastSale":{"date":null,"price":null,"qualified":null},"tax":{"marketValue":null,"assessedValue":null,"taxableValue":null,"taxes":null},"mailingAddress":{"line1":null,"line2":null,"city":null,"state":null,"zip":null},"incomeTract":null,"incomeBlockGroup":null,"nearestRoad":null,"flu":null,"opportunityZone":null,"oz2Eligibility":null,"source":"ga-jeff-davis-parcels-13161","appraiserUrl":"https://qpublic.schneidercorp.com/Application.aspx?App=JeffDavisCountyGA&Layer=Parcels&PageType=Report&KeyValue=0018%20%20043B","gisViewerUrl":"https://www.arcgis.com/apps/mapviewer/index.html?url=https://services5.arcgis.com/HHvUPZ2XuLOAJxjR/arcgis/rest/services/JeffDavis_County_Wide_GeoData_view/FeatureServer"},"geometry":{"type":"Polygon","coordinates":[[[-82.775906,31.739563],[-82.778,31.739566],[-82.77799,31.737027],[-82.771466,31.737221],[-82.770711,31.738402],[-82.775901,31.738423],[-82.775906,31.739563]]]}},{"type":"Feature","id":"13161:0018  043C","properties":{"id":"13161:0018  043C","parcelId":"0018  043C","countyFips":"13161","countyName":"Jeff Davis","state":"Georgia","marketIds":["Valdosta"],"situsAddress":null,"situsCity":null,"situsZip":null,"jurisdictionCode":null,"ownerName":null,"ownerName2":null,"propertyName":null,"zoningCode":null,"zoningDistrict":null,"jurisdictionPrefix":null,"dorCode":null,"acreage":29.4589,"centroid":[-82.767024,31.738391],"lastSale":{"date":null,"price":null,"qualified":null},"tax":{"marketValue":null,"assessedValue":null,"taxableValue":null,"taxes":null},"mailingAddress":{"line1":null,"line2":null,"city":null,"state":null,"zip":null},"incomeTract":null,"incomeBlockGroup":null,"nearestRoad":null,"flu":null,"opportunityZone":null,"oz2Eligibility":null,"source":"ga-jeff-davis-parcels-13161","appraiserUrl":"https://qpublic.schneidercorp.com/Application.aspx?App=JeffDavisCountyGA&Layer=Parcels&PageType=Report&KeyValue=0018%20%20043C","gisViewerUrl":"https://www.arcgis.com/apps/mapviewer/index.html?url=https://services5.arcgis.com/HHvUPZ2XuLOAJxjR/arcgis/rest/services/JeffDavis_County_Wide_GeoData_view/FeatureServer"},"geometry":{"type":"Polygon","coordinates":[[[-82.762965,31.739545],[-82.76578,31.739549],[-82.765775,31.738415],[-82.770346,31.7384],[-82.771092,31.737232],[-82.762957,31.737473],[-82.762965,31.739545]]]}},{"type":"Feature","id":"13161:0019  001","properties":{"id":"13161:0019  001","parcelId":"0019  001","countyFips":"13161","countyName":"Jeff Davis","state":"Georgia","marketIds":["Valdosta"],"situsAddress":null,"situsCity":null,"situsZip":null,"jurisdictionCode":null,"ownerName":null,"ownerName2":null,"propertyName":null,"zoningCode":null,"zoningDistrict":null,"jurisdictionPrefix":null,"dorCode":null,"acreage":122.1519,"centroid":[-82.75655,31.732809],"lastSale":{"date":null,"price":null,"qualified":null},"tax":{"marketValue":null,"assessedValue":null,"taxableValue":null,"taxes":null},"mailingAddress":{"line1":null,"line2":null,"city":null,"state":null,"zip":null},"incomeTract":null,"incomeBlockGroup":null,"nearestRoad":null,"flu":null,"opportunityZone":null,"oz2Eligibility":null,"source":"ga-jeff-davis-parcels-13161","appraiserUrl":"https://qpublic.schneidercorp.com/Application.aspx?App=JeffDavisCountyGA&Layer=Parcels&PageType=Report&KeyValue=0019%20%20001","gisViewerUrl":"https://www.arcgis.com/apps/mapviewer/index.html?url=https://services5.arcgis.com/HHvUPZ2XuLOAJxjR/arcgis/rest/services/JeffDavis_County_Wide_GeoData_view/FeatureServer"},"geometry":{"type":"Polygon","coordinates":[[[-82.757451,31.737493],[-82.760708,31.737482],[-82.760694,31.73727],[-82.761165,31.736374],[-82.761824,31.736372],[-82.762078,31.73544],[-82.762677,31.735505],[-82.762822,31.735616],[-82.76281,31.732255],[-82.762749,31.732241],[-82.762671,31.73218],[-82.762412,31.731922],[-82.762246,31.73181],[-82.762151,31.731772],[-82.761887,31.731746],[-82.761694,31.731818],[-82.761622,31.731884],[-82.761529,31.732044],[-82.761512,31.732133],[-82.761525,31.732313],[-82.761512,31.732464],[-82.761501,31.732553],[-82.761466,31.732638],[-82.761336,31.732778],[-82.761238,31.73281],[-82.761031,31.732779],[-82.760853,31.732708],[-82.760342,31.732411],[-82.760043,31.732327],[-82.759796,31.732332],[-82.759695,31.732358],[-82.75942,31.732513],[-82.759218,31.732559],[-82.758903,31.732545],[-82.758667,31.732483],[-82.75848,31.7324],[-82.758316,31.732287],[-82.758171,31.732139],[-82.757966,31.731851],[-82.757914,31.731676],[-82.757901,31.731538],[-82.757906,31.730962],[-82.75787,31.730785],[-82.757776,31.730659],[-82.757495,31.730356],[-82.757311,31.730271],[-82.757102,31.730254],[-82.756896,31.730288],[-82.756701,31.730358],[-82.756302,31.730589],[-82.755968,31.730921],[-82.75567,31.731138],[-82.755578,31.731182],[-82.755374,31.731225],[-82.755164,31.731221],[-82.754975,31.731177],[-82.754716,31.731068],[-82.754614,31.731045],[-82.754405,31.731054],[-82.754262,31.731155],[-82.75402,31.731413],[-82.75386,31.731529],[-82.753761,31.731559],[-82.753513,31.731561],[-82.753426,31.731611],[-82.753377,31.731689],[-82.753389,31.732168],[-82.75333,31.73234],[-82.753213,31.732489],[-82.753134,31.732549],[-82.752945,31.732627],[-82.752631,31.732632],[-82.752491,31.732528],[-82.752403,31.732437],[-82.752321,31.732381],[-82.752223,31.732348],[-82.752118,31.73235],[-82.751922,31.732411],[-82.751816,31.732489],[-82.751718,31.732522],[-82.751613,31.73253],[-82.751139,31.732447],[-82.750466,31.732434],[-82.750244,31.732381],[-82.750313,31.732653],[-82.750346,31.732926],[-82.750385,31.733037],[-82.750496,31.73316],[-82.750688,31.733318],[-82.750966,31.733499],[-82.751342,31.733669],[-82.751793,31.733838],[-82.752151,31.733944],[-82.752492,31.733988],[-82.75312,31.734127],[-82.753891,31.734374],[-82.75432,31.734539],[-82.754593,31.734704],[-82.755328,31.735048],[-82.755844,31.735226],[-82.75637,31.735478],[-82.756517,31.735607],[-82.75668,31.735839],[-82.756721,31.735922],[-82.756889,31.736533],[-82.757034,31.736807],[-82.757389,31.737324],[-82.757451,31.737493]]]}},{"type":"Feature","id":"13161:0019  001A","properties":{"id":"13161:0019  001A","parcelId":"0019  001A","countyFips":"13161","countyName":"Jeff Davis","state":"Georgia","marketIds":["Valdosta"],"situsAddress":null,"situsCity":null,"situsZip":null,"jurisdictionCode":null,"ownerName":null,"ownerName2":null,"propertyName":null,"zoningCode":null,"zoningDistrict":null,"jurisdictionPrefix":null,"dorCode":null,"acreage":8.7906,"centroid":[-82.761635,31.736825],"lastSale":{"date":null,"price":null,"qualified":null},"tax":{"marketValue":null,"assessedValue":null,"taxableValue":null,"taxes":null},"mailingAddress":{"line1":null,"line2":null,"city":null,"state":null,"zip":null},"incomeTract":null,"incomeBlockGroup":null,"nearestRoad":null,"flu":null,"opportunityZone":null,"oz2Eligibility":null,"source":"ga-jeff-davis-parcels-13161","appraiserUrl":"https://qpublic.schneidercorp.com/Application.aspx?App=JeffDavisCountyGA&Layer=Parcels&PageType=Report&KeyValue=0019%20%20001A","gisViewerUrl":"https://www.arcgis.com/apps/mapviewer/index.html?url=https://services5.arcgis.com/HHvUPZ2XuLOAJxjR/arcgis/rest/services/JeffDavis_County_Wide_GeoData_view/FeatureServer"},"geometry":{"type":"Polygon","coordinates":[[[-82.760708,31.737482],[-82.760733,31.73788],[-82.761223,31.737845],[-82.761228,31.737649],[-82.762829,31.737644],[-82.762822,31.735616],[-82.762677,31.735505],[-82.762078,31.73544],[-82.761824,31.736372],[-82.761165,31.736374],[-82.760694,31.73727],[-82.760708,31.737482]]]}},{"type":"Feature","id":"13161:0019  002","properties":{"id":"13161:0019  002","parcelId":"0019  002","countyFips":"13161","countyName":"Jeff Davis","state":"Georgia","marketIds":["Valdosta"],"situsAddress":null,"situsCity":null,"situsZip":null,"jurisdictionCode":null,"ownerName":null,"ownerName2":null,"propertyName":null,"zoningCode":null,"zoningDistrict":null,"jurisdictionPrefix":null,"dorCode":null,"acreage":85.5984,"centroid":[-82.752323,31.734213],"lastSale":{"date":null,"price":null,"qualified":null},"tax":{"marketValue":null,"assessedValue":null,"taxableValue":null,"taxes":null},"mailingAddress":{"line1":null,"line2":null,"city":null,"state":null,"zip":null},"incomeTract":null,"incomeBlockGroup":null,"nearestRoad":null,"flu":null,"opportunityZone":null,"oz2Eligibility":null,"source":"ga-jeff-davis-parcels-13161","appraiserUrl":"https://qpublic.schneidercorp.com/Application.aspx?App=JeffDavisCountyGA&Layer=Parcels&PageType=Report&KeyValue=0019%20%20002","gisViewerUrl":"https://www.arcgis.com/apps/mapviewer/index.html?url=https://services5.arcgis.com/HHvUPZ2XuLOAJxjR/arcgis/rest/services/JeffDavis_County_Wide_GeoData_view/FeatureServer"},"geometry":{"type":"Polygon","coordinates":[[[-82.751084,31.737513],[-82.757451,31.737493],[-82.757389,31.737324],[-82.757034,31.736807],[-82.756889,31.736533],[-82.756721,31.735922],[-82.75668,31.735839],[-82.756577,31.735681],[-82.756448,31.735539],[-82.756203,31.735387],[-82.755844,31.735226],[-82.755328,31.735048],[-82.754593,31.734704],[-82.75432,31.734539],[-82.753891,31.734374],[-82.75312,31.734127],[-82.752492,31.733988],[-82.752151,31.733944],[-82.751793,31.733838],[-82.751342,31.733669],[-82.750966,31.733499],[-82.750688,31.733318],[-82.750496,31.73316],[-82.750385,31.733037],[-82.750346,31.732926],[-82.750313,31.732653],[-82.750244,31.732381],[-82.750154,31.732343],[-82.749743,31.732265],[-82.749513,31.732141],[-82.749409,31.732134],[-82.749308,31.732159],[-82.748939,31.732418],[-82.748484,31.732613],[-82.748179,31.732684],[-82.747969,31.73268],[-82.747876,31.732658],[-82.747924,31.737523],[-82.751084,31.737513]]]}},{"type":"Feature","id":"13161:0019  004","properties":{"id":"13161:0019  004","parcelId":"0019  004","countyFips":"13161","countyName":"Jeff Davis","state":"Georgia","marketIds":["Valdosta"],"situsAddress":null,"situsCity":null,"situsZip":null,"jurisdictionCode":null,"ownerName":null,"ownerName2":null,"propertyName":null,"zoningCode":null,"zoningDistrict":null,"jurisdictionPrefix":null,"dorCode":null,"acreage":110.2904,"centroid":[-82.751456,31.731841],"lastSale":{"date":null,"price":null,"qualified":null},"tax":{"marketValue":null,"assessedValue":null,"taxableValue":null,"taxes":null},"mailingAddress":{"line1":null,"line2":null,"city":null,"state":null,"zip":null},"incomeTract":null,"incomeBlockGroup":null,"nearestRoad":null,"flu":null,"opportunityZone":null,"oz2Eligibility":null,"source":"ga-jeff-davis-parcels-13161","appraiserUrl":"https://qpublic.schneidercorp.com/Application.aspx?App=JeffDavisCountyGA&Layer=Parcels&PageType=Report&KeyValue=0019%20%20004","gisViewerUrl":"https://www.arcgis.com/apps/mapviewer/index.html?url=https://services5.arcgis.com/HHvUPZ2XuLOAJxjR/arcgis/rest/services/JeffDavis_County_Wide_GeoData_view/FeatureServer"},"geometry":{"type":"MultiPolygon","coordinates":[[[[-82.747876,31.732658],[-82.747969,31.73268],[-82.748179,31.732684],[-82.748484,31.732613],[-82.748939,31.732418],[-82.749308,31.732159],[-82.749409,31.732134],[-82.749513,31.732141],[-82.749743,31.732265],[-82.750053,31.732315],[-82.750347,31.732412],[-82.750466,31.732434],[-82.751139,31.732447],[-82.751613,31.73253],[-82.751718,31.732522],[-82.751816,31.732489],[-82.751922,31.732411],[-82.752118,31.73235],[-82.752223,31.732348],[-82.752321,31.732381],[-82.752403,31.732437],[-82.752491,31.732528],[-82.752631,31.732632],[-82.752735,31.73264],[-82.752945,31.732627],[-82.753134,31.732549],[-82.753213,31.732489],[-82.75333,31.73234],[-82.753389,31.732168],[-82.753377,31.731689],[-82.753426,31.731611],[-82.753513,31.731561],[-82.753761,31.731559],[-82.75386,31.731529],[-82.75402,31.731413],[-82.754247,31.731169],[-82.754415,31.726905],[-82.749499,31.72629],[-82.74887,31.729521],[-82.747845,31.729591],[-82.747876,31.732658]]],[[[-82.74952,31.726181],[-82.754384,31.726791],[-82.754419,31.726795],[-82.754502,31.724671],[-82.750574,31.724283],[-82.749626,31.72564],[-82.74952,31.726181]]]]}},{"type":"Feature","id":"13161:0019  005","properties":{"id":"13161:0019  005","parcelId":"0019  005","countyFips":"13161","countyName":"Jeff Davis","state":"Georgia","marketIds":["Valdosta"],"situsAddress":null,"situsCity":null,"situsZip":null,"jurisdictionCode":null,"ownerName":null,"ownerName2":null,"propertyName":null,"zoningCode":null,"zoningDistrict":null,"jurisdictionPrefix":null,"dorCode":null,"acreage":28.2675,"centroid":[-82.755071,31.729642],"lastSale":{"date":null,"price":null,"qualified":null},"tax":{"marketValue":null,"assessedValue":null,"taxableValue":null,"taxes":null},"mailingAddress":{"line1":null,"line2":null,"city":null,"state":null,"zip":null},"incomeTract":null,"incomeBlockGroup":null,"nearestRoad":null,"flu":null,"opportunityZone":null,"oz2Eligibility":null,"source":"ga-jeff-davis-parcels-13161","appraiserUrl":"https://qpublic.schneidercorp.com/Application.aspx?App=JeffDavisCountyGA&Layer=Parcels&PageType=Report&KeyValue=0019%20%20005","gisViewerUrl":"https://www.arcgis.com/apps/mapviewer/index.html?url=https://services5.arcgis.com/HHvUPZ2XuLOAJxjR/arcgis/rest/services/JeffDavis_County_Wide_GeoData_view/FeatureServer"},"geometry":{"type":"MultiPolygon","coordinates":[[[[-82.754247,31.731169],[-82.754262,31.731155],[-82.754405,31.731054],[-82.754614,31.731045],[-82.754716,31.731068],[-82.754975,31.731177],[-82.755164,31.731221],[-82.755374,31.731225],[-82.755578,31.731182],[-82.755744,31.731084],[-82.755828,31.727579],[-82.755731,31.727467],[-82.755433,31.727028],[-82.755369,31.726974],[-82.755288,31.726942],[-82.754415,31.726905],[-82.754247,31.731169]]],[[[-82.754419,31.726795],[-82.754518,31.726803],[-82.755255,31.726826],[-82.755415,31.726869],[-82.755538,31.726965],[-82.755833,31.727398],[-82.755903,31.7245],[-82.754534,31.723852],[-82.754419,31.726795]]],[[[-82.754544,31.723605],[-82.755909,31.724252],[-82.755935,31.72317],[-82.754561,31.723176],[-82.754544,31.723605]]]]}},{"type":"Feature","id":"13161:0019  006","properties":{"id":"13161:0019  006","parcelId":"0019  006","countyFips":"13161","countyName":"Jeff Davis","state":"Georgia","marketIds":["Valdosta"],"situsAddress":null,"situsCity":null,"situsZip":null,"jurisdictionCode":null,"ownerName":null,"ownerName2":null,"propertyName":null,"zoningCode":null,"zoningDistrict":null,"jurisdictionPrefix":null,"dorCode":null,"acreage":47.8939,"centroid":[-82.760622,31.732071],"lastSale":{"date":null,"price":null,"qualified":null},"tax":{"marketValue":null,"assessedValue":null,"taxableValue":null,"taxes":null},"mailingAddress":{"line1":null,"line2":null,"city":null,"state":null,"zip":null},"incomeTract":null,"incomeBlockGroup":null,"nearestRoad":null,"flu":null,"opportunityZone":null,"oz2Eligibility":null,"source":"ga-jeff-davis-parcels-13161","appraiserUrl":"https://qpublic.schneidercorp.com/Application.aspx?App=JeffDavisCountyGA&Layer=Parcels&PageType=Report&KeyValue=0019%20%20006","gisViewerUrl":"https://www.arcgis.com/apps/mapviewer/index.html?url=https://services5.arcgis.com/HHvUPZ2XuLOAJxjR/arcgis/rest/services/JeffDavis_County_Wide_GeoData_view/FeatureServer"},"geometry":{"type":"Polygon","coordinates":[[[-82.758126,31.732075],[-82.758171,31.732139],[-82.758316,31.732287],[-82.75848,31.7324],[-82.758667,31.732483],[-82.758903,31.732545],[-82.759112,31.732564],[-82.759322,31.732545],[-82.75942,31.732513],[-82.759695,31.732358],[-82.759796,31.732332],[-82.760043,31.732327],[-82.760342,31.732411],[-82.760853,31.732708],[-82.761031,31.732779],[-82.761238,31.73281],[-82.761336,31.732778],[-82.761408,31.732714],[-82.761501,31.732553],[-82.761525,31.732313],[-82.761512,31.732133],[-82.761566,31.73196],[-82.761694,31.731818],[-82.761887,31.731746],[-82.762151,31.731772],[-82.762246,31.73181],[-82.762412,31.731922],[-82.762671,31.73218],[-82.762749,31.732241],[-82.76281,31.732255],[-82.762796,31.728415],[-82.75812,31.72838],[-82.758126,31.732075]]]}},{"type":"Feature","id":"13161:0019  007","properties":{"id":"13161:0019  007","parcelId":"0019  007","countyFips":"13161","countyName":"Jeff Davis","state":"Georgia","marketIds":["Valdosta"],"situsAddress":null,"situsCity":null,"situsZip":null,"jurisdictionCode":null,"ownerName":null,"ownerName2":null,"propertyName":null,"zoningCode":null,"zoningDistrict":null,"jurisdictionPrefix":null,"dorCode":null,"acreage":57.8606,"centroid":[-82.759265,31.72499],"lastSale":{"date":null,"price":null,"qualified":null},"tax":{"marketValue":null,"assessedValue":null,"taxableValue":null,"taxes":null},"mailingAddress":{"line1":null,"line2":null,"city":null,"state":null,"zip":null},"incomeTract":null,"incomeBlockGroup":null,"nearestRoad":null,"flu":null,"opportunityZone":null,"oz2Eligibility":null,"source":"ga-jeff-davis-parcels-13161","appraiserUrl":"https://qpublic.schneidercorp.com/Application.aspx?App=JeffDavisCountyGA&Layer=Parcels&PageType=Report&KeyValue=0019%20%20007","gisViewerUrl":"https://www.arcgis.com/apps/mapviewer/index.html?url=https://services5.arcgis.com/HHvUPZ2XuLOAJxjR/arcgis/rest/services/JeffDavis_County_Wide_GeoData_view/FeatureServer"},"geometry":{"type":"MultiPolygon","coordinates":[[[[-82.759078,31.728387],[-82.762796,31.728415],[-82.762796,31.728387],[-82.761461,31.728377],[-82.761434,31.727941],[-82.762578,31.72795],[-82.761593,31.727731],[-82.761269,31.727707],[-82.760901,31.727598],[-82.76071,31.727576],[-82.760518,31.727597],[-82.75983,31.727745],[-82.75939,31.727753],[-82.759078,31.728387]]],[[[-82.759443,31.727644],[-82.759543,31.727648],[-82.759812,31.727636],[-82.760559,31.727476],[-82.760786,31.727469],[-82.760935,31.727491],[-82.761292,31.727599],[-82.761625,31.727625],[-82.762632,31.727847],[-82.762765,31.727837],[-82.762794,31.727825],[-82.76279,31.726653],[-82.76015,31.726208],[-82.759443,31.727644]]],[[[-82.755909,31.724252],[-82.758601,31.725526],[-82.758968,31.725683],[-82.759349,31.725811],[-82.759742,31.72591],[-82.76279,31.726429],[-82.762824,31.723138],[-82.755935,31.72317],[-82.755909,31.724252]]]]}},{"type":"Feature","id":"13161:0019  007B","properties":{"id":"13161:0019  007B","parcelId":"0019  007B","countyFips":"13161","countyName":"Jeff Davis","state":"Georgia","marketIds":["Valdosta"],"situsAddress":null,"situsCity":null,"situsZip":null,"jurisdictionCode":null,"ownerName":null,"ownerName2":null,"propertyName":null,"zoningCode":null,"zoningDistrict":null,"jurisdictionPrefix":null,"dorCode":null,"acreage":42.3847,"centroid":[-82.757361,31.729896],"lastSale":{"date":null,"price":null,"qualified":null},"tax":{"marketValue":null,"assessedValue":null,"taxableValue":null,"taxes":null},"mailingAddress":{"line1":null,"line2":null,"city":null,"state":null,"zip":null},"incomeTract":null,"incomeBlockGroup":null,"nearestRoad":null,"flu":null,"opportunityZone":null,"oz2Eligibility":null,"source":"ga-jeff-davis-parcels-13161","appraiserUrl":"https://qpublic.schneidercorp.com/Application.aspx?App=JeffDavisCountyGA&Layer=Parcels&PageType=Report&KeyValue=0019%20%20007B","gisViewerUrl":"https://www.arcgis.com/apps/mapviewer/index.html?url=https://services5.arcgis.com/HHvUPZ2XuLOAJxjR/arcgis/rest/services/JeffDavis_County_Wide_GeoData_view/FeatureServer"},"geometry":{"type":"MultiPolygon","coordinates":[[[[-82.756194,31.727643],[-82.756243,31.727652],[-82.758512,31.727619],[-82.759443,31.727644],[-82.759549,31.727429],[-82.756757,31.726744],[-82.756923,31.726316],[-82.757422,31.725219],[-82.755903,31.7245],[-82.755833,31.727398],[-82.755971,31.727544],[-82.756194,31.727643]]],[[[-82.757311,31.730271],[-82.757408,31.730306],[-82.757495,31.730356],[-82.757776,31.730659],[-82.75787,31.730785],[-82.757906,31.730962],[-82.757914,31.731676],[-82.757966,31.731851],[-82.758126,31.732075],[-82.75812,31.72838],[-82.759078,31.728387],[-82.75939,31.727753],[-82.758515,31.727729],[-82.756282,31.727767],[-82.756045,31.727713],[-82.755828,31.727579],[-82.755744,31.731084],[-82.755968,31.730921],[-82.756302,31.730589],[-82.756701,31.730358],[-82.756998,31.730265],[-82.757208,31.730253],[-82.757311,31.730271]]]]}},{"type":"Feature","id":"13161:0019  009A","properties":{"id":"13161:0019  009A","parcelId":"0019  009A","countyFips":"13161","countyName":"Jeff Davis","state":"Georgia","marketIds":["Valdosta"],"situsAddress":null,"situsCity":null,"situsZip":null,"jurisdictionCode":null,"ownerName":null,"ownerName2":null,"propertyName":null,"zoningCode":null,"zoningDistrict":null,"jurisdictionPrefix":null,"dorCode":null,"acreage":55.7624,"centroid":[-82.756179,31.721093],"lastSale":{"date":null,"price":null,"qualified":null},"tax":{"marketValue":null,"assessedValue":null,"taxableValue":null,"taxes":null},"mailingAddress":{"line1":null,"line2":null,"city":null,"state":null,"zip":null},"incomeTract":null,"incomeBlockGroup":null,"nearestRoad":null,"flu":null,"opportunityZone":null,"oz2Eligibility":null,"source":"ga-jeff-davis-parcels-13161","appraiserUrl":"https://qpublic.schneidercorp.com/Application.aspx?App=JeffDavisCountyGA&Layer=Parcels&PageType=Report&KeyValue=0019%20%20009A","gisViewerUrl":"https://www.arcgis.com/apps/mapviewer/index.html?url=https://services5.arcgis.com/HHvUPZ2XuLOAJxjR/arcgis/rest/services/JeffDavis_County_Wide_GeoData_view/FeatureServer"},"geometry":{"type":"MultiPolygon","coordinates":[[[[-82.750574,31.724283],[-82.754502,31.724671],[-82.754534,31.723852],[-82.751784,31.72255],[-82.750574,31.724283]]],[[[-82.75373,31.719921],[-82.75192,31.722363],[-82.754544,31.723605],[-82.754561,31.723176],[-82.758273,31.723159],[-82.758192,31.722892],[-82.758222,31.722729],[-82.758304,31.722604],[-82.758457,31.72245],[-82.758505,31.72237],[-82.75852,31.722191],[-82.75845,31.722022],[-82.758095,31.721542],[-82.75795,31.721309],[-82.757757,31.721067],[-82.757559,31.72089],[-82.756582,31.720262],[-82.756167,31.720037],[-82.755718,31.719665],[-82.755565,31.719566],[-82.755418,31.719513],[-82.755213,31.71947],[-82.755016,31.719532],[-82.75493,31.719585],[-82.754674,31.719821],[-82.754439,31.719948],[-82.7543,31.719992],[-82.754149,31.720021],[-82.753971,31.720005],[-82.75373,31.719921]]]]}},{"type":"Feature","id":"13161:PU0019  009D","properties":{"id":"13161:PU0019  009D","parcelId":"PU0019  009D","countyFips":"13161","countyName":"Jeff Davis","state":"Georgia","marketIds":["Valdosta"],"situsAddress":null,"situsCity":null,"situsZip":null,"jurisdictionCode":null,"ownerName":null,"ownerName2":null,"propertyName":null,"zoningCode":null,"zoningDistrict":null,"jurisdictionPrefix":null,"dorCode":null,"acreage":5.5521,"centroid":[-82.750633,31.720986],"lastSale":{"date":null,"price":null,"qualified":null},"tax":{"marketValue":null,"assessedValue":null,"taxableValue":null,"taxes":null},"mailingAddress":{"line1":null,"line2":null,"city":null,"state":null,"zip":null},"incomeTract":null,"incomeBlockGroup":null,"nearestRoad":null,"flu":null,"opportunityZone":null,"oz2Eligibility":null,"source":"ga-jeff-davis-parcels-13161","appraiserUrl":"https://qpublic.schneidercorp.com/Application.aspx?App=JeffDavisCountyGA&Layer=Parcels&PageType=Report&KeyValue=PU0019%20%20009D","gisViewerUrl":"https://www.arcgis.com/apps/mapviewer/index.html?url=https://services5.arcgis.com/HHvUPZ2XuLOAJxjR/arcgis/rest/services/JeffDavis_County_Wide_GeoData_view/FeatureServer"},"geometry":{"type":"Polygon","coordinates":[[[-82.749295,31.721104],[-82.750635,31.721739],[-82.751507,31.72137],[-82.750994,31.721124],[-82.751331,31.720608],[-82.750037,31.719972],[-82.749295,31.721104]]]}},{"type":"Feature","id":"13161:0020  007","properties":{"id":"13161:0020  007","parcelId":"0020  007","countyFips":"13161","countyName":"Jeff Davis","state":"Georgia","marketIds":["Valdosta"],"situsAddress":null,"situsCity":null,"situsZip":null,"jurisdictionCode":null,"ownerName":null,"ownerName2":null,"propertyName":null,"zoningCode":null,"zoningDistrict":null,"jurisdictionPrefix":null,"dorCode":null,"acreage":141.1298,"centroid":[-82.751129,31.690945],"lastSale":{"date":null,"price":null,"qualified":null},"tax":{"marketValue":null,"assessedValue":null,"taxableValue":null,"taxes":null},"mailingAddress":{"line1":null,"line2":null,"city":null,"state":null,"zip":null},"incomeTract":null,"incomeBlockGroup":null,"nearestRoad":null,"flu":null,"opportunityZone":null,"oz2Eligibility":null,"source":"ga-jeff-davis-parcels-13161","appraiserUrl":"https://qpublic.schneidercorp.com/Application.aspx?App=JeffDavisCountyGA&Layer=Parcels&PageType=Report&KeyValue=0020%20%20007","gisViewerUrl":"https://www.arcgis.com/apps/mapviewer/index.html?url=https://services5.arcgis.com/HHvUPZ2XuLOAJxjR/arcgis/rest/services/JeffDavis_County_Wide_GeoData_view/FeatureServer"},"geometry":{"type":"MultiPolygon","coordinates":[[[[-82.748142,31.692413],[-82.748162,31.693376],[-82.749169,31.693678],[-82.750555,31.694262],[-82.751583,31.694978],[-82.752196,31.695606],[-82.755616,31.689066],[-82.754467,31.688145],[-82.752814,31.686871],[-82.751703,31.685988],[-82.748008,31.686013],[-82.748142,31.692413]]],[[[-82.751955,31.685986],[-82.755658,31.6889],[-82.756027,31.688194],[-82.755016,31.687456],[-82.755516,31.685961],[-82.751955,31.685986]]]]}},{"type":"Feature","id":"13161:0020  009","properties":{"id":"13161:0020  009","parcelId":"0020  009","countyFips":"13161","countyName":"Jeff Davis","state":"Georgia","marketIds":["Valdosta"],"situsAddress":null,"situsCity":null,"situsZip":null,"jurisdictionCode":null,"ownerName":null,"ownerName2":null,"propertyName":null,"zoningCode":null,"zoningDistrict":null,"jurisdictionPrefix":null,"dorCode":null,"acreage":40.8402,"centroid":[-82.760799,31.690884],"lastSale":{"date":null,"price":null,"qualified":null},"tax":{"marketValue":null,"assessedValue":null,"taxableValue":null,"taxes":null},"mailingAddress":{"line1":null,"line2":null,"city":null,"state":null,"zip":null},"incomeTract":null,"incomeBlockGroup":null,"nearestRoad":null,"flu":null,"opportunityZone":null,"oz2Eligibility":null,"source":"ga-jeff-davis-parcels-13161","appraiserUrl":"https://qpublic.schneidercorp.com/Application.aspx?App=JeffDavisCountyGA&Layer=Parcels&PageType=Report&KeyValue=0020%20%20009","gisViewerUrl":"https://www.arcgis.com/apps/mapviewer/index.html?url=https://services5.arcgis.com/HHvUPZ2XuLOAJxjR/arcgis/rest/services/JeffDavis_County_Wide_GeoData_view/FeatureServer"},"geometry":{"type":"Polygon","coordinates":[[[-82.760063,31.69193],[-82.761584,31.692766],[-82.76274,31.692221],[-82.762704,31.68591],[-82.75845,31.690427],[-82.759863,31.691263],[-82.76019,31.691672],[-82.760063,31.69193]]]}},{"type":"Feature","id":"13161:0020  009B","properties":{"id":"13161:0020  009B","parcelId":"0020  009B","countyFips":"13161","countyName":"Jeff Davis","state":"Georgia","marketIds":["Valdosta"],"situsAddress":null,"situsCity":null,"situsZip":null,"jurisdictionCode":null,"ownerName":null,"ownerName2":null,"propertyName":null,"zoningCode":null,"zoningDistrict":null,"jurisdictionPrefix":null,"dorCode":null,"acreage":41.9286,"centroid":[-82.75697,31.693927],"lastSale":{"date":null,"price":null,"qualified":null},"tax":{"marketValue":null,"assessedValue":null,"taxableValue":null,"taxes":null},"mailingAddress":{"line1":null,"line2":null,"city":null,"state":null,"zip":null},"incomeTract":null,"incomeBlockGroup":null,"nearestRoad":null,"flu":null,"opportunityZone":null,"oz2Eligibility":null,"source":"ga-jeff-davis-parcels-13161","appraiserUrl":"https://qpublic.schneidercorp.com/Application.aspx?App=JeffDavisCountyGA&Layer=Parcels&PageType=Report&KeyValue=0020%20%20009B","gisViewerUrl":"https://www.arcgis.com/apps/mapviewer/index.html?url=https://services5.arcgis.com/HHvUPZ2XuLOAJxjR/arcgis/rest/services/JeffDavis_County_Wide_GeoData_view/FeatureServer"},"geometry":{"type":"Polygon","coordinates":[[[-82.752937,31.696192],[-82.753332,31.696282],[-82.7541,31.696278],[-82.754739,31.696122],[-82.755557,31.695791],[-82.757149,31.695002],[-82.757761,31.694562],[-82.759182,31.692588],[-82.760412,31.692789],[-82.761454,31.692827],[-82.758298,31.69109],[-82.758031,31.690913],[-82.757654,31.690619],[-82.752937,31.696192]]]}},{"type":"Feature","id":"13161:0020  009C","properties":{"id":"13161:0020  009C","parcelId":"0020  009C","countyFips":"13161","countyName":"Jeff Davis","state":"Georgia","marketIds":["Valdosta"],"situsAddress":null,"situsCity":null,"situsZip":null,"jurisdictionCode":null,"ownerName":null,"ownerName2":null,"propertyName":null,"zoningCode":null,"zoningDistrict":null,"jurisdictionPrefix":null,"dorCode":null,"acreage":31.247,"centroid":[-82.753431,31.694637],"lastSale":{"date":null,"price":null,"qualified":null},"tax":{"marketValue":null,"assessedValue":null,"taxableValue":null,"taxes":null},"mailingAddress":{"line1":null,"line2":null,"city":null,"state":null,"zip":null},"incomeTract":null,"incomeBlockGroup":null,"nearestRoad":null,"flu":null,"opportunityZone":null,"oz2Eligibility":null,"source":"ga-jeff-davis-parcels-13161","appraiserUrl":"https://qpublic.schneidercorp.com/Application.aspx?App=JeffDavisCountyGA&Layer=Parcels&PageType=Report&KeyValue=0020%20%20009C","gisViewerUrl":"https://www.arcgis.com/apps/mapviewer/index.html?url=https://services5.arcgis.com/HHvUPZ2XuLOAJxjR/arcgis/rest/services/JeffDavis_County_Wide_GeoData_view/FeatureServer"},"geometry":{"type":"MultiPolygon","coordinates":[[[[-82.752196,31.695606],[-82.752305,31.695718],[-82.752768,31.696153],[-82.752937,31.696192],[-82.756216,31.692318],[-82.754167,31.691837],[-82.752196,31.695606]]],[[[-82.756277,31.689919],[-82.757441,31.690871],[-82.757654,31.690619],[-82.756426,31.689653],[-82.756277,31.689919]]],[[[-82.755658,31.6889],[-82.756459,31.689529],[-82.756866,31.688806],[-82.757081,31.68595],[-82.755516,31.685961],[-82.755016,31.687456],[-82.756027,31.688194],[-82.755658,31.6889]]]]}},{"type":"Feature","id":"13161:0020  009D","properties":{"id":"13161:0020  009D","parcelId":"0020  009D","countyFips":"13161","countyName":"Jeff Davis","state":"Georgia","marketIds":["Valdosta"],"situsAddress":null,"situsCity":null,"situsZip":null,"jurisdictionCode":null,"ownerName":null,"ownerName2":null,"propertyName":null,"zoningCode":null,"zoningDistrict":null,"jurisdictionPrefix":null,"dorCode":null,"acreage":12.6712,"centroid":[-82.755661,31.690966],"lastSale":{"date":null,"price":null,"qualified":null},"tax":{"marketValue":null,"assessedValue":null,"taxableValue":null,"taxes":null},"mailingAddress":{"line1":null,"line2":null,"city":null,"state":null,"zip":null},"incomeTract":null,"incomeBlockGroup":null,"nearestRoad":null,"flu":null,"opportunityZone":null,"oz2Eligibility":null,"source":"ga-jeff-davis-parcels-13161","appraiserUrl":"https://qpublic.schneidercorp.com/Application.aspx?App=JeffDavisCountyGA&Layer=Parcels&PageType=Report&KeyValue=0020%20%20009D","gisViewerUrl":"https://www.arcgis.com/apps/mapviewer/index.html?url=https://services5.arcgis.com/HHvUPZ2XuLOAJxjR/arcgis/rest/services/JeffDavis_County_Wide_GeoData_view/FeatureServer"},"geometry":{"type":"Polygon","coordinates":[[[-82.754167,31.691837],[-82.754167,31.691837],[-82.756216,31.692318],[-82.757441,31.690871],[-82.756277,31.689919],[-82.756083,31.690263],[-82.755275,31.689719],[-82.754167,31.691837]]]}},{"type":"Feature","id":"13161:0020  009E","properties":{"id":"13161:0020  009E","parcelId":"0020  009E","countyFips":"13161","countyName":"Jeff Davis","state":"Georgia","marketIds":["Valdosta"],"situsAddress":null,"situsCity":null,"situsZip":null,"jurisdictionCode":null,"ownerName":null,"ownerName2":null,"propertyName":null,"zoningCode":null,"zoningDistrict":null,"jurisdictionPrefix":null,"dorCode":null,"acreage":42.8565,"centroid":[-82.758205,31.688629],"lastSale":{"date":null,"price":null,"qualified":null},"tax":{"marketValue":null,"assessedValue":null,"taxableValue":null,"taxes":null},"mailingAddress":{"line1":null,"line2":null,"city":null,"state":null,"zip":null},"incomeTract":null,"incomeBlockGroup":null,"nearestRoad":null,"flu":null,"opportunityZone":null,"oz2Eligibility":null,"source":"ga-jeff-davis-parcels-13161","appraiserUrl":"https://qpublic.schneidercorp.com/Application.aspx?App=JeffDavisCountyGA&Layer=Parcels&PageType=Report&KeyValue=0020%20%20009E","gisViewerUrl":"https://www.arcgis.com/apps/mapviewer/index.html?url=https://services5.arcgis.com/HHvUPZ2XuLOAJxjR/arcgis/rest/services/JeffDavis_County_Wide_GeoData_view/FeatureServer"},"geometry":{"type":"Polygon","coordinates":[[[-82.756459,31.689529],[-82.758033,31.690768],[-82.758089,31.69081],[-82.762704,31.68591],[-82.757081,31.68595],[-82.756866,31.688806],[-82.756459,31.689529]]]}},{"type":"Feature","id":"13161:0012  010L","properties":{"id":"13161:0012  010L","parcelId":"0012  010L","countyFips":"13161","countyName":"Jeff Davis","state":"Georgia","marketIds":["Valdosta"],"situsAddress":null,"situsCity":null,"situsZip":null,"jurisdictionCode":null,"ownerName":null,"ownerName2":null,"propertyName":null,"zoningCode":null,"zoningDistrict":null,"jurisdictionPrefix":null,"dorCode":null,"acreage":15.8114,"centroid":[-82.805866,31.693931],"lastSale":{"date":null,"price":null,"qualified":null},"tax":{"marketValue":null,"assessedValue":null,"taxableValue":null,"taxes":null},"mailingAddress":{"line1":null,"line2":null,"city":null,"state":null,"zip":null},"incomeTract":null,"incomeBlockGroup":null,"nearestRoad":null,"flu":null,"opportunityZone":null,"oz2Eligibility":null,"source":"ga-jeff-davis-parcels-13161","appraiserUrl":"https://qpublic.schneidercorp.com/Application.aspx?App=JeffDavisCountyGA&Layer=Parcels&PageType=Report&KeyValue=0012%20%20010L","gisViewerUrl":"https://www.arcgis.com/apps/mapviewer/index.html?url=https://services5.arcgis.com/HHvUPZ2XuLOAJxjR/arcgis/rest/services/JeffDavis_County_Wide_GeoData_view/FeatureServer"},"geometry":{"type":"Polygon","coordinates":[[[-82.804368,31.692877],[-82.80443,31.694141],[-82.807338,31.695805],[-82.807329,31.6929],[-82.804368,31.692877]]]}},{"type":"Feature","id":"13161:0012  010G","properties":{"id":"13161:0012  010G","parcelId":"0012  010G","countyFips":"13161","countyName":"Jeff Davis","state":"Georgia","marketIds":["Valdosta"],"situsAddress":null,"situsCity":null,"situsZip":null,"jurisdictionCode":null,"ownerName":null,"ownerName2":null,"propertyName":null,"zoningCode":null,"zoningDistrict":null,"jurisdictionPrefix":null,"dorCode":null,"acreage":9.8619,"centroid":[-82.805784,31.690355],"lastSale":{"date":null,"price":null,"qualified":null},"tax":{"marketValue":null,"assessedValue":null,"taxableValue":null,"taxes":null},"mailingAddress":{"line1":null,"line2":null,"city":null,"state":null,"zip":null},"incomeTract":null,"incomeBlockGroup":null,"nearestRoad":null,"flu":null,"opportunityZone":null,"oz2Eligibility":null,"source":"ga-jeff-davis-parcels-13161","appraiserUrl":"https://qpublic.schneidercorp.com/Application.aspx?App=JeffDavisCountyGA&Layer=Parcels&PageType=Report&KeyValue=0012%20%20010G","gisViewerUrl":"https://www.arcgis.com/apps/mapviewer/index.html?url=https://services5.arcgis.com/HHvUPZ2XuLOAJxjR/arcgis/rest/services/JeffDavis_County_Wide_GeoData_view/FeatureServer"},"geometry":{"type":"Polygon","coordinates":[[[-82.804216,31.689757],[-82.804276,31.690982],[-82.807323,31.690963],[-82.807319,31.689718],[-82.804216,31.689757]]]}},{"type":"Feature","id":"13161:0011  015B","properties":{"id":"13161:0011  015B","parcelId":"0011  015B","countyFips":"13161","countyName":"Jeff Davis","state":"Georgia","marketIds":["Valdosta"],"situsAddress":null,"situsCity":null,"situsZip":null,"jurisdictionCode":null,"ownerName":null,"ownerName2":null,"propertyName":null,"zoningCode":null,"zoningDistrict":null,"jurisdictionPrefix":null,"dorCode":null,"acreage":136.1908,"centroid":[-82.766385,31.731149],"lastSale":{"date":null,"price":null,"qualified":null},"tax":{"marketValue":null,"assessedValue":null,"taxableValue":null,"taxes":null},"mailingAddress":{"line1":null,"line2":null,"city":null,"state":null,"zip":null},"incomeTract":null,"incomeBlockGroup":null,"nearestRoad":null,"flu":null,"opportunityZone":null,"oz2Eligibility":null,"source":"ga-jeff-davis-parcels-13161","appraiserUrl":"https://qpublic.schneidercorp.com/Application.aspx?App=JeffDavisCountyGA&Layer=Parcels&PageType=Report&KeyValue=0011%20%20015B","gisViewerUrl":"https://www.arcgis.com/apps/mapviewer/index.html?url=https://services5.arcgis.com/HHvUPZ2XuLOAJxjR/arcgis/rest/services/JeffDavis_County_Wide_GeoData_view/FeatureServer"},"geometry":{"type":"Polygon","coordinates":[[[-82.769301,31.729643],[-82.766135,31.727808],[-82.765402,31.727427],[-82.764627,31.727112],[-82.76382,31.726864],[-82.762918,31.726674],[-82.762957,31.737473],[-82.771092,31.737232],[-82.771355,31.73682],[-82.766241,31.734434],[-82.769301,31.729643]]]}},{"type":"Feature","id":"13161:0004  009E","properties":{"id":"13161:0004  009E","parcelId":"0004  009E","countyFips":"13161","countyName":"Jeff Davis","state":"Georgia","marketIds":["Valdosta"],"situsAddress":null,"situsCity":null,"situsZip":null,"jurisdictionCode":null,"ownerName":null,"ownerName2":null,"propertyName":null,"zoningCode":null,"zoningDistrict":null,"jurisdictionPrefix":null,"dorCode":null,"acreage":13.4064,"centroid":[-82.822934,31.71195],"lastSale":{"date":null,"price":null,"qualified":null},"tax":{"marketValue":null,"assessedValue":null,"taxableValue":null,"taxes":null},"mailingAddress":{"line1":null,"line2":null,"city":null,"state":null,"zip":null},"incomeTract":null,"incomeBlockGroup":null,"nearestRoad":null,"flu":null,"opportunityZone":null,"oz2Eligibility":null,"source":"ga-jeff-davis-parcels-13161","appraiserUrl":"https://qpublic.schneidercorp.com/Application.aspx?App=JeffDavisCountyGA&Layer=Parcels&PageType=Report&KeyValue=0004%20%20009E","gisViewerUrl":"https://www.arcgis.com/apps/mapviewer/index.html?url=https://services5.arcgis.com/HHvUPZ2XuLOAJxjR/arcgis/rest/services/JeffDavis_County_Wide_GeoData_view/FeatureServer"},"geometry":{"type":"Polygon","coordinates":[[[-82.822197,31.71068],[-82.822198,31.710715],[-82.822292,31.71082],[-82.822329,31.71093],[-82.822354,31.712052],[-82.822389,31.712178],[-82.822433,31.712255],[-82.823551,31.713714],[-82.82383,31.713697],[-82.824375,31.713736],[-82.824325,31.710669],[-82.822197,31.71068]]]}},{"type":"Feature","id":"13161:0004  009H","properties":{"id":"13161:0004  009H","parcelId":"0004  009H","countyFips":"13161","countyName":"Jeff Davis","state":"Georgia","marketIds":["Valdosta"],"situsAddress":null,"situsCity":null,"situsZip":null,"jurisdictionCode":null,"ownerName":null,"ownerName2":null,"propertyName":null,"zoningCode":null,"zoningDistrict":null,"jurisdictionPrefix":null,"dorCode":null,"acreage":16.5062,"centroid":[-82.827974,31.712546],"lastSale":{"date":null,"price":null,"qualified":null},"tax":{"marketValue":null,"assessedValue":null,"taxableValue":null,"taxes":null},"mailingAddress":{"line1":null,"line2":null,"city":null,"state":null,"zip":null},"incomeTract":null,"incomeBlockGroup":null,"nearestRoad":null,"flu":null,"opportunityZone":null,"oz2Eligibility":null,"source":"ga-jeff-davis-parcels-13161","appraiserUrl":"https://qpublic.schneidercorp.com/Application.aspx?App=JeffDavisCountyGA&Layer=Parcels&PageType=Report&KeyValue=0004%20%20009H","gisViewerUrl":"https://www.arcgis.com/apps/mapviewer/index.html?url=https://services5.arcgis.com/HHvUPZ2XuLOAJxjR/arcgis/rest/services/JeffDavis_County_Wide_GeoData_view/FeatureServer"},"geometry":{"type":"Polygon","coordinates":[[[-82.826478,31.71391],[-82.827057,31.713958],[-82.827053,31.713271],[-82.829063,31.713415],[-82.829057,31.713036],[-82.828838,31.712375],[-82.828781,31.712332],[-82.828522,31.71186],[-82.828438,31.710648],[-82.82645,31.710658],[-82.826478,31.71391]]]}},{"type":"Feature","id":"13161:0011  016","properties":{"id":"13161:0011  016","parcelId":"0011  016","countyFips":"13161","countyName":"Jeff Davis","state":"Georgia","marketIds":["Valdosta"],"situsAddress":null,"situsCity":null,"situsZip":null,"jurisdictionCode":null,"ownerName":null,"ownerName2":null,"propertyName":null,"zoningCode":null,"zoningDistrict":null,"jurisdictionPrefix":null,"dorCode":null,"acreage":41.8924,"centroid":[-82.78362,31.724084],"lastSale":{"date":null,"price":null,"qualified":null},"tax":{"marketValue":null,"assessedValue":null,"taxableValue":null,"taxes":null},"mailingAddress":{"line1":null,"line2":null,"city":null,"state":null,"zip":null},"incomeTract":null,"incomeBlockGroup":null,"nearestRoad":null,"flu":null,"opportunityZone":null,"oz2Eligibility":null,"source":"ga-jeff-davis-parcels-13161","appraiserUrl":"https://qpublic.schneidercorp.com/Application.aspx?App=JeffDavisCountyGA&Layer=Parcels&PageType=Report&KeyValue=0011%20%20016","gisViewerUrl":"https://www.arcgis.com/apps/mapviewer/index.html?url=https://services5.arcgis.com/HHvUPZ2XuLOAJxjR/arcgis/rest/services/JeffDavis_County_Wide_GeoData_view/FeatureServer"},"geometry":{"type":"Polygon","coordinates":[[[-82.779631,31.724517],[-82.787066,31.725916],[-82.787125,31.722977],[-82.780657,31.722927],[-82.779631,31.724517]]]}},{"type":"Feature","id":"13161:0003  008A","properties":{"id":"13161:0003  008A","parcelId":"0003  008A","countyFips":"13161","countyName":"Jeff Davis","state":"Georgia","marketIds":["Valdosta"],"situsAddress":null,"situsCity":null,"situsZip":null,"jurisdictionCode":null,"ownerName":null,"ownerName2":null,"propertyName":null,"zoningCode":null,"zoningDistrict":null,"jurisdictionPrefix":null,"dorCode":null,"acreage":10.0149,"centroid":[-82.818011,31.741421],"lastSale":{"date":null,"price":null,"qualified":null},"tax":{"marketValue":null,"assessedValue":null,"taxableValue":null,"taxes":null},"mailingAddress":{"line1":null,"line2":null,"city":null,"state":null,"zip":null},"incomeTract":null,"incomeBlockGroup":null,"nearestRoad":null,"flu":null,"opportunityZone":null,"oz2Eligibility":null,"source":"ga-jeff-davis-parcels-13161","appraiserUrl":"https://qpublic.schneidercorp.com/Application.aspx?App=JeffDavisCountyGA&Layer=Parcels&PageType=Report&KeyValue=0003%20%20008A","gisViewerUrl":"https://www.arcgis.com/apps/mapviewer/index.html?url=https://services5.arcgis.com/HHvUPZ2XuLOAJxjR/arcgis/rest/services/JeffDavis_County_Wide_GeoData_view/FeatureServer"},"geometry":{"type":"Polygon","coordinates":[[[-82.817007,31.740485],[-82.816859,31.742579],[-82.818941,31.742569],[-82.818877,31.740792],[-82.818369,31.74068],[-82.817007,31.740485]]]}},{"type":"Feature","id":"13161:0011  023G","properties":{"id":"13161:0011  023G","parcelId":"0011  023G","countyFips":"13161","countyName":"Jeff Davis","state":"Georgia","marketIds":["Valdosta"],"situsAddress":null,"situsCity":null,"situsZip":null,"jurisdictionCode":null,"ownerName":null,"ownerName2":null,"propertyName":null,"zoningCode":null,"zoningDistrict":null,"jurisdictionPrefix":null,"dorCode":null,"acreage":22.6292,"centroid":[-82.805869,31.716908],"lastSale":{"date":null,"price":null,"qualified":null},"tax":{"marketValue":null,"assessedValue":null,"taxableValue":null,"taxes":null},"mailingAddress":{"line1":null,"line2":null,"city":null,"state":null,"zip":null},"incomeTract":null,"incomeBlockGroup":null,"nearestRoad":null,"flu":null,"opportunityZone":null,"oz2Eligibility":null,"source":"ga-jeff-davis-parcels-13161","appraiserUrl":"https://qpublic.schneidercorp.com/Application.aspx?App=JeffDavisCountyGA&Layer=Parcels&PageType=Report&KeyValue=0011%20%20023G","gisViewerUrl":"https://www.arcgis.com/apps/mapviewer/index.html?url=https://services5.arcgis.com/HHvUPZ2XuLOAJxjR/arcgis/rest/services/JeffDavis_County_Wide_GeoData_view/FeatureServer"},"geometry":{"type":"Polygon","coordinates":[[[-82.804756,31.71545],[-82.804531,31.716717],[-82.80489,31.718446],[-82.807599,31.71847],[-82.80757,31.715459],[-82.804756,31.71545]]]}},{"type":"Feature","id":"13161:0011  023D","properties":{"id":"13161:0011  023D","parcelId":"0011  023D","countyFips":"13161","countyName":"Jeff Davis","state":"Georgia","marketIds":["Valdosta"],"situsAddress":null,"situsCity":null,"situsZip":null,"jurisdictionCode":null,"ownerName":null,"ownerName2":null,"propertyName":null,"zoningCode":null,"zoningDistrict":null,"jurisdictionPrefix":null,"dorCode":null,"acreage":12.3927,"centroid":[-82.805997,31.714433],"lastSale":{"date":null,"price":null,"qualified":null},"tax":{"marketValue":null,"assessedValue":null,"taxableValue":null,"taxes":null},"mailingAddress":{"line1":null,"line2":null,"city":null,"state":null,"zip":null},"incomeTract":null,"incomeBlockGroup":null,"nearestRoad":null,"flu":null,"opportunityZone":null,"oz2Eligibility":null,"source":"ga-jeff-davis-parcels-13161","appraiserUrl":"https://qpublic.schneidercorp.com/Application.aspx?App=JeffDavisCountyGA&Layer=Parcels&PageType=Report&KeyValue=0011%20%20023D","gisViewerUrl":"https://www.arcgis.com/apps/mapviewer/index.html?url=https://services5.arcgis.com/HHvUPZ2XuLOAJxjR/arcgis/rest/services/JeffDavis_County_Wide_GeoData_view/FeatureServer"},"geometry":{"type":"Polygon","coordinates":[[[-82.804756,31.71545],[-82.805238,31.715452],[-82.80757,31.715459],[-82.807552,31.713611],[-82.806707,31.713476],[-82.806286,31.713476],[-82.805015,31.714195],[-82.804854,31.714348],[-82.804756,31.71545]]]}},{"type":"Feature","id":"13161:0011  003D","properties":{"id":"13161:0011  003D","parcelId":"0011  003D","countyFips":"13161","countyName":"Jeff Davis","state":"Georgia","marketIds":["Valdosta"],"situsAddress":null,"situsCity":null,"situsZip":null,"jurisdictionCode":null,"ownerName":null,"ownerName2":null,"propertyName":null,"zoningCode":null,"zoningDistrict":null,"jurisdictionPrefix":null,"dorCode":null,"acreage":5.1022,"centroid":[-82.797025,31.744877],"lastSale":{"date":null,"price":null,"qualified":null},"tax":{"marketValue":null,"assessedValue":null,"taxableValue":null,"taxes":null},"mailingAddress":{"line1":null,"line2":null,"city":null,"state":null,"zip":null},"incomeTract":null,"incomeBlockGroup":null,"nearestRoad":null,"flu":null,"opportunityZone":null,"oz2Eligibility":null,"source":"ga-jeff-davis-parcels-13161","appraiserUrl":"https://qpublic.schneidercorp.com/Application.aspx?App=JeffDavisCountyGA&Layer=Parcels&PageType=Report&KeyValue=0011%20%20003D","gisViewerUrl":"https://www.arcgis.com/apps/mapviewer/index.html?url=https://services5.arcgis.com/HHvUPZ2XuLOAJxjR/arcgis/rest/services/JeffDavis_County_Wide_GeoData_view/FeatureServer"},"geometry":{"type":"Polygon","coordinates":[[[-82.796322,31.74423],[-82.796203,31.745508],[-82.797738,31.745534],[-82.797836,31.744235],[-82.796322,31.74423]]]}},{"type":"Feature","id":"13161:0006  016B","properties":{"id":"13161:0006  016B","parcelId":"0006  016B","countyFips":"13161","countyName":"Jeff Davis","state":"Georgia","marketIds":["Valdosta"],"situsAddress":null,"situsCity":null,"situsZip":null,"jurisdictionCode":null,"ownerName":null,"ownerName2":null,"propertyName":null,"zoningCode":null,"zoningDistrict":null,"jurisdictionPrefix":null,"dorCode":null,"acreage":5.0308,"centroid":[-82.820984,31.677121],"lastSale":{"date":null,"price":null,"qualified":null},"tax":{"marketValue":null,"assessedValue":null,"taxableValue":null,"taxes":null},"mailingAddress":{"line1":null,"line2":null,"city":null,"state":null,"zip":null},"incomeTract":null,"incomeBlockGroup":null,"nearestRoad":null,"flu":null,"opportunityZone":null,"oz2Eligibility":null,"source":"ga-jeff-davis-parcels-13161","appraiserUrl":"https://qpublic.schneidercorp.com/Application.aspx?App=JeffDavisCountyGA&Layer=Parcels&PageType=Report&KeyValue=0006%20%20016B","gisViewerUrl":"https://www.arcgis.com/apps/mapviewer/index.html?url=https://services5.arcgis.com/HHvUPZ2XuLOAJxjR/arcgis/rest/services/JeffDavis_County_Wide_GeoData_view/FeatureServer"},"geometry":{"type":"Polygon","coordinates":[[[-82.821869,31.677853],[-82.82185,31.676468],[-82.820045,31.676475],[-82.820465,31.677126],[-82.820692,31.677683],[-82.821869,31.677853]]]}},{"type":"Feature","id":"13161:0004  002A","properties":{"id":"13161:0004  002A","parcelId":"0004  002A","countyFips":"13161","countyName":"Jeff Davis","state":"Georgia","marketIds":["Valdosta"],"situsAddress":null,"situsCity":null,"situsZip":null,"jurisdictionCode":null,"ownerName":null,"ownerName2":null,"propertyName":null,"zoningCode":null,"zoningDistrict":null,"jurisdictionPrefix":null,"dorCode":null,"acreage":19.0521,"centroid":[-82.815754,31.731565],"lastSale":{"date":null,"price":null,"qualified":null},"tax":{"marketValue":null,"assessedValue":null,"taxableValue":null,"taxes":null},"mailingAddress":{"line1":null,"line2":null,"city":null,"state":null,"zip":null},"incomeTract":null,"incomeBlockGroup":null,"nearestRoad":null,"flu":null,"opportunityZone":null,"oz2Eligibility":null,"source":"ga-jeff-davis-parcels-13161","appraiserUrl":"https://qpublic.schneidercorp.com/Application.aspx?App=JeffDavisCountyGA&Layer=Parcels&PageType=Report&KeyValue=0004%20%20002A","gisViewerUrl":"https://www.arcgis.com/apps/mapviewer/index.html?url=https://services5.arcgis.com/HHvUPZ2XuLOAJxjR/arcgis/rest/services/JeffDavis_County_Wide_GeoData_view/FeatureServer"},"geometry":{"type":"Polygon","coordinates":[[[-82.815559,31.73366],[-82.81712,31.733704],[-82.816626,31.731964],[-82.815498,31.729097],[-82.813968,31.729398],[-82.815559,31.73366]]]}},{"type":"Feature","id":"13161:0011  015C","properties":{"id":"13161:0011  015C","parcelId":"0011  015C","countyFips":"13161","countyName":"Jeff Davis","state":"Georgia","marketIds":["Valdosta"],"situsAddress":null,"situsCity":null,"situsZip":null,"jurisdictionCode":null,"ownerName":null,"ownerName2":null,"propertyName":null,"zoningCode":null,"zoningDistrict":null,"jurisdictionPrefix":null,"dorCode":null,"acreage":78.9505,"centroid":[-82.770261,31.733337],"lastSale":{"date":null,"price":null,"qualified":null},"tax":{"marketValue":null,"assessedValue":null,"taxableValue":null,"taxes":null},"mailingAddress":{"line1":null,"line2":null,"city":null,"state":null,"zip":null},"incomeTract":null,"incomeBlockGroup":null,"nearestRoad":null,"flu":null,"opportunityZone":null,"oz2Eligibility":null,"source":"ga-jeff-davis-parcels-13161","appraiserUrl":"https://qpublic.schneidercorp.com/Application.aspx?App=JeffDavisCountyGA&Layer=Parcels&PageType=Report&KeyValue=0011%20%20015C","gisViewerUrl":"https://www.arcgis.com/apps/mapviewer/index.html?url=https://services5.arcgis.com/HHvUPZ2XuLOAJxjR/arcgis/rest/services/JeffDavis_County_Wide_GeoData_view/FeatureServer"},"geometry":{"type":"Polygon","coordinates":[[[-82.769301,31.729643],[-82.766241,31.734434],[-82.771355,31.73682],[-82.774146,31.732449],[-82.769301,31.729643]]]}},{"type":"Feature","id":"13161:0004  003A","properties":{"id":"13161:0004  003A","parcelId":"0004  003A","countyFips":"13161","countyName":"Jeff Davis","state":"Georgia","marketIds":["Valdosta"],"situsAddress":null,"situsCity":null,"situsZip":null,"jurisdictionCode":null,"ownerName":null,"ownerName2":null,"propertyName":null,"zoningCode":null,"zoningDistrict":null,"jurisdictionPrefix":null,"dorCode":null,"acreage":22.8742,"centroid":[-82.808989,31.734456],"lastSale":{"date":null,"price":null,"qualified":null},"tax":{"marketValue":null,"assessedValue":null,"taxableValue":null,"taxes":null},"mailingAddress":{"line1":null,"line2":null,"city":null,"state":null,"zip":null},"incomeTract":null,"incomeBlockGroup":null,"nearestRoad":null,"flu":null,"opportunityZone":null,"oz2Eligibility":null,"source":"ga-jeff-davis-parcels-13161","appraiserUrl":"https://qpublic.schneidercorp.com/Application.aspx?App=JeffDavisCountyGA&Layer=Parcels&PageType=Report&KeyValue=0004%20%20003A","gisViewerUrl":"https://www.arcgis.com/apps/mapviewer/index.html?url=https://services5.arcgis.com/HHvUPZ2XuLOAJxjR/arcgis/rest/services/JeffDavis_County_Wide_GeoData_view/FeatureServer"},"geometry":{"type":"Polygon","coordinates":[[[-82.807526,31.736094],[-82.808221,31.736103],[-82.810262,31.735202],[-82.811044,31.73387],[-82.812574,31.734237],[-82.812502,31.733143],[-82.807719,31.733219],[-82.807506,31.73356],[-82.808347,31.733551],[-82.808356,31.7341],[-82.807713,31.734108],[-82.807557,31.735211],[-82.807533,31.735524],[-82.807526,31.736094]]]}},{"type":"Feature","id":"13161:0004  003G","properties":{"id":"13161:0004  003G","parcelId":"0004  003G","countyFips":"13161","countyName":"Jeff Davis","state":"Georgia","marketIds":["Valdosta"],"situsAddress":null,"situsCity":null,"situsZip":null,"jurisdictionCode":null,"ownerName":null,"ownerName2":null,"propertyName":null,"zoningCode":null,"zoningDistrict":null,"jurisdictionPrefix":null,"dorCode":null,"acreage":17.5929,"centroid":[-82.809391,31.735666],"lastSale":{"date":null,"price":null,"qualified":null},"tax":{"marketValue":null,"assessedValue":null,"taxableValue":null,"taxes":null},"mailingAddress":{"line1":null,"line2":null,"city":null,"state":null,"zip":null},"incomeTract":null,"incomeBlockGroup":null,"nearestRoad":null,"flu":null,"opportunityZone":null,"oz2Eligibility":null,"source":"ga-jeff-davis-parcels-13161","appraiserUrl":"https://qpublic.schneidercorp.com/Application.aspx?App=JeffDavisCountyGA&Layer=Parcels&PageType=Report&KeyValue=0004%20%20003G","gisViewerUrl":"https://www.arcgis.com/apps/mapviewer/index.html?url=https://services5.arcgis.com/HHvUPZ2XuLOAJxjR/arcgis/rest/services/JeffDavis_County_Wide_GeoData_view/FeatureServer"},"geometry":{"type":"Polygon","coordinates":[[[-82.807526,31.736094],[-82.807525,31.736188],[-82.807526,31.736373],[-82.807556,31.736489],[-82.812283,31.73644],[-82.812574,31.734237],[-82.811044,31.73387],[-82.810262,31.735202],[-82.808221,31.736103],[-82.807526,31.736094]]]}},{"type":"Feature","id":"13161:0006  003B","properties":{"id":"13161:0006  003B","parcelId":"0006  003B","countyFips":"13161","countyName":"Jeff Davis","state":"Georgia","marketIds":["Valdosta"],"situsAddress":null,"situsCity":null,"situsZip":null,"jurisdictionCode":null,"ownerName":null,"ownerName2":null,"propertyName":null,"zoningCode":null,"zoningDistrict":null,"jurisdictionPrefix":null,"dorCode":null,"acreage":48.6226,"centroid":[-82.821655,31.684685],"lastSale":{"date":null,"price":null,"qualified":null},"tax":{"marketValue":null,"assessedValue":null,"taxableValue":null,"taxes":null},"mailingAddress":{"line1":null,"line2":null,"city":null,"state":null,"zip":null},"incomeTract":null,"incomeBlockGroup":null,"nearestRoad":null,"flu":null,"opportunityZone":null,"oz2Eligibility":null,"source":"ga-jeff-davis-parcels-13161","appraiserUrl":"https://qpublic.schneidercorp.com/Application.aspx?App=JeffDavisCountyGA&Layer=Parcels&PageType=Report&KeyValue=0006%20%20003B","gisViewerUrl":"https://www.arcgis.com/apps/mapviewer/index.html?url=https://services5.arcgis.com/HHvUPZ2XuLOAJxjR/arcgis/rest/services/JeffDavis_County_Wide_GeoData_view/FeatureServer"},"geometry":{"type":"Polygon","coordinates":[[[-82.821943,31.684139],[-82.821204,31.68414],[-82.821213,31.685185],[-82.821971,31.685179],[-82.821946,31.68478],[-82.821943,31.684139]]]}},{"type":"Feature","id":"13161:0006  003C","properties":{"id":"13161:0006  003C","parcelId":"0006  003C","countyFips":"13161","countyName":"Jeff Davis","state":"Georgia","marketIds":["Valdosta"],"situsAddress":null,"situsCity":null,"situsZip":null,"jurisdictionCode":null,"ownerName":null,"ownerName2":null,"propertyName":null,"zoningCode":null,"zoningDistrict":null,"jurisdictionPrefix":null,"dorCode":null,"acreage":48.6226,"centroid":[-82.821683,31.681923],"lastSale":{"date":null,"price":null,"qualified":null},"tax":{"marketValue":null,"assessedValue":null,"taxableValue":null,"taxes":null},"mailingAddress":{"line1":null,"line2":null,"city":null,"state":null,"zip":null},"incomeTract":null,"incomeBlockGroup":null,"nearestRoad":null,"flu":null,"opportunityZone":null,"oz2Eligibility":null,"source":"ga-jeff-davis-parcels-13161","appraiserUrl":"https://qpublic.schneidercorp.com/Application.aspx?App=JeffDavisCountyGA&Layer=Parcels&PageType=Report&KeyValue=0006%20%20003C","gisViewerUrl":"https://www.arcgis.com/apps/mapviewer/index.html?url=https://services5.arcgis.com/HHvUPZ2XuLOAJxjR/arcgis/rest/services/JeffDavis_County_Wide_GeoData_view/FeatureServer"},"geometry":{"type":"Polygon","coordinates":[[[-82.821434,31.681328],[-82.821444,31.682527],[-82.821935,31.682518],[-82.821918,31.68132],[-82.821434,31.681328]]]}},{"type":"Feature","id":"13161:0019  007C","properties":{"id":"13161:0019  007C","parcelId":"0019  007C","countyFips":"13161","countyName":"Jeff Davis","state":"Georgia","marketIds":["Valdosta"],"situsAddress":null,"situsCity":null,"situsZip":null,"jurisdictionCode":null,"ownerName":null,"ownerName2":null,"propertyName":null,"zoningCode":null,"zoningDistrict":null,"jurisdictionPrefix":null,"dorCode":null,"acreage":42.3847,"centroid":[-82.758565,31.726185],"lastSale":{"date":null,"price":null,"qualified":null},"tax":{"marketValue":null,"assessedValue":null,"taxableValue":null,"taxes":null},"mailingAddress":{"line1":null,"line2":null,"city":null,"state":null,"zip":null},"incomeTract":null,"incomeBlockGroup":null,"nearestRoad":null,"flu":null,"opportunityZone":null,"oz2Eligibility":null,"source":"ga-jeff-davis-parcels-13161","appraiserUrl":"https://qpublic.schneidercorp.com/Application.aspx?App=JeffDavisCountyGA&Layer=Parcels&PageType=Report&KeyValue=0019%20%20007C","gisViewerUrl":"https://www.arcgis.com/apps/mapviewer/index.html?url=https://services5.arcgis.com/HHvUPZ2XuLOAJxjR/arcgis/rest/services/JeffDavis_County_Wide_GeoData_view/FeatureServer"},"geometry":{"type":"Polygon","coordinates":[[[-82.757422,31.725219],[-82.756923,31.726316],[-82.756757,31.726744],[-82.759549,31.727429],[-82.76015,31.726208],[-82.75968,31.726124],[-82.759266,31.726019],[-82.758863,31.725884],[-82.758477,31.725719],[-82.757422,31.725219]]]}},{"type":"Feature","id":"13161:0006  015A","properties":{"id":"13161:0006  015A","parcelId":"0006  015A","countyFips":"13161","countyName":"Jeff Davis","state":"Georgia","marketIds":["Valdosta"],"situsAddress":null,"situsCity":null,"situsZip":null,"jurisdictionCode":null,"ownerName":null,"ownerName2":null,"propertyName":null,"zoningCode":null,"zoningDistrict":null,"jurisdictionPrefix":null,"dorCode":null,"acreage":36.2566,"centroid":[-82.8213,31.675223],"lastSale":{"date":null,"price":null,"qualified":null},"tax":{"marketValue":null,"assessedValue":null,"taxableValue":null,"taxes":null},"mailingAddress":{"line1":null,"line2":null,"city":null,"state":null,"zip":null},"incomeTract":null,"incomeBlockGroup":null,"nearestRoad":null,"flu":null,"opportunityZone":null,"oz2Eligibility":null,"source":"ga-jeff-davis-parcels-13161","appraiserUrl":"https://qpublic.schneidercorp.com/Application.aspx?App=JeffDavisCountyGA&Layer=Parcels&PageType=Report&KeyValue=0006%20%20015A","gisViewerUrl":"https://www.arcgis.com/apps/mapviewer/index.html?url=https://services5.arcgis.com/HHvUPZ2XuLOAJxjR/arcgis/rest/services/JeffDavis_County_Wide_GeoData_view/FeatureServer"},"geometry":{"type":"Polygon","coordinates":[[[-82.820896,31.675097],[-82.820912,31.675556],[-82.821836,31.675506],[-82.821829,31.675044],[-82.821157,31.675038],[-82.821169,31.675096],[-82.820896,31.675097]]]}},{"type":"Feature","id":"13161:0011  005E","properties":{"id":"13161:0011  005E","parcelId":"0011  005E","countyFips":"13161","countyName":"Jeff Davis","state":"Georgia","marketIds":["Valdosta"],"situsAddress":null,"situsCity":null,"situsZip":null,"jurisdictionCode":null,"ownerName":null,"ownerName2":null,"propertyName":null,"zoningCode":null,"zoningDistrict":null,"jurisdictionPrefix":null,"dorCode":null,"acreage":15.9938,"centroid":[-82.806735,31.737091],"lastSale":{"date":null,"price":null,"qualified":null},"tax":{"marketValue":null,"assessedValue":null,"taxableValue":null,"taxes":null},"mailingAddress":{"line1":null,"line2":null,"city":null,"state":null,"zip":null},"incomeTract":null,"incomeBlockGroup":null,"nearestRoad":null,"flu":null,"opportunityZone":null,"oz2Eligibility":null,"source":"ga-jeff-davis-parcels-13161","appraiserUrl":"https://qpublic.schneidercorp.com/Application.aspx?App=JeffDavisCountyGA&Layer=Parcels&PageType=Report&KeyValue=0011%20%20005E","gisViewerUrl":"https://www.arcgis.com/apps/mapviewer/index.html?url=https://services5.arcgis.com/HHvUPZ2XuLOAJxjR/arcgis/rest/services/JeffDavis_County_Wide_GeoData_view/FeatureServer"},"geometry":{"type":"Polygon","coordinates":[[[-82.806164,31.736605],[-82.806144,31.737593],[-82.807305,31.737579],[-82.807325,31.736587],[-82.806164,31.736605]]]}},{"type":"Feature","id":"13161:0003  014B","properties":{"id":"13161:0003  014B","parcelId":"0003  014B","countyFips":"13161","countyName":"Jeff Davis","state":"Georgia","marketIds":["Valdosta"],"situsAddress":null,"situsCity":null,"situsZip":null,"jurisdictionCode":null,"ownerName":null,"ownerName2":null,"propertyName":null,"zoningCode":null,"zoningDistrict":null,"jurisdictionPrefix":null,"dorCode":null,"acreage":109.2288,"centroid":[-82.836221,31.744004],"lastSale":{"date":null,"price":null,"qualified":null},"tax":{"marketValue":null,"assessedValue":null,"taxableValue":null,"taxes":null},"mailingAddress":{"line1":null,"line2":null,"city":null,"state":null,"zip":null},"incomeTract":null,"incomeBlockGroup":null,"nearestRoad":null,"flu":null,"opportunityZone":null,"oz2Eligibility":null,"source":"ga-jeff-davis-parcels-13161","appraiserUrl":"https://qpublic.schneidercorp.com/Application.aspx?App=JeffDavisCountyGA&Layer=Parcels&PageType=Report&KeyValue=0003%20%20014B","gisViewerUrl":"https://www.arcgis.com/apps/mapviewer/index.html?url=https://services5.arcgis.com/HHvUPZ2XuLOAJxjR/arcgis/rest/services/JeffDavis_County_Wide_GeoData_view/FeatureServer"},"geometry":{"type":"Polygon","coordinates":[[[-82.836542,31.744274],[-82.836736,31.744263],[-82.836735,31.743515],[-82.835542,31.743594],[-82.835551,31.744376],[-82.836542,31.744274]]]}},{"type":"Feature","id":"13161:0005  009A","properties":{"id":"13161:0005  009A","parcelId":"0005  009A","countyFips":"13161","countyName":"Jeff Davis","state":"Georgia","marketIds":["Valdosta"],"situsAddress":null,"situsCity":null,"situsZip":null,"jurisdictionCode":null,"ownerName":null,"ownerName2":null,"propertyName":null,"zoningCode":null,"zoningDistrict":null,"jurisdictionPrefix":null,"dorCode":null,"acreage":74.4924,"centroid":[-82.831152,31.685614],"lastSale":{"date":null,"price":null,"qualified":null},"tax":{"marketValue":null,"assessedValue":null,"taxableValue":null,"taxes":null},"mailingAddress":{"line1":null,"line2":null,"city":null,"state":null,"zip":null},"incomeTract":null,"incomeBlockGroup":null,"nearestRoad":null,"flu":null,"opportunityZone":null,"oz2Eligibility":null,"source":"ga-jeff-davis-parcels-13161","appraiserUrl":"https://qpublic.schneidercorp.com/Application.aspx?App=JeffDavisCountyGA&Layer=Parcels&PageType=Report&KeyValue=0005%20%20009A","gisViewerUrl":"https://www.arcgis.com/apps/mapviewer/index.html?url=https://services5.arcgis.com/HHvUPZ2XuLOAJxjR/arcgis/rest/services/JeffDavis_County_Wide_GeoData_view/FeatureServer"},"geometry":{"type":"Polygon","coordinates":[[[-82.830785,31.685234],[-82.830796,31.685623],[-82.831091,31.685836],[-82.831316,31.685884],[-82.831467,31.685885],[-82.831455,31.685221],[-82.830785,31.685234]]]}}]}