{"type":"FeatureCollection","name":"12127-5_9","features":[{"type":"Feature","id":"12127:373500000010","properties":{"id":"12127:373500000010","parcelId":"373500000010","countyFips":"12127","countyName":"Volusia","state":"Florida","marketIds":["Melbourne"],"situsAddress":"NELSON AVE","situsCity":"SEVILLE","situsZip":"32190","jurisdictionCode":null,"ownerName":"ST JOHNS RIVER WATER MANAGEMENT DIST","ownerName2":null,"propertyName":null,"zoningCode":null,"zoningDistrict":null,"jurisdictionPrefix":null,"dorCode":"8000","acreage":142.36,"centroid":[-81.540876,29.328028],"lastSale":{"date":"1991-01-15","price":100.0,"qualified":null},"tax":{"marketValue":209220.0,"assessedValue":209220.0,"taxableValue":null,"taxes":null},"mailingAddress":{"line1":"4049 REID ST","line2":"PO BOX 1429","city":"PALATKA","state":"FL","zip":"32178"},"incomeTract":null,"incomeBlockGroup":null,"nearestRoad":null,"flu":null,"opportunityZone":null,"oz2Eligibility":null,"source":"fl-volusia-open-data-12127","gisViewerUrl":"https://vcpa.vcgov.org/search/map","appraiserUrl":"https://vcpa.vcgov.org/parcel/summary/?altkey=2000414"},"geometry":{"type":"Polygon","coordinates":[[[-81.544425,29.326503],[-81.543575,29.326525],[-81.533503,29.326788],[-81.533646,29.331396],[-81.545112,29.331159],[-81.544993,29.325799],[-81.544425,29.326503]]]}},{"type":"Feature","id":"12127:472400000020","properties":{"id":"12127:472400000020","parcelId":"472400000020","countyFips":"12127","countyName":"Volusia","state":"Florida","marketIds":["Melbourne"],"situsAddress":"NO STREET","situsCity":"COUNTY","situsZip":"32180","jurisdictionCode":null,"ownerName":"JLS HOLDINGS NV LLC","ownerName2":null,"propertyName":null,"zoningCode":null,"zoningDistrict":null,"jurisdictionPrefix":null,"dorCode":"5500","acreage":130.0,"centroid":[-81.513314,29.26131],"lastSale":{"date":"2012-12-11","price":100.0,"qualified":null},"tax":{"marketValue":243750.0,"assessedValue":27170.0,"taxableValue":14170.0,"taxes":null},"mailingAddress":{"line1":"4001 STATE ROAD 11","line2":null,"city":"DELAND","state":"FL","zip":"32724"},"incomeTract":null,"incomeBlockGroup":null,"nearestRoad":null,"flu":null,"opportunityZone":null,"oz2Eligibility":null,"source":"fl-volusia-open-data-12127","gisViewerUrl":"https://vcpa.vcgov.org/search/map","appraiserUrl":"https://vcpa.vcgov.org/parcel/summary/?altkey=2001194"},"geometry":{"type":"Polygon","coordinates":[[[-81.513976,29.25842],[-81.513045,29.258448],[-81.509269,29.258554],[-81.509426,29.262262],[-81.509608,29.265881],[-81.517333,29.265669],[-81.517157,29.262107],[-81.515067,29.262053],[-81.514947,29.258393],[-81.513976,29.25842]]]}},{"type":"Feature","id":"12127:381901000107","properties":{"id":"12127:381901000107","parcelId":"381901000107","countyFips":"12127","countyName":"Volusia","state":"Florida","marketIds":["Melbourne"],"situsAddress":"2280 MCBRIDE RD","situsCity":"SEVILLE","situsZip":"32190","jurisdictionCode":null,"ownerName":"HENRY ENTERPRISES II LLC","ownerName2":null,"propertyName":null,"zoningCode":null,"zoningDistrict":null,"jurisdictionPrefix":null,"dorCode":"6100","acreage":115.74,"centroid":[-81.51222,29.352635],"lastSale":{"date":"2012-09-18","price":100.0,"qualified":null},"tax":{"marketValue":503378.0,"assessedValue":50529.0,"taxableValue":50529.0,"taxes":null},"mailingAddress":{"line1":"PO BOX 562","line2":null,"city":"SEVILLE","state":"FL","zip":"32190"},"incomeTract":null,"incomeBlockGroup":null,"nearestRoad":null,"flu":null,"opportunityZone":null,"oz2Eligibility":null,"source":"fl-volusia-open-data-12127","gisViewerUrl":"https://vcpa.vcgov.org/search/map","appraiserUrl":"https://vcpa.vcgov.org/parcel/summary/?altkey=6867828"},"geometry":{"type":"Polygon","coordinates":[[[-81.515381,29.358105],[-81.515418,29.358603],[-81.517757,29.358427],[-81.517539,29.35403],[-81.51572,29.354141],[-81.515576,29.352188],[-81.517448,29.352194],[-81.517372,29.350667],[-81.51474,29.351155],[-81.514156,29.34937],[-81.512683,29.349824],[-81.512676,29.349907],[-81.512702,29.349956],[-81.512748,29.349988],[-81.512755,29.350093],[-81.512734,29.350166],[-81.512667,29.350241],[-81.512705,29.350343],[-81.512658,29.350394],[-81.512599,29.350421],[-81.51256,29.350423],[-81.512517,29.350396],[-81.512434,29.35017],[-81.512305,29.350082],[-81.512229,29.350069],[-81.512179,29.350131],[-81.512071,29.350148],[-81.512046,29.350171],[-81.512056,29.35025],[-81.511997,29.35033],[-81.512026,29.350362],[-81.512126,29.350377],[-81.512162,29.350401],[-81.51216,29.350484],[-81.512131,29.350585],[-81.512054,29.350646],[-81.512047,29.350727],[-81.512009,29.350811],[-81.511928,29.35089],[-81.511703,29.350899],[-81.511524,29.350881],[-81.511344,29.350942],[-81.511219,29.350858],[-81.511101,29.35083],[-81.510979,29.350835],[-81.510971,29.350892],[-81.510952,29.350895],[-81.510732,29.350835],[-81.510607,29.350857],[-81.510712,29.353301],[-81.507981,29.35339],[-81.508054,29.354856],[-81.50826,29.354963],[-81.508682,29.355358],[-81.509198,29.355573],[-81.509351,29.355612],[-81.509703,29.355543],[-81.509998,29.355633],[-81.510153,29.355705],[-81.510254,29.355701],[-81.510549,29.355801],[-81.510694,29.35594],[-81.511112,29.356236],[-81.511446,29.356346],[-81.511589,29.356441],[-81.511845,29.356509],[-81.51259,29.35676],[-81.512915,29.356958],[-81.513035,29.357087],[-81.513097,29.357187],[-81.51318,29.356256],[-81.515236,29.356166],[-81.515381,29.358105]]]}},{"type":"Feature","id":"12127:372400000040","properties":{"id":"12127:372400000040","parcelId":"372400000040","countyFips":"12127","countyName":"Volusia","state":"Florida","marketIds":["Melbourne"],"situsAddress":"SILVER POND RD","situsCity":"SEVILLE","situsZip":"32190","jurisdictionCode":null,"ownerName":"HENRY ENTERPRISES IV LLC","ownerName2":null,"propertyName":null,"zoningCode":null,"zoningDistrict":null,"jurisdictionPrefix":null,"dorCode":"6100","acreage":105.7,"centroid":[-81.519991,29.35641],"lastSale":{"date":"2003-11-25","price":100.0,"qualified":null},"tax":{"marketValue":371037.0,"assessedValue":14902.0,"taxableValue":14902.0,"taxes":null},"mailingAddress":{"line1":"PO BOX 455","line2":null,"city":"SEVILLE","state":"FL","zip":"32190"},"incomeTract":null,"incomeBlockGroup":null,"nearestRoad":null,"flu":null,"opportunityZone":null,"oz2Eligibility":null,"source":"fl-volusia-open-data-12127","gisViewerUrl":"https://vcpa.vcgov.org/search/map","appraiserUrl":"https://vcpa.vcgov.org/parcel/summary/?altkey=6284989"},"geometry":{"type":"Polygon","coordinates":[[[-81.520019,29.360674],[-81.520019,29.3608],[-81.521788,29.360742],[-81.521575,29.353079],[-81.521444,29.349878],[-81.517334,29.349897],[-81.517742,29.358134],[-81.520006,29.358075],[-81.520019,29.360674]]]}},{"type":"Feature","id":"12127:372500000150","properties":{"id":"12127:372500000150","parcelId":"372500000150","countyFips":"12127","countyName":"Volusia","state":"Florida","marketIds":["Melbourne"],"situsAddress":"725 JOE PITTMAN RD","situsCity":"SEVILLE","situsZip":"32190","jurisdictionCode":null,"ownerName":"LINDA L SIMPSON REV TRUST 2-19-18","ownerName2":null,"propertyName":null,"zoningCode":null,"zoningDistrict":null,"jurisdictionPrefix":null,"dorCode":"6100","acreage":90.0,"centroid":[-81.525973,29.331722],"lastSale":{"date":"2018-03-19","price":100.0,"qualified":null},"tax":{"marketValue":467564.0,"assessedValue":103387.0,"taxableValue":103387.0,"taxes":null},"mailingAddress":{"line1":"725 JOE PITTMAN RD","line2":null,"city":"SEVILLE","state":"FL","zip":"32190"},"incomeTract":null,"incomeBlockGroup":null,"nearestRoad":null,"flu":null,"opportunityZone":null,"oz2Eligibility":null,"source":"fl-volusia-open-data-12127","gisViewerUrl":"https://vcpa.vcgov.org/search/map","appraiserUrl":"https://vcpa.vcgov.org/parcel/summary/?altkey=2000236"},"geometry":{"type":"Polygon","coordinates":[[[-81.525228,29.332402],[-81.525229,29.332406],[-81.525297,29.335154],[-81.529477,29.33507],[-81.529266,29.327794],[-81.524013,29.327926],[-81.524069,29.33152],[-81.525206,29.331504],[-81.525228,29.332402]]]}},{"type":"Feature","id":"12127:382000000060","properties":{"id":"12127:382000000060","parcelId":"382000000060","countyFips":"12127","countyName":"Volusia","state":"Florida","marketIds":["Melbourne"],"situsAddress":"HAY BARN RD","situsCity":"SEVILLE","situsZip":"32190","jurisdictionCode":null,"ownerName":"PRESTRUDE KEVIN","ownerName2":null,"propertyName":null,"zoningCode":null,"zoningDistrict":null,"jurisdictionPrefix":null,"dorCode":"5600","acreage":87.78,"centroid":[-81.501502,29.361218],"lastSale":{"date":"2018-10-09","price":155000.0,"qualified":null},"tax":{"marketValue":432080.0,"assessedValue":23732.0,"taxableValue":23732.0,"taxes":null},"mailingAddress":{"line1":"2495 N US HWY 17","line2":null,"city":"SEVILLE","state":"FL","zip":"32190"},"incomeTract":null,"incomeBlockGroup":null,"nearestRoad":null,"flu":null,"opportunityZone":null,"oz2Eligibility":null,"source":"fl-volusia-open-data-12127","gisViewerUrl":"https://vcpa.vcgov.org/search/map","appraiserUrl":"https://vcpa.vcgov.org/parcel/summary/?altkey=2003201"},"geometry":{"type":"Polygon","coordinates":[[[-81.49547,29.36162],[-81.495395,29.361623],[-81.495493,29.365437],[-81.499665,29.365256],[-81.499566,29.361443],[-81.503775,29.361261],[-81.503777,29.361323],[-81.506238,29.361244],[-81.506195,29.361158],[-81.506259,29.361155],[-81.505876,29.36038],[-81.504374,29.36075],[-81.503307,29.358478],[-81.501601,29.358855],[-81.501627,29.35966],[-81.495418,29.359852],[-81.49547,29.36162]]]}},{"type":"Feature","id":"12127:374000000010","properties":{"id":"12127:374000000010","parcelId":"374000000010","countyFips":"12127","countyName":"Volusia","state":"Florida","marketIds":["Melbourne"],"situsAddress":"LAKE GEORGE RD","situsCity":"SEVILLE","situsZip":"32190","jurisdictionCode":null,"ownerName":"ST JOHNS RIVER WATER MANAGEMENT DIST","ownerName2":null,"propertyName":null,"zoningCode":null,"zoningDistrict":null,"jurisdictionPrefix":null,"dorCode":"8000","acreage":82.86,"centroid":[-81.541975,29.319702],"lastSale":{"date":"1991-01-15","price":100.0,"qualified":null},"tax":{"marketValue":89658.0,"assessedValue":89658.0,"taxableValue":null,"taxes":null},"mailingAddress":{"line1":"4049 REID ST","line2":"PO BOX 1429","city":"PALATKA","state":"FL","zip":"32178"},"incomeTract":null,"incomeBlockGroup":null,"nearestRoad":null,"flu":null,"opportunityZone":null,"oz2Eligibility":null,"source":"fl-volusia-open-data-12127","gisViewerUrl":"https://vcpa.vcgov.org/search/map","appraiserUrl":"https://vcpa.vcgov.org/parcel/summary/?altkey=2000597"},"geometry":{"type":"Polygon","coordinates":[[[-81.538058,29.32175],[-81.53821,29.321811],[-81.540128,29.322584],[-81.541189,29.32167],[-81.5417,29.321967],[-81.541862,29.321759],[-81.541369,29.321457],[-81.54354,29.318771],[-81.544061,29.319058],[-81.544209,29.31889],[-81.544418,29.318582],[-81.544831,29.317746],[-81.545096,29.317152],[-81.545141,29.31698],[-81.545153,29.316808],[-81.538128,29.316833],[-81.536474,29.321111],[-81.538058,29.32175]]]}},{"type":"Feature","id":"12127:472400000040","properties":{"id":"12127:472400000040","parcelId":"472400000040","countyFips":"12127","countyName":"Volusia","state":"Florida","marketIds":["Melbourne"],"situsAddress":"NINEMILE POINT RD","situsCity":"SEVILLE","situsZip":"32190","jurisdictionCode":null,"ownerName":"ST JOHNS RIVER WATER MGMT DIST","ownerName2":null,"propertyName":null,"zoningCode":null,"zoningDistrict":null,"jurisdictionPrefix":null,"dorCode":"8000","acreage":82.82,"centroid":[-81.518735,29.260528],"lastSale":{"date":"1990-03-15","price":2063600.0,"qualified":null},"tax":{"marketValue":41410.0,"assessedValue":41410.0,"taxableValue":null,"taxes":null},"mailingAddress":{"line1":"4049 REID ST (POB 1429)","line2":null,"city":"PALATKA","state":"FL","zip":"32178"},"incomeTract":null,"incomeBlockGroup":null,"nearestRoad":null,"flu":null,"opportunityZone":null,"oz2Eligibility":null,"source":"fl-volusia-open-data-12127","gisViewerUrl":"https://vcpa.vcgov.org/search/map","appraiserUrl":"https://vcpa.vcgov.org/parcel/summary/?altkey=2001216"},"geometry":{"type":"Polygon","coordinates":[[[-81.515067,29.262053],[-81.517157,29.262107],[-81.523355,29.261944],[-81.523147,29.258145],[-81.514947,29.258393],[-81.515067,29.262053]]]}},{"type":"Feature","id":"12127:483000000010","properties":{"id":"12127:483000000010","parcelId":"483000000010","countyFips":"12127","countyName":"Volusia","state":"Florida","marketIds":["Melbourne"],"situsAddress":"OLD BUBBLY RD","situsCity":"PIERSON","situsZip":"32180","jurisdictionCode":null,"ownerName":"ST JOHNS RIVER WATER MANAGEMENT DIST","ownerName2":null,"propertyName":null,"zoningCode":null,"zoningDistrict":null,"jurisdictionPrefix":null,"dorCode":"8000","acreage":80.0,"centroid":[-81.506006,29.256575],"lastSale":{"date":"1990-03-15","price":5623400.0,"qualified":null},"tax":{"marketValue":324000.0,"assessedValue":324000.0,"taxableValue":null,"taxes":null},"mailingAddress":{"line1":"4049 REID ST","line2":"PO BOX 1429","city":"PALATKA","state":"FL","zip":"32178"},"incomeTract":null,"incomeBlockGroup":null,"nearestRoad":null,"flu":null,"opportunityZone":null,"oz2Eligibility":null,"source":"fl-volusia-open-data-12127","gisViewerUrl":"https://vcpa.vcgov.org/search/map","appraiserUrl":"https://vcpa.vcgov.org/parcel/summary/?altkey=2016400"},"geometry":{"type":"Polygon","coordinates":[[[-81.509148,29.25495],[-81.505165,29.255037],[-81.500922,29.25513],[-81.501026,29.258784],[-81.507282,29.258622],[-81.509269,29.258554],[-81.509231,29.254948],[-81.509148,29.25495]]]}},{"type":"Feature","id":"12127:372500000040","properties":{"id":"12127:372500000040","parcelId":"372500000040","countyFips":"12127","countyName":"Volusia","state":"Florida","marketIds":["Melbourne"],"situsAddress":"NELSON AVE","situsCity":"SEVILLE","situsZip":"32190","jurisdictionCode":null,"ownerName":"HENRY ENTERPRISES IV LLC","ownerName2":null,"propertyName":null,"zoningCode":null,"zoningDistrict":null,"jurisdictionPrefix":null,"dorCode":"6100","acreage":79.2,"centroid":[-81.522493,29.342681],"lastSale":{"date":"2003-11-25","price":100.0,"qualified":null},"tax":{"marketValue":326400.0,"assessedValue":8049.0,"taxableValue":8049.0,"taxes":null},"mailingAddress":{"line1":"PO BOX 455","line2":null,"city":"SEVILLE","state":"FL","zip":"32190"},"incomeTract":null,"incomeBlockGroup":null,"nearestRoad":null,"flu":null,"opportunityZone":null,"oz2Eligibility":null,"source":"fl-volusia-open-data-12127","gisViewerUrl":"https://vcpa.vcgov.org/search/map","appraiserUrl":"https://vcpa.vcgov.org/parcel/summary/?altkey=6284326"},"geometry":{"type":"Polygon","coordinates":[[[-81.521361,29.346274],[-81.521361,29.34628],[-81.525545,29.346146],[-81.525405,29.338851],[-81.521235,29.33893],[-81.521263,29.339639],[-81.521278,29.342647],[-81.521361,29.346274]],[[-81.523962,29.342992],[-81.523333,29.342994],[-81.52333,29.342444],[-81.523959,29.342441],[-81.523962,29.342992]]]}},{"type":"Feature","id":"12127:374000000015","properties":{"id":"12127:374000000015","parcelId":"374000000015","countyFips":"12127","countyName":"Volusia","state":"Florida","marketIds":["Melbourne"],"situsAddress":"LAKE GEORGE RD","situsCity":"SEVILLE","situsZip":"32190","jurisdictionCode":null,"ownerName":"ST JOHNS RIVER WATER MANAGEMENT DIST","ownerName2":null,"propertyName":null,"zoningCode":null,"zoningDistrict":null,"jurisdictionPrefix":null,"dorCode":"8000","acreage":79.01,"centroid":[-81.538846,29.324808],"lastSale":{"date":"1991-01-15","price":100.0,"qualified":null},"tax":{"marketValue":114745.0,"assessedValue":114745.0,"taxableValue":null,"taxes":null},"mailingAddress":{"line1":"4049 REID ST","line2":"PO BOX 1429","city":"PALATKA","state":"FL","zip":"32178"},"incomeTract":null,"incomeBlockGroup":null,"nearestRoad":null,"flu":null,"opportunityZone":null,"oz2Eligibility":null,"source":"fl-volusia-open-data-12127","gisViewerUrl":"https://vcpa.vcgov.org/search/map","appraiserUrl":"https://vcpa.vcgov.org/parcel/summary/?altkey=4855475"},"geometry":{"type":"Polygon","coordinates":[[[-81.533459,29.325416],[-81.533503,29.326788],[-81.544425,29.326503],[-81.545744,29.324866],[-81.543425,29.323427],[-81.542641,29.324413],[-81.542485,29.324059],[-81.534852,29.324187],[-81.534505,29.324207],[-81.53342,29.32421],[-81.533459,29.325416]]]}},{"type":"Feature","id":"12127:373500000020","properties":{"id":"12127:373500000020","parcelId":"373500000020","countyFips":"12127","countyName":"Volusia","state":"Florida","marketIds":["Melbourne"],"situsAddress":"845 LAKE GEORGE RD","situsCity":"SEVILLE","situsZip":"32190","jurisdictionCode":null,"ownerName":"ST JOHNS RIVER WATER MANAGEMENT DIST","ownerName2":null,"propertyName":null,"zoningCode":null,"zoningDistrict":null,"jurisdictionPrefix":null,"dorCode":"8000","acreage":72.71,"centroid":[-81.536709,29.322678],"lastSale":{"date":"1990-03-15","price":5623400.0,"qualified":null},"tax":{"marketValue":121870.0,"assessedValue":122190.0,"taxableValue":null,"taxes":null},"mailingAddress":{"line1":"4049 REID ST","line2":"PO BOX 1429","city":"PALATKA","state":"FL","zip":"32178"},"incomeTract":null,"incomeBlockGroup":null,"nearestRoad":null,"flu":null,"opportunityZone":null,"oz2Eligibility":null,"source":"fl-volusia-open-data-12127","gisViewerUrl":"https://vcpa.vcgov.org/search/map","appraiserUrl":"https://vcpa.vcgov.org/parcel/summary/?altkey=2000422"},"geometry":{"type":"MultiPolygon","coordinates":[[[[-81.53441,29.323977],[-81.534423,29.323977],[-81.535977,29.323885],[-81.537074,29.323754],[-81.538518,29.32352],[-81.538966,29.323414],[-81.539402,29.323274],[-81.54053,29.322801],[-81.540128,29.322584],[-81.536474,29.321111],[-81.537413,29.31867],[-81.533263,29.31873],[-81.533409,29.323851],[-81.533945,29.323947],[-81.53441,29.323977]]],[[[-81.539629,29.323429],[-81.539549,29.323462],[-81.538969,29.323654],[-81.538367,29.323783],[-81.536612,29.324029],[-81.534903,29.324186],[-81.542485,29.324059],[-81.542202,29.323419],[-81.54087,29.322882],[-81.539629,29.323429]]],[[[-81.53342,29.32421],[-81.53404,29.3242],[-81.533416,29.32409],[-81.53342,29.32421]]]]}},{"type":"Feature","id":"12127:372100000010","properties":{"id":"12127:372100000010","parcelId":"372100000010","countyFips":"12127","countyName":"Volusia","state":"Florida","marketIds":["Melbourne"],"situsAddress":"N COUNTY RD 3","situsCity":"PIERSON","situsZip":"32180","jurisdictionCode":null,"ownerName":"ST JOHNS RIVER WATER MANAGEMENT DIST","ownerName2":null,"propertyName":null,"zoningCode":null,"zoningDistrict":null,"jurisdictionPrefix":null,"dorCode":"8000","acreage":67.26,"centroid":[-81.572166,29.347275],"lastSale":{"date":"1990-03-15","price":2063600.0,"qualified":null},"tax":{"marketValue":40914.0,"assessedValue":40914.0,"taxableValue":null,"taxes":null},"mailingAddress":{"line1":"4049 REID ST","line2":"PO BOX 1429","city":"PALATKA","state":"FL","zip":"32178"},"incomeTract":null,"incomeBlockGroup":null,"nearestRoad":null,"flu":null,"opportunityZone":null,"oz2Eligibility":null,"source":"fl-volusia-open-data-12127","gisViewerUrl":"https://vcpa.vcgov.org/search/map","appraiserUrl":"https://vcpa.vcgov.org/parcel/summary/?altkey=2000015"},"geometry":{"type":"Polygon","coordinates":[[[-81.566725,29.345501],[-81.566837,29.349133],[-81.566866,29.350301],[-81.573503,29.348688],[-81.573488,29.348627],[-81.573475,29.348135],[-81.5735,29.347951],[-81.573561,29.34781],[-81.573565,29.347671],[-81.573473,29.347542],[-81.57336,29.347484],[-81.573227,29.347384],[-81.572974,29.347098],[-81.572897,29.346946],[-81.572871,29.346781],[-81.572902,29.34664],[-81.5729,29.346528],[-81.572841,29.346452],[-81.572434,29.346079],[-81.572296,29.345978],[-81.572204,29.345863],[-81.571756,29.345454],[-81.566725,29.345501]]]}},{"type":"Feature","id":"12127:381901000998","properties":{"id":"12127:381901000998","parcelId":"381901000998","countyFips":"12127","countyName":"Volusia","state":"Florida","marketIds":["Melbourne"],"situsAddress":"PROPERTY LOCATION IS NOT AVAIL","situsCity":"SEVILLE","situsZip":"32190","jurisdictionCode":null,"ownerName":"STATE OF FLORIDA","ownerName2":null,"propertyName":null,"zoningCode":null,"zoningDistrict":null,"jurisdictionPrefix":null,"dorCode":"8000","acreage":63.7,"centroid":[-81.510414,29.349673],"lastSale":{"date":null,"price":null,"qualified":null},"tax":{"marketValue":6370.0,"assessedValue":6370.0,"taxableValue":null,"taxes":null},"mailingAddress":{"line1":"3900 COMMONWEALTH BLVD STE 115","line2":null,"city":"TALLAHASSEE","state":"FL","zip":"32399"},"incomeTract":null,"incomeBlockGroup":null,"nearestRoad":null,"flu":null,"opportunityZone":null,"oz2Eligibility":null,"source":"fl-volusia-open-data-12127","gisViewerUrl":"https://vcpa.vcgov.org/search/map","appraiserUrl":"https://vcpa.vcgov.org/parcel/summary/?altkey=7384655"},"geometry":{"type":"Polygon","coordinates":[[[-81.50894,29.351718],[-81.508994,29.35173],[-81.509242,29.351742],[-81.509315,29.351729],[-81.509422,29.351667],[-81.509459,29.351665],[-81.509534,29.351689],[-81.509672,29.35169],[-81.509935,29.351524],[-81.510085,29.351519],[-81.510296,29.351275],[-81.510395,29.35107],[-81.51049,29.350939],[-81.510631,29.350849],[-81.510732,29.350835],[-81.510952,29.350895],[-81.510971,29.350892],[-81.510979,29.350835],[-81.511101,29.35083],[-81.511219,29.350858],[-81.511344,29.350942],[-81.511524,29.350881],[-81.511703,29.350899],[-81.511928,29.35089],[-81.512009,29.350811],[-81.512047,29.350727],[-81.512054,29.350646],[-81.512131,29.350585],[-81.51216,29.350484],[-81.512162,29.350401],[-81.512126,29.350377],[-81.512026,29.350362],[-81.511997,29.35033],[-81.512056,29.35025],[-81.512046,29.350171],[-81.512071,29.350148],[-81.512179,29.350131],[-81.512229,29.350069],[-81.512278,29.350068],[-81.512434,29.35017],[-81.512517,29.350396],[-81.51256,29.350423],[-81.512635,29.350407],[-81.512705,29.350343],[-81.512667,29.350241],[-81.512734,29.350166],[-81.512758,29.350021],[-81.512676,29.349907],[-81.512719,29.349631],[-81.512676,29.349532],[-81.512679,29.349482],[-81.5127,29.349433],[-81.512748,29.349403],[-81.512802,29.349411],[-81.512988,29.349355],[-81.512993,29.349307],[-81.51297,29.349281],[-81.512799,29.349326],[-81.512757,29.349309],[-81.51274,29.34923],[-81.512778,29.349031],[-81.512658,29.348818],[-81.512669,29.348728],[-81.512649,29.348665],[-81.512621,29.348618],[-81.512544,29.348584],[-81.512534,29.348538],[-81.512424,29.348479],[-81.512406,29.34845],[-81.512342,29.348295],[-81.512231,29.34816],[-81.512216,29.348101],[-81.512253,29.34805],[-81.512242,29.348001],[-81.512164,29.347916],[-81.512133,29.347832],[-81.511871,29.347683],[-81.511759,29.347653],[-81.511657,29.347662],[-81.51155,29.347616],[-81.511547,29.347493],[-81.511501,29.347327],[-81.511514,29.347185],[-81.511472,29.347092],[-81.511514,29.346885],[-81.511557,29.346781],[-81.51154,29.346688],[-81.50688,29.34671],[-81.506862,29.347013],[-81.506833,29.347175],[-81.506834,29.347263],[-81.506852,29.347302],[-81.506841,29.347421],[-81.506734,29.347674],[-81.506683,29.348038],[-81.506759,29.348472],[-81.506939,29.348703],[-81.506924,29.348778],[-81.507035,29.348818],[-81.507087,29.348867],[-81.507148,29.348961],[-81.50716,29.349066],[-81.507218,29.349153],[-81.507261,29.349391],[-81.507224,29.349515],[-81.507239,29.349655],[-81.507266,29.349719],[-81.507194,29.34989],[-81.50719,29.349936],[-81.507239,29.350086],[-81.507222,29.350202],[-81.507236,29.350347],[-81.507197,29.350463],[-81.507294,29.350602],[-81.507377,29.350863],[-81.507482,29.350976],[-81.507483,29.351114],[-81.507597,29.351279],[-81.507621,29.351397],[-81.507723,29.35152],[-81.507896,29.351633],[-81.50814,29.351706],[-81.508512,29.351742],[-81.508708,29.351665],[-81.508811,29.351727],[-81.50894,29.351718]]]}},{"type":"Feature","id":"12127:481900000030","properties":{"id":"12127:481900000030","parcelId":"481900000030","countyFips":"12127","countyName":"Volusia","state":"Florida","marketIds":["Melbourne"],"situsAddress":"BELL FOUNTAINE AVE","situsCity":"PIERSON","situsZip":"32180","jurisdictionCode":null,"ownerName":"ST JOHNS RIVER WATER MANAGEMENT DIST","ownerName2":null,"propertyName":null,"zoningCode":null,"zoningDistrict":null,"jurisdictionPrefix":null,"dorCode":"8000","acreage":60.8,"centroid":[-81.507414,29.262633],"lastSale":{"date":"1990-03-15","price":5623400.0,"qualified":null},"tax":{"marketValue":30400.0,"assessedValue":30400.0,"taxableValue":null,"taxes":null},"mailingAddress":{"line1":"4049 REID ST","line2":"PO BOX 1429","city":"PALATKA","state":"FL","zip":"32178"},"incomeTract":null,"incomeBlockGroup":null,"nearestRoad":null,"flu":null,"opportunityZone":null,"oz2Eligibility":null,"source":"fl-volusia-open-data-12127","gisViewerUrl":"https://vcpa.vcgov.org/search/map","appraiserUrl":"https://vcpa.vcgov.org/parcel/summary/?altkey=2011491"},"geometry":{"type":"Polygon","coordinates":[[[-81.505461,29.265128],[-81.505499,29.265992],[-81.509608,29.265881],[-81.509426,29.262262],[-81.509269,29.258554],[-81.507282,29.258622],[-81.507425,29.262283],[-81.505341,29.262344],[-81.505461,29.265128]]]}},{"type":"Feature","id":"12127:480600000100","properties":{"id":"12127:480600000100","parcelId":"480600000100","countyFips":"12127","countyName":"Volusia","state":"Florida","marketIds":["Melbourne"],"situsAddress":"LAKE GEORGE RD","situsCity":"SEVILLE","situsZip":"32190","jurisdictionCode":null,"ownerName":"ST JOHNS RIVER WATER MANAGEMENT DIST","ownerName2":null,"propertyName":null,"zoningCode":null,"zoningDistrict":null,"jurisdictionPrefix":null,"dorCode":"8000","acreage":60.32,"centroid":[-81.510461,29.303714],"lastSale":{"date":"1990-03-15","price":5623400.0,"qualified":null},"tax":{"marketValue":55372.0,"assessedValue":55372.0,"taxableValue":null,"taxes":null},"mailingAddress":{"line1":"4049 REID ST","line2":"PO BOX 1429","city":"PALATKA","state":"FL","zip":"32178"},"incomeTract":null,"incomeBlockGroup":null,"nearestRoad":null,"flu":null,"opportunityZone":null,"oz2Eligibility":null,"source":"fl-volusia-open-data-12127","gisViewerUrl":"https://vcpa.vcgov.org/search/map","appraiserUrl":"https://vcpa.vcgov.org/parcel/summary/?altkey=2010151"},"geometry":{"type":"Polygon","coordinates":[[[-81.511276,29.302481],[-81.51112,29.302484],[-81.507038,29.302573],[-81.50693,29.306224],[-81.51359,29.306075],[-81.512811,29.302448],[-81.511276,29.302481]]]}},{"type":"Feature","id":"12127:382000000182","properties":{"id":"12127:382000000182","parcelId":"382000000182","countyFips":"12127","countyName":"Volusia","state":"Florida","marketIds":["Melbourne"],"situsAddress":"150 RAULERSON RD","situsCity":"SEVILLE","situsZip":"32190","jurisdictionCode":null,"ownerName":"STARLING NURSERY INC","ownerName2":null,"propertyName":null,"zoningCode":null,"zoningDistrict":null,"jurisdictionPrefix":null,"dorCode":"6900","acreage":56.7,"centroid":[-81.5002,29.353005],"lastSale":{"date":"2013-05-13","price":750000.0,"qualified":null},"tax":{"marketValue":283758.0,"assessedValue":76245.0,"taxableValue":76245.0,"taxes":null},"mailingAddress":{"line1":"PO BOX 494","line2":null,"city":"SEVILLE","state":"FL","zip":"32190"},"incomeTract":null,"incomeBlockGroup":null,"nearestRoad":null,"flu":null,"opportunityZone":null,"oz2Eligibility":null,"source":"fl-volusia-open-data-12127","gisViewerUrl":"https://vcpa.vcgov.org/search/map","appraiserUrl":"https://vcpa.vcgov.org/parcel/summary/?altkey=4781471"},"geometry":{"type":"Polygon","coordinates":[[[-81.499411,29.354158],[-81.499413,29.354232],[-81.499473,29.356111],[-81.501537,29.35604],[-81.501502,29.354036],[-81.50274,29.353993],[-81.502412,29.353232],[-81.502096,29.352312],[-81.501904,29.351598],[-81.50166,29.350434],[-81.499116,29.350513],[-81.496068,29.350653],[-81.496163,29.352456],[-81.499308,29.3523],[-81.499411,29.354158]]]}},{"type":"Feature","id":"12127:383001000140","properties":{"id":"12127:383001000140","parcelId":"383001000140","countyFips":"12127","countyName":"Volusia","state":"Florida","marketIds":["Melbourne"],"situsAddress":"2175 MCBRIDE RD","situsCity":"SEVILLE","situsZip":"32190","jurisdictionCode":null,"ownerName":"CADE JOHN PASCO TR","ownerName2":null,"propertyName":null,"zoningCode":null,"zoningDistrict":null,"jurisdictionPrefix":null,"dorCode":"6100","acreage":54.0,"centroid":[-81.508218,29.33726],"lastSale":{"date":"2021-08-05","price":100.0,"qualified":null},"tax":{"marketValue":676161.0,"assessedValue":290514.0,"taxableValue":265801.0,"taxes":null},"mailingAddress":{"line1":"PO BOX 218","line2":null,"city":"SEVILLE","state":"FL","zip":"32190"},"incomeTract":null,"incomeBlockGroup":null,"nearestRoad":null,"flu":null,"opportunityZone":null,"oz2Eligibility":null,"source":"fl-volusia-open-data-12127","gisViewerUrl":"https://vcpa.vcgov.org/search/map","appraiserUrl":"https://vcpa.vcgov.org/parcel/summary/?altkey=2004401"},"geometry":{"type":"Polygon","coordinates":[[[-81.50866,29.338083],[-81.508675,29.338089],[-81.508713,29.338148],[-81.508757,29.33832],[-81.508854,29.338403],[-81.508908,29.338486],[-81.508914,29.338602],[-81.508949,29.338651],[-81.508946,29.33869],[-81.508908,29.338848],[-81.508867,29.338919],[-81.50842,29.339155],[-81.512899,29.33905],[-81.513308,29.336222],[-81.513369,29.335418],[-81.50758,29.335557],[-81.507503,29.335638],[-81.507383,29.335709],[-81.507149,29.335786],[-81.507005,29.335792],[-81.506904,29.33583],[-81.506772,29.335913],[-81.506513,29.336031],[-81.506409,29.336124],[-81.506288,29.336289],[-81.506285,29.336402],[-81.506301,29.336451],[-81.506401,29.336507],[-81.506714,29.336597],[-81.506981,29.336705],[-81.507246,29.336752],[-81.507416,29.336807],[-81.507893,29.33702],[-81.50798,29.337127],[-81.508004,29.33724],[-81.508089,29.337391],[-81.508323,29.337621],[-81.508333,29.337659],[-81.508309,29.337719],[-81.508322,29.337742],[-81.50857,29.337896],[-81.50861,29.337951],[-81.50857,29.338026],[-81.508579,29.338064],[-81.50866,29.338083]]]}},{"type":"Feature","id":"12127:372500000142","properties":{"id":"12127:372500000142","parcelId":"372500000142","countyFips":"12127","countyName":"Volusia","state":"Florida","marketIds":["Melbourne"],"situsAddress":"750 JOE PITTMAN RD","situsCity":"SEVILLE","situsZip":"32190","jurisdictionCode":null,"ownerName":"ST JOHNS RIVER WATER MANAGEMENT DIST","ownerName2":null,"propertyName":null,"zoningCode":null,"zoningDistrict":null,"jurisdictionPrefix":null,"dorCode":"8000","acreage":51.67,"centroid":[-81.532211,29.337133],"lastSale":{"date":"1992-04-15","price":154100.0,"qualified":null},"tax":{"marketValue":75238.0,"assessedValue":75216.0,"taxableValue":null,"taxes":null},"mailingAddress":{"line1":"4049 REID ST","line2":"PO BOX 1429","city":"PALATKA","state":"FL","zip":"32178"},"incomeTract":null,"incomeBlockGroup":null,"nearestRoad":null,"flu":null,"opportunityZone":null,"oz2Eligibility":null,"source":"fl-volusia-open-data-12127","gisViewerUrl":"https://vcpa.vcgov.org/search/map","appraiserUrl":"https://vcpa.vcgov.org/parcel/summary/?altkey=2000228"},"geometry":{"type":"Polygon","coordinates":[[[-81.533574,29.334988],[-81.529477,29.33507],[-81.528413,29.335092],[-81.528479,29.338793],[-81.533713,29.338694],[-81.533707,29.338553],[-81.533661,29.338539],[-81.533715,29.338488],[-81.533697,29.338124],[-81.533673,29.334987],[-81.533574,29.334988]]]}},{"type":"Feature","id":"12127:383001000120","properties":{"id":"12127:383001000120","parcelId":"383001000120","countyFips":"12127","countyName":"Volusia","state":"Florida","marketIds":["Melbourne"],"situsAddress":"2223 MCBRIDE RD","situsCity":"SEVILLE","situsZip":"32190","jurisdictionCode":null,"ownerName":"AA INVESTMENTS OF SEVILLE LLC","ownerName2":null,"propertyName":null,"zoningCode":null,"zoningDistrict":null,"jurisdictionPrefix":null,"dorCode":"6300","acreage":50.8054,"centroid":[-81.508522,29.340912],"lastSale":{"date":"2021-03-25","price":500000.0,"qualified":null},"tax":{"marketValue":652105.0,"assessedValue":378288.0,"taxableValue":378288.0,"taxes":null},"mailingAddress":{"line1":"3113 TOFA CT","line2":null,"city":"LONGWOOD","state":"FL","zip":"32779"},"incomeTract":null,"incomeBlockGroup":null,"nearestRoad":null,"flu":null,"opportunityZone":null,"oz2Eligibility":null,"source":"fl-volusia-open-data-12127","gisViewerUrl":"https://vcpa.vcgov.org/search/map","appraiserUrl":"https://vcpa.vcgov.org/parcel/summary/?altkey=2004398"},"geometry":{"type":"Polygon","coordinates":[[[-81.506083,29.341235],[-81.506077,29.341272],[-81.506065,29.341282],[-81.507179,29.342732],[-81.509788,29.342745],[-81.51234,29.342685],[-81.512396,29.342667],[-81.512598,29.342547],[-81.512723,29.342384],[-81.512648,29.340803],[-81.512899,29.33905],[-81.50842,29.339155],[-81.508341,29.339233],[-81.508288,29.339484],[-81.508172,29.339663],[-81.508166,29.339748],[-81.507868,29.340115],[-81.507735,29.340211],[-81.507494,29.340319],[-81.507465,29.34035],[-81.507451,29.340498],[-81.507283,29.340683],[-81.507056,29.341055],[-81.506869,29.341173],[-81.506534,29.341209],[-81.506103,29.341152],[-81.506065,29.341173],[-81.506083,29.341235]]]}},{"type":"Feature","id":"12127:474200000015","properties":{"id":"12127:474200000015","parcelId":"474200000015","countyFips":"12127","countyName":"Volusia","state":"Florida","marketIds":["Melbourne"],"situsAddress":"1445 LAKE GEORGE RD","situsCity":"SEVILLE","situsZip":"32190","jurisdictionCode":null,"ownerName":"NU TOUCH PROPERTIES LLC","ownerName2":null,"propertyName":null,"zoningCode":null,"zoningDistrict":null,"jurisdictionPrefix":null,"dorCode":"5500","acreage":48.88,"centroid":[-81.543101,29.313796],"lastSale":{"date":"2004-08-04","price":275000.0,"qualified":null},"tax":{"marketValue":153865.0,"assessedValue":64699.0,"taxableValue":64699.0,"taxes":null},"mailingAddress":{"line1":"1024 FLORIDA AVENUE S","line2":null,"city":"ROCKLEDGE","state":"FL","zip":"32955"},"incomeTract":null,"incomeBlockGroup":null,"nearestRoad":null,"flu":null,"opportunityZone":null,"oz2Eligibility":null,"source":"fl-volusia-open-data-12127","gisViewerUrl":"https://vcpa.vcgov.org/search/map","appraiserUrl":"https://vcpa.vcgov.org/parcel/summary/?altkey=2001321"},"geometry":{"type":"MultiPolygon","coordinates":[[[[-81.541453,29.312591],[-81.541447,29.312608],[-81.540989,29.314007],[-81.541831,29.314361],[-81.542193,29.314626],[-81.542623,29.316282],[-81.544893,29.315757],[-81.544753,29.315422],[-81.544682,29.315151],[-81.544594,29.314139],[-81.544587,29.313798],[-81.544536,29.313723],[-81.544321,29.313591],[-81.543469,29.312987],[-81.542952,29.312597],[-81.542579,29.312376],[-81.542248,29.312231],[-81.541661,29.312083],[-81.541453,29.312591]]],[[[-81.544888,29.312534],[-81.545854,29.312729],[-81.546762,29.312646],[-81.546761,29.312616],[-81.546816,29.312534],[-81.546743,29.312377],[-81.545876,29.312507],[-81.545545,29.312385],[-81.544949,29.312265],[-81.54491,29.312372],[-81.544888,29.312534]]],[[[-81.542738,29.309208],[-81.542719,29.309254],[-81.541617,29.311946],[-81.541987,29.312042],[-81.542583,29.312294],[-81.54291,29.312467],[-81.543474,29.312889],[-81.544555,29.31365],[-81.54458,29.313652],[-81.5446,29.31363],[-81.544774,29.312373],[-81.544815,29.312189],[-81.544942,29.311971],[-81.545145,29.311683],[-81.545274,29.311533],[-81.54357,29.310206],[-81.542747,29.309187],[-81.542738,29.309208]]]]}},{"type":"Feature","id":"12127:383000000020","properties":{"id":"12127:383000000020","parcelId":"383000000020","countyFips":"12127","countyName":"Volusia","state":"Florida","marketIds":["Melbourne"],"situsAddress":"2254 PETERS RD","situsCity":"SEVILLE","situsZip":"32190","jurisdictionCode":null,"ownerName":"REDEKER KATHLEEN R TR","ownerName2":null,"propertyName":null,"zoningCode":null,"zoningDistrict":null,"jurisdictionPrefix":null,"dorCode":"6900","acreage":48.19,"centroid":[-81.506736,29.345159],"lastSale":{"date":"2022-09-06","price":100.0,"qualified":null},"tax":{"marketValue":295000.0,"assessedValue":54978.0,"taxableValue":54978.0,"taxes":null},"mailingAddress":{"line1":"PO BOX 212","line2":null,"city":"SEVILLE","state":"FL","zip":"32190"},"incomeTract":null,"incomeBlockGroup":null,"nearestRoad":null,"flu":null,"opportunityZone":null,"oz2Eligibility":null,"source":"fl-volusia-open-data-12127","gisViewerUrl":"https://vcpa.vcgov.org/search/map","appraiserUrl":"https://vcpa.vcgov.org/parcel/summary/?altkey=2004321"},"geometry":{"type":"Polygon","coordinates":[[[-81.503387,29.346713],[-81.503398,29.347189],[-81.503413,29.347813],[-81.506719,29.347801],[-81.506734,29.347674],[-81.506841,29.347421],[-81.506852,29.347302],[-81.506834,29.347263],[-81.506837,29.347095],[-81.506864,29.346984],[-81.506871,29.346749],[-81.506915,29.346586],[-81.506893,29.346369],[-81.506846,29.346239],[-81.506942,29.346027],[-81.506986,29.34582],[-81.50713,29.345609],[-81.507095,29.345326],[-81.507134,29.345215],[-81.507129,29.345099],[-81.507167,29.345011],[-81.507307,29.344841],[-81.5075,29.3447],[-81.507558,29.344637],[-81.507644,29.344637],[-81.507696,29.344605],[-81.50777,29.344477],[-81.507941,29.344456],[-81.508099,29.34439],[-81.508255,29.344407],[-81.508341,29.344383],[-81.508539,29.344421],[-81.508439,29.344319],[-81.507338,29.342861],[-81.507092,29.342857],[-81.506842,29.342823],[-81.506236,29.342654],[-81.50598,29.342603],[-81.505618,29.342588],[-81.505357,29.342614],[-81.505009,29.342703],[-81.503352,29.343399],[-81.503387,29.346713]]]}},{"type":"Feature","id":"12127:372500000140","properties":{"id":"12127:372500000140","parcelId":"372500000140","countyFips":"12127","countyName":"Volusia","state":"Florida","marketIds":["Melbourne"],"situsAddress":"JOE PITTMAN RD","situsCity":"SEVILLE","situsZip":"32190","jurisdictionCode":null,"ownerName":"ST JOHNS RIVER WATER MANAGEMENT DIST","ownerName2":null,"propertyName":null,"zoningCode":null,"zoningDistrict":null,"jurisdictionPrefix":null,"dorCode":"8000","acreage":47.04,"centroid":[-81.525904,29.336622],"lastSale":{"date":"1991-10-15","price":121300.0,"qualified":null},"tax":{"marketValue":79680.0,"assessedValue":79680.0,"taxableValue":null,"taxes":null},"mailingAddress":{"line1":"4049 REID ST","line2":"PO BOX 1429","city":"PALATKA","state":"FL","zip":"32178"},"incomeTract":null,"incomeBlockGroup":null,"nearestRoad":null,"flu":null,"opportunityZone":null,"oz2Eligibility":null,"source":"fl-volusia-open-data-12127","gisViewerUrl":"https://vcpa.vcgov.org/search/map","appraiserUrl":"https://vcpa.vcgov.org/parcel/summary/?altkey=2000201"},"geometry":{"type":"Polygon","coordinates":[[[-81.525297,29.335154],[-81.523625,29.335187],[-81.523708,29.338883],[-81.528479,29.338793],[-81.528413,29.335092],[-81.525297,29.335154]]]}},{"type":"Feature","id":"12127:383001000017","properties":{"id":"12127:383001000017","parcelId":"383001000017","countyFips":"12127","countyName":"Volusia","state":"Florida","marketIds":["Melbourne"],"situsAddress":"MCBRIDE RD","situsCity":"SEVILLE","situsZip":"32190","jurisdictionCode":null,"ownerName":"HAGSTROM ROYCE D JR","ownerName2":null,"propertyName":null,"zoningCode":null,"zoningDistrict":null,"jurisdictionPrefix":null,"dorCode":"6900","acreage":46.8752,"centroid":[-81.514468,29.338282],"lastSale":{"date":"2021-07-15","price":301500.0,"qualified":null},"tax":{"marketValue":184464.0,"assessedValue":43758.0,"taxableValue":43758.0,"taxes":null},"mailingAddress":{"line1":"PO BOX 313","line2":null,"city":"PIERSON","state":"FL","zip":"32180"},"incomeTract":null,"incomeBlockGroup":null,"nearestRoad":null,"flu":null,"opportunityZone":null,"oz2Eligibility":null,"source":"fl-volusia-open-data-12127","gisViewerUrl":"https://vcpa.vcgov.org/search/map","appraiserUrl":"https://vcpa.vcgov.org/parcel/summary/?altkey=8012272"},"geometry":{"type":"Polygon","coordinates":[[[-81.513051,29.339017],[-81.513047,29.339047],[-81.512808,29.340646],[-81.512787,29.340901],[-81.517102,29.34071],[-81.517086,29.338953],[-81.516465,29.338967],[-81.51639,29.335364],[-81.513506,29.335333],[-81.513484,29.335773],[-81.513421,29.336392],[-81.513051,29.339017]]]}},{"type":"Feature","id":"12127:381901000999","properties":{"id":"12127:381901000999","parcelId":"381901000999","countyFips":"12127","countyName":"Volusia","state":"Florida","marketIds":["Melbourne"],"situsAddress":"PROPERTY LOCATION IS NOT AVAIL","situsCity":"SEVILLE","situsZip":"32190","jurisdictionCode":null,"ownerName":"STATE OF FLORIDA","ownerName2":null,"propertyName":null,"zoningCode":null,"zoningDistrict":null,"jurisdictionPrefix":null,"dorCode":"8000","acreage":46.7,"centroid":[-81.512551,29.358217],"lastSale":{"date":null,"price":null,"qualified":null},"tax":{"marketValue":4670.0,"assessedValue":4670.0,"taxableValue":null,"taxes":null},"mailingAddress":{"line1":"3900 COMMONWEALTH BLVD STE 115","line2":null,"city":"TALLAHASSEE","state":"FL","zip":"32399"},"incomeTract":null,"incomeBlockGroup":null,"nearestRoad":null,"flu":null,"opportunityZone":null,"oz2Eligibility":null,"source":"fl-volusia-open-data-12127","gisViewerUrl":"https://vcpa.vcgov.org/search/map","appraiserUrl":"https://vcpa.vcgov.org/parcel/summary/?altkey=7384639"},"geometry":{"type":"Polygon","coordinates":[[[-81.513099,29.36055],[-81.513185,29.36065],[-81.513599,29.361131],[-81.513706,29.361282],[-81.513803,29.361466],[-81.513918,29.361507],[-81.514134,29.361532],[-81.514289,29.361615],[-81.514518,29.36164],[-81.514672,29.361701],[-81.514948,29.361636],[-81.51511,29.361575],[-81.515208,29.361505],[-81.515365,29.361334],[-81.515464,29.361286],[-81.515578,29.361271],[-81.515876,29.361161],[-81.516028,29.361156],[-81.516276,29.361025],[-81.516361,29.360945],[-81.516487,29.36063],[-81.516547,29.36054],[-81.51662,29.360482],[-81.516666,29.360381],[-81.516671,29.360192],[-81.516705,29.360102],[-81.516776,29.359978],[-81.516862,29.359898],[-81.516697,29.359604],[-81.516695,29.359549],[-81.516794,29.35949],[-81.517236,29.359452],[-81.517245,29.359386],[-81.517167,29.359333],[-81.516863,29.359333],[-81.516726,29.359382],[-81.51665,29.359374],[-81.516514,29.359157],[-81.516319,29.35902],[-81.516185,29.358859],[-81.51595,29.35869],[-81.515849,29.358571],[-81.515418,29.358603],[-81.515381,29.358105],[-81.515228,29.358073],[-81.515009,29.35797],[-81.514842,29.35792],[-81.514678,29.357926],[-81.514591,29.357963],[-81.514089,29.358069],[-81.513912,29.358076],[-81.513835,29.358045],[-81.513682,29.358039],[-81.513605,29.357998],[-81.513512,29.35789],[-81.513411,29.357606],[-81.513211,29.357369],[-81.513035,29.357087],[-81.512915,29.356958],[-81.51259,29.35676],[-81.511845,29.356509],[-81.511589,29.356441],[-81.511446,29.356346],[-81.511112,29.356236],[-81.510694,29.35594],[-81.510549,29.355801],[-81.510254,29.355701],[-81.510153,29.355705],[-81.509998,29.355633],[-81.509703,29.355543],[-81.509351,29.355612],[-81.509198,29.355573],[-81.508682,29.355358],[-81.50826,29.354963],[-81.508054,29.354856],[-81.507818,29.354691],[-81.507729,29.354672],[-81.507504,29.354746],[-81.507359,29.354896],[-81.507289,29.355021],[-81.507272,29.35521],[-81.507401,29.355571],[-81.507433,29.355714],[-81.507473,29.355757],[-81.50755,29.355788],[-81.50777,29.356478],[-81.507912,29.356828],[-81.508167,29.357151],[-81.508323,29.357245],[-81.508441,29.357363],[-81.508558,29.357436],[-81.508626,29.357533],[-81.508642,29.35761],[-81.509022,29.357695],[-81.509308,29.357681],[-81.509461,29.357548],[-81.509497,29.357491],[-81.509618,29.357376],[-81.50968,29.35734],[-81.50978,29.357326],[-81.509973,29.357396],[-81.510062,29.357393],[-81.510153,29.357456],[-81.510154,29.357604],[-81.510225,29.357635],[-81.51042,29.357625],[-81.510756,29.358003],[-81.510973,29.358081],[-81.513099,29.36055]]]}},{"type":"Feature","id":"12127:372800000010","properties":{"id":"12127:372800000010","parcelId":"372800000010","countyFips":"12127","countyName":"Volusia","state":"Florida","marketIds":["Melbourne"],"situsAddress":"NELSON AVE","situsCity":"SEVILLE","situsZip":"32190","jurisdictionCode":null,"ownerName":"ST JOHNS RIVER WATER MANAGEMENT DIST","ownerName2":null,"propertyName":null,"zoningCode":null,"zoningDistrict":null,"jurisdictionPrefix":null,"dorCode":"8000","acreage":43.43,"centroid":[-81.569621,29.342881],"lastSale":{"date":"1990-03-15","price":2063600.0,"qualified":null},"tax":{"marketValue":24595.0,"assessedValue":24595.0,"taxableValue":null,"taxes":null},"mailingAddress":{"line1":"4049 REID ST","line2":"PO BOX 1429","city":"PALATKA","state":"FL","zip":"32178"},"incomeTract":null,"incomeBlockGroup":null,"nearestRoad":null,"flu":null,"opportunityZone":null,"oz2Eligibility":null,"source":"fl-volusia-open-data-12127","gisViewerUrl":"https://vcpa.vcgov.org/search/map","appraiserUrl":"https://vcpa.vcgov.org/parcel/summary/?altkey=2000384"},"geometry":{"type":"Polygon","coordinates":[[[-81.566623,29.340645],[-81.566725,29.345501],[-81.571756,29.345454],[-81.571577,29.345156],[-81.571541,29.345001],[-81.571492,29.344911],[-81.571156,29.344484],[-81.571137,29.344383],[-81.571159,29.344227],[-81.571146,29.344192],[-81.57107,29.344103],[-81.570919,29.344018],[-81.570674,29.343756],[-81.570535,29.343469],[-81.570407,29.343111],[-81.570267,29.342978],[-81.570153,29.342922],[-81.570084,29.342856],[-81.56974,29.342356],[-81.569647,29.342275],[-81.569538,29.342218],[-81.56926,29.342122],[-81.568714,29.341628],[-81.56855,29.341525],[-81.568172,29.341427],[-81.568037,29.341355],[-81.567882,29.340967],[-81.567834,29.340894],[-81.567622,29.340707],[-81.567561,29.340505],[-81.567283,29.340154],[-81.566623,29.340645]]]}},{"type":"Feature","id":"12127:374000000070","properties":{"id":"12127:374000000070","parcelId":"374000000070","countyFips":"12127","countyName":"Volusia","state":"Florida","marketIds":["Melbourne"],"situsAddress":"LAKE GEORGE RD","situsCity":"SEVILLE","situsZip":"32190","jurisdictionCode":null,"ownerName":"ST JOHNS RIVER WATER MANAGEMENT DIST","ownerName2":null,"propertyName":null,"zoningCode":null,"zoningDistrict":null,"jurisdictionPrefix":null,"dorCode":"8000","acreage":42.38,"centroid":[-81.546592,29.325236],"lastSale":{"date":"1991-01-15","price":100.0,"qualified":null},"tax":{"marketValue":70582.0,"assessedValue":70582.0,"taxableValue":null,"taxes":null},"mailingAddress":{"line1":"4049 REID ST","line2":"PO BOX 1429","city":"PALATKA","state":"FL","zip":"32178"},"incomeTract":null,"incomeBlockGroup":null,"nearestRoad":null,"flu":null,"opportunityZone":null,"oz2Eligibility":null,"source":"fl-volusia-open-data-12127","gisViewerUrl":"https://vcpa.vcgov.org/search/map","appraiserUrl":"https://vcpa.vcgov.org/parcel/summary/?altkey=5200086"},"geometry":{"type":"Polygon","coordinates":[[[-81.545007,29.326723],[-81.545999,29.326701],[-81.549277,29.326629],[-81.549448,29.326639],[-81.549545,29.326622],[-81.547611,29.323338],[-81.544866,29.321611],[-81.543425,29.323427],[-81.545744,29.324866],[-81.544993,29.325799],[-81.545007,29.326723]]]}},{"type":"Feature","id":"12127:480700000030","properties":{"id":"12127:480700000030","parcelId":"480700000030","countyFips":"12127","countyName":"Volusia","state":"Florida","marketIds":["Melbourne"],"situsAddress":"BELL FOUNTAINE AVE","situsCity":"PIERSON","situsZip":"32180","jurisdictionCode":null,"ownerName":"ST JOHNS RIVER WATER MANAGEMENT DIST","ownerName2":null,"propertyName":null,"zoningCode":null,"zoningDistrict":null,"jurisdictionPrefix":null,"dorCode":"8000","acreage":42.04,"centroid":[-81.504933,29.289544],"lastSale":{"date":"1990-03-15","price":5623400.0,"qualified":null},"tax":{"marketValue":21020.0,"assessedValue":21020.0,"taxableValue":null,"taxes":null},"mailingAddress":{"line1":"4049 REID ST","line2":"PO BOX 1429","city":"PALATKA","state":"FL","zip":"32178"},"incomeTract":null,"incomeBlockGroup":null,"nearestRoad":null,"flu":null,"opportunityZone":null,"oz2Eligibility":null,"source":"fl-volusia-open-data-12127","gisViewerUrl":"https://vcpa.vcgov.org/search/map","appraiserUrl":"https://vcpa.vcgov.org/parcel/summary/?altkey=2010207"},"geometry":{"type":"Polygon","coordinates":[[[-81.506659,29.28824],[-81.504503,29.28832],[-81.502445,29.288398],[-81.502523,29.292078],[-81.50677,29.291989],[-81.506698,29.288239],[-81.506659,29.28824]]]}},{"type":"Feature","id":"12127:381900000030","properties":{"id":"12127:381900000030","parcelId":"381900000030","countyFips":"12127","countyName":"Volusia","state":"Florida","marketIds":["Melbourne"],"situsAddress":"2370 PETERS RD","situsCity":"SEVILLE","situsZip":"32190","jurisdictionCode":null,"ownerName":"REGISTER BARBARA K TR","ownerName2":null,"propertyName":null,"zoningCode":null,"zoningDistrict":null,"jurisdictionPrefix":null,"dorCode":"6100","acreage":41.81,"centroid":[-81.506776,29.35082],"lastSale":{"date":"1991-10-15","price":100.0,"qualified":null},"tax":{"marketValue":267000.0,"assessedValue":32144.0,"taxableValue":32144.0,"taxes":null},"mailingAddress":{"line1":"PO BOX 397","line2":null,"city":"SEVILLE","state":"FL","zip":"32190"},"incomeTract":null,"incomeBlockGroup":null,"nearestRoad":null,"flu":null,"opportunityZone":null,"oz2Eligibility":null,"source":"fl-volusia-open-data-12127","gisViewerUrl":"https://vcpa.vcgov.org/search/map","appraiserUrl":"https://vcpa.vcgov.org/parcel/summary/?altkey=2003049"},"geometry":{"type":"Polygon","coordinates":[[[-81.50356,29.353855],[-81.503659,29.353853],[-81.505118,29.353821],[-81.505121,29.353443],[-81.507587,29.353396],[-81.507584,29.353768],[-81.508,29.353759],[-81.507894,29.351631],[-81.507723,29.35152],[-81.507621,29.351397],[-81.507597,29.351279],[-81.507483,29.351114],[-81.507482,29.350976],[-81.507377,29.350863],[-81.507294,29.350602],[-81.507192,29.350449],[-81.507236,29.350347],[-81.507222,29.350202],[-81.507239,29.350086],[-81.50719,29.349936],[-81.507203,29.349855],[-81.507266,29.349719],[-81.507239,29.349655],[-81.507224,29.349515],[-81.507259,29.349364],[-81.507218,29.349153],[-81.50716,29.349066],[-81.507148,29.348961],[-81.507058,29.348833],[-81.506924,29.348778],[-81.506934,29.348697],[-81.505455,29.348742],[-81.505622,29.35059],[-81.503482,29.350655],[-81.50356,29.353855]]]}},{"type":"Feature","id":"12127:470200000010","properties":{"id":"12127:470200000010","parcelId":"470200000010","countyFips":"12127","countyName":"Volusia","state":"Florida","marketIds":["Melbourne"],"situsAddress":"LAKE GEORGE RD","situsCity":"SEVILLE","situsZip":"32190","jurisdictionCode":null,"ownerName":"ETM GROUP LLLP","ownerName2":null,"propertyName":null,"zoningCode":null,"zoningDistrict":null,"jurisdictionPrefix":null,"dorCode":"9900","acreage":40.85,"centroid":[-81.53535,29.315069],"lastSale":{"date":"2010-02-26","price":125000.0,"qualified":null},"tax":{"marketValue":120850.0,"assessedValue":120850.0,"taxableValue":120850.0,"taxes":null},"mailingAddress":{"line1":"10 RIVER DUNES DR","line2":null,"city":"DAYTONA BEACH","state":"FL","zip":"32118"},"incomeTract":null,"incomeBlockGroup":null,"nearestRoad":null,"flu":null,"opportunityZone":null,"oz2Eligibility":null,"source":"fl-volusia-open-data-12127","gisViewerUrl":"https://vcpa.vcgov.org/search/map","appraiserUrl":"https://vcpa.vcgov.org/parcel/summary/?altkey=2001101"},"geometry":{"type":"Polygon","coordinates":[[[-81.53321,29.313295],[-81.533235,29.316904],[-81.537512,29.316842],[-81.537442,29.313235],[-81.53321,29.313295]]]}},{"type":"Feature","id":"12127:372500000141","properties":{"id":"12127:372500000141","parcelId":"372500000141","countyFips":"12127","countyName":"Volusia","state":"Florida","marketIds":["Melbourne"],"situsAddress":"735 JOE PITTMAN RD","situsCity":"SEVILLE","situsZip":"32190","jurisdictionCode":null,"ownerName":"ST JOHNS RIVER WATER MANAGEMENT DIST","ownerName2":null,"propertyName":null,"zoningCode":null,"zoningDistrict":null,"jurisdictionPrefix":null,"dorCode":"8700","acreage":40.76,"centroid":[-81.532306,29.332708],"lastSale":{"date":"1992-04-15","price":137200.0,"qualified":null},"tax":{"marketValue":131225.0,"assessedValue":131327.0,"taxableValue":null,"taxes":null},"mailingAddress":{"line1":"4049 REID ST","line2":"PO BOX 1429","city":"PALATKA","state":"FL","zip":"32178"},"incomeTract":null,"incomeBlockGroup":null,"nearestRoad":null,"flu":null,"opportunityZone":null,"oz2Eligibility":null,"source":"fl-volusia-open-data-12127","gisViewerUrl":"https://vcpa.vcgov.org/search/map","appraiserUrl":"https://vcpa.vcgov.org/parcel/summary/?altkey=2000210"},"geometry":{"type":"Polygon","coordinates":[[[-81.533428,29.331401],[-81.532856,29.331409],[-81.529372,29.331447],[-81.529477,29.33507],[-81.533673,29.334987],[-81.53369,29.333244],[-81.533646,29.331396],[-81.533428,29.331401]]]}},{"type":"Feature","id":"12127:480700000020","properties":{"id":"12127:480700000020","parcelId":"480700000020","countyFips":"12127","countyName":"Volusia","state":"Florida","marketIds":["Melbourne"],"situsAddress":"BELL FOUNTAINE AVE","situsCity":"PIERSON","situsZip":"32180","jurisdictionCode":null,"ownerName":"ST JOHNS RIVER WATER MANAGEMENT DIST","ownerName2":null,"propertyName":null,"zoningCode":null,"zoningDistrict":null,"jurisdictionPrefix":null,"dorCode":"8000","acreage":40.18,"centroid":[-81.50427,29.293465],"lastSale":{"date":"1990-03-15","price":5623400.0,"qualified":null},"tax":{"marketValue":49550.0,"assessedValue":49550.0,"taxableValue":null,"taxes":null},"mailingAddress":{"line1":"4049 REID ST","line2":"PO BOX 1429","city":"PALATKA","state":"FL","zip":"32178"},"incomeTract":null,"incomeBlockGroup":null,"nearestRoad":null,"flu":null,"opportunityZone":null,"oz2Eligibility":null,"source":"fl-volusia-open-data-12127","gisViewerUrl":"https://vcpa.vcgov.org/search/map","appraiserUrl":"https://vcpa.vcgov.org/parcel/summary/?altkey=2010193"},"geometry":{"type":"Polygon","coordinates":[[[-81.502619,29.292076],[-81.502523,29.292078],[-81.502599,29.295638],[-81.506838,29.295544],[-81.50677,29.291989],[-81.502619,29.292076]]]}},{"type":"Feature","id":"12127:480500000160","properties":{"id":"12127:480500000160","parcelId":"480500000160","countyFips":"12127","countyName":"Volusia","state":"Florida","marketIds":["Melbourne"],"situsAddress":"1305 TILLY BYRD RD","situsCity":"SEVILLE","situsZip":"32190","jurisdictionCode":null,"ownerName":"BEATTY CHRISTOPHER J","ownerName2":null,"propertyName":null,"zoningCode":null,"zoningDistrict":null,"jurisdictionPrefix":null,"dorCode":"5600","acreage":40.0,"centroid":[-81.500573,29.304576],"lastSale":{"date":"1996-10-15","price":58000.0,"qualified":null},"tax":{"marketValue":447834.0,"assessedValue":139839.0,"taxableValue":114839.0,"taxes":null},"mailingAddress":{"line1":"PO BOX 341","line2":null,"city":"SEVILLE","state":"FL","zip":"32190"},"incomeTract":null,"incomeBlockGroup":null,"nearestRoad":null,"flu":null,"opportunityZone":null,"oz2Eligibility":null,"source":"fl-volusia-open-data-12127","gisViewerUrl":"https://vcpa.vcgov.org/search/map","appraiserUrl":"https://vcpa.vcgov.org/parcel/summary/?altkey=2009519"},"geometry":{"type":"Polygon","coordinates":[[[-81.502512,29.302674],[-81.498548,29.302837],[-81.498626,29.306468],[-81.502607,29.306325],[-81.502512,29.302674]]]}},{"type":"Feature","id":"12127:381700000040","properties":{"id":"12127:381700000040","parcelId":"381700000040","countyFips":"12127","countyName":"Volusia","state":"Florida","marketIds":["Melbourne"],"situsAddress":"N US HWY 17","situsCity":"SEVILLE","situsZip":"32190","jurisdictionCode":null,"ownerName":"FORD F M & BERNICE A","ownerName2":null,"propertyName":null,"zoningCode":null,"zoningDistrict":null,"jurisdictionPrefix":null,"dorCode":"5600","acreage":40.0,"centroid":[-81.501853,29.362871],"lastSale":{"date":null,"price":null,"qualified":null},"tax":{"marketValue":380000.0,"assessedValue":4840.0,"taxableValue":4840.0,"taxes":null},"mailingAddress":{"line1":"PO BOX 457","line2":null,"city":"DELAND","state":"FL","zip":"32721"},"incomeTract":null,"incomeBlockGroup":null,"nearestRoad":null,"flu":null,"opportunityZone":null,"oz2Eligibility":null,"source":"fl-volusia-open-data-12127","gisViewerUrl":"https://vcpa.vcgov.org/search/map","appraiserUrl":"https://vcpa.vcgov.org/parcel/summary/?altkey=2002981"},"geometry":{"type":"Polygon","coordinates":[[[-81.503775,29.361261],[-81.502387,29.361321],[-81.499566,29.361443],[-81.499665,29.365256],[-81.503874,29.365074],[-81.503775,29.361261]]]}},{"type":"Feature","id":"12127:383100000070","properties":{"id":"12127:383100000070","parcelId":"383100000070","countyFips":"12127","countyName":"Volusia","state":"Florida","marketIds":["Melbourne"],"situsAddress":"2020 MCBRIDE RD","situsCity":"SEVILLE","situsZip":"32190","jurisdictionCode":null,"ownerName":"DANIELS JAMES W III","ownerName2":null,"propertyName":null,"zoningCode":null,"zoningDistrict":null,"jurisdictionPrefix":null,"dorCode":"9900","acreage":40.0,"centroid":[-81.514057,29.325981],"lastSale":{"date":"2023-06-19","price":100.0,"qualified":null},"tax":{"marketValue":805927.0,"assessedValue":295838.0,"taxableValue":270838.0,"taxes":null},"mailingAddress":{"line1":"2020 MCBRIDE RD","line2":null,"city":"SEVILLE","state":"FL","zip":"32190"},"incomeTract":null,"incomeBlockGroup":null,"nearestRoad":null,"flu":null,"opportunityZone":null,"oz2Eligibility":null,"source":"fl-volusia-open-data-12127","gisViewerUrl":"https://vcpa.vcgov.org/search/map","appraiserUrl":"https://vcpa.vcgov.org/parcel/summary/?altkey=2004592"},"geometry":{"type":"Polygon","coordinates":[[[-81.512739,29.325511],[-81.512766,29.328043],[-81.516821,29.327957],[-81.516727,29.324374],[-81.512631,29.324489],[-81.512661,29.325513],[-81.512739,29.325511]]]}},{"type":"Feature","id":"12127:372400000010","properties":{"id":"12127:372400000010","parcelId":"372400000010","countyFips":"12127","countyName":"Volusia","state":"Florida","marketIds":["Melbourne"],"situsAddress":"MCBRIDE RD","situsCity":"COUNTY","situsZip":"32190","jurisdictionCode":null,"ownerName":"HENRY MICAH W","ownerName2":null,"propertyName":null,"zoningCode":null,"zoningDistrict":null,"jurisdictionPrefix":null,"dorCode":"6100","acreage":40.0,"centroid":[-81.518647,29.347751],"lastSale":{"date":"2021-01-27","price":480000.0,"qualified":null},"tax":{"marketValue":245000.0,"assessedValue":9783.0,"taxableValue":9783.0,"taxes":null},"mailingAddress":{"line1":"2220 MCBRIDE RD","line2":null,"city":"SEVILLE","state":"FL","zip":"32190"},"incomeTract":null,"incomeBlockGroup":null,"nearestRoad":null,"flu":null,"opportunityZone":null,"oz2Eligibility":null,"source":"fl-volusia-open-data-12127","gisViewerUrl":"https://vcpa.vcgov.org/search/map","appraiserUrl":"https://vcpa.vcgov.org/parcel/summary/?altkey=2000040"},"geometry":{"type":"Polygon","coordinates":[[[-81.51724,29.346529],[-81.517266,29.347635],[-81.517334,29.349897],[-81.521444,29.349878],[-81.521361,29.34628],[-81.517234,29.346288],[-81.51724,29.346529]]]}},{"type":"Feature","id":"12127:372400000030","properties":{"id":"12127:372400000030","parcelId":"372400000030","countyFips":"12127","countyName":"Volusia","state":"Florida","marketIds":["Melbourne"],"situsAddress":"SILVER POND RD","situsCity":"COUNTY","situsZip":"32190","jurisdictionCode":null,"ownerName":"FORD FRANK A JR ETAL","ownerName2":null,"propertyName":null,"zoningCode":null,"zoningDistrict":null,"jurisdictionPrefix":null,"dorCode":"5600","acreage":40.0,"centroid":[-81.528149,29.355035],"lastSale":{"date":"2000-12-15","price":10.0,"qualified":null},"tax":{"marketValue":305000.0,"assessedValue":5626.0,"taxableValue":5626.0,"taxes":null},"mailingAddress":{"line1":"PO BOX 457","line2":null,"city":"DELAND","state":"FL","zip":"32721"},"incomeTract":null,"incomeBlockGroup":null,"nearestRoad":null,"flu":null,"opportunityZone":null,"oz2Eligibility":null,"source":"fl-volusia-open-data-12127","gisViewerUrl":"https://vcpa.vcgov.org/search/map","appraiserUrl":"https://vcpa.vcgov.org/parcel/summary/?altkey=2000066"},"geometry":{"type":"Polygon","coordinates":[[[-81.526018,29.353259],[-81.526111,29.356936],[-81.530306,29.35681],[-81.530163,29.353136],[-81.526018,29.353259]]]}},{"type":"Feature","id":"12127:372500000010","properties":{"id":"12127:372500000010","parcelId":"372500000010","countyFips":"12127","countyName":"Volusia","state":"Florida","marketIds":["Melbourne"],"situsAddress":"NELSON AVE","situsCity":"SEVILLE","situsZip":"32190","jurisdictionCode":null,"ownerName":"HENRY MICAH W","ownerName2":null,"propertyName":null,"zoningCode":null,"zoningDistrict":null,"jurisdictionPrefix":null,"dorCode":"6900","acreage":40.0,"centroid":[-81.518835,29.344137],"lastSale":{"date":"2021-01-27","price":480000.0,"qualified":null},"tax":{"marketValue":170000.0,"assessedValue":32870.0,"taxableValue":32870.0,"taxes":null},"mailingAddress":{"line1":"2220 MCBRIDE RD","line2":null,"city":"SEVILLE","state":"FL","zip":"32190"},"incomeTract":null,"incomeBlockGroup":null,"nearestRoad":null,"flu":null,"opportunityZone":null,"oz2Eligibility":null,"source":"fl-volusia-open-data-12127","gisViewerUrl":"https://vcpa.vcgov.org/search/map","appraiserUrl":"https://vcpa.vcgov.org/parcel/summary/?altkey=2000074"},"geometry":{"type":"Polygon","coordinates":[[[-81.517152,29.342817],[-81.517234,29.346288],[-81.521361,29.34628],[-81.521278,29.342647],[-81.517148,29.342654],[-81.517152,29.342817]]]}},{"type":"Feature","id":"12127:480600000090","properties":{"id":"12127:480600000090","parcelId":"480600000090","countyFips":"12127","countyName":"Volusia","state":"Florida","marketIds":["Melbourne"],"situsAddress":"LAKE GEORGE RD","situsCity":"SEVILLE","situsZip":"32190","jurisdictionCode":null,"ownerName":"ST JOHNS RIVER WATER MANAGEMENT DIST","ownerName2":null,"propertyName":null,"zoningCode":null,"zoningDistrict":null,"jurisdictionPrefix":null,"dorCode":"8000","acreage":39.9,"centroid":[-81.504598,29.304815],"lastSale":{"date":"1994-08-15","price":64000.0,"qualified":null},"tax":{"marketValue":34974.0,"assessedValue":34974.0,"taxableValue":null,"taxes":null},"mailingAddress":{"line1":"4049 REID ST","line2":"PO BOX 1429","city":"PALATKA","state":"FL","zip":"32178"},"incomeTract":null,"incomeBlockGroup":null,"nearestRoad":null,"flu":null,"opportunityZone":null,"oz2Eligibility":null,"source":"fl-volusia-open-data-12127","gisViewerUrl":"https://vcpa.vcgov.org/search/map","appraiserUrl":"https://vcpa.vcgov.org/parcel/summary/?altkey=2010142"},"geometry":{"type":"Polygon","coordinates":[[[-81.502512,29.302674],[-81.502607,29.306325],[-81.503903,29.306279],[-81.50693,29.306224],[-81.507038,29.302573],[-81.502512,29.302674]]]}},{"type":"Feature","id":"12127:372600000020","properties":{"id":"12127:372600000020","parcelId":"372600000020","countyFips":"12127","countyName":"Volusia","state":"Florida","marketIds":["Melbourne"],"situsAddress":"JOE PITTMAN RD","situsCity":"SEVILLE","situsZip":"32190","jurisdictionCode":null,"ownerName":"ST JOHNS RIVER WATER MANAGEMENT DIST","ownerName2":null,"propertyName":null,"zoningCode":null,"zoningDistrict":null,"jurisdictionPrefix":null,"dorCode":"8000","acreage":39.76,"centroid":[-81.53471,29.337612],"lastSale":{"date":"1992-04-15","price":154100.0,"qualified":null},"tax":{"marketValue":49976.0,"assessedValue":49976.0,"taxableValue":null,"taxes":null},"mailingAddress":{"line1":"4049 REID ST","line2":"PO BOX 1429","city":"PALATKA","state":"FL","zip":"32178"},"incomeTract":null,"incomeBlockGroup":null,"nearestRoad":null,"flu":null,"opportunityZone":null,"oz2Eligibility":null,"source":"fl-volusia-open-data-12127","gisViewerUrl":"https://vcpa.vcgov.org/search/map","appraiserUrl":"https://vcpa.vcgov.org/parcel/summary/?altkey=2000287"},"geometry":{"type":"Polygon","coordinates":[[[-81.533707,29.338553],[-81.533713,29.338694],[-81.5378,29.338578],[-81.537711,29.334937],[-81.533673,29.334987],[-81.533697,29.338124],[-81.533715,29.338488],[-81.533661,29.338539],[-81.533707,29.338553]]]}},{"type":"Feature","id":"12127:373400000010","properties":{"id":"12127:373400000010","parcelId":"373400000010","countyFips":"12127","countyName":"Volusia","state":"Florida","marketIds":["Melbourne"],"situsAddress":"NELSON AVE","situsCity":"SEVILLE","situsZip":"32190","jurisdictionCode":null,"ownerName":"ST JOHNS RIVER WATER MANAGEMENT DIST","ownerName2":null,"propertyName":null,"zoningCode":null,"zoningDistrict":null,"jurisdictionPrefix":null,"dorCode":"8000","acreage":39.4,"centroid":[-81.555134,29.329189],"lastSale":{"date":"1990-03-15","price":2063600.0,"qualified":null},"tax":{"marketValue":32804.0,"assessedValue":32804.0,"taxableValue":null,"taxes":null},"mailingAddress":{"line1":"4049 REID ST","line2":"PO BOX 1429","city":"PALATKA","state":"FL","zip":"32178"},"incomeTract":null,"incomeBlockGroup":null,"nearestRoad":null,"flu":null,"opportunityZone":null,"oz2Eligibility":null,"source":"fl-volusia-open-data-12127","gisViewerUrl":"https://vcpa.vcgov.org/search/map","appraiserUrl":"https://vcpa.vcgov.org/parcel/summary/?altkey=2000406"},"geometry":{"type":"Polygon","coordinates":[[[-81.551235,29.330234],[-81.551198,29.330262],[-81.550308,29.33095],[-81.550315,29.331159],[-81.55181,29.331107],[-81.555547,29.331037],[-81.557381,29.329655],[-81.557107,29.329386],[-81.557107,29.329404],[-81.556963,29.3293],[-81.556858,29.329259],[-81.556789,29.329124],[-81.55681,29.328816],[-81.556648,29.328563],[-81.556535,29.328168],[-81.556335,29.327891],[-81.556151,29.327532],[-81.556103,29.327483],[-81.555937,29.327394],[-81.555535,29.327062],[-81.551235,29.330234]]]}},{"type":"Feature","id":"12127:474200000018","properties":{"id":"12127:474200000018","parcelId":"474200000018","countyFips":"12127","countyName":"Volusia","state":"Florida","marketIds":["Melbourne"],"situsAddress":"BREAM DR","situsCity":"SEVILLE","situsZip":"32190","jurisdictionCode":null,"ownerName":"NU-TOUCH PROPERTIES LLC","ownerName2":null,"propertyName":null,"zoningCode":null,"zoningDistrict":null,"jurisdictionPrefix":null,"dorCode":"5500","acreage":39.31,"centroid":[-81.541642,29.314516],"lastSale":{"date":"2005-02-14","price":200000.0,"qualified":null},"tax":{"marketValue":57155.0,"assessedValue":2520.0,"taxableValue":2520.0,"taxes":null},"mailingAddress":{"line1":"1024 FLORIDA AVENUE S","line2":null,"city":"ROCKLEDGE","state":"FL","zip":"32955"},"incomeTract":null,"incomeBlockGroup":null,"nearestRoad":null,"flu":null,"opportunityZone":null,"oz2Eligibility":null,"source":"fl-volusia-open-data-12127","gisViewerUrl":"https://vcpa.vcgov.org/search/map","appraiserUrl":"https://vcpa.vcgov.org/parcel/summary/?altkey=5182118"},"geometry":{"type":"Polygon","coordinates":[[[-81.538128,29.316833],[-81.545153,29.316808],[-81.545156,29.316586],[-81.545115,29.316306],[-81.545051,29.316085],[-81.544893,29.315757],[-81.542623,29.316282],[-81.542193,29.314626],[-81.541831,29.314361],[-81.540989,29.314007],[-81.541422,29.312669],[-81.539875,29.312199],[-81.53961,29.313127],[-81.538128,29.316833]]]}},{"type":"Feature","id":"12127:480600000010","properties":{"id":"12127:480600000010","parcelId":"480600000010","countyFips":"12127","countyName":"Volusia","state":"Florida","marketIds":["Melbourne"],"situsAddress":"403 LAKE GEORGE RD","situsCity":"SEVILLE","situsZip":"32190","jurisdictionCode":null,"ownerName":"WILLIS MICHAEL SCOTT","ownerName2":null,"propertyName":null,"zoningCode":null,"zoningDistrict":null,"jurisdictionPrefix":null,"dorCode":"6200","acreage":39.0,"centroid":[-81.504916,29.315524],"lastSale":{"date":"2024-11-20","price":100.0,"qualified":null},"tax":{"marketValue":453265.0,"assessedValue":160691.0,"taxableValue":160691.0,"taxes":null},"mailingAddress":{"line1":"4742 APACHE AVE","line2":null,"city":"JACKSONVILLE","state":"FL","zip":"32210"},"incomeTract":null,"incomeBlockGroup":null,"nearestRoad":null,"flu":null,"opportunityZone":null,"oz2Eligibility":null,"source":"fl-volusia-open-data-12127","gisViewerUrl":"https://vcpa.vcgov.org/search/map","appraiserUrl":"https://vcpa.vcgov.org/parcel/summary/?altkey=2010011"},"geometry":{"type":"Polygon","coordinates":[[[-81.502801,29.313851],[-81.502891,29.317301],[-81.507033,29.317268],[-81.50694,29.313677],[-81.502801,29.313851]]]}},{"type":"Feature","id":"12127:372600000021","properties":{"id":"12127:372600000021","parcelId":"372600000021","countyFips":"12127","countyName":"Volusia","state":"Florida","marketIds":["Melbourne"],"situsAddress":"JOE PITTMAN RD","situsCity":"SEVILLE","situsZip":"32190","jurisdictionCode":null,"ownerName":"ST JOHNS RIVER WATER MANAGEMENT DIST","ownerName2":null,"propertyName":null,"zoningCode":null,"zoningDistrict":null,"jurisdictionPrefix":null,"dorCode":"8000","acreage":38.32,"centroid":[-81.53565,29.332866],"lastSale":{"date":"1992-04-15","price":137200.0,"qualified":null},"tax":{"marketValue":62516.0,"assessedValue":62516.0,"taxableValue":null,"taxes":null},"mailingAddress":{"line1":"4049 REID ST","line2":"PO BOX 1429","city":"PALATKA","state":"FL","zip":"32178"},"incomeTract":null,"incomeBlockGroup":null,"nearestRoad":null,"flu":null,"opportunityZone":null,"oz2Eligibility":null,"source":"fl-volusia-open-data-12127","gisViewerUrl":"https://vcpa.vcgov.org/search/map","appraiserUrl":"https://vcpa.vcgov.org/parcel/summary/?altkey=2000295"},"geometry":{"type":"Polygon","coordinates":[[[-81.537556,29.331316],[-81.533646,29.331396],[-81.53369,29.333244],[-81.533673,29.334987],[-81.537711,29.334937],[-81.537623,29.331314],[-81.537556,29.331316]]]}},{"type":"Feature","id":"12127:383001000999","properties":{"id":"12127:383001000999","parcelId":"383001000999","countyFips":"12127","countyName":"Volusia","state":"Florida","marketIds":["Melbourne"],"situsAddress":"PROPERTY LOCATION IS NOT AVAIL","situsCity":"SEVILLE","situsZip":"32190","jurisdictionCode":null,"ownerName":"STATE OF FLORIDA","ownerName2":null,"propertyName":null,"zoningCode":null,"zoningDistrict":null,"jurisdictionPrefix":null,"dorCode":"8000","acreage":35.9,"centroid":[-81.510769,29.344676],"lastSale":{"date":null,"price":null,"qualified":null},"tax":{"marketValue":3590.0,"assessedValue":3590.0,"taxableValue":null,"taxes":null},"mailingAddress":{"line1":"3900 COMMONWEALTH BLVD STE 115","line2":null,"city":"TALLAHASSEE","state":"FL","zip":"32399"},"incomeTract":null,"incomeBlockGroup":null,"nearestRoad":null,"flu":null,"opportunityZone":null,"oz2Eligibility":null,"source":"fl-volusia-open-data-12127","gisViewerUrl":"https://vcpa.vcgov.org/search/map","appraiserUrl":"https://vcpa.vcgov.org/parcel/summary/?altkey=7384663"},"geometry":{"type":"Polygon","coordinates":[[[-81.506882,29.3467],[-81.506882,29.346702],[-81.51154,29.346688],[-81.511618,29.346483],[-81.511783,29.346311],[-81.511813,29.34622],[-81.511887,29.346102],[-81.511901,29.346036],[-81.511829,29.345831],[-81.511609,29.345632],[-81.511475,29.345467],[-81.511294,29.345129],[-81.511488,29.345124],[-81.511668,29.345089],[-81.511734,29.345032],[-81.511735,29.344974],[-81.511721,29.344938],[-81.511604,29.344963],[-81.51145,29.344962],[-81.511345,29.344934],[-81.511193,29.344858],[-81.51109,29.344836],[-81.510906,29.344878],[-81.510925,29.344822],[-81.511015,29.344745],[-81.511071,29.344606],[-81.511144,29.34456],[-81.511197,29.344556],[-81.511231,29.344579],[-81.511242,29.344662],[-81.511295,29.344731],[-81.511457,29.344785],[-81.511544,29.344767],[-81.511708,29.344674],[-81.511803,29.344524],[-81.511842,29.344394],[-81.51192,29.344323],[-81.511987,29.344301],[-81.51209,29.344346],[-81.512099,29.344502],[-81.512226,29.344668],[-81.512383,29.344819],[-81.512568,29.344921],[-81.512759,29.344955],[-81.512915,29.344893],[-81.514052,29.344242],[-81.514145,29.344173],[-81.514249,29.344035],[-81.514289,29.343927],[-81.514301,29.343827],[-81.514275,29.343677],[-81.514197,29.343568],[-81.514003,29.343403],[-81.513653,29.34321],[-81.513268,29.343103],[-81.513043,29.34308],[-81.512777,29.343085],[-81.51254,29.343156],[-81.512424,29.343227],[-81.512322,29.343319],[-81.512243,29.343423],[-81.512189,29.343536],[-81.51216,29.343658],[-81.512149,29.343879],[-81.512118,29.34397],[-81.512064,29.344051],[-81.511993,29.344115],[-81.511855,29.344178],[-81.511081,29.344318],[-81.510867,29.344335],[-81.510625,29.344301],[-81.510169,29.344144],[-81.509987,29.344121],[-81.509803,29.344126],[-81.509622,29.344159],[-81.509449,29.344219],[-81.509286,29.344305],[-81.509091,29.344451],[-81.508927,29.344509],[-81.508753,29.344509],[-81.508641,29.344477],[-81.508539,29.344421],[-81.508341,29.344383],[-81.508255,29.344407],[-81.508099,29.34439],[-81.507941,29.344456],[-81.50777,29.344477],[-81.507753,29.344524],[-81.507663,29.344632],[-81.507558,29.344637],[-81.5075,29.3447],[-81.507307,29.344841],[-81.507176,29.344996],[-81.507133,29.345083],[-81.507134,29.345215],[-81.507095,29.345326],[-81.50713,29.345609],[-81.506986,29.34582],[-81.506942,29.346027],[-81.506846,29.346239],[-81.506893,29.346369],[-81.506915,29.346586],[-81.506882,29.3467]]]}},{"type":"Feature","id":"12127:470100000040","properties":{"id":"12127:470100000040","parcelId":"470100000040","countyFips":"12127","countyName":"Volusia","state":"Florida","marketIds":["Melbourne"],"situsAddress":"PROPERTY LOCATION IS NOT AVAIL","situsCity":"PIERSON","situsZip":"32180","jurisdictionCode":null,"ownerName":"COUNTY OF VOLUSIA","ownerName2":null,"propertyName":null,"zoningCode":null,"zoningDistrict":null,"jurisdictionPrefix":null,"dorCode":"8000","acreage":34.01,"centroid":[-81.531859,29.304053],"lastSale":{"date":"2003-06-04","price":52800.0,"qualified":null},"tax":{"marketValue":16941.0,"assessedValue":16941.0,"taxableValue":null,"taxes":null},"mailingAddress":{"line1":"123 W INDIANA AVE","line2":null,"city":"DELAND","state":"FL","zip":"32720"},"incomeTract":null,"incomeBlockGroup":null,"nearestRoad":null,"flu":null,"opportunityZone":null,"oz2Eligibility":null,"source":"fl-volusia-open-data-12127","gisViewerUrl":"https://vcpa.vcgov.org/search/map","appraiserUrl":"https://vcpa.vcgov.org/parcel/summary/?altkey=5984893"},"geometry":{"type":"Polygon","coordinates":[[[-81.528983,29.304074],[-81.529039,29.306892],[-81.533167,29.306841],[-81.533153,29.304785],[-81.53306,29.304687],[-81.532872,29.304377],[-81.532703,29.304235],[-81.532627,29.303978],[-81.532458,29.303844],[-81.532213,29.303577],[-81.53185,29.303088],[-81.531714,29.302939],[-81.531646,29.302818],[-81.531446,29.302592],[-81.531279,29.302437],[-81.531533,29.303679],[-81.528983,29.304074]]]}},{"type":"Feature","id":"12127:372601010010","properties":{"id":"12127:372601010010","parcelId":"372601010010","countyFips":"12127","countyName":"Volusia","state":"Florida","marketIds":["Melbourne"],"situsAddress":"JOE PITTMAN RD","situsCity":"SEVILLE","situsZip":"32190","jurisdictionCode":null,"ownerName":"ST JOHNS RIVER WATER MANAGEMENT DIST","ownerName2":null,"propertyName":null,"zoningCode":null,"zoningDistrict":null,"jurisdictionPrefix":null,"dorCode":"8000","acreage":33.12,"centroid":[-81.539421,29.33709],"lastSale":{"date":"1990-10-15","price":720000.0,"qualified":null},"tax":{"marketValue":40248.0,"assessedValue":40248.0,"taxableValue":null,"taxes":null},"mailingAddress":{"line1":"4049 REID ST","line2":"PO BOX 1429","city":"PALATKA","state":"FL","zip":"32178"},"incomeTract":null,"incomeBlockGroup":null,"nearestRoad":null,"flu":null,"opportunityZone":null,"oz2Eligibility":null,"source":"fl-volusia-open-data-12127","gisViewerUrl":"https://vcpa.vcgov.org/search/map","appraiserUrl":"https://vcpa.vcgov.org/parcel/summary/?altkey=2000317"},"geometry":{"type":"Polygon","coordinates":[[[-81.5378,29.338578],[-81.5378,29.338585],[-81.541938,29.338494],[-81.541854,29.334855],[-81.537711,29.334937],[-81.5378,29.338578]],[[-81.539532,29.336265],[-81.539482,29.33631],[-81.539109,29.336631],[-81.539012,29.336659],[-81.538795,29.336656],[-81.538783,29.335932],[-81.539525,29.335911],[-81.539598,29.335927],[-81.539672,29.335991],[-81.53969,29.33608],[-81.539649,29.336159],[-81.539532,29.336265]],[[-81.5406,29.336223],[-81.540548,29.33618],[-81.540224,29.335891],[-81.540988,29.335879],[-81.540989,29.336243],[-81.540622,29.336252],[-81.5406,29.336223]],[[-81.53966,29.335742],[-81.539627,29.335743],[-81.539007,29.335758],[-81.538989,29.334995],[-81.539635,29.334971],[-81.539685,29.334998],[-81.539704,29.335649],[-81.539702,29.335712],[-81.53966,29.335742]],[[-81.539909,29.33573],[-81.539897,29.335713],[-81.539868,29.335075],[-81.539877,29.334999],[-81.539898,29.334981],[-81.541679,29.334943],[-81.541708,29.334946],[-81.541746,29.334985],[-81.541751,29.335318],[-81.540649,29.335343],[-81.540657,29.335709],[-81.539909,29.33573]]]}},{"type":"Feature","id":"12127:372500000030","properties":{"id":"12127:372500000030","parcelId":"372500000030","countyFips":"12127","countyName":"Volusia","state":"Florida","marketIds":["Melbourne"],"situsAddress":"2185 NELSON AVE","situsCity":"SEVILLE","situsZip":"32190","jurisdictionCode":null,"ownerName":"SMITH JACKIE E S","ownerName2":null,"propertyName":null,"zoningCode":null,"zoningDistrict":null,"jurisdictionPrefix":null,"dorCode":"9900","acreage":32.8,"centroid":[-81.519232,29.340679],"lastSale":{"date":"1977-06-15","price":40000.0,"qualified":null},"tax":{"marketValue":147850.0,"assessedValue":147850.0,"taxableValue":147850.0,"taxes":null},"mailingAddress":{"line1":"PO BOX 128","line2":null,"city":"SEVILLE","state":"FL","zip":"32190"},"incomeTract":null,"incomeBlockGroup":null,"nearestRoad":null,"flu":null,"opportunityZone":null,"oz2Eligibility":null,"source":"fl-volusia-open-data-12127","gisViewerUrl":"https://vcpa.vcgov.org/search/map","appraiserUrl":"https://vcpa.vcgov.org/parcel/summary/?altkey=2000091"},"geometry":{"type":"Polygon","coordinates":[[[-81.520165,29.339669],[-81.518446,29.339715],[-81.517093,29.339751],[-81.517148,29.342654],[-81.521278,29.342647],[-81.521263,29.339639],[-81.520165,29.339669]]]}},{"type":"Feature","id":"12127:382000000181","properties":{"id":"12127:382000000181","parcelId":"382000000181","countyFips":"12127","countyName":"Volusia","state":"Florida","marketIds":["Melbourne"],"situsAddress":"2290 N US HIGHWAY 17 RD","situsCity":"SEVILLE","situsZip":"32190","jurisdictionCode":null,"ownerName":"REGISTER JAMES M","ownerName2":null,"propertyName":null,"zoningCode":null,"zoningDistrict":null,"jurisdictionPrefix":null,"dorCode":"6100","acreage":32.0,"centroid":[-81.502599,29.345782],"lastSale":{"date":"2020-08-14","price":159200.0,"qualified":null},"tax":{"marketValue":250486.0,"assessedValue":22443.0,"taxableValue":22443.0,"taxes":null},"mailingAddress":{"line1":"PO BOX 310","line2":null,"city":"SEVILLE","state":"FL","zip":"32190"},"incomeTract":null,"incomeBlockGroup":null,"nearestRoad":null,"flu":null,"opportunityZone":null,"oz2Eligibility":null,"source":"fl-volusia-open-data-12127","gisViewerUrl":"https://vcpa.vcgov.org/search/map","appraiserUrl":"https://vcpa.vcgov.org/parcel/summary/?altkey=4781498"},"geometry":{"type":"Polygon","coordinates":[[[-81.503186,29.343415],[-81.500512,29.343507],[-81.501721,29.348855],[-81.503437,29.348803],[-81.503387,29.346713],[-81.503352,29.343399],[-81.503186,29.343415]]]}},{"type":"Feature","id":"12127:383001000012","properties":{"id":"12127:383001000012","parcelId":"383001000012","countyFips":"12127","countyName":"Volusia","state":"Florida","marketIds":["Melbourne"],"situsAddress":"2224 MCBRIDE RD","situsCity":"SEVILLE","situsZip":"32190","jurisdictionCode":null,"ownerName":"HENRY MICAH W","ownerName2":null,"propertyName":null,"zoningCode":null,"zoningDistrict":null,"jurisdictionPrefix":null,"dorCode":"6900","acreage":31.19,"centroid":[-81.515185,29.343502],"lastSale":{"date":"2021-01-27","price":480000.0,"qualified":null},"tax":{"marketValue":347257.0,"assessedValue":183394.0,"taxableValue":183394.0,"taxes":null},"mailingAddress":{"line1":"2220 MCBRIDE RD","line2":null,"city":"SEVILLE","state":"FL","zip":"32190"},"incomeTract":null,"incomeBlockGroup":null,"nearestRoad":null,"flu":null,"opportunityZone":null,"oz2Eligibility":null,"source":"fl-volusia-open-data-12127","gisViewerUrl":"https://vcpa.vcgov.org/search/map","appraiserUrl":"https://vcpa.vcgov.org/parcel/summary/?altkey=6918180"},"geometry":{"type":"Polygon","coordinates":[[[-81.514447,29.342371],[-81.514446,29.342466],[-81.514445,29.343532],[-81.514943,29.344875],[-81.514877,29.345097],[-81.514882,29.345179],[-81.513737,29.345187],[-81.513744,29.346317],[-81.517234,29.346288],[-81.517148,29.342654],[-81.516146,29.342656],[-81.516137,29.342367],[-81.515677,29.342368],[-81.515493,29.341674],[-81.515161,29.341701],[-81.514448,29.341296],[-81.514447,29.342371]]]}},{"type":"Feature","id":"12127:373600000060","properties":{"id":"12127:373600000060","parcelId":"373600000060","countyFips":"12127","countyName":"Volusia","state":"Florida","marketIds":["Melbourne"],"situsAddress":"602 PURVIS RD","situsCity":"SEVILLE","situsZip":"32190","jurisdictionCode":null,"ownerName":"BENNETT TOMMIE J TR","ownerName2":null,"propertyName":null,"zoningCode":null,"zoningDistrict":null,"jurisdictionPrefix":null,"dorCode":"6200","acreage":31.0,"centroid":[-81.520326,29.331526],"lastSale":{"date":"2020-03-20","price":210000.0,"qualified":null},"tax":{"marketValue":248000.0,"assessedValue":2923.0,"taxableValue":2923.0,"taxes":null},"mailingAddress":{"line1":"PO BOX 202","line2":null,"city":"SEVILLE","state":"FL","zip":"32190"},"incomeTract":null,"incomeBlockGroup":null,"nearestRoad":null,"flu":null,"opportunityZone":null,"oz2Eligibility":null,"source":"fl-volusia-open-data-12127","gisViewerUrl":"https://vcpa.vcgov.org/search/map","appraiserUrl":"https://vcpa.vcgov.org/parcel/summary/?altkey=2000490"},"geometry":{"type":"Polygon","coordinates":[[[-81.519049,29.333659],[-81.519088,29.335209],[-81.519089,29.335278],[-81.519225,29.335275],[-81.519135,29.331592],[-81.524069,29.33152],[-81.524013,29.327926],[-81.523237,29.327948],[-81.52327,29.330087],[-81.521514,29.330137],[-81.521499,29.329485],[-81.51894,29.329526],[-81.518961,29.329935],[-81.519015,29.329939],[-81.519028,29.331593],[-81.51882,29.331597],[-81.518882,29.333379],[-81.519043,29.333377],[-81.519049,29.333659]]]}},{"type":"Feature","id":"12127:470100000030","properties":{"id":"12127:470100000030","parcelId":"470100000030","countyFips":"12127","countyName":"Volusia","state":"Florida","marketIds":["Melbourne"],"situsAddress":"NO STREET","situsCity":"COUNTY","situsZip":"32180","jurisdictionCode":null,"ownerName":"COUNTY OF VOLUSIA","ownerName2":null,"propertyName":null,"zoningCode":null,"zoningDistrict":null,"jurisdictionPrefix":null,"dorCode":"8000","acreage":30.82,"centroid":[-81.531122,29.308276],"lastSale":{"date":"2003-06-04","price":52800.0,"qualified":null},"tax":{"marketValue":15470.0,"assessedValue":15470.0,"taxableValue":null,"taxes":null},"mailingAddress":{"line1":"123 W INDIANA AVE","line2":null,"city":"DELAND","state":"FL","zip":"32720"},"incomeTract":null,"incomeBlockGroup":null,"nearestRoad":null,"flu":null,"opportunityZone":null,"oz2Eligibility":null,"source":"fl-volusia-open-data-12127","gisViewerUrl":"https://vcpa.vcgov.org/search/map","appraiserUrl":"https://vcpa.vcgov.org/parcel/summary/?altkey=2000651"},"geometry":{"type":"Polygon","coordinates":[[[-81.529039,29.306892],[-81.529095,29.309708],[-81.533186,29.309661],[-81.533167,29.306841],[-81.529039,29.306892]]]}},{"type":"Feature","id":"12127:383100000030","properties":{"id":"12127:383100000030","parcelId":"383100000030","countyFips":"12127","countyName":"Volusia","state":"Florida","marketIds":["Melbourne"],"situsAddress":"1970 MCBRIDE RD","situsCity":"SEVILLE","situsZip":"32190","jurisdictionCode":null,"ownerName":"ABENOJAR REGALO ABENES","ownerName2":null,"propertyName":null,"zoningCode":null,"zoningDistrict":null,"jurisdictionPrefix":null,"dorCode":"9900","acreage":30.5,"centroid":[-81.50922,29.326673],"lastSale":{"date":"2002-10-15","price":10.0,"qualified":null},"tax":{"marketValue":350067.0,"assessedValue":349534.0,"taxableValue":349534.0,"taxes":null},"mailingAddress":{"line1":"PO BOX 105","line2":null,"city":"SEVILLE","state":"FL","zip":"32190"},"incomeTract":null,"incomeBlockGroup":null,"nearestRoad":null,"flu":null,"opportunityZone":null,"oz2Eligibility":null,"source":"fl-volusia-open-data-12127","gisViewerUrl":"https://vcpa.vcgov.org/search/map","appraiserUrl":"https://vcpa.vcgov.org/parcel/summary/?altkey=2004517"},"geometry":{"type":"Polygon","coordinates":[[[-81.508735,29.325779],[-81.508723,29.326877],[-81.507669,29.326912],[-81.507412,29.327218],[-81.507429,29.328201],[-81.512674,29.328046],[-81.51261,29.325621],[-81.508993,29.325712],[-81.508736,29.325695],[-81.508735,29.325779]]]}},{"type":"Feature","id":"12127:373600000070","properties":{"id":"12127:373600000070","parcelId":"373600000070","countyFips":"12127","countyName":"Volusia","state":"Florida","marketIds":["Melbourne"],"situsAddress":"720 PURVIS RD","situsCity":"SEVILLE","situsZip":"32190","jurisdictionCode":null,"ownerName":"BOWER & PALMETTO LLC","ownerName2":null,"propertyName":null,"zoningCode":null,"zoningDistrict":null,"jurisdictionPrefix":null,"dorCode":"9900","acreage":30.0,"centroid":[-81.522154,29.326345],"lastSale":{"date":"2025-08-01","price":100.0,"qualified":"01"},"tax":{"marketValue":260102.0,"assessedValue":23789.0,"taxableValue":23789.0,"taxes":null},"mailingAddress":{"line1":"7910 4TH ST N STE 17111","line2":null,"city":"ST PETERSBURG","state":"FL","zip":"33702"},"incomeTract":null,"incomeBlockGroup":null,"nearestRoad":null,"flu":null,"opportunityZone":null,"oz2Eligibility":null,"source":"fl-volusia-open-data-12127","gisViewerUrl":"https://vcpa.vcgov.org/search/map","appraiserUrl":"https://vcpa.vcgov.org/parcel/summary/?altkey=2000503"},"geometry":{"type":"Polygon","coordinates":[[[-81.520851,29.324299],[-81.52096,29.327245],[-81.520988,29.328012],[-81.524013,29.327926],[-81.523956,29.324243],[-81.520851,29.324299]]]}},{"type":"Feature","id":"12127:482002000240","properties":{"id":"12127:482002000240","parcelId":"482002000240","countyFips":"12127","countyName":"Volusia","state":"Florida","marketIds":["Melbourne"],"situsAddress":"760 OLD BUBBLY RD","situsCity":"PIERSON","situsZip":"32180","jurisdictionCode":null,"ownerName":"MATTHEWS BRUCE C","ownerName2":null,"propertyName":null,"zoningCode":null,"zoningDistrict":null,"jurisdictionPrefix":null,"dorCode":"0200","acreage":29.79,"centroid":[-81.504233,29.263295],"lastSale":{"date":"2018-03-13","price":38500.0,"qualified":null},"tax":{"marketValue":316944.0,"assessedValue":315551.0,"taxableValue":315551.0,"taxes":null},"mailingAddress":{"line1":"4801 SQUARE LAKE DR","line2":null,"city":"PALM BEACH GARDENS","state":"FL","zip":"33418"},"incomeTract":null,"incomeBlockGroup":null,"nearestRoad":null,"flu":null,"opportunityZone":null,"oz2Eligibility":null,"source":"fl-volusia-open-data-12127","gisViewerUrl":"https://vcpa.vcgov.org/search/map","appraiserUrl":"https://vcpa.vcgov.org/parcel/summary/?altkey=4921443"},"geometry":{"type":"Polygon","coordinates":[[[-81.502397,29.26204],[-81.502286,29.263023],[-81.50213,29.2644],[-81.50141,29.265253],[-81.505461,29.265128],[-81.505341,29.262344],[-81.507425,29.262283],[-81.50741,29.261886],[-81.502397,29.26204]]]}},{"type":"Feature","id":"12127:382900000075","properties":{"id":"12127:382900000075","parcelId":"382900000075","countyFips":"12127","countyName":"Volusia","state":"Florida","marketIds":["Melbourne"],"situsAddress":"MCBRIDE RD","situsCity":"SEVILLE","situsZip":"32190","jurisdictionCode":null,"ownerName":"WM F PUCKETT INC","ownerName2":null,"propertyName":null,"zoningCode":null,"zoningDistrict":null,"jurisdictionPrefix":null,"dorCode":"6900","acreage":29.0,"centroid":[-81.501613,29.341022],"lastSale":{"date":"2018-12-19","price":100.0,"qualified":null},"tax":{"marketValue":206376.0,"assessedValue":85630.0,"taxableValue":85630.0,"taxes":null},"mailingAddress":{"line1":"PO BOX 298","line2":null,"city":"BARBERVILLE","state":"FL","zip":"32105"},"incomeTract":null,"incomeBlockGroup":null,"nearestRoad":null,"flu":null,"opportunityZone":null,"oz2Eligibility":null,"source":"fl-volusia-open-data-12127","gisViewerUrl":"https://vcpa.vcgov.org/search/map","appraiserUrl":"https://vcpa.vcgov.org/parcel/summary/?altkey=4952373"},"geometry":{"type":"MultiPolygon","coordinates":[[[[-81.501706,29.339857],[-81.501164,29.339873],[-81.499692,29.339917],[-81.500485,29.343389],[-81.50334,29.343285],[-81.503289,29.33981],[-81.501706,29.339857]]],[[[-81.499458,29.339908],[-81.499376,29.33991],[-81.499333,29.339911],[-81.499621,29.340399],[-81.499777,29.340772],[-81.499582,29.339905],[-81.499458,29.339908]]]]}},{"type":"Feature","id":"12127:472300000020","properties":{"id":"12127:472300000020","parcelId":"472300000020","countyFips":"12127","countyName":"Volusia","state":"Florida","marketIds":["Melbourne"],"situsAddress":"POWERLINE RD","situsCity":"PIERSON","situsZip":"32180","jurisdictionCode":null,"ownerName":"FORD FRANK A TR","ownerName2":null,"propertyName":null,"zoningCode":null,"zoningDistrict":null,"jurisdictionPrefix":null,"dorCode":"5600","acreage":28.24,"centroid":[-81.537504,29.263831],"lastSale":{"date":null,"price":null,"qualified":null},"tax":{"marketValue":327218.0,"assessedValue":4105.0,"taxableValue":4105.0,"taxes":null},"mailingAddress":{"line1":"PO BOX 457","line2":null,"city":"DELAND","state":"FL","zip":"32721"},"incomeTract":null,"incomeBlockGroup":null,"nearestRoad":null,"flu":null,"opportunityZone":null,"oz2Eligibility":null,"source":"fl-volusia-open-data-12127","gisViewerUrl":"https://vcpa.vcgov.org/search/map","appraiserUrl":"https://vcpa.vcgov.org/parcel/summary/?altkey=2001186"},"geometry":{"type":"MultiPolygon","coordinates":[[[[-81.535885,29.263443],[-81.535887,29.263511],[-81.535952,29.26524],[-81.53966,29.265151],[-81.539612,29.265105],[-81.539536,29.264972],[-81.539339,29.26481],[-81.538689,29.264169],[-81.538503,29.264051],[-81.537821,29.26354],[-81.537266,29.263284],[-81.537099,29.263163],[-81.536672,29.26293],[-81.536311,29.26279],[-81.535989,29.262601],[-81.535851,29.262542],[-81.535885,29.263443]]],[[[-81.540158,29.266929],[-81.540158,29.266932],[-81.540225,29.268744],[-81.543012,29.268672],[-81.542986,29.268584],[-81.542782,29.268224],[-81.542617,29.268131],[-81.542349,29.267844],[-81.542171,29.267711],[-81.542146,29.267645],[-81.542018,29.267501],[-81.541815,29.267375],[-81.541687,29.267148],[-81.541654,29.266982],[-81.541646,29.266688],[-81.541538,29.26661],[-81.541462,29.266522],[-81.541455,29.266433],[-81.541309,29.266401],[-81.541215,29.266423],[-81.540986,29.266369],[-81.540688,29.266226],[-81.540205,29.265796],[-81.54011,29.265641],[-81.540158,29.266929]]]]}},{"type":"Feature","id":"12127:383100000161","properties":{"id":"12127:383100000161","parcelId":"383100000161","countyFips":"12127","countyName":"Volusia","state":"Florida","marketIds":["Melbourne"],"situsAddress":"LAKE GEORGE RD","situsCity":"SEVILLE","situsZip":"32190","jurisdictionCode":null,"ownerName":"COUNTY OF VOLUSIA","ownerName2":null,"propertyName":null,"zoningCode":null,"zoningDistrict":null,"jurisdictionPrefix":null,"dorCode":"8000","acreage":26.3,"centroid":[-81.514775,29.318571],"lastSale":{"date":"2008-03-18","price":300000.0,"qualified":null},"tax":{"marketValue":341220.0,"assessedValue":341220.0,"taxableValue":null,"taxes":null},"mailingAddress":{"line1":"123 W INDIANA AVE","line2":null,"city":"DELAND","state":"FL","zip":"32720"},"incomeTract":null,"incomeBlockGroup":null,"nearestRoad":null,"flu":null,"opportunityZone":null,"oz2Eligibility":null,"source":"fl-volusia-open-data-12127","gisViewerUrl":"https://vcpa.vcgov.org/search/map","appraiserUrl":"https://vcpa.vcgov.org/parcel/summary/?altkey=2004703"},"geometry":{"type":"MultiPolygon","coordinates":[[[[-81.514065,29.31719],[-81.514066,29.317246],[-81.514066,29.31728],[-81.515109,29.317372],[-81.516704,29.317675],[-81.516689,29.317113],[-81.514065,29.31719]]],[[[-81.513956,29.317696],[-81.513957,29.317847],[-81.513972,29.320903],[-81.516635,29.32089],[-81.516558,29.317873],[-81.514393,29.317424],[-81.513955,29.317366],[-81.513956,29.317696]]]]}},{"type":"Feature","id":"12127:383100000162","properties":{"id":"12127:383100000162","parcelId":"383100000162","countyFips":"12127","countyName":"Volusia","state":"Florida","marketIds":["Melbourne"],"situsAddress":"550 LAKE GEORGE RD","situsCity":"SEVILLE","situsZip":"32190","jurisdictionCode":null,"ownerName":"TAYLOR WILLIAM KEITH","ownerName2":null,"propertyName":null,"zoningCode":null,"zoningDistrict":null,"jurisdictionPrefix":null,"dorCode":"9900","acreage":26.3,"centroid":[-81.512249,29.3185],"lastSale":{"date":"2006-10-27","price":280000.0,"qualified":null},"tax":{"marketValue":154450.0,"assessedValue":154450.0,"taxableValue":154450.0,"taxes":null},"mailingAddress":{"line1":"1231 TALL PINES DR","line2":null,"city":"OSTEEN","state":"FL","zip":"32764"},"incomeTract":null,"incomeBlockGroup":null,"nearestRoad":null,"flu":null,"opportunityZone":null,"oz2Eligibility":null,"source":"fl-volusia-open-data-12127","gisViewerUrl":"https://vcpa.vcgov.org/search/map","appraiserUrl":"https://vcpa.vcgov.org/parcel/summary/?altkey=6701555"},"geometry":{"type":"MultiPolygon","coordinates":[[[[-81.513693,29.317201],[-81.513114,29.317218],[-81.514066,29.31728],[-81.514065,29.31719],[-81.513693,29.317201]]],[[[-81.511613,29.317275],[-81.511606,29.317275],[-81.511222,29.317288],[-81.51124,29.31967],[-81.511269,29.320916],[-81.513972,29.320903],[-81.513955,29.317366],[-81.513112,29.317305],[-81.511613,29.317275]]]]}},{"type":"Feature","id":"12127:372600000030","properties":{"id":"12127:372600000030","parcelId":"372600000030","countyFips":"12127","countyName":"Volusia","state":"Florida","marketIds":["Melbourne"],"situsAddress":"JOE PITTMAN RD","situsCity":"SEVILLE","situsZip":"32190","jurisdictionCode":null,"ownerName":"ST JOHNS RIVER WATER MANAGEMENT DIST","ownerName2":null,"propertyName":null,"zoningCode":null,"zoningDistrict":null,"jurisdictionPrefix":null,"dorCode":"8000","acreage":26.22,"centroid":[-81.547989,29.333148],"lastSale":{"date":"1990-03-15","price":2063600.0,"qualified":null},"tax":{"marketValue":40162.0,"assessedValue":40162.0,"taxableValue":null,"taxes":null},"mailingAddress":{"line1":"4049 REID ST","line2":"PO BOX 1429","city":"PALATKA","state":"FL","zip":"32178"},"incomeTract":null,"incomeBlockGroup":null,"nearestRoad":null,"flu":null,"opportunityZone":null,"oz2Eligibility":null,"source":"fl-volusia-open-data-12127","gisViewerUrl":"https://vcpa.vcgov.org/search/map","appraiserUrl":"https://vcpa.vcgov.org/parcel/summary/?altkey=2000309"},"geometry":{"type":"Polygon","coordinates":[[[-81.54618,29.334308],[-81.546188,29.33477],[-81.550371,29.334688],[-81.550315,29.331159],[-81.550017,29.331165],[-81.546707,29.333607],[-81.546145,29.332336],[-81.54618,29.334308]]]}},{"type":"Feature","id":"12127:374000000012","properties":{"id":"12127:374000000012","parcelId":"374000000012","countyFips":"12127","countyName":"Volusia","state":"Florida","marketIds":["Melbourne"],"situsAddress":"LAKE GEORGE RD","situsCity":"SEVILLE","situsZip":"32190","jurisdictionCode":null,"ownerName":"ST JOHNS RIVER WATER MANAGEMENT DIST","ownerName2":null,"propertyName":null,"zoningCode":null,"zoningDistrict":null,"jurisdictionPrefix":null,"dorCode":"8000","acreage":25.75,"centroid":[-81.548912,29.318457],"lastSale":{"date":"1991-01-15","price":100.0,"qualified":null},"tax":{"marketValue":12947.0,"assessedValue":12947.0,"taxableValue":null,"taxes":null},"mailingAddress":{"line1":"4049 REID ST","line2":"PO BOX 1429","city":"PALATKA","state":"FL","zip":"32178"},"incomeTract":null,"incomeBlockGroup":null,"nearestRoad":null,"flu":null,"opportunityZone":null,"oz2Eligibility":null,"source":"fl-volusia-open-data-12127","gisViewerUrl":"https://vcpa.vcgov.org/search/map","appraiserUrl":"https://vcpa.vcgov.org/parcel/summary/?altkey=4855301"},"geometry":{"type":"Polygon","coordinates":[[[-81.544996,29.317861],[-81.546803,29.318685],[-81.546568,29.319173],[-81.547969,29.320073],[-81.548145,29.320284],[-81.551191,29.318897],[-81.550999,29.318424],[-81.55086,29.318161],[-81.550603,29.318002],[-81.550491,29.317963],[-81.550424,29.317883],[-81.550406,29.317778],[-81.55018,29.317615],[-81.54513,29.317599],[-81.544996,29.317861]]]}},{"type":"Feature","id":"12127:381800000030","properties":{"id":"12127:381800000030","parcelId":"381800000030","countyFips":"12127","countyName":"Volusia","state":"Florida","marketIds":["Melbourne"],"situsAddress":"150 KING CT","situsCity":"SEVILLE","situsZip":"32190","jurisdictionCode":null,"ownerName":"REGISTER MICHAEL A","ownerName2":null,"propertyName":null,"zoningCode":null,"zoningDistrict":null,"jurisdictionPrefix":null,"dorCode":"6900","acreage":25.32,"centroid":[-81.513361,29.361733],"lastSale":{"date":"1992-08-15","price":114500.0,"qualified":null},"tax":{"marketValue":120837.0,"assessedValue":15323.0,"taxableValue":15323.0,"taxes":null},"mailingAddress":{"line1":"PO BOX 166","line2":null,"city":"SEVILLE","state":"FL","zip":"32190"},"incomeTract":null,"incomeBlockGroup":null,"nearestRoad":null,"flu":null,"opportunityZone":null,"oz2Eligibility":null,"source":"fl-volusia-open-data-12127","gisViewerUrl":"https://vcpa.vcgov.org/search/map","appraiserUrl":"https://vcpa.vcgov.org/parcel/summary/?altkey=2003014"},"geometry":{"type":"Polygon","coordinates":[[[-81.508017,29.363718],[-81.508094,29.363875],[-81.50829,29.364277],[-81.512178,29.363207],[-81.518249,29.361643],[-81.517878,29.360869],[-81.516371,29.360917],[-81.516276,29.361025],[-81.516028,29.361156],[-81.515876,29.361161],[-81.515578,29.361271],[-81.515464,29.361286],[-81.515365,29.361334],[-81.515208,29.361505],[-81.51511,29.361575],[-81.514948,29.361636],[-81.514672,29.361701],[-81.514518,29.36164],[-81.514289,29.361615],[-81.514134,29.361532],[-81.513918,29.361507],[-81.513803,29.361466],[-81.513706,29.361282],[-81.513594,29.361137],[-81.512946,29.361876],[-81.51093,29.361978],[-81.509201,29.362027],[-81.509201,29.361427],[-81.509046,29.361154],[-81.507951,29.361189],[-81.508017,29.363718]]]}},{"type":"Feature","id":"12127:471200000010","properties":{"id":"12127:471200000010","parcelId":"471200000010","countyFips":"12127","countyName":"Volusia","state":"Florida","marketIds":["Melbourne"],"situsAddress":"1089 WILLOW COVE RD","situsCity":"PIERSON","situsZip":"32180","jurisdictionCode":null,"ownerName":"CANNON OLIN MARSHALL","ownerName2":null,"propertyName":null,"zoningCode":null,"zoningDistrict":null,"jurisdictionPrefix":null,"dorCode":"6800","acreage":25.05,"centroid":[-81.530388,29.288992],"lastSale":{"date":"2020-06-22","price":650000.0,"qualified":null},"tax":{"marketValue":404774.0,"assessedValue":265341.0,"taxableValue":265341.0,"taxes":null},"mailingAddress":{"line1":"PO BOX 121","line2":null,"city":"PIERSON","state":"FL","zip":"32180"},"incomeTract":null,"incomeBlockGroup":null,"nearestRoad":null,"flu":null,"opportunityZone":null,"oz2Eligibility":null,"source":"fl-volusia-open-data-12127","gisViewerUrl":"https://vcpa.vcgov.org/search/map","appraiserUrl":"https://vcpa.vcgov.org/parcel/summary/?altkey=2001143"},"geometry":{"type":"Polygon","coordinates":[[[-81.532085,29.290709],[-81.532092,29.290705],[-81.53215,29.29067],[-81.532304,29.290634],[-81.532412,29.290523],[-81.532471,29.290392],[-81.532427,29.290283],[-81.532481,29.290108],[-81.532488,29.289966],[-81.532524,29.289927],[-81.532611,29.289958],[-81.53264,29.289405],[-81.532595,29.289233],[-81.532577,29.287274],[-81.528136,29.287415],[-81.528505,29.289211],[-81.532049,29.289224],[-81.532085,29.290709]]]}},{"type":"Feature","id":"12127:383100000140","properties":{"id":"12127:383100000140","parcelId":"383100000140","countyFips":"12127","countyName":"Volusia","state":"Florida","marketIds":["Melbourne"],"situsAddress":"2004 MCBRIDE RD","situsCity":"SEVILLE","situsZip":"32190","jurisdictionCode":null,"ownerName":"REESE ANDRE D K","ownerName2":null,"propertyName":null,"zoningCode":null,"zoningDistrict":null,"jurisdictionPrefix":null,"dorCode":"6800","acreage":24.2,"centroid":[-81.513093,29.324133],"lastSale":{"date":"2017-03-16","price":100.0,"qualified":null},"tax":{"marketValue":87982.0,"assessedValue":34427.0,"taxableValue":34427.0,"taxes":null},"mailingAddress":{"line1":"1335 N RIDGEWOOD AVE","line2":null,"city":"DELAND","state":"FL","zip":"32720"},"incomeTract":null,"incomeBlockGroup":null,"nearestRoad":null,"flu":null,"opportunityZone":null,"oz2Eligibility":null,"source":"fl-volusia-open-data-12127","gisViewerUrl":"https://vcpa.vcgov.org/search/map","appraiserUrl":"https://vcpa.vcgov.org/parcel/summary/?altkey=2004673"},"geometry":{"type":"Polygon","coordinates":[[[-81.512599,29.325514],[-81.512661,29.325513],[-81.512631,29.324489],[-81.516727,29.324374],[-81.516722,29.32265],[-81.511321,29.322676],[-81.511348,29.323572],[-81.512164,29.323561],[-81.512192,29.324495],[-81.512568,29.32449],[-81.512599,29.325514]]]}},{"type":"Feature","id":"12127:474200000016","properties":{"id":"12127:474200000016","parcelId":"474200000016","countyFips":"12127","countyName":"Volusia","state":"Florida","marketIds":["Melbourne"],"situsAddress":"1550 LAKE GEORGE RD","situsCity":"SEVILLE","situsZip":"32190","jurisdictionCode":null,"ownerName":"NU-TOUCH PROPERTIES LLC","ownerName2":null,"propertyName":null,"zoningCode":null,"zoningDistrict":null,"jurisdictionPrefix":null,"dorCode":"5500","acreage":24.0,"centroid":[-81.546811,29.31452],"lastSale":{"date":"2004-07-28","price":618000.0,"qualified":null},"tax":{"marketValue":468911.0,"assessedValue":221580.0,"taxableValue":221580.0,"taxes":null},"mailingAddress":{"line1":"1024 FLORIDA AVENUE S","line2":null,"city":"ROCKLEDGE","state":"FL","zip":"32955"},"incomeTract":null,"incomeBlockGroup":null,"nearestRoad":null,"flu":null,"opportunityZone":null,"oz2Eligibility":null,"source":"fl-volusia-open-data-12127","gisViewerUrl":"https://vcpa.vcgov.org/search/map","appraiserUrl":"https://vcpa.vcgov.org/parcel/summary/?altkey=2001330"},"geometry":{"type":"Polygon","coordinates":[[[-81.545328,29.316808],[-81.549044,29.316794],[-81.549012,29.316738],[-81.548811,29.316553],[-81.548379,29.315882],[-81.548308,29.3158],[-81.54827,29.315191],[-81.548198,29.315039],[-81.548115,29.314983],[-81.54805,29.314683],[-81.547882,29.314633],[-81.547822,29.314574],[-81.547733,29.314399],[-81.547739,29.314215],[-81.54764,29.314117],[-81.547413,29.313993],[-81.547318,29.3138],[-81.547143,29.313615],[-81.547117,29.313572],[-81.547115,29.313438],[-81.547056,29.313358],[-81.547047,29.313296],[-81.547002,29.313212],[-81.54693,29.313133],[-81.546878,29.312935],[-81.546822,29.312872],[-81.546762,29.312646],[-81.545854,29.312729],[-81.544888,29.312534],[-81.54483,29.313181],[-81.544793,29.313403],[-81.544774,29.313971],[-81.544807,29.314622],[-81.544901,29.315226],[-81.544973,29.315513],[-81.545067,29.315819],[-81.545204,29.316099],[-81.545276,29.3163],[-81.545323,29.316609],[-81.545328,29.316808]]]}},{"type":"Feature","id":"12127:383205010010","properties":{"id":"12127:383205010010","parcelId":"383205010010","countyFips":"12127","countyName":"Volusia","state":"Florida","marketIds":["Melbourne"],"situsAddress":"MCBRIDE RD","situsCity":"PIERSON","situsZip":"32190","jurisdictionCode":null,"ownerName":"HAGSTROM RICHARD E","ownerName2":null,"propertyName":null,"zoningCode":null,"zoningDistrict":null,"jurisdictionPrefix":null,"dorCode":"6900","acreage":23.0,"centroid":[-81.505154,29.322656],"lastSale":{"date":"2017-10-20","price":125000.0,"qualified":null},"tax":{"marketValue":184000.0,"assessedValue":33730.0,"taxableValue":33730.0,"taxes":null},"mailingAddress":{"line1":"PO BOX 95","line2":null,"city":"PIERSON","state":"FL","zip":"32180"},"incomeTract":null,"incomeBlockGroup":null,"nearestRoad":null,"flu":null,"opportunityZone":null,"oz2Eligibility":null,"source":"fl-volusia-open-data-12127","gisViewerUrl":"https://vcpa.vcgov.org/search/map","appraiserUrl":"https://vcpa.vcgov.org/parcel/summary/?altkey=2006722"},"geometry":{"type":"Polygon","coordinates":[[[-81.503201,29.322529],[-81.503194,29.322529],[-81.50322,29.323737],[-81.506049,29.323671],[-81.5058,29.32343],[-81.505699,29.323295],[-81.505618,29.323092],[-81.505603,29.322878],[-81.505645,29.322671],[-81.505741,29.322542],[-81.505838,29.322475],[-81.506074,29.322381],[-81.506245,29.322284],[-81.506219,29.321118],[-81.503158,29.321204],[-81.503201,29.322529]]]}},{"type":"Feature","id":"12127:483202000570","properties":{"id":"12127:483202000570","parcelId":"483202000570","countyFips":"12127","countyName":"Volusia","state":"Florida","marketIds":["Melbourne"],"situsAddress":"520 CRITTER CROSSING","situsCity":"PIERSON","situsZip":"32180","jurisdictionCode":null,"ownerName":"MCMILLIN PAMELA","ownerName2":null,"propertyName":null,"zoningCode":null,"zoningDistrict":null,"jurisdictionPrefix":null,"dorCode":"0100","acreage":22.77,"centroid":[-81.510296,29.254969],"lastSale":{"date":"2015-10-29","price":100.0,"qualified":null},"tax":{"marketValue":326312.0,"assessedValue":176244.0,"taxableValue":151244.0,"taxes":null},"mailingAddress":{"line1":"520 CRITTER CROSSING","line2":null,"city":"PIERSON","state":"FL","zip":"32180"},"incomeTract":null,"incomeBlockGroup":null,"nearestRoad":null,"flu":null,"opportunityZone":null,"oz2Eligibility":null,"source":"fl-volusia-open-data-12127","gisViewerUrl":"https://vcpa.vcgov.org/search/map","appraiserUrl":"https://vcpa.vcgov.org/parcel/summary/?altkey=5086356"},"geometry":{"type":"Polygon","coordinates":[[[-81.510232,29.258527],[-81.511166,29.258501],[-81.512103,29.258475],[-81.510385,29.252033],[-81.509201,29.252054],[-81.509207,29.252603],[-81.509778,29.252588],[-81.510232,29.258527]]]}},{"type":"Feature","id":"12127:373500000030","properties":{"id":"12127:373500000030","parcelId":"373500000030","countyFips":"12127","countyName":"Volusia","state":"Florida","marketIds":["Melbourne"],"situsAddress":"LAKE GEORGE RD","situsCity":"SEVILLE","situsZip":"32190","jurisdictionCode":null,"ownerName":"ST JOHNS RIVER WATER MANAGEMENT DIST","ownerName2":null,"propertyName":null,"zoningCode":null,"zoningDistrict":null,"jurisdictionPrefix":null,"dorCode":"8000","acreage":21.97,"centroid":[-81.53551,29.317784],"lastSale":{"date":"1991-01-15","price":100.0,"qualified":null},"tax":{"marketValue":11657.0,"assessedValue":11657.0,"taxableValue":null,"taxes":null},"mailingAddress":{"line1":"4049 REID ST","line2":"PO BOX 1429","city":"PALATKA","state":"FL","zip":"32178"},"incomeTract":null,"incomeBlockGroup":null,"nearestRoad":null,"flu":null,"opportunityZone":null,"oz2Eligibility":null,"source":"fl-volusia-open-data-12127","gisViewerUrl":"https://vcpa.vcgov.org/search/map","appraiserUrl":"https://vcpa.vcgov.org/parcel/summary/?altkey=2000431"},"geometry":{"type":"Polygon","coordinates":[[[-81.533235,29.316904],[-81.533263,29.31873],[-81.537413,29.31867],[-81.538128,29.316833],[-81.533235,29.316904]]]}},{"type":"Feature","id":"12127:381901000021","properties":{"id":"12127:381901000021","parcelId":"381901000021","countyFips":"12127","countyName":"Volusia","state":"Florida","marketIds":["Melbourne"],"situsAddress":"195 REGISTER LN","situsCity":"SEVILLE","situsZip":"32190","jurisdictionCode":null,"ownerName":"REGISTER BARBARA K TR","ownerName2":null,"propertyName":null,"zoningCode":null,"zoningDistrict":null,"jurisdictionPrefix":null,"dorCode":"6900","acreage":21.5,"centroid":[-81.509061,29.357902],"lastSale":{"date":"1995-01-31","price":100.0,"qualified":null},"tax":{"marketValue":580079.0,"assessedValue":187692.0,"taxableValue":162692.0,"taxes":null},"mailingAddress":{"line1":"PO BOX 397","line2":null,"city":"SEVILLE","state":"FL","zip":"32190"},"incomeTract":null,"incomeBlockGroup":null,"nearestRoad":null,"flu":null,"opportunityZone":null,"oz2Eligibility":null,"source":"fl-volusia-open-data-12127","gisViewerUrl":"https://vcpa.vcgov.org/search/map","appraiserUrl":"https://vcpa.vcgov.org/parcel/summary/?altkey=2003073"},"geometry":{"type":"Polygon","coordinates":[[[-81.506114,29.359433],[-81.507242,29.359375],[-81.511884,29.359139],[-81.510973,29.358081],[-81.510756,29.358003],[-81.51042,29.357625],[-81.510225,29.357635],[-81.510154,29.357604],[-81.510153,29.357456],[-81.510062,29.357393],[-81.509973,29.357396],[-81.50978,29.357326],[-81.50968,29.35734],[-81.509618,29.357376],[-81.509497,29.357491],[-81.509461,29.357548],[-81.509308,29.357681],[-81.505166,29.357885],[-81.505285,29.358134],[-81.505472,29.358128],[-81.506114,29.359433]]]}},{"type":"Feature","id":"12127:383001000171","properties":{"id":"12127:383001000171","parcelId":"383001000171","countyFips":"12127","countyName":"Volusia","state":"Florida","marketIds":["Melbourne"],"situsAddress":"MCBRIDE RD","situsCity":"SEVILLE","situsZip":"32190","jurisdictionCode":null,"ownerName":"CADE DORIS DIANNE TR","ownerName2":null,"propertyName":null,"zoningCode":null,"zoningDistrict":null,"jurisdictionPrefix":null,"dorCode":"6300","acreage":21.4017,"centroid":[-81.510485,29.332387],"lastSale":{"date":"2025-06-06","price":100.0,"qualified":null},"tax":{"marketValue":179440.0,"assessedValue":2414.0,"taxableValue":2414.0,"taxes":null},"mailingAddress":{"line1":"PO BOX 305","line2":null,"city":"SEVILLE","state":"FL","zip":"32190"},"incomeTract":null,"incomeBlockGroup":null,"nearestRoad":null,"flu":null,"opportunityZone":null,"oz2Eligibility":null,"source":"fl-volusia-open-data-12127","gisViewerUrl":"https://vcpa.vcgov.org/search/map","appraiserUrl":"https://vcpa.vcgov.org/parcel/summary/?altkey=2004436"},"geometry":{"type":"Polygon","coordinates":[[[-81.509518,29.333648],[-81.509729,29.333645],[-81.512999,29.333599],[-81.512777,29.33277],[-81.512741,29.332567],[-81.512726,29.332239],[-81.51277,29.331704],[-81.510411,29.331749],[-81.510406,29.331163],[-81.508635,29.331197],[-81.508581,29.331143],[-81.508551,29.331273],[-81.509372,29.332106],[-81.508577,29.333514],[-81.509489,29.333495],[-81.509518,29.333648]]]}},{"type":"Feature","id":"12127:372500000060","properties":{"id":"12127:372500000060","parcelId":"372500000060","countyFips":"12127","countyName":"Volusia","state":"Florida","marketIds":["Melbourne"],"situsAddress":"600 JOE PITTMAN RD","situsCity":"SEVILLE","situsZip":"32190","jurisdictionCode":null,"ownerName":"SMITH JACKIE JR","ownerName2":null,"propertyName":null,"zoningCode":null,"zoningDistrict":null,"jurisdictionPrefix":null,"dorCode":"5300","acreage":21.0,"centroid":[-81.517893,29.337629],"lastSale":{"date":"2019-07-30","price":50000.0,"qualified":null},"tax":{"marketValue":349816.0,"assessedValue":85309.0,"taxableValue":85309.0,"taxes":null},"mailingAddress":{"line1":"600 JOE PITTMAN RD","line2":null,"city":"SEVILLE","state":"FL","zip":"32190"},"incomeTract":null,"incomeBlockGroup":null,"nearestRoad":null,"flu":null,"opportunityZone":null,"oz2Eligibility":null,"source":"fl-volusia-open-data-12127","gisViewerUrl":"https://vcpa.vcgov.org/search/map","appraiserUrl":"https://vcpa.vcgov.org/parcel/summary/?altkey=2000112"},"geometry":{"type":"Polygon","coordinates":[[[-81.517164,29.335316],[-81.517014,29.335319],[-81.517093,29.339751],[-81.517858,29.33973],[-81.517852,29.339024],[-81.51918,29.338986],[-81.519089,29.335278],[-81.517164,29.335316]]]}},{"type":"Feature","id":"12127:383100000200","properties":{"id":"12127:383100000200","parcelId":"383100000200","countyFips":"12127","countyName":"Volusia","state":"Florida","marketIds":["Melbourne"],"situsAddress":"1830 MCBRIDE RD","situsCity":"SEVILLE","situsZip":"32190","jurisdictionCode":null,"ownerName":"HARTLEY JACOB DREW","ownerName2":null,"propertyName":null,"zoningCode":null,"zoningDistrict":null,"jurisdictionPrefix":null,"dorCode":"5300","acreage":20.0,"centroid":[-81.506145,29.319714],"lastSale":{"date":"2018-01-19","price":100.0,"qualified":null},"tax":{"marketValue":207019.0,"assessedValue":48943.0,"taxableValue":23943.0,"taxes":null},"mailingAddress":{"line1":"1830 MCBRIDE RD","line2":null,"city":"SEVILLE","state":"FL","zip":"32190"},"incomeTract":null,"incomeBlockGroup":null,"nearestRoad":null,"flu":null,"opportunityZone":null,"oz2Eligibility":null,"source":"fl-volusia-open-data-12127","gisViewerUrl":"https://vcpa.vcgov.org/search/map","appraiserUrl":"https://vcpa.vcgov.org/parcel/summary/?altkey=2004754"},"geometry":{"type":"Polygon","coordinates":[[[-81.50685,29.319197],[-81.506279,29.319202],[-81.502992,29.319287],[-81.50303,29.321067],[-81.50712,29.320972],[-81.50709,29.319746],[-81.506955,29.319695],[-81.506838,29.319584],[-81.506788,29.319497],[-81.50678,29.319406],[-81.506871,29.319197],[-81.50685,29.319197]]]}},{"type":"Feature","id":"12127:470101001580","properties":{"id":"12127:470101001580","parcelId":"470101001580","countyFips":"12127","countyName":"Volusia","state":"Florida","marketIds":["Melbourne"],"situsAddress":"NINEMILE POINT RD","situsCity":"PIERSON","situsZip":"32180","jurisdictionCode":null,"ownerName":"FORD FRANK A JR","ownerName2":null,"propertyName":null,"zoningCode":null,"zoningDistrict":null,"jurisdictionPrefix":null,"dorCode":"5600","acreage":20.0,"centroid":[-81.520673,29.27437],"lastSale":{"date":"1985-12-15","price":100.0,"qualified":null},"tax":{"marketValue":120000.0,"assessedValue":2940.0,"taxableValue":2940.0,"taxes":null},"mailingAddress":{"line1":"PO BOX 457","line2":null,"city":"DELAND","state":"FL","zip":"32721"},"incomeTract":null,"incomeBlockGroup":null,"nearestRoad":null,"flu":null,"opportunityZone":null,"oz2Eligibility":null,"source":"fl-volusia-open-data-12127","gisViewerUrl":"https://vcpa.vcgov.org/search/map","appraiserUrl":"https://vcpa.vcgov.org/parcel/summary/?altkey=2000716"},"geometry":{"type":"Polygon","coordinates":[[[-81.519824,29.272917],[-81.519754,29.272919],[-81.519926,29.276605],[-81.522019,29.276548],[-81.521841,29.27286],[-81.519824,29.272917]]]}},{"type":"Feature","id":"12127:470101001590","properties":{"id":"12127:470101001590","parcelId":"470101001590","countyFips":"12127","countyName":"Volusia","state":"Florida","marketIds":["Melbourne"],"situsAddress":"640 NINEMILE POINT RD","situsCity":"PIERSON","situsZip":"32180","jurisdictionCode":null,"ownerName":"DAYTONA STATE COLLEGE INC","ownerName2":null,"propertyName":null,"zoningCode":null,"zoningDistrict":null,"jurisdictionPrefix":null,"dorCode":"8400","acreage":20.0,"centroid":[-81.518977,29.274416],"lastSale":{"date":null,"price":null,"qualified":null},"tax":{"marketValue":120000.0,"assessedValue":120000.0,"taxableValue":null,"taxes":null},"mailingAddress":{"line1":"PO BOX 2811","line2":null,"city":"DAYTONA BEACH","state":"FL","zip":"32120"},"incomeTract":null,"incomeBlockGroup":null,"nearestRoad":null,"flu":null,"opportunityZone":null,"oz2Eligibility":null,"source":"fl-volusia-open-data-12127","gisViewerUrl":"https://vcpa.vcgov.org/search/map","appraiserUrl":"https://vcpa.vcgov.org/parcel/summary/?altkey=2000724"},"geometry":{"type":"Polygon","coordinates":[[[-81.519686,29.27292],[-81.517677,29.272976],[-81.517841,29.276662],[-81.519926,29.276605],[-81.519754,29.272919],[-81.519686,29.27292]]]}},{"type":"Feature","id":"12127:470101001860","properties":{"id":"12127:470101001860","parcelId":"470101001860","countyFips":"12127","countyName":"Volusia","state":"Florida","marketIds":["Melbourne"],"situsAddress":"NINEMILE POINT RD","situsCity":"PIERSON","situsZip":"32180","jurisdictionCode":null,"ownerName":"FORD FRANK A JR","ownerName2":null,"propertyName":null,"zoningCode":null,"zoningDistrict":null,"jurisdictionPrefix":null,"dorCode":"5600","acreage":20.0,"centroid":[-81.52465,29.271311],"lastSale":{"date":"1985-12-15","price":100.0,"qualified":null},"tax":{"marketValue":120000.0,"assessedValue":2940.0,"taxableValue":2940.0,"taxes":null},"mailingAddress":{"line1":"PO BOX 457","line2":null,"city":"DELAND","state":"FL","zip":"32721"},"incomeTract":null,"incomeBlockGroup":null,"nearestRoad":null,"flu":null,"opportunityZone":null,"oz2Eligibility":null,"source":"fl-volusia-open-data-12127","gisViewerUrl":"https://vcpa.vcgov.org/search/map","appraiserUrl":"https://vcpa.vcgov.org/parcel/summary/?altkey=2000775"},"geometry":{"type":"Polygon","coordinates":[[[-81.52371,29.269167],[-81.523878,29.272727],[-81.523881,29.272804],[-81.525979,29.272745],[-81.525803,29.269113],[-81.52371,29.269167]]]}},{"type":"Feature","id":"12127:470101001880","properties":{"id":"12127:470101001880","parcelId":"470101001880","countyFips":"12127","countyName":"Volusia","state":"Florida","marketIds":["Melbourne"],"situsAddress":"675 NINEMILE POINT RD","situsCity":"PIERSON","situsZip":"32180","jurisdictionCode":null,"ownerName":"CAMPOS JAVIER","ownerName2":null,"propertyName":null,"zoningCode":null,"zoningDistrict":null,"jurisdictionPrefix":null,"dorCode":"0100","acreage":20.0,"centroid":[-81.520677,29.27046],"lastSale":{"date":"2022-11-17","price":100.0,"qualified":null},"tax":{"marketValue":839815.0,"assessedValue":785430.0,"taxableValue":760430.0,"taxes":null},"mailingAddress":{"line1":"675 NINEMILE POINT RD","line2":null,"city":"PIERSON","state":"FL","zip":"32180"},"incomeTract":null,"incomeBlockGroup":null,"nearestRoad":null,"flu":null,"opportunityZone":null,"oz2Eligibility":null,"source":"fl-volusia-open-data-12127","gisViewerUrl":"https://vcpa.vcgov.org/search/map","appraiserUrl":"https://vcpa.vcgov.org/parcel/summary/?altkey=2000805"},"geometry":{"type":"Polygon","coordinates":[[[-81.52156,29.269222],[-81.519657,29.26927],[-81.519584,29.269272],[-81.519754,29.272919],[-81.521841,29.27286],[-81.521664,29.269219],[-81.52156,29.269222]]]}},{"type":"Feature","id":"12127:470101001890","properties":{"id":"12127:470101001890","parcelId":"470101001890","countyFips":"12127","countyName":"Volusia","state":"Florida","marketIds":["Melbourne"],"situsAddress":"NINEMILE POINT RD","situsCity":"PIERSON","situsZip":"32180","jurisdictionCode":null,"ownerName":"MIDDLETON JANA K","ownerName2":null,"propertyName":null,"zoningCode":null,"zoningDistrict":null,"jurisdictionPrefix":null,"dorCode":"9900","acreage":20.0,"centroid":[-81.518809,29.270753],"lastSale":{"date":"2006-06-14","price":100.0,"qualified":null},"tax":{"marketValue":114000.0,"assessedValue":114000.0,"taxableValue":114000.0,"taxes":null},"mailingAddress":{"line1":"3151 SE 28TH AVE","line2":null,"city":"GAINESVILLE","state":"FL","zip":"32641"},"incomeTract":null,"incomeBlockGroup":null,"nearestRoad":null,"flu":null,"opportunityZone":null,"oz2Eligibility":null,"source":"fl-volusia-open-data-12127","gisViewerUrl":"https://vcpa.vcgov.org/search/map","appraiserUrl":"https://vcpa.vcgov.org/parcel/summary/?altkey=2000813"},"geometry":{"type":"Polygon","coordinates":[[[-81.519516,29.269274],[-81.517514,29.269325],[-81.517677,29.272976],[-81.519754,29.272919],[-81.519584,29.269272],[-81.519516,29.269274]]]}},{"type":"Feature","id":"12127:470101001900","properties":{"id":"12127:470101001900","parcelId":"470101001900","countyFips":"12127","countyName":"Volusia","state":"Florida","marketIds":["Melbourne"],"situsAddress":"NINEMILE POINT RD","situsCity":"PIERSON","situsZip":"32180","jurisdictionCode":null,"ownerName":"BILLUPS JERRY L","ownerName2":null,"propertyName":null,"zoningCode":null,"zoningDistrict":null,"jurisdictionPrefix":null,"dorCode":"5500","acreage":20.0,"centroid":[-81.516367,29.271347],"lastSale":{"date":"2017-12-29","price":63000.0,"qualified":null},"tax":{"marketValue":108000.0,"assessedValue":3848.0,"taxableValue":3848.0,"taxes":null},"mailingAddress":{"line1":"6516 COTTAGE LN","line2":null,"city":"ST CLOUD","state":"FL","zip":"34771"},"incomeTract":null,"incomeBlockGroup":null,"nearestRoad":null,"flu":null,"opportunityZone":null,"oz2Eligibility":null,"source":"fl-volusia-open-data-12127","gisViewerUrl":"https://vcpa.vcgov.org/search/map","appraiserUrl":"https://vcpa.vcgov.org/parcel/summary/?altkey=2000821"},"geometry":{"type":"Polygon","coordinates":[[[-81.515425,29.269412],[-81.515582,29.271955],[-81.515639,29.273065],[-81.517677,29.272976],[-81.517514,29.269325],[-81.515425,29.269412]]]}},{"type":"Feature","id":"12127:470101001940","properties":{"id":"12127:470101001940","parcelId":"470101001940","countyFips":"12127","countyName":"Volusia","state":"Florida","marketIds":["Melbourne"],"situsAddress":"507 NINEMILE POINT RD","situsCity":"PIERSON","situsZip":"32180","jurisdictionCode":null,"ownerName":"LOVETT GRACE P TR","ownerName2":null,"propertyName":null,"zoningCode":null,"zoningDistrict":null,"jurisdictionPrefix":null,"dorCode":"9900","acreage":20.0,"centroid":[-81.508893,29.271385],"lastSale":{"date":"2011-05-17","price":100.0,"qualified":null},"tax":{"marketValue":120000.0,"assessedValue":120000.0,"taxableValue":120000.0,"taxes":null},"mailingAddress":{"line1":"12345 NW MIAMI CT","line2":null,"city":"MIAMI","state":"FL","zip":"33168"},"incomeTract":null,"incomeBlockGroup":null,"nearestRoad":null,"flu":null,"opportunityZone":null,"oz2Eligibility":null,"source":"fl-volusia-open-data-12127","gisViewerUrl":"https://vcpa.vcgov.org/search/map","appraiserUrl":"https://vcpa.vcgov.org/parcel/summary/?altkey=2000856"},"geometry":{"type":"Polygon","coordinates":[[[-81.507766,29.269646],[-81.507991,29.273182],[-81.510015,29.273128],[-81.509798,29.269584],[-81.507766,29.269646]]]}},{"type":"Feature","id":"12127:470101000130","properties":{"id":"12127:470101000130","parcelId":"470101000130","countyFips":"12127","countyName":"Volusia","state":"Florida","marketIds":["Melbourne"],"situsAddress":"1450 TILLY BYRD RD","situsCity":"SEVILLE","situsZip":"32190","jurisdictionCode":null,"ownerName":"STRICKLAND R DALE","ownerName2":null,"propertyName":null,"zoningCode":null,"zoningDistrict":null,"jurisdictionPrefix":null,"dorCode":"6900","acreage":20.0,"centroid":[-81.507785,29.311782],"lastSale":{"date":"2026-08-19","price":100.0,"qualified":null},"tax":{"marketValue":276545.0,"assessedValue":159021.0,"taxableValue":159021.0,"taxes":null},"mailingAddress":{"line1":"1350 TILLY BIRD RD","line2":null,"city":"SEVILLE","state":"FL","zip":"32190"},"incomeTract":null,"incomeBlockGroup":null,"nearestRoad":null,"flu":null,"opportunityZone":null,"oz2Eligibility":null,"source":"fl-volusia-open-data-12127","gisViewerUrl":"https://vcpa.vcgov.org/search/map","appraiserUrl":"https://vcpa.vcgov.org/parcel/summary/?altkey=5486923"},"geometry":{"type":"Polygon","coordinates":[[[-81.506854,29.310391],[-81.506868,29.310899],[-81.50694,29.313677],[-81.509161,29.313583],[-81.509104,29.310359],[-81.506854,29.310391]]]}},{"type":"Feature","id":"12127:373600000041","properties":{"id":"12127:373600000041","parcelId":"373600000041","countyFips":"12127","countyName":"Volusia","state":"Florida","marketIds":["Melbourne"],"situsAddress":"675 LAKE GEORGE RD","situsCity":"SEVILLE","situsZip":"32190","jurisdictionCode":null,"ownerName":"ST JOHNS RIVER WATER MANAGEMENT DISTRICT","ownerName2":null,"propertyName":null,"zoningCode":null,"zoningDistrict":null,"jurisdictionPrefix":null,"dorCode":"8000","acreage":20.0,"centroid":[-81.524367,29.320255],"lastSale":{"date":"2024-10-17","price":210000.0,"qualified":"18"},"tax":{"marketValue":160000.0,"assessedValue":160000.0,"taxableValue":null,"taxes":null},"mailingAddress":{"line1":"4049 REID ST","line2":null,"city":"PALATKA","state":"FL","zip":"32177"},"incomeTract":null,"incomeBlockGroup":null,"nearestRoad":null,"flu":null,"opportunityZone":null,"oz2Eligibility":null,"source":"fl-volusia-open-data-12127","gisViewerUrl":"https://vcpa.vcgov.org/search/map","appraiserUrl":"https://vcpa.vcgov.org/parcel/summary/?altkey=8026610"},"geometry":{"type":"Polygon","coordinates":[[[-81.52389,29.32026],[-81.524556,29.320592],[-81.525017,29.320587],[-81.524957,29.316954],[-81.5208,29.317001],[-81.520829,29.318735],[-81.522199,29.319418],[-81.522195,29.318611],[-81.522442,29.318322],[-81.523475,29.317844],[-81.524402,29.317814],[-81.524645,29.318945],[-81.524421,29.318934],[-81.524223,29.319043],[-81.524171,29.31913],[-81.524171,29.31922],[-81.524246,29.319383],[-81.524381,29.319507],[-81.52389,29.32026]]]}},{"type":"Feature","id":"12127:372500000130","properties":{"id":"12127:372500000130","parcelId":"372500000130","countyFips":"12127","countyName":"Volusia","state":"Florida","marketIds":["Melbourne"],"situsAddress":"600 PURVIS RD","situsCity":"SEVILLE","situsZip":"32190","jurisdictionCode":null,"ownerName":"MILLS WARREN D JR","ownerName2":null,"propertyName":null,"zoningCode":null,"zoningDistrict":null,"jurisdictionPrefix":null,"dorCode":"6100","acreage":19.0,"centroid":[-81.519943,29.333127],"lastSale":{"date":"2012-07-13","price":85000.0,"qualified":null},"tax":{"marketValue":237134.0,"assessedValue":66722.0,"taxableValue":41722.0,"taxes":null},"mailingAddress":{"line1":"600 PURVIS RD","line2":null,"city":"SEVILLE","state":"FL","zip":"32190"},"incomeTract":null,"incomeBlockGroup":null,"nearestRoad":null,"flu":null,"opportunityZone":null,"oz2Eligibility":null,"source":"fl-volusia-open-data-12127","gisViewerUrl":"https://vcpa.vcgov.org/search/map","appraiserUrl":"https://vcpa.vcgov.org/parcel/summary/?altkey=2000198"},"geometry":{"type":"Polygon","coordinates":[[[-81.519135,29.331592],[-81.519144,29.331967],[-81.519225,29.335275],[-81.521146,29.335236],[-81.521064,29.331564],[-81.519135,29.331592]]]}},{"type":"Feature","id":"12127:470101000250","properties":{"id":"12127:470101000250","parcelId":"470101000250","countyFips":"12127","countyName":"Volusia","state":"Florida","marketIds":["Melbourne"],"situsAddress":"1350 TILLY BYRD RD","situsCity":"SEVILLE","situsZip":"32190","jurisdictionCode":null,"ownerName":"STRICKLAND RONALD DALE","ownerName2":null,"propertyName":null,"zoningCode":null,"zoningDistrict":null,"jurisdictionPrefix":null,"dorCode":"6900","acreage":19.0,"centroid":[-81.504808,29.306762],"lastSale":{"date":"2026-08-19","price":100.0,"qualified":null},"tax":{"marketValue":561830.0,"assessedValue":292171.0,"taxableValue":262171.0,"taxes":null},"mailingAddress":{"line1":"1350 TILLY BYRD RD","line2":null,"city":"SEVILLE","state":"FL","zip":"32190"},"incomeTract":null,"incomeBlockGroup":null,"nearestRoad":null,"flu":null,"opportunityZone":null,"oz2Eligibility":null,"source":"fl-volusia-open-data-12127","gisViewerUrl":"https://vcpa.vcgov.org/search/map","appraiserUrl":"https://vcpa.vcgov.org/parcel/summary/?altkey=2000708"},"geometry":{"type":"Polygon","coordinates":[[[-81.503903,29.306279],[-81.502607,29.306325],[-81.502655,29.308195],[-81.50697,29.308108],[-81.50693,29.306224],[-81.505447,29.306251],[-81.505452,29.306481],[-81.505399,29.306482],[-81.503908,29.306509],[-81.503903,29.306279]]]}},{"type":"Feature","id":"12127:470101001910","properties":{"id":"12127:470101001910","parcelId":"470101001910","countyFips":"12127","countyName":"Volusia","state":"Florida","marketIds":["Melbourne"],"situsAddress":"595 NINEMILE POINT RD","situsCity":"PIERSON","situsZip":"32180","jurisdictionCode":null,"ownerName":"SHARPTON TROY DOUGLAS","ownerName2":null,"propertyName":null,"zoningCode":null,"zoningDistrict":null,"jurisdictionPrefix":null,"dorCode":"5600","acreage":18.1,"centroid":[-81.514798,29.271368],"lastSale":{"date":"2022-04-24","price":175000.0,"qualified":null},"tax":{"marketValue":142538.0,"assessedValue":18117.0,"taxableValue":18117.0,"taxes":null},"mailingAddress":{"line1":"595 NINEMILE POINT RD","line2":null,"city":"PIERSON","state":"FL","zip":"32180"},"incomeTract":null,"incomeBlockGroup":null,"nearestRoad":null,"flu":null,"opportunityZone":null,"oz2Eligibility":null,"source":"fl-volusia-open-data-12127","gisViewerUrl":"https://vcpa.vcgov.org/search/map","appraiserUrl":"https://vcpa.vcgov.org/parcel/summary/?altkey=2000830"},"geometry":{"type":"Polygon","coordinates":[[[-81.513588,29.269469],[-81.513766,29.273027],[-81.515631,29.272977],[-81.515582,29.271955],[-81.515425,29.269412],[-81.513588,29.269469]]]}},{"type":"Feature","id":"12127:470101001920","properties":{"id":"12127:470101001920","parcelId":"470101001920","countyFips":"12127","countyName":"Volusia","state":"Florida","marketIds":["Melbourne"],"situsAddress":"585 NINEMILE POINT RD","situsCity":"PIERSON","situsZip":"32180","jurisdictionCode":null,"ownerName":"KELLY LINDEN S SR","ownerName2":null,"propertyName":null,"zoningCode":null,"zoningDistrict":null,"jurisdictionPrefix":null,"dorCode":"6100","acreage":18.1,"centroid":[-81.512727,29.271273],"lastSale":{"date":"2024-11-12","price":100.0,"qualified":"11"},"tax":{"marketValue":289952.0,"assessedValue":115487.0,"taxableValue":85487.0,"taxes":null},"mailingAddress":{"line1":"PO BOX 493","line2":null,"city":"PIERSON","state":"FL","zip":"32180"},"incomeTract":null,"incomeBlockGroup":null,"nearestRoad":null,"flu":null,"opportunityZone":null,"oz2Eligibility":null,"source":"fl-volusia-open-data-12127","gisViewerUrl":"https://vcpa.vcgov.org/search/map","appraiserUrl":"https://vcpa.vcgov.org/parcel/summary/?altkey=2000848"},"geometry":{"type":"Polygon","coordinates":[[[-81.511681,29.269519],[-81.511875,29.273078],[-81.513766,29.273027],[-81.513588,29.269469],[-81.511681,29.269519]]]}},{"type":"Feature","id":"12127:470101001620","properties":{"id":"12127:470101001620","parcelId":"470101001620","countyFips":"12127","countyName":"Volusia","state":"Florida","marketIds":["Melbourne"],"situsAddress":"580 NINEMILE POINT RD","situsCity":"PIERSON","situsZip":"32180","jurisdictionCode":null,"ownerName":"KELLY BRUCE W","ownerName2":null,"propertyName":null,"zoningCode":null,"zoningDistrict":null,"jurisdictionPrefix":null,"dorCode":"5600","acreage":18.0,"centroid":[-81.512916,29.275027],"lastSale":{"date":"2003-03-15","price":10.0,"qualified":null},"tax":{"marketValue":485224.0,"assessedValue":202222.0,"taxableValue":177222.0,"taxes":null},"mailingAddress":{"line1":"PO BOX 371","line2":null,"city":"PIERSON","state":"FL","zip":"32180"},"incomeTract":null,"incomeBlockGroup":null,"nearestRoad":null,"flu":null,"opportunityZone":null,"oz2Eligibility":null,"source":"fl-volusia-open-data-12127","gisViewerUrl":"https://vcpa.vcgov.org/search/map","appraiserUrl":"https://vcpa.vcgov.org/parcel/summary/?altkey=2000732"},"geometry":{"type":"Polygon","coordinates":[[[-81.511882,29.273216],[-81.512064,29.276886],[-81.513944,29.27684],[-81.513773,29.273164],[-81.511882,29.273216]]]}},{"type":"Feature","id":"12127:470101001630","properties":{"id":"12127:470101001630","parcelId":"470101001630","countyFips":"12127","countyName":"Volusia","state":"Florida","marketIds":["Melbourne"],"situsAddress":"NINEMILE POINT RD","situsCity":"PIERSON","situsZip":"32180","jurisdictionCode":null,"ownerName":"FORD FRANK A JR","ownerName2":null,"propertyName":null,"zoningCode":null,"zoningDistrict":null,"jurisdictionPrefix":null,"dorCode":"5600","acreage":18.0,"centroid":[-81.511043,29.275076],"lastSale":{"date":"1985-12-15","price":100.0,"qualified":null},"tax":{"marketValue":157500.0,"assessedValue":2646.0,"taxableValue":2646.0,"taxes":null},"mailingAddress":{"line1":"PO BOX 457","line2":null,"city":"DELAND","state":"FL","zip":"32721"},"incomeTract":null,"incomeBlockGroup":null,"nearestRoad":null,"flu":null,"opportunityZone":null,"oz2Eligibility":null,"source":"fl-volusia-open-data-12127","gisViewerUrl":"https://vcpa.vcgov.org/search/map","appraiserUrl":"https://vcpa.vcgov.org/parcel/summary/?altkey=2000741"},"geometry":{"type":"Polygon","coordinates":[[[-81.510023,29.273267],[-81.510204,29.276935],[-81.512064,29.276886],[-81.511882,29.273216],[-81.510023,29.273267]]]}},{"type":"Feature","id":"12127:383001000175","properties":{"id":"12127:383001000175","parcelId":"383001000175","countyFips":"12127","countyName":"Volusia","state":"Florida","marketIds":["Melbourne"],"situsAddress":"MCBRIDE RD","situsCity":"SEVILLE","situsZip":"32190","jurisdictionCode":null,"ownerName":"CADE JOHN P TR","ownerName2":null,"propertyName":null,"zoningCode":null,"zoningDistrict":null,"jurisdictionPrefix":null,"dorCode":"6300","acreage":17.3,"centroid":[-81.511531,29.334429],"lastSale":{"date":"2019-12-03","price":100.0,"qualified":null},"tax":{"marketValue":173000.0,"assessedValue":2959.0,"taxableValue":2959.0,"taxes":null},"mailingAddress":{"line1":"PO BOX 218","line2":null,"city":"SEVILLE","state":"FL","zip":"32190"},"incomeTract":null,"incomeBlockGroup":null,"nearestRoad":null,"flu":null,"opportunityZone":null,"oz2Eligibility":null,"source":"fl-volusia-open-data-12127","gisViewerUrl":"https://vcpa.vcgov.org/search/map","appraiserUrl":"https://vcpa.vcgov.org/parcel/summary/?altkey=8008471"},"geometry":{"type":"Polygon","coordinates":[[[-81.510114,29.33364],[-81.509729,29.333645],[-81.509518,29.333648],[-81.509861,29.3355],[-81.513369,29.335418],[-81.51337,29.335298],[-81.513285,29.334682],[-81.512999,29.333599],[-81.510114,29.33364]]]}},{"type":"Feature","id":"12127:381901000100","properties":{"id":"12127:381901000100","parcelId":"381901000100","countyFips":"12127","countyName":"Volusia","state":"Florida","marketIds":["Melbourne"],"situsAddress":"2240 MCBRIDE RD","situsCity":"SEVILLE","situsZip":"32190","jurisdictionCode":null,"ownerName":"HENRY MARVIN W","ownerName2":null,"propertyName":null,"zoningCode":null,"zoningDistrict":null,"jurisdictionPrefix":null,"dorCode":"6100","acreage":17.0,"centroid":[-81.51261,29.348514],"lastSale":{"date":"2015-03-13","price":100.0,"qualified":null},"tax":{"marketValue":362982.0,"assessedValue":130987.0,"taxableValue":105987.0,"taxes":null},"mailingAddress":{"line1":"PO BOX 424","line2":null,"city":"SEVILLE","state":"FL","zip":"32190"},"incomeTract":null,"incomeBlockGroup":null,"nearestRoad":null,"flu":null,"opportunityZone":null,"oz2Eligibility":null,"source":"fl-volusia-open-data-12127","gisViewerUrl":"https://vcpa.vcgov.org/search/map","appraiserUrl":"https://vcpa.vcgov.org/parcel/summary/?altkey=2003090"},"geometry":{"type":"Polygon","coordinates":[[[-81.512728,29.349411],[-81.5127,29.349433],[-81.512673,29.34951],[-81.512714,29.349606],[-81.512718,29.34967],[-81.512683,29.349824],[-81.517287,29.348406],[-81.517266,29.347635],[-81.511493,29.347031],[-81.511472,29.347092],[-81.511514,29.347185],[-81.511501,29.347327],[-81.511547,29.347493],[-81.51155,29.347616],[-81.511657,29.347662],[-81.511759,29.347653],[-81.511871,29.347683],[-81.512133,29.347832],[-81.512164,29.347916],[-81.512242,29.348001],[-81.512253,29.34805],[-81.512216,29.348101],[-81.512231,29.34816],[-81.512342,29.348295],[-81.512406,29.34845],[-81.512424,29.348479],[-81.512534,29.348538],[-81.512544,29.348584],[-81.512621,29.348618],[-81.512649,29.348665],[-81.512669,29.348728],[-81.512658,29.348818],[-81.512778,29.349031],[-81.51274,29.34923],[-81.512757,29.349309],[-81.512799,29.349326],[-81.51297,29.349281],[-81.512993,29.349307],[-81.513,29.349341],[-81.512963,29.349369],[-81.512802,29.349411],[-81.512728,29.349411]]]}},{"type":"Feature","id":"12127:471200000020","properties":{"id":"12127:471200000020","parcelId":"471200000020","countyFips":"12127","countyName":"Volusia","state":"Florida","marketIds":["Melbourne"],"situsAddress":"1099 WILLOW COVE RD","situsCity":"PIERSON","situsZip":"32180","jurisdictionCode":null,"ownerName":"CLIFTON CARMEN A","ownerName2":null,"propertyName":null,"zoningCode":null,"zoningDistrict":null,"jurisdictionPrefix":null,"dorCode":"6800","acreage":17.0,"centroid":[-81.53013,29.29082],"lastSale":{"date":"2001-04-15","price":180000.0,"qualified":null},"tax":{"marketValue":358483.0,"assessedValue":144313.0,"taxableValue":144313.0,"taxes":null},"mailingAddress":{"line1":"6575 SR 11","line2":null,"city":"DE LEON SPRINGS","state":"FL","zip":"32130"},"incomeTract":null,"incomeBlockGroup":null,"nearestRoad":null,"flu":null,"opportunityZone":null,"oz2Eligibility":null,"source":"fl-volusia-open-data-12127","gisViewerUrl":"https://vcpa.vcgov.org/search/map","appraiserUrl":"https://vcpa.vcgov.org/parcel/summary/?altkey=2001160"},"geometry":{"type":"Polygon","coordinates":[[[-81.528505,29.289211],[-81.529079,29.291949],[-81.529179,29.292428],[-81.529432,29.291906],[-81.529486,29.291826],[-81.529649,29.291675],[-81.52966,29.291576],[-81.529887,29.291309],[-81.52998,29.291117],[-81.530077,29.291077],[-81.530201,29.290918],[-81.530607,29.290678],[-81.530675,29.290667],[-81.530735,29.29068],[-81.53077,29.290704],[-81.530822,29.29079],[-81.530963,29.290714],[-81.531018,29.290709],[-81.531119,29.290769],[-81.531184,29.290849],[-81.531449,29.290941],[-81.531638,29.290896],[-81.531756,29.290896],[-81.531711,29.289234],[-81.528505,29.289211]]]}},{"type":"Feature","id":"12127:383001000013","properties":{"id":"12127:383001000013","parcelId":"383001000013","countyFips":"12127","countyName":"Volusia","state":"Florida","marketIds":["Melbourne"],"situsAddress":"MCBRIDE RD","situsCity":"SEVILLE","situsZip":"32190","jurisdictionCode":null,"ownerName":"HAGSTROM TREVER","ownerName2":null,"propertyName":null,"zoningCode":null,"zoningDistrict":null,"jurisdictionPrefix":null,"dorCode":"6900","acreage":16.98,"centroid":[-81.510701,29.343902],"lastSale":{"date":"2021-07-15","price":101600.0,"qualified":null},"tax":{"marketValue":81988.0,"assessedValue":23004.0,"taxableValue":23004.0,"taxes":null},"mailingAddress":{"line1":"695 BENNETT RD","line2":null,"city":"PIERSON","state":"FL","zip":"32180"},"incomeTract":null,"incomeBlockGroup":null,"nearestRoad":null,"flu":null,"opportunityZone":null,"oz2Eligibility":null,"source":"fl-volusia-open-data-12127","gisViewerUrl":"https://vcpa.vcgov.org/search/map","appraiserUrl":"https://vcpa.vcgov.org/parcel/summary/?altkey=6918422"},"geometry":{"type":"Polygon","coordinates":[[[-81.508414,29.344279],[-81.508439,29.344319],[-81.508539,29.344421],[-81.508641,29.344477],[-81.508753,29.344509],[-81.508869,29.344515],[-81.508983,29.344496],[-81.509091,29.344451],[-81.509286,29.344305],[-81.509449,29.344219],[-81.509622,29.344159],[-81.509803,29.344126],[-81.509987,29.344121],[-81.510169,29.344144],[-81.510625,29.344301],[-81.510867,29.344335],[-81.511081,29.344318],[-81.511855,29.344178],[-81.511993,29.344115],[-81.512064,29.344051],[-81.512118,29.34397],[-81.512149,29.343879],[-81.51216,29.343658],[-81.512189,29.343536],[-81.512243,29.343423],[-81.512322,29.343319],[-81.51248,29.343189],[-81.512603,29.343129],[-81.512777,29.343085],[-81.512967,29.343078],[-81.512995,29.342989],[-81.512259,29.342811],[-81.507338,29.342861],[-81.508414,29.344279]]]}},{"type":"Feature","id":"12127:480700000040","properties":{"id":"12127:480700000040","parcelId":"480700000040","countyFips":"12127","countyName":"Volusia","state":"Florida","marketIds":["Melbourne"],"situsAddress":"BELL FOUNTAINE AVE","situsCity":"PIERSON","situsZip":"32180","jurisdictionCode":null,"ownerName":"ST JOHNS RIVER WATER MANAGEMENT DIST","ownerName2":null,"propertyName":null,"zoningCode":null,"zoningDistrict":null,"jurisdictionPrefix":null,"dorCode":"8000","acreage":16.23,"centroid":[-81.511509,29.298865],"lastSale":{"date":"1990-03-15","price":5623400.0,"qualified":null},"tax":{"marketValue":11475.0,"assessedValue":11475.0,"taxableValue":null,"taxes":null},"mailingAddress":{"line1":"4049 REID ST","line2":"PO BOX 1429","city":"PALATKA","state":"FL","zip":"32178"},"incomeTract":null,"incomeBlockGroup":null,"nearestRoad":null,"flu":null,"opportunityZone":null,"oz2Eligibility":null,"source":"fl-volusia-open-data-12127","gisViewerUrl":"https://vcpa.vcgov.org/search/map","appraiserUrl":"https://vcpa.vcgov.org/parcel/summary/?altkey=2010215"},"geometry":{"type":"Polygon","coordinates":[[[-81.511172,29.297375],[-81.511174,29.297485],[-81.511276,29.302481],[-81.512811,29.302448],[-81.511113,29.294538],[-81.511172,29.297375]]]}},{"type":"Feature","id":"12127:381901000030","properties":{"id":"12127:381901000030","parcelId":"381901000030","countyFips":"12127","countyName":"Volusia","state":"Florida","marketIds":["Melbourne"],"situsAddress":"REGISTER LN","situsCity":"SEVILLE","situsZip":"32190","jurisdictionCode":null,"ownerName":"REGISTER JAMES W JR TR","ownerName2":null,"propertyName":null,"zoningCode":null,"zoningDistrict":null,"jurisdictionPrefix":null,"dorCode":"6900","acreage":16.0,"centroid":[-81.506883,29.356824],"lastSale":{"date":"1991-10-15","price":100.0,"qualified":null},"tax":{"marketValue":240507.0,"assessedValue":6090.0,"taxableValue":6090.0,"taxes":null},"mailingAddress":{"line1":"PO BOX 397","line2":null,"city":"SEVILLE","state":"FL","zip":"32190"},"incomeTract":null,"incomeBlockGroup":null,"nearestRoad":null,"flu":null,"opportunityZone":null,"oz2Eligibility":null,"source":"fl-volusia-open-data-12127","gisViewerUrl":"https://vcpa.vcgov.org/search/map","appraiserUrl":"https://vcpa.vcgov.org/parcel/summary/?altkey=2003081"},"geometry":{"type":"Polygon","coordinates":[[[-81.504896,29.357324],[-81.505029,29.3576],[-81.505166,29.357885],[-81.509022,29.357695],[-81.508642,29.35761],[-81.508626,29.357533],[-81.508558,29.357436],[-81.508441,29.357363],[-81.508323,29.357245],[-81.508167,29.357151],[-81.507912,29.356828],[-81.50777,29.356478],[-81.507602,29.355951],[-81.504746,29.356089],[-81.50369,29.354496],[-81.503538,29.354497],[-81.504896,29.357324]]]}},{"type":"Feature","id":"12127:383100000060","properties":{"id":"12127:383100000060","parcelId":"383100000060","countyFips":"12127","countyName":"Volusia","state":"Florida","marketIds":["Melbourne"],"situsAddress":"PURVIS RD","situsCity":"SEVILLE","situsZip":"32190","jurisdictionCode":null,"ownerName":"BENNETT TOMMIE J TR","ownerName2":null,"propertyName":null,"zoningCode":null,"zoningDistrict":null,"jurisdictionPrefix":null,"dorCode":"5300","acreage":16.0,"centroid":[-81.515883,29.330027],"lastSale":{"date":"2001-07-15","price":10.0,"qualified":null},"tax":{"marketValue":160000.0,"assessedValue":7600.0,"taxableValue":7600.0,"taxes":null},"mailingAddress":{"line1":"PO BOX 202","line2":null,"city":"SEVILLE","state":"FL","zip":"32190"},"incomeTract":null,"incomeBlockGroup":null,"nearestRoad":null,"flu":null,"opportunityZone":null,"oz2Eligibility":null,"source":"fl-volusia-open-data-12127","gisViewerUrl":"https://vcpa.vcgov.org/search/map","appraiserUrl":"https://vcpa.vcgov.org/parcel/summary/?altkey=2004584"},"geometry":{"type":"Polygon","coordinates":[[[-81.515245,29.330905],[-81.515266,29.331656],[-81.516917,29.331624],[-81.516821,29.327957],[-81.515164,29.327992],[-81.515245,29.330905]]]}},{"type":"Feature","id":"12127:383001000173","properties":{"id":"12127:383001000173","parcelId":"383001000173","countyFips":"12127","countyName":"Volusia","state":"Florida","marketIds":["Melbourne"],"situsAddress":"2136 MCBRIDE RD","situsCity":"SEVILLE","situsZip":"32190","jurisdictionCode":null,"ownerName":"RIVERS IRIS","ownerName2":null,"propertyName":null,"zoningCode":null,"zoningDistrict":null,"jurisdictionPrefix":null,"dorCode":"0100","acreage":15.88,"centroid":[-81.515355,29.334128],"lastSale":{"date":"2016-05-02","price":100.0,"qualified":null},"tax":{"marketValue":276529.0,"assessedValue":160433.0,"taxableValue":130433.0,"taxes":null},"mailingAddress":{"line1":"PO BOX 293","line2":null,"city":"SEVILLE","state":"FL","zip":"32190"},"incomeTract":null,"incomeBlockGroup":null,"nearestRoad":null,"flu":null,"opportunityZone":null,"oz2Eligibility":null,"source":"fl-volusia-open-data-12127","gisViewerUrl":"https://vcpa.vcgov.org/search/map","appraiserUrl":"https://vcpa.vcgov.org/parcel/summary/?altkey=2004452"},"geometry":{"type":"Polygon","coordinates":[[[-81.51577,29.333635],[-81.515714,29.333638],[-81.513174,29.333779],[-81.513501,29.335243],[-81.517012,29.335251],[-81.516959,29.333223],[-81.51577,29.333635]]]}},{"type":"Feature","id":"12127:483202000610","properties":{"id":"12127:483202000610","parcelId":"483202000610","countyFips":"12127","countyName":"Volusia","state":"Florida","marketIds":["Melbourne"],"situsAddress":"498 OLD BUBBLY RD","situsCity":"PIERSON","situsZip":"32180","jurisdictionCode":null,"ownerName":"HARTZOG HOMES LLC","ownerName2":null,"propertyName":null,"zoningCode":null,"zoningDistrict":null,"jurisdictionPrefix":null,"dorCode":"5600","acreage":15.85,"centroid":[-81.51413,29.257337],"lastSale":{"date":"2022-06-24","price":180000.0,"qualified":null},"tax":{"marketValue":71325.0,"assessedValue":2070.0,"taxableValue":2070.0,"taxes":null},"mailingAddress":{"line1":"142-38 37TH AVE #2B","line2":null,"city":"QUEENS","state":"NY","zip":"11354"},"incomeTract":null,"incomeBlockGroup":null,"nearestRoad":null,"flu":null,"opportunityZone":null,"oz2Eligibility":null,"source":"fl-volusia-open-data-12127","gisViewerUrl":"https://vcpa.vcgov.org/search/map","appraiserUrl":"https://vcpa.vcgov.org/parcel/summary/?altkey=5086399"},"geometry":{"type":"Polygon","coordinates":[[[-81.513976,29.25842],[-81.514947,29.258393],[-81.511339,29.251119],[-81.508703,29.25119],[-81.508609,29.251418],[-81.509194,29.251411],[-81.509195,29.251506],[-81.510934,29.251462],[-81.513976,29.25842]]]}},{"type":"Feature","id":"12127:383100000170","properties":{"id":"12127:383100000170","parcelId":"383100000170","countyFips":"12127","countyName":"Volusia","state":"Florida","marketIds":["Melbourne"],"situsAddress":"LAKE GEORGE RD","situsCity":"SEVILLE","situsZip":"32190","jurisdictionCode":null,"ownerName":"ST JOHNS RIVER WATER MANAGEMENT DIST","ownerName2":null,"propertyName":null,"zoningCode":null,"zoningDistrict":null,"jurisdictionPrefix":null,"dorCode":"8000","acreage":15.71,"centroid":[-81.5137,29.321845],"lastSale":{"date":"1990-03-15","price":5623400.0,"qualified":null},"tax":{"marketValue":15619.0,"assessedValue":15619.0,"taxableValue":null,"taxes":null},"mailingAddress":{"line1":"4049 REID ST","line2":"PO BOX 1429","city":"PALATKA","state":"FL","zip":"32178"},"incomeTract":null,"incomeBlockGroup":null,"nearestRoad":null,"flu":null,"opportunityZone":null,"oz2Eligibility":null,"source":"fl-volusia-open-data-12127","gisViewerUrl":"https://vcpa.vcgov.org/search/map","appraiserUrl":"https://vcpa.vcgov.org/parcel/summary/?altkey=2004711"},"geometry":{"type":"Polygon","coordinates":[[[-81.511269,29.320916],[-81.511321,29.322676],[-81.511478,29.322675],[-81.512134,29.322269],[-81.513565,29.322003],[-81.514425,29.321929],[-81.515741,29.321688],[-81.516693,29.321557],[-81.516676,29.32089],[-81.511269,29.320916]]]}},{"type":"Feature","id":"12127:383100000191","properties":{"id":"12127:383100000191","parcelId":"383100000191","countyFips":"12127","countyName":"Volusia","state":"Florida","marketIds":["Melbourne"],"situsAddress":"484 LAKE GEORGE RD","situsCity":"SEVILLE","situsZip":"32190","jurisdictionCode":null,"ownerName":"ALLEN RANDOLPH STUART","ownerName2":null,"propertyName":null,"zoningCode":null,"zoningDistrict":null,"jurisdictionPrefix":null,"dorCode":"0200","acreage":15.5,"centroid":[-81.509267,29.322839],"lastSale":{"date":"2000-11-02","price":100.0,"qualified":null},"tax":{"marketValue":137022.0,"assessedValue":44093.0,"taxableValue":19093.0,"taxes":null},"mailingAddress":{"line1":"484 LAKE GEORGE RD","line2":null,"city":"SEVILLE","state":"FL","zip":"32190"},"incomeTract":null,"incomeBlockGroup":null,"nearestRoad":null,"flu":null,"opportunityZone":null,"oz2Eligibility":null,"source":"fl-volusia-open-data-12127","gisViewerUrl":"https://vcpa.vcgov.org/search/map","appraiserUrl":"https://vcpa.vcgov.org/parcel/summary/?altkey=2004746"},"geometry":{"type":"Polygon","coordinates":[[[-81.508276,29.32363],[-81.508808,29.323663],[-81.508873,29.323667],[-81.510209,29.323477],[-81.510277,29.323454],[-81.510203,29.320955],[-81.508225,29.321027],[-81.508276,29.32363]]]}},{"type":"Feature","id":"12127:383205150010","properties":{"id":"12127:383205150010","parcelId":"383205150010","countyFips":"12127","countyName":"Volusia","state":"Florida","marketIds":["Melbourne"],"situsAddress":"1825 MCBRIDE RD","situsCity":"SEVILLE","situsZip":"32190","jurisdictionCode":null,"ownerName":"OATES KAREN A","ownerName2":null,"propertyName":null,"zoningCode":null,"zoningDistrict":null,"jurisdictionPrefix":null,"dorCode":"6800","acreage":15.5,"centroid":[-81.501533,29.318776],"lastSale":{"date":"2010-03-09","price":269748.0,"qualified":null},"tax":{"marketValue":431774.0,"assessedValue":214899.0,"taxableValue":189899.0,"taxes":null},"mailingAddress":{"line1":"PO BOX 163","line2":null,"city":"SEVILLE","state":"FL","zip":"32190"},"incomeTract":null,"incomeBlockGroup":null,"nearestRoad":null,"flu":null,"opportunityZone":null,"oz2Eligibility":null,"source":"fl-volusia-open-data-12127","gisViewerUrl":"https://vcpa.vcgov.org/search/map","appraiserUrl":"https://vcpa.vcgov.org/parcel/summary/?altkey=2006765"},"geometry":{"type":"Polygon","coordinates":[[[-81.501968,29.3192],[-81.502044,29.319244],[-81.50213,29.319414],[-81.502147,29.31953],[-81.502761,29.319517],[-81.502744,29.318639],[-81.502764,29.318532],[-81.502735,29.317435],[-81.50186,29.317466],[-81.501859,29.317422],[-81.500076,29.317475],[-81.500088,29.318343],[-81.500361,29.31845],[-81.50059,29.318595],[-81.500763,29.318768],[-81.500917,29.31902],[-81.501022,29.319149],[-81.501165,29.319267],[-81.501274,29.31933],[-81.50136,29.31934],[-81.501425,29.319324],[-81.501536,29.319217],[-81.50167,29.319165],[-81.501968,29.3192]]]}},{"type":"Feature","id":"12127:381901000200","properties":{"id":"12127:381901000200","parcelId":"381901000200","countyFips":"12127","countyName":"Volusia","state":"Florida","marketIds":["Melbourne"],"situsAddress":"110 HAY BARN DR","situsCity":"SEVILLE","situsZip":"32190","jurisdictionCode":null,"ownerName":"KROL HOLDINGS LLC","ownerName2":null,"propertyName":null,"zoningCode":null,"zoningDistrict":null,"jurisdictionPrefix":null,"dorCode":"0000","acreage":15.0,"centroid":[-81.50319,29.357172],"lastSale":{"date":"2014-03-13","price":100.0,"qualified":null},"tax":{"marketValue":192000.0,"assessedValue":144000.0,"taxableValue":144000.0,"taxes":null},"mailingAddress":{"line1":"26 WINCHESTER RD","line2":null,"city":"ORMOND BEACH","state":"FL","zip":"32174"},"incomeTract":null,"incomeBlockGroup":null,"nearestRoad":null,"flu":null,"opportunityZone":null,"oz2Eligibility":null,"source":"fl-volusia-open-data-12127","gisViewerUrl":"https://vcpa.vcgov.org/search/map","appraiserUrl":"https://vcpa.vcgov.org/parcel/summary/?altkey=2003103"},"geometry":{"type":"Polygon","coordinates":[[[-81.503652,29.356494],[-81.503622,29.356496],[-81.501546,29.356567],[-81.501601,29.358855],[-81.504769,29.358138],[-81.503949,29.35648],[-81.503652,29.356494]]]}},{"type":"Feature","id":"12127:372500000121","properties":{"id":"12127:372500000121","parcelId":"372500000121","countyFips":"12127","countyName":"Volusia","state":"Florida","marketIds":["Melbourne"],"situsAddress":"605 PURVIS RD","situsCity":"SEVILLE","situsZip":"32190","jurisdictionCode":null,"ownerName":"BENNETT TOMMIE J TR","ownerName2":null,"propertyName":null,"zoningCode":null,"zoningDistrict":null,"jurisdictionPrefix":null,"dorCode":"6900","acreage":15.0,"centroid":[-81.518345,29.331864],"lastSale":{"date":"2013-09-25","price":100.0,"qualified":null},"tax":{"marketValue":285327.0,"assessedValue":152035.0,"taxableValue":122035.0,"taxes":null},"mailingAddress":{"line1":"PO BOX 202","line2":null,"city":"SEVILLE","state":"FL","zip":"32190"},"incomeTract":null,"incomeBlockGroup":null,"nearestRoad":null,"flu":null,"opportunityZone":null,"oz2Eligibility":null,"source":"fl-volusia-open-data-12127","gisViewerUrl":"https://vcpa.vcgov.org/search/map","appraiserUrl":"https://vcpa.vcgov.org/parcel/summary/?altkey=4675442"},"geometry":{"type":"Polygon","coordinates":[[[-81.518899,29.330506],[-81.516888,29.330535],[-81.516964,29.333401],[-81.518372,29.333392],[-81.518882,29.333379],[-81.51882,29.331597],[-81.51897,29.331594],[-81.518964,29.330505],[-81.518899,29.330506]]]}},{"type":"Feature","id":"12127:471100000010","properties":{"id":"12127:471100000010","parcelId":"471100000010","countyFips":"12127","countyName":"Volusia","state":"Florida","marketIds":["Melbourne"],"situsAddress":"1098 WILLOW COVE RD","situsCity":"PIERSON","situsZip":"32180","jurisdictionCode":null,"ownerName":"GREEN THOMAS H JR","ownerName2":null,"propertyName":null,"zoningCode":null,"zoningDistrict":null,"jurisdictionPrefix":null,"dorCode":"0100","acreage":14.49,"centroid":[-81.534726,29.288331],"lastSale":{"date":"1987-05-15","price":100.0,"qualified":null},"tax":{"marketValue":164075.0,"assessedValue":156957.0,"taxableValue":131957.0,"taxes":null},"mailingAddress":{"line1":"1098 WILLOW COVE RD","line2":null,"city":"PIERSON","state":"FL","zip":"32180"},"incomeTract":null,"incomeBlockGroup":null,"nearestRoad":null,"flu":null,"opportunityZone":null,"oz2Eligibility":null,"source":"fl-volusia-open-data-12127","gisViewerUrl":"https://vcpa.vcgov.org/search/map","appraiserUrl":"https://vcpa.vcgov.org/parcel/summary/?altkey=2001127"},"geometry":{"type":"Polygon","coordinates":[[[-81.53264,29.289405],[-81.534126,29.28952],[-81.534271,29.289247],[-81.534389,29.289159],[-81.534441,29.289079],[-81.534498,29.288932],[-81.534603,29.28883],[-81.534792,29.288573],[-81.534892,29.288329],[-81.535044,29.2881],[-81.535167,29.287938],[-81.535354,29.287743],[-81.535592,29.287571],[-81.535754,29.287542],[-81.536081,29.287569],[-81.536201,29.287553],[-81.536393,29.287405],[-81.536647,29.287258],[-81.53679,29.287208],[-81.536874,29.287142],[-81.532577,29.287274],[-81.532595,29.289233],[-81.53264,29.289405]]]}},{"type":"Feature","id":"12127:383100000020","properties":{"id":"12127:383100000020","parcelId":"383100000020","countyFips":"12127","countyName":"Volusia","state":"Florida","marketIds":["Melbourne"],"situsAddress":"2075 MCBRIDE RD","situsCity":"SEVILLE","situsZip":"32190","jurisdictionCode":null,"ownerName":"CADE RAEANNE","ownerName2":null,"propertyName":null,"zoningCode":null,"zoningDistrict":null,"jurisdictionPrefix":null,"dorCode":"6300","acreage":14.4516,"centroid":[-81.509566,29.330839],"lastSale":{"date":"2016-08-29","price":185000.0,"qualified":null},"tax":{"marketValue":487971.0,"assessedValue":203005.0,"taxableValue":178005.0,"taxes":null},"mailingAddress":{"line1":"2075 MCBRIDE RD","line2":null,"city":"SEVILLE","state":"FL","zip":"32190"},"incomeTract":null,"incomeBlockGroup":null,"nearestRoad":null,"flu":null,"opportunityZone":null,"oz2Eligibility":null,"source":"fl-volusia-open-data-12127","gisViewerUrl":"https://vcpa.vcgov.org/search/map","appraiserUrl":"https://vcpa.vcgov.org/parcel/summary/?altkey=2004509"},"geometry":{"type":"Polygon","coordinates":[[[-81.508581,29.331143],[-81.508635,29.331197],[-81.510406,29.331163],[-81.510411,29.331749],[-81.51277,29.331704],[-81.512727,29.33007],[-81.509073,29.330154],[-81.509183,29.330442],[-81.509184,29.330498],[-81.509157,29.330575],[-81.508837,29.330731],[-81.508732,29.330689],[-81.508604,29.33073],[-81.508589,29.330752],[-81.508599,29.330987],[-81.508581,29.331143]]]}},{"type":"Feature","id":"12127:483202000620","properties":{"id":"12127:483202000620","parcelId":"483202000620","countyFips":"12127","countyName":"Volusia","state":"Florida","marketIds":["Melbourne"],"situsAddress":"490 OLD BUBBLY RD","situsCity":"PIERSON","situsZip":"32180","jurisdictionCode":null,"ownerName":"HARTZOG HOMES LLC","ownerName2":null,"propertyName":null,"zoningCode":null,"zoningDistrict":null,"jurisdictionPrefix":null,"dorCode":"5600","acreage":14.43,"centroid":[-81.514272,29.255644],"lastSale":{"date":"2022-06-24","price":180000.0,"qualified":null},"tax":{"marketValue":78788.0,"assessedValue":1862.0,"taxableValue":1862.0,"taxes":null},"mailingAddress":{"line1":"142-38 37TH AVE #2B","line2":null,"city":"QUEENS","state":"NY","zip":"11354"},"incomeTract":null,"incomeBlockGroup":null,"nearestRoad":null,"flu":null,"opportunityZone":null,"oz2Eligibility":null,"source":"fl-volusia-open-data-12127","gisViewerUrl":"https://vcpa.vcgov.org/search/map","appraiserUrl":"https://vcpa.vcgov.org/parcel/summary/?altkey=5086402"},"geometry":{"type":"Polygon","coordinates":[[[-81.514947,29.258393],[-81.514912,29.256272],[-81.511555,29.250879],[-81.508803,29.250949],[-81.508703,29.25119],[-81.511339,29.251119],[-81.514947,29.258393]]]}},{"type":"Feature","id":"12127:372400000050","properties":{"id":"12127:372400000050","parcelId":"372400000050","countyFips":"12127","countyName":"Volusia","state":"Florida","marketIds":["Melbourne"],"situsAddress":"PROPERTY LOCATION IS NOT AVAIL","situsCity":"SEVILLE","situsZip":"32190","jurisdictionCode":null,"ownerName":"HENRY MICAH","ownerName2":null,"propertyName":null,"zoningCode":null,"zoningDistrict":null,"jurisdictionPrefix":null,"dorCode":"6900","acreage":14.32,"centroid":[-81.518689,29.359202],"lastSale":{"date":"2020-09-09","price":100.0,"qualified":null},"tax":{"marketValue":171840.0,"assessedValue":12678.0,"taxableValue":12678.0,"taxes":null},"mailingAddress":{"line1":"PO BOX 455","line2":null,"city":"SEVILLE","state":"FL","zip":"32190"},"incomeTract":null,"incomeBlockGroup":null,"nearestRoad":null,"flu":null,"opportunityZone":null,"oz2Eligibility":null,"source":"fl-volusia-open-data-12127","gisViewerUrl":"https://vcpa.vcgov.org/search/map","appraiserUrl":"https://vcpa.vcgov.org/parcel/summary/?altkey=6284997"},"geometry":{"type":"Polygon","coordinates":[[[-81.517798,29.358133],[-81.517742,29.358134],[-81.517878,29.360869],[-81.520019,29.3608],[-81.520006,29.358075],[-81.517798,29.358133]]]}},{"type":"Feature","id":"12127:383204000040","properties":{"id":"12127:383204000040","parcelId":"383204000040","countyFips":"12127","countyName":"Volusia","state":"Florida","marketIds":["Melbourne"],"situsAddress":"2056 N US HWY 17","situsCity":"SEVILLE","situsZip":"32190","jurisdictionCode":null,"ownerName":"HART MARK D","ownerName2":null,"propertyName":null,"zoningCode":null,"zoningDistrict":null,"jurisdictionPrefix":null,"dorCode":"5300","acreage":14.26,"centroid":[-81.500189,29.329443],"lastSale":{"date":"2016-01-08","price":100.0,"qualified":null},"tax":{"marketValue":349203.0,"assessedValue":132892.0,"taxableValue":107892.0,"taxes":null},"mailingAddress":{"line1":"PO BOX 497","line2":null,"city":"SEVILLE","state":"FL","zip":"32190"},"incomeTract":null,"incomeBlockGroup":null,"nearestRoad":null,"flu":null,"opportunityZone":null,"oz2Eligibility":null,"source":"fl-volusia-open-data-12127","gisViewerUrl":"https://vcpa.vcgov.org/search/map","appraiserUrl":"https://vcpa.vcgov.org/parcel/summary/?altkey=2006625"},"geometry":{"type":"Polygon","coordinates":[[[-81.498534,29.328722],[-81.49845,29.328725],[-81.497212,29.328768],[-81.497663,29.330704],[-81.500749,29.330579],[-81.500697,29.330458],[-81.500526,29.330297],[-81.500429,29.330174],[-81.500402,29.33004],[-81.500529,29.329694],[-81.500667,29.329559],[-81.50087,29.329415],[-81.501054,29.329224],[-81.501079,29.329153],[-81.501073,29.329074],[-81.501034,29.329013],[-81.500872,29.328959],[-81.500772,29.328902],[-81.500606,29.328742],[-81.500568,29.328659],[-81.498534,29.328722]]]}},{"type":"Feature","id":"12127:373600000061","properties":{"id":"12127:373600000061","parcelId":"373600000061","countyFips":"12127","countyName":"Volusia","state":"Florida","marketIds":["Melbourne"],"situsAddress":"PURVIS RD","situsCity":"SEVILLE","situsZip":"32190","jurisdictionCode":null,"ownerName":"BENNETT TOMMIE J TR","ownerName2":null,"propertyName":null,"zoningCode":null,"zoningDistrict":null,"jurisdictionPrefix":null,"dorCode":"6900","acreage":14.0,"centroid":[-81.518503,29.330201],"lastSale":{"date":"2001-07-15","price":10.0,"qualified":null},"tax":{"marketValue":140455.0,"assessedValue":15385.0,"taxableValue":15385.0,"taxes":null},"mailingAddress":{"line1":"PO BOX 202","line2":null,"city":"SEVILLE","state":"FL","zip":"32190"},"incomeTract":null,"incomeBlockGroup":null,"nearestRoad":null,"flu":null,"opportunityZone":null,"oz2Eligibility":null,"source":"fl-volusia-open-data-12127","gisViewerUrl":"https://vcpa.vcgov.org/search/map","appraiserUrl":"https://vcpa.vcgov.org/parcel/summary/?altkey=4675434"},"geometry":{"type":"Polygon","coordinates":[[[-81.51897,29.331549],[-81.51897,29.331594],[-81.519028,29.331593],[-81.519015,29.329939],[-81.518961,29.329935],[-81.518909,29.328055],[-81.516825,29.328107],[-81.516888,29.330535],[-81.518964,29.330505],[-81.51897,29.331549]]]}},{"type":"Feature","id":"12127:483202000630","properties":{"id":"12127:483202000630","parcelId":"483202000630","countyFips":"12127","countyName":"Volusia","state":"Florida","marketIds":["Melbourne"],"situsAddress":"478 OLD BUBBLY RD","situsCity":"PIERSON","situsZip":"32180","jurisdictionCode":null,"ownerName":"CONE BRIAN","ownerName2":null,"propertyName":null,"zoningCode":null,"zoningDistrict":null,"jurisdictionPrefix":null,"dorCode":"5600","acreage":13.66,"centroid":[-81.514264,29.253772],"lastSale":{"date":"2021-08-02","price":40000.0,"qualified":null},"tax":{"marketValue":99160.0,"assessedValue":1109.0,"taxableValue":1109.0,"taxes":null},"mailingAddress":{"line1":"153 RIDGE ST","line2":null,"city":"TAVENUER","state":"FL","zip":"33070"},"incomeTract":null,"incomeBlockGroup":null,"nearestRoad":null,"flu":null,"opportunityZone":null,"oz2Eligibility":null,"source":"fl-volusia-open-data-12127","gisViewerUrl":"https://vcpa.vcgov.org/search/map","appraiserUrl":"https://vcpa.vcgov.org/parcel/summary/?altkey=5086411"},"geometry":{"type":"Polygon","coordinates":[[[-81.514912,29.256272],[-81.514876,29.25415],[-81.511825,29.25063],[-81.508913,29.250682],[-81.508803,29.250949],[-81.511555,29.250879],[-81.514912,29.256272]]]}},{"type":"Feature","id":"12127:372500000050","properties":{"id":"12127:372500000050","parcelId":"372500000050","countyFips":"12127","countyName":"Volusia","state":"Florida","marketIds":["Melbourne"],"situsAddress":"630 JOE PITTMAN RD","situsCity":"SEVILLE","situsZip":"32190","jurisdictionCode":null,"ownerName":"JACOBS MICHAEL DEAN","ownerName2":null,"propertyName":null,"zoningCode":null,"zoningDistrict":null,"jurisdictionPrefix":null,"dorCode":"0100","acreage":13.6,"centroid":[-81.519192,29.335741],"lastSale":{"date":"2017-01-06","price":108000.0,"qualified":null},"tax":{"marketValue":299932.0,"assessedValue":235123.0,"taxableValue":210123.0,"taxes":null},"mailingAddress":{"line1":"630 JOE PITTMAN RD","line2":null,"city":"SEVILLE","state":"FL","zip":"32190"},"incomeTract":null,"incomeBlockGroup":null,"nearestRoad":null,"flu":null,"opportunityZone":null,"oz2Eligibility":null,"source":"fl-volusia-open-data-12127","gisViewerUrl":"https://vcpa.vcgov.org/search/map","appraiserUrl":"https://vcpa.vcgov.org/parcel/summary/?altkey=2000104"},"geometry":{"type":"Polygon","coordinates":[[[-81.519225,29.335275],[-81.519089,29.335278],[-81.51918,29.338986],[-81.517852,29.339024],[-81.517858,29.33973],[-81.520165,29.339669],[-81.520052,29.335259],[-81.519225,29.335275]]]}},{"type":"Feature","id":"12127:383100000086","properties":{"id":"12127:383100000086","parcelId":"383100000086","countyFips":"12127","countyName":"Volusia","state":"Florida","marketIds":["Melbourne"],"situsAddress":"MCBRIDE RD","situsCity":"SEVILLE","situsZip":"32190","jurisdictionCode":null,"ownerName":"CREEL DAMON M","ownerName2":null,"propertyName":null,"zoningCode":null,"zoningDistrict":null,"jurisdictionPrefix":null,"dorCode":"0000","acreage":13.52,"centroid":[-81.505379,29.326447],"lastSale":{"date":"2018-10-31","price":101400.0,"qualified":null},"tax":{"marketValue":160894.0,"assessedValue":95612.0,"taxableValue":95612.0,"taxes":null},"mailingAddress":{"line1":"PO BOX 106","line2":null,"city":"SEVILLE","state":"FL","zip":"32190"},"incomeTract":null,"incomeBlockGroup":null,"nearestRoad":null,"flu":null,"opportunityZone":null,"oz2Eligibility":null,"source":"fl-volusia-open-data-12127","gisViewerUrl":"https://vcpa.vcgov.org/search/map","appraiserUrl":"https://vcpa.vcgov.org/parcel/summary/?altkey=5359751"},"geometry":{"type":"Polygon","coordinates":[[[-81.504509,29.326439],[-81.504517,29.326545],[-81.504548,29.326855],[-81.504645,29.327074],[-81.504874,29.327171],[-81.505276,29.327165],[-81.505376,29.328258],[-81.505779,29.328247],[-81.506766,29.325829],[-81.506969,29.325526],[-81.50704,29.325198],[-81.505339,29.325213],[-81.50533,29.325588],[-81.505102,29.325646],[-81.504615,29.325949],[-81.504509,29.326439]]]}},{"type":"Feature","id":"12127:470200000020","properties":{"id":"12127:470200000020","parcelId":"470200000020","countyFips":"12127","countyName":"Volusia","state":"Florida","marketIds":["Melbourne"],"situsAddress":"LAKE GEORGE RD","situsCity":"SEVILLE","situsZip":"32190","jurisdictionCode":null,"ownerName":"ST JOHNS RIVER WATER MANAGEMENT DIST","ownerName2":null,"propertyName":null,"zoningCode":null,"zoningDistrict":null,"jurisdictionPrefix":null,"dorCode":"8000","acreage":13.21,"centroid":[-81.538165,29.315029],"lastSale":{"date":"1990-03-15","price":5623400.0,"qualified":null},"tax":{"marketValue":6605.0,"assessedValue":6605.0,"taxableValue":null,"taxes":null},"mailingAddress":{"line1":"4049 REID ST","line2":"PO BOX 1429","city":"PALATKA","state":"FL","zip":"32178"},"incomeTract":null,"incomeBlockGroup":null,"nearestRoad":null,"flu":null,"opportunityZone":null,"oz2Eligibility":null,"source":"fl-volusia-open-data-12127","gisViewerUrl":"https://vcpa.vcgov.org/search/map","appraiserUrl":"https://vcpa.vcgov.org/parcel/summary/?altkey=2001119"},"geometry":{"type":"Polygon","coordinates":[[[-81.537442,29.313235],[-81.537512,29.316842],[-81.538128,29.316833],[-81.539578,29.313204],[-81.537442,29.313235]]]}},{"type":"Feature","id":"12127:483202000600","properties":{"id":"12127:483202000600","parcelId":"483202000600","countyFips":"12127","countyName":"Volusia","state":"Florida","marketIds":["Melbourne"],"situsAddress":"OLD BUBBLY RD","situsCity":"PIERSON","situsZip":"32180","jurisdictionCode":null,"ownerName":"ROBERTO KEITH F","ownerName2":null,"propertyName":null,"zoningCode":null,"zoningDistrict":null,"jurisdictionPrefix":null,"dorCode":"0000","acreage":13.14,"centroid":[-81.513416,29.257515],"lastSale":{"date":"2022-06-27","price":65000.0,"qualified":null},"tax":{"marketValue":65766.0,"assessedValue":63598.0,"taxableValue":63598.0,"taxes":null},"mailingAddress":{"line1":"15 LAKESIDE DR","line2":null,"city":"PALM COAST","state":"FL","zip":"32137"},"incomeTract":null,"incomeBlockGroup":null,"nearestRoad":null,"flu":null,"opportunityZone":null,"oz2Eligibility":null,"source":"fl-volusia-open-data-12127","gisViewerUrl":"https://vcpa.vcgov.org/search/map","appraiserUrl":"https://vcpa.vcgov.org/parcel/summary/?altkey=5086381"},"geometry":{"type":"Polygon","coordinates":[[[-81.509198,29.251777],[-81.510709,29.251747],[-81.513045,29.258448],[-81.513976,29.25842],[-81.510934,29.251462],[-81.509195,29.251506],[-81.509198,29.251777]]]}},{"type":"Feature","id":"12127:383100000040","properties":{"id":"12127:383100000040","parcelId":"383100000040","countyFips":"12127","countyName":"Volusia","state":"Florida","marketIds":["Melbourne"],"situsAddress":"MCBRIDE RD","situsCity":"SEVILLE","situsZip":"32190","jurisdictionCode":null,"ownerName":"TOLLISON FOILAGE LLC","ownerName2":null,"propertyName":null,"zoningCode":null,"zoningDistrict":null,"jurisdictionPrefix":null,"dorCode":"6900","acreage":13.0,"centroid":[-81.511295,29.328928],"lastSale":{"date":"2016-09-21","price":67500.0,"qualified":null},"tax":{"marketValue":156000.0,"assessedValue":14430.0,"taxableValue":14430.0,"taxes":null},"mailingAddress":{"line1":"1975 MCBRIDE RD","line2":null,"city":"SEVILLE","state":"FL","zip":"32190"},"incomeTract":null,"incomeBlockGroup":null,"nearestRoad":null,"flu":null,"opportunityZone":null,"oz2Eligibility":null,"source":"fl-volusia-open-data-12127","gisViewerUrl":"https://vcpa.vcgov.org/search/map","appraiserUrl":"https://vcpa.vcgov.org/parcel/summary/?altkey=2004525"},"geometry":{"type":"Polygon","coordinates":[[[-81.510337,29.32812],[-81.510342,29.32828],[-81.510397,29.330124],[-81.512727,29.33007],[-81.512674,29.328046],[-81.510337,29.32812]]]}},{"type":"Feature","id":"12127:483202000590","properties":{"id":"12127:483202000590","parcelId":"483202000590","countyFips":"12127","countyName":"Volusia","state":"Florida","marketIds":["Melbourne"],"situsAddress":"CRITTER CROSSING","situsCity":"PIERSON","situsZip":"32180","jurisdictionCode":null,"ownerName":"FLEMING AMANDA J","ownerName2":null,"propertyName":null,"zoningCode":null,"zoningDistrict":null,"jurisdictionPrefix":null,"dorCode":"0000","acreage":12.96,"centroid":[-81.512591,29.257576],"lastSale":{"date":"2011-02-10","price":100.0,"qualified":null},"tax":{"marketValue":64865.0,"assessedValue":62726.0,"taxableValue":62726.0,"taxes":null},"mailingAddress":{"line1":"3375 MAEBERT RD","line2":null,"city":"MIMS","state":"FL","zip":"32754"},"incomeTract":null,"incomeBlockGroup":null,"nearestRoad":null,"flu":null,"opportunityZone":null,"oz2Eligibility":null,"source":"fl-volusia-open-data-12127","gisViewerUrl":"https://vcpa.vcgov.org/search/map","appraiserUrl":"https://vcpa.vcgov.org/parcel/summary/?altkey=5086372"},"geometry":{"type":"Polygon","coordinates":[[[-81.509201,29.252054],[-81.510385,29.252033],[-81.512103,29.258475],[-81.513045,29.258448],[-81.510709,29.251747],[-81.509198,29.251777],[-81.509201,29.252054]]]}},{"type":"Feature","id":"12127:474200000019","properties":{"id":"12127:474200000019","parcelId":"474200000019","countyFips":"12127","countyName":"Volusia","state":"Florida","marketIds":["Melbourne"],"situsAddress":"1675 PERCH LN","situsCity":"SEVILLE","situsZip":"32190","jurisdictionCode":null,"ownerName":"LASALA MARY  TR","ownerName2":null,"propertyName":null,"zoningCode":null,"zoningDistrict":null,"jurisdictionPrefix":null,"dorCode":"0000","acreage":12.32,"centroid":[-81.544052,29.307518],"lastSale":{"date":"2015-07-31","price":100.0,"qualified":null},"tax":{"marketValue":253858.0,"assessedValue":253858.0,"taxableValue":253858.0,"taxes":null},"mailingAddress":{"line1":"4510 MIDDLETON PARK CR W","line2":null,"city":"JACKSONVILLE","state":"FL","zip":"32224"},"incomeTract":null,"incomeBlockGroup":null,"nearestRoad":null,"flu":null,"opportunityZone":null,"oz2Eligibility":null,"source":"fl-volusia-open-data-12127","gisViewerUrl":"https://vcpa.vcgov.org/search/map","appraiserUrl":"https://vcpa.vcgov.org/parcel/summary/?altkey=5182134"},"geometry":{"type":"Polygon","coordinates":[[[-81.542747,29.309187],[-81.54357,29.310206],[-81.544653,29.309837],[-81.544372,29.309058],[-81.544069,29.307729],[-81.544796,29.30758],[-81.544626,29.307263],[-81.544591,29.30714],[-81.544581,29.306896],[-81.544635,29.306775],[-81.544478,29.306661],[-81.544423,29.306521],[-81.544423,29.306451],[-81.544352,29.306386],[-81.544314,29.306132],[-81.543601,29.306883],[-81.543815,29.30695],[-81.543651,29.307352],[-81.54318,29.307204],[-81.542947,29.30778],[-81.543277,29.30789],[-81.542747,29.309187]]]}},{"type":"Feature","id":"12127:382900000190","properties":{"id":"12127:382900000190","parcelId":"382900000190","countyFips":"12127","countyName":"Volusia","state":"Florida","marketIds":["Melbourne"],"situsAddress":"W OFF- N US HWY 17","situsCity":"SEVILLE","situsZip":"32190","jurisdictionCode":null,"ownerName":"WM F PUCKETT INC","ownerName2":null,"propertyName":null,"zoningCode":null,"zoningDistrict":null,"jurisdictionPrefix":null,"dorCode":"0000","acreage":12.0,"centroid":[-81.503496,29.33911],"lastSale":{"date":"2018-03-15","price":3475000.0,"qualified":null},"tax":{"marketValue":149542.0,"assessedValue":149538.0,"taxableValue":149538.0,"taxes":null},"mailingAddress":{"line1":"PO BOX 298","line2":null,"city":"BARBERVILLE","state":"FL","zip":"32105"},"incomeTract":null,"incomeBlockGroup":null,"nearestRoad":null,"flu":null,"opportunityZone":null,"oz2Eligibility":null,"source":"fl-volusia-open-data-12127","gisViewerUrl":"https://vcpa.vcgov.org/search/map","appraiserUrl":"https://vcpa.vcgov.org/parcel/summary/?altkey=2004126"},"geometry":{"type":"Polygon","coordinates":[[[-81.50338,29.338332],[-81.501349,29.338401],[-81.501706,29.339857],[-81.503709,29.339797],[-81.503654,29.339714],[-81.50364,29.339656],[-81.503648,29.339536],[-81.503685,29.339424],[-81.503657,29.339345],[-81.504144,29.338829],[-81.504233,29.338701],[-81.504309,29.338534],[-81.504336,29.3383],[-81.50338,29.338332]]]}},{"type":"Feature","id":"12127:372500000110","properties":{"id":"12127:372500000110","parcelId":"372500000110","countyFips":"12127","countyName":"Volusia","state":"Florida","marketIds":["Melbourne"],"situsAddress":"670 JOE PITTMAN RD","situsCity":"SEVILLE","situsZip":"32190","jurisdictionCode":null,"ownerName":"DAMPIER WILLIE","ownerName2":null,"propertyName":null,"zoningCode":null,"zoningDistrict":null,"jurisdictionPrefix":null,"dorCode":"6900","acreage":12.0,"centroid":[-81.523105,29.336676],"lastSale":{"date":"1996-05-31","price":59227.0,"qualified":null},"tax":{"marketValue":135684.0,"assessedValue":41349.0,"taxableValue":41349.0,"taxes":null},"mailingAddress":{"line1":"PO BOX 404","line2":null,"city":"PIERSON","state":"FL","zip":"32180"},"incomeTract":null,"incomeBlockGroup":null,"nearestRoad":null,"flu":null,"opportunityZone":null,"oz2Eligibility":null,"source":"fl-volusia-open-data-12127","gisViewerUrl":"https://vcpa.vcgov.org/search/map","appraiserUrl":"https://vcpa.vcgov.org/parcel/summary/?altkey=2000171"},"geometry":{"type":"Polygon","coordinates":[[[-81.523297,29.335194],[-81.522399,29.335212],[-81.522495,29.338906],[-81.523708,29.338883],[-81.523625,29.335187],[-81.523297,29.335194]]]}},{"type":"Feature","id":"12127:382000000184","properties":{"id":"12127:382000000184","parcelId":"382000000184","countyFips":"12127","countyName":"Volusia","state":"Florida","marketIds":["Melbourne"],"situsAddress":"PETERS RD","situsCity":"SEVILLE","situsZip":"32190","jurisdictionCode":null,"ownerName":"REGISTER BARBARA K TR","ownerName2":null,"propertyName":null,"zoningCode":null,"zoningDistrict":null,"jurisdictionPrefix":null,"dorCode":"6100","acreage":12.0,"centroid":[-81.502997,29.352777],"lastSale":{"date":"1991-10-15","price":100.0,"qualified":null},"tax":{"marketValue":120200.0,"assessedValue":1450.0,"taxableValue":1450.0,"taxes":null},"mailingAddress":{"line1":"PO BOX 397","line2":null,"city":"SEVILLE","state":"FL","zip":"32190"},"incomeTract":null,"incomeBlockGroup":null,"nearestRoad":null,"flu":null,"opportunityZone":null,"oz2Eligibility":null,"source":"fl-volusia-open-data-12127","gisViewerUrl":"https://vcpa.vcgov.org/search/map","appraiserUrl":"https://vcpa.vcgov.org/parcel/summary/?altkey=5076652"},"geometry":{"type":"Polygon","coordinates":[[[-81.503357,29.3543],[-81.503438,29.354292],[-81.503538,29.354497],[-81.503575,29.354497],[-81.503437,29.348803],[-81.501721,29.348855],[-81.502242,29.35121],[-81.502483,29.35213],[-81.502614,29.352545],[-81.50281,29.353067],[-81.50319,29.35395],[-81.503206,29.353982],[-81.503353,29.353972],[-81.503357,29.3543]]]}},{"type":"Feature","id":"12127:483202000560","properties":{"id":"12127:483202000560","parcelId":"483202000560","countyFips":"12127","countyName":"Volusia","state":"Florida","marketIds":["Melbourne"],"situsAddress":"OLD BUBBLY RD","situsCity":"PIERSON","situsZip":"32180","jurisdictionCode":null,"ownerName":"GNANN FRANKIE","ownerName2":null,"propertyName":null,"zoningCode":null,"zoningDistrict":null,"jurisdictionPrefix":null,"dorCode":"0000","acreage":11.95,"centroid":[-81.509543,29.255444],"lastSale":{"date":"2016-08-15","price":100.0,"qualified":null},"tax":{"marketValue":81559.0,"assessedValue":78870.0,"taxableValue":78870.0,"taxes":null},"mailingAddress":{"line1":"PO BOX 414","line2":null,"city":"PAISLEY","state":"FL","zip":"32767"},"incomeTract":null,"incomeBlockGroup":null,"nearestRoad":null,"flu":null,"opportunityZone":null,"oz2Eligibility":null,"source":"fl-volusia-open-data-12127","gisViewerUrl":"https://vcpa.vcgov.org/search/map","appraiserUrl":"https://vcpa.vcgov.org/parcel/summary/?altkey=5086348"},"geometry":{"type":"Polygon","coordinates":[[[-81.509231,29.254948],[-81.509269,29.258554],[-81.510232,29.258527],[-81.509778,29.252588],[-81.509207,29.252603],[-81.509231,29.254948]]]}},{"type":"Feature","id":"12127:383001000170","properties":{"id":"12127:383001000170","parcelId":"383001000170","countyFips":"12127","countyName":"Volusia","state":"Florida","marketIds":["Melbourne"],"situsAddress":"MCBRIDE RD","situsCity":"SEVILLE","situsZip":"32190","jurisdictionCode":null,"ownerName":"RIVERS IRIS CADE TR","ownerName2":null,"propertyName":null,"zoningCode":null,"zoningDistrict":null,"jurisdictionPrefix":null,"dorCode":"0000","acreage":11.74,"centroid":[-81.51504,29.332966],"lastSale":{"date":"2020-06-09","price":18000.0,"qualified":null},"tax":{"marketValue":42572.0,"assessedValue":42572.0,"taxableValue":42572.0,"taxes":null},"mailingAddress":{"line1":"PO BOX 293","line2":null,"city":"SEVILLE","state":"FL","zip":"32190"},"incomeTract":null,"incomeBlockGroup":null,"nearestRoad":null,"flu":null,"opportunityZone":null,"oz2Eligibility":null,"source":"fl-volusia-open-data-12127","gisViewerUrl":"https://vcpa.vcgov.org/search/map","appraiserUrl":"https://vcpa.vcgov.org/parcel/summary/?altkey=2004428"},"geometry":{"type":"Polygon","coordinates":[[[-81.515301,29.332511],[-81.514268,29.332557],[-81.512868,29.332613],[-81.513174,29.333779],[-81.51577,29.333635],[-81.516959,29.333223],[-81.516938,29.332447],[-81.515301,29.332511]]]}},{"type":"Feature","id":"12127:372500000051","properties":{"id":"12127:372500000051","parcelId":"372500000051","countyFips":"12127","countyName":"Volusia","state":"Florida","marketIds":["Melbourne"],"situsAddress":"640 JOE PITTMAN RD","situsCity":"SEVILLE","situsZip":"32190","jurisdictionCode":null,"ownerName":"MEJIA-CENTENO SINDY","ownerName2":null,"propertyName":null,"zoningCode":null,"zoningDistrict":null,"jurisdictionPrefix":null,"dorCode":"6800","acreage":11.58,"centroid":[-81.520822,29.337737],"lastSale":{"date":"2017-07-19","price":214000.0,"qualified":null},"tax":{"marketValue":241172.0,"assessedValue":168438.0,"taxableValue":143438.0,"taxes":null},"mailingAddress":{"line1":"640 JOE PITTMAN RD","line2":null,"city":"SEVILLE","state":"FL","zip":"32190"},"incomeTract":null,"incomeBlockGroup":null,"nearestRoad":null,"flu":null,"opportunityZone":null,"oz2Eligibility":null,"source":"fl-volusia-open-data-12127","gisViewerUrl":"https://vcpa.vcgov.org/search/map","appraiserUrl":"https://vcpa.vcgov.org/parcel/summary/?altkey=5606015"},"geometry":{"type":"Polygon","coordinates":[[[-81.520165,29.339669],[-81.521263,29.339639],[-81.521235,29.33893],[-81.520576,29.338924],[-81.520573,29.33835],[-81.521226,29.338348],[-81.52116,29.33528],[-81.521146,29.335236],[-81.520052,29.335259],[-81.520165,29.339669]]]}},{"type":"Feature","id":"12127:483202000640","properties":{"id":"12127:483202000640","parcelId":"483202000640","countyFips":"12127","countyName":"Volusia","state":"Florida","marketIds":["Melbourne"],"situsAddress":"470 OLD BUBBLY RD","situsCity":"PIERSON","situsZip":"32180","jurisdictionCode":null,"ownerName":"CONE BRIAN","ownerName2":null,"propertyName":null,"zoningCode":null,"zoningDistrict":null,"jurisdictionPrefix":null,"dorCode":"5600","acreage":11.49,"centroid":[-81.514262,29.252071],"lastSale":{"date":"2020-02-28","price":50000.0,"qualified":null},"tax":{"marketValue":93374.0,"assessedValue":21870.0,"taxableValue":21870.0,"taxes":null},"mailingAddress":{"line1":"153 RIDGE ST","line2":null,"city":"TAVERNIER","state":"FL","zip":"33070"},"incomeTract":null,"incomeBlockGroup":null,"nearestRoad":null,"flu":null,"opportunityZone":null,"oz2Eligibility":null,"source":"fl-volusia-open-data-12127","gisViewerUrl":"https://vcpa.vcgov.org/search/map","appraiserUrl":"https://vcpa.vcgov.org/parcel/summary/?altkey=5086429"},"geometry":{"type":"Polygon","coordinates":[[[-81.514876,29.25415],[-81.514844,29.252233],[-81.512143,29.250381],[-81.509006,29.250455],[-81.508913,29.250682],[-81.511825,29.25063],[-81.514876,29.25415]]]}},{"type":"Feature","id":"12127:483202000650","properties":{"id":"12127:483202000650","parcelId":"483202000650","countyFips":"12127","countyName":"Volusia","state":"Florida","marketIds":["Melbourne"],"situsAddress":"468 OLD BUBBLY RD","situsCity":"PIERSON","situsZip":"32180","jurisdictionCode":null,"ownerName":"OUELLET MICHAEL","ownerName2":null,"propertyName":null,"zoningCode":null,"zoningDistrict":null,"jurisdictionPrefix":null,"dorCode":"0100","acreage":11.2,"centroid":[-81.514149,29.250132],"lastSale":{"date":"1988-10-15","price":13300.0,"qualified":null},"tax":{"marketValue":239141.0,"assessedValue":112869.0,"taxableValue":82869.0,"taxes":null},"mailingAddress":{"line1":"468 OLD BUBBLY RD","line2":null,"city":"PIERSON","state":"FL","zip":"32180"},"incomeTract":null,"incomeBlockGroup":null,"nearestRoad":null,"flu":null,"opportunityZone":null,"oz2Eligibility":null,"source":"fl-volusia-open-data-12127","gisViewerUrl":"https://vcpa.vcgov.org/search/map","appraiserUrl":"https://vcpa.vcgov.org/parcel/summary/?altkey=5086437"},"geometry":{"type":"Polygon","coordinates":[[[-81.514844,29.252233],[-81.514807,29.250024],[-81.509149,29.250171],[-81.509148,29.250113],[-81.509006,29.250455],[-81.512143,29.250381],[-81.514844,29.252233]]]}},{"type":"Feature","id":"12127:482002000290","properties":{"id":"12127:482002000290","parcelId":"482002000290","countyFips":"12127","countyName":"Volusia","state":"Florida","marketIds":["Melbourne"],"situsAddress":"700 OLD BUBBLY RD","situsCity":"PIERSON","situsZip":"32180","jurisdictionCode":null,"ownerName":"THOMAS KENNETH P JR","ownerName2":null,"propertyName":null,"zoningCode":null,"zoningDistrict":null,"jurisdictionPrefix":null,"dorCode":"0000","acreage":11.15,"centroid":[-81.504582,29.259221],"lastSale":{"date":"1995-01-15","price":26800.0,"qualified":null},"tax":{"marketValue":62901.0,"assessedValue":62901.0,"taxableValue":62901.0,"taxes":null},"mailingAddress":{"line1":"1338 W PINE ST","line2":null,"city":"LANTANA","state":"FL","zip":"33462"},"incomeTract":null,"incomeBlockGroup":null,"nearestRoad":null,"flu":null,"opportunityZone":null,"oz2Eligibility":null,"source":"fl-volusia-open-data-12127","gisViewerUrl":"https://vcpa.vcgov.org/search/map","appraiserUrl":"https://vcpa.vcgov.org/parcel/summary/?altkey=4921494"},"geometry":{"type":"Polygon","coordinates":[[[-81.502964,29.258731],[-81.502681,29.259532],[-81.502664,29.259682],[-81.507318,29.259538],[-81.507282,29.258622],[-81.502964,29.258731]]]}},{"type":"Feature","id":"12127:38300100001A","properties":{"id":"12127:38300100001A","parcelId":"38300100001A","countyFips":"12127","countyName":"Volusia","state":"Florida","marketIds":["Melbourne"],"situsAddress":"2190 MCBRIDE RD","situsCity":"SEVILLE","situsZip":"32190","jurisdictionCode":null,"ownerName":"HENRY MICAH W","ownerName2":null,"propertyName":null,"zoningCode":null,"zoningDistrict":null,"jurisdictionPrefix":null,"dorCode":"6900","acreage":11.0,"centroid":[-81.515196,29.341639],"lastSale":{"date":"2021-01-27","price":480000.0,"qualified":null},"tax":{"marketValue":75573.0,"assessedValue":null,"taxableValue":null,"taxes":null},"mailingAddress":{"line1":"PO BOX 455","line2":null,"city":"SEVILLE","state":"FL","zip":"32190"},"incomeTract":null,"incomeBlockGroup":null,"nearestRoad":null,"flu":null,"opportunityZone":null,"oz2Eligibility":null,"source":"fl-volusia-open-data-12127","gisViewerUrl":"https://vcpa.vcgov.org/search/map","appraiserUrl":"https://vcpa.vcgov.org/parcel/summary/?altkey=8029443"},"geometry":{"type":"Polygon","coordinates":[[[-81.515677,29.342368],[-81.516137,29.342367],[-81.517142,29.342366],[-81.517102,29.34071],[-81.512787,29.340901],[-81.512821,29.341367],[-81.514448,29.341296],[-81.515161,29.341701],[-81.515493,29.341674],[-81.515677,29.342368]]]}},{"type":"Feature","id":"12127:381800000044","properties":{"id":"12127:381800000044","parcelId":"381800000044","countyFips":"12127","countyName":"Volusia","state":"Florida","marketIds":["Melbourne"],"situsAddress":"180 REGISTER LN","situsCity":"SEVILLE","situsZip":"32190","jurisdictionCode":null,"ownerName":"REGISTER DAVID W","ownerName2":null,"propertyName":null,"zoningCode":null,"zoningDistrict":null,"jurisdictionPrefix":null,"dorCode":"6900","acreage":10.92,"centroid":[-81.511683,29.360566],"lastSale":{"date":"2021-01-21","price":100.0,"qualified":null},"tax":{"marketValue":87308.0,"assessedValue":5101.0,"taxableValue":5101.0,"taxes":null},"mailingAddress":{"line1":"PO BOX 308","line2":null,"city":"SEVILLE","state":"FL","zip":"32190"},"incomeTract":null,"incomeBlockGroup":null,"nearestRoad":null,"flu":null,"opportunityZone":null,"oz2Eligibility":null,"source":"fl-volusia-open-data-12127","gisViewerUrl":"https://vcpa.vcgov.org/search/map","appraiserUrl":"https://vcpa.vcgov.org/parcel/summary/?altkey=8012262"},"geometry":{"type":"Polygon","coordinates":[[[-81.510374,29.361994],[-81.51093,29.361978],[-81.512946,29.361876],[-81.513599,29.361131],[-81.511884,29.359139],[-81.509776,29.359247],[-81.509767,29.360501],[-81.510406,29.361031],[-81.510315,29.359701],[-81.511469,29.359662],[-81.511484,29.360514],[-81.511927,29.360745],[-81.512058,29.360889],[-81.512436,29.36071],[-81.512144,29.360376],[-81.512342,29.360223],[-81.513246,29.361402],[-81.51306,29.361602],[-81.510453,29.361736],[-81.510435,29.361461],[-81.510331,29.36137],[-81.510374,29.361994]]]}},{"type":"Feature","id":"12127:373600000040","properties":{"id":"12127:373600000040","parcelId":"373600000040","countyFips":"12127","countyName":"Volusia","state":"Florida","marketIds":["Melbourne"],"situsAddress":"665 LAKE GEORGE RD","situsCity":"SEVILLE","situsZip":"32190","jurisdictionCode":null,"ownerName":"ST JOHNS RIVER WATER MANAGEMENT DISTRICT","ownerName2":null,"propertyName":null,"zoningCode":null,"zoningDistrict":null,"jurisdictionPrefix":null,"dorCode":"8700","acreage":10.84,"centroid":[-81.523759,29.318956],"lastSale":{"date":"2025-09-15","price":415000.0,"qualified":null},"tax":{"marketValue":241701.0,"assessedValue":138239.0,"taxableValue":138239.0,"taxes":null},"mailingAddress":{"line1":"4049 REID ST","line2":null,"city":"PALATKA","state":"FL","zip":"32177"},"incomeTract":null,"incomeBlockGroup":null,"nearestRoad":null,"flu":null,"opportunityZone":null,"oz2Eligibility":null,"source":"fl-volusia-open-data-12127","gisViewerUrl":"https://vcpa.vcgov.org/search/map","appraiserUrl":"https://vcpa.vcgov.org/parcel/summary/?altkey=2000473"},"geometry":{"type":"Polygon","coordinates":[[[-81.522199,29.319418],[-81.52389,29.32026],[-81.524381,29.319507],[-81.524246,29.319383],[-81.524171,29.31922],[-81.524171,29.31913],[-81.524223,29.319043],[-81.524421,29.318934],[-81.524645,29.318945],[-81.524402,29.317814],[-81.523475,29.317844],[-81.522442,29.318322],[-81.522195,29.318611],[-81.522199,29.319418]]]}},{"type":"Feature","id":"12127:482002000210","properties":{"id":"12127:482002000210","parcelId":"482002000210","countyFips":"12127","countyName":"Volusia","state":"Florida","marketIds":["Melbourne"],"situsAddress":"800 OLD BUBBLY RD","situsCity":"PIERSON","situsZip":"32180","jurisdictionCode":null,"ownerName":"HENDREN RONALD K","ownerName2":null,"propertyName":null,"zoningCode":null,"zoningDistrict":null,"jurisdictionPrefix":null,"dorCode":"0000","acreage":10.58,"centroid":[-81.500083,29.266938],"lastSale":{"date":"2019-01-17","price":10250.0,"qualified":null},"tax":{"marketValue":80290.0,"assessedValue":80290.0,"taxableValue":80290.0,"taxes":null},"mailingAddress":{"line1":"705 N BACHER ST","line2":null,"city":"BUNNELL","state":"FL","zip":"32110"},"incomeTract":null,"incomeBlockGroup":null,"nearestRoad":null,"flu":null,"opportunityZone":null,"oz2Eligibility":null,"source":"fl-volusia-open-data-12127","gisViewerUrl":"https://vcpa.vcgov.org/search/map","appraiserUrl":"https://vcpa.vcgov.org/parcel/summary/?altkey=4921419"},"geometry":{"type":"Polygon","coordinates":[[[-81.500675,29.266125],[-81.500396,29.266489],[-81.499133,29.267055],[-81.49771,29.267947],[-81.501333,29.267902],[-81.501251,29.266107],[-81.500675,29.266125]]]}},{"type":"Feature","id":"12127:381901000106","properties":{"id":"12127:381901000106","parcelId":"381901000106","countyFips":"12127","countyName":"Volusia","state":"Florida","marketIds":["Melbourne"],"situsAddress":"2260 MCBRIDE RD","situsCity":"SEVILLE","situsZip":"32190","jurisdictionCode":null,"ownerName":"HENRY MATTHEW W","ownerName2":null,"propertyName":null,"zoningCode":null,"zoningDistrict":null,"jurisdictionPrefix":null,"dorCode":"6100","acreage":10.56,"centroid":[-81.515634,29.350105],"lastSale":{"date":"2026-02-24","price":100.0,"qualified":null},"tax":{"marketValue":126720.0,"assessedValue":1316.0,"taxableValue":1316.0,"taxes":null},"mailingAddress":{"line1":"PO BOX 455","line2":null,"city":"SEVILLE","state":"FL","zip":"32190"},"incomeTract":null,"incomeBlockGroup":null,"nearestRoad":null,"flu":null,"opportunityZone":null,"oz2Eligibility":null,"source":"fl-volusia-open-data-12127","gisViewerUrl":"https://vcpa.vcgov.org/search/map","appraiserUrl":"https://vcpa.vcgov.org/parcel/summary/?altkey=6867810"},"geometry":{"type":"Polygon","coordinates":[[[-81.514445,29.350255],[-81.51474,29.351155],[-81.517372,29.350667],[-81.517347,29.350166],[-81.515707,29.350216],[-81.515669,29.348904],[-81.514156,29.34937],[-81.514445,29.350255]]]}},{"type":"Feature","id":"12127:383100000160","properties":{"id":"12127:383100000160","parcelId":"383100000160","countyFips":"12127","countyName":"Volusia","state":"Florida","marketIds":["Melbourne"],"situsAddress":"MCBRIDE RD","situsCity":"SEVILLE","situsZip":"32190","jurisdictionCode":null,"ownerName":"COUNTY OF VOLUSIA","ownerName2":null,"propertyName":null,"zoningCode":null,"zoningDistrict":null,"jurisdictionPrefix":null,"dorCode":"8000","acreage":10.52,"centroid":[-81.514394,29.32211],"lastSale":{"date":"2008-03-18","price":300000.0,"qualified":null},"tax":{"marketValue":118823.0,"assessedValue":118823.0,"taxableValue":null,"taxes":null},"mailingAddress":{"line1":"123 W INDIANA AVE","line2":null,"city":"DELAND","state":"FL","zip":"32720"},"incomeTract":null,"incomeBlockGroup":null,"nearestRoad":null,"flu":null,"opportunityZone":null,"oz2Eligibility":null,"source":"fl-volusia-open-data-12127","gisViewerUrl":"https://vcpa.vcgov.org/search/map","appraiserUrl":"https://vcpa.vcgov.org/parcel/summary/?altkey=2004690"},"geometry":{"type":"Polygon","coordinates":[[[-81.515741,29.321688],[-81.514425,29.321929],[-81.513565,29.322003],[-81.512134,29.322269],[-81.511478,29.322675],[-81.516722,29.32265],[-81.516693,29.321557],[-81.515741,29.321688]]]}},{"type":"Feature","id":"12127:381900000032","properties":{"id":"12127:381900000032","parcelId":"381900000032","countyFips":"12127","countyName":"Volusia","state":"Florida","marketIds":["Melbourne"],"situsAddress":"2350 PETERS RD","situsCity":"SEVILLE","situsZip":"32190","jurisdictionCode":null,"ownerName":"REGISTER JAMES M","ownerName2":null,"propertyName":null,"zoningCode":null,"zoningDistrict":null,"jurisdictionPrefix":null,"dorCode":"6900","acreage":10.25,"centroid":[-81.504287,29.349524],"lastSale":{"date":"2008-01-07","price":100.0,"qualified":null},"tax":{"marketValue":112750.0,"assessedValue":35875.0,"taxableValue":35875.0,"taxes":null},"mailingAddress":{"line1":"160 REGISTER LN","line2":null,"city":"SEVILLE","state":"FL","zip":"32190"},"incomeTract":null,"incomeBlockGroup":null,"nearestRoad":null,"flu":null,"opportunityZone":null,"oz2Eligibility":null,"source":"fl-volusia-open-data-12127","gisViewerUrl":"https://vcpa.vcgov.org/search/map","appraiserUrl":"https://vcpa.vcgov.org/parcel/summary/?altkey=6866881"},"geometry":{"type":"Polygon","coordinates":[[[-81.503438,29.348832],[-81.503482,29.350655],[-81.505622,29.35059],[-81.505455,29.348742],[-81.503437,29.348803],[-81.503438,29.348832]]]}},{"type":"Feature","id":"12127:383001000160","properties":{"id":"12127:383001000160","parcelId":"383001000160","countyFips":"12127","countyName":"Volusia","state":"Florida","marketIds":["Melbourne"],"situsAddress":"2145 MCBRIDE RD","situsCity":"SEVILLE","situsZip":"32190","jurisdictionCode":null,"ownerName":"CADE JOHN PASCO TR","ownerName2":null,"propertyName":null,"zoningCode":null,"zoningDistrict":null,"jurisdictionPrefix":null,"dorCode":"6300","acreage":10.234,"centroid":[-81.508045,29.334365],"lastSale":{"date":"2016-05-19","price":100.0,"qualified":null},"tax":{"marketValue":328589.0,"assessedValue":99409.0,"taxableValue":69409.0,"taxes":null},"mailingAddress":{"line1":"PO BOX 218","line2":null,"city":"SEVILLE","state":"FL","zip":"32190"},"incomeTract":null,"incomeBlockGroup":null,"nearestRoad":null,"flu":null,"opportunityZone":null,"oz2Eligibility":null,"source":"fl-volusia-open-data-12127","gisViewerUrl":"https://vcpa.vcgov.org/search/map","appraiserUrl":"https://vcpa.vcgov.org/parcel/summary/?altkey=2004410"},"geometry":{"type":"Polygon","coordinates":[[[-81.508577,29.333514],[-81.507992,29.333527],[-81.507051,29.333546],[-81.507285,29.333663],[-81.50763,29.333961],[-81.507713,29.334059],[-81.507811,29.334237],[-81.507939,29.334377],[-81.50805,29.334543],[-81.508057,29.334615],[-81.507991,29.334894],[-81.507951,29.334984],[-81.507749,29.335364],[-81.50758,29.335557],[-81.509861,29.3355],[-81.509489,29.333495],[-81.508577,29.333514]]]}},{"type":"Feature","id":"12127:381901000105","properties":{"id":"12127:381901000105","parcelId":"381901000105","countyFips":"12127","countyName":"Volusia","state":"Florida","marketIds":["Melbourne"],"situsAddress":"MCBRIDE RD","situsCity":"SEVILLE","situsZip":"32190","jurisdictionCode":null,"ownerName":"MCNAUGHTON BOBBY C","ownerName2":null,"propertyName":null,"zoningCode":null,"zoningDistrict":null,"jurisdictionPrefix":null,"dorCode":"6100","acreage":10.23,"centroid":[-81.516272,29.35327],"lastSale":{"date":"2007-12-02","price":100.0,"qualified":null},"tax":{"marketValue":112530.0,"assessedValue":1214.0,"taxableValue":1214.0,"taxes":null},"mailingAddress":{"line1":"PO BOX 562","line2":null,"city":"SEVILLE","state":"FL","zip":"32190"},"incomeTract":null,"incomeBlockGroup":null,"nearestRoad":null,"flu":null,"opportunityZone":null,"oz2Eligibility":null,"source":"fl-volusia-open-data-12127","gisViewerUrl":"https://vcpa.vcgov.org/search/map","appraiserUrl":"https://vcpa.vcgov.org/parcel/summary/?altkey=6861820"},"geometry":{"type":"Polygon","coordinates":[[[-81.515651,29.353202],[-81.5157,29.353866],[-81.51572,29.354141],[-81.517539,29.35403],[-81.517448,29.352194],[-81.515576,29.352188],[-81.515651,29.353202]]]}},{"type":"Feature","id":"12127:482002000220","properties":{"id":"12127:482002000220","parcelId":"482002000220","countyFips":"12127","countyName":"Volusia","state":"Florida","marketIds":["Melbourne"],"situsAddress":"780 OLD BUBBLY RD","situsCity":"PIERSON","situsZip":"32180","jurisdictionCode":null,"ownerName":"MATTHEWS BRUCE C","ownerName2":null,"propertyName":null,"zoningCode":null,"zoningDistrict":null,"jurisdictionPrefix":null,"dorCode":"0000","acreage":10.12,"centroid":[-81.503261,29.265625],"lastSale":{"date":"2021-12-14","price":40000.0,"qualified":null},"tax":{"marketValue":84360.0,"assessedValue":84360.0,"taxableValue":84360.0,"taxes":null},"mailingAddress":{"line1":"4801 SQUARE LAKE DR","line2":null,"city":"PALM BEACH GARDENS","state":"FL","zip":"33418"},"incomeTract":null,"incomeBlockGroup":null,"nearestRoad":null,"flu":null,"opportunityZone":null,"oz2Eligibility":null,"source":"fl-volusia-open-data-12127","gisViewerUrl":"https://vcpa.vcgov.org/search/map","appraiserUrl":"https://vcpa.vcgov.org/parcel/summary/?altkey=4921613"},"geometry":{"type":"Polygon","coordinates":[[[-81.50141,29.265253],[-81.500675,29.266125],[-81.505499,29.265992],[-81.505461,29.265128],[-81.50141,29.265253]]]}},{"type":"Feature","id":"12127:383100000224","properties":{"id":"12127:383100000224","parcelId":"383100000224","countyFips":"12127","countyName":"Volusia","state":"Florida","marketIds":["Melbourne"],"situsAddress":"486 LAKE GEORGE RD","situsCity":"SEVILLE","situsZip":"32190","jurisdictionCode":null,"ownerName":"BANKSTON CALEB WAYNE","ownerName2":null,"propertyName":null,"zoningCode":null,"zoningDistrict":null,"jurisdictionPrefix":null,"dorCode":"0200","acreage":10.12,"centroid":[-81.509434,29.31898],"lastSale":{"date":"2020-11-19","price":90000.0,"qualified":null},"tax":{"marketValue":285410.0,"assessedValue":284467.0,"taxableValue":259467.0,"taxes":null},"mailingAddress":{"line1":"486 LAKE GEORGE RD","line2":null,"city":"SEVILLE","state":"FL","zip":"32190"},"incomeTract":null,"incomeBlockGroup":null,"nearestRoad":null,"flu":null,"opportunityZone":null,"oz2Eligibility":null,"source":"fl-volusia-open-data-12127","gisViewerUrl":"https://vcpa.vcgov.org/search/map","appraiserUrl":"https://vcpa.vcgov.org/parcel/summary/?altkey=5561836"},"geometry":{"type":"Polygon","coordinates":[[[-81.511226,29.318333],[-81.5101,29.318368],[-81.50859,29.318415],[-81.508604,29.319147],[-81.508133,29.319161],[-81.508142,29.319767],[-81.51124,29.31967],[-81.511226,29.318333]]]}},{"type":"Feature","id":"12127:372500000070","properties":{"id":"12127:372500000070","parcelId":"372500000070","countyFips":"12127","countyName":"Volusia","state":"Florida","marketIds":["Melbourne"],"situsAddress":"JOE PITTMAN RD","situsCity":"SEVILLE","situsZip":"32190","jurisdictionCode":null,"ownerName":"EBS PLACE LLC","ownerName2":null,"propertyName":null,"zoningCode":null,"zoningDistrict":null,"jurisdictionPrefix":null,"dorCode":"0000","acreage":10.09,"centroid":[-81.521986,29.334471],"lastSale":{"date":"2023-10-24","price":100.0,"qualified":null},"tax":{"marketValue":100900.0,"assessedValue":100900.0,"taxableValue":100900.0,"taxes":null},"mailingAddress":{"line1":"1710 BOXBOROUGH DR","line2":null,"city":"DELAND","state":"FL","zip":"32720"},"incomeTract":null,"incomeBlockGroup":null,"nearestRoad":null,"flu":null,"opportunityZone":null,"oz2Eligibility":null,"source":"fl-volusia-open-data-12127","gisViewerUrl":"https://vcpa.vcgov.org/search/map","appraiserUrl":"https://vcpa.vcgov.org/parcel/summary/?altkey=2000139"},"geometry":{"type":"Polygon","coordinates":[[[-81.521104,29.333395],[-81.521144,29.335168],[-81.521146,29.335236],[-81.523297,29.335194],[-81.52324,29.333363],[-81.521104,29.333395]]]}},{"type":"Feature","id":"12127:372500000071","properties":{"id":"12127:372500000071","parcelId":"372500000071","countyFips":"12127","countyName":"Volusia","state":"Florida","marketIds":["Melbourne"],"situsAddress":"663 JOE PITTMAN RD","situsCity":"SEVILLE","situsZip":"32190","jurisdictionCode":null,"ownerName":"EBS PLACE LLC","ownerName2":null,"propertyName":null,"zoningCode":null,"zoningDistrict":null,"jurisdictionPrefix":null,"dorCode":"0000","acreage":10.09,"centroid":[-81.522339,29.332155],"lastSale":{"date":"2023-10-24","price":100.0,"qualified":null},"tax":{"marketValue":108933.0,"assessedValue":108785.0,"taxableValue":108785.0,"taxes":null},"mailingAddress":{"line1":"1710 BOXBOROUGH DR","line2":null,"city":"DELAND","state":"FL","zip":"32720"},"incomeTract":null,"incomeBlockGroup":null,"nearestRoad":null,"flu":null,"opportunityZone":null,"oz2Eligibility":null,"source":"fl-volusia-open-data-12127","gisViewerUrl":"https://vcpa.vcgov.org/search/map","appraiserUrl":"https://vcpa.vcgov.org/parcel/summary/?altkey=6581401"},"geometry":{"type":"Polygon","coordinates":[[[-81.522976,29.331536],[-81.522465,29.331543],[-81.521064,29.331564],[-81.521104,29.333395],[-81.52324,29.333363],[-81.523182,29.331532],[-81.522976,29.331536]]]}},{"type":"Feature","id":"12127:482002000260","properties":{"id":"12127:482002000260","parcelId":"482002000260","countyFips":"12127","countyName":"Volusia","state":"Florida","marketIds":["Melbourne"],"situsAddress":"730 OLD BUBBLY RD","situsCity":"PIERSON","situsZip":"32180","jurisdictionCode":null,"ownerName":"WILSON LUKE","ownerName2":null,"propertyName":null,"zoningCode":null,"zoningDistrict":null,"jurisdictionPrefix":null,"dorCode":"5600","acreage":10.08,"centroid":[-81.504918,29.26158],"lastSale":{"date":"2014-02-18","price":100.0,"qualified":null},"tax":{"marketValue":63733.0,"assessedValue":2711.0,"taxableValue":2711.0,"taxes":null},"mailingAddress":{"line1":"741 CREEKWATER TER APT 209","line2":null,"city":"LAKE MARY","state":"FL","zip":"32746"},"incomeTract":null,"incomeBlockGroup":null,"nearestRoad":null,"flu":null,"opportunityZone":null,"oz2Eligibility":null,"source":"fl-volusia-open-data-12127","gisViewerUrl":"https://vcpa.vcgov.org/search/map","appraiserUrl":"https://vcpa.vcgov.org/parcel/summary/?altkey=4921460"},"geometry":{"type":"Polygon","coordinates":[[[-81.502484,29.261273],[-81.502397,29.26204],[-81.50741,29.261886],[-81.50738,29.261122],[-81.502484,29.261273]]]}},{"type":"Feature","id":"12127:482002000270","properties":{"id":"12127:482002000270","parcelId":"482002000270","countyFips":"12127","countyName":"Volusia","state":"Florida","marketIds":["Melbourne"],"situsAddress":"720 OLD BUBBLY RD","situsCity":"PIERSON","situsZip":"32180","jurisdictionCode":null,"ownerName":"LLOYD MICHAEL R","ownerName2":null,"propertyName":null,"zoningCode":null,"zoningDistrict":null,"jurisdictionPrefix":null,"dorCode":"0200","acreage":10.08,"centroid":[-81.504947,29.260806],"lastSale":{"date":"2021-02-25","price":38000.0,"qualified":null},"tax":{"marketValue":233672.0,"assessedValue":197058.0,"taxableValue":172058.0,"taxes":null},"mailingAddress":{"line1":"PO BOX 224","line2":null,"city":"PIERSON","state":"FL","zip":"32180"},"incomeTract":null,"incomeBlockGroup":null,"nearestRoad":null,"flu":null,"opportunityZone":null,"oz2Eligibility":null,"source":"fl-volusia-open-data-12127","gisViewerUrl":"https://vcpa.vcgov.org/search/map","appraiserUrl":"https://vcpa.vcgov.org/parcel/summary/?altkey=4921478"},"geometry":{"type":"Polygon","coordinates":[[[-81.502573,29.260487],[-81.502484,29.261273],[-81.50738,29.261122],[-81.507349,29.26034],[-81.502573,29.260487]]]}},{"type":"Feature","id":"12127:482002000280","properties":{"id":"12127:482002000280","parcelId":"482002000280","countyFips":"12127","countyName":"Volusia","state":"Florida","marketIds":["Melbourne"],"situsAddress":"710 OLD BUBBLY RD","situsCity":"PIERSON","situsZip":"32180","jurisdictionCode":null,"ownerName":"THOMAS K P JR TR","ownerName2":null,"propertyName":null,"zoningCode":null,"zoningDistrict":null,"jurisdictionPrefix":null,"dorCode":"0000","acreage":10.07,"centroid":[-81.504976,29.260012],"lastSale":{"date":"1995-01-15","price":24900.0,"qualified":null},"tax":{"marketValue":57443.0,"assessedValue":57443.0,"taxableValue":57443.0,"taxes":null},"mailingAddress":{"line1":"1338 W PINE ST","line2":null,"city":"LANTANA","state":"FL","zip":"33462"},"incomeTract":null,"incomeBlockGroup":null,"nearestRoad":null,"flu":null,"opportunityZone":null,"oz2Eligibility":null,"source":"fl-volusia-open-data-12127","gisViewerUrl":"https://vcpa.vcgov.org/search/map","appraiserUrl":"https://vcpa.vcgov.org/parcel/summary/?altkey=4921486"},"geometry":{"type":"Polygon","coordinates":[[[-81.502664,29.259682],[-81.502573,29.260487],[-81.507349,29.26034],[-81.507318,29.259538],[-81.502664,29.259682]]]}},{"type":"Feature","id":"12127:483202000540","properties":{"id":"12127:483202000540","parcelId":"483202000540","countyFips":"12127","countyName":"Volusia","state":"Florida","marketIds":["Melbourne"],"situsAddress":"459 OLD BUBBLY RD","situsCity":"PIERSON","situsZip":"32180","jurisdictionCode":null,"ownerName":"HARRIS CAROLE","ownerName2":null,"propertyName":null,"zoningCode":null,"zoningDistrict":null,"jurisdictionPrefix":null,"dorCode":"6300","acreage":10.04,"centroid":[-81.50794,29.250002],"lastSale":{"date":"2019-08-07","price":35000.0,"qualified":null},"tax":{"marketValue":91364.0,"assessedValue":653.0,"taxableValue":653.0,"taxes":null},"mailingAddress":{"line1":"906 CAMPHOR LN","line2":null,"city":"DELAND","state":"FL","zip":"32720"},"incomeTract":null,"incomeBlockGroup":null,"nearestRoad":null,"flu":null,"opportunityZone":null,"oz2Eligibility":null,"source":"fl-volusia-open-data-12127","gisViewerUrl":"https://vcpa.vcgov.org/search/map","appraiserUrl":"https://vcpa.vcgov.org/parcel/summary/?altkey=5039331"},"geometry":{"type":"Polygon","coordinates":[[[-81.509045,29.249697],[-81.508995,29.249698],[-81.504772,29.249766],[-81.504425,29.250622],[-81.508953,29.250583],[-81.509148,29.250113],[-81.509092,29.249838],[-81.509089,29.249697],[-81.509045,29.249697]]]}},{"type":"Feature","id":"12127:381800000041","properties":{"id":"12127:381800000041","parcelId":"381800000041","countyFips":"12127","countyName":"Volusia","state":"Florida","marketIds":["Melbourne"],"situsAddress":"170 REGISTER LN","situsCity":"SEVILLE","situsZip":"32190","jurisdictionCode":null,"ownerName":"REGISTER DAVID W","ownerName2":null,"propertyName":null,"zoningCode":null,"zoningDistrict":null,"jurisdictionPrefix":null,"dorCode":"6100","acreage":10.03,"centroid":[-81.511673,29.360737],"lastSale":{"date":"2021-01-21","price":100.0,"qualified":null},"tax":{"marketValue":469254.0,"assessedValue":227534.0,"taxableValue":202534.0,"taxes":null},"mailingAddress":{"line1":"PO BOX 308","line2":null,"city":"SEVILLE","state":"FL","zip":"32190"},"incomeTract":null,"incomeBlockGroup":null,"nearestRoad":null,"flu":null,"opportunityZone":null,"oz2Eligibility":null,"source":"fl-volusia-open-data-12127","gisViewerUrl":"https://vcpa.vcgov.org/search/map","appraiserUrl":"https://vcpa.vcgov.org/parcel/summary/?altkey=6866732"},"geometry":{"type":"Polygon","coordinates":[[[-81.510403,29.360992],[-81.510406,29.361031],[-81.510453,29.361736],[-81.51306,29.361602],[-81.513246,29.361402],[-81.512342,29.360223],[-81.512144,29.360376],[-81.512436,29.36071],[-81.512058,29.360889],[-81.511927,29.360745],[-81.511484,29.360514],[-81.511469,29.359662],[-81.510315,29.359701],[-81.510403,29.360992]]]}},{"type":"Feature","id":"12127:483202000550","properties":{"id":"12127:483202000550","parcelId":"483202000550","countyFips":"12127","countyName":"Volusia","state":"Florida","marketIds":["Melbourne"],"situsAddress":"479 OLD BUBBLY RD","situsCity":"PIERSON","situsZip":"32180","jurisdictionCode":null,"ownerName":"HARRIS FARMS OF PIERSON LLC","ownerName2":null,"propertyName":null,"zoningCode":null,"zoningDistrict":null,"jurisdictionPrefix":null,"dorCode":"6300","acreage":10.02,"centroid":[-81.506984,29.250936],"lastSale":{"date":"2019-08-27","price":100.0,"qualified":null},"tax":{"marketValue":91182.0,"assessedValue":651.0,"taxableValue":651.0,"taxes":null},"mailingAddress":{"line1":"906 CAMPHOR LN","line2":null,"city":"DELAND","state":"FL","zip":"32720"},"incomeTract":null,"incomeBlockGroup":null,"nearestRoad":null,"flu":null,"opportunityZone":null,"oz2Eligibility":null,"source":"fl-volusia-open-data-12127","gisViewerUrl":"https://vcpa.vcgov.org/search/map","appraiserUrl":"https://vcpa.vcgov.org/parcel/summary/?altkey=5039340"},"geometry":{"type":"Polygon","coordinates":[[[-81.508853,29.250584],[-81.504425,29.250622],[-81.504081,29.251471],[-81.508609,29.251418],[-81.508953,29.250583],[-81.508853,29.250584]]]}},{"type":"Feature","id":"12127:381901000230","properties":{"id":"12127:381901000230","parcelId":"381901000230","countyFips":"12127","countyName":"Volusia","state":"Florida","marketIds":["Melbourne"],"situsAddress":"240 REGISTER LN","situsCity":"SEVILLE","situsZip":"32190","jurisdictionCode":null,"ownerName":"REGISTER MICHAEL A","ownerName2":null,"propertyName":null,"zoningCode":null,"zoningDistrict":null,"jurisdictionPrefix":null,"dorCode":"6100","acreage":10.01,"centroid":[-81.506647,29.35428],"lastSale":{"date":"2002-08-15","price":10.0,"qualified":null},"tax":{"marketValue":876083.0,"assessedValue":424165.0,"taxableValue":399165.0,"taxes":null},"mailingAddress":{"line1":"240 REGISTER LN","line2":null,"city":"SEVILLE","state":"FL","zip":"32190"},"incomeTract":null,"incomeBlockGroup":null,"nearestRoad":null,"flu":null,"opportunityZone":null,"oz2Eligibility":null,"source":"fl-volusia-open-data-12127","gisViewerUrl":"https://vcpa.vcgov.org/search/map","appraiserUrl":"https://vcpa.vcgov.org/parcel/summary/?altkey=2003111"},"geometry":{"type":"Polygon","coordinates":[[[-81.506987,29.353407],[-81.505121,29.353443],[-81.50511,29.355366],[-81.50679,29.355333],[-81.506794,29.354825],[-81.507204,29.354353],[-81.507583,29.354114],[-81.507587,29.353396],[-81.506987,29.353407]]]}},{"type":"Feature","id":"12127:480600000021","properties":{"id":"12127:480600000021","parcelId":"480600000021","countyFips":"12127","countyName":"Volusia","state":"Florida","marketIds":["Melbourne"],"situsAddress":"TILLY BYRD RD","situsCity":"SEVILLE","situsZip":"32190","jurisdictionCode":null,"ownerName":"WHITE STEPHEN B","ownerName2":null,"propertyName":null,"zoningCode":null,"zoningDistrict":null,"jurisdictionPrefix":null,"dorCode":"6900","acreage":10.0,"centroid":[-81.505833,29.312763],"lastSale":{"date":"2026-06-08","price":250000.0,"qualified":null},"tax":{"marketValue":120000.0,"assessedValue":11100.0,"taxableValue":11100.0,"taxes":null},"mailingAddress":{"line1":"PO BOX 125","line2":null,"city":"SEVILLE","state":"FL","zip":"32190"},"incomeTract":null,"incomeBlockGroup":null,"nearestRoad":null,"flu":null,"opportunityZone":null,"oz2Eligibility":null,"source":"fl-volusia-open-data-12127","gisViewerUrl":"https://vcpa.vcgov.org/search/map","appraiserUrl":"https://vcpa.vcgov.org/parcel/summary/?altkey=2010037"},"geometry":{"type":"Polygon","coordinates":[[[-81.50473,29.311827],[-81.504773,29.313768],[-81.50694,29.313677],[-81.50689,29.311779],[-81.50473,29.311827]]]}},{"type":"Feature","id":"12127:382900000271","properties":{"id":"12127:382900000271","parcelId":"382900000271","countyFips":"12127","countyName":"Volusia","state":"Florida","marketIds":["Melbourne"],"situsAddress":"N US HWY 17","situsCity":"SEVILLE","situsZip":"32190","jurisdictionCode":null,"ownerName":"WM F PUCKETT INC","ownerName2":null,"propertyName":null,"zoningCode":null,"zoningDistrict":null,"jurisdictionPrefix":null,"dorCode":"6900","acreage":10.0,"centroid":[-81.500591,29.338445],"lastSale":{"date":"2018-12-19","price":100.0,"qualified":null},"tax":{"marketValue":120345.0,"assessedValue":29751.0,"taxableValue":29751.0,"taxes":null},"mailingAddress":{"line1":"PO BOX 298","line2":null,"city":"BARBERVILLE","state":"FL","zip":"32105"},"incomeTract":null,"incomeBlockGroup":null,"nearestRoad":null,"flu":null,"opportunityZone":null,"oz2Eligibility":null,"source":"fl-volusia-open-data-12127","gisViewerUrl":"https://vcpa.vcgov.org/search/map","appraiserUrl":"https://vcpa.vcgov.org/parcel/summary/?altkey=2004223"},"geometry":{"type":"Polygon","coordinates":[[[-81.501034,29.337637],[-81.500723,29.337691],[-81.499243,29.33795],[-81.499692,29.339917],[-81.501706,29.339857],[-81.501147,29.337617],[-81.501034,29.337637]]]}},{"type":"Feature","id":"12127:383204000020","properties":{"id":"12127:383204000020","parcelId":"383204000020","countyFips":"12127","countyName":"Volusia","state":"Florida","marketIds":["Melbourne"],"situsAddress":"140 MEW RD","situsCity":"SEVILLE","situsZip":"32190","jurisdictionCode":null,"ownerName":"MEW RANDALL","ownerName2":null,"propertyName":null,"zoningCode":null,"zoningDistrict":null,"jurisdictionPrefix":null,"dorCode":"0100","acreage":10.0,"centroid":[-81.500378,29.331284],"lastSale":{"date":"2020-06-05","price":100.0,"qualified":null},"tax":{"marketValue":267998.0,"assessedValue":267559.0,"taxableValue":242559.0,"taxes":null},"mailingAddress":{"line1":"PO BOX 103","line2":null,"city":"SEVILLE","state":"FL","zip":"32190"},"incomeTract":null,"incomeBlockGroup":null,"nearestRoad":null,"flu":null,"opportunityZone":null,"oz2Eligibility":null,"source":"fl-volusia-open-data-12127","gisViewerUrl":"https://vcpa.vcgov.org/search/map","appraiserUrl":"https://vcpa.vcgov.org/parcel/summary/?altkey=2006617"},"geometry":{"type":"Polygon","coordinates":[[[-81.497753,29.331087],[-81.497864,29.331564],[-81.498064,29.332424],[-81.501184,29.332341],[-81.501379,29.331988],[-81.501427,29.331744],[-81.501442,29.33143],[-81.501426,29.331307],[-81.501324,29.331084],[-81.501245,29.330997],[-81.501148,29.331006],[-81.501106,29.330946],[-81.500971,29.33094],[-81.500885,29.330915],[-81.500802,29.33078],[-81.500749,29.330579],[-81.497663,29.330704],[-81.497753,29.331087]]]}},{"type":"Feature","id":"12127:383205040010","properties":{"id":"12127:383205040010","parcelId":"383205040010","countyFips":"12127","countyName":"Volusia","state":"Florida","marketIds":["Melbourne"],"situsAddress":"1851 MCBRIDE RD","situsCity":"SEVILLE","situsZip":"32190","jurisdictionCode":null,"ownerName":"BENNETT ULRICA MARYES","ownerName2":null,"propertyName":null,"zoningCode":null,"zoningDistrict":null,"jurisdictionPrefix":null,"dorCode":"6900","acreage":10.0,"centroid":[-81.502233,29.321757],"lastSale":{"date":"2004-07-29","price":100.0,"qualified":null},"tax":{"marketValue":314069.0,"assessedValue":85049.0,"taxableValue":60049.0,"taxes":null},"mailingAddress":{"line1":"PO BOX 1189","line2":null,"city":"PIERSON","state":"FL","zip":"32180"},"incomeTract":null,"incomeBlockGroup":null,"nearestRoad":null,"flu":null,"opportunityZone":null,"oz2Eligibility":null,"source":"fl-volusia-open-data-12127","gisViewerUrl":"https://vcpa.vcgov.org/search/map","appraiserUrl":"https://vcpa.vcgov.org/parcel/summary/?altkey=2006731"},"geometry":{"type":"MultiPolygon","coordinates":[[[[-81.502843,29.323827],[-81.50285,29.323828],[-81.502761,29.319517],[-81.502147,29.31953],[-81.50215,29.319706],[-81.502251,29.319873],[-81.502288,29.319986],[-81.502287,29.320192],[-81.502233,29.320344],[-81.502143,29.320517],[-81.501905,29.320832],[-81.501786,29.321047],[-81.501742,29.321173],[-81.501709,29.321352],[-81.501715,29.321432],[-81.50175,29.321522],[-81.501811,29.321591],[-81.502109,29.321719],[-81.502199,29.321793],[-81.502255,29.321875],[-81.502282,29.321955],[-81.502271,29.322126],[-81.502237,29.322263],[-81.502168,29.322417],[-81.502165,29.322492],[-81.502299,29.322664],[-81.502348,29.322766],[-81.502422,29.323291],[-81.502478,29.323472],[-81.502558,29.323637],[-81.502603,29.323706],[-81.502685,29.323774],[-81.502843,29.323827]]],[[[-81.501979,29.322688],[-81.501973,29.32269],[-81.50192,29.322743],[-81.50185,29.322878],[-81.50182,29.322974],[-81.5018,29.323161],[-81.501816,29.323609],[-81.501889,29.323857],[-81.501953,29.32398],[-81.502145,29.324175],[-81.502638,29.324513],[-81.502953,29.324764],[-81.502842,29.324024],[-81.502769,29.323933],[-81.502539,29.323777],[-81.502413,29.323618],[-81.5023,29.323305],[-81.502267,29.323127],[-81.502253,29.322876],[-81.502214,29.322739],[-81.502161,29.32269],[-81.502094,29.322668],[-81.501979,29.322688]]]]}},{"type":"Feature","id":"12127:372500000065","properties":{"id":"12127:372500000065","parcelId":"372500000065","countyFips":"12127","countyName":"Volusia","state":"Florida","marketIds":["Melbourne"],"situsAddress":"601 JOE PITTMAN RD","situsCity":"SEVILLE","situsZip":"32190","jurisdictionCode":null,"ownerName":"CERVANTES ANGELICA","ownerName2":null,"propertyName":null,"zoningCode":null,"zoningDistrict":null,"jurisdictionPrefix":null,"dorCode":"0100","acreage":10.0,"centroid":[-81.518227,29.334024],"lastSale":{"date":"2016-04-18","price":40000.0,"qualified":null},"tax":{"marketValue":151996.0,"assessedValue":151764.0,"taxableValue":151764.0,"taxes":null},"mailingAddress":{"line1":"2451 N US HWY 17","line2":null,"city":"SEVILLE","state":"FL","zip":"32190"},"incomeTract":null,"incomeBlockGroup":null,"nearestRoad":null,"flu":null,"opportunityZone":null,"oz2Eligibility":null,"source":"fl-volusia-open-data-12127","gisViewerUrl":"https://vcpa.vcgov.org/search/map","appraiserUrl":"https://vcpa.vcgov.org/parcel/summary/?altkey=2000121"},"geometry":{"type":"Polygon","coordinates":[[[-81.518882,29.333379],[-81.518372,29.333392],[-81.516964,29.333401],[-81.517014,29.335319],[-81.519089,29.335278],[-81.519043,29.333377],[-81.518882,29.333379]]]}},{"type":"Feature","id":"12127:372500000080","properties":{"id":"12127:372500000080","parcelId":"372500000080","countyFips":"12127","countyName":"Volusia","state":"Florida","marketIds":["Melbourne"],"situsAddress":"701 JOE PITTMAN RD","situsCity":"SEVILLE","situsZip":"32190","jurisdictionCode":null,"ownerName":"HARCUS JASON K","ownerName2":null,"propertyName":null,"zoningCode":null,"zoningDistrict":null,"jurisdictionPrefix":null,"dorCode":"6100","acreage":10.0,"centroid":[-81.524459,29.334072],"lastSale":{"date":"2008-02-08","price":100.0,"qualified":null},"tax":{"marketValue":409727.0,"assessedValue":213531.0,"taxableValue":188531.0,"taxes":null},"mailingAddress":{"line1":"701 JOE PITTMAN RD","line2":null,"city":"SEVILLE","state":"FL","zip":"32190"},"incomeTract":null,"incomeBlockGroup":null,"nearestRoad":null,"flu":null,"opportunityZone":null,"oz2Eligibility":null,"source":"fl-volusia-open-data-12127","gisViewerUrl":"https://vcpa.vcgov.org/search/map","appraiserUrl":"https://vcpa.vcgov.org/parcel/summary/?altkey=2000147"},"geometry":{"type":"Polygon","coordinates":[[[-81.525209,29.333325],[-81.52324,29.333363],[-81.523297,29.335194],[-81.525297,29.335154],[-81.525252,29.333324],[-81.525209,29.333325]]]}},{"type":"Feature","id":"12127:373600000010","properties":{"id":"12127:373600000010","parcelId":"373600000010","countyFips":"12127","countyName":"Volusia","state":"Florida","marketIds":["Melbourne"],"situsAddress":"PURVIS RD","situsCity":"SEVILLE","situsZip":"32190","jurisdictionCode":null,"ownerName":"BEATTY LAWRENCE K","ownerName2":null,"propertyName":null,"zoningCode":null,"zoningDistrict":null,"jurisdictionPrefix":null,"dorCode":"6300","acreage":10.0,"centroid":[-81.524418,29.326161],"lastSale":{"date":"2006-04-06","price":100.0,"qualified":null},"tax":{"marketValue":80000.0,"assessedValue":486.0,"taxableValue":486.0,"taxes":null},"mailingAddress":{"line1":"PO BOX 201","line2":null,"city":"SEVILLE","state":"FL","zip":"32190"},"incomeTract":null,"incomeBlockGroup":null,"nearestRoad":null,"flu":null,"opportunityZone":null,"oz2Eligibility":null,"source":"fl-volusia-open-data-12127","gisViewerUrl":"https://vcpa.vcgov.org/search/map","appraiserUrl":"https://vcpa.vcgov.org/parcel/summary/?altkey=2000449"},"geometry":{"type":"Polygon","coordinates":[[[-81.523956,29.324243],[-81.523991,29.326508],[-81.524013,29.327926],[-81.525103,29.327903],[-81.525026,29.324224],[-81.523956,29.324243]]]}},{"type":"Feature","id":"12127:373600000080","properties":{"id":"12127:373600000080","parcelId":"373600000080","countyFips":"12127","countyName":"Volusia","state":"Florida","marketIds":["Melbourne"],"situsAddress":"712 PURVIS RD","situsCity":"SEVILLE","situsZip":"32190","jurisdictionCode":null,"ownerName":"BAKER RAYMOND J JR","ownerName2":null,"propertyName":null,"zoningCode":null,"zoningDistrict":null,"jurisdictionPrefix":null,"dorCode":"6800","acreage":10.0,"centroid":[-81.520389,29.326165],"lastSale":{"date":"2013-08-08","price":100.0,"qualified":null},"tax":{"marketValue":202966.0,"assessedValue":128024.0,"taxableValue":128024.0,"taxes":null},"mailingAddress":{"line1":"116 SATSUMA DR","line2":null,"city":"SANFORD","state":"FL","zip":"32771"},"incomeTract":null,"incomeBlockGroup":null,"nearestRoad":null,"flu":null,"opportunityZone":null,"oz2Eligibility":null,"source":"fl-volusia-open-data-12127","gisViewerUrl":"https://vcpa.vcgov.org/search/map","appraiserUrl":"https://vcpa.vcgov.org/parcel/summary/?altkey=2000511"},"geometry":{"type":"Polygon","coordinates":[[[-81.519822,29.324318],[-81.519895,29.32803],[-81.520988,29.328012],[-81.520851,29.324299],[-81.519822,29.324318]]]}},{"type":"Feature","id":"12127:373600000081","properties":{"id":"12127:373600000081","parcelId":"373600000081","countyFips":"12127","countyName":"Volusia","state":"Florida","marketIds":["Melbourne"],"situsAddress":"710 PURVIS RD","situsCity":"SEVILLE","situsZip":"32190","jurisdictionCode":null,"ownerName":"BEATTY LAWRENCE K","ownerName2":null,"propertyName":null,"zoningCode":null,"zoningDistrict":null,"jurisdictionPrefix":null,"dorCode":"6100","acreage":10.0,"centroid":[-81.519267,29.326186],"lastSale":{"date":"2025-10-16","price":100.0,"qualified":null},"tax":{"marketValue":315375.0,"assessedValue":112003.0,"taxableValue":87003.0,"taxes":null},"mailingAddress":{"line1":"PO BOX 201","line2":null,"city":"SEVILLE","state":"FL","zip":"32190"},"incomeTract":null,"incomeBlockGroup":null,"nearestRoad":null,"flu":null,"opportunityZone":null,"oz2Eligibility":null,"source":"fl-volusia-open-data-12127","gisViewerUrl":"https://vcpa.vcgov.org/search/map","appraiserUrl":"https://vcpa.vcgov.org/parcel/summary/?altkey=2000520"},"geometry":{"type":"Polygon","coordinates":[[[-81.518837,29.324335],[-81.518873,29.326192],[-81.518909,29.328055],[-81.519895,29.32803],[-81.519822,29.324318],[-81.518837,29.324335]]]}},{"type":"Feature","id":"12127:373600000100","properties":{"id":"12127:373600000100","parcelId":"373600000100","countyFips":"12127","countyName":"Volusia","state":"Florida","marketIds":["Melbourne"],"situsAddress":"705 PURVIS RD","situsCity":"SEVILLE","situsZip":"32190","jurisdictionCode":null,"ownerName":"BEATTY DAWSON RILEY","ownerName2":null,"propertyName":null,"zoningCode":null,"zoningDistrict":null,"jurisdictionPrefix":null,"dorCode":"0000","acreage":10.0,"centroid":[-81.516931,29.322039],"lastSale":{"date":"2025-03-25","price":75000.0,"qualified":"30"},"tax":{"marketValue":100000.0,"assessedValue":100000.0,"taxableValue":100000.0,"taxes":null},"mailingAddress":{"line1":"1305 TILLY BIRD RD","line2":null,"city":"SEVILLE","state":"FL","zip":"32190"},"incomeTract":null,"incomeBlockGroup":null,"nearestRoad":null,"flu":null,"opportunityZone":null,"oz2Eligibility":null,"source":"fl-volusia-open-data-12127","gisViewerUrl":"https://vcpa.vcgov.org/search/map","appraiserUrl":"https://vcpa.vcgov.org/parcel/summary/?altkey=2000546"},"geometry":{"type":"Polygon","coordinates":[[[-81.516693,29.321557],[-81.516721,29.322602],[-81.516727,29.324374],[-81.517719,29.324356],[-81.517643,29.320811],[-81.516634,29.320834],[-81.516635,29.32089],[-81.516676,29.32089],[-81.516693,29.321557]]]}},{"type":"Feature","id":"12127:373600000101","properties":{"id":"12127:373600000101","parcelId":"373600000101","countyFips":"12127","countyName":"Volusia","state":"Florida","marketIds":["Melbourne"],"situsAddress":"707 PURVIS RD","situsCity":"SEVILLE","situsZip":"32190","jurisdictionCode":null,"ownerName":"WHEELER DANIEL A","ownerName2":null,"propertyName":null,"zoningCode":null,"zoningDistrict":null,"jurisdictionPrefix":null,"dorCode":"0100","acreage":10.0,"centroid":[-81.518242,29.322572],"lastSale":{"date":"2003-05-15","price":10.0,"qualified":null},"tax":{"marketValue":170812.0,"assessedValue":99553.0,"taxableValue":74553.0,"taxes":null},"mailingAddress":{"line1":"PO BOX 517","line2":null,"city":"SEVILLE","state":"FL","zip":"32190"},"incomeTract":null,"incomeBlockGroup":null,"nearestRoad":null,"flu":null,"opportunityZone":null,"oz2Eligibility":null,"source":"fl-volusia-open-data-12127","gisViewerUrl":"https://vcpa.vcgov.org/search/map","appraiserUrl":"https://vcpa.vcgov.org/parcel/summary/?altkey=2000554"},"geometry":{"type":"Polygon","coordinates":[[[-81.517643,29.320811],[-81.517719,29.324356],[-81.518837,29.324335],[-81.518769,29.320786],[-81.517643,29.320811]]]}},{"type":"Feature","id":"12127:373600000102","properties":{"id":"12127:373600000102","parcelId":"373600000102","countyFips":"12127","countyName":"Volusia","state":"Florida","marketIds":["Melbourne"],"situsAddress":"709 PURVIS RD","situsCity":"SEVILLE","situsZip":"32190","jurisdictionCode":null,"ownerName":"DUBROWSKY ROBERT C JR","ownerName2":null,"propertyName":null,"zoningCode":null,"zoningDistrict":null,"jurisdictionPrefix":null,"dorCode":"6200","acreage":10.0,"centroid":[-81.519295,29.322551],"lastSale":{"date":"2003-12-30","price":65000.0,"qualified":null},"tax":{"marketValue":162573.0,"assessedValue":74812.0,"taxableValue":74812.0,"taxes":null},"mailingAddress":{"line1":"348 PALM CIR","line2":null,"city":"FLAGLER BEACH","state":"FL","zip":"32136"},"incomeTract":null,"incomeBlockGroup":null,"nearestRoad":null,"flu":null,"opportunityZone":null,"oz2Eligibility":null,"source":"fl-volusia-open-data-12127","gisViewerUrl":"https://vcpa.vcgov.org/search/map","appraiserUrl":"https://vcpa.vcgov.org/parcel/summary/?altkey=2000562"},"geometry":{"type":"Polygon","coordinates":[[[-81.518769,29.320786],[-81.518837,29.324335],[-81.519822,29.324318],[-81.519752,29.320764],[-81.518769,29.320786]]]}},{"type":"Feature","id":"12127:374000000020","properties":{"id":"12127:374000000020","parcelId":"374000000020","countyFips":"12127","countyName":"Volusia","state":"Florida","marketIds":["Melbourne"],"situsAddress":"920 LAKE GEORGE RD","situsCity":"SEVILLE","situsZip":"32190","jurisdictionCode":null,"ownerName":"KILMER LINDA","ownerName2":null,"propertyName":null,"zoningCode":null,"zoningDistrict":null,"jurisdictionPrefix":null,"dorCode":"0000","acreage":10.0,"centroid":[-81.542817,29.321966],"lastSale":{"date":"2023-02-28","price":65000.0,"qualified":null},"tax":{"marketValue":130000.0,"assessedValue":130000.0,"taxableValue":130000.0,"taxes":null},"mailingAddress":{"line1":"911 NAUTILUS ISLE","line2":null,"city":"DANIA BEACH","state":"FL","zip":"33004"},"incomeTract":null,"incomeBlockGroup":null,"nearestRoad":null,"flu":null,"opportunityZone":null,"oz2Eligibility":null,"source":"fl-volusia-open-data-12127","gisViewerUrl":"https://vcpa.vcgov.org/search/map","appraiserUrl":"https://vcpa.vcgov.org/parcel/summary/?altkey=2000601"},"geometry":{"type":"Polygon","coordinates":[[[-81.542285,29.321523],[-81.541932,29.321961],[-81.541689,29.322269],[-81.543468,29.323372],[-81.544649,29.321885],[-81.542879,29.320783],[-81.542285,29.321523]]]}},{"type":"Feature","id":"12127:374000000030","properties":{"id":"12127:374000000030","parcelId":"374000000030","countyFips":"12127","countyName":"Volusia","state":"Florida","marketIds":["Melbourne"],"situsAddress":"990 LAKE GEORGE RD","situsCity":"SEVILLE","situsZip":"32190","jurisdictionCode":null,"ownerName":"JW LAKE LLC","ownerName2":null,"propertyName":null,"zoningCode":null,"zoningDistrict":null,"jurisdictionPrefix":null,"dorCode":"0000","acreage":10.0,"centroid":[-81.548516,29.317229],"lastSale":{"date":"2016-05-02","price":35000.0,"qualified":null},"tax":{"marketValue":75000.0,"assessedValue":75000.0,"taxableValue":75000.0,"taxes":null},"mailingAddress":{"line1":"4321 S ATLANTIC AVE","line2":null,"city":"PONCE INLET","state":"FL","zip":"32127"},"incomeTract":null,"incomeBlockGroup":null,"nearestRoad":null,"flu":null,"opportunityZone":null,"oz2Eligibility":null,"source":"fl-volusia-open-data-12127","gisViewerUrl":"https://vcpa.vcgov.org/search/map","appraiserUrl":"https://vcpa.vcgov.org/parcel/summary/?altkey=2000619"},"geometry":{"type":"Polygon","coordinates":[[[-81.550178,29.317615],[-81.55018,29.317615],[-81.549856,29.317388],[-81.549681,29.317217],[-81.549584,29.317163],[-81.549454,29.317163],[-81.549287,29.317122],[-81.549193,29.317016],[-81.549045,29.316794],[-81.545328,29.316808],[-81.545271,29.317253],[-81.54513,29.317599],[-81.550178,29.317615]]]}},{"type":"Feature","id":"12127:470101000220","properties":{"id":"12127:470101000220","parcelId":"470101000220","countyFips":"12127","countyName":"Volusia","state":"Florida","marketIds":["Melbourne"],"situsAddress":"437 WINDY HILL RD","situsCity":"SEVILLE","situsZip":"32190","jurisdictionCode":null,"ownerName":"CROW CARL S","ownerName2":null,"propertyName":null,"zoningCode":null,"zoningDistrict":null,"jurisdictionPrefix":null,"dorCode":"0200","acreage":10.0,"centroid":[-81.503675,29.309132],"lastSale":{"date":"2025-09-18","price":100.0,"qualified":null},"tax":{"marketValue":136389.0,"assessedValue":71855.0,"taxableValue":46855.0,"taxes":null},"mailingAddress":{"line1":"437 WINDY HILL RD","line2":null,"city":"SEVILLE","state":"FL","zip":"32190"},"incomeTract":null,"incomeBlockGroup":null,"nearestRoad":null,"flu":null,"opportunityZone":null,"oz2Eligibility":null,"source":"fl-volusia-open-data-12127","gisViewerUrl":"https://vcpa.vcgov.org/search/map","appraiserUrl":"https://vcpa.vcgov.org/parcel/summary/?altkey=2000694"},"geometry":{"type":"Polygon","coordinates":[[[-81.502655,29.308195],[-81.502705,29.310112],[-81.50469,29.310067],[-81.504648,29.308155],[-81.502655,29.308195]]]}},{"type":"Feature","id":"12127:470101001870","properties":{"id":"12127:470101001870","parcelId":"470101001870","countyFips":"12127","countyName":"Volusia","state":"Florida","marketIds":["Melbourne"],"situsAddress":"685 NINEMILE POINT RD","situsCity":"PIERSON","situsZip":"32180","jurisdictionCode":null,"ownerName":"GARDNER JAMES ROBERT JR","ownerName2":null,"propertyName":null,"zoningCode":null,"zoningDistrict":null,"jurisdictionPrefix":null,"dorCode":"5600","acreage":10.0,"centroid":[-81.522155,29.270665],"lastSale":{"date":"2021-12-06","price":105000.0,"qualified":null},"tax":{"marketValue":92500.0,"assessedValue":1470.0,"taxableValue":1470.0,"taxes":null},"mailingAddress":{"line1":"29801 SW 209TH AVE","line2":null,"city":"HOMESTEAD","state":"FL","zip":"33030"},"incomeTract":null,"incomeBlockGroup":null,"nearestRoad":null,"flu":null,"opportunityZone":null,"oz2Eligibility":null,"source":"fl-volusia-open-data-12127","gisViewerUrl":"https://vcpa.vcgov.org/search/map","appraiserUrl":"https://vcpa.vcgov.org/parcel/summary/?altkey=2000783"},"geometry":{"type":"Polygon","coordinates":[[[-81.521689,29.269218],[-81.521664,29.269219],[-81.521841,29.27286],[-81.522891,29.272833],[-81.522691,29.269193],[-81.521689,29.269218]]]}},{"type":"Feature","id":"12127:470101001871","properties":{"id":"12127:470101001871","parcelId":"470101001871","countyFips":"12127","countyName":"Volusia","state":"Florida","marketIds":["Melbourne"],"situsAddress":"NINEMILE POINT RD","situsCity":"PIERSON","situsZip":"32180","jurisdictionCode":null,"ownerName":"VOLPI ELAINE SHEPHERD","ownerName2":null,"propertyName":null,"zoningCode":null,"zoningDistrict":null,"jurisdictionPrefix":null,"dorCode":"5500","acreage":10.0,"centroid":[-81.523212,29.27135],"lastSale":{"date":"2004-04-21","price":100.0,"qualified":null},"tax":{"marketValue":92500.0,"assessedValue":2090.0,"taxableValue":2090.0,"taxes":null},"mailingAddress":{"line1":"18909 CANYON RD","line2":null,"city":"FAIRVIEW PARK","state":"OH","zip":"44126"},"incomeTract":null,"incomeBlockGroup":null,"nearestRoad":null,"flu":null,"opportunityZone":null,"oz2Eligibility":null,"source":"fl-volusia-open-data-12127","gisViewerUrl":"https://vcpa.vcgov.org/search/map","appraiserUrl":"https://vcpa.vcgov.org/parcel/summary/?altkey=2000791"},"geometry":{"type":"Polygon","coordinates":[[[-81.522691,29.269193],[-81.522887,29.272754],[-81.522891,29.272833],[-81.523881,29.272804],[-81.52371,29.269167],[-81.522691,29.269193]]]}},{"type":"Feature","id":"12127:470101000221","properties":{"id":"12127:470101000221","parcelId":"470101000221","countyFips":"12127","countyName":"Volusia","state":"Florida","marketIds":["Melbourne"],"situsAddress":"445 WINDY HILL RD","situsCity":"SEVILLE","situsZip":"32190","jurisdictionCode":null,"ownerName":"COOK JOHN M","ownerName2":null,"propertyName":null,"zoningCode":null,"zoningDistrict":null,"jurisdictionPrefix":null,"dorCode":"0000","acreage":10.0,"centroid":[-81.505906,29.309097],"lastSale":{"date":"2003-05-15","price":45000.0,"qualified":null},"tax":{"marketValue":97618.0,"assessedValue":97617.0,"taxableValue":97617.0,"taxes":null},"mailingAddress":{"line1":"15100 FOREST LN","line2":null,"city":"LOXAHATCHEE","state":"FL","zip":"33470"},"incomeTract":null,"incomeBlockGroup":null,"nearestRoad":null,"flu":null,"opportunityZone":null,"oz2Eligibility":null,"source":"fl-volusia-open-data-12127","gisViewerUrl":"https://vcpa.vcgov.org/search/map","appraiserUrl":"https://vcpa.vcgov.org/parcel/summary/?altkey=4596828"},"geometry":{"type":"Polygon","coordinates":[[[-81.504648,29.308155],[-81.504648,29.308166],[-81.50469,29.310067],[-81.506696,29.310023],[-81.506686,29.309583],[-81.507004,29.309576],[-81.50697,29.308108],[-81.504648,29.308155]]]}},{"type":"Feature","id":"12127:373600000091","properties":{"id":"12127:373600000091","parcelId":"373600000091","countyFips":"12127","countyName":"Volusia","state":"Florida","marketIds":["Melbourne"],"situsAddress":"685 PURVIS RD","situsCity":"SEVILLE","situsZip":"32190","jurisdictionCode":null,"ownerName":"NEELY JAMES E JR","ownerName2":null,"propertyName":null,"zoningCode":null,"zoningDistrict":null,"jurisdictionPrefix":null,"dorCode":"0100","acreage":10.0,"centroid":[-81.517786,29.325095],"lastSale":{"date":"2026-09-02","price":100.0,"qualified":null},"tax":{"marketValue":437011.0,"assessedValue":301442.0,"taxableValue":276442.0,"taxes":null},"mailingAddress":{"line1":"685 PURVIS RD","line2":null,"city":"SEVILLE","state":"FL","zip":"32190"},"incomeTract":null,"incomeBlockGroup":null,"nearestRoad":null,"flu":null,"opportunityZone":null,"oz2Eligibility":null,"source":"fl-volusia-open-data-12127","gisViewerUrl":"https://vcpa.vcgov.org/search/map","appraiserUrl":"https://vcpa.vcgov.org/parcel/summary/?altkey=4777326"},"geometry":{"type":"Polygon","coordinates":[[[-81.517719,29.324356],[-81.516727,29.324374],[-81.516775,29.326219],[-81.518873,29.326192],[-81.518837,29.324335],[-81.517719,29.324356]]]}},{"type":"Feature","id":"12127:374000000051","properties":{"id":"12127:374000000051","parcelId":"374000000051","countyFips":"12127","countyName":"Volusia","state":"Florida","marketIds":["Melbourne"],"situsAddress":"& 960-970 LAKE GEORGE RD","situsCity":"SEVILLE","situsZip":"32190","jurisdictionCode":null,"ownerName":"LINDA R KILMER REV TRUST 3-11-08","ownerName2":null,"propertyName":null,"zoningCode":null,"zoningDistrict":null,"jurisdictionPrefix":null,"dorCode":"0000","acreage":10.0,"centroid":[-81.544718,29.319421],"lastSale":{"date":"2019-05-10","price":63571.0,"qualified":null},"tax":{"marketValue":110500.0,"assessedValue":110500.0,"taxableValue":110500.0,"taxes":null},"mailingAddress":{"line1":"911 NAUTILUS ISLE","line2":null,"city":"DANIA BEACH","state":"FL","zip":"33004"},"incomeTract":null,"incomeBlockGroup":null,"nearestRoad":null,"flu":null,"opportunityZone":null,"oz2Eligibility":null,"source":"fl-volusia-open-data-12127","gisViewerUrl":"https://vcpa.vcgov.org/search/map","appraiserUrl":"https://vcpa.vcgov.org/parcel/summary/?altkey=4376968"},"geometry":{"type":"Polygon","coordinates":[[[-81.544528,29.318701],[-81.544474,29.31878],[-81.544246,29.31909],[-81.543477,29.32004],[-81.54524,29.321139],[-81.546476,29.319582],[-81.544582,29.318617],[-81.544528,29.318701]]]}},{"type":"Feature","id":"12127:373600000063","properties":{"id":"12127:373600000063","parcelId":"373600000063","countyFips":"12127","countyName":"Volusia","state":"Florida","marketIds":["Melbourne"],"situsAddress":"603 PURVIS RD","situsCity":"SEVILLE","situsZip":"32190","jurisdictionCode":null,"ownerName":"STEINMAN GIGHA B","ownerName2":null,"propertyName":null,"zoningCode":null,"zoningDistrict":null,"jurisdictionPrefix":null,"dorCode":"6800","acreage":10.0,"centroid":[-81.520405,29.328516],"lastSale":{"date":"2012-07-30","price":123000.0,"qualified":null},"tax":{"marketValue":250570.0,"assessedValue":163736.0,"taxableValue":163736.0,"taxes":null},"mailingAddress":{"line1":"603 PURVIS RD","line2":null,"city":"SEVILLE","state":"FL","zip":"32190"},"incomeTract":null,"incomeBlockGroup":null,"nearestRoad":null,"flu":null,"opportunityZone":null,"oz2Eligibility":null,"source":"fl-volusia-open-data-12127","gisViewerUrl":"https://vcpa.vcgov.org/search/map","appraiserUrl":"https://vcpa.vcgov.org/parcel/summary/?altkey=5913619"},"geometry":{"type":"Polygon","coordinates":[[[-81.520988,29.328012],[-81.520612,29.328018],[-81.518909,29.328055],[-81.51894,29.329526],[-81.521499,29.329485],[-81.521481,29.327998],[-81.520988,29.328012]]]}},{"type":"Feature","id":"12127:381901000101","properties":{"id":"12127:381901000101","parcelId":"381901000101","countyFips":"12127","countyName":"Volusia","state":"Florida","marketIds":["Melbourne"],"situsAddress":"2290 MCBRIDE RD","situsCity":"SEVILLE","situsZip":"32190","jurisdictionCode":null,"ownerName":"MCNAUGHTON BRAD S","ownerName2":null,"propertyName":null,"zoningCode":null,"zoningDistrict":null,"jurisdictionPrefix":null,"dorCode":"6100","acreage":10.0,"centroid":[-81.509387,29.351716],"lastSale":{"date":"2007-12-02","price":100.0,"qualified":null},"tax":{"marketValue":401053.0,"assessedValue":141709.0,"taxableValue":116709.0,"taxes":null},"mailingAddress":{"line1":"361 LAKE GEORGE RD","line2":null,"city":"SEVILLE","state":"FL","zip":"32190"},"incomeTract":null,"incomeBlockGroup":null,"nearestRoad":null,"flu":null,"opportunityZone":null,"oz2Eligibility":null,"source":"fl-volusia-open-data-12127","gisViewerUrl":"https://vcpa.vcgov.org/search/map","appraiserUrl":"https://vcpa.vcgov.org/parcel/summary/?altkey=6631107"},"geometry":{"type":"Polygon","coordinates":[[[-81.507981,29.35339],[-81.510712,29.353301],[-81.510607,29.350857],[-81.51049,29.350939],[-81.510395,29.35107],[-81.510296,29.351275],[-81.510085,29.351519],[-81.509935,29.351524],[-81.509672,29.35169],[-81.509422,29.351667],[-81.509315,29.351729],[-81.509106,29.351747],[-81.508901,29.351714],[-81.508811,29.351727],[-81.508696,29.351665],[-81.508512,29.351742],[-81.50814,29.351706],[-81.507894,29.351631],[-81.507981,29.35339]]]}},{"type":"Feature","id":"12127:381800000043","properties":{"id":"12127:381800000043","parcelId":"381800000043","countyFips":"12127","countyName":"Volusia","state":"Florida","marketIds":["Melbourne"],"situsAddress":"160 REGISTER LN","situsCity":"SEVILLE","situsZip":"32190","jurisdictionCode":null,"ownerName":"REGISTER JAMES M","ownerName2":null,"propertyName":null,"zoningCode":null,"zoningDistrict":null,"jurisdictionPrefix":null,"dorCode":"6900","acreage":10.0,"centroid":[-81.509201,29.361044],"lastSale":{"date":"2016-06-20","price":100.0,"qualified":null},"tax":{"marketValue":241873.0,"assessedValue":104758.0,"taxableValue":79758.0,"taxes":null},"mailingAddress":{"line1":"160 REGISTER LN","line2":null,"city":"SEVILLE","state":"FL","zip":"32190"},"incomeTract":null,"incomeBlockGroup":null,"nearestRoad":null,"flu":null,"opportunityZone":null,"oz2Eligibility":null,"source":"fl-volusia-open-data-12127","gisViewerUrl":"https://vcpa.vcgov.org/search/map","appraiserUrl":"https://vcpa.vcgov.org/parcel/summary/?altkey=7873915"},"geometry":{"type":"Polygon","coordinates":[[[-81.509046,29.361154],[-81.509201,29.361427],[-81.509201,29.362027],[-81.510374,29.361994],[-81.51033,29.361349],[-81.509724,29.360788],[-81.509761,29.359743],[-81.50765,29.359815],[-81.507737,29.361091],[-81.508991,29.361056],[-81.509046,29.361154]]]}},{"type":"Feature","id":"12127:372500000190","properties":{"id":"12127:372500000190","parcelId":"372500000190","countyFips":"12127","countyName":"Volusia","state":"Florida","marketIds":["Melbourne"],"situsAddress":"JOE PITTMAN RD","situsCity":"SEVILLE","situsZip":"32190","jurisdictionCode":null,"ownerName":"LINDA L SIMPSON REV TRUST 2-19-18","ownerName2":null,"propertyName":null,"zoningCode":null,"zoningDistrict":null,"jurisdictionPrefix":null,"dorCode":"6100","acreage":10.0,"centroid":[-81.52419,29.332249],"lastSale":{"date":"2018-03-19","price":100.0,"qualified":null},"tax":{"marketValue":100000.0,"assessedValue":1168.0,"taxableValue":1168.0,"taxes":null},"mailingAddress":{"line1":"725 JOE PITTMAN RD","line2":null,"city":"SEVILLE","state":"FL","zip":"32190"},"incomeTract":null,"incomeBlockGroup":null,"nearestRoad":null,"flu":null,"opportunityZone":null,"oz2Eligibility":null,"source":"fl-volusia-open-data-12127","gisViewerUrl":"https://vcpa.vcgov.org/search/map","appraiserUrl":"https://vcpa.vcgov.org/parcel/summary/?altkey=6870667"},"geometry":{"type":"Polygon","coordinates":[[[-81.524069,29.33152],[-81.523182,29.331532],[-81.52324,29.333363],[-81.525252,29.333324],[-81.525206,29.331504],[-81.524069,29.33152]]]}},{"type":"Feature","id":"12127:373600000064","properties":{"id":"12127:373600000064","parcelId":"373600000064","countyFips":"12127","countyName":"Volusia","state":"Florida","marketIds":["Melbourne"],"situsAddress":"601 PURVIS RD","situsCity":"SEVILLE","situsZip":"32190","jurisdictionCode":null,"ownerName":"CHAFFIN DALE E","ownerName2":null,"propertyName":null,"zoningCode":null,"zoningDistrict":null,"jurisdictionPrefix":null,"dorCode":"0200","acreage":10.0,"centroid":[-81.5222,29.329131],"lastSale":{"date":"2015-02-12","price":80000.0,"qualified":null},"tax":{"marketValue":266673.0,"assessedValue":154861.0,"taxableValue":129861.0,"taxes":null},"mailingAddress":{"line1":"601 PURVIS RD","line2":null,"city":"SEVILLE","state":"FL","zip":"32190"},"incomeTract":null,"incomeBlockGroup":null,"nearestRoad":null,"flu":null,"opportunityZone":null,"oz2Eligibility":null,"source":"fl-volusia-open-data-12127","gisViewerUrl":"https://vcpa.vcgov.org/search/map","appraiserUrl":"https://vcpa.vcgov.org/parcel/summary/?altkey=7044200"},"geometry":{"type":"Polygon","coordinates":[[[-81.521481,29.327998],[-81.521499,29.329485],[-81.521514,29.330137],[-81.52327,29.330087],[-81.523237,29.327948],[-81.521481,29.327998]]]}},{"type":"Feature","id":"12127:381901000231","properties":{"id":"12127:381901000231","parcelId":"381901000231","countyFips":"12127","countyName":"Volusia","state":"Florida","marketIds":["Melbourne"],"situsAddress":"REGISTER LN","situsCity":"SEVILLE","situsZip":"32190","jurisdictionCode":null,"ownerName":"REGISTER JAMES W JR TR","ownerName2":null,"propertyName":null,"zoningCode":null,"zoningDistrict":null,"jurisdictionPrefix":null,"dorCode":"6100","acreage":9.93,"centroid":[-81.505139,29.355856],"lastSale":{"date":"1991-10-15","price":100.0,"qualified":null},"tax":{"marketValue":109056.0,"assessedValue":2843.0,"taxableValue":2843.0,"taxes":null},"mailingAddress":{"line1":"PO BOX 397","line2":null,"city":"SEVILLE","state":"FL","zip":"32190"},"incomeTract":null,"incomeBlockGroup":null,"nearestRoad":null,"flu":null,"opportunityZone":null,"oz2Eligibility":null,"source":"fl-volusia-open-data-12127","gisViewerUrl":"https://vcpa.vcgov.org/search/map","appraiserUrl":"https://vcpa.vcgov.org/parcel/summary/?altkey=6116164"},"geometry":{"type":"Polygon","coordinates":[[[-81.504746,29.356089],[-81.507485,29.355957],[-81.507602,29.355951],[-81.50755,29.355788],[-81.507473,29.355757],[-81.507433,29.355714],[-81.507401,29.355571],[-81.507272,29.35521],[-81.507289,29.355021],[-81.507359,29.354896],[-81.507504,29.354746],[-81.507729,29.354672],[-81.507818,29.354691],[-81.508054,29.354856],[-81.508,29.353759],[-81.507584,29.353768],[-81.507583,29.354114],[-81.507204,29.354353],[-81.506794,29.354825],[-81.50679,29.355333],[-81.50511,29.355366],[-81.505118,29.353821],[-81.50356,29.353855],[-81.503575,29.354497],[-81.50369,29.354496],[-81.504746,29.356089]]]}},{"type":"Feature","id":"12127:38190100010B","properties":{"id":"12127:38190100010B","parcelId":"38190100010B","countyFips":"12127","countyName":"Volusia","state":"Florida","marketIds":["Melbourne"],"situsAddress":"MCBRIDE RD","situsCity":"SEVILLE","situsZip":"32190","jurisdictionCode":null,"ownerName":"HENRY ENTERPRISES II LLC","ownerName2":null,"propertyName":null,"zoningCode":null,"zoningDistrict":null,"jurisdictionPrefix":null,"dorCode":"6200","acreage":9.9,"centroid":[-81.514199,29.357704],"lastSale":{"date":"2013-02-05","price":100.0,"qualified":null},"tax":{"marketValue":61790.0,"assessedValue":879.0,"taxableValue":879.0,"taxes":null},"mailingAddress":{"line1":"PO BOX 562","line2":null,"city":"SEVILLE","state":"FL","zip":"32190"},"incomeTract":null,"incomeBlockGroup":null,"nearestRoad":null,"flu":null,"opportunityZone":null,"oz2Eligibility":null,"source":"fl-volusia-open-data-12127","gisViewerUrl":"https://vcpa.vcgov.org/search/map","appraiserUrl":"https://vcpa.vcgov.org/parcel/summary/?altkey=7375851"},"geometry":{"type":"Polygon","coordinates":[[[-81.515009,29.35797],[-81.515086,29.358012],[-81.515228,29.358073],[-81.515381,29.358105],[-81.515236,29.356166],[-81.51318,29.356256],[-81.513097,29.357187],[-81.513211,29.357369],[-81.513411,29.357606],[-81.513512,29.35789],[-81.513605,29.357998],[-81.513682,29.358039],[-81.513835,29.358045],[-81.513912,29.358076],[-81.514089,29.358069],[-81.514591,29.357963],[-81.514678,29.357926],[-81.514842,29.35792],[-81.515009,29.35797]]]}},{"type":"Feature","id":"12127:383100010010","properties":{"id":"12127:383100010010","parcelId":"383100010010","countyFips":"12127","countyName":"Volusia","state":"Florida","marketIds":["Melbourne"],"situsAddress":"MCBRIDE RD","situsCity":"SEVILLE","situsZip":"32190","jurisdictionCode":null,"ownerName":"FERGUSON GEORGE A EST","ownerName2":null,"propertyName":null,"zoningCode":null,"zoningDistrict":null,"jurisdictionPrefix":null,"dorCode":"0000","acreage":9.8816,"centroid":[-81.509465,29.329145],"lastSale":{"date":null,"price":null,"qualified":null},"tax":{"marketValue":148224.0,"assessedValue":null,"taxableValue":null,"taxes":null},"mailingAddress":{"line1":"PO BOX 105","line2":null,"city":"SEVILLE","state":"FL","zip":"32190"},"incomeTract":null,"incomeBlockGroup":null,"nearestRoad":null,"flu":null,"opportunityZone":null,"oz2Eligibility":null,"source":"fl-volusia-open-data-12127","gisViewerUrl":"https://vcpa.vcgov.org/search/map","appraiserUrl":"https://vcpa.vcgov.org/parcel/summary/?altkey=8029548"},"geometry":{"type":"Polygon","coordinates":[[[-81.510337,29.32812],[-81.508544,29.32817],[-81.508583,29.330165],[-81.510397,29.330124],[-81.510337,29.32812]]]}},{"type":"Feature","id":"12127:382000000186","properties":{"id":"12127:382000000186","parcelId":"382000000186","countyFips":"12127","countyName":"Volusia","state":"Florida","marketIds":["Melbourne"],"situsAddress":"HAY BARN DR","situsCity":"SEVILLE","situsZip":"32190","jurisdictionCode":null,"ownerName":"EAST BAILEY PROPERTIES LLC","ownerName2":null,"propertyName":null,"zoningCode":null,"zoningDistrict":null,"jurisdictionPrefix":null,"dorCode":"5300","acreage":9.71,"centroid":[-81.500327,29.357147],"lastSale":{"date":"2006-01-17","price":658000.0,"qualified":null},"tax":{"marketValue":184855.0,"assessedValue":4289.0,"taxableValue":4289.0,"taxes":null},"mailingAddress":{"line1":"250 RIVERSIDE DR","line2":null,"city":"ORMOND BEACH","state":"FL","zip":"32176"},"incomeTract":null,"incomeBlockGroup":null,"nearestRoad":null,"flu":null,"opportunityZone":null,"oz2Eligibility":null,"source":"fl-volusia-open-data-12127","gisViewerUrl":"https://vcpa.vcgov.org/search/map","appraiserUrl":"https://vcpa.vcgov.org/parcel/summary/?altkey=6399387"},"geometry":{"type":"Polygon","coordinates":[[[-81.499529,29.357876],[-81.499529,29.357888],[-81.501568,29.357818],[-81.501537,29.35604],[-81.499473,29.356111],[-81.499529,29.357876]]]}},{"type":"Feature","id":"12127:480600000022","properties":{"id":"12127:480600000022","parcelId":"480600000022","countyFips":"12127","countyName":"Volusia","state":"Florida","marketIds":["Melbourne"],"situsAddress":"1440 TILLY BYRD RD","situsCity":"SEVILLE","situsZip":"32190","jurisdictionCode":null,"ownerName":"TYLER CHUN OK","ownerName2":null,"propertyName":null,"zoningCode":null,"zoningDistrict":null,"jurisdictionPrefix":null,"dorCode":"0100","acreage":9.62,"centroid":[-81.504786,29.311262],"lastSale":{"date":"2018-04-10","price":400000.0,"qualified":null},"tax":{"marketValue":637848.0,"assessedValue":380766.0,"taxableValue":350766.0,"taxes":null},"mailingAddress":{"line1":"1440 TILLY BYRD RD","line2":null,"city":"SEVILLE","state":"FL","zip":"32190"},"incomeTract":null,"incomeBlockGroup":null,"nearestRoad":null,"flu":null,"opportunityZone":null,"oz2Eligibility":null,"source":"fl-volusia-open-data-12127","gisViewerUrl":"https://vcpa.vcgov.org/search/map","appraiserUrl":"https://vcpa.vcgov.org/parcel/summary/?altkey=2010045"},"geometry":{"type":"Polygon","coordinates":[[[-81.502729,29.31106],[-81.50275,29.311871],[-81.50689,29.311779],[-81.506868,29.310899],[-81.504738,29.310947],[-81.504739,29.311015],[-81.502729,29.31106]]]}},{"type":"Feature","id":"12127:373600000103","properties":{"id":"12127:373600000103","parcelId":"373600000103","countyFips":"12127","countyName":"Volusia","state":"Florida","marketIds":["Melbourne"],"situsAddress":"711 PURVIS RD","situsCity":"SEVILLE","situsZip":"32190","jurisdictionCode":null,"ownerName":"DUBOWSKY ROBERT","ownerName2":null,"propertyName":null,"zoningCode":null,"zoningDistrict":null,"jurisdictionPrefix":null,"dorCode":"6400","acreage":9.44,"centroid":[-81.520286,29.322531],"lastSale":{"date":"2010-07-26","price":40000.0,"qualified":null},"tax":{"marketValue":70615.0,"assessedValue":250.0,"taxableValue":250.0,"taxes":null},"mailingAddress":{"line1":"348 PALM CIR","line2":null,"city":"FLAGLER BEACH","state":"FL","zip":"32136"},"incomeTract":null,"incomeBlockGroup":null,"nearestRoad":null,"flu":null,"opportunityZone":null,"oz2Eligibility":null,"source":"fl-volusia-open-data-12127","gisViewerUrl":"https://vcpa.vcgov.org/search/map","appraiserUrl":"https://vcpa.vcgov.org/parcel/summary/?altkey=2000571"},"geometry":{"type":"Polygon","coordinates":[[[-81.519752,29.320764],[-81.519822,29.324318],[-81.520851,29.324299],[-81.520719,29.320742],[-81.519752,29.320764]]]}},{"type":"Feature","id":"12127:381800000040","properties":{"id":"12127:381800000040","parcelId":"381800000040","countyFips":"12127","countyName":"Volusia","state":"Florida","marketIds":["Melbourne"],"situsAddress":"180 REGISTER LN","situsCity":"SEVILLE","situsZip":"32190","jurisdictionCode":null,"ownerName":"REGISTER JAMES W JR TR","ownerName2":null,"propertyName":null,"zoningCode":null,"zoningDistrict":null,"jurisdictionPrefix":null,"dorCode":"6900","acreage":9.05,"centroid":[-81.510111,29.360936],"lastSale":{"date":"1991-10-15","price":100.0,"qualified":null},"tax":{"marketValue":108279.0,"assessedValue":36904.0,"taxableValue":36904.0,"taxes":null},"mailingAddress":{"line1":"PO BOX 397","line2":null,"city":"SEVILLE","state":"FL","zip":"32190"},"incomeTract":null,"incomeBlockGroup":null,"nearestRoad":null,"flu":null,"opportunityZone":null,"oz2Eligibility":null,"source":"fl-volusia-open-data-12127","gisViewerUrl":"https://vcpa.vcgov.org/search/map","appraiserUrl":"https://vcpa.vcgov.org/parcel/summary/?altkey=2003022"},"geometry":{"type":"Polygon","coordinates":[[[-81.509727,29.36072],[-81.509724,29.360788],[-81.510435,29.361461],[-81.510406,29.361031],[-81.509767,29.360501],[-81.509776,29.359247],[-81.506114,29.359433],[-81.506992,29.36122],[-81.509046,29.361154],[-81.508991,29.361056],[-81.507737,29.361091],[-81.50765,29.359815],[-81.509761,29.359743],[-81.509727,29.36072]]]}},{"type":"Feature","id":"12127:383000000040","properties":{"id":"12127:383000000040","parcelId":"383000000040","countyFips":"12127","countyName":"Volusia","state":"Florida","marketIds":["Melbourne"],"situsAddress":"2347 MCBRIDE RD","situsCity":"SEVILLE","situsZip":"32190","jurisdictionCode":null,"ownerName":"REVELS DERWARD L","ownerName2":null,"propertyName":null,"zoningCode":null,"zoningDistrict":null,"jurisdictionPrefix":null,"dorCode":"0100","acreage":9.0,"centroid":[-81.50469,29.341075],"lastSale":{"date":"2023-12-22","price":420000.0,"qualified":null},"tax":{"marketValue":429764.0,"assessedValue":430568.0,"taxableValue":405568.0,"taxes":null},"mailingAddress":{"line1":"2347 MCBRIDE RD","line2":null,"city":"SEVILLE","state":"FL","zip":"32190"},"incomeTract":null,"incomeBlockGroup":null,"nearestRoad":null,"flu":null,"opportunityZone":null,"oz2Eligibility":null,"source":"fl-volusia-open-data-12127","gisViewerUrl":"https://vcpa.vcgov.org/search/map","appraiserUrl":"https://vcpa.vcgov.org/parcel/summary/?altkey=2004347"},"geometry":{"type":"Polygon","coordinates":[[[-81.503337,29.343104],[-81.50334,29.343285],[-81.504991,29.342596],[-81.505351,29.34251],[-81.505324,29.3417],[-81.505516,29.341608],[-81.505723,29.341408],[-81.505489,29.341418],[-81.505261,29.341361],[-81.505056,29.341212],[-81.504955,29.341111],[-81.504936,29.341044],[-81.504946,29.340881],[-81.504986,29.340802],[-81.505051,29.340732],[-81.505096,29.340615],[-81.505075,29.340466],[-81.505001,29.340391],[-81.50441,29.340118],[-81.504045,29.340005],[-81.503862,29.339926],[-81.503807,29.339896],[-81.503709,29.339797],[-81.503289,29.33981],[-81.503337,29.343104]]]}},{"type":"Feature","id":"12127:373600000050","properties":{"id":"12127:373600000050","parcelId":"373600000050","countyFips":"12127","countyName":"Volusia","state":"Florida","marketIds":["Melbourne"],"situsAddress":"LAKE GEORGE RD","situsCity":"SEVILLE","situsZip":"32190","jurisdictionCode":null,"ownerName":"COUNTY OF VOLUSIA","ownerName2":null,"propertyName":null,"zoningCode":null,"zoningDistrict":null,"jurisdictionPrefix":null,"dorCode":"8000","acreage":8.68,"centroid":[-81.522109,29.320248],"lastSale":{"date":"2003-07-31","price":24000.0,"qualified":null},"tax":{"marketValue":14756.0,"assessedValue":14756.0,"taxableValue":null,"taxes":null},"mailingAddress":{"line1":"123 W INDIANA AVE","line2":null,"city":"DELAND","state":"FL","zip":"32720"},"incomeTract":null,"incomeBlockGroup":null,"nearestRoad":null,"flu":null,"opportunityZone":null,"oz2Eligibility":null,"source":"fl-volusia-open-data-12127","gisViewerUrl":"https://vcpa.vcgov.org/search/map","appraiserUrl":"https://vcpa.vcgov.org/parcel/summary/?altkey=2000481"},"geometry":{"type":"Polygon","coordinates":[[[-81.520719,29.320742],[-81.522818,29.320696],[-81.524241,29.320664],[-81.520657,29.318889],[-81.520719,29.320742]]]}},{"type":"Feature","id":"12127:381901000102","properties":{"id":"12127:381901000102","parcelId":"381901000102","countyFips":"12127","countyName":"Volusia","state":"Florida","marketIds":["Melbourne"],"situsAddress":"MCBRIDE RD","situsCity":"SEVILLE","situsZip":"32190","jurisdictionCode":null,"ownerName":"HENRY MICAH","ownerName2":null,"propertyName":null,"zoningCode":null,"zoningDistrict":null,"jurisdictionPrefix":null,"dorCode":"6900","acreage":8.34,"centroid":[-81.516863,29.359672],"lastSale":{"date":"2020-09-09","price":100.0,"qualified":null},"tax":{"marketValue":44202.0,"assessedValue":7189.0,"taxableValue":7189.0,"taxes":null},"mailingAddress":{"line1":"PO BOX 455","line2":null,"city":"SEVILLE","state":"FL","zip":"32190"},"incomeTract":null,"incomeBlockGroup":null,"nearestRoad":null,"flu":null,"opportunityZone":null,"oz2Eligibility":null,"source":"fl-volusia-open-data-12127","gisViewerUrl":"https://vcpa.vcgov.org/search/map","appraiserUrl":"https://vcpa.vcgov.org/parcel/summary/?altkey=6861439"},"geometry":{"type":"Polygon","coordinates":[[[-81.517167,29.359333],[-81.517245,29.359386],[-81.517236,29.359452],[-81.516794,29.35949],[-81.516695,29.359549],[-81.516697,29.359604],[-81.516862,29.359898],[-81.516776,29.359978],[-81.516705,29.360102],[-81.516671,29.360192],[-81.516666,29.360381],[-81.51662,29.360482],[-81.516547,29.36054],[-81.516487,29.36063],[-81.516371,29.360917],[-81.517878,29.360869],[-81.517757,29.358427],[-81.515849,29.358571],[-81.51595,29.35869],[-81.516185,29.358859],[-81.516319,29.35902],[-81.516514,29.359157],[-81.51665,29.359374],[-81.516726,29.359382],[-81.516863,29.359333],[-81.517167,29.359333]]]}},{"type":"Feature","id":"12127:480600000112","properties":{"id":"12127:480600000112","parcelId":"480600000112","countyFips":"12127","countyName":"Volusia","state":"Florida","marketIds":["Melbourne"],"situsAddress":"LAKE GEORGE RD","situsCity":"SEVILLE","situsZip":"32190","jurisdictionCode":null,"ownerName":"PREVATT JENNIFER M","ownerName2":null,"propertyName":null,"zoningCode":null,"zoningDistrict":null,"jurisdictionPrefix":null,"dorCode":"6900","acreage":8.0158,"centroid":[-81.511838,29.314548],"lastSale":{"date":"2025-07-29","price":100.0,"qualified":null},"tax":{"marketValue":40457.0,"assessedValue":8651.0,"taxableValue":8651.0,"taxes":null},"mailingAddress":{"line1":"PO BOX 395","line2":null,"city":"SEVILLE","state":"FL","zip":"32190"},"incomeTract":null,"incomeBlockGroup":null,"nearestRoad":null,"flu":null,"opportunityZone":null,"oz2Eligibility":null,"source":"fl-volusia-open-data-12127","gisViewerUrl":"https://vcpa.vcgov.org/search/map","appraiserUrl":"https://vcpa.vcgov.org/parcel/summary/?altkey=8013561"},"geometry":{"type":"Polygon","coordinates":[[[-81.511216,29.313611],[-81.51108,29.313614],[-81.511113,29.31488],[-81.511993,29.314886],[-81.511975,29.315619],[-81.512766,29.315639],[-81.512722,29.313586],[-81.511216,29.313611]]]}},{"type":"Feature","id":"12127:382000000030","properties":{"id":"12127:382000000030","parcelId":"382000000030","countyFips":"12127","countyName":"Volusia","state":"Florida","marketIds":["Melbourne"],"situsAddress":"2405 N US HWY 17","situsCity":"SEVILLE","situsZip":"32190","jurisdictionCode":null,"ownerName":"STARLING NURSERY INC","ownerName2":null,"propertyName":null,"zoningCode":null,"zoningDistrict":null,"jurisdictionPrefix":null,"dorCode":"6900","acreage":8.0,"centroid":[-81.50246,29.35479],"lastSale":{"date":"2021-01-15","price":75000.0,"qualified":null},"tax":{"marketValue":164000.0,"assessedValue":9080.0,"taxableValue":9080.0,"taxes":null},"mailingAddress":{"line1":"PO BOX 494","line2":null,"city":"SEVILLE","state":"FL","zip":"32190"},"incomeTract":null,"incomeBlockGroup":null,"nearestRoad":null,"flu":null,"opportunityZone":null,"oz2Eligibility":null,"source":"fl-volusia-open-data-12127","gisViewerUrl":"https://vcpa.vcgov.org/search/map","appraiserUrl":"https://vcpa.vcgov.org/parcel/summary/?altkey=2003154"},"geometry":{"type":"MultiPolygon","coordinates":[[[[-81.501502,29.354036],[-81.501531,29.355697],[-81.503516,29.355628],[-81.503012,29.354597],[-81.50274,29.353993],[-81.501502,29.354036]]],[[[-81.503206,29.353982],[-81.503357,29.3543],[-81.503353,29.353972],[-81.503206,29.353982]]]]}},{"type":"Feature","id":"12127:383100000180","properties":{"id":"12127:383100000180","parcelId":"383100000180","countyFips":"12127","countyName":"Volusia","state":"Florida","marketIds":["Melbourne"],"situsAddress":"1910 MCBRIDE RD","situsCity":"SEVILLE","situsZip":"32190","jurisdictionCode":null,"ownerName":"WRIGHT MARY AGNES","ownerName2":null,"propertyName":null,"zoningCode":null,"zoningDistrict":null,"jurisdictionPrefix":null,"dorCode":"6900","acreage":8.0,"centroid":[-81.50522,29.324299],"lastSale":{"date":"2024-11-25","price":100.0,"qualified":"11"},"tax":{"marketValue":421820.0,"assessedValue":165267.0,"taxableValue":140267.0,"taxes":null},"mailingAddress":{"line1":"PO BOX 419","line2":null,"city":"SEVILLE","state":"FL","zip":"32190"},"incomeTract":null,"incomeBlockGroup":null,"nearestRoad":null,"flu":null,"opportunityZone":null,"oz2Eligibility":null,"source":"fl-volusia-open-data-12127","gisViewerUrl":"https://vcpa.vcgov.org/search/map","appraiserUrl":"https://vcpa.vcgov.org/parcel/summary/?altkey=2004720"},"geometry":{"type":"Polygon","coordinates":[[[-81.503259,29.324768],[-81.504092,29.324746],[-81.507153,29.324738],[-81.506578,29.324284],[-81.506206,29.324069],[-81.506025,29.323998],[-81.505326,29.323857],[-81.503124,29.323931],[-81.503259,29.324768]]]}},{"type":"Feature","id":"12127:372500000090","properties":{"id":"12127:372500000090","parcelId":"372500000090","countyFips":"12127","countyName":"Volusia","state":"Florida","marketIds":["Melbourne"],"situsAddress":"2130 NELSON AVE","situsCity":"SEVILLE","situsZip":"32190","jurisdictionCode":null,"ownerName":"NELSON SANDRA L","ownerName2":null,"propertyName":null,"zoningCode":null,"zoningDistrict":null,"jurisdictionPrefix":null,"dorCode":"0100","acreage":8.0,"centroid":[-81.521619,29.337262],"lastSale":{"date":"2016-12-06","price":100.0,"qualified":null},"tax":{"marketValue":301955.0,"assessedValue":177056.0,"taxableValue":152056.0,"taxes":null},"mailingAddress":{"line1":"4940 SR 11","line2":null,"city":"DE LEON SPRINGS","state":"FL","zip":"32130"},"incomeTract":null,"incomeBlockGroup":null,"nearestRoad":null,"flu":null,"opportunityZone":null,"oz2Eligibility":null,"source":"fl-volusia-open-data-12127","gisViewerUrl":"https://vcpa.vcgov.org/search/map","appraiserUrl":"https://vcpa.vcgov.org/parcel/summary/?altkey=2000155"},"geometry":{"type":"Polygon","coordinates":[[[-81.521199,29.337373],[-81.52121,29.337763],[-81.521226,29.338348],[-81.52248,29.338334],[-81.522423,29.335877],[-81.521174,29.335878],[-81.521199,29.337373]]]}},{"type":"Feature","id":"12127:383100000100","properties":{"id":"12127:383100000100","parcelId":"383100000100","countyFips":"12127","countyName":"Volusia","state":"Florida","marketIds":["Melbourne"],"situsAddress":"1985 MCBRIDE RD","situsCity":"SEVILLE","situsZip":"32190","jurisdictionCode":null,"ownerName":"TOLLISON FOLIAGE LLC","ownerName2":null,"propertyName":null,"zoningCode":null,"zoningDistrict":null,"jurisdictionPrefix":null,"dorCode":"6900","acreage":7.9,"centroid":[-81.510498,29.324038],"lastSale":{"date":"2014-05-20","price":100.0,"qualified":null},"tax":{"marketValue":159032.0,"assessedValue":105355.0,"taxableValue":105355.0,"taxes":null},"mailingAddress":{"line1":"1975 MCBRIDE RD","line2":null,"city":"SEVILLE","state":"FL","zip":"32190"},"incomeTract":null,"incomeBlockGroup":null,"nearestRoad":null,"flu":null,"opportunityZone":null,"oz2Eligibility":null,"source":"fl-volusia-open-data-12127","gisViewerUrl":"https://vcpa.vcgov.org/search/map","appraiserUrl":"https://vcpa.vcgov.org/parcel/summary/?altkey=2004649"},"geometry":{"type":"Polygon","coordinates":[[[-81.510591,29.325564],[-81.511407,29.325544],[-81.511324,29.32277],[-81.511054,29.322938],[-81.510628,29.323338],[-81.510209,29.323477],[-81.509342,29.323593],[-81.50937,29.324583],[-81.510561,29.324538],[-81.510591,29.325564]]]}},{"type":"Feature","id":"12127:383001000019","properties":{"id":"12127:383001000019","parcelId":"383001000019","countyFips":"12127","countyName":"Volusia","state":"Florida","marketIds":["Melbourne"],"situsAddress":"MCBRIDE RD","situsCity":"SEVILLE","situsZip":"32190","jurisdictionCode":null,"ownerName":"HENRY MICAH W","ownerName2":null,"propertyName":null,"zoningCode":null,"zoningDistrict":null,"jurisdictionPrefix":null,"dorCode":"5300","acreage":7.8058,"centroid":[-81.513343,29.342597],"lastSale":{"date":"2012-09-20","price":100.0,"qualified":null},"tax":{"marketValue":111233.0,"assessedValue":null,"taxableValue":null,"taxes":null},"mailingAddress":{"line1":"PO BOX 455","line2":null,"city":"SEVILLE","state":"FL","zip":"32190"},"incomeTract":null,"incomeBlockGroup":null,"nearestRoad":null,"flu":null,"opportunityZone":null,"oz2Eligibility":null,"source":"fl-volusia-open-data-12127","gisViewerUrl":"https://vcpa.vcgov.org/search/map","appraiserUrl":"https://vcpa.vcgov.org/parcel/summary/?altkey=8029442"},"geometry":{"type":"Polygon","coordinates":[[[-81.512821,29.341367],[-81.512889,29.34227],[-81.512877,29.342417],[-81.512798,29.342587],[-81.512643,29.342735],[-81.512484,29.342809],[-81.513235,29.34299],[-81.513872,29.343192],[-81.514265,29.343369],[-81.514445,29.343532],[-81.514448,29.341296],[-81.512821,29.341367]]]}},{"type":"Feature","id":"12127:383001000011","properties":{"id":"12127:383001000011","parcelId":"383001000011","countyFips":"12127","countyName":"Volusia","state":"Florida","marketIds":["Melbourne"],"situsAddress":"2230 MCBRIDE RD","situsCity":"SEVILLE","situsZip":"32190","jurisdictionCode":null,"ownerName":"HENRY DOUGLAS E","ownerName2":null,"propertyName":null,"zoningCode":null,"zoningDistrict":null,"jurisdictionPrefix":null,"dorCode":"6100","acreage":7.79,"centroid":[-81.511748,29.344975],"lastSale":{"date":"2008-06-18","price":100.0,"qualified":null},"tax":{"marketValue":256303.0,"assessedValue":86135.0,"taxableValue":61135.0,"taxes":null},"mailingAddress":{"line1":"2230 MCBRIDE RD","line2":null,"city":"SEVILLE","state":"FL","zip":"32190"},"incomeTract":null,"incomeBlockGroup":null,"nearestRoad":null,"flu":null,"opportunityZone":null,"oz2Eligibility":null,"source":"fl-volusia-open-data-12127","gisViewerUrl":"https://vcpa.vcgov.org/search/map","appraiserUrl":"https://vcpa.vcgov.org/parcel/summary/?altkey=6911380"},"geometry":{"type":"Polygon","coordinates":[[[-81.511294,29.345129],[-81.5113,29.34515],[-81.511339,29.345195],[-81.511475,29.345467],[-81.511636,29.345661],[-81.511799,29.345791],[-81.51186,29.345888],[-81.511901,29.346063],[-81.511759,29.346334],[-81.513112,29.346322],[-81.513105,29.345109],[-81.512966,29.345109],[-81.512915,29.344893],[-81.512759,29.344955],[-81.512629,29.344938],[-81.512474,29.344878],[-81.512383,29.344819],[-81.512226,29.344668],[-81.512099,29.344502],[-81.51209,29.344346],[-81.511987,29.344301],[-81.511898,29.344337],[-81.511842,29.344394],[-81.511803,29.344524],[-81.511708,29.344674],[-81.511544,29.344767],[-81.511457,29.344785],[-81.511295,29.344731],[-81.511242,29.344662],[-81.511231,29.344579],[-81.511197,29.344556],[-81.511144,29.34456],[-81.511071,29.344606],[-81.511015,29.344745],[-81.510925,29.344822],[-81.510906,29.344878],[-81.51109,29.344836],[-81.511193,29.344858],[-81.511345,29.344934],[-81.51145,29.344962],[-81.511604,29.344963],[-81.511721,29.344938],[-81.511734,29.345032],[-81.511668,29.345089],[-81.511488,29.345124],[-81.511294,29.345129]]]}},{"type":"Feature","id":"12127:383100000210","properties":{"id":"12127:383100000210","parcelId":"383100000210","countyFips":"12127","countyName":"Volusia","state":"Florida","marketIds":["Melbourne"],"situsAddress":"LAKE GEORGE RD","situsCity":"SEVILLE","situsZip":"32190","jurisdictionCode":null,"ownerName":"ALVAREZ DONACIANO ORTIZ","ownerName2":null,"propertyName":null,"zoningCode":null,"zoningDistrict":null,"jurisdictionPrefix":null,"dorCode":"0000","acreage":7.5,"centroid":[-81.507848,29.318564],"lastSale":{"date":"2020-03-19","price":30000.0,"qualified":null},"tax":{"marketValue":52977.0,"assessedValue":53033.0,"taxableValue":53033.0,"taxes":null},"mailingAddress":{"line1":"101 MARUMI PL","line2":null,"city":"CRESCENT CITY","state":"FL","zip":"32112"},"incomeTract":null,"incomeBlockGroup":null,"nearestRoad":null,"flu":null,"opportunityZone":null,"oz2Eligibility":null,"source":"fl-volusia-open-data-12127","gisViewerUrl":"https://vcpa.vcgov.org/search/map","appraiserUrl":"https://vcpa.vcgov.org/parcel/summary/?altkey=2004789"},"geometry":{"type":"Polygon","coordinates":[[[-81.508134,29.319213],[-81.508133,29.319161],[-81.508604,29.319147],[-81.50859,29.318415],[-81.508648,29.318413],[-81.508622,29.317323],[-81.507013,29.317345],[-81.507044,29.318713],[-81.506842,29.318711],[-81.50685,29.319197],[-81.508134,29.319213]]]}},{"type":"Feature","id":"12127:381901000011","properties":{"id":"12127:381901000011","parcelId":"381901000011","countyFips":"12127","countyName":"Volusia","state":"Florida","marketIds":["Melbourne"],"situsAddress":"2495 N US HWY 17","situsCity":"SEVILLE","situsZip":"32190","jurisdictionCode":null,"ownerName":"PRESTRUDE KEVIN","ownerName2":null,"propertyName":null,"zoningCode":null,"zoningDistrict":null,"jurisdictionPrefix":null,"dorCode":"0000","acreage":7.5,"centroid":[-81.504464,29.360514],"lastSale":{"date":"2018-10-09","price":155000.0,"qualified":null},"tax":{"marketValue":111450.0,"assessedValue":111450.0,"taxableValue":111450.0,"taxes":null},"mailingAddress":{"line1":"2495 N US HWY 17","line2":null,"city":"SEVILLE","state":"FL","zip":"32190"},"incomeTract":null,"incomeBlockGroup":null,"nearestRoad":null,"flu":null,"opportunityZone":null,"oz2Eligibility":null,"source":"fl-volusia-open-data-12127","gisViewerUrl":"https://vcpa.vcgov.org/search/map","appraiserUrl":"https://vcpa.vcgov.org/parcel/summary/?altkey=6951276"},"geometry":{"type":"Polygon","coordinates":[[[-81.504374,29.36075],[-81.505876,29.36038],[-81.505714,29.360052],[-81.504799,29.360155],[-81.504467,29.359453],[-81.505274,29.359162],[-81.504769,29.358138],[-81.503307,29.358478],[-81.504374,29.36075]]]}},{"type":"Feature","id":"12127:381901000110","properties":{"id":"12127:381901000110","parcelId":"381901000110","countyFips":"12127","countyName":"Volusia","state":"Florida","marketIds":["Melbourne"],"situsAddress":"MCBRIDE RD","situsCity":"SEVILLE","situsZip":"32190","jurisdictionCode":null,"ownerName":"HENRY ENTERPRISES IV LLC","ownerName2":null,"propertyName":null,"zoningCode":null,"zoningDistrict":null,"jurisdictionPrefix":null,"dorCode":"6100","acreage":7.49,"centroid":[-81.516503,29.349423],"lastSale":{"date":"2013-02-05","price":100.0,"qualified":null},"tax":{"marketValue":112350.0,"assessedValue":999.0,"taxableValue":999.0,"taxes":null},"mailingAddress":{"line1":"PO BOX 455","line2":null,"city":"SEVILLE","state":"FL","zip":"32190"},"incomeTract":null,"incomeBlockGroup":null,"nearestRoad":null,"flu":null,"opportunityZone":null,"oz2Eligibility":null,"source":"fl-volusia-open-data-12127","gisViewerUrl":"https://vcpa.vcgov.org/search/map","appraiserUrl":"https://vcpa.vcgov.org/parcel/summary/?altkey=6286761"},"geometry":{"type":"Polygon","coordinates":[[[-81.515669,29.348904],[-81.515707,29.350216],[-81.517347,29.350166],[-81.517287,29.348406],[-81.515669,29.348904]]]}},{"type":"Feature","id":"12127:480600000045","properties":{"id":"12127:480600000045","parcelId":"480600000045","countyFips":"12127","countyName":"Volusia","state":"Florida","marketIds":["Melbourne"],"situsAddress":"LAKE GEORGE RD","situsCity":"PIERSON","situsZip":"32180","jurisdictionCode":null,"ownerName":"HUFFMAN ELAINE","ownerName2":null,"propertyName":null,"zoningCode":null,"zoningDistrict":null,"jurisdictionPrefix":null,"dorCode":"6300","acreage":7.48,"centroid":[-81.50815,29.315437],"lastSale":{"date":"2018-10-05","price":75000.0,"qualified":null},"tax":{"marketValue":107712.0,"assessedValue":509.0,"taxableValue":509.0,"taxes":null},"mailingAddress":{"line1":"1275 2ND AVE","line2":null,"city":"CHULUOTA","state":"FL","zip":"32766"},"incomeTract":null,"incomeBlockGroup":null,"nearestRoad":null,"flu":null,"opportunityZone":null,"oz2Eligibility":null,"source":"fl-volusia-open-data-12127","gisViewerUrl":"https://vcpa.vcgov.org/search/map","appraiserUrl":"https://vcpa.vcgov.org/parcel/summary/?altkey=2010088"},"geometry":{"type":"Polygon","coordinates":[[[-81.507715,29.313644],[-81.507809,29.317254],[-81.508585,29.317239],[-81.508491,29.313611],[-81.507715,29.313644]]]}},{"type":"Feature","id":"12127:480600000040","properties":{"id":"12127:480600000040","parcelId":"480600000040","countyFips":"12127","countyName":"Volusia","state":"Florida","marketIds":["Melbourne"],"situsAddress":"LAKE GEORGE RD","situsCity":"PIERSON","situsZip":"32180","jurisdictionCode":null,"ownerName":"HUFFMAN ELAINE","ownerName2":null,"propertyName":null,"zoningCode":null,"zoningDistrict":null,"jurisdictionPrefix":null,"dorCode":"6100","acreage":7.45,"centroid":[-81.507306,29.315815],"lastSale":{"date":"2018-10-05","price":75000.0,"qualified":null},"tax":{"marketValue":107280.0,"assessedValue":530.0,"taxableValue":530.0,"taxes":null},"mailingAddress":{"line1":"1275 2ND AVE","line2":null,"city":"CHULUOTA","state":"FL","zip":"32766"},"incomeTract":null,"incomeBlockGroup":null,"nearestRoad":null,"flu":null,"opportunityZone":null,"oz2Eligibility":null,"source":"fl-volusia-open-data-12127","gisViewerUrl":"https://vcpa.vcgov.org/search/map","appraiserUrl":"https://vcpa.vcgov.org/parcel/summary/?altkey=2010070"},"geometry":{"type":"Polygon","coordinates":[[[-81.50694,29.313677],[-81.507032,29.317233],[-81.507033,29.317268],[-81.507809,29.317254],[-81.507715,29.313644],[-81.50694,29.313677]]]}},{"type":"Feature","id":"12127:480600000050","properties":{"id":"12127:480600000050","parcelId":"480600000050","countyFips":"12127","countyName":"Volusia","state":"Florida","marketIds":["Melbourne"],"situsAddress":"489 LAKE GEORGE RD","situsCity":"SEVILLE","situsZip":"32190","jurisdictionCode":null,"ownerName":"BECKER KENNETH MORRIS","ownerName2":null,"propertyName":null,"zoningCode":null,"zoningDistrict":null,"jurisdictionPrefix":null,"dorCode":"0100","acreage":7.0,"centroid":[-81.508948,29.315048],"lastSale":{"date":"1995-05-15","price":100.0,"qualified":null},"tax":{"marketValue":385818.0,"assessedValue":160475.0,"taxableValue":135475.0,"taxes":null},"mailingAddress":{"line1":"489 LAKE GEORGE RD","line2":null,"city":"SEVILLE","state":"FL","zip":"32190"},"incomeTract":null,"incomeBlockGroup":null,"nearestRoad":null,"flu":null,"opportunityZone":null,"oz2Eligibility":null,"source":"fl-volusia-open-data-12127","gisViewerUrl":"https://vcpa.vcgov.org/search/map","appraiserUrl":"https://vcpa.vcgov.org/parcel/summary/?altkey=2010096"},"geometry":{"type":"Polygon","coordinates":[[[-81.509204,29.313581],[-81.509161,29.313583],[-81.508491,29.313611],[-81.508585,29.317239],[-81.509299,29.317226],[-81.509204,29.313581]]]}},{"type":"Feature","id":"12127:383205100010","properties":{"id":"12127:383205100010","parcelId":"383205100010","countyFips":"12127","countyName":"Volusia","state":"Florida","marketIds":["Melbourne"],"situsAddress":"NO STREET","situsCity":"COUNTY","situsZip":"32190","jurisdictionCode":null,"ownerName":"BENNETT ULRICA MARYES","ownerName2":null,"propertyName":null,"zoningCode":null,"zoningDistrict":null,"jurisdictionPrefix":null,"dorCode":"6900","acreage":7.0,"centroid":[-81.501084,29.32119],"lastSale":{"date":"2004-07-29","price":100.0,"qualified":null},"tax":{"marketValue":105000.0,"assessedValue":7528.0,"taxableValue":7528.0,"taxes":null},"mailingAddress":{"line1":"PO BOX 313","line2":null,"city":"SEVILLE","state":"FL","zip":"32190"},"incomeTract":null,"incomeBlockGroup":null,"nearestRoad":null,"flu":null,"opportunityZone":null,"oz2Eligibility":null,"source":"fl-volusia-open-data-12127","gisViewerUrl":"https://vcpa.vcgov.org/search/map","appraiserUrl":"https://vcpa.vcgov.org/parcel/summary/?altkey=2006757"},"geometry":{"type":"Polygon","coordinates":[[[-81.501156,29.322091],[-81.501161,29.322091],[-81.501276,29.322061],[-81.501483,29.321864],[-81.501629,29.321773],[-81.501664,29.321724],[-81.501669,29.321671],[-81.501605,29.321408],[-81.50161,29.321253],[-81.501635,29.321132],[-81.501823,29.320769],[-81.50207,29.320427],[-81.502158,29.320195],[-81.502168,29.320011],[-81.502127,29.319945],[-81.502053,29.319896],[-81.501979,29.319877],[-81.501862,29.319889],[-81.501815,29.319911],[-81.501704,29.320018],[-81.501642,29.320109],[-81.501286,29.320806],[-81.501093,29.321126],[-81.500994,29.321253],[-81.500879,29.321341],[-81.500719,29.321411],[-81.500509,29.321428],[-81.500348,29.321401],[-81.50008,29.321309],[-81.499873,29.321282],[-81.499789,29.321318],[-81.499737,29.321387],[-81.499742,29.32153],[-81.499796,29.321678],[-81.499891,29.32181],[-81.500005,29.321898],[-81.500157,29.321927],[-81.500475,29.321877],[-81.500769,29.321895],[-81.500935,29.321946],[-81.501093,29.322069],[-81.501156,29.322091]]]}},{"type":"Feature","id":"12127:383100000012","properties":{"id":"12127:383100000012","parcelId":"383100000012","countyFips":"12127","countyName":"Volusia","state":"Florida","marketIds":["Melbourne"],"situsAddress":"PROPERTY LOCATION IS NOT AVAIL","situsCity":"SEVILLE","situsZip":"32190","jurisdictionCode":null,"ownerName":"CREEL DAMON M","ownerName2":null,"propertyName":null,"zoningCode":null,"zoningDistrict":null,"jurisdictionPrefix":null,"dorCode":"0000","acreage":6.7866,"centroid":[-81.505921,29.328706],"lastSale":{"date":"2003-05-05","price":100.0,"qualified":null},"tax":{"marketValue":5871.0,"assessedValue":3680.0,"taxableValue":3680.0,"taxes":null},"mailingAddress":{"line1":"PO BOX 106","line2":null,"city":"SEVILLE","state":"FL","zip":"32190"},"incomeTract":null,"incomeBlockGroup":null,"nearestRoad":null,"flu":null,"opportunityZone":null,"oz2Eligibility":null,"source":"fl-volusia-open-data-12127","gisViewerUrl":"https://vcpa.vcgov.org/search/map","appraiserUrl":"https://vcpa.vcgov.org/parcel/summary/?altkey=6687030"},"geometry":{"type":"Polygon","coordinates":[[[-81.505153,29.32841],[-81.505154,29.328687],[-81.507089,29.329954],[-81.507055,29.328212],[-81.505152,29.328265],[-81.505153,29.32841]]]}},{"type":"Feature","id":"12127:382901000020","properties":{"id":"12127:382901000020","parcelId":"382901000020","countyFips":"12127","countyName":"Volusia","state":"Florida","marketIds":["Melbourne"],"situsAddress":"120 ROBINSON LN","situsCity":"SEVILLE","situsZip":"32190","jurisdictionCode":null,"ownerName":"FLINT TIMOTHY P","ownerName2":null,"propertyName":null,"zoningCode":null,"zoningDistrict":null,"jurisdictionPrefix":null,"dorCode":"0100","acreage":6.76,"centroid":[-81.500224,29.335797],"lastSale":{"date":"2024-07-31","price":100.0,"qualified":"11"},"tax":{"marketValue":617391.0,"assessedValue":325495.0,"taxableValue":300495.0,"taxes":null},"mailingAddress":{"line1":"120 ROBINSON LN","line2":null,"city":"SEVILLE","state":"FL","zip":"32190"},"incomeTract":null,"incomeBlockGroup":null,"nearestRoad":null,"flu":null,"opportunityZone":null,"oz2Eligibility":null,"source":"fl-volusia-open-data-12127","gisViewerUrl":"https://vcpa.vcgov.org/search/map","appraiserUrl":"https://vcpa.vcgov.org/parcel/summary/?altkey=6673055"},"geometry":{"type":"Polygon","coordinates":[[[-81.499587,29.336655],[-81.500387,29.336624],[-81.50087,29.336605],[-81.500848,29.33647],[-81.500851,29.336358],[-81.500882,29.336257],[-81.500896,29.335843],[-81.500953,29.335697],[-81.501052,29.33561],[-81.501296,29.335243],[-81.499562,29.335305],[-81.499549,29.334574],[-81.499178,29.334581],[-81.499013,29.334816],[-81.499077,29.336063],[-81.499575,29.336045],[-81.499587,29.336655]]]}},{"type":"Feature","id":"12127:383100000085","properties":{"id":"12127:383100000085","parcelId":"383100000085","countyFips":"12127","countyName":"Volusia","state":"Florida","marketIds":["Melbourne"],"situsAddress":"OFF- MCBRIDE RD","situsCity":"SEVILLE","situsZip":"32190","jurisdictionCode":null,"ownerName":"TOLLISON FOLIAGE LLC","ownerName2":null,"propertyName":null,"zoningCode":null,"zoningDistrict":null,"jurisdictionPrefix":null,"dorCode":"6900","acreage":6.75,"centroid":[-81.506748,29.32678],"lastSale":{"date":"2018-10-31","price":100.0,"qualified":null},"tax":{"marketValue":90375.0,"assessedValue":21015.0,"taxableValue":21015.0,"taxes":null},"mailingAddress":{"line1":"PO BOX 492","line2":null,"city":"SEVILLE","state":"FL","zip":"32190"},"incomeTract":null,"incomeBlockGroup":null,"nearestRoad":null,"flu":null,"opportunityZone":null,"oz2Eligibility":null,"source":"fl-volusia-open-data-12127","gisViewerUrl":"https://vcpa.vcgov.org/search/map","appraiserUrl":"https://vcpa.vcgov.org/parcel/summary/?altkey=2004631"},"geometry":{"type":"Polygon","coordinates":[[[-81.506779,29.325809],[-81.506766,29.325829],[-81.505779,29.328247],[-81.506632,29.328223],[-81.507785,29.325793],[-81.506779,29.325809]]]}},{"type":"Feature","id":"12127:383001000174","properties":{"id":"12127:383001000174","parcelId":"383001000174","countyFips":"12127","countyName":"Volusia","state":"Florida","marketIds":["Melbourne"],"situsAddress":"MCBRIDE RD","situsCity":"SEVILLE","situsZip":"32190","jurisdictionCode":null,"ownerName":"CADE DORIS DIANNE TR","ownerName2":null,"propertyName":null,"zoningCode":null,"zoningDistrict":null,"jurisdictionPrefix":null,"dorCode":"6100","acreage":6.7119,"centroid":[-81.506646,29.332344],"lastSale":{"date":"2007-10-10","price":100.0,"qualified":null},"tax":{"marketValue":85912.0,"assessedValue":947.0,"taxableValue":947.0,"taxes":null},"mailingAddress":{"line1":"PO BOX 305","line2":null,"city":"SEVILLE","state":"FL","zip":"32190"},"incomeTract":null,"incomeBlockGroup":null,"nearestRoad":null,"flu":null,"opportunityZone":null,"oz2Eligibility":null,"source":"fl-volusia-open-data-12127","gisViewerUrl":"https://vcpa.vcgov.org/search/map","appraiserUrl":"https://vcpa.vcgov.org/parcel/summary/?altkey=2004461"},"geometry":{"type":"Polygon","coordinates":[[[-81.506203,29.33248],[-81.506199,29.332496],[-81.506181,29.332542],[-81.506192,29.332633],[-81.506149,29.332748],[-81.506147,29.332859],[-81.506168,29.332959],[-81.506259,29.333079],[-81.506659,29.333381],[-81.507051,29.333546],[-81.507992,29.333527],[-81.507798,29.332214],[-81.507605,29.332287],[-81.507467,29.332401],[-81.507307,29.332442],[-81.507188,29.332441],[-81.507112,29.332285],[-81.507042,29.332014],[-81.506936,29.331915],[-81.506899,29.331847],[-81.506734,29.33176],[-81.506639,29.331668],[-81.506576,29.331635],[-81.506474,29.331618],[-81.506346,29.331636],[-81.50626,29.331708],[-81.50626,29.331853],[-81.506205,29.331965],[-81.506183,29.332099],[-81.506117,29.332218],[-81.506123,29.332319],[-81.506207,29.332419],[-81.506203,29.33248]]]}},{"type":"Feature","id":"12127:383100000014","properties":{"id":"12127:383100000014","parcelId":"383100000014","countyFips":"12127","countyName":"Volusia","state":"Florida","marketIds":["Melbourne"],"situsAddress":"PROPERTY LOCATION IS NOT AVAIL","situsCity":"SEVILLE","situsZip":"32190","jurisdictionCode":null,"ownerName":"NEELY JAMES E JR","ownerName2":null,"propertyName":null,"zoningCode":null,"zoningDistrict":null,"jurisdictionPrefix":null,"dorCode":"0000","acreage":6.49,"centroid":[-81.507746,29.329339],"lastSale":{"date":"2025-07-16","price":10400.0,"qualified":null},"tax":{"marketValue":2434.0,"assessedValue":null,"taxableValue":null,"taxes":null},"mailingAddress":{"line1":"PO BOX 116","line2":null,"city":"SEVILLE","state":"FL","zip":"32190"},"incomeTract":null,"incomeBlockGroup":null,"nearestRoad":null,"flu":null,"opportunityZone":null,"oz2Eligibility":null,"source":"fl-volusia-open-data-12127","gisViewerUrl":"https://vcpa.vcgov.org/search/map","appraiserUrl":"https://vcpa.vcgov.org/parcel/summary/?altkey=8030434"},"geometry":{"type":"Polygon","coordinates":[[[-81.507089,29.329954],[-81.50746,29.330196],[-81.508583,29.330165],[-81.508544,29.32817],[-81.507055,29.328212],[-81.507089,29.329954]]]}},{"type":"Feature","id":"12127:383100000051","properties":{"id":"12127:383100000051","parcelId":"383100000051","countyFips":"12127","countyName":"Volusia","state":"Florida","marketIds":["Melbourne"],"situsAddress":"MCBRIDE RD","situsCity":"SEVILLE","situsZip":"32190","jurisdictionCode":null,"ownerName":"DAMPIER WILLIE A","ownerName2":null,"propertyName":null,"zoningCode":null,"zoningDistrict":null,"jurisdictionPrefix":null,"dorCode":"6900","acreage":6.3,"centroid":[-81.51403,29.330452],"lastSale":{"date":"1983-09-15","price":15000.0,"qualified":null},"tax":{"marketValue":100800.0,"assessedValue":9383.0,"taxableValue":9383.0,"taxes":null},"mailingAddress":{"line1":"PO BOX 404","line2":null,"city":"PIERSON","state":"FL","zip":"32180"},"incomeTract":null,"incomeBlockGroup":null,"nearestRoad":null,"flu":null,"opportunityZone":null,"oz2Eligibility":null,"source":"fl-volusia-open-data-12127","gisViewerUrl":"https://vcpa.vcgov.org/search/map","appraiserUrl":"https://vcpa.vcgov.org/parcel/summary/?altkey=2004541"},"geometry":{"type":"Polygon","coordinates":[[[-81.512816,29.329998],[-81.512841,29.330956],[-81.515245,29.330905],[-81.515218,29.329947],[-81.512816,29.329998]]]}},{"type":"Feature","id":"12127:383100000052","properties":{"id":"12127:383100000052","parcelId":"383100000052","countyFips":"12127","countyName":"Volusia","state":"Florida","marketIds":["Melbourne"],"situsAddress":"2060 MCBRIDE RD","situsCity":"SEVILLE","situsZip":"32190","jurisdictionCode":null,"ownerName":"DAMPIER WILLIE AARON","ownerName2":null,"propertyName":null,"zoningCode":null,"zoningDistrict":null,"jurisdictionPrefix":null,"dorCode":"6900","acreage":6.3,"centroid":[-81.514004,29.329494],"lastSale":{"date":"1978-02-15","price":11000.0,"qualified":null},"tax":{"marketValue":114605.0,"assessedValue":32127.0,"taxableValue":32127.0,"taxes":null},"mailingAddress":{"line1":"PO BOX 404","line2":null,"city":"PIERSON","state":"FL","zip":"32180"},"incomeTract":null,"incomeBlockGroup":null,"nearestRoad":null,"flu":null,"opportunityZone":null,"oz2Eligibility":null,"source":"fl-volusia-open-data-12127","gisViewerUrl":"https://vcpa.vcgov.org/search/map","appraiserUrl":"https://vcpa.vcgov.org/parcel/summary/?altkey=2004550"},"geometry":{"type":"Polygon","coordinates":[[[-81.512791,29.329041],[-81.512816,29.329998],[-81.515218,29.329947],[-81.515192,29.32899],[-81.512791,29.329041]]]}},{"type":"Feature","id":"12127:383100000053","properties":{"id":"12127:383100000053","parcelId":"383100000053","countyFips":"12127","countyName":"Volusia","state":"Florida","marketIds":["Melbourne"],"situsAddress":"2050 MCBRIDE RD","situsCity":"SEVILLE","situsZip":"32190","jurisdictionCode":null,"ownerName":"MITCHELL RONALD DEAN JR","ownerName2":null,"propertyName":null,"zoningCode":null,"zoningDistrict":null,"jurisdictionPrefix":null,"dorCode":"0100","acreage":6.3,"centroid":[-81.513978,29.328516],"lastSale":{"date":"2021-05-31","price":100.0,"qualified":null},"tax":{"marketValue":222084.0,"assessedValue":220207.0,"taxableValue":220207.0,"taxes":null},"mailingAddress":{"line1":"PO BOX 1723","line2":null,"city":"MACCLENNY","state":"FL","zip":"32063"},"incomeTract":null,"incomeBlockGroup":null,"nearestRoad":null,"flu":null,"opportunityZone":null,"oz2Eligibility":null,"source":"fl-volusia-open-data-12127","gisViewerUrl":"https://vcpa.vcgov.org/search/map","appraiserUrl":"https://vcpa.vcgov.org/parcel/summary/?altkey=2004568"},"geometry":{"type":"Polygon","coordinates":[[[-81.512766,29.328043],[-81.512791,29.329041],[-81.515192,29.32899],[-81.515164,29.327992],[-81.512766,29.328043]]]}},{"type":"Feature","id":"12127:480600000113","properties":{"id":"12127:480600000113","parcelId":"480600000113","countyFips":"12127","countyName":"Volusia","state":"Florida","marketIds":["Melbourne"],"situsAddress":"LAKE GEORGE RD","situsCity":"SEVILLE","situsZip":"32190","jurisdictionCode":null,"ownerName":"PREVATT JENNIFER","ownerName2":null,"propertyName":null,"zoningCode":null,"zoningDistrict":null,"jurisdictionPrefix":null,"dorCode":"6900","acreage":6.07,"centroid":[-81.51182,29.316407],"lastSale":{"date":"2026-06-15","price":172500.0,"qualified":null},"tax":{"marketValue":97120.0,"assessedValue":null,"taxableValue":null,"taxes":null},"mailingAddress":{"line1":"PO BOX 395","line2":null,"city":"SEVILLE","state":"FL","zip":"32190"},"incomeTract":null,"incomeBlockGroup":null,"nearestRoad":null,"flu":null,"opportunityZone":null,"oz2Eligibility":null,"source":"fl-volusia-open-data-12127","gisViewerUrl":"https://vcpa.vcgov.org/search/map","appraiserUrl":"https://vcpa.vcgov.org/parcel/summary/?altkey=8030122"},"geometry":{"type":"Polygon","coordinates":[[[-81.512053,29.317176],[-81.512427,29.317192],[-81.5128,29.317209],[-81.512766,29.315639],[-81.511339,29.315605],[-81.511173,29.31554],[-81.511056,29.315562],[-81.511079,29.316471],[-81.511763,29.316493],[-81.511745,29.317179],[-81.512053,29.317176]]]}},{"type":"Feature","id":"12127:480600000023","properties":{"id":"12127:480600000023","parcelId":"480600000023","countyFips":"12127","countyName":"Volusia","state":"Florida","marketIds":["Melbourne"],"situsAddress":"440 WINDY HILL RD","situsCity":"SEVILLE","situsZip":"32190","jurisdictionCode":null,"ownerName":"LEDBETTER BRIAN S","ownerName2":null,"propertyName":null,"zoningCode":null,"zoningDistrict":null,"jurisdictionPrefix":null,"dorCode":"0200","acreage":6.0,"centroid":[-81.504267,29.310545],"lastSale":{"date":"2018-06-25","price":138000.0,"qualified":null},"tax":{"marketValue":160809.0,"assessedValue":100388.0,"taxableValue":75388.0,"taxes":null},"mailingAddress":{"line1":"440 WINDY HILL RD","line2":null,"city":"SEVILLE","state":"FL","zip":"32190"},"incomeTract":null,"incomeBlockGroup":null,"nearestRoad":null,"flu":null,"opportunityZone":null,"oz2Eligibility":null,"source":"fl-volusia-open-data-12127","gisViewerUrl":"https://vcpa.vcgov.org/search/map","appraiserUrl":"https://vcpa.vcgov.org/parcel/summary/?altkey=2010053"},"geometry":{"type":"Polygon","coordinates":[[[-81.502705,29.310112],[-81.502727,29.310992],[-81.504738,29.310947],[-81.50473,29.310589],[-81.505357,29.310575],[-81.505345,29.310053],[-81.502705,29.310112]]]}},{"type":"Feature","id":"12127:383001000110","properties":{"id":"12127:383001000110","parcelId":"383001000110","countyFips":"12127","countyName":"Volusia","state":"Florida","marketIds":["Melbourne"],"situsAddress":"JOE PITTMAN RD","situsCity":"SEVILLE","situsZip":"32190","jurisdictionCode":null,"ownerName":"SMITH JACKIE JR","ownerName2":null,"propertyName":null,"zoningCode":null,"zoningDistrict":null,"jurisdictionPrefix":null,"dorCode":"6900","acreage":6.0,"centroid":[-81.516738,29.337164],"lastSale":{"date":"2019-07-30","price":50000.0,"qualified":null},"tax":{"marketValue":96000.0,"assessedValue":50720.0,"taxableValue":50720.0,"taxes":null},"mailingAddress":{"line1":"600 JOE PITTMAN RD","line2":null,"city":"SEVILLE","state":"FL","zip":"32190"},"incomeTract":null,"incomeBlockGroup":null,"nearestRoad":null,"flu":null,"opportunityZone":null,"oz2Eligibility":null,"source":"fl-volusia-open-data-12127","gisViewerUrl":"https://vcpa.vcgov.org/search/map","appraiserUrl":"https://vcpa.vcgov.org/parcel/summary/?altkey=2004380"},"geometry":{"type":"Polygon","coordinates":[[[-81.51639,29.335364],[-81.516465,29.338967],[-81.517086,29.338953],[-81.517011,29.335371],[-81.51639,29.335364]]]}},{"type":"Feature","id":"12127:383001000180","properties":{"id":"12127:383001000180","parcelId":"383001000180","countyFips":"12127","countyName":"Volusia","state":"Florida","marketIds":["Melbourne"],"situsAddress":"PURVIS RD","situsCity":"SEVILLE","situsZip":"32190","jurisdictionCode":null,"ownerName":"DAMPIER WILLIE","ownerName2":null,"propertyName":null,"zoningCode":null,"zoningDistrict":null,"jurisdictionPrefix":null,"dorCode":"6900","acreage":6.0,"centroid":[-81.513553,29.332085],"lastSale":{"date":"2000-03-15","price":30000.0,"qualified":null},"tax":{"marketValue":72920.0,"assessedValue":2056.0,"taxableValue":2056.0,"taxes":null},"mailingAddress":{"line1":"PO BOX 404","line2":null,"city":"PIERSON","state":"FL","zip":"32180"},"incomeTract":null,"incomeBlockGroup":null,"nearestRoad":null,"flu":null,"opportunityZone":null,"oz2Eligibility":null,"source":"fl-volusia-open-data-12127","gisViewerUrl":"https://vcpa.vcgov.org/search/map","appraiserUrl":"https://vcpa.vcgov.org/parcel/summary/?altkey=2004479"},"geometry":{"type":"Polygon","coordinates":[[[-81.51286,29.331702],[-81.51286,29.331727],[-81.512869,29.332023],[-81.512844,29.332363],[-81.512868,29.332613],[-81.515301,29.332511],[-81.515266,29.331656],[-81.51286,29.331702]]]}},{"type":"Feature","id":"12127:383100000120","properties":{"id":"12127:383100000120","parcelId":"383100000120","countyFips":"12127","countyName":"Volusia","state":"Florida","marketIds":["Melbourne"],"situsAddress":"1963 MCBRIDE RD","situsCity":"SEVILLE","situsZip":"32190","jurisdictionCode":null,"ownerName":"TOLLISON ROBBIE J","ownerName2":null,"propertyName":null,"zoningCode":null,"zoningDistrict":null,"jurisdictionPrefix":null,"dorCode":"6900","acreage":5.84,"centroid":[-81.508753,29.325309],"lastSale":{"date":"2023-03-02","price":100.0,"qualified":null},"tax":{"marketValue":66928.0,"assessedValue":47631.0,"taxableValue":47631.0,"taxes":null},"mailingAddress":{"line1":"1975 MCBRIDE RD","line2":null,"city":"SEVILLE","state":"FL","zip":"32190"},"incomeTract":null,"incomeBlockGroup":null,"nearestRoad":null,"flu":null,"opportunityZone":null,"oz2Eligibility":null,"source":"fl-volusia-open-data-12127","gisViewerUrl":"https://vcpa.vcgov.org/search/map","appraiserUrl":"https://vcpa.vcgov.org/parcel/summary/?altkey=2004665"},"geometry":{"type":"Polygon","coordinates":[[[-81.508927,29.325605],[-81.508951,29.325605],[-81.50986,29.325583],[-81.50983,29.324565],[-81.507267,29.324663],[-81.508215,29.325404],[-81.508385,29.325489],[-81.50859,29.325557],[-81.508927,29.325605]]]}},{"type":"Feature","id":"12127:383100000150","properties":{"id":"12127:383100000150","parcelId":"383100000150","countyFips":"12127","countyName":"Volusia","state":"Florida","marketIds":["Melbourne"],"situsAddress":"1999 MCBRIDE RD","situsCity":"SEVILLE","situsZip":"32190","jurisdictionCode":null,"ownerName":"HUFFSTUTLER KANDICE V","ownerName2":null,"propertyName":null,"zoningCode":null,"zoningDistrict":null,"jurisdictionPrefix":null,"dorCode":"0100","acreage":5.63,"centroid":[-81.51188,29.324553],"lastSale":{"date":"2017-08-10","price":9900.0,"qualified":null},"tax":{"marketValue":154769.0,"assessedValue":61341.0,"taxableValue":36341.0,"taxes":null},"mailingAddress":{"line1":"1999 MCBRIDE RD","line2":null,"city":"SEVILLE","state":"FL","zip":"32190"},"incomeTract":null,"incomeBlockGroup":null,"nearestRoad":null,"flu":null,"opportunityZone":null,"oz2Eligibility":null,"source":"fl-volusia-open-data-12127","gisViewerUrl":"https://vcpa.vcgov.org/search/map","appraiserUrl":"https://vcpa.vcgov.org/parcel/summary/?altkey=2004681"},"geometry":{"type":"Polygon","coordinates":[[[-81.511376,29.324507],[-81.511383,29.324744],[-81.511407,29.325544],[-81.512599,29.325514],[-81.512568,29.32449],[-81.512192,29.324495],[-81.512164,29.323561],[-81.511348,29.323572],[-81.511376,29.324507]]]}},{"type":"Feature","id":"12127:383001000172","properties":{"id":"12127:383001000172","parcelId":"383001000172","countyFips":"12127","countyName":"Volusia","state":"Florida","marketIds":["Melbourne"],"situsAddress":"2111 MCBRIDE RD","situsCity":"SEVILLE","situsZip":"32190","jurisdictionCode":null,"ownerName":"CADE DORIS DIANNE","ownerName2":null,"propertyName":null,"zoningCode":null,"zoningDistrict":null,"jurisdictionPrefix":null,"dorCode":"6200","acreage":5.3647,"centroid":[-81.508331,29.332135],"lastSale":{"date":"2007-10-10","price":100.0,"qualified":null},"tax":{"marketValue":384299.0,"assessedValue":156439.0,"taxableValue":126439.0,"taxes":null},"mailingAddress":{"line1":"PO BOX 305","line2":null,"city":"SEVILLE","state":"FL","zip":"32190"},"incomeTract":null,"incomeBlockGroup":null,"nearestRoad":null,"flu":null,"opportunityZone":null,"oz2Eligibility":null,"source":"fl-volusia-open-data-12127","gisViewerUrl":"https://vcpa.vcgov.org/search/map","appraiserUrl":"https://vcpa.vcgov.org/parcel/summary/?altkey=2004444"},"geometry":{"type":"Polygon","coordinates":[[[-81.508551,29.331273],[-81.508543,29.331299],[-81.50848,29.331462],[-81.508284,29.33172],[-81.508115,29.33208],[-81.50805,29.332126],[-81.507883,29.332162],[-81.507798,29.332214],[-81.507992,29.333527],[-81.508577,29.333514],[-81.509372,29.332106],[-81.508551,29.331273]]]}},{"type":"Feature","id":"12127:374000000013","properties":{"id":"12127:374000000013","parcelId":"374000000013","countyFips":"12127","countyName":"Volusia","state":"Florida","marketIds":["Melbourne"],"situsAddress":"LAKE GEORGE RD","situsCity":"SEVILLE","situsZip":"32190","jurisdictionCode":null,"ownerName":"ST JOHNS RIVER WATER MANAGEMENT DIST","ownerName2":null,"propertyName":null,"zoningCode":null,"zoningDistrict":null,"jurisdictionPrefix":null,"dorCode":"8000","acreage":5.34,"centroid":[-81.542708,29.320261],"lastSale":{"date":"1991-01-15","price":100.0,"qualified":null},"tax":{"marketValue":4266.0,"assessedValue":4266.0,"taxableValue":null,"taxes":null},"mailingAddress":{"line1":"4049 REID ST","line2":"PO BOX 1429","city":"PALATKA","state":"FL","zip":"32178"},"incomeTract":null,"incomeBlockGroup":null,"nearestRoad":null,"flu":null,"opportunityZone":null,"oz2Eligibility":null,"source":"fl-volusia-open-data-12127","gisViewerUrl":"https://vcpa.vcgov.org/search/map","appraiserUrl":"https://vcpa.vcgov.org/parcel/summary/?altkey=4855416"},"geometry":{"type":"Polygon","coordinates":[[[-81.544061,29.319058],[-81.54354,29.318771],[-81.541369,29.321457],[-81.541862,29.321759],[-81.544061,29.319058]]]}},{"type":"Feature","id":"12127:374000000011","properties":{"id":"12127:374000000011","parcelId":"374000000011","countyFips":"12127","countyName":"Volusia","state":"Florida","marketIds":["Melbourne"],"situsAddress":"LAKE GEORGE RD","situsCity":"SEVILLE","situsZip":"32190","jurisdictionCode":null,"ownerName":"ST JOHNS RIVER WATER MANAGEMENT DIST","ownerName2":null,"propertyName":null,"zoningCode":null,"zoningDistrict":null,"jurisdictionPrefix":null,"dorCode":"8000","acreage":5.23,"centroid":[-81.541918,29.323142],"lastSale":{"date":"1991-01-15","price":100.0,"qualified":null},"tax":{"marketValue":8099.0,"assessedValue":8099.0,"taxableValue":null,"taxes":null},"mailingAddress":{"line1":"4049 REID ST","line2":"PO BOX 1429","city":"PALATKA","state":"FL","zip":"32178"},"incomeTract":null,"incomeBlockGroup":null,"nearestRoad":null,"flu":null,"opportunityZone":null,"oz2Eligibility":null,"source":"fl-volusia-open-data-12127","gisViewerUrl":"https://vcpa.vcgov.org/search/map","appraiserUrl":"https://vcpa.vcgov.org/parcel/summary/?altkey=4376992"},"geometry":{"type":"Polygon","coordinates":[[[-81.542485,29.324059],[-81.542641,29.324413],[-81.543468,29.323372],[-81.541689,29.322269],[-81.541528,29.322447],[-81.541319,29.322624],[-81.541064,29.322791],[-81.54087,29.322882],[-81.542202,29.323419],[-81.542485,29.324059]]]}},{"type":"Feature","id":"12127:381901000104","properties":{"id":"12127:381901000104","parcelId":"381901000104","countyFips":"12127","countyName":"Volusia","state":"Florida","marketIds":["Melbourne"],"situsAddress":"MCBRIDE RD","situsCity":"SEVILLE","situsZip":"32190","jurisdictionCode":null,"ownerName":"HENRY MICAH W","ownerName2":null,"propertyName":null,"zoningCode":null,"zoningDistrict":null,"jurisdictionPrefix":null,"dorCode":"6100","acreage":5.12,"centroid":[-81.516354,29.346709],"lastSale":{"date":"2021-01-27","price":480000.0,"qualified":null},"tax":{"marketValue":64271.0,"assessedValue":2525.0,"taxableValue":2525.0,"taxes":null},"mailingAddress":{"line1":"2220 MCBRIDE RD","line2":null,"city":"SEVILLE","state":"FL","zip":"32190"},"incomeTract":null,"incomeBlockGroup":null,"nearestRoad":null,"flu":null,"opportunityZone":null,"oz2Eligibility":null,"source":"fl-volusia-open-data-12127","gisViewerUrl":"https://vcpa.vcgov.org/search/map","appraiserUrl":"https://vcpa.vcgov.org/parcel/summary/?altkey=6861293"},"geometry":{"type":"Polygon","coordinates":[[[-81.516509,29.346294],[-81.516345,29.346295],[-81.515373,29.346303],[-81.5154,29.34744],[-81.517266,29.347635],[-81.517234,29.346288],[-81.516509,29.346294]]]}},{"type":"Feature","id":"12127:383100000083","properties":{"id":"12127:383100000083","parcelId":"383100000083","countyFips":"12127","countyName":"Volusia","state":"Florida","marketIds":["Melbourne"],"situsAddress":"2072 LAKEVIEW DR","situsCity":"SEVILLE","situsZip":"32190","jurisdictionCode":null,"ownerName":"CREEL DAMON M","ownerName2":null,"propertyName":null,"zoningCode":null,"zoningDistrict":null,"jurisdictionPrefix":null,"dorCode":"6800","acreage":5.11,"centroid":[-81.50442,29.327636],"lastSale":{"date":"2016-06-21","price":100.0,"qualified":null},"tax":{"marketValue":457365.0,"assessedValue":256956.0,"taxableValue":231956.0,"taxes":null},"mailingAddress":{"line1":"PO BOX 106","line2":null,"city":"SEVILLE","state":"FL","zip":"32190"},"incomeTract":null,"incomeBlockGroup":null,"nearestRoad":null,"flu":null,"opportunityZone":null,"oz2Eligibility":null,"source":"fl-volusia-open-data-12127","gisViewerUrl":"https://vcpa.vcgov.org/search/map","appraiserUrl":"https://vcpa.vcgov.org/parcel/summary/?altkey=5923738"},"geometry":{"type":"Polygon","coordinates":[[[-81.503233,29.327956],[-81.503233,29.328346],[-81.503234,29.328455],[-81.505153,29.32841],[-81.505152,29.328265],[-81.505376,29.328258],[-81.505276,29.327165],[-81.504874,29.327171],[-81.504645,29.327074],[-81.504548,29.326855],[-81.504509,29.326439],[-81.504336,29.326438],[-81.504326,29.327994],[-81.50398,29.328084],[-81.503233,29.327956]]]}},{"type":"Feature","id":"12127:480600000140","properties":{"id":"12127:480600000140","parcelId":"480600000140","countyFips":"12127","countyName":"Volusia","state":"Florida","marketIds":["Melbourne"],"situsAddress":"LAKE GEORGE RD","situsCity":"SEVILLE","situsZip":"32180","jurisdictionCode":null,"ownerName":"WATERS DAISY IRENE","ownerName2":null,"propertyName":null,"zoningCode":null,"zoningDistrict":null,"jurisdictionPrefix":null,"dorCode":"6900","acreage":5.07,"centroid":[-81.510565,29.316239],"lastSale":{"date":"2025-12-08","price":100.0,"qualified":null},"tax":{"marketValue":82441.0,"assessedValue":15463.0,"taxableValue":15463.0,"taxes":null},"mailingAddress":{"line1":"1625 TILLY BIRD RD","line2":null,"city":"SEVILLE","state":"FL","zip":"32190"},"incomeTract":null,"incomeBlockGroup":null,"nearestRoad":null,"flu":null,"opportunityZone":null,"oz2Eligibility":null,"source":"fl-volusia-open-data-12127","gisViewerUrl":"https://vcpa.vcgov.org/search/map","appraiserUrl":"https://vcpa.vcgov.org/parcel/summary/?altkey=5258408"},"geometry":{"type":"Polygon","coordinates":[[[-81.509994,29.316498],[-81.51064,29.316477],[-81.510659,29.317196],[-81.511098,29.317184],[-81.511042,29.315023],[-81.509957,29.315055],[-81.509994,29.316498]]]}},{"type":"Feature","id":"12127:383100000214","properties":{"id":"12127:383100000214","parcelId":"383100000214","countyFips":"12127","countyName":"Volusia","state":"Florida","marketIds":["Melbourne"],"situsAddress":"1848 MCBRIDE RD","situsCity":"SEVILLE","situsZip":"32190","jurisdictionCode":null,"ownerName":"MIDDLETON COURTLAND D","ownerName2":null,"propertyName":null,"zoningCode":null,"zoningDistrict":null,"jurisdictionPrefix":null,"dorCode":"0200","acreage":5.05,"centroid":[-81.507352,29.319792],"lastSale":{"date":"1995-06-15","price":100.0,"qualified":null},"tax":{"marketValue":137836.0,"assessedValue":69666.0,"taxableValue":44666.0,"taxes":null},"mailingAddress":{"line1":"PO BOX 271","line2":null,"city":"SEVILLE","state":"FL","zip":"32190"},"incomeTract":null,"incomeBlockGroup":null,"nearestRoad":null,"flu":null,"opportunityZone":null,"oz2Eligibility":null,"source":"fl-volusia-open-data-12127","gisViewerUrl":"https://vcpa.vcgov.org/search/map","appraiserUrl":"https://vcpa.vcgov.org/parcel/summary/?altkey=2004827"},"geometry":{"type":"Polygon","coordinates":[[[-81.507092,29.319843],[-81.507119,29.320931],[-81.508222,29.32089],[-81.508204,29.319765],[-81.508142,29.319767],[-81.508134,29.319213],[-81.506871,29.319197],[-81.506782,29.319395],[-81.506783,29.319483],[-81.506829,29.319574],[-81.506955,29.319695],[-81.50709,29.319746],[-81.507092,29.319843]]]}},{"type":"Feature","id":"12127:383100000223","properties":{"id":"12127:383100000223","parcelId":"383100000223","countyFips":"12127","countyName":"Volusia","state":"Florida","marketIds":["Melbourne"],"situsAddress":"LAKE GEORGE RD","situsCity":"SEVILLE","situsZip":"32190","jurisdictionCode":null,"ownerName":"HENRY MICAH W","ownerName2":null,"propertyName":null,"zoningCode":null,"zoningDistrict":null,"jurisdictionPrefix":null,"dorCode":"6900","acreage":5.01,"centroid":[-81.509727,29.320024],"lastSale":{"date":"2021-01-27","price":480000.0,"qualified":null},"tax":{"marketValue":76120.0,"assessedValue":11630.0,"taxableValue":11630.0,"taxes":null},"mailingAddress":{"line1":"2220 MCBRIDE RD","line2":null,"city":"SEVILLE","state":"FL","zip":"32190"},"incomeTract":null,"incomeBlockGroup":null,"nearestRoad":null,"flu":null,"opportunityZone":null,"oz2Eligibility":null,"source":"fl-volusia-open-data-12127","gisViewerUrl":"https://vcpa.vcgov.org/search/map","appraiserUrl":"https://vcpa.vcgov.org/parcel/summary/?altkey=5367479"},"geometry":{"type":"Polygon","coordinates":[[[-81.508204,29.319765],[-81.508213,29.320372],[-81.511251,29.320291],[-81.51124,29.31967],[-81.508204,29.319765]]]}},{"type":"Feature","id":"12127:480600000020","properties":{"id":"12127:480600000020","parcelId":"480600000020","countyFips":"12127","countyName":"Volusia","state":"Florida","marketIds":["Melbourne"],"situsAddress":"1490 TILLY BYRD RD","situsCity":"SEVILLE","situsZip":"32190","jurisdictionCode":null,"ownerName":"GOMEZ AURORA P","ownerName2":null,"propertyName":null,"zoningCode":null,"zoningDistrict":null,"jurisdictionPrefix":null,"dorCode":"0100","acreage":5.0,"centroid":[-81.503169,29.313024],"lastSale":{"date":"2024-05-29","price":100.0,"qualified":"11"},"tax":{"marketValue":270871.0,"assessedValue":168154.0,"taxableValue":143154.0,"taxes":null},"mailingAddress":{"line1":"1490 TILLY BYRD RD","line2":null,"city":"SEVILLE","state":"FL","zip":"32190"},"incomeTract":null,"incomeBlockGroup":null,"nearestRoad":null,"flu":null,"opportunityZone":null,"oz2Eligibility":null,"source":"fl-volusia-open-data-12127","gisViewerUrl":"https://vcpa.vcgov.org/search/map","appraiserUrl":"https://vcpa.vcgov.org/parcel/summary/?altkey=2010029"},"geometry":{"type":"Polygon","coordinates":[[[-81.50275,29.311871],[-81.502799,29.313741],[-81.502801,29.313851],[-81.50377,29.31381],[-81.503726,29.311849],[-81.50275,29.311871]]]}},{"type":"Feature","id":"12127:480600000024","properties":{"id":"12127:480600000024","parcelId":"480600000024","countyFips":"12127","countyName":"Volusia","state":"Florida","marketIds":["Melbourne"],"situsAddress":"1494 TILLY BYRD RD","situsCity":"SEVILLE","situsZip":"32190","jurisdictionCode":null,"ownerName":"WHITE STEPHEN B","ownerName2":null,"propertyName":null,"zoningCode":null,"zoningDistrict":null,"jurisdictionPrefix":null,"dorCode":"6900","acreage":5.0,"centroid":[-81.50425,29.312814],"lastSale":{"date":"2026-06-08","price":250000.0,"qualified":null},"tax":{"marketValue":80000.0,"assessedValue":5550.0,"taxableValue":5550.0,"taxes":null},"mailingAddress":{"line1":"PO BOX 125","line2":null,"city":"SEVILLE","state":"FL","zip":"32190"},"incomeTract":null,"incomeBlockGroup":null,"nearestRoad":null,"flu":null,"opportunityZone":null,"oz2Eligibility":null,"source":"fl-volusia-open-data-12127","gisViewerUrl":"https://vcpa.vcgov.org/search/map","appraiserUrl":"https://vcpa.vcgov.org/parcel/summary/?altkey=2010061"},"geometry":{"type":"Polygon","coordinates":[[[-81.503726,29.311849],[-81.50377,29.31381],[-81.504773,29.313768],[-81.50473,29.311827],[-81.503726,29.311849]]]}},{"type":"Feature","id":"12127:381800000020","properties":{"id":"12127:381800000020","parcelId":"381800000020","countyFips":"12127","countyName":"Volusia","state":"Florida","marketIds":["Melbourne"],"situsAddress":"120 REGISTER LN","situsCity":"SEVILLE","situsZip":"32190","jurisdictionCode":null,"ownerName":"REGISTER JAMES W JR TR","ownerName2":null,"propertyName":null,"zoningCode":null,"zoningDistrict":null,"jurisdictionPrefix":null,"dorCode":"6900","acreage":5.0,"centroid":[-81.507654,29.362374],"lastSale":{"date":"1991-10-15","price":100.0,"qualified":null},"tax":{"marketValue":72035.0,"assessedValue":58682.0,"taxableValue":58682.0,"taxes":null},"mailingAddress":{"line1":"PO BOX 397","line2":null,"city":"SEVILLE","state":"FL","zip":"32190"},"incomeTract":null,"incomeBlockGroup":null,"nearestRoad":null,"flu":null,"opportunityZone":null,"oz2Eligibility":null,"source":"fl-volusia-open-data-12127","gisViewerUrl":"https://vcpa.vcgov.org/search/map","appraiserUrl":"https://vcpa.vcgov.org/parcel/summary/?altkey=2003006"},"geometry":{"type":"Polygon","coordinates":[[[-81.506992,29.36122],[-81.507043,29.361323],[-81.507981,29.363231],[-81.507941,29.363564],[-81.508017,29.363718],[-81.507951,29.361189],[-81.506992,29.36122]]]}},{"type":"Feature","id":"12127:382000000171","properties":{"id":"12127:382000000171","parcelId":"382000000171","countyFips":"12127","countyName":"Volusia","state":"Florida","marketIds":["Melbourne"],"situsAddress":"150 HAY BARN DR","situsCity":"SEVILLE","situsZip":"32190","jurisdictionCode":null,"ownerName":"LUGO JOSE D","ownerName2":null,"propertyName":null,"zoningCode":null,"zoningDistrict":null,"jurisdictionPrefix":null,"dorCode":"6900","acreage":5.0,"centroid":[-81.50108,29.358757],"lastSale":{"date":"2020-11-17","price":60000.0,"qualified":null},"tax":{"marketValue":68125.0,"assessedValue":22150.0,"taxableValue":22150.0,"taxes":null},"mailingAddress":{"line1":"2451 N US HWY 17","line2":null,"city":"SEVILLE","state":"FL","zip":"32190"},"incomeTract":null,"incomeBlockGroup":null,"nearestRoad":null,"flu":null,"opportunityZone":null,"oz2Eligibility":null,"source":"fl-volusia-open-data-12127","gisViewerUrl":"https://vcpa.vcgov.org/search/map","appraiserUrl":"https://vcpa.vcgov.org/parcel/summary/?altkey=2003332"},"geometry":{"type":"Polygon","coordinates":[[[-81.500533,29.357854],[-81.500592,29.359695],[-81.501627,29.35966],[-81.501568,29.357818],[-81.500533,29.357854]]]}},{"type":"Feature","id":"12127:382900000270","properties":{"id":"12127:382900000270","parcelId":"382900000270","countyFips":"12127","countyName":"Volusia","state":"Florida","marketIds":["Melbourne"],"situsAddress":"100 ROBINSON LN","situsCity":"SEVILLE","situsZip":"32190","jurisdictionCode":null,"ownerName":"MEW JAMES CHASE","ownerName2":null,"propertyName":null,"zoningCode":null,"zoningDistrict":null,"jurisdictionPrefix":null,"dorCode":"0100","acreage":5.0,"centroid":[-81.501639,29.337479],"lastSale":{"date":"2022-06-13","price":350000.0,"qualified":null},"tax":{"marketValue":305339.0,"assessedValue":301978.0,"taxableValue":301978.0,"taxes":null},"mailingAddress":{"line1":"100 ROBINSON LN","line2":null,"city":"SEVILLE","state":"FL","zip":"32190"},"incomeTract":null,"incomeBlockGroup":null,"nearestRoad":null,"flu":null,"opportunityZone":null,"oz2Eligibility":null,"source":"fl-volusia-open-data-12127","gisViewerUrl":"https://vcpa.vcgov.org/search/map","appraiserUrl":"https://vcpa.vcgov.org/parcel/summary/?altkey=2004215"},"geometry":{"type":"Polygon","coordinates":[[[-81.501147,29.337618],[-81.50118,29.337745],[-81.501349,29.338401],[-81.504336,29.3383],[-81.504315,29.338129],[-81.504218,29.337914],[-81.504133,29.337859],[-81.503995,29.337812],[-81.50367,29.337727],[-81.503488,29.337619],[-81.50297,29.337572],[-81.502452,29.337578],[-81.502173,29.33753],[-81.501962,29.337453],[-81.501825,29.337438],[-81.501259,29.33744],[-81.501176,29.337458],[-81.501022,29.33754],[-81.500957,29.337549],[-81.500643,29.337453],[-81.500477,29.337354],[-81.500432,29.337307],[-81.500405,29.337213],[-81.499587,29.336655],[-81.499575,29.336045],[-81.498962,29.336067],[-81.498954,29.336681],[-81.499243,29.33795],[-81.501147,29.337618]]]}},{"type":"Feature","id":"12127:383100000050","properties":{"id":"12127:383100000050","parcelId":"383100000050","countyFips":"12127","countyName":"Volusia","state":"Florida","marketIds":["Melbourne"],"situsAddress":"MCBRIDE RD","situsCity":"SEVILLE","situsZip":"32190","jurisdictionCode":null,"ownerName":"DAMPIER WILLIE A","ownerName2":null,"propertyName":null,"zoningCode":null,"zoningDistrict":null,"jurisdictionPrefix":null,"dorCode":"6900","acreage":5.0,"centroid":[-81.514053,29.331305],"lastSale":{"date":"1994-11-15","price":20000.0,"qualified":null},"tax":{"marketValue":80000.0,"assessedValue":5550.0,"taxableValue":5550.0,"taxes":null},"mailingAddress":{"line1":"PO BOX 404","line2":null,"city":"PIERSON","state":"FL","zip":"32180"},"incomeTract":null,"incomeBlockGroup":null,"nearestRoad":null,"flu":null,"opportunityZone":null,"oz2Eligibility":null,"source":"fl-volusia-open-data-12127","gisViewerUrl":"https://vcpa.vcgov.org/search/map","appraiserUrl":"https://vcpa.vcgov.org/parcel/summary/?altkey=2004533"},"geometry":{"type":"Polygon","coordinates":[[[-81.515245,29.330905],[-81.512841,29.330956],[-81.51286,29.331702],[-81.515266,29.331656],[-81.515245,29.330905]]]}},{"type":"Feature","id":"12127:383100000213","properties":{"id":"12127:383100000213","parcelId":"383100000213","countyFips":"12127","countyName":"Volusia","state":"Florida","marketIds":["Melbourne"],"situsAddress":"1820 MCBRIDE RD","situsCity":"SEVILLE","situsZip":"32190","jurisdictionCode":null,"ownerName":"HAYNES ROBERT H III","ownerName2":null,"propertyName":null,"zoningCode":null,"zoningDistrict":null,"jurisdictionPrefix":null,"dorCode":"6900","acreage":5.0,"centroid":[-81.504954,29.318916],"lastSale":{"date":"1989-03-15","price":100.0,"qualified":null},"tax":{"marketValue":166169.0,"assessedValue":95925.0,"taxableValue":70925.0,"taxes":null},"mailingAddress":{"line1":"PO BOX 376","line2":null,"city":"SEVILLE","state":"FL","zip":"32190"},"incomeTract":null,"incomeBlockGroup":null,"nearestRoad":null,"flu":null,"opportunityZone":null,"oz2Eligibility":null,"source":"fl-volusia-open-data-12127","gisViewerUrl":"https://vcpa.vcgov.org/search/map","appraiserUrl":"https://vcpa.vcgov.org/parcel/summary/?altkey=2004819"},"geometry":{"type":"Polygon","coordinates":[[[-81.505071,29.31875],[-81.504985,29.318751],[-81.502982,29.318798],[-81.502992,29.319287],[-81.50685,29.319197],[-81.506842,29.318711],[-81.505071,29.31875]]]}},{"type":"Feature","id":"12127:383100000216","properties":{"id":"12127:383100000216","parcelId":"383100000216","countyFips":"12127","countyName":"Volusia","state":"Florida","marketIds":["Melbourne"],"situsAddress":"MCBRIDE RD","situsCity":"SEVILLE","situsZip":"32190","jurisdictionCode":null,"ownerName":"HENRY MICAH W","ownerName2":null,"propertyName":null,"zoningCode":null,"zoningDistrict":null,"jurisdictionPrefix":null,"dorCode":"6900","acreage":5.0,"centroid":[-81.509436,29.320699],"lastSale":{"date":"2021-01-27","price":480000.0,"qualified":null},"tax":{"marketValue":78797.0,"assessedValue":14419.0,"taxableValue":14419.0,"taxes":null},"mailingAddress":{"line1":"2220 MCBRIDE RD","line2":null,"city":"SEVILLE","state":"FL","zip":"32190"},"incomeTract":null,"incomeBlockGroup":null,"nearestRoad":null,"flu":null,"opportunityZone":null,"oz2Eligibility":null,"source":"fl-volusia-open-data-12127","gisViewerUrl":"https://vcpa.vcgov.org/search/map","appraiserUrl":"https://vcpa.vcgov.org/parcel/summary/?altkey=2004843"},"geometry":{"type":"Polygon","coordinates":[[[-81.508222,29.32089],[-81.508225,29.321027],[-81.511269,29.320916],[-81.511251,29.320291],[-81.508213,29.320372],[-81.508222,29.32089]]]}},{"type":"Feature","id":"12127:383100000220","properties":{"id":"12127:383100000220","parcelId":"383100000220","countyFips":"12127","countyName":"Volusia","state":"Florida","marketIds":["Melbourne"],"situsAddress":"MCBRIDE RD","situsCity":"SEVILLE","situsZip":"32190","jurisdictionCode":null,"ownerName":"FORD FRANK A JR","ownerName2":null,"propertyName":null,"zoningCode":null,"zoningDistrict":null,"jurisdictionPrefix":null,"dorCode":"9600","acreage":5.0,"centroid":[-81.508741,29.323973],"lastSale":{"date":"1982-12-15","price":100.0,"qualified":null},"tax":{"marketValue":2500.0,"assessedValue":2500.0,"taxableValue":2500.0,"taxes":null},"mailingAddress":{"line1":"PO BOX 457","line2":null,"city":"DELAND","state":"FL","zip":"32721"},"incomeTract":null,"incomeBlockGroup":null,"nearestRoad":null,"flu":null,"opportunityZone":null,"oz2Eligibility":null,"source":"fl-volusia-open-data-12127","gisViewerUrl":"https://vcpa.vcgov.org/search/map","appraiserUrl":"https://vcpa.vcgov.org/parcel/summary/?altkey=2004886"},"geometry":{"type":"Polygon","coordinates":[[[-81.508279,29.323744],[-81.508304,29.324623],[-81.50937,29.324583],[-81.509342,29.323593],[-81.508873,29.323667],[-81.508276,29.32363],[-81.508279,29.323744]]]}},{"type":"Feature","id":"12127:383100000240","properties":{"id":"12127:383100000240","parcelId":"383100000240","countyFips":"12127","countyName":"Volusia","state":"Florida","marketIds":["Melbourne"],"situsAddress":"OFF- MCBRIDE RD","situsCity":"SEVILLE","situsZip":"32190","jurisdictionCode":null,"ownerName":"FORD FRANK A JR","ownerName2":null,"propertyName":null,"zoningCode":null,"zoningDistrict":null,"jurisdictionPrefix":null,"dorCode":"5700","acreage":5.0,"centroid":[-81.510716,29.322439],"lastSale":{"date":"1982-12-15","price":100.0,"qualified":null},"tax":{"marketValue":3000.0,"assessedValue":499.0,"taxableValue":499.0,"taxes":null},"mailingAddress":{"line1":"PO BOX 457","line2":null,"city":"DELAND","state":"FL","zip":"32721"},"incomeTract":null,"incomeBlockGroup":null,"nearestRoad":null,"flu":null,"opportunityZone":null,"oz2Eligibility":null,"source":"fl-volusia-open-data-12127","gisViewerUrl":"https://vcpa.vcgov.org/search/map","appraiserUrl":"https://vcpa.vcgov.org/parcel/summary/?altkey=2004924"},"geometry":{"type":"Polygon","coordinates":[[[-81.510203,29.320955],[-81.510255,29.3227],[-81.510277,29.323454],[-81.510628,29.323338],[-81.511054,29.322938],[-81.511324,29.32277],[-81.511269,29.320916],[-81.510203,29.320955]]]}},{"type":"Feature","id":"12127:373600000090","properties":{"id":"12127:373600000090","parcelId":"373600000090","countyFips":"12127","countyName":"Volusia","state":"Florida","marketIds":["Melbourne"],"situsAddress":"PURVIS RD","situsCity":"SEVILLE","situsZip":"32190","jurisdictionCode":null,"ownerName":"BENNETT TOMMIE J TR","ownerName2":null,"propertyName":null,"zoningCode":null,"zoningDistrict":null,"jurisdictionPrefix":null,"dorCode":"6900","acreage":5.0,"centroid":[-81.517648,29.327627],"lastSale":{"date":"2001-07-15","price":10.0,"qualified":null},"tax":{"marketValue":72500.0,"assessedValue":14500.0,"taxableValue":14500.0,"taxes":null},"mailingAddress":{"line1":"PO BOX 202","line2":null,"city":"SEVILLE","state":"FL","zip":"32190"},"incomeTract":null,"incomeBlockGroup":null,"nearestRoad":null,"flu":null,"opportunityZone":null,"oz2Eligibility":null,"source":"fl-volusia-open-data-12127","gisViewerUrl":"https://vcpa.vcgov.org/search/map","appraiserUrl":"https://vcpa.vcgov.org/parcel/summary/?altkey=2000538"},"geometry":{"type":"Polygon","coordinates":[[[-81.516821,29.327957],[-81.516825,29.328107],[-81.518909,29.328055],[-81.518889,29.327],[-81.516796,29.327018],[-81.516821,29.327957]]]}},{"type":"Feature","id":"12127:382000000162","properties":{"id":"12127:382000000162","parcelId":"382000000162","countyFips":"12127","countyName":"Volusia","state":"Florida","marketIds":["Melbourne"],"situsAddress":"104 HAY BARN RD","situsCity":"SEVILLE","situsZip":"32190","jurisdictionCode":null,"ownerName":"EAST BAILEY PROPERTIES LLC","ownerName2":null,"propertyName":null,"zoningCode":null,"zoningDistrict":null,"jurisdictionPrefix":null,"dorCode":"2500","acreage":5.0,"centroid":[-81.502416,29.356082],"lastSale":{"date":"2006-01-17","price":658000.0,"qualified":null},"tax":{"marketValue":173805.0,"assessedValue":161291.0,"taxableValue":161291.0,"taxes":null},"mailingAddress":{"line1":"250 RIVERSIDE DR","line2":null,"city":"ORMOND BEACH","state":"FL","zip":"32176"},"incomeTract":null,"incomeBlockGroup":null,"nearestRoad":null,"flu":null,"opportunityZone":null,"oz2Eligibility":null,"source":"fl-volusia-open-data-12127","gisViewerUrl":"https://vcpa.vcgov.org/search/map","appraiserUrl":"https://vcpa.vcgov.org/parcel/summary/?altkey=4948236"},"geometry":{"type":"Polygon","coordinates":[[[-81.501531,29.355697],[-81.501537,29.35604],[-81.501546,29.356567],[-81.503949,29.35648],[-81.503516,29.355628],[-81.501531,29.355697]]]}},{"type":"Feature","id":"12127:383000000031","properties":{"id":"12127:383000000031","parcelId":"383000000031","countyFips":"12127","countyName":"Volusia","state":"Florida","marketIds":["Melbourne"],"situsAddress":"2309 MCBRIDE RD","situsCity":"SEVILLE","situsZip":"32190","jurisdictionCode":null,"ownerName":"PEREZ JOSE ALEJANDRO RAVELO","ownerName2":null,"propertyName":null,"zoningCode":null,"zoningDistrict":null,"jurisdictionPrefix":null,"dorCode":"0100","acreage":5.0,"centroid":[-81.505961,29.342106],"lastSale":{"date":"2026-08-13","price":485000.0,"qualified":"11"},"tax":{"marketValue":354932.0,"assessedValue":348375.0,"taxableValue":323375.0,"taxes":null},"mailingAddress":{"line1":"2309 MCBRIDE RD","line2":null,"city":"SEVILLE","state":"FL","zip":"32190"},"incomeTract":null,"incomeBlockGroup":null,"nearestRoad":null,"flu":null,"opportunityZone":null,"oz2Eligibility":null,"source":"fl-volusia-open-data-12127","gisViewerUrl":"https://vcpa.vcgov.org/search/map","appraiserUrl":"https://vcpa.vcgov.org/parcel/summary/?altkey=4928481"},"geometry":{"type":"Polygon","coordinates":[[[-81.505907,29.342485],[-81.505943,29.342488],[-81.506255,29.342539],[-81.50674,29.342672],[-81.507179,29.342732],[-81.506065,29.341282],[-81.505914,29.341371],[-81.505723,29.341408],[-81.505516,29.341608],[-81.505324,29.3417],[-81.505351,29.34251],[-81.50562,29.342481],[-81.505907,29.342485]]]}},{"type":"Feature","id":"12127:470101002360","properties":{"id":"12127:470101002360","parcelId":"470101002360","countyFips":"12127","countyName":"Volusia","state":"Florida","marketIds":["Melbourne"],"situsAddress":"NO STREET","situsCity":"COUNTY","situsZip":"32180","jurisdictionCode":null,"ownerName":"COUNTY OF VOLUSIA","ownerName2":null,"propertyName":null,"zoningCode":null,"zoningDistrict":null,"jurisdictionPrefix":null,"dorCode":"8000","acreage":5.0,"centroid":[-81.533278,29.261629],"lastSale":{"date":"2009-04-01","price":5000.0,"qualified":null},"tax":{"marketValue":2500.0,"assessedValue":2500.0,"taxableValue":null,"taxes":null},"mailingAddress":{"line1":"123 W INDIANA AVE","line2":null,"city":"DELAND","state":"FL","zip":"32720"},"incomeTract":null,"incomeBlockGroup":null,"nearestRoad":null,"flu":null,"opportunityZone":null,"oz2Eligibility":null,"source":"fl-volusia-open-data-12127","gisViewerUrl":"https://vcpa.vcgov.org/search/map","appraiserUrl":"https://vcpa.vcgov.org/parcel/summary/?altkey=5181855"},"geometry":{"type":"Polygon","coordinates":[[[-81.533756,29.261811],[-81.53467,29.261952],[-81.534492,29.261725],[-81.534445,29.261688],[-81.534373,29.261672],[-81.534302,29.261668],[-81.534109,29.261715],[-81.533955,29.261677],[-81.533824,29.261675],[-81.533551,29.261581],[-81.533425,29.261615],[-81.533221,29.261504],[-81.53292,29.261547],[-81.532859,29.261657],[-81.532788,29.261673],[-81.532657,29.261629],[-81.532594,29.26154],[-81.532539,29.261507],[-81.532288,29.261509],[-81.532058,29.261468],[-81.531639,29.261293],[-81.531659,29.261722],[-81.533756,29.261811]]]}},{"type":"Feature","id":"12127:374000000041","properties":{"id":"12127:374000000041","parcelId":"374000000041","countyFips":"12127","countyName":"Volusia","state":"Florida","marketIds":["Melbourne"],"situsAddress":"LAKE GEORGE RD","situsCity":"SEVILLE","situsZip":"32190","jurisdictionCode":null,"ownerName":"KILMER LINDA","ownerName2":null,"propertyName":null,"zoningCode":null,"zoningDistrict":null,"jurisdictionPrefix":null,"dorCode":"0000","acreage":5.0,"centroid":[-81.544061,29.320962],"lastSale":{"date":"2023-02-28","price":65000.0,"qualified":null},"tax":{"marketValue":75940.0,"assessedValue":75935.0,"taxableValue":75935.0,"taxes":null},"mailingAddress":{"line1":"911 NAUTILUS ISLE","line2":null,"city":"DANIA BEACH","state":"FL","zip":"33004"},"incomeTract":null,"incomeBlockGroup":null,"nearestRoad":null,"flu":null,"opportunityZone":null,"oz2Eligibility":null,"source":"fl-volusia-open-data-12127","gisViewerUrl":"https://vcpa.vcgov.org/search/map","appraiserUrl":"https://vcpa.vcgov.org/parcel/summary/?altkey=4376976"},"geometry":{"type":"Polygon","coordinates":[[[-81.542879,29.320783],[-81.544649,29.321885],[-81.54524,29.321139],[-81.543477,29.32004],[-81.542879,29.320783]]]}},{"type":"Feature","id":"12127:373600000092","properties":{"id":"12127:373600000092","parcelId":"373600000092","countyFips":"12127","countyName":"Volusia","state":"Florida","marketIds":["Melbourne"],"situsAddress":"675 PURVIS RD","situsCity":"SEVILLE","situsZip":"32190","jurisdictionCode":null,"ownerName":"GAYTON JOSEPHINA","ownerName2":null,"propertyName":null,"zoningCode":null,"zoningDistrict":null,"jurisdictionPrefix":null,"dorCode":"0200","acreage":5.0,"centroid":[-81.517833,29.326607],"lastSale":{"date":"1997-06-15","price":18500.0,"qualified":null},"tax":{"marketValue":97789.0,"assessedValue":56390.0,"taxableValue":31390.0,"taxes":null},"mailingAddress":{"line1":"675 PURVIS RD","line2":null,"city":"SEVILLE","state":"FL","zip":"32190"},"incomeTract":null,"incomeBlockGroup":null,"nearestRoad":null,"flu":null,"opportunityZone":null,"oz2Eligibility":null,"source":"fl-volusia-open-data-12127","gisViewerUrl":"https://vcpa.vcgov.org/search/map","appraiserUrl":"https://vcpa.vcgov.org/parcel/summary/?altkey=5711323"},"geometry":{"type":"Polygon","coordinates":[[[-81.516775,29.326219],[-81.516796,29.327018],[-81.518889,29.327],[-81.518873,29.326192],[-81.516775,29.326219]]]}},{"type":"Feature","id":"12127:383205000232","properties":{"id":"12127:383205000232","parcelId":"383205000232","countyFips":"12127","countyName":"Volusia","state":"Florida","marketIds":["Melbourne"],"situsAddress":"MCBRIDE RD","situsCity":"SEVILLE","situsZip":"32190","jurisdictionCode":null,"ownerName":"STATE OF FLORIDA","ownerName2":null,"propertyName":null,"zoningCode":null,"zoningDistrict":null,"jurisdictionPrefix":null,"dorCode":"8000","acreage":5.0,"centroid":[-81.506205,29.322623],"lastSale":{"date":null,"price":null,"qualified":null},"tax":{"marketValue":500.0,"assessedValue":500.0,"taxableValue":null,"taxes":null},"mailingAddress":{"line1":"3900 COMMONWEALTH BLVD STE 115","line2":null,"city":"TALLAHASSEE","state":"FL","zip":"32399"},"incomeTract":null,"incomeBlockGroup":null,"nearestRoad":null,"flu":null,"opportunityZone":null,"oz2Eligibility":null,"source":"fl-volusia-open-data-12127","gisViewerUrl":"https://vcpa.vcgov.org/search/map","appraiserUrl":"https://vcpa.vcgov.org/parcel/summary/?altkey=8007079"},"geometry":{"type":"Polygon","coordinates":[[[-81.507135,29.321557],[-81.507096,29.321599],[-81.506881,29.321811],[-81.506534,29.322091],[-81.506155,29.322337],[-81.505799,29.322498],[-81.505715,29.322567],[-81.505658,29.322647],[-81.505623,29.322743],[-81.505601,29.322944],[-81.50565,29.323197],[-81.505781,29.323408],[-81.506049,29.323671],[-81.507187,29.32365],[-81.507135,29.321557]]]}}]}