{"type":"FeatureCollection","name":"37155-14_31","features":[{"type":"Feature","id":"37155:930761794800","properties":{"id":"37155:930761794800","parcelId":"930761794800","countyFips":"37155","countyName":"Robeson","state":"North Carolina","marketIds":["Wilmington"],"situsAddress":"5076 RED HILL RD","situsCity":null,"situsZip":null,"jurisdictionCode":null,"ownerName":"LOCKLEAR LAMON","ownerName2":"LOCKLEAR ANNIE LOCKLEAR","propertyName":null,"zoningCode":null,"zoningDistrict":null,"jurisdictionPrefix":null,"dorCode":"A-80","acreage":14.46,"centroid":[-79.310515,34.771667],"lastSale":{"date":"2004-01-01","price":null,"qualified":null},"tax":{"marketValue":null,"assessedValue":null,"taxableValue":null,"taxes":null},"mailingAddress":{"line1":"4873 RED HILL RD","line2":null,"city":"MAXTON","state":"NC","zip":"28364"},"incomeTract":null,"incomeBlockGroup":null,"nearestRoad":null,"flu":null,"opportunityZone":null,"oz2Eligibility":null,"source":"nc-robeson-parcels-37155","appraiserUrl":"https://www.ustaxdata.com/nc/robeson/account.cfm?parcelID=23130102305","gisViewerUrl":"https://maps2.roktech.net/ROKMAPS_Robeson/"},"geometry":{"type":"Polygon","coordinates":[[[-79.304944,34.773323],[-79.305171,34.773773],[-79.316073,34.770016],[-79.31587,34.769558],[-79.304944,34.773323]]]}},{"type":"Feature","id":"37155:932721366200","properties":{"id":"37155:932721366200","parcelId":"932721366200","countyFips":"37155","countyName":"Robeson","state":"North Carolina","marketIds":["Wilmington"],"situsAddress":"5526 PRESTON RD","situsCity":null,"situsZip":null,"jurisdictionCode":null,"ownerName":"MULLINS BRENDA G","ownerName2":"MULLINS RICHARD C","propertyName":null,"zoningCode":null,"zoningDistrict":null,"jurisdictionPrefix":null,"dorCode":"A-10","acreage":11.44,"centroid":[-79.258282,34.770825],"lastSale":{"date":"2012-04-17","price":null,"qualified":null},"tax":{"marketValue":null,"assessedValue":null,"taxableValue":null,"taxes":null},"mailingAddress":{"line1":"5526 PRESTON","line2":null,"city":"MAXTON","state":"NC","zip":"28364"},"incomeTract":null,"incomeBlockGroup":null,"nearestRoad":null,"flu":null,"opportunityZone":null,"oz2Eligibility":null,"source":"nc-robeson-parcels-37155","appraiserUrl":"https://www.ustaxdata.com/nc/robeson/account.cfm?parcelID=23150102301","gisViewerUrl":"https://maps2.roktech.net/ROKMAPS_Robeson/"},"geometry":{"type":"Polygon","coordinates":[[[-79.257591,34.769717],[-79.2569,34.770748],[-79.256949,34.770773],[-79.256862,34.770901],[-79.259184,34.772089],[-79.25968,34.771533],[-79.260275,34.77079],[-79.258813,34.770047],[-79.257591,34.769717]]]}},{"type":"Feature","id":"37155:930886862500","properties":{"id":"37155:930886862500","parcelId":"930886862500","countyFips":"37155","countyName":"Robeson","state":"North Carolina","marketIds":["Wilmington"],"situsAddress":"REDEEMED DR","situsCity":null,"situsZip":null,"jurisdictionCode":null,"ownerName":"WILLIAMS JUDY","ownerName2":null,"propertyName":null,"zoningCode":null,"zoningDistrict":null,"jurisdictionPrefix":null,"dorCode":"V-00","acreage":6.07,"centroid":[-79.303872,34.812101],"lastSale":{"date":"2010-02-26","price":null,"qualified":null},"tax":{"marketValue":null,"assessedValue":null,"taxableValue":null,"taxes":null},"mailingAddress":{"line1":"3091 OXENDINE SCHOOL RD","line2":null,"city":"MAXTON","state":"NC","zip":"28364"},"incomeTract":null,"incomeBlockGroup":null,"nearestRoad":null,"flu":null,"opportunityZone":null,"oz2Eligibility":null,"source":"nc-robeson-parcels-37155","appraiserUrl":"https://www.ustaxdata.com/nc/robeson/account.cfm?parcelID=23060102805A","gisViewerUrl":"https://maps2.roktech.net/ROKMAPS_Robeson/"},"geometry":{"type":"Polygon","coordinates":[[[-79.304186,34.812978],[-79.304441,34.812391],[-79.304844,34.811484],[-79.303152,34.811159],[-79.302738,34.812491],[-79.304186,34.812978]]]}},{"type":"Feature","id":"37155:931659250800","properties":{"id":"37155:931659250800","parcelId":"931659250800","countyFips":"37155","countyName":"Robeson","state":"North Carolina","marketIds":["Wilmington"],"situsAddress":"200 ZADIE DR","situsCity":null,"situsZip":null,"jurisdictionCode":null,"ownerName":"OXENDINE FONCIE B JR &","ownerName2":"OXENDINE BEATRICE","propertyName":null,"zoningCode":null,"zoningDistrict":null,"jurisdictionPrefix":null,"dorCode":"V-20","acreage":76.17,"centroid":[-79.282882,34.766076],"lastSale":{"date":"2016-02-24","price":null,"qualified":null},"tax":{"marketValue":null,"assessedValue":null,"taxableValue":null,"taxes":null},"mailingAddress":{"line1":"200 ZADIE DRIVE","line2":null,"city":"MAXTON","state":"NC","zip":"28364"},"incomeTract":null,"incomeBlockGroup":null,"nearestRoad":null,"flu":null,"opportunityZone":null,"oz2Eligibility":null,"source":"nc-robeson-parcels-37155","appraiserUrl":"https://www.ustaxdata.com/nc/robeson/account.cfm?parcelID=23140100501","gisViewerUrl":"https://maps2.roktech.net/ROKMAPS_Robeson/"},"geometry":{"type":"Polygon","coordinates":[[[-79.281509,34.765741],[-79.282132,34.766311],[-79.287762,34.77147],[-79.290105,34.769293],[-79.283165,34.765968],[-79.280209,34.762507],[-79.278885,34.763116],[-79.280938,34.764972],[-79.281231,34.76531],[-79.281509,34.765741]]]}},{"type":"Feature","id":"37155:930923615400","properties":{"id":"37155:930923615400","parcelId":"930923615400","countyFips":"37155","countyName":"Robeson","state":"North Carolina","marketIds":["Wilmington"],"situsAddress":"50 KALYN DR","situsCity":null,"situsZip":null,"jurisdictionCode":null,"ownerName":"LOCKLEAR MICHAEL LEE","ownerName2":null,"propertyName":null,"zoningCode":null,"zoningDistrict":null,"jurisdictionPrefix":null,"dorCode":"V-80","acreage":6.0,"centroid":[-79.324212,34.829727],"lastSale":{"date":"2002-01-01","price":null,"qualified":null},"tax":{"marketValue":null,"assessedValue":null,"taxableValue":null,"taxes":null},"mailingAddress":{"line1":"1189 MCGIRT GIN RD","line2":null,"city":"MAXTON","state":"NC","zip":"28364"},"incomeTract":null,"incomeBlockGroup":null,"nearestRoad":null,"flu":null,"opportunityZone":null,"oz2Eligibility":null,"source":"nc-robeson-parcels-37155","appraiserUrl":"https://www.ustaxdata.com/nc/robeson/account.cfm?parcelID=23010100712","gisViewerUrl":"https://maps2.roktech.net/ROKMAPS_Robeson/"},"geometry":{"type":"Polygon","coordinates":[[[-79.323326,34.829196],[-79.323399,34.829313],[-79.324332,34.830812],[-79.325383,34.830542],[-79.324621,34.828774],[-79.323326,34.829196]]]}},{"type":"Feature","id":"37155:930789619400","properties":{"id":"37155:930789619400","parcelId":"930789619400","countyFips":"37155","countyName":"Robeson","state":"North Carolina","marketIds":["Wilmington"],"situsAddress":"301 SHADY LN","situsCity":null,"situsZip":null,"jurisdictionCode":null,"ownerName":"OXENDINE RICHARD C","ownerName2":null,"propertyName":null,"zoningCode":null,"zoningDistrict":null,"jurisdictionPrefix":null,"dorCode":"V-80","acreage":5.65,"centroid":[-79.304216,34.791261],"lastSale":{"date":"2014-12-29","price":null,"qualified":null},"tax":{"marketValue":null,"assessedValue":null,"taxableValue":null,"taxes":null},"mailingAddress":{"line1":"301 SHADY LANE","line2":null,"city":"MAXTON","state":"NC","zip":"28364"},"incomeTract":null,"incomeBlockGroup":null,"nearestRoad":null,"flu":null,"opportunityZone":null,"oz2Eligibility":null,"source":"nc-robeson-parcels-37155","appraiserUrl":"https://www.ustaxdata.com/nc/robeson/account.cfm?parcelID=230905069","gisViewerUrl":"https://maps2.roktech.net/ROKMAPS_Robeson/"},"geometry":{"type":"Polygon","coordinates":[[[-79.302383,34.791708],[-79.303395,34.792167],[-79.30567,34.790937],[-79.305653,34.790817],[-79.30566,34.790561],[-79.302534,34.791374],[-79.302383,34.791708]]]}},{"type":"Feature","id":"37155:931607295200","properties":{"id":"37155:931607295200","parcelId":"931607295200","countyFips":"37155","countyName":"Robeson","state":"North Carolina","marketIds":["Wilmington"],"situsAddress":"JASON RD","situsCity":null,"situsZip":null,"jurisdictionCode":null,"ownerName":"LOWERY EMMA J LF EST","ownerName2":"RE ADRIAN LOWRY ET ALS","propertyName":null,"zoningCode":null,"zoningDistrict":null,"jurisdictionPrefix":null,"dorCode":"V-20","acreage":40.0,"centroid":[-79.298506,34.760327],"lastSale":{"date":"2004-01-01","price":null,"qualified":null},"tax":{"marketValue":null,"assessedValue":null,"taxableValue":null,"taxes":null},"mailingAddress":{"line1":"1496 HEZEKIAH ROAD","line2":null,"city":"MAXTON","state":"NC","zip":"28364"},"incomeTract":null,"incomeBlockGroup":null,"nearestRoad":null,"flu":null,"opportunityZone":null,"oz2Eligibility":null,"source":"nc-robeson-parcels-37155","appraiserUrl":"https://www.ustaxdata.com/nc/robeson/account.cfm?parcelID=23170101511","gisViewerUrl":"https://maps2.roktech.net/ROKMAPS_Robeson/"},"geometry":{"type":"Polygon","coordinates":[[[-79.295773,34.763137],[-79.295911,34.763196],[-79.301862,34.761256],[-79.301358,34.760369],[-79.30073,34.759147],[-79.300145,34.758202],[-79.297985,34.758907],[-79.297638,34.758642],[-79.296143,34.759875],[-79.29751,34.760542],[-79.295773,34.763137]]]}},{"type":"Feature","id":"37155:930705401900","properties":{"id":"37155:930705401900","parcelId":"930705401900","countyFips":"37155","countyName":"Robeson","state":"North Carolina","marketIds":["Wilmington"],"situsAddress":"MCGIRT RD","situsCity":null,"situsZip":null,"jurisdictionCode":null,"ownerName":"MCMILLAN JAMES DOUGAS &","ownerName2":"MCMILLAN JIMMY III","propertyName":null,"zoningCode":null,"zoningDistrict":null,"jurisdictionPrefix":null,"dorCode":"A-20","acreage":70.0,"centroid":[-79.333413,34.779128],"lastSale":{"date":"2013-03-12","price":null,"qualified":null},"tax":{"marketValue":null,"assessedValue":null,"taxableValue":null,"taxes":null},"mailingAddress":{"line1":"P O BOX 868","line2":null,"city":"MAXTON","state":"NC","zip":"28364"},"incomeTract":null,"incomeBlockGroup":null,"nearestRoad":null,"flu":null,"opportunityZone":null,"oz2Eligibility":null,"source":"nc-robeson-parcels-37155","appraiserUrl":"https://www.ustaxdata.com/nc/robeson/account.cfm?parcelID=11010200408","gisViewerUrl":"https://maps2.roktech.net/ROKMAPS_Robeson/"},"geometry":{"type":"Polygon","coordinates":[[[-79.329745,34.783577],[-79.330094,34.783743],[-79.335264,34.78079],[-79.335192,34.780673],[-79.3351,34.780622],[-79.335127,34.780554],[-79.335083,34.780485],[-79.335091,34.780442],[-79.335061,34.780419],[-79.334843,34.780382],[-79.334686,34.780407],[-79.334566,34.780441],[-79.33447,34.780548],[-79.334457,34.78053],[-79.334483,34.780415],[-79.334569,34.780368],[-79.334547,34.780301],[-79.334561,34.780284],[-79.334856,34.780144],[-79.33491,34.780086],[-79.33489,34.780056],[-79.334824,34.780073],[-79.334851,34.780033],[-79.334644,34.779968],[-79.334636,34.779948],[-79.334707,34.779845],[-79.334649,34.77977],[-79.334684,34.779663],[-79.334746,34.779597],[-79.334759,34.779502],[-79.33489,34.779445],[-79.334959,34.77944],[-79.335044,34.779378],[-79.335055,34.779328],[-79.335028,34.779231],[-79.334907,34.779142],[-79.3349,34.779096],[-79.334837,34.779015],[-79.334796,34.778846],[-79.334693,34.778728],[-79.334528,34.778558],[-79.334354,34.778466],[-79.334283,34.778452],[-79.334175,34.778377],[-79.334012,34.778191],[-79.334007,34.778077],[-79.33404,34.77794],[-79.333977,34.777885],[-79.333901,34.777751],[-79.333905,34.77771],[-79.333961,34.777638],[-79.333969,34.777576],[-79.33406,34.777507],[-79.334154,34.777488],[-79.334301,34.777394],[-79.334258,34.777283],[-79.33414,34.777256],[-79.333901,34.777308],[-79.333789,34.777385],[-79.333722,34.777479],[-79.33368,34.777501],[-79.333409,34.777472],[-79.33328,34.777395],[-79.333179,34.777368],[-79.333117,34.77737],[-79.33304,34.777401],[-79.333024,34.777542],[-79.332991,34.777572],[-79.332921,34.777535],[-79.33275,34.77754],[-79.332701,34.77756],[-79.33267,34.777557],[-79.332649,34.777518],[-79.3326,34.777287],[-79.332535,34.777182],[-79.33239,34.777129],[-79.332336,34.77713],[-79.332255,34.777199],[-79.332206,34.77716],[-79.332091,34.777186],[-79.331941,34.777142],[-79.331919,34.7771],[-79.330043,34.778509],[-79.327966,34.779016],[-79.328887,34.781451],[-79.329406,34.781357],[-79.329747,34.781331],[-79.329994,34.781406],[-79.329602,34.781874],[-79.329522,34.782325],[-79.329191,34.782402],[-79.329369,34.783201],[-79.329394,34.783186],[-79.329745,34.783577]]]}},{"type":"Feature","id":"37155:931933544100","properties":{"id":"37155:931933544100","parcelId":"931933544100","countyFips":"37155","countyName":"Robeson","state":"North Carolina","marketIds":["Wilmington"],"situsAddress":"MCNEIL RD","situsCity":null,"situsZip":null,"jurisdictionCode":null,"ownerName":"SCOTT LLOYD ALLEN","ownerName2":null,"propertyName":null,"zoningCode":null,"zoningDistrict":null,"jurisdictionPrefix":null,"dorCode":"A-80","acreage":7.83,"centroid":[-79.288544,34.830725],"lastSale":{"date":"2008-06-02","price":null,"qualified":null},"tax":{"marketValue":null,"assessedValue":null,"taxableValue":null,"taxes":null},"mailingAddress":{"line1":"PO BOX 939","line2":null,"city":"RED SPRINGS","state":"NC","zip":"28377"},"incomeTract":null,"incomeBlockGroup":null,"nearestRoad":null,"flu":null,"opportunityZone":null,"oz2Eligibility":null,"source":"nc-robeson-parcels-37155","appraiserUrl":"https://www.ustaxdata.com/nc/robeson/account.cfm?parcelID=23030100223","gisViewerUrl":"https://maps2.roktech.net/ROKMAPS_Robeson/"},"geometry":{"type":"Polygon","coordinates":[[[-79.286217,34.830094],[-79.287226,34.831389],[-79.28784,34.831169],[-79.288579,34.831007],[-79.289167,34.83095],[-79.289908,34.830968],[-79.289866,34.830475],[-79.289034,34.830442],[-79.289055,34.83003],[-79.286217,34.830094]]]}},{"type":"Feature","id":"37155:932835991179","properties":{"id":"37155:932835991179","parcelId":"932835991179","countyFips":"37155","countyName":"Robeson","state":"North Carolina","marketIds":["Wilmington"],"situsAddress":"5353 OXENDINE SCHOOL RD","situsCity":null,"situsZip":null,"jurisdictionCode":null,"ownerName":"LOCKLEAR JOHNNY E","ownerName2":"LOCKLEAR BEVERLY","propertyName":null,"zoningCode":null,"zoningDistrict":null,"jurisdictionPrefix":null,"dorCode":"V-20","acreage":64.19,"centroid":[-79.255964,34.809526],"lastSale":{"date":"2006-10-04","price":null,"qualified":null},"tax":{"marketValue":null,"assessedValue":null,"taxableValue":null,"taxes":null},"mailingAddress":{"line1":"5353 OXENDINE SCHOOL RD","line2":null,"city":"MAXTON","state":"NC","zip":"28364"},"incomeTract":null,"incomeBlockGroup":null,"nearestRoad":null,"flu":null,"opportunityZone":null,"oz2Eligibility":null,"source":"nc-robeson-parcels-37155","appraiserUrl":"https://www.ustaxdata.com/nc/robeson/account.cfm?parcelID=230801001","gisViewerUrl":"https://maps2.roktech.net/ROKMAPS_Robeson/"},"geometry":{"type":"Polygon","coordinates":[[[-79.259272,34.809215],[-79.259268,34.8092],[-79.25921,34.808597],[-79.258213,34.808652],[-79.258124,34.80751],[-79.25618,34.806775],[-79.255977,34.806869],[-79.255093,34.806796],[-79.254716,34.810545],[-79.247148,34.810111],[-79.246953,34.812226],[-79.257178,34.811584],[-79.25716,34.811427],[-79.256469,34.811385],[-79.256403,34.810812],[-79.257094,34.810854],[-79.256926,34.809385],[-79.259272,34.809215]]]}},{"type":"Feature","id":"37155:932743290400","properties":{"id":"37155:932743290400","parcelId":"932743290400","countyFips":"37155","countyName":"Robeson","state":"North Carolina","marketIds":["Wilmington"],"situsAddress":"3599 CEDAR CREEK RUN","situsCity":null,"situsZip":null,"jurisdictionCode":null,"ownerName":"ADOLPH L DIAL ENTERPRISES","ownerName2":"C/O MARY CAPLE","propertyName":null,"zoningCode":null,"zoningDistrict":null,"jurisdictionPrefix":null,"dorCode":"V-20","acreage":74.99,"centroid":[-79.25327,34.777787],"lastSale":{"date":"2004-01-01","price":null,"qualified":null},"tax":{"marketValue":null,"assessedValue":null,"taxableValue":null,"taxes":null},"mailingAddress":{"line1":"3090 HAVEN TERRACE","line2":null,"city":"MILTON","state":"GA","zip":"30004"},"incomeTract":null,"incomeBlockGroup":null,"nearestRoad":null,"flu":null,"opportunityZone":null,"oz2Eligibility":null,"source":"nc-robeson-parcels-37155","appraiserUrl":"https://www.ustaxdata.com/nc/robeson/account.cfm?parcelID=23150100402","gisViewerUrl":"https://maps2.roktech.net/ROKMAPS_Robeson/"},"geometry":{"type":"Polygon","coordinates":[[[-79.249295,34.773974],[-79.249398,34.773979],[-79.251864,34.781387],[-79.255703,34.781021],[-79.255938,34.780983],[-79.25586,34.780132],[-79.255846,34.7796],[-79.253829,34.779511],[-79.254234,34.77435],[-79.250731,34.772929],[-79.249295,34.773974]]]}},{"type":"Feature","id":"37155:932823001100","properties":{"id":"37155:932823001100","parcelId":"932823001100","countyFips":"37155","countyName":"Robeson","state":"North Carolina","marketIds":["Wilmington"],"situsAddress":"OXENDINE SCHOOL RD","situsCity":null,"situsZip":null,"jurisdictionCode":null,"ownerName":"LOCKLEAR JOE GLENN","ownerName2":null,"propertyName":null,"zoningCode":null,"zoningDistrict":null,"jurisdictionPrefix":null,"dorCode":"V-00","acreage":5.0,"centroid":[-79.259491,34.802185],"lastSale":{"date":"2011-06-20","price":null,"qualified":null},"tax":{"marketValue":null,"assessedValue":null,"taxableValue":null,"taxes":null},"mailingAddress":{"line1":"1505 OLD RED SPRINGS RD","line2":null,"city":"MAXTON","state":"NC","zip":"28364"},"incomeTract":null,"incomeBlockGroup":null,"nearestRoad":null,"flu":null,"opportunityZone":null,"oz2Eligibility":null,"source":"nc-robeson-parcels-37155","appraiserUrl":"https://www.ustaxdata.com/nc/robeson/account.cfm?parcelID=23110100206","gisViewerUrl":"https://maps2.roktech.net/ROKMAPS_Robeson/"},"geometry":{"type":"Polygon","coordinates":[[[-79.258293,34.802014],[-79.258379,34.802393],[-79.258442,34.802677],[-79.261266,34.802249],[-79.261075,34.801593],[-79.258293,34.802014]]]}},{"type":"Feature","id":"37155:931656352200","properties":{"id":"37155:931656352200","parcelId":"931656352200","countyFips":"37155","countyName":"Robeson","state":"North Carolina","marketIds":["Wilmington"],"situsAddress":".","situsCity":null,"situsZip":null,"jurisdictionCode":null,"ownerName":"DUNN JOHN PAUL","ownerName2":null,"propertyName":null,"zoningCode":null,"zoningDistrict":null,"jurisdictionPrefix":null,"dorCode":"V-20","acreage":66.03,"centroid":[-79.281007,34.756265],"lastSale":{"date":"2004-01-01","price":null,"qualified":null},"tax":{"marketValue":null,"assessedValue":null,"taxableValue":null,"taxes":null},"mailingAddress":{"line1":"203 GWINHURST RD","line2":null,"city":"KNOXVILLE","state":"TN","zip":"37934"},"incomeTract":null,"incomeBlockGroup":null,"nearestRoad":null,"flu":null,"opportunityZone":null,"oz2Eligibility":null,"source":"nc-robeson-parcels-37155","appraiserUrl":"https://www.ustaxdata.com/nc/robeson/account.cfm?parcelID=23140100503","gisViewerUrl":"https://maps2.roktech.net/ROKMAPS_Robeson/"},"geometry":{"type":"Polygon","coordinates":[[[-79.278699,34.754532],[-79.282431,34.760381],[-79.282881,34.761086],[-79.285647,34.759806],[-79.281441,34.753214],[-79.279656,34.752236],[-79.27856,34.754387],[-79.278739,34.75448],[-79.278699,34.754532]]]}},{"type":"Feature","id":"37155:931789214000","properties":{"id":"37155:931789214000","parcelId":"931789214000","countyFips":"37155","countyName":"Robeson","state":"North Carolina","marketIds":["Wilmington"],"situsAddress":"NC 71 HWY","situsCity":null,"situsZip":null,"jurisdictionCode":null,"ownerName":"JORDAN SWAMP FARM LLC","ownerName2":null,"propertyName":null,"zoningCode":null,"zoningDistrict":null,"jurisdictionPrefix":null,"dorCode":"V-00","acreage":5.4,"centroid":[-79.272575,34.791373],"lastSale":{"date":"2014-06-23","price":null,"qualified":null},"tax":{"marketValue":null,"assessedValue":null,"taxableValue":null,"taxes":null},"mailingAddress":{"line1":"P O BOX 1547","line2":null,"city":"LAURINBURG","state":"NC","zip":"28353"},"incomeTract":null,"incomeBlockGroup":null,"nearestRoad":null,"flu":null,"opportunityZone":null,"oz2Eligibility":null,"source":"nc-robeson-parcels-37155","appraiserUrl":"https://www.ustaxdata.com/nc/robeson/account.cfm?parcelID=23100101305","gisViewerUrl":"https://maps2.roktech.net/ROKMAPS_Robeson/"},"geometry":{"type":"Polygon","coordinates":[[[-79.272867,34.792389],[-79.272568,34.791451],[-79.273847,34.789947],[-79.27186,34.790751],[-79.271735,34.792328],[-79.272867,34.792389]]]}},{"type":"Feature","id":"37155:931667264900","properties":{"id":"37155:931667264900","parcelId":"931667264900","countyFips":"37155","countyName":"Robeson","state":"North Carolina","marketIds":["Wilmington"],"situsAddress":"200 ZADIE DR","situsCity":null,"situsZip":null,"jurisdictionCode":null,"ownerName":"OXENDINE FONCIE B JR & WF","ownerName2":null,"propertyName":null,"zoningCode":null,"zoningDistrict":null,"jurisdictionPrefix":null,"dorCode":"V-20","acreage":21.96,"centroid":[-79.278477,34.759123],"lastSale":{"date":"2001-01-01","price":null,"qualified":null},"tax":{"marketValue":null,"assessedValue":null,"taxableValue":null,"taxes":null},"mailingAddress":{"line1":"200 ZADIE DR","line2":null,"city":"MAXTON","state":"NC","zip":"28364"},"incomeTract":null,"incomeBlockGroup":null,"nearestRoad":null,"flu":null,"opportunityZone":null,"oz2Eligibility":null,"source":"nc-robeson-parcels-37155","appraiserUrl":"https://www.ustaxdata.com/nc/robeson/account.cfm?parcelID=23140100505","gisViewerUrl":"https://maps2.roktech.net/ROKMAPS_Robeson/"},"geometry":{"type":"Polygon","coordinates":[[[-79.276397,34.757556],[-79.27961,34.762592],[-79.280664,34.76211],[-79.280669,34.761361],[-79.280304,34.760499],[-79.279915,34.759],[-79.278681,34.758856],[-79.278503,34.758816],[-79.278111,34.758331],[-79.277493,34.757432],[-79.276676,34.757349],[-79.276608,34.757364],[-79.276567,34.757332],[-79.276397,34.757556]]]}},{"type":"Feature","id":"37155:931648760000","properties":{"id":"37155:931648760000","parcelId":"931648760000","countyFips":"37155","countyName":"Robeson","state":"North Carolina","marketIds":["Wilmington"],"situsAddress":"200 ZADIE DR","situsCity":null,"situsZip":null,"jurisdictionCode":null,"ownerName":"OXENDINE FONCIE JR & WF","ownerName2":"OXENDINE BEATRICE","propertyName":null,"zoningCode":null,"zoningDistrict":null,"jurisdictionPrefix":null,"dorCode":"V-20","acreage":52.43,"centroid":[-79.285175,34.761639],"lastSale":{"date":"2001-01-01","price":null,"qualified":null},"tax":{"marketValue":null,"assessedValue":null,"taxableValue":null,"taxes":null},"mailingAddress":{"line1":"200 ZADIE DR","line2":null,"city":"MAXTON","state":"NC","zip":"28364"},"incomeTract":null,"incomeBlockGroup":null,"nearestRoad":null,"flu":null,"opportunityZone":null,"oz2Eligibility":null,"source":"nc-robeson-parcels-37155","appraiserUrl":"https://www.ustaxdata.com/nc/robeson/account.cfm?parcelID=23140100502","gisViewerUrl":"https://maps2.roktech.net/ROKMAPS_Robeson/"},"geometry":{"type":"Polygon","coordinates":[[[-79.280209,34.762507],[-79.283165,34.765968],[-79.287672,34.76056],[-79.28695,34.760192],[-79.28788,34.758968],[-79.280209,34.762507]]]}},{"type":"Feature","id":"37155:930884931700","properties":{"id":"37155:930884931700","parcelId":"930884931700","countyFips":"37155","countyName":"Robeson","state":"North Carolina","marketIds":["Wilmington"],"situsAddress":"OXENDINE SCHOOL RD","situsCity":null,"situsZip":null,"jurisdictionCode":null,"ownerName":"CAMPBELL SOUP SUPPLY CO LLC","ownerName2":"ATTN; MICHAEL MARTIN","propertyName":null,"zoningCode":null,"zoningDistrict":null,"jurisdictionPrefix":null,"dorCode":"E-00","acreage":37.5,"centroid":[-79.303972,34.805786],"lastSale":{"date":"2014-01-01","price":null,"qualified":null},"tax":{"marketValue":null,"assessedValue":null,"taxableValue":null,"taxes":null},"mailingAddress":{"line1":"#1 CAMPBELL PLACE","line2":"TAX DEPARTMENT MAIL STOP 37","city":"CAMDEN","state":"NJ","zip":"19101"},"incomeTract":null,"incomeBlockGroup":null,"nearestRoad":null,"flu":null,"opportunityZone":null,"oz2Eligibility":null,"source":"nc-robeson-parcels-37155","appraiserUrl":"https://www.ustaxdata.com/nc/robeson/account.cfm?parcelID=230601043","gisViewerUrl":"https://maps2.roktech.net/ROKMAPS_Robeson/"},"geometry":{"type":"Polygon","coordinates":[[[-79.305488,34.807496],[-79.306563,34.807575],[-79.304275,34.80411],[-79.304797,34.803897],[-79.30303,34.802876],[-79.300474,34.80723],[-79.30318,34.807321],[-79.305488,34.807496]]]}},{"type":"Feature","id":"37155:839871054100","properties":{"id":"37155:839871054100","parcelId":"839871054100","countyFips":"37155","countyName":"Robeson","state":"North Carolina","marketIds":["Wilmington"],"situsAddress":".","situsCity":null,"situsZip":null,"jurisdictionCode":null,"ownerName":"LOWERY A C","ownerName2":"LOWERY ETHEL","propertyName":null,"zoningCode":null,"zoningDistrict":null,"jurisdictionPrefix":null,"dorCode":"V-00","acreage":8.84,"centroid":[-79.3442,34.797506],"lastSale":{"date":"2005-01-01","price":null,"qualified":null},"tax":{"marketValue":null,"assessedValue":null,"taxableValue":null,"taxes":null},"mailingAddress":{"line1":"333 ELMORE DR","line2":null,"city":"MAXTON","state":"NC","zip":"28364"},"incomeTract":null,"incomeBlockGroup":null,"nearestRoad":null,"flu":null,"opportunityZone":null,"oz2Eligibility":null,"source":"nc-robeson-parcels-37155","appraiserUrl":"https://www.ustaxdata.com/nc/robeson/account.cfm?parcelID=23090202002","gisViewerUrl":"https://maps2.roktech.net/ROKMAPS_Robeson/"},"geometry":{"type":"Polygon","coordinates":[[[-79.340737,34.798195],[-79.340835,34.798554],[-79.345507,34.797645],[-79.345512,34.797615],[-79.345428,34.797447],[-79.345463,34.797219],[-79.345456,34.797119],[-79.345546,34.797055],[-79.345552,34.796956],[-79.345528,34.796904],[-79.340636,34.797856],[-79.340737,34.798195]]]}},{"type":"Feature","id":"37155:932719775300","properties":{"id":"37155:932719775300","parcelId":"932719775300","countyFips":"37155","countyName":"Robeson","state":"North Carolina","marketIds":["Wilmington"],"situsAddress":"6249 NC 71 HWY","situsCity":null,"situsZip":null,"jurisdictionCode":null,"ownerName":"VARNUM JAMES M","ownerName2":"VARNUM DARLENE W","propertyName":null,"zoningCode":null,"zoningDistrict":null,"jurisdictionPrefix":null,"dorCode":"D-10","acreage":9.0,"centroid":[-79.261355,34.793042],"lastSale":{"date":"2015-01-23","price":null,"qualified":null},"tax":{"marketValue":null,"assessedValue":null,"taxableValue":null,"taxes":null},"mailingAddress":{"line1":"PO BOX 69","line2":null,"city":"RED SPRINGS","state":"NC","zip":"28377"},"incomeTract":null,"incomeBlockGroup":null,"nearestRoad":null,"flu":null,"opportunityZone":null,"oz2Eligibility":null,"source":"nc-robeson-parcels-37155","appraiserUrl":"https://www.ustaxdata.com/nc/robeson/account.cfm?parcelID=23110100301","gisViewerUrl":"https://maps2.roktech.net/ROKMAPS_Robeson/"},"geometry":{"type":"Polygon","coordinates":[[[-79.260719,34.793817],[-79.261884,34.793816],[-79.261911,34.793718],[-79.26203,34.793566],[-79.26207,34.793444],[-79.262078,34.793329],[-79.262028,34.793096],[-79.262073,34.792931],[-79.262011,34.792799],[-79.261928,34.792529],[-79.261903,34.79238],[-79.261799,34.792188],[-79.261061,34.792296],[-79.260551,34.792422],[-79.260094,34.792581],[-79.259144,34.792987],[-79.259752,34.793817],[-79.260719,34.793817]]]}},{"type":"Feature","id":"37155:930698499500","properties":{"id":"37155:930698499500","parcelId":"930698499500","countyFips":"37155","countyName":"Robeson","state":"North Carolina","marketIds":["Wilmington"],"situsAddress":"JASON RD","situsCity":null,"situsZip":null,"jurisdictionCode":null,"ownerName":"LOWERY EMMA BULLARD","ownerName2":null,"propertyName":null,"zoningCode":null,"zoningDistrict":null,"jurisdictionPrefix":null,"dorCode":"V-20","acreage":43.5,"centroid":[-79.300436,34.763024],"lastSale":{"date":"2010-02-15","price":null,"qualified":null},"tax":{"marketValue":null,"assessedValue":null,"taxableValue":null,"taxes":null},"mailingAddress":{"line1":"1764 HEZEKIAH RD","line2":null,"city":"MAXTON","state":"NC","zip":"28364"},"incomeTract":null,"incomeBlockGroup":null,"nearestRoad":null,"flu":null,"opportunityZone":null,"oz2Eligibility":null,"source":"nc-robeson-parcels-37155","appraiserUrl":"https://www.ustaxdata.com/nc/robeson/account.cfm?parcelID=23170100701","gisViewerUrl":"https://maps2.roktech.net/ROKMAPS_Robeson/"},"geometry":{"type":"Polygon","coordinates":[[[-79.297307,34.763792],[-79.296954,34.762957],[-79.305213,34.766274],[-79.303375,34.762727],[-79.302432,34.760966],[-79.301862,34.761256],[-79.295911,34.763196],[-79.297307,34.763792]]]}},{"type":"Feature","id":"37155:931900151500","properties":{"id":"37155:931900151500","parcelId":"931900151500","countyFips":"37155","countyName":"Robeson","state":"North Carolina","marketIds":["Wilmington"],"situsAddress":"MODEST RD","situsCity":null,"situsZip":null,"jurisdictionCode":null,"ownerName":"SMITH CHARLES E & WF","ownerName2":"SMITH EVANGELINE F","propertyName":null,"zoningCode":null,"zoningDistrict":null,"jurisdictionPrefix":null,"dorCode":"V-40","acreage":105.2,"centroid":[-79.301016,34.822915],"lastSale":{"date":"2015-07-05","price":null,"qualified":null},"tax":{"marketValue":null,"assessedValue":null,"taxableValue":null,"taxes":null},"mailingAddress":{"line1":"5100 N HILLS DR","line2":null,"city":"RALEIGH","state":"NC","zip":"27612"},"incomeTract":null,"incomeBlockGroup":null,"nearestRoad":null,"flu":null,"opportunityZone":null,"oz2Eligibility":null,"source":"nc-robeson-parcels-37155","appraiserUrl":"https://www.ustaxdata.com/nc/robeson/account.cfm?parcelID=23020102801","gisViewerUrl":"https://maps2.roktech.net/ROKMAPS_Robeson/"},"geometry":{"type":"Polygon","coordinates":[[[-79.298968,34.824527],[-79.299278,34.825064],[-79.301574,34.824624],[-79.301677,34.823176],[-79.304409,34.823318],[-79.304314,34.82429],[-79.305424,34.824648],[-79.306315,34.820923],[-79.305883,34.820769],[-79.305153,34.820611],[-79.301847,34.820748],[-79.301809,34.821311],[-79.292657,34.820891],[-79.292513,34.824138],[-79.296114,34.824303],[-79.298328,34.823299],[-79.298968,34.824527]]]}},{"type":"Feature","id":"37155:932821381500","properties":{"id":"37155:932821381500","parcelId":"932821381500","countyFips":"37155","countyName":"Robeson","state":"North Carolina","marketIds":["Wilmington"],"situsAddress":"6074 OXENDINE SCHOOL RD","situsCity":null,"situsZip":null,"jurisdictionCode":null,"ownerName":"CHAVIS JERRY RAY & WF","ownerName2":"CHAVIS SUSIE","propertyName":null,"zoningCode":null,"zoningDistrict":null,"jurisdictionPrefix":null,"dorCode":"D-71","acreage":6.9,"centroid":[-79.258967,34.798855],"lastSale":{"date":"2000-01-01","price":null,"qualified":null},"tax":{"marketValue":null,"assessedValue":null,"taxableValue":null,"taxes":null},"mailingAddress":{"line1":"6074 OXENDINE SCHOOL RD","line2":null,"city":"MAXTON","state":"NC","zip":"28364"},"incomeTract":null,"incomeBlockGroup":null,"nearestRoad":null,"flu":null,"opportunityZone":null,"oz2Eligibility":null,"source":"nc-robeson-parcels-37155","appraiserUrl":"https://www.ustaxdata.com/nc/robeson/account.cfm?parcelID=23110100209","gisViewerUrl":"https://maps2.roktech.net/ROKMAPS_Robeson/"},"geometry":{"type":"Polygon","coordinates":[[[-79.257521,34.798571],[-79.257563,34.798758],[-79.257768,34.799663],[-79.260006,34.799319],[-79.259993,34.798844],[-79.259927,34.798629],[-79.259994,34.798203],[-79.257521,34.798571]]]}},{"type":"Feature","id":"37155:839883413300","properties":{"id":"37155:839883413300","parcelId":"839883413300","countyFips":"37155","countyName":"Robeson","state":"North Carolina","marketIds":["Wilmington"],"situsAddress":"MCGIRT RD","situsCity":null,"situsZip":null,"jurisdictionCode":null,"ownerName":"NEW BEGINNING FAITH TABERNACLE","ownerName2":null,"propertyName":null,"zoningCode":null,"zoningDistrict":null,"jurisdictionPrefix":null,"dorCode":"E-10","acreage":5.13,"centroid":[-79.338513,34.80225],"lastSale":{"date":"2005-01-01","price":null,"qualified":null},"tax":{"marketValue":null,"assessedValue":null,"taxableValue":null,"taxes":null},"mailingAddress":{"line1":"PO BOX 1396","line2":null,"city":"LAURINBURG","state":"NC","zip":"28352"},"incomeTract":null,"incomeBlockGroup":null,"nearestRoad":null,"flu":null,"opportunityZone":null,"oz2Eligibility":null,"source":"nc-robeson-parcels-37155","appraiserUrl":"https://www.ustaxdata.com/nc/robeson/account.cfm?parcelID=23090100118","gisViewerUrl":"https://maps2.roktech.net/ROKMAPS_Robeson/"},"geometry":{"type":"Polygon","coordinates":[[[-79.339546,34.802258],[-79.339528,34.80224],[-79.339127,34.801827],[-79.338828,34.801462],[-79.336994,34.80233],[-79.337425,34.802681],[-79.338146,34.80295],[-79.339546,34.802258]]]}},{"type":"Feature","id":"37155:932732363200","properties":{"id":"37155:932732363200","parcelId":"932732363200","countyFips":"37155","countyName":"Robeson","state":"North Carolina","marketIds":["Wilmington"],"situsAddress":"855 CHAVIS RD","situsCity":null,"situsZip":null,"jurisdictionCode":null,"ownerName":"CHAVIS CLYDE & WF ANNIE","ownerName2":null,"propertyName":null,"zoningCode":null,"zoningDistrict":null,"jurisdictionPrefix":null,"dorCode":"V-20","acreage":27.63,"centroid":[-79.257409,34.772398],"lastSale":{"date":"2001-01-01","price":null,"qualified":null},"tax":{"marketValue":null,"assessedValue":null,"taxableValue":null,"taxes":null},"mailingAddress":{"line1":"855 CHAVIS ROAD","line2":null,"city":"RED SPRINGS","state":"NC","zip":"28377"},"incomeTract":null,"incomeBlockGroup":null,"nearestRoad":null,"flu":null,"opportunityZone":null,"oz2Eligibility":null,"source":"nc-robeson-parcels-37155","appraiserUrl":"https://www.ustaxdata.com/nc/robeson/account.cfm?parcelID=23150102306","gisViewerUrl":"https://maps2.roktech.net/ROKMAPS_Robeson/"},"geometry":{"type":"Polygon","coordinates":[[[-79.256381,34.772323],[-79.256382,34.772325],[-79.257488,34.773968],[-79.259184,34.772089],[-79.257611,34.771284],[-79.256381,34.772323]]]}},{"type":"Feature","id":"37155:839839780400","properties":{"id":"37155:839839780400","parcelId":"839839780400","countyFips":"37155","countyName":"Robeson","state":"North Carolina","marketIds":["Wilmington"],"situsAddress":"2920 MCGIRT GIN RD","situsCity":null,"situsZip":null,"jurisdictionCode":null,"ownerName":"COLSON REGINA L","ownerName2":null,"propertyName":null,"zoningCode":null,"zoningDistrict":null,"jurisdictionPrefix":null,"dorCode":"A-80","acreage":16.2,"centroid":[-79.355625,34.820989],"lastSale":{"date":"2001-01-01","price":null,"qualified":null},"tax":{"marketValue":null,"assessedValue":null,"taxableValue":null,"taxes":null},"mailingAddress":{"line1":"2920 MCGIRT GIN RD","line2":null,"city":"MAXTON","state":"NC","zip":"28364"},"incomeTract":null,"incomeBlockGroup":null,"nearestRoad":null,"flu":null,"opportunityZone":null,"oz2Eligibility":null,"source":"nc-robeson-parcels-37155","appraiserUrl":"https://www.ustaxdata.com/nc/robeson/account.cfm?parcelID=23050100110","gisViewerUrl":"https://maps2.roktech.net/ROKMAPS_Robeson/"},"geometry":{"type":"Polygon","coordinates":[[[-79.355494,34.821904],[-79.355576,34.82193],[-79.35591,34.822236],[-79.356015,34.822246],[-79.356112,34.822052],[-79.356071,34.821827],[-79.355914,34.821427],[-79.355813,34.821273],[-79.355823,34.821009],[-79.355859,34.820949],[-79.355895,34.820929],[-79.355996,34.820939],[-79.356073,34.820909],[-79.356048,34.820809],[-79.356052,34.820749],[-79.356084,34.820722],[-79.356282,34.820718],[-79.35629,34.820625],[-79.356314,34.820612],[-79.356347,34.820628],[-79.356637,34.821069],[-79.356673,34.821251],[-79.356703,34.821283],[-79.356762,34.821289],[-79.356972,34.821068],[-79.356988,34.821002],[-79.357125,34.820884],[-79.353977,34.819608],[-79.353466,34.81998],[-79.352125,34.819162],[-79.351243,34.819667],[-79.351568,34.820055],[-79.35541,34.821833],[-79.355494,34.821904]]]}},{"type":"Feature","id":"37155:931895240641","properties":{"id":"37155:931895240641","parcelId":"931895240641","countyFips":"37155","countyName":"Robeson","state":"North Carolina","marketIds":["Wilmington"],"situsAddress":"4838 OXENDINE SCHOOL RD","situsCity":null,"situsZip":null,"jurisdictionCode":null,"ownerName":"Z V PATE, INC","ownerName2":null,"propertyName":null,"zoningCode":null,"zoningDistrict":null,"jurisdictionPrefix":null,"dorCode":"V-20","acreage":26.37,"centroid":[-79.267872,34.810329],"lastSale":{"date":"2014-10-02","price":null,"qualified":null},"tax":{"marketValue":null,"assessedValue":null,"taxableValue":null,"taxes":null},"mailingAddress":{"line1":"P.O. BOX 159","line2":null,"city":"LAUREL HILL","state":"NC","zip":"28351"},"incomeTract":null,"incomeBlockGroup":null,"nearestRoad":null,"flu":null,"opportunityZone":null,"oz2Eligibility":null,"source":"nc-robeson-parcels-37155","appraiserUrl":"https://www.ustaxdata.com/nc/robeson/account.cfm?parcelID=230701008","gisViewerUrl":"https://maps2.roktech.net/ROKMAPS_Robeson/"},"geometry":{"type":"Polygon","coordinates":[[[-79.266975,34.811797],[-79.267121,34.811908],[-79.267274,34.812023],[-79.272181,34.806812],[-79.270791,34.805922],[-79.265974,34.811042],[-79.266272,34.811268],[-79.266776,34.810839],[-79.267484,34.811353],[-79.266975,34.811797]]]}},{"type":"Feature","id":"37155:932940124400","properties":{"id":"37155:932940124400","parcelId":"932940124400","countyFips":"37155","countyName":"Robeson","state":"North Carolina","marketIds":["Wilmington"],"situsAddress":"196 SUMPTER CIR","situsCity":null,"situsZip":null,"jurisdictionCode":null,"ownerName":"BARTON RUTH","ownerName2":null,"propertyName":null,"zoningCode":null,"zoningDistrict":null,"jurisdictionPrefix":null,"dorCode":"V-80","acreage":10.41,"centroid":[-79.252683,34.822307],"lastSale":{"date":"2005-01-01","price":null,"qualified":null},"tax":{"marketValue":null,"assessedValue":null,"taxableValue":null,"taxes":null},"mailingAddress":{"line1":"66 SUMPTER CIRCLE","line2":null,"city":"MAXTON","state":"NC","zip":"28364"},"incomeTract":null,"incomeBlockGroup":null,"nearestRoad":null,"flu":null,"opportunityZone":null,"oz2Eligibility":null,"source":"nc-robeson-parcels-37155","appraiserUrl":"https://www.ustaxdata.com/nc/robeson/account.cfm?parcelID=23030101108","gisViewerUrl":"https://maps2.roktech.net/ROKMAPS_Robeson/"},"geometry":{"type":"Polygon","coordinates":[[[-79.251143,34.821837],[-79.252091,34.823037],[-79.25212,34.823074],[-79.253336,34.822853],[-79.254338,34.822289],[-79.253069,34.820753],[-79.251143,34.821837]]]}},{"type":"Feature","id":"37155:932830593400","properties":{"id":"37155:932830593400","parcelId":"932830593400","countyFips":"37155","countyName":"Robeson","state":"North Carolina","marketIds":["Wilmington"],"situsAddress":"NC 71 HWY","situsCity":null,"situsZip":null,"jurisdictionCode":null,"ownerName":"LOCKLEAR HOLLY F /WF PACHAN","ownerName2":null,"propertyName":null,"zoningCode":null,"zoningDistrict":null,"jurisdictionPrefix":null,"dorCode":"V-20","acreage":22.91,"centroid":[-79.255684,34.795858],"lastSale":{"date":"2016-03-24","price":null,"qualified":null},"tax":{"marketValue":null,"assessedValue":null,"taxableValue":null,"taxes":null},"mailingAddress":{"line1":"1885 MCMILLIAN RD","line2":null,"city":"MAXTON","state":"NC","zip":"28364"},"incomeTract":null,"incomeBlockGroup":null,"nearestRoad":null,"flu":null,"opportunityZone":null,"oz2Eligibility":null,"source":"nc-robeson-parcels-37155","appraiserUrl":"https://www.ustaxdata.com/nc/robeson/account.cfm?parcelID=23110100203","gisViewerUrl":"https://maps2.roktech.net/ROKMAPS_Robeson/"},"geometry":{"type":"Polygon","coordinates":[[[-79.251688,34.797631],[-79.255947,34.797832],[-79.256006,34.796953],[-79.255942,34.796714],[-79.256275,34.796255],[-79.256128,34.795593],[-79.256623,34.795471],[-79.256416,34.794521],[-79.2563,34.794215],[-79.255805,34.794489],[-79.255397,34.794769],[-79.251688,34.797631]]]}},{"type":"Feature","id":"37155:930902963100","properties":{"id":"37155:930902963100","parcelId":"930902963100","countyFips":"37155","countyName":"Robeson","state":"North Carolina","marketIds":["Wilmington"],"situsAddress":"1595 MCGIRT GIN RD","situsCity":null,"situsZip":null,"jurisdictionCode":null,"ownerName":"LOCKLEAR LUCIANA LEE &","ownerName2":"LOCKLEAR BRIAN KEITH","propertyName":null,"zoningCode":null,"zoningDistrict":null,"jurisdictionPrefix":null,"dorCode":"D-10","acreage":6.1,"centroid":[-79.330349,34.828456],"lastSale":{"date":"2011-05-17","price":null,"qualified":null},"tax":{"marketValue":null,"assessedValue":null,"taxableValue":null,"taxes":null},"mailingAddress":{"line1":"914 ELROD RD","line2":null,"city":"MAXTON","state":"NC","zip":"28364"},"incomeTract":null,"incomeBlockGroup":null,"nearestRoad":null,"flu":null,"opportunityZone":null,"oz2Eligibility":null,"source":"nc-robeson-parcels-37155","appraiserUrl":"https://www.ustaxdata.com/nc/robeson/account.cfm?parcelID=23010100909","gisViewerUrl":"https://maps2.roktech.net/ROKMAPS_Robeson/"},"geometry":{"type":"Polygon","coordinates":[[[-79.331105,34.829015],[-79.331141,34.829006],[-79.330468,34.827284],[-79.329179,34.827627],[-79.329852,34.829347],[-79.331105,34.829015]]]}},{"type":"Feature","id":"37155:932931036500","properties":{"id":"37155:932931036500","parcelId":"932931036500","countyFips":"37155","countyName":"Robeson","state":"North Carolina","marketIds":["Wilmington"],"situsAddress":"5007 MT ZION CHURCH RD","situsCity":null,"situsZip":null,"jurisdictionCode":null,"ownerName":"BULLARD WAYMAN","ownerName2":null,"propertyName":null,"zoningCode":null,"zoningDistrict":null,"jurisdictionPrefix":null,"dorCode":"A-20","acreage":21.54,"centroid":[-79.256207,34.825197],"lastSale":{"date":"2011-01-03","price":null,"qualified":null},"tax":{"marketValue":null,"assessedValue":null,"taxableValue":null,"taxes":null},"mailingAddress":{"line1":"5597 MT ZION CHURCH RD","line2":null,"city":"MAXTON","state":"NC","zip":"28364"},"incomeTract":null,"incomeBlockGroup":null,"nearestRoad":null,"flu":null,"opportunityZone":null,"oz2Eligibility":null,"source":"nc-robeson-parcels-37155","appraiserUrl":"https://www.ustaxdata.com/nc/robeson/account.cfm?parcelID=23030101104","gisViewerUrl":"https://maps2.roktech.net/ROKMAPS_Robeson/"},"geometry":{"type":"Polygon","coordinates":[[[-79.255044,34.823557],[-79.254975,34.823689],[-79.254524,34.824553],[-79.255223,34.824983],[-79.254611,34.826156],[-79.255509,34.826725],[-79.255778,34.826916],[-79.256332,34.826433],[-79.258193,34.825906],[-79.257571,34.824997],[-79.258572,34.824531],[-79.258151,34.823917],[-79.255044,34.823557]]]}},{"type":"Feature","id":"37155:930868618500","properties":{"id":"37155:930868618500","parcelId":"930868618500","countyFips":"37155","countyName":"Robeson","state":"North Carolina","marketIds":["Wilmington"],"situsAddress":"1771 MODEST RD","situsCity":null,"situsZip":null,"jurisdictionCode":null,"ownerName":"CHAVIS GLENDA L & HSB ROY LF E","ownerName2":"RE TIFFANY LOCKLEAR CUMMINGS","propertyName":null,"zoningCode":null,"zoningDistrict":null,"jurisdictionPrefix":null,"dorCode":"A-20","acreage":62.0,"centroid":[-79.310248,34.815147],"lastSale":{"date":"2001-01-01","price":null,"qualified":null},"tax":{"marketValue":null,"assessedValue":null,"taxableValue":null,"taxes":null},"mailingAddress":{"line1":"1771 MODEST RD","line2":null,"city":"MAXTON","state":"NC","zip":"28364"},"incomeTract":null,"incomeBlockGroup":null,"nearestRoad":null,"flu":null,"opportunityZone":null,"oz2Eligibility":null,"source":"nc-robeson-parcels-37155","appraiserUrl":"https://www.ustaxdata.com/nc/robeson/account.cfm?parcelID=23020103014","gisViewerUrl":"https://maps2.roktech.net/ROKMAPS_Robeson/"},"geometry":{"type":"Polygon","coordinates":[[[-79.308905,34.813954],[-79.308782,34.814468],[-79.308088,34.814356],[-79.3073,34.817661],[-79.314177,34.818335],[-79.312958,34.812291],[-79.311527,34.814965],[-79.308905,34.813954]]]}},{"type":"Feature","id":"37155:931878008100","properties":{"id":"37155:931878008100","parcelId":"931878008100","countyFips":"37155","countyName":"Robeson","state":"North Carolina","marketIds":["Wilmington"],"situsAddress":"REVEREND BILL RD","situsCity":null,"situsZip":null,"jurisdictionCode":null,"ownerName":"JACOBS KENNY","ownerName2":null,"propertyName":null,"zoningCode":null,"zoningDistrict":null,"jurisdictionPrefix":null,"dorCode":"V-00","acreage":20.0,"centroid":[-79.273977,34.815162],"lastSale":{"date":"2006-01-01","price":null,"qualified":null},"tax":{"marketValue":null,"assessedValue":null,"taxableValue":null,"taxes":null},"mailingAddress":{"line1":"4178 OXENDINE SCHOOL RD","line2":null,"city":"MAXTON","state":"NC","zip":"28364"},"incomeTract":null,"incomeBlockGroup":null,"nearestRoad":null,"flu":null,"opportunityZone":null,"oz2Eligibility":null,"source":"nc-robeson-parcels-37155","appraiserUrl":"https://www.ustaxdata.com/nc/robeson/account.cfm?parcelID=230701006","gisViewerUrl":"https://maps2.roktech.net/ROKMAPS_Robeson/"},"geometry":{"type":"Polygon","coordinates":[[[-79.273895,34.815102],[-79.273858,34.815293],[-79.274178,34.815092],[-79.273895,34.815102]]]}},{"type":"Feature","id":"37155:930675585846","properties":{"id":"37155:930675585846","parcelId":"930675585846","countyFips":"37155","countyName":"Robeson","state":"North Carolina","marketIds":["Wilmington"],"situsAddress":"OLD RED SPRINGS","situsCity":null,"situsZip":null,"jurisdictionCode":null,"ownerName":"CHAVIS FITZGERALD & WF & ET AL","ownerName2":null,"propertyName":null,"zoningCode":null,"zoningDistrict":null,"jurisdictionPrefix":null,"dorCode":"V-20","acreage":21.02,"centroid":[-79.307924,34.754215],"lastSale":{"date":"2015-08-05","price":null,"qualified":null},"tax":{"marketValue":null,"assessedValue":null,"taxableValue":null,"taxes":null},"mailingAddress":{"line1":"526 S HILLTOP RD","line2":null,"city":"RED SPRINGS","state":"NC","zip":"28377"},"incomeTract":null,"incomeBlockGroup":null,"nearestRoad":null,"flu":null,"opportunityZone":null,"oz2Eligibility":null,"source":"nc-robeson-parcels-37155","appraiserUrl":"https://www.ustaxdata.com/nc/robeson/account.cfm?parcelID=231701011","gisViewerUrl":"https://maps2.roktech.net/ROKMAPS_Robeson/"},"geometry":{"type":"Polygon","coordinates":[[[-79.306103,34.754294],[-79.30617,34.754722],[-79.306454,34.756524],[-79.309337,34.757123],[-79.308969,34.755376],[-79.307881,34.755527],[-79.307708,34.754635],[-79.308789,34.754486],[-79.308397,34.752542],[-79.30954,34.752341],[-79.309267,34.751835],[-79.307624,34.752365],[-79.307993,34.753578],[-79.307286,34.753807],[-79.307339,34.754069],[-79.306103,34.754294]]]}},{"type":"Feature","id":"37155:931824977440","properties":{"id":"37155:931824977440","parcelId":"931824977440","countyFips":"37155","countyName":"Robeson","state":"North Carolina","marketIds":["Wilmington"],"situsAddress":"OXENDINE SCHOOL RD","situsCity":null,"situsZip":null,"jurisdictionCode":null,"ownerName":"LOCKLEAR MICHAEL JAMES","ownerName2":"LOCKLEAR ARLENE ROGERS","propertyName":null,"zoningCode":null,"zoningDistrict":null,"jurisdictionPrefix":null,"dorCode":"V-80","acreage":10.58,"centroid":[-79.289557,34.806465],"lastSale":{"date":"2008-08-11","price":null,"qualified":null},"tax":{"marketValue":null,"assessedValue":null,"taxableValue":null,"taxes":null},"mailingAddress":{"line1":"2862 OXENDINE SCHOOL RD","line2":null,"city":"MAXTON","state":"NC","zip":"28364"},"incomeTract":null,"incomeBlockGroup":null,"nearestRoad":null,"flu":null,"opportunityZone":null,"oz2Eligibility":null,"source":"nc-robeson-parcels-37155","appraiserUrl":"https://www.ustaxdata.com/nc/robeson/account.cfm?parcelID=23070100112","gisViewerUrl":"https://maps2.roktech.net/ROKMAPS_Robeson/"},"geometry":{"type":"Polygon","coordinates":[[[-79.29091,34.808149],[-79.291867,34.807172],[-79.290943,34.806686],[-79.289066,34.805646],[-79.288868,34.805887],[-79.28759,34.805289],[-79.287581,34.80544],[-79.289631,34.807447],[-79.29091,34.808149]]]}},{"type":"Feature","id":"37155:930725363127","properties":{"id":"37155:930725363127","parcelId":"930725363127","countyFips":"37155","countyName":"Robeson","state":"North Carolina","marketIds":["Wilmington"],"situsAddress":"333 JUANITA RD","situsCity":null,"situsZip":null,"jurisdictionCode":null,"ownerName":"LOCKLEAR STERLING & WF","ownerName2":"LOCKLEAR ANNIE ROSE","propertyName":null,"zoningCode":null,"zoningDistrict":null,"jurisdictionPrefix":null,"dorCode":"V-00","acreage":14.86,"centroid":[-79.325531,34.781709],"lastSale":{"date":"2008-04-11","price":null,"qualified":null},"tax":{"marketValue":null,"assessedValue":null,"taxableValue":null,"taxes":null},"mailingAddress":{"line1":"602 MCGIRT RD","line2":null,"city":"MAXTON","state":"NC","zip":"28364"},"incomeTract":null,"incomeBlockGroup":null,"nearestRoad":null,"flu":null,"opportunityZone":null,"oz2Eligibility":null,"source":"nc-robeson-parcels-37155","appraiserUrl":"https://www.ustaxdata.com/nc/robeson/account.cfm?parcelID=11010200405","gisViewerUrl":"https://maps2.roktech.net/ROKMAPS_Robeson/"},"geometry":{"type":"Polygon","coordinates":[[[-79.324331,34.782323],[-79.324662,34.782395],[-79.327009,34.782919],[-79.326916,34.7823],[-79.327647,34.782463],[-79.327565,34.781918],[-79.32761,34.781772],[-79.328828,34.78185],[-79.328684,34.781469],[-79.327988,34.781649],[-79.32578,34.781436],[-79.324847,34.780932],[-79.322737,34.780206],[-79.322098,34.780836],[-79.323667,34.7812],[-79.323335,34.781534],[-79.32411,34.781708],[-79.324126,34.781725],[-79.324203,34.781646],[-79.324471,34.781894],[-79.324331,34.782323]]]}},{"type":"Feature","id":"37155:931856703395","properties":{"id":"37155:931856703395","parcelId":"931856703395","countyFips":"37155","countyName":"Robeson","state":"North Carolina","marketIds":["Wilmington"],"situsAddress":"REVEREND BILL RD","situsCity":null,"situsZip":null,"jurisdictionCode":null,"ownerName":"MCQUEEN LAURIN HEIRS","ownerName2":"C/O MYRA NEAL MORRISON","propertyName":null,"zoningCode":null,"zoningDistrict":null,"jurisdictionPrefix":null,"dorCode":"V-40","acreage":117.97,"centroid":[-79.282471,34.810568],"lastSale":{"date":"1999-01-01","price":null,"qualified":null},"tax":{"marketValue":null,"assessedValue":null,"taxableValue":null,"taxes":null},"mailingAddress":{"line1":"8800 ROW CAB LINE RD","line2":null,"city":"ROCKWELL","state":"NC","zip":"28138"},"incomeTract":null,"incomeBlockGroup":null,"nearestRoad":null,"flu":null,"opportunityZone":null,"oz2Eligibility":null,"source":"nc-robeson-parcels-37155","appraiserUrl":"https://www.ustaxdata.com/nc/robeson/account.cfm?parcelID=230701004","gisViewerUrl":"https://maps2.roktech.net/ROKMAPS_Robeson/"},"geometry":{"type":"MultiPolygon","coordinates":[[[[-79.278855,34.812912],[-79.278606,34.813039],[-79.277089,34.813808],[-79.281549,34.81365],[-79.281754,34.812741],[-79.28266,34.812709],[-79.282551,34.813169],[-79.282343,34.813621],[-79.283698,34.813573],[-79.283879,34.813125],[-79.284589,34.809677],[-79.283353,34.810162],[-79.283472,34.809533],[-79.283886,34.809366],[-79.283918,34.809108],[-79.284201,34.808778],[-79.283935,34.80835],[-79.284314,34.807661],[-79.286835,34.804913],[-79.284502,34.804032],[-79.283057,34.805669],[-79.282529,34.80946],[-79.282448,34.809776],[-79.28233,34.8101],[-79.282207,34.810365],[-79.282059,34.810621],[-79.281805,34.810976],[-79.281552,34.811264],[-79.281283,34.811521],[-79.280926,34.811801],[-79.280428,34.812116],[-79.278855,34.812912]]],[[[-79.274453,34.81236],[-79.274284,34.813192],[-79.273895,34.815102],[-79.274178,34.815092],[-79.275374,34.814482],[-79.275527,34.813864],[-79.276679,34.813823],[-79.280319,34.811978],[-79.280739,34.811716],[-79.281113,34.811429],[-79.2815,34.811049],[-79.281836,34.810616],[-79.282073,34.8102],[-79.282255,34.809735],[-79.282371,34.809209],[-79.282818,34.805941],[-79.27851,34.810826],[-79.279212,34.811263],[-79.277764,34.811884],[-79.274903,34.810152],[-79.274453,34.81236]]],[[[-79.274639,34.815045],[-79.274605,34.815062],[-79.274572,34.815078],[-79.275233,34.815054],[-79.27532,34.814703],[-79.274639,34.815045]]]]}},{"type":"Feature","id":"37155:932805828900","properties":{"id":"37155:932805828900","parcelId":"932805828900","countyFips":"37155","countyName":"Robeson","state":"North Carolina","marketIds":["Wilmington"],"situsAddress":"5094 OXENDINE SCHOOL RD","situsCity":null,"situsZip":null,"jurisdictionCode":null,"ownerName":"LOCKLEAR SAMUEL & JANICE S LF","ownerName2":"SHEFFIELD CLARA LYNN","propertyName":null,"zoningCode":null,"zoningDistrict":null,"jurisdictionPrefix":null,"dorCode":"A-20","acreage":31.0,"centroid":[-79.263211,34.808081],"lastSale":{"date":"2009-05-21","price":null,"qualified":null},"tax":{"marketValue":null,"assessedValue":null,"taxableValue":null,"taxes":null},"mailingAddress":{"line1":"1912 MODEST RD","line2":null,"city":"MAXTON","state":"NC","zip":"28364"},"incomeTract":null,"incomeBlockGroup":null,"nearestRoad":null,"flu":null,"opportunityZone":null,"oz2Eligibility":null,"source":"nc-robeson-parcels-37155","appraiserUrl":"https://www.ustaxdata.com/nc/robeson/account.cfm?parcelID=230701012","gisViewerUrl":"https://maps2.roktech.net/ROKMAPS_Robeson/"},"geometry":{"type":"Polygon","coordinates":[[[-79.263663,34.810027],[-79.265339,34.810066],[-79.266389,34.80895],[-79.265645,34.806939],[-79.264888,34.806968],[-79.262296,34.807274],[-79.260391,34.807096],[-79.260167,34.80736],[-79.260125,34.808049],[-79.263663,34.810027]]]}},{"type":"Feature","id":"37155:930694360939","properties":{"id":"37155:930694360939","parcelId":"930694360939","countyFips":"37155","countyName":"Robeson","state":"North Carolina","marketIds":["Wilmington"],"situsAddress":"1901 OLD RED SPRINGS RD","situsCity":null,"situsZip":null,"jurisdictionCode":null,"ownerName":"LOCKLEAR KIRMET & SYLVIA C","ownerName2":"LOCKLEAR KRIS & VINITA","propertyName":null,"zoningCode":null,"zoningDistrict":null,"jurisdictionPrefix":null,"dorCode":"A-40","acreage":89.07,"centroid":[-79.302109,34.751806],"lastSale":{"date":"2007-12-03","price":null,"qualified":null},"tax":{"marketValue":null,"assessedValue":null,"taxableValue":null,"taxes":null},"mailingAddress":{"line1":"3601 RED HILL RD","line2":null,"city":"MAXTON","state":"NC","zip":"28364"},"incomeTract":null,"incomeBlockGroup":null,"nearestRoad":null,"flu":null,"opportunityZone":null,"oz2Eligibility":null,"source":"nc-robeson-parcels-37155","appraiserUrl":"https://www.ustaxdata.com/nc/robeson/account.cfm?parcelID=231701022","gisViewerUrl":"https://maps2.roktech.net/ROKMAPS_Robeson/"},"geometry":{"type":"MultiPolygon","coordinates":[[[[-79.297804,34.752443],[-79.297817,34.753057],[-79.297823,34.753338],[-79.298015,34.753636],[-79.302378,34.751887],[-79.303035,34.753195],[-79.304931,34.752973],[-79.305439,34.752876],[-79.305863,34.752758],[-79.305766,34.752146],[-79.305316,34.751649],[-79.305656,34.751153],[-79.305983,34.749517],[-79.302386,34.749728],[-79.29774,34.748275],[-79.297797,34.750266],[-79.297804,34.752443]]],[[[-79.303696,34.754823],[-79.303901,34.75512],[-79.304226,34.755671],[-79.304482,34.756193],[-79.304498,34.756256],[-79.305752,34.756138],[-79.305022,34.753127],[-79.302856,34.753382],[-79.302981,34.75393],[-79.302554,34.753997],[-79.302424,34.75343],[-79.302049,34.753475],[-79.302337,34.754931],[-79.303659,34.754772],[-79.303696,34.754823]]]]}},{"type":"Feature","id":"37155:839839520800","properties":{"id":"37155:839839520800","parcelId":"839839520800","countyFips":"37155","countyName":"Robeson","state":"North Carolina","marketIds":["Wilmington"],"situsAddress":"3120 MCGIRT GIN RD","situsCity":null,"situsZip":null,"jurisdictionCode":null,"ownerName":"BARNES JANICE JONES","ownerName2":null,"propertyName":null,"zoningCode":null,"zoningDistrict":null,"jurisdictionPrefix":null,"dorCode":"V-10","acreage":16.2,"centroid":[-79.356416,34.819302],"lastSale":{"date":"2012-03-27","price":null,"qualified":null},"tax":{"marketValue":null,"assessedValue":null,"taxableValue":null,"taxes":null},"mailingAddress":{"line1":"52 OUTLAW RD","line2":null,"city":"MAXTON","state":"NC","zip":"28364"},"incomeTract":null,"incomeBlockGroup":null,"nearestRoad":null,"flu":null,"opportunityZone":null,"oz2Eligibility":null,"source":"nc-robeson-parcels-37155","appraiserUrl":"https://www.ustaxdata.com/nc/robeson/account.cfm?parcelID=23050100108","gisViewerUrl":"https://maps2.roktech.net/ROKMAPS_Robeson/"},"geometry":{"type":"Polygon","coordinates":[[[-79.353977,34.819608],[-79.355173,34.820093],[-79.357125,34.820884],[-79.357148,34.820861],[-79.357158,34.820796],[-79.357199,34.820756],[-79.357273,34.820731],[-79.357344,34.820734],[-79.357582,34.820825],[-79.357633,34.820815],[-79.357697,34.820747],[-79.357709,34.820685],[-79.357677,34.820539],[-79.357638,34.820472],[-79.357567,34.820405],[-79.357171,34.820134],[-79.357058,34.819936],[-79.356922,34.81975],[-79.356832,34.81957],[-79.35677,34.819411],[-79.356776,34.819362],[-79.356878,34.819178],[-79.356964,34.818967],[-79.356906,34.81894],[-79.356794,34.818952],[-79.356645,34.818926],[-79.356436,34.818598],[-79.356483,34.818405],[-79.356611,34.818191],[-79.356529,34.818024],[-79.356475,34.817972],[-79.356371,34.81794],[-79.35628,34.817928],[-79.356122,34.817967],[-79.355871,34.817895],[-79.355825,34.817851],[-79.355776,34.81786],[-79.355594,34.818063],[-79.355466,34.817985],[-79.35507,34.818427],[-79.353726,34.817608],[-79.353006,34.818415],[-79.352633,34.818788],[-79.353977,34.819608]]]}},{"type":"Feature","id":"37155:932608296200","properties":{"id":"37155:932608296200","parcelId":"932608296200","countyFips":"37155","countyName":"Robeson","state":"North Carolina","marketIds":["Wilmington"],"situsAddress":"PRESTON RD","situsCity":null,"situsZip":null,"jurisdictionCode":null,"ownerName":"BUIE ALBERT FRANKLIN JR &","ownerName2":"BUIE RICHARD NEIL","propertyName":null,"zoningCode":null,"zoningDistrict":null,"jurisdictionPrefix":null,"dorCode":"V-20","acreage":35.0,"centroid":[-79.268065,34.764373],"lastSale":{"date":"2015-12-30","price":null,"qualified":null},"tax":{"marketValue":null,"assessedValue":null,"taxableValue":null,"taxes":null},"mailingAddress":{"line1":"5013 PRESTON RD","line2":null,"city":"MAXTON","state":"NC","zip":"28364"},"incomeTract":null,"incomeBlockGroup":null,"nearestRoad":null,"flu":null,"opportunityZone":null,"oz2Eligibility":null,"source":"nc-robeson-parcels-37155","appraiserUrl":"https://www.ustaxdata.com/nc/robeson/account.cfm?parcelID=23140101501","gisViewerUrl":"https://maps2.roktech.net/ROKMAPS_Robeson/"},"geometry":{"type":"MultiPolygon","coordinates":[[[[-79.266373,34.763078],[-79.266271,34.763219],[-79.265577,34.76418],[-79.269538,34.765989],[-79.269675,34.765854],[-79.270097,34.765107],[-79.27058,34.764531],[-79.26641,34.763026],[-79.266373,34.763078]]],[[[-79.262586,34.76166],[-79.262552,34.761668],[-79.262146,34.761786],[-79.261126,34.762147],[-79.265402,34.7641],[-79.266226,34.762959],[-79.262611,34.761654],[-79.262586,34.76166]]],[[[-79.259521,34.761413],[-79.260906,34.762046],[-79.262327,34.761555],[-79.260257,34.760841],[-79.259521,34.761413]]]]}},{"type":"Feature","id":"37155:839858481400","properties":{"id":"37155:839858481400","parcelId":"839858481400","countyFips":"37155","countyName":"Robeson","state":"North Carolina","marketIds":["Wilmington"],"situsAddress":"2919 MCGIRT GIN RD","situsCity":null,"situsZip":null,"jurisdictionCode":null,"ownerName":"LOCKLEAR THURMAN L & WF","ownerName2":"LOCKLEAR FRANCES M LF EST","propertyName":null,"zoningCode":null,"zoningDistrict":null,"jurisdictionPrefix":null,"dorCode":"A-80","acreage":13.18,"centroid":[-79.348464,34.817773],"lastSale":{"date":"2012-05-07","price":null,"qualified":null},"tax":{"marketValue":null,"assessedValue":null,"taxableValue":null,"taxes":null},"mailingAddress":{"line1":"2919 MCGIRT GIN RD","line2":null,"city":"MAXTON","state":"NC","zip":"28364"},"incomeTract":null,"incomeBlockGroup":null,"nearestRoad":null,"flu":null,"opportunityZone":null,"oz2Eligibility":null,"source":"nc-robeson-parcels-37155","appraiserUrl":"https://www.ustaxdata.com/nc/robeson/account.cfm?parcelID=23050100117","gisViewerUrl":"https://maps2.roktech.net/ROKMAPS_Robeson/"},"geometry":{"type":"Polygon","coordinates":[[[-79.346599,34.818187],[-79.350537,34.819244],[-79.349947,34.818538],[-79.350496,34.818226],[-79.347299,34.816409],[-79.347248,34.816708],[-79.347125,34.817102],[-79.346599,34.818187]]]}},{"type":"Feature","id":"37155:930667025100","properties":{"id":"37155:930667025100","parcelId":"930667025100","countyFips":"37155","countyName":"Robeson","state":"North Carolina","marketIds":["Wilmington"],"situsAddress":"4352 RED HILL RD","situsCity":null,"situsZip":null,"jurisdictionCode":null,"ownerName":"BULLARD ORIS","ownerName2":null,"propertyName":null,"zoningCode":null,"zoningDistrict":null,"jurisdictionPrefix":null,"dorCode":"A-10","acreage":13.0,"centroid":[-79.311794,34.758583],"lastSale":{"date":"1999-01-01","price":null,"qualified":null},"tax":{"marketValue":null,"assessedValue":null,"taxableValue":null,"taxes":null},"mailingAddress":{"line1":"4352 RED HILL RD","line2":null,"city":"MAXTON","state":"NC","zip":"28364"},"incomeTract":null,"incomeBlockGroup":null,"nearestRoad":null,"flu":null,"opportunityZone":null,"oz2Eligibility":null,"source":"nc-robeson-parcels-37155","appraiserUrl":"https://www.ustaxdata.com/nc/robeson/account.cfm?parcelID=231701008","gisViewerUrl":"https://maps2.roktech.net/ROKMAPS_Robeson/"},"geometry":{"type":"Polygon","coordinates":[[[-79.311072,34.758771],[-79.311457,34.759589],[-79.312515,34.759478],[-79.312357,34.758418],[-79.312288,34.758121],[-79.312165,34.757721],[-79.310704,34.757986],[-79.311072,34.758771]]]}},{"type":"Feature","id":"37155:930657921100","properties":{"id":"37155:930657921100","parcelId":"930657921100","countyFips":"37155","countyName":"Robeson","state":"North Carolina","marketIds":["Wilmington"],"situsAddress":"4352 RED HILL RD","situsCity":null,"situsZip":null,"jurisdictionCode":null,"ownerName":"BULLARD ORIS","ownerName2":null,"propertyName":null,"zoningCode":null,"zoningDistrict":null,"jurisdictionPrefix":null,"dorCode":"A-10","acreage":13.0,"centroid":[-79.31305,34.758255],"lastSale":{"date":"1999-01-01","price":null,"qualified":null},"tax":{"marketValue":null,"assessedValue":null,"taxableValue":null,"taxes":null},"mailingAddress":{"line1":"4352 RED HILL RD","line2":null,"city":"MAXTON","state":"NC","zip":"28364"},"incomeTract":null,"incomeBlockGroup":null,"nearestRoad":null,"flu":null,"opportunityZone":null,"oz2Eligibility":null,"source":"nc-robeson-parcels-37155","appraiserUrl":"https://www.ustaxdata.com/nc/robeson/account.cfm?parcelID=231701008","gisViewerUrl":"https://maps2.roktech.net/ROKMAPS_Robeson/"},"geometry":{"type":"Polygon","coordinates":[[[-79.31236,34.757685],[-79.31237,34.757717],[-79.312499,34.758142],[-79.31257,34.758472],[-79.312766,34.759829],[-79.314126,34.759321],[-79.313869,34.757444],[-79.313841,34.757427],[-79.31236,34.757685]]]}},{"type":"Feature","id":"37155:932816673200","properties":{"id":"37155:932816673200","parcelId":"932816673200","countyFips":"37155","countyName":"Robeson","state":"North Carolina","marketIds":["Wilmington"],"situsAddress":"MT ZION CHURCH RD","situsCity":null,"situsZip":null,"jurisdictionCode":null,"ownerName":"BULLARD HELEN T","ownerName2":null,"propertyName":null,"zoningCode":null,"zoningDistrict":null,"jurisdictionPrefix":null,"dorCode":"A-20","acreage":26.95,"centroid":[-79.260786,34.811765],"lastSale":{"date":"2011-01-03","price":null,"qualified":null},"tax":{"marketValue":null,"assessedValue":null,"taxableValue":null,"taxes":null},"mailingAddress":{"line1":"4837 MT ZION CHURCH RD","line2":null,"city":"MAXTON","state":"NC","zip":"28364"},"incomeTract":null,"incomeBlockGroup":null,"nearestRoad":null,"flu":null,"opportunityZone":null,"oz2Eligibility":null,"source":"nc-robeson-parcels-37155","appraiserUrl":"https://www.ustaxdata.com/nc/robeson/account.cfm?parcelID=23030100219A","gisViewerUrl":"https://maps2.roktech.net/ROKMAPS_Robeson/"},"geometry":{"type":"MultiPolygon","coordinates":[[[[-79.258658,34.812668],[-79.25867,34.812671],[-79.263488,34.813866],[-79.262309,34.810249],[-79.261508,34.810144],[-79.261896,34.811287],[-79.258973,34.811471],[-79.258658,34.812668]]],[[[-79.26136,34.809709],[-79.261448,34.80997],[-79.262252,34.810075],[-79.261918,34.809052],[-79.260613,34.808321],[-79.260407,34.809839],[-79.260679,34.80987],[-79.26136,34.809709]]]]}},{"type":"Feature","id":"37155:930896366500","properties":{"id":"37155:930896366500","parcelId":"930896366500","countyFips":"37155","countyName":"Robeson","state":"North Carolina","marketIds":["Wilmington"],"situsAddress":"514 BRIDAS LN","situsCity":null,"situsZip":null,"jurisdictionCode":null,"ownerName":"CHAVIS TWILLA","ownerName2":null,"propertyName":null,"zoningCode":null,"zoningDistrict":null,"jurisdictionPrefix":null,"dorCode":"D-71","acreage":9.43,"centroid":[-79.30176,34.812342],"lastSale":{"date":"2008-09-24","price":null,"qualified":null},"tax":{"marketValue":null,"assessedValue":null,"taxableValue":null,"taxes":null},"mailingAddress":{"line1":"1308 REDWOOD COURT","line2":null,"city":"LUMBERTON","state":"NC","zip":"28358"},"incomeTract":null,"incomeBlockGroup":null,"nearestRoad":null,"flu":null,"opportunityZone":null,"oz2Eligibility":null,"source":"nc-robeson-parcels-37155","appraiserUrl":"https://www.ustaxdata.com/nc/robeson/account.cfm?parcelID=23060102805","gisViewerUrl":"https://maps2.roktech.net/ROKMAPS_Robeson/"},"geometry":{"type":"Polygon","coordinates":[[[-79.301335,34.813252],[-79.30239,34.813608],[-79.303152,34.811159],[-79.301349,34.810812],[-79.300843,34.812502],[-79.301491,34.81272],[-79.301335,34.813252]]]}},{"type":"Feature","id":"37155:931824439400","properties":{"id":"37155:931824439400","parcelId":"931824439400","countyFips":"37155","countyName":"Robeson","state":"North Carolina","marketIds":["Wilmington"],"situsAddress":"2592 OXENDINE SCHOOL RD","situsCity":null,"situsZip":null,"jurisdictionCode":null,"ownerName":"HUNT HAROLD GENE &","ownerName2":"JUDY M HUNT","propertyName":null,"zoningCode":null,"zoningDistrict":null,"jurisdictionPrefix":null,"dorCode":"A-80","acreage":21.12,"centroid":[-79.292303,34.80607],"lastSale":{"date":"2016-06-10","price":null,"qualified":null},"tax":{"marketValue":null,"assessedValue":null,"taxableValue":null,"taxes":null},"mailingAddress":{"line1":"2590 OXENDINE SCHOOL RD","line2":null,"city":"MAXTON","state":"NC","zip":"28364"},"incomeTract":null,"incomeBlockGroup":null,"nearestRoad":null,"flu":null,"opportunityZone":null,"oz2Eligibility":null,"source":"nc-robeson-parcels-37155","appraiserUrl":"https://www.ustaxdata.com/nc/robeson/account.cfm?parcelID=23070100110","gisViewerUrl":"https://maps2.roktech.net/ROKMAPS_Robeson/"},"geometry":{"type":"Polygon","coordinates":[[[-79.292617,34.80525],[-79.291621,34.804617],[-79.29044,34.803866],[-79.289066,34.805646],[-79.290943,34.806686],[-79.292161,34.807326],[-79.29258,34.806858],[-79.292965,34.806536],[-79.293587,34.806514],[-79.294577,34.806848],[-79.294771,34.80662],[-79.292617,34.80525]]]}},{"type":"Feature","id":"37155:932709913700","properties":{"id":"37155:932709913700","parcelId":"932709913700","countyFips":"37155","countyName":"Robeson","state":"North Carolina","marketIds":["Wilmington"],"situsAddress":"6400 N NC 71 HWY","situsCity":null,"situsZip":null,"jurisdictionCode":null,"ownerName":"COBER RONNIE LEE","ownerName2":"COBER PATRICIA","propertyName":null,"zoningCode":null,"zoningDistrict":null,"jurisdictionPrefix":null,"dorCode":"D-71","acreage":5.0,"centroid":[-79.262948,34.791639],"lastSale":{"date":"2014-06-23","price":null,"qualified":null},"tax":{"marketValue":null,"assessedValue":null,"taxableValue":null,"taxes":null},"mailingAddress":{"line1":"6400 HWY 71 N","line2":null,"city":"MAXTON","state":"NC","zip":"28364"},"incomeTract":null,"incomeBlockGroup":null,"nearestRoad":null,"flu":null,"opportunityZone":null,"oz2Eligibility":null,"source":"nc-robeson-parcels-37155","appraiserUrl":"https://www.ustaxdata.com/nc/robeson/account.cfm?parcelID=23110100101","gisViewerUrl":"https://maps2.roktech.net/ROKMAPS_Robeson/"},"geometry":{"type":"Polygon","coordinates":[[[-79.262231,34.7911],[-79.262226,34.791182],[-79.262261,34.791603],[-79.26182,34.791781],[-79.261762,34.792026],[-79.263061,34.791913],[-79.26376,34.791926],[-79.264678,34.791972],[-79.264735,34.791244],[-79.262231,34.7911]]]}},{"type":"Feature","id":"37155:930935175782","properties":{"id":"37155:930935175782","parcelId":"930935175782","countyFips":"37155","countyName":"Robeson","state":"North Carolina","marketIds":["Wilmington"],"situsAddress":"DIXON DR","situsCity":null,"situsZip":null,"jurisdictionCode":null,"ownerName":"MCLEAN MANDY JANE C/O","ownerName2":"ROBINSON MARY LEE","propertyName":null,"zoningCode":null,"zoningDistrict":null,"jurisdictionPrefix":null,"dorCode":"D-10","acreage":15.52,"centroid":[-79.32255,34.837281],"lastSale":{"date":"1992-01-01","price":null,"qualified":null},"tax":{"marketValue":null,"assessedValue":null,"taxableValue":null,"taxes":null},"mailingAddress":{"line1":"441 DIXON DRIVE","line2":null,"city":"MAXTON","state":"NC","zip":"28364"},"incomeTract":null,"incomeBlockGroup":null,"nearestRoad":null,"flu":null,"opportunityZone":null,"oz2Eligibility":null,"source":"nc-robeson-parcels-37155","appraiserUrl":"https://www.ustaxdata.com/nc/robeson/account.cfm?parcelID=230101006","gisViewerUrl":"https://maps2.roktech.net/ROKMAPS_Robeson/"},"geometry":{"type":"Polygon","coordinates":[[[-79.321667,34.834918],[-79.321355,34.836178],[-79.321141,34.837037],[-79.321285,34.837089],[-79.321469,34.836341],[-79.322222,34.836594],[-79.322034,34.837351],[-79.321587,34.838121],[-79.32273,34.838761],[-79.322614,34.838928],[-79.324116,34.83899],[-79.324453,34.838209],[-79.323544,34.8379],[-79.323749,34.837351],[-79.323084,34.837144],[-79.323756,34.835584],[-79.321667,34.834918]],[[-79.323038,34.836195],[-79.323354,34.836294],[-79.323011,34.836765],[-79.322694,34.836666],[-79.323038,34.836195]],[[-79.32234,34.83758],[-79.322909,34.837866],[-79.322562,34.838335],[-79.321993,34.838049],[-79.32234,34.83758]]]}},{"type":"Feature","id":"37155:839855790500","properties":{"id":"37155:839855790500","parcelId":"839855790500","countyFips":"37155","countyName":"Robeson","state":"North Carolina","marketIds":["Wilmington"],"situsAddress":"2731 MCGIRT RD","situsCity":null,"situsZip":null,"jurisdictionCode":null,"ownerName":"LEMONDS ROBERT C","ownerName2":"LEMONDS PEARL    WF","propertyName":null,"zoningCode":null,"zoningDistrict":null,"jurisdictionPrefix":null,"dorCode":"A-10","acreage":10.62,"centroid":[-79.348178,34.809505],"lastSale":{"date":"1999-01-01","price":null,"qualified":null},"tax":{"marketValue":null,"assessedValue":null,"taxableValue":null,"taxes":null},"mailingAddress":{"line1":"109 LEMONDS FARM RD","line2":null,"city":"MAXTON","state":"NC","zip":"28364"},"incomeTract":null,"incomeBlockGroup":null,"nearestRoad":null,"flu":null,"opportunityZone":null,"oz2Eligibility":null,"source":"nc-robeson-parcels-37155","appraiserUrl":"https://www.ustaxdata.com/nc/robeson/account.cfm?parcelID=23050100701","gisViewerUrl":"https://maps2.roktech.net/ROKMAPS_Robeson/"},"geometry":{"type":"Polygon","coordinates":[[[-79.345772,34.810043],[-79.346029,34.810705],[-79.346346,34.811534],[-79.347385,34.810757],[-79.34966,34.809005],[-79.349484,34.808949],[-79.349393,34.808966],[-79.349292,34.809028],[-79.349185,34.809029],[-79.348944,34.808915],[-79.348906,34.808796],[-79.348846,34.808718],[-79.347846,34.808939],[-79.347404,34.809691],[-79.345772,34.810043]]]}},{"type":"Feature","id":"37155:839973803800","properties":{"id":"37155:839973803800","parcelId":"839973803800","countyFips":"37155","countyName":"Robeson","state":"North Carolina","marketIds":["Wilmington"],"situsAddress":".","situsCity":null,"situsZip":null,"jurisdictionCode":null,"ownerName":"BARTON ANN LESSETTE","ownerName2":null,"propertyName":null,"zoningCode":null,"zoningDistrict":null,"jurisdictionPrefix":null,"dorCode":"V-00","acreage":5.88,"centroid":[-79.34037,34.82969],"lastSale":{"date":"2004-01-01","price":null,"qualified":null},"tax":{"marketValue":null,"assessedValue":null,"taxableValue":null,"taxes":null},"mailingAddress":{"line1":"4178 MCGIRT RD","line2":null,"city":"MAXTON","state":"NC","zip":"28364"},"incomeTract":null,"incomeBlockGroup":null,"nearestRoad":null,"flu":null,"opportunityZone":null,"oz2Eligibility":null,"source":"nc-robeson-parcels-37155","appraiserUrl":"https://www.ustaxdata.com/nc/robeson/account.cfm?parcelID=23010101301B","gisViewerUrl":"https://maps2.roktech.net/ROKMAPS_Robeson/"},"geometry":{"type":"Polygon","coordinates":[[[-79.339428,34.830004],[-79.339939,34.830133],[-79.341192,34.830406],[-79.34152,34.829182],[-79.339771,34.828723],[-79.339428,34.830004]]]}},{"type":"Feature","id":"37155:931778581700","properties":{"id":"37155:931778581700","parcelId":"931778581700","countyFips":"37155","countyName":"Robeson","state":"North Carolina","marketIds":["Wilmington"],"situsAddress":"NC 71 HWY","situsCity":null,"situsZip":null,"jurisdictionCode":null,"ownerName":"FOWLER LARRY JAMES & WF","ownerName2":"FOWLER TERESA HADLOCK","propertyName":null,"zoningCode":null,"zoningDistrict":null,"jurisdictionPrefix":null,"dorCode":"V-10","acreage":13.34,"centroid":[-79.274155,34.791981],"lastSale":{"date":"2016-04-08","price":null,"qualified":null},"tax":{"marketValue":null,"assessedValue":null,"taxableValue":null,"taxes":null},"mailingAddress":{"line1":"P O BOX 522","line2":null,"city":"BLUE RIDGE SUMMIT","state":"PA","zip":"17214"},"incomeTract":null,"incomeBlockGroup":null,"nearestRoad":null,"flu":null,"opportunityZone":null,"oz2Eligibility":null,"source":"nc-robeson-parcels-37155","appraiserUrl":"https://www.ustaxdata.com/nc/robeson/account.cfm?parcelID=23100101302","gisViewerUrl":"https://maps2.roktech.net/ROKMAPS_Robeson/"},"geometry":{"type":"Polygon","coordinates":[[[-79.273672,34.79243],[-79.274217,34.792457],[-79.275096,34.79137],[-79.276472,34.789455],[-79.277651,34.789965],[-79.278009,34.789619],[-79.277579,34.789343],[-79.277281,34.789264],[-79.276839,34.789227],[-79.276166,34.789008],[-79.273978,34.789894],[-79.273672,34.79243]]]}},{"type":"Feature","id":"37155:839970859600","properties":{"id":"37155:839970859600","parcelId":"839970859600","countyFips":"37155","countyName":"Robeson","state":"North Carolina","marketIds":["Wilmington"],"situsAddress":"MORRISON RD","situsCity":null,"situsZip":null,"jurisdictionCode":null,"ownerName":"MCCORMICK AUBREY L","ownerName2":null,"propertyName":null,"zoningCode":null,"zoningDistrict":null,"jurisdictionPrefix":null,"dorCode":"V-40","acreage":102.3,"centroid":[-79.341121,34.823049],"lastSale":{"date":"2004-01-01","price":null,"qualified":null},"tax":{"marketValue":null,"assessedValue":null,"taxableValue":null,"taxes":null},"mailingAddress":{"line1":"P O BOX 1165","line2":null,"city":"LAURINBURG","state":"NC","zip":"28352"},"incomeTract":null,"incomeBlockGroup":null,"nearestRoad":null,"flu":null,"opportunityZone":null,"oz2Eligibility":null,"source":"nc-robeson-parcels-37155","appraiserUrl":"https://www.ustaxdata.com/nc/robeson/account.cfm?parcelID=230101020","gisViewerUrl":"https://maps2.roktech.net/ROKMAPS_Robeson/"},"geometry":{"type":"Polygon","coordinates":[[[-79.338172,34.821122],[-79.33419,34.824225],[-79.338735,34.825455],[-79.339945,34.825812],[-79.34237,34.824498],[-79.343927,34.823626],[-79.344025,34.823115],[-79.344153,34.82274],[-79.345202,34.820584],[-79.34049,34.819315],[-79.338172,34.821122]]]}},{"type":"Feature","id":"37155:931806063800","properties":{"id":"37155:931806063800","parcelId":"931806063800","countyFips":"37155","countyName":"Robeson","state":"North Carolina","marketIds":["Wilmington"],"situsAddress":".","situsCity":null,"situsZip":null,"jurisdictionCode":null,"ownerName":"HOLT TERRY","ownerName2":null,"propertyName":null,"zoningCode":null,"zoningDistrict":null,"jurisdictionPrefix":null,"dorCode":"V-10","acreage":17.08,"centroid":[-79.299418,34.81209],"lastSale":{"date":"2010-07-29","price":null,"qualified":null},"tax":{"marketValue":null,"assessedValue":null,"taxableValue":null,"taxes":null},"mailingAddress":{"line1":"PO BOX 395","line2":null,"city":"MAXTON","state":"NC","zip":"28304"},"incomeTract":null,"incomeBlockGroup":null,"nearestRoad":null,"flu":null,"opportunityZone":null,"oz2Eligibility":null,"source":"nc-robeson-parcels-37155","appraiserUrl":"https://www.ustaxdata.com/nc/robeson/account.cfm?parcelID=23060102810","gisViewerUrl":"https://maps2.roktech.net/ROKMAPS_Robeson/"},"geometry":{"type":"Polygon","coordinates":[[[-79.29832,34.812229],[-79.298631,34.812363],[-79.297891,34.812933],[-79.298811,34.813451],[-79.30048,34.813569],[-79.300685,34.813044],[-79.301349,34.810812],[-79.299671,34.810524],[-79.299447,34.811049],[-79.298899,34.810929],[-79.29832,34.812229]]]}},{"type":"Feature","id":"37155:931702306900","properties":{"id":"37155:931702306900","parcelId":"931702306900","countyFips":"37155","countyName":"Robeson","state":"North Carolina","marketIds":["Wilmington"],"situsAddress":"18101 OLD LUMBERTON RD","situsCity":null,"situsZip":null,"jurisdictionCode":null,"ownerName":"J D CARMICHAEL INC","ownerName2":null,"propertyName":null,"zoningCode":null,"zoningDistrict":null,"jurisdictionPrefix":null,"dorCode":"V-10","acreage":17.16,"centroid":[-79.298404,34.771419],"lastSale":{"date":"1999-01-01","price":null,"qualified":null},"tax":{"marketValue":null,"assessedValue":null,"taxableValue":null,"taxes":null},"mailingAddress":{"line1":"PO BOX 1547","line2":null,"city":"LAURINBURG","state":"NC","zip":"28353"},"incomeTract":null,"incomeBlockGroup":null,"nearestRoad":null,"flu":null,"opportunityZone":null,"oz2Eligibility":null,"source":"nc-robeson-parcels-37155","appraiserUrl":"https://www.ustaxdata.com/nc/robeson/account.cfm?parcelID=231301017","gisViewerUrl":"https://maps2.roktech.net/ROKMAPS_Robeson/"},"geometry":{"type":"Polygon","coordinates":[[[-79.298702,34.770134],[-79.299026,34.770376],[-79.296016,34.77307],[-79.296551,34.773372],[-79.300907,34.771904],[-79.299223,34.769659],[-79.298702,34.770134]]]}},{"type":"Feature","id":"37155:930922448546","properties":{"id":"37155:930922448546","parcelId":"930922448546","countyFips":"37155","countyName":"Robeson","state":"North Carolina","marketIds":["Wilmington"],"situsAddress":"236 KALYN RD","situsCity":null,"situsZip":null,"jurisdictionCode":null,"ownerName":"SCOTT DON ALLEN & WF DONNA L","ownerName2":null,"propertyName":null,"zoningCode":null,"zoningDistrict":null,"jurisdictionPrefix":null,"dorCode":"D-71","acreage":17.12,"centroid":[-79.326828,34.827597],"lastSale":{"date":"2001-01-01","price":null,"qualified":null},"tax":{"marketValue":null,"assessedValue":null,"taxableValue":null,"taxes":null},"mailingAddress":{"line1":"144 KALYN RD","line2":null,"city":"MAXTON","state":"NC","zip":"28364"},"incomeTract":null,"incomeBlockGroup":null,"nearestRoad":null,"flu":null,"opportunityZone":null,"oz2Eligibility":null,"source":"nc-robeson-parcels-37155","appraiserUrl":"https://www.ustaxdata.com/nc/robeson/account.cfm?parcelID=23010100714","gisViewerUrl":"https://maps2.roktech.net/ROKMAPS_Robeson/"},"geometry":{"type":"Polygon","coordinates":[[[-79.328875,34.827223],[-79.328618,34.827226],[-79.322243,34.827301],[-79.323301,34.829204],[-79.328755,34.827407],[-79.329179,34.827219],[-79.328875,34.827223]]]}},{"type":"Feature","id":"37155:930926207900","properties":{"id":"37155:930926207900","parcelId":"930926207900","countyFips":"37155","countyName":"Robeson","state":"North Carolina","marketIds":["Wilmington"],"situsAddress":"675 DIXON DR","situsCity":null,"situsZip":null,"jurisdictionCode":null,"ownerName":"CHAVIS PAUL","ownerName2":null,"propertyName":null,"zoningCode":null,"zoningDistrict":null,"jurisdictionPrefix":null,"dorCode":"V-80","acreage":8.21,"centroid":[-79.325236,34.837938],"lastSale":{"date":"2015-08-06","price":null,"qualified":null},"tax":{"marketValue":null,"assessedValue":null,"taxableValue":null,"taxes":null},"mailingAddress":{"line1":"675 DIXON DR","line2":null,"city":"MAXTON","state":"NC","zip":"28364"},"incomeTract":null,"incomeBlockGroup":null,"nearestRoad":null,"flu":null,"opportunityZone":null,"oz2Eligibility":null,"source":"nc-robeson-parcels-37155","appraiserUrl":"https://www.ustaxdata.com/nc/robeson/account.cfm?parcelID=230101003","gisViewerUrl":"https://maps2.roktech.net/ROKMAPS_Robeson/"},"geometry":{"type":"Polygon","coordinates":[[[-79.325121,34.836658],[-79.32479,34.837427],[-79.323668,34.840029],[-79.325095,34.840647],[-79.327376,34.836773],[-79.325365,34.836091],[-79.325121,34.836658]]]}},{"type":"Feature","id":"37155:839697445800","properties":{"id":"37155:839697445800","parcelId":"839697445800","countyFips":"37155","countyName":"Robeson","state":"North Carolina","marketIds":["Wilmington"],"situsAddress":"256 BRYANT CIR","situsCity":null,"situsZip":null,"jurisdictionCode":null,"ownerName":"DRIGGERS ROSE B","ownerName2":null,"propertyName":null,"zoningCode":null,"zoningDistrict":null,"jurisdictionPrefix":null,"dorCode":"D-10","acreage":5.93,"centroid":[-79.334798,34.759563],"lastSale":{"date":"2010-02-08","price":null,"qualified":null},"tax":{"marketValue":null,"assessedValue":null,"taxableValue":null,"taxes":null},"mailingAddress":{"line1":"256 BRYANTS CIRCLE","line2":null,"city":"MAXTON","state":"NC","zip":"28364"},"incomeTract":null,"incomeBlockGroup":null,"nearestRoad":null,"flu":null,"opportunityZone":null,"oz2Eligibility":null,"source":"nc-robeson-parcels-37155","appraiserUrl":"https://www.ustaxdata.com/nc/robeson/account.cfm?parcelID=11020105406","gisViewerUrl":"https://maps2.roktech.net/ROKMAPS_Robeson/"},"geometry":{"type":"Polygon","coordinates":[[[-79.333675,34.75963],[-79.334769,34.759578],[-79.334921,34.760256],[-79.335318,34.760116],[-79.335706,34.760007],[-79.335585,34.758617],[-79.333612,34.758735],[-79.333675,34.75963]]]}},{"type":"Feature","id":"37155:932710389729","properties":{"id":"37155:932710389729","parcelId":"932710389729","countyFips":"37155","countyName":"Robeson","state":"North Carolina","marketIds":["Wilmington"],"situsAddress":"5199 PRESTON RD","situsCity":null,"situsZip":null,"jurisdictionCode":null,"ownerName":"BULLARD CLESTER LF EST","ownerName2":"BULLARD CHILDREN OF EVANS REMA","propertyName":null,"zoningCode":null,"zoningDistrict":null,"jurisdictionPrefix":null,"dorCode":"A-20","acreage":47.27,"centroid":[-79.26042,34.768057],"lastSale":{"date":"2010-06-28","price":null,"qualified":null},"tax":{"marketValue":null,"assessedValue":null,"taxableValue":null,"taxes":null},"mailingAddress":{"line1":"5199 PRESTON RD","line2":null,"city":"MAXTON","state":"NC","zip":"28364"},"incomeTract":null,"incomeBlockGroup":null,"nearestRoad":null,"flu":null,"opportunityZone":null,"oz2Eligibility":null,"source":"nc-robeson-parcels-37155","appraiserUrl":"https://www.ustaxdata.com/nc/robeson/account.cfm?parcelID=231501024","gisViewerUrl":"https://maps2.roktech.net/ROKMAPS_Robeson/"},"geometry":{"type":"MultiPolygon","coordinates":[[[[-79.264045,34.767601],[-79.263816,34.767916],[-79.263611,34.767809],[-79.263409,34.768067],[-79.262899,34.767814],[-79.261882,34.769081],[-79.262364,34.769373],[-79.261868,34.769932],[-79.261491,34.769568],[-79.261443,34.769628],[-79.264017,34.771761],[-79.26532,34.768473],[-79.264045,34.767601]]],[[[-79.261353,34.765766],[-79.260733,34.766359],[-79.258212,34.768753],[-79.257591,34.769717],[-79.258813,34.770047],[-79.259092,34.770189],[-79.259926,34.770347],[-79.260119,34.770152],[-79.260227,34.770173],[-79.26069,34.769004],[-79.26088,34.769161],[-79.261237,34.768716],[-79.261722,34.768981],[-79.262308,34.768251],[-79.261831,34.76799],[-79.262228,34.767495],[-79.261907,34.76732],[-79.262186,34.766973],[-79.262495,34.767142],[-79.262771,34.766797],[-79.263249,34.767056],[-79.261353,34.765766]],[[-79.261027,34.767907],[-79.261632,34.768237],[-79.261265,34.768696],[-79.260659,34.768365],[-79.261027,34.767907]]]]}},{"type":"Feature","id":"37155:930931974100","properties":{"id":"37155:930931974100","parcelId":"930931974100","countyFips":"37155","countyName":"Robeson","state":"North Carolina","marketIds":["Wilmington"],"situsAddress":"12541 LAKEWOOD DR","situsCity":null,"situsZip":null,"jurisdictionCode":null,"ownerName":"CREECH CAROLYN ANN","ownerName2":null,"propertyName":null,"zoningCode":null,"zoningDistrict":null,"jurisdictionPrefix":null,"dorCode":"V-80","acreage":114.5,"centroid":[-79.320044,34.825868],"lastSale":{"date":"2015-07-05","price":null,"qualified":null},"tax":{"marketValue":null,"assessedValue":null,"taxableValue":null,"taxes":null},"mailingAddress":{"line1":"452 LAKEWOOD FALLS RD","line2":null,"city":"GOLDSTON","state":"NC","zip":"27252"},"incomeTract":null,"incomeBlockGroup":null,"nearestRoad":null,"flu":null,"opportunityZone":null,"oz2Eligibility":null,"source":"nc-robeson-parcels-37155","appraiserUrl":"https://www.ustaxdata.com/nc/robeson/account.cfm?parcelID=23020103001","gisViewerUrl":"https://maps2.roktech.net/ROKMAPS_Robeson/"},"geometry":{"type":"Polygon","coordinates":[[[-79.313439,34.826407],[-79.312994,34.826959],[-79.313373,34.827467],[-79.322243,34.827301],[-79.329179,34.827219],[-79.329648,34.826222],[-79.322153,34.823893],[-79.322037,34.823283],[-79.315332,34.824061],[-79.313439,34.826407]]]}},{"type":"Feature","id":"37155:930687713100","properties":{"id":"37155:930687713100","parcelId":"930687713100","countyFips":"37155","countyName":"Robeson","state":"North Carolina","marketIds":["Wilmington"],"situsAddress":"1496 HEZEKIAH RD","situsCity":null,"situsZip":null,"jurisdictionCode":null,"ownerName":"LOWERY EMMA LF EST","ownerName2":"LOWERY ADRIAN, DAVID LOWERY","propertyName":null,"zoningCode":null,"zoningDistrict":null,"jurisdictionPrefix":null,"dorCode":"V-20","acreage":32.0,"centroid":[-79.303481,34.758287],"lastSale":{"date":"2005-01-01","price":null,"qualified":null},"tax":{"marketValue":null,"assessedValue":null,"taxableValue":null,"taxes":null},"mailingAddress":{"line1":"1764 HEZEKIAH RD","line2":null,"city":"MAXTON","state":"NC","zip":"28364"},"incomeTract":null,"incomeBlockGroup":null,"nearestRoad":null,"flu":null,"opportunityZone":null,"oz2Eligibility":null,"source":"nc-robeson-parcels-37155","appraiserUrl":"https://www.ustaxdata.com/nc/robeson/account.cfm?parcelID=231701013","gisViewerUrl":"https://maps2.roktech.net/ROKMAPS_Robeson/"},"geometry":{"type":"Polygon","coordinates":[[[-79.30073,34.759147],[-79.301358,34.760369],[-79.304054,34.759585],[-79.303932,34.75922],[-79.306392,34.758773],[-79.305752,34.756138],[-79.303703,34.756331],[-79.303867,34.757238],[-79.303474,34.757891],[-79.302764,34.758158],[-79.302269,34.758306],[-79.30073,34.759147]]]}},{"type":"Feature","id":"37155:930896003200","properties":{"id":"37155:930896003200","parcelId":"930896003200","countyFips":"37155","countyName":"Robeson","state":"North Carolina","marketIds":["Wilmington"],"situsAddress":"141 ADRENIA RD","situsCity":null,"situsZip":null,"jurisdictionCode":null,"ownerName":"LOCKLEAR GARY & JUDY ANN &","ownerName2":"LOCKLEAR SAMUEL JR & PEGGY &ET","propertyName":null,"zoningCode":null,"zoningDistrict":null,"jurisdictionPrefix":null,"dorCode":"V-00","acreage":20.59,"centroid":[-79.303281,34.810096],"lastSale":{"date":"2005-01-01","price":null,"qualified":null},"tax":{"marketValue":null,"assessedValue":null,"taxableValue":null,"taxes":null},"mailingAddress":{"line1":"160 MINNIES LN","line2":null,"city":"MAXTON","state":"NC","zip":"28364"},"incomeTract":null,"incomeBlockGroup":null,"nearestRoad":null,"flu":null,"opportunityZone":null,"oz2Eligibility":null,"source":"nc-robeson-parcels-37155","appraiserUrl":"https://www.ustaxdata.com/nc/robeson/account.cfm?parcelID=23060103302","gisViewerUrl":"https://maps2.roktech.net/ROKMAPS_Robeson/"},"geometry":{"type":"Polygon","coordinates":[[[-79.305939,34.809001],[-79.305917,34.809006],[-79.305409,34.809086],[-79.304964,34.809119],[-79.304492,34.809105],[-79.30393,34.80904],[-79.303815,34.809632],[-79.303156,34.809545],[-79.303135,34.80965],[-79.302018,34.809499],[-79.302157,34.808802],[-79.301721,34.808707],[-79.301622,34.80918],[-79.301483,34.8094],[-79.301007,34.809227],[-79.300623,34.810095],[-79.301306,34.810217],[-79.301067,34.810765],[-79.304844,34.811484],[-79.305939,34.809001]]]}},{"type":"Feature","id":"37155:839892516200","properties":{"id":"37155:839892516200","parcelId":"839892516200","countyFips":"37155","countyName":"Robeson","state":"North Carolina","marketIds":["Wilmington"],"situsAddress":"1687 MCGIRTS RD","situsCity":null,"situsZip":null,"jurisdictionCode":null,"ownerName":"LOCKLEAR JERRY WAYNE","ownerName2":null,"propertyName":null,"zoningCode":null,"zoningDistrict":null,"jurisdictionPrefix":null,"dorCode":"A-80","acreage":20.38,"centroid":[-79.334819,34.79927],"lastSale":{"date":"2010-12-10","price":null,"qualified":null},"tax":{"marketValue":null,"assessedValue":null,"taxableValue":null,"taxes":null},"mailingAddress":{"line1":"1687 MCGIRT RD","line2":null,"city":"MAXTON","state":"NC","zip":"28364"},"incomeTract":null,"incomeBlockGroup":null,"nearestRoad":null,"flu":null,"opportunityZone":null,"oz2Eligibility":null,"source":"nc-robeson-parcels-37155","appraiserUrl":"https://www.ustaxdata.com/nc/robeson/account.cfm?parcelID=23090100116","gisViewerUrl":"https://maps2.roktech.net/ROKMAPS_Robeson/"},"geometry":{"type":"Polygon","coordinates":[[[-79.333602,34.799897],[-79.334477,34.800737],[-79.33457,34.80075],[-79.337738,34.799554],[-79.337081,34.798371],[-79.335175,34.79909],[-79.334272,34.797389],[-79.332797,34.798007],[-79.333658,34.799636],[-79.333602,34.799897]]]}},{"type":"Feature","id":"37155:930913134100","properties":{"id":"37155:930913134100","parcelId":"930913134100","countyFips":"37155","countyName":"Robeson","state":"North Carolina","marketIds":["Wilmington"],"situsAddress":"1532 MCGIRT GIN RD","situsCity":null,"situsZip":null,"jurisdictionCode":null,"ownerName":"PRIORE FRANCIS E","ownerName2":"PRIORE CAROL M","propertyName":null,"zoningCode":null,"zoningDistrict":null,"jurisdictionPrefix":null,"dorCode":"D-10","acreage":6.99,"centroid":[-79.329546,34.830348],"lastSale":{"date":"2007-01-12","price":null,"qualified":null},"tax":{"marketValue":null,"assessedValue":null,"taxableValue":null,"taxes":null},"mailingAddress":{"line1":"1532 MCGIRT GIN RD","line2":null,"city":"MAXTON","state":"NC","zip":"28364"},"incomeTract":null,"incomeBlockGroup":null,"nearestRoad":null,"flu":null,"opportunityZone":null,"oz2Eligibility":null,"source":"nc-robeson-parcels-37155","appraiserUrl":"https://www.ustaxdata.com/nc/robeson/account.cfm?parcelID=23010100911","gisViewerUrl":"https://maps2.roktech.net/ROKMAPS_Robeson/"},"geometry":{"type":"Polygon","coordinates":[[[-79.328175,34.8308],[-79.329847,34.831298],[-79.329485,34.830548],[-79.330802,34.830198],[-79.330472,34.829355],[-79.328492,34.829886],[-79.328175,34.8308]]]}},{"type":"Feature","id":"37155:930669088700","properties":{"id":"37155:930669088700","parcelId":"930669088700","countyFips":"37155","countyName":"Robeson","state":"North Carolina","marketIds":["Wilmington"],"situsAddress":"4767 RED HILL RD","situsCity":null,"situsZip":null,"jurisdictionCode":null,"ownerName":"BULLARD WENDELL","ownerName2":null,"propertyName":null,"zoningCode":null,"zoningDistrict":null,"jurisdictionPrefix":null,"dorCode":"A-20","acreage":32.0,"centroid":[-79.315019,34.764928],"lastSale":{"date":"2010-02-15","price":null,"qualified":null},"tax":{"marketValue":null,"assessedValue":null,"taxableValue":null,"taxes":null},"mailingAddress":{"line1":"1047 RED BANKS RD","line2":null,"city":"MAXTON","state":"NC","zip":"28364"},"incomeTract":null,"incomeBlockGroup":null,"nearestRoad":null,"flu":null,"opportunityZone":null,"oz2Eligibility":null,"source":"nc-robeson-parcels-37155","appraiserUrl":"https://www.ustaxdata.com/nc/robeson/account.cfm?parcelID=23170100702","gisViewerUrl":"https://maps2.roktech.net/ROKMAPS_Robeson/"},"geometry":{"type":"Polygon","coordinates":[[[-79.313858,34.764576],[-79.3139,34.764671],[-79.314584,34.766194],[-79.316392,34.765534],[-79.31636,34.763663],[-79.313858,34.764576]]]}},{"type":"Feature","id":"37155:931834296721","properties":{"id":"37155:931834296721","parcelId":"931834296721","countyFips":"37155","countyName":"Robeson","state":"North Carolina","marketIds":["Wilmington"],"situsAddress":"2862 OXENDINE SCHOOL RD","situsCity":null,"situsZip":null,"jurisdictionCode":null,"ownerName":"LOCKLEAR MICHAEL & WF ARLEN","ownerName2":null,"propertyName":null,"zoningCode":null,"zoningDistrict":null,"jurisdictionPrefix":null,"dorCode":"A-10","acreage":10.57,"centroid":[-79.289118,34.807665],"lastSale":{"date":"2004-01-01","price":null,"qualified":null},"tax":{"marketValue":null,"assessedValue":null,"taxableValue":null,"taxes":null},"mailingAddress":{"line1":"2862 OXENDINE SCHOOL RD","line2":null,"city":"MAXTON","state":"NC","zip":"28364"},"incomeTract":null,"incomeBlockGroup":null,"nearestRoad":null,"flu":null,"opportunityZone":null,"oz2Eligibility":null,"source":"nc-robeson-parcels-37155","appraiserUrl":"https://www.ustaxdata.com/nc/robeson/account.cfm?parcelID=23070100111","gisViewerUrl":"https://maps2.roktech.net/ROKMAPS_Robeson/"},"geometry":{"type":"Polygon","coordinates":[[[-79.287489,34.807086],[-79.288658,34.807839],[-79.289444,34.808726],[-79.29011,34.808966],[-79.29091,34.808149],[-79.289631,34.807447],[-79.287581,34.80544],[-79.287489,34.807086]]]}},{"type":"Feature","id":"37155:930861999900","properties":{"id":"37155:930861999900","parcelId":"930861999900","countyFips":"37155","countyName":"Robeson","state":"North Carolina","marketIds":["Wilmington"],"situsAddress":"426 MODEST RD","situsCity":null,"situsZip":null,"jurisdictionCode":null,"ownerName":"LOCKLEAR BOBBIE JO","ownerName2":null,"propertyName":null,"zoningCode":null,"zoningDistrict":null,"jurisdictionPrefix":null,"dorCode":"V-80","acreage":7.16,"centroid":[-79.309951,34.799033],"lastSale":{"date":"2004-01-01","price":null,"qualified":null},"tax":{"marketValue":null,"assessedValue":null,"taxableValue":null,"taxes":null},"mailingAddress":{"line1":"99 MODEST RD","line2":null,"city":"MAXTON","state":"NC","zip":"28364"},"incomeTract":null,"incomeBlockGroup":null,"nearestRoad":null,"flu":null,"opportunityZone":null,"oz2Eligibility":null,"source":"nc-robeson-parcels-37155","appraiserUrl":"https://www.ustaxdata.com/nc/robeson/account.cfm?parcelID=23090101309","gisViewerUrl":"https://maps2.roktech.net/ROKMAPS_Robeson/"},"geometry":{"type":"Polygon","coordinates":[[[-79.309936,34.799731],[-79.31034,34.799951],[-79.310937,34.798401],[-79.311187,34.798582],[-79.311608,34.798936],[-79.311631,34.798841],[-79.310502,34.797974],[-79.310513,34.79812],[-79.309455,34.798596],[-79.309694,34.798958],[-79.308845,34.79934],[-79.308605,34.798978],[-79.307589,34.799436],[-79.30892,34.800162],[-79.309497,34.799491],[-79.309936,34.799731]]]}},{"type":"Feature","id":"37155:931625756404","properties":{"id":"37155:931625756404","parcelId":"931625756404","countyFips":"37155","countyName":"Robeson","state":"North Carolina","marketIds":["Wilmington"],"situsAddress":"228 BUCK RD","situsCity":null,"situsZip":null,"jurisdictionCode":null,"ownerName":"BARTON DONALD","ownerName2":"BARTON PEGGY","propertyName":null,"zoningCode":null,"zoningDistrict":null,"jurisdictionPrefix":null,"dorCode":"D-10","acreage":7.21,"centroid":[-79.290417,34.754065],"lastSale":{"date":"2008-06-26","price":null,"qualified":null},"tax":{"marketValue":null,"assessedValue":null,"taxableValue":null,"taxes":null},"mailingAddress":{"line1":"228 BUCK RD","line2":null,"city":"MAXTON","state":"NC","zip":"28364"},"incomeTract":null,"incomeBlockGroup":null,"nearestRoad":null,"flu":null,"opportunityZone":null,"oz2Eligibility":null,"source":"nc-robeson-parcels-37155","appraiserUrl":"https://www.ustaxdata.com/nc/robeson/account.cfm?parcelID=23170101503B","gisViewerUrl":"https://maps2.roktech.net/ROKMAPS_Robeson/"},"geometry":{"type":"Polygon","coordinates":[[[-79.288692,34.753966],[-79.289091,34.7545],[-79.289407,34.754651],[-79.292156,34.754424],[-79.292051,34.754237],[-79.291822,34.754085],[-79.291295,34.753341],[-79.28949,34.753515],[-79.28975,34.753868],[-79.288692,34.753966]]]}},{"type":"Feature","id":"37155:930608306890","properties":{"id":"37155:930608306890","parcelId":"930608306890","countyFips":"37155","countyName":"Robeson","state":"North Carolina","marketIds":["Wilmington"],"situsAddress":"668 BRYANT'S CIR","situsCity":null,"situsZip":null,"jurisdictionCode":null,"ownerName":"HUNT LONNIE","ownerName2":null,"propertyName":null,"zoningCode":null,"zoningDistrict":null,"jurisdictionPrefix":null,"dorCode":"V-80","acreage":5.2,"centroid":[-79.331834,34.761165],"lastSale":{"date":"2015-09-10","price":null,"qualified":null},"tax":{"marketValue":null,"assessedValue":null,"taxableValue":null,"taxes":null},"mailingAddress":{"line1":"PO BOX 371","line2":null,"city":"MAXTON","state":"NC","zip":"28364"},"incomeTract":null,"incomeBlockGroup":null,"nearestRoad":null,"flu":null,"opportunityZone":null,"oz2Eligibility":null,"source":"nc-robeson-parcels-37155","appraiserUrl":"https://www.ustaxdata.com/nc/robeson/account.cfm?parcelID=11020105310","gisViewerUrl":"https://maps2.roktech.net/ROKMAPS_Robeson/"},"geometry":{"type":"Polygon","coordinates":[[[-79.330989,34.761423],[-79.331076,34.761337],[-79.331302,34.761118],[-79.3319,34.761412],[-79.332569,34.760966],[-79.332995,34.7614],[-79.333113,34.761322],[-79.332953,34.761178],[-79.332676,34.760398],[-79.329747,34.76071],[-79.330852,34.761555],[-79.330989,34.761423]]]}},{"type":"Feature","id":"37155:839878444300","properties":{"id":"37155:839878444300","parcelId":"839878444300","countyFips":"37155","countyName":"Robeson","state":"North Carolina","marketIds":["Wilmington"],"situsAddress":"712 W COVINGTON ST","situsCity":null,"situsZip":null,"jurisdictionCode":null,"ownerName":"MCKAY KATHERINE H & JANE G","ownerName2":null,"propertyName":null,"zoningCode":null,"zoningDistrict":null,"jurisdictionPrefix":null,"dorCode":"V-40","acreage":150.0,"centroid":[-79.349976,34.810555],"lastSale":{"date":"2004-01-01","price":null,"qualified":null},"tax":{"marketValue":null,"assessedValue":null,"taxableValue":null,"taxes":null},"mailingAddress":{"line1":"712 W COVINGTON ST","line2":null,"city":"LAURINBURG","state":"NC","zip":"28352"},"incomeTract":null,"incomeBlockGroup":null,"nearestRoad":null,"flu":null,"opportunityZone":null,"oz2Eligibility":null,"source":"nc-robeson-parcels-37155","appraiserUrl":"https://www.ustaxdata.com/nc/robeson/account.cfm?parcelID=230501005","gisViewerUrl":"https://maps2.roktech.net/ROKMAPS_Robeson/"},"geometry":{"type":"Polygon","coordinates":[[[-79.346346,34.811534],[-79.346451,34.811822],[-79.346545,34.812061],[-79.346666,34.8123],[-79.346839,34.812579],[-79.346991,34.812782],[-79.347164,34.812973],[-79.347379,34.81317],[-79.347839,34.813496],[-79.350675,34.811269],[-79.350652,34.811187],[-79.350674,34.811103],[-79.350745,34.811044],[-79.350881,34.810972],[-79.351004,34.810996],[-79.351112,34.811043],[-79.351371,34.811208],[-79.351407,34.811178],[-79.351414,34.811113],[-79.351464,34.810988],[-79.351463,34.81087],[-79.351557,34.81087],[-79.351636,34.810804],[-79.351657,34.810709],[-79.351563,34.81065],[-79.351297,34.810574],[-79.351008,34.810428],[-79.350949,34.810344],[-79.350921,34.810149],[-79.350842,34.810108],[-79.350446,34.80999],[-79.350315,34.810048],[-79.350256,34.810042],[-79.350229,34.810004],[-79.35033,34.809718],[-79.350459,34.809706],[-79.350509,34.809641],[-79.350501,34.809427],[-79.350616,34.809299],[-79.350616,34.809251],[-79.350515,34.809198],[-79.350436,34.809199],[-79.350328,34.809246],[-79.350225,34.809385],[-79.350128,34.809389],[-79.350099,34.809448],[-79.349992,34.809466],[-79.349883,34.809402],[-79.349797,34.809319],[-79.349784,34.809128],[-79.349724,34.809032],[-79.34966,34.809005],[-79.347385,34.810757],[-79.346346,34.811534]]]}},{"type":"Feature","id":"37155:931710030800","properties":{"id":"37155:931710030800","parcelId":"931710030800","countyFips":"37155","countyName":"Robeson","state":"North Carolina","marketIds":["Wilmington"],"situsAddress":"773 JOHN L RD","situsCity":null,"situsZip":null,"jurisdictionCode":null,"ownerName":"LOCKLEAR SYLVIA J","ownerName2":null,"propertyName":null,"zoningCode":null,"zoningDistrict":null,"jurisdictionPrefix":null,"dorCode":"V-00","acreage":5.63,"centroid":[-79.296469,34.767037],"lastSale":{"date":"2004-01-01","price":null,"qualified":null},"tax":{"marketValue":null,"assessedValue":null,"taxableValue":null,"taxes":null},"mailingAddress":{"line1":"588 JASON RD","line2":null,"city":"MAXTON","state":"NC","zip":"28364"},"incomeTract":null,"incomeBlockGroup":null,"nearestRoad":null,"flu":null,"opportunityZone":null,"oz2Eligibility":null,"source":"nc-robeson-parcels-37155","appraiserUrl":"https://www.ustaxdata.com/nc/robeson/account.cfm?parcelID=23130101703","gisViewerUrl":"https://maps2.roktech.net/ROKMAPS_Robeson/"},"geometry":{"type":"Polygon","coordinates":[[[-79.295472,34.767726],[-79.29624,34.768296],[-79.297352,34.767283],[-79.297052,34.766878],[-79.296753,34.766566],[-79.296418,34.766341],[-79.295995,34.766167],[-79.295472,34.767726]]]}},{"type":"Feature","id":"37155:839893432100","properties":{"id":"37155:839893432100","parcelId":"839893432100","countyFips":"37155","countyName":"Robeson","state":"North Carolina","marketIds":["Wilmington"],"situsAddress":".","situsCity":null,"situsZip":null,"jurisdictionCode":null,"ownerName":"FLOYD WILLIAM P & WF BERTA","ownerName2":null,"propertyName":null,"zoningCode":null,"zoningDistrict":null,"jurisdictionPrefix":null,"dorCode":"V-20","acreage":38.15,"centroid":[-79.335554,34.802144],"lastSale":{"date":"2004-01-01","price":null,"qualified":null},"tax":{"marketValue":null,"assessedValue":null,"taxableValue":null,"taxes":null},"mailingAddress":{"line1":"12541 APPIN RD","line2":null,"city":"LAURINBURG","state":"NC","zip":"28352"},"incomeTract":null,"incomeBlockGroup":null,"nearestRoad":null,"flu":null,"opportunityZone":null,"oz2Eligibility":null,"source":"nc-robeson-parcels-37155","appraiserUrl":"https://www.ustaxdata.com/nc/robeson/account.cfm?parcelID=23090100115","gisViewerUrl":"https://maps2.roktech.net/ROKMAPS_Robeson/"},"geometry":{"type":"Polygon","coordinates":[[[-79.333602,34.799897],[-79.333568,34.800058],[-79.332571,34.804752],[-79.337195,34.804251],[-79.337778,34.803128],[-79.338146,34.80295],[-79.337425,34.802681],[-79.335228,34.800839],[-79.334477,34.800737],[-79.333602,34.799897]]]}},{"type":"Feature","id":"37155:932920423600","properties":{"id":"37155:932920423600","parcelId":"932920423600","countyFips":"37155","countyName":"Robeson","state":"North Carolina","marketIds":["Wilmington"],"situsAddress":"4837 MT ZION CHURCH RD","situsCity":null,"situsZip":null,"jurisdictionCode":null,"ownerName":"BULLARD HELEN T","ownerName2":null,"propertyName":null,"zoningCode":null,"zoningDistrict":null,"jurisdictionPrefix":null,"dorCode":"V-80","acreage":66.45,"centroid":[-79.258254,34.822355],"lastSale":{"date":"2011-01-03","price":null,"qualified":null},"tax":{"marketValue":null,"assessedValue":null,"taxableValue":null,"taxes":null},"mailingAddress":{"line1":"4837 MT ZION CHURCH RD","line2":null,"city":"MAXTON","state":"NC","zip":"28364"},"incomeTract":null,"incomeBlockGroup":null,"nearestRoad":null,"flu":null,"opportunityZone":null,"oz2Eligibility":null,"source":"nc-robeson-parcels-37155","appraiserUrl":"https://www.ustaxdata.com/nc/robeson/account.cfm?parcelID=23030100210","gisViewerUrl":"https://maps2.roktech.net/ROKMAPS_Robeson/"},"geometry":{"type":"Polygon","coordinates":[[[-79.259194,34.82544],[-79.259716,34.826203],[-79.261466,34.824351],[-79.260243,34.81944],[-79.256992,34.818992],[-79.256952,34.819142],[-79.25653,34.820155],[-79.255044,34.823557],[-79.258151,34.823917],[-79.259194,34.82544]]]}},{"type":"Feature","id":"37155:932839821200","properties":{"id":"37155:932839821200","parcelId":"932839821200","countyFips":"37155","countyName":"Robeson","state":"North Carolina","marketIds":["Wilmington"],"situsAddress":"466 SUMPTER CIR","situsCity":null,"situsZip":null,"jurisdictionCode":null,"ownerName":"BULLARD DIANE","ownerName2":null,"propertyName":null,"zoningCode":null,"zoningDistrict":null,"jurisdictionPrefix":null,"dorCode":"V-80","acreage":19.3,"centroid":[-79.253965,34.819513],"lastSale":{"date":"2012-10-26","price":null,"qualified":null},"tax":{"marketValue":null,"assessedValue":null,"taxableValue":null,"taxes":null},"mailingAddress":{"line1":"466 SUMPTER CIRCLE","line2":null,"city":"MAXTON","state":"NC","zip":"28364"},"incomeTract":null,"incomeBlockGroup":null,"nearestRoad":null,"flu":null,"opportunityZone":null,"oz2Eligibility":null,"source":"nc-robeson-parcels-37155","appraiserUrl":"https://www.ustaxdata.com/nc/robeson/account.cfm?parcelID=23030101001","gisViewerUrl":"https://maps2.roktech.net/ROKMAPS_Robeson/"},"geometry":{"type":"Polygon","coordinates":[[[-79.253069,34.820753],[-79.255141,34.819586],[-79.256502,34.818819],[-79.254774,34.817579],[-79.251321,34.819542],[-79.252982,34.820802],[-79.253069,34.820753]]]}},{"type":"Feature","id":"37155:930797167600","properties":{"id":"37155:930797167600","parcelId":"930797167600","countyFips":"37155","countyName":"Robeson","state":"North Carolina","marketIds":["Wilmington"],"situsAddress":"PAWLEYS LN","situsCity":null,"situsZip":null,"jurisdictionCode":null,"ownerName":"FREEMAN FAMILY PROPERTIES, LLC","ownerName2":null,"propertyName":null,"zoningCode":null,"zoningDistrict":null,"jurisdictionPrefix":null,"dorCode":"V-20","acreage":26.98,"centroid":[-79.302552,34.787486],"lastSale":{"date":"2004-01-01","price":null,"qualified":null},"tax":{"marketValue":null,"assessedValue":null,"taxableValue":null,"taxes":null},"mailingAddress":{"line1":"PO BOX 162","line2":null,"city":"LUMBERTON","state":"NC","zip":"28358"},"incomeTract":null,"incomeBlockGroup":null,"nearestRoad":null,"flu":null,"opportunityZone":null,"oz2Eligibility":null,"source":"nc-robeson-parcels-37155","appraiserUrl":"https://www.ustaxdata.com/nc/robeson/account.cfm?parcelID=231001016","gisViewerUrl":"https://maps2.roktech.net/ROKMAPS_Robeson/"},"geometry":{"type":"Polygon","coordinates":[[[-79.302001,34.789125],[-79.302892,34.790582],[-79.303313,34.788796],[-79.303765,34.785074],[-79.300788,34.783851],[-79.302001,34.789125]]]}},{"type":"Feature","id":"37155:931700679900","properties":{"id":"37155:931700679900","parcelId":"931700679900","countyFips":"37155","countyName":"Robeson","state":"North Carolina","marketIds":["Wilmington"],"situsAddress":"588 JASON RD","situsCity":null,"situsZip":null,"jurisdictionCode":null,"ownerName":"LOCKLEAR SYLVIA JACOBS","ownerName2":null,"propertyName":null,"zoningCode":null,"zoningDistrict":null,"jurisdictionPrefix":null,"dorCode":"V-00","acreage":5.63,"centroid":[-79.297435,34.768429],"lastSale":{"date":"2008-10-10","price":null,"qualified":null},"tax":{"marketValue":null,"assessedValue":null,"taxableValue":null,"taxes":null},"mailingAddress":{"line1":"588 JASON RD","line2":null,"city":"MAXTON","state":"NC","zip":"28364"},"incomeTract":null,"incomeBlockGroup":null,"nearestRoad":null,"flu":null,"opportunityZone":null,"oz2Eligibility":null,"source":"nc-robeson-parcels-37155","appraiserUrl":"https://www.ustaxdata.com/nc/robeson/account.cfm?parcelID=23130101702","gisViewerUrl":"https://maps2.roktech.net/ROKMAPS_Robeson/"},"geometry":{"type":"Polygon","coordinates":[[[-79.29624,34.768296],[-79.297713,34.769398],[-79.298435,34.76874],[-79.297352,34.767283],[-79.29624,34.768296]]]}},{"type":"Feature","id":"37155:932932802829","properties":{"id":"37155:932932802829","parcelId":"932932802829","countyFips":"37155","countyName":"Robeson","state":"North Carolina","marketIds":["Wilmington"],"situsAddress":"MT ZION CHURCH RD","situsCity":null,"situsZip":null,"jurisdictionCode":null,"ownerName":"BULLARD PHILLIP","ownerName2":null,"propertyName":null,"zoningCode":null,"zoningDistrict":null,"jurisdictionPrefix":null,"dorCode":"V-00","acreage":8.75,"centroid":[-79.253831,34.826825],"lastSale":{"date":"2011-06-29","price":null,"qualified":null},"tax":{"marketValue":null,"assessedValue":null,"taxableValue":null,"taxes":null},"mailingAddress":{"line1":"4947 MT ZION CHURCH ROAD","line2":null,"city":"MAXTON","state":"NC","zip":"28364"},"incomeTract":null,"incomeBlockGroup":null,"nearestRoad":null,"flu":null,"opportunityZone":null,"oz2Eligibility":null,"source":"nc-robeson-parcels-37155","appraiserUrl":"https://www.ustaxdata.com/nc/robeson/account.cfm?parcelID=23030100501","gisViewerUrl":"https://maps2.roktech.net/ROKMAPS_Robeson/"},"geometry":{"type":"Polygon","coordinates":[[[-79.252277,34.827171],[-79.254007,34.828508],[-79.254618,34.826819],[-79.254193,34.826552],[-79.254325,34.826184],[-79.253565,34.825714],[-79.252277,34.827171]]]}},{"type":"Feature","id":"37155:930762618500","properties":{"id":"37155:930762618500","parcelId":"930762618500","countyFips":"37155","countyName":"Robeson","state":"North Carolina","marketIds":["Wilmington"],"situsAddress":"161 LUCAS LANE","situsCity":null,"situsZip":null,"jurisdictionCode":null,"ownerName":"SATTERFIELD JEANNIE GAIL LUCAS","ownerName2":null,"propertyName":null,"zoningCode":null,"zoningDistrict":null,"jurisdictionPrefix":null,"dorCode":"D-10","acreage":14.43,"centroid":[-79.310729,34.772122],"lastSale":{"date":"2006-12-19","price":null,"qualified":null},"tax":{"marketValue":null,"assessedValue":null,"taxableValue":null,"taxes":null},"mailingAddress":{"line1":"P O BOX 3511","line2":null,"city":"PEMBROKE","state":"NC","zip":"28372"},"incomeTract":null,"incomeBlockGroup":null,"nearestRoad":null,"flu":null,"opportunityZone":null,"oz2Eligibility":null,"source":"nc-robeson-parcels-37155","appraiserUrl":"https://www.ustaxdata.com/nc/robeson/account.cfm?parcelID=23130102303","gisViewerUrl":"https://maps2.roktech.net/ROKMAPS_Robeson/"},"geometry":{"type":"Polygon","coordinates":[[[-79.305171,34.773773],[-79.305398,34.774223],[-79.316273,34.770475],[-79.316073,34.770016],[-79.305171,34.773773]]]}},{"type":"Feature","id":"37155:931806439400","properties":{"id":"37155:931806439400","parcelId":"931806439400","countyFips":"37155","countyName":"Robeson","state":"North Carolina","marketIds":["Wilmington"],"situsAddress":"334 BRIDAL'S LN","situsCity":null,"situsZip":null,"jurisdictionCode":null,"ownerName":"HOLT TERRY G","ownerName2":null,"propertyName":null,"zoningCode":null,"zoningDistrict":null,"jurisdictionPrefix":null,"dorCode":"V-80","acreage":5.0,"centroid":[-79.29829,34.811018],"lastSale":{"date":"2005-12-28","price":null,"qualified":null},"tax":{"marketValue":null,"assessedValue":null,"taxableValue":null,"taxes":null},"mailingAddress":{"line1":"PO BOX 395","line2":null,"city":"MAXTON","state":"NC","zip":"28364"},"incomeTract":null,"incomeBlockGroup":null,"nearestRoad":null,"flu":null,"opportunityZone":null,"oz2Eligibility":null,"source":"nc-robeson-parcels-37155","appraiserUrl":"https://www.ustaxdata.com/nc/robeson/account.cfm?parcelID=23060102829","gisViewerUrl":"https://maps2.roktech.net/ROKMAPS_Robeson/"},"geometry":{"type":"Polygon","coordinates":[[[-79.299116,34.810441],[-79.298697,34.810374],[-79.298,34.810251],[-79.297316,34.811797],[-79.29832,34.812229],[-79.299116,34.810441]]]}},{"type":"Feature","id":"37155:932735792400","properties":{"id":"37155:932735792400","parcelId":"932735792400","countyFips":"37155","countyName":"Robeson","state":"North Carolina","marketIds":["Wilmington"],"situsAddress":"11 KEVER RD","situsCity":null,"situsZip":null,"jurisdictionCode":null,"ownerName":"BULLARD JENNINGS & CONNIE 1/2","ownerName2":"DEESE CAROLYN BULLARD & ROBERT","propertyName":null,"zoningCode":null,"zoningDistrict":null,"jurisdictionPrefix":null,"dorCode":"V-20","acreage":27.56,"centroid":[-79.254913,34.782485],"lastSale":{"date":"2006-07-21","price":null,"qualified":null},"tax":{"marketValue":null,"assessedValue":null,"taxableValue":null,"taxes":null},"mailingAddress":{"line1":"95 KEVER RD","line2":null,"city":"MAXTON","state":"NC","zip":"28364"},"incomeTract":null,"incomeBlockGroup":null,"nearestRoad":null,"flu":null,"opportunityZone":null,"oz2Eligibility":null,"source":"nc-robeson-parcels-37155","appraiserUrl":"https://www.ustaxdata.com/nc/robeson/account.cfm?parcelID=23150100409","gisViewerUrl":"https://maps2.roktech.net/ROKMAPS_Robeson/"},"geometry":{"type":"Polygon","coordinates":[[[-79.252642,34.783247],[-79.253387,34.785504],[-79.255282,34.783491],[-79.255565,34.783111],[-79.255735,34.78273],[-79.255857,34.782336],[-79.255937,34.782002],[-79.255974,34.781534],[-79.255938,34.780983],[-79.255703,34.781021],[-79.252024,34.781371],[-79.252642,34.783247]]]}},{"type":"Feature","id":"37155:839655376690","properties":{"id":"37155:839655376690","parcelId":"839655376690","countyFips":"37155","countyName":"Robeson","state":"North Carolina","marketIds":["Wilmington"],"situsAddress":"DEANGELO RD","situsCity":null,"situsZip":null,"jurisdictionCode":null,"ownerName":"PATTON SEED COMPANY","ownerName2":null,"propertyName":null,"zoningCode":null,"zoningDistrict":null,"jurisdictionPrefix":null,"dorCode":"V-00","acreage":7.1,"centroid":[-79.3481,34.754324],"lastSale":{"date":"2015-06-19","price":null,"qualified":null},"tax":{"marketValue":null,"assessedValue":null,"taxableValue":null,"taxes":null},"mailingAddress":{"line1":"P O BOX 217","line2":null,"city":"LAKELAND","state":"GA","zip":"31635"},"incomeTract":null,"incomeBlockGroup":null,"nearestRoad":null,"flu":null,"opportunityZone":null,"oz2Eligibility":null,"source":"nc-robeson-parcels-37155","appraiserUrl":"https://www.ustaxdata.com/nc/robeson/account.cfm?parcelID=11030104910","gisViewerUrl":"https://maps2.roktech.net/ROKMAPS_Robeson/"},"geometry":{"type":"Polygon","coordinates":[[[-79.347756,34.753755],[-79.347702,34.754399],[-79.347544,34.756281],[-79.349708,34.753827],[-79.34779,34.75336],[-79.347756,34.753755]]]}},{"type":"Feature","id":"37155:931815534500","properties":{"id":"37155:931815534500","parcelId":"931815534500","countyFips":"37155","countyName":"Robeson","state":"North Carolina","marketIds":["Wilmington"],"situsAddress":"6749 CHICKEN RD","situsCity":null,"situsZip":null,"jurisdictionCode":null,"ownerName":"CHAVIS & COLLINS ENTERPRISES","ownerName2":null,"propertyName":null,"zoningCode":null,"zoningDistrict":null,"jurisdictionPrefix":null,"dorCode":"V-10","acreage":11.75,"centroid":[-79.294935,34.808375],"lastSale":{"date":"2004-01-01","price":null,"qualified":null},"tax":{"marketValue":null,"assessedValue":null,"taxableValue":null,"taxes":null},"mailingAddress":{"line1":"6749 CHICKEN RD NORTH","line2":null,"city":"LUMBERTON","state":"NC","zip":"28360"},"incomeTract":null,"incomeBlockGroup":null,"nearestRoad":null,"flu":null,"opportunityZone":null,"oz2Eligibility":null,"source":"nc-robeson-parcels-37155","appraiserUrl":"https://www.ustaxdata.com/nc/robeson/account.cfm?parcelID=23060102826","gisViewerUrl":"https://maps2.roktech.net/ROKMAPS_Robeson/"},"geometry":{"type":"Polygon","coordinates":[[[-79.294626,34.807076],[-79.294282,34.80748],[-79.2931,34.808851],[-79.29488,34.8098],[-79.295078,34.809742],[-79.296036,34.808464],[-79.295672,34.807917],[-79.295809,34.807669],[-79.294626,34.807076]]]}},{"type":"Feature","id":"37155:932605286700","properties":{"id":"37155:932605286700","parcelId":"932605286700","countyFips":"37155","countyName":"Robeson","state":"North Carolina","marketIds":["Wilmington"],"situsAddress":"708 LACY RD","situsCity":null,"situsZip":null,"jurisdictionCode":null,"ownerName":"COLLINS BETTY JANE","ownerName2":null,"propertyName":null,"zoningCode":null,"zoningDistrict":null,"jurisdictionPrefix":null,"dorCode":"D-10","acreage":5.9,"centroid":[-79.265794,34.755105],"lastSale":{"date":"2010-02-26","price":null,"qualified":null},"tax":{"marketValue":null,"assessedValue":null,"taxableValue":null,"taxes":null},"mailingAddress":{"line1":"708 LACY RD","line2":null,"city":"MAXTON","state":"NC","zip":"28364"},"incomeTract":null,"incomeBlockGroup":null,"nearestRoad":null,"flu":null,"opportunityZone":null,"oz2Eligibility":null,"source":"nc-robeson-parcels-37155","appraiserUrl":"https://www.ustaxdata.com/nc/robeson/account.cfm?parcelID=231801003","gisViewerUrl":"https://maps2.roktech.net/ROKMAPS_Robeson/"},"geometry":{"type":"Polygon","coordinates":[[[-79.263206,34.754736],[-79.264984,34.755346],[-79.266782,34.755785],[-79.266738,34.755313],[-79.266581,34.754962],[-79.266471,34.75449],[-79.263206,34.754736]]]}},{"type":"Feature","id":"37155:839848462300","properties":{"id":"37155:839848462300","parcelId":"839848462300","countyFips":"37155","countyName":"Robeson","state":"North Carolina","marketIds":["Wilmington"],"situsAddress":"380 MCGIRT BRIDGE RD","situsCity":null,"situsZip":null,"jurisdictionCode":null,"ownerName":"LOCKLEAR FULLER JR","ownerName2":null,"propertyName":null,"zoningCode":null,"zoningDistrict":null,"jurisdictionPrefix":null,"dorCode":"V-10","acreage":13.18,"centroid":[-79.35233,34.817396],"lastSale":{"date":"2004-01-01","price":null,"qualified":null},"tax":{"marketValue":null,"assessedValue":null,"taxableValue":null,"taxes":null},"mailingAddress":{"line1":"2921 MCGIRT GIN RD","line2":null,"city":"MAXTON","state":"NC","zip":"28364"},"incomeTract":null,"incomeBlockGroup":null,"nearestRoad":null,"flu":null,"opportunityZone":null,"oz2Eligibility":null,"source":"nc-robeson-parcels-37155","appraiserUrl":"https://www.ustaxdata.com/nc/robeson/account.cfm?parcelID=23050100120","gisViewerUrl":"https://maps2.roktech.net/ROKMAPS_Robeson/"},"geometry":{"type":"Polygon","coordinates":[[[-79.351045,34.817915],[-79.351649,34.818638],[-79.352519,34.817667],[-79.353106,34.818025],[-79.354054,34.816967],[-79.353789,34.817027],[-79.353506,34.817044],[-79.353245,34.817018],[-79.352981,34.816949],[-79.352644,34.816782],[-79.351435,34.816043],[-79.34982,34.817842],[-79.350496,34.818226],[-79.351045,34.817915]]]}},{"type":"Feature","id":"37155:931614521300","properties":{"id":"37155:931614521300","parcelId":"931614521300","countyFips":"37155","countyName":"Robeson","state":"North Carolina","marketIds":["Wilmington"],"situsAddress":"OLD RED SPRINGS RD","situsCity":null,"situsZip":null,"jurisdictionCode":null,"ownerName":"LOWRY MAXINE BULLARD & HSB","ownerName2":"LOWRY THOMAS WAYNE","propertyName":null,"zoningCode":null,"zoningDistrict":null,"jurisdictionPrefix":null,"dorCode":"V-10","acreage":11.23,"centroid":[-79.294479,34.750362],"lastSale":{"date":"2013-04-02","price":null,"qualified":null},"tax":{"marketValue":null,"assessedValue":null,"taxableValue":null,"taxes":null},"mailingAddress":{"line1":"P O BOX 3222","line2":null,"city":"PEMBROKE","state":"NC","zip":"28372"},"incomeTract":null,"incomeBlockGroup":null,"nearestRoad":null,"flu":null,"opportunityZone":null,"oz2Eligibility":null,"source":"nc-robeson-parcels-37155","appraiserUrl":"https://www.ustaxdata.com/nc/robeson/account.cfm?parcelID=23170101805","gisViewerUrl":"https://maps2.roktech.net/ROKMAPS_Robeson/"},"geometry":{"type":"Polygon","coordinates":[[[-79.293804,34.747949],[-79.293202,34.74882],[-79.29444,34.751537],[-79.296472,34.753142],[-79.293804,34.747949]]]}},{"type":"Feature","id":"37155:931817461400","properties":{"id":"37155:931817461400","parcelId":"931817461400","countyFips":"37155","countyName":"Robeson","state":"North Carolina","marketIds":["Wilmington"],"situsAddress":".","situsCity":null,"situsZip":null,"jurisdictionCode":null,"ownerName":"WOODS ALBERT C","ownerName2":null,"propertyName":null,"zoningCode":null,"zoningDistrict":null,"jurisdictionPrefix":null,"dorCode":"V-20","acreage":28.9,"centroid":[-79.296081,34.814393],"lastSale":{"date":"2011-06-17","price":null,"qualified":null},"tax":{"marketValue":null,"assessedValue":null,"taxableValue":null,"taxes":null},"mailingAddress":{"line1":"576 ISAIAH ROAD","line2":null,"city":"MAXTON","state":"NC","zip":"28364"},"incomeTract":null,"incomeBlockGroup":null,"nearestRoad":null,"flu":null,"opportunityZone":null,"oz2Eligibility":null,"source":"nc-robeson-parcels-37155","appraiserUrl":"https://www.ustaxdata.com/nc/robeson/account.cfm?parcelID=23060102824","gisViewerUrl":"https://maps2.roktech.net/ROKMAPS_Robeson/"},"geometry":{"type":"Polygon","coordinates":[[[-79.292887,34.815895],[-79.298036,34.816073],[-79.297739,34.815505],[-79.298928,34.815544],[-79.298843,34.815385],[-79.297784,34.815268],[-79.297297,34.814517],[-79.296702,34.813863],[-79.295675,34.813466],[-79.295642,34.813505],[-79.295085,34.813293],[-79.294661,34.813779],[-79.294365,34.813653],[-79.294504,34.813494],[-79.293069,34.812652],[-79.292887,34.815895]]]}},{"type":"Feature","id":"37155:930608924700","properties":{"id":"37155:930608924700","parcelId":"930608924700","countyFips":"37155","countyName":"Robeson","state":"North Carolina","marketIds":["Wilmington"],"situsAddress":"466 BRYANTS CIR","situsCity":null,"situsZip":null,"jurisdictionCode":null,"ownerName":"COX FREEMAN & WF","ownerName2":"COX JANIE","propertyName":null,"zoningCode":null,"zoningDistrict":null,"jurisdictionPrefix":null,"dorCode":"V-00","acreage":14.92,"centroid":[-79.329809,34.761988],"lastSale":{"date":"2015-04-30","price":null,"qualified":null},"tax":{"marketValue":null,"assessedValue":null,"taxableValue":null,"taxes":null},"mailingAddress":{"line1":"156 WASHBURN AVE","line2":null,"city":"FREEPORT","state":"NY","zip":"11520"},"incomeTract":null,"incomeBlockGroup":null,"nearestRoad":null,"flu":null,"opportunityZone":null,"oz2Eligibility":null,"source":"nc-robeson-parcels-37155","appraiserUrl":"https://www.ustaxdata.com/nc/robeson/account.cfm?parcelID=110201052","gisViewerUrl":"https://maps2.roktech.net/ROKMAPS_Robeson/"},"geometry":{"type":"Polygon","coordinates":[[[-79.327919,34.761691],[-79.328014,34.76171],[-79.328144,34.761765],[-79.328338,34.761959],[-79.328477,34.76201],[-79.32859,34.761984],[-79.328761,34.761815],[-79.328924,34.761718],[-79.329224,34.761652],[-79.329417,34.761693],[-79.329552,34.761793],[-79.329741,34.76202],[-79.329817,34.762156],[-79.32986,34.762324],[-79.329835,34.762434],[-79.329769,34.762542],[-79.32959,34.762735],[-79.329485,34.762813],[-79.329364,34.762846],[-79.329167,34.762843],[-79.329083,34.762879],[-79.329003,34.762951],[-79.328883,34.763218],[-79.331507,34.763267],[-79.331593,34.762928],[-79.3317,34.762658],[-79.331036,34.762215],[-79.331389,34.761814],[-79.330852,34.761554],[-79.329746,34.760709],[-79.329245,34.760764],[-79.327919,34.761691]]]}},{"type":"Feature","id":"37155:932728046169","properties":{"id":"37155:932728046169","parcelId":"932728046169","countyFips":"37155","countyName":"Robeson","state":"North Carolina","marketIds":["Wilmington"],"situsAddress":"OFF PRESTON RD","situsCity":null,"situsZip":null,"jurisdictionCode":null,"ownerName":"LOCKLEAR LAWRENCE LEE","ownerName2":"LOCKLEAR STEPHAINE MOORE","propertyName":null,"zoningCode":null,"zoningDistrict":null,"jurisdictionPrefix":null,"dorCode":"V-20","acreage":51.3,"centroid":[-79.261811,34.789475],"lastSale":{"date":"2011-07-08","price":null,"qualified":null},"tax":{"marketValue":null,"assessedValue":null,"taxableValue":null,"taxes":null},"mailingAddress":{"line1":"6772 PRESTON RD","line2":null,"city":"RED SPRINGS","state":"NC","zip":"28377"},"incomeTract":null,"incomeBlockGroup":null,"nearestRoad":null,"flu":null,"opportunityZone":null,"oz2Eligibility":null,"source":"nc-robeson-parcels-37155","appraiserUrl":"https://www.ustaxdata.com/nc/robeson/account.cfm?parcelID=231101020","gisViewerUrl":"https://maps2.roktech.net/ROKMAPS_Robeson/"},"geometry":{"type":"Polygon","coordinates":[[[-79.256128,34.790511],[-79.258453,34.791154],[-79.259542,34.791455],[-79.259586,34.791587],[-79.262293,34.790948],[-79.262286,34.790614],[-79.262201,34.790523],[-79.262181,34.790429],[-79.262267,34.790297],[-79.262236,34.790131],[-79.262084,34.789753],[-79.262053,34.789599],[-79.262146,34.789461],[-79.262418,34.789305],[-79.262618,34.789164],[-79.262695,34.788999],[-79.262727,34.788808],[-79.262777,34.788678],[-79.262852,34.788597],[-79.263007,34.788566],[-79.263107,34.788518],[-79.263143,34.78837],[-79.263122,34.788294],[-79.263132,34.788179],[-79.263278,34.788135],[-79.26334,34.788062],[-79.257216,34.787685],[-79.256128,34.790511]]]}},{"type":"Feature","id":"37155:931698555338","properties":{"id":"37155:931698555338","parcelId":"931698555338","countyFips":"37155","countyName":"Robeson","state":"North Carolina","marketIds":["Wilmington"],"situsAddress":"4719 PRESTON RD","situsCity":null,"situsZip":null,"jurisdictionCode":null,"ownerName":"CLARK DORETTA A LF EST","ownerName2":"CLARK CHARLES REMAINDER","propertyName":null,"zoningCode":null,"zoningDistrict":null,"jurisdictionPrefix":null,"dorCode":"D-71","acreage":6.19,"centroid":[-79.267536,34.762256],"lastSale":{"date":"2014-12-16","price":null,"qualified":null},"tax":{"marketValue":null,"assessedValue":null,"taxableValue":null,"taxes":null},"mailingAddress":{"line1":"4719 PRESTON RD","line2":null,"city":"MAXTON","state":"NC","zip":"28364"},"incomeTract":null,"incomeBlockGroup":null,"nearestRoad":null,"flu":null,"opportunityZone":null,"oz2Eligibility":null,"source":"nc-robeson-parcels-37155","appraiserUrl":"https://www.ustaxdata.com/nc/robeson/account.cfm?parcelID=23140100802","gisViewerUrl":"https://maps2.roktech.net/ROKMAPS_Robeson/"},"geometry":{"type":"Polygon","coordinates":[[[-79.267101,34.762074],[-79.266612,34.762747],[-79.266551,34.762831],[-79.268126,34.763398],[-79.268946,34.761226],[-79.268036,34.761304],[-79.267382,34.762213],[-79.267101,34.762074]]]}},{"type":"Feature","id":"37155:839963296625","properties":{"id":"37155:839963296625","parcelId":"839963296625","countyFips":"37155","countyName":"Robeson","state":"North Carolina","marketIds":["Wilmington"],"situsAddress":"4077 MCGIRT RD","situsCity":null,"situsZip":null,"jurisdictionCode":null,"ownerName":"LOCKLEAR CARLON & WF GERTIE","ownerName2":null,"propertyName":null,"zoningCode":null,"zoningDistrict":null,"jurisdictionPrefix":null,"dorCode":"A-20","acreage":48.7,"centroid":[-79.347614,34.83252],"lastSale":{"date":"2009-03-16","price":null,"qualified":null},"tax":{"marketValue":null,"assessedValue":null,"taxableValue":null,"taxes":null},"mailingAddress":{"line1":"4445 MCGIRT RD","line2":null,"city":"MAXTON","state":"NC","zip":"28364"},"incomeTract":null,"incomeBlockGroup":null,"nearestRoad":null,"flu":null,"opportunityZone":null,"oz2Eligibility":null,"source":"nc-robeson-parcels-37155","appraiserUrl":"https://www.ustaxdata.com/nc/robeson/account.cfm?parcelID=230101014","gisViewerUrl":"https://maps2.roktech.net/ROKMAPS_Robeson/"},"geometry":{"type":"Polygon","coordinates":[[[-79.342759,34.829793],[-79.34273,34.829902],[-79.342003,34.832627],[-79.347574,34.834277],[-79.347924,34.834037],[-79.347929,34.833602],[-79.348033,34.833422],[-79.348261,34.83324],[-79.34881,34.832866],[-79.349027,34.832833],[-79.34918,34.832775],[-79.34927,34.832663],[-79.349297,34.83243],[-79.3494,34.832339],[-79.349565,34.832042],[-79.35006,34.831469],[-79.342759,34.829793]]]}},{"type":"Feature","id":"37155:930679214300","properties":{"id":"37155:930679214300","parcelId":"930679214300","countyFips":"37155","countyName":"Robeson","state":"North Carolina","marketIds":["Wilmington"],"situsAddress":"RED HILL RD","situsCity":null,"situsZip":null,"jurisdictionCode":null,"ownerName":"BULLARD WENDELL","ownerName2":null,"propertyName":null,"zoningCode":null,"zoningDistrict":null,"jurisdictionPrefix":null,"dorCode":"V-80","acreage":110.4,"centroid":[-79.309803,34.763737],"lastSale":{"date":"2009-09-03","price":null,"qualified":null},"tax":{"marketValue":null,"assessedValue":null,"taxableValue":null,"taxes":null},"mailingAddress":{"line1":"1047 RED BANKS RD","line2":null,"city":"MAXTON","state":"NC","zip":"28364"},"incomeTract":null,"incomeBlockGroup":null,"nearestRoad":null,"flu":null,"opportunityZone":null,"oz2Eligibility":null,"source":"nc-robeson-parcels-37155","appraiserUrl":"https://www.ustaxdata.com/nc/robeson/account.cfm?parcelID=231701007","gisViewerUrl":"https://maps2.roktech.net/ROKMAPS_Robeson/"},"geometry":{"type":"Polygon","coordinates":[[[-79.305213,34.766274],[-79.305831,34.767467],[-79.306836,34.767081],[-79.313674,34.764642],[-79.313241,34.763669],[-79.313115,34.763342],[-79.312984,34.762868],[-79.312909,34.762379],[-79.312094,34.762383],[-79.310263,34.760708],[-79.308106,34.761302],[-79.303375,34.762727],[-79.305213,34.766274]]]}},{"type":"Feature","id":"37155:930902139700","properties":{"id":"37155:930902139700","parcelId":"930902139700","countyFips":"37155","countyName":"Robeson","state":"North Carolina","marketIds":["Wilmington"],"situsAddress":"1703 MCGIRT GIN RD","situsCity":null,"situsZip":null,"jurisdictionCode":null,"ownerName":"OXENDINE JAMES C & WF","ownerName2":"DEBRA S OXENDINE","propertyName":null,"zoningCode":null,"zoningDistrict":null,"jurisdictionPrefix":null,"dorCode":"D-71","acreage":6.1,"centroid":[-79.332438,34.827562],"lastSale":{"date":"2005-01-01","price":null,"qualified":null},"tax":{"marketValue":null,"assessedValue":null,"taxableValue":null,"taxes":null},"mailingAddress":{"line1":"1703 MCGIRT GIN ROAD","line2":null,"city":"MAXTON","state":"NC","zip":"28364"},"incomeTract":null,"incomeBlockGroup":null,"nearestRoad":null,"flu":null,"opportunityZone":null,"oz2Eligibility":null,"source":"nc-robeson-parcels-37155","appraiserUrl":"https://www.ustaxdata.com/nc/robeson/account.cfm?parcelID=23010100907","gisViewerUrl":"https://maps2.roktech.net/ROKMAPS_Robeson/"},"geometry":{"type":"Polygon","coordinates":[[[-79.331691,34.826958],[-79.331764,34.827146],[-79.332364,34.828681],[-79.333522,34.828373],[-79.332848,34.82665],[-79.331691,34.826958]]]}},{"type":"Feature","id":"37155:930703873300","properties":{"id":"37155:930703873300","parcelId":"930703873300","countyFips":"37155","countyName":"Robeson","state":"North Carolina","marketIds":["Wilmington"],"situsAddress":"265 MCGIRT RD","situsCity":null,"situsZip":null,"jurisdictionCode":null,"ownerName":"COUNTY OF ROBESON","ownerName2":null,"propertyName":null,"zoningCode":null,"zoningDistrict":null,"jurisdictionPrefix":null,"dorCode":"E-13","acreage":30.0,"centroid":[-79.331397,34.775978],"lastSale":{"date":"2008-10-16","price":null,"qualified":null},"tax":{"marketValue":null,"assessedValue":null,"taxableValue":null,"taxes":null},"mailingAddress":{"line1":"701 N ELM STREET","line2":null,"city":"LUMBERTON","state":"NC","zip":"28358"},"incomeTract":null,"incomeBlockGroup":null,"nearestRoad":null,"flu":null,"opportunityZone":null,"oz2Eligibility":null,"source":"nc-robeson-parcels-37155","appraiserUrl":"https://www.ustaxdata.com/nc/robeson/account.cfm?parcelID=11010200402","gisViewerUrl":"https://maps2.roktech.net/ROKMAPS_Robeson/"},"geometry":{"type":"Polygon","coordinates":[[[-79.333019,34.776341],[-79.332758,34.776276],[-79.332647,34.77626],[-79.332321,34.776289],[-79.332179,34.776377],[-79.33217,34.77653],[-79.33211,34.77657],[-79.33191,34.776644],[-79.331839,34.776625],[-79.331839,34.776595],[-79.331777,34.776488],[-79.331606,34.77641],[-79.331536,34.776463],[-79.33147,34.776471],[-79.331226,34.776412],[-79.331062,34.776341],[-79.33107,34.776292],[-79.331147,34.776252],[-79.331412,34.776309],[-79.33163,34.776321],[-79.331758,34.776301],[-79.331775,34.776231],[-79.331952,34.776151],[-79.332104,34.776031],[-79.332191,34.775925],[-79.332213,34.775851],[-79.332204,34.775707],[-79.332176,34.775661],[-79.332107,34.775586],[-79.331961,34.775491],[-79.33177,34.775477],[-79.331613,34.775509],[-79.331579,34.775608],[-79.331478,34.775575],[-79.331327,34.775567],[-79.331246,34.775448],[-79.331164,34.775455],[-79.331145,34.775432],[-79.331213,34.775303],[-79.33117,34.775221],[-79.331104,34.775237],[-79.331089,34.7752],[-79.331177,34.775014],[-79.331341,34.774859],[-79.331497,34.774783],[-79.331509,34.774722],[-79.331467,34.774622],[-79.331312,34.774542],[-79.331069,34.774583],[-79.330981,34.774582],[-79.330957,34.774564],[-79.330826,34.774333],[-79.330751,34.774047],[-79.330961,34.773723],[-79.330975,34.773636],[-79.331303,34.773315],[-79.330052,34.773795],[-79.329766,34.773949],[-79.329112,34.774204],[-79.329651,34.774576],[-79.329658,34.775088],[-79.329334,34.775694],[-79.328463,34.775884],[-79.328967,34.777238],[-79.328342,34.777396],[-79.328809,34.778635],[-79.327905,34.778856],[-79.327966,34.779016],[-79.330043,34.778509],[-79.331919,34.7771],[-79.331872,34.777064],[-79.331952,34.776974],[-79.331935,34.776902],[-79.331996,34.776842],[-79.332103,34.77684],[-79.332153,34.776821],[-79.332208,34.776767],[-79.332224,34.776832],[-79.33226,34.77685],[-79.332327,34.776841],[-79.332425,34.77678],[-79.332506,34.776823],[-79.33264,34.776781],[-79.332904,34.77681],[-79.332981,34.776811],[-79.333037,34.776789],[-79.33313,34.776571],[-79.333122,34.776507],[-79.333019,34.776341]]]}},{"type":"Feature","id":"37155:932746708200","properties":{"id":"37155:932746708200","parcelId":"932746708200","countyFips":"37155","countyName":"Robeson","state":"North Carolina","marketIds":["Wilmington"],"situsAddress":"885 HEZEKIAH RD","situsCity":null,"situsZip":null,"jurisdictionCode":null,"ownerName":"HUNT GURNEY & WF BESSIE","ownerName2":null,"propertyName":null,"zoningCode":null,"zoningDistrict":null,"jurisdictionPrefix":null,"dorCode":"V-20","acreage":24.46,"centroid":[-79.250309,34.782932],"lastSale":{"date":"2001-01-01","price":null,"qualified":null},"tax":{"marketValue":null,"assessedValue":null,"taxableValue":null,"taxes":null},"mailingAddress":{"line1":"885 HEZEKIAH RD","line2":null,"city":"PEMBROKE","state":"NC","zip":"28372"},"incomeTract":null,"incomeBlockGroup":null,"nearestRoad":null,"flu":null,"opportunityZone":null,"oz2Eligibility":null,"source":"nc-robeson-parcels-37155","appraiserUrl":"https://www.ustaxdata.com/nc/robeson/account.cfm?parcelID=23150100410A","gisViewerUrl":"https://maps2.roktech.net/ROKMAPS_Robeson/"},"geometry":{"type":"Polygon","coordinates":[[[-79.252024,34.781371],[-79.251864,34.781387],[-79.25111,34.781279],[-79.247645,34.783081],[-79.248348,34.783543],[-79.248929,34.783851],[-79.24936,34.784034],[-79.250855,34.784592],[-79.252642,34.783247],[-79.252024,34.781371]]]}},{"type":"Feature","id":"37155:931832555000","properties":{"id":"37155:931832555000","parcelId":"931832555000","countyFips":"37155","countyName":"Robeson","state":"North Carolina","marketIds":["Wilmington"],"situsAddress":"REVEREND BILL RD","situsCity":null,"situsZip":null,"jurisdictionCode":null,"ownerName":"HENDERSON G P JR ET AL","ownerName2":null,"propertyName":null,"zoningCode":null,"zoningDistrict":null,"jurisdictionPrefix":null,"dorCode":"V-40","acreage":143.0,"centroid":[-79.284686,34.807466],"lastSale":{"date":"2008-11-06","price":null,"qualified":null},"tax":{"marketValue":null,"assessedValue":null,"taxableValue":null,"taxes":null},"mailingAddress":{"line1":"115 HIGHLAND RD","line2":null,"city":"SOUTHERN PINES","state":"NC","zip":"28387"},"incomeTract":null,"incomeBlockGroup":null,"nearestRoad":null,"flu":null,"opportunityZone":null,"oz2Eligibility":null,"source":"nc-robeson-parcels-37155","appraiserUrl":"https://www.ustaxdata.com/nc/robeson/account.cfm?parcelID=230701036","gisViewerUrl":"https://maps2.roktech.net/ROKMAPS_Robeson/"},"geometry":{"type":"Polygon","coordinates":[[[-79.286501,34.804785],[-79.286835,34.804913],[-79.284314,34.807661],[-79.283935,34.80835],[-79.284201,34.808778],[-79.283918,34.809108],[-79.283886,34.809366],[-79.283472,34.809533],[-79.283353,34.810162],[-79.287445,34.808554],[-79.287489,34.807086],[-79.28759,34.805289],[-79.288868,34.805887],[-79.291478,34.802521],[-79.291335,34.80242],[-79.292282,34.801095],[-79.288181,34.796407],[-79.288718,34.796091],[-79.285884,34.793095],[-79.282985,34.795279],[-79.283589,34.796519],[-79.283969,34.797432],[-79.284854,34.798113],[-79.285272,34.798329],[-79.285562,34.798509],[-79.285808,34.798801],[-79.285977,34.799064],[-79.285973,34.799326],[-79.286156,34.799555],[-79.286462,34.799596],[-79.28671,34.799711],[-79.287124,34.799958],[-79.287311,34.800034],[-79.287374,34.800583],[-79.287848,34.800942],[-79.288008,34.80113],[-79.288084,34.801331],[-79.287954,34.801702],[-79.288085,34.802266],[-79.287728,34.802616],[-79.287573,34.802885],[-79.287202,34.80317],[-79.287099,34.803683],[-79.286782,34.804024],[-79.286998,34.804191],[-79.286501,34.804785]]]}},{"type":"Feature","id":"37155:839665092800","properties":{"id":"37155:839665092800","parcelId":"839665092800","countyFips":"37155","countyName":"Robeson","state":"North Carolina","marketIds":["Wilmington"],"situsAddress":"NC 71 HWY","situsCity":null,"situsZip":null,"jurisdictionCode":null,"ownerName":"PATTON SEED COMPANY","ownerName2":null,"propertyName":null,"zoningCode":null,"zoningDistrict":null,"jurisdictionPrefix":null,"dorCode":"V-10","acreage":17.57,"centroid":[-79.346821,34.754377],"lastSale":{"date":"2015-06-19","price":null,"qualified":null},"tax":{"marketValue":null,"assessedValue":null,"taxableValue":null,"taxes":null},"mailingAddress":{"line1":"P O BOX 217","line2":null,"city":"LAKELAND","state":"GA","zip":"31635"},"incomeTract":null,"incomeBlockGroup":null,"nearestRoad":null,"flu":null,"opportunityZone":null,"oz2Eligibility":null,"source":"nc-robeson-parcels-37155","appraiserUrl":"https://www.ustaxdata.com/nc/robeson/account.cfm?parcelID=11030100141B","gisViewerUrl":"https://maps2.roktech.net/ROKMAPS_Robeson/"},"geometry":{"type":"Polygon","coordinates":[[[-79.34462,34.755179],[-79.34671,34.757225],[-79.347544,34.756281],[-79.347702,34.754399],[-79.347286,34.754544],[-79.346904,34.75405],[-79.347291,34.753916],[-79.346769,34.752628],[-79.346643,34.752662],[-79.346745,34.752888],[-79.34462,34.755179]]]}},{"type":"Feature","id":"37155:930983137200","properties":{"id":"37155:930983137200","parcelId":"930983137200","countyFips":"37155","countyName":"Robeson","state":"North Carolina","marketIds":["Wilmington"],"situsAddress":"2777 MODEST RD","situsCity":null,"situsZip":null,"jurisdictionCode":null,"ownerName":"CHAVIS DELTON","ownerName2":null,"propertyName":null,"zoningCode":null,"zoningDistrict":null,"jurisdictionPrefix":null,"dorCode":"V-20","acreage":22.01,"centroid":[-79.305854,34.831046],"lastSale":{"date":"2004-01-01","price":null,"qualified":null},"tax":{"marketValue":null,"assessedValue":null,"taxableValue":null,"taxes":null},"mailingAddress":{"line1":"2777 MODEST RD","line2":null,"city":"MAXTON","state":"NC","zip":"28364"},"incomeTract":null,"incomeBlockGroup":null,"nearestRoad":null,"flu":null,"opportunityZone":null,"oz2Eligibility":null,"source":"nc-robeson-parcels-37155","appraiserUrl":"https://www.ustaxdata.com/nc/robeson/account.cfm?parcelID=23020100520","gisViewerUrl":"https://maps2.roktech.net/ROKMAPS_Robeson/"},"geometry":{"type":"Polygon","coordinates":[[[-79.304465,34.831767],[-79.304661,34.831729],[-79.306112,34.831681],[-79.306112,34.831581],[-79.306784,34.831631],[-79.30692,34.831263],[-79.307528,34.83135],[-79.308399,34.829804],[-79.304661,34.828696],[-79.304117,34.830958],[-79.30464,34.831044],[-79.304465,34.831767]]]}},{"type":"Feature","id":"37155:839982548400","properties":{"id":"37155:839982548400","parcelId":"839982548400","countyFips":"37155","countyName":"Robeson","state":"North Carolina","marketIds":["Wilmington"],"situsAddress":"1990 MCGIRT GIN RD","situsCity":null,"situsZip":null,"jurisdictionCode":null,"ownerName":"COOPER RUDINE BRYANT","ownerName2":null,"propertyName":null,"zoningCode":null,"zoningDistrict":null,"jurisdictionPrefix":null,"dorCode":"D-10","acreage":7.17,"centroid":[-79.337713,34.827913],"lastSale":{"date":"2004-01-01","price":null,"qualified":null},"tax":{"marketValue":null,"assessedValue":null,"taxableValue":null,"taxes":null},"mailingAddress":{"line1":"2033 MCGIRT GIN RD","line2":null,"city":"MAXTON","state":"NC","zip":"28364"},"incomeTract":null,"incomeBlockGroup":null,"nearestRoad":null,"flu":null,"opportunityZone":null,"oz2Eligibility":null,"source":"nc-robeson-parcels-37155","appraiserUrl":"https://www.ustaxdata.com/nc/robeson/account.cfm?parcelID=23010101307","gisViewerUrl":"https://maps2.roktech.net/ROKMAPS_Robeson/"},"geometry":{"type":"Polygon","coordinates":[[[-79.338125,34.828295],[-79.339067,34.828539],[-79.339283,34.827988],[-79.338239,34.82693],[-79.337156,34.827502],[-79.336788,34.827653],[-79.336397,34.827778],[-79.336311,34.828039],[-79.338047,34.828497],[-79.338125,34.828295]]]}},{"type":"Feature","id":"37155:931679780438","properties":{"id":"37155:931679780438","parcelId":"931679780438","countyFips":"37155","countyName":"Robeson","state":"North Carolina","marketIds":["Wilmington"],"situsAddress":"88 DOC HENDERSON RD","situsCity":null,"situsZip":null,"jurisdictionCode":null,"ownerName":"UNITED BY FAITH COMMUNITY","ownerName2":"MINISTRIES","propertyName":null,"zoningCode":null,"zoningDistrict":null,"jurisdictionPrefix":null,"dorCode":"E-10","acreage":91.61,"centroid":[-79.271344,34.764767],"lastSale":{"date":"2010-08-09","price":null,"qualified":null},"tax":{"marketValue":null,"assessedValue":null,"taxableValue":null,"taxes":null},"mailingAddress":{"line1":"C/O REV DELL HARRIS","line2":"445 ELIAS RD","city":"MAXTON","state":"NC","zip":"28364"},"incomeTract":null,"incomeBlockGroup":null,"nearestRoad":null,"flu":null,"opportunityZone":null,"oz2Eligibility":null,"source":"nc-robeson-parcels-37155","appraiserUrl":"https://www.ustaxdata.com/nc/robeson/account.cfm?parcelID=23140100401","gisViewerUrl":"https://maps2.roktech.net/ROKMAPS_Robeson/"},"geometry":{"type":"Polygon","coordinates":[[[-79.27058,34.764531],[-79.270097,34.765107],[-79.270469,34.765805],[-79.270555,34.766821],[-79.271553,34.768249],[-79.272498,34.768518],[-79.272521,34.769617],[-79.273357,34.771927],[-79.274921,34.771378],[-79.274872,34.771269],[-79.274902,34.771148],[-79.274841,34.770589],[-79.274252,34.770104],[-79.27416,34.769949],[-79.274211,34.769762],[-79.274489,34.769418],[-79.274896,34.768258],[-79.274569,34.767526],[-79.274225,34.767319],[-79.274191,34.766841],[-79.274043,34.766612],[-79.272673,34.765857],[-79.272362,34.765145],[-79.274864,34.76447],[-79.27639,34.765554],[-79.279064,34.765785],[-79.279355,34.765543],[-79.279392,34.765226],[-79.279532,34.764902],[-79.279855,34.765019],[-79.280339,34.764672],[-79.278791,34.763272],[-79.278695,34.763204],[-79.278391,34.763337],[-79.278057,34.763453],[-79.277727,34.763537],[-79.277388,34.763595],[-79.27702,34.763625],[-79.276615,34.763624],[-79.27631,34.763599],[-79.276007,34.763548],[-79.275426,34.763392],[-79.271236,34.761762],[-79.271185,34.762384],[-79.271199,34.76251],[-79.271303,34.762729],[-79.2713,34.762837],[-79.271265,34.762962],[-79.271145,34.763092],[-79.271103,34.763177],[-79.271096,34.763417],[-79.271044,34.763619],[-79.270737,34.76428],[-79.270653,34.764443],[-79.27058,34.764531]]]}},{"type":"Feature","id":"37155:930762525890","properties":{"id":"37155:930762525890","parcelId":"930762525890","countyFips":"37155","countyName":"Robeson","state":"North Carolina","marketIds":["Wilmington"],"situsAddress":"333 LUCAS LN","situsCity":null,"situsZip":null,"jurisdictionCode":null,"ownerName":"LUCAS MCDANIEL","ownerName2":null,"propertyName":null,"zoningCode":null,"zoningDistrict":null,"jurisdictionPrefix":null,"dorCode":"V-00","acreage":15.0,"centroid":[-79.310944,34.772577],"lastSale":{"date":"2016-03-24","price":null,"qualified":null},"tax":{"marketValue":null,"assessedValue":null,"taxableValue":null,"taxes":null},"mailingAddress":{"line1":"P O BOX 882","line2":null,"city":"PEMBROKE","state":"NC","zip":"28372"},"incomeTract":null,"incomeBlockGroup":null,"nearestRoad":null,"flu":null,"opportunityZone":null,"oz2Eligibility":null,"source":"nc-robeson-parcels-37155","appraiserUrl":"https://www.ustaxdata.com/nc/robeson/account.cfm?parcelID=231301023","gisViewerUrl":"https://maps2.roktech.net/ROKMAPS_Robeson/"},"geometry":{"type":"MultiPolygon","coordinates":[[[[-79.305398,34.774223],[-79.305625,34.774675],[-79.316481,34.770934],[-79.316273,34.770475],[-79.305398,34.774223]]],[[[-79.316506,34.770518],[-79.316611,34.770747],[-79.316666,34.770873],[-79.317207,34.770641],[-79.317163,34.770338],[-79.316506,34.770518]]]]}},{"type":"Feature","id":"37155:932719822796","properties":{"id":"37155:932719822796","parcelId":"932719822796","countyFips":"37155","countyName":"Robeson","state":"North Carolina","marketIds":["Wilmington"],"situsAddress":"NC 71 HWY","situsCity":null,"situsZip":null,"jurisdictionCode":null,"ownerName":"JACOBS ARLIE","ownerName2":null,"propertyName":null,"zoningCode":null,"zoningDistrict":null,"jurisdictionPrefix":null,"dorCode":"V-10","acreage":8.83,"centroid":[-79.260577,34.791838],"lastSale":{"date":"2015-01-23","price":null,"qualified":null},"tax":{"marketValue":null,"assessedValue":null,"taxableValue":null,"taxes":null},"mailingAddress":{"line1":"3080 MCQUEEN RD","line2":null,"city":"RED SPRINGS","state":"NC","zip":"28377"},"incomeTract":null,"incomeBlockGroup":null,"nearestRoad":null,"flu":null,"opportunityZone":null,"oz2Eligibility":null,"source":"nc-robeson-parcels-37155","appraiserUrl":"https://www.ustaxdata.com/nc/robeson/account.cfm?parcelID=23110100302","gisViewerUrl":"https://maps2.roktech.net/ROKMAPS_Robeson/"},"geometry":{"type":"Polygon","coordinates":[[[-79.259455,34.791618],[-79.258383,34.791871],[-79.258429,34.792003],[-79.258459,34.791996],[-79.259143,34.792801],[-79.26004,34.79242],[-79.260517,34.792256],[-79.26106,34.792127],[-79.261762,34.792026],[-79.26182,34.791781],[-79.262261,34.791603],[-79.262226,34.791182],[-79.262231,34.7911],[-79.262293,34.790948],[-79.259455,34.791618]]]}},{"type":"Feature","id":"37155:839674755800","properties":{"id":"37155:839674755800","parcelId":"839674755800","countyFips":"37155","countyName":"Robeson","state":"North Carolina","marketIds":["Wilmington"],"situsAddress":"204 NC 71","situsCity":null,"situsZip":null,"jurisdictionCode":null,"ownerName":"CHAVIS FITZGERALD &","ownerName2":"CHAVIS DEXDERAL","propertyName":null,"zoningCode":null,"zoningDistrict":null,"jurisdictionPrefix":null,"dorCode":"C-80","acreage":7.66,"centroid":[-79.341081,34.75143],"lastSale":{"date":"2007-02-20","price":null,"qualified":null},"tax":{"marketValue":null,"assessedValue":null,"taxableValue":null,"taxes":null},"mailingAddress":{"line1":"PO BOX 568","line2":null,"city":"MAXTON","state":"NC","zip":"28364"},"incomeTract":null,"incomeBlockGroup":null,"nearestRoad":null,"flu":null,"opportunityZone":null,"oz2Eligibility":null,"source":"nc-robeson-parcels-37155","appraiserUrl":"https://www.ustaxdata.com/nc/robeson/account.cfm?parcelID=11030103201A","gisViewerUrl":"https://maps2.roktech.net/ROKMAPS_Robeson/"},"geometry":{"type":"Polygon","coordinates":[[[-79.338609,34.751285],[-79.342006,34.752192],[-79.342143,34.751793],[-79.342117,34.751507],[-79.342195,34.751274],[-79.339415,34.750527],[-79.338609,34.751285]]]}},{"type":"Feature","id":"37155:931779915100","properties":{"id":"37155:931779915100","parcelId":"931779915100","countyFips":"37155","countyName":"Robeson","state":"North Carolina","marketIds":["Wilmington"],"situsAddress":"5480 NC 71 HWY","situsCity":null,"situsZip":null,"jurisdictionCode":null,"ownerName":"ABENDROTH ERIC R & WF","ownerName2":"ABENDROTH AMY","propertyName":null,"zoningCode":null,"zoningDistrict":null,"jurisdictionPrefix":null,"dorCode":"D-10","acreage":5.16,"centroid":[-79.273386,34.791222],"lastSale":{"date":"2016-04-08","price":null,"qualified":null},"tax":{"marketValue":null,"assessedValue":null,"taxableValue":null,"taxes":null},"mailingAddress":{"line1":"5480 NC HWY 71","line2":null,"city":"MAXTON","state":"NC","zip":"28364"},"incomeTract":null,"incomeBlockGroup":null,"nearestRoad":null,"flu":null,"opportunityZone":null,"oz2Eligibility":null,"source":"nc-robeson-parcels-37155","appraiserUrl":"https://www.ustaxdata.com/nc/robeson/account.cfm?parcelID=23100101302B","gisViewerUrl":"https://maps2.roktech.net/ROKMAPS_Robeson/"},"geometry":{"type":"Polygon","coordinates":[[[-79.273672,34.79243],[-79.273978,34.789894],[-79.273847,34.789947],[-79.272568,34.791451],[-79.272867,34.792389],[-79.273672,34.79243]]]}},{"type":"Feature","id":"37155:932814709636","properties":{"id":"37155:932814709636","parcelId":"932814709636","countyFips":"37155","countyName":"Robeson","state":"North Carolina","marketIds":["Wilmington"],"situsAddress":"OXENDINE SCHOOL RD","situsCity":null,"situsZip":null,"jurisdictionCode":null,"ownerName":"CHEROKEE CHAPEL HOLINESS","ownerName2":"METHODIST CHURCH","propertyName":null,"zoningCode":null,"zoningDistrict":null,"jurisdictionPrefix":null,"dorCode":"E-10","acreage":8.42,"centroid":[-79.260294,34.804893],"lastSale":{"date":"2014-06-26","price":null,"qualified":null},"tax":{"marketValue":null,"assessedValue":null,"taxableValue":null,"taxes":null},"mailingAddress":{"line1":"5739 OXENDINE SCHOOL RD","line2":null,"city":"MAXTON","state":"NC","zip":"28364"},"incomeTract":null,"incomeBlockGroup":null,"nearestRoad":null,"flu":null,"opportunityZone":null,"oz2Eligibility":null,"source":"nc-robeson-parcels-37155","appraiserUrl":"https://www.ustaxdata.com/nc/robeson/account.cfm?parcelID=23070103302","gisViewerUrl":"https://maps2.roktech.net/ROKMAPS_Robeson/"},"geometry":{"type":"Polygon","coordinates":[[[-79.26015,34.804079],[-79.259932,34.80571],[-79.259144,34.805812],[-79.259225,34.806301],[-79.26126,34.806062],[-79.26117,34.803297],[-79.261174,34.802992],[-79.26015,34.804079]]]}},{"type":"Feature","id":"37155:932609837600","properties":{"id":"37155:932609837600","parcelId":"932609837600","countyFips":"37155","countyName":"Robeson","state":"North Carolina","marketIds":["Wilmington"],"situsAddress":"5013 PRESTON RD","situsCity":null,"situsZip":null,"jurisdictionCode":null,"ownerName":"BUIE ALBERT FRANKLIN JR &","ownerName2":"BUIE RICHARD NEIL","propertyName":null,"zoningCode":null,"zoningDistrict":null,"jurisdictionPrefix":null,"dorCode":"A-40","acreage":82.0,"centroid":[-79.260714,34.763493],"lastSale":{"date":"2015-12-30","price":null,"qualified":null},"tax":{"marketValue":null,"assessedValue":null,"taxableValue":null,"taxes":null},"mailingAddress":{"line1":"5013 PRESTON RD","line2":null,"city":"MAXTON","state":"NC","zip":"28364"},"incomeTract":null,"incomeBlockGroup":null,"nearestRoad":null,"flu":null,"opportunityZone":null,"oz2Eligibility":null,"source":"nc-robeson-parcels-37155","appraiserUrl":"https://www.ustaxdata.com/nc/robeson/account.cfm?parcelID=231401015","gisViewerUrl":"https://maps2.roktech.net/ROKMAPS_Robeson/"},"geometry":{"type":"MultiPolygon","coordinates":[[[[-79.261043,34.762177],[-79.260859,34.762242],[-79.259795,34.762629],[-79.259407,34.762793],[-79.258889,34.763072],[-79.258456,34.763376],[-79.259103,34.764042],[-79.259934,34.764368],[-79.260686,34.764763],[-79.263866,34.766208],[-79.265402,34.7641],[-79.261126,34.762147],[-79.261043,34.762177]]],[[[-79.265435,34.764376],[-79.265225,34.764665],[-79.263959,34.766399],[-79.264636,34.767114],[-79.264811,34.767243],[-79.265374,34.767506],[-79.265634,34.767545],[-79.265619,34.767591],[-79.266388,34.767775],[-79.268276,34.768195],[-79.268491,34.76749],[-79.26918,34.766341],[-79.269538,34.765989],[-79.265577,34.76418],[-79.265435,34.764376]]],[[[-79.257848,34.762715],[-79.257919,34.762866],[-79.258317,34.763257],[-79.25877,34.76294],[-79.259308,34.76265],[-79.259711,34.762479],[-79.260906,34.762046],[-79.259521,34.761413],[-79.257848,34.762715]]]]}},{"type":"Feature","id":"37155:930897465500","properties":{"id":"37155:930897465500","parcelId":"930897465500","countyFips":"37155","countyName":"Robeson","state":"North Carolina","marketIds":["Wilmington"],"situsAddress":"599 BASKET DR","situsCity":null,"situsZip":null,"jurisdictionCode":null,"ownerName":"HOLT TERRY G","ownerName2":null,"propertyName":null,"zoningCode":null,"zoningDistrict":null,"jurisdictionPrefix":null,"dorCode":"A-80","acreage":20.95,"centroid":[-79.301069,34.814719],"lastSale":{"date":"2005-12-28","price":null,"qualified":null},"tax":{"marketValue":null,"assessedValue":null,"taxableValue":null,"taxes":null},"mailingAddress":{"line1":"PO BOX 395","line2":null,"city":"MAXTON","state":"NC","zip":"28364"},"incomeTract":null,"incomeBlockGroup":null,"nearestRoad":null,"flu":null,"opportunityZone":null,"oz2Eligibility":null,"source":"nc-robeson-parcels-37155","appraiserUrl":"https://www.ustaxdata.com/nc/robeson/account.cfm?parcelID=230601006","gisViewerUrl":"https://maps2.roktech.net/ROKMAPS_Robeson/"},"geometry":{"type":"Polygon","coordinates":[[[-79.300104,34.815489],[-79.300095,34.815613],[-79.300057,34.816142],[-79.3029,34.81624],[-79.30294,34.81583],[-79.303717,34.814053],[-79.300685,34.813044],[-79.30048,34.813569],[-79.300356,34.81356],[-79.300229,34.814183],[-79.300199,34.814184],[-79.300104,34.815489]]]}},{"type":"Feature","id":"37155:932615235400","properties":{"id":"37155:932615235400","parcelId":"932615235400","countyFips":"37155","countyName":"Robeson","state":"North Carolina","marketIds":["Wilmington"],"situsAddress":"LACY RD","situsCity":null,"situsZip":null,"jurisdictionCode":null,"ownerName":"COLLINS JEFF & ET ALS","ownerName2":null,"propertyName":null,"zoningCode":null,"zoningDistrict":null,"jurisdictionPrefix":null,"dorCode":"V-10","acreage":10.0,"centroid":[-79.262121,34.753555],"lastSale":{"date":"2010-02-26","price":null,"qualified":null},"tax":{"marketValue":null,"assessedValue":null,"taxableValue":null,"taxes":null},"mailingAddress":{"line1":"708 LACY RD","line2":null,"city":"MAXTON","state":"NC","zip":"28364"},"incomeTract":null,"incomeBlockGroup":null,"nearestRoad":null,"flu":null,"opportunityZone":null,"oz2Eligibility":null,"source":"nc-robeson-parcels-37155","appraiserUrl":"https://www.ustaxdata.com/nc/robeson/account.cfm?parcelID=231801013","gisViewerUrl":"https://maps2.roktech.net/ROKMAPS_Robeson/"},"geometry":{"type":"Polygon","coordinates":[[[-79.262935,34.754668],[-79.26316,34.75479],[-79.264021,34.753734],[-79.263805,34.753292],[-79.261491,34.752938],[-79.259826,34.752604],[-79.25961,34.752861],[-79.262935,34.754668]]]}},{"type":"Feature","id":"37155:930750115500","properties":{"id":"37155:930750115500","parcelId":"930750115500","countyFips":"37155","countyName":"Robeson","state":"North Carolina","marketIds":["Wilmington"],"situsAddress":"4873 RED HILL RD","situsCity":null,"situsZip":null,"jurisdictionCode":null,"ownerName":"LOCKLEAR LAMON & WF","ownerName2":"LOCKLEAR ANNIE","propertyName":null,"zoningCode":null,"zoningDistrict":null,"jurisdictionPrefix":null,"dorCode":"D-10","acreage":5.5,"centroid":[-79.315719,34.766709],"lastSale":{"date":"2004-01-01","price":null,"qualified":null},"tax":{"marketValue":null,"assessedValue":null,"taxableValue":null,"taxes":null},"mailingAddress":{"line1":"4873 RED HILL RD","line2":null,"city":"MAXTON","state":"NC","zip":"28364"},"incomeTract":null,"incomeBlockGroup":null,"nearestRoad":null,"flu":null,"opportunityZone":null,"oz2Eligibility":null,"source":"nc-robeson-parcels-37155","appraiserUrl":"https://www.ustaxdata.com/nc/robeson/account.cfm?parcelID=110202027","gisViewerUrl":"https://maps2.roktech.net/ROKMAPS_Robeson/"},"geometry":{"type":"Polygon","coordinates":[[[-79.31592,34.767192],[-79.316009,34.767395],[-79.316712,34.7672],[-79.316392,34.765534],[-79.315315,34.765929],[-79.315516,34.766377],[-79.314782,34.766642],[-79.315018,34.767173],[-79.315807,34.766935],[-79.31592,34.767192]]]}},{"type":"Feature","id":"37155:931625904600","properties":{"id":"37155:931625904600","parcelId":"931625904600","countyFips":"37155","countyName":"Robeson","state":"North Carolina","marketIds":["Wilmington"],"situsAddress":"195 GREY EAGLE DR","situsCity":null,"situsZip":null,"jurisdictionCode":null,"ownerName":"CHAVIS SHERLENE B & KIMBERLY B","ownerName2":"CAROL B COLLINS & LAURIE JACOB","propertyName":null,"zoningCode":null,"zoningDistrict":null,"jurisdictionPrefix":null,"dorCode":"V-00","acreage":6.21,"centroid":[-79.289616,34.752853],"lastSale":{"date":"2008-06-27","price":null,"qualified":null},"tax":{"marketValue":null,"assessedValue":null,"taxableValue":null,"taxes":null},"mailingAddress":{"line1":"195 GREY EAGLE DR","line2":null,"city":"MAXTON","state":"NC","zip":"28364"},"incomeTract":null,"incomeBlockGroup":null,"nearestRoad":null,"flu":null,"opportunityZone":null,"oz2Eligibility":null,"source":"nc-robeson-parcels-37155","appraiserUrl":"https://www.ustaxdata.com/nc/robeson/account.cfm?parcelID=23170101503C","gisViewerUrl":"https://maps2.roktech.net/ROKMAPS_Robeson/"},"geometry":{"type":"Polygon","coordinates":[[[-79.288411,34.752912],[-79.289323,34.753011],[-79.289679,34.752879],[-79.289764,34.753487],[-79.291295,34.753341],[-79.290398,34.752064],[-79.288442,34.752277],[-79.288411,34.752912]]]}},{"type":"Feature","id":"37155:932714855100","properties":{"id":"37155:932714855100","parcelId":"932714855100","countyFips":"37155","countyName":"Robeson","state":"North Carolina","marketIds":["Wilmington"],"situsAddress":"5979 PRESTON RD","situsCity":null,"situsZip":null,"jurisdictionCode":null,"ownerName":"JONES HAZEL L & HSB MCKINLEY","ownerName2":null,"propertyName":null,"zoningCode":null,"zoningDistrict":null,"jurisdictionPrefix":null,"dorCode":"V-80","acreage":9.4,"centroid":[-79.259645,34.778604],"lastSale":{"date":"2004-01-01","price":null,"qualified":null},"tax":{"marketValue":null,"assessedValue":null,"taxableValue":null,"taxes":null},"mailingAddress":{"line1":"5979 PRESTON RD","line2":null,"city":"RED SPRINGS","state":"NC","zip":"28377"},"incomeTract":null,"incomeBlockGroup":null,"nearestRoad":null,"flu":null,"opportunityZone":null,"oz2Eligibility":null,"source":"nc-robeson-parcels-37155","appraiserUrl":"https://www.ustaxdata.com/nc/robeson/account.cfm?parcelID=231501003","gisViewerUrl":"https://maps2.roktech.net/ROKMAPS_Robeson/"},"geometry":{"type":"Polygon","coordinates":[[[-79.262524,34.779323],[-79.265581,34.779467],[-79.265602,34.779174],[-79.26158,34.778985],[-79.25902,34.778096],[-79.258969,34.778133],[-79.257603,34.778339],[-79.25713,34.778115],[-79.256834,34.778154],[-79.256161,34.778118],[-79.256119,34.778612],[-79.258612,34.77873],[-79.262524,34.779323]]]}},{"type":"Feature","id":"37155:931823070500","properties":{"id":"37155:931823070500","parcelId":"931823070500","countyFips":"37155","countyName":"Robeson","state":"North Carolina","marketIds":["Wilmington"],"situsAddress":"OXENDINE SCHOOL RD","situsCity":null,"situsZip":null,"jurisdictionCode":null,"ownerName":"RADFORD MICHELL WAYNE ET UX","ownerName2":"RADFORD SUSAN FAYE","propertyName":null,"zoningCode":null,"zoningDistrict":null,"jurisdictionPrefix":null,"dorCode":"V-00","acreage":10.21,"centroid":[-79.294028,34.804717],"lastSale":{"date":"2009-06-02","price":null,"qualified":null},"tax":{"marketValue":null,"assessedValue":null,"taxableValue":null,"taxes":null},"mailingAddress":{"line1":"P O BOX 803","line2":null,"city":"MAXTON","state":"NC","zip":"28364"},"incomeTract":null,"incomeBlockGroup":null,"nearestRoad":null,"flu":null,"opportunityZone":null,"oz2Eligibility":null,"source":"nc-robeson-parcels-37155","appraiserUrl":"https://www.ustaxdata.com/nc/robeson/account.cfm?parcelID=23070100108","gisViewerUrl":"https://maps2.roktech.net/ROKMAPS_Robeson/"},"geometry":{"type":"Polygon","coordinates":[[[-79.294777,34.805621],[-79.29533,34.805973],[-79.295604,34.805651],[-79.294885,34.805195],[-79.295161,34.804867],[-79.291478,34.802521],[-79.290959,34.803194],[-79.294777,34.805621]]]}},{"type":"Feature","id":"37155:932615763200","properties":{"id":"37155:932615763200","parcelId":"932615763200","countyFips":"37155","countyName":"Robeson","state":"North Carolina","marketIds":["Wilmington"],"situsAddress":"1038 CARTER RD","situsCity":null,"situsZip":null,"jurisdictionCode":null,"ownerName":"LOCKLEAR REMONA","ownerName2":null,"propertyName":null,"zoningCode":null,"zoningDistrict":null,"jurisdictionPrefix":null,"dorCode":"A-20","acreage":28.0,"centroid":[-79.261055,34.754031],"lastSale":{"date":"2012-08-28","price":null,"qualified":null},"tax":{"marketValue":null,"assessedValue":null,"taxableValue":null,"taxes":null},"mailingAddress":{"line1":"3993 MISSOURI RD","line2":null,"city":"MAXTON","state":"NC","zip":"28364"},"incomeTract":null,"incomeBlockGroup":null,"nearestRoad":null,"flu":null,"opportunityZone":null,"oz2Eligibility":null,"source":"nc-robeson-parcels-37155","appraiserUrl":"https://www.ustaxdata.com/nc/robeson/account.cfm?parcelID=231801015","gisViewerUrl":"https://maps2.roktech.net/ROKMAPS_Robeson/"},"geometry":{"type":"Polygon","coordinates":[[[-79.259969,34.75186],[-79.257299,34.753174],[-79.25935,34.75503],[-79.262815,34.756189],[-79.264799,34.755725],[-79.263476,34.754971],[-79.262914,34.756071],[-79.262324,34.755866],[-79.262935,34.754668],[-79.25961,34.752861],[-79.259826,34.752604],[-79.259785,34.752526],[-79.259807,34.752468],[-79.259865,34.752419],[-79.259969,34.75186]]]}},{"type":"Feature","id":"37155:930853122000","properties":{"id":"37155:930853122000","parcelId":"930853122000","countyFips":"37155","countyName":"Robeson","state":"North Carolina","marketIds":["Wilmington"],"situsAddress":"2740 NC 71 HWY","situsCity":null,"situsZip":null,"jurisdictionCode":null,"ownerName":"CARTER KATHLEEN H & ET ALS","ownerName2":null,"propertyName":null,"zoningCode":null,"zoningDistrict":null,"jurisdictionPrefix":null,"dorCode":"A-80","acreage":43.84,"centroid":[-79.318892,34.806711],"lastSale":{"date":"2006-12-29","price":null,"qualified":null},"tax":{"marketValue":null,"assessedValue":null,"taxableValue":null,"taxes":null},"mailingAddress":{"line1":"142 PARKWOOD DRIVE","line2":null,"city":"WILMINGTON","state":"NC","zip":"28409"},"incomeTract":null,"incomeBlockGroup":null,"nearestRoad":null,"flu":null,"opportunityZone":null,"oz2Eligibility":null,"source":"nc-robeson-parcels-37155","appraiserUrl":"https://www.ustaxdata.com/nc/robeson/account.cfm?parcelID=23090100503","gisViewerUrl":"https://maps2.roktech.net/ROKMAPS_Robeson/"},"geometry":{"type":"Polygon","coordinates":[[[-79.316203,34.80549],[-79.319739,34.807593],[-79.315698,34.800589],[-79.316766,34.800142],[-79.315713,34.798479],[-79.312017,34.802172],[-79.312914,34.802781],[-79.313321,34.80235],[-79.31382,34.80172],[-79.314967,34.801945],[-79.316634,34.803782],[-79.314962,34.804744],[-79.316142,34.804233],[-79.316637,34.804531],[-79.316141,34.805098],[-79.316407,34.805256],[-79.316203,34.80549]]]}},{"type":"Feature","id":"37155:930634178300","properties":{"id":"37155:930634178300","parcelId":"930634178300","countyFips":"37155","countyName":"Robeson","state":"North Carolina","marketIds":["Wilmington"],"situsAddress":"COREY RD","situsCity":null,"situsZip":null,"jurisdictionCode":null,"ownerName":"BARTON KATIE L","ownerName2":"C/O JAMES RAY LOCKLEAR","propertyName":null,"zoningCode":null,"zoningDistrict":null,"jurisdictionPrefix":null,"dorCode":"C-30","acreage":7.85,"centroid":[-79.322838,34.751887],"lastSale":{"date":"2005-01-01","price":null,"qualified":null},"tax":{"marketValue":null,"assessedValue":null,"taxableValue":null,"taxes":null},"mailingAddress":{"line1":"116 CHERUN RD","line2":null,"city":"MAXTON","state":"NC","zip":"28364"},"incomeTract":null,"incomeBlockGroup":null,"nearestRoad":null,"flu":null,"opportunityZone":null,"oz2Eligibility":null,"source":"nc-robeson-parcels-37155","appraiserUrl":"https://www.ustaxdata.com/nc/robeson/account.cfm?parcelID=110302056","gisViewerUrl":"https://maps2.roktech.net/ROKMAPS_Robeson/"},"geometry":{"type":"Polygon","coordinates":[[[-79.323661,34.753021],[-79.324256,34.753197],[-79.324229,34.752984],[-79.324164,34.752811],[-79.324025,34.75265],[-79.323827,34.752498],[-79.323801,34.752421],[-79.323736,34.752404],[-79.323695,34.752325],[-79.323653,34.752306],[-79.323604,34.752308],[-79.323581,34.752281],[-79.323524,34.752266],[-79.323483,34.75229],[-79.323457,34.752328],[-79.323486,34.752417],[-79.32346,34.752432],[-79.323398,34.752426],[-79.323351,34.752362],[-79.323271,34.752341],[-79.323064,34.752146],[-79.323017,34.752056],[-79.323078,34.751939],[-79.323055,34.751884],[-79.322975,34.751822],[-79.322936,34.751763],[-79.322889,34.751754],[-79.322786,34.751825],[-79.322652,34.751845],[-79.322523,34.751953],[-79.322425,34.751975],[-79.322407,34.752013],[-79.322317,34.751999],[-79.322229,34.75208],[-79.322033,34.75221],[-79.32201,34.752253],[-79.321892,34.752258],[-79.321889,34.752228],[-79.322069,34.752146],[-79.322134,34.752048],[-79.322193,34.752029],[-79.322206,34.751988],[-79.322415,34.751911],[-79.322853,34.751669],[-79.322928,34.751667],[-79.323111,34.751747],[-79.323248,34.751766],[-79.323354,34.75174],[-79.32365,34.751616],[-79.323813,34.751735],[-79.32394,34.751752],[-79.32411,34.751715],[-79.324208,34.751606],[-79.32422,34.751481],[-79.324189,34.751372],[-79.324095,34.751298],[-79.323896,34.751252],[-79.323837,34.751259],[-79.323811,34.751291],[-79.32377,34.75124],[-79.323653,34.751202],[-79.323433,34.750928],[-79.323491,34.750758],[-79.323589,34.750704],[-79.323602,34.750623],[-79.323692,34.750578],[-79.321714,34.751212],[-79.32188,34.751594],[-79.32142,34.75173],[-79.321573,34.752112],[-79.321633,34.752421],[-79.323661,34.753021]]]}},{"type":"Feature","id":"37155:932818620200","properties":{"id":"37155:932818620200","parcelId":"932818620200","countyFips":"37155","countyName":"Robeson","state":"North Carolina","marketIds":["Wilmington"],"situsAddress":"4837 MT ZION CHURCH RD","situsCity":null,"situsZip":null,"jurisdictionCode":null,"ownerName":"BULLARD HELEN T","ownerName2":null,"propertyName":null,"zoningCode":null,"zoningDistrict":null,"jurisdictionPrefix":null,"dorCode":"V-40","acreage":99.44,"centroid":[-79.262773,34.81703],"lastSale":{"date":"2011-01-03","price":null,"qualified":null},"tax":{"marketValue":null,"assessedValue":null,"taxableValue":null,"taxes":null},"mailingAddress":{"line1":"4837 MT ZION CHURCH RD","line2":null,"city":"MAXTON","state":"NC","zip":"28364"},"incomeTract":null,"incomeBlockGroup":null,"nearestRoad":null,"flu":null,"opportunityZone":null,"oz2Eligibility":null,"source":"nc-robeson-parcels-37155","appraiserUrl":"https://www.ustaxdata.com/nc/robeson/account.cfm?parcelID=23030100219","gisViewerUrl":"https://maps2.roktech.net/ROKMAPS_Robeson/"},"geometry":{"type":"Polygon","coordinates":[[[-79.260243,34.81944],[-79.2653,34.820137],[-79.265432,34.81846],[-79.265162,34.818347],[-79.265128,34.818034],[-79.263879,34.817325],[-79.262948,34.815727],[-79.263272,34.81433],[-79.263488,34.813866],[-79.258658,34.812668],[-79.256992,34.818992],[-79.260243,34.81944]]]}},{"type":"Feature","id":"37155:930666224200","properties":{"id":"37155:930666224200","parcelId":"930666224200","countyFips":"37155","countyName":"Robeson","state":"North Carolina","marketIds":["Wilmington"],"situsAddress":"4083 RED HILL RD","situsCity":null,"situsZip":null,"jurisdictionCode":null,"ownerName":"STRONG DAVID & WF","ownerName2":"STRONG LORI","propertyName":null,"zoningCode":null,"zoningDistrict":null,"jurisdictionPrefix":null,"dorCode":"C-92","acreage":5.32,"centroid":[-79.312081,34.755716],"lastSale":{"date":"2006-05-23","price":null,"qualified":null},"tax":{"marketValue":null,"assessedValue":null,"taxableValue":null,"taxes":null},"mailingAddress":{"line1":"723 BRYANT CIRCLE","line2":null,"city":"MAXTON","state":"NC","zip":"28364"},"incomeTract":null,"incomeBlockGroup":null,"nearestRoad":null,"flu":null,"opportunityZone":null,"oz2Eligibility":null,"source":"nc-robeson-parcels-37155","appraiserUrl":"https://www.ustaxdata.com/nc/robeson/account.cfm?parcelID=23170100904","gisViewerUrl":"https://maps2.roktech.net/ROKMAPS_Robeson/"},"geometry":{"type":"Polygon","coordinates":[[[-79.311434,34.754818],[-79.311495,34.755008],[-79.312181,34.757135],[-79.31286,34.757015],[-79.312437,34.754602],[-79.311434,34.754818]]]}},{"type":"Feature","id":"37155:839940112313","properties":{"id":"37155:839940112313","parcelId":"839940112313","countyFips":"37155","countyName":"Robeson","state":"North Carolina","marketIds":["Wilmington"],"situsAddress":"2848 MCGIRT GIN RD","situsCity":null,"situsZip":null,"jurisdictionCode":null,"ownerName":"LOCKLEAR ERNEST","ownerName2":null,"propertyName":null,"zoningCode":null,"zoningDistrict":null,"jurisdictionPrefix":null,"dorCode":"V-10","acreage":15.2,"centroid":[-79.353381,34.821625],"lastSale":{"date":"2005-05-31","price":null,"qualified":null},"tax":{"marketValue":null,"assessedValue":null,"taxableValue":null,"taxes":null},"mailingAddress":{"line1":"2878 MCGIRT GIN RD","line2":null,"city":"MAXTON","state":"NC","zip":"28364"},"incomeTract":null,"incomeBlockGroup":null,"nearestRoad":null,"flu":null,"opportunityZone":null,"oz2Eligibility":null,"source":"nc-robeson-parcels-37155","appraiserUrl":"https://www.ustaxdata.com/nc/robeson/account.cfm?parcelID=23050100112","gisViewerUrl":"https://maps2.roktech.net/ROKMAPS_Robeson/"},"geometry":{"type":"Polygon","coordinates":[[[-79.350645,34.821288],[-79.351083,34.821603],[-79.354313,34.822617],[-79.354653,34.822435],[-79.354832,34.822366],[-79.355003,34.82239],[-79.355318,34.822503],[-79.355386,34.822477],[-79.355425,34.822386],[-79.355396,34.822303],[-79.355251,34.82229],[-79.355105,34.822095],[-79.355176,34.821936],[-79.355387,34.821871],[-79.355494,34.821904],[-79.35541,34.821833],[-79.352666,34.820564],[-79.352138,34.820949],[-79.351107,34.820472],[-79.350696,34.81998],[-79.349654,34.820574],[-79.349846,34.820712],[-79.350199,34.820456],[-79.350966,34.821007],[-79.350645,34.821288]]]}},{"type":"Feature","id":"37155:839854790900","properties":{"id":"37155:839854790900","parcelId":"839854790900","countyFips":"37155","countyName":"Robeson","state":"North Carolina","marketIds":["Wilmington"],"situsAddress":"2731 MCGIRT RD","situsCity":null,"situsZip":null,"jurisdictionCode":null,"ownerName":"LEMONDS ROBERT C","ownerName2":"LEMONDS PEARL    WF","propertyName":null,"zoningCode":null,"zoningDistrict":null,"jurisdictionPrefix":null,"dorCode":"A-80","acreage":42.93,"centroid":[-79.349242,34.806346],"lastSale":{"date":"1999-01-01","price":null,"qualified":null},"tax":{"marketValue":null,"assessedValue":null,"taxableValue":null,"taxes":null},"mailingAddress":{"line1":"109 LEMONDS FARM RD","line2":null,"city":"MAXTON","state":"NC","zip":"28364"},"incomeTract":null,"incomeBlockGroup":null,"nearestRoad":null,"flu":null,"opportunityZone":null,"oz2Eligibility":null,"source":"nc-robeson-parcels-37155","appraiserUrl":"https://www.ustaxdata.com/nc/robeson/account.cfm?parcelID=230501007","gisViewerUrl":"https://maps2.roktech.net/ROKMAPS_Robeson/"},"geometry":{"type":"Polygon","coordinates":[[[-79.3448,34.807534],[-79.344868,34.807713],[-79.345772,34.810043],[-79.347404,34.809691],[-79.347846,34.808939],[-79.348846,34.808718],[-79.348826,34.808691],[-79.348889,34.808519],[-79.34923,34.808219],[-79.349294,34.808254],[-79.349539,34.808059],[-79.349554,34.807936],[-79.349532,34.8078],[-79.349462,34.807628],[-79.349024,34.807479],[-79.348922,34.807387],[-79.348878,34.807207],[-79.348926,34.80715],[-79.349187,34.806971],[-79.349286,34.806855],[-79.349304,34.806699],[-79.349287,34.806669],[-79.349197,34.806687],[-79.349144,34.806748],[-79.349092,34.80677],[-79.349065,34.806752],[-79.349116,34.806652],[-79.349212,34.806541],[-79.349174,34.806453],[-79.349435,34.806232],[-79.349472,34.806206],[-79.349531,34.806219],[-79.349772,34.806408],[-79.349831,34.806425],[-79.349858,34.806407],[-79.349916,34.806297],[-79.349942,34.806103],[-79.349899,34.80602],[-79.349776,34.805937],[-79.349588,34.805743],[-79.34954,34.805752],[-79.349502,34.805708],[-79.349603,34.805589],[-79.349688,34.805412],[-79.349747,34.805368],[-79.35004,34.805341],[-79.350088,34.805314],[-79.350115,34.805248],[-79.350114,34.805204],[-79.350072,34.805187],[-79.349933,34.805214],[-79.349896,34.80524],[-79.349896,34.805293],[-79.349874,34.805302],[-79.349794,34.805284],[-79.34966,34.805166],[-79.3495,34.805074],[-79.349376,34.804925],[-79.349391,34.804705],[-79.349476,34.804559],[-79.349593,34.804515],[-79.349598,34.804387],[-79.349458,34.804172],[-79.349525,34.804081],[-79.349407,34.804041],[-79.349376,34.804006],[-79.3448,34.807534]]]}},{"type":"Feature","id":"37155:930991241800","properties":{"id":"37155:930991241800","parcelId":"930991241800","countyFips":"37155","countyName":"Robeson","state":"North Carolina","marketIds":["Wilmington"],"situsAddress":"PAWNEE DR","situsCity":null,"situsZip":null,"jurisdictionCode":null,"ownerName":"QUICK RAYBOURN O","ownerName2":"QUICK DARLENE CHAVIS","propertyName":null,"zoningCode":null,"zoningDistrict":null,"jurisdictionPrefix":null,"dorCode":"V-80","acreage":29.9,"centroid":[-79.302399,34.82592],"lastSale":{"date":"2004-01-01","price":null,"qualified":null},"tax":{"marketValue":null,"assessedValue":null,"taxableValue":null,"taxes":null},"mailingAddress":{"line1":"2448 MODEST RD","line2":null,"city":"MAXTON","state":"NC","zip":"28364"},"incomeTract":null,"incomeBlockGroup":null,"nearestRoad":null,"flu":null,"opportunityZone":null,"oz2Eligibility":null,"source":"nc-robeson-parcels-37155","appraiserUrl":"https://www.ustaxdata.com/nc/robeson/account.cfm?parcelID=230201021","gisViewerUrl":"https://maps2.roktech.net/ROKMAPS_Robeson/"},"geometry":{"type":"Polygon","coordinates":[[[-79.301697,34.829021],[-79.30237,34.829031],[-79.302564,34.826806],[-79.304095,34.826828],[-79.304129,34.82641],[-79.303392,34.826386],[-79.303427,34.825898],[-79.304178,34.82581],[-79.304409,34.823318],[-79.301677,34.823176],[-79.301574,34.824624],[-79.299278,34.825064],[-79.299651,34.825707],[-79.301523,34.825349],[-79.302014,34.825374],[-79.301697,34.829021]]]}},{"type":"Feature","id":"37155:932826502059","properties":{"id":"37155:932826502059","parcelId":"932826502059","countyFips":"37155","countyName":"Robeson","state":"North Carolina","marketIds":["Wilmington"],"situsAddress":"5315 OXENDINE SCHOOL ROAD","situsCity":null,"situsZip":null,"jurisdictionCode":null,"ownerName":"LOCKLEAR MICHAEL BRYAN","ownerName2":null,"propertyName":null,"zoningCode":null,"zoningDistrict":null,"jurisdictionPrefix":null,"dorCode":"A-10","acreage":11.47,"centroid":[-79.258141,34.810415],"lastSale":{"date":"2006-12-18","price":null,"qualified":null},"tax":{"marketValue":null,"assessedValue":null,"taxableValue":null,"taxes":null},"mailingAddress":{"line1":"5315 OXENDINE SCHOOL RD","line2":null,"city":"MAXTON","state":"NC","zip":"28364"},"incomeTract":null,"incomeBlockGroup":null,"nearestRoad":null,"flu":null,"opportunityZone":null,"oz2Eligibility":null,"source":"nc-robeson-parcels-37155","appraiserUrl":"https://www.ustaxdata.com/nc/robeson/account.cfm?parcelID=23070101402A","gisViewerUrl":"https://maps2.roktech.net/ROKMAPS_Robeson/"},"geometry":{"type":"Polygon","coordinates":[[[-79.25716,34.811427],[-79.257178,34.811584],[-79.258973,34.811471],[-79.259337,34.80941],[-79.259272,34.809215],[-79.256926,34.809385],[-79.25716,34.811427]]]}},{"type":"Feature","id":"37155:930902304000","properties":{"id":"37155:930902304000","parcelId":"930902304000","countyFips":"37155","countyName":"Robeson","state":"North Carolina","marketIds":["Wilmington"],"situsAddress":"1594 LAKEWOOD FALLS","situsCity":null,"situsZip":null,"jurisdictionCode":null,"ownerName":"CREECH CAROLYN ANN","ownerName2":null,"propertyName":null,"zoningCode":null,"zoningDistrict":null,"jurisdictionPrefix":null,"dorCode":"V-00","acreage":6.1,"centroid":[-79.331467,34.826814],"lastSale":{"date":"2015-07-05","price":null,"qualified":null},"tax":{"marketValue":null,"assessedValue":null,"taxableValue":null,"taxes":null},"mailingAddress":{"line1":"452 LAKEWOOD FALLS RD","line2":null,"city":"GOLDSTON","state":"NC","zip":"27252"},"incomeTract":null,"incomeBlockGroup":null,"nearestRoad":null,"flu":null,"opportunityZone":null,"oz2Eligibility":null,"source":"nc-robeson-parcels-37155","appraiserUrl":"https://www.ustaxdata.com/nc/robeson/account.cfm?parcelID=23010100902","gisViewerUrl":"https://maps2.roktech.net/ROKMAPS_Robeson/"},"geometry":{"type":"Polygon","coordinates":[[[-79.329179,34.827219],[-79.329077,34.827453],[-79.328977,34.82768],[-79.335208,34.826023],[-79.334896,34.825695],[-79.329179,34.827219]]]}},{"type":"Feature","id":"37155:932740806900","properties":{"id":"37155:932740806900","parcelId":"932740806900","countyFips":"37155","countyName":"Robeson","state":"North Carolina","marketIds":["Wilmington"],"situsAddress":"OLD RED SPRINGS RD","situsCity":null,"situsZip":null,"jurisdictionCode":null,"ownerName":"EMANUEL CATHY CHAVIS","ownerName2":null,"propertyName":null,"zoningCode":null,"zoningDistrict":null,"jurisdictionPrefix":null,"dorCode":"V-00","acreage":8.33,"centroid":[-79.250767,34.767669],"lastSale":{"date":"2006-07-25","price":null,"qualified":null},"tax":{"marketValue":null,"assessedValue":null,"taxableValue":null,"taxes":null},"mailingAddress":{"line1":"5181 OLD RED SPRINGS RD","line2":null,"city":"MAXTON","state":"NC","zip":"28364"},"incomeTract":null,"incomeBlockGroup":null,"nearestRoad":null,"flu":null,"opportunityZone":null,"oz2Eligibility":null,"source":"nc-robeson-parcels-37155","appraiserUrl":"https://www.ustaxdata.com/nc/robeson/account.cfm?parcelID=23180102003","gisViewerUrl":"https://maps2.roktech.net/ROKMAPS_Robeson/"},"geometry":{"type":"Polygon","coordinates":[[[-79.249441,34.76666],[-79.251004,34.769525],[-79.25255,34.768935],[-79.251941,34.768336],[-79.250666,34.766706],[-79.250041,34.766964],[-79.249724,34.766558],[-79.249441,34.76666]]]}},{"type":"Feature","id":"37155:931697040900","properties":{"id":"37155:931697040900","parcelId":"931697040900","countyFips":"37155","countyName":"Robeson","state":"North Carolina","marketIds":["Wilmington"],"situsAddress":"4479 PRESTON RD","situsCity":null,"situsZip":null,"jurisdictionCode":null,"ownerName":"LOCKLEAR JAMES HOWARD JR","ownerName2":null,"propertyName":null,"zoningCode":null,"zoningDistrict":null,"jurisdictionPrefix":null,"dorCode":"D-10","acreage":5.51,"centroid":[-79.269617,34.759659],"lastSale":{"date":"2014-01-16","price":null,"qualified":null},"tax":{"marketValue":null,"assessedValue":null,"taxableValue":null,"taxes":null},"mailingAddress":{"line1":"4547 PRESTON RD","line2":null,"city":"MAXTON","state":"NC","zip":"28364"},"incomeTract":null,"incomeBlockGroup":null,"nearestRoad":null,"flu":null,"opportunityZone":null,"oz2Eligibility":null,"source":"nc-robeson-parcels-37155","appraiserUrl":"https://www.ustaxdata.com/nc/robeson/account.cfm?parcelID=231401006","gisViewerUrl":"https://maps2.roktech.net/ROKMAPS_Robeson/"},"geometry":{"type":"Polygon","coordinates":[[[-79.269276,34.760276],[-79.269337,34.760074],[-79.27104,34.75959],[-79.269806,34.75834],[-79.268624,34.760014],[-79.269276,34.760276]]]}},{"type":"Feature","id":"37155:930838470200","properties":{"id":"37155:930838470200","parcelId":"930838470200","countyFips":"37155","countyName":"Robeson","state":"North Carolina","marketIds":["Wilmington"],"situsAddress":".","situsCity":null,"situsZip":null,"jurisdictionCode":null,"ownerName":"LOCKLEAR DARRYL & JENNIFER","ownerName2":null,"propertyName":null,"zoningCode":null,"zoningDistrict":null,"jurisdictionPrefix":null,"dorCode":"V-40","acreage":113.95,"centroid":[-79.320509,34.817065],"lastSale":{"date":"2009-05-21","price":null,"qualified":null},"tax":{"marketValue":null,"assessedValue":null,"taxableValue":null,"taxes":null},"mailingAddress":{"line1":"7025 LANDINGHAM DR.","line2":null,"city":"WILLOW SPRINGS","state":"NC","zip":"27592"},"incomeTract":null,"incomeBlockGroup":null,"nearestRoad":null,"flu":null,"opportunityZone":null,"oz2Eligibility":null,"source":"nc-robeson-parcels-37155","appraiserUrl":"https://www.ustaxdata.com/nc/robeson/account.cfm?parcelID=230201030","gisViewerUrl":"https://maps2.roktech.net/ROKMAPS_Robeson/"},"geometry":{"type":"Polygon","coordinates":[[[-79.313685,34.815896],[-79.314177,34.818335],[-79.322545,34.819907],[-79.330587,34.81803],[-79.330657,34.81658],[-79.319419,34.816127],[-79.319415,34.816312],[-79.317072,34.81637],[-79.317021,34.81603],[-79.313685,34.815896]]]}},{"type":"Feature","id":"37155:932837843100","properties":{"id":"37155:932837843100","parcelId":"932837843100","countyFips":"37155","countyName":"Robeson","state":"North Carolina","marketIds":["Wilmington"],"situsAddress":"OFF OXENDINE SCHOOL RD","situsCity":null,"situsZip":null,"jurisdictionCode":null,"ownerName":"LOCKLEAR JIMMY","ownerName2":null,"propertyName":null,"zoningCode":null,"zoningDistrict":null,"jurisdictionPrefix":null,"dorCode":"V-40","acreage":122.38,"centroid":[-79.25283,34.815127],"lastSale":{"date":"2016-06-10","price":null,"qualified":null},"tax":{"marketValue":null,"assessedValue":null,"taxableValue":null,"taxes":null},"mailingAddress":{"line1":"269 CHEROKEE CIRCLE","line2":null,"city":"MAXTON","state":"NC","zip":"28364"},"incomeTract":null,"incomeBlockGroup":null,"nearestRoad":null,"flu":null,"opportunityZone":null,"oz2Eligibility":null,"source":"nc-robeson-parcels-37155","appraiserUrl":"https://www.ustaxdata.com/nc/robeson/account.cfm?parcelID=23030100216","gisViewerUrl":"https://maps2.roktech.net/ROKMAPS_Robeson/"},"geometry":{"type":"Polygon","coordinates":[[[-79.256502,34.818819],[-79.256952,34.819142],[-79.258973,34.811471],[-79.246953,34.812226],[-79.246765,34.814355],[-79.250832,34.814751],[-79.256502,34.818819]]]}},{"type":"Feature","id":"37155:932715816600","properties":{"id":"37155:932715816600","parcelId":"932715816600","countyFips":"37155","countyName":"Robeson","state":"North Carolina","marketIds":["Wilmington"],"situsAddress":"5979 PRESTON RD","situsCity":null,"situsZip":null,"jurisdictionCode":null,"ownerName":"JONES MCKINLEY JR & HAZEL","ownerName2":null,"propertyName":null,"zoningCode":null,"zoningDistrict":null,"jurisdictionPrefix":null,"dorCode":"V-10","acreage":10.34,"centroid":[-79.260228,34.780713],"lastSale":{"date":"2004-01-01","price":null,"qualified":null},"tax":{"marketValue":null,"assessedValue":null,"taxableValue":null,"taxes":null},"mailingAddress":{"line1":"5979 PRESTON RD","line2":null,"city":"RED SPRINGS","state":"NC","zip":"28377"},"incomeTract":null,"incomeBlockGroup":null,"nearestRoad":null,"flu":null,"opportunityZone":null,"oz2Eligibility":null,"source":"nc-robeson-parcels-37155","appraiserUrl":"https://www.ustaxdata.com/nc/robeson/account.cfm?parcelID=23150100202","gisViewerUrl":"https://maps2.roktech.net/ROKMAPS_Robeson/"},"geometry":{"type":"Polygon","coordinates":[[[-79.259325,34.781165],[-79.259935,34.780852],[-79.2608,34.781009],[-79.26185,34.780942],[-79.262782,34.779918],[-79.261422,34.779855],[-79.257751,34.78059],[-79.257962,34.781374],[-79.259325,34.781165]]]}},{"type":"Feature","id":"37155:930780267200","properties":{"id":"37155:930780267200","parcelId":"930780267200","countyFips":"37155","countyName":"Robeson","state":"North Carolina","marketIds":["Wilmington"],"situsAddress":"591 WILD PLUM RD","situsCity":null,"situsZip":null,"jurisdictionCode":null,"ownerName":"BARTON L B & WF","ownerName2":"BARTON ALENE L","propertyName":null,"zoningCode":null,"zoningDistrict":null,"jurisdictionPrefix":null,"dorCode":"V-80","acreage":5.0,"centroid":[-79.306022,34.767832],"lastSale":{"date":"2014-12-30","price":null,"qualified":null},"tax":{"marketValue":null,"assessedValue":null,"taxableValue":null,"taxes":null},"mailingAddress":{"line1":"P O BOX 1024","line2":null,"city":"MAXTON","state":"NC","zip":"28364"},"incomeTract":null,"incomeBlockGroup":null,"nearestRoad":null,"flu":null,"opportunityZone":null,"oz2Eligibility":null,"source":"nc-robeson-parcels-37155","appraiserUrl":"https://www.ustaxdata.com/nc/robeson/account.cfm?parcelID=23130101911","gisViewerUrl":"https://maps2.roktech.net/ROKMAPS_Robeson/"},"geometry":{"type":"Polygon","coordinates":[[[-79.303931,34.768693],[-79.305965,34.768083],[-79.307352,34.767667],[-79.307191,34.767507],[-79.307073,34.767547],[-79.306836,34.767081],[-79.303806,34.768246],[-79.303931,34.768693]]]}},{"type":"Feature","id":"37155:932714865600","properties":{"id":"37155:932714865600","parcelId":"932714865600","countyFips":"37155","countyName":"Robeson","state":"North Carolina","marketIds":["Wilmington"],"situsAddress":"PRESTON RD","situsCity":null,"situsZip":null,"jurisdictionCode":null,"ownerName":"JACOBS ARTIE J","ownerName2":null,"propertyName":null,"zoningCode":null,"zoningDistrict":null,"jurisdictionPrefix":null,"dorCode":"V-00","acreage":9.4,"centroid":[-79.260695,34.779231],"lastSale":{"date":"2004-01-01","price":null,"qualified":null},"tax":{"marketValue":null,"assessedValue":null,"taxableValue":null,"taxes":null},"mailingAddress":{"line1":"P O BOX 3438","line2":null,"city":"PEMBROKE","state":"NC","zip":"28372"},"incomeTract":null,"incomeBlockGroup":null,"nearestRoad":null,"flu":null,"opportunityZone":null,"oz2Eligibility":null,"source":"nc-robeson-parcels-37155","appraiserUrl":"https://www.ustaxdata.com/nc/robeson/account.cfm?parcelID=23150100301","gisViewerUrl":"https://maps2.roktech.net/ROKMAPS_Robeson/"},"geometry":{"type":"Polygon","coordinates":[[[-79.262831,34.779632],[-79.26556,34.779761],[-79.265581,34.779467],[-79.262524,34.779323],[-79.258612,34.77873],[-79.256119,34.778612],[-79.256079,34.77911],[-79.258255,34.779212],[-79.262831,34.779632]]]}},{"type":"Feature","id":"37155:932839464200","properties":{"id":"37155:932839464200","parcelId":"932839464200","countyFips":"37155","countyName":"Robeson","state":"North Carolina","marketIds":["Wilmington"],"situsAddress":"SUMPTER CIR","situsCity":null,"situsZip":null,"jurisdictionCode":null,"ownerName":"BULLARD DIANE","ownerName2":null,"propertyName":null,"zoningCode":null,"zoningDistrict":null,"jurisdictionPrefix":null,"dorCode":"V-10","acreage":10.66,"centroid":[-79.255234,34.820056],"lastSale":{"date":"2005-01-01","price":null,"qualified":null},"tax":{"marketValue":null,"assessedValue":null,"taxableValue":null,"taxes":null},"mailingAddress":{"line1":"466 SUMPTER CIRCLE","line2":null,"city":"MAXTON","state":"NC","zip":"28364"},"incomeTract":null,"incomeBlockGroup":null,"nearestRoad":null,"flu":null,"opportunityZone":null,"oz2Eligibility":null,"source":"nc-robeson-parcels-37155","appraiserUrl":"https://www.ustaxdata.com/nc/robeson/account.cfm?parcelID=23030101107","gisViewerUrl":"https://maps2.roktech.net/ROKMAPS_Robeson/"},"geometry":{"type":"Polygon","coordinates":[[[-79.253069,34.820753],[-79.253546,34.82133],[-79.253831,34.821676],[-79.25653,34.820155],[-79.256952,34.819142],[-79.256502,34.818819],[-79.255504,34.819381],[-79.255814,34.819756],[-79.255451,34.81996],[-79.255141,34.819586],[-79.253069,34.820753]]]}},{"type":"Feature","id":"37155:839838810700","properties":{"id":"37155:839838810700","parcelId":"839838810700","countyFips":"37155","countyName":"Robeson","state":"North Carolina","marketIds":["Wilmington"],"situsAddress":"2919 MCGIRT GIN RD","situsCity":null,"situsZip":null,"jurisdictionCode":null,"ownerName":"LOCKLEAR THURMAN L & WF","ownerName2":"LOCKLEAR FRANCES M LF EST","propertyName":null,"zoningCode":null,"zoningDistrict":null,"jurisdictionPrefix":null,"dorCode":"V-00","acreage":8.4,"centroid":[-79.354236,34.815589],"lastSale":{"date":"2012-05-07","price":null,"qualified":null},"tax":{"marketValue":null,"assessedValue":null,"taxableValue":null,"taxes":null},"mailingAddress":{"line1":"2919 MCGIRT GIN RD","line2":null,"city":"MAXTON","state":"NC","zip":"28364"},"incomeTract":null,"incomeBlockGroup":null,"nearestRoad":null,"flu":null,"opportunityZone":null,"oz2Eligibility":null,"source":"nc-robeson-parcels-37155","appraiserUrl":"https://www.ustaxdata.com/nc/robeson/account.cfm?parcelID=23050100105","gisViewerUrl":"https://maps2.roktech.net/ROKMAPS_Robeson/"},"geometry":{"type":"Polygon","coordinates":[[[-79.35236,34.816402],[-79.352653,34.81658],[-79.353065,34.8168],[-79.353355,34.816867],[-79.353685,34.816873],[-79.354078,34.816789],[-79.354218,34.816786],[-79.354569,34.816367],[-79.355072,34.815598],[-79.355004,34.815555],[-79.354917,34.815461],[-79.354935,34.815437],[-79.355154,34.815339],[-79.355157,34.815297],[-79.355092,34.815292],[-79.354927,34.815351],[-79.354791,34.815491],[-79.354673,34.815479],[-79.354611,34.815426],[-79.35454,34.815483],[-79.3545,34.815489],[-79.353968,34.815384],[-79.353809,34.815269],[-79.353762,34.815177],[-79.353732,34.814976],[-79.353775,34.814949],[-79.354192,34.814865],[-79.354263,34.81477],[-79.354263,34.814681],[-79.35414,34.814527],[-79.354057,34.814509],[-79.35236,34.816402]]]}},{"type":"Feature","id":"37155:931676704200","properties":{"id":"37155:931676704200","parcelId":"931676704200","countyFips":"37155","countyName":"Robeson","state":"North Carolina","marketIds":["Wilmington"],"situsAddress":"3925 PRESTON RD","situsCity":null,"situsZip":null,"jurisdictionCode":null,"ownerName":"MCGIRT JOSEPH A ET AL","ownerName2":null,"propertyName":null,"zoningCode":null,"zoningDistrict":null,"jurisdictionPrefix":null,"dorCode":"A-20","acreage":66.11,"centroid":[-79.274348,34.75556],"lastSale":{"date":"1999-01-01","price":null,"qualified":null},"tax":{"marketValue":null,"assessedValue":null,"taxableValue":null,"taxes":null},"mailingAddress":{"line1":"616 NORMAL ST","line2":null,"city":"PEMBROKE","state":"NC","zip":"28372"},"incomeTract":null,"incomeBlockGroup":null,"nearestRoad":null,"flu":null,"opportunityZone":null,"oz2Eligibility":null,"source":"nc-robeson-parcels-37155","appraiserUrl":"https://www.ustaxdata.com/nc/robeson/account.cfm?parcelID=23180100101","gisViewerUrl":"https://maps2.roktech.net/ROKMAPS_Robeson/"},"geometry":{"type":"Polygon","coordinates":[[[-79.271992,34.755326],[-79.271748,34.755631],[-79.271245,34.756307],[-79.269806,34.75834],[-79.27104,34.75959],[-79.271414,34.759484],[-79.272277,34.759062],[-79.272458,34.758801],[-79.272516,34.758578],[-79.272773,34.758317],[-79.273288,34.757919],[-79.273405,34.757803],[-79.273427,34.757551],[-79.273579,34.757222],[-79.273731,34.757096],[-79.273942,34.757067],[-79.274199,34.75695],[-79.274703,34.75664],[-79.275171,34.756494],[-79.275335,34.756387],[-79.275475,34.756174],[-79.275639,34.756009],[-79.276303,34.754847],[-79.276537,34.754721],[-79.276689,34.754595],[-79.276747,34.754431],[-79.276981,34.754111],[-79.276992,34.753966],[-79.277097,34.753734],[-79.277353,34.753366],[-79.277528,34.753075],[-79.277539,34.752843],[-79.277597,34.75263],[-79.277795,34.75234],[-79.277888,34.752165],[-79.274096,34.752051],[-79.273818,34.752822],[-79.273651,34.753171],[-79.273385,34.75357],[-79.272843,34.75425],[-79.273237,34.754398],[-79.272936,34.754918],[-79.272761,34.755074],[-79.272382,34.754834],[-79.271992,34.755326]]]}},{"type":"Feature","id":"37155:930876947948","properties":{"id":"37155:930876947948","parcelId":"930876947948","countyFips":"37155","countyName":"Robeson","state":"North Carolina","marketIds":["Wilmington"],"situsAddress":"1349 MODEST RD","situsCity":null,"situsZip":null,"jurisdictionCode":null,"ownerName":"LOCKLEAR LORA SCOTT LF EST","ownerName2":"LOCKLEAR QUINN I & JASON REM","propertyName":null,"zoningCode":null,"zoningDistrict":null,"jurisdictionPrefix":null,"dorCode":"V-20","acreage":56.64,"centroid":[-79.307336,34.810262],"lastSale":{"date":"2013-01-01","price":null,"qualified":null},"tax":{"marketValue":null,"assessedValue":null,"taxableValue":null,"taxes":null},"mailingAddress":{"line1":"716 RUSS RD","line2":null,"city":"LUMBERTON","state":"NC","zip":"28358"},"incomeTract":null,"incomeBlockGroup":null,"nearestRoad":null,"flu":null,"opportunityZone":null,"oz2Eligibility":null,"source":"nc-robeson-parcels-37155","appraiserUrl":"https://www.ustaxdata.com/nc/robeson/account.cfm?parcelID=23020103009","gisViewerUrl":"https://maps2.roktech.net/ROKMAPS_Robeson/"},"geometry":{"type":"MultiPolygon","coordinates":[[[[-79.305406,34.81022],[-79.304844,34.811484],[-79.303672,34.814156],[-79.307773,34.81482],[-79.308481,34.811884],[-79.307706,34.811756],[-79.308112,34.81009],[-79.308882,34.810217],[-79.30914,34.809142],[-79.308787,34.808657],[-79.308254,34.808606],[-79.307941,34.808606],[-79.307572,34.808646],[-79.307641,34.809201],[-79.307316,34.809262],[-79.307247,34.808714],[-79.305939,34.809001],[-79.305406,34.81022]]],[[[-79.306059,34.808725],[-79.306028,34.808798],[-79.306021,34.808814],[-79.307663,34.808466],[-79.30812,34.808436],[-79.308653,34.808473],[-79.30836,34.80807],[-79.306619,34.808266],[-79.306482,34.80807],[-79.307976,34.80752],[-79.307803,34.807272],[-79.306563,34.807575],[-79.306059,34.808725]]]]}},{"type":"Feature","id":"37155:932803772000","properties":{"id":"37155:932803772000","parcelId":"932803772000","countyFips":"37155","countyName":"Robeson","state":"North Carolina","marketIds":["Wilmington"],"situsAddress":".","situsCity":null,"situsZip":null,"jurisdictionCode":null,"ownerName":"BULLARD CONNIE O & HSB","ownerName2":"BULLARD JENNINGS","propertyName":null,"zoningCode":null,"zoningDistrict":null,"jurisdictionPrefix":null,"dorCode":"V-20","acreage":54.01,"centroid":[-79.264032,34.803114],"lastSale":{"date":"2016-05-17","price":null,"qualified":null},"tax":{"marketValue":null,"assessedValue":null,"taxableValue":null,"taxes":null},"mailingAddress":{"line1":"11 KEVER RD","line2":null,"city":"MAXTON","state":"NC","zip":"28364"},"incomeTract":null,"incomeBlockGroup":null,"nearestRoad":null,"flu":null,"opportunityZone":null,"oz2Eligibility":null,"source":"nc-robeson-parcels-37155","appraiserUrl":"https://www.ustaxdata.com/nc/robeson/account.cfm?parcelID=230701033","gisViewerUrl":"https://maps2.roktech.net/ROKMAPS_Robeson/"},"geometry":{"type":"Polygon","coordinates":[[[-79.26117,34.803297],[-79.26126,34.806062],[-79.269501,34.8051],[-79.265002,34.802242],[-79.264045,34.802336],[-79.264018,34.801626],[-79.263229,34.801132],[-79.26117,34.803297]]]}},{"type":"Feature","id":"37155:931735159100","properties":{"id":"37155:931735159100","parcelId":"931735159100","countyFips":"37155","countyName":"Robeson","state":"North Carolina","marketIds":["Wilmington"],"situsAddress":".","situsCity":null,"situsZip":null,"jurisdictionCode":null,"ownerName":"CARTER KATHLEEN H & ET ALS","ownerName2":null,"propertyName":null,"zoningCode":null,"zoningDistrict":null,"jurisdictionPrefix":null,"dorCode":"V-20","acreage":18.32,"centroid":[-79.288498,34.781428],"lastSale":{"date":"2006-12-29","price":null,"qualified":null},"tax":{"marketValue":null,"assessedValue":null,"taxableValue":null,"taxes":null},"mailingAddress":{"line1":"142 PARKWOOD DRIVE","line2":null,"city":"WILMINGTON","state":"NC","zip":"28409"},"incomeTract":null,"incomeBlockGroup":null,"nearestRoad":null,"flu":null,"opportunityZone":null,"oz2Eligibility":null,"source":"nc-robeson-parcels-37155","appraiserUrl":"https://www.ustaxdata.com/nc/robeson/account.cfm?parcelID=231001009","gisViewerUrl":"https://maps2.roktech.net/ROKMAPS_Robeson/"},"geometry":{"type":"Polygon","coordinates":[[[-79.287191,34.781488],[-79.287511,34.781823],[-79.288468,34.782824],[-79.290957,34.781843],[-79.290079,34.779935],[-79.287422,34.780814],[-79.287855,34.781268],[-79.287191,34.781488]]]}},{"type":"Feature","id":"37155:839786869200","properties":{"id":"37155:839786869200","parcelId":"839786869200","countyFips":"37155","countyName":"Robeson","state":"North Carolina","marketIds":["Wilmington"],"situsAddress":".","situsCity":null,"situsZip":null,"jurisdictionCode":null,"ownerName":"CLARK ILLA","ownerName2":null,"propertyName":null,"zoningCode":null,"zoningDistrict":null,"jurisdictionPrefix":null,"dorCode":"V-10","acreage":18.0,"centroid":[-79.337542,34.784642],"lastSale":{"date":"2001-01-01","price":null,"qualified":null},"tax":{"marketValue":null,"assessedValue":null,"taxableValue":null,"taxes":null},"mailingAddress":{"line1":"918 W MLK DR","line2":null,"city":"MAXTON","state":"NC","zip":"28364"},"incomeTract":null,"incomeBlockGroup":null,"nearestRoad":null,"flu":null,"opportunityZone":null,"oz2Eligibility":null,"source":"nc-robeson-parcels-37155","appraiserUrl":"https://www.ustaxdata.com/nc/robeson/account.cfm?parcelID=110104120","gisViewerUrl":"https://maps2.roktech.net/ROKMAPS_Robeson/"},"geometry":{"type":"Polygon","coordinates":[[[-79.338403,34.788042],[-79.338431,34.788089],[-79.339446,34.787598],[-79.339449,34.78754],[-79.33951,34.787471],[-79.339532,34.787398],[-79.339654,34.787318],[-79.339643,34.787249],[-79.339585,34.787213],[-79.339562,34.787166],[-79.339458,34.787135],[-79.339064,34.78717],[-79.338983,34.787229],[-79.338892,34.787233],[-79.338839,34.787296],[-79.338781,34.787312],[-79.338787,34.787365],[-79.338708,34.787401],[-79.338713,34.787445],[-79.338636,34.787466],[-79.338628,34.787512],[-79.338672,34.787534],[-79.338701,34.787601],[-79.338757,34.787621],[-79.338778,34.787612],[-79.338788,34.787566],[-79.338805,34.78759],[-79.33877,34.787645],[-79.33878,34.787694],[-79.338733,34.787788],[-79.338675,34.787862],[-79.338611,34.787888],[-79.338599,34.787949],[-79.338547,34.787931],[-79.33852,34.787951],[-79.338477,34.787944],[-79.338458,34.787927],[-79.338476,34.787891],[-79.338383,34.787883],[-79.338395,34.787823],[-79.338358,34.787815],[-79.338331,34.787863],[-79.338296,34.787848],[-79.338159,34.787537],[-79.338191,34.787523],[-79.338213,34.787472],[-79.338187,34.787292],[-79.338224,34.787115],[-79.338306,34.787012],[-79.338313,34.786951],[-79.338243,34.786861],[-79.338066,34.786713],[-79.338049,34.786654],[-79.337992,34.786579],[-79.337972,34.786463],[-79.337907,34.786446],[-79.338034,34.786345],[-79.338057,34.786313],[-79.338051,34.786286],[-79.338025,34.786265],[-79.337964,34.786261],[-79.337974,34.786213],[-79.33796,34.786177],[-79.33784,34.786101],[-79.337751,34.786093],[-79.33771,34.786113],[-79.337715,34.78616],[-79.33776,34.786225],[-79.337754,34.786245],[-79.337694,34.786282],[-79.337601,34.786304],[-79.337555,34.786295],[-79.3375,34.78622],[-79.337505,34.78619],[-79.337569,34.786176],[-79.337629,34.786135],[-79.337656,34.786071],[-79.337646,34.786042],[-79.337545,34.786027],[-79.337462,34.785981],[-79.337454,34.785946],[-79.337485,34.785941],[-79.337607,34.785987],[-79.337703,34.78596],[-79.33787,34.785835],[-79.337942,34.785707],[-79.337938,34.785625],[-79.337966,34.785609],[-79.33827,34.785697],[-79.338282,34.78572],[-79.338347,34.78574],[-79.33841,34.785716],[-79.338419,34.785735],[-79.338392,34.785779],[-79.338455,34.785841],[-79.338519,34.785854],[-79.338539,34.7859],[-79.338631,34.785895],[-79.338667,34.785855],[-79.338699,34.785878],[-79.338739,34.785878],[-79.338791,34.785854],[-79.338815,34.785819],[-79.338859,34.785814],[-79.338867,34.785735],[-79.338834,34.785686],[-79.33875,34.785647],[-79.338646,34.785637],[-79.338542,34.785693],[-79.338506,34.785684],[-79.338502,34.785664],[-79.338542,34.785617],[-79.338526,34.785557],[-79.338538,34.785535],[-79.33861,34.78553],[-79.338614,34.785591],[-79.338666,34.78562],[-79.338742,34.785629],[-79.338766,34.78562],[-79.338766,34.785566],[-79.338798,34.785508],[-79.338649,34.785445],[-79.338477,34.785423],[-79.338205,34.785326],[-79.338093,34.785359],[-79.338053,34.785342],[-79.338065,34.785294],[-79.338033,34.785266],[-79.337928,34.785236],[-79.337813,34.785272],[-79.337761,34.785326],[-79.337769,34.785401],[-79.337749,34.785432],[-79.337789,34.785459],[-79.337762,34.78553],[-79.337826,34.785553],[-79.337886,34.785537],[-79.337862,34.785568],[-79.33779,34.785602],[-79.33763,34.78558],[-79.337534,34.785618],[-79.337538,34.785651],[-79.337518,34.785653],[-79.337294,34.785594],[-79.337186,34.785626],[-79.337142,34.785603],[-79.337145,34.78553],[-79.337054,34.785543],[-79.337029,34.785518],[-79.337021,34.785501],[-79.337097,34.785464],[-79.337121,34.785417],[-79.337081,34.785369],[-79.336989,34.785342],[-79.337057,34.785312],[-79.337056,34.785224],[-79.337168,34.785111],[-79.337231,34.785006],[-79.337187,34.784957],[-79.337287,34.784907],[-79.337323,34.784907],[-79.337274,34.784826],[-79.337314,34.784825],[-79.337391,34.784865],[-79.33753,34.784828],[-79.33755,34.784777],[-79.337438,34.784723],[-79.337674,34.784744],[-79.337718,34.784732],[-79.337766,34.784701],[-79.337797,34.784636],[-79.337801,34.784543],[-79.337741,34.784511],[-79.337741,34.78448],[-79.3376,34.784354],[-79.337388,34.784239],[-79.337164,34.784233],[-79.337175,34.7842],[-79.337227,34.784179],[-79.337239,34.784155],[-79.337219,34.784134],[-79.336768,34.784015],[-79.336716,34.784035],[-79.33662,34.784134],[-79.33656,34.784136],[-79.336552,34.784122],[-79.336628,34.784043],[-79.336675,34.783952],[-79.336675,34.783904],[-79.336583,34.783848],[-79.336566,34.783801],[-79.336594,34.783792],[-79.336627,34.783835],[-79.336679,34.783846],[-79.336691,34.783813],[-79.336678,34.783779],[-79.33673,34.783703],[-79.336934,34.783599],[-79.337058,34.783591],[-79.337117,34.783559],[-79.337181,34.78348],[-79.337188,34.783437],[-79.337144,34.783377],[-79.336924,34.783246],[-79.336852,34.783242],[-79.336824,34.783266],[-79.336727,34.783233],[-79.336656,34.783265],[-79.336535,34.783216],[-79.336571,34.78318],[-79.336511,34.783139],[-79.336452,34.783171],[-79.336412,34.783163],[-79.336408,34.78314],[-79.336496,34.783103],[-79.33648,34.783041],[-79.336288,34.783015],[-79.336299,34.782983],[-79.336359,34.782936],[-79.336363,34.782911],[-79.336335,34.782871],[-79.336343,34.782822],[-79.336302,34.782714],[-79.33619,34.782672],[-79.336266,34.782636],[-79.336365,34.782445],[-79.336469,34.782354],[-79.336513,34.782321],[-79.336764,34.782225],[-79.336792,34.782089],[-79.336671,34.781978],[-79.336499,34.781926],[-79.336375,34.781931],[-79.336299,34.781909],[-79.336167,34.781943],[-79.336139,34.781933],[-79.336093,34.781872],[-79.335989,34.781792],[-79.335893,34.781786],[-79.335876,34.781746],[-79.335916,34.781704],[-79.335764,34.781621],[-79.335956,34.78162],[-79.336052,34.781589],[-79.336235,34.781477],[-79.336303,34.781482],[-79.336347,34.781454],[-79.336347,34.781429],[-79.336295,34.781367],[-79.336299,34.78131],[-79.336162,34.781266],[-79.336098,34.781211],[-79.33605,34.781195],[-79.336006,34.781206],[-79.335966,34.781246],[-79.335758,34.781202],[-79.335646,34.78123],[-79.335558,34.781303],[-79.33543,34.781345],[-79.335797,34.783637],[-79.338403,34.788042]]]}},{"type":"Feature","id":"37155:930656560000","properties":{"id":"37155:930656560000","parcelId":"930656560000","countyFips":"37155","countyName":"Robeson","state":"North Carolina","marketIds":["Wilmington"],"situsAddress":"RED HILL RD","situsCity":null,"situsZip":null,"jurisdictionCode":null,"ownerName":"COLLINS ROBERT R & WF","ownerName2":"COLLINS MAGNOLIA","propertyName":null,"zoningCode":null,"zoningDistrict":null,"jurisdictionPrefix":null,"dorCode":"V-80","acreage":13.03,"centroid":[-79.314206,34.757154],"lastSale":{"date":"2008-10-31","price":null,"qualified":null},"tax":{"marketValue":null,"assessedValue":null,"taxableValue":null,"taxes":null},"mailingAddress":{"line1":"PO BOX 561","line2":null,"city":"MAXTON","state":"NC","zip":"28364"},"incomeTract":null,"incomeBlockGroup":null,"nearestRoad":null,"flu":null,"opportunityZone":null,"oz2Eligibility":null,"source":"nc-robeson-parcels-37155","appraiserUrl":"https://www.ustaxdata.com/nc/robeson/account.cfm?parcelID=110302040","gisViewerUrl":"https://maps2.roktech.net/ROKMAPS_Robeson/"},"geometry":{"type":"Polygon","coordinates":[[[-79.313841,34.757427],[-79.313869,34.757444],[-79.316537,34.759002],[-79.315386,34.755715],[-79.312771,34.756498],[-79.31283,34.756836],[-79.313841,34.757427]]]}},{"type":"Feature","id":"37155:839675808700","properties":{"id":"37155:839675808700","parcelId":"839675808700","countyFips":"37155","countyName":"Robeson","state":"North Carolina","marketIds":["Wilmington"],"situsAddress":"NC HWY 71","situsCity":null,"situsZip":null,"jurisdictionCode":null,"ownerName":"CHAVIS & CHAVIS CO LLL","ownerName2":null,"propertyName":null,"zoningCode":null,"zoningDistrict":null,"jurisdictionPrefix":null,"dorCode":"V-20","acreage":16.32,"centroid":[-79.33969,34.75277],"lastSale":{"date":"2016-09-23","price":null,"qualified":null},"tax":{"marketValue":null,"assessedValue":null,"taxableValue":null,"taxes":null},"mailingAddress":{"line1":"P O BOX 568","line2":null,"city":"MAXTON","state":"NC","zip":"28364"},"incomeTract":null,"incomeBlockGroup":null,"nearestRoad":null,"flu":null,"opportunityZone":null,"oz2Eligibility":null,"source":"nc-robeson-parcels-37155","appraiserUrl":"https://www.ustaxdata.com/nc/robeson/account.cfm?parcelID=11030103201","gisViewerUrl":"https://maps2.roktech.net/ROKMAPS_Robeson/"},"geometry":{"type":"Polygon","coordinates":[[[-79.337934,34.751922],[-79.338038,34.752094],[-79.33902,34.753298],[-79.33927,34.753323],[-79.339643,34.753498],[-79.341088,34.753933],[-79.3416,34.753383],[-79.342006,34.752192],[-79.338609,34.751285],[-79.337934,34.751922]]]}},{"type":"Feature","id":"37155:930658315400","properties":{"id":"37155:930658315400","parcelId":"930658315400","countyFips":"37155","countyName":"Robeson","state":"North Carolina","marketIds":["Wilmington"],"situsAddress":"RED HILL RD","situsCity":null,"situsZip":null,"jurisdictionCode":null,"ownerName":"JOYNER EDWARD M & WF CAROL","ownerName2":null,"propertyName":null,"zoningCode":null,"zoningDistrict":null,"jurisdictionPrefix":null,"dorCode":"V-10","acreage":19.54,"centroid":[-79.31521,34.760922],"lastSale":{"date":"2001-01-01","price":null,"qualified":null},"tax":{"marketValue":null,"assessedValue":null,"taxableValue":null,"taxes":null},"mailingAddress":{"line1":"130 BROADMEADE DR","line2":null,"city":"SOUTHERN PINES","state":"NC","zip":"28387"},"incomeTract":null,"incomeBlockGroup":null,"nearestRoad":null,"flu":null,"opportunityZone":null,"oz2Eligibility":null,"source":"nc-robeson-parcels-37155","appraiserUrl":"https://www.ustaxdata.com/nc/robeson/account.cfm?parcelID=11020203201","gisViewerUrl":"https://maps2.roktech.net/ROKMAPS_Robeson/"},"geometry":{"type":"Polygon","coordinates":[[[-79.314524,34.762219],[-79.314807,34.764236],[-79.31636,34.763663],[-79.315496,34.759166],[-79.316203,34.758806],[-79.313869,34.757444],[-79.314524,34.762219]]]}},{"type":"Feature","id":"37155:930974853400","properties":{"id":"37155:930974853400","parcelId":"930974853400","countyFips":"37155","countyName":"Robeson","state":"North Carolina","marketIds":["Wilmington"],"situsAddress":".","situsCity":null,"situsZip":null,"jurisdictionCode":null,"ownerName":"PATTEN SEED COMPANY","ownerName2":null,"propertyName":null,"zoningCode":null,"zoningDistrict":null,"jurisdictionPrefix":null,"dorCode":"V-20","acreage":29.88,"centroid":[-79.306832,34.833309],"lastSale":{"date":"2015-08-06","price":null,"qualified":null},"tax":{"marketValue":null,"assessedValue":null,"taxableValue":null,"taxes":null},"mailingAddress":{"line1":"PO BOX 217","line2":null,"city":"LAKELAND","state":"GA","zip":"31635"},"incomeTract":null,"incomeBlockGroup":null,"nearestRoad":null,"flu":null,"opportunityZone":null,"oz2Eligibility":null,"source":"nc-robeson-parcels-37155","appraiserUrl":"https://www.ustaxdata.com/nc/robeson/account.cfm?parcelID=23020100503","gisViewerUrl":"https://maps2.roktech.net/ROKMAPS_Robeson/"},"geometry":{"type":"Polygon","coordinates":[[[-79.304499,34.834337],[-79.305406,34.83451],[-79.309329,34.835262],[-79.309888,34.833239],[-79.309437,34.833208],[-79.309498,34.832966],[-79.309248,34.832941],[-79.309301,34.83274],[-79.306522,34.832424],[-79.305937,34.832421],[-79.305543,34.83248],[-79.305031,34.832602],[-79.303992,34.83291],[-79.304253,34.833499],[-79.304596,34.8341],[-79.304499,34.834337]]]}},{"type":"Feature","id":"37155:930913376200","properties":{"id":"37155:930913376200","parcelId":"930913376200","countyFips":"37155","countyName":"Robeson","state":"North Carolina","marketIds":["Wilmington"],"situsAddress":"MCGIRT GIN RD","situsCity":null,"situsZip":null,"jurisdictionCode":null,"ownerName":"CHAVIS BENJAMIN TONY","ownerName2":"CHAVIS & COLLINS ENT INC","propertyName":null,"zoningCode":null,"zoningDistrict":null,"jurisdictionPrefix":null,"dorCode":"V-00","acreage":5.41,"centroid":[-79.328928,34.831366],"lastSale":{"date":"2004-01-01","price":null,"qualified":null},"tax":{"marketValue":null,"assessedValue":null,"taxableValue":null,"taxes":null},"mailingAddress":{"line1":"6749 N CHICKEN RD","line2":null,"city":"LUMBERTON","state":"NC","zip":"28358"},"incomeTract":null,"incomeBlockGroup":null,"nearestRoad":null,"flu":null,"opportunityZone":null,"oz2Eligibility":null,"source":"nc-robeson-parcels-37155","appraiserUrl":"https://www.ustaxdata.com/nc/robeson/account.cfm?parcelID=23010100701","gisViewerUrl":"https://maps2.roktech.net/ROKMAPS_Robeson/"},"geometry":{"type":"Polygon","coordinates":[[[-79.327656,34.830645],[-79.327238,34.831394],[-79.329754,34.832126],[-79.330143,34.831366],[-79.329847,34.831298],[-79.327656,34.830645]]]}},{"type":"Feature","id":"37155:839992403900","properties":{"id":"37155:839992403900","parcelId":"839992403900","countyFips":"37155","countyName":"Robeson","state":"North Carolina","marketIds":["Wilmington"],"situsAddress":"1873 MCGIRT GIN RD","situsCity":null,"situsZip":null,"jurisdictionCode":null,"ownerName":"LOCKLEAR HARBERT & WF","ownerName2":"DEBBIE BULLARD LOCKLEAR","propertyName":null,"zoningCode":null,"zoningDistrict":null,"jurisdictionPrefix":null,"dorCode":"V-00","acreage":6.1,"centroid":[-79.335271,34.827036],"lastSale":{"date":"2005-01-01","price":null,"qualified":null},"tax":{"marketValue":null,"assessedValue":null,"taxableValue":null,"taxes":null},"mailingAddress":{"line1":"1873 MCGIRT GIN RD","line2":null,"city":"MAXTON","state":"NC","zip":"28364"},"incomeTract":null,"incomeBlockGroup":null,"nearestRoad":null,"flu":null,"opportunityZone":null,"oz2Eligibility":null,"source":"nc-robeson-parcels-37155","appraiserUrl":"https://www.ustaxdata.com/nc/robeson/account.cfm?parcelID=23010100906","gisViewerUrl":"https://maps2.roktech.net/ROKMAPS_Robeson/"},"geometry":{"type":"Polygon","coordinates":[[[-79.33407,34.826325],[-79.334648,34.8278],[-79.334746,34.82805],[-79.335571,34.827828],[-79.335345,34.827261],[-79.335978,34.82709],[-79.336205,34.827659],[-79.33643,34.827593],[-79.336471,34.827471],[-79.335599,34.826437],[-79.335208,34.826023],[-79.33407,34.826325]]]}},{"type":"Feature","id":"37155:930616934600","properties":{"id":"37155:930616934600","parcelId":"930616934600","countyFips":"37155","countyName":"Robeson","state":"North Carolina","marketIds":["Wilmington"],"situsAddress":"2602 SPARROWS POINT RD","situsCity":null,"situsZip":null,"jurisdictionCode":null,"ownerName":"LEACH JOHN HEIRS","ownerName2":"C/O DEBORAH INGRAM","propertyName":null,"zoningCode":null,"zoningDistrict":null,"jurisdictionPrefix":null,"dorCode":"V-10","acreage":17.0,"centroid":[-79.325577,34.755947],"lastSale":{"date":"2004-01-01","price":null,"qualified":null},"tax":{"marketValue":null,"assessedValue":null,"taxableValue":null,"taxes":null},"mailingAddress":{"line1":"675 NC HWY 71 N","line2":null,"city":"MAXTON","state":"NC","zip":"28364"},"incomeTract":null,"incomeBlockGroup":null,"nearestRoad":null,"flu":null,"opportunityZone":null,"oz2Eligibility":null,"source":"nc-robeson-parcels-37155","appraiserUrl":"https://www.ustaxdata.com/nc/robeson/account.cfm?parcelID=11030200102","gisViewerUrl":"https://maps2.roktech.net/ROKMAPS_Robeson/"},"geometry":{"type":"Polygon","coordinates":[[[-79.325648,34.757393],[-79.328519,34.757494],[-79.328508,34.756839],[-79.326706,34.755705],[-79.327235,34.754872],[-79.326859,34.754897],[-79.324886,34.754773],[-79.324905,34.754791],[-79.324908,34.754853],[-79.324903,34.755151],[-79.324874,34.755193],[-79.324708,34.755197],[-79.324573,34.755332],[-79.324554,34.755392],[-79.324584,34.755592],[-79.324789,34.755954],[-79.324955,34.756201],[-79.325054,34.756224],[-79.325169,34.756196],[-79.325348,34.756262],[-79.325437,34.756346],[-79.325555,34.756538],[-79.325636,34.756931],[-79.325552,34.757249],[-79.325571,34.757305],[-79.325648,34.757393]]]}},{"type":"Feature","id":"37155:930696932200","properties":{"id":"37155:930696932200","parcelId":"930696932200","countyFips":"37155","countyName":"Robeson","state":"North Carolina","marketIds":["Wilmington"],"situsAddress":"OLD RED SPRINGS RD","situsCity":null,"situsZip":null,"jurisdictionCode":null,"ownerName":"OXENDINE BELTON RAY","ownerName2":"OXENDINE CONNIE P","propertyName":null,"zoningCode":null,"zoningDistrict":null,"jurisdictionPrefix":null,"dorCode":"V-20","acreage":74.48,"centroid":[-79.300343,34.756283],"lastSale":{"date":"2013-09-18","price":null,"qualified":null},"tax":{"marketValue":null,"assessedValue":null,"taxableValue":null,"taxes":null},"mailingAddress":{"line1":"220 ZADIE DR","line2":null,"city":"MAXTON","state":"NC","zip":"28364"},"incomeTract":null,"incomeBlockGroup":null,"nearestRoad":null,"flu":null,"opportunityZone":null,"oz2Eligibility":null,"source":"nc-robeson-parcels-37155","appraiserUrl":"https://www.ustaxdata.com/nc/robeson/account.cfm?parcelID=231701014","gisViewerUrl":"https://maps2.roktech.net/ROKMAPS_Robeson/"},"geometry":{"type":"Polygon","coordinates":[[[-79.301124,34.753582],[-79.300828,34.753617],[-79.300135,34.753699],[-79.299599,34.7538],[-79.299247,34.753889],[-79.298708,34.754075],[-79.294408,34.755982],[-79.295522,34.756951],[-79.296001,34.757454],[-79.296361,34.757575],[-79.29656,34.757613],[-79.296881,34.757787],[-79.297103,34.75782],[-79.299,34.75687],[-79.299151,34.757085],[-79.299986,34.757946],[-79.30073,34.759147],[-79.302269,34.758306],[-79.302764,34.758158],[-79.303474,34.757891],[-79.303867,34.757238],[-79.303703,34.756331],[-79.304498,34.756256],[-79.304482,34.756193],[-79.304226,34.755671],[-79.30394,34.75517],[-79.303659,34.754772],[-79.301374,34.755047],[-79.301124,34.753582]]]}},{"type":"Feature","id":"37155:932725507000","properties":{"id":"37155:932725507000","parcelId":"932725507000","countyFips":"37155","countyName":"Robeson","state":"North Carolina","marketIds":["Wilmington"],"situsAddress":"5979 PRESTON RD","situsCity":null,"situsZip":null,"jurisdictionCode":null,"ownerName":"JONES MCKINLEY JR","ownerName2":null,"propertyName":null,"zoningCode":null,"zoningDistrict":null,"jurisdictionPrefix":null,"dorCode":"V-00","acreage":9.2,"centroid":[-79.257148,34.780145],"lastSale":{"date":"2004-01-01","price":null,"qualified":null},"tax":{"marketValue":null,"assessedValue":null,"taxableValue":null,"taxes":null},"mailingAddress":{"line1":"5979 PRESTON RD","line2":null,"city":"RED SPRINGS","state":"NC","zip":"28377"},"incomeTract":null,"incomeBlockGroup":null,"nearestRoad":null,"flu":null,"opportunityZone":null,"oz2Eligibility":null,"source":"nc-robeson-parcels-37155","appraiserUrl":"https://www.ustaxdata.com/nc/robeson/account.cfm?parcelID=23150100201","gisViewerUrl":"https://maps2.roktech.net/ROKMAPS_Robeson/"},"geometry":{"type":"Polygon","coordinates":[[[-79.256046,34.779606],[-79.256045,34.779641],[-79.256059,34.780122],[-79.256135,34.780943],[-79.257183,34.780704],[-79.261422,34.779855],[-79.256046,34.779606]]]}},{"type":"Feature","id":"37155:930811773361","properties":{"id":"37155:930811773361","parcelId":"930811773361","countyFips":"37155","countyName":"Robeson","state":"North Carolina","marketIds":["Wilmington"],"situsAddress":"MCGIRT RD","situsCity":null,"situsZip":null,"jurisdictionCode":null,"ownerName":"FLOYD WILLIAM P & WF MARY P","ownerName2":"A/K/A FLOYD BERTA","propertyName":null,"zoningCode":null,"zoningDistrict":null,"jurisdictionPrefix":null,"dorCode":"A-40","acreage":71.5,"centroid":[-79.327324,34.798379],"lastSale":{"date":"2016-09-16","price":null,"qualified":null},"tax":{"marketValue":null,"assessedValue":null,"taxableValue":null,"taxes":null},"mailingAddress":{"line1":"12541 APPIN RD","line2":null,"city":"LAURINBURG","state":"NC","zip":"28352"},"incomeTract":null,"incomeBlockGroup":null,"nearestRoad":null,"flu":null,"opportunityZone":null,"oz2Eligibility":null,"source":"nc-robeson-parcels-37155","appraiserUrl":"https://www.ustaxdata.com/nc/robeson/account.cfm?parcelID=23090100205","gisViewerUrl":"https://maps2.roktech.net/ROKMAPS_Robeson/"},"geometry":{"type":"Polygon","coordinates":[[[-79.331784,34.798425],[-79.330472,34.79521],[-79.323502,34.798046],[-79.323537,34.801835],[-79.331784,34.798425]]]}},{"type":"Feature","id":"37155:839971361158","properties":{"id":"37155:839971361158","parcelId":"839971361158","countyFips":"37155","countyName":"Robeson","state":"North Carolina","marketIds":["Wilmington"],"situsAddress":"2174 MCGIRT GIN RD","situsCity":null,"situsZip":null,"jurisdictionCode":null,"ownerName":"BRYANT AMY NICOLE","ownerName2":null,"propertyName":null,"zoningCode":null,"zoningDistrict":null,"jurisdictionPrefix":null,"dorCode":"V-00","acreage":6.45,"centroid":[-79.342105,34.825584],"lastSale":{"date":"2004-01-01","price":null,"qualified":null},"tax":{"marketValue":null,"assessedValue":null,"taxableValue":null,"taxes":null},"mailingAddress":{"line1":"2085 MCGIRT GIN RD","line2":null,"city":"MAXTON","state":"NC","zip":"28364"},"incomeTract":null,"incomeBlockGroup":null,"nearestRoad":null,"flu":null,"opportunityZone":null,"oz2Eligibility":null,"source":"nc-robeson-parcels-37155","appraiserUrl":"https://www.ustaxdata.com/nc/robeson/account.cfm?parcelID=23010102004","gisViewerUrl":"https://maps2.roktech.net/ROKMAPS_Robeson/"},"geometry":{"type":"Polygon","coordinates":[[[-79.341104,34.82613],[-79.342638,34.826551],[-79.342941,34.825618],[-79.343026,34.825073],[-79.343159,34.825087],[-79.342884,34.824413],[-79.341005,34.825438],[-79.34131,34.825879],[-79.340882,34.826069],[-79.341104,34.82613]]]}},{"type":"Feature","id":"37155:930853255700","properties":{"id":"37155:930853255700","parcelId":"930853255700","countyFips":"37155","countyName":"Robeson","state":"North Carolina","marketIds":["Wilmington"],"situsAddress":"307 SHERMAN RD","situsCity":null,"situsZip":null,"jurisdictionCode":null,"ownerName":"BULLARD CARDELL & WF","ownerName2":"BULLARD ANNETTE L","propertyName":null,"zoningCode":null,"zoningDistrict":null,"jurisdictionPrefix":null,"dorCode":"D-71","acreage":6.06,"centroid":[-79.315596,34.803345],"lastSale":{"date":"2004-01-01","price":null,"qualified":null},"tax":{"marketValue":null,"assessedValue":null,"taxableValue":null,"taxes":null},"mailingAddress":{"line1":"307 SHERMAN RD","line2":null,"city":"MAXTON","state":"NC","zip":"28364"},"incomeTract":null,"incomeBlockGroup":null,"nearestRoad":null,"flu":null,"opportunityZone":null,"oz2Eligibility":null,"source":"nc-robeson-parcels-37155","appraiserUrl":"https://www.ustaxdata.com/nc/robeson/account.cfm?parcelID=23090100503C","gisViewerUrl":"https://maps2.roktech.net/ROKMAPS_Robeson/"},"geometry":{"type":"Polygon","coordinates":[[[-79.314559,34.804277],[-79.314962,34.804744],[-79.316634,34.803782],[-79.314967,34.801945],[-79.314559,34.802379],[-79.315111,34.802733],[-79.314996,34.802855],[-79.315425,34.803331],[-79.314559,34.804277]]]}},{"type":"Feature","id":"37155:839790786481","properties":{"id":"37155:839790786481","parcelId":"839790786481","countyFips":"37155","countyName":"Robeson","state":"North Carolina","marketIds":["Wilmington"],"situsAddress":"920 BRYANTS CIR","situsCity":null,"situsZip":null,"jurisdictionCode":null,"ownerName":"DIAL CLAYTON","ownerName2":null,"propertyName":null,"zoningCode":null,"zoningDistrict":null,"jurisdictionPrefix":null,"dorCode":"V-80","acreage":5.0,"centroid":[-79.33383,34.76855],"lastSale":{"date":"2004-01-01","price":null,"qualified":null},"tax":{"marketValue":null,"assessedValue":null,"taxableValue":null,"taxes":null},"mailingAddress":{"line1":"920 BRYANTS CIRCLE","line2":null,"city":"MAXTON","state":"NC","zip":"28364"},"incomeTract":null,"incomeBlockGroup":null,"nearestRoad":null,"flu":null,"opportunityZone":null,"oz2Eligibility":null,"source":"nc-robeson-parcels-37155","appraiserUrl":"https://www.ustaxdata.com/nc/robeson/account.cfm?parcelID=110201058","gisViewerUrl":"https://maps2.roktech.net/ROKMAPS_Robeson/"},"geometry":{"type":"Polygon","coordinates":[[[-79.332803,34.768947],[-79.334478,34.769053],[-79.334616,34.768744],[-79.335022,34.76883],[-79.334958,34.768629],[-79.334764,34.768258],[-79.334279,34.768157],[-79.334023,34.767821],[-79.332684,34.768092],[-79.332781,34.768536],[-79.332754,34.768728],[-79.332799,34.768809],[-79.332803,34.768947]]]}},{"type":"Feature","id":"37155:839982230300","properties":{"id":"37155:839982230300","parcelId":"839982230300","countyFips":"37155","countyName":"Robeson","state":"North Carolina","marketIds":["Wilmington"],"situsAddress":"2048 MCGIRT GIN RD","situsCity":null,"situsZip":null,"jurisdictionCode":null,"ownerName":"BRYANT CARLIS R & WF DONNA","ownerName2":null,"propertyName":null,"zoningCode":null,"zoningDistrict":null,"jurisdictionPrefix":null,"dorCode":"V-80","acreage":6.36,"centroid":[-79.339467,34.827891],"lastSale":{"date":"2004-01-01","price":null,"qualified":null},"tax":{"marketValue":null,"assessedValue":null,"taxableValue":null,"taxes":null},"mailingAddress":{"line1":"2048 MCGIRT GIN RD","line2":null,"city":"MAXTON","state":"NC","zip":"28364"},"incomeTract":null,"incomeBlockGroup":null,"nearestRoad":null,"flu":null,"opportunityZone":null,"oz2Eligibility":null,"source":"nc-robeson-parcels-37155","appraiserUrl":"https://www.ustaxdata.com/nc/robeson/account.cfm?parcelID=23010101306","gisViewerUrl":"https://maps2.roktech.net/ROKMAPS_Robeson/"},"geometry":{"type":"Polygon","coordinates":[[[-79.340611,34.828944],[-79.340698,34.828376],[-79.338905,34.82657],[-79.338239,34.82693],[-79.339283,34.827988],[-79.339067,34.828539],[-79.340611,34.828944]]]}},{"type":"Feature","id":"37155:839868011600","properties":{"id":"37155:839868011600","parcelId":"839868011600","countyFips":"37155","countyName":"Robeson","state":"North Carolina","marketIds":["Wilmington"],"situsAddress":"30400 LAKE RD","situsCity":null,"situsZip":null,"jurisdictionCode":null,"ownerName":"FELDMANN HERBERT D & WF","ownerName2":"MARIE L FELDMANN","propertyName":null,"zoningCode":null,"zoningDistrict":null,"jurisdictionPrefix":null,"dorCode":"V-00","acreage":5.99,"centroid":[-79.346571,34.816205],"lastSale":{"date":"2006-01-01","price":null,"qualified":null},"tax":{"marketValue":null,"assessedValue":null,"taxableValue":null,"taxes":null},"mailingAddress":{"line1":"30400 EAST LAKE ROAD","line2":null,"city":"WAGRAM","state":"NC","zip":"28396"},"incomeTract":null,"incomeBlockGroup":null,"nearestRoad":null,"flu":null,"opportunityZone":null,"oz2Eligibility":null,"source":"nc-robeson-parcels-37155","appraiserUrl":"https://www.ustaxdata.com/nc/robeson/account.cfm?parcelID=230501002","gisViewerUrl":"https://maps2.roktech.net/ROKMAPS_Robeson/"},"geometry":{"type":"Polygon","coordinates":[[[-79.346289,34.816904],[-79.346928,34.817068],[-79.347071,34.816591],[-79.3471,34.816229],[-79.347075,34.815894],[-79.346922,34.815063],[-79.345806,34.815092],[-79.345862,34.816148],[-79.346084,34.816852],[-79.346289,34.816904]]]}},{"type":"Feature","id":"37155:932813928600","properties":{"id":"37155:932813928600","parcelId":"932813928600","countyFips":"37155","countyName":"Robeson","state":"North Carolina","marketIds":["Wilmington"],"situsAddress":"OXENDINE SCHOOL RD","situsCity":null,"situsZip":null,"jurisdictionCode":null,"ownerName":"LOCLEAR BELTON LF EST","ownerName2":"LOCKLEAR JIMMY F & ET ALS REMA","propertyName":null,"zoningCode":null,"zoningDistrict":null,"jurisdictionPrefix":null,"dorCode":"V-00","acreage":5.0,"centroid":[-79.260468,34.80273],"lastSale":{"date":"2013-01-16","price":null,"qualified":null},"tax":{"marketValue":null,"assessedValue":null,"taxableValue":null,"taxes":null},"mailingAddress":{"line1":"140 TRISKEY DR","line2":null,"city":"MAXTON","state":"NC","zip":"28364"},"incomeTract":null,"incomeBlockGroup":null,"nearestRoad":null,"flu":null,"opportunityZone":null,"oz2Eligibility":null,"source":"nc-robeson-parcels-37155","appraiserUrl":"https://www.ustaxdata.com/nc/robeson/account.cfm?parcelID=23110100206C","gisViewerUrl":"https://maps2.roktech.net/ROKMAPS_Robeson/"},"geometry":{"type":"Polygon","coordinates":[[[-79.258593,34.803353],[-79.261185,34.80296],[-79.261251,34.802768],[-79.261217,34.802597],[-79.261324,34.802507],[-79.261266,34.802249],[-79.258442,34.802677],[-79.258593,34.803353]]]}},{"type":"Feature","id":"37155:930700109200","properties":{"id":"37155:930700109200","parcelId":"930700109200","countyFips":"37155","countyName":"Robeson","state":"North Carolina","marketIds":["Wilmington"],"situsAddress":".","situsCity":null,"situsZip":null,"jurisdictionCode":null,"ownerName":"LOCKLEAR ADRIAN K & WF","ownerName2":"LOCKLEAR LESLIE","propertyName":null,"zoningCode":null,"zoningDistrict":null,"jurisdictionPrefix":null,"dorCode":"V-00","acreage":5.59,"centroid":[-79.331643,34.766315],"lastSale":{"date":"2003-01-01","price":null,"qualified":null},"tax":{"marketValue":null,"assessedValue":null,"taxableValue":null,"taxes":null},"mailingAddress":{"line1":"88 BONNIE LN","line2":null,"city":"PEMBROKE","state":"NC","zip":"28372"},"incomeTract":null,"incomeBlockGroup":null,"nearestRoad":null,"flu":null,"opportunityZone":null,"oz2Eligibility":null,"source":"nc-robeson-parcels-37155","appraiserUrl":"https://www.ustaxdata.com/nc/robeson/account.cfm?parcelID=110201037","gisViewerUrl":"https://maps2.roktech.net/ROKMAPS_Robeson/"},"geometry":{"type":"Polygon","coordinates":[[[-79.332935,34.766804],[-79.332981,34.766804],[-79.333629,34.766804],[-79.332403,34.765646],[-79.330964,34.765618],[-79.330935,34.765761],[-79.330973,34.765733],[-79.331129,34.765713],[-79.331292,34.765723],[-79.331423,34.76582],[-79.331576,34.765976],[-79.331612,34.766168],[-79.331581,34.766265],[-79.331443,34.766312],[-79.331272,34.766466],[-79.331096,34.766522],[-79.331091,34.766611],[-79.33118,34.766714],[-79.331296,34.76673],[-79.331422,34.766657],[-79.331555,34.766619],[-79.33172,34.766622],[-79.331858,34.766678],[-79.332056,34.766805],[-79.332935,34.766804]]]}},{"type":"Feature","id":"37155:930791742400","properties":{"id":"37155:930791742400","parcelId":"930791742400","countyFips":"37155","countyName":"Robeson","state":"North Carolina","marketIds":["Wilmington"],"situsAddress":"773 JOHN L RD","situsCity":null,"situsZip":null,"jurisdictionCode":null,"ownerName":"LOCKLEAR TRENT","ownerName2":null,"propertyName":null,"zoningCode":null,"zoningDistrict":null,"jurisdictionPrefix":null,"dorCode":"V-10","acreage":15.98,"centroid":[-79.29948,34.769784],"lastSale":{"date":"2008-10-10","price":null,"qualified":null},"tax":{"marketValue":null,"assessedValue":null,"taxableValue":null,"taxes":null},"mailingAddress":{"line1":"6877 NC HWY 710 NORTH","line2":null,"city":"RED SPRINGS","state":"NC","zip":"28377"},"incomeTract":null,"incomeBlockGroup":null,"nearestRoad":null,"flu":null,"opportunityZone":null,"oz2Eligibility":null,"source":"nc-robeson-parcels-37155","appraiserUrl":"https://www.ustaxdata.com/nc/robeson/account.cfm?parcelID=23130101701","gisViewerUrl":"https://maps2.roktech.net/ROKMAPS_Robeson/"},"geometry":{"type":"Polygon","coordinates":[[[-79.298702,34.770134],[-79.299223,34.769659],[-79.300907,34.771904],[-79.302315,34.77143],[-79.300426,34.768429],[-79.298909,34.769274],[-79.298692,34.769086],[-79.298435,34.76874],[-79.297713,34.769398],[-79.298702,34.770134]]]}},{"type":"Feature","id":"37155:839857497200","properties":{"id":"37155:839857497200","parcelId":"839857497200","countyFips":"37155","countyName":"Robeson","state":"North Carolina","marketIds":["Wilmington"],"situsAddress":"194 MCGIRT GIN RD","situsCity":null,"situsZip":null,"jurisdictionCode":null,"ownerName":"LOCKLEAR JEAN MARIE","ownerName2":null,"propertyName":null,"zoningCode":null,"zoningDistrict":null,"jurisdictionPrefix":null,"dorCode":"A-10","acreage":10.18,"centroid":[-79.347877,34.81495],"lastSale":{"date":"2010-05-04","price":null,"qualified":null},"tax":{"marketValue":null,"assessedValue":null,"taxableValue":null,"taxes":null},"mailingAddress":{"line1":"3015 MCGIRT GIN RD","line2":null,"city":"MAXTON","state":"NC","zip":"28364"},"incomeTract":null,"incomeBlockGroup":null,"nearestRoad":null,"flu":null,"opportunityZone":null,"oz2Eligibility":null,"source":"nc-robeson-parcels-37155","appraiserUrl":"https://www.ustaxdata.com/nc/robeson/account.cfm?parcelID=23050100122","gisViewerUrl":"https://maps2.roktech.net/ROKMAPS_Robeson/"},"geometry":{"type":"Polygon","coordinates":[[[-79.347748,34.815166],[-79.347198,34.815419],[-79.347293,34.815926],[-79.347299,34.816409],[-79.347946,34.816777],[-79.349717,34.814943],[-79.349255,34.814639],[-79.348712,34.814813],[-79.34762,34.814092],[-79.348159,34.813919],[-79.347691,34.813611],[-79.346949,34.814195],[-79.347075,34.814819],[-79.347619,34.814568],[-79.347748,34.815166]]]}},{"type":"Feature","id":"37155:839687418400","properties":{"id":"37155:839687418400","parcelId":"839687418400","countyFips":"37155","countyName":"Robeson","state":"North Carolina","marketIds":["Wilmington"],"situsAddress":".","situsCity":null,"situsZip":null,"jurisdictionCode":null,"ownerName":"MAYNOR BOBBY & ET ALS","ownerName2":null,"propertyName":null,"zoningCode":null,"zoningDistrict":null,"jurisdictionPrefix":null,"dorCode":"V-00","acreage":7.0,"centroid":[-79.338157,34.758293],"lastSale":{"date":"2006-11-17","price":null,"qualified":null},"tax":{"marketValue":null,"assessedValue":null,"taxableValue":null,"taxes":null},"mailingAddress":{"line1":"132 BONNIE LN","line2":null,"city":"PEMBROKE","state":"NC","zip":"28372"},"incomeTract":null,"incomeBlockGroup":null,"nearestRoad":null,"flu":null,"opportunityZone":null,"oz2Eligibility":null,"source":"nc-robeson-parcels-37155","appraiserUrl":"https://www.ustaxdata.com/nc/robeson/account.cfm?parcelID=110301011","gisViewerUrl":"https://maps2.roktech.net/ROKMAPS_Robeson/"},"geometry":{"type":"Polygon","coordinates":[[[-79.337558,34.758678],[-79.338349,34.759124],[-79.33904,34.758941],[-79.339316,34.758111],[-79.339088,34.758127],[-79.338872,34.758099],[-79.337061,34.757599],[-79.335972,34.757661],[-79.337558,34.758678]]]}},{"type":"Feature","id":"37155:932903892441","properties":{"id":"37155:932903892441","parcelId":"932903892441","countyFips":"37155","countyName":"Robeson","state":"North Carolina","marketIds":["Wilmington"],"situsAddress":"5601 MT. ZION CHURCH RD","situsCity":null,"situsZip":null,"jurisdictionCode":null,"ownerName":"BULLARD WAYMON &","ownerName2":"BULLARD MARY LEE","propertyName":null,"zoningCode":null,"zoningDistrict":null,"jurisdictionPrefix":null,"dorCode":"A-20","acreage":30.64,"centroid":[-79.264385,34.832769],"lastSale":{"date":"2013-06-04","price":null,"qualified":null},"tax":{"marketValue":null,"assessedValue":null,"taxableValue":null,"taxes":null},"mailingAddress":{"line1":"5597 MT ZION CHURCH RD","line2":null,"city":"MAXTON","state":"NC","zip":"28364"},"incomeTract":null,"incomeBlockGroup":null,"nearestRoad":null,"flu":null,"opportunityZone":null,"oz2Eligibility":null,"source":"nc-robeson-parcels-37155","appraiserUrl":"https://www.ustaxdata.com/nc/robeson/account.cfm?parcelID=23030100215","gisViewerUrl":"https://maps2.roktech.net/ROKMAPS_Robeson/"},"geometry":{"type":"Polygon","coordinates":[[[-79.263747,34.829921],[-79.261284,34.831952],[-79.263448,34.834376],[-79.26432,34.833939],[-79.264073,34.833663],[-79.265703,34.832844],[-79.266061,34.833339],[-79.266447,34.832117],[-79.263747,34.829921]]]}},{"type":"Feature","id":"37155:932820156026","properties":{"id":"37155:932820156026","parcelId":"932820156026","countyFips":"37155","countyName":"Robeson","state":"North Carolina","marketIds":["Wilmington"],"situsAddress":"6249 NC 71 HWY","situsCity":null,"situsZip":null,"jurisdictionCode":null,"ownerName":"LOCKLEAR DANIEL & WF","ownerName2":"LOCKLEAR GINGER NICHOLE","propertyName":null,"zoningCode":null,"zoningDistrict":null,"jurisdictionPrefix":null,"dorCode":"V-20","acreage":40.42,"centroid":[-79.260467,34.795424],"lastSale":{"date":"2015-01-23","price":null,"qualified":null},"tax":{"marketValue":null,"assessedValue":null,"taxableValue":null,"taxes":null},"mailingAddress":{"line1":"604 AMBERDALE CIRCLE","line2":null,"city":"LUMBERTON","state":"NC","zip":"28358"},"incomeTract":null,"incomeBlockGroup":null,"nearestRoad":null,"flu":null,"opportunityZone":null,"oz2Eligibility":null,"source":"nc-robeson-parcels-37155","appraiserUrl":"https://www.ustaxdata.com/nc/robeson/account.cfm?parcelID=231101003","gisViewerUrl":"https://maps2.roktech.net/ROKMAPS_Robeson/"},"geometry":{"type":"Polygon","coordinates":[[[-79.258811,34.797708],[-79.260138,34.797812],[-79.260338,34.797554],[-79.260577,34.797317],[-79.260765,34.797163],[-79.260956,34.796947],[-79.261143,34.796513],[-79.26124,34.79637],[-79.261474,34.796105],[-79.261642,34.796],[-79.261681,34.795886],[-79.261915,34.795655],[-79.261965,34.795582],[-79.261984,34.795389],[-79.261963,34.795192],[-79.261892,34.79488],[-79.261851,34.794541],[-79.261796,34.794433],[-79.261766,34.794306],[-79.261785,34.794109],[-79.261884,34.793816],[-79.260719,34.793817],[-79.26074,34.794734],[-79.259459,34.794747],[-79.259493,34.793464],[-79.259144,34.792987],[-79.256474,34.794132],[-79.256561,34.794326],[-79.256617,34.794507],[-79.257043,34.796448],[-79.260675,34.795713],[-79.258811,34.797708]]]}},{"type":"Feature","id":"37155:839699023900","properties":{"id":"37155:839699023900","parcelId":"839699023900","countyFips":"37155","countyName":"Robeson","state":"North Carolina","marketIds":["Wilmington"],"situsAddress":"232 PAEMBLE CT","situsCity":null,"situsZip":null,"jurisdictionCode":null,"ownerName":"BRYANT SAM ERVIN","ownerName2":null,"propertyName":null,"zoningCode":null,"zoningDistrict":null,"jurisdictionPrefix":null,"dorCode":"A-10","acreage":9.3,"centroid":[-79.335961,34.764124],"lastSale":{"date":"2012-12-31","price":null,"qualified":null},"tax":{"marketValue":null,"assessedValue":null,"taxableValue":null,"taxes":null},"mailingAddress":{"line1":"1244 NC HWY 71 N","line2":null,"city":"MAXTON","state":"NC","zip":"28364"},"incomeTract":null,"incomeBlockGroup":null,"nearestRoad":null,"flu":null,"opportunityZone":null,"oz2Eligibility":null,"source":"nc-robeson-parcels-37155","appraiserUrl":"https://www.ustaxdata.com/nc/robeson/account.cfm?parcelID=110201046","gisViewerUrl":"https://maps2.roktech.net/ROKMAPS_Robeson/"},"geometry":{"type":"Polygon","coordinates":[[[-79.335747,34.763749],[-79.335716,34.763905],[-79.335462,34.764871],[-79.335283,34.765689],[-79.336219,34.765732],[-79.337191,34.762917],[-79.336112,34.762004],[-79.335747,34.763749]]]}},{"type":"Feature","id":"37155:839876239100","properties":{"id":"37155:839876239100","parcelId":"839876239100","countyFips":"37155","countyName":"Robeson","state":"North Carolina","marketIds":["Wilmington"],"situsAddress":"2464 MCGIRT RD","situsCity":null,"situsZip":null,"jurisdictionCode":null,"ownerName":"TOLAR DAVID NEAL","ownerName2":null,"propertyName":null,"zoningCode":null,"zoningDistrict":null,"jurisdictionPrefix":null,"dorCode":"D-10","acreage":5.0,"centroid":[-79.342207,34.811095],"lastSale":{"date":"2004-01-01","price":null,"qualified":null},"tax":{"marketValue":null,"assessedValue":null,"taxableValue":null,"taxes":null},"mailingAddress":{"line1":"2464 MCGIRT RD","line2":null,"city":"MAXTON","state":"NC","zip":"28364"},"incomeTract":null,"incomeBlockGroup":null,"nearestRoad":null,"flu":null,"opportunityZone":null,"oz2Eligibility":null,"source":"nc-robeson-parcels-37155","appraiserUrl":"https://www.ustaxdata.com/nc/robeson/account.cfm?parcelID=23050100601","gisViewerUrl":"https://maps2.roktech.net/ROKMAPS_Robeson/"},"geometry":{"type":"Polygon","coordinates":[[[-79.341741,34.811968],[-79.342317,34.811503],[-79.343372,34.810652],[-79.342619,34.810017],[-79.340988,34.811333],[-79.341741,34.811968]]]}},{"type":"Feature","id":"37155:930925765148","properties":{"id":"37155:930925765148","parcelId":"930925765148","countyFips":"37155","countyName":"Robeson","state":"North Carolina","marketIds":["Wilmington"],"situsAddress":"DIXON DR","situsCity":null,"situsZip":null,"jurisdictionCode":null,"ownerName":"MCLEAN MANDY JANE C/O","ownerName2":"ROBINSON MARY LEE","propertyName":null,"zoningCode":null,"zoningDistrict":null,"jurisdictionPrefix":null,"dorCode":"V-00","acreage":5.41,"centroid":[-79.324184,34.836701],"lastSale":{"date":"2015-08-06","price":null,"qualified":null},"tax":{"marketValue":null,"assessedValue":null,"taxableValue":null,"taxes":null},"mailingAddress":{"line1":"441 DIXON DRIVE","line2":null,"city":"MAXTON","state":"NC","zip":"28364"},"incomeTract":null,"incomeBlockGroup":null,"nearestRoad":null,"flu":null,"opportunityZone":null,"oz2Eligibility":null,"source":"nc-robeson-parcels-37155","appraiserUrl":"https://www.ustaxdata.com/nc/robeson/account.cfm?parcelID=23010100602","gisViewerUrl":"https://maps2.roktech.net/ROKMAPS_Robeson/"},"geometry":{"type":"Polygon","coordinates":[[[-79.323749,34.837351],[-79.323835,34.837119],[-79.32479,34.837427],[-79.325121,34.836658],[-79.324427,34.836439],[-79.324712,34.835885],[-79.323756,34.835584],[-79.323084,34.837144],[-79.323749,34.837351]]]}},{"type":"Feature","id":"37155:930713435300","properties":{"id":"37155:930713435300","parcelId":"930713435300","countyFips":"37155","countyName":"Robeson","state":"North Carolina","marketIds":["Wilmington"],"situsAddress":"MCGIRT RD","situsCity":null,"situsZip":null,"jurisdictionCode":null,"ownerName":"CHAVIS COREY","ownerName2":null,"propertyName":null,"zoningCode":null,"zoningDistrict":null,"jurisdictionPrefix":null,"dorCode":"D-10","acreage":9.77,"centroid":[-79.328193,34.775026],"lastSale":{"date":"2013-08-29","price":null,"qualified":null},"tax":{"marketValue":null,"assessedValue":null,"taxableValue":null,"taxes":null},"mailingAddress":{"line1":"2049 NC HWY 71 N","line2":null,"city":"MAXTON","state":"NC","zip":"28364"},"incomeTract":null,"incomeBlockGroup":null,"nearestRoad":null,"flu":null,"opportunityZone":null,"oz2Eligibility":null,"source":"nc-robeson-parcels-37155","appraiserUrl":"https://www.ustaxdata.com/nc/robeson/account.cfm?parcelID=110102006","gisViewerUrl":"https://maps2.roktech.net/ROKMAPS_Robeson/"},"geometry":{"type":"Polygon","coordinates":[[[-79.329112,34.774204],[-79.328496,34.774458],[-79.327776,34.774757],[-79.327674,34.774729],[-79.326721,34.775143],[-79.326595,34.775393],[-79.326909,34.776222],[-79.329334,34.775694],[-79.329658,34.775088],[-79.329651,34.774576],[-79.329112,34.774204]]]}},{"type":"Feature","id":"37155:931725348402","properties":{"id":"37155:931725348402","parcelId":"931725348402","countyFips":"37155","countyName":"Robeson","state":"North Carolina","marketIds":["Wilmington"],"situsAddress":"4042 NC 71 HWY","situsCity":null,"situsZip":null,"jurisdictionCode":null,"ownerName":"DOUBLE P FARMS LLC","ownerName2":null,"propertyName":null,"zoningCode":null,"zoningDistrict":null,"jurisdictionPrefix":null,"dorCode":"V-40","acreage":129.36,"centroid":[-79.291034,34.781146],"lastSale":{"date":"2013-05-31","price":null,"qualified":null},"tax":{"marketValue":null,"assessedValue":null,"taxableValue":null,"taxes":null},"mailingAddress":{"line1":"6256 NC 72 HWY WEST","line2":null,"city":"PEMBROKE","state":"NC","zip":"28372"},"incomeTract":null,"incomeBlockGroup":null,"nearestRoad":null,"flu":null,"opportunityZone":null,"oz2Eligibility":null,"source":"nc-robeson-parcels-37155","appraiserUrl":"https://www.ustaxdata.com/nc/robeson/account.cfm?parcelID=231301015","gisViewerUrl":"https://maps2.roktech.net/ROKMAPS_Robeson/"},"geometry":{"type":"MultiPolygon","coordinates":[[[[-79.285214,34.779412],[-79.285289,34.781519],[-79.286565,34.781097],[-79.285696,34.780172],[-79.285437,34.779806],[-79.285214,34.779412]]],[[[-79.294734,34.776308],[-79.294469,34.77665],[-79.29354,34.778147],[-79.289278,34.778201],[-79.288909,34.777399],[-79.28519,34.778773],[-79.285387,34.779324],[-79.285701,34.779861],[-79.285995,34.780237],[-79.286758,34.781033],[-79.290079,34.779935],[-79.29124,34.782457],[-79.289186,34.783083],[-79.289203,34.783121],[-79.288855,34.783228],[-79.289497,34.783881],[-79.291599,34.785752],[-79.292222,34.785275],[-79.293498,34.786421],[-79.296408,34.78459],[-79.295743,34.783971],[-79.297438,34.783109],[-79.293047,34.779026],[-79.29683,34.777727],[-79.294734,34.776308]],[[-79.293542,34.783035],[-79.294237,34.783217],[-79.294798,34.783532],[-79.294184,34.784252],[-79.293622,34.783938],[-79.292785,34.784661],[-79.292458,34.784393],[-79.292307,34.783971],[-79.293057,34.78363],[-79.293157,34.783417],[-79.293542,34.783035]]]]}},{"type":"Feature","id":"37155:930960993700","properties":{"id":"37155:930960993700","parcelId":"930960993700","countyFips":"37155","countyName":"Robeson","state":"North Carolina","marketIds":["Wilmington"],"situsAddress":".","situsCity":null,"situsZip":null,"jurisdictionCode":null,"ownerName":"CREECH CAROLYN ANN","ownerName2":null,"propertyName":null,"zoningCode":null,"zoningDistrict":null,"jurisdictionPrefix":null,"dorCode":"V-40","acreage":78.4,"centroid":[-79.310241,34.823963],"lastSale":{"date":"2015-07-05","price":null,"qualified":null},"tax":{"marketValue":null,"assessedValue":null,"taxableValue":null,"taxes":null},"mailingAddress":{"line1":"452 LAKEWOOD FALLS RD","line2":null,"city":"GOLDSTON","state":"NC","zip":"27252"},"incomeTract":null,"incomeBlockGroup":null,"nearestRoad":null,"flu":null,"opportunityZone":null,"oz2Eligibility":null,"source":"nc-robeson-parcels-37155","appraiserUrl":"https://www.ustaxdata.com/nc/robeson/account.cfm?parcelID=230201028","gisViewerUrl":"https://maps2.roktech.net/ROKMAPS_Robeson/"},"geometry":{"type":"Polygon","coordinates":[[[-79.30568,34.824434],[-79.313439,34.826407],[-79.315332,34.824061],[-79.306512,34.820952],[-79.30568,34.824434]]]}},{"type":"Feature","id":"37155:839684940207","properties":{"id":"37155:839684940207","parcelId":"839684940207","countyFips":"37155","countyName":"Robeson","state":"North Carolina","marketIds":["Wilmington"],"situsAddress":"BONNIE LN","situsCity":null,"situsZip":null,"jurisdictionCode":null,"ownerName":"LOCKLEAR KRIS","ownerName2":null,"propertyName":null,"zoningCode":null,"zoningDistrict":null,"jurisdictionPrefix":null,"dorCode":"V-20","acreage":62.36,"centroid":[-79.336989,34.750422],"lastSale":{"date":"2015-08-20","price":null,"qualified":null},"tax":{"marketValue":null,"assessedValue":null,"taxableValue":null,"taxes":null},"mailingAddress":{"line1":"3601 RED HILL RD","line2":null,"city":"MAXTON","state":"NC","zip":"28364"},"incomeTract":null,"incomeBlockGroup":null,"nearestRoad":null,"flu":null,"opportunityZone":null,"oz2Eligibility":null,"source":"nc-robeson-parcels-37155","appraiserUrl":"https://www.ustaxdata.com/nc/robeson/account.cfm?parcelID=11030200201","gisViewerUrl":"https://maps2.roktech.net/ROKMAPS_Robeson/"},"geometry":{"type":"Polygon","coordinates":[[[-79.333076,34.752093],[-79.333115,34.752442],[-79.33348,34.755696],[-79.339419,34.750105],[-79.340844,34.748786],[-79.340711,34.748739],[-79.340813,34.748551],[-79.336588,34.747041],[-79.335672,34.750004],[-79.336168,34.750766],[-79.333076,34.752093]]]}},{"type":"Feature","id":"37155:932941930800","properties":{"id":"37155:932941930800","parcelId":"932941930800","countyFips":"37155","countyName":"Robeson","state":"North Carolina","marketIds":["Wilmington"],"situsAddress":"4710 MT ZION CHURCH RD","situsCity":null,"situsZip":null,"jurisdictionCode":null,"ownerName":"MCCOLLUM NAOMI M HEIRS","ownerName2":null,"propertyName":null,"zoningCode":null,"zoningDistrict":null,"jurisdictionPrefix":null,"dorCode":"D-10","acreage":5.0,"centroid":[-79.250225,34.825147],"lastSale":{"date":"2012-01-01","price":null,"qualified":null},"tax":{"marketValue":null,"assessedValue":null,"taxableValue":null,"taxes":null},"mailingAddress":{"line1":"2051 CORRINNA ST","line2":null,"city":"FAYETTEVILLE","state":"NC","zip":"28301"},"incomeTract":null,"incomeBlockGroup":null,"nearestRoad":null,"flu":null,"opportunityZone":null,"oz2Eligibility":null,"source":"nc-robeson-parcels-37155","appraiserUrl":"https://www.ustaxdata.com/nc/robeson/account.cfm?parcelID=23040102105","gisViewerUrl":"https://maps2.roktech.net/ROKMAPS_Robeson/"},"geometry":{"type":"Polygon","coordinates":[[[-79.250667,34.824378],[-79.248918,34.825362],[-79.249611,34.826011],[-79.251703,34.824839],[-79.250667,34.824378]]]}},{"type":"Feature","id":"37155:930666811300","properties":{"id":"37155:930666811300","parcelId":"930666811300","countyFips":"37155","countyName":"Robeson","state":"North Carolina","marketIds":["Wilmington"],"situsAddress":"1496 HEZEKIAH RD","situsCity":null,"situsZip":null,"jurisdictionCode":null,"ownerName":"BULLARD ZIATTA","ownerName2":null,"propertyName":null,"zoningCode":null,"zoningDistrict":null,"jurisdictionPrefix":null,"dorCode":"V-20","acreage":23.19,"centroid":[-79.309902,34.754245],"lastSale":{"date":"1999-01-01","price":null,"qualified":null},"tax":{"marketValue":null,"assessedValue":null,"taxableValue":null,"taxes":null},"mailingAddress":{"line1":"1047 RED BANKS RD","line2":null,"city":"MAXTON","state":"NC","zip":"28364"},"incomeTract":null,"incomeBlockGroup":null,"nearestRoad":null,"flu":null,"opportunityZone":null,"oz2Eligibility":null,"source":"nc-robeson-parcels-37155","appraiserUrl":"https://www.ustaxdata.com/nc/robeson/account.cfm?parcelID=231701009","gisViewerUrl":"https://maps2.roktech.net/ROKMAPS_Robeson/"},"geometry":{"type":"Polygon","coordinates":[[[-79.309429,34.757585],[-79.309552,34.758196],[-79.312165,34.757721],[-79.310735,34.753277],[-79.310638,34.753298],[-79.310381,34.753237],[-79.309716,34.752826],[-79.309668,34.752836],[-79.30954,34.752341],[-79.309077,34.752422],[-79.309306,34.753553],[-79.30862,34.753647],[-79.309429,34.757585]]]}},{"type":"Feature","id":"37155:931932881000","properties":{"id":"37155:931932881000","parcelId":"931932881000","countyFips":"37155","countyName":"Robeson","state":"North Carolina","marketIds":["Wilmington"],"situsAddress":"189 AWENASA LN","situsCity":null,"situsZip":null,"jurisdictionCode":null,"ownerName":"SCOTT LLOYD ALLEN","ownerName2":null,"propertyName":null,"zoningCode":null,"zoningDistrict":null,"jurisdictionPrefix":null,"dorCode":"V-80","acreage":5.0,"centroid":[-79.28581,34.829035],"lastSale":{"date":"2005-01-01","price":null,"qualified":null},"tax":{"marketValue":null,"assessedValue":null,"taxableValue":null,"taxes":null},"mailingAddress":{"line1":"PO BOX 939","line2":null,"city":"RED SPRINGS","state":"NC","zip":"28377"},"incomeTract":null,"incomeBlockGroup":null,"nearestRoad":null,"flu":null,"opportunityZone":null,"oz2Eligibility":null,"source":"nc-robeson-parcels-37155","appraiserUrl":"https://www.ustaxdata.com/nc/robeson/account.cfm?parcelID=23030100225","gisViewerUrl":"https://maps2.roktech.net/ROKMAPS_Robeson/"},"geometry":{"type":"Polygon","coordinates":[[[-79.285258,34.828863],[-79.285452,34.829113],[-79.289094,34.829054],[-79.289126,34.828228],[-79.287201,34.82827],[-79.287322,34.828819],[-79.285258,34.828863]]]}},{"type":"Feature","id":"37155:930912982000","properties":{"id":"37155:930912982000","parcelId":"930912982000","countyFips":"37155","countyName":"Robeson","state":"North Carolina","marketIds":["Wilmington"],"situsAddress":"144 KALYN RD","situsCity":null,"situsZip":null,"jurisdictionCode":null,"ownerName":"SCOTT DON ALLEN","ownerName2":null,"propertyName":null,"zoningCode":null,"zoningDistrict":null,"jurisdictionPrefix":null,"dorCode":"A-10","acreage":10.91,"centroid":[-79.326616,34.829105],"lastSale":{"date":"2004-01-01","price":null,"qualified":null},"tax":{"marketValue":null,"assessedValue":null,"taxableValue":null,"taxes":null},"mailingAddress":{"line1":"144 KALYN ROAD","line2":null,"city":"MAXTON","state":"NC","zip":"28364"},"incomeTract":null,"incomeBlockGroup":null,"nearestRoad":null,"flu":null,"opportunityZone":null,"oz2Eligibility":null,"source":"nc-robeson-parcels-37155","appraiserUrl":"https://www.ustaxdata.com/nc/robeson/account.cfm?parcelID=23010100705","gisViewerUrl":"https://maps2.roktech.net/ROKMAPS_Robeson/"},"geometry":{"type":"Polygon","coordinates":[[[-79.325473,34.828488],[-79.325516,34.828625],[-79.326063,34.830361],[-79.326621,34.830212],[-79.32727,34.829539],[-79.328755,34.827407],[-79.325473,34.828488]]]}},{"type":"Feature","id":"37155:931953295700","properties":{"id":"37155:931953295700","parcelId":"931953295700","countyFips":"37155","countyName":"Robeson","state":"North Carolina","marketIds":["Wilmington"],"situsAddress":"MCNAIR RD","situsCity":null,"situsZip":null,"jurisdictionCode":null,"ownerName":"LOCKLEAR HENRY H & WF","ownerName2":"ELLEN LOCKLEAR","propertyName":null,"zoningCode":null,"zoningDistrict":null,"jurisdictionPrefix":null,"dorCode":"V-20","acreage":71.36,"centroid":[-79.281275,34.833121],"lastSale":{"date":"2006-02-22","price":null,"qualified":null},"tax":{"marketValue":null,"assessedValue":null,"taxableValue":null,"taxes":null},"mailingAddress":{"line1":"95 WL MOORE RD","line2":null,"city":"MAXTON","state":"NC","zip":"28364"},"incomeTract":null,"incomeBlockGroup":null,"nearestRoad":null,"flu":null,"opportunityZone":null,"oz2Eligibility":null,"source":"nc-robeson-parcels-37155","appraiserUrl":"https://www.ustaxdata.com/nc/robeson/account.cfm?parcelID=23030100213","gisViewerUrl":"https://maps2.roktech.net/ROKMAPS_Robeson/"},"geometry":{"type":"Polygon","coordinates":[[[-79.278904,34.835077],[-79.279008,34.835214],[-79.279582,34.835975],[-79.280162,34.835749],[-79.2806,34.835529],[-79.281208,34.835152],[-79.285975,34.83208],[-79.285386,34.829668],[-79.283857,34.828652],[-79.282592,34.829659],[-79.28042,34.830521],[-79.279949,34.832344],[-79.278932,34.834958],[-79.278904,34.835077]]]}},{"type":"Feature","id":"37155:931747905500","properties":{"id":"37155:931747905500","parcelId":"931747905500","countyFips":"37155","countyName":"Robeson","state":"North Carolina","marketIds":["Wilmington"],"situsAddress":"DOC HENDERSON RD","situsCity":null,"situsZip":null,"jurisdictionCode":null,"ownerName":"SMITH BERTHA S LF EST","ownerName2":"SMITH SAMUEL JR & WF DIANNE D","propertyName":null,"zoningCode":null,"zoningDistrict":null,"jurisdictionPrefix":null,"dorCode":"V-80","acreage":34.27,"centroid":[-79.283364,34.786234],"lastSale":{"date":"2005-01-01","price":null,"qualified":null},"tax":{"marketValue":null,"assessedValue":null,"taxableValue":null,"taxes":null},"mailingAddress":{"line1":"P O BOX 582","line2":null,"city":"MAXTON","state":"NC","zip":"28364"},"incomeTract":null,"incomeBlockGroup":null,"nearestRoad":null,"flu":null,"opportunityZone":null,"oz2Eligibility":null,"source":"nc-robeson-parcels-37155","appraiserUrl":"https://www.ustaxdata.com/nc/robeson/account.cfm?parcelID=231001011","gisViewerUrl":"https://maps2.roktech.net/ROKMAPS_Robeson/"},"geometry":{"type":"Polygon","coordinates":[[[-79.279604,34.786796],[-79.280707,34.78846],[-79.282533,34.787553],[-79.282205,34.787059],[-79.282319,34.786671],[-79.282274,34.786506],[-79.282555,34.786428],[-79.283135,34.786363],[-79.284657,34.785635],[-79.286358,34.786385],[-79.28812,34.785091],[-79.286706,34.783822],[-79.285602,34.784255],[-79.280317,34.786254],[-79.279604,34.786796]]]}},{"type":"Feature","id":"37155:932607229884","properties":{"id":"37155:932607229884","parcelId":"932607229884","countyFips":"37155","countyName":"Robeson","state":"North Carolina","marketIds":["Wilmington"],"situsAddress":"4231 OLD RED SPRINGS RD","situsCity":null,"situsZip":null,"jurisdictionCode":null,"ownerName":"CLARK STANLEY GENE","ownerName2":null,"propertyName":null,"zoningCode":null,"zoningDistrict":null,"jurisdictionPrefix":null,"dorCode":"A-20","acreage":78.28,"centroid":[-79.265586,34.758231],"lastSale":{"date":"2011-01-01","price":null,"qualified":null},"tax":{"marketValue":null,"assessedValue":null,"taxableValue":null,"taxes":null},"mailingAddress":{"line1":"POST OFFICE BOX 628","line2":null,"city":"PEMBROKE","state":"NC","zip":"28372"},"incomeTract":null,"incomeBlockGroup":null,"nearestRoad":null,"flu":null,"opportunityZone":null,"oz2Eligibility":null,"source":"nc-robeson-parcels-37155","appraiserUrl":"https://www.ustaxdata.com/nc/robeson/account.cfm?parcelID=231401008","gisViewerUrl":"https://maps2.roktech.net/ROKMAPS_Robeson/"},"geometry":{"type":"MultiPolygon","coordinates":[[[[-79.263885,34.76124],[-79.263925,34.761232],[-79.267176,34.760629],[-79.2676,34.760577],[-79.267989,34.760563],[-79.268988,34.759169],[-79.268743,34.758737],[-79.268277,34.75758],[-79.268143,34.757353],[-79.267797,34.756858],[-79.267119,34.757242],[-79.266887,34.756909],[-79.264799,34.755725],[-79.262815,34.756189],[-79.262074,34.75688],[-79.262344,34.757213],[-79.262707,34.756878],[-79.262933,34.757249],[-79.261928,34.758173],[-79.263885,34.76124]]],[[[-79.265282,34.762617],[-79.265357,34.762025],[-79.266015,34.762268],[-79.26671,34.761312],[-79.267273,34.761518],[-79.267861,34.760726],[-79.267214,34.760791],[-79.265501,34.761108],[-79.265717,34.761684],[-79.265392,34.761743],[-79.265176,34.761168],[-79.262611,34.761654],[-79.265282,34.762617]]],[[[-79.26737,34.755911],[-79.267657,34.756325],[-79.268258,34.757189],[-79.267599,34.755436],[-79.26737,34.755911]]]]}},{"type":"Feature","id":"37155:931705732100","properties":{"id":"37155:931705732100","parcelId":"931705732100","countyFips":"37155","countyName":"Robeson","state":"North Carolina","marketIds":["Wilmington"],"situsAddress":"3856 NC 71 HWY","situsCity":null,"situsZip":null,"jurisdictionCode":null,"ownerName":"CARTER KATHLEEN H & ET ALS","ownerName2":null,"propertyName":null,"zoningCode":null,"zoningDistrict":null,"jurisdictionPrefix":null,"dorCode":"A-80","acreage":45.65,"centroid":[-79.297224,34.781337],"lastSale":{"date":"2006-12-29","price":null,"qualified":null},"tax":{"marketValue":null,"assessedValue":null,"taxableValue":null,"taxes":null},"mailingAddress":{"line1":"142 PARKWOOD DRIVE","line2":null,"city":"WILMINGTON","state":"NC","zip":"28409"},"incomeTract":null,"incomeBlockGroup":null,"nearestRoad":null,"flu":null,"opportunityZone":null,"oz2Eligibility":null,"source":"nc-robeson-parcels-37155","appraiserUrl":"https://www.ustaxdata.com/nc/robeson/account.cfm?parcelID=231301014","gisViewerUrl":"https://maps2.roktech.net/ROKMAPS_Robeson/"},"geometry":{"type":"Polygon","coordinates":[[[-79.297438,34.783109],[-79.29754,34.783205],[-79.29814,34.783762],[-79.299621,34.783393],[-79.297949,34.779138],[-79.29683,34.777727],[-79.293047,34.779026],[-79.297438,34.783109]]]}},{"type":"Feature","id":"37155:930656879500","properties":{"id":"37155:930656879500","parcelId":"930656879500","countyFips":"37155","countyName":"Robeson","state":"North Carolina","marketIds":["Wilmington"],"situsAddress":"SR 1312","situsCity":null,"situsZip":null,"jurisdictionCode":null,"ownerName":"CHAVIS DORIS 1/2 INT","ownerName2":"COLLINS ROBERT 1/2 INT","propertyName":null,"zoningCode":null,"zoningDistrict":null,"jurisdictionPrefix":null,"dorCode":"V-80","acreage":5.9,"centroid":[-79.313143,34.75721],"lastSale":{"date":"2006-07-07","price":null,"qualified":null},"tax":{"marketValue":null,"assessedValue":null,"taxableValue":null,"taxes":null},"mailingAddress":{"line1":"P O BOX 109","line2":null,"city":"WALTHOURVILLE","state":"GA","zip":"31333"},"incomeTract":null,"incomeBlockGroup":null,"nearestRoad":null,"flu":null,"opportunityZone":null,"oz2Eligibility":null,"source":"nc-robeson-parcels-37155","appraiserUrl":"https://www.ustaxdata.com/nc/robeson/account.cfm?parcelID=23170100913","gisViewerUrl":"https://maps2.roktech.net/ROKMAPS_Robeson/"},"geometry":{"type":"Polygon","coordinates":[[[-79.31286,34.757012],[-79.31304,34.757567],[-79.313841,34.757427],[-79.31283,34.756836],[-79.31286,34.757012]]]}},{"type":"Feature","id":"37155:930936904928","properties":{"id":"37155:930936904928","parcelId":"930936904928","countyFips":"37155","countyName":"Robeson","state":"North Carolina","marketIds":["Wilmington"],"situsAddress":".","situsCity":null,"situsZip":null,"jurisdictionCode":null,"ownerName":"PATTEN SEED COMPANY","ownerName2":null,"propertyName":null,"zoningCode":null,"zoningDistrict":null,"jurisdictionPrefix":null,"dorCode":"V-00","acreage":6.05,"centroid":[-79.320168,34.837972],"lastSale":{"date":"2015-08-06","price":null,"qualified":null},"tax":{"marketValue":null,"assessedValue":null,"taxableValue":null,"taxes":null},"mailingAddress":{"line1":"PO BOX 217","line2":null,"city":"LAKELAND","state":"GA","zip":"31635"},"incomeTract":null,"incomeBlockGroup":null,"nearestRoad":null,"flu":null,"opportunityZone":null,"oz2Eligibility":null,"source":"nc-robeson-parcels-37155","appraiserUrl":"https://www.ustaxdata.com/nc/robeson/account.cfm?parcelID=23020100504","gisViewerUrl":"https://maps2.roktech.net/ROKMAPS_Robeson/"},"geometry":{"type":"Polygon","coordinates":[[[-79.321011,34.837533],[-79.319581,34.836691],[-79.3194,34.838806],[-79.32068,34.838857],[-79.321011,34.837533]]]}},{"type":"Feature","id":"37155:839953703311","properties":{"id":"37155:839953703311","parcelId":"839953703311","countyFips":"37155","countyName":"Robeson","state":"North Carolina","marketIds":["Wilmington"],"situsAddress":"MCGIRT RD","situsCity":null,"situsZip":null,"jurisdictionCode":null,"ownerName":"COOPER RANDALL BLAKE &","ownerName2":"COOPER EMILY MICHELLE","propertyName":null,"zoningCode":null,"zoningDistrict":null,"jurisdictionPrefix":null,"dorCode":"V-20","acreage":68.29,"centroid":[-79.351374,34.830751],"lastSale":{"date":"2015-07-15","price":null,"qualified":null},"tax":{"marketValue":null,"assessedValue":null,"taxableValue":null,"taxes":null},"mailingAddress":{"line1":"P O BOX 645","line2":null,"city":"WAGRAM","state":"NC","zip":"28396"},"incomeTract":null,"incomeBlockGroup":null,"nearestRoad":null,"flu":null,"opportunityZone":null,"oz2Eligibility":null,"source":"nc-robeson-parcels-37155","appraiserUrl":"https://www.ustaxdata.com/nc/robeson/account.cfm?parcelID=23010101401","gisViewerUrl":"https://maps2.roktech.net/ROKMAPS_Robeson/"},"geometry":{"type":"Polygon","coordinates":[[[-79.351502,34.83177],[-79.351618,34.831838],[-79.351681,34.831871],[-79.351762,34.831862],[-79.351925,34.831731],[-79.351913,34.831596],[-79.351806,34.831536],[-79.3517,34.831445],[-79.351633,34.831239],[-79.351758,34.831112],[-79.351871,34.831059],[-79.351888,34.830986],[-79.351976,34.830942],[-79.351993,34.830874],[-79.351913,34.830806],[-79.351901,34.83071],[-79.351801,34.830684],[-79.351857,34.830514],[-79.351778,34.830425],[-79.351859,34.830283],[-79.351975,34.830237],[-79.352268,34.830242],[-79.352384,34.830145],[-79.352554,34.829954],[-79.352647,34.829892],[-79.352749,34.829861],[-79.352732,34.829557],[-79.343555,34.826803],[-79.342759,34.829793],[-79.351381,34.831772],[-79.351468,34.83175],[-79.351502,34.83177]]]}},{"type":"Feature","id":"37155:931911824700","properties":{"id":"37155:931911824700","parcelId":"931911824700","countyFips":"37155","countyName":"Robeson","state":"North Carolina","marketIds":["Wilmington"],"situsAddress":"2444 MODEST RD","situsCity":null,"situsZip":null,"jurisdictionCode":null,"ownerName":"CHAVIS GODWIN JR","ownerName2":null,"propertyName":null,"zoningCode":null,"zoningDistrict":null,"jurisdictionPrefix":null,"dorCode":"V-00","acreage":7.7,"centroid":[-79.293762,34.824891],"lastSale":{"date":"2004-01-01","price":null,"qualified":null},"tax":{"marketValue":null,"assessedValue":null,"taxableValue":null,"taxes":null},"mailingAddress":{"line1":"2446 MODEST RD","line2":null,"city":"MAXTON","state":"NC","zip":"28364"},"incomeTract":null,"incomeBlockGroup":null,"nearestRoad":null,"flu":null,"opportunityZone":null,"oz2Eligibility":null,"source":"nc-robeson-parcels-37155","appraiserUrl":"https://www.ustaxdata.com/nc/robeson/account.cfm?parcelID=230201020","gisViewerUrl":"https://maps2.roktech.net/ROKMAPS_Robeson/"},"geometry":{"type":"Polygon","coordinates":[[[-79.292513,34.824138],[-79.292451,34.825527],[-79.293971,34.825595],[-79.296114,34.824303],[-79.292513,34.824138]]]}},{"type":"Feature","id":"37155:931636842200","properties":{"id":"37155:931636842200","parcelId":"931636842200","countyFips":"37155","countyName":"Robeson","state":"North Carolina","marketIds":["Wilmington"],"situsAddress":"2876 OLD RED SPRINGS RD","situsCity":null,"situsZip":null,"jurisdictionCode":null,"ownerName":"OXENDINE JAMES T & WF JO ANNE","ownerName2":null,"propertyName":null,"zoningCode":null,"zoningDistrict":null,"jurisdictionPrefix":null,"dorCode":"A-20","acreage":68.97,"centroid":[-79.288345,34.756053],"lastSale":{"date":"2004-01-01","price":null,"qualified":null},"tax":{"marketValue":null,"assessedValue":null,"taxableValue":null,"taxes":null},"mailingAddress":{"line1":"146 ZADIE DR","line2":null,"city":"MAXTON","state":"NC","zip":"28364"},"incomeTract":null,"incomeBlockGroup":null,"nearestRoad":null,"flu":null,"opportunityZone":null,"oz2Eligibility":null,"source":"nc-robeson-parcels-37155","appraiserUrl":"https://www.ustaxdata.com/nc/robeson/account.cfm?parcelID=23140100504","gisViewerUrl":"https://maps2.roktech.net/ROKMAPS_Robeson/"},"geometry":{"type":"Polygon","coordinates":[[[-79.288279,34.753412],[-79.287718,34.753228],[-79.28751,34.756538],[-79.281441,34.753214],[-79.285647,34.759806],[-79.2881,34.758677],[-79.289613,34.756685],[-79.291001,34.757339],[-79.291259,34.757219],[-79.292137,34.75596],[-79.289091,34.7545],[-79.288279,34.753412]]]}},{"type":"Feature","id":"37155:839882862500","properties":{"id":"37155:839882862500","parcelId":"839882862500","countyFips":"37155","countyName":"Robeson","state":"North Carolina","marketIds":["Wilmington"],"situsAddress":"MCGIRT RD","situsCity":null,"situsZip":null,"jurisdictionCode":null,"ownerName":"LOCKLEAR ROBERT & WF","ownerName2":"LOCKLEAR LANETTE C","propertyName":null,"zoningCode":null,"zoningDistrict":null,"jurisdictionPrefix":null,"dorCode":"V-10","acreage":14.91,"centroid":[-79.336976,34.800976],"lastSale":{"date":"2001-01-01","price":null,"qualified":null},"tax":{"marketValue":null,"assessedValue":null,"taxableValue":null,"taxes":null},"mailingAddress":{"line1":"PO BOX 2229","line2":null,"city":"PEMBROKE","state":"NC","zip":"28372"},"incomeTract":null,"incomeBlockGroup":null,"nearestRoad":null,"flu":null,"opportunityZone":null,"oz2Eligibility":null,"source":"nc-robeson-parcels-37155","appraiserUrl":"https://www.ustaxdata.com/nc/robeson/account.cfm?parcelID=230901001","gisViewerUrl":"https://maps2.roktech.net/ROKMAPS_Robeson/"},"geometry":{"type":"Polygon","coordinates":[[[-79.33457,34.80075],[-79.335228,34.800839],[-79.336994,34.80233],[-79.338828,34.801462],[-79.338497,34.800924],[-79.337738,34.799554],[-79.33457,34.80075]]]}},{"type":"Feature","id":"37155:932738959300","properties":{"id":"37155:932738959300","parcelId":"932738959300","countyFips":"37155","countyName":"Robeson","state":"North Carolina","marketIds":["Wilmington"],"situsAddress":"6772 PRESTON RD","situsCity":null,"situsZip":null,"jurisdictionCode":null,"ownerName":"LOCKLEAR HOLLY F /PACHAN ET","ownerName2":null,"propertyName":null,"zoningCode":null,"zoningDistrict":null,"jurisdictionPrefix":null,"dorCode":"A-40","acreage":85.17,"centroid":[-79.253226,34.790716],"lastSale":{"date":"2001-01-01","price":null,"qualified":null},"tax":{"marketValue":null,"assessedValue":null,"taxableValue":null,"taxes":null},"mailingAddress":{"line1":"1885 MCMILLIAN RD","line2":null,"city":"MAXTON","state":"NC","zip":"28364"},"incomeTract":null,"incomeBlockGroup":null,"nearestRoad":null,"flu":null,"opportunityZone":null,"oz2Eligibility":null,"source":"nc-robeson-parcels-37155","appraiserUrl":"https://www.ustaxdata.com/nc/robeson/account.cfm?parcelID=231101019","gisViewerUrl":"https://maps2.roktech.net/ROKMAPS_Robeson/"},"geometry":{"type":"Polygon","coordinates":[[[-79.2528,34.791788],[-79.2529,34.791809],[-79.253748,34.792025],[-79.253797,34.791908],[-79.255171,34.790247],[-79.256128,34.790511],[-79.257216,34.787685],[-79.252116,34.787372],[-79.251181,34.790421],[-79.250857,34.791567],[-79.25146,34.791626],[-79.251537,34.791078],[-79.253028,34.79127],[-79.2528,34.791788]]]}},{"type":"Feature","id":"37155:839847279100","properties":{"id":"37155:839847279100","parcelId":"839847279100","countyFips":"37155","countyName":"Robeson","state":"North Carolina","marketIds":["Wilmington"],"situsAddress":"315 MCGIRT BRIDGE RD","situsCity":null,"situsZip":null,"jurisdictionCode":null,"ownerName":"LOCKLEAR FULLER JR","ownerName2":null,"propertyName":null,"zoningCode":null,"zoningDistrict":null,"jurisdictionPrefix":null,"dorCode":"A-10","acreage":16.2,"centroid":[-79.352937,34.813983],"lastSale":{"date":"2004-01-01","price":null,"qualified":null},"tax":{"marketValue":null,"assessedValue":null,"taxableValue":null,"taxes":null},"mailingAddress":{"line1":"2921 MCGIRT GIN RD","line2":null,"city":"MAXTON","state":"NC","zip":"28364"},"incomeTract":null,"incomeBlockGroup":null,"nearestRoad":null,"flu":null,"opportunityZone":null,"oz2Eligibility":null,"source":"nc-robeson-parcels-37155","appraiserUrl":"https://www.ustaxdata.com/nc/robeson/account.cfm?parcelID=23050100104","gisViewerUrl":"https://maps2.roktech.net/ROKMAPS_Robeson/"},"geometry":{"type":"Polygon","coordinates":[[[-79.350177,34.815034],[-79.350397,34.815178],[-79.35115,34.815662],[-79.35236,34.816402],[-79.354057,34.814509],[-79.354011,34.814498],[-79.353508,34.814565],[-79.353349,34.814541],[-79.353205,34.814495],[-79.353133,34.814412],[-79.352966,34.814087],[-79.35293,34.81395],[-79.352958,34.813903],[-79.353332,34.813754],[-79.353583,34.813631],[-79.353619,34.813565],[-79.353618,34.813488],[-79.353546,34.813394],[-79.353431,34.813353],[-79.353302,34.813359],[-79.353151,34.81343],[-79.352978,34.813431],[-79.352885,34.813402],[-79.352791,34.813319],[-79.352755,34.81323],[-79.352833,34.813106],[-79.35307,34.812951],[-79.353139,34.812865],[-79.350177,34.815034]]]}},{"type":"Feature","id":"37155:839972914900","properties":{"id":"37155:839972914900","parcelId":"839972914900","countyFips":"37155","countyName":"Robeson","state":"North Carolina","marketIds":["Wilmington"],"situsAddress":"2033 MCGIRT GIN RD","situsCity":null,"situsZip":null,"jurisdictionCode":null,"ownerName":"BRYANT CARLIS RAY","ownerName2":null,"propertyName":null,"zoningCode":null,"zoningDistrict":null,"jurisdictionPrefix":null,"dorCode":"D-10","acreage":6.05,"centroid":[-79.339988,34.826985],"lastSale":{"date":"2004-01-01","price":null,"qualified":null},"tax":{"marketValue":null,"assessedValue":null,"taxableValue":null,"taxes":null},"mailingAddress":{"line1":"2048 MCGIRT GIN RD","line2":null,"city":"MAXTON","state":"NC","zip":"28364"},"incomeTract":null,"incomeBlockGroup":null,"nearestRoad":null,"flu":null,"opportunityZone":null,"oz2Eligibility":null,"source":"nc-robeson-parcels-37155","appraiserUrl":"https://www.ustaxdata.com/nc/robeson/account.cfm?parcelID=23010101305","gisViewerUrl":"https://maps2.roktech.net/ROKMAPS_Robeson/"},"geometry":{"type":"Polygon","coordinates":[[[-79.33942,34.826292],[-79.338905,34.82657],[-79.340698,34.828376],[-79.34093,34.826704],[-79.33942,34.826292]]]}},{"type":"Feature","id":"37155:932840421875","properties":{"id":"37155:932840421875","parcelId":"932840421875","countyFips":"37155","countyName":"Robeson","state":"North Carolina","marketIds":["Wilmington"],"situsAddress":".","situsCity":null,"situsZip":null,"jurisdictionCode":null,"ownerName":"LOCKLEAR HOLLY FLOYD","ownerName2":null,"propertyName":null,"zoningCode":null,"zoningDistrict":null,"jurisdictionPrefix":null,"dorCode":"V-20","acreage":22.91,"centroid":[-79.251981,34.794061],"lastSale":{"date":"2012-09-05","price":null,"qualified":null},"tax":{"marketValue":null,"assessedValue":null,"taxableValue":null,"taxes":null},"mailingAddress":{"line1":"1885 MCMILLAN RD","line2":null,"city":"MAXTON","state":"NC","zip":"28364"},"incomeTract":null,"incomeBlockGroup":null,"nearestRoad":null,"flu":null,"opportunityZone":null,"oz2Eligibility":null,"source":"nc-robeson-parcels-37155","appraiserUrl":"https://www.ustaxdata.com/nc/robeson/account.cfm?parcelID=231101009","gisViewerUrl":"https://maps2.roktech.net/ROKMAPS_Robeson/"},"geometry":{"type":"Polygon","coordinates":[[[-79.253467,34.793028],[-79.249934,34.79386],[-79.249603,34.793938],[-79.250929,34.797103],[-79.2544,34.793432],[-79.253555,34.793008],[-79.253467,34.793028]]]}},{"type":"Feature","id":"37155:930678710000","properties":{"id":"37155:930678710000","parcelId":"930678710000","countyFips":"37155","countyName":"Robeson","state":"North Carolina","marketIds":["Wilmington"],"situsAddress":"4358 RED HILL RD","situsCity":null,"situsZip":null,"jurisdictionCode":null,"ownerName":"BULLARD TENITA","ownerName2":null,"propertyName":null,"zoningCode":null,"zoningDistrict":null,"jurisdictionPrefix":null,"dorCode":"V-20","acreage":27.87,"centroid":[-79.313552,34.761408],"lastSale":{"date":"1998-01-01","price":null,"qualified":null},"tax":{"marketValue":null,"assessedValue":null,"taxableValue":null,"taxes":null},"mailingAddress":{"line1":"4358 RED HILL RD","line2":null,"city":"MAXTON","state":"NC","zip":"28364"},"incomeTract":null,"incomeBlockGroup":null,"nearestRoad":null,"flu":null,"opportunityZone":null,"oz2Eligibility":null,"source":"nc-robeson-parcels-37155","appraiserUrl":"https://www.ustaxdata.com/nc/robeson/account.cfm?parcelID=23170100801","gisViewerUrl":"https://maps2.roktech.net/ROKMAPS_Robeson/"},"geometry":{"type":"Polygon","coordinates":[[[-79.312898,34.760822],[-79.312917,34.760961],[-79.313108,34.762365],[-79.314524,34.762219],[-79.314312,34.760675],[-79.312898,34.760822]]]}},{"type":"Feature","id":"37155:931707478400","properties":{"id":"37155:931707478400","parcelId":"931707478400","countyFips":"37155","countyName":"Robeson","state":"North Carolina","marketIds":["Wilmington"],"situsAddress":"NC 71 HWY","situsCity":null,"situsZip":null,"jurisdictionCode":null,"ownerName":"MILLER ELIZABETH WALKER","ownerName2":"C/O ROGERS V.MILLER","propertyName":null,"zoningCode":null,"zoningDistrict":null,"jurisdictionPrefix":null,"dorCode":"V-40","acreage":103.7,"centroid":[-79.298026,34.785721],"lastSale":{"date":"2005-01-01","price":null,"qualified":null},"tax":{"marketValue":null,"assessedValue":null,"taxableValue":null,"taxes":null},"mailingAddress":{"line1":"7702 BARTLEY WAY","line2":null,"city":"ALEXANDRIA","state":"VA","zip":"22315"},"incomeTract":null,"incomeBlockGroup":null,"nearestRoad":null,"flu":null,"opportunityZone":null,"oz2Eligibility":null,"source":"nc-robeson-parcels-37155","appraiserUrl":"https://www.ustaxdata.com/nc/robeson/account.cfm?parcelID=231001002","gisViewerUrl":"https://maps2.roktech.net/ROKMAPS_Robeson/"},"geometry":{"type":"Polygon","coordinates":[[[-79.292854,34.787031],[-79.297276,34.791025],[-79.302001,34.789125],[-79.300788,34.783851],[-79.299376,34.783625],[-79.298268,34.7839],[-79.297577,34.784135],[-79.297218,34.784303],[-79.29688,34.784494],[-79.292854,34.787031]]]}},{"type":"Feature","id":"37155:930655912115","properties":{"id":"37155:930655912115","parcelId":"930655912115","countyFips":"37155","countyName":"Robeson","state":"North Carolina","marketIds":["Wilmington"],"situsAddress":"101 WRANGLE DR","situsCity":null,"situsZip":null,"jurisdictionCode":null,"ownerName":"CUMMINGS TERRY A & BARBARA","ownerName2":null,"propertyName":null,"zoningCode":null,"zoningDistrict":null,"jurisdictionPrefix":null,"dorCode":"D-40","acreage":11.53,"centroid":[-79.313255,34.75232],"lastSale":{"date":"2011-01-24","price":null,"qualified":null},"tax":{"marketValue":null,"assessedValue":null,"taxableValue":null,"taxes":null},"mailingAddress":{"line1":"1289 OLD RED SPRING HWY","line2":null,"city":"MAXTON","state":"NC","zip":"28364"},"incomeTract":null,"incomeBlockGroup":null,"nearestRoad":null,"flu":null,"opportunityZone":null,"oz2Eligibility":null,"source":"nc-robeson-parcels-37155","appraiserUrl":"https://www.ustaxdata.com/nc/robeson/account.cfm?parcelID=110302035","gisViewerUrl":"https://maps2.roktech.net/ROKMAPS_Robeson/"},"geometry":{"type":"Polygon","coordinates":[[[-79.313361,34.752465],[-79.313365,34.75202],[-79.313262,34.750688],[-79.313048,34.750607],[-79.313013,34.750618],[-79.313198,34.750893],[-79.313213,34.751125],[-79.312802,34.751224],[-79.312595,34.750754],[-79.312149,34.750899],[-79.312437,34.751616],[-79.31198,34.751691],[-79.31233,34.753457],[-79.313718,34.75336],[-79.313831,34.753925],[-79.313066,34.753979],[-79.31313,34.754537],[-79.314951,34.754378],[-79.314692,34.753618],[-79.314186,34.753546],[-79.313935,34.752783],[-79.313357,34.752861],[-79.313361,34.752465]]]}},{"type":"Feature","id":"37155:839858031200","properties":{"id":"37155:839858031200","parcelId":"839858031200","countyFips":"37155","countyName":"Robeson","state":"North Carolina","marketIds":["Wilmington"],"situsAddress":"MCGIRT GIN RD","situsCity":null,"situsZip":null,"jurisdictionCode":null,"ownerName":"LOCKLEAR FULLER DEWAYNE & LEE","ownerName2":null,"propertyName":null,"zoningCode":null,"zoningDistrict":null,"jurisdictionPrefix":null,"dorCode":"V-10","acreage":12.18,"centroid":[-79.350021,34.81605],"lastSale":{"date":"2004-01-01","price":null,"qualified":null},"tax":{"marketValue":null,"assessedValue":null,"taxableValue":null,"taxes":null},"mailingAddress":{"line1":"2921 MCGIRT GIN RD","line2":null,"city":"MAXTON","state":"NC","zip":"28364"},"incomeTract":null,"incomeBlockGroup":null,"nearestRoad":null,"flu":null,"opportunityZone":null,"oz2Eligibility":null,"source":"nc-robeson-parcels-37155","appraiserUrl":"https://www.ustaxdata.com/nc/robeson/account.cfm?parcelID=23050100121","gisViewerUrl":"https://maps2.roktech.net/ROKMAPS_Robeson/"},"geometry":{"type":"Polygon","coordinates":[[[-79.350255,34.815296],[-79.349717,34.814943],[-79.347946,34.816777],[-79.34982,34.817842],[-79.351435,34.816043],[-79.350801,34.815648],[-79.350372,34.816102],[-79.349825,34.815751],[-79.350255,34.815296]]]}},{"type":"Feature","id":"37155:932733441700","properties":{"id":"37155:932733441700","parcelId":"932733441700","countyFips":"37155","countyName":"Robeson","state":"North Carolina","marketIds":["Wilmington"],"situsAddress":"367 TONYA L RD","situsCity":null,"situsZip":null,"jurisdictionCode":null,"ownerName":"LLOYD ELLIOTT DEWAYNE","ownerName2":"LLOYD KAREN","propertyName":null,"zoningCode":null,"zoningDistrict":null,"jurisdictionPrefix":null,"dorCode":"V-10","acreage":12.69,"centroid":[-79.255337,34.77545],"lastSale":{"date":"2001-01-01","price":null,"qualified":null},"tax":{"marketValue":null,"assessedValue":null,"taxableValue":null,"taxes":null},"mailingAddress":{"line1":"367 TONYA L ROAD","line2":null,"city":"MAXTON","state":"NC","zip":"28364"},"incomeTract":null,"incomeBlockGroup":null,"nearestRoad":null,"flu":null,"opportunityZone":null,"oz2Eligibility":null,"source":"nc-robeson-parcels-37155","appraiserUrl":"https://www.ustaxdata.com/nc/robeson/account.cfm?parcelID=23150102305","gisViewerUrl":"https://maps2.roktech.net/ROKMAPS_Robeson/"},"geometry":{"type":"Polygon","coordinates":[[[-79.254005,34.777147],[-79.256041,34.77723],[-79.256148,34.776053],[-79.2562,34.775732],[-79.256252,34.775543],[-79.255192,34.775217],[-79.255552,34.774578],[-79.255052,34.774187],[-79.254692,34.774502],[-79.254237,34.77431],[-79.254005,34.777147]]]}},{"type":"Feature","id":"37155:931900423937","properties":{"id":"37155:931900423937","parcelId":"931900423937","countyFips":"37155","countyName":"Robeson","state":"North Carolina","marketIds":["Wilmington"],"situsAddress":"199 CALVARY RD","situsCity":null,"situsZip":null,"jurisdictionCode":null,"ownerName":"BARTON ERMA & BULLARD JESSIE L","ownerName2":"OXENDINE COLIN REMAINDER","propertyName":null,"zoningCode":null,"zoningDistrict":null,"jurisdictionPrefix":null,"dorCode":"D-71","acreage":5.08,"centroid":[-79.287257,34.831633],"lastSale":{"date":"2014-08-14","price":null,"qualified":null},"tax":{"marketValue":null,"assessedValue":null,"taxableValue":null,"taxes":null},"mailingAddress":{"line1":"199 CALVARY RD","line2":null,"city":"MAXTON","state":"NC","zip":"28364"},"incomeTract":null,"incomeBlockGroup":null,"nearestRoad":null,"flu":null,"opportunityZone":null,"oz2Eligibility":null,"source":"nc-robeson-parcels-37155","appraiserUrl":"https://www.ustaxdata.com/nc/robeson/account.cfm?parcelID=23030100101","gisViewerUrl":"https://maps2.roktech.net/ROKMAPS_Robeson/"},"geometry":{"type":"Polygon","coordinates":[[[-79.287455,34.831683],[-79.287334,34.831528],[-79.286981,34.831687],[-79.287455,34.831683]]]}},{"type":"Feature","id":"37155:932905822400","properties":{"id":"37155:932905822400","parcelId":"932905822400","countyFips":"37155","countyName":"Robeson","state":"North Carolina","marketIds":["Wilmington"],"situsAddress":"MT ZION CHURCH RD","situsCity":null,"situsZip":null,"jurisdictionCode":null,"ownerName":"Z V PATE INC","ownerName2":null,"propertyName":null,"zoningCode":null,"zoningDistrict":null,"jurisdictionPrefix":null,"dorCode":"V-00","acreage":6.0,"centroid":[-79.264206,34.838824],"lastSale":{"date":"2004-01-01","price":null,"qualified":null},"tax":{"marketValue":null,"assessedValue":null,"taxableValue":null,"taxes":null},"mailingAddress":{"line1":"P O BOX 159","line2":null,"city":"LAUREL HILL","state":"NC","zip":"28351"},"incomeTract":null,"incomeBlockGroup":null,"nearestRoad":null,"flu":null,"opportunityZone":null,"oz2Eligibility":null,"source":"nc-robeson-parcels-37155","appraiserUrl":"https://www.ustaxdata.com/nc/robeson/account.cfm?parcelID=23030100224","gisViewerUrl":"https://maps2.roktech.net/ROKMAPS_Robeson/"},"geometry":{"type":"Polygon","coordinates":[[[-79.263153,34.840702],[-79.265138,34.842509],[-79.267931,34.839671],[-79.263914,34.835175],[-79.263239,34.835862],[-79.263638,34.837447],[-79.263882,34.838893],[-79.262749,34.840336],[-79.263153,34.840702]]]}},{"type":"Feature","id":"37155:839696178500","properties":{"id":"37155:839696178500","parcelId":"839696178500","countyFips":"37155","countyName":"Robeson","state":"North Carolina","marketIds":["Wilmington"],"situsAddress":"58 CLOVE RD","situsCity":null,"situsZip":null,"jurisdictionCode":null,"ownerName":"LEACH DAVID HEIRS","ownerName2":"C/O DAVID INGRAM","propertyName":null,"zoningCode":null,"zoningDistrict":null,"jurisdictionPrefix":null,"dorCode":"V-10","acreage":10.0,"centroid":[-79.335695,34.757267],"lastSale":{"date":"2004-01-01","price":null,"qualified":null},"tax":{"marketValue":null,"assessedValue":null,"taxableValue":null,"taxes":null},"mailingAddress":{"line1":"307 WEST 139TH STREET","line2":"APT 5","city":"NEW YORK","state":"NY","zip":"10030"},"incomeTract":null,"incomeBlockGroup":null,"nearestRoad":null,"flu":null,"opportunityZone":null,"oz2Eligibility":null,"source":"nc-robeson-parcels-37155","appraiserUrl":"https://www.ustaxdata.com/nc/robeson/account.cfm?parcelID=11020105501","gisViewerUrl":"https://maps2.roktech.net/ROKMAPS_Robeson/"},"geometry":{"type":"Polygon","coordinates":[[[-79.333306,34.756909],[-79.333171,34.75782],[-79.337726,34.75757],[-79.338575,34.756767],[-79.333306,34.756909]]]}},{"type":"Feature","id":"37155:839994251600","properties":{"id":"37155:839994251600","parcelId":"839994251600","countyFips":"37155","countyName":"Robeson","state":"North Carolina","marketIds":["Wilmington"],"situsAddress":"4482 MCGIRT RD","situsCity":null,"situsZip":null,"jurisdictionCode":null,"ownerName":"LOCKLEAR CARLON & WF GERTIE","ownerName2":null,"propertyName":null,"zoningCode":null,"zoningDistrict":null,"jurisdictionPrefix":null,"dorCode":"A-80","acreage":129.0,"centroid":[-79.336231,34.83405],"lastSale":{"date":"2015-01-01","price":null,"qualified":null},"tax":{"marketValue":null,"assessedValue":null,"taxableValue":null,"taxes":null},"mailingAddress":{"line1":"4445 MCGIRT RD","line2":null,"city":"MAXTON","state":"NC","zip":"28364"},"incomeTract":null,"incomeBlockGroup":null,"nearestRoad":null,"flu":null,"opportunityZone":null,"oz2Eligibility":null,"source":"nc-robeson-parcels-37155","appraiserUrl":"https://www.ustaxdata.com/nc/robeson/account.cfm?parcelID=230101012","gisViewerUrl":"https://maps2.roktech.net/ROKMAPS_Robeson/"},"geometry":{"type":"Polygon","coordinates":[[[-79.332677,34.830177],[-79.331765,34.830604],[-79.330143,34.831366],[-79.328958,34.833681],[-79.335466,34.835391],[-79.335066,34.836428],[-79.339618,34.838073],[-79.340879,34.835729],[-79.341035,34.835391],[-79.341128,34.835132],[-79.341811,34.832576],[-79.332677,34.830177]]]}},{"type":"Feature","id":"37155:930609752200","properties":{"id":"37155:930609752200","parcelId":"930609752200","countyFips":"37155","countyName":"Robeson","state":"North Carolina","marketIds":["Wilmington"],"situsAddress":"600 BRYANT CIR","situsCity":null,"situsZip":null,"jurisdictionCode":null,"ownerName":"SPENCER LINDA THOMPSON","ownerName2":null,"propertyName":null,"zoningCode":null,"zoningDistrict":null,"jurisdictionPrefix":null,"dorCode":"A-10","acreage":11.0,"centroid":[-79.330112,34.76514],"lastSale":{"date":"2002-04-02","price":null,"qualified":null},"tax":{"marketValue":null,"assessedValue":null,"taxableValue":null,"taxes":null},"mailingAddress":{"line1":"3016 NIAGARA CARTHAGE ROAD","line2":null,"city":"CARTHAGE","state":"NC","zip":"28327"},"incomeTract":null,"incomeBlockGroup":null,"nearestRoad":null,"flu":null,"opportunityZone":null,"oz2Eligibility":null,"source":"nc-robeson-parcels-37155","appraiserUrl":"https://www.ustaxdata.com/nc/robeson/account.cfm?parcelID=110202023","gisViewerUrl":"https://maps2.roktech.net/ROKMAPS_Robeson/"},"geometry":{"type":"Polygon","coordinates":[[[-79.328745,34.763777],[-79.32879,34.763997],[-79.328819,34.764068],[-79.328912,34.764133],[-79.329244,34.764248],[-79.329433,34.76429],[-79.329705,34.764283],[-79.329772,34.764299],[-79.329941,34.764435],[-79.330122,34.764619],[-79.330177,34.7647],[-79.33016,34.764771],[-79.330081,34.764813],[-79.329833,34.764804],[-79.329694,34.764743],[-79.329627,34.76475],[-79.32959,34.764815],[-79.329582,34.764863],[-79.329649,34.764966],[-79.329813,34.765079],[-79.32986,34.765153],[-79.330067,34.765635],[-79.330068,34.765739],[-79.329972,34.765863],[-79.329867,34.765915],[-79.329737,34.765905],[-79.329649,34.76587],[-79.329401,34.765708],[-79.329266,34.765676],[-79.329224,34.765702],[-79.329158,34.765816],[-79.328991,34.766121],[-79.328986,34.766192],[-79.328954,34.766243],[-79.32902,34.766272],[-79.329064,34.766323],[-79.329288,34.76641],[-79.32939,34.766391],[-79.329437,34.766339],[-79.329536,34.766288],[-79.329566,34.76622],[-79.329646,34.76619],[-79.329687,34.766154],[-79.329712,34.766074],[-79.329888,34.766054],[-79.330132,34.766118],[-79.330283,34.766243],[-79.330444,34.766467],[-79.330538,34.766503],[-79.330643,34.766485],[-79.330712,34.766387],[-79.330714,34.766253],[-79.33076,34.766187],[-79.330673,34.766078],[-79.330693,34.765967],[-79.330785,34.76587],[-79.330935,34.765761],[-79.330964,34.765618],[-79.331191,34.765622],[-79.331478,34.764181],[-79.331448,34.763829],[-79.328745,34.763777]]]}},{"type":"Feature","id":"37155:839868549300","properties":{"id":"37155:839868549300","parcelId":"839868549300","countyFips":"37155","countyName":"Robeson","state":"North Carolina","marketIds":["Wilmington"],"situsAddress":"45 BONEY'S RD","situsCity":null,"situsZip":null,"jurisdictionCode":null,"ownerName":"WEDEPOHL GAIL L","ownerName2":null,"propertyName":null,"zoningCode":null,"zoningDistrict":null,"jurisdictionPrefix":null,"dorCode":"V-80","acreage":5.0,"centroid":[-79.344798,34.816713],"lastSale":{"date":"2008-02-07","price":null,"qualified":null},"tax":{"marketValue":null,"assessedValue":null,"taxableValue":null,"taxes":null},"mailingAddress":{"line1":"2940 MCGIRT BRIDGE ROAD","line2":null,"city":"MAXTON","state":"NC","zip":"28364"},"incomeTract":null,"incomeBlockGroup":null,"nearestRoad":null,"flu":null,"opportunityZone":null,"oz2Eligibility":null,"source":"nc-robeson-parcels-37155","appraiserUrl":"https://www.ustaxdata.com/nc/robeson/account.cfm?parcelID=23050100203","gisViewerUrl":"https://maps2.roktech.net/ROKMAPS_Robeson/"},"geometry":{"type":"Polygon","coordinates":[[[-79.34443,34.816153],[-79.342528,34.817676],[-79.346084,34.816852],[-79.345862,34.816148],[-79.345085,34.816737],[-79.34443,34.816153]]]}},{"type":"Feature","id":"37155:932700712900","properties":{"id":"37155:932700712900","parcelId":"932700712900","countyFips":"37155","countyName":"Robeson","state":"North Carolina","marketIds":["Wilmington"],"situsAddress":"PRESTON RD","situsCity":null,"situsZip":null,"jurisdictionCode":null,"ownerName":"WATSON MALCOLM MCEACHIN","ownerName2":null,"propertyName":null,"zoningCode":null,"zoningDistrict":null,"jurisdictionPrefix":null,"dorCode":"V-00","acreage":9.0,"centroid":[-79.264648,34.76738],"lastSale":{"date":"2005-01-01","price":null,"qualified":null},"tax":{"marketValue":null,"assessedValue":null,"taxableValue":null,"taxes":null},"mailingAddress":{"line1":"1615 DIAL ROAD","line2":null,"city":"RED SPRINGS","state":"NC","zip":"28377"},"incomeTract":null,"incomeBlockGroup":null,"nearestRoad":null,"flu":null,"opportunityZone":null,"oz2Eligibility":null,"source":"nc-robeson-parcels-37155","appraiserUrl":"https://www.ustaxdata.com/nc/robeson/account.cfm?parcelID=231401016","gisViewerUrl":"https://maps2.roktech.net/ROKMAPS_Robeson/"},"geometry":{"type":"Polygon","coordinates":[[[-79.264045,34.767601],[-79.26532,34.768473],[-79.265634,34.767545],[-79.265374,34.767506],[-79.264811,34.767243],[-79.264636,34.767114],[-79.263959,34.766399],[-79.263404,34.767162],[-79.264045,34.767601]]]}},{"type":"Feature","id":"37155:839859677154","properties":{"id":"37155:839859677154","parcelId":"839859677154","countyFips":"37155","countyName":"Robeson","state":"North Carolina","marketIds":["Wilmington"],"situsAddress":"3351 MCGIRT RD","situsCity":null,"situsZip":null,"jurisdictionCode":null,"ownerName":"BARNES JANICE JONES","ownerName2":null,"propertyName":null,"zoningCode":null,"zoningDistrict":null,"jurisdictionPrefix":null,"dorCode":"V-00","acreage":9.97,"centroid":[-79.347082,34.820362],"lastSale":{"date":"2012-03-27","price":null,"qualified":null},"tax":{"marketValue":null,"assessedValue":null,"taxableValue":null,"taxes":null},"mailingAddress":{"line1":"52 OUTLAW RD","line2":null,"city":"MAXTON","state":"NC","zip":"28364"},"incomeTract":null,"incomeBlockGroup":null,"nearestRoad":null,"flu":null,"opportunityZone":null,"oz2Eligibility":null,"source":"nc-robeson-parcels-37155","appraiserUrl":"https://www.ustaxdata.com/nc/robeson/account.cfm?parcelID=23050100115","gisViewerUrl":"https://maps2.roktech.net/ROKMAPS_Robeson/"},"geometry":{"type":"Polygon","coordinates":[[[-79.346025,34.820807],[-79.346342,34.820892],[-79.347251,34.821137],[-79.348034,34.82069],[-79.348378,34.8211],[-79.349826,34.820275],[-79.346064,34.819265],[-79.345949,34.819498],[-79.346604,34.81971],[-79.346349,34.820247],[-79.346025,34.820807]]]}},{"type":"Feature","id":"37155:931809239700","properties":{"id":"37155:931809239700","parcelId":"931809239700","countyFips":"37155","countyName":"Robeson","state":"North Carolina","marketIds":["Wilmington"],"situsAddress":"1912 MODEST RD","situsCity":null,"situsZip":null,"jurisdictionCode":null,"ownerName":"LOCKLEAR SAMUEL & JANICE LF ES","ownerName2":"LOCKLEAR MAURICE REMAINDER","propertyName":null,"zoningCode":null,"zoningDistrict":null,"jurisdictionPrefix":null,"dorCode":"V-80","acreage":81.71,"centroid":[-79.302413,34.819677],"lastSale":{"date":"2012-11-20","price":null,"qualified":null},"tax":{"marketValue":null,"assessedValue":null,"taxableValue":null,"taxes":null},"mailingAddress":{"line1":"1912 MODEST RD","line2":null,"city":"MAXTON","state":"NC","zip":"28364"},"incomeTract":null,"incomeBlockGroup":null,"nearestRoad":null,"flu":null,"opportunityZone":null,"oz2Eligibility":null,"source":"nc-robeson-parcels-37155","appraiserUrl":"https://www.ustaxdata.com/nc/robeson/account.cfm?parcelID=23020103016","gisViewerUrl":"https://maps2.roktech.net/ROKMAPS_Robeson/"},"geometry":{"type":"Polygon","coordinates":[[[-79.292779,34.817813],[-79.292707,34.819625],[-79.292657,34.820891],[-79.301809,34.821311],[-79.301847,34.820748],[-79.305153,34.820611],[-79.305411,34.81972],[-79.306572,34.819877],[-79.306679,34.819415],[-79.306027,34.819348],[-79.306057,34.818954],[-79.306773,34.819013],[-79.306902,34.818473],[-79.292779,34.817813]],[[-79.303069,34.819218],[-79.304385,34.81931],[-79.304354,34.819614],[-79.303039,34.819522],[-79.303069,34.819218]]]}},{"type":"Feature","id":"37155:930715918500","properties":{"id":"37155:930715918500","parcelId":"930715918500","countyFips":"37155","countyName":"Robeson","state":"North Carolina","marketIds":["Wilmington"],"situsAddress":"230 FANCY DR","situsCity":null,"situsZip":null,"jurisdictionCode":null,"ownerName":"KEYWORTH MACY DIAL","ownerName2":null,"propertyName":null,"zoningCode":null,"zoningDistrict":null,"jurisdictionPrefix":null,"dorCode":"C-92","acreage":21.32,"centroid":[-79.326314,34.780422],"lastSale":{"date":"2008-04-11","price":null,"qualified":null},"tax":{"marketValue":null,"assessedValue":null,"taxableValue":null,"taxes":null},"mailingAddress":{"line1":"17216 FITZGERALD ST","line2":null,"city":"LIVONIA","state":"MI","zip":"48152"},"incomeTract":null,"incomeBlockGroup":null,"nearestRoad":null,"flu":null,"opportunityZone":null,"oz2Eligibility":null,"source":"nc-robeson-parcels-37155","appraiserUrl":"https://www.ustaxdata.com/nc/robeson/account.cfm?parcelID=11010200405A","gisViewerUrl":"https://maps2.roktech.net/ROKMAPS_Robeson/"},"geometry":{"type":"Polygon","coordinates":[[[-79.324847,34.780932],[-79.324979,34.781003],[-79.32578,34.781436],[-79.327988,34.781649],[-79.328684,34.781469],[-79.327826,34.779198],[-79.32652,34.779532],[-79.326312,34.778981],[-79.323893,34.779601],[-79.324847,34.780932]]]}},{"type":"Feature","id":"37155:930869672400","properties":{"id":"37155:930869672400","parcelId":"930869672400","countyFips":"37155","countyName":"Robeson","state":"North Carolina","marketIds":["Wilmington"],"situsAddress":"2312 MICA MINE LN","situsCity":null,"situsZip":null,"jurisdictionCode":null,"ownerName":"DIAL DEBORAH LYNN & HSB VICTOR","ownerName2":null,"propertyName":null,"zoningCode":null,"zoningDistrict":null,"jurisdictionPrefix":null,"dorCode":"V-20","acreage":85.5,"centroid":[-79.308913,34.819495],"lastSale":{"date":"2013-10-24","price":null,"qualified":null},"tax":{"marketValue":null,"assessedValue":null,"taxableValue":null,"taxes":null},"mailingAddress":{"line1":"428 RETREAT LANE","line2":null,"city":"WAKE FOREST","state":"NC","zip":"27587"},"incomeTract":null,"incomeBlockGroup":null,"nearestRoad":null,"flu":null,"opportunityZone":null,"oz2Eligibility":null,"source":"nc-robeson-parcels-37155","appraiserUrl":"https://www.ustaxdata.com/nc/robeson/account.cfm?parcelID=23020103013","gisViewerUrl":"https://maps2.roktech.net/ROKMAPS_Robeson/"},"geometry":{"type":"Polygon","coordinates":[[[-79.306512,34.820952],[-79.30723,34.821205],[-79.315332,34.824061],[-79.314177,34.818335],[-79.3073,34.817661],[-79.307195,34.818099],[-79.307718,34.818184],[-79.307637,34.818521],[-79.307114,34.818436],[-79.306512,34.820952]]]}},{"type":"Feature","id":"37155:931616863900","properties":{"id":"37155:931616863900","parcelId":"931616863900","countyFips":"37155","countyName":"Robeson","state":"North Carolina","marketIds":["Wilmington"],"situsAddress":"OLD RED SPRINGS RD","situsCity":null,"situsZip":null,"jurisdictionCode":null,"ownerName":"BULLARD CLEMENT & WF","ownerName2":null,"propertyName":null,"zoningCode":null,"zoningDistrict":null,"jurisdictionPrefix":null,"dorCode":"V-10","acreage":13.48,"centroid":[-79.293949,34.757164],"lastSale":{"date":"2005-01-01","price":null,"qualified":null},"tax":{"marketValue":null,"assessedValue":null,"taxableValue":null,"taxes":null},"mailingAddress":{"line1":"1764 HEZEKIAH ROAD","line2":null,"city":"MAXTON","state":"NC","zip":"28364"},"incomeTract":null,"incomeBlockGroup":null,"nearestRoad":null,"flu":null,"opportunityZone":null,"oz2Eligibility":null,"source":"nc-robeson-parcels-37155","appraiserUrl":"https://www.ustaxdata.com/nc/robeson/account.cfm?parcelID=23170101509","gisViewerUrl":"https://maps2.roktech.net/ROKMAPS_Robeson/"},"geometry":{"type":"Polygon","coordinates":[[[-79.291172,34.757448],[-79.292969,34.758324],[-79.295674,34.757114],[-79.295522,34.756951],[-79.294408,34.755982],[-79.291172,34.757448]]]}},{"type":"Feature","id":"37155:931836737236","properties":{"id":"37155:931836737236","parcelId":"931836737236","countyFips":"37155","countyName":"Robeson","state":"North Carolina","marketIds":["Wilmington"],"situsAddress":"OXENDINE SCHOOL RD","situsCity":null,"situsZip":null,"jurisdictionCode":null,"ownerName":"CURRIE JANET CONOLY","ownerName2":null,"propertyName":null,"zoningCode":null,"zoningDistrict":null,"jurisdictionPrefix":null,"dorCode":"V-20","acreage":64.72,"centroid":[-79.287465,34.810711],"lastSale":{"date":"2008-08-11","price":null,"qualified":null},"tax":{"marketValue":null,"assessedValue":null,"taxableValue":null,"taxes":null},"mailingAddress":{"line1":"P O  BOX 710","line2":null,"city":"RED SPRINGS","state":"NC","zip":"28377"},"incomeTract":null,"incomeBlockGroup":null,"nearestRoad":null,"flu":null,"opportunityZone":null,"oz2Eligibility":null,"source":"nc-robeson-parcels-37155","appraiserUrl":"https://www.ustaxdata.com/nc/robeson/account.cfm?parcelID=230701001","gisViewerUrl":"https://maps2.roktech.net/ROKMAPS_Robeson/"},"geometry":{"type":"Polygon","coordinates":[[[-79.283698,34.813573],[-79.283616,34.814368],[-79.285561,34.813558],[-79.28833,34.814097],[-79.291098,34.810886],[-79.289913,34.810196],[-79.290683,34.809299],[-79.29011,34.808966],[-79.289444,34.808726],[-79.288658,34.807839],[-79.287489,34.807086],[-79.287445,34.808554],[-79.284589,34.809677],[-79.283879,34.813125],[-79.283698,34.813573]]]}},{"type":"Feature","id":"37155:932849672900","properties":{"id":"37155:932849672900","parcelId":"932849672900","countyFips":"37155","countyName":"Robeson","state":"North Carolina","marketIds":["Wilmington"],"situsAddress":"SUMPTER CIR","situsCity":null,"situsZip":null,"jurisdictionCode":null,"ownerName":"BULLARD RODNEY","ownerName2":null,"propertyName":null,"zoningCode":null,"zoningDistrict":null,"jurisdictionPrefix":null,"dorCode":"V-80","acreage":11.1,"centroid":[-79.251292,34.821023],"lastSale":{"date":"2012-10-26","price":null,"qualified":null},"tax":{"marketValue":null,"assessedValue":null,"taxableValue":null,"taxes":null},"mailingAddress":{"line1":"181 SUMPTER CIRCLE","line2":null,"city":"MAXTON","state":"NC","zip":"28364"},"incomeTract":null,"incomeBlockGroup":null,"nearestRoad":null,"flu":null,"opportunityZone":null,"oz2Eligibility":null,"source":"nc-robeson-parcels-37155","appraiserUrl":"https://www.ustaxdata.com/nc/robeson/account.cfm?parcelID=230301010","gisViewerUrl":"https://maps2.roktech.net/ROKMAPS_Robeson/"},"geometry":{"type":"Polygon","coordinates":[[[-79.251143,34.821837],[-79.252038,34.821333],[-79.252982,34.820802],[-79.251321,34.819542],[-79.249477,34.82059],[-79.250791,34.822036],[-79.251143,34.821837]]]}},{"type":"Feature","id":"37155:931688977000","properties":{"id":"37155:931688977000","parcelId":"931688977000","countyFips":"37155","countyName":"Robeson","state":"North Carolina","marketIds":["Wilmington"],"situsAddress":"5013 PRESTON RD","situsCity":null,"situsZip":null,"jurisdictionCode":null,"ownerName":"BUIE ALBERT F JR &","ownerName2":"BUIE RICHARD NEIL","propertyName":null,"zoningCode":null,"zoningDistrict":null,"jurisdictionPrefix":null,"dorCode":"V-10","acreage":18.0,"centroid":[-79.270535,34.762869],"lastSale":{"date":"2015-12-31","price":null,"qualified":null},"tax":{"marketValue":null,"assessedValue":null,"taxableValue":null,"taxes":null},"mailingAddress":{"line1":"5013 PRESTON RD","line2":null,"city":"MAXTON","state":"NC","zip":"28364"},"incomeTract":null,"incomeBlockGroup":null,"nearestRoad":null,"flu":null,"opportunityZone":null,"oz2Eligibility":null,"source":"nc-robeson-parcels-37155","appraiserUrl":"https://www.ustaxdata.com/nc/robeson/account.cfm?parcelID=23140101502","gisViewerUrl":"https://maps2.roktech.net/ROKMAPS_Robeson/"},"geometry":{"type":"Polygon","coordinates":[[[-79.268043,34.763615],[-79.27058,34.764531],[-79.270653,34.764443],[-79.270737,34.76428],[-79.271044,34.763619],[-79.271096,34.763417],[-79.271103,34.763177],[-79.271145,34.763092],[-79.271265,34.762962],[-79.2713,34.762837],[-79.271303,34.762729],[-79.271199,34.76251],[-79.271185,34.762384],[-79.271236,34.761762],[-79.269305,34.761006],[-79.269052,34.760921],[-79.268856,34.761484],[-79.268043,34.763615]]]}},{"type":"Feature","id":"37155:930940804644","properties":{"id":"37155:930940804644","parcelId":"930940804644","countyFips":"37155","countyName":"Robeson","state":"North Carolina","marketIds":["Wilmington"],"situsAddress":"309 WINSTON RD","situsCity":null,"situsZip":null,"jurisdictionCode":null,"ownerName":"CHAVIS HARLEN JR","ownerName2":null,"propertyName":null,"zoningCode":null,"zoningDistrict":null,"jurisdictionPrefix":null,"dorCode":"A-20","acreage":49.62,"centroid":[-79.316463,34.821988],"lastSale":{"date":"2016-08-22","price":null,"qualified":null},"tax":{"marketValue":null,"assessedValue":null,"taxableValue":null,"taxes":null},"mailingAddress":{"line1":"2374 MODEST RD","line2":null,"city":"MAXTON","state":"NC","zip":"28364"},"incomeTract":null,"incomeBlockGroup":null,"nearestRoad":null,"flu":null,"opportunityZone":null,"oz2Eligibility":null,"source":"nc-robeson-parcels-37155","appraiserUrl":"https://www.ustaxdata.com/nc/robeson/account.cfm?parcelID=23020103012","gisViewerUrl":"https://maps2.roktech.net/ROKMAPS_Robeson/"},"geometry":{"type":"Polygon","coordinates":[[[-79.314177,34.818335],[-79.314752,34.821186],[-79.315049,34.822657],[-79.315742,34.822565],[-79.315852,34.823129],[-79.315163,34.823222],[-79.315332,34.824061],[-79.320437,34.823468],[-79.319728,34.82213],[-79.318396,34.819128],[-79.314177,34.818335]],[[-79.315318,34.81994],[-79.31556,34.820112],[-79.31572,34.820371],[-79.315582,34.820448],[-79.315399,34.820591],[-79.315151,34.820847],[-79.314713,34.820376],[-79.315318,34.81994]]]}},{"type":"Feature","id":"37155:839688424500","properties":{"id":"37155:839688424500","parcelId":"839688424500","countyFips":"37155","countyName":"Robeson","state":"North Carolina","marketIds":["Wilmington"],"situsAddress":"71 HWY","situsCity":null,"situsZip":null,"jurisdictionCode":null,"ownerName":"MONROE CHRISTINE D","ownerName2":null,"propertyName":null,"zoningCode":null,"zoningDistrict":null,"jurisdictionPrefix":null,"dorCode":"C-70","acreage":10.0,"centroid":[-79.338037,34.761333],"lastSale":{"date":"2014-01-01","price":null,"qualified":null},"tax":{"marketValue":null,"assessedValue":null,"taxableValue":null,"taxes":null},"mailingAddress":{"line1":"304 LANE ST","line2":null,"city":"MAXTON","state":"NC","zip":"28364"},"incomeTract":null,"incomeBlockGroup":null,"nearestRoad":null,"flu":null,"opportunityZone":null,"oz2Eligibility":null,"source":"nc-robeson-parcels-37155","appraiserUrl":"https://www.ustaxdata.com/nc/robeson/account.cfm?parcelID=11020105001","gisViewerUrl":"https://maps2.roktech.net/ROKMAPS_Robeson/"},"geometry":{"type":"Polygon","coordinates":[[[-79.337754,34.76247],[-79.338474,34.762659],[-79.339246,34.760373],[-79.338041,34.760109],[-79.337468,34.760023],[-79.337237,34.762367],[-79.337754,34.76247]]]}},{"type":"Feature","id":"37155:839880676971","properties":{"id":"37155:839880676971","parcelId":"839880676971","countyFips":"37155","countyName":"Robeson","state":"North Carolina","marketIds":["Wilmington"],"situsAddress":"19 HALLMONT CIR","situsCity":null,"situsZip":null,"jurisdictionCode":null,"ownerName":"PAGE MARY L HEIRS","ownerName2":"C/O CHAVIS HAROLD","propertyName":null,"zoningCode":null,"zoningDistrict":null,"jurisdictionPrefix":null,"dorCode":"V-00","acreage":10.0,"centroid":[-79.337821,34.795712],"lastSale":{"date":"2015-07-30","price":null,"qualified":null},"tax":{"marketValue":null,"assessedValue":null,"taxableValue":null,"taxes":null},"mailingAddress":{"line1":"P O BOX 40","line2":null,"city":"MAXTON","state":"NC","zip":"28364"},"incomeTract":null,"incomeBlockGroup":null,"nearestRoad":null,"flu":null,"opportunityZone":null,"oz2Eligibility":null,"source":"nc-robeson-parcels-37155","appraiserUrl":"https://www.ustaxdata.com/nc/robeson/account.cfm?parcelID=230901003","gisViewerUrl":"https://maps2.roktech.net/ROKMAPS_Robeson/"},"geometry":{"type":"MultiPolygon","coordinates":[[[[-79.338693,34.794482],[-79.335891,34.795828],[-79.336626,34.797149],[-79.338003,34.796418],[-79.338974,34.795938],[-79.338739,34.794459],[-79.338693,34.794482]]],[[[-79.335223,34.796146],[-79.335783,34.796765],[-79.336399,34.797466],[-79.336539,34.79739],[-79.335716,34.795909],[-79.335223,34.796146]]]]}},{"type":"Feature","id":"37155:932713550600","properties":{"id":"37155:932713550600","parcelId":"932713550600","countyFips":"37155","countyName":"Robeson","state":"North Carolina","marketIds":["Wilmington"],"situsAddress":"220 ZADIE DR","situsCity":null,"situsZip":null,"jurisdictionCode":null,"ownerName":"OXENDINE BELTON","ownerName2":"OXENDINE CONNIE P","propertyName":null,"zoningCode":null,"zoningDistrict":null,"jurisdictionPrefix":null,"dorCode":"V-40","acreage":117.12,"centroid":[-79.260507,34.775375],"lastSale":{"date":"2004-01-01","price":null,"qualified":null},"tax":{"marketValue":null,"assessedValue":null,"taxableValue":null,"taxes":null},"mailingAddress":{"line1":"220 ZADIE DRIVE","line2":null,"city":"MAXTON","state":"NC","zip":"28364"},"incomeTract":null,"incomeBlockGroup":null,"nearestRoad":null,"flu":null,"opportunityZone":null,"oz2Eligibility":null,"source":"nc-robeson-parcels-37155","appraiserUrl":"https://www.ustaxdata.com/nc/robeson/account.cfm?parcelID=23150102304","gisViewerUrl":"https://maps2.roktech.net/ROKMAPS_Robeson/"},"geometry":{"type":"Polygon","coordinates":[[[-79.26158,34.778985],[-79.265602,34.779174],[-79.266545,34.773338],[-79.263795,34.774771],[-79.263235,34.774686],[-79.262709,34.774546],[-79.2625,34.774339],[-79.261732,34.77431],[-79.259589,34.772105],[-79.259462,34.772055],[-79.256763,34.775051],[-79.25657,34.77532],[-79.25644,34.7756],[-79.256367,34.775929],[-79.2562,34.77769],[-79.25902,34.778096],[-79.26158,34.778985]]]}},{"type":"Feature","id":"37155:931625398900","properties":{"id":"37155:931625398900","parcelId":"931625398900","countyFips":"37155","countyName":"Robeson","state":"North Carolina","marketIds":["Wilmington"],"situsAddress":"OLD RED SPRINGS RD","situsCity":null,"situsZip":null,"jurisdictionCode":null,"ownerName":"BARTON SANFORD","ownerName2":null,"propertyName":null,"zoningCode":null,"zoningDistrict":null,"jurisdictionPrefix":null,"dorCode":"V-80","acreage":8.21,"centroid":[-79.291898,34.755595],"lastSale":{"date":"2004-01-01","price":null,"qualified":null},"tax":{"marketValue":null,"assessedValue":null,"taxableValue":null,"taxes":null},"mailingAddress":{"line1":"500 BUCK RD","line2":null,"city":"MAXTON","state":"NC","zip":"28364"},"incomeTract":null,"incomeBlockGroup":null,"nearestRoad":null,"flu":null,"opportunityZone":null,"oz2Eligibility":null,"source":"nc-robeson-parcels-37155","appraiserUrl":"https://www.ustaxdata.com/nc/robeson/account.cfm?parcelID=23170101503A","gisViewerUrl":"https://maps2.roktech.net/ROKMAPS_Robeson/"},"geometry":{"type":"Polygon","coordinates":[[[-79.292568,34.756617],[-79.293222,34.756323],[-79.292156,34.754424],[-79.289407,34.754651],[-79.292137,34.75596],[-79.292568,34.756617]]]}},{"type":"Feature","id":"37155:931920798700","properties":{"id":"37155:931920798700","parcelId":"931920798700","countyFips":"37155","countyName":"Robeson","state":"North Carolina","marketIds":["Wilmington"],"situsAddress":".","situsCity":null,"situsZip":null,"jurisdictionCode":null,"ownerName":"FUTRELL PHILIP","ownerName2":null,"propertyName":null,"zoningCode":null,"zoningDistrict":null,"jurisdictionPrefix":null,"dorCode":"V-40","acreage":89.0,"centroid":[-79.290426,34.824471],"lastSale":{"date":"2004-01-01","price":null,"qualified":null},"tax":{"marketValue":null,"assessedValue":null,"taxableValue":null,"taxes":null},"mailingAddress":{"line1":"PO BOX 840","line2":null,"city":"WAGRAM","state":"NC","zip":"28396"},"incomeTract":null,"incomeBlockGroup":null,"nearestRoad":null,"flu":null,"opportunityZone":null,"oz2Eligibility":null,"source":"nc-robeson-parcels-37155","appraiserUrl":"https://www.ustaxdata.com/nc/robeson/account.cfm?parcelID=230201019","gisViewerUrl":"https://maps2.roktech.net/ROKMAPS_Robeson/"},"geometry":{"type":"Polygon","coordinates":[[[-79.289055,34.83003],[-79.289034,34.830442],[-79.293971,34.825595],[-79.292451,34.825527],[-79.292707,34.819625],[-79.28906,34.819442],[-79.287911,34.819761],[-79.289218,34.825343],[-79.289055,34.83003]]]}},{"type":"Feature","id":"37155:839983641428","properties":{"id":"37155:839983641428","parcelId":"839983641428","countyFips":"37155","countyName":"Robeson","state":"North Carolina","marketIds":["Wilmington"],"situsAddress":".","situsCity":null,"situsZip":null,"jurisdictionCode":null,"ownerName":"BARTON ANN LIZZETTE","ownerName2":null,"propertyName":null,"zoningCode":null,"zoningDistrict":null,"jurisdictionPrefix":null,"dorCode":"V-20","acreage":39.68,"centroid":[-79.337936,34.829989],"lastSale":{"date":"2008-11-25","price":null,"qualified":null},"tax":{"marketValue":null,"assessedValue":null,"taxableValue":null,"taxes":null},"mailingAddress":{"line1":"4178 MCGIRT RD","line2":null,"city":"MAXTON","state":"NC","zip":"28364"},"incomeTract":null,"incomeBlockGroup":null,"nearestRoad":null,"flu":null,"opportunityZone":null,"oz2Eligibility":null,"source":"nc-robeson-parcels-37155","appraiserUrl":"https://www.ustaxdata.com/nc/robeson/account.cfm?parcelID=230101013","gisViewerUrl":"https://maps2.roktech.net/ROKMAPS_Robeson/"},"geometry":{"type":"Polygon","coordinates":[[[-79.334987,34.8291],[-79.334297,34.829421],[-79.332677,34.830177],[-79.341811,34.832576],[-79.342227,34.831005],[-79.340212,34.830541],[-79.340283,34.830269],[-79.3423,34.830734],[-79.342318,34.830665],[-79.337886,34.829653],[-79.336075,34.828593],[-79.335974,34.828855],[-79.335041,34.829165],[-79.335011,34.829089],[-79.334987,34.8291]]]}},{"type":"Feature","id":"37155:930716835500","properties":{"id":"37155:930716835500","parcelId":"930716835500","countyFips":"37155","countyName":"Robeson","state":"North Carolina","marketIds":["Wilmington"],"situsAddress":".","situsCity":null,"situsZip":null,"jurisdictionCode":null,"ownerName":"HENDERSON G P JR FAMILY LIMITE","ownerName2":"PARTNERSHIP","propertyName":null,"zoningCode":null,"zoningDistrict":null,"jurisdictionPrefix":null,"dorCode":"V-00","acreage":8.9,"centroid":[-79.326554,34.783602],"lastSale":{"date":"2008-06-30","price":null,"qualified":null},"tax":{"marketValue":null,"assessedValue":null,"taxableValue":null,"taxes":null},"mailingAddress":{"line1":"115 HIGHLAND RD","line2":null,"city":"SOUTHERN PINES","state":"NC","zip":"28387"},"incomeTract":null,"incomeBlockGroup":null,"nearestRoad":null,"flu":null,"opportunityZone":null,"oz2Eligibility":null,"source":"nc-robeson-parcels-37155","appraiserUrl":"https://www.ustaxdata.com/nc/robeson/account.cfm?parcelID=11010200401","gisViewerUrl":"https://maps2.roktech.net/ROKMAPS_Robeson/"},"geometry":{"type":"Polygon","coordinates":[[[-79.324897,34.782618],[-79.325631,34.783464],[-79.326805,34.784818],[-79.328881,34.783506],[-79.324897,34.782618]]]}},{"type":"Feature","id":"37155:839847616349","properties":{"id":"37155:839847616349","parcelId":"839847616349","countyFips":"37155","countyName":"Robeson","state":"North Carolina","marketIds":["Wilmington"],"situsAddress":"235 MCGIRT BRIDGE RD","situsCity":null,"situsZip":null,"jurisdictionCode":null,"ownerName":"LOCKLEAR JEAN MARIE","ownerName2":null,"propertyName":null,"zoningCode":null,"zoningDistrict":null,"jurisdictionPrefix":null,"dorCode":"A-10","acreage":14.54,"centroid":[-79.351287,34.813152],"lastSale":{"date":"2004-01-01","price":null,"qualified":null},"tax":{"marketValue":null,"assessedValue":null,"taxableValue":null,"taxes":null},"mailingAddress":{"line1":"3015 MCGIRT GIN RD","line2":null,"city":"MAXTON","state":"NC","zip":"28364"},"incomeTract":null,"incomeBlockGroup":null,"nearestRoad":null,"flu":null,"opportunityZone":null,"oz2Eligibility":null,"source":"nc-robeson-parcels-37155","appraiserUrl":"https://www.ustaxdata.com/nc/robeson/account.cfm?parcelID=23050100103","gisViewerUrl":"https://maps2.roktech.net/ROKMAPS_Robeson/"},"geometry":{"type":"Polygon","coordinates":[[[-79.349081,34.814313],[-79.349801,34.814787],[-79.350177,34.815034],[-79.353139,34.812865],[-79.353156,34.812844],[-79.353148,34.812755],[-79.353299,34.81269],[-79.353392,34.812672],[-79.353464,34.81263],[-79.353492,34.812565],[-79.353492,34.812505],[-79.353413,34.812446],[-79.353211,34.812358],[-79.352995,34.812335],[-79.352859,34.812347],[-79.35273,34.812401],[-79.352544,34.812609],[-79.352443,34.812639],[-79.352357,34.812692],[-79.352271,34.81271],[-79.352098,34.812693],[-79.352012,34.812705],[-79.351926,34.812836],[-79.351781,34.81292],[-79.351695,34.812938],[-79.351587,34.812914],[-79.3514,34.812832],[-79.351277,34.81269],[-79.351247,34.812489],[-79.351268,34.81221],[-79.351339,34.812103],[-79.351288,34.811902],[-79.351129,34.811648],[-79.350984,34.811536],[-79.350841,34.811495],[-79.350675,34.811269],[-79.349429,34.812247],[-79.34984,34.812703],[-79.349992,34.812837],[-79.350753,34.812284],[-79.351141,34.81273],[-79.349081,34.814313]]]}},{"type":"Feature","id":"37155:932826207500","properties":{"id":"37155:932826207500","parcelId":"932826207500","countyFips":"37155","countyName":"Robeson","state":"North Carolina","marketIds":["Wilmington"],"situsAddress":"OXENDINE SCHOOL RD","situsCity":null,"situsZip":null,"jurisdictionCode":null,"ownerName":"GODWIN MARCUS EDMOND","ownerName2":"GODWIN MISTY L","propertyName":null,"zoningCode":null,"zoningDistrict":null,"jurisdictionPrefix":null,"dorCode":"A-80","acreage":11.82,"centroid":[-79.260057,34.810141],"lastSale":{"date":"2004-01-01","price":null,"qualified":null},"tax":{"marketValue":null,"assessedValue":null,"taxableValue":null,"taxes":null},"mailingAddress":{"line1":"10040 HASTY RD","line2":null,"city":"LAURINBURG","state":"NC","zip":"28352"},"incomeTract":null,"incomeBlockGroup":null,"nearestRoad":null,"flu":null,"opportunityZone":null,"oz2Eligibility":null,"source":"nc-robeson-parcels-37155","appraiserUrl":"https://www.ustaxdata.com/nc/robeson/account.cfm?parcelID=23070101402","gisViewerUrl":"https://maps2.roktech.net/ROKMAPS_Robeson/"},"geometry":{"type":"MultiPolygon","coordinates":[[[[-79.258973,34.811471],[-79.261896,34.811287],[-79.261508,34.810144],[-79.26033,34.809995],[-79.259842,34.809884],[-79.259674,34.809807],[-79.259532,34.809702],[-79.25942,34.809571],[-79.259337,34.80941],[-79.258973,34.811471]]],[[[-79.260679,34.80987],[-79.261448,34.80997],[-79.26136,34.809709],[-79.260679,34.80987]]]]}},{"type":"Feature","id":"37155:930771698700","properties":{"id":"37155:930771698700","parcelId":"930771698700","countyFips":"37155","countyName":"Robeson","state":"North Carolina","marketIds":["Wilmington"],"situsAddress":"411 WILD PLUM RD","situsCity":null,"situsZip":null,"jurisdictionCode":null,"ownerName":"JONES BRACY JR","ownerName2":"JONES HOYLAND J","propertyName":null,"zoningCode":null,"zoningDistrict":null,"jurisdictionPrefix":null,"dorCode":"V-00","acreage":6.73,"centroid":[-79.307541,34.77147],"lastSale":{"date":"2013-08-23","price":null,"qualified":null},"tax":{"marketValue":null,"assessedValue":null,"taxableValue":null,"taxes":null},"mailingAddress":{"line1":"435 WILD PLUM RD","line2":null,"city":"MAXTON","state":"NC","zip":"28364"},"incomeTract":null,"incomeBlockGroup":null,"nearestRoad":null,"flu":null,"opportunityZone":null,"oz2Eligibility":null,"source":"nc-robeson-parcels-37155","appraiserUrl":"https://www.ustaxdata.com/nc/robeson/account.cfm?parcelID=23130102311","gisViewerUrl":"https://maps2.roktech.net/ROKMAPS_Robeson/"},"geometry":{"type":"Polygon","coordinates":[[[-79.304491,34.772423],[-79.304723,34.772883],[-79.309524,34.771229],[-79.309079,34.770596],[-79.308645,34.770743],[-79.308787,34.770943],[-79.304491,34.772423]]]}},{"type":"Feature","id":"37155:931805660800","properties":{"id":"37155:931805660800","parcelId":"931805660800","countyFips":"37155","countyName":"Robeson","state":"North Carolina","marketIds":["Wilmington"],"situsAddress":"147 BRIDALS LN","situsCity":null,"situsZip":null,"jurisdictionCode":null,"ownerName":"BAYSIDE BAPTIST CHURCH","ownerName2":null,"propertyName":null,"zoningCode":null,"zoningDistrict":null,"jurisdictionPrefix":null,"dorCode":"V-80","acreage":6.38,"centroid":[-79.29795,34.809565],"lastSale":{"date":"2007-02-06","price":null,"qualified":null},"tax":{"marketValue":null,"assessedValue":null,"taxableValue":null,"taxes":null},"mailingAddress":{"line1":"99 MODEST RD","line2":null,"city":"MAXTON","state":"NC","zip":"28364"},"incomeTract":null,"incomeBlockGroup":null,"nearestRoad":null,"flu":null,"opportunityZone":null,"oz2Eligibility":null,"source":"nc-robeson-parcels-37155","appraiserUrl":"https://www.ustaxdata.com/nc/robeson/account.cfm?parcelID=23060102818","gisViewerUrl":"https://maps2.roktech.net/ROKMAPS_Robeson/"},"geometry":{"type":"Polygon","coordinates":[[[-79.298,34.810251],[-79.298233,34.810301],[-79.298729,34.80928],[-79.299081,34.808883],[-79.298056,34.808253],[-79.296577,34.809967],[-79.296971,34.810021],[-79.298,34.810251]]]}},{"type":"Feature","id":"37155:930687054300","properties":{"id":"37155:930687054300","parcelId":"930687054300","countyFips":"37155","countyName":"Robeson","state":"North Carolina","marketIds":["Wilmington"],"situsAddress":"4204 RED HILL RD","situsCity":null,"situsZip":null,"jurisdictionCode":null,"ownerName":"LOCKLEAR MILLICENT B","ownerName2":null,"propertyName":null,"zoningCode":null,"zoningDistrict":null,"jurisdictionPrefix":null,"dorCode":"D-71","acreage":24.87,"centroid":[-79.305059,34.759736],"lastSale":{"date":"1998-01-01","price":null,"qualified":null},"tax":{"marketValue":null,"assessedValue":null,"taxableValue":null,"taxes":null},"mailingAddress":{"line1":"4204 RED HILL RD","line2":null,"city":"MAXTON","state":"NC","zip":"28364"},"incomeTract":null,"incomeBlockGroup":null,"nearestRoad":null,"flu":null,"opportunityZone":null,"oz2Eligibility":null,"source":"nc-robeson-parcels-37155","appraiserUrl":"https://www.ustaxdata.com/nc/robeson/account.cfm?parcelID=23170100801A","gisViewerUrl":"https://maps2.roktech.net/ROKMAPS_Robeson/"},"geometry":{"type":"Polygon","coordinates":[[[-79.301358,34.760369],[-79.301862,34.761256],[-79.302432,34.760966],[-79.311072,34.758771],[-79.310704,34.757986],[-79.303932,34.75922],[-79.304054,34.759585],[-79.301358,34.760369]]]}},{"type":"Feature","id":"37155:839981899700","properties":{"id":"37155:839981899700","parcelId":"839981899700","countyFips":"37155","countyName":"Robeson","state":"North Carolina","marketIds":["Wilmington"],"situsAddress":"2085 MCGIRT GIN RD","situsCity":null,"situsZip":null,"jurisdictionCode":null,"ownerName":"BRYANT AMY NICOLE","ownerName2":null,"propertyName":null,"zoningCode":null,"zoningDistrict":null,"jurisdictionPrefix":null,"dorCode":"V-00","acreage":7.7,"centroid":[-79.33685,34.826802],"lastSale":{"date":"2004-01-01","price":null,"qualified":null},"tax":{"marketValue":null,"assessedValue":null,"taxableValue":null,"taxes":null},"mailingAddress":{"line1":"2085 MCGIRT GIN ROAD","line2":null,"city":"MAXTON","state":"NC","zip":"28364"},"incomeTract":null,"incomeBlockGroup":null,"nearestRoad":null,"flu":null,"opportunityZone":null,"oz2Eligibility":null,"source":"nc-robeson-parcels-37155","appraiserUrl":"https://www.ustaxdata.com/nc/robeson/account.cfm?parcelID=23010101308","gisViewerUrl":"https://maps2.roktech.net/ROKMAPS_Robeson/"},"geometry":{"type":"Polygon","coordinates":[[[-79.336471,34.827471],[-79.33643,34.827593],[-79.336767,34.82748],[-79.337086,34.827345],[-79.338191,34.826759],[-79.337459,34.825756],[-79.336795,34.825575],[-79.335599,34.826437],[-79.336471,34.827471]]]}},{"type":"Feature","id":"37155:839940536100","properties":{"id":"37155:839940536100","parcelId":"839940536100","countyFips":"37155","countyName":"Robeson","state":"North Carolina","marketIds":["Wilmington"],"situsAddress":"2919 MCGIRT GIN RD","situsCity":null,"situsZip":null,"jurisdictionCode":null,"ownerName":"LOCKLEAR THURMAN L & WF","ownerName2":"LOCKLEAR FRANCES M LF EST","propertyName":null,"zoningCode":null,"zoningDistrict":null,"jurisdictionPrefix":null,"dorCode":"V-00","acreage":7.9,"centroid":[-79.351883,34.821992],"lastSale":{"date":"2015-07-08","price":null,"qualified":null},"tax":{"marketValue":null,"assessedValue":null,"taxableValue":null,"taxes":null},"mailingAddress":{"line1":"2919 MCGIRT GIN RD","line2":null,"city":"MAXTON","state":"NC","zip":"28364"},"incomeTract":null,"incomeBlockGroup":null,"nearestRoad":null,"flu":null,"opportunityZone":null,"oz2Eligibility":null,"source":"nc-robeson-parcels-37155","appraiserUrl":"https://www.ustaxdata.com/nc/robeson/account.cfm?parcelID=23050100113","gisViewerUrl":"https://maps2.roktech.net/ROKMAPS_Robeson/"},"geometry":{"type":"Polygon","coordinates":[[[-79.34987,34.821839],[-79.350416,34.821985],[-79.354079,34.822968],[-79.354165,34.822805],[-79.35428,34.822636],[-79.354313,34.822617],[-79.351083,34.821603],[-79.349654,34.820574],[-79.349085,34.820898],[-79.34987,34.821839]]]}},{"type":"Feature","id":"37155:930646846200","properties":{"id":"37155:930646846200","parcelId":"930646846200","countyFips":"37155","countyName":"Robeson","state":"North Carolina","marketIds":["Wilmington"],"situsAddress":"156 DROWNING CREEK RD","situsCity":null,"situsZip":null,"jurisdictionCode":null,"ownerName":"LOCKLEAR JAMES RAY ET ALS","ownerName2":null,"propertyName":null,"zoningCode":null,"zoningDistrict":null,"jurisdictionPrefix":null,"dorCode":"A-80","acreage":11.93,"centroid":[-79.316442,34.756347],"lastSale":{"date":"2005-01-01","price":null,"qualified":null},"tax":{"marketValue":null,"assessedValue":null,"taxableValue":null,"taxes":null},"mailingAddress":{"line1":"116 CHERUB DR","line2":null,"city":"MAXTON","state":"NC","zip":"28364"},"incomeTract":null,"incomeBlockGroup":null,"nearestRoad":null,"flu":null,"opportunityZone":null,"oz2Eligibility":null,"source":"nc-robeson-parcels-37155","appraiserUrl":"https://www.ustaxdata.com/nc/robeson/account.cfm?parcelID=11030204207","gisViewerUrl":"https://maps2.roktech.net/ROKMAPS_Robeson/"},"geometry":{"type":"Polygon","coordinates":[[[-79.315386,34.755715],[-79.315865,34.757075],[-79.316152,34.757884],[-79.318218,34.756752],[-79.317783,34.755334],[-79.315247,34.75532],[-79.315386,34.755715]]]}},{"type":"Feature","id":"37155:931624454600","properties":{"id":"37155:931624454600","parcelId":"931624454600","countyFips":"37155","countyName":"Robeson","state":"North Carolina","marketIds":["Wilmington"],"situsAddress":".","situsCity":null,"situsZip":null,"jurisdictionCode":null,"ownerName":"COLLINS SYBIL L& LOWERY RONNIE","ownerName2":"SWEAT PEGGY SUE L","propertyName":null,"zoningCode":null,"zoningDistrict":null,"jurisdictionPrefix":null,"dorCode":"V-20","acreage":51.83,"centroid":[-79.290834,34.751705],"lastSale":{"date":"2006-11-22","price":null,"qualified":null},"tax":{"marketValue":null,"assessedValue":null,"taxableValue":null,"taxes":null},"mailingAddress":{"line1":"2755 PRESTON RD","line2":null,"city":"MAXTON","state":"NC","zip":"28364"},"incomeTract":null,"incomeBlockGroup":null,"nearestRoad":null,"flu":null,"opportunityZone":null,"oz2Eligibility":null,"source":"nc-robeson-parcels-37155","appraiserUrl":"https://www.ustaxdata.com/nc/robeson/account.cfm?parcelID=23170101502","gisViewerUrl":"https://maps2.roktech.net/ROKMAPS_Robeson/"},"geometry":{"type":"Polygon","coordinates":[[[-79.292051,34.754237],[-79.294275,34.755854],[-79.295331,34.755386],[-79.288944,34.745706],[-79.28864,34.748837],[-79.289055,34.74991],[-79.289489,34.750242],[-79.289601,34.750581],[-79.290213,34.751695],[-79.290193,34.751867],[-79.290398,34.752064],[-79.291822,34.754085],[-79.292051,34.754237]]]}},{"type":"Feature","id":"37155:932734435600","properties":{"id":"37155:932734435600","parcelId":"932734435600","countyFips":"37155","countyName":"Robeson","state":"North Carolina","marketIds":["Wilmington"],"situsAddress":"6036 PRESTON RD","situsCity":null,"situsZip":null,"jurisdictionCode":null,"ownerName":"LOCKLEAR JERRY","ownerName2":"LOCKLEAR PATRICIA ANN","propertyName":null,"zoningCode":null,"zoningDistrict":null,"jurisdictionPrefix":null,"dorCode":"A-10","acreage":12.68,"centroid":[-79.254839,34.778605],"lastSale":{"date":"2001-01-01","price":null,"qualified":null},"tax":{"marketValue":null,"assessedValue":null,"taxableValue":null,"taxes":null},"mailingAddress":{"line1":"6036 PRESTON ROAD","line2":null,"city":"RED SPRINGS","state":"NC","zip":"28377"},"incomeTract":null,"incomeBlockGroup":null,"nearestRoad":null,"flu":null,"opportunityZone":null,"oz2Eligibility":null,"source":"nc-robeson-parcels-37155","appraiserUrl":"https://www.ustaxdata.com/nc/robeson/account.cfm?parcelID=23150102305A","gisViewerUrl":"https://maps2.roktech.net/ROKMAPS_Robeson/"},"geometry":{"type":"Polygon","coordinates":[[[-79.253829,34.779511],[-79.254476,34.779539],[-79.255846,34.7796],[-79.256041,34.77723],[-79.254005,34.777147],[-79.253829,34.779511]]]}},{"type":"Feature","id":"37155:839941221500","properties":{"id":"37155:839941221500","parcelId":"839941221500","countyFips":"37155","countyName":"Robeson","state":"North Carolina","marketIds":["Wilmington"],"situsAddress":".","situsCity":null,"situsZip":null,"jurisdictionCode":null,"ownerName":"OXENDINE LOCKEY","ownerName2":"LOCKLEAR LORRAINE O & ET ALS","propertyName":null,"zoningCode":null,"zoningDistrict":null,"jurisdictionPrefix":null,"dorCode":"V-00","acreage":9.0,"centroid":[-79.352905,34.824821],"lastSale":{"date":"2006-01-23","price":null,"qualified":null},"tax":{"marketValue":null,"assessedValue":null,"taxableValue":null,"taxes":null},"mailingAddress":{"line1":"141 QUIET LN","line2":null,"city":"PEMBROKE","state":"NC","zip":"28372"},"incomeTract":null,"incomeBlockGroup":null,"nearestRoad":null,"flu":null,"opportunityZone":null,"oz2Eligibility":null,"source":"nc-robeson-parcels-37155","appraiserUrl":"https://www.ustaxdata.com/nc/robeson/account.cfm?parcelID=23010101601","gisViewerUrl":"https://maps2.roktech.net/ROKMAPS_Robeson/"},"geometry":{"type":"Polygon","coordinates":[[[-79.352179,34.826123],[-79.352129,34.826072],[-79.352125,34.825949],[-79.352246,34.825847],[-79.352386,34.825769],[-79.352537,34.825819],[-79.352642,34.825889],[-79.352754,34.826088],[-79.352898,34.826222],[-79.353049,34.826325],[-79.353232,34.826385],[-79.353347,34.826349],[-79.353517,34.826329],[-79.353598,34.826263],[-79.353604,34.826106],[-79.35339,34.825927],[-79.353118,34.825792],[-79.352669,34.825412],[-79.352543,34.825139],[-79.352644,34.824986],[-79.352827,34.824942],[-79.352994,34.824954],[-79.353257,34.825141],[-79.353378,34.825147],[-79.353502,34.825078],[-79.353501,34.825016],[-79.353419,34.824898],[-79.353493,34.824799],[-79.353418,34.824665],[-79.353279,34.82459],[-79.353142,34.824567],[-79.352952,34.824465],[-79.352856,34.824545],[-79.352808,34.824508],[-79.352823,34.824441],[-79.352873,34.824359],[-79.35283,34.824253],[-79.352863,34.82418],[-79.352823,34.824101],[-79.352855,34.823979],[-79.352944,34.824001],[-79.352986,34.823876],[-79.35318,34.82377],[-79.353354,34.823802],[-79.35366,34.823959],[-79.353768,34.823937],[-79.353884,34.823777],[-79.353874,34.823527],[-79.353909,34.823382],[-79.354079,34.822968],[-79.353478,34.822807],[-79.353166,34.823178],[-79.352954,34.82332],[-79.352675,34.823406],[-79.352313,34.823595],[-79.352075,34.823771],[-79.352003,34.823972],[-79.352025,34.824193],[-79.352162,34.82462],[-79.352188,34.824799],[-79.352158,34.82494],[-79.352009,34.825363],[-79.351932,34.825457],[-79.351803,34.825547],[-79.351739,34.825993],[-79.352179,34.826123]]]}},{"type":"Feature","id":"37155:932824503700","properties":{"id":"37155:932824503700","parcelId":"932824503700","countyFips":"37155","countyName":"Robeson","state":"North Carolina","marketIds":["Wilmington"],"situsAddress":"5599 OXENDINE SCHOOL RD","situsCity":null,"situsZip":null,"jurisdictionCode":null,"ownerName":"ROBESON CO BD OF EDUCATION","ownerName2":null,"propertyName":null,"zoningCode":null,"zoningDistrict":null,"jurisdictionPrefix":null,"dorCode":"E-20","acreage":7.23,"centroid":[-79.257482,34.80482],"lastSale":{"date":"2005-01-01","price":null,"qualified":null},"tax":{"marketValue":null,"assessedValue":null,"taxableValue":null,"taxes":null},"mailingAddress":{"line1":"P O  BOX 1328","line2":null,"city":"LUMBERTON","state":"NC","zip":"28359"},"incomeTract":null,"incomeBlockGroup":null,"nearestRoad":null,"flu":null,"opportunityZone":null,"oz2Eligibility":null,"source":"nc-robeson-parcels-37155","appraiserUrl":"https://www.ustaxdata.com/nc/robeson/account.cfm?parcelID=230701016","gisViewerUrl":"https://maps2.roktech.net/ROKMAPS_Robeson/"},"geometry":{"type":"Polygon","coordinates":[[[-79.256938,34.804909],[-79.256819,34.804945],[-79.256523,34.80538],[-79.259034,34.806388],[-79.258949,34.805852],[-79.258594,34.804256],[-79.257515,34.804465],[-79.257269,34.804491],[-79.257127,34.804447],[-79.257024,34.804356],[-79.256994,34.804248],[-79.256994,34.804103],[-79.256938,34.804909]]]}},{"type":"Feature","id":"37155:932604992100","properties":{"id":"37155:932604992100","parcelId":"932604992100","countyFips":"37155","countyName":"Robeson","state":"North Carolina","marketIds":["Wilmington"],"situsAddress":"LACY RD","situsCity":null,"situsZip":null,"jurisdictionCode":null,"ownerName":"COLLINS JEFF & ET ALS","ownerName2":null,"propertyName":null,"zoningCode":null,"zoningDistrict":null,"jurisdictionPrefix":null,"dorCode":"V-00","acreage":5.4,"centroid":[-79.263244,34.752378],"lastSale":{"date":"2010-02-26","price":null,"qualified":null},"tax":{"marketValue":null,"assessedValue":null,"taxableValue":null,"taxes":null},"mailingAddress":{"line1":"708 LACY RD","line2":null,"city":"MAXTON","state":"NC","zip":"28364"},"incomeTract":null,"incomeBlockGroup":null,"nearestRoad":null,"flu":null,"opportunityZone":null,"oz2Eligibility":null,"source":"nc-robeson-parcels-37155","appraiserUrl":"https://www.ustaxdata.com/nc/robeson/account.cfm?parcelID=231801011","gisViewerUrl":"https://maps2.roktech.net/ROKMAPS_Robeson/"},"geometry":{"type":"Polygon","coordinates":[[[-79.261375,34.75207],[-79.264209,34.753114],[-79.265183,34.752679],[-79.262208,34.751649],[-79.261375,34.75207]]]}},{"type":"Feature","id":"37155:932739029500","properties":{"id":"37155:932739029500","parcelId":"932739029500","countyFips":"37155","countyName":"Robeson","state":"North Carolina","marketIds":["Wilmington"],"situsAddress":"ARTHUR RD","situsCity":null,"situsZip":null,"jurisdictionCode":null,"ownerName":"LOCKLEAR HOLLY F /WF PACHAN","ownerName2":null,"propertyName":null,"zoningCode":null,"zoningDistrict":null,"jurisdictionPrefix":null,"dorCode":"V-20","acreage":26.77,"centroid":[-79.256465,34.792257],"lastSale":{"date":"2010-03-12","price":null,"qualified":null},"tax":{"marketValue":null,"assessedValue":null,"taxableValue":null,"taxes":null},"mailingAddress":{"line1":"1885 MCMILLIAN RD","line2":null,"city":"MAXTON","state":"NC","zip":"28364"},"incomeTract":null,"incomeBlockGroup":null,"nearestRoad":null,"flu":null,"opportunityZone":null,"oz2Eligibility":null,"source":"nc-robeson-parcels-37155","appraiserUrl":"https://www.ustaxdata.com/nc/robeson/account.cfm?parcelID=231101018","gisViewerUrl":"https://maps2.roktech.net/ROKMAPS_Robeson/"},"geometry":{"type":"Polygon","coordinates":[[[-79.255171,34.790247],[-79.25382,34.791879],[-79.253748,34.792025],[-79.254228,34.792155],[-79.254628,34.792292],[-79.254935,34.792443],[-79.255208,34.792629],[-79.255534,34.792954],[-79.256241,34.793787],[-79.256386,34.793983],[-79.259143,34.792801],[-79.258459,34.791996],[-79.258429,34.792003],[-79.258383,34.791871],[-79.259586,34.791587],[-79.259542,34.791455],[-79.255171,34.790247]],[[-79.257505,34.792079],[-79.257551,34.792211],[-79.257613,34.792197],[-79.257735,34.792548],[-79.255911,34.792979],[-79.255744,34.792494],[-79.257505,34.792079]]]}},{"type":"Feature","id":"37155:839859437300","properties":{"id":"37155:839859437300","parcelId":"839859437300","countyFips":"37155","countyName":"Robeson","state":"North Carolina","marketIds":["Wilmington"],"situsAddress":"2898 MCGIRT GIN RD","situsCity":null,"situsZip":null,"jurisdictionCode":null,"ownerName":"LOCKLEAR ERNEST","ownerName2":null,"propertyName":null,"zoningCode":null,"zoningDistrict":null,"jurisdictionPrefix":null,"dorCode":"A-80","acreage":13.18,"centroid":[-79.348783,34.819328],"lastSale":{"date":"2014-07-11","price":null,"qualified":null},"tax":{"marketValue":null,"assessedValue":null,"taxableValue":null,"taxes":null},"mailingAddress":{"line1":"2878 MCGIRT GIN RD","line2":null,"city":"MAXTON","state":"NC","zip":"28364"},"incomeTract":null,"incomeBlockGroup":null,"nearestRoad":null,"flu":null,"opportunityZone":null,"oz2Eligibility":null,"source":"nc-robeson-parcels-37155","appraiserUrl":"https://www.ustaxdata.com/nc/robeson/account.cfm?parcelID=23050100116","gisViewerUrl":"https://maps2.roktech.net/ROKMAPS_Robeson/"},"geometry":{"type":"Polygon","coordinates":[[[-79.346064,34.819265],[-79.349826,34.820275],[-79.35089,34.819668],[-79.350537,34.819244],[-79.346599,34.818187],[-79.346064,34.819265]]]}},{"type":"Feature","id":"37155:839982584600","properties":{"id":"37155:839982584600","parcelId":"839982584600","countyFips":"37155","countyName":"Robeson","state":"North Carolina","marketIds":["Wilmington"],"situsAddress":".","situsCity":null,"situsZip":null,"jurisdictionCode":null,"ownerName":"BRYANT CHRISTOPHER GEROARD","ownerName2":null,"propertyName":null,"zoningCode":null,"zoningDistrict":null,"jurisdictionPrefix":null,"dorCode":"V-00","acreage":9.81,"centroid":[-79.337949,34.828829],"lastSale":{"date":"2008-11-25","price":null,"qualified":null},"tax":{"marketValue":null,"assessedValue":null,"taxableValue":null,"taxes":null},"mailingAddress":{"line1":"4178 MCGIRT RD","line2":null,"city":"MAXTON","state":"NC","zip":"28364"},"incomeTract":null,"incomeBlockGroup":null,"nearestRoad":null,"flu":null,"opportunityZone":null,"oz2Eligibility":null,"source":"nc-robeson-parcels-37155","appraiserUrl":"https://www.ustaxdata.com/nc/robeson/account.cfm?parcelID=23010101301","gisViewerUrl":"https://maps2.roktech.net/ROKMAPS_Robeson/"},"geometry":{"type":"Polygon","coordinates":[[[-79.336075,34.828593],[-79.337886,34.829653],[-79.339428,34.830004],[-79.339771,34.828723],[-79.338125,34.828295],[-79.338047,34.828497],[-79.336311,34.828039],[-79.336075,34.828593]]]}},{"type":"Feature","id":"37155:930656701200","properties":{"id":"37155:930656701200","parcelId":"930656701200","countyFips":"37155","countyName":"Robeson","state":"North Carolina","marketIds":["Wilmington"],"situsAddress":"4201 RED HILL RD","situsCity":null,"situsZip":null,"jurisdictionCode":null,"ownerName":"CHAVIS DORIS","ownerName2":null,"propertyName":null,"zoningCode":null,"zoningDistrict":null,"jurisdictionPrefix":null,"dorCode":"V-80","acreage":10.06,"centroid":[-79.313886,34.755297],"lastSale":{"date":"2008-10-31","price":null,"qualified":null},"tax":{"marketValue":null,"assessedValue":null,"taxableValue":null,"taxes":null},"mailingAddress":{"line1":"PO BOX 109","line2":null,"city":"WALTHOURVILLE","state":"GA","zip":"31333"},"incomeTract":null,"incomeBlockGroup":null,"nearestRoad":null,"flu":null,"opportunityZone":null,"oz2Eligibility":null,"source":"nc-robeson-parcels-37155","appraiserUrl":"https://www.ustaxdata.com/nc/robeson/account.cfm?parcelID=110302041","gisViewerUrl":"https://maps2.roktech.net/ROKMAPS_Robeson/"},"geometry":{"type":"Polygon","coordinates":[[[-79.312437,34.754598],[-79.312771,34.756498],[-79.315386,34.755715],[-79.314951,34.754378],[-79.312437,34.754598]]]}},{"type":"Feature","id":"37155:839664676900","properties":{"id":"37155:839664676900","parcelId":"839664676900","countyFips":"37155","countyName":"Robeson","state":"North Carolina","marketIds":["Wilmington"],"situsAddress":"#2 DEANGELO RD","situsCity":null,"situsZip":null,"jurisdictionCode":null,"ownerName":"GRAHAM JAMES EDWARD & WF","ownerName2":"SELLGREN VICTORIA M","propertyName":null,"zoningCode":null,"zoningDistrict":null,"jurisdictionPrefix":null,"dorCode":"A-10","acreage":14.0,"centroid":[-79.343889,34.751439],"lastSale":{"date":"2012-07-03","price":null,"qualified":null},"tax":{"marketValue":null,"assessedValue":null,"taxableValue":null,"taxes":null},"mailingAddress":{"line1":"#2 DEANGELO RD","line2":null,"city":"MAXTON","state":"NC","zip":"28364"},"incomeTract":null,"incomeBlockGroup":null,"nearestRoad":null,"flu":null,"opportunityZone":null,"oz2Eligibility":null,"source":"nc-robeson-parcels-37155","appraiserUrl":"https://www.ustaxdata.com/nc/robeson/account.cfm?parcelID=110301030","gisViewerUrl":"https://maps2.roktech.net/ROKMAPS_Robeson/"},"geometry":{"type":"Polygon","coordinates":[[[-79.34263,34.752598],[-79.344309,34.753431],[-79.346037,34.751548],[-79.345877,34.751297],[-79.345035,34.750732],[-79.345124,34.750655],[-79.344405,34.750869],[-79.343993,34.750949],[-79.343597,34.750972],[-79.343295,34.750935],[-79.34285,34.750839],[-79.342799,34.750981],[-79.343328,34.751109],[-79.343082,34.751863],[-79.342975,34.752],[-79.342887,34.752245],[-79.34263,34.752598]]]}},{"type":"Feature","id":"37155:839952606100","properties":{"id":"37155:839952606100","parcelId":"839952606100","countyFips":"37155","countyName":"Robeson","state":"North Carolina","marketIds":["Wilmington"],"situsAddress":".","situsCity":null,"situsZip":null,"jurisdictionCode":null,"ownerName":"OXENDINE BELTON RAY","ownerName2":"OXENDINE CONNIE P","propertyName":null,"zoningCode":null,"zoningDistrict":null,"jurisdictionPrefix":null,"dorCode":"V-20","acreage":68.0,"centroid":[-79.351431,34.827733],"lastSale":{"date":"2007-08-23","price":null,"qualified":null},"tax":{"marketValue":null,"assessedValue":null,"taxableValue":null,"taxes":null},"mailingAddress":{"line1":"220 ZADIE DR","line2":null,"city":"MAXTON","state":"NC","zip":"28364"},"incomeTract":null,"incomeBlockGroup":null,"nearestRoad":null,"flu":null,"opportunityZone":null,"oz2Eligibility":null,"source":"nc-robeson-parcels-37155","appraiserUrl":"https://www.ustaxdata.com/nc/robeson/account.cfm?parcelID=230101017","gisViewerUrl":"https://maps2.roktech.net/ROKMAPS_Robeson/"},"geometry":{"type":"Polygon","coordinates":[[[-79.350543,34.8289],[-79.351738,34.829259],[-79.352732,34.829557],[-79.352731,34.82953],[-79.352663,34.829491],[-79.352696,34.8294],[-79.352745,34.829395],[-79.35277,34.829248],[-79.352878,34.82922],[-79.352937,34.829245],[-79.35297,34.829225],[-79.35294,34.829162],[-79.352999,34.829146],[-79.353064,34.829199],[-79.3531,34.829179],[-79.35311,34.8291],[-79.353233,34.828953],[-79.353331,34.828877],[-79.353442,34.828827],[-79.353524,34.828811],[-79.353592,34.828758],[-79.353517,34.828649],[-79.35335,34.828594],[-79.353183,34.828587],[-79.352996,34.828508],[-79.352934,34.828354],[-79.352903,34.82817],[-79.352899,34.827863],[-79.353012,34.82776],[-79.353016,34.827679],[-79.352904,34.827621],[-79.352724,34.82765],[-79.35263,34.82786],[-79.352529,34.827946],[-79.352399,34.828025],[-79.352186,34.828081],[-79.351905,34.828104],[-79.351663,34.828014],[-79.351588,34.827889],[-79.351514,34.827576],[-79.351631,34.827419],[-79.351827,34.827314],[-79.352281,34.827137],[-79.35235,34.827167],[-79.352392,34.827099],[-79.352544,34.82676],[-79.352504,34.826609],[-79.352524,34.8265],[-79.352431,34.826291],[-79.352247,34.826193],[-79.352179,34.826123],[-79.345982,34.824272],[-79.345915,34.824722],[-79.345089,34.824472],[-79.345156,34.824022],[-79.344131,34.823711],[-79.344111,34.823722],[-79.343768,34.825906],[-79.343679,34.826338],[-79.343555,34.826803],[-79.350543,34.8289]]]}},{"type":"Feature","id":"37155:932615107600","properties":{"id":"37155:932615107600","parcelId":"932615107600","countyFips":"37155","countyName":"Robeson","state":"North Carolina","marketIds":["Wilmington"],"situsAddress":"LACY RD","situsCity":null,"situsZip":null,"jurisdictionCode":null,"ownerName":"COLLINS JEFF & ET ALS","ownerName2":null,"propertyName":null,"zoningCode":null,"zoningDistrict":null,"jurisdictionPrefix":null,"dorCode":"V-00","acreage":5.3,"centroid":[-79.262207,34.752818],"lastSale":{"date":"2010-02-26","price":null,"qualified":null},"tax":{"marketValue":null,"assessedValue":null,"taxableValue":null,"taxes":null},"mailingAddress":{"line1":"708 LACY RD","line2":null,"city":"MAXTON","state":"NC","zip":"28364"},"incomeTract":null,"incomeBlockGroup":null,"nearestRoad":null,"flu":null,"opportunityZone":null,"oz2Eligibility":null,"source":"nc-robeson-parcels-37155","appraiserUrl":"https://www.ustaxdata.com/nc/robeson/account.cfm?parcelID=231801012","gisViewerUrl":"https://maps2.roktech.net/ROKMAPS_Robeson/"},"geometry":{"type":"Polygon","coordinates":[[[-79.260157,34.752676],[-79.261491,34.752938],[-79.263805,34.753292],[-79.264209,34.753114],[-79.261375,34.75207],[-79.260157,34.752676]]]}},{"type":"Feature","id":"37155:932714885100","properties":{"id":"37155:932714885100","parcelId":"932714885100","countyFips":"37155","countyName":"Robeson","state":"North Carolina","marketIds":["Wilmington"],"situsAddress":"500 PRESTON RD","situsCity":null,"situsZip":null,"jurisdictionCode":null,"ownerName":"BRAYBOY BRYAN MCKINLEY","ownerName2":null,"propertyName":null,"zoningCode":null,"zoningDistrict":null,"jurisdictionPrefix":null,"dorCode":"V-00","acreage":9.4,"centroid":[-79.261235,34.779625],"lastSale":{"date":"2005-07-17","price":null,"qualified":null},"tax":{"marketValue":null,"assessedValue":null,"taxableValue":null,"taxes":null},"mailingAddress":{"line1":"4885 E CALLE DEL MEDIO","line2":null,"city":"PHOENIX","state":"AZ","zip":"85018"},"incomeTract":null,"incomeBlockGroup":null,"nearestRoad":null,"flu":null,"opportunityZone":null,"oz2Eligibility":null,"source":"nc-robeson-parcels-37155","appraiserUrl":"https://www.ustaxdata.com/nc/robeson/account.cfm?parcelID=23150100302","gisViewerUrl":"https://maps2.roktech.net/ROKMAPS_Robeson/"},"geometry":{"type":"Polygon","coordinates":[[[-79.26433,34.779997],[-79.265546,34.780054],[-79.26556,34.779761],[-79.262831,34.779632],[-79.258255,34.779212],[-79.256079,34.77911],[-79.256046,34.779606],[-79.26433,34.779997]]]}},{"type":"Feature","id":"37155:931760162992","properties":{"id":"37155:931760162992","parcelId":"931760162992","countyFips":"37155","countyName":"Robeson","state":"North Carolina","marketIds":["Wilmington"],"situsAddress":".","situsCity":null,"situsZip":null,"jurisdictionCode":null,"ownerName":"OXENDINE BELTON RAY & WF","ownerName2":"OXENDINE CONNIE P","propertyName":null,"zoningCode":null,"zoningDistrict":null,"jurisdictionPrefix":null,"dorCode":"V-40","acreage":130.05,"centroid":[-79.277133,34.767299],"lastSale":{"date":"2010-08-09","price":null,"qualified":null},"tax":{"marketValue":null,"assessedValue":null,"taxableValue":null,"taxes":null},"mailingAddress":{"line1":"220 ZADIE DR","line2":null,"city":"MAXTON","state":"NC","zip":"28364"},"incomeTract":null,"incomeBlockGroup":null,"nearestRoad":null,"flu":null,"opportunityZone":null,"oz2Eligibility":null,"source":"nc-robeson-parcels-37155","appraiserUrl":"https://www.ustaxdata.com/nc/robeson/account.cfm?parcelID=231401003","gisViewerUrl":"https://maps2.roktech.net/ROKMAPS_Robeson/"},"geometry":{"type":"MultiPolygon","coordinates":[[[[-79.272673,34.765857],[-79.274043,34.766612],[-79.274191,34.766841],[-79.274225,34.767319],[-79.274569,34.767526],[-79.274896,34.768258],[-79.274489,34.769418],[-79.274211,34.769762],[-79.27416,34.769949],[-79.274252,34.770104],[-79.274841,34.770589],[-79.274902,34.771148],[-79.274872,34.771269],[-79.274921,34.771378],[-79.282598,34.768684],[-79.282523,34.768382],[-79.282396,34.768048],[-79.281312,34.765786],[-79.281122,34.765481],[-79.280929,34.765233],[-79.280716,34.765012],[-79.280339,34.764672],[-79.279855,34.765019],[-79.279532,34.764902],[-79.279392,34.765226],[-79.279355,34.765543],[-79.279064,34.765785],[-79.27639,34.765554],[-79.274864,34.76447],[-79.272362,34.765145],[-79.272673,34.765857]]],[[[-79.283629,34.769146],[-79.283858,34.769637],[-79.285641,34.773448],[-79.287762,34.77147],[-79.281509,34.765741],[-79.282584,34.767991],[-79.282716,34.76834],[-79.282786,34.768618],[-79.283296,34.768439],[-79.283629,34.769146]]]]}},{"type":"Feature","id":"37155:931924930600","properties":{"id":"37155:931924930600","parcelId":"931924930600","countyFips":"37155","countyName":"Robeson","state":"North Carolina","marketIds":["Wilmington"],"situsAddress":".","situsCity":null,"situsZip":null,"jurisdictionCode":null,"ownerName":"STRICKLAND WILDON","ownerName2":null,"propertyName":null,"zoningCode":null,"zoningDistrict":null,"jurisdictionPrefix":null,"dorCode":"V-20","acreage":20.87,"centroid":[-79.290188,34.833218],"lastSale":{"date":"2006-03-13","price":null,"qualified":null},"tax":{"marketValue":null,"assessedValue":null,"taxableValue":null,"taxes":null},"mailingAddress":{"line1":"852 MCNEILL RD","line2":null,"city":"MAXTON","state":"NC","zip":"28364"},"incomeTract":null,"incomeBlockGroup":null,"nearestRoad":null,"flu":null,"opportunityZone":null,"oz2Eligibility":null,"source":"nc-robeson-parcels-37155","appraiserUrl":"https://www.ustaxdata.com/nc/robeson/account.cfm?parcelID=230201017","gisViewerUrl":"https://maps2.roktech.net/ROKMAPS_Robeson/"},"geometry":{"type":"Polygon","coordinates":[[[-79.29015,34.835122],[-79.290554,34.834991],[-79.290702,34.835172],[-79.292412,34.834846],[-79.289951,34.831138],[-79.289922,34.831135],[-79.289967,34.831662],[-79.287849,34.83168],[-79.29015,34.835122]]]}},{"type":"Feature","id":"37155:932804456600","properties":{"id":"37155:932804456600","parcelId":"932804456600","countyFips":"37155","countyName":"Robeson","state":"North Carolina","marketIds":["Wilmington"],"situsAddress":"OXENDINE SCHOOL RD","situsCity":null,"situsZip":null,"jurisdictionCode":null,"ownerName":"OXENDINE ARTHUR WENDELL HEIRS","ownerName2":null,"propertyName":null,"zoningCode":null,"zoningDistrict":null,"jurisdictionPrefix":null,"dorCode":"V-20","acreage":39.0,"centroid":[-79.263331,34.806693],"lastSale":{"date":"2009-05-21","price":null,"qualified":null},"tax":{"marketValue":null,"assessedValue":null,"taxableValue":null,"taxes":null},"mailingAddress":{"line1":"P.O BOX 1598","line2":"17281 BARNES DR","city":"PEMBROKE","state":"NC","zip":"28372"},"incomeTract":null,"incomeBlockGroup":null,"nearestRoad":null,"flu":null,"opportunityZone":null,"oz2Eligibility":null,"source":"nc-robeson-parcels-37155","appraiserUrl":"https://www.ustaxdata.com/nc/robeson/account.cfm?parcelID=230701013","gisViewerUrl":"https://maps2.roktech.net/ROKMAPS_Robeson/"},"geometry":{"type":"Polygon","coordinates":[[[-79.259225,34.806301],[-79.259231,34.806346],[-79.259244,34.806491],[-79.26001,34.806858],[-79.260391,34.807096],[-79.262296,34.807274],[-79.264888,34.806968],[-79.265645,34.806939],[-79.266389,34.80895],[-79.269817,34.805301],[-79.269501,34.8051],[-79.259225,34.806301]]]}},{"type":"Feature","id":"37155:930885318865","properties":{"id":"37155:930885318865","parcelId":"930885318865","countyFips":"37155","countyName":"Robeson","state":"North Carolina","marketIds":["Wilmington"],"situsAddress":"649 ADRENIA RD","situsCity":null,"situsZip":null,"jurisdictionCode":null,"ownerName":"LOCKLEAR JOHN","ownerName2":null,"propertyName":null,"zoningCode":null,"zoningDistrict":null,"jurisdictionPrefix":null,"dorCode":"D-10","acreage":5.21,"centroid":[-79.305063,34.807985],"lastSale":{"date":"2015-08-25","price":null,"qualified":null},"tax":{"marketValue":null,"assessedValue":null,"taxableValue":null,"taxes":null},"mailingAddress":{"line1":"649 MINNIE LANE","line2":null,"city":"MAXTON","state":"NC","zip":"28364"},"incomeTract":null,"incomeBlockGroup":null,"nearestRoad":null,"flu":null,"opportunityZone":null,"oz2Eligibility":null,"source":"nc-robeson-parcels-37155","appraiserUrl":"https://www.ustaxdata.com/nc/robeson/account.cfm?parcelID=230601042","gisViewerUrl":"https://maps2.roktech.net/ROKMAPS_Robeson/"},"geometry":{"type":"Polygon","coordinates":[[[-79.305339,34.808307],[-79.305521,34.808466],[-79.306028,34.808798],[-79.306563,34.807575],[-79.305488,34.807496],[-79.305304,34.807807],[-79.304694,34.807763],[-79.304875,34.807452],[-79.304175,34.807401],[-79.303693,34.807899],[-79.304224,34.8083],[-79.304814,34.808437],[-79.305098,34.8081],[-79.305339,34.808307]]]}},{"type":"Feature","id":"37155:932923441600","properties":{"id":"37155:932923441600","parcelId":"932923441600","countyFips":"37155","countyName":"Robeson","state":"North Carolina","marketIds":["Wilmington"],"situsAddress":"MT ZION CHURCH RD","situsCity":null,"situsZip":null,"jurisdictionCode":null,"ownerName":"MCRAE THEODORE L JR","ownerName2":null,"propertyName":null,"zoningCode":null,"zoningDistrict":null,"jurisdictionPrefix":null,"dorCode":"V-00","acreage":8.17,"centroid":[-79.258544,34.830851],"lastSale":{"date":"2001-01-01","price":null,"qualified":null},"tax":{"marketValue":null,"assessedValue":null,"taxableValue":null,"taxes":null},"mailingAddress":{"line1":"APT 2-L","line2":"167 MARCUS GARVEY BLVD","city":"BROOKLYN","state":"NY","zip":"11221"},"incomeTract":null,"incomeBlockGroup":null,"nearestRoad":null,"flu":null,"opportunityZone":null,"oz2Eligibility":null,"source":"nc-robeson-parcels-37155","appraiserUrl":"https://www.ustaxdata.com/nc/robeson/account.cfm?parcelID=230301004","gisViewerUrl":"https://maps2.roktech.net/ROKMAPS_Robeson/"},"geometry":{"type":"Polygon","coordinates":[[[-79.257168,34.830955],[-79.258491,34.831978],[-79.259886,34.830799],[-79.258633,34.829672],[-79.257168,34.830955]]]}},{"type":"Feature","id":"37155:931912542700","properties":{"id":"37155:931912542700","parcelId":"931912542700","countyFips":"37155","countyName":"Robeson","state":"North Carolina","marketIds":["Wilmington"],"situsAddress":"MCNEIL RD","situsCity":null,"situsZip":null,"jurisdictionCode":null,"ownerName":"MCKAY SUSIE NORRIS","ownerName2":null,"propertyName":null,"zoningCode":null,"zoningDistrict":null,"jurisdictionPrefix":null,"dorCode":"V-80","acreage":98.58,"centroid":[-79.294019,34.828296],"lastSale":{"date":"2001-01-01","price":null,"qualified":null},"tax":{"marketValue":null,"assessedValue":null,"taxableValue":null,"taxes":null},"mailingAddress":{"line1":"1415 COVINGTON FARM RD","line2":null,"city":"ST. PAULS","state":"NC","zip":"28384"},"incomeTract":null,"incomeBlockGroup":null,"nearestRoad":null,"flu":null,"opportunityZone":null,"oz2Eligibility":null,"source":"nc-robeson-parcels-37155","appraiserUrl":"https://www.ustaxdata.com/nc/robeson/account.cfm?parcelID=230201018","gisViewerUrl":"https://maps2.roktech.net/ROKMAPS_Robeson/"},"geometry":{"type":"Polygon","coordinates":[[[-79.289908,34.830968],[-79.289937,34.830971],[-79.290435,34.831031],[-79.290902,34.831133],[-79.292146,34.830599],[-79.298145,34.830815],[-79.29831,34.827341],[-79.29757,34.826975],[-79.296653,34.825966],[-79.298968,34.824527],[-79.298328,34.823299],[-79.296114,34.824303],[-79.293971,34.825595],[-79.289034,34.830442],[-79.289866,34.830475],[-79.289908,34.830968]]]}},{"type":"Feature","id":"37155:839991053400","properties":{"id":"37155:839991053400","parcelId":"839991053400","countyFips":"37155","countyName":"Robeson","state":"North Carolina","marketIds":["Wilmington"],"situsAddress":"2085 MCGIRT GIN RD","situsCity":null,"situsZip":null,"jurisdictionCode":null,"ownerName":"BRYANT AMY NICOLE","ownerName2":null,"propertyName":null,"zoningCode":null,"zoningDistrict":null,"jurisdictionPrefix":null,"dorCode":"A-10","acreage":13.61,"centroid":[-79.337094,34.825595],"lastSale":{"date":"2005-01-01","price":null,"qualified":null},"tax":{"marketValue":null,"assessedValue":null,"taxableValue":null,"taxes":null},"mailingAddress":{"line1":"2085 MCGIRT GIN ROAD","line2":null,"city":"MAXTON","state":"NC","zip":"28364"},"incomeTract":null,"incomeBlockGroup":null,"nearestRoad":null,"flu":null,"opportunityZone":null,"oz2Eligibility":null,"source":"nc-robeson-parcels-37155","appraiserUrl":"https://www.ustaxdata.com/nc/robeson/account.cfm?parcelID=230101019","gisViewerUrl":"https://maps2.roktech.net/ROKMAPS_Robeson/"},"geometry":{"type":"Polygon","coordinates":[[[-79.3385,34.826076],[-79.338786,34.826438],[-79.339945,34.825812],[-79.338735,34.825455],[-79.33419,34.824225],[-79.333834,34.824577],[-79.335599,34.826437],[-79.336795,34.825575],[-79.337459,34.825756],[-79.3385,34.826076]]]}},{"type":"Feature","id":"37155:839894362500","properties":{"id":"37155:839894362500","parcelId":"839894362500","countyFips":"37155","countyName":"Robeson","state":"North Carolina","marketIds":["Wilmington"],"situsAddress":"2064 MCGIRT RD","situsCity":null,"situsZip":null,"jurisdictionCode":null,"ownerName":"STANTON THOMAS W","ownerName2":null,"propertyName":null,"zoningCode":null,"zoningDistrict":null,"jurisdictionPrefix":null,"dorCode":"A-20","acreage":55.64,"centroid":[-79.338325,34.804625],"lastSale":{"date":"2007-01-31","price":null,"qualified":null},"tax":{"marketValue":null,"assessedValue":null,"taxableValue":null,"taxes":null},"mailingAddress":{"line1":"2124 MCGIRT RD","line2":null,"city":"MAXTON","state":"NC","zip":"28364"},"incomeTract":null,"incomeBlockGroup":null,"nearestRoad":null,"flu":null,"opportunityZone":null,"oz2Eligibility":null,"source":"nc-robeson-parcels-37155","appraiserUrl":"https://www.ustaxdata.com/nc/robeson/account.cfm?parcelID=230501009","gisViewerUrl":"https://maps2.roktech.net/ROKMAPS_Robeson/"},"geometry":{"type":"Polygon","coordinates":[[[-79.340688,34.803341],[-79.340157,34.802837],[-79.339968,34.802658],[-79.339424,34.803017],[-79.338937,34.802555],[-79.337778,34.803128],[-79.337195,34.804251],[-79.336562,34.805591],[-79.330358,34.80767],[-79.331058,34.810503],[-79.334808,34.807994],[-79.339026,34.805298],[-79.339991,34.804709],[-79.340749,34.804204],[-79.341269,34.803893],[-79.341144,34.803774],[-79.340601,34.804133],[-79.340145,34.8037],[-79.340688,34.803341]]]}},{"type":"Feature","id":"37155:930903301800","properties":{"id":"37155:930903301800","parcelId":"930903301800","countyFips":"37155","countyName":"Robeson","state":"North Carolina","marketIds":["Wilmington"],"situsAddress":"1098 N 71 HWY","situsCity":null,"situsZip":null,"jurisdictionCode":null,"ownerName":"CHAVIS ERIC","ownerName2":null,"propertyName":null,"zoningCode":null,"zoningDistrict":null,"jurisdictionPrefix":null,"dorCode":"V-00","acreage":6.1,"centroid":[-79.332102,34.829656],"lastSale":{"date":"2015-07-05","price":null,"qualified":null},"tax":{"marketValue":null,"assessedValue":null,"taxableValue":null,"taxes":null},"mailingAddress":{"line1":"1098 N C HWY 71 N","line2":null,"city":"MAXTON","state":"NC","zip":"28364"},"incomeTract":null,"incomeBlockGroup":null,"nearestRoad":null,"flu":null,"opportunityZone":null,"oz2Eligibility":null,"source":"nc-robeson-parcels-37155","appraiserUrl":"https://www.ustaxdata.com/nc/robeson/account.cfm?parcelID=23010100904","gisViewerUrl":"https://maps2.roktech.net/ROKMAPS_Robeson/"},"geometry":{"type":"Polygon","coordinates":[[[-79.331479,34.82987],[-79.331765,34.830604],[-79.33326,34.829904],[-79.332804,34.828738],[-79.331202,34.829163],[-79.331479,34.82987]]]}},{"type":"Feature","id":"37155:931807146385","properties":{"id":"37155:931807146385","parcelId":"931807146385","countyFips":"37155","countyName":"Robeson","state":"North Carolina","marketIds":["Wilmington"],"situsAddress":"35 EARTLE DR","situsCity":null,"situsZip":null,"jurisdictionCode":null,"ownerName":"LOWERY EARTLE","ownerName2":"LOWERY PATRICIA","propertyName":null,"zoningCode":null,"zoningDistrict":null,"jurisdictionPrefix":null,"dorCode":"D-10","acreage":6.79,"centroid":[-79.299144,34.814166],"lastSale":{"date":"2003-01-01","price":null,"qualified":null},"tax":{"marketValue":null,"assessedValue":null,"taxableValue":null,"taxes":null},"mailingAddress":{"line1":"455 ISAIAH RD","line2":null,"city":"MAXTON","state":"NC","zip":"28364"},"incomeTract":null,"incomeBlockGroup":null,"nearestRoad":null,"flu":null,"opportunityZone":null,"oz2Eligibility":null,"source":"nc-robeson-parcels-37155","appraiserUrl":"https://www.ustaxdata.com/nc/robeson/account.cfm?parcelID=230601008","gisViewerUrl":"https://maps2.roktech.net/ROKMAPS_Robeson/"},"geometry":{"type":"Polygon","coordinates":[[[-79.300199,34.814184],[-79.300245,34.813552],[-79.298811,34.813451],[-79.298105,34.813904],[-79.298286,34.814096],[-79.298451,34.814314],[-79.298897,34.815085],[-79.300159,34.814741],[-79.300199,34.814184]]]}},{"type":"Feature","id":"37155:930906500200","properties":{"id":"37155:930906500200","parcelId":"930906500200","countyFips":"37155","countyName":"Robeson","state":"North Carolina","marketIds":["Wilmington"],"situsAddress":".","situsCity":null,"situsZip":null,"jurisdictionCode":null,"ownerName":"PATTEN SEED COMPANY","ownerName2":null,"propertyName":null,"zoningCode":null,"zoningDistrict":null,"jurisdictionPrefix":null,"dorCode":"V-40","acreage":100.0,"centroid":[-79.333231,34.836868],"lastSale":{"date":"2015-08-06","price":null,"qualified":null},"tax":{"marketValue":null,"assessedValue":null,"taxableValue":null,"taxes":null},"mailingAddress":{"line1":"PO BOX 217","line2":null,"city":"LAKELAND","state":"GA","zip":"31635"},"incomeTract":null,"incomeBlockGroup":null,"nearestRoad":null,"flu":null,"opportunityZone":null,"oz2Eligibility":null,"source":"nc-robeson-parcels-37155","appraiserUrl":"https://www.ustaxdata.com/nc/robeson/account.cfm?parcelID=230101002","gisViewerUrl":"https://maps2.roktech.net/ROKMAPS_Robeson/"},"geometry":{"type":"Polygon","coordinates":[[[-79.326636,34.838029],[-79.333271,34.838198],[-79.339458,34.838368],[-79.339618,34.838073],[-79.335066,34.836428],[-79.335466,34.835391],[-79.328958,34.833681],[-79.327376,34.836773],[-79.326636,34.838029]]]}},{"type":"Feature","id":"37155:931816310000","properties":{"id":"37155:931816310000","parcelId":"931816310000","countyFips":"37155","countyName":"Robeson","state":"North Carolina","marketIds":["Wilmington"],"situsAddress":"188 BRIDAL'S LN","situsCity":null,"situsZip":null,"jurisdictionCode":null,"ownerName":"HOLT TERRY G","ownerName2":null,"propertyName":null,"zoningCode":null,"zoningDistrict":null,"jurisdictionPrefix":null,"dorCode":"V-80","acreage":6.09,"centroid":[-79.295622,34.810356],"lastSale":{"date":"2005-12-28","price":null,"qualified":null},"tax":{"marketValue":null,"assessedValue":null,"taxableValue":null,"taxes":null},"mailingAddress":{"line1":"PO BOX 395","line2":null,"city":"MAXTON","state":"NC","zip":"28364"},"incomeTract":null,"incomeBlockGroup":null,"nearestRoad":null,"flu":null,"opportunityZone":null,"oz2Eligibility":null,"source":"nc-robeson-parcels-37155","appraiserUrl":"https://www.ustaxdata.com/nc/robeson/account.cfm?parcelID=23060102807","gisViewerUrl":"https://maps2.roktech.net/ROKMAPS_Robeson/"},"geometry":{"type":"Polygon","coordinates":[[[-79.296971,34.810021],[-79.296577,34.809967],[-79.295078,34.809742],[-79.29488,34.8098],[-79.294171,34.810821],[-79.294544,34.811011],[-79.295816,34.811379],[-79.296942,34.810104],[-79.296971,34.810021]]]}},{"type":"Feature","id":"37155:932930411300","properties":{"id":"37155:932930411300","parcelId":"932930411300","countyFips":"37155","countyName":"Robeson","state":"North Carolina","marketIds":["Wilmington"],"situsAddress":"679 SUMTER CIR","situsCity":null,"situsZip":null,"jurisdictionCode":null,"ownerName":"BROOKS ROSE & ERVIN","ownerName2":null,"propertyName":null,"zoningCode":null,"zoningDistrict":null,"jurisdictionPrefix":null,"dorCode":"D-10","acreage":7.97,"centroid":[-79.255036,34.821937],"lastSale":{"date":"2004-01-01","price":null,"qualified":null},"tax":{"marketValue":null,"assessedValue":null,"taxableValue":null,"taxes":null},"mailingAddress":{"line1":"679 SUMTER CRICLE","line2":null,"city":"MAXTON","state":"NC","zip":"28364"},"incomeTract":null,"incomeBlockGroup":null,"nearestRoad":null,"flu":null,"opportunityZone":null,"oz2Eligibility":null,"source":"nc-robeson-parcels-37155","appraiserUrl":"https://www.ustaxdata.com/nc/robeson/account.cfm?parcelID=23030101106","gisViewerUrl":"https://maps2.roktech.net/ROKMAPS_Robeson/"},"geometry":{"type":"Polygon","coordinates":[[[-79.254621,34.822631],[-79.255162,34.823287],[-79.25653,34.820155],[-79.253831,34.821676],[-79.254621,34.822631]]]}},{"type":"Feature","id":"37155:839941514000","properties":{"id":"37155:839941514000","parcelId":"839941514000","countyFips":"37155","countyName":"Robeson","state":"North Carolina","marketIds":["Wilmington"],"situsAddress":".","situsCity":null,"situsZip":null,"jurisdictionCode":null,"ownerName":"OXENDINE LOCKEY","ownerName2":"LOCKLEAR LORRAINE O & ET ALS","propertyName":null,"zoningCode":null,"zoningDistrict":null,"jurisdictionPrefix":null,"dorCode":"V-10","acreage":11.5,"centroid":[-79.351786,34.824202],"lastSale":{"date":"2010-03-15","price":null,"qualified":null},"tax":{"marketValue":null,"assessedValue":null,"taxableValue":null,"taxes":null},"mailingAddress":{"line1":"141 QUIET LN","line2":null,"city":"PEMBROKE","state":"NC","zip":"28372"},"incomeTract":null,"incomeBlockGroup":null,"nearestRoad":null,"flu":null,"opportunityZone":null,"oz2Eligibility":null,"source":"nc-robeson-parcels-37155","appraiserUrl":"https://www.ustaxdata.com/nc/robeson/account.cfm?parcelID=23010102430","gisViewerUrl":"https://maps2.roktech.net/ROKMAPS_Robeson/"},"geometry":{"type":"Polygon","coordinates":[[[-79.35028,34.825561],[-79.3516,34.825952],[-79.351739,34.825993],[-79.351803,34.825547],[-79.351932,34.825457],[-79.352009,34.825363],[-79.352158,34.82494],[-79.352188,34.824799],[-79.352162,34.82462],[-79.352025,34.824193],[-79.352003,34.823972],[-79.352075,34.823771],[-79.352313,34.823595],[-79.352675,34.823406],[-79.352954,34.82332],[-79.353166,34.823178],[-79.353478,34.822807],[-79.352226,34.822471],[-79.351615,34.823202],[-79.351121,34.82307],[-79.350867,34.823291],[-79.350978,34.82361],[-79.350824,34.823857],[-79.350726,34.82412],[-79.350693,34.824555],[-79.350832,34.824596],[-79.35028,34.825561]]]}},{"type":"Feature","id":"37155:930876048500","properties":{"id":"37155:930876048500","parcelId":"930876048500","countyFips":"37155","countyName":"Robeson","state":"North Carolina","marketIds":["Wilmington"],"situsAddress":"MODEST RD","situsCity":null,"situsZip":null,"jurisdictionCode":null,"ownerName":"TUSCARORA NATION","ownerName2":"TUSCARORA TERRITORY VIA","propertyName":null,"zoningCode":null,"zoningDistrict":null,"jurisdictionPrefix":null,"dorCode":"E-80","acreage":11.23,"centroid":[-79.309544,34.811004],"lastSale":{"date":"2005-01-01","price":null,"qualified":null},"tax":{"marketValue":null,"assessedValue":null,"taxableValue":null,"taxes":null},"mailingAddress":{"line1":"1349 MODEST RD","line2":null,"city":"MAXTON","state":"NC","zip":"28364"},"incomeTract":null,"incomeBlockGroup":null,"nearestRoad":null,"flu":null,"opportunityZone":null,"oz2Eligibility":null,"source":"nc-robeson-parcels-37155","appraiserUrl":"https://www.ustaxdata.com/nc/robeson/account.cfm?parcelID=23020103006","gisViewerUrl":"https://maps2.roktech.net/ROKMAPS_Robeson/"},"geometry":{"type":"Polygon","coordinates":[[[-79.309293,34.809353],[-79.309244,34.809556],[-79.308516,34.812575],[-79.309869,34.812887],[-79.310765,34.811896],[-79.309574,34.809756],[-79.309293,34.809353]]]}},{"type":"Feature","id":"37155:839678316900","properties":{"id":"37155:839678316900","parcelId":"839678316900","countyFips":"37155","countyName":"Robeson","state":"North Carolina","marketIds":["Wilmington"],"situsAddress":".","situsCity":null,"situsZip":null,"jurisdictionCode":null,"ownerName":"BAUCOM INVESTMENTS, LLC","ownerName2":null,"propertyName":null,"zoningCode":null,"zoningDistrict":null,"jurisdictionPrefix":null,"dorCode":"V-20","acreage":21.5,"centroid":[-79.34098,34.760337],"lastSale":{"date":"2012-12-31","price":null,"qualified":null},"tax":{"marketValue":null,"assessedValue":null,"taxableValue":null,"taxes":null},"mailingAddress":{"line1":"9611 MORGAN MILL RD","line2":null,"city":"MONROE","state":"NC","zip":"28110"},"incomeTract":null,"incomeBlockGroup":null,"nearestRoad":null,"flu":null,"opportunityZone":null,"oz2Eligibility":null,"source":"nc-robeson-parcels-37155","appraiserUrl":"https://www.ustaxdata.com/nc/robeson/account.cfm?parcelID=11020104501","gisViewerUrl":"https://maps2.roktech.net/ROKMAPS_Robeson/"},"geometry":{"type":"Polygon","coordinates":[[[-79.340664,34.758911],[-79.340178,34.758622],[-79.34003,34.758661],[-79.339933,34.758949],[-79.339962,34.759137],[-79.34078,34.762135],[-79.341007,34.762864],[-79.341183,34.763332],[-79.343615,34.760727],[-79.34245,34.76003],[-79.340664,34.758911]]]}},{"type":"Feature","id":"37155:931903038000","properties":{"id":"37155:931903038000","parcelId":"931903038000","countyFips":"37155","countyName":"Robeson","state":"North Carolina","marketIds":["Wilmington"],"situsAddress":"MODEST RD","situsCity":null,"situsZip":null,"jurisdictionCode":null,"ownerName":"WAKULLA FARMS, LLC","ownerName2":null,"propertyName":null,"zoningCode":null,"zoningDistrict":null,"jurisdictionPrefix":null,"dorCode":"V-40","acreage":136.1,"centroid":[-79.300534,34.829096],"lastSale":{"date":"2012-12-19","price":null,"qualified":null},"tax":{"marketValue":null,"assessedValue":null,"taxableValue":null,"taxes":null},"mailingAddress":{"line1":"271 BONNIE LANE","line2":null,"city":"PEMBROKE","state":"NC","zip":"28372"},"incomeTract":null,"incomeBlockGroup":null,"nearestRoad":null,"flu":null,"opportunityZone":null,"oz2Eligibility":null,"source":"nc-robeson-parcels-37155","appraiserUrl":"https://www.ustaxdata.com/nc/robeson/account.cfm?parcelID=230201013","gisViewerUrl":"https://maps2.roktech.net/ROKMAPS_Robeson/"},"geometry":{"type":"Polygon","coordinates":[[[-79.293397,34.830644],[-79.29493,34.834085],[-79.30248,34.833354],[-79.302842,34.832898],[-79.303426,34.832842],[-79.303562,34.832409],[-79.304868,34.826968],[-79.304074,34.827093],[-79.304095,34.826828],[-79.302564,34.826806],[-79.30237,34.829031],[-79.301466,34.829017],[-79.2999,34.826137],[-79.298968,34.824527],[-79.296653,34.825966],[-79.29757,34.826975],[-79.29831,34.827341],[-79.298145,34.830815],[-79.293397,34.830644]]]}},{"type":"Feature","id":"37155:839698325200","properties":{"id":"37155:839698325200","parcelId":"839698325200","countyFips":"37155","countyName":"Robeson","state":"North Carolina","marketIds":["Wilmington"],"situsAddress":"854 BRYANT CIR","situsCity":null,"situsZip":null,"jurisdictionCode":null,"ownerName":"LOCKLEAR CRAIG","ownerName2":null,"propertyName":null,"zoningCode":null,"zoningDistrict":null,"jurisdictionPrefix":null,"dorCode":"V-00","acreage":6.81,"centroid":[-79.334985,34.761023],"lastSale":{"date":"2001-01-01","price":null,"qualified":null},"tax":{"marketValue":null,"assessedValue":null,"taxableValue":null,"taxes":null},"mailingAddress":{"line1":"854 BRYANT CIRCLE","line2":null,"city":"MAXTON","state":"NC","zip":"28364"},"incomeTract":null,"incomeBlockGroup":null,"nearestRoad":null,"flu":null,"opportunityZone":null,"oz2Eligibility":null,"source":"nc-robeson-parcels-37155","appraiserUrl":"https://www.ustaxdata.com/nc/robeson/account.cfm?parcelID=11020105307","gisViewerUrl":"https://maps2.roktech.net/ROKMAPS_Robeson/"},"geometry":{"type":"Polygon","coordinates":[[[-79.334627,34.761984],[-79.336112,34.762004],[-79.336388,34.762],[-79.335559,34.760219],[-79.335119,34.760363],[-79.334742,34.760519],[-79.334487,34.760651],[-79.334587,34.760734],[-79.334298,34.760758],[-79.333933,34.760994],[-79.334627,34.761984]]]}},{"type":"Feature","id":"37155:930761880200","properties":{"id":"37155:930761880200","parcelId":"930761880200","countyFips":"37155","countyName":"Robeson","state":"North Carolina","marketIds":["Wilmington"],"situsAddress":"3115 SWAIN RD","situsCity":null,"situsZip":null,"jurisdictionCode":null,"ownerName":"LUCAS GLENN","ownerName2":null,"propertyName":null,"zoningCode":null,"zoningDistrict":null,"jurisdictionPrefix":null,"dorCode":"V-00","acreage":14.49,"centroid":[-79.310302,34.771219],"lastSale":{"date":"2004-01-01","price":null,"qualified":null},"tax":{"marketValue":null,"assessedValue":null,"taxableValue":null,"taxes":null},"mailingAddress":{"line1":"3115 SWAIM RD","line2":null,"city":"WINSTON SALEM","state":"NC","zip":"27107"},"incomeTract":null,"incomeBlockGroup":null,"nearestRoad":null,"flu":null,"opportunityZone":null,"oz2Eligibility":null,"source":"nc-robeson-parcels-37155","appraiserUrl":"https://www.ustaxdata.com/nc/robeson/account.cfm?parcelID=23130102307","gisViewerUrl":"https://maps2.roktech.net/ROKMAPS_Robeson/"},"geometry":{"type":"Polygon","coordinates":[[[-79.304723,34.772883],[-79.304944,34.773323],[-79.31587,34.769558],[-79.31567,34.769111],[-79.304723,34.772883]]]}},{"type":"Feature","id":"37155:931634144500","properties":{"id":"37155:931634144500","parcelId":"931634144500","countyFips":"37155","countyName":"Robeson","state":"North Carolina","marketIds":["Wilmington"],"situsAddress":"504 BUCK RD","situsCity":null,"situsZip":null,"jurisdictionCode":null,"ownerName":"BARTON SANFORD & WF","ownerName2":"BARTON ELLEN ROASE","propertyName":null,"zoningCode":null,"zoningDistrict":null,"jurisdictionPrefix":null,"dorCode":"V-80","acreage":7.71,"centroid":[-79.289406,34.750728],"lastSale":{"date":"2006-11-22","price":null,"qualified":null},"tax":{"marketValue":null,"assessedValue":null,"taxableValue":null,"taxes":null},"mailingAddress":{"line1":"500 BUCK ROAD","line2":null,"city":"MAXTON","state":"NC","zip":"28364"},"incomeTract":null,"incomeBlockGroup":null,"nearestRoad":null,"flu":null,"opportunityZone":null,"oz2Eligibility":null,"source":"nc-robeson-parcels-37155","appraiserUrl":"https://www.ustaxdata.com/nc/robeson/account.cfm?parcelID=23170101503","gisViewerUrl":"https://maps2.roktech.net/ROKMAPS_Robeson/"},"geometry":{"type":"Polygon","coordinates":[[[-79.28864,34.748837],[-79.288625,34.749081],[-79.288442,34.752277],[-79.290398,34.752064],[-79.290193,34.751867],[-79.290213,34.751695],[-79.289601,34.750581],[-79.289489,34.750242],[-79.289055,34.74991],[-79.28864,34.748837]],[[-79.289466,34.751278],[-79.289427,34.751551],[-79.28872,34.751709],[-79.288759,34.751436],[-79.289466,34.751278]]]}},{"type":"Feature","id":"37155:930761112300","properties":{"id":"37155:930761112300","parcelId":"930761112300","countyFips":"37155","countyName":"Robeson","state":"North Carolina","marketIds":["Wilmington"],"situsAddress":"4980 RED HILL RD","situsCity":null,"situsZip":null,"jurisdictionCode":null,"ownerName":"TRIBAL COUNCIL OF THE LUMBEE","ownerName2":"TRIBE OF NORTH CAROLINA","propertyName":null,"zoningCode":null,"zoningDistrict":null,"jurisdictionPrefix":null,"dorCode":"E-80","acreage":21.42,"centroid":[-79.312138,34.769666],"lastSale":{"date":"2010-09-20","price":null,"qualified":null},"tax":{"marketValue":null,"assessedValue":null,"taxableValue":null,"taxes":null},"mailingAddress":{"line1":"707 UNION CHAPEL RD","line2":null,"city":"PEMBROKE","state":"NC","zip":"28372"},"incomeTract":null,"incomeBlockGroup":null,"nearestRoad":null,"flu":null,"opportunityZone":null,"oz2Eligibility":null,"source":"nc-robeson-parcels-37155","appraiserUrl":"https://www.ustaxdata.com/nc/robeson/account.cfm?parcelID=23130102313","gisViewerUrl":"https://maps2.roktech.net/ROKMAPS_Robeson/"},"geometry":{"type":"Polygon","coordinates":[[[-79.310193,34.770775],[-79.31032,34.770955],[-79.31567,34.769111],[-79.31506,34.767746],[-79.309447,34.769742],[-79.310193,34.770775]]]}},{"type":"Feature","id":"37155:931857786400","properties":{"id":"37155:931857786400","parcelId":"931857786400","countyFips":"37155","countyName":"Robeson","state":"North Carolina","marketIds":["Wilmington"],"situsAddress":"1323 REVEREND BILL RD","situsCity":null,"situsZip":null,"jurisdictionCode":null,"ownerName":"JERNIGAN TRACY","ownerName2":null,"propertyName":null,"zoningCode":null,"zoningDistrict":null,"jurisdictionPrefix":null,"dorCode":"A-10","acreage":20.4,"centroid":[-79.281445,34.815555],"lastSale":{"date":"2015-05-20","price":null,"qualified":null},"tax":{"marketValue":null,"assessedValue":null,"taxableValue":null,"taxes":null},"mailingAddress":{"line1":"P O BOX 422","line2":null,"city":"MAXTON","state":"NC","zip":"28364"},"incomeTract":null,"incomeBlockGroup":null,"nearestRoad":null,"flu":null,"opportunityZone":null,"oz2Eligibility":null,"source":"nc-robeson-parcels-37155","appraiserUrl":"https://www.ustaxdata.com/nc/robeson/account.cfm?parcelID=230701005","gisViewerUrl":"https://maps2.roktech.net/ROKMAPS_Robeson/"},"geometry":{"type":"Polygon","coordinates":[[[-79.278759,34.816527],[-79.27881,34.817504],[-79.280449,34.816231],[-79.281934,34.815601],[-79.283488,34.815635],[-79.283676,34.814862],[-79.283632,34.814881],[-79.283621,34.814505],[-79.27864,34.81425],[-79.278759,34.816527]]]}},{"type":"Feature","id":"37155:930615634500","properties":{"id":"37155:930615634500","parcelId":"930615634500","countyFips":"37155","countyName":"Robeson","state":"North Carolina","marketIds":["Wilmington"],"situsAddress":".","situsCity":null,"situsZip":null,"jurisdictionCode":null,"ownerName":"MANGRUM MARIE L","ownerName2":null,"propertyName":null,"zoningCode":null,"zoningDistrict":null,"jurisdictionPrefix":null,"dorCode":"V-00","acreage":7.0,"centroid":[-79.327709,34.753308],"lastSale":{"date":"2016-01-29","price":null,"qualified":null},"tax":{"marketValue":null,"assessedValue":null,"taxableValue":null,"taxes":null},"mailingAddress":{"line1":"9019 RED BUD TRAIL","line2":null,"city":"WAXHAW","state":"NC","zip":"28173"},"incomeTract":null,"incomeBlockGroup":null,"nearestRoad":null,"flu":null,"opportunityZone":null,"oz2Eligibility":null,"source":"nc-robeson-parcels-37155","appraiserUrl":"https://www.ustaxdata.com/nc/robeson/account.cfm?parcelID=11030200106","gisViewerUrl":"https://maps2.roktech.net/ROKMAPS_Robeson/"},"geometry":{"type":"Polygon","coordinates":[[[-79.327987,34.75344],[-79.327976,34.753024],[-79.327942,34.751819],[-79.327464,34.751855],[-79.326859,34.7549],[-79.328025,34.754812],[-79.327987,34.75344]]]}},{"type":"Feature","id":"37155:932822243800","properties":{"id":"37155:932822243800","parcelId":"932822243800","countyFips":"37155","countyName":"Robeson","state":"North Carolina","marketIds":["Wilmington"],"situsAddress":"5498 OXENDINE SCHOOL RD","situsCity":null,"situsZip":null,"jurisdictionCode":null,"ownerName":"BULLARD THOMAS","ownerName2":null,"propertyName":null,"zoningCode":null,"zoningDistrict":null,"jurisdictionPrefix":null,"dorCode":"V-80","acreage":9.33,"centroid":[-79.259502,34.800547],"lastSale":{"date":"2016-03-24","price":null,"qualified":null},"tax":{"marketValue":null,"assessedValue":null,"taxableValue":null,"taxes":null},"mailingAddress":{"line1":"6295 OXENDINE SCHOOL RD","line2":null,"city":"MAXTON","state":"NC","zip":"28364"},"incomeTract":null,"incomeBlockGroup":null,"nearestRoad":null,"flu":null,"opportunityZone":null,"oz2Eligibility":null,"source":"nc-robeson-parcels-37155","appraiserUrl":"https://www.ustaxdata.com/nc/robeson/account.cfm?parcelID=231101002","gisViewerUrl":"https://maps2.roktech.net/ROKMAPS_Robeson/"},"geometry":{"type":"Polygon","coordinates":[[[-79.257847,34.800012],[-79.258014,34.80075],[-79.258194,34.801575],[-79.260716,34.801193],[-79.260388,34.800938],[-79.260388,34.800736],[-79.259969,34.800103],[-79.259926,34.799941],[-79.260077,34.799675],[-79.257847,34.800012]]]}},{"type":"Feature","id":"37155:931700512000","properties":{"id":"37155:931700512000","parcelId":"931700512000","countyFips":"37155","countyName":"Robeson","state":"North Carolina","marketIds":["Wilmington"],"situsAddress":"598 JASON ROAD","situsCity":null,"situsZip":null,"jurisdictionCode":null,"ownerName":"CHAVIS ROOSEVELT","ownerName2":null,"propertyName":null,"zoningCode":null,"zoningDistrict":null,"jurisdictionPrefix":null,"dorCode":"A-20","acreage":25.72,"centroid":[-79.297518,34.766305],"lastSale":{"date":"2005-01-01","price":null,"qualified":null},"tax":{"marketValue":null,"assessedValue":null,"taxableValue":null,"taxes":null},"mailingAddress":{"line1":"598 JASON RD","line2":null,"city":"MAXTON","state":"NC","zip":"28364"},"incomeTract":null,"incomeBlockGroup":null,"nearestRoad":null,"flu":null,"opportunityZone":null,"oz2Eligibility":null,"source":"nc-robeson-parcels-37155","appraiserUrl":"https://www.ustaxdata.com/nc/robeson/account.cfm?parcelID=231301018","gisViewerUrl":"https://maps2.roktech.net/ROKMAPS_Robeson/"},"geometry":{"type":"Polygon","coordinates":[[[-79.298435,34.76874],[-79.298692,34.769086],[-79.298909,34.769274],[-79.300426,34.768429],[-79.29828,34.765036],[-79.297502,34.765575],[-79.297033,34.764832],[-79.297811,34.764293],[-79.297564,34.763903],[-79.297307,34.763792],[-79.294809,34.76575],[-79.295777,34.766077],[-79.296418,34.766341],[-79.296753,34.766566],[-79.297052,34.766878],[-79.298435,34.76874]]]}},{"type":"Feature","id":"37155:839870364300","properties":{"id":"37155:839870364300","parcelId":"839870364300","countyFips":"37155","countyName":"Robeson","state":"North Carolina","marketIds":["Wilmington"],"situsAddress":".","situsCity":null,"situsZip":null,"jurisdictionCode":null,"ownerName":"LOCKLEAR AMBER N","ownerName2":null,"propertyName":null,"zoningCode":null,"zoningDistrict":null,"jurisdictionPrefix":null,"dorCode":"V-20","acreage":50.0,"centroid":[-79.342521,34.794851],"lastSale":{"date":"2013-09-11","price":null,"qualified":null},"tax":{"marketValue":null,"assessedValue":null,"taxableValue":null,"taxes":null},"mailingAddress":{"line1":"1302 LAURIN LANE","line2":null,"city":"LAURINBURG","state":"NC","zip":"28352"},"incomeTract":null,"incomeBlockGroup":null,"nearestRoad":null,"flu":null,"opportunityZone":null,"oz2Eligibility":null,"source":"nc-robeson-parcels-37155","appraiserUrl":"https://www.ustaxdata.com/nc/robeson/account.cfm?parcelID=230902021","gisViewerUrl":"https://maps2.roktech.net/ROKMAPS_Robeson/"},"geometry":{"type":"Polygon","coordinates":[[[-79.34048,34.796838],[-79.340516,34.797072],[-79.340636,34.797857],[-79.345528,34.796905],[-79.345406,34.796644],[-79.345261,34.796437],[-79.345122,34.796323],[-79.344953,34.796239],[-79.344882,34.796238],[-79.344685,34.796621],[-79.344649,34.796645],[-79.344547,34.796631],[-79.344366,34.796542],[-79.344173,34.796364],[-79.344027,34.796142],[-79.343876,34.795805],[-79.343953,34.795532],[-79.344325,34.795328],[-79.344403,34.795263],[-79.344384,34.795184],[-79.344209,34.794956],[-79.344107,34.794889],[-79.343926,34.794815],[-79.343595,34.794737],[-79.343498,34.794633],[-79.343414,34.794499],[-79.343443,34.794365],[-79.343419,34.794301],[-79.343244,34.794212],[-79.343214,34.794212],[-79.34316,34.794312],[-79.343088,34.794287],[-79.342834,34.794],[-79.34284,34.793891],[-79.342918,34.793807],[-79.343032,34.793791],[-79.34314,34.793826],[-79.3432,34.793801],[-79.343272,34.793706],[-79.343283,34.793631],[-79.343231,34.79355],[-79.343081,34.793474],[-79.343006,34.793386],[-79.342999,34.793344],[-79.343026,34.793309],[-79.343013,34.793269],[-79.343047,34.793252],[-79.343019,34.793194],[-79.343066,34.793191],[-79.343011,34.793117],[-79.343016,34.793072],[-79.343073,34.793087],[-79.343131,34.793054],[-79.3432,34.79305],[-79.343286,34.793063],[-79.343336,34.793112],[-79.343388,34.793075],[-79.343392,34.793105],[-79.343442,34.793115],[-79.343471,34.793156],[-79.343515,34.793125],[-79.343494,34.793047],[-79.343568,34.793007],[-79.343569,34.79298],[-79.343546,34.792968],[-79.34356,34.792946],[-79.343497,34.792895],[-79.343492,34.792849],[-79.343431,34.792787],[-79.343433,34.792748],[-79.343376,34.792672],[-79.343332,34.792642],[-79.343312,34.79266],[-79.343314,34.792622],[-79.343288,34.792608],[-79.343281,34.792574],[-79.343227,34.792565],[-79.343222,34.792545],[-79.34329,34.792532],[-79.343296,34.792516],[-79.343275,34.792448],[-79.343236,34.792414],[-79.343268,34.792402],[-79.343312,34.792321],[-79.34325,34.792232],[-79.343329,34.792188],[-79.343342,34.792197],[-79.343299,34.792228],[-79.343316,34.792249],[-79.343381,34.792248],[-79.343436,34.792205],[-79.3435,34.792268],[-79.343534,34.792231],[-79.343573,34.79225],[-79.3436,34.792306],[-79.343712,34.792346],[-79.343749,34.79238],[-79.343721,34.792431],[-79.343792,34.792477],[-79.343922,34.792514],[-79.34397,34.792467],[-79.344118,34.792419],[-79.344151,34.792385],[-79.344165,34.792319],[-79.34412,34.792241],[-79.344109,34.792171],[-79.343705,34.791964],[-79.343625,34.791997],[-79.343502,34.791981],[-79.343326,34.791867],[-79.343226,34.791884],[-79.343139,34.791845],[-79.343005,34.791908],[-79.342939,34.791882],[-79.342891,34.791904],[-79.342865,34.791971],[-79.342904,34.792006],[-79.342912,34.792147],[-79.342885,34.792156],[-79.342836,34.792276],[-79.342758,34.792356],[-79.342803,34.792427],[-79.34279,34.792494],[-79.342766,34.792522],[-79.342821,34.792582],[-79.342743,34.792572],[-79.342725,34.792585],[-79.342664,34.792537],[-79.342613,34.792543],[-79.342574,34.792591],[-79.342561,34.792492],[-79.342501,34.792482],[-79.342508,34.792435],[-79.342443,34.792349],[-79.342392,34.792347],[-79.342372,34.792238],[-79.342333,34.792203],[-79.342226,34.792168],[-79.342143,34.792168],[-79.342079,34.792176],[-79.342012,34.792235],[-79.341988,34.792221],[-79.341979,34.792183],[-79.341814,34.792152],[-79.341815,34.79209],[-79.341838,34.792058],[-79.339513,34.793095],[-79.340012,34.793845],[-79.340417,34.793624],[-79.340644,34.795046],[-79.340237,34.795266],[-79.34048,34.796838]]]}},{"type":"Feature","id":"37155:839685578500","properties":{"id":"37155:839685578500","parcelId":"839685578500","countyFips":"37155","countyName":"Robeson","state":"North Carolina","marketIds":["Wilmington"],"situsAddress":"2602 SPARROWS POINT RD","situsCity":null,"situsZip":null,"jurisdictionCode":null,"ownerName":"LEACH JOHN O HEIRS","ownerName2":"C/O DEBORAH INGRAM","propertyName":null,"zoningCode":null,"zoningDistrict":null,"jurisdictionPrefix":null,"dorCode":"V-20","acreage":41.0,"centroid":[-79.338418,34.754092],"lastSale":{"date":"2004-01-01","price":null,"qualified":null},"tax":{"marketValue":null,"assessedValue":null,"taxableValue":null,"taxes":null},"mailingAddress":{"line1":"675 NC HWY 71 N","line2":null,"city":"MAXTON","state":"NC","zip":"28364"},"incomeTract":null,"incomeBlockGroup":null,"nearestRoad":null,"flu":null,"opportunityZone":null,"oz2Eligibility":null,"source":"nc-robeson-parcels-37155","appraiserUrl":"https://www.ustaxdata.com/nc/robeson/account.cfm?parcelID=110201056","gisViewerUrl":"https://maps2.roktech.net/ROKMAPS_Robeson/"},"geometry":{"type":"Polygon","coordinates":[[[-79.336173,34.755823],[-79.339135,34.756147],[-79.340278,34.754879],[-79.341088,34.753933],[-79.339643,34.753498],[-79.33927,34.753323],[-79.33902,34.753298],[-79.338038,34.752094],[-79.337934,34.751922],[-79.333598,34.755998],[-79.336173,34.755823]]]}},{"type":"Feature","id":"37155:931747860700","properties":{"id":"37155:931747860700","parcelId":"931747860700","countyFips":"37155","countyName":"Robeson","state":"North Carolina","marketIds":["Wilmington"],"situsAddress":".","situsCity":null,"situsZip":null,"jurisdictionCode":null,"ownerName":"SMITH BERTHA S LF EST","ownerName2":"SCOTT BRENDA SMITH & RANDY","propertyName":null,"zoningCode":null,"zoningDistrict":null,"jurisdictionPrefix":null,"dorCode":"V-20","acreage":30.98,"centroid":[-79.28364,34.787602],"lastSale":{"date":"2003-01-01","price":null,"qualified":null},"tax":{"marketValue":null,"assessedValue":null,"taxableValue":null,"taxes":null},"mailingAddress":{"line1":"4784 HWY 71 N","line2":null,"city":"MAXTON","state":"NC","zip":"28364"},"incomeTract":null,"incomeBlockGroup":null,"nearestRoad":null,"flu":null,"opportunityZone":null,"oz2Eligibility":null,"source":"nc-robeson-parcels-37155","appraiserUrl":"https://www.ustaxdata.com/nc/robeson/account.cfm?parcelID=23100101103","gisViewerUrl":"https://maps2.roktech.net/ROKMAPS_Robeson/"},"geometry":{"type":"Polygon","coordinates":[[[-79.280707,34.78846],[-79.28205,34.790488],[-79.284108,34.788977],[-79.283691,34.788407],[-79.283934,34.788211],[-79.284129,34.788419],[-79.284569,34.788196],[-79.284815,34.788458],[-79.286027,34.787568],[-79.285461,34.787043],[-79.286358,34.786385],[-79.284657,34.785635],[-79.283135,34.786363],[-79.282555,34.786428],[-79.282274,34.786506],[-79.282319,34.786671],[-79.282205,34.787059],[-79.282533,34.787553],[-79.280707,34.78846]]]}},{"type":"Feature","id":"37155:932747804500","properties":{"id":"37155:932747804500","parcelId":"932747804500","countyFips":"37155","countyName":"Robeson","state":"North Carolina","marketIds":["Wilmington"],"situsAddress":"1885 MCMILLIAN RD","situsCity":null,"situsZip":null,"jurisdictionCode":null,"ownerName":"LOCKLEAR HOLLY F","ownerName2":null,"propertyName":null,"zoningCode":null,"zoningDistrict":null,"jurisdictionPrefix":null,"dorCode":"V-00","acreage":8.65,"centroid":[-79.250251,34.786084],"lastSale":{"date":"2006-07-21","price":null,"qualified":null},"tax":{"marketValue":null,"assessedValue":null,"taxableValue":null,"taxes":null},"mailingAddress":{"line1":"1885 MCMILLIAN RD","line2":null,"city":"MAXTON","state":"NC","zip":"28364"},"incomeTract":null,"incomeBlockGroup":null,"nearestRoad":null,"flu":null,"opportunityZone":null,"oz2Eligibility":null,"source":"nc-robeson-parcels-37155","appraiserUrl":"https://www.ustaxdata.com/nc/robeson/account.cfm?parcelID=23150100410","gisViewerUrl":"https://maps2.roktech.net/ROKMAPS_Robeson/"},"geometry":{"type":"Polygon","coordinates":[[[-79.250205,34.787263],[-79.250292,34.787268],[-79.251522,34.785022],[-79.249986,34.784449],[-79.249252,34.786418],[-79.250205,34.787263]]]}},{"type":"Feature","id":"37155:930771816600","properties":{"id":"37155:930771816600","parcelId":"930771816600","countyFips":"37155","countyName":"Robeson","state":"North Carolina","marketIds":["Wilmington"],"situsAddress":"294 WILD PLUM ROAD","situsCity":null,"situsZip":null,"jurisdictionCode":null,"ownerName":"CHAVIS LATOIA CHARMAIN","ownerName2":null,"propertyName":null,"zoningCode":null,"zoningDistrict":null,"jurisdictionPrefix":null,"dorCode":"A-80","acreage":53.29,"centroid":[-79.308887,34.76816],"lastSale":{"date":"2011-02-02","price":null,"qualified":null},"tax":{"marketValue":null,"assessedValue":null,"taxableValue":null,"taxes":null},"mailingAddress":{"line1":"598 JASON RD","line2":null,"city":"MAXTON","state":"NC","zip":"28364"},"incomeTract":null,"incomeBlockGroup":null,"nearestRoad":null,"flu":null,"opportunityZone":null,"oz2Eligibility":null,"source":"nc-robeson-parcels-37155","appraiserUrl":"https://www.ustaxdata.com/nc/robeson/account.cfm?parcelID=231301019","gisViewerUrl":"https://maps2.roktech.net/ROKMAPS_Robeson/"},"geometry":{"type":"Polygon","coordinates":[[[-79.303806,34.768246],[-79.302618,34.768635],[-79.304047,34.771541],[-79.30815,34.770178],[-79.307705,34.769739],[-79.308352,34.769519],[-79.307202,34.768384],[-79.304629,34.769156],[-79.304131,34.768659],[-79.307375,34.767689],[-79.30855,34.768856],[-79.309386,34.768561],[-79.31028,34.769446],[-79.314296,34.768018],[-79.314219,34.767449],[-79.314051,34.76707],[-79.314662,34.766852],[-79.314624,34.766766],[-79.31406,34.766933],[-79.312714,34.767389],[-79.312489,34.766867],[-79.309358,34.76797],[-79.308607,34.766454],[-79.307401,34.766886],[-79.307638,34.767352],[-79.307191,34.767507],[-79.307352,34.767667],[-79.303931,34.768693],[-79.303806,34.768246]]]}},{"type":"Feature","id":"37155:839696048300","properties":{"id":"37155:839696048300","parcelId":"839696048300","countyFips":"37155","countyName":"Robeson","state":"North Carolina","marketIds":["Wilmington"],"situsAddress":".","situsCity":null,"situsZip":null,"jurisdictionCode":null,"ownerName":"LOCKLEAR ADRIAN KEVIN &","ownerName2":"LOCKLEAR LESLIE MAYNOR & ET AL","propertyName":null,"zoningCode":null,"zoningDistrict":null,"jurisdictionPrefix":null,"dorCode":"V-10","acreage":11.5,"centroid":[-79.3357,34.756304],"lastSale":{"date":"2004-01-01","price":null,"qualified":null},"tax":{"marketValue":null,"assessedValue":null,"taxableValue":null,"taxes":null},"mailingAddress":{"line1":"132 BONNIE LN","line2":null,"city":"PEMBROKE","state":"NC","zip":"28372"},"incomeTract":null,"incomeBlockGroup":null,"nearestRoad":null,"flu":null,"opportunityZone":null,"oz2Eligibility":null,"source":"nc-robeson-parcels-37155","appraiserUrl":"https://www.ustaxdata.com/nc/robeson/account.cfm?parcelID=110201055","gisViewerUrl":"https://maps2.roktech.net/ROKMAPS_Robeson/"},"geometry":{"type":"Polygon","coordinates":[[[-79.333411,34.756177],[-79.333306,34.756909],[-79.338575,34.756767],[-79.339135,34.756147],[-79.336173,34.755823],[-79.333598,34.755998],[-79.333411,34.756177]]]}},{"type":"Feature","id":"37155:932747426600","properties":{"id":"37155:932747426600","parcelId":"932747426600","countyFips":"37155","countyName":"Robeson","state":"North Carolina","marketIds":["Wilmington"],"situsAddress":"6642 PRESTON RD","situsCity":null,"situsZip":null,"jurisdictionCode":null,"ownerName":"JACOBS BOBBY E & ARTIE","ownerName2":null,"propertyName":null,"zoningCode":null,"zoningDistrict":null,"jurisdictionPrefix":null,"dorCode":"A-10","acreage":8.5,"centroid":[-79.25197,34.786374],"lastSale":{"date":"2004-01-01","price":null,"qualified":null},"tax":{"marketValue":null,"assessedValue":null,"taxableValue":null,"taxes":null},"mailingAddress":{"line1":"P O BOX 3438","line2":null,"city":"PEMBROKE","state":"NC","zip":"28372"},"incomeTract":null,"incomeBlockGroup":null,"nearestRoad":null,"flu":null,"opportunityZone":null,"oz2Eligibility":null,"source":"nc-robeson-parcels-37155","appraiserUrl":"https://www.ustaxdata.com/nc/robeson/account.cfm?parcelID=23150100403","gisViewerUrl":"https://maps2.roktech.net/ROKMAPS_Robeson/"},"geometry":{"type":"Polygon","coordinates":[[[-79.250292,34.787268],[-79.251908,34.787368],[-79.252036,34.787076],[-79.252211,34.786795],[-79.252411,34.786544],[-79.252771,34.786162],[-79.252165,34.785775],[-79.252414,34.785355],[-79.251522,34.785022],[-79.250292,34.787268]]]}},{"type":"Feature","id":"37155:932840064800","properties":{"id":"37155:932840064800","parcelId":"932840064800","countyFips":"37155","countyName":"Robeson","state":"North Carolina","marketIds":["Wilmington"],"situsAddress":"NC 71 HWY","situsCity":null,"situsZip":null,"jurisdictionCode":null,"ownerName":"LOWERY EDDIE V","ownerName2":null,"propertyName":null,"zoningCode":null,"zoningDistrict":null,"jurisdictionPrefix":null,"dorCode":"V-00","acreage":9.15,"centroid":[-79.252955,34.795753],"lastSale":{"date":"2010-09-22","price":null,"qualified":null},"tax":{"marketValue":null,"assessedValue":null,"taxableValue":null,"taxes":null},"mailingAddress":{"line1":"6538 NC HWY 71","line2":null,"city":"MAXTON","state":"NC","zip":"28364"},"incomeTract":null,"incomeBlockGroup":null,"nearestRoad":null,"flu":null,"opportunityZone":null,"oz2Eligibility":null,"source":"nc-robeson-parcels-37155","appraiserUrl":"https://www.ustaxdata.com/nc/robeson/account.cfm?parcelID=231101013","gisViewerUrl":"https://maps2.roktech.net/ROKMAPS_Robeson/"},"geometry":{"type":"Polygon","coordinates":[[[-79.251329,34.796681],[-79.251952,34.797204],[-79.254781,34.795016],[-79.253758,34.794111],[-79.251329,34.796681]]]}},{"type":"Feature","id":"37155:930654352791","properties":{"id":"37155:930654352791","parcelId":"930654352791","countyFips":"37155","countyName":"Robeson","state":"North Carolina","marketIds":["Wilmington"],"situsAddress":"OLD RED SPRINGS RD","situsCity":null,"situsZip":null,"jurisdictionCode":null,"ownerName":"LOCKLEAR HARRELL LEROY","ownerName2":null,"propertyName":null,"zoningCode":null,"zoningDistrict":null,"jurisdictionPrefix":null,"dorCode":"D-10","acreage":12.72,"centroid":[-79.315381,34.751435],"lastSale":{"date":"2013-04-20","price":null,"qualified":null},"tax":{"marketValue":null,"assessedValue":null,"taxableValue":null,"taxes":null},"mailingAddress":{"line1":"1286 CLARK RD","line2":null,"city":"MAXTON","state":"NC","zip":"28364"},"incomeTract":null,"incomeBlockGroup":null,"nearestRoad":null,"flu":null,"opportunityZone":null,"oz2Eligibility":null,"source":"nc-robeson-parcels-37155","appraiserUrl":"https://www.ustaxdata.com/nc/robeson/account.cfm?parcelID=110302030","gisViewerUrl":"https://maps2.roktech.net/ROKMAPS_Robeson/"},"geometry":{"type":"Polygon","coordinates":[[[-79.31669,34.750546],[-79.316268,34.75042],[-79.314889,34.750007],[-79.31385,34.750346],[-79.314464,34.752864],[-79.316912,34.751783],[-79.316807,34.751192],[-79.315693,34.751684],[-79.315366,34.751179],[-79.316701,34.750589],[-79.31669,34.750546]]]}},{"type":"Feature","id":"37155:931878066000","properties":{"id":"37155:931878066000","parcelId":"931878066000","countyFips":"37155","countyName":"Robeson","state":"North Carolina","marketIds":["Wilmington"],"situsAddress":"4178 OXENDINE RD","situsCity":null,"situsZip":null,"jurisdictionCode":null,"ownerName":"JACOBS LYNETTE & KENNY","ownerName2":null,"propertyName":null,"zoningCode":null,"zoningDistrict":null,"jurisdictionPrefix":null,"dorCode":"A-20","acreage":20.0,"centroid":[-79.276347,34.817764],"lastSale":{"date":"2001-01-01","price":null,"qualified":null},"tax":{"marketValue":null,"assessedValue":null,"taxableValue":null,"taxes":null},"mailingAddress":{"line1":"4178 OXENDINE ROAD","line2":null,"city":"MAXTON","state":"NC","zip":"28364"},"incomeTract":null,"incomeBlockGroup":null,"nearestRoad":null,"flu":null,"opportunityZone":null,"oz2Eligibility":null,"source":"nc-robeson-parcels-37155","appraiserUrl":"https://www.ustaxdata.com/nc/robeson/account.cfm?parcelID=230301015","gisViewerUrl":"https://maps2.roktech.net/ROKMAPS_Robeson/"},"geometry":{"type":"Polygon","coordinates":[[[-79.274018,34.817603],[-79.274044,34.817612],[-79.274465,34.81774],[-79.277219,34.818418],[-79.277284,34.818432],[-79.277479,34.818388],[-79.277559,34.818369],[-79.277769,34.818259],[-79.277892,34.818224],[-79.27881,34.817504],[-79.278759,34.816527],[-79.273643,34.816708],[-79.273576,34.817148],[-79.274018,34.817603]]]}},{"type":"Feature","id":"37155:930625042900","properties":{"id":"37155:930625042900","parcelId":"930625042900","countyFips":"37155","countyName":"Robeson","state":"North Carolina","marketIds":["Wilmington"],"situsAddress":"COREY RD","situsCity":null,"situsZip":null,"jurisdictionCode":null,"ownerName":"LUMBER RIVER CONSERVANCY","ownerName2":null,"propertyName":null,"zoningCode":null,"zoningDistrict":null,"jurisdictionPrefix":null,"dorCode":"E-00","acreage":20.0,"centroid":[-79.325277,34.753276],"lastSale":{"date":"2005-01-01","price":null,"qualified":null},"tax":{"marketValue":null,"assessedValue":null,"taxableValue":null,"taxes":null},"mailingAddress":{"line1":"PO BOX 1368","line2":null,"city":"LUMBERTON","state":"NC","zip":"28359"},"incomeTract":null,"incomeBlockGroup":null,"nearestRoad":null,"flu":null,"opportunityZone":null,"oz2Eligibility":null,"source":"nc-robeson-parcels-37155","appraiserUrl":"https://www.ustaxdata.com/nc/robeson/account.cfm?parcelID=11030200103","gisViewerUrl":"https://maps2.roktech.net/ROKMAPS_Robeson/"},"geometry":{"type":"Polygon","coordinates":[[[-79.324372,34.751656],[-79.324331,34.751712],[-79.32421,34.751803],[-79.323921,34.751878],[-79.323561,34.751811],[-79.323417,34.751879],[-79.323312,34.752038],[-79.323271,34.75205],[-79.323279,34.752105],[-79.323339,34.752135],[-79.323481,34.752152],[-79.323547,34.7522],[-79.323649,34.752158],[-79.323684,34.752165],[-79.323676,34.752225],[-79.323736,34.752309],[-79.323831,34.75238],[-79.323977,34.752397],[-79.323995,34.75241],[-79.323945,34.752465],[-79.324114,34.752541],[-79.324253,34.752648],[-79.32432,34.752821],[-79.324503,34.753006],[-79.324514,34.753056],[-79.324491,34.753291],[-79.324409,34.753475],[-79.324412,34.753553],[-79.324441,34.753607],[-79.324596,34.753608],[-79.324671,34.753622],[-79.324724,34.753659],[-79.324778,34.753873],[-79.324763,34.753902],[-79.324533,34.754008],[-79.324461,34.754019],[-79.324296,34.753992],[-79.324186,34.754015],[-79.324128,34.754075],[-79.324128,34.754127],[-79.324409,34.754309],[-79.324573,34.754588],[-79.324621,34.754633],[-79.324851,34.754737],[-79.324886,34.754773],[-79.326859,34.754897],[-79.327284,34.752762],[-79.324372,34.751656]]]}},{"type":"Feature","id":"37155:930635158115","properties":{"id":"37155:930635158115","parcelId":"930635158115","countyFips":"37155","countyName":"Robeson","state":"North Carolina","marketIds":["Wilmington"],"situsAddress":"468 COREY RD","situsCity":null,"situsZip":null,"jurisdictionCode":null,"ownerName":"CLARK ILLA MAE","ownerName2":null,"propertyName":null,"zoningCode":null,"zoningDistrict":null,"jurisdictionPrefix":null,"dorCode":"V-00","acreage":6.34,"centroid":[-79.323179,34.753495],"lastSale":{"date":"2005-01-01","price":null,"qualified":null},"tax":{"marketValue":null,"assessedValue":null,"taxableValue":null,"taxes":null},"mailingAddress":{"line1":"918 W MLK DR","line2":null,"city":"MAXTON","state":"NC","zip":"28364"},"incomeTract":null,"incomeBlockGroup":null,"nearestRoad":null,"flu":null,"opportunityZone":null,"oz2Eligibility":null,"source":"nc-robeson-parcels-37155","appraiserUrl":"https://www.ustaxdata.com/nc/robeson/account.cfm?parcelID=110302042","gisViewerUrl":"https://maps2.roktech.net/ROKMAPS_Robeson/"},"geometry":{"type":"Polygon","coordinates":[[[-79.321555,34.753042],[-79.321552,34.753051],[-79.320681,34.755454],[-79.324232,34.753549],[-79.324199,34.753499],[-79.324209,34.753404],[-79.324262,34.753239],[-79.324256,34.753197],[-79.323661,34.753021],[-79.321555,34.753042]]]}},{"type":"Feature","id":"37155:931848403500","properties":{"id":"37155:931848403500","parcelId":"931848403500","countyFips":"37155","countyName":"Robeson","state":"North Carolina","marketIds":["Wilmington"],"situsAddress":"OXENDINE SCHOOL RD","situsCity":null,"situsZip":null,"jurisdictionCode":null,"ownerName":"HUNT GURNEY & WF","ownerName2":"BESSIE HUNT","propertyName":null,"zoningCode":null,"zoningDistrict":null,"jurisdictionPrefix":null,"dorCode":"V-20","acreage":39.92,"centroid":[-79.284351,34.816946],"lastSale":{"date":"2011-01-03","price":null,"qualified":null},"tax":{"marketValue":null,"assessedValue":null,"taxableValue":null,"taxes":null},"mailingAddress":{"line1":"885 HEZEKIAH RD","line2":null,"city":"PEMBROKE","state":"NC","zip":"28372"},"incomeTract":null,"incomeBlockGroup":null,"nearestRoad":null,"flu":null,"opportunityZone":null,"oz2Eligibility":null,"source":"nc-robeson-parcels-37155","appraiserUrl":"https://www.ustaxdata.com/nc/robeson/account.cfm?parcelID=23030100220","gisViewerUrl":"https://maps2.roktech.net/ROKMAPS_Robeson/"},"geometry":{"type":"Polygon","coordinates":[[[-79.283488,34.815635],[-79.282706,34.818847],[-79.283408,34.818854],[-79.283757,34.818809],[-79.283976,34.818747],[-79.284185,34.818661],[-79.284377,34.818553],[-79.284536,34.818435],[-79.284745,34.818239],[-79.285269,34.817641],[-79.28833,34.814097],[-79.285561,34.813558],[-79.283616,34.814368],[-79.283632,34.814881],[-79.283676,34.814862],[-79.283488,34.815635]]]}},{"type":"Feature","id":"37155:930887382800","properties":{"id":"37155:930887382800","parcelId":"930887382800","countyFips":"37155","countyName":"Robeson","state":"North Carolina","marketIds":["Wilmington"],"situsAddress":"223 AUTUM WOODS LN","situsCity":null,"situsZip":null,"jurisdictionCode":null,"ownerName":"LOCKLEAR DERYAL","ownerName2":null,"propertyName":null,"zoningCode":null,"zoningDistrict":null,"jurisdictionPrefix":null,"dorCode":"V-20","acreage":20.4,"centroid":[-79.30583,34.815544],"lastSale":{"date":"2001-01-01","price":null,"qualified":null},"tax":{"marketValue":null,"assessedValue":null,"taxableValue":null,"taxes":null},"mailingAddress":{"line1":"7025 LANDINGHAM DRVE","line2":null,"city":"WILLOW SPRING","state":"NC","zip":"27592"},"incomeTract":null,"incomeBlockGroup":null,"nearestRoad":null,"flu":null,"opportunityZone":null,"oz2Eligibility":null,"source":"nc-robeson-parcels-37155","appraiserUrl":"https://www.ustaxdata.com/nc/robeson/account.cfm?parcelID=23020103008","gisViewerUrl":"https://maps2.roktech.net/ROKMAPS_Robeson/"},"geometry":{"type":"Polygon","coordinates":[[[-79.30733,34.81668],[-79.307435,34.816232],[-79.307773,34.81482],[-79.303672,34.814156],[-79.30294,34.81583],[-79.30733,34.81668]]]}},{"type":"Feature","id":"37155:930852911400","properties":{"id":"37155:930852911400","parcelId":"930852911400","countyFips":"37155","countyName":"Robeson","state":"North Carolina","marketIds":["Wilmington"],"situsAddress":"MODEST RD","situsCity":null,"situsZip":null,"jurisdictionCode":null,"ownerName":"BULLARD CHARLES LAWTON","ownerName2":null,"propertyName":null,"zoningCode":null,"zoningDistrict":null,"jurisdictionPrefix":null,"dorCode":"V-00","acreage":18.3,"centroid":[-79.310951,34.801175],"lastSale":{"date":"2001-01-01","price":null,"qualified":null},"tax":{"marketValue":null,"assessedValue":null,"taxableValue":null,"taxes":null},"mailingAddress":{"line1":"609 MODEST RD","line2":null,"city":"MAXTON","state":"NC","zip":"28364"},"incomeTract":null,"incomeBlockGroup":null,"nearestRoad":null,"flu":null,"opportunityZone":null,"oz2Eligibility":null,"source":"nc-robeson-parcels-37155","appraiserUrl":"https://www.ustaxdata.com/nc/robeson/account.cfm?parcelID=230901010","gisViewerUrl":"https://maps2.roktech.net/ROKMAPS_Robeson/"},"geometry":{"type":"Polygon","coordinates":[[[-79.311163,34.800778],[-79.310695,34.801271],[-79.310995,34.801476],[-79.311163,34.800778]]]}},{"type":"Feature","id":"37155:839666631100","properties":{"id":"37155:839666631100","parcelId":"839666631100","countyFips":"37155","countyName":"Robeson","state":"North Carolina","marketIds":["Wilmington"],"situsAddress":"369 N NC 71 HWY","situsCity":null,"situsZip":null,"jurisdictionCode":null,"ownerName":"PATTON SEED COMPANY","ownerName2":null,"propertyName":null,"zoningCode":null,"zoningDistrict":null,"jurisdictionPrefix":null,"dorCode":"V-20","acreage":23.51,"centroid":[-79.342677,34.755268],"lastSale":{"date":"2015-06-19","price":null,"qualified":null},"tax":{"marketValue":null,"assessedValue":null,"taxableValue":null,"taxes":null},"mailingAddress":{"line1":"P O BOX 217","line2":null,"city":"LAKELAND","state":"GA","zip":"31635"},"incomeTract":null,"incomeBlockGroup":null,"nearestRoad":null,"flu":null,"opportunityZone":null,"oz2Eligibility":null,"source":"nc-robeson-parcels-37155","appraiserUrl":"https://www.ustaxdata.com/nc/robeson/account.cfm?parcelID=11030100141D","gisViewerUrl":"https://maps2.roktech.net/ROKMAPS_Robeson/"},"geometry":{"type":"Polygon","coordinates":[[[-79.341156,34.755342],[-79.341257,34.755366],[-79.341797,34.755492],[-79.341707,34.755756],[-79.345945,34.758093],[-79.34671,34.757225],[-79.34462,34.755179],[-79.344216,34.754905],[-79.342154,34.754437],[-79.342241,34.754172],[-79.341589,34.754022],[-79.341499,34.754288],[-79.342132,34.754432],[-79.341888,34.75523],[-79.341244,34.755085],[-79.341156,34.755342]]]}},{"type":"Feature","id":"37155:931710319200","properties":{"id":"37155:931710319200","parcelId":"931710319200","countyFips":"37155","countyName":"Robeson","state":"North Carolina","marketIds":["Wilmington"],"situsAddress":"JASON RD","situsCity":null,"situsZip":null,"jurisdictionCode":null,"ownerName":"LOCKLEAR SYLVIA JACOBS","ownerName2":null,"propertyName":null,"zoningCode":null,"zoningDistrict":null,"jurisdictionPrefix":null,"dorCode":"V-00","acreage":5.63,"centroid":[-79.295179,34.766446],"lastSale":{"date":"2004-01-01","price":null,"qualified":null},"tax":{"marketValue":null,"assessedValue":null,"taxableValue":null,"taxes":null},"mailingAddress":{"line1":"588 JASON RD","line2":null,"city":"MAXTON","state":"NC","zip":"28364"},"incomeTract":null,"incomeBlockGroup":null,"nearestRoad":null,"flu":null,"opportunityZone":null,"oz2Eligibility":null,"source":"nc-robeson-parcels-37155","appraiserUrl":"https://www.ustaxdata.com/nc/robeson/account.cfm?parcelID=23130101704","gisViewerUrl":"https://maps2.roktech.net/ROKMAPS_Robeson/"},"geometry":{"type":"Polygon","coordinates":[[[-79.293841,34.766509],[-79.295472,34.767726],[-79.295995,34.766167],[-79.295777,34.766077],[-79.294809,34.76575],[-79.293841,34.766509]]]}},{"type":"Feature","id":"37155:839972473600","properties":{"id":"37155:839972473600","parcelId":"839972473600","countyFips":"37155","countyName":"Robeson","state":"North Carolina","marketIds":["Wilmington"],"situsAddress":".","situsCity":null,"situsZip":null,"jurisdictionCode":null,"ownerName":"SMITHTOWN CHURCH OF GOD","ownerName2":"TR HOWARD LOCKLEAR JR ET ALS","propertyName":null,"zoningCode":null,"zoningDistrict":null,"jurisdictionPrefix":null,"dorCode":"V-00","acreage":5.93,"centroid":[-79.341689,34.828786],"lastSale":{"date":"2004-01-01","price":null,"qualified":null},"tax":{"marketValue":null,"assessedValue":null,"taxableValue":null,"taxes":null},"mailingAddress":{"line1":"32201 HILLCREEK RD","line2":null,"city":"WAGRAM","state":"NC","zip":"28396"},"incomeTract":null,"incomeBlockGroup":null,"nearestRoad":null,"flu":null,"opportunityZone":null,"oz2Eligibility":null,"source":"nc-robeson-parcels-37155","appraiserUrl":"https://www.ustaxdata.com/nc/robeson/account.cfm?parcelID=23010101302","gisViewerUrl":"https://maps2.roktech.net/ROKMAPS_Robeson/"},"geometry":{"type":"Polygon","coordinates":[[[-79.34152,34.829182],[-79.342639,34.829475],[-79.342911,34.828444],[-79.340766,34.827883],[-79.340611,34.828944],[-79.34152,34.829182]]]}},{"type":"Feature","id":"37155:930616100100","properties":{"id":"37155:930616100100","parcelId":"930616100100","countyFips":"37155","countyName":"Robeson","state":"North Carolina","marketIds":["Wilmington"],"situsAddress":"215 OLD RED SPRINGS RD","situsCity":null,"situsZip":null,"jurisdictionCode":null,"ownerName":"BROWN C A JR ET ALS","ownerName2":null,"propertyName":null,"zoningCode":null,"zoningDistrict":null,"jurisdictionPrefix":null,"dorCode":"V-40","acreage":120.0,"centroid":[-79.329279,34.755808],"lastSale":{"date":"2004-01-01","price":null,"qualified":null},"tax":{"marketValue":null,"assessedValue":null,"taxableValue":null,"taxes":null},"mailingAddress":{"line1":"215 OLD RED SPRINGS RD","line2":null,"city":"MAXTON","state":"NC","zip":"28364"},"incomeTract":null,"incomeBlockGroup":null,"nearestRoad":null,"flu":null,"opportunityZone":null,"oz2Eligibility":null,"source":"nc-robeson-parcels-37155","appraiserUrl":"https://www.ustaxdata.com/nc/robeson/account.cfm?parcelID=11030200101","gisViewerUrl":"https://maps2.roktech.net/ROKMAPS_Robeson/"},"geometry":{"type":"Polygon","coordinates":[[[-79.33199,34.760472],[-79.332676,34.7604],[-79.333745,34.760305],[-79.333701,34.759996],[-79.333547,34.757801],[-79.333171,34.757822],[-79.333481,34.755698],[-79.333077,34.752095],[-79.331192,34.752904],[-79.329139,34.749553],[-79.327926,34.750848],[-79.328272,34.751909],[-79.327954,34.75223],[-79.328025,34.754814],[-79.327236,34.754874],[-79.326707,34.755707],[-79.328508,34.756841],[-79.328524,34.759309],[-79.327885,34.759591],[-79.324813,34.759913],[-79.325469,34.759993],[-79.325608,34.760049],[-79.325828,34.760202],[-79.326037,34.76042],[-79.326059,34.760707],[-79.325994,34.76104],[-79.326009,34.76111],[-79.326085,34.761186],[-79.326303,34.761315],[-79.326478,34.761551],[-79.326468,34.761632],[-79.32641,34.761788],[-79.326444,34.761976],[-79.326516,34.762037],[-79.326629,34.762063],[-79.326822,34.762036],[-79.326889,34.761991],[-79.326876,34.761936],[-79.326745,34.761719],[-79.326724,34.761622],[-79.326778,34.76155],[-79.327066,34.761284],[-79.327496,34.760985],[-79.327563,34.760956],[-79.327655,34.760975],[-79.327824,34.76125],[-79.327837,34.761366],[-79.327803,34.761412],[-79.327628,34.761506],[-79.327582,34.761577],[-79.327599,34.761645],[-79.327645,34.761681],[-79.327733,34.761697],[-79.327919,34.761691],[-79.329245,34.760764],[-79.33199,34.760472]]]}},{"type":"Feature","id":"37155:931858558600","properties":{"id":"37155:931858558600","parcelId":"931858558600","countyFips":"37155","countyName":"Robeson","state":"North Carolina","marketIds":["Wilmington"],"situsAddress":"3850 OXENDINE SCHOOL RD","situsCity":null,"situsZip":null,"jurisdictionCode":null,"ownerName":"GAITLEY FLORENCE C","ownerName2":null,"propertyName":null,"zoningCode":null,"zoningDistrict":null,"jurisdictionPrefix":null,"dorCode":"A-20","acreage":29.89,"centroid":[-79.28043,34.817936],"lastSale":{"date":"2008-06-02","price":null,"qualified":null},"tax":{"marketValue":null,"assessedValue":null,"taxableValue":null,"taxes":null},"mailingAddress":{"line1":"3850 OXENDINE SCHOOL RD","line2":null,"city":"MAXTON","state":"NC","zip":"28364"},"incomeTract":null,"incomeBlockGroup":null,"nearestRoad":null,"flu":null,"opportunityZone":null,"oz2Eligibility":null,"source":"nc-robeson-parcels-37155","appraiserUrl":"https://www.ustaxdata.com/nc/robeson/account.cfm?parcelID=23030100209","gisViewerUrl":"https://maps2.roktech.net/ROKMAPS_Robeson/"},"geometry":{"type":"Polygon","coordinates":[[[-79.279684,34.818727],[-79.279803,34.818737],[-79.280488,34.8188],[-79.280531,34.818282],[-79.28109,34.818318],[-79.281105,34.818819],[-79.282706,34.818847],[-79.283488,34.815635],[-79.281934,34.815601],[-79.280449,34.816231],[-79.278609,34.817659],[-79.278469,34.8186],[-79.279059,34.818662],[-79.279213,34.818024],[-79.279817,34.818098],[-79.279684,34.818727]]]}},{"type":"Feature","id":"37155:931644686000","properties":{"id":"37155:931644686000","parcelId":"931644686000","countyFips":"37155","countyName":"Robeson","state":"North Carolina","marketIds":["Wilmington"],"situsAddress":"BUCK RD","situsCity":null,"situsZip":null,"jurisdictionCode":null,"ownerName":"OXENDINE JAMES THOMAS","ownerName2":"OXENDINE JO ANNE","propertyName":null,"zoningCode":null,"zoningDistrict":null,"jurisdictionPrefix":null,"dorCode":"V-80","acreage":97.93,"centroid":[-79.2824,34.751072],"lastSale":{"date":"2005-01-01","price":null,"qualified":null},"tax":{"marketValue":null,"assessedValue":null,"taxableValue":null,"taxes":null},"mailingAddress":{"line1":"146 ZADIE DR","line2":null,"city":"MAXTON","state":"NC","zip":"28364"},"incomeTract":null,"incomeBlockGroup":null,"nearestRoad":null,"flu":null,"opportunityZone":null,"oz2Eligibility":null,"source":"nc-robeson-parcels-37155","appraiserUrl":"https://www.ustaxdata.com/nc/robeson/account.cfm?parcelID=231701016","gisViewerUrl":"https://maps2.roktech.net/ROKMAPS_Robeson/"},"geometry":{"type":"Polygon","coordinates":[[[-79.281441,34.753214],[-79.28751,34.756538],[-79.287718,34.753228],[-79.287826,34.751124],[-79.281394,34.747899],[-79.280706,34.748514],[-79.280741,34.748997],[-79.280545,34.749516],[-79.280447,34.750024],[-79.280419,34.750524],[-79.28042,34.751064],[-79.279629,34.752222],[-79.281441,34.753214]]]}},{"type":"Feature","id":"37155:932941010100","properties":{"id":"37155:932941010100","parcelId":"932941010100","countyFips":"37155","countyName":"Robeson","state":"North Carolina","marketIds":["Wilmington"],"situsAddress":"4837 MT ZION CHURCH RD","situsCity":null,"situsZip":null,"jurisdictionCode":null,"ownerName":"BULLARD HELEN T","ownerName2":null,"propertyName":null,"zoningCode":null,"zoningDistrict":null,"jurisdictionPrefix":null,"dorCode":"V-80","acreage":8.31,"centroid":[-79.253422,34.824731],"lastSale":{"date":"2011-01-03","price":null,"qualified":null},"tax":{"marketValue":null,"assessedValue":null,"taxableValue":null,"taxes":null},"mailingAddress":{"line1":"4837 MT ZION CHURCH RD","line2":null,"city":"MAXTON","state":"NC","zip":"28364"},"incomeTract":null,"incomeBlockGroup":null,"nearestRoad":null,"flu":null,"opportunityZone":null,"oz2Eligibility":null,"source":"nc-robeson-parcels-37155","appraiserUrl":"https://www.ustaxdata.com/nc/robeson/account.cfm?parcelID=230301011","gisViewerUrl":"https://maps2.roktech.net/ROKMAPS_Robeson/"},"geometry":{"type":"Polygon","coordinates":[[[-79.254236,34.825173],[-79.25491,34.825583],[-79.255223,34.824983],[-79.25212,34.823074],[-79.251787,34.824689],[-79.252573,34.825023],[-79.252914,34.824525],[-79.253504,34.824784],[-79.253531,34.824744],[-79.254236,34.825173]]]}},{"type":"Feature","id":"37155:931709276500","properties":{"id":"37155:931709276500","parcelId":"931709276500","countyFips":"37155","countyName":"Robeson","state":"North Carolina","marketIds":["Wilmington"],"situsAddress":".","situsCity":null,"situsZip":null,"jurisdictionCode":null,"ownerName":"CAMPBELL SOUP CO","ownerName2":null,"propertyName":null,"zoningCode":null,"zoningDistrict":null,"jurisdictionPrefix":null,"dorCode":"E-00","acreage":95.31,"centroid":[-79.298644,34.79281],"lastSale":{"date":"2005-01-01","price":null,"qualified":null},"tax":{"marketValue":null,"assessedValue":null,"taxableValue":null,"taxes":null},"mailingAddress":{"line1":"2120 NC HWY 71 N","line2":null,"city":"MAXTON","state":"NC","zip":"28364"},"incomeTract":null,"incomeBlockGroup":null,"nearestRoad":null,"flu":null,"opportunityZone":null,"oz2Eligibility":null,"source":"nc-robeson-parcels-37155","appraiserUrl":"https://www.ustaxdata.com/nc/robeson/account.cfm?parcelID=231001001","gisViewerUrl":"https://maps2.roktech.net/ROKMAPS_Robeson/"},"geometry":{"type":"Polygon","coordinates":[[[-79.293985,34.793022],[-79.294622,34.793759],[-79.297614,34.797249],[-79.300289,34.795787],[-79.301771,34.792964],[-79.302383,34.791708],[-79.302892,34.790582],[-79.302001,34.789125],[-79.295312,34.791814],[-79.295572,34.79209],[-79.293985,34.793022]]]}},{"type":"Feature","id":"37155:930867720897","properties":{"id":"37155:930867720897","parcelId":"930867720897","countyFips":"37155","countyName":"Robeson","state":"North Carolina","marketIds":["Wilmington"],"situsAddress":"NEILOCK DR","situsCity":null,"situsZip":null,"jurisdictionCode":null,"ownerName":"MCNEILL ROSE MARIE LOCKLEAR","ownerName2":null,"propertyName":null,"zoningCode":null,"zoningDistrict":null,"jurisdictionPrefix":null,"dorCode":"V-10","acreage":10.89,"centroid":[-79.310432,34.813972],"lastSale":{"date":"2005-08-10","price":null,"qualified":null},"tax":{"marketValue":null,"assessedValue":null,"taxableValue":null,"taxes":null},"mailingAddress":{"line1":"1567 MODEST RD","line2":null,"city":"MAXTON","state":"NC","zip":"28364"},"incomeTract":null,"incomeBlockGroup":null,"nearestRoad":null,"flu":null,"opportunityZone":null,"oz2Eligibility":null,"source":"nc-robeson-parcels-37155","appraiserUrl":"https://www.ustaxdata.com/nc/robeson/account.cfm?parcelID=230601003","gisViewerUrl":"https://maps2.roktech.net/ROKMAPS_Robeson/"},"geometry":{"type":"Polygon","coordinates":[[[-79.310443,34.814537],[-79.311527,34.814965],[-79.312454,34.813234],[-79.309929,34.812821],[-79.308905,34.813954],[-79.309655,34.814232],[-79.309879,34.813863],[-79.310666,34.814168],[-79.310443,34.814537]]]}},{"type":"Feature","id":"37155:932912764052","properties":{"id":"37155:932912764052","parcelId":"932912764052","countyFips":"37155","countyName":"Robeson","state":"North Carolina","marketIds":["Wilmington"],"situsAddress":"CHERYL LYNN DR","situsCity":null,"situsZip":null,"jurisdictionCode":null,"ownerName":"BULLARD HELEN T","ownerName2":null,"propertyName":null,"zoningCode":null,"zoningDistrict":null,"jurisdictionPrefix":null,"dorCode":"A-80","acreage":21.6,"centroid":[-79.260044,34.828858],"lastSale":{"date":"2011-01-03","price":null,"qualified":null},"tax":{"marketValue":null,"assessedValue":null,"taxableValue":null,"taxes":null},"mailingAddress":{"line1":"4837 MT ZION CHURCH RD","line2":null,"city":"MAXTON","state":"NC","zip":"28364"},"incomeTract":null,"incomeBlockGroup":null,"nearestRoad":null,"flu":null,"opportunityZone":null,"oz2Eligibility":null,"source":"nc-robeson-parcels-37155","appraiserUrl":"https://www.ustaxdata.com/nc/robeson/account.cfm?parcelID=23030100202","gisViewerUrl":"https://maps2.roktech.net/ROKMAPS_Robeson/"},"geometry":{"type":"Polygon","coordinates":[[[-79.261062,34.829989],[-79.261505,34.830399],[-79.263236,34.828972],[-79.259806,34.826335],[-79.258774,34.828407],[-79.258086,34.828939],[-79.258479,34.829291],[-79.259403,34.828533],[-79.261062,34.829989]]]}},{"type":"Feature","id":"37155:930934096700","properties":{"id":"37155:930934096700","parcelId":"930934096700","countyFips":"37155","countyName":"Robeson","state":"North Carolina","marketIds":["Wilmington"],"situsAddress":"374 JOHNNYS DR","situsCity":null,"situsZip":null,"jurisdictionCode":null,"ownerName":"HUNT AMANDA C","ownerName2":null,"propertyName":null,"zoningCode":null,"zoningDistrict":null,"jurisdictionPrefix":null,"dorCode":"D-71","acreage":9.22,"centroid":[-79.323172,34.834986],"lastSale":{"date":"2004-01-01","price":null,"qualified":null},"tax":{"marketValue":null,"assessedValue":null,"taxableValue":null,"taxes":null},"mailingAddress":{"line1":"374 JOHNNYS DR","line2":null,"city":"MAXTON","state":"NC","zip":"28364"},"incomeTract":null,"incomeBlockGroup":null,"nearestRoad":null,"flu":null,"opportunityZone":null,"oz2Eligibility":null,"source":"nc-robeson-parcels-37155","appraiserUrl":"https://www.ustaxdata.com/nc/robeson/account.cfm?parcelID=23010100709","gisViewerUrl":"https://maps2.roktech.net/ROKMAPS_Robeson/"},"geometry":{"type":"Polygon","coordinates":[[[-79.323756,34.835584],[-79.324564,34.835842],[-79.325052,34.834968],[-79.321449,34.833818],[-79.321037,34.834718],[-79.323756,34.835584]]]}},{"type":"Feature","id":"37155:931944392000","properties":{"id":"37155:931944392000","parcelId":"931944392000","countyFips":"37155","countyName":"Robeson","state":"North Carolina","marketIds":["Wilmington"],"situsAddress":"MCNEILL(RED SPRINGS) RD","situsCity":null,"situsZip":null,"jurisdictionCode":null,"ownerName":"LOCKLEAR HENRY L & SHIRLEY","ownerName2":null,"propertyName":null,"zoningCode":null,"zoningDistrict":null,"jurisdictionPrefix":null,"dorCode":"V-20","acreage":76.0,"centroid":[-79.286187,34.831008],"lastSale":{"date":"2001-01-01","price":null,"qualified":null},"tax":{"marketValue":null,"assessedValue":null,"taxableValue":null,"taxes":null},"mailingAddress":{"line1":"PO BOX 1288","line2":null,"city":"PEMBROKE","state":"NC","zip":"28372"},"incomeTract":null,"incomeBlockGroup":null,"nearestRoad":null,"flu":null,"opportunityZone":null,"oz2Eligibility":null,"source":"nc-robeson-parcels-37155","appraiserUrl":"https://www.ustaxdata.com/nc/robeson/account.cfm?parcelID=230301001","gisViewerUrl":"https://maps2.roktech.net/ROKMAPS_Robeson/"},"geometry":{"type":"Polygon","coordinates":[[[-79.285386,34.829668],[-79.285975,34.83208],[-79.286758,34.831605],[-79.28663,34.830681],[-79.285386,34.829668]]]}},{"type":"Feature","id":"37155:931964964303","properties":{"id":"37155:931964964303","parcelId":"931964964303","countyFips":"37155","countyName":"Robeson","state":"North Carolina","marketIds":["Wilmington"],"situsAddress":"BEAVER DAM RD","situsCity":null,"situsZip":null,"jurisdictionCode":null,"ownerName":"MOORE CLEMENT RICHARD & WF","ownerName2":"CHRISTINE MOORE","propertyName":null,"zoningCode":null,"zoningDistrict":null,"jurisdictionPrefix":null,"dorCode":"V-40","acreage":84.97,"centroid":[-79.277695,34.834791],"lastSale":{"date":"2002-01-01","price":null,"qualified":null},"tax":{"marketValue":null,"assessedValue":null,"taxableValue":null,"taxes":null},"mailingAddress":{"line1":"343 W L MOORE RD","line2":null,"city":"MAXTON","state":"NC","zip":"28364"},"incomeTract":null,"incomeBlockGroup":null,"nearestRoad":null,"flu":null,"opportunityZone":null,"oz2Eligibility":null,"source":"nc-robeson-parcels-37155","appraiserUrl":"https://www.ustaxdata.com/nc/robeson/account.cfm?parcelID=23030100214","gisViewerUrl":"https://maps2.roktech.net/ROKMAPS_Robeson/"},"geometry":{"type":"Polygon","coordinates":[[[-79.278904,34.835077],[-79.278932,34.834958],[-79.279949,34.832344],[-79.28042,34.830521],[-79.277274,34.829529],[-79.272011,34.838547],[-79.273567,34.838132],[-79.278058,34.836521],[-79.278196,34.835963],[-79.278536,34.835565],[-79.278794,34.835547],[-79.278904,34.835077]]]}},{"type":"Feature","id":"37155:839894536100","properties":{"id":"37155:839894536100","parcelId":"839894536100","countyFips":"37155","countyName":"Robeson","state":"North Carolina","marketIds":["Wilmington"],"situsAddress":".","situsCity":null,"situsZip":null,"jurisdictionCode":null,"ownerName":"STEPHENS WILLIAM E & WIFE","ownerName2":null,"propertyName":null,"zoningCode":null,"zoningDistrict":null,"jurisdictionPrefix":null,"dorCode":"V-10","acreage":18.06,"centroid":[-79.334757,34.80537],"lastSale":{"date":"2005-12-31","price":null,"qualified":null},"tax":{"marketValue":null,"assessedValue":null,"taxableValue":null,"taxes":null},"mailingAddress":{"line1":"P O BOX 100","line2":null,"city":"ORRUM","state":"NC","zip":"28369"},"incomeTract":null,"incomeBlockGroup":null,"nearestRoad":null,"flu":null,"opportunityZone":null,"oz2Eligibility":null,"source":"nc-robeson-parcels-37155","appraiserUrl":"https://www.ustaxdata.com/nc/robeson/account.cfm?parcelID=23090100106","gisViewerUrl":"https://maps2.roktech.net/ROKMAPS_Robeson/"},"geometry":{"type":"Polygon","coordinates":[[[-79.332571,34.804752],[-79.332702,34.806887],[-79.336562,34.805591],[-79.337195,34.804251],[-79.332571,34.804752]]]}},{"type":"Feature","id":"37155:839956728600","properties":{"id":"37155:839956728600","parcelId":"839956728600","countyFips":"37155","countyName":"Robeson","state":"North Carolina","marketIds":["Wilmington"],"situsAddress":"4445 MCGIRT RD","situsCity":null,"situsZip":null,"jurisdictionCode":null,"ownerName":"LOCKLEAR CARLON & GERDIE","ownerName2":null,"propertyName":null,"zoningCode":null,"zoningDistrict":null,"jurisdictionPrefix":null,"dorCode":"V-20","acreage":41.5,"centroid":[-79.347192,34.838677],"lastSale":{"date":"2015-07-15","price":null,"qualified":null},"tax":{"marketValue":null,"assessedValue":null,"taxableValue":null,"taxes":null},"mailingAddress":{"line1":"4445 MCGIRT RD","line2":null,"city":"MAXTON","state":"NC","zip":"28364"},"incomeTract":null,"incomeBlockGroup":null,"nearestRoad":null,"flu":null,"opportunityZone":null,"oz2Eligibility":null,"source":"nc-robeson-parcels-37155","appraiserUrl":"https://www.ustaxdata.com/nc/robeson/account.cfm?parcelID=230101015","gisViewerUrl":"https://maps2.roktech.net/ROKMAPS_Robeson/"},"geometry":{"type":"Polygon","coordinates":[[[-79.343882,34.840173],[-79.346686,34.841681],[-79.347113,34.841714],[-79.34714,34.841652],[-79.347084,34.841604],[-79.34717,34.84154],[-79.347241,34.841566],[-79.347383,34.841477],[-79.34741,34.841386],[-79.347401,34.841281],[-79.347067,34.841204],[-79.347013,34.840932],[-79.347115,34.840819],[-79.347349,34.840707],[-79.347556,34.840709],[-79.347717,34.840775],[-79.347844,34.840911],[-79.347853,34.841004],[-79.34794,34.841046],[-79.34806,34.840963],[-79.348146,34.84086],[-79.348174,34.840783],[-79.348149,34.840669],[-79.348188,34.840571],[-79.348123,34.840535],[-79.348157,34.840464],[-79.348237,34.840468],[-79.348271,34.840418],[-79.348221,34.840385],[-79.348234,34.84033],[-79.348308,34.840342],[-79.34839,34.840254],[-79.34836,34.840197],[-79.348438,34.840159],[-79.348474,34.840202],[-79.348548,34.840202],[-79.348536,34.840164],[-79.348601,34.840113],[-79.34854,34.840027],[-79.348494,34.839997],[-79.348429,34.840031],[-79.348333,34.84003],[-79.348191,34.839939],[-79.348158,34.839779],[-79.34825,34.839638],[-79.348371,34.839628],[-79.348666,34.839658],[-79.348794,34.839548],[-79.348738,34.839503],[-79.348768,34.839484],[-79.348723,34.83941],[-79.348656,34.839417],[-79.348602,34.839401],[-79.348402,34.839289],[-79.348194,34.839322],[-79.348142,34.839302],[-79.347979,34.839174],[-79.347951,34.839206],[-79.347891,34.839204],[-79.347856,34.839129],[-79.347902,34.839093],[-79.347797,34.838993],[-79.347722,34.838783],[-79.347761,34.838772],[-79.347759,34.838727],[-79.347647,34.83872],[-79.347635,34.838593],[-79.347672,34.838553],[-79.347666,34.838517],[-79.347838,34.838441],[-79.348045,34.838396],[-79.34816,34.838407],[-79.348526,34.838732],[-79.348676,34.83881],[-79.348843,34.838836],[-79.348944,34.838796],[-79.349044,34.838669],[-79.34906,34.838464],[-79.349158,34.838371],[-79.349203,34.838286],[-79.349205,34.8381],[-79.349127,34.837978],[-79.349055,34.837982],[-79.34901,34.838056],[-79.348938,34.838074],[-79.34892,34.838018],[-79.349,34.83792],[-79.349023,34.837839],[-79.349008,34.837712],[-79.349051,34.837632],[-79.349189,34.837581],[-79.349304,34.837578],[-79.349445,34.837633],[-79.349595,34.837735],[-79.349629,34.83771],[-79.349672,34.837615],[-79.349499,34.837424],[-79.349294,34.837367],[-79.349121,34.837255],[-79.349075,34.83716],[-79.349117,34.837016],[-79.349372,34.83684],[-79.349484,34.836855],[-79.349565,34.836837],[-79.349622,34.83679],[-79.349616,34.836704],[-79.349523,34.836626],[-79.349505,34.836469],[-79.349657,34.836296],[-79.349766,34.836297],[-79.349982,34.836421],[-79.350118,34.836543],[-79.35011,34.836618],[-79.35017,34.836627],[-79.350262,34.836591],[-79.350374,34.836469],[-79.350459,34.836336],[-79.350502,34.836182],[-79.350461,34.836051],[-79.350305,34.835932],[-79.350269,34.83591],[-79.346777,34.835639],[-79.346509,34.836066],[-79.34635,34.836174],[-79.34606,34.836236],[-79.34579,34.836752],[-79.345763,34.837047],[-79.345862,34.837417],[-79.345996,34.837537],[-79.346459,34.837661],[-79.346881,34.837548],[-79.346743,34.837898],[-79.346714,34.838304],[-79.346664,34.838452],[-79.346707,34.838733],[-79.346714,34.838969],[-79.346901,34.838992],[-79.346802,34.839087],[-79.346527,34.839183],[-79.346363,34.839274],[-79.346019,34.838978],[-79.345328,34.838965],[-79.344963,34.839185],[-79.344805,34.839373],[-79.344644,34.839647],[-79.344558,34.839723],[-79.344547,34.839828],[-79.344483,34.839874],[-79.344274,34.839812],[-79.344121,34.839877],[-79.343882,34.840173]]]}},{"type":"Feature","id":"37155:930718344310","properties":{"id":"37155:930718344310","parcelId":"930718344310","countyFips":"37155","countyName":"Robeson","state":"North Carolina","marketIds":["Wilmington"],"situsAddress":"1102 MCGIRT RD","situsCity":null,"situsZip":null,"jurisdictionCode":null,"ownerName":"LOCKLEAR DANIEL","ownerName2":null,"propertyName":null,"zoningCode":null,"zoningDistrict":null,"jurisdictionPrefix":null,"dorCode":"V-20","acreage":49.28,"centroid":[-79.32913,34.789163],"lastSale":{"date":"2013-01-01","price":null,"qualified":null},"tax":{"marketValue":null,"assessedValue":null,"taxableValue":null,"taxes":null},"mailingAddress":{"line1":"854 BRYANTS CIRCLE","line2":null,"city":"MAXTON","state":"NC","zip":"28364"},"incomeTract":null,"incomeBlockGroup":null,"nearestRoad":null,"flu":null,"opportunityZone":null,"oz2Eligibility":null,"source":"nc-robeson-parcels-37155","appraiserUrl":"https://www.ustaxdata.com/nc/robeson/account.cfm?parcelID=110102001","gisViewerUrl":"https://maps2.roktech.net/ROKMAPS_Robeson/"},"geometry":{"type":"Polygon","coordinates":[[[-79.33159,34.790148],[-79.331425,34.790237],[-79.32725,34.785295],[-79.327231,34.785308],[-79.326805,34.784818],[-79.326516,34.784997],[-79.327131,34.787654],[-79.327118,34.787961],[-79.327052,34.788398],[-79.326549,34.790426],[-79.328436,34.792582],[-79.330412,34.791685],[-79.329775,34.79119],[-79.330917,34.790885],[-79.331269,34.791295],[-79.331676,34.791111],[-79.33144,34.790554],[-79.331742,34.790381],[-79.33159,34.790148]]]}},{"type":"Feature","id":"37155:930837764434","properties":{"id":"37155:930837764434","parcelId":"930837764434","countyFips":"37155","countyName":"Robeson","state":"North Carolina","marketIds":["Wilmington"],"situsAddress":"MODEST RD","situsCity":null,"situsZip":null,"jurisdictionCode":null,"ownerName":"REVELS CHANDLER JR & WF","ownerName2":"REVELS LORI","propertyName":null,"zoningCode":null,"zoningDistrict":null,"jurisdictionPrefix":null,"dorCode":"A-80","acreage":119.04,"centroid":[-79.319746,34.81506],"lastSale":{"date":"2012-12-03","price":null,"qualified":null},"tax":{"marketValue":null,"assessedValue":null,"taxableValue":null,"taxes":null},"mailingAddress":{"line1":"1485 MODEST RD","line2":null,"city":"MAXTON","state":"NC","zip":"28364"},"incomeTract":null,"incomeBlockGroup":null,"nearestRoad":null,"flu":null,"opportunityZone":null,"oz2Eligibility":null,"source":"nc-robeson-parcels-37155","appraiserUrl":"https://www.ustaxdata.com/nc/robeson/account.cfm?parcelID=23020103015","gisViewerUrl":"https://maps2.roktech.net/ROKMAPS_Robeson/"},"geometry":{"type":"Polygon","coordinates":[[[-79.329954,34.816552],[-79.330288,34.816565],[-79.330657,34.81658],[-79.330728,34.815131],[-79.320351,34.813537],[-79.320294,34.81215],[-79.317537,34.812059],[-79.31506,34.813031],[-79.312958,34.812291],[-79.313685,34.815896],[-79.314905,34.815945],[-79.314796,34.81543],[-79.315303,34.815092],[-79.315983,34.815988],[-79.317021,34.81603],[-79.317072,34.81637],[-79.319415,34.816312],[-79.319419,34.816127],[-79.329954,34.816552]]]}},{"type":"Feature","id":"37155:932941373005","properties":{"id":"37155:932941373005","parcelId":"932941373005","countyFips":"37155","countyName":"Robeson","state":"North Carolina","marketIds":["Wilmington"],"situsAddress":"4972 MT ZION CHURCH RD","situsCity":null,"situsZip":null,"jurisdictionCode":null,"ownerName":"JACOBS JACKIE BULLARD","ownerName2":null,"propertyName":null,"zoningCode":null,"zoningDistrict":null,"jurisdictionPrefix":null,"dorCode":"V-00","acreage":8.75,"centroid":[-79.251708,34.826271],"lastSale":{"date":"2011-06-29","price":null,"qualified":null},"tax":{"marketValue":null,"assessedValue":null,"taxableValue":null,"taxes":null},"mailingAddress":{"line1":"4867 MT ZION CHURCH RD","line2":null,"city":"MAXTON","state":"NC","zip":"28364"},"incomeTract":null,"incomeBlockGroup":null,"nearestRoad":null,"flu":null,"opportunityZone":null,"oz2Eligibility":null,"source":"nc-robeson-parcels-37155","appraiserUrl":"https://www.ustaxdata.com/nc/robeson/account.cfm?parcelID=230301005","gisViewerUrl":"https://maps2.roktech.net/ROKMAPS_Robeson/"},"geometry":{"type":"Polygon","coordinates":[[[-79.249683,34.827051],[-79.248725,34.827602],[-79.249017,34.827869],[-79.251403,34.826494],[-79.252277,34.827171],[-79.253565,34.825714],[-79.253311,34.825566],[-79.253091,34.825897],[-79.252662,34.825686],[-79.252886,34.825348],[-79.252098,34.825006],[-79.251776,34.825846],[-79.249683,34.827051]]]}},{"type":"Feature","id":"37155:930677773900","properties":{"id":"37155:930677773900","parcelId":"930677773900","countyFips":"37155","countyName":"Robeson","state":"North Carolina","marketIds":["Wilmington"],"situsAddress":"4358 RED HILL RD","situsCity":null,"situsZip":null,"jurisdictionCode":null,"ownerName":"QADURA TERRIE A BULLARD","ownerName2":null,"propertyName":null,"zoningCode":null,"zoningDistrict":null,"jurisdictionPrefix":null,"dorCode":"V-80","acreage":27.87,"centroid":[-79.307566,34.760369],"lastSale":{"date":"1999-01-01","price":null,"qualified":null},"tax":{"marketValue":null,"assessedValue":null,"taxableValue":null,"taxes":null},"mailingAddress":{"line1":"4117 BREWSTER DR","line2":null,"city":"RALEIGH","state":"NC","zip":"27606"},"incomeTract":null,"incomeBlockGroup":null,"nearestRoad":null,"flu":null,"opportunityZone":null,"oz2Eligibility":null,"source":"nc-robeson-parcels-37155","appraiserUrl":"https://www.ustaxdata.com/nc/robeson/account.cfm?parcelID=23170100801B","gisViewerUrl":"https://maps2.roktech.net/ROKMAPS_Robeson/"},"geometry":{"type":"Polygon","coordinates":[[[-79.302432,34.760966],[-79.302971,34.761967],[-79.310292,34.759655],[-79.311734,34.760943],[-79.3127,34.760842],[-79.312515,34.759478],[-79.311457,34.759589],[-79.311072,34.758771],[-79.302432,34.760966]]]}},{"type":"Feature","id":"37155:932725852200","properties":{"id":"37155:932725852200","parcelId":"932725852200","countyFips":"37155","countyName":"Robeson","state":"North Carolina","marketIds":["Wilmington"],"situsAddress":"6259 PRESTON RD","situsCity":null,"situsZip":null,"jurisdictionCode":null,"ownerName":"LOWRY BRIAN KENT","ownerName2":null,"propertyName":null,"zoningCode":null,"zoningDistrict":null,"jurisdictionPrefix":null,"dorCode":"D-10","acreage":7.51,"centroid":[-79.256573,34.781576],"lastSale":{"date":"2012-07-30","price":null,"qualified":null},"tax":{"marketValue":null,"assessedValue":null,"taxableValue":null,"taxes":null},"mailingAddress":{"line1":"6259 PRESTON RD","line2":null,"city":"RED SPRINGS","state":"NC","zip":"28377"},"incomeTract":null,"incomeBlockGroup":null,"nearestRoad":null,"flu":null,"opportunityZone":null,"oz2Eligibility":null,"source":"nc-robeson-parcels-37155","appraiserUrl":"https://www.ustaxdata.com/nc/robeson/account.cfm?parcelID=231501002","gisViewerUrl":"https://maps2.roktech.net/ROKMAPS_Robeson/"},"geometry":{"type":"Polygon","coordinates":[[[-79.256135,34.780943],[-79.256142,34.781024],[-79.256174,34.781475],[-79.256159,34.78185],[-79.25611,34.78215],[-79.255985,34.782597],[-79.258125,34.78198],[-79.257751,34.78059],[-79.256135,34.780943]]]}},{"type":"Feature","id":"37155:931614920900","properties":{"id":"37155:931614920900","parcelId":"931614920900","countyFips":"37155","countyName":"Robeson","state":"North Carolina","marketIds":["Wilmington"],"situsAddress":"OLD RED SPRINGS RD","situsCity":null,"situsZip":null,"jurisdictionCode":null,"ownerName":"LOWRY MAXINE BULLARD & HSB","ownerName2":"LOWRY THOMAS WAYNE","propertyName":null,"zoningCode":null,"zoningDistrict":null,"jurisdictionPrefix":null,"dorCode":"V-20","acreage":49.19,"centroid":[-79.293039,34.750546],"lastSale":{"date":"2013-04-02","price":null,"qualified":null},"tax":{"marketValue":null,"assessedValue":null,"taxableValue":null,"taxes":null},"mailingAddress":{"line1":"P O BOX 3222","line2":null,"city":"PEMBROKE","state":"NC","zip":"28372"},"incomeTract":null,"incomeBlockGroup":null,"nearestRoad":null,"flu":null,"opportunityZone":null,"oz2Eligibility":null,"source":"nc-robeson-parcels-37155","appraiserUrl":"https://www.ustaxdata.com/nc/robeson/account.cfm?parcelID=23170101501","gisViewerUrl":"https://maps2.roktech.net/ROKMAPS_Robeson/"},"geometry":{"type":"Polygon","coordinates":[[[-79.288944,34.745706],[-79.295331,34.755386],[-79.297135,34.75458],[-79.296422,34.753631],[-79.296733,34.753492],[-79.296472,34.753142],[-79.29444,34.751537],[-79.293202,34.74882],[-79.293804,34.747949],[-79.288944,34.745706]]]}},{"type":"Feature","id":"37155:931657909123","properties":{"id":"37155:931657909123","parcelId":"931657909123","countyFips":"37155","countyName":"Robeson","state":"North Carolina","marketIds":["Wilmington"],"situsAddress":"3216 OLD RED SPRINGS RD","situsCity":null,"situsZip":null,"jurisdictionCode":null,"ownerName":"COLLINS JAMES HAROLD & WF","ownerName2":"COLLINS HAZEL M","propertyName":null,"zoningCode":null,"zoningDistrict":null,"jurisdictionPrefix":null,"dorCode":"V-20","acreage":36.37,"centroid":[-79.279512,34.758021],"lastSale":{"date":"2016-02-24","price":null,"qualified":null},"tax":{"marketValue":null,"assessedValue":null,"taxableValue":null,"taxes":null},"mailingAddress":{"line1":"4033 OLD RED SPRINGS RD","line2":null,"city":"RED SPRINGS","state":"NC","zip":"28377"},"incomeTract":null,"incomeBlockGroup":null,"nearestRoad":null,"flu":null,"opportunityZone":null,"oz2Eligibility":null,"source":"nc-robeson-parcels-37155","appraiserUrl":"https://www.ustaxdata.com/nc/robeson/account.cfm?parcelID=231401005","gisViewerUrl":"https://maps2.roktech.net/ROKMAPS_Robeson/"},"geometry":{"type":"Polygon","coordinates":[[[-79.278699,34.754532],[-79.276567,34.757332],[-79.276608,34.757364],[-79.276676,34.757349],[-79.277493,34.757432],[-79.278111,34.758331],[-79.278503,34.758816],[-79.278681,34.758856],[-79.279915,34.759],[-79.280304,34.760499],[-79.280669,34.761361],[-79.281136,34.761115],[-79.281574,34.760912],[-79.281956,34.761511],[-79.28243,34.761294],[-79.281962,34.760601],[-79.282457,34.760422],[-79.278699,34.754532]]]}},{"type":"Feature","id":"37155:930963861400","properties":{"id":"37155:930963861400","parcelId":"930963861400","countyFips":"37155","countyName":"Robeson","state":"North Carolina","marketIds":["Wilmington"],"situsAddress":"575 MCGIRT GIN RD","situsCity":null,"situsZip":null,"jurisdictionCode":null,"ownerName":"CHAVIS DELTON","ownerName2":null,"propertyName":null,"zoningCode":null,"zoningDistrict":null,"jurisdictionPrefix":null,"dorCode":"A-20","acreage":36.05,"centroid":[-79.310964,34.831876],"lastSale":{"date":"2005-01-01","price":null,"qualified":null},"tax":{"marketValue":null,"assessedValue":null,"taxableValue":null,"taxes":null},"mailingAddress":{"line1":"2777 MODEST RD","line2":null,"city":"MAXTON","state":"NC","zip":"28364"},"incomeTract":null,"incomeBlockGroup":null,"nearestRoad":null,"flu":null,"opportunityZone":null,"oz2Eligibility":null,"source":"nc-robeson-parcels-37155","appraiserUrl":"https://www.ustaxdata.com/nc/robeson/account.cfm?parcelID=230201005","gisViewerUrl":"https://maps2.roktech.net/ROKMAPS_Robeson/"},"geometry":{"type":"Polygon","coordinates":[[[-79.31088,34.832034],[-79.311213,34.832048],[-79.311874,34.832076],[-79.311824,34.83268],[-79.31302,34.8327],[-79.313921,34.832682],[-79.313862,34.83093],[-79.313151,34.830894],[-79.312877,34.830037],[-79.308399,34.829804],[-79.307528,34.83135],[-79.307362,34.832351],[-79.309383,34.832582],[-79.310049,34.832632],[-79.310084,34.832493],[-79.310457,34.832583],[-79.310496,34.832018],[-79.31088,34.832034]]]}},{"type":"Feature","id":"37155:931880306700","properties":{"id":"37155:931880306700","parcelId":"931880306700","countyFips":"37155","countyName":"Robeson","state":"North Carolina","marketIds":["Wilmington"],"situsAddress":"N NC 71 HWY","situsCity":null,"situsZip":null,"jurisdictionCode":null,"ownerName":"LOCKLEAR STEVE & WF VERDORA","ownerName2":null,"propertyName":null,"zoningCode":null,"zoningDistrict":null,"jurisdictionPrefix":null,"dorCode":"V-00","acreage":7.6,"centroid":[-79.271994,34.794028],"lastSale":{"date":"2015-11-09","price":null,"qualified":null},"tax":{"marketValue":null,"assessedValue":null,"taxableValue":null,"taxes":null},"mailingAddress":{"line1":"504 NORMAL STREET","line2":null,"city":"PEMBROKE","state":"NC","zip":"28372"},"incomeTract":null,"incomeBlockGroup":null,"nearestRoad":null,"flu":null,"opportunityZone":null,"oz2Eligibility":null,"source":"nc-robeson-parcels-37155","appraiserUrl":"https://www.ustaxdata.com/nc/robeson/account.cfm?parcelID=23110100103","gisViewerUrl":"https://maps2.roktech.net/ROKMAPS_Robeson/"},"geometry":{"type":"Polygon","coordinates":[[[-79.27135,34.795516],[-79.272348,34.795565],[-79.272623,34.792542],[-79.271656,34.792489],[-79.27135,34.795516]]]}},{"type":"Feature","id":"37155:930871265700","properties":{"id":"37155:930871265700","parcelId":"930871265700","countyFips":"37155","countyName":"Robeson","state":"North Carolina","marketIds":["Wilmington"],"situsAddress":"107 VICTORY DR","situsCity":null,"situsZip":null,"jurisdictionCode":null,"ownerName":"OXENDINE LUTHER & WF DORA","ownerName2":null,"propertyName":null,"zoningCode":null,"zoningDistrict":null,"jurisdictionPrefix":null,"dorCode":"D-10","acreage":7.0,"centroid":[-79.308988,34.798457],"lastSale":{"date":"2005-01-01","price":null,"qualified":null},"tax":{"marketValue":null,"assessedValue":null,"taxableValue":null,"taxes":null},"mailingAddress":{"line1":"107 VICTORY DR","line2":null,"city":"MAXTON","state":"NC","zip":"28364"},"incomeTract":null,"incomeBlockGroup":null,"nearestRoad":null,"flu":null,"opportunityZone":null,"oz2Eligibility":null,"source":"nc-robeson-parcels-37155","appraiserUrl":"https://www.ustaxdata.com/nc/robeson/account.cfm?parcelID=230901030","gisViewerUrl":"https://maps2.roktech.net/ROKMAPS_Robeson/"},"geometry":{"type":"Polygon","coordinates":[[[-79.308605,34.798978],[-79.309455,34.798596],[-79.310513,34.79812],[-79.31002,34.797378],[-79.307744,34.798234],[-79.307589,34.799436],[-79.308605,34.798978]]]}},{"type":"Feature","id":"37155:930788145296","properties":{"id":"37155:930788145296","parcelId":"930788145296","countyFips":"37155","countyName":"Robeson","state":"North Carolina","marketIds":["Wilmington"],"situsAddress":"SHADY LN","situsCity":null,"situsZip":null,"jurisdictionCode":null,"ownerName":"LOCKLEAR LORIA A","ownerName2":"LOCKLEAR BILL J","propertyName":null,"zoningCode":null,"zoningDistrict":null,"jurisdictionPrefix":null,"dorCode":"V-80","acreage":6.32,"centroid":[-79.305888,34.789488],"lastSale":{"date":"2005-01-01","price":null,"qualified":null},"tax":{"marketValue":null,"assessedValue":null,"taxableValue":null,"taxes":null},"mailingAddress":{"line1":"PO BOX 726","line2":null,"city":"MAXTON","state":"NC","zip":"28364"},"incomeTract":null,"incomeBlockGroup":null,"nearestRoad":null,"flu":null,"opportunityZone":null,"oz2Eligibility":null,"source":"nc-robeson-parcels-37155","appraiserUrl":"https://www.ustaxdata.com/nc/robeson/account.cfm?parcelID=230905080","gisViewerUrl":"https://maps2.roktech.net/ROKMAPS_Robeson/"},"geometry":{"type":"Polygon","coordinates":[[[-79.305519,34.789794],[-79.305851,34.789814],[-79.306183,34.789834],[-79.306275,34.789024],[-79.305612,34.788973],[-79.305519,34.789794]]]}},{"type":"Feature","id":"37155:932912312800","properties":{"id":"37155:932912312800","parcelId":"932912312800","countyFips":"37155","countyName":"Robeson","state":"North Carolina","marketIds":["Wilmington"],"situsAddress":"5541 MT ZION CHURCH RD","situsCity":null,"situsZip":null,"jurisdictionCode":null,"ownerName":"BULLARD HELEN T","ownerName2":null,"propertyName":null,"zoningCode":null,"zoningDistrict":null,"jurisdictionPrefix":null,"dorCode":"A-80","acreage":28.8,"centroid":[-79.261327,34.831274],"lastSale":{"date":"2015-10-01","price":null,"qualified":null},"tax":{"marketValue":null,"assessedValue":null,"taxableValue":null,"taxes":null},"mailingAddress":{"line1":"4837 MT ZION CHURCH RD","line2":null,"city":"MAXTON","state":"NC","zip":"28364"},"incomeTract":null,"incomeBlockGroup":null,"nearestRoad":null,"flu":null,"opportunityZone":null,"oz2Eligibility":null,"source":"nc-robeson-parcels-37155","appraiserUrl":"https://www.ustaxdata.com/nc/robeson/account.cfm?parcelID=23030100204","gisViewerUrl":"https://maps2.roktech.net/ROKMAPS_Robeson/"},"geometry":{"type":"Polygon","coordinates":[[[-79.260562,34.831177],[-79.260592,34.831207],[-79.261284,34.831952],[-79.263747,34.829921],[-79.263095,34.826925],[-79.261466,34.824351],[-79.259716,34.826203],[-79.259806,34.826335],[-79.263236,34.828972],[-79.260562,34.831177]]]}},{"type":"Feature","id":"37155:930992617000","properties":{"id":"37155:930992617000","parcelId":"930992617000","countyFips":"37155","countyName":"Robeson","state":"North Carolina","marketIds":["Wilmington"],"situsAddress":"2444 MODEST RD","situsCity":null,"situsZip":null,"jurisdictionCode":null,"ownerName":"CHAVIS GODWIN JR & WF","ownerName2":"CHAVIS ANNIE","propertyName":null,"zoningCode":null,"zoningDistrict":null,"jurisdictionPrefix":null,"dorCode":"V-10","acreage":10.45,"centroid":[-79.300832,34.827185],"lastSale":{"date":"2004-01-01","price":null,"qualified":null},"tax":{"marketValue":null,"assessedValue":null,"taxableValue":null,"taxes":null},"mailingAddress":{"line1":"2444 MODEST RD","line2":null,"city":"MAXTON","state":"NC","zip":"28364"},"incomeTract":null,"incomeBlockGroup":null,"nearestRoad":null,"flu":null,"opportunityZone":null,"oz2Eligibility":null,"source":"nc-robeson-parcels-37155","appraiserUrl":"https://www.ustaxdata.com/nc/robeson/account.cfm?parcelID=230201023","gisViewerUrl":"https://maps2.roktech.net/ROKMAPS_Robeson/"},"geometry":{"type":"Polygon","coordinates":[[[-79.299651,34.825707],[-79.2999,34.826137],[-79.301466,34.829017],[-79.301697,34.829021],[-79.30188,34.826916],[-79.300428,34.826995],[-79.300476,34.826441],[-79.301928,34.826363],[-79.302014,34.825374],[-79.301523,34.825349],[-79.299651,34.825707]]]}},{"type":"Feature","id":"37155:839838458900","properties":{"id":"37155:839838458900","parcelId":"839838458900","countyFips":"37155","countyName":"Robeson","state":"North Carolina","marketIds":["Wilmington"],"situsAddress":"MCGIRT GIN RD","situsCity":null,"situsZip":null,"jurisdictionCode":null,"ownerName":"LOCKLEAR WILLIE ET ALS","ownerName2":null,"propertyName":null,"zoningCode":null,"zoningDistrict":null,"jurisdictionPrefix":null,"dorCode":"V-80","acreage":5.04,"centroid":[-79.355293,34.816802],"lastSale":{"date":"2012-05-07","price":null,"qualified":null},"tax":{"marketValue":null,"assessedValue":null,"taxableValue":null,"taxes":null},"mailingAddress":{"line1":"22143 LEES MILL ROAD","line2":null,"city":"LAURINBURG","state":"NC","zip":"28352"},"incomeTract":null,"incomeBlockGroup":null,"nearestRoad":null,"flu":null,"opportunityZone":null,"oz2Eligibility":null,"source":"nc-robeson-parcels-37155","appraiserUrl":"https://www.ustaxdata.com/nc/robeson/account.cfm?parcelID=23050100106","gisViewerUrl":"https://maps2.roktech.net/ROKMAPS_Robeson/"},"geometry":{"type":"Polygon","coordinates":[[[-79.355466,34.817985],[-79.355594,34.818063],[-79.355776,34.81786],[-79.355825,34.817851],[-79.355797,34.817824],[-79.355787,34.817772],[-79.355793,34.817653],[-79.355917,34.817322],[-79.355916,34.817233],[-79.355873,34.817215],[-79.355802,34.817238],[-79.355756,34.817229],[-79.355722,34.817153],[-79.355624,34.817101],[-79.355448,34.817143],[-79.35538,34.817126],[-79.355309,34.81705],[-79.355325,34.817022],[-79.355428,34.816962],[-79.355592,34.81694],[-79.355633,34.816912],[-79.355741,34.816669],[-79.355926,34.816563],[-79.355927,34.816465],[-79.355903,34.816439],[-79.355784,34.816424],[-79.355613,34.816478],[-79.355466,34.816554],[-79.355142,34.816793],[-79.354959,34.816848],[-79.354931,34.81692],[-79.354845,34.816925],[-79.354801,34.816908],[-79.354784,34.816891],[-79.354802,34.816782],[-79.354738,34.816768],[-79.354797,34.816717],[-79.354872,34.816706],[-79.3549,34.816677],[-79.354869,34.81661],[-79.354756,34.816658],[-79.354759,34.816576],[-79.354721,34.816565],[-79.354718,34.816527],[-79.354873,34.816342],[-79.354899,34.816331],[-79.354997,34.816355],[-79.355048,34.816328],[-79.355051,34.816288],[-79.355108,34.81619],[-79.355214,34.816052],[-79.355325,34.815854],[-79.355334,34.815794],[-79.355308,34.815754],[-79.35527,34.815721],[-79.355225,34.815712],[-79.354689,34.816521],[-79.354124,34.817166],[-79.355466,34.817985]]]}},{"type":"Feature","id":"37155:839678998000","properties":{"id":"37155:839678998000","parcelId":"839678998000","countyFips":"37155","countyName":"Robeson","state":"North Carolina","marketIds":["Wilmington"],"situsAddress":".","situsCity":null,"situsZip":null,"jurisdictionCode":null,"ownerName":"HASTY BETTY U","ownerName2":null,"propertyName":null,"zoningCode":null,"zoningDistrict":null,"jurisdictionPrefix":null,"dorCode":"V-20","acreage":31.0,"centroid":[-79.339067,34.764287],"lastSale":{"date":"2005-01-01","price":null,"qualified":null},"tax":{"marketValue":null,"assessedValue":null,"taxableValue":null,"taxes":null},"mailingAddress":{"line1":"2200 ELM AVE #1111","line2":null,"city":"LAURINBURG","state":"NC","zip":"28352"},"incomeTract":null,"incomeBlockGroup":null,"nearestRoad":null,"flu":null,"opportunityZone":null,"oz2Eligibility":null,"source":"nc-robeson-parcels-37155","appraiserUrl":"https://www.ustaxdata.com/nc/robeson/account.cfm?parcelID=110201045","gisViewerUrl":"https://maps2.roktech.net/ROKMAPS_Robeson/"},"geometry":{"type":"Polygon","coordinates":[[[-79.336744,34.768326],[-79.336729,34.768376],[-79.341036,34.763498],[-79.340815,34.762911],[-79.340585,34.762173],[-79.339808,34.759326],[-79.337753,34.765401],[-79.336744,34.768326]]]}},{"type":"Feature","id":"37155:931859393200","properties":{"id":"37155:931859393200","parcelId":"931859393200","countyFips":"37155","countyName":"Robeson","state":"North Carolina","marketIds":["Wilmington"],"situsAddress":"BEAVER DAM RD","situsCity":null,"situsZip":null,"jurisdictionCode":null,"ownerName":"GAITLEY FLORENCE C","ownerName2":null,"propertyName":null,"zoningCode":null,"zoningDistrict":null,"jurisdictionPrefix":null,"dorCode":"V-00","acreage":20.99,"centroid":[-79.281519,34.821362],"lastSale":{"date":"2012-11-30","price":null,"qualified":null},"tax":{"marketValue":null,"assessedValue":null,"taxableValue":null,"taxes":null},"mailingAddress":{"line1":"3850 OXENDINE SCHOOL RD","line2":null,"city":"MAXTON","state":"NC","zip":"28364"},"incomeTract":null,"incomeBlockGroup":null,"nearestRoad":null,"flu":null,"opportunityZone":null,"oz2Eligibility":null,"source":"nc-robeson-parcels-37155","appraiserUrl":"https://www.ustaxdata.com/nc/robeson/account.cfm?parcelID=23030100222","gisViewerUrl":"https://maps2.roktech.net/ROKMAPS_Robeson/"},"geometry":{"type":"Polygon","coordinates":[[[-79.280963,34.823137],[-79.283304,34.823469],[-79.282702,34.819012],[-79.281107,34.818984],[-79.281147,34.819128],[-79.281237,34.820808],[-79.281264,34.821707],[-79.28123,34.82208],[-79.281165,34.822469],[-79.281073,34.822822],[-79.280963,34.823137]]]}},{"type":"Feature","id":"37155:839965967700","properties":{"id":"37155:839965967700","parcelId":"839965967700","countyFips":"37155","countyName":"Robeson","state":"North Carolina","marketIds":["Wilmington"],"situsAddress":"4445 MCGIRT RD","situsCity":null,"situsZip":null,"jurisdictionCode":null,"ownerName":"LOCKLEAR CARLON","ownerName2":"LOCKLEAR GERDIE","propertyName":null,"zoningCode":null,"zoningDistrict":null,"jurisdictionPrefix":null,"dorCode":"A-20","acreage":65.0,"centroid":[-79.345091,34.837641],"lastSale":{"date":"2012-03-28","price":null,"qualified":null},"tax":{"marketValue":null,"assessedValue":null,"taxableValue":null,"taxes":null},"mailingAddress":{"line1":"4445 MCGIRT RD","line2":null,"city":"MAXTON","state":"NC","zip":"28364"},"incomeTract":null,"incomeBlockGroup":null,"nearestRoad":null,"flu":null,"opportunityZone":null,"oz2Eligibility":null,"source":"nc-robeson-parcels-37155","appraiserUrl":"https://www.ustaxdata.com/nc/robeson/account.cfm?parcelID=230101001","gisViewerUrl":"https://maps2.roktech.net/ROKMAPS_Robeson/"},"geometry":{"type":"Polygon","coordinates":[[[-79.342003,34.832627],[-79.34183,34.833272],[-79.341323,34.835171],[-79.341213,34.835472],[-79.341061,34.835796],[-79.339803,34.838137],[-79.340399,34.838366],[-79.343882,34.840173],[-79.344121,34.839877],[-79.344274,34.839812],[-79.344483,34.839874],[-79.344547,34.839828],[-79.344558,34.839723],[-79.344644,34.839647],[-79.344805,34.839373],[-79.344963,34.839185],[-79.345328,34.838965],[-79.346019,34.838978],[-79.346363,34.839274],[-79.346527,34.839183],[-79.346802,34.839087],[-79.346901,34.838992],[-79.346714,34.838969],[-79.346707,34.838733],[-79.346664,34.838452],[-79.346714,34.838304],[-79.346743,34.837898],[-79.346881,34.837548],[-79.346459,34.837661],[-79.345996,34.837537],[-79.345862,34.837417],[-79.345763,34.837047],[-79.34579,34.836752],[-79.34606,34.836236],[-79.34635,34.836174],[-79.346509,34.836066],[-79.346777,34.835639],[-79.346933,34.835238],[-79.347296,34.834881],[-79.347574,34.834277],[-79.342003,34.832627]]]}},{"type":"Feature","id":"37155:930745538700","properties":{"id":"37155:930745538700","parcelId":"930745538700","countyFips":"37155","countyName":"Robeson","state":"North Carolina","marketIds":["Wilmington"],"situsAddress":"162 OXENDINE SCHOOL RD","situsCity":null,"situsZip":null,"jurisdictionCode":null,"ownerName":"CENTER PRESBYTERIAN CHURCH","ownerName2":null,"propertyName":null,"zoningCode":null,"zoningDistrict":null,"jurisdictionPrefix":null,"dorCode":"E-10","acreage":11.66,"centroid":[-79.319032,34.781051],"lastSale":{"date":"2005-01-01","price":null,"qualified":null},"tax":{"marketValue":null,"assessedValue":null,"taxableValue":null,"taxes":null},"mailingAddress":{"line1":null,"line2":null,"city":null,"state":"NC","zip":"0"},"incomeTract":null,"incomeBlockGroup":null,"nearestRoad":null,"flu":null,"opportunityZone":null,"oz2Eligibility":null,"source":"nc-robeson-parcels-37155","appraiserUrl":"https://www.ustaxdata.com/nc/robeson/account.cfm?parcelID=231301002","gisViewerUrl":"https://maps2.roktech.net/ROKMAPS_Robeson/"},"geometry":{"type":"Polygon","coordinates":[[[-79.318887,34.780848],[-79.31891,34.780987],[-79.318932,34.781113],[-79.319086,34.781121],[-79.319347,34.781185],[-79.318887,34.780848]]]}},{"type":"Feature","id":"37155:930617826600","properties":{"id":"37155:930617826600","parcelId":"930617826600","countyFips":"37155","countyName":"Robeson","state":"North Carolina","marketIds":["Wilmington"],"situsAddress":"58 CLOVE RD","situsCity":null,"situsZip":null,"jurisdictionCode":null,"ownerName":"LEACH DAVID HEIRS","ownerName2":"C/O DAVID INGRAM","propertyName":null,"zoningCode":null,"zoningDistrict":null,"jurisdictionPrefix":null,"dorCode":"V-10","acreage":15.0,"centroid":[-79.326501,34.758652],"lastSale":{"date":"2005-01-01","price":null,"qualified":null},"tax":{"marketValue":null,"assessedValue":null,"taxableValue":null,"taxes":null},"mailingAddress":{"line1":"307 WEST 139TH STREET","line2":"APT 5","city":"NEW YORK","state":"NY","zip":"10030"},"incomeTract":null,"incomeBlockGroup":null,"nearestRoad":null,"flu":null,"opportunityZone":null,"oz2Eligibility":null,"source":"nc-robeson-parcels-37155","appraiserUrl":"https://www.ustaxdata.com/nc/robeson/account.cfm?parcelID=11030200104","gisViewerUrl":"https://maps2.roktech.net/ROKMAPS_Robeson/"},"geometry":{"type":"Polygon","coordinates":[[[-79.325648,34.757393],[-79.325756,34.757515],[-79.325987,34.757827],[-79.326024,34.757918],[-79.325996,34.758102],[-79.326044,34.758267],[-79.326026,34.758349],[-79.325903,34.758471],[-79.325847,34.758498],[-79.325794,34.758485],[-79.325722,34.758432],[-79.325313,34.757869],[-79.325236,34.757832],[-79.325108,34.757818],[-79.324996,34.757866],[-79.324926,34.757957],[-79.324935,34.758058],[-79.324997,34.758168],[-79.325205,34.758258],[-79.325366,34.758249],[-79.325392,34.75827],[-79.325436,34.758462],[-79.325476,34.758501],[-79.325567,34.758531],[-79.325594,34.758571],[-79.325501,34.758757],[-79.325504,34.75881],[-79.325441,34.758949],[-79.325289,34.75903],[-79.325096,34.758983],[-79.324958,34.758901],[-79.324725,34.758697],[-79.324674,34.758696],[-79.324587,34.758731],[-79.324564,34.758783],[-79.32462,34.759125],[-79.324601,34.759286],[-79.324523,34.759411],[-79.324505,34.759632],[-79.324478,34.75969],[-79.324642,34.759861],[-79.324813,34.759911],[-79.327884,34.759589],[-79.328524,34.759307],[-79.328519,34.757494],[-79.325648,34.757393]]]}},{"type":"Feature","id":"37155:932702720000","properties":{"id":"37155:932702720000","parcelId":"932702720000","countyFips":"37155","countyName":"Robeson","state":"North Carolina","marketIds":["Wilmington"],"situsAddress":".","situsCity":null,"situsZip":null,"jurisdictionCode":null,"ownerName":"OXENDINE BELTON R & CONNIE","ownerName2":null,"propertyName":null,"zoningCode":null,"zoningDistrict":null,"jurisdictionPrefix":null,"dorCode":"V-20","acreage":73.89,"centroid":[-79.264181,34.771416],"lastSale":{"date":"2008-04-29","price":null,"qualified":null},"tax":{"marketValue":null,"assessedValue":null,"taxableValue":null,"taxes":null},"mailingAddress":{"line1":"220 ZADIE DRIVE","line2":null,"city":"MAXTON","state":"NC","zip":"28364"},"incomeTract":null,"incomeBlockGroup":null,"nearestRoad":null,"flu":null,"opportunityZone":null,"oz2Eligibility":null,"source":"nc-robeson-parcels-37155","appraiserUrl":"https://www.ustaxdata.com/nc/robeson/account.cfm?parcelID=23150102303A","gisViewerUrl":"https://maps2.roktech.net/ROKMAPS_Robeson/"},"geometry":{"type":"MultiPolygon","coordinates":[[[[-79.261732,34.77431],[-79.2625,34.774339],[-79.262709,34.774546],[-79.263235,34.774686],[-79.263795,34.774771],[-79.266545,34.773338],[-79.267344,34.770529],[-79.267278,34.769318],[-79.268255,34.768571],[-79.268276,34.768195],[-79.265619,34.767591],[-79.26532,34.768473],[-79.264017,34.771761],[-79.261443,34.769628],[-79.260882,34.77033],[-79.261866,34.770867],[-79.260267,34.772818],[-79.261732,34.77431]]],[[[-79.260598,34.769555],[-79.26105,34.769821],[-79.261299,34.769508],[-79.26069,34.769004],[-79.260364,34.769826],[-79.260598,34.769555]]],[[[-79.260364,34.769826],[-79.260227,34.770173],[-79.260696,34.770264],[-79.260828,34.770098],[-79.260364,34.769826]]]]}},{"type":"Feature","id":"37155:930734784914","properties":{"id":"37155:930734784914","parcelId":"930734784914","countyFips":"37155","countyName":"Robeson","state":"North Carolina","marketIds":["Wilmington"],"situsAddress":"2740 NC 71 HWY","situsCity":null,"situsZip":null,"jurisdictionCode":null,"ownerName":"CARTER KATHLEEN H & ET ALS","ownerName2":null,"propertyName":null,"zoningCode":null,"zoningDistrict":null,"jurisdictionPrefix":null,"dorCode":"C-30","acreage":18.98,"centroid":[-79.320481,34.779622],"lastSale":{"date":"2012-03-01","price":null,"qualified":null},"tax":{"marketValue":null,"assessedValue":null,"taxableValue":null,"taxes":null},"mailingAddress":{"line1":"142 PARKWOOD DRIVE","line2":null,"city":"WILMINGTON","state":"NC","zip":"28409"},"incomeTract":null,"incomeBlockGroup":null,"nearestRoad":null,"flu":null,"opportunityZone":null,"oz2Eligibility":null,"source":"nc-robeson-parcels-37155","appraiserUrl":"https://www.ustaxdata.com/nc/robeson/account.cfm?parcelID=110102005","gisViewerUrl":"https://maps2.roktech.net/ROKMAPS_Robeson/"},"geometry":{"type":"MultiPolygon","coordinates":[[[[-79.319417,34.779957],[-79.319824,34.779358],[-79.320736,34.779882],[-79.319679,34.780922],[-79.318872,34.780758],[-79.318887,34.780848],[-79.319347,34.781185],[-79.321234,34.781637],[-79.322331,34.780622],[-79.321433,34.780072],[-79.322454,34.778585],[-79.321114,34.777607],[-79.320533,34.777868],[-79.319955,34.778098],[-79.320238,34.778622],[-79.3196,34.778857],[-79.319316,34.77833],[-79.318509,34.778608],[-79.318872,34.780758],[-79.319417,34.779957]]],[[[-79.320556,34.781921],[-79.320819,34.782043],[-79.321086,34.781773],[-79.319701,34.781445],[-79.319995,34.781661],[-79.320556,34.781921]]]]}},{"type":"Feature","id":"37155:931808057000","properties":{"id":"37155:931808057000","parcelId":"931808057000","countyFips":"37155","countyName":"Robeson","state":"North Carolina","marketIds":["Wilmington"],"situsAddress":"109 ROBERT ST","situsCity":null,"situsZip":null,"jurisdictionCode":null,"ownerName":"LOCKLEAR JOHN PAUL & VICTOR","ownerName2":null,"propertyName":null,"zoningCode":null,"zoningDistrict":null,"jurisdictionPrefix":null,"dorCode":"V-20","acreage":73.0,"centroid":[-79.300956,34.816822],"lastSale":{"date":"2004-01-01","price":null,"qualified":null},"tax":{"marketValue":null,"assessedValue":null,"taxableValue":null,"taxes":null},"mailingAddress":{"line1":"109 ROBERT ST","line2":null,"city":"CAMDEN","state":"NC","zip":"27921"},"incomeTract":null,"incomeBlockGroup":null,"nearestRoad":null,"flu":null,"opportunityZone":null,"oz2Eligibility":null,"source":"nc-robeson-parcels-37155","appraiserUrl":"https://www.ustaxdata.com/nc/robeson/account.cfm?parcelID=23020103017","gisViewerUrl":"https://maps2.roktech.net/ROKMAPS_Robeson/"},"geometry":{"type":"Polygon","coordinates":[[[-79.30294,34.81583],[-79.3029,34.81624],[-79.292887,34.815895],[-79.292779,34.817813],[-79.306902,34.818473],[-79.30733,34.81668],[-79.30294,34.81583]],[[-79.303795,34.81727],[-79.304661,34.817271],[-79.304661,34.817752],[-79.303794,34.817751],[-79.303795,34.81727]]]}},{"type":"Feature","id":"37155:931735982300","properties":{"id":"37155:931735982300","parcelId":"931735982300","countyFips":"37155","countyName":"Robeson","state":"North Carolina","marketIds":["Wilmington"],"situsAddress":"1378 DOC HENDERSON RD","situsCity":null,"situsZip":null,"jurisdictionCode":null,"ownerName":"LOCKLEAR PARNELL","ownerName2":null,"propertyName":null,"zoningCode":null,"zoningDistrict":null,"jurisdictionPrefix":null,"dorCode":"A-80","acreage":11.68,"centroid":[-79.286649,34.782282],"lastSale":{"date":"2006-12-29","price":null,"qualified":null},"tax":{"marketValue":null,"assessedValue":null,"taxableValue":null,"taxes":null},"mailingAddress":{"line1":"39 COREY RD","line2":null,"city":"MAXTON","state":"NC","zip":"28364"},"incomeTract":null,"incomeBlockGroup":null,"nearestRoad":null,"flu":null,"opportunityZone":null,"oz2Eligibility":null,"source":"nc-robeson-parcels-37155","appraiserUrl":"https://www.ustaxdata.com/nc/robeson/account.cfm?parcelID=23100100901","gisViewerUrl":"https://maps2.roktech.net/ROKMAPS_Robeson/"},"geometry":{"type":"Polygon","coordinates":[[[-79.285289,34.781519],[-79.286457,34.783615],[-79.288284,34.782897],[-79.286565,34.781097],[-79.285289,34.781519]]]}},{"type":"Feature","id":"37155:931678523116","properties":{"id":"37155:931678523116","parcelId":"931678523116","countyFips":"37155","countyName":"Robeson","state":"North Carolina","marketIds":["Wilmington"],"situsAddress":"OLD RED SPRINGS RD","situsCity":null,"situsZip":null,"jurisdictionCode":null,"ownerName":"LOCKLEAR WILLIAM R & WF","ownerName2":"LOCKLEAR TERESA","propertyName":null,"zoningCode":null,"zoningDistrict":null,"jurisdictionPrefix":null,"dorCode":"V-40","acreage":41.82,"centroid":[-79.273883,34.761291],"lastSale":{"date":"2010-08-09","price":null,"qualified":null},"tax":{"marketValue":null,"assessedValue":null,"taxableValue":null,"taxes":null},"mailingAddress":{"line1":"492 KEVER RD","line2":null,"city":"MAXTON","state":"NC","zip":"28364"},"incomeTract":null,"incomeBlockGroup":null,"nearestRoad":null,"flu":null,"opportunityZone":null,"oz2Eligibility":null,"source":"nc-robeson-parcels-37155","appraiserUrl":"https://www.ustaxdata.com/nc/robeson/account.cfm?parcelID=231401004","gisViewerUrl":"https://maps2.roktech.net/ROKMAPS_Robeson/"},"geometry":{"type":"Polygon","coordinates":[[[-79.271238,34.76158],[-79.272646,34.762131],[-79.275505,34.763241],[-79.275847,34.763342],[-79.276238,34.763422],[-79.27652,34.763454],[-79.276864,34.763464],[-79.277445,34.76342],[-79.278017,34.763289],[-79.278589,34.763064],[-79.27481,34.759601],[-79.272277,34.759062],[-79.272204,34.759212],[-79.27221,34.759282],[-79.27218,34.759322],[-79.272163,34.759435],[-79.272099,34.75954],[-79.272069,34.759665],[-79.271958,34.75991],[-79.271819,34.760379],[-79.271426,34.761191],[-79.2713,34.761395],[-79.271238,34.76158]]]}},{"type":"Feature","id":"37155:931607901800","properties":{"id":"37155:931607901800","parcelId":"931607901800","countyFips":"37155","countyName":"Robeson","state":"North Carolina","marketIds":["Wilmington"],"situsAddress":"OLD RED SPRINGS RD","situsCity":null,"situsZip":null,"jurisdictionCode":null,"ownerName":"LOWERY JAMES E & WIFE EMMA","ownerName2":null,"propertyName":null,"zoningCode":null,"zoningDistrict":null,"jurisdictionPrefix":null,"dorCode":"V-20","acreage":25.0,"centroid":[-79.297257,34.757944],"lastSale":{"date":"2004-01-01","price":null,"qualified":null},"tax":{"marketValue":null,"assessedValue":null,"taxableValue":null,"taxes":null},"mailingAddress":{"line1":"1764 HEZEKIAH RD","line2":null,"city":"MAXTON","state":"NC","zip":"28364"},"incomeTract":null,"incomeBlockGroup":null,"nearestRoad":null,"flu":null,"opportunityZone":null,"oz2Eligibility":null,"source":"nc-robeson-parcels-37155","appraiserUrl":"https://www.ustaxdata.com/nc/robeson/account.cfm?parcelID=23170101510","gisViewerUrl":"https://maps2.roktech.net/ROKMAPS_Robeson/"},"geometry":{"type":"Polygon","coordinates":[[[-79.292969,34.758324],[-79.296143,34.759875],[-79.297638,34.758642],[-79.297985,34.758907],[-79.300145,34.758202],[-79.299986,34.757946],[-79.299151,34.757085],[-79.299,34.75687],[-79.297103,34.75782],[-79.296881,34.757787],[-79.29656,34.757613],[-79.296361,34.757575],[-79.296001,34.757454],[-79.295674,34.757114],[-79.292969,34.758324]]]}},{"type":"Feature","id":"37155:931933709200","properties":{"id":"37155:931933709200","parcelId":"931933709200","countyFips":"37155","countyName":"Robeson","state":"North Carolina","marketIds":["Wilmington"],"situsAddress":".","situsCity":null,"situsZip":null,"jurisdictionCode":null,"ownerName":"SCOTT LLOYD ALLEN","ownerName2":null,"propertyName":null,"zoningCode":null,"zoningDistrict":null,"jurisdictionPrefix":null,"dorCode":"V-00","acreage":8.44,"centroid":[-79.287454,34.829573],"lastSale":{"date":"2014-08-14","price":null,"qualified":null},"tax":{"marketValue":null,"assessedValue":null,"taxableValue":null,"taxes":null},"mailingAddress":{"line1":"PO BOX 939","line2":null,"city":"RED SPRINGS","state":"NC","zip":"28377"},"incomeTract":null,"incomeBlockGroup":null,"nearestRoad":null,"flu":null,"opportunityZone":null,"oz2Eligibility":null,"source":"nc-robeson-parcels-37155","appraiserUrl":"https://www.ustaxdata.com/nc/robeson/account.cfm?parcelID=230301002","gisViewerUrl":"https://maps2.roktech.net/ROKMAPS_Robeson/"},"geometry":{"type":"Polygon","coordinates":[[[-79.285452,34.829113],[-79.286217,34.830094],[-79.289055,34.83003],[-79.289094,34.829054],[-79.285452,34.829113]]]}},{"type":"Feature","id":"37155:931980724900","properties":{"id":"37155:931980724900","parcelId":"931980724900","countyFips":"37155","countyName":"Robeson","state":"North Carolina","marketIds":["Wilmington"],"situsAddress":"OXENDINE SCHOOL RD","situsCity":null,"situsZip":null,"jurisdictionCode":null,"ownerName":"LOCKLEAR BUNDY ROSS & CHERYL","ownerName2":null,"propertyName":null,"zoningCode":null,"zoningDistrict":null,"jurisdictionPrefix":null,"dorCode":"V-40","acreage":116.75,"centroid":[-79.274255,34.819473],"lastSale":{"date":"2014-10-17","price":null,"qualified":null},"tax":{"marketValue":null,"assessedValue":null,"taxableValue":null,"taxes":null},"mailingAddress":{"line1":"P O BOX 176","line2":null,"city":"PEMBROKE","state":"NC","zip":"28372"},"incomeTract":null,"incomeBlockGroup":null,"nearestRoad":null,"flu":null,"opportunityZone":null,"oz2Eligibility":null,"source":"nc-robeson-parcels-37155","appraiserUrl":"https://www.ustaxdata.com/nc/robeson/account.cfm?parcelID=230301014","gisViewerUrl":"https://maps2.roktech.net/ROKMAPS_Robeson/"},"geometry":{"type":"Polygon","coordinates":[[[-79.267495,34.820969],[-79.267589,34.8213],[-79.269152,34.826636],[-79.274989,34.824079],[-79.273193,34.821876],[-79.273978,34.821286],[-79.277385,34.818623],[-79.276971,34.81853],[-79.276855,34.818557],[-79.276351,34.818613],[-79.276268,34.818606],[-79.276159,34.81863],[-79.275995,34.818509],[-79.275646,34.818338],[-79.275565,34.818281],[-79.275127,34.818344],[-79.274938,34.818304],[-79.274487,34.818049],[-79.274375,34.817971],[-79.274267,34.81786],[-79.273656,34.817645],[-79.273173,34.817402],[-79.267495,34.820969]]]}},{"type":"Feature","id":"37155:932821306651","properties":{"id":"37155:932821306651","parcelId":"932821306651","countyFips":"37155","countyName":"Robeson","state":"North Carolina","marketIds":["Wilmington"],"situsAddress":"NC 71 HWY","situsCity":null,"situsZip":null,"jurisdictionCode":null,"ownerName":"LOCKLEAR MARY ELIZABETH","ownerName2":null,"propertyName":null,"zoningCode":null,"zoningDistrict":null,"jurisdictionPrefix":null,"dorCode":"V-00","acreage":10.0,"centroid":[-79.258444,34.797123],"lastSale":{"date":"2016-06-08","price":null,"qualified":null},"tax":{"marketValue":null,"assessedValue":null,"taxableValue":null,"taxes":null},"mailingAddress":{"line1":"225 CROATAN DRIVE","line2":null,"city":"MAXTON","state":"NC","zip":"28364"},"incomeTract":null,"incomeBlockGroup":null,"nearestRoad":null,"flu":null,"opportunityZone":null,"oz2Eligibility":null,"source":"nc-robeson-parcels-37155","appraiserUrl":"https://www.ustaxdata.com/nc/robeson/account.cfm?parcelID=23110100304","gisViewerUrl":"https://maps2.roktech.net/ROKMAPS_Robeson/"},"geometry":{"type":"Polygon","coordinates":[[[-79.257269,34.797445],[-79.258214,34.797725],[-79.258655,34.797696],[-79.258811,34.797708],[-79.260675,34.795713],[-79.257043,34.796448],[-79.257269,34.797445]]]}},{"type":"Feature","id":"37155:839688818300","properties":{"id":"37155:839688818300","parcelId":"839688818300","countyFips":"37155","countyName":"Robeson","state":"North Carolina","marketIds":["Wilmington"],"situsAddress":"281 BRYANTS CIR","situsCity":null,"situsZip":null,"jurisdictionCode":null,"ownerName":"DIAL ORAL LAGRAND","ownerName2":null,"propertyName":null,"zoningCode":null,"zoningDistrict":null,"jurisdictionPrefix":null,"dorCode":"D-10","acreage":6.72,"centroid":[-79.336598,34.760628],"lastSale":{"date":"2004-01-01","price":null,"qualified":null},"tax":{"marketValue":null,"assessedValue":null,"taxableValue":null,"taxes":null},"mailingAddress":{"line1":"281 BRYANT CIRCLE","line2":null,"city":"MAXTON","state":"NC","zip":"28364"},"incomeTract":null,"incomeBlockGroup":null,"nearestRoad":null,"flu":null,"opportunityZone":null,"oz2Eligibility":null,"source":"nc-robeson-parcels-37155","appraiserUrl":"https://www.ustaxdata.com/nc/robeson/account.cfm?parcelID=110201050","gisViewerUrl":"https://maps2.roktech.net/ROKMAPS_Robeson/"},"geometry":{"type":"Polygon","coordinates":[[[-79.335559,34.760219],[-79.336388,34.762],[-79.337265,34.761988],[-79.337468,34.760023],[-79.336997,34.760008],[-79.336507,34.760042],[-79.336001,34.760114],[-79.335559,34.760219]]]}},{"type":"Feature","id":"37155:930930704000","properties":{"id":"37155:930930704000","parcelId":"930930704000","countyFips":"37155","countyName":"Robeson","state":"North Carolina","marketIds":["Wilmington"],"situsAddress":"268 JONATHAN ST","situsCity":null,"situsZip":null,"jurisdictionCode":null,"ownerName":"CHAVIS RICKY & WF","ownerName2":"CHAVIS SHEILA O","propertyName":null,"zoningCode":null,"zoningDistrict":null,"jurisdictionPrefix":null,"dorCode":"V-20","acreage":27.73,"centroid":[-79.320408,34.821515],"lastSale":{"date":"2001-01-01","price":null,"qualified":null},"tax":{"marketValue":null,"assessedValue":null,"taxableValue":null,"taxes":null},"mailingAddress":{"line1":"268 JONATHAN ST","line2":null,"city":"MAXTON","state":"NC","zip":"28364"},"incomeTract":null,"incomeBlockGroup":null,"nearestRoad":null,"flu":null,"opportunityZone":null,"oz2Eligibility":null,"source":"nc-robeson-parcels-37155","appraiserUrl":"https://www.ustaxdata.com/nc/robeson/account.cfm?parcelID=23020103012A","gisViewerUrl":"https://maps2.roktech.net/ROKMAPS_Robeson/"},"geometry":{"type":"Polygon","coordinates":[[[-79.318396,34.819128],[-79.319304,34.821174],[-79.319728,34.82213],[-79.320437,34.823468],[-79.322037,34.823283],[-79.322545,34.819907],[-79.318396,34.819128]]]}},{"type":"Feature","id":"37155:839862748000","properties":{"id":"37155:839862748000","parcelId":"839862748000","countyFips":"37155","countyName":"Robeson","state":"North Carolina","marketIds":["Wilmington"],"situsAddress":".","situsCity":null,"situsZip":null,"jurisdictionCode":null,"ownerName":"THE LUMBER RIVER CONSERVANCY","ownerName2":null,"propertyName":null,"zoningCode":null,"zoningDistrict":null,"jurisdictionPrefix":null,"dorCode":"E-80","acreage":61.16,"centroid":[-79.345608,34.79885],"lastSale":{"date":"2005-12-29","price":null,"qualified":null},"tax":{"marketValue":null,"assessedValue":null,"taxableValue":null,"taxes":null},"mailingAddress":{"line1":"P O BOX 1368","line2":null,"city":"LUMBERTON","state":"NC","zip":"28359"},"incomeTract":null,"incomeBlockGroup":null,"nearestRoad":null,"flu":null,"opportunityZone":null,"oz2Eligibility":null,"source":"nc-robeson-parcels-37155","appraiserUrl":"https://www.ustaxdata.com/nc/robeson/account.cfm?parcelID=230902020","gisViewerUrl":"https://maps2.roktech.net/ROKMAPS_Robeson/"},"geometry":{"type":"Polygon","coordinates":[[[-79.342103,34.803396],[-79.342829,34.803803],[-79.347141,34.800619],[-79.347064,34.800606],[-79.346896,34.800631],[-79.346529,34.800533],[-79.346263,34.8003],[-79.346238,34.800092],[-79.346789,34.79955],[-79.346824,34.799366],[-79.346827,34.799189],[-79.346635,34.798648],[-79.346572,34.79855],[-79.346529,34.798392],[-79.346601,34.798194],[-79.346575,34.798098],[-79.346406,34.797852],[-79.346352,34.797832],[-79.34634,34.797768],[-79.346363,34.797683],[-79.346327,34.797589],[-79.346135,34.797571],[-79.345955,34.797764],[-79.345871,34.797779],[-79.345799,34.797858],[-79.345733,34.797883],[-79.34569,34.797844],[-79.345702,34.797745],[-79.345681,34.797714],[-79.345645,34.797714],[-79.345603,34.797759],[-79.345519,34.797784],[-79.345471,34.797764],[-79.345507,34.797645],[-79.340835,34.798554],[-79.34096,34.799243],[-79.341186,34.80012],[-79.342103,34.803396]]]}},{"type":"Feature","id":"37155:930943638600","properties":{"id":"37155:930943638600","parcelId":"930943638600","countyFips":"37155","countyName":"Robeson","state":"North Carolina","marketIds":["Wilmington"],"situsAddress":"MCGIRT GIN RD","situsCity":null,"situsZip":null,"jurisdictionCode":null,"ownerName":"SCOTT BRUCE A & MELINDA J","ownerName2":null,"propertyName":null,"zoningCode":null,"zoningDistrict":null,"jurisdictionPrefix":null,"dorCode":"V-80","acreage":5.0,"centroid":[-79.317518,34.830551],"lastSale":{"date":"2006-06-01","price":null,"qualified":null},"tax":{"marketValue":null,"assessedValue":null,"taxableValue":null,"taxes":null},"mailingAddress":{"line1":"PO BOX 695","line2":null,"city":"PEMBROKE","state":"NC","zip":"28372"},"incomeTract":null,"incomeBlockGroup":null,"nearestRoad":null,"flu":null,"opportunityZone":null,"oz2Eligibility":null,"source":"nc-robeson-parcels-37155","appraiserUrl":"https://www.ustaxdata.com/nc/robeson/account.cfm?parcelID=23010100715","gisViewerUrl":"https://maps2.roktech.net/ROKMAPS_Robeson/"},"geometry":{"type":"Polygon","coordinates":[[[-79.316406,34.830241],[-79.317045,34.831045],[-79.317147,34.831174],[-79.318866,34.830613],[-79.318125,34.82968],[-79.316406,34.830241]]]}},{"type":"Feature","id":"37155:930776833500","properties":{"id":"37155:930776833500","parcelId":"930776833500","countyFips":"37155","countyName":"Robeson","state":"North Carolina","marketIds":["Wilmington"],"situsAddress":".","situsCity":null,"situsZip":null,"jurisdictionCode":null,"ownerName":"CURRIE JANET CONOLY","ownerName2":null,"propertyName":null,"zoningCode":null,"zoningDistrict":null,"jurisdictionPrefix":null,"dorCode":"V-40","acreage":141.65,"centroid":[-79.309531,34.784346],"lastSale":{"date":"2013-01-16","price":null,"qualified":null},"tax":{"marketValue":null,"assessedValue":null,"taxableValue":null,"taxes":null},"mailingAddress":{"line1":"P O  BOX 710","line2":null,"city":"RED SPRINGS","state":"NC","zip":"28377"},"incomeTract":null,"incomeBlockGroup":null,"nearestRoad":null,"flu":null,"opportunityZone":null,"oz2Eligibility":null,"source":"nc-robeson-parcels-37155","appraiserUrl":"https://www.ustaxdata.com/nc/robeson/account.cfm?parcelID=23130101101","gisViewerUrl":"https://maps2.roktech.net/ROKMAPS_Robeson/"},"geometry":{"type":"Polygon","coordinates":[[[-79.312533,34.780389],[-79.311662,34.780602],[-79.301,34.783225],[-79.301477,34.784134],[-79.303765,34.785074],[-79.303313,34.788796],[-79.305998,34.789003],[-79.307199,34.788516],[-79.307659,34.788296],[-79.30801,34.78737],[-79.30747,34.78632],[-79.307036,34.786093],[-79.307327,34.785462],[-79.314364,34.783745],[-79.31405,34.783241],[-79.314397,34.783145],[-79.314236,34.782886],[-79.314491,34.782824],[-79.314127,34.78221],[-79.313708,34.782317],[-79.313143,34.780926],[-79.312722,34.781028],[-79.312533,34.780389]],[[-79.310887,34.781362],[-79.311517,34.782201],[-79.310516,34.782448],[-79.309885,34.781609],[-79.310887,34.781362]]]}},{"type":"Feature","id":"37155:932741044544","properties":{"id":"37155:932741044544","parcelId":"932741044544","countyFips":"37155","countyName":"Robeson","state":"North Carolina","marketIds":["Wilmington"],"situsAddress":"1340 PROSPECT RD","situsCity":null,"situsZip":null,"jurisdictionCode":null,"ownerName":"A & C LOCKLEAR BROTHERS FARM","ownerName2":"LLC","propertyName":null,"zoningCode":null,"zoningDistrict":null,"jurisdictionPrefix":null,"dorCode":"V-20","acreage":34.23,"centroid":[-79.253419,34.77057],"lastSale":{"date":"2012-04-17","price":null,"qualified":null},"tax":{"marketValue":null,"assessedValue":null,"taxableValue":null,"taxes":null},"mailingAddress":{"line1":"5302 OLD RED SPRINGS ROAD","line2":null,"city":"MAXTON","state":"NC","zip":"28364"},"incomeTract":null,"incomeBlockGroup":null,"nearestRoad":null,"flu":null,"opportunityZone":null,"oz2Eligibility":null,"source":"nc-robeson-parcels-37155","appraiserUrl":"https://www.ustaxdata.com/nc/robeson/account.cfm?parcelID=231501023","gisViewerUrl":"https://maps2.roktech.net/ROKMAPS_Robeson/"},"geometry":{"type":"Polygon","coordinates":[[[-79.254572,34.772326],[-79.25508,34.772512],[-79.255268,34.772482],[-79.255899,34.771941],[-79.253071,34.767725],[-79.251941,34.768336],[-79.25255,34.768935],[-79.248971,34.770301],[-79.254572,34.772326]]]}},{"type":"Feature","id":"37155:930771882400","properties":{"id":"37155:930771882400","parcelId":"930771882400","countyFips":"37155","countyName":"Robeson","state":"North Carolina","marketIds":["Wilmington"],"situsAddress":"435 WILD PLUM RD","situsCity":null,"situsZip":null,"jurisdictionCode":null,"ownerName":"JONES BRACY JR","ownerName2":"JONES HOYLAND J","propertyName":null,"zoningCode":null,"zoningDistrict":null,"jurisdictionPrefix":null,"dorCode":"V-00","acreage":7.34,"centroid":[-79.307999,34.770923],"lastSale":{"date":"2006-08-30","price":null,"qualified":null},"tax":{"marketValue":null,"assessedValue":null,"taxableValue":null,"taxes":null},"mailingAddress":{"line1":"435 WILD PLUM RD","line2":null,"city":"MAXTON","state":"NC","zip":"28364"},"incomeTract":null,"incomeBlockGroup":null,"nearestRoad":null,"flu":null,"opportunityZone":null,"oz2Eligibility":null,"source":"nc-robeson-parcels-37155","appraiserUrl":"https://www.ustaxdata.com/nc/robeson/account.cfm?parcelID=23130102312","gisViewerUrl":"https://maps2.roktech.net/ROKMAPS_Robeson/"},"geometry":{"type":"Polygon","coordinates":[[[-79.304265,34.771973],[-79.304491,34.772423],[-79.308787,34.770943],[-79.308645,34.770743],[-79.309872,34.770321],[-79.309791,34.77021],[-79.309111,34.770438],[-79.309033,34.770331],[-79.304265,34.771973]]]}},{"type":"Feature","id":"37155:839666997710","properties":{"id":"37155:839666997710","parcelId":"839666997710","countyFips":"37155","countyName":"Robeson","state":"North Carolina","marketIds":["Wilmington"],"situsAddress":"NC HWY 71","situsCity":null,"situsZip":null,"jurisdictionCode":null,"ownerName":"BAUCOM INVESTMENTS, LLC","ownerName2":null,"propertyName":null,"zoningCode":null,"zoningDistrict":null,"jurisdictionPrefix":null,"dorCode":"V-20","acreage":26.03,"centroid":[-79.341672,34.75799],"lastSale":{"date":"2012-12-31","price":null,"qualified":null},"tax":{"marketValue":null,"assessedValue":null,"taxableValue":null,"taxes":null},"mailingAddress":{"line1":"9611 MORGAN MILL RD","line2":null,"city":"MONROE","state":"NC","zip":"28110"},"incomeTract":null,"incomeBlockGroup":null,"nearestRoad":null,"flu":null,"opportunityZone":null,"oz2Eligibility":null,"source":"nc-robeson-parcels-37155","appraiserUrl":"https://www.ustaxdata.com/nc/robeson/account.cfm?parcelID=11030100141","gisViewerUrl":"https://maps2.roktech.net/ROKMAPS_Robeson/"},"geometry":{"type":"Polygon","coordinates":[[[-79.342749,34.759403],[-79.342915,34.759508],[-79.343645,34.758688],[-79.344809,34.759385],[-79.345945,34.758093],[-79.341707,34.755756],[-79.341253,34.757086],[-79.340615,34.756933],[-79.340595,34.756991],[-79.340525,34.7572],[-79.341169,34.757352],[-79.340987,34.75788],[-79.340824,34.757842],[-79.340682,34.758208],[-79.34022,34.7581],[-79.340187,34.758201],[-79.340766,34.758338],[-79.341054,34.758465],[-79.341127,34.758383],[-79.342749,34.759403]]]}},{"type":"Feature","id":"37155:930933271128","properties":{"id":"37155:930933271128","parcelId":"930933271128","countyFips":"37155","countyName":"Robeson","state":"North Carolina","marketIds":["Wilmington"],"situsAddress":"1045 MCGIRT GIN RD","situsCity":null,"situsZip":null,"jurisdictionCode":null,"ownerName":"COLLINS ROBERT & MAGGIE 1/2 IN","ownerName2":"DR HERMAN CHAVIS 1/2 INT","propertyName":null,"zoningCode":null,"zoningDistrict":null,"jurisdictionPrefix":null,"dorCode":"A-80","acreage":148.91,"centroid":[-79.319588,34.830323],"lastSale":{"date":"2001-01-01","price":null,"qualified":null},"tax":{"marketValue":null,"assessedValue":null,"taxableValue":null,"taxes":null},"mailingAddress":{"line1":"6749 CHICKEN RD NORTH","line2":null,"city":"LUMBERTON","state":"NC","zip":"28360"},"incomeTract":null,"incomeBlockGroup":null,"nearestRoad":null,"flu":null,"opportunityZone":null,"oz2Eligibility":null,"source":"nc-robeson-parcels-37155","appraiserUrl":"https://www.ustaxdata.com/nc/robeson/account.cfm?parcelID=230101007","gisViewerUrl":"https://maps2.roktech.net/ROKMAPS_Robeson/"},"geometry":{"type":"MultiPolygon","coordinates":[[[[-79.317158,34.831188],[-79.317232,34.831281],[-79.317971,34.832212],[-79.32116,34.831512],[-79.320698,34.830781],[-79.321179,34.830665],[-79.321646,34.831405],[-79.323528,34.830994],[-79.322555,34.829459],[-79.323301,34.829204],[-79.322243,34.827301],[-79.314191,34.827451],[-79.316406,34.830241],[-79.318125,34.82968],[-79.318866,34.830613],[-79.317147,34.831174],[-79.317158,34.831188]]],[[[-79.321794,34.833061],[-79.321675,34.83332],[-79.321449,34.833818],[-79.325052,34.834968],[-79.324564,34.835842],[-79.325365,34.836091],[-79.327376,34.836773],[-79.329754,34.832126],[-79.327238,34.831394],[-79.327656,34.830645],[-79.327455,34.830162],[-79.327288,34.830207],[-79.327463,34.830639],[-79.327185,34.831138],[-79.326112,34.830784],[-79.324507,34.832459],[-79.324045,34.831049],[-79.323485,34.831173],[-79.323696,34.831974],[-79.322752,34.832143],[-79.32255,34.831376],[-79.320978,34.831723],[-79.322309,34.83193],[-79.321794,34.833061]]],[[[-79.320409,34.83246],[-79.320862,34.831748],[-79.319997,34.831938],[-79.320254,34.832703],[-79.320409,34.83246]]],[[[-79.320254,34.832703],[-79.319764,34.832813],[-79.319786,34.833436],[-79.319928,34.833214],[-79.320254,34.832703]]]]}},{"type":"Feature","id":"37155:930944148000","properties":{"id":"37155:930944148000","parcelId":"930944148000","countyFips":"37155","countyName":"Robeson","state":"North Carolina","marketIds":["Wilmington"],"situsAddress":"MCGIRT GIN RD","situsCity":null,"situsZip":null,"jurisdictionCode":null,"ownerName":"SCOTT JAMES ALLEN","ownerName2":null,"propertyName":null,"zoningCode":null,"zoningDistrict":null,"jurisdictionPrefix":null,"dorCode":"C-92","acreage":5.26,"centroid":[-79.319461,34.833382],"lastSale":{"date":"2001-01-01","price":null,"qualified":null},"tax":{"marketValue":null,"assessedValue":null,"taxableValue":null,"taxes":null},"mailingAddress":{"line1":"PO BOX 783","line2":null,"city":"MAXTON","state":"NC","zip":"28364"},"incomeTract":null,"incomeBlockGroup":null,"nearestRoad":null,"flu":null,"opportunityZone":null,"oz2Eligibility":null,"source":"nc-robeson-parcels-37155","appraiserUrl":"https://www.ustaxdata.com/nc/robeson/account.cfm?parcelID=23010100706","gisViewerUrl":"https://maps2.roktech.net/ROKMAPS_Robeson/"},"geometry":{"type":"Polygon","coordinates":[[[-79.319247,34.834295],[-79.31971,34.834644],[-79.319727,34.834171],[-79.319786,34.833436],[-79.319764,34.832813],[-79.319514,34.832043],[-79.318478,34.832271],[-79.319247,34.834295]]]}},{"type":"Feature","id":"37155:932922600000","properties":{"id":"37155:932922600000","parcelId":"932922600000","countyFips":"37155","countyName":"Robeson","state":"North Carolina","marketIds":["Wilmington"],"situsAddress":"95 CHERYL LYNNS DRIVE","situsCity":null,"situsZip":null,"jurisdictionCode":null,"ownerName":"COLLINS RACHEAL A","ownerName2":null,"propertyName":null,"zoningCode":null,"zoningDistrict":null,"jurisdictionPrefix":null,"dorCode":"D-10","acreage":6.91,"centroid":[-79.258253,34.82712],"lastSale":{"date":"2015-10-01","price":null,"qualified":null},"tax":{"marketValue":null,"assessedValue":null,"taxableValue":null,"taxes":null},"mailingAddress":{"line1":"P O BOX 21","line2":null,"city":"RED SPRINGS","state":"NC","zip":"28377"},"incomeTract":null,"incomeBlockGroup":null,"nearestRoad":null,"flu":null,"opportunityZone":null,"oz2Eligibility":null,"source":"nc-robeson-parcels-37155","appraiserUrl":"https://www.ustaxdata.com/nc/robeson/account.cfm?parcelID=23030101101","gisViewerUrl":"https://maps2.roktech.net/ROKMAPS_Robeson/"},"geometry":{"type":"Polygon","coordinates":[[[-79.256332,34.826433],[-79.258185,34.827865],[-79.25847,34.827293],[-79.25909,34.827772],[-79.25925,34.827451],[-79.258193,34.825906],[-79.256332,34.826433]]]}},{"type":"Feature","id":"37155:839954163742","properties":{"id":"37155:839954163742","parcelId":"839954163742","countyFips":"37155","countyName":"Robeson","state":"North Carolina","marketIds":["Wilmington"],"situsAddress":".","situsCity":null,"situsZip":null,"jurisdictionCode":null,"ownerName":"LOCKLEAR CARLON & GERDIE","ownerName2":null,"propertyName":null,"zoningCode":null,"zoningDistrict":null,"jurisdictionPrefix":null,"dorCode":"V-20","acreage":29.27,"centroid":[-79.350564,34.83353],"lastSale":{"date":"2004-01-01","price":null,"qualified":null},"tax":{"marketValue":null,"assessedValue":null,"taxableValue":null,"taxes":null},"mailingAddress":{"line1":"4445 MCGIRT RD","line2":null,"city":"MAXTON","state":"NC","zip":"28364"},"incomeTract":null,"incomeBlockGroup":null,"nearestRoad":null,"flu":null,"opportunityZone":null,"oz2Eligibility":null,"source":"nc-robeson-parcels-37155","appraiserUrl":"https://www.ustaxdata.com/nc/robeson/account.cfm?parcelID=23010101501","gisViewerUrl":"https://maps2.roktech.net/ROKMAPS_Robeson/"},"geometry":{"type":"Polygon","coordinates":[[[-79.347574,34.834277],[-79.347296,34.834881],[-79.346933,34.835238],[-79.346777,34.835639],[-79.350269,34.83591],[-79.350167,34.835848],[-79.349983,34.835873],[-79.349827,34.835749],[-79.349761,34.835654],[-79.349786,34.835526],[-79.349854,34.835385],[-79.350149,34.835181],[-79.350485,34.835067],[-79.350775,34.835068],[-79.350893,34.835088],[-79.350951,34.835056],[-79.35095,34.83499],[-79.350999,34.834943],[-79.350981,34.834808],[-79.350817,34.834626],[-79.350784,34.834483],[-79.35082,34.834128],[-79.350926,34.833938],[-79.351166,34.833776],[-79.351261,34.833736],[-79.351434,34.833768],[-79.351687,34.833936],[-79.35182,34.833929],[-79.351862,34.833867],[-79.351839,34.833763],[-79.351721,34.833657],[-79.351551,34.833593],[-79.351377,34.833367],[-79.351124,34.833253],[-79.350974,34.833162],[-79.350855,34.833025],[-79.350854,34.832807],[-79.350883,34.832705],[-79.35098,34.832623],[-79.351276,34.832595],[-79.351665,34.832727],[-79.351791,34.832707],[-79.35184,34.832625],[-79.35194,34.832616],[-79.352018,34.832549],[-79.352052,34.832456],[-79.351982,34.832385],[-79.351942,34.832263],[-79.351783,34.832241],[-79.351737,34.832284],[-79.351761,34.832319],[-79.351666,34.832402],[-79.351525,34.8324],[-79.351482,34.832362],[-79.351387,34.832416],[-79.351333,34.832414],[-79.35118,34.832252],[-79.351116,34.832103],[-79.351126,34.831946],[-79.351318,34.831788],[-79.351381,34.831772],[-79.35006,34.831469],[-79.349565,34.832042],[-79.3494,34.832339],[-79.349297,34.83243],[-79.34927,34.832663],[-79.34918,34.832775],[-79.349027,34.832833],[-79.34881,34.832866],[-79.348261,34.83324],[-79.348033,34.833422],[-79.347929,34.833602],[-79.347924,34.834037],[-79.347574,34.834277]]]}},{"type":"Feature","id":"37155:931695061200","properties":{"id":"37155:931695061200","parcelId":"931695061200","countyFips":"37155","countyName":"Robeson","state":"North Carolina","marketIds":["Wilmington"],"situsAddress":"4283 PRESTON RD","situsCity":null,"situsZip":null,"jurisdictionCode":null,"ownerName":"MCGIRT ELIZABETH","ownerName2":null,"propertyName":null,"zoningCode":null,"zoningDistrict":null,"jurisdictionPrefix":null,"dorCode":"V-80","acreage":58.0,"centroid":[-79.268923,34.754924],"lastSale":{"date":"2014-12-31","price":null,"qualified":null},"tax":{"marketValue":null,"assessedValue":null,"taxableValue":null,"taxes":null},"mailingAddress":{"line1":"616 NORMAL ST","line2":null,"city":"PEMBROKE","state":"NC","zip":"28372"},"incomeTract":null,"incomeBlockGroup":null,"nearestRoad":null,"flu":null,"opportunityZone":null,"oz2Eligibility":null,"source":"nc-robeson-parcels-37155","appraiserUrl":"https://www.ustaxdata.com/nc/robeson/account.cfm?parcelID=231801001","gisViewerUrl":"https://maps2.roktech.net/ROKMAPS_Robeson/"},"geometry":{"type":"Polygon","coordinates":[[[-79.268258,34.757189],[-79.268274,34.75721],[-79.268506,34.757606],[-79.268921,34.758657],[-79.269105,34.759003],[-79.271409,34.755757],[-79.273335,34.753315],[-79.273483,34.753078],[-79.273598,34.752843],[-79.27389,34.752045],[-79.26601,34.751809],[-79.266151,34.752003],[-79.266441,34.752137],[-79.266663,34.754431],[-79.266722,34.754741],[-79.266817,34.755032],[-79.266983,34.755351],[-79.26737,34.755911],[-79.267599,34.755436],[-79.268258,34.757189]]]}},{"type":"Feature","id":"37155:930636957200","properties":{"id":"37155:930636957200","parcelId":"930636957200","countyFips":"37155","countyName":"Robeson","state":"North Carolina","marketIds":["Wilmington"],"situsAddress":".","situsCity":null,"situsZip":null,"jurisdictionCode":null,"ownerName":"TUSCARORA","ownerName2":null,"propertyName":null,"zoningCode":null,"zoningDistrict":null,"jurisdictionPrefix":null,"dorCode":"V-20","acreage":24.91,"centroid":[-79.323321,34.754572],"lastSale":{"date":"2015-01-09","price":null,"qualified":null},"tax":{"marketValue":null,"assessedValue":null,"taxableValue":null,"taxes":null},"mailingAddress":{"line1":"1349 MODEST RD","line2":null,"city":"MAXTON","state":"NC","zip":"28364"},"incomeTract":null,"incomeBlockGroup":null,"nearestRoad":null,"flu":null,"opportunityZone":null,"oz2Eligibility":null,"source":"nc-robeson-parcels-37155","appraiserUrl":"https://www.ustaxdata.com/nc/robeson/account.cfm?parcelID=11030204201","gisViewerUrl":"https://maps2.roktech.net/ROKMAPS_Robeson/"},"geometry":{"type":"Polygon","coordinates":[[[-79.320681,34.755454],[-79.320678,34.755463],[-79.320567,34.755915],[-79.320529,34.756297],[-79.321748,34.755644],[-79.321806,34.756186],[-79.324441,34.754771],[-79.324358,34.7547],[-79.324315,34.754486],[-79.324186,34.754362],[-79.323989,34.754309],[-79.323919,34.754161],[-79.323897,34.754054],[-79.324003,34.753899],[-79.324142,34.753841],[-79.324419,34.753865],[-79.324504,34.75384],[-79.324531,34.753803],[-79.324461,34.753729],[-79.324338,34.753676],[-79.324232,34.753549],[-79.320681,34.755454]]]}},{"type":"Feature","id":"37155:931867448600","properties":{"id":"37155:931867448600","parcelId":"931867448600","countyFips":"37155","countyName":"Robeson","state":"North Carolina","marketIds":["Wilmington"],"situsAddress":".","situsCity":null,"situsZip":null,"jurisdictionCode":null,"ownerName":"LOCKLEAR BRYAN MELVIN","ownerName2":null,"propertyName":null,"zoningCode":null,"zoningDistrict":null,"jurisdictionPrefix":null,"dorCode":"V-10","acreage":13.33,"centroid":[-79.278267,34.814398],"lastSale":{"date":"2015-04-20","price":null,"qualified":null},"tax":{"marketValue":null,"assessedValue":null,"taxableValue":null,"taxes":null},"mailingAddress":{"line1":"2514 DAWSON CABIN RD","line2":null,"city":"JACKSONVILLE","state":"NC","zip":"28540"},"incomeTract":null,"incomeBlockGroup":null,"nearestRoad":null,"flu":null,"opportunityZone":null,"oz2Eligibility":null,"source":"nc-robeson-parcels-37155","appraiserUrl":"https://www.ustaxdata.com/nc/robeson/account.cfm?parcelID=23070100501","gisViewerUrl":"https://maps2.roktech.net/ROKMAPS_Robeson/"},"geometry":{"type":"Polygon","coordinates":[[[-79.27532,34.814703],[-79.275233,34.815054],[-79.278675,34.814932],[-79.27864,34.81425],[-79.281365,34.814389],[-79.281549,34.81365],[-79.277089,34.813808],[-79.27532,34.814703]]]}},{"type":"Feature","id":"37155:930962855000","properties":{"id":"37155:930962855000","parcelId":"930962855000","countyFips":"37155","countyName":"Robeson","state":"North Carolina","marketIds":["Wilmington"],"situsAddress":"160 W 74 HWY","situsCity":null,"situsZip":null,"jurisdictionCode":null,"ownerName":"CARMICHAEL EDWARD T &","ownerName2":"CARMICHAEL DAVID A","propertyName":null,"zoningCode":null,"zoningDistrict":null,"jurisdictionPrefix":null,"dorCode":"V-40","acreage":139.0,"centroid":[-79.317608,34.832932],"lastSale":{"date":"2012-07-18","price":null,"qualified":null},"tax":{"marketValue":null,"assessedValue":null,"taxableValue":null,"taxes":null},"mailingAddress":{"line1":"P O BOX 1547","line2":null,"city":"LAURINBURG","state":"NC","zip":"28353"},"incomeTract":null,"incomeBlockGroup":null,"nearestRoad":null,"flu":null,"opportunityZone":null,"oz2Eligibility":null,"source":"nc-robeson-parcels-37155","appraiserUrl":"https://www.ustaxdata.com/nc/robeson/account.cfm?parcelID=230201027","gisViewerUrl":"https://maps2.roktech.net/ROKMAPS_Robeson/"},"geometry":{"type":"Polygon","coordinates":[[[-79.31775,34.833121],[-79.318221,34.833522],[-79.31744,34.832498],[-79.317022,34.832588],[-79.31775,34.833121]]]}},{"type":"Feature","id":"37155:930900996500","properties":{"id":"37155:930900996500","parcelId":"930900996500","countyFips":"37155","countyName":"Robeson","state":"North Carolina","marketIds":["Wilmington"],"situsAddress":"1594 LAKEWOOD FALLS","situsCity":null,"situsZip":null,"jurisdictionCode":null,"ownerName":"CREECH CAROLYN ANN","ownerName2":null,"propertyName":null,"zoningCode":null,"zoningDistrict":null,"jurisdictionPrefix":null,"dorCode":"V-40","acreage":100.0,"centroid":[-79.330321,34.824533],"lastSale":{"date":"2015-07-05","price":null,"qualified":null},"tax":{"marketValue":null,"assessedValue":null,"taxableValue":null,"taxes":null},"mailingAddress":{"line1":"452 LAKEWOOD FALLS RD","line2":null,"city":"GOLDSTON","state":"NC","zip":"27252"},"incomeTract":null,"incomeBlockGroup":null,"nearestRoad":null,"flu":null,"opportunityZone":null,"oz2Eligibility":null,"source":"nc-robeson-parcels-37155","appraiserUrl":"https://www.ustaxdata.com/nc/robeson/account.cfm?parcelID=23010100903","gisViewerUrl":"https://maps2.roktech.net/ROKMAPS_Robeson/"},"geometry":{"type":"Polygon","coordinates":[[[-79.329648,34.826222],[-79.329232,34.827107],[-79.329179,34.827219],[-79.334896,34.825695],[-79.333834,34.824577],[-79.332722,34.822892],[-79.33268,34.819837],[-79.325832,34.822514],[-79.324869,34.824737],[-79.329648,34.826222]]]}},{"type":"Feature","id":"37155:931687688300","properties":{"id":"37155:931687688300","parcelId":"931687688300","countyFips":"37155","countyName":"Robeson","state":"North Carolina","marketIds":["Wilmington"],"situsAddress":"OLD RED SPRINGS RD","situsCity":null,"situsZip":null,"jurisdictionCode":null,"ownerName":"BUIE ALBERT FRANKLIN JR &","ownerName2":"BUIE RICHARD NEIL","propertyName":null,"zoningCode":null,"zoningDistrict":null,"jurisdictionPrefix":null,"dorCode":"V-10","acreage":8.0,"centroid":[-79.271375,34.760068],"lastSale":{"date":"2015-12-31","price":null,"qualified":null},"tax":{"marketValue":null,"assessedValue":null,"taxableValue":null,"taxes":null},"mailingAddress":{"line1":"5013 PRESTON RD","line2":null,"city":"MAXTON","state":"NC","zip":"28364"},"incomeTract":null,"incomeBlockGroup":null,"nearestRoad":null,"flu":null,"opportunityZone":null,"oz2Eligibility":null,"source":"nc-robeson-parcels-37155","appraiserUrl":"https://www.ustaxdata.com/nc/robeson/account.cfm?parcelID=23140101503","gisViewerUrl":"https://maps2.roktech.net/ROKMAPS_Robeson/"},"geometry":{"type":"Polygon","coordinates":[[[-79.269138,34.760772],[-79.269173,34.760783],[-79.271238,34.76158],[-79.2713,34.761395],[-79.271426,34.761191],[-79.271819,34.760379],[-79.271958,34.75991],[-79.272069,34.759665],[-79.272099,34.75954],[-79.272163,34.759435],[-79.27218,34.759322],[-79.27221,34.759282],[-79.272204,34.759212],[-79.272277,34.759062],[-79.271414,34.759484],[-79.269337,34.760074],[-79.269138,34.760772]]]}},{"type":"Feature","id":"37155:930944581213","properties":{"id":"37155:930944581213","parcelId":"930944581213","countyFips":"37155","countyName":"Robeson","state":"North Carolina","marketIds":["Wilmington"],"situsAddress":"410 DIXON RD","situsCity":null,"situsZip":null,"jurisdictionCode":null,"ownerName":"LOCKLEAR GREGORY T","ownerName2":null,"propertyName":null,"zoningCode":null,"zoningDistrict":null,"jurisdictionPrefix":null,"dorCode":"A-20","acreage":25.01,"centroid":[-79.318335,34.834333],"lastSale":{"date":"2011-02-17","price":null,"qualified":null},"tax":{"marketValue":null,"assessedValue":null,"taxableValue":null,"taxes":null},"mailingAddress":{"line1":"127 WILL LUCAS RD","line2":null,"city":"LINDEN","state":"NC","zip":"28356"},"incomeTract":null,"incomeBlockGroup":null,"nearestRoad":null,"flu":null,"opportunityZone":null,"oz2Eligibility":null,"source":"nc-robeson-parcels-37155","appraiserUrl":"https://www.ustaxdata.com/nc/robeson/account.cfm?parcelID=23020100521","gisViewerUrl":"https://maps2.roktech.net/ROKMAPS_Robeson/"},"geometry":{"type":"Polygon","coordinates":[[[-79.319666,34.835812],[-79.31978,34.83577],[-79.319805,34.83576],[-79.321324,34.836303],[-79.321667,34.834918],[-79.321037,34.834718],[-79.31971,34.834644],[-79.318221,34.833522],[-79.31775,34.833121],[-79.317151,34.833246],[-79.316417,34.832718],[-79.316095,34.832771],[-79.315747,34.832797],[-79.314998,34.832822],[-79.31497,34.833745],[-79.317807,34.835143],[-79.31955,34.835855],[-79.319666,34.835812]]]}},{"type":"Feature","id":"37155:930944576800","properties":{"id":"37155:930944576800","parcelId":"930944576800","countyFips":"37155","countyName":"Robeson","state":"North Carolina","marketIds":["Wilmington"],"situsAddress":"410 DIXON RD","situsCity":null,"situsZip":null,"jurisdictionCode":null,"ownerName":"LOCKLEAR GREGORY T","ownerName2":null,"propertyName":null,"zoningCode":null,"zoningDistrict":null,"jurisdictionPrefix":null,"dorCode":"A-20","acreage":25.01,"centroid":[-79.313766,34.833152],"lastSale":{"date":"2011-02-17","price":null,"qualified":null},"tax":{"marketValue":null,"assessedValue":null,"taxableValue":null,"taxes":null},"mailingAddress":{"line1":"127 WILL LUCAS RD","line2":null,"city":"LINDEN","state":"NC","zip":"28356"},"incomeTract":null,"incomeBlockGroup":null,"nearestRoad":null,"flu":null,"opportunityZone":null,"oz2Eligibility":null,"source":"nc-robeson-parcels-37155","appraiserUrl":"https://www.ustaxdata.com/nc/robeson/account.cfm?parcelID=23020100521","gisViewerUrl":"https://maps2.roktech.net/ROKMAPS_Robeson/"},"geometry":{"type":"Polygon","coordinates":[[[-79.313046,34.832865],[-79.314408,34.833468],[-79.314421,34.83341],[-79.313189,34.832865],[-79.313046,34.832865]]]}}]}