{"type":"FeatureCollection","name":"37115-1_34","features":[{"type":"Feature","id":"37115:9704382117","properties":{"id":"37115:9704382117","parcelId":"9704382117","countyFips":"37115","countyName":"Madison","state":"North Carolina","marketIds":["Asheville"],"situsAddress":null,"situsCity":null,"situsZip":null,"jurisdictionCode":null,"ownerName":"ROBERTS, JUDY RAMSEY;ROBERTS, DANNIE J","ownerName2":null,"propertyName":null,"zoningCode":"Residential-Agriculture District","zoningDistrict":null,"jurisdictionPrefix":null,"dorCode":null,"acreage":55.3788,"centroid":[-82.696944,35.749046],"lastSale":{"date":null,"price":null,"qualified":null},"tax":{"marketValue":106155.0,"assessedValue":null,"taxableValue":null,"taxes":null},"mailingAddress":{"line1":"6834 PLEASANT DR","line2":null,"city":"CHARLOTTE","state":"NC","zip":"28211"},"incomeTract":null,"incomeBlockGroup":null,"nearestRoad":null,"flu":null,"opportunityZone":null,"oz2Eligibility":null,"source":"nc-madison-parcels-37115","appraiserUrl":"https://lrcpwa.ncptscloud.com/Madison/PropertySummary.aspx?PIN=9704382117","gisViewerUrl":"https://experience.arcgis.com/experience/2333843dc4584e648a98fb9542dc75fe"},"geometry":{"type":"Polygon","coordinates":[[[-82.694905,35.749494],[-82.69612,35.75235],[-82.698512,35.752876],[-82.69873,35.752496],[-82.698987,35.751978],[-82.699155,35.751581],[-82.699345,35.751044],[-82.699425,35.750772],[-82.699361,35.750467],[-82.699367,35.750158],[-82.699581,35.749577],[-82.699675,35.749181],[-82.699713,35.748902],[-82.699298,35.747311],[-82.699303,35.747237],[-82.696261,35.747299],[-82.696412,35.746326],[-82.695053,35.74663],[-82.695109,35.746729],[-82.695169,35.746927],[-82.695194,35.747211],[-82.69513,35.747499],[-82.69513,35.747689],[-82.695203,35.747976],[-82.695208,35.748088],[-82.695144,35.748388],[-82.695104,35.748462],[-82.694983,35.748588],[-82.694907,35.748775],[-82.694901,35.749033],[-82.694866,35.749367],[-82.694905,35.749494]]]}},{"type":"Feature","id":"37115:8794670176","properties":{"id":"37115:8794670176","parcelId":"8794670176","countyFips":"37115","countyName":"Madison","state":"North Carolina","marketIds":["Asheville"],"situsAddress":null,"situsCity":null,"situsZip":null,"jurisdictionCode":null,"ownerName":"ENTREKIN, JEAN M.","ownerName2":null,"propertyName":null,"zoningCode":"Residential-Agriculture District","zoningDistrict":null,"jurisdictionPrefix":null,"dorCode":null,"acreage":132.3996,"centroid":[-82.720306,35.744744],"lastSale":{"date":null,"price":null,"qualified":null},"tax":{"marketValue":681200.0,"assessedValue":237572.0,"taxableValue":null,"taxes":null},"mailingAddress":{"line1":"5128 MEADOWSTOWN RD.","line2":null,"city":"MARSHALL","state":"NC","zip":"28753"},"incomeTract":null,"incomeBlockGroup":null,"nearestRoad":null,"flu":null,"opportunityZone":null,"oz2Eligibility":null,"source":"nc-madison-parcels-37115","appraiserUrl":"https://lrcpwa.ncptscloud.com/Madison/PropertySummary.aspx?PIN=8794670176","gisViewerUrl":"https://experience.arcgis.com/experience/2333843dc4584e648a98fb9542dc75fe"},"geometry":{"type":"Polygon","coordinates":[[[-82.718705,35.748416],[-82.71892,35.748774],[-82.720693,35.751876],[-82.722745,35.751123],[-82.723553,35.751145],[-82.723513,35.750665],[-82.72487,35.745394],[-82.723344,35.745317],[-82.723284,35.744779],[-82.723476,35.742945],[-82.723515,35.742716],[-82.723161,35.742708],[-82.722838,35.742403],[-82.722126,35.741786],[-82.721719,35.741245],[-82.720765,35.740227],[-82.719482,35.741106],[-82.719329,35.741179],[-82.719163,35.741226],[-82.718282,35.742454],[-82.717757,35.742589],[-82.717451,35.742727],[-82.717479,35.742991],[-82.717738,35.743353],[-82.717535,35.743631],[-82.717818,35.743739],[-82.717776,35.744412],[-82.717348,35.745456],[-82.717822,35.746132],[-82.718294,35.746445],[-82.718982,35.748102],[-82.718705,35.748416]]]}},{"type":"Feature","id":"37115:8794476372","properties":{"id":"37115:8794476372","parcelId":"8794476372","countyFips":"37115","countyName":"Madison","state":"North Carolina","marketIds":["Asheville"],"situsAddress":null,"situsCity":null,"situsZip":null,"jurisdictionCode":null,"ownerName":"WILD HARMONY CATTLE, LLC, A NC LIMITED LIABILITY COMPANY","ownerName2":null,"propertyName":null,"zoningCode":"Residential-Agriculture District","zoningDistrict":null,"jurisdictionPrefix":null,"dorCode":null,"acreage":82.3224,"centroid":[-82.72574,35.746212],"lastSale":{"date":null,"price":null,"qualified":null},"tax":{"marketValue":495507.0,"assessedValue":172878.0,"taxableValue":null,"taxes":null},"mailingAddress":{"line1":"1696 CANEY FORK ROAD","line2":null,"city":"MARSHALL","state":"NC","zip":"28753"},"incomeTract":null,"incomeBlockGroup":null,"nearestRoad":null,"flu":null,"opportunityZone":null,"oz2Eligibility":null,"source":"nc-madison-parcels-37115","appraiserUrl":"https://lrcpwa.ncptscloud.com/Madison/PropertySummary.aspx?PIN=8794476372","gisViewerUrl":"https://experience.arcgis.com/experience/2333843dc4584e648a98fb9542dc75fe"},"geometry":{"type":"Polygon","coordinates":[[[-82.723553,35.751145],[-82.724235,35.751202],[-82.726396,35.751357],[-82.726686,35.7497],[-82.726709,35.749411],[-82.726992,35.747475],[-82.727105,35.746756],[-82.727263,35.746007],[-82.727307,35.745646],[-82.727216,35.745623],[-82.727044,35.744354],[-82.727515,35.743201],[-82.727198,35.741649],[-82.727203,35.740801],[-82.723894,35.740803],[-82.723476,35.742945],[-82.723284,35.744779],[-82.723344,35.745317],[-82.72487,35.745394],[-82.723513,35.750665],[-82.723553,35.751145]]]}},{"type":"Feature","id":"37115:9704170501","properties":{"id":"37115:9704170501","parcelId":"9704170501","countyFips":"37115","countyName":"Madison","state":"North Carolina","marketIds":["Asheville"],"situsAddress":null,"situsCity":null,"situsZip":null,"jurisdictionCode":null,"ownerName":"STONE, JASON R.","ownerName2":null,"propertyName":null,"zoningCode":"Residential-Agriculture District","zoningDistrict":null,"jurisdictionPrefix":null,"dorCode":null,"acreage":6.4659,"centroid":[-82.704832,35.747677],"lastSale":{"date":null,"price":null,"qualified":null},"tax":{"marketValue":71860.0,"assessedValue":null,"taxableValue":null,"taxes":null},"mailingAddress":{"line1":"52 SHADOW HOLLOW RD","line2":null,"city":"MARSHALL","state":"NC","zip":"28753"},"incomeTract":null,"incomeBlockGroup":null,"nearestRoad":null,"flu":null,"opportunityZone":null,"oz2Eligibility":null,"source":"nc-madison-parcels-37115","appraiserUrl":"https://lrcpwa.ncptscloud.com/Madison/PropertySummary.aspx?PIN=9704170501","gisViewerUrl":"https://experience.arcgis.com/experience/2333843dc4584e648a98fb9542dc75fe"},"geometry":{"type":"Polygon","coordinates":[[[-82.70513,35.748373],[-82.705508,35.748473],[-82.705621,35.748503],[-82.705487,35.748274],[-82.705379,35.748035],[-82.705297,35.74779],[-82.705243,35.74754],[-82.705285,35.747433],[-82.705474,35.747332],[-82.706023,35.747183],[-82.706032,35.747122],[-82.705616,35.746991],[-82.704981,35.746706],[-82.70413,35.746855],[-82.703957,35.747105],[-82.703774,35.747293],[-82.703494,35.747518],[-82.703153,35.747736],[-82.703833,35.748],[-82.704143,35.748155],[-82.704276,35.748247],[-82.70447,35.748224],[-82.70513,35.748373]]]}},{"type":"Feature","id":"37115:9714473398","properties":{"id":"37115:9714473398","parcelId":"9714473398","countyFips":"37115","countyName":"Madison","state":"North Carolina","marketIds":["Asheville"],"situsAddress":null,"situsCity":null,"situsZip":null,"jurisdictionCode":null,"ownerName":"BRAZIL, WALTER JAY;BRAZIL, JUSTIN LEE","ownerName2":null,"propertyName":null,"zoningCode":"Residential-Agriculture District","zoningDistrict":null,"jurisdictionPrefix":null,"dorCode":null,"acreage":12.2098,"centroid":[-82.659548,35.748514],"lastSale":{"date":null,"price":null,"qualified":null},"tax":{"marketValue":99693.0,"assessedValue":3848.0,"taxableValue":null,"taxes":null},"mailingAddress":{"line1":"1661 GRANDVIEW RD","line2":null,"city":"ALEXANDER","state":"NC","zip":"28701"},"incomeTract":null,"incomeBlockGroup":null,"nearestRoad":null,"flu":null,"opportunityZone":null,"oz2Eligibility":null,"source":"nc-madison-parcels-37115","appraiserUrl":"https://lrcpwa.ncptscloud.com/Madison/PropertySummary.aspx?PIN=9714473398","gisViewerUrl":"https://experience.arcgis.com/experience/2333843dc4584e648a98fb9542dc75fe"},"geometry":{"type":"Polygon","coordinates":[[[-82.657215,35.749026],[-82.661163,35.749258],[-82.661705,35.748006],[-82.658109,35.747765],[-82.657215,35.749026]]]}},{"type":"Feature","id":"37115:9704164328","properties":{"id":"37115:9704164328","parcelId":"9704164328","countyFips":"37115","countyName":"Madison","state":"North Carolina","marketIds":["Asheville"],"situsAddress":null,"situsCity":null,"situsZip":null,"jurisdictionCode":null,"ownerName":"HOWEY, ANNA P;BYRD, SYLVIA REBECCA HOWEY","ownerName2":null,"propertyName":null,"zoningCode":"Residential-Agriculture District","zoningDistrict":null,"jurisdictionPrefix":null,"dorCode":null,"acreage":52.064,"centroid":[-82.702555,35.745452],"lastSale":{"date":null,"price":null,"qualified":null},"tax":{"marketValue":201821.0,"assessedValue":null,"taxableValue":null,"taxes":null},"mailingAddress":{"line1":"623 SHERWOOD ROAD","line2":null,"city":"STARKVILLE","state":"MS","zip":"39759"},"incomeTract":null,"incomeBlockGroup":null,"nearestRoad":null,"flu":null,"opportunityZone":null,"oz2Eligibility":null,"source":"nc-madison-parcels-37115","appraiserUrl":"https://lrcpwa.ncptscloud.com/Madison/PropertySummary.aspx?PIN=9704164328","gisViewerUrl":"https://experience.arcgis.com/experience/2333843dc4584e648a98fb9542dc75fe"},"geometry":{"type":"Polygon","coordinates":[[[-82.700991,35.744975],[-82.701135,35.745177],[-82.70154,35.745884],[-82.701923,35.746428],[-82.702106,35.746761],[-82.702275,35.746997],[-82.702575,35.747357],[-82.702994,35.747654],[-82.703153,35.747736],[-82.703257,35.747678],[-82.703418,35.747569],[-82.703923,35.746801],[-82.704182,35.746681],[-82.704323,35.746352],[-82.70432,35.745995],[-82.704691,35.745355],[-82.704517,35.744173],[-82.706179,35.744276],[-82.706224,35.741822],[-82.699787,35.742789],[-82.700079,35.743385],[-82.700042,35.743418],[-82.699991,35.743418],[-82.699828,35.743526],[-82.700429,35.744103],[-82.700991,35.744975]]]}},{"type":"Feature","id":"37115:9704865717","properties":{"id":"37115:9704865717","parcelId":"9704865717","countyFips":"37115","countyName":"Madison","state":"North Carolina","marketIds":["Asheville"],"situsAddress":null,"situsCity":null,"situsZip":null,"jurisdictionCode":null,"ownerName":null,"ownerName2":null,"propertyName":null,"zoningCode":"R-A","zoningDistrict":null,"jurisdictionPrefix":null,"dorCode":null,"acreage":60.7446,"centroid":[-82.679139,35.745617],"lastSale":{"date":null,"price":null,"qualified":null},"tax":{"marketValue":232865.0,"assessedValue":22278.0,"taxableValue":null,"taxes":null},"mailingAddress":{"line1":null,"line2":null,"city":null,"state":null,"zip":null},"incomeTract":null,"incomeBlockGroup":null,"nearestRoad":null,"flu":null,"opportunityZone":null,"oz2Eligibility":null,"source":"nc-madison-parcels-37115","appraiserUrl":"https://lrcpwa.ncptscloud.com/Madison/PropertySummary.aspx?PIN=9704865717","gisViewerUrl":"https://experience.arcgis.com/experience/2333843dc4584e648a98fb9542dc75fe"},"geometry":{"type":"Polygon","coordinates":[[[-82.679235,35.744689],[-82.679127,35.744752],[-82.678664,35.744966],[-82.678026,35.745178],[-82.677156,35.745415],[-82.67653,35.745544],[-82.676067,35.745691],[-82.675753,35.745841],[-82.675518,35.746047],[-82.675315,35.746275],[-82.675101,35.746576],[-82.674922,35.746892],[-82.674813,35.747207],[-82.674762,35.747448],[-82.67476,35.747857],[-82.679994,35.747687],[-82.680744,35.747604],[-82.681379,35.747001],[-82.682103,35.746419],[-82.683707,35.745707],[-82.684385,35.745],[-82.684147,35.74491],[-82.684179,35.744774],[-82.684071,35.742583],[-82.683365,35.74262],[-82.681059,35.744664],[-82.680769,35.744729],[-82.679826,35.74431],[-82.679544,35.74451],[-82.679235,35.744689]]]}},{"type":"Feature","id":"37115:9704067856","properties":{"id":"37115:9704067856","parcelId":"9704067856","countyFips":"37115","countyName":"Madison","state":"North Carolina","marketIds":["Asheville"],"situsAddress":null,"situsCity":null,"situsZip":null,"jurisdictionCode":null,"ownerName":null,"ownerName2":null,"propertyName":null,"zoningCode":"R-A","zoningDistrict":null,"jurisdictionPrefix":null,"dorCode":null,"acreage":6.5921,"centroid":[-82.705527,35.745521],"lastSale":{"date":null,"price":null,"qualified":null},"tax":{"marketValue":65508.0,"assessedValue":12206.0,"taxableValue":null,"taxes":null},"mailingAddress":{"line1":null,"line2":null,"city":null,"state":null,"zip":null},"incomeTract":null,"incomeBlockGroup":null,"nearestRoad":null,"flu":null,"opportunityZone":null,"oz2Eligibility":null,"source":"nc-madison-parcels-37115","appraiserUrl":"https://lrcpwa.ncptscloud.com/Madison/PropertySummary.aspx?PIN=9704067856","gisViewerUrl":"https://experience.arcgis.com/experience/2333843dc4584e648a98fb9542dc75fe"},"geometry":{"type":"Polygon","coordinates":[[[-82.704691,35.745355],[-82.70432,35.745995],[-82.704323,35.746352],[-82.704182,35.746681],[-82.704966,35.746309],[-82.706498,35.746174],[-82.706465,35.74608],[-82.706473,35.74596],[-82.706431,35.7459],[-82.70642,35.745772],[-82.706455,35.74557],[-82.706368,35.745457],[-82.706193,35.745394],[-82.705861,35.745156],[-82.705639,35.7451],[-82.70556,35.745017],[-82.705301,35.744876],[-82.705068,35.744616],[-82.704814,35.744484],[-82.704518,35.744176],[-82.704691,35.745355]]]}},{"type":"Feature","id":"37115:9704063602","properties":{"id":"37115:9704063602","parcelId":"9704063602","countyFips":"37115","countyName":"Madison","state":"North Carolina","marketIds":["Asheville"],"situsAddress":null,"situsCity":null,"situsZip":null,"jurisdictionCode":null,"ownerName":null,"ownerName2":null,"propertyName":null,"zoningCode":"R-A","zoningDistrict":null,"jurisdictionPrefix":null,"dorCode":null,"acreage":9.974,"centroid":[-82.706586,35.74511],"lastSale":{"date":null,"price":null,"qualified":null},"tax":{"marketValue":57710.0,"assessedValue":4408.0,"taxableValue":null,"taxes":null},"mailingAddress":{"line1":null,"line2":null,"city":null,"state":null,"zip":null},"incomeTract":null,"incomeBlockGroup":null,"nearestRoad":null,"flu":null,"opportunityZone":null,"oz2Eligibility":null,"source":"nc-madison-parcels-37115","appraiserUrl":"https://lrcpwa.ncptscloud.com/Madison/PropertySummary.aspx?PIN=9704063602","gisViewerUrl":"https://experience.arcgis.com/experience/2333843dc4584e648a98fb9542dc75fe"},"geometry":{"type":"Polygon","coordinates":[[[-82.704518,35.744176],[-82.704814,35.744484],[-82.705068,35.744616],[-82.705301,35.744876],[-82.70556,35.745017],[-82.705639,35.7451],[-82.705861,35.745156],[-82.706193,35.745394],[-82.706368,35.745457],[-82.706455,35.74557],[-82.70642,35.745772],[-82.706431,35.7459],[-82.706473,35.74596],[-82.706465,35.74608],[-82.706498,35.746174],[-82.708903,35.744669],[-82.708974,35.744619],[-82.708994,35.744416],[-82.708937,35.744401],[-82.707853,35.74437],[-82.704518,35.744176]]]}},{"type":"Feature","id":"37115:8794373536","properties":{"id":"37115:8794373536","parcelId":"8794373536","countyFips":"37115","countyName":"Madison","state":"North Carolina","marketIds":["Asheville"],"situsAddress":null,"situsCity":null,"situsZip":null,"jurisdictionCode":null,"ownerName":null,"ownerName2":null,"propertyName":null,"zoningCode":"R-A","zoningDistrict":null,"jurisdictionPrefix":null,"dorCode":null,"acreage":79.1454,"centroid":[-82.73038,35.745344],"lastSale":{"date":null,"price":null,"qualified":null},"tax":{"marketValue":530976.0,"assessedValue":2470.0,"taxableValue":null,"taxes":null},"mailingAddress":{"line1":null,"line2":null,"city":null,"state":null,"zip":null},"incomeTract":null,"incomeBlockGroup":null,"nearestRoad":null,"flu":null,"opportunityZone":null,"oz2Eligibility":null,"source":"nc-madison-parcels-37115","appraiserUrl":"https://lrcpwa.ncptscloud.com/Madison/PropertySummary.aspx?PIN=8794373536","gisViewerUrl":"https://experience.arcgis.com/experience/2333843dc4584e648a98fb9542dc75fe"},"geometry":{"type":"Polygon","coordinates":[[[-82.730222,35.749038],[-82.732314,35.749028],[-82.732398,35.748919],[-82.732504,35.748824],[-82.732611,35.74863],[-82.732732,35.748537],[-82.732829,35.748424],[-82.732954,35.748228],[-82.73317,35.748067],[-82.733258,35.747959],[-82.733434,35.747861],[-82.734309,35.746814],[-82.735372,35.746147],[-82.734737,35.74556],[-82.734087,35.745363],[-82.733202,35.74518],[-82.733156,35.745118],[-82.733042,35.74503],[-82.73294,35.744869],[-82.732697,35.744616],[-82.732504,35.744558],[-82.732399,35.744546],[-82.732252,35.744437],[-82.732209,35.744437],[-82.732076,35.74437],[-82.732031,35.744296],[-82.731697,35.744289],[-82.731443,35.744218],[-82.730703,35.744669],[-82.729441,35.743917],[-82.729354,35.744187],[-82.729324,35.744448],[-82.729232,35.74452],[-82.729145,35.744525],[-82.729073,35.744499],[-82.729045,35.74447],[-82.729011,35.744401],[-82.728948,35.744142],[-82.728926,35.744133],[-82.728714,35.744301],[-82.728614,35.744332],[-82.72845,35.744297],[-82.728248,35.744216],[-82.727908,35.744164],[-82.727849,35.744139],[-82.727777,35.744076],[-82.727724,35.743953],[-82.727731,35.743867],[-82.727813,35.743738],[-82.727843,35.743638],[-82.7278,35.743437],[-82.727714,35.743308],[-82.727624,35.743243],[-82.727515,35.743201],[-82.727044,35.744354],[-82.727216,35.745623],[-82.727307,35.745646],[-82.727263,35.746007],[-82.727105,35.746756],[-82.726766,35.749058],[-82.730222,35.749038]]]}},{"type":"Feature","id":"37115:8784745538","properties":{"id":"37115:8784745538","parcelId":"8784745538","countyFips":"37115","countyName":"Madison","state":"North Carolina","marketIds":["Asheville"],"situsAddress":null,"situsCity":null,"situsZip":null,"jurisdictionCode":null,"ownerName":"HERRON, PEGGY JOYCE","ownerName2":null,"propertyName":null,"zoningCode":"Residential-Agriculture District","zoningDistrict":null,"jurisdictionPrefix":null,"dorCode":null,"acreage":34.7227,"centroid":[-82.749868,35.738039],"lastSale":{"date":null,"price":null,"qualified":null},"tax":{"marketValue":146782.0,"assessedValue":300.0,"taxableValue":null,"taxes":null},"mailingAddress":{"line1":"165 MARTIN BRANCH ROAD","line2":null,"city":"LEICESTER","state":"NC","zip":"28748"},"incomeTract":null,"incomeBlockGroup":null,"nearestRoad":null,"flu":null,"opportunityZone":null,"oz2Eligibility":null,"source":"nc-madison-parcels-37115","appraiserUrl":"https://lrcpwa.ncptscloud.com/Madison/PropertySummary.aspx?PIN=8784745538","gisViewerUrl":"https://experience.arcgis.com/experience/2333843dc4584e648a98fb9542dc75fe"},"geometry":{"type":"Polygon","coordinates":[[[-82.748059,35.736796],[-82.747975,35.737248],[-82.748003,35.737641],[-82.747957,35.737945],[-82.747904,35.738138],[-82.747876,35.73857],[-82.747886,35.738844],[-82.74816,35.739479],[-82.748331,35.740242],[-82.748337,35.740559],[-82.748411,35.740929],[-82.749146,35.742241],[-82.75043,35.73882],[-82.751594,35.737994],[-82.751703,35.737768],[-82.751641,35.737707],[-82.751691,35.737589],[-82.751696,35.737441],[-82.751644,35.737314],[-82.751731,35.736842],[-82.751948,35.73638],[-82.751892,35.736332],[-82.75205,35.735951],[-82.751923,35.735553],[-82.74872,35.736642],[-82.748059,35.736796]]]}},{"type":"Feature","id":"37115:9704157349","properties":{"id":"37115:9704157349","parcelId":"9704157349","countyFips":"37115","countyName":"Madison","state":"North Carolina","marketIds":["Asheville"],"situsAddress":null,"situsCity":null,"situsZip":null,"jurisdictionCode":null,"ownerName":"HOLTON, DAN","ownerName2":null,"propertyName":null,"zoningCode":"Residential-Agriculture District","zoningDistrict":null,"jurisdictionPrefix":null,"dorCode":null,"acreage":21.0118,"centroid":[-82.701283,35.741924],"lastSale":{"date":null,"price":null,"qualified":null},"tax":{"marketValue":70545.0,"assessedValue":null,"taxableValue":null,"taxes":null},"mailingAddress":{"line1":"8547 HWY 34","line2":null,"city":"RUSSELLVILLE","state":"AL","zip":"35654"},"incomeTract":null,"incomeBlockGroup":null,"nearestRoad":null,"flu":null,"opportunityZone":null,"oz2Eligibility":null,"source":"nc-madison-parcels-37115","appraiserUrl":"https://lrcpwa.ncptscloud.com/Madison/PropertySummary.aspx?PIN=9704157349","gisViewerUrl":"https://experience.arcgis.com/experience/2333843dc4584e648a98fb9542dc75fe"},"geometry":{"type":"Polygon","coordinates":[[[-82.699068,35.742207],[-82.699142,35.742454],[-82.699254,35.74286],[-82.699339,35.743046],[-82.699505,35.743247],[-82.699828,35.743526],[-82.699991,35.743418],[-82.700042,35.743418],[-82.700079,35.743385],[-82.699787,35.742789],[-82.705009,35.742005],[-82.704898,35.741796],[-82.704666,35.741487],[-82.704586,35.74145],[-82.704507,35.74138],[-82.704424,35.741262],[-82.704151,35.741064],[-82.703345,35.740716],[-82.703203,35.740601],[-82.70315,35.740398],[-82.7016,35.740547],[-82.700938,35.741213],[-82.700688,35.741399],[-82.700407,35.741553],[-82.700308,35.741596],[-82.699696,35.741617],[-82.69945,35.741576],[-82.699226,35.741714],[-82.699105,35.741924],[-82.6991,35.742073],[-82.699068,35.742207]]]}},{"type":"Feature","id":"37115:9704349126","properties":{"id":"37115:9704349126","parcelId":"9704349126","countyFips":"37115","countyName":"Madison","state":"North Carolina","marketIds":["Asheville"],"situsAddress":null,"situsCity":null,"situsZip":null,"jurisdictionCode":null,"ownerName":"DUKE ENERGY PROGRESS LLC","ownerName2":null,"propertyName":null,"zoningCode":"Residential-Agriculture District","zoningDistrict":null,"jurisdictionPrefix":null,"dorCode":null,"acreage":14.2161,"centroid":[-82.692953,35.739209],"lastSale":{"date":null,"price":null,"qualified":null},"tax":{"marketValue":78082.0,"assessedValue":null,"taxableValue":null,"taxes":null},"mailingAddress":{"line1":"525 S TRYON ST DEP09A","line2":null,"city":"CHARLOTTE","state":"NC","zip":"28202"},"incomeTract":null,"incomeBlockGroup":null,"nearestRoad":null,"flu":null,"opportunityZone":null,"oz2Eligibility":null,"source":"nc-madison-parcels-37115","appraiserUrl":"https://lrcpwa.ncptscloud.com/Madison/PropertySummary.aspx?PIN=9704349126","gisViewerUrl":"https://experience.arcgis.com/experience/2333843dc4584e648a98fb9542dc75fe"},"geometry":{"type":"Polygon","coordinates":[[[-82.692543,35.739153],[-82.692554,35.739172],[-82.69264,35.739389],[-82.692729,35.739501],[-82.69318,35.739678],[-82.693365,35.739821],[-82.693474,35.74005],[-82.693533,35.740439],[-82.693528,35.740585],[-82.693474,35.740845],[-82.693472,35.74101],[-82.693514,35.741103],[-82.693632,35.74121],[-82.693736,35.741251],[-82.693856,35.741267],[-82.694057,35.741202],[-82.694198,35.741055],[-82.694189,35.740486],[-82.694275,35.740052],[-82.694355,35.739825],[-82.694444,35.739463],[-82.694522,35.739257],[-82.69468,35.739012],[-82.694778,35.738923],[-82.694956,35.738859],[-82.695525,35.738782],[-82.695783,35.738774],[-82.696323,35.738814],[-82.696472,35.738849],[-82.696559,35.738909],[-82.69665,35.739007],[-82.696792,35.739239],[-82.696861,35.739244],[-82.696735,35.738975],[-82.696644,35.738623],[-82.696625,35.738443],[-82.696637,35.738077],[-82.696621,35.737891],[-82.695585,35.738152],[-82.695034,35.737889],[-82.694113,35.738283],[-82.693614,35.738182],[-82.693225,35.738188],[-82.692712,35.7381],[-82.692543,35.739153]]]}},{"type":"Feature","id":"37115:9704737061","properties":{"id":"37115:9704737061","parcelId":"9704737061","countyFips":"37115","countyName":"Madison","state":"North Carolina","marketIds":["Asheville"],"situsAddress":null,"situsCity":null,"situsZip":null,"jurisdictionCode":null,"ownerName":"STATE OF NORTH CAROLINA","ownerName2":null,"propertyName":null,"zoningCode":"Residential-Agriculture District","zoningDistrict":null,"jurisdictionPrefix":null,"dorCode":null,"acreage":65.4958,"centroid":[-82.683619,35.736124],"lastSale":{"date":null,"price":null,"qualified":null},"tax":{"marketValue":null,"assessedValue":null,"taxableValue":null,"taxes":null},"mailingAddress":{"line1":"1321 MAIL SERVICE CENTER","line2":null,"city":"RALEIGH","state":"NC","zip":"27699"},"incomeTract":null,"incomeBlockGroup":null,"nearestRoad":null,"flu":null,"opportunityZone":null,"oz2Eligibility":null,"source":"nc-madison-parcels-37115","appraiserUrl":"https://lrcpwa.ncptscloud.com/Madison/PropertySummary.aspx?PIN=9704737061","gisViewerUrl":"https://experience.arcgis.com/experience/2333843dc4584e648a98fb9542dc75fe"},"geometry":{"type":"Polygon","coordinates":[[[-82.676245,35.736265],[-82.678052,35.737052],[-82.679105,35.73703],[-82.680733,35.737684],[-82.681639,35.738624],[-82.684428,35.736],[-82.6842,35.738346],[-82.685239,35.73799],[-82.685796,35.737351],[-82.685464,35.737038],[-82.685297,35.736842],[-82.685193,35.736667],[-82.685164,35.736485],[-82.685224,35.736313],[-82.685671,35.736153],[-82.68552,35.735796],[-82.685417,35.735629],[-82.68547,35.735587],[-82.685291,35.735468],[-82.684971,35.735326],[-82.684816,35.735273],[-82.684281,35.735165],[-82.684125,35.735101],[-82.683983,35.734992],[-82.683891,35.734891],[-82.68377,35.734699],[-82.683289,35.733829],[-82.679049,35.73387],[-82.676245,35.736265]]]}},{"type":"Feature","id":"37115:8784717411","properties":{"id":"37115:8784717411","parcelId":"8784717411","countyFips":"37115","countyName":"Madison","state":"North Carolina","marketIds":["Asheville"],"situsAddress":null,"situsCity":null,"situsZip":null,"jurisdictionCode":null,"ownerName":"WALKER, JOSEPH W.;WALKER, DORIS A.","ownerName2":null,"propertyName":null,"zoningCode":"Residential-Agriculture District","zoningDistrict":null,"jurisdictionPrefix":null,"dorCode":null,"acreage":7.5278,"centroid":[-82.748929,35.729428],"lastSale":{"date":null,"price":null,"qualified":null},"tax":{"marketValue":239434.0,"assessedValue":199092.0,"taxableValue":null,"taxes":null},"mailingAddress":{"line1":"1060 WORLEY COVE ROAD","line2":null,"city":"MARSHALL","state":"NC","zip":"28753"},"incomeTract":null,"incomeBlockGroup":null,"nearestRoad":null,"flu":null,"opportunityZone":null,"oz2Eligibility":null,"source":"nc-madison-parcels-37115","appraiserUrl":"https://lrcpwa.ncptscloud.com/Madison/PropertySummary.aspx?PIN=8784717411","gisViewerUrl":"https://experience.arcgis.com/experience/2333843dc4584e648a98fb9542dc75fe"},"geometry":{"type":"Polygon","coordinates":[[[-82.747187,35.729715],[-82.748969,35.73012],[-82.750296,35.730055],[-82.750241,35.729849],[-82.750244,35.729745],[-82.750275,35.729647],[-82.750349,35.729537],[-82.750367,35.729384],[-82.747713,35.728567],[-82.747728,35.728762],[-82.747712,35.728863],[-82.747674,35.72894],[-82.747325,35.729378],[-82.747187,35.729715]]]}},{"type":"Feature","id":"37115:9704617890","properties":{"id":"37115:9704617890","parcelId":"9704617890","countyFips":"37115","countyName":"Madison","state":"North Carolina","marketIds":["Asheville"],"situsAddress":null,"situsCity":null,"situsZip":null,"jurisdictionCode":null,"ownerName":"THE VAC IRREVOCABLE 1999 TRUST AGREEMENT","ownerName2":null,"propertyName":null,"zoningCode":"Residential-Agriculture District","zoningDistrict":null,"jurisdictionPrefix":null,"dorCode":null,"acreage":24.0349,"centroid":[-82.684167,35.732415],"lastSale":{"date":null,"price":null,"qualified":null},"tax":{"marketValue":668949.0,"assessedValue":365010.0,"taxableValue":null,"taxes":null},"mailingAddress":{"line1":"600 CYPRESS GREEN CIRCLE","line2":null,"city":"WELLINGTON","state":"FL","zip":"33414"},"incomeTract":null,"incomeBlockGroup":null,"nearestRoad":null,"flu":null,"opportunityZone":null,"oz2Eligibility":null,"source":"nc-madison-parcels-37115","appraiserUrl":"https://lrcpwa.ncptscloud.com/Madison/PropertySummary.aspx?PIN=9704617890","gisViewerUrl":"https://experience.arcgis.com/experience/2333843dc4584e648a98fb9542dc75fe"},"geometry":{"type":"Polygon","coordinates":[[[-82.683351,35.732507],[-82.683557,35.732695],[-82.68358,35.732871],[-82.6835,35.733011],[-82.68323,35.733222],[-82.683189,35.733305],[-82.683289,35.733829],[-82.683891,35.734891],[-82.684618,35.734172],[-82.684647,35.733717],[-82.68547,35.733103],[-82.68595,35.732878],[-82.686146,35.73233],[-82.686243,35.732347],[-82.685764,35.731059],[-82.685408,35.730514],[-82.684781,35.730251],[-82.684248,35.730538],[-82.682606,35.730392],[-82.682799,35.731378],[-82.683163,35.73211],[-82.683159,35.73221],[-82.683261,35.732225],[-82.683351,35.732507]]]}},{"type":"Feature","id":"37115:8794815707","properties":{"id":"37115:8794815707","parcelId":"8794815707","countyFips":"37115","countyName":"Madison","state":"North Carolina","marketIds":["Asheville"],"situsAddress":null,"situsCity":null,"situsZip":null,"jurisdictionCode":null,"ownerName":"DUKE ENERGY PROGRESS LLC","ownerName2":null,"propertyName":null,"zoningCode":"Residential-Agriculture District","zoningDistrict":null,"jurisdictionPrefix":null,"dorCode":null,"acreage":8.2316,"centroid":[-82.711841,35.731377],"lastSale":{"date":null,"price":null,"qualified":null},"tax":{"marketValue":29571.0,"assessedValue":null,"taxableValue":null,"taxes":null},"mailingAddress":{"line1":"525 S TRYON ST DEP09A","line2":null,"city":"CHARLOTTE","state":"NC","zip":"28202"},"incomeTract":null,"incomeBlockGroup":null,"nearestRoad":null,"flu":null,"opportunityZone":null,"oz2Eligibility":null,"source":"nc-madison-parcels-37115","appraiserUrl":"https://lrcpwa.ncptscloud.com/Madison/PropertySummary.aspx?PIN=8794815707","gisViewerUrl":"https://experience.arcgis.com/experience/2333843dc4584e648a98fb9542dc75fe"},"geometry":{"type":"Polygon","coordinates":[[[-82.712586,35.733314],[-82.712816,35.733345],[-82.712748,35.732942],[-82.712612,35.732599],[-82.712554,35.732244],[-82.712672,35.731941],[-82.712668,35.731782],[-82.713179,35.731593],[-82.712684,35.731344],[-82.7125,35.731082],[-82.711997,35.731073],[-82.711551,35.730731],[-82.711493,35.730401],[-82.711569,35.730126],[-82.711331,35.729984],[-82.71132,35.729801],[-82.710916,35.729584],[-82.710874,35.729464],[-82.709983,35.729445],[-82.710152,35.72998],[-82.710283,35.730286],[-82.710649,35.730805],[-82.710895,35.731023],[-82.711039,35.731196],[-82.711727,35.731747],[-82.712261,35.732071],[-82.712375,35.732184],[-82.71243,35.732346],[-82.712468,35.7326],[-82.712422,35.732764],[-82.712312,35.732905],[-82.712586,35.733314]]]}},{"type":"Feature","id":"37115:8784710608","properties":{"id":"37115:8784710608","parcelId":"8784710608","countyFips":"37115","countyName":"Madison","state":"North Carolina","marketIds":["Asheville"],"situsAddress":null,"situsCity":null,"situsZip":null,"jurisdictionCode":null,"ownerName":"BUCKNER, ROBERT RAY;BUCKNER, JEREMY REAGIN","ownerName2":null,"propertyName":null,"zoningCode":"Residential-Agriculture District","zoningDistrict":null,"jurisdictionPrefix":null,"dorCode":null,"acreage":15.101,"centroid":[-82.749218,35.727216],"lastSale":{"date":null,"price":null,"qualified":null},"tax":{"marketValue":274071.0,"assessedValue":39420.0,"taxableValue":null,"taxes":null},"mailingAddress":{"line1":"868 WORLEY COVE ROAD","line2":null,"city":"MARSHALL","state":"NC","zip":"28753"},"incomeTract":null,"incomeBlockGroup":null,"nearestRoad":null,"flu":null,"opportunityZone":null,"oz2Eligibility":null,"source":"nc-madison-parcels-37115","appraiserUrl":"https://lrcpwa.ncptscloud.com/Madison/PropertySummary.aspx?PIN=8784710608","gisViewerUrl":"https://experience.arcgis.com/experience/2333843dc4584e648a98fb9542dc75fe"},"geometry":{"type":"Polygon","coordinates":[[[-82.747713,35.728567],[-82.750367,35.729384],[-82.750394,35.729137],[-82.75005,35.728427],[-82.750009,35.728267],[-82.750034,35.72805],[-82.750029,35.727908],[-82.74997,35.727717],[-82.749959,35.727589],[-82.750102,35.727028],[-82.750098,35.726902],[-82.750051,35.726782],[-82.74993,35.726651],[-82.749759,35.726529],[-82.749098,35.726237],[-82.748823,35.726075],[-82.748661,35.725946],[-82.748252,35.725539],[-82.748068,35.725402],[-82.747756,35.726034],[-82.747708,35.726492],[-82.747924,35.726765],[-82.74832,35.727694],[-82.748147,35.728054],[-82.747713,35.728567]]]}},{"type":"Feature","id":"37115:8793597733","properties":{"id":"37115:8793597733","parcelId":"8793597733","countyFips":"37115","countyName":"Madison","state":"North Carolina","marketIds":["Asheville"],"situsAddress":null,"situsCity":null,"situsZip":null,"jurisdictionCode":null,"ownerName":"PAYNE, JANICE K.","ownerName2":null,"propertyName":null,"zoningCode":"Residential-Agriculture District","zoningDistrict":null,"jurisdictionPrefix":null,"dorCode":null,"acreage":6.0674,"centroid":[-82.721148,35.726067],"lastSale":{"date":null,"price":null,"qualified":null},"tax":{"marketValue":92120.0,"assessedValue":null,"taxableValue":null,"taxes":null},"mailingAddress":{"line1":"2740 NEW LEICESTER HIGHWAY","line2":null,"city":"LEICESTER","state":"NC","zip":"28748"},"incomeTract":null,"incomeBlockGroup":null,"nearestRoad":null,"flu":null,"opportunityZone":null,"oz2Eligibility":null,"source":"nc-madison-parcels-37115","appraiserUrl":"https://lrcpwa.ncptscloud.com/Madison/PropertySummary.aspx?PIN=8793597733","gisViewerUrl":"https://experience.arcgis.com/experience/2333843dc4584e648a98fb9542dc75fe"},"geometry":{"type":"Polygon","coordinates":[[[-82.720295,35.726237],[-82.720417,35.726417],[-82.720575,35.726598],[-82.720434,35.726857],[-82.720342,35.726934],[-82.720354,35.727134],[-82.721144,35.726395],[-82.721616,35.72598],[-82.722144,35.725981],[-82.723391,35.725386],[-82.722656,35.725303],[-82.721954,35.725162],[-82.721373,35.725128],[-82.720454,35.725597],[-82.720075,35.725899],[-82.720295,35.726237]]]}},{"type":"Feature","id":"37115:8793681971","properties":{"id":"37115:8793681971","parcelId":"8793681971","countyFips":"37115","countyName":"Madison","state":"North Carolina","marketIds":["Asheville"],"situsAddress":null,"situsCity":null,"situsZip":null,"jurisdictionCode":null,"ownerName":"MEADOWS TOWN, LLC","ownerName2":null,"propertyName":null,"zoningCode":"Residential-Agriculture District","zoningDistrict":null,"jurisdictionPrefix":null,"dorCode":null,"acreage":15.6424,"centroid":[-82.71883,35.724662],"lastSale":{"date":null,"price":null,"qualified":null},"tax":{"marketValue":81881.0,"assessedValue":1260.0,"taxableValue":null,"taxes":null},"mailingAddress":{"line1":"7041 MEADOWS TOWN ROAD","line2":null,"city":"MARSHALL","state":"NC","zip":"28753"},"incomeTract":null,"incomeBlockGroup":null,"nearestRoad":null,"flu":null,"opportunityZone":null,"oz2Eligibility":null,"source":"nc-madison-parcels-37115","appraiserUrl":"https://lrcpwa.ncptscloud.com/Madison/PropertySummary.aspx?PIN=8793681971","gisViewerUrl":"https://experience.arcgis.com/experience/2333843dc4584e648a98fb9542dc75fe"},"geometry":{"type":"Polygon","coordinates":[[[-82.71726,35.725442],[-82.717287,35.725484],[-82.717282,35.725529],[-82.717178,35.725644],[-82.717358,35.725618],[-82.717469,35.725573],[-82.717655,35.725424],[-82.717842,35.725317],[-82.717985,35.725292],[-82.718138,35.725225],[-82.718342,35.725092],[-82.718507,35.724928],[-82.718722,35.724809],[-82.718924,35.724726],[-82.719255,35.724525],[-82.719495,35.724456],[-82.720092,35.724343],[-82.720359,35.724348],[-82.720491,35.724374],[-82.722514,35.723626],[-82.721688,35.723176],[-82.720966,35.722621],[-82.719741,35.722503],[-82.718418,35.723432],[-82.717786,35.725049],[-82.71726,35.725442]]]}},{"type":"Feature","id":"37115:8783798319","properties":{"id":"37115:8783798319","parcelId":"8783798319","countyFips":"37115","countyName":"Madison","state":"North Carolina","marketIds":["Asheville"],"situsAddress":null,"situsCity":null,"situsZip":null,"jurisdictionCode":null,"ownerName":"TEAGUE, STEPHEN VICTOR;TEAGUE, JOYCE","ownerName2":null,"propertyName":null,"zoningCode":"Residential-Agriculture District","zoningDistrict":null,"jurisdictionPrefix":null,"dorCode":null,"acreage":14.7884,"centroid":[-82.744142,35.724765],"lastSale":{"date":null,"price":null,"qualified":null},"tax":{"marketValue":263345.0,"assessedValue":185961.0,"taxableValue":null,"taxes":null},"mailingAddress":{"line1":"475 WORLEY COVE RD","line2":null,"city":"MARSHALL","state":"NC","zip":"28753"},"incomeTract":null,"incomeBlockGroup":null,"nearestRoad":null,"flu":null,"opportunityZone":null,"oz2Eligibility":null,"source":"nc-madison-parcels-37115","appraiserUrl":"https://lrcpwa.ncptscloud.com/Madison/PropertySummary.aspx?PIN=8783798319","gisViewerUrl":"https://experience.arcgis.com/experience/2333843dc4584e648a98fb9542dc75fe"},"geometry":{"type":"Polygon","coordinates":[[[-82.743478,35.724479],[-82.743543,35.724545],[-82.743758,35.724728],[-82.74427,35.725052],[-82.744435,35.72518],[-82.744906,35.72532],[-82.74511,35.725333],[-82.745522,35.725313],[-82.745979,35.725382],[-82.746279,35.725386],[-82.746633,35.725331],[-82.747168,35.725158],[-82.747588,35.72511],[-82.747903,35.725174],[-82.748128,35.725272],[-82.748403,35.724676],[-82.749328,35.724699],[-82.74946,35.722669],[-82.74706,35.722996],[-82.746606,35.72503],[-82.746276,35.725053],[-82.746063,35.725103],[-82.745864,35.725168],[-82.745686,35.725266],[-82.745602,35.725277],[-82.745436,35.725269],[-82.745136,35.725162],[-82.744773,35.725195],[-82.744597,35.725164],[-82.744405,35.725109],[-82.744357,35.725015],[-82.744113,35.724726],[-82.743739,35.724589],[-82.743648,35.724584],[-82.743532,35.724475],[-82.743478,35.724479]]]}},{"type":"Feature","id":"37115:8783805425","properties":{"id":"37115:8783805425","parcelId":"8783805425","countyFips":"37115","countyName":"Madison","state":"North Carolina","marketIds":["Asheville"],"situsAddress":null,"situsCity":null,"situsZip":null,"jurisdictionCode":null,"ownerName":"TEAGUE, DAVID GRADY","ownerName2":null,"propertyName":null,"zoningCode":"Residential-Agriculture District","zoningDistrict":null,"jurisdictionPrefix":null,"dorCode":null,"acreage":12.8124,"centroid":[-82.745067,35.724089],"lastSale":{"date":null,"price":null,"qualified":null},"tax":{"marketValue":66383.0,"assessedValue":null,"taxableValue":null,"taxes":null},"mailingAddress":{"line1":"287 WORLEY COVE RD","line2":null,"city":"MARSHALL","state":"NC","zip":"28753"},"incomeTract":null,"incomeBlockGroup":null,"nearestRoad":null,"flu":null,"opportunityZone":null,"oz2Eligibility":null,"source":"nc-madison-parcels-37115","appraiserUrl":"https://lrcpwa.ncptscloud.com/Madison/PropertySummary.aspx?PIN=8783805425","gisViewerUrl":"https://experience.arcgis.com/experience/2333843dc4584e648a98fb9542dc75fe"},"geometry":{"type":"Polygon","coordinates":[[[-82.743532,35.724475],[-82.743567,35.724503],[-82.743648,35.724584],[-82.743739,35.724589],[-82.744113,35.724726],[-82.744357,35.725015],[-82.744405,35.725109],[-82.744773,35.725195],[-82.745136,35.725162],[-82.745436,35.725269],[-82.745602,35.725277],[-82.745686,35.725266],[-82.745864,35.725168],[-82.746063,35.725103],[-82.746276,35.725053],[-82.746606,35.72503],[-82.74706,35.722996],[-82.747057,35.722793],[-82.746342,35.722845],[-82.746363,35.722993],[-82.746113,35.723102],[-82.745979,35.723147],[-82.745709,35.723124],[-82.745515,35.723167],[-82.745445,35.723238],[-82.745342,35.723297],[-82.745253,35.723307],[-82.74514,35.723368],[-82.745089,35.723439],[-82.744975,35.723497],[-82.744932,35.723559],[-82.744819,35.723653],[-82.744795,35.723726],[-82.744616,35.723782],[-82.744537,35.723852],[-82.744306,35.723987],[-82.743836,35.724176],[-82.743638,35.724219],[-82.743504,35.724334],[-82.743494,35.72442],[-82.743532,35.724475]]]}},{"type":"Feature","id":"37115:8793798221","properties":{"id":"37115:8793798221","parcelId":"8793798221","countyFips":"37115","countyName":"Madison","state":"North Carolina","marketIds":["Asheville"],"situsAddress":null,"situsCity":null,"situsZip":null,"jurisdictionCode":null,"ownerName":"DUKE ENERGY PROGRESS LLC","ownerName2":null,"propertyName":null,"zoningCode":"Residential-Agriculture District","zoningDistrict":null,"jurisdictionPrefix":null,"dorCode":null,"acreage":10.5899,"centroid":[-82.71506,35.724468],"lastSale":{"date":null,"price":null,"qualified":null},"tax":{"marketValue":81264.0,"assessedValue":null,"taxableValue":null,"taxes":null},"mailingAddress":{"line1":"525 S TRYON ST DEP09A","line2":null,"city":"CHARLOTTE","state":"NC","zip":"28202"},"incomeTract":null,"incomeBlockGroup":null,"nearestRoad":null,"flu":null,"opportunityZone":null,"oz2Eligibility":null,"source":"nc-madison-parcels-37115","appraiserUrl":"https://lrcpwa.ncptscloud.com/Madison/PropertySummary.aspx?PIN=8793798221","gisViewerUrl":"https://experience.arcgis.com/experience/2333843dc4584e648a98fb9542dc75fe"},"geometry":{"type":"Polygon","coordinates":[[[-82.713051,35.724853],[-82.7134,35.72611],[-82.714433,35.725983],[-82.714351,35.724782],[-82.714639,35.72467],[-82.714895,35.724831],[-82.715359,35.725413],[-82.716408,35.725909],[-82.716861,35.725693],[-82.717011,35.725596],[-82.717026,35.725567],[-82.717019,35.725545],[-82.71697,35.725541],[-82.716724,35.725565],[-82.716528,35.725537],[-82.716077,35.725366],[-82.715957,35.725287],[-82.715859,35.725189],[-82.715626,35.724783],[-82.715271,35.724452],[-82.715188,35.724325],[-82.715161,35.724232],[-82.715159,35.724135],[-82.715207,35.723988],[-82.715175,35.723897],[-82.715133,35.723568],[-82.715147,35.723389],[-82.715085,35.723197],[-82.715012,35.723107],[-82.714964,35.723108],[-82.714906,35.72318],[-82.714875,35.72326],[-82.714883,35.723363],[-82.714816,35.723569],[-82.714721,35.723769],[-82.714612,35.723928],[-82.714412,35.724047],[-82.714233,35.72408],[-82.714149,35.724054],[-82.713846,35.723803],[-82.713767,35.723797],[-82.713728,35.723837],[-82.713622,35.724037],[-82.71346,35.72421],[-82.712962,35.724502],[-82.713051,35.724853]]]}},{"type":"Feature","id":"37115:8783990087","properties":{"id":"37115:8783990087","parcelId":"8783990087","countyFips":"37115","countyName":"Madison","state":"North Carolina","marketIds":["Asheville"],"situsAddress":null,"situsCity":null,"situsZip":null,"jurisdictionCode":null,"ownerName":"TEAGUE, DAVID G;MIDDLETON, SHARON T;MIDDLETON, BRUCE E;MARLER, SHEILA K;MARLER, RONALD RANDY","ownerName2":null,"propertyName":null,"zoningCode":"Residential-Agriculture District","zoningDistrict":null,"jurisdictionPrefix":null,"dorCode":null,"acreage":7.6971,"centroid":[-82.74399,35.723238],"lastSale":{"date":null,"price":null,"qualified":null},"tax":{"marketValue":41379.0,"assessedValue":null,"taxableValue":null,"taxes":null},"mailingAddress":{"line1":"PO BOX 179","line2":null,"city":"LEICESTER","state":"NC","zip":"28748"},"incomeTract":null,"incomeBlockGroup":null,"nearestRoad":null,"flu":null,"opportunityZone":null,"oz2Eligibility":null,"source":"nc-madison-parcels-37115","appraiserUrl":"https://lrcpwa.ncptscloud.com/Madison/PropertySummary.aspx?PIN=8783990087","gisViewerUrl":"https://experience.arcgis.com/experience/2333843dc4584e648a98fb9542dc75fe"},"geometry":{"type":"Polygon","coordinates":[[[-82.743879,35.723448],[-82.744519,35.723861],[-82.744616,35.723782],[-82.744795,35.723726],[-82.744819,35.723653],[-82.744932,35.723559],[-82.744975,35.723497],[-82.745089,35.723439],[-82.74514,35.723368],[-82.745253,35.723307],[-82.745342,35.723297],[-82.745445,35.723238],[-82.745515,35.723167],[-82.745086,35.72188],[-82.743885,35.723089],[-82.743311,35.722685],[-82.743249,35.722765],[-82.742335,35.722323],[-82.741855,35.722871],[-82.741944,35.723108],[-82.742094,35.723426],[-82.74218,35.723506],[-82.742288,35.723564],[-82.743218,35.723151],[-82.743879,35.723448]]]}},{"type":"Feature","id":"37115:8793778979","properties":{"id":"37115:8793778979","parcelId":"8793778979","countyFips":"37115","countyName":"Madison","state":"North Carolina","marketIds":["Asheville"],"situsAddress":null,"situsCity":null,"situsZip":null,"jurisdictionCode":null,"ownerName":"TEAGUE, MODEEN","ownerName2":null,"propertyName":null,"zoningCode":"Residential-Agriculture District","zoningDistrict":null,"jurisdictionPrefix":null,"dorCode":null,"acreage":35.4048,"centroid":[-82.713645,35.719963],"lastSale":{"date":null,"price":null,"qualified":null},"tax":{"marketValue":312262.0,"assessedValue":50343.0,"taxableValue":null,"taxes":null},"mailingAddress":{"line1":"134 SUN MEADOW RD","line2":null,"city":"GREER","state":"SC","zip":"29650"},"incomeTract":null,"incomeBlockGroup":null,"nearestRoad":null,"flu":null,"opportunityZone":null,"oz2Eligibility":null,"source":"nc-madison-parcels-37115","appraiserUrl":"https://lrcpwa.ncptscloud.com/Madison/PropertySummary.aspx?PIN=8793778979","gisViewerUrl":"https://experience.arcgis.com/experience/2333843dc4584e648a98fb9542dc75fe"},"geometry":{"type":"MultiPolygon","coordinates":[[[[-82.713685,35.722993],[-82.71424,35.721949],[-82.715272,35.72144],[-82.716933,35.72057],[-82.715075,35.718619],[-82.714874,35.718572],[-82.714741,35.7186],[-82.714674,35.717361],[-82.714563,35.717396],[-82.714351,35.717412],[-82.713933,35.717495],[-82.713831,35.717553],[-82.71375,35.717652],[-82.713687,35.717807],[-82.71362,35.718058],[-82.71352,35.718302],[-82.713197,35.718828],[-82.713109,35.719018],[-82.713026,35.719293],[-82.713213,35.719309],[-82.713434,35.719391],[-82.713558,35.719494],[-82.713568,35.719634],[-82.713492,35.719823],[-82.713353,35.719983],[-82.713246,35.720217],[-82.713221,35.720297],[-82.713202,35.720594],[-82.71315,35.720946],[-82.713091,35.721104],[-82.712923,35.721399],[-82.712781,35.721961],[-82.712763,35.722131],[-82.712717,35.722298],[-82.712646,35.722459],[-82.712387,35.722877],[-82.712785,35.72295],[-82.712913,35.722825],[-82.713685,35.722993]]],[[[-82.712993,35.719441],[-82.712899,35.719675],[-82.712535,35.7203],[-82.712342,35.720748],[-82.712148,35.721125],[-82.712075,35.721216],[-82.711932,35.721505],[-82.711809,35.721687],[-82.711724,35.721908],[-82.711508,35.722674],[-82.711486,35.722803],[-82.711385,35.723005],[-82.712405,35.723956],[-82.712203,35.723445],[-82.712164,35.723243],[-82.712161,35.722992],[-82.71219,35.722901],[-82.712495,35.722397],[-82.712551,35.722225],[-82.712734,35.721432],[-82.712802,35.721256],[-82.712956,35.721008],[-82.713028,35.720664],[-82.713041,35.720374],[-82.713076,35.720202],[-82.713177,35.719971],[-82.713349,35.719749],[-82.713398,35.719609],[-82.713398,35.719561],[-82.713369,35.719524],[-82.713263,35.719469],[-82.713081,35.71943],[-82.712993,35.719441]]]]}},{"type":"Feature","id":"37115:8793381692","properties":{"id":"37115:8793381692","parcelId":"8793381692","countyFips":"37115","countyName":"Madison","state":"North Carolina","marketIds":["Asheville"],"situsAddress":null,"situsCity":null,"situsZip":null,"jurisdictionCode":null,"ownerName":"DUKE ENERGY PROGRESS LLC","ownerName2":null,"propertyName":null,"zoningCode":"Residential-Agriculture District","zoningDistrict":null,"jurisdictionPrefix":null,"dorCode":null,"acreage":7.2208,"centroid":[-82.729527,35.722304],"lastSale":{"date":null,"price":null,"qualified":null},"tax":{"marketValue":54859.0,"assessedValue":null,"taxableValue":null,"taxes":null},"mailingAddress":{"line1":"525 S TRYON ST DEP09A","line2":null,"city":"CHARLOTTE","state":"NC","zip":"28202"},"incomeTract":null,"incomeBlockGroup":null,"nearestRoad":null,"flu":null,"opportunityZone":null,"oz2Eligibility":null,"source":"nc-madison-parcels-37115","appraiserUrl":"https://lrcpwa.ncptscloud.com/Madison/PropertySummary.aspx?PIN=8793381692","gisViewerUrl":"https://experience.arcgis.com/experience/2333843dc4584e648a98fb9542dc75fe"},"geometry":{"type":"Polygon","coordinates":[[[-82.7294,35.722496],[-82.729506,35.722585],[-82.729953,35.72292],[-82.730312,35.723149],[-82.730344,35.723117],[-82.730418,35.722936],[-82.730429,35.722844],[-82.730481,35.722764],[-82.730544,35.722717],[-82.730636,35.722694],[-82.730891,35.722711],[-82.730984,35.7227],[-82.731369,35.722526],[-82.731761,35.722491],[-82.731969,35.722343],[-82.731851,35.722235],[-82.731769,35.722106],[-82.731149,35.722127],[-82.7311,35.722204],[-82.731052,35.722239],[-82.730846,35.72231],[-82.730717,35.722309],[-82.730495,35.722271],[-82.730176,35.72216],[-82.729497,35.721794],[-82.729454,35.721717],[-82.729452,35.721558],[-82.729498,35.721228],[-82.729545,35.721116],[-82.729657,35.720968],[-82.729769,35.720887],[-82.729922,35.720684],[-82.72995,35.720584],[-82.729941,35.720482],[-82.729868,35.720411],[-82.729742,35.720359],[-82.72968,35.720306],[-82.729608,35.720273],[-82.729515,35.720262],[-82.729467,35.720224],[-82.729426,35.720149],[-82.729207,35.719982],[-82.729145,35.719893],[-82.728846,35.719705],[-82.728732,35.719681],[-82.728203,35.720355],[-82.728456,35.720342],[-82.728802,35.720374],[-82.729211,35.720784],[-82.729092,35.721815],[-82.7294,35.722496]]]}},{"type":"Feature","id":"37115:8793573797","properties":{"id":"37115:8793573797","parcelId":"8793573797","countyFips":"37115","countyName":"Madison","state":"North Carolina","marketIds":["Asheville"],"situsAddress":null,"situsCity":null,"situsZip":null,"jurisdictionCode":null,"ownerName":"BARDWELL, STEVEN;LUNSFORD, PATRICIA GAIL","ownerName2":null,"propertyName":null,"zoningCode":"Residential-Agriculture District","zoningDistrict":null,"jurisdictionPrefix":null,"dorCode":null,"acreage":34.2327,"centroid":[-82.722712,35.719932],"lastSale":{"date":null,"price":null,"qualified":null},"tax":{"marketValue":119187.0,"assessedValue":null,"taxableValue":null,"taxes":null},"mailingAddress":{"line1":"472 TEAGUE RD","line2":null,"city":"MARSHALL","state":"NC","zip":"28753"},"incomeTract":null,"incomeBlockGroup":null,"nearestRoad":null,"flu":null,"opportunityZone":null,"oz2Eligibility":null,"source":"nc-madison-parcels-37115","appraiserUrl":"https://lrcpwa.ncptscloud.com/Madison/PropertySummary.aspx?PIN=8793573797","gisViewerUrl":"https://experience.arcgis.com/experience/2333843dc4584e648a98fb9542dc75fe"},"geometry":{"type":"Polygon","coordinates":[[[-82.720418,35.721379],[-82.719774,35.722467],[-82.719741,35.722503],[-82.720966,35.722621],[-82.721688,35.723176],[-82.724782,35.718972],[-82.725606,35.717539],[-82.725305,35.717551],[-82.7251,35.717849],[-82.723728,35.717813],[-82.722725,35.717386],[-82.720418,35.721379]]]}},{"type":"Feature","id":"37115:8793675190","properties":{"id":"37115:8793675190","parcelId":"8793675190","countyFips":"37115","countyName":"Madison","state":"North Carolina","marketIds":["Asheville"],"situsAddress":null,"situsCity":null,"situsZip":null,"jurisdictionCode":null,"ownerName":"CRAMER, WENDELL MICHAEL JR;CRAMER, KACEY H","ownerName2":null,"propertyName":null,"zoningCode":"Residential-Agriculture District","zoningDistrict":null,"jurisdictionPrefix":null,"dorCode":null,"acreage":36.5656,"centroid":[-82.717798,35.717914],"lastSale":{"date":null,"price":null,"qualified":null},"tax":{"marketValue":514222.0,"assessedValue":333614.0,"taxableValue":null,"taxes":null},"mailingAddress":{"line1":"1276 TEAGUE RD","line2":null,"city":"MARSHALL","state":"NC","zip":"28753"},"incomeTract":null,"incomeBlockGroup":null,"nearestRoad":null,"flu":null,"opportunityZone":null,"oz2Eligibility":null,"source":"nc-madison-parcels-37115","appraiserUrl":"https://lrcpwa.ncptscloud.com/Madison/PropertySummary.aspx?PIN=8793675190","gisViewerUrl":"https://experience.arcgis.com/experience/2333843dc4584e648a98fb9542dc75fe"},"geometry":{"type":"Polygon","coordinates":[[[-82.717889,35.720743],[-82.720244,35.720801],[-82.720439,35.718721],[-82.719644,35.718364],[-82.719699,35.71661],[-82.719805,35.716075],[-82.719208,35.716487],[-82.719098,35.71652],[-82.71883,35.716665],[-82.718334,35.716739],[-82.718429,35.717017],[-82.717888,35.717317],[-82.717095,35.717195],[-82.717092,35.717014],[-82.716981,35.717028],[-82.716704,35.716951],[-82.716632,35.717349],[-82.716663,35.717438],[-82.716517,35.717942],[-82.715425,35.718652],[-82.71531,35.718668],[-82.715075,35.718619],[-82.716933,35.72057],[-82.717214,35.720449],[-82.717889,35.720743]]]}},{"type":"Feature","id":"37115:8793567785","properties":{"id":"37115:8793567785","parcelId":"8793567785","countyFips":"37115","countyName":"Madison","state":"North Carolina","marketIds":["Asheville"],"situsAddress":null,"situsCity":null,"situsZip":null,"jurisdictionCode":null,"ownerName":null,"ownerName2":null,"propertyName":null,"zoningCode":"R-A","zoningDistrict":null,"jurisdictionPrefix":null,"dorCode":null,"acreage":17.4677,"centroid":[-82.720721,35.717455],"lastSale":{"date":null,"price":null,"qualified":null},"tax":{"marketValue":null,"assessedValue":null,"taxableValue":null,"taxes":null},"mailingAddress":{"line1":null,"line2":null,"city":null,"state":null,"zip":null},"incomeTract":null,"incomeBlockGroup":null,"nearestRoad":null,"flu":null,"opportunityZone":null,"oz2Eligibility":null,"source":"nc-madison-parcels-37115","appraiserUrl":"https://lrcpwa.ncptscloud.com/Madison/PropertySummary.aspx?PIN=8793567785","gisViewerUrl":"https://experience.arcgis.com/experience/2333843dc4584e648a98fb9542dc75fe"},"geometry":{"type":"Polygon","coordinates":[[[-82.719805,35.716075],[-82.719699,35.71661],[-82.719644,35.718364],[-82.720439,35.718721],[-82.72031,35.720175],[-82.720598,35.720188],[-82.722374,35.717147],[-82.72209,35.716963],[-82.721691,35.716359],[-82.720962,35.71587],[-82.720323,35.715531],[-82.719805,35.716075]]]}},{"type":"Feature","id":"37115:8793270001","properties":{"id":"37115:8793270001","parcelId":"8793270001","countyFips":"37115","countyName":"Madison","state":"North Carolina","marketIds":["Asheville"],"situsAddress":null,"situsCity":null,"situsZip":null,"jurisdictionCode":null,"ownerName":null,"ownerName2":null,"propertyName":null,"zoningCode":"R-A","zoningDistrict":null,"jurisdictionPrefix":null,"dorCode":null,"acreage":5.7484,"centroid":[-82.732809,35.718538],"lastSale":{"date":null,"price":null,"qualified":null},"tax":{"marketValue":53290.0,"assessedValue":null,"taxableValue":null,"taxes":null},"mailingAddress":{"line1":null,"line2":null,"city":null,"state":null,"zip":null},"incomeTract":null,"incomeBlockGroup":null,"nearestRoad":null,"flu":null,"opportunityZone":null,"oz2Eligibility":null,"source":"nc-madison-parcels-37115","appraiserUrl":"https://lrcpwa.ncptscloud.com/Madison/PropertySummary.aspx?PIN=8793270001","gisViewerUrl":"https://experience.arcgis.com/experience/2333843dc4584e648a98fb9542dc75fe"},"geometry":{"type":"Polygon","coordinates":[[[-82.732289,35.719022],[-82.732508,35.719111],[-82.732655,35.71878],[-82.732864,35.718473],[-82.732993,35.718341],[-82.733266,35.718145],[-82.733471,35.718037],[-82.733689,35.71795],[-82.734723,35.717685],[-82.735504,35.717435],[-82.73593,35.717213],[-82.736356,35.716952],[-82.736516,35.716822],[-82.736781,35.716524],[-82.736979,35.716195],[-82.736995,35.716129],[-82.73701,35.715996],[-82.736987,35.715797],[-82.736899,35.715566],[-82.736804,35.715424],[-82.736676,35.715299],[-82.736538,35.715221],[-82.736479,35.715394],[-82.735857,35.715223],[-82.735246,35.715179],[-82.734721,35.71522],[-82.733434,35.714839],[-82.733299,35.714998],[-82.733531,35.715151],[-82.733724,35.715158],[-82.733788,35.715202],[-82.733955,35.715218],[-82.734115,35.71526],[-82.734502,35.715291],[-82.734657,35.715323],[-82.73522,35.715344],[-82.735836,35.715303],[-82.735999,35.715388],[-82.736118,35.715377],[-82.736257,35.715401],[-82.73647,35.715525],[-82.736601,35.715704],[-82.736681,35.715886],[-82.736682,35.71608],[-82.736542,35.716331],[-82.73633,35.716547],[-82.736118,35.716815],[-82.735773,35.717025],[-82.735408,35.717213],[-82.735094,35.717438],[-82.734765,35.717575],[-82.734396,35.717636],[-82.733818,35.717597],[-82.733652,35.717614],[-82.733297,35.717691],[-82.732882,35.717913],[-82.732767,35.718026],[-82.732598,35.718139],[-82.732481,35.71829],[-82.732325,35.718611],[-82.732301,35.718724],[-82.732289,35.719022]]]}},{"type":"Feature","id":"37115:8794120512","properties":{"id":"37115:8794120512","parcelId":"8794120512","countyFips":"37115","countyName":"Madison","state":"North Carolina","marketIds":["Asheville"],"situsAddress":null,"situsCity":null,"situsZip":null,"jurisdictionCode":null,"ownerName":"ABERNATHY, DAVID B;ABERNATHY, SUSAN G","ownerName2":null,"propertyName":null,"zoningCode":"Residential-Agriculture District","zoningDistrict":null,"jurisdictionPrefix":null,"dorCode":null,"acreage":23.6164,"centroid":[-82.737439,35.733281],"lastSale":{"date":null,"price":null,"qualified":null},"tax":{"marketValue":400235.0,"assessedValue":222454.0,"taxableValue":null,"taxes":null},"mailingAddress":{"line1":"221 DALLAS JACK LN","line2":null,"city":"MARSHALL","state":"NC","zip":"28753"},"incomeTract":null,"incomeBlockGroup":null,"nearestRoad":null,"flu":null,"opportunityZone":null,"oz2Eligibility":null,"source":"nc-madison-parcels-37115","appraiserUrl":"https://lrcpwa.ncptscloud.com/Madison/PropertySummary.aspx?PIN=8794120512","gisViewerUrl":"https://experience.arcgis.com/experience/2333843dc4584e648a98fb9542dc75fe"},"geometry":{"type":"Polygon","coordinates":[[[-82.735874,35.7342],[-82.737519,35.734293],[-82.738531,35.734343],[-82.7393,35.734429],[-82.739454,35.732745],[-82.738521,35.731139],[-82.736012,35.731752],[-82.735909,35.732793],[-82.735832,35.733836],[-82.735874,35.7342]]]}},{"type":"Feature","id":"37115:9704672154","properties":{"id":"37115:9704672154","parcelId":"9704672154","countyFips":"37115","countyName":"Madison","state":"North Carolina","marketIds":["Asheville"],"situsAddress":null,"situsCity":null,"situsZip":null,"jurisdictionCode":null,"ownerName":"CLARK, SHANE","ownerName2":null,"propertyName":null,"zoningCode":"Residential-Agriculture District","zoningDistrict":null,"jurisdictionPrefix":null,"dorCode":null,"acreage":38.8766,"centroid":[-82.687909,35.74651],"lastSale":{"date":null,"price":null,"qualified":null},"tax":{"marketValue":415380.0,"assessedValue":118315.0,"taxableValue":null,"taxes":null},"mailingAddress":{"line1":"166 MACON AVENUE","line2":null,"city":"ASHEVILLE","state":"NC","zip":"28801"},"incomeTract":null,"incomeBlockGroup":null,"nearestRoad":null,"flu":null,"opportunityZone":null,"oz2Eligibility":null,"source":"nc-madison-parcels-37115","appraiserUrl":"https://lrcpwa.ncptscloud.com/Madison/PropertySummary.aspx?PIN=9704672154","gisViewerUrl":"https://experience.arcgis.com/experience/2333843dc4584e648a98fb9542dc75fe"},"geometry":{"type":"Polygon","coordinates":[[[-82.6873,35.747833],[-82.687728,35.748063],[-82.689322,35.748279],[-82.689467,35.748049],[-82.689675,35.747635],[-82.689833,35.747424],[-82.689999,35.747321],[-82.690186,35.747246],[-82.690447,35.747189],[-82.690805,35.747147],[-82.690942,35.747095],[-82.690988,35.747023],[-82.691,35.746886],[-82.690898,35.746476],[-82.690889,35.746036],[-82.690932,35.745856],[-82.690916,35.745674],[-82.690935,35.745451],[-82.69098,35.745264],[-82.689764,35.745246],[-82.689825,35.744399],[-82.689773,35.744361],[-82.687113,35.746591],[-82.686689,35.746469],[-82.686497,35.746457],[-82.686197,35.746348],[-82.686089,35.746396],[-82.6858,35.746311],[-82.685245,35.745244],[-82.684904,35.745164],[-82.684757,35.744798],[-82.684175,35.744773],[-82.684147,35.74491],[-82.684385,35.745],[-82.683707,35.745707],[-82.684144,35.747859],[-82.684522,35.747774],[-82.684954,35.747755],[-82.685329,35.747769],[-82.686119,35.747856],[-82.686911,35.747791],[-82.6873,35.747833]]]}},{"type":"Feature","id":"37115:8793068874","properties":{"id":"37115:8793068874","parcelId":"8793068874","countyFips":"37115","countyName":"Madison","state":"North Carolina","marketIds":["Asheville"],"situsAddress":null,"situsCity":null,"situsZip":null,"jurisdictionCode":null,"ownerName":"SAMS, SANDY T;SAMS, KATHY D;SAMS, REGINA A;SAMS, LYDIA K;SAMS, HAMPTON W","ownerName2":null,"propertyName":null,"zoningCode":"Residential-Agriculture District","zoningDistrict":null,"jurisdictionPrefix":null,"dorCode":null,"acreage":5.3422,"centroid":[-82.737158,35.717073],"lastSale":{"date":null,"price":null,"qualified":null},"tax":{"marketValue":208539.0,"assessedValue":153982.0,"taxableValue":null,"taxes":null},"mailingAddress":{"line1":"8244 MEADOWS TOWN RD","line2":null,"city":"MARSHALL","state":"NC","zip":"28753"},"incomeTract":null,"incomeBlockGroup":null,"nearestRoad":null,"flu":null,"opportunityZone":null,"oz2Eligibility":null,"source":"nc-madison-parcels-37115","appraiserUrl":"https://lrcpwa.ncptscloud.com/Madison/PropertySummary.aspx?PIN=8793068874","gisViewerUrl":"https://experience.arcgis.com/experience/2333843dc4584e648a98fb9542dc75fe"},"geometry":{"type":"Polygon","coordinates":[[[-82.736009,35.717368],[-82.73627,35.717456],[-82.736764,35.717567],[-82.737553,35.717882],[-82.738072,35.717796],[-82.73852,35.71664],[-82.737965,35.716757],[-82.737576,35.71626],[-82.737021,35.716495],[-82.736874,35.716711],[-82.736702,35.716914],[-82.736569,35.717024],[-82.736009,35.717368]]]}},{"type":"Feature","id":"37115:8794023426","properties":{"id":"37115:8794023426","parcelId":"8794023426","countyFips":"37115","countyName":"Madison","state":"North Carolina","marketIds":["Asheville"],"situsAddress":null,"situsCity":null,"situsZip":null,"jurisdictionCode":null,"ownerName":"HENRY, JEANETTE M.;HENRY, MARK S.;HENRY, DANAAN SHAW;HENRY, CADY SUSAN;HENRY, EMANUAL STEPHEN","ownerName2":null,"propertyName":null,"zoningCode":"Residential-Agriculture District","zoningDistrict":null,"jurisdictionPrefix":null,"dorCode":null,"acreage":13.83,"centroid":[-82.740367,35.732842],"lastSale":{"date":null,"price":null,"qualified":null},"tax":{"marketValue":383294.0,"assessedValue":319099.0,"taxableValue":null,"taxes":null},"mailingAddress":{"line1":"575 PINEY GROVE ROAD","line2":null,"city":"MARSHALL","state":"NC","zip":"28753"},"incomeTract":null,"incomeBlockGroup":null,"nearestRoad":null,"flu":null,"opportunityZone":null,"oz2Eligibility":null,"source":"nc-madison-parcels-37115","appraiserUrl":"https://lrcpwa.ncptscloud.com/Madison/PropertySummary.aspx?PIN=8794023426","gisViewerUrl":"https://experience.arcgis.com/experience/2333843dc4584e648a98fb9542dc75fe"},"geometry":{"type":"Polygon","coordinates":[[[-82.7393,35.734429],[-82.740274,35.734538],[-82.740991,35.73459],[-82.741052,35.734167],[-82.741251,35.733295],[-82.741242,35.733228],[-82.741187,35.733143],[-82.740676,35.732807],[-82.740551,35.7327],[-82.740405,35.73221],[-82.740285,35.731714],[-82.740191,35.731215],[-82.740122,35.730714],[-82.738521,35.731139],[-82.739454,35.732745],[-82.7393,35.734429]]]}},{"type":"Feature","id":"37115:8784923727","properties":{"id":"37115:8784923727","parcelId":"8784923727","countyFips":"37115","countyName":"Madison","state":"North Carolina","marketIds":["Asheville"],"situsAddress":null,"situsCity":null,"situsZip":null,"jurisdictionCode":null,"ownerName":"HENRY, JEANETTE M.;HENRY, MARK S.;HENRY, DANAAN SHAW;HENRY, CADY SUSAN;HENRY, EMANUAL STEPHEN","ownerName2":null,"propertyName":null,"zoningCode":"Residential-Agriculture District","zoningDistrict":null,"jurisdictionPrefix":null,"dorCode":null,"acreage":33.7247,"centroid":[-82.742553,35.732927],"lastSale":{"date":null,"price":null,"qualified":null},"tax":{"marketValue":135516.0,"assessedValue":null,"taxableValue":null,"taxes":null},"mailingAddress":{"line1":"575 PINEY GROVE ROAD","line2":null,"city":"MARSHALL","state":"NC","zip":"28753"},"incomeTract":null,"incomeBlockGroup":null,"nearestRoad":null,"flu":null,"opportunityZone":null,"oz2Eligibility":null,"source":"nc-madison-parcels-37115","appraiserUrl":"https://lrcpwa.ncptscloud.com/Madison/PropertySummary.aspx?PIN=8784923727","gisViewerUrl":"https://experience.arcgis.com/experience/2333843dc4584e648a98fb9542dc75fe"},"geometry":{"type":"Polygon","coordinates":[[[-82.741682,35.734583],[-82.742219,35.734577],[-82.743043,35.734613],[-82.743703,35.734555],[-82.744832,35.734561],[-82.74596,35.734591],[-82.746499,35.734629],[-82.745477,35.733304],[-82.744694,35.732339],[-82.744423,35.732368],[-82.744152,35.732343],[-82.743975,35.732245],[-82.743737,35.732222],[-82.743496,35.732122],[-82.742517,35.732161],[-82.742348,35.732067],[-82.741772,35.731399],[-82.741556,35.730414],[-82.740122,35.730714],[-82.740191,35.731215],[-82.740285,35.731714],[-82.740405,35.73221],[-82.740551,35.7327],[-82.740676,35.732807],[-82.741187,35.733143],[-82.741242,35.733228],[-82.741251,35.733295],[-82.741052,35.734167],[-82.740991,35.73459],[-82.741682,35.734583]]]}},{"type":"Feature","id":"37115:8784733596","properties":{"id":"37115:8784733596","parcelId":"8784733596","countyFips":"37115","countyName":"Madison","state":"North Carolina","marketIds":["Asheville"],"situsAddress":null,"situsCity":null,"situsZip":null,"jurisdictionCode":null,"ownerName":"BUCKNER, TIMOTHY RONALD;BUCKNER, TIMOTHY GLENN","ownerName2":null,"propertyName":null,"zoningCode":"Residential-Agriculture District","zoningDistrict":null,"jurisdictionPrefix":null,"dorCode":null,"acreage":21.0981,"centroid":[-82.749668,35.735296],"lastSale":{"date":null,"price":null,"qualified":null},"tax":{"marketValue":143582.0,"assessedValue":73996.0,"taxableValue":null,"taxes":null},"mailingAddress":{"line1":"1321 WORLEY COVE","line2":null,"city":"MARSHALL","state":"NC","zip":"28753"},"incomeTract":null,"incomeBlockGroup":null,"nearestRoad":null,"flu":null,"opportunityZone":null,"oz2Eligibility":null,"source":"nc-madison-parcels-37115","appraiserUrl":"https://lrcpwa.ncptscloud.com/Madison/PropertySummary.aspx?PIN=8784733596","gisViewerUrl":"https://experience.arcgis.com/experience/2333843dc4584e648a98fb9542dc75fe"},"geometry":{"type":"Polygon","coordinates":[[[-82.747152,35.736736],[-82.748059,35.736796],[-82.74872,35.736642],[-82.751923,35.735553],[-82.751914,35.735476],[-82.751961,35.735097],[-82.751928,35.734959],[-82.751788,35.734553],[-82.751565,35.734192],[-82.751478,35.73382],[-82.750571,35.734063],[-82.749244,35.734238],[-82.748249,35.734463],[-82.747823,35.735444],[-82.747415,35.735446],[-82.747321,35.736122],[-82.747249,35.736431],[-82.747152,35.736736]]]}},{"type":"Feature","id":"37115:8784931576","properties":{"id":"37115:8784931576","parcelId":"8784931576","countyFips":"37115","countyName":"Madison","state":"North Carolina","marketIds":["Asheville"],"situsAddress":null,"situsCity":null,"situsZip":null,"jurisdictionCode":null,"ownerName":"YATES, GREGORY F;YATES, KELLY S","ownerName2":null,"propertyName":null,"zoningCode":"Residential-Agriculture District","zoningDistrict":null,"jurisdictionPrefix":null,"dorCode":null,"acreage":35.0217,"centroid":[-82.743782,35.736119],"lastSale":{"date":null,"price":null,"qualified":null},"tax":{"marketValue":132819.0,"assessedValue":null,"taxableValue":null,"taxes":null},"mailingAddress":{"line1":"PO BOX 793","line2":null,"city":"MARS HILL","state":"NC","zip":"28754"},"incomeTract":null,"incomeBlockGroup":null,"nearestRoad":null,"flu":null,"opportunityZone":null,"oz2Eligibility":null,"source":"nc-madison-parcels-37115","appraiserUrl":"https://lrcpwa.ncptscloud.com/Madison/PropertySummary.aspx?PIN=8784931576","gisViewerUrl":"https://experience.arcgis.com/experience/2333843dc4584e648a98fb9542dc75fe"},"geometry":{"type":"Polygon","coordinates":[[[-82.73956,35.73779],[-82.740358,35.737811],[-82.740739,35.737772],[-82.741256,35.737514],[-82.741485,35.737479],[-82.74175,35.737506],[-82.743107,35.737333],[-82.743845,35.737455],[-82.744271,35.736582],[-82.744801,35.735792],[-82.745119,35.735963],[-82.745446,35.736107],[-82.74579,35.736308],[-82.746689,35.736441],[-82.747152,35.736736],[-82.747249,35.736431],[-82.747321,35.736122],[-82.747415,35.735446],[-82.746965,35.73538],[-82.746904,35.735137],[-82.746881,35.734852],[-82.746721,35.734631],[-82.745396,35.734573],[-82.744268,35.734555],[-82.743703,35.734555],[-82.743043,35.734613],[-82.742219,35.734577],[-82.741682,35.734583],[-82.741733,35.734808],[-82.741644,35.735647],[-82.740983,35.736459],[-82.739671,35.737469],[-82.739642,35.737507],[-82.73956,35.73779]]]}},{"type":"Feature","id":"37115:9704241806","properties":{"id":"37115:9704241806","parcelId":"9704241806","countyFips":"37115","countyName":"Madison","state":"North Carolina","marketIds":["Asheville"],"situsAddress":null,"situsCity":null,"situsZip":null,"jurisdictionCode":null,"ownerName":"GORDON, DANA M.;GORDON, DANA P.","ownerName2":null,"propertyName":null,"zoningCode":"Residential-Agriculture District","zoningDistrict":null,"jurisdictionPrefix":null,"dorCode":null,"acreage":34.4572,"centroid":[-82.698781,35.739854],"lastSale":{"date":null,"price":null,"qualified":null},"tax":{"marketValue":311989.0,"assessedValue":237389.0,"taxableValue":null,"taxes":null},"mailingAddress":{"line1":"500 SOUTH SHORE DRIVE","line2":null,"city":"MIAMI BEACH","state":"FL","zip":"33141"},"incomeTract":null,"incomeBlockGroup":null,"nearestRoad":null,"flu":null,"opportunityZone":null,"oz2Eligibility":null,"source":"nc-madison-parcels-37115","appraiserUrl":"https://lrcpwa.ncptscloud.com/Madison/PropertySummary.aspx?PIN=9704241806","gisViewerUrl":"https://experience.arcgis.com/experience/2333843dc4584e648a98fb9542dc75fe"},"geometry":{"type":"Polygon","coordinates":[[[-82.696457,35.737033],[-82.696554,35.737158],[-82.696691,35.737429],[-82.696792,35.737709],[-82.69681,35.73815],[-82.696783,35.73841],[-82.696798,35.738641],[-82.696864,35.738852],[-82.696955,35.739057],[-82.697028,35.73919],[-82.69714,35.739314],[-82.697241,35.739497],[-82.697413,35.739683],[-82.697945,35.740414],[-82.698219,35.740711],[-82.698341,35.740896],[-82.698586,35.741142],[-82.698811,35.741401],[-82.698873,35.741534],[-82.699068,35.742207],[-82.6991,35.742073],[-82.699105,35.741924],[-82.699226,35.741714],[-82.69945,35.741576],[-82.699696,35.741617],[-82.700308,35.741596],[-82.700407,35.741553],[-82.700688,35.741399],[-82.700938,35.741213],[-82.7016,35.740547],[-82.70315,35.740398],[-82.702797,35.739615],[-82.702066,35.73942],[-82.701615,35.739457],[-82.700012,35.738385],[-82.699438,35.738488],[-82.698177,35.738022],[-82.696535,35.737011],[-82.696457,35.737033]]]}},{"type":"Feature","id":"37115:8783974707","properties":{"id":"37115:8783974707","parcelId":"8783974707","countyFips":"37115","countyName":"Madison","state":"North Carolina","marketIds":["Asheville"],"situsAddress":null,"situsCity":null,"situsZip":null,"jurisdictionCode":null,"ownerName":"LUSK, LARRY MICHAEL SR. CO-TRUSTEE;LUSK, KAREN C. CO-TRUSTEE;LUSK REVOCABLE FAMILY TRUST DATED 02/12/24","ownerName2":null,"propertyName":null,"zoningCode":"Residential-Agriculture District","zoningDistrict":null,"jurisdictionPrefix":null,"dorCode":null,"acreage":5.7789,"centroid":[-82.74274,35.7198],"lastSale":{"date":null,"price":null,"qualified":null},"tax":{"marketValue":280331.0,"assessedValue":252395.0,"taxableValue":null,"taxes":null},"mailingAddress":{"line1":"PO BOX 433","line2":null,"city":"LEICESTER","state":"NC","zip":"28748"},"incomeTract":null,"incomeBlockGroup":null,"nearestRoad":null,"flu":null,"opportunityZone":null,"oz2Eligibility":null,"source":"nc-madison-parcels-37115","appraiserUrl":"https://lrcpwa.ncptscloud.com/Madison/PropertySummary.aspx?PIN=8783974707","gisViewerUrl":"https://experience.arcgis.com/experience/2333843dc4584e648a98fb9542dc75fe"},"geometry":{"type":"Polygon","coordinates":[[[-82.740947,35.720017],[-82.741085,35.72009],[-82.741665,35.720342],[-82.742124,35.72049],[-82.742182,35.720041],[-82.743023,35.720121],[-82.743466,35.720187],[-82.743458,35.720236],[-82.743856,35.720336],[-82.743935,35.720314],[-82.743983,35.720258],[-82.743869,35.71995],[-82.743822,35.719529],[-82.74376,35.719416],[-82.743647,35.71935],[-82.743378,35.719283],[-82.743019,35.719253],[-82.7422,35.719144],[-82.742171,35.719268],[-82.742077,35.719369],[-82.741968,35.719419],[-82.741759,35.719461],[-82.741625,35.71952],[-82.740947,35.720017]]]}},{"type":"Feature","id":"37115:9704622716","properties":{"id":"37115:9704622716","parcelId":"9704622716","countyFips":"37115","countyName":"Madison","state":"North Carolina","marketIds":["Asheville"],"situsAddress":null,"situsCity":null,"situsZip":null,"jurisdictionCode":null,"ownerName":"HARROWER, STEVEN J.;HARROWER, LINDA R.","ownerName2":null,"propertyName":null,"zoningCode":"Residential-Agriculture District","zoningDistrict":null,"jurisdictionPrefix":null,"dorCode":null,"acreage":28.4351,"centroid":[-82.686153,35.735027],"lastSale":{"date":null,"price":null,"qualified":null},"tax":{"marketValue":399655.0,"assessedValue":241150.0,"taxableValue":null,"taxes":null},"mailingAddress":{"line1":"550 RAMSEY SNELSON ROAD","line2":null,"city":"MARSHALL","state":"NC","zip":"28753"},"incomeTract":null,"incomeBlockGroup":null,"nearestRoad":null,"flu":null,"opportunityZone":null,"oz2Eligibility":null,"source":"nc-madison-parcels-37115","appraiserUrl":"https://lrcpwa.ncptscloud.com/Madison/PropertySummary.aspx?PIN=9704622716","gisViewerUrl":"https://experience.arcgis.com/experience/2333843dc4584e648a98fb9542dc75fe"},"geometry":{"type":"Polygon","coordinates":[[[-82.685614,35.735565],[-82.685644,35.735615],[-82.685805,35.735954],[-82.68584,35.736148],[-82.685935,35.736404],[-82.686046,35.736793],[-82.686235,35.737036],[-82.686781,35.736755],[-82.687571,35.736649],[-82.687883,35.73637],[-82.688033,35.736188],[-82.688157,35.735992],[-82.688515,35.735854],[-82.688604,35.735626],[-82.688216,35.734664],[-82.687738,35.73373],[-82.687408,35.733185],[-82.687048,35.732654],[-82.686691,35.732745],[-82.686378,35.732911],[-82.685992,35.732868],[-82.68595,35.732878],[-82.68547,35.733103],[-82.684647,35.733717],[-82.684618,35.734172],[-82.683891,35.734891],[-82.683983,35.734992],[-82.684125,35.735101],[-82.684281,35.735165],[-82.684816,35.735273],[-82.684971,35.735326],[-82.685291,35.735468],[-82.68547,35.735587],[-82.685553,35.735522],[-82.685614,35.735565]]]}},{"type":"Feature","id":"37115:9704138627","properties":{"id":"37115:9704138627","parcelId":"9704138627","countyFips":"37115","countyName":"Madison","state":"North Carolina","marketIds":["Asheville"],"situsAddress":null,"situsCity":null,"situsZip":null,"jurisdictionCode":null,"ownerName":"MARASHI, AMIR","ownerName2":null,"propertyName":null,"zoningCode":"Residential-Agriculture District","zoningDistrict":null,"jurisdictionPrefix":null,"dorCode":null,"acreage":15.1308,"centroid":[-82.694869,35.737601],"lastSale":{"date":null,"price":null,"qualified":null},"tax":{"marketValue":108072.0,"assessedValue":null,"taxableValue":null,"taxes":null},"mailingAddress":{"line1":"11364 BALLANTYNE CROSSING","line2":null,"city":"CHARLOTTE","state":"NC","zip":"28222"},"incomeTract":null,"incomeBlockGroup":null,"nearestRoad":null,"flu":null,"opportunityZone":null,"oz2Eligibility":null,"source":"nc-madison-parcels-37115","appraiserUrl":"https://lrcpwa.ncptscloud.com/Madison/PropertySummary.aspx?PIN=9704138627","gisViewerUrl":"https://experience.arcgis.com/experience/2333843dc4584e648a98fb9542dc75fe"},"geometry":{"type":"Polygon","coordinates":[[[-82.692712,35.7381],[-82.693225,35.738188],[-82.693614,35.738182],[-82.694113,35.738283],[-82.695034,35.737889],[-82.695585,35.738152],[-82.696621,35.737891],[-82.696611,35.737748],[-82.696456,35.737299],[-82.695988,35.736588],[-82.695811,35.736184],[-82.692653,35.73671],[-82.692712,35.7381]]]}},{"type":"Feature","id":"37115:8794621598","properties":{"id":"37115:8794621598","parcelId":"8794621598","countyFips":"37115","countyName":"Madison","state":"North Carolina","marketIds":["Asheville"],"situsAddress":null,"situsCity":null,"situsZip":null,"jurisdictionCode":null,"ownerName":"VILLAMOR, JIMENA;THOMPKINS, ISHMAEL","ownerName2":null,"propertyName":null,"zoningCode":"Residential-Agriculture District","zoningDistrict":null,"jurisdictionPrefix":null,"dorCode":null,"acreage":18.2106,"centroid":[-82.720277,35.733107],"lastSale":{"date":null,"price":null,"qualified":null},"tax":{"marketValue":null,"assessedValue":null,"taxableValue":null,"taxes":null},"mailingAddress":{"line1":"6555 MEADOWS TOWN ROAD","line2":null,"city":"MARSHALL","state":"NC","zip":"28753"},"incomeTract":null,"incomeBlockGroup":null,"nearestRoad":null,"flu":null,"opportunityZone":null,"oz2Eligibility":null,"source":"nc-madison-parcels-37115","appraiserUrl":"https://lrcpwa.ncptscloud.com/Madison/PropertySummary.aspx?PIN=8794621598","gisViewerUrl":"https://experience.arcgis.com/experience/2333843dc4584e648a98fb9542dc75fe"},"geometry":{"type":"Polygon","coordinates":[[[-82.719857,35.735052],[-82.721541,35.735182],[-82.721575,35.734932],[-82.721576,35.734598],[-82.721472,35.733259],[-82.72147,35.732992],[-82.721367,35.732205],[-82.721283,35.731926],[-82.721138,35.731645],[-82.721059,35.73153],[-82.720918,35.731208],[-82.720601,35.731478],[-82.720536,35.73234],[-82.719936,35.732869],[-82.71881,35.73291],[-82.718034,35.732899],[-82.717259,35.732915],[-82.718527,35.733817],[-82.719036,35.733946],[-82.719547,35.734431],[-82.719857,35.735052]]]}},{"type":"Feature","id":"37115:8794630660","properties":{"id":"37115:8794630660","parcelId":"8794630660","countyFips":"37115","countyName":"Madison","state":"North Carolina","marketIds":["Asheville"],"situsAddress":null,"situsCity":null,"situsZip":null,"jurisdictionCode":null,"ownerName":"WILLIAMS, TIMOTHY","ownerName2":null,"propertyName":null,"zoningCode":"Residential-Agriculture District","zoningDistrict":null,"jurisdictionPrefix":null,"dorCode":null,"acreage":6.7269,"centroid":[-82.720497,35.736449],"lastSale":{"date":null,"price":null,"qualified":null},"tax":{"marketValue":45628.0,"assessedValue":null,"taxableValue":null,"taxes":null},"mailingAddress":{"line1":"211 SNOWBALL DRIVE","line2":null,"city":"MARSHALL","state":"NC","zip":"28753"},"incomeTract":null,"incomeBlockGroup":null,"nearestRoad":null,"flu":null,"opportunityZone":null,"oz2Eligibility":null,"source":"nc-madison-parcels-37115","appraiserUrl":"https://lrcpwa.ncptscloud.com/Madison/PropertySummary.aspx?PIN=8794630660","gisViewerUrl":"https://experience.arcgis.com/experience/2333843dc4584e648a98fb9542dc75fe"},"geometry":{"type":"Polygon","coordinates":[[[-82.719857,35.735052],[-82.719888,35.735165],[-82.719952,35.735509],[-82.719969,35.735741],[-82.719965,35.735973],[-82.719931,35.736232],[-82.72001,35.736538],[-82.720032,35.736736],[-82.720137,35.737019],[-82.720165,35.737191],[-82.72022,35.737358],[-82.72041,35.737655],[-82.720534,35.737606],[-82.720677,35.737512],[-82.720818,35.737386],[-82.720936,35.737213],[-82.72098,35.737086],[-82.721055,35.736423],[-82.721107,35.736196],[-82.721269,35.735764],[-82.721488,35.735334],[-82.721541,35.735182],[-82.719857,35.735052]]]}},{"type":"Feature","id":"37115:9704220848","properties":{"id":"37115:9704220848","parcelId":"9704220848","countyFips":"37115","countyName":"Madison","state":"North Carolina","marketIds":["Asheville"],"situsAddress":null,"situsCity":null,"situsZip":null,"jurisdictionCode":null,"ownerName":"RIVER HIGHLANDS AT MADISON CROSSING OWNERS ASSOCIATION, INC","ownerName2":null,"propertyName":null,"zoningCode":"Residential-Agriculture District","zoningDistrict":null,"jurisdictionPrefix":null,"dorCode":null,"acreage":11.8688,"centroid":[-82.702398,35.73483],"lastSale":{"date":null,"price":null,"qualified":null},"tax":{"marketValue":94392.0,"assessedValue":1900.0,"taxableValue":null,"taxes":null},"mailingAddress":{"line1":"2503 BATHGATE LN","line2":null,"city":"MATTHEWS","state":"NC","zip":"28106"},"incomeTract":null,"incomeBlockGroup":null,"nearestRoad":null,"flu":null,"opportunityZone":null,"oz2Eligibility":null,"source":"nc-madison-parcels-37115","appraiserUrl":"https://lrcpwa.ncptscloud.com/Madison/PropertySummary.aspx?PIN=9704220848","gisViewerUrl":"https://experience.arcgis.com/experience/2333843dc4584e648a98fb9542dc75fe"},"geometry":{"type":"Polygon","coordinates":[[[-82.701514,35.739149],[-82.701546,35.739171],[-82.701661,35.739209],[-82.70175,35.738727],[-82.701905,35.738179],[-82.70206,35.737813],[-82.702479,35.73729],[-82.702547,35.737048],[-82.702556,35.736854],[-82.702582,35.736785],[-82.702684,35.736583],[-82.702822,35.736397],[-82.702875,35.736338],[-82.703764,35.73662],[-82.703463,35.736032],[-82.702933,35.735269],[-82.70269,35.734637],[-82.703782,35.734408],[-82.704483,35.73404],[-82.705528,35.7338],[-82.70555,35.733215],[-82.704354,35.733827],[-82.703794,35.734043],[-82.702946,35.734253],[-82.702557,35.734324],[-82.701813,35.734364],[-82.701649,35.734392],[-82.701442,35.734458],[-82.701298,35.734528],[-82.701055,35.734713],[-82.700715,35.734795],[-82.699994,35.734817],[-82.699643,35.73478],[-82.699139,35.734792],[-82.698525,35.734708],[-82.697627,35.734656],[-82.697204,35.734608],[-82.697104,35.734626],[-82.696831,35.734735],[-82.696546,35.73482],[-82.696634,35.734904],[-82.696784,35.73491],[-82.697001,35.734952],[-82.697599,35.734901],[-82.698274,35.734925],[-82.698368,35.734974],[-82.698396,35.735061],[-82.698644,35.735056],[-82.699438,35.73516],[-82.700551,35.73512],[-82.701022,35.735077],[-82.701778,35.734888],[-82.702093,35.73484],[-82.702238,35.735018],[-82.702333,35.735331],[-82.702507,35.735631],[-82.70264,35.736025],[-82.702792,35.736197],[-82.702603,35.736417],[-82.702459,35.736659],[-82.702389,35.736829],[-82.702379,35.73703],[-82.702322,35.737235],[-82.701953,35.737696],[-82.701514,35.739149]]]}},{"type":"Feature","id":"37115:8793781273","properties":{"id":"37115:8793781273","parcelId":"8793781273","countyFips":"37115","countyName":"Madison","state":"North Carolina","marketIds":["Asheville"],"situsAddress":null,"situsCity":null,"situsZip":null,"jurisdictionCode":null,"ownerName":"MASON, SANDRA LUNSFORD;GENNETT, NATHANIEL","ownerName2":null,"propertyName":null,"zoningCode":"Residential-Agriculture District","zoningDistrict":null,"jurisdictionPrefix":null,"dorCode":null,"acreage":16.2767,"centroid":[-82.715776,35.723344],"lastSale":{"date":null,"price":null,"qualified":null},"tax":{"marketValue":184221.0,"assessedValue":88774.0,"taxableValue":null,"taxes":null},"mailingAddress":{"line1":"722 TEAGUE RD","line2":null,"city":"MARSHALL","state":"NC","zip":"28753"},"incomeTract":null,"incomeBlockGroup":null,"nearestRoad":null,"flu":null,"opportunityZone":null,"oz2Eligibility":null,"source":"nc-madison-parcels-37115","appraiserUrl":"https://lrcpwa.ncptscloud.com/Madison/PropertySummary.aspx?PIN=8793781273","gisViewerUrl":"https://experience.arcgis.com/experience/2333843dc4584e648a98fb9542dc75fe"},"geometry":{"type":"Polygon","coordinates":[[[-82.715023,35.722943],[-82.715066,35.72296],[-82.715176,35.723035],[-82.715226,35.723101],[-82.715322,35.723367],[-82.715326,35.72349],[-82.715305,35.723571],[-82.715342,35.723864],[-82.71538,35.723974],[-82.715365,35.724088],[-82.715328,35.724159],[-82.715354,35.724279],[-82.715423,35.724387],[-82.715687,35.724614],[-82.715783,35.724726],[-82.717649,35.723835],[-82.717691,35.723269],[-82.717728,35.723111],[-82.717815,35.722932],[-82.716269,35.720911],[-82.715272,35.72144],[-82.715191,35.722348],[-82.715116,35.722508],[-82.715023,35.722943]],[[-82.716552,35.722462],[-82.716321,35.723103],[-82.715742,35.722965],[-82.715973,35.722324],[-82.716552,35.722462]]]}},{"type":"Feature","id":"37115:8793684351","properties":{"id":"37115:8793684351","parcelId":"8793684351","countyFips":"37115","countyName":"Madison","state":"North Carolina","marketIds":["Asheville"],"situsAddress":null,"situsCity":null,"situsZip":null,"jurisdictionCode":null,"ownerName":"LUNSFORD, PATRICIA GAIL","ownerName2":null,"propertyName":null,"zoningCode":"Residential-Agriculture District","zoningDistrict":null,"jurisdictionPrefix":null,"dorCode":null,"acreage":29.5628,"centroid":[-82.718005,35.722795],"lastSale":{"date":null,"price":null,"qualified":null},"tax":{"marketValue":482858.0,"assessedValue":359036.0,"taxableValue":null,"taxes":null},"mailingAddress":{"line1":"472 TEAGUE RD","line2":null,"city":"MARSHALL","state":"NC","zip":"28753"},"incomeTract":null,"incomeBlockGroup":null,"nearestRoad":null,"flu":null,"opportunityZone":null,"oz2Eligibility":null,"source":"nc-madison-parcels-37115","appraiserUrl":"https://lrcpwa.ncptscloud.com/Madison/PropertySummary.aspx?PIN=8793684351","gisViewerUrl":"https://experience.arcgis.com/experience/2333843dc4584e648a98fb9542dc75fe"},"geometry":{"type":"Polygon","coordinates":[[[-82.716796,35.725417],[-82.716851,35.725411],[-82.717068,35.725409],[-82.71726,35.725442],[-82.717786,35.725049],[-82.718418,35.723432],[-82.719774,35.722467],[-82.722725,35.717386],[-82.722374,35.717147],[-82.720598,35.720188],[-82.72031,35.720175],[-82.720244,35.720801],[-82.717889,35.720743],[-82.717214,35.720449],[-82.716933,35.72057],[-82.716269,35.720911],[-82.717815,35.722932],[-82.717728,35.723111],[-82.717691,35.723269],[-82.717649,35.723835],[-82.715783,35.724726],[-82.715978,35.725087],[-82.71612,35.725215],[-82.716265,35.725294],[-82.716592,35.725409],[-82.716796,35.725417]]]}},{"type":"Feature","id":"37115:8783765582","properties":{"id":"37115:8783765582","parcelId":"8783765582","countyFips":"37115","countyName":"Madison","state":"North Carolina","marketIds":["Asheville"],"situsAddress":null,"situsCity":null,"situsZip":null,"jurisdictionCode":null,"ownerName":"TEAGUE, MARGARET P.;SNYDER, NORMA JEAN TEAGUE","ownerName2":null,"propertyName":null,"zoningCode":"Residential-Agriculture District","zoningDistrict":null,"jurisdictionPrefix":null,"dorCode":null,"acreage":7.6325,"centroid":[-82.748541,35.716128],"lastSale":{"date":null,"price":null,"qualified":null},"tax":{"marketValue":46639.0,"assessedValue":null,"taxableValue":null,"taxes":null},"mailingAddress":{"line1":"1225 SANDY MUSH ROAD","line2":null,"city":"MARSHALL","state":"NC","zip":"28753"},"incomeTract":null,"incomeBlockGroup":null,"nearestRoad":null,"flu":null,"opportunityZone":null,"oz2Eligibility":null,"source":"nc-madison-parcels-37115","appraiserUrl":"https://lrcpwa.ncptscloud.com/Madison/PropertySummary.aspx?PIN=8783765582","gisViewerUrl":"https://experience.arcgis.com/experience/2333843dc4584e648a98fb9542dc75fe"},"geometry":{"type":"Polygon","coordinates":[[[-82.747467,35.71671],[-82.747507,35.716698],[-82.747631,35.71669],[-82.748067,35.716797],[-82.748265,35.71686],[-82.7484,35.716959],[-82.748474,35.717095],[-82.748539,35.717719],[-82.749085,35.717194],[-82.748892,35.71658],[-82.749396,35.7165],[-82.749307,35.71642],[-82.749169,35.716245],[-82.749095,35.71612],[-82.749014,35.715923],[-82.749004,35.715703],[-82.749028,35.715523],[-82.749035,35.715178],[-82.748993,35.715049],[-82.748916,35.714932],[-82.748841,35.714712],[-82.74835,35.714978],[-82.748086,35.715155],[-82.74744,35.715534],[-82.747516,35.715923],[-82.747467,35.71671]]]}},{"type":"Feature","id":"37115:9704471700","properties":{"id":"37115:9704471700","parcelId":"9704471700","countyFips":"37115","countyName":"Madison","state":"North Carolina","marketIds":["Asheville"],"situsAddress":null,"situsCity":null,"situsZip":null,"jurisdictionCode":null,"ownerName":"SHARPE, HOMER;SHARPE, DIANNA;SHARPE, JEFF HOMER","ownerName2":null,"propertyName":null,"zoningCode":"Residential-Agriculture District","zoningDistrict":null,"jurisdictionPrefix":null,"dorCode":null,"acreage":14.4313,"centroid":[-82.693595,35.748307],"lastSale":{"date":null,"price":null,"qualified":null},"tax":{"marketValue":104480.0,"assessedValue":606.0,"taxableValue":null,"taxes":null},"mailingAddress":{"line1":"201 S. TURKEY CREEK DRIVE","line2":null,"city":"LEICESTER","state":"NC","zip":"28748"},"incomeTract":null,"incomeBlockGroup":null,"nearestRoad":null,"flu":null,"opportunityZone":null,"oz2Eligibility":null,"source":"nc-madison-parcels-37115","appraiserUrl":"https://lrcpwa.ncptscloud.com/Madison/PropertySummary.aspx?PIN=9704471700","gisViewerUrl":"https://experience.arcgis.com/experience/2333843dc4584e648a98fb9542dc75fe"},"geometry":{"type":"Polygon","coordinates":[[[-82.692589,35.749787],[-82.692591,35.749791],[-82.694112,35.749629],[-82.694877,35.74941],[-82.694866,35.749367],[-82.694901,35.749033],[-82.694907,35.748775],[-82.694983,35.748588],[-82.695104,35.748462],[-82.695144,35.748388],[-82.695208,35.748088],[-82.695203,35.747976],[-82.69513,35.747689],[-82.69513,35.747499],[-82.695194,35.747211],[-82.695169,35.746927],[-82.695109,35.746729],[-82.695053,35.74663],[-82.693513,35.746976],[-82.693875,35.747569],[-82.693277,35.748009],[-82.693281,35.747994],[-82.692799,35.747656],[-82.693361,35.74702],[-82.692197,35.747267],[-82.6923,35.74742],[-82.692352,35.747619],[-82.692304,35.747802],[-82.692747,35.748083],[-82.692786,35.748153],[-82.69282,35.74843],[-82.692736,35.748851],[-82.692582,35.748814],[-82.69241,35.74869],[-82.692335,35.748544],[-82.692242,35.748578],[-82.692242,35.748599],[-82.692474,35.748847],[-82.692689,35.748963],[-82.693236,35.748719],[-82.693544,35.749193],[-82.693025,35.749386],[-82.692874,35.749165],[-82.692895,35.749202],[-82.692589,35.749787]]]}},{"type":"Feature","id":"37115:8793599476","properties":{"id":"37115:8793599476","parcelId":"8793599476","countyFips":"37115","countyName":"Madison","state":"North Carolina","marketIds":["Asheville"],"situsAddress":null,"situsCity":null,"situsZip":null,"jurisdictionCode":null,"ownerName":"MEADOWS TOWN, LLC","ownerName2":null,"propertyName":null,"zoningCode":"Residential-Agriculture District","zoningDistrict":null,"jurisdictionPrefix":null,"dorCode":null,"acreage":21.4595,"centroid":[-82.719696,35.725115],"lastSale":{"date":null,"price":null,"qualified":null},"tax":{"marketValue":155731.0,"assessedValue":3681.0,"taxableValue":null,"taxes":null},"mailingAddress":{"line1":"7041 MEADOWS TOWN ROAD","line2":null,"city":"MARSHALL","state":"NC","zip":"28753"},"incomeTract":null,"incomeBlockGroup":null,"nearestRoad":null,"flu":null,"opportunityZone":null,"oz2Eligibility":null,"source":"nc-madison-parcels-37115","appraiserUrl":"https://lrcpwa.ncptscloud.com/Madison/PropertySummary.aspx?PIN=8793599476","gisViewerUrl":"https://experience.arcgis.com/experience/2333843dc4584e648a98fb9542dc75fe"},"geometry":{"type":"Polygon","coordinates":[[[-82.716964,35.725841],[-82.718083,35.726179],[-82.71862,35.726376],[-82.719819,35.726105],[-82.720454,35.725597],[-82.721373,35.725128],[-82.721954,35.725162],[-82.722656,35.725303],[-82.723391,35.725386],[-82.723503,35.725333],[-82.724143,35.724237],[-82.722614,35.72368],[-82.722514,35.723626],[-82.720491,35.724374],[-82.720359,35.724348],[-82.720092,35.724343],[-82.719495,35.724456],[-82.719255,35.724525],[-82.718924,35.724726],[-82.718722,35.724809],[-82.718507,35.724928],[-82.718342,35.725092],[-82.718138,35.725225],[-82.717985,35.725292],[-82.717842,35.725317],[-82.717655,35.725424],[-82.717469,35.725573],[-82.717358,35.725618],[-82.717178,35.725644],[-82.716979,35.725804],[-82.716964,35.725841]]]}},{"type":"Feature","id":"37115:8784719896","properties":{"id":"37115:8784719896","parcelId":"8784719896","countyFips":"37115","countyName":"Madison","state":"North Carolina","marketIds":["Asheville"],"situsAddress":null,"situsCity":null,"situsZip":null,"jurisdictionCode":null,"ownerName":"WALKER, STEVIE RAY;WALKER, RENEE M","ownerName2":null,"propertyName":null,"zoningCode":"Residential-Agriculture District","zoningDistrict":null,"jurisdictionPrefix":null,"dorCode":null,"acreage":9.5518,"centroid":[-82.747347,35.730791],"lastSale":{"date":null,"price":null,"qualified":null},"tax":{"marketValue":52460.0,"assessedValue":null,"taxableValue":null,"taxes":null},"mailingAddress":{"line1":"PO BOX 127","line2":null,"city":"LEICESTER","state":"NC","zip":"28748"},"incomeTract":null,"incomeBlockGroup":null,"nearestRoad":null,"flu":null,"opportunityZone":null,"oz2Eligibility":null,"source":"nc-madison-parcels-37115","appraiserUrl":"https://lrcpwa.ncptscloud.com/Madison/PropertySummary.aspx?PIN=8784719896","gisViewerUrl":"https://experience.arcgis.com/experience/2333843dc4584e648a98fb9542dc75fe"},"geometry":{"type":"Polygon","coordinates":[[[-82.748238,35.731772],[-82.748344,35.731814],[-82.749098,35.731546],[-82.748969,35.73012],[-82.747187,35.729715],[-82.747139,35.729832],[-82.746815,35.730156],[-82.746555,35.730484],[-82.746439,35.730695],[-82.746401,35.730806],[-82.746392,35.730908],[-82.746841,35.731119],[-82.747087,35.731315],[-82.748238,35.731772]]]}},{"type":"Feature","id":"37115:8784823660","properties":{"id":"37115:8784823660","parcelId":"8784823660","countyFips":"37115","countyName":"Madison","state":"North Carolina","marketIds":["Asheville"],"situsAddress":null,"situsCity":null,"situsZip":null,"jurisdictionCode":null,"ownerName":"GRAHAM'S FARM, LLC","ownerName2":null,"propertyName":null,"zoningCode":"Residential-Agriculture District","zoningDistrict":null,"jurisdictionPrefix":null,"dorCode":null,"acreage":25.0338,"centroid":[-82.74713,35.733544],"lastSale":{"date":null,"price":null,"qualified":null},"tax":{"marketValue":110513.0,"assessedValue":null,"taxableValue":null,"taxes":null},"mailingAddress":{"line1":"45 REDDICK RD.","line2":null,"city":"ASHEVILLE","state":"NC","zip":"28805"},"incomeTract":null,"incomeBlockGroup":null,"nearestRoad":null,"flu":null,"opportunityZone":null,"oz2Eligibility":null,"source":"nc-madison-parcels-37115","appraiserUrl":"https://lrcpwa.ncptscloud.com/Madison/PropertySummary.aspx?PIN=8784823660","gisViewerUrl":"https://experience.arcgis.com/experience/2333843dc4584e648a98fb9542dc75fe"},"geometry":{"type":"Polygon","coordinates":[[[-82.747415,35.735446],[-82.747823,35.735444],[-82.748249,35.734463],[-82.748408,35.733601],[-82.74839,35.733224],[-82.748226,35.73268],[-82.748238,35.731772],[-82.747087,35.731315],[-82.746841,35.731119],[-82.746392,35.730908],[-82.744694,35.732339],[-82.745477,35.733304],[-82.746499,35.734629],[-82.746721,35.734631],[-82.746881,35.734852],[-82.746904,35.735137],[-82.746965,35.73538],[-82.747415,35.735446]]]}},{"type":"Feature","id":"37115:9704532569","properties":{"id":"37115:9704532569","parcelId":"9704532569","countyFips":"37115","countyName":"Madison","state":"North Carolina","marketIds":["Asheville"],"situsAddress":null,"situsCity":null,"situsZip":null,"jurisdictionCode":null,"ownerName":"NAULT, DAVID SCOTT;SHELTON, MAXINE D.;LEDFORD, KATHERINE NORA","ownerName2":null,"propertyName":null,"zoningCode":"Residential-Agriculture District","zoningDistrict":null,"jurisdictionPrefix":null,"dorCode":null,"acreage":102.0502,"centroid":[-82.689922,35.740368],"lastSale":{"date":null,"price":null,"qualified":null},"tax":{"marketValue":745618.0,"assessedValue":185893.0,"taxableValue":null,"taxes":null},"mailingAddress":{"line1":"161 RAMSEY SNELSON ROAD","line2":null,"city":"MARSHALL","state":"NC","zip":"28753"},"incomeTract":null,"incomeBlockGroup":null,"nearestRoad":null,"flu":null,"opportunityZone":null,"oz2Eligibility":null,"source":"nc-madison-parcels-37115","appraiserUrl":"https://lrcpwa.ncptscloud.com/Madison/PropertySummary.aspx?PIN=9704532569","gisViewerUrl":"https://experience.arcgis.com/experience/2333843dc4584e648a98fb9542dc75fe"},"geometry":{"type":"MultiPolygon","coordinates":[[[[-82.690193,35.738004],[-82.690272,35.738038],[-82.690416,35.738123],[-82.690781,35.738418],[-82.691155,35.738629],[-82.691474,35.738741],[-82.692108,35.738848],[-82.692269,35.738902],[-82.692447,35.739026],[-82.692543,35.739153],[-82.692712,35.7381],[-82.692653,35.73671],[-82.69264,35.735737],[-82.691475,35.735997],[-82.690811,35.735934],[-82.688515,35.735854],[-82.688157,35.735992],[-82.688033,35.736188],[-82.687883,35.73637],[-82.687571,35.736649],[-82.686781,35.736755],[-82.686235,35.737036],[-82.686736,35.737597],[-82.686986,35.737849],[-82.687117,35.73797],[-82.687351,35.738118],[-82.687672,35.738239],[-82.688365,35.738235],[-82.68872,35.738314],[-82.688869,35.738398],[-82.688965,35.738531],[-82.688989,35.738612],[-82.688954,35.738912],[-82.689309,35.738733],[-82.689545,35.738559],[-82.689613,35.738493],[-82.689793,35.738171],[-82.689885,35.738065],[-82.68997,35.738012],[-82.690095,35.737996],[-82.690193,35.738004]]],[[[-82.689629,35.741391],[-82.6897,35.74145],[-82.690035,35.74183],[-82.69055,35.742889],[-82.690639,35.743193],[-82.690577,35.744314],[-82.691261,35.744786],[-82.691438,35.744472],[-82.691581,35.744097],[-82.691621,35.743908],[-82.691777,35.743488],[-82.692027,35.741751],[-82.692179,35.741186],[-82.692234,35.740877],[-82.69245,35.740218],[-82.692371,35.73979],[-82.692206,35.739266],[-82.69216,35.739039],[-82.692099,35.73901],[-82.691798,35.738943],[-82.691387,35.738896],[-82.691172,35.738826],[-82.690541,35.738478],[-82.690245,35.738213],[-82.690143,35.738169],[-82.690023,35.738206],[-82.689794,35.738568],[-82.689645,35.738678],[-82.689522,35.738807],[-82.689228,35.738986],[-82.688899,35.739083],[-82.688758,35.739067],[-82.688724,35.739011],[-82.688811,35.738671],[-82.688784,35.738546],[-82.688727,35.738494],[-82.688259,35.738393],[-82.687768,35.738408],[-82.68783,35.738558],[-82.687893,35.73885],[-82.687673,35.739635],[-82.687528,35.739905],[-82.687483,35.740037],[-82.687856,35.740939],[-82.688022,35.741247],[-82.68808,35.741301],[-82.688302,35.741405],[-82.688633,35.741367],[-82.688967,35.741354],[-82.689467,35.741383],[-82.68955,35.741373],[-82.689629,35.741391]]],[[[-82.692132,35.742477],[-82.692085,35.742699],[-82.691882,35.743815],[-82.691712,35.744331],[-82.691572,35.744572],[-82.691493,35.74478],[-82.69143,35.744883],[-82.691899,35.745086],[-82.694863,35.744793],[-82.69472,35.743935],[-82.694549,35.743273],[-82.694252,35.743017],[-82.694129,35.742737],[-82.694138,35.742502],[-82.694432,35.74182],[-82.694412,35.741727],[-82.694228,35.741453],[-82.694207,35.74132],[-82.694063,35.7414],[-82.693769,35.741436],[-82.693641,35.741416],[-82.693522,35.741373],[-82.693382,35.741262],[-82.693291,35.741143],[-82.693251,35.74096],[-82.693272,35.740721],[-82.693332,35.740495],[-82.693295,35.74019],[-82.693217,35.739931],[-82.693043,35.739813],[-82.692605,35.739651],[-82.692495,35.739538],[-82.692636,35.740071],[-82.692651,35.740202],[-82.692417,35.740965],[-82.692548,35.741],[-82.69255,35.741331],[-82.692432,35.741773],[-82.69225,35.741757],[-82.692132,35.742477]]]]}},{"type":"Feature","id":"37115:9704655172","properties":{"id":"37115:9704655172","parcelId":"9704655172","countyFips":"37115","countyName":"Madison","state":"North Carolina","marketIds":["Asheville"],"situsAddress":null,"situsCity":null,"situsZip":null,"jurisdictionCode":null,"ownerName":"SNELSON, MAXINE D.;LEDFORD, KATHERINE NORA","ownerName2":null,"propertyName":null,"zoningCode":"Residential-Agriculture District","zoningDistrict":null,"jurisdictionPrefix":null,"dorCode":null,"acreage":118.5,"centroid":[-82.685551,35.741499],"lastSale":{"date":null,"price":null,"qualified":null},"tax":{"marketValue":482331.0,"assessedValue":150890.0,"taxableValue":null,"taxes":null},"mailingAddress":{"line1":"401 RAMSEY SNELSON ROAD","line2":null,"city":"MARSHALL","state":"NC","zip":"28753"},"incomeTract":null,"incomeBlockGroup":null,"nearestRoad":null,"flu":null,"opportunityZone":null,"oz2Eligibility":null,"source":"nc-madison-parcels-37115","appraiserUrl":"https://lrcpwa.ncptscloud.com/Madison/PropertySummary.aspx?PIN=9704655172","gisViewerUrl":"https://experience.arcgis.com/experience/2333843dc4584e648a98fb9542dc75fe"},"geometry":{"type":"Polygon","coordinates":[[[-82.686497,35.746457],[-82.686689,35.746469],[-82.687113,35.746591],[-82.689773,35.744361],[-82.688974,35.74421],[-82.68835,35.744167],[-82.688086,35.744015],[-82.6888,35.743732],[-82.689271,35.743692],[-82.689682,35.743972],[-82.690638,35.74331],[-82.690639,35.743193],[-82.69055,35.742889],[-82.690035,35.74183],[-82.6897,35.74145],[-82.689629,35.741391],[-82.68955,35.741373],[-82.689467,35.741383],[-82.689176,35.741359],[-82.688737,35.74136],[-82.688302,35.741405],[-82.68808,35.741301],[-82.688022,35.741247],[-82.687856,35.740939],[-82.687483,35.740037],[-82.687423,35.74021],[-82.687122,35.740199],[-82.686981,35.740142],[-82.686319,35.740307],[-82.68579,35.740607],[-82.685689,35.740539],[-82.685813,35.740167],[-82.686155,35.739905],[-82.686793,35.739483],[-82.686962,35.739555],[-82.687116,35.739469],[-82.687728,35.739437],[-82.687893,35.73885],[-82.68783,35.738558],[-82.687768,35.738408],[-82.687647,35.738412],[-82.687484,35.738375],[-82.687329,35.738319],[-82.687122,35.738201],[-82.686536,35.737695],[-82.686431,35.737578],[-82.686328,35.737415],[-82.686239,35.737445],[-82.685893,35.737403],[-82.685796,35.737351],[-82.685239,35.73799],[-82.6842,35.738346],[-82.684389,35.739396],[-82.683311,35.739106],[-82.683225,35.739068],[-82.68312,35.739277],[-82.682861,35.739625],[-82.682575,35.739804],[-82.682464,35.739812],[-82.682266,35.740084],[-82.68167,35.740539],[-82.68031,35.74059],[-82.680474,35.740731],[-82.680767,35.741042],[-82.681011,35.741521],[-82.68109,35.741736],[-82.681119,35.741884],[-82.68114,35.742138],[-82.681132,35.742317],[-82.681102,35.742494],[-82.680922,35.74313],[-82.680599,35.743562],[-82.68039,35.743806],[-82.680135,35.744023],[-82.679904,35.744257],[-82.679826,35.74431],[-82.680769,35.744729],[-82.681059,35.744664],[-82.683365,35.74262],[-82.684071,35.742583],[-82.684179,35.744774],[-82.684757,35.744798],[-82.684904,35.745164],[-82.685245,35.745244],[-82.6858,35.746311],[-82.686089,35.746396],[-82.686197,35.746348],[-82.686497,35.746457]]]}},{"type":"Feature","id":"37115:8783877865","properties":{"id":"37115:8783877865","parcelId":"8783877865","countyFips":"37115","countyName":"Madison","state":"North Carolina","marketIds":["Asheville"],"situsAddress":null,"situsCity":null,"situsZip":null,"jurisdictionCode":null,"ownerName":"NOWLIN, DALE BRONZY","ownerName2":null,"propertyName":null,"zoningCode":"Residential-Agriculture District","zoningDistrict":null,"jurisdictionPrefix":null,"dorCode":null,"acreage":8.7532,"centroid":[-82.744472,35.719926],"lastSale":{"date":null,"price":null,"qualified":null},"tax":{"marketValue":182048.0,"assessedValue":106224.0,"taxableValue":null,"taxes":null},"mailingAddress":{"line1":"111 TEAGUES CHAPEL ROAD","line2":null,"city":"MARSHALL","state":"NC","zip":"28753"},"incomeTract":null,"incomeBlockGroup":null,"nearestRoad":null,"flu":null,"opportunityZone":null,"oz2Eligibility":null,"source":"nc-madison-parcels-37115","appraiserUrl":"https://lrcpwa.ncptscloud.com/Madison/PropertySummary.aspx?PIN=8783877865","gisViewerUrl":"https://experience.arcgis.com/experience/2333843dc4584e648a98fb9542dc75fe"},"geometry":{"type":"Polygon","coordinates":[[[-82.743395,35.720636],[-82.744486,35.720816],[-82.745875,35.721037],[-82.745919,35.720729],[-82.74584,35.72042],[-82.745336,35.719316],[-82.745138,35.719101],[-82.744809,35.718836],[-82.744578,35.718696],[-82.743971,35.719113],[-82.74376,35.719416],[-82.743822,35.719529],[-82.743869,35.71995],[-82.743983,35.720258],[-82.743935,35.720314],[-82.743856,35.720336],[-82.743458,35.720236],[-82.743395,35.720636]]]}},{"type":"Feature","id":"37115:8794262316","properties":{"id":"37115:8794262316","parcelId":"8794262316","countyFips":"37115","countyName":"Madison","state":"North Carolina","marketIds":["Asheville"],"situsAddress":null,"situsCity":null,"situsZip":null,"jurisdictionCode":null,"ownerName":"MURRAY, STUART WILSON TRUSTEE;MURRAY, CHERI GENTRY TRUSTEE;STUART WILSON MURRAY AND CHERI GENTRY MURRAY REVOCABLE LIVING TRUST, DATED 4 JAN","ownerName2":null,"propertyName":null,"zoningCode":"Residential-Agriculture District","zoningDistrict":null,"jurisdictionPrefix":null,"dorCode":null,"acreage":113.9286,"centroid":[-82.733606,35.744236],"lastSale":{"date":null,"price":null,"qualified":null},"tax":{"marketValue":403256.0,"assessedValue":93620.0,"taxableValue":null,"taxes":null},"mailingAddress":{"line1":"1045 GRAHAM RD","line2":null,"city":"MARSHALL","state":"NC","zip":"28753"},"incomeTract":null,"incomeBlockGroup":null,"nearestRoad":null,"flu":null,"opportunityZone":null,"oz2Eligibility":null,"source":"nc-madison-parcels-37115","appraiserUrl":"https://lrcpwa.ncptscloud.com/Madison/PropertySummary.aspx?PIN=8794262316","gisViewerUrl":"https://experience.arcgis.com/experience/2333843dc4584e648a98fb9542dc75fe"},"geometry":{"type":"Polygon","coordinates":[[[-82.733434,35.747861],[-82.734254,35.748064],[-82.734652,35.748242],[-82.735504,35.748704],[-82.736253,35.747775],[-82.736821,35.747162],[-82.737124,35.746705],[-82.738263,35.745403],[-82.738481,35.745129],[-82.738676,35.744843],[-82.739935,35.744382],[-82.741207,35.743942],[-82.740867,35.743304],[-82.74029,35.742406],[-82.73796,35.742245],[-82.735751,35.741301],[-82.735532,35.740883],[-82.73335,35.741426],[-82.732478,35.741736],[-82.732337,35.74108],[-82.729731,35.740833],[-82.729594,35.741068],[-82.729134,35.741723],[-82.729088,35.741825],[-82.729067,35.741932],[-82.729141,35.742576],[-82.729206,35.742748],[-82.729376,35.743017],[-82.729442,35.743261],[-82.72947,35.743532],[-82.729441,35.743917],[-82.730703,35.744669],[-82.731443,35.744218],[-82.731697,35.744289],[-82.732031,35.744296],[-82.732076,35.74437],[-82.732209,35.744437],[-82.732252,35.744437],[-82.732399,35.744546],[-82.732504,35.744558],[-82.732697,35.744616],[-82.73294,35.744869],[-82.733042,35.74503],[-82.733156,35.745118],[-82.733202,35.74518],[-82.734087,35.745363],[-82.734737,35.74556],[-82.735372,35.746147],[-82.734309,35.746814],[-82.733434,35.747861]]]}},{"type":"Feature","id":"37115:8794296046","properties":{"id":"37115:8794296046","parcelId":"8794296046","countyFips":"37115","countyName":"Madison","state":"North Carolina","marketIds":["Asheville"],"situsAddress":null,"situsCity":null,"situsZip":null,"jurisdictionCode":null,"ownerName":null,"ownerName2":null,"propertyName":null,"zoningCode":"R-A","zoningDistrict":null,"jurisdictionPrefix":null,"dorCode":null,"acreage":41.4514,"centroid":[-82.732698,35.749914],"lastSale":{"date":null,"price":null,"qualified":null},"tax":{"marketValue":null,"assessedValue":null,"taxableValue":null,"taxes":null},"mailingAddress":{"line1":null,"line2":null,"city":null,"state":null,"zip":null},"incomeTract":null,"incomeBlockGroup":null,"nearestRoad":null,"flu":null,"opportunityZone":null,"oz2Eligibility":null,"source":"nc-madison-parcels-37115","appraiserUrl":"https://lrcpwa.ncptscloud.com/Madison/PropertySummary.aspx?PIN=8794296046","gisViewerUrl":"https://experience.arcgis.com/experience/2333843dc4584e648a98fb9542dc75fe"},"geometry":{"type":"Polygon","coordinates":[[[-82.73166,35.754039],[-82.732232,35.754043],[-82.732618,35.753458],[-82.733394,35.752059],[-82.73365,35.751823],[-82.733821,35.751218],[-82.735504,35.748704],[-82.734652,35.748242],[-82.734254,35.748064],[-82.733434,35.747861],[-82.733258,35.747959],[-82.73317,35.748067],[-82.732954,35.748228],[-82.732829,35.748424],[-82.732732,35.748537],[-82.732611,35.74863],[-82.732504,35.748824],[-82.732398,35.748919],[-82.732314,35.749028],[-82.730222,35.749038],[-82.730362,35.75053],[-82.730618,35.751037],[-82.730861,35.751293],[-82.73166,35.754039]]]}},{"type":"Feature","id":"37115:8793796582","properties":{"id":"37115:8793796582","parcelId":"8793796582","countyFips":"37115","countyName":"Madison","state":"North Carolina","marketIds":["Asheville"],"situsAddress":null,"situsCity":null,"situsZip":null,"jurisdictionCode":null,"ownerName":"DUKE ENERGY PROGRESS LLC","ownerName2":null,"propertyName":null,"zoningCode":"Residential-Agriculture District","zoningDistrict":null,"jurisdictionPrefix":null,"dorCode":null,"acreage":7.0732,"centroid":[-82.718472,35.727755],"lastSale":{"date":null,"price":null,"qualified":null},"tax":{"marketValue":53491.0,"assessedValue":null,"taxableValue":null,"taxes":null},"mailingAddress":{"line1":"525 S TRYON ST DEP09A","line2":null,"city":"CHARLOTTE","state":"NC","zip":"28202"},"incomeTract":null,"incomeBlockGroup":null,"nearestRoad":null,"flu":null,"opportunityZone":null,"oz2Eligibility":null,"source":"nc-madison-parcels-37115","appraiserUrl":"https://lrcpwa.ncptscloud.com/Madison/PropertySummary.aspx?PIN=8793796582","gisViewerUrl":"https://experience.arcgis.com/experience/2333843dc4584e648a98fb9542dc75fe"},"geometry":{"type":"Polygon","coordinates":[[[-82.713947,35.728015],[-82.714043,35.7279],[-82.714176,35.727689],[-82.714208,35.727506],[-82.714107,35.727114],[-82.714368,35.72699],[-82.714024,35.726656],[-82.714087,35.726329],[-82.714344,35.726226],[-82.714608,35.726245],[-82.714785,35.725908],[-82.7148,35.725536],[-82.714887,35.725369],[-82.716112,35.726219],[-82.716572,35.726467],[-82.717571,35.727085],[-82.717972,35.727492],[-82.719254,35.728203],[-82.719141,35.728078],[-82.719331,35.728203],[-82.719147,35.728019],[-82.718778,35.727884],[-82.718269,35.727371],[-82.718029,35.727198],[-82.717644,35.726972],[-82.71707,35.726519],[-82.716408,35.725909],[-82.715359,35.725413],[-82.714895,35.724831],[-82.714639,35.72467],[-82.714351,35.724782],[-82.714433,35.725983],[-82.7134,35.72611],[-82.713457,35.726373],[-82.713765,35.727185],[-82.713947,35.728015]]]}},{"type":"Feature","id":"37115:8794803810","properties":{"id":"37115:8794803810","parcelId":"8794803810","countyFips":"37115","countyName":"Madison","state":"North Carolina","marketIds":["Asheville"],"situsAddress":null,"situsCity":null,"situsZip":null,"jurisdictionCode":null,"ownerName":"DUKE ENERGY PROGRESS LLC","ownerName2":null,"propertyName":null,"zoningCode":"Residential-Agriculture District","zoningDistrict":null,"jurisdictionPrefix":null,"dorCode":null,"acreage":12.9791,"centroid":[-82.712105,35.728347],"lastSale":{"date":null,"price":null,"qualified":null},"tax":{"marketValue":26573.0,"assessedValue":null,"taxableValue":null,"taxes":null},"mailingAddress":{"line1":"525 S TRYON ST DEP09A","line2":null,"city":"CHARLOTTE","state":"NC","zip":"28202"},"incomeTract":null,"incomeBlockGroup":null,"nearestRoad":null,"flu":null,"opportunityZone":null,"oz2Eligibility":null,"source":"nc-madison-parcels-37115","appraiserUrl":"https://lrcpwa.ncptscloud.com/Madison/PropertySummary.aspx?PIN=8794803810","gisViewerUrl":"https://experience.arcgis.com/experience/2333843dc4584e648a98fb9542dc75fe"},"geometry":{"type":"Polygon","coordinates":[[[-82.711466,35.729468],[-82.714403,35.729512],[-82.713947,35.728015],[-82.713765,35.727185],[-82.713725,35.727183],[-82.713672,35.727206],[-82.713657,35.727609],[-82.713612,35.727733],[-82.713526,35.727863],[-82.7134,35.727999],[-82.713154,35.728205],[-82.712808,35.728338],[-82.712618,35.728373],[-82.7115,35.728294],[-82.71067,35.728346],[-82.71036,35.728459],[-82.710268,35.728524],[-82.710026,35.728747],[-82.709935,35.728941],[-82.709914,35.729008],[-82.709911,35.729175],[-82.709983,35.729445],[-82.711466,35.729468]]]}},{"type":"Feature","id":"37115:8794616745","properties":{"id":"37115:8794616745","parcelId":"8794616745","countyFips":"37115","countyName":"Madison","state":"North Carolina","marketIds":["Asheville"],"situsAddress":null,"situsCity":null,"situsZip":null,"jurisdictionCode":null,"ownerName":"JOHNSON, ROBERT LEE;JOHNSON, MARY ELIZABETH;ROBERT AND MARY JOHNSON TRUST","ownerName2":null,"propertyName":null,"zoningCode":"Residential-Agriculture District","zoningDistrict":null,"jurisdictionPrefix":null,"dorCode":null,"acreage":26.8286,"centroid":[-82.719448,35.731405],"lastSale":{"date":null,"price":null,"qualified":null},"tax":{"marketValue":148598.0,"assessedValue":16961.0,"taxableValue":null,"taxes":null},"mailingAddress":{"line1":"19922 EGRET LN","line2":null,"city":"LOXAHATCHEE","state":"FL","zip":"33470"},"incomeTract":null,"incomeBlockGroup":null,"nearestRoad":null,"flu":null,"opportunityZone":null,"oz2Eligibility":null,"source":"nc-madison-parcels-37115","appraiserUrl":"https://lrcpwa.ncptscloud.com/Madison/PropertySummary.aspx?PIN=8794616745","gisViewerUrl":"https://experience.arcgis.com/experience/2333843dc4584e648a98fb9542dc75fe"},"geometry":{"type":"Polygon","coordinates":[[[-82.717259,35.732915],[-82.717646,35.732904],[-82.71881,35.73291],[-82.719936,35.732869],[-82.720536,35.73234],[-82.71937,35.732524],[-82.719539,35.731833],[-82.72,35.731843],[-82.720273,35.731645],[-82.720601,35.731478],[-82.720918,35.731208],[-82.720752,35.730836],[-82.720754,35.730677],[-82.720824,35.730519],[-82.720694,35.730459],[-82.720581,35.730365],[-82.72043,35.73031],[-82.720235,35.730314],[-82.719699,35.730404],[-82.71993,35.729571],[-82.717246,35.72949],[-82.716692,35.73157],[-82.71685,35.732104],[-82.717189,35.732628],[-82.717259,35.732915]]]}},{"type":"Feature","id":"37115:8794703434","properties":{"id":"37115:8794703434","parcelId":"8794703434","countyFips":"37115","countyName":"Madison","state":"North Carolina","marketIds":["Asheville"],"situsAddress":null,"situsCity":null,"situsZip":null,"jurisdictionCode":null,"ownerName":"FANOUS-SAMAAN, SYLVIE","ownerName2":null,"propertyName":null,"zoningCode":"Residential-Agriculture District","zoningDistrict":null,"jurisdictionPrefix":null,"dorCode":null,"acreage":38.6091,"centroid":[-82.717528,35.72835],"lastSale":{"date":null,"price":null,"qualified":null},"tax":{"marketValue":144497.0,"assessedValue":500.0,"taxableValue":null,"taxes":null},"mailingAddress":{"line1":"7217 BURLINGTON AVE N","line2":null,"city":"ST PETERSBURG","state":"FL","zip":"33710"},"incomeTract":null,"incomeBlockGroup":null,"nearestRoad":null,"flu":null,"opportunityZone":null,"oz2Eligibility":null,"source":"nc-madison-parcels-37115","appraiserUrl":"https://lrcpwa.ncptscloud.com/Madison/PropertySummary.aspx?PIN=8794703434","gisViewerUrl":"https://experience.arcgis.com/experience/2333843dc4584e648a98fb9542dc75fe"},"geometry":{"type":"Polygon","coordinates":[[[-82.72043,35.73031],[-82.720581,35.730365],[-82.720694,35.730459],[-82.720832,35.730511],[-82.720634,35.730316],[-82.720433,35.730242],[-82.720219,35.729584],[-82.720324,35.729588],[-82.720062,35.728942],[-82.719984,35.728812],[-82.71991,35.728758],[-82.719792,35.728607],[-82.719653,35.728469],[-82.719331,35.728203],[-82.719141,35.728078],[-82.719254,35.728203],[-82.717972,35.727492],[-82.717571,35.727085],[-82.716572,35.726467],[-82.716112,35.726219],[-82.714887,35.725369],[-82.7148,35.725536],[-82.714785,35.725908],[-82.714608,35.726245],[-82.714344,35.726226],[-82.714087,35.726329],[-82.714024,35.726656],[-82.714368,35.72699],[-82.714107,35.727114],[-82.714208,35.727506],[-82.714176,35.727689],[-82.713947,35.728015],[-82.714403,35.729512],[-82.715499,35.729472],[-82.715576,35.729493],[-82.716682,35.729456],[-82.717246,35.72949],[-82.71993,35.729571],[-82.719699,35.730404],[-82.720235,35.730314],[-82.72043,35.73031]]]}},{"type":"Feature","id":"37115:8794514759","properties":{"id":"37115:8794514759","parcelId":"8794514759","countyFips":"37115","countyName":"Madison","state":"North Carolina","marketIds":["Asheville"],"situsAddress":null,"situsCity":null,"situsZip":null,"jurisdictionCode":null,"ownerName":"KINSEY, CHARLES E;KINSEY, ELIZABETH S","ownerName2":null,"propertyName":null,"zoningCode":"Residential-Agriculture District","zoningDistrict":null,"jurisdictionPrefix":null,"dorCode":null,"acreage":7.3143,"centroid":[-82.722232,35.731344],"lastSale":{"date":null,"price":null,"qualified":null},"tax":{"marketValue":166830.0,"assessedValue":96013.0,"taxableValue":null,"taxes":null},"mailingAddress":{"line1":"171 GRAHAM RD","line2":null,"city":"MARSHALL","state":"NC","zip":"28753"},"incomeTract":null,"incomeBlockGroup":null,"nearestRoad":null,"flu":null,"opportunityZone":null,"oz2Eligibility":null,"source":"nc-madison-parcels-37115","appraiserUrl":"https://lrcpwa.ncptscloud.com/Madison/PropertySummary.aspx?PIN=8794514759","gisViewerUrl":"https://experience.arcgis.com/experience/2333843dc4584e648a98fb9542dc75fe"},"geometry":{"type":"Polygon","coordinates":[[[-82.721361,35.730376],[-82.721318,35.730389],[-82.721125,35.730484],[-82.721025,35.730577],[-82.721272,35.730848],[-82.721388,35.731057],[-82.721452,35.731132],[-82.721578,35.731219],[-82.722018,35.731427],[-82.722133,35.731534],[-82.722274,35.731713],[-82.722343,35.731844],[-82.722395,35.732007],[-82.722463,35.732086],[-82.722919,35.732327],[-82.723012,35.732423],[-82.72305,35.73251],[-82.723631,35.732428],[-82.723763,35.732051],[-82.723627,35.731396],[-82.723276,35.731212],[-82.722462,35.730413],[-82.722082,35.730422],[-82.721609,35.730378],[-82.721361,35.730376]]]}},{"type":"Feature","id":"37115:8794341296","properties":{"id":"37115:8794341296","parcelId":"8794341296","countyFips":"37115","countyName":"Madison","state":"North Carolina","marketIds":["Asheville"],"situsAddress":null,"situsCity":null,"situsZip":null,"jurisdictionCode":null,"ownerName":"GUERRERO, CLAUDIA;WYMAN, DANNY O","ownerName2":null,"propertyName":null,"zoningCode":"Residential-Agriculture District","zoningDistrict":null,"jurisdictionPrefix":null,"dorCode":null,"acreage":12.9516,"centroid":[-82.73045,35.738009],"lastSale":{"date":null,"price":null,"qualified":null},"tax":{"marketValue":108463.0,"assessedValue":null,"taxableValue":null,"taxes":null},"mailingAddress":{"line1":"685 GRAHAM RD","line2":null,"city":"MARSHALL","state":"NC","zip":"28753"},"incomeTract":null,"incomeBlockGroup":null,"nearestRoad":null,"flu":null,"opportunityZone":null,"oz2Eligibility":null,"source":"nc-madison-parcels-37115","appraiserUrl":"https://lrcpwa.ncptscloud.com/Madison/PropertySummary.aspx?PIN=8794341296","gisViewerUrl":"https://experience.arcgis.com/experience/2333843dc4584e648a98fb9542dc75fe"},"geometry":{"type":"Polygon","coordinates":[[[-82.728941,35.738735],[-82.72924,35.738748],[-82.730812,35.738844],[-82.732843,35.739284],[-82.7328,35.738666],[-82.732837,35.737962],[-82.732564,35.737856],[-82.732312,35.737714],[-82.731751,35.737609],[-82.731482,35.737521],[-82.731,35.737251],[-82.730556,35.737085],[-82.730229,35.737042],[-82.730003,35.736937],[-82.730164,35.737437],[-82.730164,35.738061],[-82.728085,35.738104],[-82.728135,35.738201],[-82.728207,35.738243],[-82.728612,35.73841],[-82.728712,35.73847],[-82.728941,35.738735]]]}},{"type":"Feature","id":"37115:8794146710","properties":{"id":"37115:8794146710","parcelId":"8794146710","countyFips":"37115","countyName":"Madison","state":"North Carolina","marketIds":["Asheville"],"situsAddress":null,"situsCity":null,"situsZip":null,"jurisdictionCode":null,"ownerName":"BRADLEY, CAROLYN GRAHAM","ownerName2":null,"propertyName":null,"zoningCode":"Residential-Agriculture District","zoningDistrict":null,"jurisdictionPrefix":null,"dorCode":null,"acreage":127.5593,"centroid":[-82.735745,35.737096],"lastSale":{"date":null,"price":null,"qualified":null},"tax":{"marketValue":null,"assessedValue":null,"taxableValue":null,"taxes":null},"mailingAddress":{"line1":"978 PINEY GROVE RD","line2":null,"city":"MARSHALL","state":"NC","zip":"28753"},"incomeTract":null,"incomeBlockGroup":null,"nearestRoad":null,"flu":null,"opportunityZone":null,"oz2Eligibility":null,"source":"nc-madison-parcels-37115","appraiserUrl":"https://lrcpwa.ncptscloud.com/Madison/PropertySummary.aspx?PIN=8794146710","gisViewerUrl":"https://experience.arcgis.com/experience/2333843dc4584e648a98fb9542dc75fe"},"geometry":{"type":"MultiPolygon","coordinates":[[[[-82.737414,35.737927],[-82.737514,35.737925],[-82.73781,35.737961],[-82.738298,35.738095],[-82.738628,35.738226],[-82.739208,35.73833],[-82.739357,35.738379],[-82.739642,35.737507],[-82.739671,35.737469],[-82.740983,35.736459],[-82.741644,35.735647],[-82.741733,35.734808],[-82.741682,35.734583],[-82.740991,35.73459],[-82.740274,35.734538],[-82.738531,35.734343],[-82.735874,35.7342],[-82.735875,35.734221],[-82.736198,35.734258],[-82.736621,35.734348],[-82.736888,35.734544],[-82.736844,35.734822],[-82.736753,35.734924],[-82.73605,35.734537],[-82.735737,35.734335],[-82.735768,35.734228],[-82.735072,35.734187],[-82.734847,35.734148],[-82.734528,35.734042],[-82.734136,35.733832],[-82.734137,35.73429],[-82.734172,35.734524],[-82.73433,35.734758],[-82.734788,35.735192],[-82.734887,35.735311],[-82.734962,35.735441],[-82.735034,35.735641],[-82.7351,35.735759],[-82.735351,35.735952],[-82.735738,35.73615],[-82.735987,35.736334],[-82.736212,35.736537],[-82.736547,35.736994],[-82.736722,35.737297],[-82.736878,35.737744],[-82.736899,35.737905],[-82.736867,35.737906],[-82.736954,35.737927],[-82.737414,35.737927]]],[[[-82.734365,35.738882],[-82.734561,35.74034],[-82.735532,35.740883],[-82.735751,35.741301],[-82.73796,35.742245],[-82.74029,35.742406],[-82.740506,35.742242],[-82.740993,35.741937],[-82.740412,35.741522],[-82.74005,35.740914],[-82.739318,35.740182],[-82.738932,35.739689],[-82.739345,35.738417],[-82.739167,35.738361],[-82.738661,35.738273],[-82.738279,35.73813],[-82.737704,35.73798],[-82.737512,35.737963],[-82.736954,35.737966],[-82.736748,35.737911],[-82.736694,35.737636],[-82.736533,35.737246],[-82.736416,35.737055],[-82.736089,35.73661],[-82.735878,35.736421],[-82.735647,35.736248],[-82.735253,35.736047],[-82.735037,35.73589],[-82.734975,35.735829],[-82.734908,35.735721],[-82.734814,35.735473],[-82.734739,35.735348],[-82.73464,35.735235],[-82.73429,35.734917],[-82.734116,35.734713],[-82.734028,35.734564],[-82.734005,35.734476],[-82.733985,35.734298],[-82.733991,35.733934],[-82.733955,35.733798],[-82.733931,35.733772],[-82.73387,35.73373],[-82.733029,35.733425],[-82.732326,35.73334],[-82.731883,35.733246],[-82.731576,35.73315],[-82.731408,35.734222],[-82.732344,35.73428],[-82.732899,35.736552],[-82.7328,35.738666],[-82.733913,35.738505],[-82.734365,35.738882]]]]}},{"type":"Feature","id":"37115:8794524714","properties":{"id":"37115:8794524714","parcelId":"8794524714","countyFips":"37115","countyName":"Madison","state":"North Carolina","marketIds":["Asheville"],"situsAddress":null,"situsCity":null,"situsZip":null,"jurisdictionCode":null,"ownerName":"PARHAM, VIRGINIA JOYCE","ownerName2":null,"propertyName":null,"zoningCode":"Residential-Agriculture District","zoningDistrict":null,"jurisdictionPrefix":null,"dorCode":null,"acreage":15.7748,"centroid":[-82.722373,35.732896],"lastSale":{"date":null,"price":null,"qualified":null},"tax":{"marketValue":null,"assessedValue":null,"taxableValue":null,"taxes":null},"mailingAddress":{"line1":"136 OAK HILL ROAD","line2":null,"city":"CANDLER","state":"NC","zip":"28715"},"incomeTract":null,"incomeBlockGroup":null,"nearestRoad":null,"flu":null,"opportunityZone":null,"oz2Eligibility":null,"source":"nc-madison-parcels-37115","appraiserUrl":"https://lrcpwa.ncptscloud.com/Madison/PropertySummary.aspx?PIN=8794524714","gisViewerUrl":"https://experience.arcgis.com/experience/2333843dc4584e648a98fb9542dc75fe"},"geometry":{"type":"Polygon","coordinates":[[[-82.722882,35.734595],[-82.722965,35.734797],[-82.723687,35.736428],[-82.724232,35.736242],[-82.724341,35.733966],[-82.724114,35.733892],[-82.723682,35.733922],[-82.7234,35.733964],[-82.723304,35.733949],[-82.723181,35.733886],[-82.723105,35.733803],[-82.72305,35.73369],[-82.722936,35.733336],[-82.722918,35.732611],[-82.722874,35.732481],[-82.722822,35.732427],[-82.722447,35.732235],[-82.722345,35.732165],[-82.722256,35.73205],[-82.722166,35.731815],[-82.722026,35.731623],[-82.721938,35.731538],[-82.721461,35.731303],[-82.721373,35.731243],[-82.721266,35.731133],[-82.721143,35.730919],[-82.721042,35.730796],[-82.720954,35.730725],[-82.720963,35.730841],[-82.721252,35.731465],[-82.721499,35.731919],[-82.721557,35.732136],[-82.721677,35.733012],[-82.721681,35.733328],[-82.721743,35.733973],[-82.721743,35.73428],[-82.72178,35.734681],[-82.722882,35.734595]]]}},{"type":"Feature","id":"37115:8794433263","properties":{"id":"37115:8794433263","parcelId":"8794433263","countyFips":"37115","countyName":"Madison","state":"North Carolina","marketIds":["Asheville"],"situsAddress":null,"situsCity":null,"situsZip":null,"jurisdictionCode":null,"ownerName":"VANGUNST, ANDREA LYNNE;GALLAUGHER, TIM SEAN","ownerName2":null,"propertyName":null,"zoningCode":"Residential-Agriculture District","zoningDistrict":null,"jurisdictionPrefix":null,"dorCode":null,"acreage":13.0654,"centroid":[-82.725993,35.735004],"lastSale":{"date":null,"price":null,"qualified":null},"tax":{"marketValue":325186.0,"assessedValue":138507.0,"taxableValue":null,"taxes":null},"mailingAddress":{"line1":"538 GRAHAM RD","line2":null,"city":"MARSHALL","state":"NC","zip":"28753"},"incomeTract":null,"incomeBlockGroup":null,"nearestRoad":null,"flu":null,"opportunityZone":null,"oz2Eligibility":null,"source":"nc-madison-parcels-37115","appraiserUrl":"https://lrcpwa.ncptscloud.com/Madison/PropertySummary.aspx?PIN=8794433263","gisViewerUrl":"https://experience.arcgis.com/experience/2333843dc4584e648a98fb9542dc75fe"},"geometry":{"type":"Polygon","coordinates":[[[-82.724232,35.736242],[-82.72846,35.736385],[-82.728282,35.736285],[-82.727553,35.735588],[-82.727186,35.735196],[-82.726994,35.735053],[-82.726764,35.734955],[-82.72654,35.734932],[-82.726079,35.734946],[-82.725778,35.734991],[-82.725585,35.734958],[-82.725361,35.734835],[-82.725192,35.734692],[-82.725089,35.734545],[-82.724998,35.734348],[-82.724796,35.734117],[-82.724638,35.734032],[-82.724341,35.733966],[-82.724232,35.736242]]]}},{"type":"Feature","id":"37115:8794444049","properties":{"id":"37115:8794444049","parcelId":"8794444049","countyFips":"37115","countyName":"Madison","state":"North Carolina","marketIds":["Asheville"],"situsAddress":null,"situsCity":null,"situsZip":null,"jurisdictionCode":null,"ownerName":"TREADWAY, SHIRLEY G","ownerName2":null,"propertyName":null,"zoningCode":"Residential-Agriculture District","zoningDistrict":null,"jurisdictionPrefix":null,"dorCode":null,"acreage":25.2152,"centroid":[-82.727861,35.73764],"lastSale":{"date":null,"price":null,"qualified":null},"tax":{"marketValue":172349.0,"assessedValue":205.0,"taxableValue":null,"taxes":null},"mailingAddress":{"line1":"5849 MEADOWSTOWN RD","line2":null,"city":"MARSHALL","state":"NC","zip":"28753"},"incomeTract":null,"incomeBlockGroup":null,"nearestRoad":null,"flu":null,"opportunityZone":null,"oz2Eligibility":null,"source":"nc-madison-parcels-37115","appraiserUrl":"https://lrcpwa.ncptscloud.com/Madison/PropertySummary.aspx?PIN=8794444049","gisViewerUrl":"https://experience.arcgis.com/experience/2333843dc4584e648a98fb9542dc75fe"},"geometry":{"type":"Polygon","coordinates":[[[-82.72413,35.738579],[-82.728116,35.7387],[-82.728729,35.73871],[-82.728636,35.738583],[-82.72858,35.738539],[-82.728064,35.738319],[-82.727971,35.738222],[-82.727929,35.738103],[-82.727944,35.73798],[-82.728031,35.737858],[-82.728174,35.737766],[-82.728406,35.737711],[-82.728686,35.737601],[-82.728756,35.737527],[-82.728833,35.737361],[-82.728856,35.737125],[-82.72879,35.73688],[-82.728749,35.736497],[-82.728721,35.736472],[-82.72846,35.736385],[-82.724232,35.736242],[-82.724156,35.736915],[-82.72413,35.738579]]]}},{"type":"Feature","id":"37115:8794535995","properties":{"id":"37115:8794535995","parcelId":"8794535995","countyFips":"37115","countyName":"Madison","state":"North Carolina","marketIds":["Asheville"],"situsAddress":null,"situsCity":null,"situsZip":null,"jurisdictionCode":null,"ownerName":"WE'RE NOT A CULT, LLC, A NC LIMITED LIABILITY COMPANY","ownerName2":null,"propertyName":null,"zoningCode":"Residential-Agriculture District","zoningDistrict":null,"jurisdictionPrefix":null,"dorCode":null,"acreage":29.062,"centroid":[-82.721939,35.736872],"lastSale":{"date":null,"price":null,"qualified":null},"tax":{"marketValue":162583.0,"assessedValue":20397.0,"taxableValue":null,"taxes":null},"mailingAddress":{"line1":"235 WOODLANDS DR","line2":null,"city":"BASTROP","state":"TX","zip":"68702"},"incomeTract":null,"incomeBlockGroup":null,"nearestRoad":null,"flu":null,"opportunityZone":null,"oz2Eligibility":null,"source":"nc-madison-parcels-37115","appraiserUrl":"https://lrcpwa.ncptscloud.com/Madison/PropertySummary.aspx?PIN=8794535995","gisViewerUrl":"https://experience.arcgis.com/experience/2333843dc4584e648a98fb9542dc75fe"},"geometry":{"type":"Polygon","coordinates":[[[-82.720727,35.738121],[-82.720847,35.738315],[-82.721875,35.739909],[-82.723665,35.738568],[-82.72413,35.738579],[-82.724156,35.736915],[-82.724232,35.736242],[-82.723687,35.736428],[-82.722882,35.734595],[-82.72178,35.734681],[-82.721775,35.734985],[-82.721736,35.73521],[-82.721688,35.735363],[-82.721479,35.735787],[-82.721322,35.736171],[-82.721263,35.736419],[-82.721181,35.73711],[-82.721128,35.737263],[-82.721049,35.737408],[-82.720878,35.737583],[-82.72067,35.737728],[-82.720514,35.737805],[-82.720727,35.738121]]]}},{"type":"Feature","id":"37115:8794427333","properties":{"id":"37115:8794427333","parcelId":"8794427333","countyFips":"37115","countyName":"Madison","state":"North Carolina","marketIds":["Asheville"],"situsAddress":null,"situsCity":null,"situsZip":null,"jurisdictionCode":null,"ownerName":"HOROWITZ, MITCHELL;HOROWITZ, KATARZYNA","ownerName2":null,"propertyName":null,"zoningCode":"Residential-Agriculture District","zoningDistrict":null,"jurisdictionPrefix":null,"dorCode":null,"acreage":17.0245,"centroid":[-82.724746,35.733103],"lastSale":{"date":null,"price":null,"qualified":null},"tax":{"marketValue":null,"assessedValue":null,"taxableValue":null,"taxes":null},"mailingAddress":{"line1":"187 GRAHAM RD","line2":null,"city":"MARSHALL","state":"NC","zip":"28753"},"incomeTract":null,"incomeBlockGroup":null,"nearestRoad":null,"flu":null,"opportunityZone":null,"oz2Eligibility":null,"source":"nc-madison-parcels-37115","appraiserUrl":"https://lrcpwa.ncptscloud.com/Madison/PropertySummary.aspx?PIN=8794427333","gisViewerUrl":"https://experience.arcgis.com/experience/2333843dc4584e648a98fb9542dc75fe"},"geometry":{"type":"Polygon","coordinates":[[[-82.724421,35.733861],[-82.724533,35.733878],[-82.725781,35.733949],[-82.72703,35.733992],[-82.727032,35.733765],[-82.727104,35.733436],[-82.726999,35.733141],[-82.72701,35.732985],[-82.727087,35.732802],[-82.72699,35.732266],[-82.726166,35.732178],[-82.72543,35.732646],[-82.724516,35.731679],[-82.724054,35.731621],[-82.723627,35.731396],[-82.723763,35.732051],[-82.723631,35.732428],[-82.72305,35.73251],[-82.723085,35.733009],[-82.723082,35.733296],[-82.723113,35.73344],[-82.723231,35.733737],[-82.723292,35.733803],[-82.723352,35.73383],[-82.723453,35.733837],[-82.723708,35.73379],[-82.724124,35.733766],[-82.724233,35.733788],[-82.724421,35.733861]]]}},{"type":"Feature","id":"37115:9714768647","properties":{"id":"37115:9714768647","parcelId":"9714768647","countyFips":"37115","countyName":"Madison","state":"North Carolina","marketIds":["Asheville"],"situsAddress":null,"situsCity":null,"situsZip":null,"jurisdictionCode":null,"ownerName":"TRIPLETT, DANIEL M TRUSTEE;TRIPLETT FAMILY TRUST","ownerName2":null,"propertyName":null,"zoningCode":"Residential-Agriculture District","zoningDistrict":null,"jurisdictionPrefix":null,"dorCode":null,"acreage":8.852,"centroid":[-82.647848,35.747243],"lastSale":{"date":null,"price":null,"qualified":null},"tax":{"marketValue":74499.0,"assessedValue":null,"taxableValue":null,"taxes":null},"mailingAddress":{"line1":"PO BOX 158","line2":null,"city":"ALEXANDER","state":"NC","zip":"28701"},"incomeTract":null,"incomeBlockGroup":null,"nearestRoad":null,"flu":null,"opportunityZone":null,"oz2Eligibility":null,"source":"nc-madison-parcels-37115","appraiserUrl":"https://lrcpwa.ncptscloud.com/Madison/PropertySummary.aspx?PIN=9714768647","gisViewerUrl":"https://experience.arcgis.com/experience/2333843dc4584e648a98fb9542dc75fe"},"geometry":{"type":"Polygon","coordinates":[[[-82.645607,35.747507],[-82.64568,35.747513],[-82.646373,35.747738],[-82.646475,35.747866],[-82.647539,35.747474],[-82.648378,35.747136],[-82.649116,35.747442],[-82.649399,35.746932],[-82.649913,35.74715],[-82.650005,35.745668],[-82.645607,35.747507]]]}},{"type":"Feature","id":"37115:9704514653","properties":{"id":"37115:9704514653","parcelId":"9704514653","countyFips":"37115","countyName":"Madison","state":"North Carolina","marketIds":["Asheville"],"situsAddress":null,"situsCity":null,"situsZip":null,"jurisdictionCode":null,"ownerName":"DUKE ENERGY PROGRESS LLC","ownerName2":null,"propertyName":null,"zoningCode":"Residential-Agriculture District","zoningDistrict":null,"jurisdictionPrefix":null,"dorCode":null,"acreage":24.0396,"centroid":[-82.674822,35.739866],"lastSale":{"date":null,"price":null,"qualified":null},"tax":{"marketValue":220797.0,"assessedValue":null,"taxableValue":null,"taxes":null},"mailingAddress":{"line1":"525 S TRYON ST DEP09A","line2":null,"city":"CHARLOTTE","state":"NC","zip":"28202"},"incomeTract":null,"incomeBlockGroup":null,"nearestRoad":null,"flu":null,"opportunityZone":null,"oz2Eligibility":null,"source":"nc-madison-parcels-37115","appraiserUrl":"https://lrcpwa.ncptscloud.com/Madison/PropertySummary.aspx?PIN=9704514653","gisViewerUrl":"https://experience.arcgis.com/experience/2333843dc4584e648a98fb9542dc75fe"},"geometry":{"type":"Polygon","coordinates":[[[-82.678304,35.740654],[-82.678361,35.740642],[-82.678593,35.740637],[-82.678978,35.740735],[-82.679353,35.740787],[-82.679581,35.74084],[-82.679893,35.740981],[-82.680159,35.740645],[-82.679877,35.74047],[-82.679312,35.740185],[-82.679133,35.740116],[-82.678851,35.740041],[-82.678285,35.739957],[-82.677735,35.739932],[-82.67674,35.739831],[-82.676289,35.739816],[-82.675367,35.739711],[-82.674205,35.739498],[-82.672637,35.739123],[-82.670046,35.738123],[-82.668777,35.737707],[-82.667959,35.737414],[-82.667945,35.737771],[-82.667976,35.737849],[-82.669129,35.738548],[-82.669662,35.738793],[-82.670568,35.739097],[-82.670846,35.739205],[-82.671038,35.739306],[-82.671314,35.739401],[-82.672088,35.739767],[-82.672208,35.739848],[-82.672473,35.739972],[-82.67293,35.74015],[-82.67319,35.740284],[-82.673529,35.740404],[-82.674024,35.740541],[-82.674331,35.740588],[-82.675053,35.740588],[-82.675555,35.740679],[-82.675946,35.740711],[-82.676338,35.74072],[-82.676743,35.740692],[-82.677679,35.740592],[-82.677994,35.740607],[-82.678304,35.740654]]]}},{"type":"Feature","id":"37115:9704329889","properties":{"id":"37115:9704329889","parcelId":"9704329889","countyFips":"37115","countyName":"Madison","state":"North Carolina","marketIds":["Asheville"],"situsAddress":null,"situsCity":null,"situsZip":null,"jurisdictionCode":null,"ownerName":"HOPKINS, TERRY L TRUSTEE;HOPKINS, GENA L TRUSTEE;TERRY AND GENA HOPKINS TRUST DATED OCTOBER 14, 2021","ownerName2":null,"propertyName":null,"zoningCode":"Residential-Agriculture District","zoningDistrict":null,"jurisdictionPrefix":null,"dorCode":null,"acreage":15.6742,"centroid":[-82.693702,35.734612],"lastSale":{"date":null,"price":null,"qualified":null},"tax":{"marketValue":179593.0,"assessedValue":140425.0,"taxableValue":null,"taxes":null},"mailingAddress":{"line1":"PO BOX 1072","line2":null,"city":"MARSHALL","state":"NC","zip":"28753"},"incomeTract":null,"incomeBlockGroup":null,"nearestRoad":null,"flu":null,"opportunityZone":null,"oz2Eligibility":null,"source":"nc-madison-parcels-37115","appraiserUrl":"https://lrcpwa.ncptscloud.com/Madison/PropertySummary.aspx?PIN=9704329889","gisViewerUrl":"https://experience.arcgis.com/experience/2333843dc4584e648a98fb9542dc75fe"},"geometry":{"type":"Polygon","coordinates":[[[-82.69264,35.735737],[-82.692653,35.73671],[-82.695811,35.736184],[-82.695669,35.73586],[-82.695274,35.735088],[-82.695202,35.735079],[-82.695029,35.735113],[-82.694851,35.735112],[-82.69478,35.735086],[-82.694703,35.735013],[-82.694681,35.734952],[-82.694692,35.734747],[-82.694667,35.734488],[-82.694565,35.734158],[-82.694438,35.73394],[-82.694384,35.733903],[-82.694198,35.733857],[-82.694005,35.733837],[-82.693861,35.73386],[-82.693246,35.73413],[-82.693023,35.734195],[-82.692849,35.734223],[-82.692671,35.734208],[-82.692499,35.734168],[-82.692258,35.734031],[-82.692015,35.73383],[-82.692001,35.733872],[-82.692053,35.733962],[-82.692189,35.734048],[-82.692302,35.734198],[-82.692608,35.73476],[-82.692636,35.735248],[-82.69264,35.735737]]]}},{"type":"Feature","id":"37115:8793081965","properties":{"id":"37115:8793081965","parcelId":"8793081965","countyFips":"37115","countyName":"Madison","state":"North Carolina","marketIds":["Asheville"],"situsAddress":null,"situsCity":null,"situsZip":null,"jurisdictionCode":null,"ownerName":"HENSLEY, JEAN D.","ownerName2":null,"propertyName":null,"zoningCode":"Residential-Agriculture District","zoningDistrict":null,"jurisdictionPrefix":null,"dorCode":null,"acreage":14.1407,"centroid":[-82.739514,35.722831],"lastSale":{"date":null,"price":null,"qualified":null},"tax":{"marketValue":183761.0,"assessedValue":74153.0,"taxableValue":null,"taxes":null},"mailingAddress":{"line1":"127 HENSLEY DRIVE","line2":null,"city":"MARSHALL","state":"NC","zip":"28753"},"incomeTract":null,"incomeBlockGroup":null,"nearestRoad":null,"flu":null,"opportunityZone":null,"oz2Eligibility":null,"source":"nc-madison-parcels-37115","appraiserUrl":"https://lrcpwa.ncptscloud.com/Madison/PropertySummary.aspx?PIN=8793081965","gisViewerUrl":"https://experience.arcgis.com/experience/2333843dc4584e648a98fb9542dc75fe"},"geometry":{"type":"Polygon","coordinates":[[[-82.7384,35.724273],[-82.740467,35.724342],[-82.741727,35.722987],[-82.741693,35.722915],[-82.741584,35.722823],[-82.741313,35.722757],[-82.741074,35.722661],[-82.740726,35.722433],[-82.740543,35.722353],[-82.740256,35.722253],[-82.739719,35.722108],[-82.739199,35.721928],[-82.738371,35.721584],[-82.738394,35.721791],[-82.738475,35.721947],[-82.73838,35.722201],[-82.738413,35.722425],[-82.738462,35.722666],[-82.738515,35.72276],[-82.738666,35.723238],[-82.73862,35.723359],[-82.738704,35.723417],[-82.738767,35.723714],[-82.738707,35.723768],[-82.738672,35.724061],[-82.7384,35.724273]]]}},{"type":"Feature","id":"37115:8794326340","properties":{"id":"37115:8794326340","parcelId":"8794326340","countyFips":"37115","countyName":"Madison","state":"North Carolina","marketIds":["Asheville"],"situsAddress":null,"situsCity":null,"situsZip":null,"jurisdictionCode":null,"ownerName":"HOROWITZ, MITCHELL;HOROWITZ, KATARZYNA","ownerName2":null,"propertyName":null,"zoningCode":"Residential-Agriculture District","zoningDistrict":null,"jurisdictionPrefix":null,"dorCode":null,"acreage":13.6543,"centroid":[-82.728238,35.732412],"lastSale":{"date":null,"price":null,"qualified":null},"tax":{"marketValue":119441.0,"assessedValue":null,"taxableValue":null,"taxes":null},"mailingAddress":{"line1":"187 GRAHAM RD","line2":null,"city":"MARSHALL","state":"NC","zip":"28753"},"incomeTract":null,"incomeBlockGroup":null,"nearestRoad":null,"flu":null,"opportunityZone":null,"oz2Eligibility":null,"source":"nc-madison-parcels-37115","appraiserUrl":"https://lrcpwa.ncptscloud.com/Madison/PropertySummary.aspx?PIN=8794326340","gisViewerUrl":"https://experience.arcgis.com/experience/2333843dc4584e648a98fb9542dc75fe"},"geometry":{"type":"Polygon","coordinates":[[[-82.72703,35.733992],[-82.728677,35.734079],[-82.728922,35.732994],[-82.730514,35.731942],[-82.730313,35.731765],[-82.730179,35.731894],[-82.729688,35.731855],[-82.729356,35.731874],[-82.728816,35.731861],[-82.728042,35.73136],[-82.727855,35.731185],[-82.727483,35.730985],[-82.727434,35.731646],[-82.72699,35.732266],[-82.727087,35.732802],[-82.72701,35.732985],[-82.726999,35.733141],[-82.727104,35.733436],[-82.727032,35.733765],[-82.72703,35.733992]]]}},{"type":"Feature","id":"37115:8794842430","properties":{"id":"37115:8794842430","parcelId":"8794842430","countyFips":"37115","countyName":"Madison","state":"North Carolina","marketIds":["Asheville"],"situsAddress":null,"situsCity":null,"situsZip":null,"jurisdictionCode":null,"ownerName":"HENSLEY, DAVID;HENSLEY, DEBORAH","ownerName2":null,"propertyName":null,"zoningCode":"Residential-Agriculture District","zoningDistrict":null,"jurisdictionPrefix":null,"dorCode":null,"acreage":32.6668,"centroid":[-82.713535,35.738537],"lastSale":{"date":null,"price":null,"qualified":null},"tax":{"marketValue":327293.0,"assessedValue":87835.0,"taxableValue":null,"taxes":null},"mailingAddress":{"line1":"PO BOX 416","line2":null,"city":"DANA","state":"NC","zip":"28724"},"incomeTract":null,"incomeBlockGroup":null,"nearestRoad":null,"flu":null,"opportunityZone":null,"oz2Eligibility":null,"source":"nc-madison-parcels-37115","appraiserUrl":"https://lrcpwa.ncptscloud.com/Madison/PropertySummary.aspx?PIN=8794842430","gisViewerUrl":"https://experience.arcgis.com/experience/2333843dc4584e648a98fb9542dc75fe"},"geometry":{"type":"Polygon","coordinates":[[[-82.712651,35.740446],[-82.712677,35.74052],[-82.712753,35.740661],[-82.712959,35.740917],[-82.713255,35.740477],[-82.713445,35.740242],[-82.713974,35.740234],[-82.714864,35.74026],[-82.715214,35.740183],[-82.715497,35.740066],[-82.715616,35.739965],[-82.7158,35.739551],[-82.716039,35.738921],[-82.715405,35.73868],[-82.715521,35.738442],[-82.715627,35.738284],[-82.715595,35.738039],[-82.715401,35.737569],[-82.715094,35.737175],[-82.714757,35.736901],[-82.714576,35.736816],[-82.714429,35.736818],[-82.714274,35.736839],[-82.713682,35.736982],[-82.713382,35.737035],[-82.713179,35.73704],[-82.71241,35.736957],[-82.711074,35.736676],[-82.711042,35.736727],[-82.711007,35.736947],[-82.711013,35.737078],[-82.711163,35.737802],[-82.711252,35.738028],[-82.711366,35.738248],[-82.711503,35.738458],[-82.712028,35.739099],[-82.712355,35.739545],[-82.712464,35.739789],[-82.712651,35.740446]]]}},{"type":"Feature","id":"37115:8794767360","properties":{"id":"37115:8794767360","parcelId":"8794767360","countyFips":"37115","countyName":"Madison","state":"North Carolina","marketIds":["Asheville"],"situsAddress":null,"situsCity":null,"situsZip":null,"jurisdictionCode":null,"ownerName":"BALL, LUTHER H;BALL, BRENDA S;BALL, KEVIN H;BALL, SUE ELLEN W","ownerName2":null,"propertyName":null,"zoningCode":"Residential-Agriculture District","zoningDistrict":null,"jurisdictionPrefix":null,"dorCode":null,"acreage":110.1584,"centroid":[-82.715914,35.742869],"lastSale":{"date":null,"price":null,"qualified":null},"tax":{"marketValue":676824.0,"assessedValue":159410.0,"taxableValue":null,"taxes":null},"mailingAddress":{"line1":"1030 MEADOWS TOWN RD","line2":null,"city":"MARSHALL","state":"NC","zip":"28753"},"incomeTract":null,"incomeBlockGroup":null,"nearestRoad":null,"flu":null,"opportunityZone":null,"oz2Eligibility":null,"source":"nc-madison-parcels-37115","appraiserUrl":"https://lrcpwa.ncptscloud.com/Madison/PropertySummary.aspx?PIN=8794767360","gisViewerUrl":"https://experience.arcgis.com/experience/2333843dc4584e648a98fb9542dc75fe"},"geometry":{"type":"Polygon","coordinates":[[[-82.715605,35.74837],[-82.717201,35.748391],[-82.718705,35.748416],[-82.718982,35.748102],[-82.718294,35.746445],[-82.717822,35.746132],[-82.717348,35.745456],[-82.717776,35.744412],[-82.717818,35.743739],[-82.717535,35.743631],[-82.717738,35.743353],[-82.717479,35.742991],[-82.717451,35.742727],[-82.717757,35.742589],[-82.718282,35.742454],[-82.719163,35.741226],[-82.718653,35.741092],[-82.718541,35.741035],[-82.718497,35.740995],[-82.718469,35.740936],[-82.718381,35.740627],[-82.718318,35.740543],[-82.718187,35.740423],[-82.717912,35.740206],[-82.717593,35.739994],[-82.71722,35.73979],[-82.717085,35.739675],[-82.716894,35.739463],[-82.716682,35.739264],[-82.716246,35.738991],[-82.716039,35.738921],[-82.7158,35.739551],[-82.715616,35.739965],[-82.715497,35.740066],[-82.715214,35.740183],[-82.714864,35.74026],[-82.713974,35.740234],[-82.713445,35.740242],[-82.713255,35.740477],[-82.712959,35.740917],[-82.713212,35.74124],[-82.713304,35.741415],[-82.713352,35.74165],[-82.713321,35.741887],[-82.7126,35.744214],[-82.712472,35.744573],[-82.712407,35.744701],[-82.711636,35.745898],[-82.711571,35.746174],[-82.713454,35.746236],[-82.712743,35.746682],[-82.712725,35.74679],[-82.713059,35.747368],[-82.714564,35.748337],[-82.714578,35.748363],[-82.715605,35.74837]]]}},{"type":"Feature","id":"37115:9714575446","properties":{"id":"37115:9714575446","parcelId":"9714575446","countyFips":"37115","countyName":"Madison","state":"North Carolina","marketIds":["Asheville"],"situsAddress":null,"situsCity":null,"situsZip":null,"jurisdictionCode":null,"ownerName":"FOSTER, RICK;FOSTER, TERESA","ownerName2":null,"propertyName":null,"zoningCode":"Residential-Agriculture District","zoningDistrict":null,"jurisdictionPrefix":null,"dorCode":null,"acreage":10.215,"centroid":[-82.655671,35.748956],"lastSale":{"date":null,"price":null,"qualified":null},"tax":{"marketValue":179069.0,"assessedValue":17163.0,"taxableValue":null,"taxes":null},"mailingAddress":{"line1":"PO BOX 57","line2":null,"city":"HICKORY","state":"NC","zip":"28603"},"incomeTract":null,"incomeBlockGroup":null,"nearestRoad":null,"flu":null,"opportunityZone":null,"oz2Eligibility":null,"source":"nc-madison-parcels-37115","appraiserUrl":"https://lrcpwa.ncptscloud.com/Madison/PropertySummary.aspx?PIN=9714575446","gisViewerUrl":"https://experience.arcgis.com/experience/2333843dc4584e648a98fb9542dc75fe"},"geometry":{"type":"MultiPolygon","coordinates":[[[[-82.654369,35.748806],[-82.654533,35.74963],[-82.654601,35.7495],[-82.655114,35.748847],[-82.655216,35.748673],[-82.6553,35.74822],[-82.655383,35.748063],[-82.655463,35.74797],[-82.655566,35.747892],[-82.655763,35.747838],[-82.65576,35.747688],[-82.654705,35.747627],[-82.654702,35.748016],[-82.654051,35.74798],[-82.654369,35.748806]]],[[[-82.655118,35.749165],[-82.654995,35.749304],[-82.654879,35.749448],[-82.654825,35.749555],[-82.654749,35.749653],[-82.654681,35.749844],[-82.654645,35.750016],[-82.655263,35.750005],[-82.655643,35.750225],[-82.656064,35.749396],[-82.656623,35.749472],[-82.657133,35.749049],[-82.657204,35.748927],[-82.65622,35.748556],[-82.656243,35.748336],[-82.65673,35.74791],[-82.656246,35.748003],[-82.656134,35.747995],[-82.655701,35.748024],[-82.655612,35.748083],[-82.655511,35.748196],[-82.655448,35.748391],[-82.655442,35.748623],[-82.655403,35.74875],[-82.655267,35.748977],[-82.655118,35.749165]]]]}},{"type":"Feature","id":"37115:8784872775","properties":{"id":"37115:8784872775","parcelId":"8784872775","countyFips":"37115","countyName":"Madison","state":"North Carolina","marketIds":["Asheville"],"situsAddress":null,"situsCity":null,"situsZip":null,"jurisdictionCode":null,"ownerName":"SHOFF, BRENDA PAYNE","ownerName2":null,"propertyName":null,"zoningCode":"Residential-Agriculture District","zoningDistrict":null,"jurisdictionPrefix":null,"dorCode":null,"acreage":62.5862,"centroid":[-82.748311,35.746769],"lastSale":{"date":null,"price":null,"qualified":null},"tax":{"marketValue":110367.0,"assessedValue":null,"taxableValue":null,"taxes":null},"mailingAddress":{"line1":"65 PINKERTON CORNER","line2":null,"city":"FAIRVIEW","state":"NC","zip":"28730"},"incomeTract":null,"incomeBlockGroup":null,"nearestRoad":null,"flu":null,"opportunityZone":null,"oz2Eligibility":null,"source":"nc-madison-parcels-37115","appraiserUrl":"https://lrcpwa.ncptscloud.com/Madison/PropertySummary.aspx?PIN=8784872775","gisViewerUrl":"https://experience.arcgis.com/experience/2333843dc4584e648a98fb9542dc75fe"},"geometry":{"type":"Polygon","coordinates":[[[-82.744594,35.748701],[-82.74633,35.749018],[-82.751053,35.749727],[-82.750972,35.749586],[-82.750864,35.749469],[-82.750805,35.749305],[-82.750877,35.749155],[-82.751184,35.748975],[-82.75164,35.748553],[-82.751786,35.748473],[-82.750401,35.748505],[-82.749623,35.748411],[-82.749637,35.748237],[-82.749222,35.748058],[-82.749381,35.747635],[-82.749417,35.747343],[-82.749283,35.746766],[-82.749315,35.746225],[-82.749736,35.745299],[-82.750633,35.74413],[-82.750712,35.743984],[-82.750707,35.743811],[-82.75027,35.743774],[-82.749319,35.743635],[-82.747922,35.743537],[-82.746966,35.743671],[-82.746602,35.743798],[-82.74612,35.744168],[-82.745586,35.744492],[-82.745322,35.74459],[-82.745191,35.744734],[-82.745293,35.745401],[-82.745656,35.746469],[-82.745651,35.746689],[-82.745402,35.747437],[-82.745401,35.747625],[-82.745323,35.747809],[-82.745114,35.748185],[-82.744808,35.748629],[-82.744594,35.748701]]]}},{"type":"Feature","id":"37115:8794089196","properties":{"id":"37115:8794089196","parcelId":"8794089196","countyFips":"37115","countyName":"Madison","state":"North Carolina","marketIds":["Asheville"],"situsAddress":null,"situsCity":null,"situsZip":null,"jurisdictionCode":null,"ownerName":"ROBERTS, SHERIDAN","ownerName2":null,"propertyName":null,"zoningCode":"Residential-Agriculture District","zoningDistrict":null,"jurisdictionPrefix":null,"dorCode":null,"acreage":138.6668,"centroid":[-82.740765,35.748558],"lastSale":{"date":null,"price":null,"qualified":null},"tax":{"marketValue":363285.0,"assessedValue":null,"taxableValue":null,"taxes":null},"mailingAddress":{"line1":"235 SPRING VALLEY ROAD UNIT A-1","line2":null,"city":"PIGEON FORGE","state":"TN","zip":"37863"},"incomeTract":null,"incomeBlockGroup":null,"nearestRoad":null,"flu":null,"opportunityZone":null,"oz2Eligibility":null,"source":"nc-madison-parcels-37115","appraiserUrl":"https://lrcpwa.ncptscloud.com/Madison/PropertySummary.aspx?PIN=8794089196","gisViewerUrl":"https://experience.arcgis.com/experience/2333843dc4584e648a98fb9542dc75fe"},"geometry":{"type":"Polygon","coordinates":[[[-82.735707,35.751617],[-82.736378,35.751656],[-82.737241,35.751622],[-82.737882,35.751547],[-82.73849,35.751385],[-82.738951,35.751436],[-82.739385,35.751423],[-82.740854,35.750925],[-82.74123,35.750449],[-82.741691,35.750279],[-82.742185,35.750187],[-82.742365,35.750059],[-82.743398,35.74919],[-82.74385,35.748966],[-82.744302,35.748863],[-82.744594,35.748701],[-82.744808,35.748629],[-82.745114,35.748185],[-82.745323,35.747809],[-82.745401,35.747625],[-82.745402,35.747437],[-82.745651,35.746689],[-82.745656,35.746469],[-82.745293,35.745401],[-82.745191,35.744734],[-82.741207,35.743942],[-82.739935,35.744382],[-82.738676,35.744843],[-82.738481,35.745129],[-82.738263,35.745403],[-82.737124,35.746705],[-82.736821,35.747162],[-82.736253,35.747775],[-82.735504,35.748704],[-82.733821,35.751218],[-82.735101,35.751544],[-82.735707,35.751617]]]}},{"type":"Feature","id":"37115:8793053317","properties":{"id":"37115:8793053317","parcelId":"8793053317","countyFips":"37115","countyName":"Madison","state":"North Carolina","marketIds":["Asheville"],"situsAddress":null,"situsCity":null,"situsZip":null,"jurisdictionCode":null,"ownerName":"DICKS, WESLEY;GARDNER, MEGAN","ownerName2":null,"propertyName":null,"zoningCode":"Residential-Agriculture District","zoningDistrict":null,"jurisdictionPrefix":null,"dorCode":null,"acreage":7.9967,"centroid":[-82.738604,35.71287],"lastSale":{"date":null,"price":null,"qualified":null},"tax":{"marketValue":99468.0,"assessedValue":30119.0,"taxableValue":null,"taxes":null},"mailingAddress":{"line1":"8554 MEADOWS TOWN RD","line2":null,"city":"MARSHALL","state":"NC","zip":"28753"},"incomeTract":null,"incomeBlockGroup":null,"nearestRoad":null,"flu":null,"opportunityZone":null,"oz2Eligibility":null,"source":"nc-madison-parcels-37115","appraiserUrl":"https://lrcpwa.ncptscloud.com/Madison/PropertySummary.aspx?PIN=8793053317","gisViewerUrl":"https://experience.arcgis.com/experience/2333843dc4584e648a98fb9542dc75fe"},"geometry":{"type":"Polygon","coordinates":[[[-82.739199,35.713416],[-82.739312,35.713427],[-82.741168,35.71384],[-82.741362,35.713961],[-82.741572,35.71365],[-82.740878,35.713569],[-82.740423,35.713382],[-82.740214,35.713152],[-82.740002,35.713003],[-82.738882,35.712879],[-82.738613,35.712879],[-82.738268,35.712439],[-82.737964,35.712267],[-82.737812,35.711953],[-82.73768,35.711862],[-82.737423,35.711796],[-82.737158,35.711801],[-82.736994,35.711853],[-82.73675,35.712194],[-82.736685,35.71256],[-82.736517,35.712952],[-82.737184,35.713166],[-82.737638,35.713092],[-82.737796,35.713103],[-82.737807,35.713077],[-82.738392,35.713338],[-82.739199,35.713416]]]}},{"type":"Feature","id":"37115:8793053519","properties":{"id":"37115:8793053519","parcelId":"8793053519","countyFips":"37115","countyName":"Madison","state":"North Carolina","marketIds":["Asheville"],"situsAddress":null,"situsCity":null,"situsZip":null,"jurisdictionCode":null,"ownerName":"BUCKNER, FRANKLIN DOUGLAS","ownerName2":null,"propertyName":null,"zoningCode":"Residential-Agriculture District","zoningDistrict":null,"jurisdictionPrefix":null,"dorCode":null,"acreage":7.4969,"centroid":[-82.736921,35.71374],"lastSale":{"date":null,"price":null,"qualified":null},"tax":{"marketValue":191997.0,"assessedValue":123709.0,"taxableValue":null,"taxes":null},"mailingAddress":{"line1":"8550 MEADOWS TOWN ROAD","line2":null,"city":"MARSHALL","state":"NC","zip":"28753"},"incomeTract":null,"incomeBlockGroup":null,"nearestRoad":null,"flu":null,"opportunityZone":null,"oz2Eligibility":null,"source":"nc-madison-parcels-37115","appraiserUrl":"https://lrcpwa.ncptscloud.com/Madison/PropertySummary.aspx?PIN=8793053519","gisViewerUrl":"https://experience.arcgis.com/experience/2333843dc4584e648a98fb9542dc75fe"},"geometry":{"type":"Polygon","coordinates":[[[-82.736044,35.714477],[-82.737319,35.714469],[-82.737482,35.714526],[-82.737847,35.714101],[-82.738416,35.714127],[-82.738366,35.713566],[-82.737782,35.713126],[-82.737796,35.713103],[-82.737638,35.713092],[-82.737184,35.713166],[-82.736517,35.712952],[-82.736412,35.713198],[-82.736349,35.713456],[-82.735971,35.713874],[-82.735762,35.713963],[-82.735141,35.713902],[-82.735623,35.71448],[-82.736044,35.714477]]]}},{"type":"Feature","id":"37115:8783962140","properties":{"id":"37115:8783962140","parcelId":"8783962140","countyFips":"37115","countyName":"Madison","state":"North Carolina","marketIds":["Asheville"],"situsAddress":null,"situsCity":null,"situsZip":null,"jurisdictionCode":null,"ownerName":"EVANS, DEREK EDWARD;EVANS, BETH ANN","ownerName2":null,"propertyName":null,"zoningCode":"Residential-Agriculture District","zoningDistrict":null,"jurisdictionPrefix":null,"dorCode":null,"acreage":29.7735,"centroid":[-82.741817,35.715275],"lastSale":{"date":null,"price":null,"qualified":null},"tax":{"marketValue":152274.0,"assessedValue":26417.0,"taxableValue":null,"taxes":null},"mailingAddress":{"line1":"1051 SANDY MUSH ROAD","line2":null,"city":"MARSHALL","state":"NC","zip":"28753"},"incomeTract":null,"incomeBlockGroup":null,"nearestRoad":null,"flu":null,"opportunityZone":null,"oz2Eligibility":null,"source":"nc-madison-parcels-37115","appraiserUrl":"https://lrcpwa.ncptscloud.com/Madison/PropertySummary.aspx?PIN=8783962140","gisViewerUrl":"https://experience.arcgis.com/experience/2333843dc4584e648a98fb9542dc75fe"},"geometry":{"type":"Polygon","coordinates":[[[-82.743826,35.715919],[-82.746775,35.716077],[-82.746529,35.716043],[-82.746145,35.715406],[-82.745686,35.715139],[-82.744908,35.714784],[-82.7432,35.714352],[-82.737847,35.714101],[-82.737482,35.714526],[-82.73754,35.714546],[-82.737967,35.715184],[-82.738636,35.715617],[-82.739282,35.715723],[-82.739681,35.715864],[-82.741754,35.715848],[-82.743826,35.715919]]]}},{"type":"Feature","id":"37115:8783860027","properties":{"id":"37115:8783860027","parcelId":"8783860027","countyFips":"37115","countyName":"Madison","state":"North Carolina","marketIds":["Asheville"],"situsAddress":null,"situsCity":null,"situsZip":null,"jurisdictionCode":null,"ownerName":"JARJOURA, DAVID G.","ownerName2":null,"propertyName":null,"zoningCode":"Residential-Agriculture District","zoningDistrict":null,"jurisdictionPrefix":null,"dorCode":null,"acreage":15.5388,"centroid":[-82.746348,35.714881],"lastSale":{"date":null,"price":null,"qualified":null},"tax":{"marketValue":null,"assessedValue":null,"taxableValue":null,"taxes":null},"mailingAddress":{"line1":"1053 SANDY MUSH RD.","line2":null,"city":"MARSHALL","state":"NC","zip":"28753"},"incomeTract":null,"incomeBlockGroup":null,"nearestRoad":null,"flu":null,"opportunityZone":null,"oz2Eligibility":null,"source":"nc-madison-parcels-37115","appraiserUrl":"https://lrcpwa.ncptscloud.com/Madison/PropertySummary.aspx?PIN=8783860027","gisViewerUrl":"https://experience.arcgis.com/experience/2333843dc4584e648a98fb9542dc75fe"},"geometry":{"type":"Polygon","coordinates":[[[-82.7468,35.717233],[-82.747128,35.716774],[-82.747194,35.716804],[-82.747475,35.716568],[-82.747516,35.715923],[-82.74744,35.715534],[-82.748086,35.715155],[-82.74756,35.71317],[-82.746151,35.713136],[-82.746,35.712827],[-82.745907,35.713048],[-82.745832,35.71362],[-82.745868,35.713861],[-82.745825,35.713996],[-82.745828,35.714153],[-82.745636,35.714322],[-82.745475,35.714429],[-82.74535,35.71456],[-82.745227,35.714594],[-82.744908,35.714784],[-82.745686,35.715139],[-82.746145,35.715406],[-82.746529,35.716043],[-82.746775,35.716077],[-82.7468,35.717233]]]}},{"type":"Feature","id":"37115:8783865648","properties":{"id":"37115:8783865648","parcelId":"8783865648","countyFips":"37115","countyName":"Madison","state":"North Carolina","marketIds":["Asheville"],"situsAddress":null,"situsCity":null,"situsZip":null,"jurisdictionCode":null,"ownerName":"JAMES, CALBY V III","ownerName2":null,"propertyName":null,"zoningCode":"Residential-Agriculture District","zoningDistrict":null,"jurisdictionPrefix":null,"dorCode":null,"acreage":9.894,"centroid":[-82.745143,35.716747],"lastSale":{"date":null,"price":null,"qualified":null},"tax":{"marketValue":575293.0,"assessedValue":484735.0,"taxableValue":null,"taxes":null},"mailingAddress":{"line1":"17989 RYAN DR","line2":null,"city":"DENHAM SPRINGS","state":"LA","zip":"70726"},"incomeTract":null,"incomeBlockGroup":null,"nearestRoad":null,"flu":null,"opportunityZone":null,"oz2Eligibility":null,"source":"nc-madison-parcels-37115","appraiserUrl":"https://lrcpwa.ncptscloud.com/Madison/PropertySummary.aspx?PIN=8783865648","gisViewerUrl":"https://experience.arcgis.com/experience/2333843dc4584e648a98fb9542dc75fe"},"geometry":{"type":"Polygon","coordinates":[[[-82.745451,35.717014],[-82.745505,35.717002],[-82.745785,35.716979],[-82.746046,35.717026],[-82.746267,35.717156],[-82.746461,35.717401],[-82.746578,35.717493],[-82.746663,35.717492],[-82.746777,35.717435],[-82.7468,35.717233],[-82.746775,35.716077],[-82.743826,35.715919],[-82.743486,35.716507],[-82.744099,35.717575],[-82.745002,35.717384],[-82.7451,35.717324],[-82.745274,35.717116],[-82.745451,35.717014]]]}},{"type":"Feature","id":"37115:8783966743","properties":{"id":"37115:8783966743","parcelId":"8783966743","countyFips":"37115","countyName":"Madison","state":"North Carolina","marketIds":["Asheville"],"situsAddress":null,"situsCity":null,"situsZip":null,"jurisdictionCode":null,"ownerName":"LUCAS, JANET;BROWN, JACQUELINE;BROWN, JESSICA MAI","ownerName2":null,"propertyName":null,"zoningCode":"Residential-Agriculture District","zoningDistrict":null,"jurisdictionPrefix":null,"dorCode":null,"acreage":27.6632,"centroid":[-82.741594,35.718037],"lastSale":{"date":null,"price":null,"qualified":null},"tax":{"marketValue":158118.0,"assessedValue":4408.0,"taxableValue":null,"taxes":null},"mailingAddress":{"line1":"653 SANDY MUSH RD","line2":null,"city":"MARSHALL","state":"NC","zip":"28753"},"incomeTract":null,"incomeBlockGroup":null,"nearestRoad":null,"flu":null,"opportunityZone":null,"oz2Eligibility":null,"source":"nc-madison-parcels-37115","appraiserUrl":"https://lrcpwa.ncptscloud.com/Madison/PropertySummary.aspx?PIN=8783966743","gisViewerUrl":"https://experience.arcgis.com/experience/2333843dc4584e648a98fb9542dc75fe"},"geometry":{"type":"Polygon","coordinates":[[[-82.740723,35.719396],[-82.741267,35.719561],[-82.741565,35.719355],[-82.741749,35.71929],[-82.741906,35.719262],[-82.74197,35.719223],[-82.741994,35.719184],[-82.742028,35.718968],[-82.742104,35.718805],[-82.742543,35.718234],[-82.742801,35.71799],[-82.743039,35.717844],[-82.743425,35.717685],[-82.743665,35.717628],[-82.744099,35.717575],[-82.743486,35.716507],[-82.743826,35.715919],[-82.741754,35.715848],[-82.739681,35.715864],[-82.739747,35.716088],[-82.739842,35.716733],[-82.739433,35.717249],[-82.739393,35.718353],[-82.739117,35.718703],[-82.740114,35.718687],[-82.740185,35.719006],[-82.740723,35.719396]],[[-82.741224,35.718756],[-82.74101,35.719154],[-82.740644,35.719091],[-82.740551,35.718476],[-82.741224,35.718756]],[[-82.742694,35.717755],[-82.742497,35.717857],[-82.742117,35.717198],[-82.74249,35.717173],[-82.742877,35.716968],[-82.743269,35.717458],[-82.742694,35.717755]]]}},{"type":"Feature","id":"37115:8794927550","properties":{"id":"37115:8794927550","parcelId":"8794927550","countyFips":"37115","countyName":"Madison","state":"North Carolina","marketIds":["Asheville"],"situsAddress":null,"situsCity":null,"situsZip":null,"jurisdictionCode":null,"ownerName":"DUKE ENERGY PROGRESS LLC","ownerName2":null,"propertyName":null,"zoningCode":"Residential-Agriculture District","zoningDistrict":null,"jurisdictionPrefix":null,"dorCode":null,"acreage":14.2227,"centroid":[-82.707853,35.733176],"lastSale":{"date":null,"price":null,"qualified":null},"tax":{"marketValue":58539.0,"assessedValue":null,"taxableValue":null,"taxes":null},"mailingAddress":{"line1":"525 S TRYON ST DEP09A","line2":null,"city":"CHARLOTTE","state":"NC","zip":"28202"},"incomeTract":null,"incomeBlockGroup":null,"nearestRoad":null,"flu":null,"opportunityZone":null,"oz2Eligibility":null,"source":"nc-madison-parcels-37115","appraiserUrl":"https://lrcpwa.ncptscloud.com/Madison/PropertySummary.aspx?PIN=8794927550","gisViewerUrl":"https://experience.arcgis.com/experience/2333843dc4584e648a98fb9542dc75fe"},"geometry":{"type":"Polygon","coordinates":[[[-82.707461,35.733078],[-82.707615,35.733298],[-82.707558,35.733757],[-82.709519,35.73567],[-82.70959,35.736703],[-82.710352,35.736618],[-82.71091,35.736358],[-82.710116,35.736113],[-82.709574,35.735627],[-82.709253,35.734903],[-82.708924,35.734724],[-82.70861,35.733935],[-82.708553,35.733419],[-82.708309,35.733231],[-82.7082,35.732938],[-82.708465,35.732868],[-82.708717,35.73296],[-82.708923,35.7329],[-82.709303,35.733093],[-82.709507,35.733076],[-82.709768,35.733213],[-82.709978,35.733394],[-82.710233,35.733397],[-82.710495,35.733624],[-82.710708,35.733714],[-82.711016,35.733575],[-82.71223,35.733549],[-82.712586,35.733314],[-82.712312,35.732905],[-82.712092,35.732989],[-82.711859,35.733043],[-82.710704,35.732957],[-82.710202,35.732802],[-82.709303,35.732452],[-82.70867,35.73225],[-82.708449,35.7322],[-82.707939,35.732149],[-82.707363,35.732178],[-82.70686,35.732353],[-82.706657,35.732495],[-82.707444,35.732472],[-82.707461,35.733078]]]}},{"type":"Feature","id":"37115:8794849883","properties":{"id":"37115:8794849883","parcelId":"8794849883","countyFips":"37115","countyName":"Madison","state":"North Carolina","marketIds":["Asheville"],"situsAddress":null,"situsCity":null,"situsZip":null,"jurisdictionCode":null,"ownerName":"MEADOWS TOWN FARM, LLC, A FLORIDA LIMITED LIABILITY COMPANY","ownerName2":null,"propertyName":null,"zoningCode":"Residential-Agriculture District","zoningDistrict":null,"jurisdictionPrefix":null,"dorCode":null,"acreage":13.1491,"centroid":[-82.711461,35.740366],"lastSale":{"date":null,"price":null,"qualified":null},"tax":{"marketValue":123008.0,"assessedValue":null,"taxableValue":null,"taxes":null},"mailingAddress":{"line1":"2912 BANYAN BLVD CIRCLE NW","line2":null,"city":"BOCA RATON","state":"FL","zip":"33431"},"incomeTract":null,"incomeBlockGroup":null,"nearestRoad":null,"flu":null,"opportunityZone":null,"oz2Eligibility":null,"source":"nc-madison-parcels-37115","appraiserUrl":"https://lrcpwa.ncptscloud.com/Madison/PropertySummary.aspx?PIN=8794849883","gisViewerUrl":"https://experience.arcgis.com/experience/2333843dc4584e648a98fb9542dc75fe"},"geometry":{"type":"Polygon","coordinates":[[[-82.712668,35.741126],[-82.712692,35.741179],[-82.712839,35.741368],[-82.712997,35.741476],[-82.713014,35.74161],[-82.713108,35.741742],[-82.713113,35.741816],[-82.713131,35.741823],[-82.713151,35.74164],[-82.713105,35.741445],[-82.713038,35.741325],[-82.712608,35.740783],[-82.712505,35.740606],[-82.712215,35.739704],[-82.711899,35.739252],[-82.711372,35.738608],[-82.711223,35.738388],[-82.711098,35.738157],[-82.711036,35.738196],[-82.71107,35.738222],[-82.711062,35.738349],[-82.711258,35.738589],[-82.710973,35.738926],[-82.710966,35.738996],[-82.710907,35.73909],[-82.710646,35.739441],[-82.710293,35.739738],[-82.710157,35.739776],[-82.709994,35.739903],[-82.709864,35.739936],[-82.709578,35.740088],[-82.709431,35.740227],[-82.709364,35.740337],[-82.70918,35.74041],[-82.709113,35.740419],[-82.710856,35.741329],[-82.711027,35.741549],[-82.711099,35.741521],[-82.71123,35.741528],[-82.71141,35.741431],[-82.711552,35.741316],[-82.711626,35.741313],[-82.71177,35.741216],[-82.711814,35.741056],[-82.711988,35.741026],[-82.712156,35.740842],[-82.712668,35.741126]]]}},{"type":"Feature","id":"37115:8794946092","properties":{"id":"37115:8794946092","parcelId":"8794946092","countyFips":"37115","countyName":"Madison","state":"North Carolina","marketIds":["Asheville"],"situsAddress":null,"situsCity":null,"situsZip":null,"jurisdictionCode":null,"ownerName":"MEADOWS TOWN FARM, LLC, A FL LIMITED LIABILITY COMPANY","ownerName2":null,"propertyName":null,"zoningCode":"Residential-Agriculture District","zoningDistrict":null,"jurisdictionPrefix":null,"dorCode":null,"acreage":59.1303,"centroid":[-82.708747,35.737515],"lastSale":{"date":null,"price":null,"qualified":null},"tax":{"marketValue":302542.0,"assessedValue":769.0,"taxableValue":null,"taxes":null},"mailingAddress":{"line1":"2912 BANYAN BOULEVARD CIR NW","line2":null,"city":"BOCA RATON","state":"FL","zip":"33431"},"incomeTract":null,"incomeBlockGroup":null,"nearestRoad":null,"flu":null,"opportunityZone":null,"oz2Eligibility":null,"source":"nc-madison-parcels-37115","appraiserUrl":"https://lrcpwa.ncptscloud.com/Madison/PropertySummary.aspx?PIN=8794946092","gisViewerUrl":"https://experience.arcgis.com/experience/2333843dc4584e648a98fb9542dc75fe"},"geometry":{"type":"Polygon","coordinates":[[[-82.707012,35.737063],[-82.706819,35.737431],[-82.706554,35.738017],[-82.706484,35.7383],[-82.706494,35.738653],[-82.706459,35.739004],[-82.706208,35.739988],[-82.706667,35.74158],[-82.708121,35.741507],[-82.708152,35.741448],[-82.708363,35.741247],[-82.708566,35.741014],[-82.708916,35.740721],[-82.709113,35.740419],[-82.70918,35.74041],[-82.709364,35.740337],[-82.709431,35.740227],[-82.709578,35.740088],[-82.709864,35.739936],[-82.709994,35.739903],[-82.710157,35.739776],[-82.710293,35.739738],[-82.710646,35.739441],[-82.710907,35.73909],[-82.710966,35.738996],[-82.710973,35.738926],[-82.711258,35.738589],[-82.711062,35.738349],[-82.71107,35.738222],[-82.711036,35.738196],[-82.711098,35.738157],[-82.710955,35.737814],[-82.71081,35.73706],[-82.710809,35.73691],[-82.710858,35.736664],[-82.711038,35.736436],[-82.71091,35.736358],[-82.710352,35.736618],[-82.70959,35.736703],[-82.709519,35.73567],[-82.707558,35.733757],[-82.707615,35.733298],[-82.707461,35.733078],[-82.707182,35.733039],[-82.70716,35.732973],[-82.707096,35.732986],[-82.707048,35.733056],[-82.707036,35.73312],[-82.707041,35.733512],[-82.707009,35.73409],[-82.70691,35.734452],[-82.706881,35.734698],[-82.706898,35.735316],[-82.707079,35.735607],[-82.707046,35.736248],[-82.707157,35.7366],[-82.707012,35.737063]]]}},{"type":"Feature","id":"37115:9704046081","properties":{"id":"37115:9704046081","parcelId":"9704046081","countyFips":"37115","countyName":"Madison","state":"North Carolina","marketIds":["Asheville"],"situsAddress":null,"situsCity":null,"situsZip":null,"jurisdictionCode":null,"ownerName":"FISHER, RAY","ownerName2":null,"propertyName":null,"zoningCode":"Residential-Agriculture District","zoningDistrict":null,"jurisdictionPrefix":null,"dorCode":null,"acreage":71.0218,"centroid":[-82.7054,35.737068],"lastSale":{"date":null,"price":null,"qualified":null},"tax":{"marketValue":404876.0,"assessedValue":null,"taxableValue":null,"taxes":null},"mailingAddress":{"line1":"630 TWEED RD.","line2":null,"city":"MARSHALL","state":"NC","zip":"28753"},"incomeTract":null,"incomeBlockGroup":null,"nearestRoad":null,"flu":null,"opportunityZone":null,"oz2Eligibility":null,"source":"nc-madison-parcels-37115","appraiserUrl":"https://lrcpwa.ncptscloud.com/Madison/PropertySummary.aspx?PIN=9704046081","gisViewerUrl":"https://experience.arcgis.com/experience/2333843dc4584e648a98fb9542dc75fe"},"geometry":{"type":"Polygon","coordinates":[[[-82.70315,35.740398],[-82.703203,35.740601],[-82.703345,35.740716],[-82.704151,35.741064],[-82.704424,35.741262],[-82.704507,35.74138],[-82.704586,35.74145],[-82.704666,35.741487],[-82.704898,35.741796],[-82.705009,35.742005],[-82.706224,35.741822],[-82.706667,35.74158],[-82.706208,35.739988],[-82.706459,35.739004],[-82.706494,35.738653],[-82.706484,35.7383],[-82.706554,35.738017],[-82.706819,35.737431],[-82.707012,35.737063],[-82.707157,35.7366],[-82.707046,35.736248],[-82.707079,35.735607],[-82.706898,35.735316],[-82.706881,35.734698],[-82.70691,35.734452],[-82.707009,35.73409],[-82.707048,35.733056],[-82.707096,35.732986],[-82.70716,35.732973],[-82.707182,35.733039],[-82.707461,35.733078],[-82.707444,35.732472],[-82.706657,35.732495],[-82.706444,35.732674],[-82.70555,35.733215],[-82.705528,35.7338],[-82.704483,35.73404],[-82.703782,35.734408],[-82.70269,35.734637],[-82.702933,35.735269],[-82.703463,35.736032],[-82.703764,35.73662],[-82.703436,35.736824],[-82.703239,35.737173],[-82.702983,35.73781],[-82.702838,35.738961],[-82.702797,35.739615],[-82.70315,35.740398]]]}},{"type":"Feature","id":"37115:9704183129","properties":{"id":"37115:9704183129","parcelId":"9704183129","countyFips":"37115","countyName":"Madison","state":"North Carolina","marketIds":["Asheville"],"situsAddress":null,"situsCity":null,"situsZip":null,"jurisdictionCode":null,"ownerName":"CLARK, GENE W.","ownerName2":null,"propertyName":null,"zoningCode":"Residential District","zoningDistrict":null,"jurisdictionPrefix":null,"dorCode":null,"acreage":20.876,"centroid":[-82.703005,35.749492],"lastSale":{"date":null,"price":null,"qualified":null},"tax":{"marketValue":153623.0,"assessedValue":3500.0,"taxableValue":null,"taxes":null},"mailingAddress":{"line1":"4257 BAILEY BRANCH ROAD","line2":null,"city":"MARSHALL","state":"NC","zip":"28753"},"incomeTract":null,"incomeBlockGroup":null,"nearestRoad":null,"flu":null,"opportunityZone":null,"oz2Eligibility":null,"source":"nc-madison-parcels-37115","appraiserUrl":"https://lrcpwa.ncptscloud.com/Madison/PropertySummary.aspx?PIN=9704183129","gisViewerUrl":"https://experience.arcgis.com/experience/2333843dc4584e648a98fb9542dc75fe"},"geometry":{"type":"Polygon","coordinates":[[[-82.703296,35.751262],[-82.703422,35.751289],[-82.703908,35.751445],[-82.704242,35.751611],[-82.705259,35.750228],[-82.705091,35.750083],[-82.704967,35.749884],[-82.704605,35.749189],[-82.704399,35.748651],[-82.704266,35.748452],[-82.704093,35.748306],[-82.703896,35.748182],[-82.703696,35.74812],[-82.703119,35.747888],[-82.702924,35.747789],[-82.702558,35.747546],[-82.702333,35.747321],[-82.702172,35.747419],[-82.702066,35.747771],[-82.702169,35.748099],[-82.702135,35.74824],[-82.702173,35.748403],[-82.702107,35.748524],[-82.702011,35.748932],[-82.70201,35.749128],[-82.702061,35.749188],[-82.702094,35.749392],[-82.702106,35.749629],[-82.70221,35.749765],[-82.702386,35.750165],[-82.702419,35.750315],[-82.702462,35.75036],[-82.702497,35.750528],[-82.702624,35.750846],[-82.702562,35.75114],[-82.702584,35.751186],[-82.702589,35.751272],[-82.702457,35.751368],[-82.703232,35.751257],[-82.703296,35.751262]]]}},{"type":"Feature","id":"37115:8794964448","properties":{"id":"37115:8794964448","parcelId":"8794964448","countyFips":"37115","countyName":"Madison","state":"North Carolina","marketIds":["Asheville"],"situsAddress":null,"situsCity":null,"situsZip":null,"jurisdictionCode":null,"ownerName":"FISHER, RAY","ownerName2":null,"propertyName":null,"zoningCode":"Residential-Agriculture District","zoningDistrict":null,"jurisdictionPrefix":null,"dorCode":null,"acreage":55.9193,"centroid":[-82.710486,35.742322],"lastSale":{"date":null,"price":null,"qualified":null},"tax":{"marketValue":263876.0,"assessedValue":null,"taxableValue":null,"taxes":null},"mailingAddress":{"line1":"630 TWEED RD.","line2":null,"city":"MARSHALL","state":"NC","zip":"28753"},"incomeTract":null,"incomeBlockGroup":null,"nearestRoad":null,"flu":null,"opportunityZone":null,"oz2Eligibility":null,"source":"nc-madison-parcels-37115","appraiserUrl":"https://lrcpwa.ncptscloud.com/Madison/PropertySummary.aspx?PIN=8794964448","gisViewerUrl":"https://experience.arcgis.com/experience/2333843dc4584e648a98fb9542dc75fe"},"geometry":{"type":"Polygon","coordinates":[[[-82.711549,35.745033],[-82.711943,35.745068],[-82.712287,35.744521],[-82.713131,35.741823],[-82.713113,35.741816],[-82.713108,35.741742],[-82.713014,35.74161],[-82.712997,35.741476],[-82.712794,35.741325],[-82.712668,35.741126],[-82.712156,35.740842],[-82.711988,35.741026],[-82.711814,35.741056],[-82.71177,35.741216],[-82.711626,35.741313],[-82.711552,35.741316],[-82.71141,35.741431],[-82.71123,35.741528],[-82.711099,35.741521],[-82.711027,35.741549],[-82.710856,35.741329],[-82.709113,35.740419],[-82.708916,35.740721],[-82.708566,35.741014],[-82.708363,35.741247],[-82.708152,35.741448],[-82.708121,35.741507],[-82.706667,35.74158],[-82.706224,35.741822],[-82.706179,35.744276],[-82.707853,35.74437],[-82.708937,35.744401],[-82.708994,35.744416],[-82.70912,35.744493],[-82.709367,35.744685],[-82.709415,35.744981],[-82.710846,35.744885],[-82.711549,35.745033]]]}},{"type":"Feature","id":"37115:9704719580","properties":{"id":"37115:9704719580","parcelId":"9704719580","countyFips":"37115","countyName":"Madison","state":"North Carolina","marketIds":["Asheville"],"situsAddress":null,"situsCity":null,"situsZip":null,"jurisdictionCode":null,"ownerName":"LEAR, DAVID R.;LEAR, SANDRA L.","ownerName2":null,"propertyName":null,"zoningCode":"Residential-Agriculture District","zoningDistrict":null,"jurisdictionPrefix":null,"dorCode":null,"acreage":6.2181,"centroid":[-82.680252,35.731789],"lastSale":{"date":null,"price":null,"qualified":null},"tax":{"marketValue":56736.0,"assessedValue":null,"taxableValue":null,"taxes":null},"mailingAddress":{"line1":"811 RAMSEY SNELSON RD.","line2":null,"city":"MARSHALL","state":"NC","zip":"28753"},"incomeTract":null,"incomeBlockGroup":null,"nearestRoad":null,"flu":null,"opportunityZone":null,"oz2Eligibility":null,"source":"nc-madison-parcels-37115","appraiserUrl":"https://lrcpwa.ncptscloud.com/Madison/PropertySummary.aspx?PIN=9704719580","gisViewerUrl":"https://experience.arcgis.com/experience/2333843dc4584e648a98fb9542dc75fe"},"geometry":{"type":"Polygon","coordinates":[[[-82.680186,35.732095],[-82.680547,35.732123],[-82.681198,35.732373],[-82.681455,35.732512],[-82.681655,35.732278],[-82.681603,35.731717],[-82.681094,35.730961],[-82.680588,35.730984],[-82.680089,35.73131],[-82.679763,35.731224],[-82.67943,35.731322],[-82.679284,35.731436],[-82.679099,35.73152],[-82.679087,35.732269],[-82.679523,35.73222],[-82.679772,35.732048],[-82.67991,35.732027],[-82.680186,35.732095]]]}},{"type":"Feature","id":"37115:9704714514","properties":{"id":"37115:9704714514","parcelId":"9704714514","countyFips":"37115","countyName":"Madison","state":"North Carolina","marketIds":["Asheville"],"situsAddress":null,"situsCity":null,"situsZip":null,"jurisdictionCode":null,"ownerName":"LEAR, DAVID R.;LEAR, SANDRA L.","ownerName2":null,"propertyName":null,"zoningCode":"Residential-Agriculture District","zoningDistrict":null,"jurisdictionPrefix":null,"dorCode":null,"acreage":8.1019,"centroid":[-82.682411,35.732294],"lastSale":{"date":null,"price":null,"qualified":null},"tax":{"marketValue":558808.0,"assessedValue":482537.0,"taxableValue":null,"taxes":null},"mailingAddress":{"line1":"811 RAMSEY SNELSON RD.","line2":null,"city":"MARSHALL","state":"NC","zip":"28753"},"incomeTract":null,"incomeBlockGroup":null,"nearestRoad":null,"flu":null,"opportunityZone":null,"oz2Eligibility":null,"source":"nc-madison-parcels-37115","appraiserUrl":"https://lrcpwa.ncptscloud.com/Madison/PropertySummary.aspx?PIN=9704714514","gisViewerUrl":"https://experience.arcgis.com/experience/2333843dc4584e648a98fb9542dc75fe"},"geometry":{"type":"Polygon","coordinates":[[[-82.682183,35.73282],[-82.682558,35.732886],[-82.682842,35.733133],[-82.683191,35.733317],[-82.68323,35.733222],[-82.6835,35.733011],[-82.68358,35.732871],[-82.68356,35.732714],[-82.683513,35.732717],[-82.682257,35.731327],[-82.6822,35.730351],[-82.680992,35.73056],[-82.681094,35.730961],[-82.681603,35.731717],[-82.681655,35.732278],[-82.681455,35.732512],[-82.681578,35.732596],[-82.682183,35.73282]]]}},{"type":"Feature","id":"37115:9704727062","properties":{"id":"37115:9704727062","parcelId":"9704727062","countyFips":"37115","countyName":"Madison","state":"North Carolina","marketIds":["Asheville"],"situsAddress":null,"situsCity":null,"situsZip":null,"jurisdictionCode":null,"ownerName":"BLUE HORIZON MADISON, LLC","ownerName2":null,"propertyName":null,"zoningCode":"Residential-Agriculture District","zoningDistrict":null,"jurisdictionPrefix":null,"dorCode":null,"acreage":10.4063,"centroid":[-82.681832,35.732994],"lastSale":{"date":null,"price":null,"qualified":null},"tax":{"marketValue":482382.0,"assessedValue":334712.0,"taxableValue":null,"taxes":null},"mailingAddress":{"line1":"643 SW RIVER CT","line2":null,"city":"PALM CITY","state":"FL","zip":"34990"},"incomeTract":null,"incomeBlockGroup":null,"nearestRoad":null,"flu":null,"opportunityZone":null,"oz2Eligibility":null,"source":"nc-madison-parcels-37115","appraiserUrl":"https://lrcpwa.ncptscloud.com/Madison/PropertySummary.aspx?PIN=9704727062","gisViewerUrl":"https://experience.arcgis.com/experience/2333843dc4584e648a98fb9542dc75fe"},"geometry":{"type":"Polygon","coordinates":[[[-82.679098,35.733869],[-82.683289,35.733829],[-82.683191,35.733317],[-82.682842,35.733133],[-82.682558,35.732886],[-82.682183,35.73282],[-82.681578,35.732596],[-82.681198,35.732373],[-82.680547,35.732123],[-82.679098,35.733869]]]}},{"type":"Feature","id":"37115:9714878255","properties":{"id":"37115:9714878255","parcelId":"9714878255","countyFips":"37115","countyName":"Madison","state":"North Carolina","marketIds":["Asheville"],"situsAddress":null,"situsCity":null,"situsZip":null,"jurisdictionCode":null,"ownerName":"THE TOWERS-PATTERSON FAMILY TRUST OF 2020","ownerName2":null,"propertyName":null,"zoningCode":"Residential-Agriculture District","zoningDistrict":null,"jurisdictionPrefix":null,"dorCode":null,"acreage":10.5898,"centroid":[-82.644852,35.74867],"lastSale":{"date":null,"price":null,"qualified":null},"tax":{"marketValue":62595.0,"assessedValue":null,"taxableValue":null,"taxes":null},"mailingAddress":{"line1":"59 HUGHEY RD","line2":null,"city":"ALEXANDER","state":"NC","zip":"28701"},"incomeTract":null,"incomeBlockGroup":null,"nearestRoad":null,"flu":null,"opportunityZone":null,"oz2Eligibility":null,"source":"nc-madison-parcels-37115","appraiserUrl":"https://lrcpwa.ncptscloud.com/Madison/PropertySummary.aspx?PIN=9714878255","gisViewerUrl":"https://experience.arcgis.com/experience/2333843dc4584e648a98fb9542dc75fe"},"geometry":{"type":"Polygon","coordinates":[[[-82.642462,35.749452],[-82.643677,35.749488],[-82.643744,35.74949],[-82.644448,35.74936],[-82.645257,35.749356],[-82.64543,35.749207],[-82.645582,35.748733],[-82.645847,35.748185],[-82.646475,35.747866],[-82.646373,35.747738],[-82.64568,35.747513],[-82.645607,35.747507],[-82.642497,35.748816],[-82.642462,35.749452]]]}},{"type":"Feature","id":"37115:9714875652","properties":{"id":"37115:9714875652","parcelId":"9714875652","countyFips":"37115","countyName":"Madison","state":"North Carolina","marketIds":["Asheville"],"situsAddress":null,"situsCity":null,"situsZip":null,"jurisdictionCode":null,"ownerName":"TRIPLETT, ROBERT E.","ownerName2":null,"propertyName":null,"zoningCode":"Residential-Agriculture District","zoningDistrict":null,"jurisdictionPrefix":null,"dorCode":null,"acreage":15.1041,"centroid":[-82.645474,35.749579],"lastSale":{"date":null,"price":null,"qualified":null},"tax":{"marketValue":234164.0,"assessedValue":64101.0,"taxableValue":null,"taxes":null},"mailingAddress":{"line1":"96 TRIPLETT ROAD","line2":null,"city":"ALEXANDER","state":"NC","zip":"28701"},"incomeTract":null,"incomeBlockGroup":null,"nearestRoad":null,"flu":null,"opportunityZone":null,"oz2Eligibility":null,"source":"nc-madison-parcels-37115","appraiserUrl":"https://lrcpwa.ncptscloud.com/Madison/PropertySummary.aspx?PIN=9714875652","gisViewerUrl":"https://experience.arcgis.com/experience/2333843dc4584e648a98fb9542dc75fe"},"geometry":{"type":"Polygon","coordinates":[[[-82.6436,35.752134],[-82.643896,35.752269],[-82.644269,35.750726],[-82.645367,35.750187],[-82.645612,35.750239],[-82.64634,35.750116],[-82.646694,35.74935],[-82.647489,35.748578],[-82.647539,35.747474],[-82.646475,35.747866],[-82.645847,35.748185],[-82.645582,35.748733],[-82.64543,35.749207],[-82.645257,35.749356],[-82.644448,35.74936],[-82.643744,35.74949],[-82.6436,35.752134]]]}},{"type":"Feature","id":"37115:8793085088","properties":{"id":"37115:8793085088","parcelId":"8793085088","countyFips":"37115","countyName":"Madison","state":"North Carolina","marketIds":["Asheville"],"situsAddress":null,"situsCity":null,"situsZip":null,"jurisdictionCode":null,"ownerName":"DUKE ENERGY PROGRESS LLC","ownerName2":null,"propertyName":null,"zoningCode":"Residential-Agriculture District","zoningDistrict":null,"jurisdictionPrefix":null,"dorCode":null,"acreage":13.9325,"centroid":[-82.739133,35.720591],"lastSale":{"date":null,"price":null,"qualified":null},"tax":{"marketValue":123345.0,"assessedValue":null,"taxableValue":null,"taxes":null},"mailingAddress":{"line1":"525 S TRYON ST DEP09A","line2":null,"city":"CHARLOTTE","state":"NC","zip":"28202"},"incomeTract":null,"incomeBlockGroup":null,"nearestRoad":null,"flu":null,"opportunityZone":null,"oz2Eligibility":null,"source":"nc-madison-parcels-37115","appraiserUrl":"https://lrcpwa.ncptscloud.com/Madison/PropertySummary.aspx?PIN=8793085088","gisViewerUrl":"https://experience.arcgis.com/experience/2333843dc4584e648a98fb9542dc75fe"},"geometry":{"type":"Polygon","coordinates":[[[-82.73732,35.721102],[-82.737399,35.721131],[-82.738069,35.721322],[-82.738762,35.721584],[-82.738866,35.721589],[-82.739053,35.721541],[-82.739342,35.721392],[-82.739476,35.721275],[-82.739599,35.721119],[-82.739714,35.721009],[-82.740167,35.720718],[-82.740295,35.720567],[-82.740392,35.72038],[-82.740519,35.720194],[-82.740805,35.719899],[-82.740229,35.71977],[-82.73868,35.71947],[-82.738539,35.719347],[-82.738214,35.719259],[-82.737215,35.719154],[-82.73732,35.721102]]]}},{"type":"Feature","id":"37115:9714550533","properties":{"id":"37115:9714550533","parcelId":"9714550533","countyFips":"37115","countyName":"Madison","state":"North Carolina","marketIds":["Asheville"],"situsAddress":null,"situsCity":null,"situsZip":null,"jurisdictionCode":null,"ownerName":"JLML ONE, LLC A NC LIMITED LIABILITY COMPANY","ownerName2":null,"propertyName":null,"zoningCode":"Residential-Agriculture District","zoningDistrict":null,"jurisdictionPrefix":null,"dorCode":null,"acreage":15.1858,"centroid":[-82.656339,35.7442],"lastSale":{"date":null,"price":null,"qualified":null},"tax":{"marketValue":108465.0,"assessedValue":null,"taxableValue":null,"taxes":null},"mailingAddress":{"line1":"435 FLAT ROCK DRIVE","line2":null,"city":"DENVER","state":"NC","zip":"28037"},"incomeTract":null,"incomeBlockGroup":null,"nearestRoad":null,"flu":null,"opportunityZone":null,"oz2Eligibility":null,"source":"nc-madison-parcels-37115","appraiserUrl":"https://lrcpwa.ncptscloud.com/Madison/PropertySummary.aspx?PIN=9714550533","gisViewerUrl":"https://experience.arcgis.com/experience/2333843dc4584e648a98fb9542dc75fe"},"geometry":{"type":"Polygon","coordinates":[[[-82.655661,35.744571],[-82.655805,35.744635],[-82.656251,35.744804],[-82.656323,35.744811],[-82.656542,35.744806],[-82.656755,35.744765],[-82.657456,35.744726],[-82.659263,35.742373],[-82.657986,35.742311],[-82.655,35.743574],[-82.654944,35.744368],[-82.655083,35.744411],[-82.65534,35.744448],[-82.655661,35.744571]]]}},{"type":"Feature","id":"37115:9714455690","properties":{"id":"37115:9714455690","parcelId":"9714455690","countyFips":"37115","countyName":"Madison","state":"North Carolina","marketIds":["Asheville"],"situsAddress":null,"situsCity":null,"situsZip":null,"jurisdictionCode":null,"ownerName":"GREEAR, JAKE P;SOTOLONGO, VERONICA R","ownerName2":null,"propertyName":null,"zoningCode":"Residential-Agriculture District","zoningDistrict":null,"jurisdictionPrefix":null,"dorCode":null,"acreage":7.6098,"centroid":[-82.658747,35.744391],"lastSale":{"date":null,"price":null,"qualified":null},"tax":{"marketValue":191757.0,"assessedValue":121290.0,"taxableValue":null,"taxes":null},"mailingAddress":{"line1":"1940 GRANDVIEW RD","line2":null,"city":"ALEXANDER","state":"NC","zip":"28701"},"incomeTract":null,"incomeBlockGroup":null,"nearestRoad":null,"flu":null,"opportunityZone":null,"oz2Eligibility":null,"source":"nc-madison-parcels-37115","appraiserUrl":"https://lrcpwa.ncptscloud.com/Madison/PropertySummary.aspx?PIN=9714455690","gisViewerUrl":"https://experience.arcgis.com/experience/2333843dc4584e648a98fb9542dc75fe"},"geometry":{"type":"Polygon","coordinates":[[[-82.658977,35.744926],[-82.659014,35.744945],[-82.659224,35.744985],[-82.65964,35.744947],[-82.659567,35.744748],[-82.659736,35.742397],[-82.659263,35.742373],[-82.657456,35.744726],[-82.657658,35.744666],[-82.657965,35.744518],[-82.658114,35.744506],[-82.658348,35.74457],[-82.658749,35.744775],[-82.658977,35.744926]]]}},{"type":"Feature","id":"37115:9714564437","properties":{"id":"37115:9714564437","parcelId":"9714564437","countyFips":"37115","countyName":"Madison","state":"North Carolina","marketIds":["Asheville"],"situsAddress":null,"situsCity":null,"situsZip":null,"jurisdictionCode":null,"ownerName":"EDWARDS, KYLE A.;EDWARDS, JERI JONES","ownerName2":null,"propertyName":null,"zoningCode":"Residential-Agriculture District","zoningDistrict":null,"jurisdictionPrefix":null,"dorCode":null,"acreage":11.2425,"centroid":[-82.655709,35.746083],"lastSale":{"date":null,"price":null,"qualified":null},"tax":{"marketValue":82941.0,"assessedValue":1000.0,"taxableValue":null,"taxes":null},"mailingAddress":{"line1":"2019 GRANDVIEW RD","line2":null,"city":"ALEXANDER","state":"NC","zip":"28701"},"incomeTract":null,"incomeBlockGroup":null,"nearestRoad":null,"flu":null,"opportunityZone":null,"oz2Eligibility":null,"source":"nc-madison-parcels-37115","appraiserUrl":"https://lrcpwa.ncptscloud.com/Madison/PropertySummary.aspx?PIN=9714564437","gisViewerUrl":"https://experience.arcgis.com/experience/2333843dc4584e648a98fb9542dc75fe"},"geometry":{"type":"Polygon","coordinates":[[[-82.654705,35.747627],[-82.65576,35.747688],[-82.655763,35.747838],[-82.655957,35.747827],[-82.655825,35.747388],[-82.657121,35.745775],[-82.65594,35.745316],[-82.656118,35.744929],[-82.655722,35.744799],[-82.655463,35.744671],[-82.655206,35.744596],[-82.654932,35.744545],[-82.654705,35.747627]]]}},{"type":"Feature","id":"37115:9714561730","properties":{"id":"37115:9714561730","parcelId":"9714561730","countyFips":"37115","countyName":"Madison","state":"North Carolina","marketIds":["Asheville"],"situsAddress":null,"situsCity":null,"situsZip":null,"jurisdictionCode":null,"ownerName":"EDWARDS, KYLE A.;EDWARDS, JERI JONES","ownerName2":null,"propertyName":null,"zoningCode":"Residential-Agriculture District","zoningDistrict":null,"jurisdictionPrefix":null,"dorCode":null,"acreage":6.6594,"centroid":[-82.656941,35.747157],"lastSale":{"date":null,"price":null,"qualified":null},"tax":{"marketValue":59547.0,"assessedValue":null,"taxableValue":null,"taxes":null},"mailingAddress":{"line1":"303 TIMBER RD","line2":null,"city":"IRON STATION","state":"NC","zip":"28080"},"incomeTract":null,"incomeBlockGroup":null,"nearestRoad":null,"flu":null,"opportunityZone":null,"oz2Eligibility":null,"source":"nc-madison-parcels-37115","appraiserUrl":"https://lrcpwa.ncptscloud.com/Madison/PropertySummary.aspx?PIN=9714561730","gisViewerUrl":"https://experience.arcgis.com/experience/2333843dc4584e648a98fb9542dc75fe"},"geometry":{"type":"Polygon","coordinates":[[[-82.655957,35.747827],[-82.656089,35.747832],[-82.656588,35.747762],[-82.657345,35.747614],[-82.657776,35.747207],[-82.65807,35.747007],[-82.6577,35.746002],[-82.657121,35.745775],[-82.655825,35.747388],[-82.655957,35.747827]]]}},{"type":"Feature","id":"37115:8794413521","properties":{"id":"37115:8794413521","parcelId":"8794413521","countyFips":"37115","countyName":"Madison","state":"North Carolina","marketIds":["Asheville"],"situsAddress":null,"situsCity":null,"situsZip":null,"jurisdictionCode":null,"ownerName":"GRAHAM, RAY SANFORD;GRAHAM, NATHAN","ownerName2":null,"propertyName":null,"zoningCode":"Residential-Agriculture District","zoningDistrict":null,"jurisdictionPrefix":null,"dorCode":null,"acreage":37.7312,"centroid":[-82.727282,35.730403],"lastSale":{"date":null,"price":null,"qualified":null},"tax":{"marketValue":478174.0,"assessedValue":163872.0,"taxableValue":null,"taxes":null},"mailingAddress":{"line1":"16 PINEY GROVE RD","line2":null,"city":"MARSHALL","state":"NC","zip":"28753"},"incomeTract":null,"incomeBlockGroup":null,"nearestRoad":null,"flu":null,"opportunityZone":null,"oz2Eligibility":null,"source":"nc-madison-parcels-37115","appraiserUrl":"https://lrcpwa.ncptscloud.com/Madison/PropertySummary.aspx?PIN=8794413521","gisViewerUrl":"https://experience.arcgis.com/experience/2333843dc4584e648a98fb9542dc75fe"},"geometry":{"type":"Polygon","coordinates":[[[-82.723627,35.731396],[-82.724054,35.731621],[-82.724516,35.731679],[-82.72543,35.732646],[-82.726166,35.732178],[-82.72699,35.732266],[-82.727434,35.731646],[-82.727483,35.730985],[-82.727855,35.731185],[-82.728042,35.73136],[-82.728816,35.731861],[-82.729356,35.731874],[-82.729688,35.731855],[-82.730179,35.731894],[-82.730313,35.731765],[-82.729926,35.731554],[-82.729799,35.731462],[-82.729655,35.731321],[-82.729522,35.731119],[-82.72944,35.730888],[-82.729427,35.730654],[-82.729157,35.729705],[-82.729104,35.729402],[-82.729005,35.729261],[-82.728828,35.729129],[-82.728466,35.728772],[-82.728359,35.728603],[-82.728339,35.728476],[-82.728359,35.728347],[-82.728382,35.728285],[-82.728493,35.72814],[-82.728164,35.728254],[-82.727819,35.728423],[-82.727472,35.728623],[-82.726901,35.729],[-82.726523,35.729222],[-82.725348,35.729801],[-82.725382,35.729853],[-82.724647,35.730356],[-82.724312,35.730517],[-82.724011,35.7304],[-82.723603,35.730406],[-82.723541,35.73032],[-82.722462,35.730413],[-82.723276,35.731212],[-82.723627,35.731396]]]}},{"type":"Feature","id":"37115:9714149124","properties":{"id":"37115:9714149124","parcelId":"9714149124","countyFips":"37115","countyName":"Madison","state":"North Carolina","marketIds":["Asheville"],"situsAddress":null,"situsCity":null,"situsZip":null,"jurisdictionCode":null,"ownerName":"TREADWAY, MARK JONATHAN","ownerName2":null,"propertyName":null,"zoningCode":"Residential District","zoningDistrict":null,"jurisdictionPrefix":null,"dorCode":null,"acreage":9.2741,"centroid":[-82.667176,35.739445],"lastSale":{"date":null,"price":null,"qualified":null},"tax":{"marketValue":63450.0,"assessedValue":null,"taxableValue":null,"taxes":null},"mailingAddress":{"line1":"3 MEADOWS TOWN RD","line2":null,"city":"MARSHALL","state":"NC","zip":"28753"},"incomeTract":null,"incomeBlockGroup":null,"nearestRoad":null,"flu":null,"opportunityZone":null,"oz2Eligibility":null,"source":"nc-madison-parcels-37115","appraiserUrl":"https://lrcpwa.ncptscloud.com/Madison/PropertySummary.aspx?PIN=9714149124","gisViewerUrl":"https://experience.arcgis.com/experience/2333843dc4584e648a98fb9542dc75fe"},"geometry":{"type":"MultiPolygon","coordinates":[[[[-82.666846,35.738619],[-82.666979,35.738693],[-82.667163,35.738812],[-82.667628,35.739049],[-82.668893,35.73975],[-82.669453,35.739551],[-82.668202,35.738913],[-82.667839,35.738704],[-82.667289,35.738435],[-82.666846,35.738619]]],[[[-82.665826,35.73903],[-82.665408,35.739198],[-82.666888,35.740439],[-82.668687,35.739823],[-82.66833,35.739654],[-82.668163,35.73953],[-82.667489,35.739184],[-82.666614,35.738702],[-82.665826,35.73903]]]]}},{"type":"Feature","id":"37115:9714251274","properties":{"id":"37115:9714251274","parcelId":"9714251274","countyFips":"37115","countyName":"Madison","state":"North Carolina","marketIds":["Asheville"],"situsAddress":null,"situsCity":null,"situsZip":null,"jurisdictionCode":null,"ownerName":"SUCRE, LEVIA GARDNER;SUCRE, ERIC BRANDON;SUCRE, ANDREW EMERSON;WILLIAMS, GALADRIEL GARDNER;GARDNER, DYLAN CONNOR;GARDNER, SARA MELISSA;WILLIAMS, HUNTER MICHAEL;GARDNER, ELIZABETH;SUCRE, LEVIA GARDNER;SUCRE, ERIC BRANDON;SUCRE, ANDREW EMERSON;WILLIAMS, GALADRIEL GARDNER;GARDNER, DYLAN CONNOR;GARDNER, SARA MELISSA;WILLIAMS, HUNTER MICHAEL;GARDNER, ELIZABETH;GARDNER, CHRISTOPHER ALBION;GARDNER, JASON MICHAEL;GARDNER, JUSTIN BRADLEY","ownerName2":null,"propertyName":null,"zoningCode":"Residential-Agriculture District","zoningDistrict":null,"jurisdictionPrefix":null,"dorCode":null,"acreage":32.4163,"centroid":[-82.665611,35.742471],"lastSale":{"date":null,"price":null,"qualified":null},"tax":{"marketValue":288104.0,"assessedValue":150180.0,"taxableValue":null,"taxes":null},"mailingAddress":{"line1":"286 RIVER CLIFF ROAD","line2":null,"city":"ALEXANDER","state":"NC","zip":"28701"},"incomeTract":null,"incomeBlockGroup":null,"nearestRoad":null,"flu":null,"opportunityZone":null,"oz2Eligibility":null,"source":"nc-madison-parcels-37115","appraiserUrl":"https://lrcpwa.ncptscloud.com/Madison/PropertySummary.aspx?PIN=9714251274","gisViewerUrl":"https://experience.arcgis.com/experience/2333843dc4584e648a98fb9542dc75fe"},"geometry":{"type":"Polygon","coordinates":[[[-82.666888,35.740439],[-82.664281,35.741373],[-82.664414,35.741494],[-82.664447,35.741572],[-82.664467,35.741696],[-82.664523,35.741768],[-82.664842,35.741882],[-82.664853,35.741907],[-82.664959,35.741962],[-82.665127,35.742099],[-82.665147,35.742137],[-82.664998,35.742176],[-82.664911,35.742241],[-82.664847,35.742321],[-82.664647,35.742674],[-82.664432,35.742852],[-82.664579,35.742898],[-82.664784,35.74301],[-82.66523,35.743124],[-82.665357,35.743218],[-82.665616,35.743277],[-82.665719,35.743661],[-82.665998,35.744088],[-82.666206,35.744306],[-82.666571,35.744468],[-82.666878,35.744552],[-82.668056,35.743323],[-82.669114,35.743186],[-82.668556,35.740319],[-82.667882,35.740108],[-82.666888,35.740439]]]}},{"type":"Feature","id":"37115:8794884072","properties":{"id":"37115:8794884072","parcelId":"8794884072","countyFips":"37115","countyName":"Madison","state":"North Carolina","marketIds":["Asheville"],"situsAddress":null,"situsCity":null,"situsZip":null,"jurisdictionCode":null,"ownerName":"LARSON, BRIAN THOMAS AND JENNIFER LYNN GARRETT","ownerName2":null,"propertyName":null,"zoningCode":"Residential-Agriculture District","zoningDistrict":null,"jurisdictionPrefix":null,"dorCode":null,"acreage":28.0154,"centroid":[-82.712634,35.748926],"lastSale":{"date":null,"price":null,"qualified":null},"tax":{"marketValue":null,"assessedValue":null,"taxableValue":null,"taxes":null},"mailingAddress":{"line1":"4704 MEADOWS TOWN RD","line2":null,"city":"MARSHALL","state":"NC","zip":"28753"},"incomeTract":null,"incomeBlockGroup":null,"nearestRoad":null,"flu":null,"opportunityZone":null,"oz2Eligibility":null,"source":"nc-madison-parcels-37115","appraiserUrl":"https://lrcpwa.ncptscloud.com/Madison/PropertySummary.aspx?PIN=8794884072","gisViewerUrl":"https://experience.arcgis.com/experience/2333843dc4584e648a98fb9542dc75fe"},"geometry":{"type":"Polygon","coordinates":[[[-82.712569,35.751059],[-82.712666,35.751093],[-82.713169,35.751225],[-82.713691,35.751288],[-82.71422,35.751282],[-82.714648,35.751192],[-82.714706,35.75101],[-82.714714,35.750836],[-82.714753,35.748868],[-82.714564,35.748337],[-82.713059,35.747368],[-82.712725,35.74679],[-82.712743,35.746682],[-82.713454,35.746236],[-82.711571,35.746174],[-82.711576,35.746358],[-82.711613,35.746539],[-82.711851,35.747128],[-82.71188,35.747275],[-82.711868,35.747424],[-82.711817,35.747567],[-82.711745,35.74767],[-82.711632,35.747766],[-82.711694,35.748006],[-82.711746,35.748681],[-82.711816,35.749023],[-82.711862,35.74952],[-82.712001,35.749783],[-82.712224,35.750005],[-82.711959,35.750339],[-82.712067,35.750586],[-82.712133,35.750658],[-82.7122,35.750789],[-82.712569,35.751059]]]}},{"type":"Feature","id":"37115:8784988809","properties":{"id":"37115:8784988809","parcelId":"8784988809","countyFips":"37115","countyName":"Madison","state":"North Carolina","marketIds":["Asheville"],"situsAddress":null,"situsCity":null,"situsZip":null,"jurisdictionCode":null,"ownerName":"BAILEY, KENNETH LEE;BAILEY, DUSTIN LEE","ownerName2":null,"propertyName":null,"zoningCode":"Residential-Agriculture District","zoningDistrict":null,"jurisdictionPrefix":null,"dorCode":null,"acreage":6.2997,"centroid":[-82.74376,35.749572],"lastSale":{"date":null,"price":null,"qualified":null},"tax":{"marketValue":31902.0,"assessedValue":null,"taxableValue":null,"taxes":null},"mailingAddress":{"line1":"165 BROOKSHIRE RD","line2":null,"city":"LEICESTER","state":"NC","zip":"28748"},"incomeTract":null,"incomeBlockGroup":null,"nearestRoad":null,"flu":null,"opportunityZone":null,"oz2Eligibility":null,"source":"nc-madison-parcels-37115","appraiserUrl":"https://lrcpwa.ncptscloud.com/Madison/PropertySummary.aspx?PIN=8784988809","gisViewerUrl":"https://experience.arcgis.com/experience/2333843dc4584e648a98fb9542dc75fe"},"geometry":{"type":"Polygon","coordinates":[[[-82.742465,35.750355],[-82.744541,35.750498],[-82.744494,35.750099],[-82.744569,35.749418],[-82.744599,35.748951],[-82.744594,35.748701],[-82.744302,35.748863],[-82.74385,35.748966],[-82.743398,35.74919],[-82.742365,35.750059],[-82.742185,35.750187],[-82.742465,35.750355]]]}},{"type":"Feature","id":"37115:9714660366","properties":{"id":"37115:9714660366","parcelId":"9714660366","countyFips":"37115","countyName":"Madison","state":"North Carolina","marketIds":["Asheville"],"situsAddress":null,"situsCity":null,"situsZip":null,"jurisdictionCode":null,"ownerName":"CARMICHAEL, YVONNE A.;CARMICHAEL, THOMAS LYNN","ownerName2":null,"propertyName":null,"zoningCode":"Residential-Agriculture District","zoningDistrict":null,"jurisdictionPrefix":null,"dorCode":null,"acreage":18.3714,"centroid":[-82.65371,35.746099],"lastSale":{"date":null,"price":null,"qualified":null},"tax":{"marketValue":100885.0,"assessedValue":null,"taxableValue":null,"taxes":null},"mailingAddress":{"line1":"27 BULL MOUNTAIN ROAD","line2":null,"city":"ASHEVILLE","state":"NC","zip":"28805"},"incomeTract":null,"incomeBlockGroup":null,"nearestRoad":null,"flu":null,"opportunityZone":null,"oz2Eligibility":null,"source":"nc-madison-parcels-37115","appraiserUrl":"https://lrcpwa.ncptscloud.com/Madison/PropertySummary.aspx?PIN=9714660366","gisViewerUrl":"https://experience.arcgis.com/experience/2333843dc4584e648a98fb9542dc75fe"},"geometry":{"type":"MultiPolygon","coordinates":[[[[-82.654146,35.743924],[-82.654327,35.74404],[-82.654481,35.744146],[-82.654785,35.744311],[-82.654944,35.744368],[-82.655,35.743574],[-82.654146,35.743924]]],[[[-82.652989,35.744411],[-82.652978,35.745041],[-82.652854,35.747418],[-82.652788,35.747658],[-82.652768,35.747934],[-82.654702,35.748016],[-82.654705,35.747627],[-82.654932,35.744545],[-82.654435,35.744332],[-82.653948,35.744012],[-82.652989,35.744411]]]]}},{"type":"Feature","id":"37115:8794409292","properties":{"id":"37115:8794409292","parcelId":"8794409292","countyFips":"37115","countyName":"Madison","state":"North Carolina","marketIds":["Asheville"],"situsAddress":null,"situsCity":null,"situsZip":null,"jurisdictionCode":null,"ownerName":"MEADOWS TOWN, LLC","ownerName2":null,"propertyName":null,"zoningCode":"Residential-Agriculture District","zoningDistrict":null,"jurisdictionPrefix":null,"dorCode":null,"acreage":77.9618,"centroid":[-82.724474,35.727521],"lastSale":{"date":null,"price":null,"qualified":null},"tax":{"marketValue":651956.0,"assessedValue":183343.0,"taxableValue":null,"taxes":null},"mailingAddress":{"line1":"7041 MEADOWS TOWN ROAD","line2":null,"city":"MARSHALL","state":"NC","zip":"28753"},"incomeTract":null,"incomeBlockGroup":null,"nearestRoad":null,"flu":null,"opportunityZone":null,"oz2Eligibility":null,"source":"nc-madison-parcels-37115","appraiserUrl":"https://lrcpwa.ncptscloud.com/Madison/PropertySummary.aspx?PIN=8794409292","gisViewerUrl":"https://experience.arcgis.com/experience/2333843dc4584e648a98fb9542dc75fe"},"geometry":{"type":"Polygon","coordinates":[[[-82.723777,35.729903],[-82.724466,35.729703],[-82.724652,35.72994],[-82.726115,35.729234],[-82.726378,35.728849],[-82.726579,35.728356],[-82.727116,35.72773],[-82.72716,35.727715],[-82.727545,35.72742],[-82.727668,35.727372],[-82.72769,35.727329],[-82.727891,35.727227],[-82.728258,35.727137],[-82.728232,35.72651],[-82.727889,35.725747],[-82.727929,35.725606],[-82.727984,35.725502],[-82.727104,35.725299],[-82.726978,35.724897],[-82.726948,35.724614],[-82.726823,35.724308],[-82.726327,35.723846],[-82.724143,35.724237],[-82.723503,35.725333],[-82.722144,35.725981],[-82.721616,35.72598],[-82.721144,35.726395],[-82.720354,35.727134],[-82.719714,35.727773],[-82.719919,35.728135],[-82.72013,35.728436],[-82.720193,35.728681],[-82.720307,35.728904],[-82.720386,35.729237],[-82.720447,35.729386],[-82.722331,35.729905],[-82.722711,35.729777],[-82.722903,35.729647],[-82.723132,35.729653],[-82.723445,35.729614],[-82.723409,35.729928],[-82.723777,35.729903]],[[-82.725116,35.725441],[-82.725357,35.725554],[-82.725544,35.725624],[-82.72586,35.725698],[-82.72609,35.725795],[-82.725031,35.726404],[-82.724904,35.726221],[-82.724668,35.725973],[-82.724508,35.725702],[-82.724479,35.725553],[-82.724524,35.72544],[-82.724637,35.725365],[-82.724885,35.725368],[-82.725116,35.725441]]]}},{"type":"Feature","id":"37115:8794312306","properties":{"id":"37115:8794312306","parcelId":"8794312306","countyFips":"37115","countyName":"Madison","state":"North Carolina","marketIds":["Asheville"],"situsAddress":null,"situsCity":null,"situsZip":null,"jurisdictionCode":null,"ownerName":"GRAHAM, R. SANFORD","ownerName2":null,"propertyName":null,"zoningCode":"Residential-Agriculture District","zoningDistrict":null,"jurisdictionPrefix":null,"dorCode":null,"acreage":7.4181,"centroid":[-82.730009,35.72927],"lastSale":{"date":null,"price":null,"qualified":null},"tax":{"marketValue":49922.0,"assessedValue":null,"taxableValue":null,"taxes":null},"mailingAddress":{"line1":"16 PINEY GROVE ROAD","line2":null,"city":"MARSHALL","state":"NC","zip":"28753"},"incomeTract":null,"incomeBlockGroup":null,"nearestRoad":null,"flu":null,"opportunityZone":null,"oz2Eligibility":null,"source":"nc-madison-parcels-37115","appraiserUrl":"https://lrcpwa.ncptscloud.com/Madison/PropertySummary.aspx?PIN=8794312306","gisViewerUrl":"https://experience.arcgis.com/experience/2333843dc4584e648a98fb9542dc75fe"},"geometry":{"type":"Polygon","coordinates":[[[-82.729587,35.730858],[-82.729877,35.730882],[-82.730853,35.730981],[-82.730447,35.729945],[-82.73047,35.728911],[-82.73076,35.728535],[-82.730707,35.728119],[-82.730329,35.727965],[-82.729846,35.727914],[-82.729728,35.72787],[-82.729691,35.727884],[-82.729691,35.729452],[-82.729289,35.729519],[-82.729279,35.729579],[-82.729574,35.730629],[-82.729587,35.730858]]]}},{"type":"Feature","id":"37115:8794213824","properties":{"id":"37115:8794213824","parcelId":"8794213824","countyFips":"37115","countyName":"Madison","state":"North Carolina","marketIds":["Asheville"],"situsAddress":null,"situsCity":null,"situsZip":null,"jurisdictionCode":null,"ownerName":"GRAHAM, R. SANFORD","ownerName2":null,"propertyName":null,"zoningCode":"Residential-Agriculture District","zoningDistrict":null,"jurisdictionPrefix":null,"dorCode":null,"acreage":58.3208,"centroid":[-82.733444,35.730575],"lastSale":{"date":null,"price":null,"qualified":null},"tax":{"marketValue":435753.0,"assessedValue":74794.0,"taxableValue":null,"taxes":null},"mailingAddress":{"line1":"16 PINEY GROVE ROAD","line2":null,"city":"MARSHALL","state":"NC","zip":"28753"},"incomeTract":null,"incomeBlockGroup":null,"nearestRoad":null,"flu":null,"opportunityZone":null,"oz2Eligibility":null,"source":"nc-madison-parcels-37115","appraiserUrl":"https://lrcpwa.ncptscloud.com/Madison/PropertySummary.aspx?PIN=8794213824","gisViewerUrl":"https://experience.arcgis.com/experience/2333843dc4584e648a98fb9542dc75fe"},"geometry":{"type":"Polygon","coordinates":[[[-82.732042,35.733153],[-82.732366,35.733223],[-82.732603,35.733259],[-82.732931,35.733279],[-82.733104,35.733314],[-82.733907,35.733603],[-82.734013,35.733658],[-82.734156,35.733687],[-82.734564,35.733919],[-82.734889,35.734028],[-82.735164,35.734072],[-82.735866,35.734101],[-82.735832,35.733836],[-82.735909,35.732793],[-82.736012,35.731752],[-82.736543,35.731623],[-82.736527,35.731577],[-82.736094,35.731206],[-82.735508,35.730813],[-82.735141,35.730616],[-82.734664,35.730311],[-82.734394,35.73008],[-82.73431,35.729972],[-82.733863,35.729248],[-82.733677,35.728804],[-82.733621,35.728551],[-82.733501,35.728277],[-82.733352,35.728112],[-82.733147,35.727793],[-82.733122,35.727697],[-82.733071,35.727607],[-82.732985,35.727566],[-82.731844,35.727297],[-82.731246,35.727512],[-82.731464,35.727798],[-82.731496,35.727954],[-82.731046,35.72804],[-82.730873,35.728108],[-82.730707,35.728119],[-82.73076,35.728535],[-82.73047,35.728911],[-82.730447,35.729945],[-82.730853,35.730981],[-82.732042,35.733153]]]}},{"type":"Feature","id":"37115:9704354305","properties":{"id":"37115:9704354305","parcelId":"9704354305","countyFips":"37115","countyName":"Madison","state":"North Carolina","marketIds":["Asheville"],"situsAddress":null,"situsCity":null,"situsZip":null,"jurisdictionCode":null,"ownerName":"AQUINO, KRISTEN L.;OSBORN, WILLIAM C. II","ownerName2":null,"propertyName":null,"zoningCode":"Residential-Agriculture District","zoningDistrict":null,"jurisdictionPrefix":null,"dorCode":null,"acreage":37.3452,"centroid":[-82.695788,35.741403],"lastSale":{"date":null,"price":null,"qualified":null},"tax":{"marketValue":140100.0,"assessedValue":null,"taxableValue":null,"taxes":null},"mailingAddress":{"line1":"15 WEST OAKVIEW ROAD","line2":null,"city":"ASHEVILLE","state":"NC","zip":"28806"},"incomeTract":null,"incomeBlockGroup":null,"nearestRoad":null,"flu":null,"opportunityZone":null,"oz2Eligibility":null,"source":"nc-madison-parcels-37115","appraiserUrl":"https://lrcpwa.ncptscloud.com/Madison/PropertySummary.aspx?PIN=9704354305","gisViewerUrl":"https://experience.arcgis.com/experience/2333843dc4584e648a98fb9542dc75fe"},"geometry":{"type":"Polygon","coordinates":[[[-82.694138,35.742502],[-82.694129,35.742737],[-82.694252,35.743017],[-82.694549,35.743273],[-82.69472,35.743935],[-82.694863,35.744793],[-82.696395,35.744638],[-82.696939,35.742212],[-82.696989,35.742188],[-82.697007,35.742388],[-82.696965,35.742775],[-82.698467,35.742055],[-82.69838,35.741667],[-82.698361,35.741456],[-82.697732,35.741202],[-82.69759,35.740889],[-82.697479,35.740567],[-82.697329,35.74039],[-82.697085,35.740247],[-82.697028,35.740084],[-82.696693,35.7398],[-82.696244,35.739107],[-82.695705,35.739005],[-82.694933,35.73906],[-82.694814,35.739163],[-82.694694,35.739368],[-82.694436,35.740253],[-82.6944,35.740477],[-82.694421,35.741047],[-82.694369,35.741163],[-82.694207,35.74132],[-82.694206,35.741348],[-82.69423,35.741458],[-82.694402,35.741705],[-82.694432,35.74182],[-82.694138,35.742502]]]}},{"type":"Feature","id":"37115:9704268459","properties":{"id":"37115:9704268459","parcelId":"9704268459","countyFips":"37115","countyName":"Madison","state":"North Carolina","marketIds":["Asheville"],"situsAddress":null,"situsCity":null,"situsZip":null,"jurisdictionCode":null,"ownerName":"BALDWIN, HARRY W.","ownerName2":null,"propertyName":null,"zoningCode":"Residential-Agriculture District","zoningDistrict":null,"jurisdictionPrefix":null,"dorCode":null,"acreage":40.1947,"centroid":[-82.698817,35.744153],"lastSale":{"date":null,"price":null,"qualified":null},"tax":{"marketValue":244506.0,"assessedValue":69286.0,"taxableValue":null,"taxes":null},"mailingAddress":{"line1":"21 OLYMPIC DRIVE","line2":null,"city":"LEICESTER","state":"NC","zip":"28748"},"incomeTract":null,"incomeBlockGroup":null,"nearestRoad":null,"flu":null,"opportunityZone":null,"oz2Eligibility":null,"source":"nc-madison-parcels-37115","appraiserUrl":"https://lrcpwa.ncptscloud.com/Madison/PropertySummary.aspx?PIN=9704268459","gisViewerUrl":"https://experience.arcgis.com/experience/2333843dc4584e648a98fb9542dc75fe"},"geometry":{"type":"Polygon","coordinates":[[[-82.696412,35.746326],[-82.696261,35.747299],[-82.699303,35.747237],[-82.699525,35.746585],[-82.699832,35.746348],[-82.701345,35.745865],[-82.700654,35.744734],[-82.700273,35.744192],[-82.699784,35.743683],[-82.6997,35.743636],[-82.699546,35.743645],[-82.699428,35.743593],[-82.699263,35.743445],[-82.699195,35.743337],[-82.698912,35.743018],[-82.698775,35.742817],[-82.698549,35.742317],[-82.698545,35.742214],[-82.698509,35.742102],[-82.698467,35.742055],[-82.696965,35.742775],[-82.696869,35.743691],[-82.696681,35.744598],[-82.696412,35.746326]]]}},{"type":"Feature","id":"37115:9704461892","properties":{"id":"37115:9704461892","parcelId":"9704461892","countyFips":"37115","countyName":"Madison","state":"North Carolina","marketIds":["Asheville"],"situsAddress":null,"situsCity":null,"situsZip":null,"jurisdictionCode":null,"ownerName":"CAROLINA GREEN FARMS, LLC A NORTH CAROLINA LIMITED LIABILITY CORPORATION","ownerName2":null,"propertyName":null,"zoningCode":"Residential-Agriculture District","zoningDistrict":null,"jurisdictionPrefix":null,"dorCode":null,"acreage":25.7671,"centroid":[-82.691819,35.74622],"lastSale":{"date":null,"price":null,"qualified":null},"tax":{"marketValue":null,"assessedValue":null,"taxableValue":null,"taxes":null},"mailingAddress":{"line1":"89 TWIN LAKES DR","line2":null,"city":"CANDLER","state":"NC","zip":"28715"},"incomeTract":null,"incomeBlockGroup":null,"nearestRoad":null,"flu":null,"opportunityZone":null,"oz2Eligibility":null,"source":"nc-madison-parcels-37115","appraiserUrl":"https://lrcpwa.ncptscloud.com/Madison/PropertySummary.aspx?PIN=9704461892","gisViewerUrl":"https://experience.arcgis.com/experience/2333843dc4584e648a98fb9542dc75fe"},"geometry":{"type":"Polygon","coordinates":[[[-82.691135,35.745828],[-82.691125,35.745929],[-82.691125,35.746511],[-82.691216,35.746908],[-82.69121,35.747037],[-82.691186,35.74708],[-82.69108,35.747191],[-82.690935,35.747267],[-82.690253,35.747402],[-82.690043,35.747495],[-82.690592,35.747582],[-82.691123,35.747501],[-82.693361,35.74702],[-82.696412,35.746326],[-82.696681,35.744598],[-82.693193,35.744954],[-82.692416,35.74562],[-82.691845,35.745324],[-82.691752,35.745443],[-82.691896,35.745551],[-82.692224,35.74563],[-82.691915,35.746161],[-82.691662,35.746039],[-82.691455,35.745776],[-82.691433,35.745601],[-82.691355,35.745437],[-82.691195,35.745264],[-82.691112,35.745682],[-82.691135,35.745828]]]}},{"type":"Feature","id":"37115:8793289841","properties":{"id":"37115:8793289841","parcelId":"8793289841","countyFips":"37115","countyName":"Madison","state":"North Carolina","marketIds":["Asheville"],"situsAddress":null,"situsCity":null,"situsZip":null,"jurisdictionCode":null,"ownerName":"TREADWAY, MICHAEL J;TREADWAY, DIANE C","ownerName2":null,"propertyName":null,"zoningCode":"Residential-Agriculture District","zoningDistrict":null,"jurisdictionPrefix":null,"dorCode":null,"acreage":109.0447,"centroid":[-82.728676,35.722237],"lastSale":{"date":null,"price":null,"qualified":null},"tax":{"marketValue":null,"assessedValue":null,"taxableValue":null,"taxes":null},"mailingAddress":{"line1":"7795 MEADOWS TOWN RD","line2":null,"city":"MARSHALL","state":"NC","zip":"28753"},"incomeTract":null,"incomeBlockGroup":null,"nearestRoad":null,"flu":null,"opportunityZone":null,"oz2Eligibility":null,"source":"nc-madison-parcels-37115","appraiserUrl":"https://lrcpwa.ncptscloud.com/Madison/PropertySummary.aspx?PIN=8793289841","gisViewerUrl":"https://experience.arcgis.com/experience/2333843dc4584e648a98fb9542dc75fe"},"geometry":{"type":"MultiPolygon","coordinates":[[[[-82.732606,35.720421],[-82.732589,35.720634],[-82.733764,35.720751],[-82.734234,35.720775],[-82.73422,35.720511],[-82.734012,35.720497],[-82.734057,35.720272],[-82.73481,35.720171],[-82.73542,35.720346],[-82.735633,35.719075],[-82.734713,35.719032],[-82.734421,35.719106],[-82.733355,35.719451],[-82.73269,35.719198],[-82.732598,35.719512],[-82.732574,35.719707],[-82.732606,35.720421]]],[[[-82.732281,35.719127],[-82.732228,35.719244],[-82.732212,35.719389],[-82.73206,35.719641],[-82.731959,35.719992],[-82.731659,35.720588],[-82.731456,35.72106],[-82.731441,35.7212],[-82.731401,35.721332],[-82.731382,35.721555],[-82.73127,35.721794],[-82.731193,35.72191],[-82.731149,35.722127],[-82.731769,35.722106],[-82.731722,35.721939],[-82.731745,35.721769],[-82.731883,35.721518],[-82.732195,35.721133],[-82.732325,35.720876],[-82.732376,35.720694],[-82.732397,35.72051],[-82.732378,35.719617],[-82.732425,35.71936],[-82.732508,35.719111],[-82.732289,35.719022],[-82.732281,35.719127]]],[[[-82.726978,35.724897],[-82.727104,35.725299],[-82.727984,35.725502],[-82.727998,35.724808],[-82.732593,35.72509],[-82.733059,35.724766],[-82.73314,35.724669],[-82.733191,35.724558],[-82.733209,35.724442],[-82.7332,35.724189],[-82.733042,35.723407],[-82.732932,35.723196],[-82.732827,35.723069],[-82.732194,35.722516],[-82.731969,35.722343],[-82.731761,35.722491],[-82.731392,35.72252],[-82.730984,35.7227],[-82.730891,35.722711],[-82.730636,35.722694],[-82.730544,35.722717],[-82.730481,35.722764],[-82.730429,35.722844],[-82.730418,35.722936],[-82.730344,35.723117],[-82.730312,35.723149],[-82.72993,35.722904],[-82.7294,35.722496],[-82.729092,35.721815],[-82.729211,35.720784],[-82.728802,35.720374],[-82.728456,35.720342],[-82.728203,35.720355],[-82.728732,35.719681],[-82.72863,35.719622],[-82.728242,35.719316],[-82.727894,35.718971],[-82.726466,35.719998],[-82.725334,35.720998],[-82.724143,35.724237],[-82.726327,35.723846],[-82.726823,35.724308],[-82.726948,35.724614],[-82.726978,35.724897]]],[[[-82.732572,35.720777],[-82.732543,35.720874],[-82.732462,35.721064],[-82.732353,35.721244],[-82.73214,35.72149],[-82.732031,35.721647],[-82.731948,35.721815],[-82.731934,35.721965],[-82.73199,35.722108],[-82.732062,35.72219],[-82.732452,35.7225],[-82.733014,35.723],[-82.733128,35.723146],[-82.733246,35.723388],[-82.73338,35.724002],[-82.733416,35.724359],[-82.733403,35.724517],[-82.733371,35.724649],[-82.733306,35.724771],[-82.733152,35.724927],[-82.733019,35.725004],[-82.733579,35.725089],[-82.735582,35.725291],[-82.735697,35.724695],[-82.734717,35.724593],[-82.734791,35.724072],[-82.735333,35.72094],[-82.73382,35.720892],[-82.732572,35.720777]]]]}},{"type":"Feature","id":"37115:8783757365","properties":{"id":"37115:8783757365","parcelId":"8783757365","countyFips":"37115","countyName":"Madison","state":"North Carolina","marketIds":["Asheville"],"situsAddress":null,"situsCity":null,"situsZip":null,"jurisdictionCode":null,"ownerName":"BRANAM, ROY DONALD;BRANAM, ESSIE T","ownerName2":null,"propertyName":null,"zoningCode":"Residential-Agriculture District","zoningDistrict":null,"jurisdictionPrefix":null,"dorCode":null,"acreage":5.2442,"centroid":[-82.749381,35.713484],"lastSale":{"date":null,"price":null,"qualified":null},"tax":{"marketValue":46048.0,"assessedValue":1800.0,"taxableValue":null,"taxes":null},"mailingAddress":{"line1":"1546 SANDY MUSH RD","line2":null,"city":"MARSHALL","state":"NC","zip":"28753"},"incomeTract":null,"incomeBlockGroup":null,"nearestRoad":null,"flu":null,"opportunityZone":null,"oz2Eligibility":null,"source":"nc-madison-parcels-37115","appraiserUrl":"https://lrcpwa.ncptscloud.com/Madison/PropertySummary.aspx?PIN=8783757365","gisViewerUrl":"https://experience.arcgis.com/experience/2333843dc4584e648a98fb9542dc75fe"},"geometry":{"type":"Polygon","coordinates":[[[-82.749227,35.713446],[-82.749273,35.713475],[-82.749466,35.713655],[-82.749646,35.713911],[-82.749611,35.713756],[-82.749644,35.713611],[-82.749639,35.713478],[-82.749596,35.71335],[-82.749464,35.713109],[-82.749435,35.71298],[-82.749457,35.712885],[-82.748892,35.712548],[-82.748703,35.712614],[-82.748536,35.712552],[-82.748429,35.712555],[-82.748214,35.712515],[-82.747884,35.712491],[-82.74733,35.712326],[-82.747111,35.71232],[-82.746842,35.712349],[-82.746294,35.712581],[-82.746146,35.712592],[-82.746,35.712827],[-82.746151,35.713136],[-82.747658,35.713173],[-82.747768,35.713162],[-82.747865,35.712908],[-82.748949,35.712954],[-82.749227,35.713446]]]}},{"type":"Feature","id":"37115:9714169210","properties":{"id":"37115:9714169210","parcelId":"9714169210","countyFips":"37115","countyName":"Madison","state":"North Carolina","marketIds":["Asheville"],"situsAddress":null,"situsCity":null,"situsZip":null,"jurisdictionCode":null,"ownerName":"SEXTON, STEPHEN LEE","ownerName2":null,"propertyName":null,"zoningCode":"Residential-Agriculture District","zoningDistrict":null,"jurisdictionPrefix":null,"dorCode":null,"acreage":51.6719,"centroid":[-82.668011,35.743933],"lastSale":{"date":null,"price":null,"qualified":null},"tax":{"marketValue":null,"assessedValue":null,"taxableValue":null,"taxes":null},"mailingAddress":{"line1":"601 W. MAIN STREET","line2":null,"city":"GREENEVILLE","state":"TN","zip":"37743"},"incomeTract":null,"incomeBlockGroup":null,"nearestRoad":null,"flu":null,"opportunityZone":null,"oz2Eligibility":null,"source":"nc-madison-parcels-37115","appraiserUrl":"https://lrcpwa.ncptscloud.com/Madison/PropertySummary.aspx?PIN=9714169210","gisViewerUrl":"https://experience.arcgis.com/experience/2333843dc4584e648a98fb9542dc75fe"},"geometry":{"type":"Polygon","coordinates":[[[-82.663596,35.744785],[-82.669705,35.747938],[-82.670991,35.744984],[-82.671151,35.744368],[-82.671313,35.744223],[-82.671681,35.743792],[-82.671934,35.743567],[-82.672133,35.743471],[-82.6724,35.743392],[-82.672501,35.743286],[-82.668358,35.744003],[-82.667942,35.743442],[-82.666878,35.744552],[-82.666571,35.744468],[-82.666206,35.744306],[-82.665998,35.744088],[-82.665719,35.743661],[-82.665616,35.743277],[-82.665357,35.743218],[-82.66523,35.743124],[-82.664784,35.74301],[-82.664579,35.742898],[-82.663617,35.7426],[-82.663596,35.744785]]]}},{"type":"Feature","id":"37115:9704954570","properties":{"id":"37115:9704954570","parcelId":"9704954570","countyFips":"37115","countyName":"Madison","state":"North Carolina","marketIds":["Asheville"],"situsAddress":null,"situsCity":null,"situsZip":null,"jurisdictionCode":null,"ownerName":"LESTER, JOSHUA R","ownerName2":null,"propertyName":null,"zoningCode":"Residential-Agriculture District","zoningDistrict":null,"jurisdictionPrefix":null,"dorCode":null,"acreage":38.3824,"centroid":[-82.676869,35.742999],"lastSale":{"date":null,"price":null,"qualified":null},"tax":{"marketValue":null,"assessedValue":null,"taxableValue":null,"taxes":null},"mailingAddress":{"line1":"1703 HORNEYTOWN RD","line2":null,"city":"HIGH POINT","state":"NC","zip":"27265"},"incomeTract":null,"incomeBlockGroup":null,"nearestRoad":null,"flu":null,"opportunityZone":null,"oz2Eligibility":null,"source":"nc-madison-parcels-37115","appraiserUrl":"https://lrcpwa.ncptscloud.com/Madison/PropertySummary.aspx?PIN=9704954570","gisViewerUrl":"https://experience.arcgis.com/experience/2333843dc4584e648a98fb9542dc75fe"},"geometry":{"type":"MultiPolygon","coordinates":[[[[-82.67421,35.745026],[-82.674295,35.744933],[-82.674484,35.744761],[-82.674774,35.744565],[-82.675168,35.744354],[-82.675454,35.744155],[-82.675794,35.743986],[-82.676166,35.743868],[-82.676425,35.743819],[-82.676857,35.743817],[-82.677181,35.74377],[-82.677308,35.743728],[-82.67772,35.743535],[-82.678459,35.743367],[-82.678862,35.743205],[-82.678954,35.743152],[-82.679088,35.743035],[-82.6792,35.742904],[-82.67929,35.742761],[-82.679342,35.742619],[-82.679358,35.742447],[-82.679327,35.742232],[-82.679233,35.742132],[-82.67887,35.741906],[-82.678313,35.741742],[-82.678155,35.741718],[-82.677515,35.741671],[-82.677139,35.741693],[-82.675986,35.741684],[-82.675491,35.741626],[-82.674838,35.741584],[-82.673999,35.741473],[-82.673778,35.741425],[-82.672501,35.743286],[-82.67421,35.745026]]],[[[-82.676339,35.743997],[-82.676201,35.744029],[-82.675934,35.744112],[-82.67556,35.744281],[-82.675152,35.744558],[-82.674707,35.744818],[-82.674429,35.745025],[-82.674334,35.745152],[-82.6744,35.745219],[-82.674532,35.745034],[-82.67496,35.744704],[-82.675344,35.744467],[-82.676132,35.74414],[-82.676363,35.744094],[-82.67655,35.744127],[-82.677178,35.744062],[-82.677974,35.74371],[-82.678673,35.743615],[-82.679115,35.74346],[-82.679291,35.743298],[-82.679441,35.74312],[-82.679673,35.742711],[-82.679743,35.742279],[-82.679621,35.74203],[-82.679319,35.741792],[-82.679088,35.741657],[-82.678926,35.741604],[-82.678229,35.74153],[-82.678065,35.741484],[-82.677635,35.741443],[-82.676984,35.74143],[-82.676336,35.741476],[-82.675351,35.741401],[-82.674461,35.741327],[-82.673926,35.741209],[-82.673881,35.741275],[-82.673991,35.741307],[-82.674873,35.741426],[-82.676034,35.741475],[-82.676664,35.741534],[-82.677657,35.741501],[-82.678004,35.741559],[-82.67821,35.741568],[-82.678686,35.741665],[-82.678959,35.741744],[-82.679353,35.741992],[-82.679525,35.742159],[-82.679584,35.742341],[-82.679559,35.742581],[-82.679476,35.742828],[-82.679333,35.743056],[-82.679125,35.743244],[-82.679032,35.743299],[-82.678477,35.743547],[-82.678271,35.743607],[-82.678172,35.743603],[-82.67793,35.743659],[-82.677214,35.743908],[-82.676812,35.743984],[-82.676612,35.743972],[-82.676339,35.743997]]]]}},{"type":"Feature","id":"37115:9714066728","properties":{"id":"37115:9714066728","parcelId":"9714066728","countyFips":"37115","countyName":"Madison","state":"North Carolina","marketIds":["Asheville"],"situsAddress":null,"situsCity":null,"situsZip":null,"jurisdictionCode":null,"ownerName":"BRINKLEY, CONNIE FAYE SEXTON;BRINKLEY, RONNIE EUGENE;BRINKLEY, TERESA DEBORAH;SOMMER, BRENDA BRINKLEY","ownerName2":null,"propertyName":null,"zoningCode":"Residential-Agriculture District","zoningDistrict":null,"jurisdictionPrefix":null,"dorCode":null,"acreage":41.0982,"centroid":[-82.672736,35.745992],"lastSale":{"date":null,"price":null,"qualified":null},"tax":{"marketValue":null,"assessedValue":null,"taxableValue":null,"taxes":null},"mailingAddress":{"line1":"97 PINK FOX COVE ROAD","line2":null,"city":"WEAVERVILLE","state":"NC","zip":"28787"},"incomeTract":null,"incomeBlockGroup":null,"nearestRoad":null,"flu":null,"opportunityZone":null,"oz2Eligibility":null,"source":"nc-madison-parcels-37115","appraiserUrl":"https://lrcpwa.ncptscloud.com/Madison/PropertySummary.aspx?PIN=9714066728","gisViewerUrl":"https://experience.arcgis.com/experience/2333843dc4584e648a98fb9542dc75fe"},"geometry":{"type":"MultiPolygon","coordinates":[[[[-82.6724,35.743392],[-82.672133,35.743471],[-82.671934,35.743567],[-82.671681,35.743792],[-82.671313,35.744223],[-82.671151,35.744368],[-82.670991,35.744984],[-82.669705,35.747938],[-82.673292,35.74981],[-82.673276,35.749198],[-82.673255,35.749051],[-82.673257,35.748152],[-82.67329,35.747876],[-82.673297,35.747411],[-82.673379,35.74705],[-82.67339,35.746896],[-82.673499,35.746566],[-82.674006,35.745476],[-82.674092,35.745196],[-82.674139,35.745105],[-82.67421,35.745026],[-82.672501,35.743286],[-82.6724,35.743392]]],[[[-82.674317,35.745182],[-82.674291,35.74526],[-82.673983,35.746009],[-82.673611,35.746806],[-82.673526,35.747327],[-82.673487,35.747704],[-82.673465,35.748289],[-82.673417,35.748643],[-82.673492,35.749551],[-82.673484,35.74991],[-82.673663,35.750003],[-82.673505,35.748923],[-82.673515,35.748288],[-82.673616,35.747897],[-82.673669,35.746946],[-82.673724,35.746695],[-82.673863,35.74633],[-82.674066,35.745985],[-82.674235,35.74577],[-82.674287,35.745493],[-82.6744,35.745219],[-82.674334,35.745152],[-82.674317,35.745182]]]]}},{"type":"Feature","id":"37115:9714059169","properties":{"id":"37115:9714059169","parcelId":"9714059169","countyFips":"37115","countyName":"Madison","state":"North Carolina","marketIds":["Asheville"],"situsAddress":null,"situsCity":null,"situsZip":null,"jurisdictionCode":null,"ownerName":"FLANNER, CINDY GAY HAMPTON;DANCY, JUANITA RENA HAMPTON","ownerName2":null,"propertyName":null,"zoningCode":"Residential-Agriculture District","zoningDistrict":null,"jurisdictionPrefix":null,"dorCode":null,"acreage":30.2357,"centroid":[-82.670098,35.742158],"lastSale":{"date":null,"price":null,"qualified":null},"tax":{"marketValue":null,"assessedValue":null,"taxableValue":null,"taxes":null},"mailingAddress":{"line1":"1025 S. HAWTHORNE ROAD","line2":null,"city":"WINSTON-SALEM","state":"NC","zip":"27103"},"incomeTract":null,"incomeBlockGroup":null,"nearestRoad":null,"flu":null,"opportunityZone":null,"oz2Eligibility":null,"source":"nc-madison-parcels-37115","appraiserUrl":"https://lrcpwa.ncptscloud.com/Madison/PropertySummary.aspx?PIN=9714059169","gisViewerUrl":"https://experience.arcgis.com/experience/2333843dc4584e648a98fb9542dc75fe"},"geometry":{"type":"MultiPolygon","coordinates":[[[[-82.672568,35.740956],[-82.672721,35.740995],[-82.673881,35.741275],[-82.673926,35.741209],[-82.673665,35.741152],[-82.672618,35.74083],[-82.672568,35.740956]]],[[[-82.669114,35.743186],[-82.668056,35.743323],[-82.667942,35.743442],[-82.668358,35.744003],[-82.672501,35.743286],[-82.673778,35.741425],[-82.671686,35.740892],[-82.670718,35.740611],[-82.670271,35.74109],[-82.668556,35.740319],[-82.669114,35.743186]]]]}},{"type":"Feature","id":"37115:9714675346","properties":{"id":"37115:9714675346","parcelId":"9714675346","countyFips":"37115","countyName":"Madison","state":"North Carolina","marketIds":["Asheville"],"situsAddress":null,"situsCity":null,"situsZip":null,"jurisdictionCode":null,"ownerName":"HENDRICKS, THOMAS;HENDRICKS, REBEKAH","ownerName2":null,"propertyName":null,"zoningCode":"Residential-Agriculture District","zoningDistrict":null,"jurisdictionPrefix":null,"dorCode":null,"acreage":5.0001,"centroid":[-82.652064,35.748726],"lastSale":{"date":null,"price":null,"qualified":null},"tax":{"marketValue":null,"assessedValue":null,"taxableValue":null,"taxes":null},"mailingAddress":{"line1":"65 PALMER FORD RD","line2":null,"city":"WEAVERVILLE","state":"NC","zip":"28787"},"incomeTract":null,"incomeBlockGroup":null,"nearestRoad":null,"flu":null,"opportunityZone":null,"oz2Eligibility":null,"source":"nc-madison-parcels-37115","appraiserUrl":"https://lrcpwa.ncptscloud.com/Madison/PropertySummary.aspx?PIN=9714675346","gisViewerUrl":"https://experience.arcgis.com/experience/2333843dc4584e648a98fb9542dc75fe"},"geometry":{"type":"Polygon","coordinates":[[[-82.651933,35.748262],[-82.65198,35.748497],[-82.651773,35.748513],[-82.651776,35.748739],[-82.651673,35.749362],[-82.651654,35.749739],[-82.652663,35.749796],[-82.652689,35.749085],[-82.652788,35.747658],[-82.651711,35.747607],[-82.651933,35.748262]]]}},{"type":"Feature","id":"37115:9714678093","properties":{"id":"37115:9714678093","parcelId":"9714678093","countyFips":"37115","countyName":"Madison","state":"North Carolina","marketIds":["Asheville"],"situsAddress":null,"situsCity":null,"situsZip":null,"jurisdictionCode":null,"ownerName":"METCALF, RAY A.;METCALF, SANDRA G.","ownerName2":null,"propertyName":null,"zoningCode":"Residential-Agriculture District","zoningDistrict":null,"jurisdictionPrefix":null,"dorCode":null,"acreage":18.5192,"centroid":[-82.651357,35.747493],"lastSale":{"date":null,"price":null,"qualified":null},"tax":{"marketValue":null,"assessedValue":null,"taxableValue":null,"taxes":null},"mailingAddress":{"line1":"40 ROSE HAVEN DRIVE","line2":null,"city":"ALEXANDER","state":"NC","zip":"28701"},"incomeTract":null,"incomeBlockGroup":null,"nearestRoad":null,"flu":null,"opportunityZone":null,"oz2Eligibility":null,"source":"nc-madison-parcels-37115","appraiserUrl":"https://lrcpwa.ncptscloud.com/Madison/PropertySummary.aspx?PIN=9714678093","gisViewerUrl":"https://experience.arcgis.com/experience/2333843dc4584e648a98fb9542dc75fe"},"geometry":{"type":"Polygon","coordinates":[[[-82.65041,35.749684],[-82.651654,35.749739],[-82.651673,35.749362],[-82.651776,35.748739],[-82.651773,35.748513],[-82.65198,35.748497],[-82.651933,35.748262],[-82.651711,35.747607],[-82.652788,35.747658],[-82.652854,35.747418],[-82.652135,35.746976],[-82.652273,35.746711],[-82.652734,35.746548],[-82.651997,35.746319],[-82.65061,35.745742],[-82.650529,35.745761],[-82.650589,35.745886],[-82.650713,35.746059],[-82.650872,35.746212],[-82.650584,35.746455],[-82.649934,35.746804],[-82.649874,35.747756],[-82.649816,35.749625],[-82.65041,35.749684]]]}},{"type":"Feature","id":"37115:8793157848","properties":{"id":"37115:8793157848","parcelId":"8793157848","countyFips":"37115","countyName":"Madison","state":"North Carolina","marketIds":["Asheville"],"situsAddress":null,"situsCity":null,"situsZip":null,"jurisdictionCode":null,"ownerName":null,"ownerName2":null,"propertyName":null,"zoningCode":"R-A","zoningDistrict":null,"jurisdictionPrefix":null,"dorCode":null,"acreage":5.1435,"centroid":[-82.734455,35.714616],"lastSale":{"date":null,"price":null,"qualified":null},"tax":{"marketValue":null,"assessedValue":null,"taxableValue":null,"taxes":null},"mailingAddress":{"line1":null,"line2":null,"city":null,"state":null,"zip":null},"incomeTract":null,"incomeBlockGroup":null,"nearestRoad":null,"flu":null,"opportunityZone":null,"oz2Eligibility":null,"source":"nc-madison-parcels-37115","appraiserUrl":"https://lrcpwa.ncptscloud.com/Madison/PropertySummary.aspx?PIN=8793157848","gisViewerUrl":"https://experience.arcgis.com/experience/2333843dc4584e648a98fb9542dc75fe"},"geometry":{"type":"Polygon","coordinates":[[[-82.735857,35.715223],[-82.736479,35.715394],[-82.736538,35.715221],[-82.736408,35.715164],[-82.736026,35.715096],[-82.735654,35.714994],[-82.735307,35.714857],[-82.735092,35.714722],[-82.734971,35.714612],[-82.734871,35.714489],[-82.734713,35.714193],[-82.73459,35.713887],[-82.734329,35.713884],[-82.73436,35.714453],[-82.733871,35.714374],[-82.733279,35.71394],[-82.733174,35.713963],[-82.733051,35.713962],[-82.732982,35.71399],[-82.732928,35.714043],[-82.732933,35.714446],[-82.733027,35.714649],[-82.733146,35.714843],[-82.733299,35.714998],[-82.733434,35.714839],[-82.734721,35.71522],[-82.735246,35.715179],[-82.735857,35.715223]]]}},{"type":"Feature","id":"37115:9704465573","properties":{"id":"37115:9704465573","parcelId":"9704465573","countyFips":"37115","countyName":"Madison","state":"North Carolina","marketIds":["Asheville"],"situsAddress":null,"situsCity":null,"situsZip":null,"jurisdictionCode":null,"ownerName":"INGLE, APRIL","ownerName2":null,"propertyName":null,"zoningCode":"Residential-Agriculture District","zoningDistrict":null,"jurisdictionPrefix":null,"dorCode":null,"acreage":25.7671,"centroid":[-82.692412,35.745238],"lastSale":{"date":null,"price":null,"qualified":null},"tax":{"marketValue":null,"assessedValue":null,"taxableValue":null,"taxes":null},"mailingAddress":{"line1":"5086 RECTOR CORNER RD","line2":null,"city":"MARSHALL","state":"NC","zip":"28753"},"incomeTract":null,"incomeBlockGroup":null,"nearestRoad":null,"flu":null,"opportunityZone":null,"oz2Eligibility":null,"source":"nc-madison-parcels-37115","appraiserUrl":"https://lrcpwa.ncptscloud.com/Madison/PropertySummary.aspx?PIN=9704465573","gisViewerUrl":"https://experience.arcgis.com/experience/2333843dc4584e648a98fb9542dc75fe"},"geometry":{"type":"Polygon","coordinates":[[[-82.692196,35.745056],[-82.691845,35.745324],[-82.692416,35.74562],[-82.693193,35.744954],[-82.692196,35.745056]]]}},{"type":"Feature","id":"37115:8794321406","properties":{"id":"37115:8794321406","parcelId":"8794321406","countyFips":"37115","countyName":"Madison","state":"North Carolina","marketIds":["Asheville"],"situsAddress":null,"situsCity":null,"situsZip":null,"jurisdictionCode":null,"ownerName":"DAVIS, LORRAINE B.;ALLISON, TOMMY L.","ownerName2":null,"propertyName":null,"zoningCode":"Residential-Agriculture District","zoningDistrict":null,"jurisdictionPrefix":null,"dorCode":null,"acreage":5.1444,"centroid":[-82.730811,35.732956],"lastSale":{"date":null,"price":null,"qualified":null},"tax":{"marketValue":null,"assessedValue":null,"taxableValue":null,"taxes":null},"mailingAddress":{"line1":"402 PINEY GROVE ROAD","line2":null,"city":"MARSHALL","state":"NC","zip":"28753"},"incomeTract":null,"incomeBlockGroup":null,"nearestRoad":null,"flu":null,"opportunityZone":null,"oz2Eligibility":null,"source":"nc-madison-parcels-37115","appraiserUrl":"https://lrcpwa.ncptscloud.com/Madison/PropertySummary.aspx?PIN=8794321406","gisViewerUrl":"https://experience.arcgis.com/experience/2333843dc4584e648a98fb9542dc75fe"},"geometry":{"type":"Polygon","coordinates":[[[-82.730402,35.733446],[-82.731373,35.733809],[-82.731481,35.733101],[-82.731319,35.732974],[-82.731131,35.732784],[-82.730514,35.731942],[-82.729455,35.732637],[-82.730402,35.733446]]]}},{"type":"Feature","id":"37115:8794229881","properties":{"id":"37115:8794229881","parcelId":"8794229881","countyFips":"37115","countyName":"Madison","state":"North Carolina","marketIds":["Asheville"],"situsAddress":null,"situsCity":null,"situsZip":null,"jurisdictionCode":null,"ownerName":"DAVIS, LORRAINE B.;MURPHY, ROBERT DAVID JR. TRUSTEE;THE ROBERT DAVID MURPHY, JR REVOCABLE TRUST DATED MAY 29, 2014 AS AMENDED","ownerName2":null,"propertyName":null,"zoningCode":"Residential-Agriculture District","zoningDistrict":null,"jurisdictionPrefix":null,"dorCode":null,"acreage":5.1444,"centroid":[-82.731027,35.733824],"lastSale":{"date":null,"price":null,"qualified":null},"tax":{"marketValue":null,"assessedValue":null,"taxableValue":null,"taxes":null},"mailingAddress":{"line1":"131 REID STREET","line2":null,"city":"ROCK HILL","state":"SC","zip":"29730"},"incomeTract":null,"incomeBlockGroup":null,"nearestRoad":null,"flu":null,"opportunityZone":null,"oz2Eligibility":null,"source":"nc-madison-parcels-37115","appraiserUrl":"https://lrcpwa.ncptscloud.com/Madison/PropertySummary.aspx?PIN=8794229881","gisViewerUrl":"https://experience.arcgis.com/experience/2333843dc4584e648a98fb9542dc75fe"},"geometry":{"type":"Polygon","coordinates":[[[-82.731306,35.734218],[-82.731373,35.733809],[-82.730402,35.733446],[-82.731306,35.734218]]]}},{"type":"Feature","id":"37115:8794331108","properties":{"id":"37115:8794331108","parcelId":"8794331108","countyFips":"37115","countyName":"Madison","state":"North Carolina","marketIds":["Asheville"],"situsAddress":null,"situsCity":null,"situsZip":null,"jurisdictionCode":null,"ownerName":"MURPHY, ROBERT DAVID JR TRUSTEE;ROBERT DAVID MURPHY, JR. REVOCABLE TRUST DATED MAY 29, 2014, AS AMENDED","ownerName2":null,"propertyName":null,"zoningCode":"Residential-Agriculture District","zoningDistrict":null,"jurisdictionPrefix":null,"dorCode":null,"acreage":23.4617,"centroid":[-82.730649,35.73448],"lastSale":{"date":null,"price":null,"qualified":null},"tax":{"marketValue":null,"assessedValue":null,"taxableValue":null,"taxes":null},"mailingAddress":{"line1":"131 REID ST","line2":null,"city":"ROCK HILL","state":"SC","zip":"29730"},"incomeTract":null,"incomeBlockGroup":null,"nearestRoad":null,"flu":null,"opportunityZone":null,"oz2Eligibility":null,"source":"nc-madison-parcels-37115","appraiserUrl":"https://lrcpwa.ncptscloud.com/Madison/PropertySummary.aspx?PIN=8794331108","gisViewerUrl":"https://experience.arcgis.com/experience/2333843dc4584e648a98fb9542dc75fe"},"geometry":{"type":"Polygon","coordinates":[[[-82.730928,35.736459],[-82.731421,35.736474],[-82.732899,35.736552],[-82.732344,35.73428],[-82.731408,35.734222],[-82.731576,35.73315],[-82.731481,35.733101],[-82.731306,35.734218],[-82.730402,35.733446],[-82.729072,35.732906],[-82.728922,35.732994],[-82.728677,35.734079],[-82.728678,35.735506],[-82.729971,35.735331],[-82.730928,35.736459]]]}},{"type":"Feature","id":"37115:8794323489","properties":{"id":"37115:8794323489","parcelId":"8794323489","countyFips":"37115","countyName":"Madison","state":"North Carolina","marketIds":["Asheville"],"situsAddress":null,"situsCity":null,"situsZip":null,"jurisdictionCode":null,"ownerName":"ALLISON, TOMMY L.","ownerName2":null,"propertyName":null,"zoningCode":"Residential-Agriculture District","zoningDistrict":null,"jurisdictionPrefix":null,"dorCode":null,"acreage":23.4617,"centroid":[-82.729643,35.732996],"lastSale":{"date":null,"price":null,"qualified":null},"tax":{"marketValue":null,"assessedValue":null,"taxableValue":null,"taxes":null},"mailingAddress":{"line1":"2868 MEADOW FORK ROAD","line2":null,"city":"HOT SPRINGS","state":"NC","zip":"28743"},"incomeTract":null,"incomeBlockGroup":null,"nearestRoad":null,"flu":null,"opportunityZone":null,"oz2Eligibility":null,"source":"nc-madison-parcels-37115","appraiserUrl":"https://lrcpwa.ncptscloud.com/Madison/PropertySummary.aspx?PIN=8794323489","gisViewerUrl":"https://experience.arcgis.com/experience/2333843dc4584e648a98fb9542dc75fe"},"geometry":{"type":"Polygon","coordinates":[[[-82.729072,35.732906],[-82.730402,35.733446],[-82.729455,35.732637],[-82.729072,35.732906]]]}},{"type":"Feature","id":"37115:9704071337","properties":{"id":"37115:9704071337","parcelId":"9704071337","countyFips":"37115","countyName":"Madison","state":"North Carolina","marketIds":["Asheville"],"situsAddress":null,"situsCity":null,"situsZip":null,"jurisdictionCode":null,"ownerName":"STONE, JASON R.","ownerName2":null,"propertyName":null,"zoningCode":"Residential-Agriculture District","zoningDistrict":null,"jurisdictionPrefix":null,"dorCode":null,"acreage":32.3365,"centroid":[-82.707175,35.747058],"lastSale":{"date":null,"price":null,"qualified":null},"tax":{"marketValue":null,"assessedValue":null,"taxableValue":null,"taxes":null},"mailingAddress":{"line1":"52 SHALLOW HOLLOW ROAD","line2":null,"city":"MARSHALL","state":"NC","zip":"28753"},"incomeTract":null,"incomeBlockGroup":null,"nearestRoad":null,"flu":null,"opportunityZone":null,"oz2Eligibility":null,"source":"nc-madison-parcels-37115","appraiserUrl":"https://lrcpwa.ncptscloud.com/Madison/PropertySummary.aspx?PIN=9704071337","gisViewerUrl":"https://experience.arcgis.com/experience/2333843dc4584e648a98fb9542dc75fe"},"geometry":{"type":"Polygon","coordinates":[[[-82.705621,35.748503],[-82.706766,35.748929],[-82.707223,35.748929],[-82.708288,35.748774],[-82.709178,35.748466],[-82.709518,35.748668],[-82.709785,35.748447],[-82.710024,35.748198],[-82.709726,35.747692],[-82.709784,35.747542],[-82.70981,35.747385],[-82.70941,35.747063],[-82.709237,35.74678],[-82.70925,35.746447],[-82.709438,35.745934],[-82.709517,35.745822],[-82.709568,35.745517],[-82.709415,35.744981],[-82.709367,35.744685],[-82.708994,35.744416],[-82.708974,35.744619],[-82.708903,35.744669],[-82.706511,35.746173],[-82.704966,35.746309],[-82.703923,35.746801],[-82.703418,35.747569],[-82.703638,35.74741],[-82.703838,35.747232],[-82.703957,35.747105],[-82.70413,35.746855],[-82.704981,35.746706],[-82.705616,35.746991],[-82.706032,35.747122],[-82.706023,35.747183],[-82.705474,35.747332],[-82.705285,35.747433],[-82.705243,35.74754],[-82.705297,35.74779],[-82.705379,35.748035],[-82.705487,35.748274],[-82.705621,35.748503]],[[-82.709186,35.747607],[-82.708126,35.747859],[-82.707688,35.747203],[-82.708747,35.746949],[-82.709186,35.747607]]]}},{"type":"Feature","id":"37115:9704084069","properties":{"id":"37115:9704084069","parcelId":"9704084069","countyFips":"37115","countyName":"Madison","state":"North Carolina","marketIds":["Asheville"],"situsAddress":null,"situsCity":null,"situsZip":null,"jurisdictionCode":null,"ownerName":"GALLAGHER, FORREST;UDEN, CHRISTOPHER","ownerName2":null,"propertyName":null,"zoningCode":"Residential-Agriculture District","zoningDistrict":null,"jurisdictionPrefix":null,"dorCode":null,"acreage":9.5837,"centroid":[-82.706461,35.749277],"lastSale":{"date":null,"price":null,"qualified":null},"tax":{"marketValue":null,"assessedValue":null,"taxableValue":null,"taxes":null},"mailingAddress":{"line1":"4401 MEADOWS TOWN ROAD","line2":null,"city":"MARSHALL","state":"NC","zip":"28753"},"incomeTract":null,"incomeBlockGroup":null,"nearestRoad":null,"flu":null,"opportunityZone":null,"oz2Eligibility":null,"source":"nc-madison-parcels-37115","appraiserUrl":"https://lrcpwa.ncptscloud.com/Madison/PropertySummary.aspx?PIN=9704084069","gisViewerUrl":"https://experience.arcgis.com/experience/2333843dc4584e648a98fb9542dc75fe"},"geometry":{"type":"Polygon","coordinates":[[[-82.704742,35.749111],[-82.704833,35.749297],[-82.705164,35.749905],[-82.705294,35.750075],[-82.705999,35.750566],[-82.706028,35.750546],[-82.705425,35.750011],[-82.705802,35.749674],[-82.705818,35.749338],[-82.70586,35.749322],[-82.706603,35.749457],[-82.706796,35.749655],[-82.70703,35.749678],[-82.707238,35.749613],[-82.70787,35.749521],[-82.708185,35.749424],[-82.709439,35.748726],[-82.709518,35.748668],[-82.709178,35.748466],[-82.708288,35.748774],[-82.707223,35.748929],[-82.706766,35.748929],[-82.705621,35.748503],[-82.70447,35.748224],[-82.704276,35.748247],[-82.704519,35.748539],[-82.704742,35.749111]]]}},{"type":"Feature","id":"37115:8794254099","properties":{"id":"37115:8794254099","parcelId":"8794254099","countyFips":"37115","countyName":"Madison","state":"North Carolina","marketIds":["Asheville"],"situsAddress":null,"situsCity":null,"situsZip":null,"jurisdictionCode":null,"ownerName":"ROFF, TORY STEVEN;ROFF, RACHEL SARAH DELANGE","ownerName2":null,"propertyName":null,"zoningCode":"Residential-Agriculture District","zoningDistrict":null,"jurisdictionPrefix":null,"dorCode":null,"acreage":21.2204,"centroid":[-82.731481,35.739927],"lastSale":{"date":null,"price":null,"qualified":null},"tax":{"marketValue":null,"assessedValue":null,"taxableValue":null,"taxes":null},"mailingAddress":{"line1":"1915 LEONARD STREET NORTH WEST","line2":null,"city":"GRAND RAPIDS","state":"MI","zip":"49504"},"incomeTract":null,"incomeBlockGroup":null,"nearestRoad":null,"flu":null,"opportunityZone":null,"oz2Eligibility":null,"source":"nc-madison-parcels-37115","appraiserUrl":"https://lrcpwa.ncptscloud.com/Madison/PropertySummary.aspx?PIN=8794254099","gisViewerUrl":"https://experience.arcgis.com/experience/2333843dc4584e648a98fb9542dc75fe"},"geometry":{"type":"Polygon","coordinates":[[[-82.73209,35.741057],[-82.732251,35.741072],[-82.732337,35.74108],[-82.732478,35.741736],[-82.73335,35.741426],[-82.735532,35.740883],[-82.734561,35.74034],[-82.734365,35.738882],[-82.733913,35.738505],[-82.7328,35.738666],[-82.732843,35.739284],[-82.730812,35.738844],[-82.728941,35.738735],[-82.729109,35.738872],[-82.729178,35.739001],[-82.729517,35.738866],[-82.729763,35.738835],[-82.730183,35.738841],[-82.730381,35.738865],[-82.730586,35.738932],[-82.730876,35.73909],[-82.730996,35.739111],[-82.731036,35.739193],[-82.731026,35.73924],[-82.731065,35.739324],[-82.731019,35.739467],[-82.731037,35.739565],[-82.730996,35.739804],[-82.731047,35.739952],[-82.731032,35.740041],[-82.731042,35.740068],[-82.731106,35.740085],[-82.73127,35.740199],[-82.73131,35.740324],[-82.731283,35.740359],[-82.731293,35.740419],[-82.731333,35.74045],[-82.731313,35.740549],[-82.731348,35.740635],[-82.731445,35.740686],[-82.731501,35.740812],[-82.731584,35.740854],[-82.731606,35.740891],[-82.731699,35.740871],[-82.731875,35.740909],[-82.731992,35.741012],[-82.73209,35.741057]]]}},{"type":"Feature","id":"37115:8794352042","properties":{"id":"37115:8794352042","parcelId":"8794352042","countyFips":"37115","countyName":"Madison","state":"North Carolina","marketIds":["Asheville"],"situsAddress":null,"situsCity":null,"situsZip":null,"jurisdictionCode":null,"ownerName":"ALVAREZ, WHITNEY;ALVAREZ, ERIC","ownerName2":null,"propertyName":null,"zoningCode":"Residential-Agriculture District","zoningDistrict":null,"jurisdictionPrefix":null,"dorCode":null,"acreage":7.7664,"centroid":[-82.730827,35.739997],"lastSale":{"date":null,"price":null,"qualified":null},"tax":{"marketValue":null,"assessedValue":null,"taxableValue":null,"taxes":null},"mailingAddress":{"line1":"969 GRAHAM ROAD","line2":null,"city":"MARSHALL","state":"NC","zip":"28753"},"incomeTract":null,"incomeBlockGroup":null,"nearestRoad":null,"flu":null,"opportunityZone":null,"oz2Eligibility":null,"source":"nc-madison-parcels-37115","appraiserUrl":"https://lrcpwa.ncptscloud.com/Madison/PropertySummary.aspx?PIN=8794352042","gisViewerUrl":"https://experience.arcgis.com/experience/2333843dc4584e648a98fb9542dc75fe"},"geometry":{"type":"Polygon","coordinates":[[[-82.729731,35.740833],[-82.73209,35.741057],[-82.731992,35.741012],[-82.731875,35.740909],[-82.731699,35.740871],[-82.731606,35.740891],[-82.731584,35.740854],[-82.731501,35.740812],[-82.731445,35.740686],[-82.731348,35.740635],[-82.731313,35.740549],[-82.731333,35.74045],[-82.731293,35.740419],[-82.731283,35.740359],[-82.73131,35.740324],[-82.73127,35.740199],[-82.731106,35.740085],[-82.731042,35.740068],[-82.731032,35.740041],[-82.731047,35.739952],[-82.730996,35.739804],[-82.731037,35.739565],[-82.731019,35.739467],[-82.731065,35.739324],[-82.731026,35.73924],[-82.731036,35.739193],[-82.730996,35.739111],[-82.730876,35.73909],[-82.730586,35.738932],[-82.730381,35.738865],[-82.730183,35.738841],[-82.729763,35.738835],[-82.729517,35.738866],[-82.729178,35.739001],[-82.729343,35.739295],[-82.729766,35.739914],[-82.729854,35.740124],[-82.729876,35.74027],[-82.729861,35.740471],[-82.729801,35.740682],[-82.729731,35.740833]]]}},{"type":"Feature","id":"37115:8794829967","properties":{"id":"37115:8794829967","parcelId":"8794829967","countyFips":"37115","countyName":"Madison","state":"North Carolina","marketIds":["Asheville"],"situsAddress":null,"situsCity":null,"situsZip":null,"jurisdictionCode":null,"ownerName":"MCINTOSH, MEREDITH A CO-TRUSTEE;HERRMANN, JOHN O JR CO-TRUSTEE;MCINTOSH HERRMANN REVOCABLE TRUST U/A/D MARCH 6, 2025","ownerName2":null,"propertyName":null,"zoningCode":"Residential-Agriculture District","zoningDistrict":null,"jurisdictionPrefix":null,"dorCode":null,"acreage":27.0923,"centroid":[-82.710614,35.734362],"lastSale":{"date":null,"price":null,"qualified":null},"tax":{"marketValue":204068.0,"assessedValue":83961.0,"taxableValue":null,"taxes":null},"mailingAddress":{"line1":"33 INGLE RD","line2":null,"city":"ASHEVILLE","state":"NC","zip":"28804"},"incomeTract":null,"incomeBlockGroup":null,"nearestRoad":null,"flu":null,"opportunityZone":null,"oz2Eligibility":null,"source":"nc-madison-parcels-37115","appraiserUrl":"https://lrcpwa.ncptscloud.com/Madison/PropertySummary.aspx?PIN=8794829967","gisViewerUrl":"https://experience.arcgis.com/experience/2333843dc4584e648a98fb9542dc75fe"},"geometry":{"type":"Polygon","coordinates":[[[-82.71091,35.736358],[-82.711038,35.736436],[-82.711149,35.736342],[-82.711407,35.736199],[-82.712242,35.735796],[-82.711915,35.735691],[-82.712584,35.735448],[-82.712761,35.735445],[-82.713056,35.735319],[-82.713262,35.735212],[-82.713654,35.734804],[-82.712816,35.733345],[-82.712586,35.733314],[-82.71223,35.733549],[-82.711016,35.733575],[-82.710708,35.733714],[-82.710495,35.733624],[-82.710233,35.733397],[-82.709978,35.733394],[-82.709768,35.733213],[-82.709507,35.733076],[-82.709303,35.733093],[-82.708923,35.7329],[-82.708717,35.73296],[-82.708465,35.732868],[-82.7082,35.732938],[-82.708309,35.733231],[-82.708553,35.733419],[-82.70861,35.733935],[-82.708924,35.734724],[-82.709253,35.734903],[-82.709574,35.735627],[-82.710116,35.736113],[-82.71091,35.736358]]]}},{"type":"Feature","id":"37115:8783983543","properties":{"id":"37115:8783983543","parcelId":"8783983543","countyFips":"37115","countyName":"Madison","state":"North Carolina","marketIds":["Asheville"],"situsAddress":null,"situsCity":null,"situsZip":null,"jurisdictionCode":null,"ownerName":"GORDON, ANDREW S. AND ELAINE P.GORDON","ownerName2":null,"propertyName":null,"zoningCode":"Residential-Agriculture District","zoningDistrict":null,"jurisdictionPrefix":null,"dorCode":null,"acreage":22.6359,"centroid":[-82.741645,35.721701],"lastSale":{"date":null,"price":null,"qualified":null},"tax":{"marketValue":null,"assessedValue":null,"taxableValue":null,"taxes":null},"mailingAddress":{"line1":"470 SANDY MUSH RD","line2":null,"city":"MARSHALL","state":"NC","zip":"28753"},"incomeTract":null,"incomeBlockGroup":null,"nearestRoad":null,"flu":null,"opportunityZone":null,"oz2Eligibility":null,"source":"nc-madison-parcels-37115","appraiserUrl":"https://lrcpwa.ncptscloud.com/Madison/PropertySummary.aspx?PIN=8783983543","gisViewerUrl":"https://experience.arcgis.com/experience/2333843dc4584e648a98fb9542dc75fe"},"geometry":{"type":"Polygon","coordinates":[[[-82.743311,35.722685],[-82.743885,35.723089],[-82.745086,35.72188],[-82.745875,35.721037],[-82.745178,35.720937],[-82.743395,35.720636],[-82.742915,35.720595],[-82.742124,35.72049],[-82.741782,35.72102],[-82.740641,35.721404],[-82.740417,35.721159],[-82.740247,35.720887],[-82.740004,35.721018],[-82.739874,35.721111],[-82.73967,35.721338],[-82.739476,35.721508],[-82.739247,35.721645],[-82.739079,35.721716],[-82.739741,35.721963],[-82.740321,35.722125],[-82.740698,35.722253],[-82.741222,35.722574],[-82.741695,35.722716],[-82.741808,35.7228],[-82.741855,35.722871],[-82.742335,35.722323],[-82.742527,35.722138],[-82.743311,35.722685]]]}},{"type":"Feature","id":"37115:8783880138","properties":{"id":"37115:8783880138","parcelId":"8783880138","countyFips":"37115","countyName":"Madison","state":"North Carolina","marketIds":["Asheville"],"situsAddress":null,"situsCity":null,"situsZip":null,"jurisdictionCode":null,"ownerName":"REEVES, RICKY J.;REEVES, NANCY WILMA","ownerName2":null,"propertyName":null,"zoningCode":"Residential-Agriculture District","zoningDistrict":null,"jurisdictionPrefix":null,"dorCode":null,"acreage":32.1741,"centroid":[-82.746772,35.719091],"lastSale":{"date":null,"price":null,"qualified":null},"tax":{"marketValue":null,"assessedValue":null,"taxableValue":null,"taxes":null},"mailingAddress":{"line1":"761 SANDY MUSH RD.","line2":null,"city":"MARSHALL","state":"NC","zip":"28753"},"incomeTract":null,"incomeBlockGroup":null,"nearestRoad":null,"flu":null,"opportunityZone":null,"oz2Eligibility":null,"source":"nc-madison-parcels-37115","appraiserUrl":"https://lrcpwa.ncptscloud.com/Madison/PropertySummary.aspx?PIN=8783880138","gisViewerUrl":"https://experience.arcgis.com/experience/2333843dc4584e648a98fb9542dc75fe"},"geometry":{"type":"Polygon","coordinates":[[[-82.749215,35.722122],[-82.749511,35.722173],[-82.749528,35.722176],[-82.749252,35.721732],[-82.749001,35.721278],[-82.748849,35.720655],[-82.748621,35.719933],[-82.74834,35.719166],[-82.749033,35.718347],[-82.748463,35.718328],[-82.747248,35.718233],[-82.746555,35.717948],[-82.746763,35.717841],[-82.746767,35.717636],[-82.746607,35.717665],[-82.746451,35.717623],[-82.746302,35.717503],[-82.746135,35.717284],[-82.746013,35.717198],[-82.745863,35.717151],[-82.74565,35.717148],[-82.745524,35.717168],[-82.745402,35.717245],[-82.74532,35.717352],[-82.745692,35.717705],[-82.746396,35.718312],[-82.746914,35.718846],[-82.747281,35.719155],[-82.747189,35.719204],[-82.746777,35.718846],[-82.746446,35.718473],[-82.745992,35.718092],[-82.745257,35.717428],[-82.745161,35.717498],[-82.745047,35.717547],[-82.744133,35.717738],[-82.744359,35.718555],[-82.744809,35.718836],[-82.745138,35.719101],[-82.745336,35.719316],[-82.74584,35.72042],[-82.745919,35.720729],[-82.745875,35.721037],[-82.746785,35.721292],[-82.747307,35.721473],[-82.747907,35.72184],[-82.74819,35.721937],[-82.74889,35.722106],[-82.749215,35.722122]]]}},{"type":"Feature","id":"37115:8794114028","properties":{"id":"37115:8794114028","parcelId":"8794114028","countyFips":"37115","countyName":"Madison","state":"North Carolina","marketIds":["Asheville"],"situsAddress":null,"situsCity":null,"situsZip":null,"jurisdictionCode":null,"ownerName":null,"ownerName2":null,"propertyName":null,"zoningCode":"R-A","zoningDistrict":null,"jurisdictionPrefix":null,"dorCode":null,"acreage":70.677,"centroid":[-82.735453,35.727852],"lastSale":{"date":null,"price":null,"qualified":null},"tax":{"marketValue":272630.0,"assessedValue":6300.0,"taxableValue":null,"taxes":null},"mailingAddress":{"line1":null,"line2":null,"city":null,"state":null,"zip":null},"incomeTract":null,"incomeBlockGroup":null,"nearestRoad":null,"flu":null,"opportunityZone":null,"oz2Eligibility":null,"source":"nc-madison-parcels-37115","appraiserUrl":"https://lrcpwa.ncptscloud.com/Madison/PropertySummary.aspx?PIN=8794114028","gisViewerUrl":"https://experience.arcgis.com/experience/2333843dc4584e648a98fb9542dc75fe"},"geometry":{"type":"Polygon","coordinates":[[[-82.733295,35.726798],[-82.73294,35.727208],[-82.732471,35.727445],[-82.732985,35.727566],[-82.733071,35.727607],[-82.733122,35.727697],[-82.733147,35.727793],[-82.733352,35.728112],[-82.733501,35.728277],[-82.733621,35.728551],[-82.733677,35.728804],[-82.733863,35.729248],[-82.73435,35.730027],[-82.734493,35.73018],[-82.734664,35.730311],[-82.735141,35.730616],[-82.735508,35.730813],[-82.736094,35.731206],[-82.736527,35.731577],[-82.736543,35.731623],[-82.738521,35.731139],[-82.740122,35.730714],[-82.741556,35.730414],[-82.741358,35.729839],[-82.740443,35.729661],[-82.74009,35.729546],[-82.739456,35.729272],[-82.738945,35.729195],[-82.738579,35.729094],[-82.738417,35.729005],[-82.73824,35.72886],[-82.737162,35.727929],[-82.737077,35.727841],[-82.736965,35.727595],[-82.736856,35.727219],[-82.736854,35.727042],[-82.736776,35.726876],[-82.736701,35.726773],[-82.7365,35.72659],[-82.736284,35.726418],[-82.736044,35.726264],[-82.735925,35.726075],[-82.735886,35.725943],[-82.735933,35.725779],[-82.735935,35.725606],[-82.735981,35.725438],[-82.735993,35.725311],[-82.735582,35.725291],[-82.733579,35.725089],[-82.733019,35.725004],[-82.73278,35.725174],[-82.732535,35.725385],[-82.732094,35.725944],[-82.731915,35.726132],[-82.731782,35.726247],[-82.731609,35.726338],[-82.731794,35.726706],[-82.73188,35.72675],[-82.732187,35.726299],[-82.733295,35.726798]]]}},{"type":"Feature","id":"37115:8794303008","properties":{"id":"37115:8794303008","parcelId":"8794303008","countyFips":"37115","countyName":"Madison","state":"North Carolina","marketIds":["Asheville"],"situsAddress":null,"situsCity":null,"situsZip":null,"jurisdictionCode":null,"ownerName":"GRAHAM, R. SANFORD","ownerName2":null,"propertyName":null,"zoningCode":"Residential-Agriculture District","zoningDistrict":null,"jurisdictionPrefix":null,"dorCode":null,"acreage":31.5463,"centroid":[-82.728928,35.727061],"lastSale":{"date":null,"price":null,"qualified":null},"tax":{"marketValue":null,"assessedValue":null,"taxableValue":null,"taxes":null},"mailingAddress":{"line1":"16 PINEY GROVE ROAD","line2":null,"city":"MARSHALL","state":"NC","zip":"28753"},"incomeTract":null,"incomeBlockGroup":null,"nearestRoad":null,"flu":null,"opportunityZone":null,"oz2Eligibility":null,"source":"nc-madison-parcels-37115","appraiserUrl":"https://lrcpwa.ncptscloud.com/Madison/PropertySummary.aspx?PIN=8794303008","gisViewerUrl":"https://experience.arcgis.com/experience/2333843dc4584e648a98fb9542dc75fe"},"geometry":{"type":"MultiPolygon","coordinates":[[[[-82.73086,35.726619],[-82.730794,35.726661],[-82.730679,35.726758],[-82.730591,35.726873],[-82.730311,35.727449],[-82.730255,35.727517],[-82.730125,35.727642],[-82.729974,35.727751],[-82.729728,35.72787],[-82.729846,35.727914],[-82.730329,35.727965],[-82.730707,35.728119],[-82.730873,35.728108],[-82.731046,35.72804],[-82.731496,35.727954],[-82.731464,35.727798],[-82.731246,35.727512],[-82.730699,35.727077],[-82.73063,35.726886],[-82.730775,35.72677],[-82.731006,35.726644],[-82.731603,35.726728],[-82.731794,35.726706],[-82.731609,35.726338],[-82.73086,35.726619]]],[[[-82.727984,35.725502],[-82.727929,35.725606],[-82.727889,35.725747],[-82.728232,35.72651],[-82.728258,35.727137],[-82.727891,35.727227],[-82.72769,35.727329],[-82.727668,35.727372],[-82.727545,35.72742],[-82.72716,35.727715],[-82.727116,35.72773],[-82.726584,35.72835],[-82.726378,35.728849],[-82.726115,35.729234],[-82.726583,35.728993],[-82.727402,35.728456],[-82.727953,35.728158],[-82.728513,35.727959],[-82.729555,35.727748],[-82.729726,35.727685],[-82.729882,35.7276],[-82.730018,35.727494],[-82.730131,35.727372],[-82.730411,35.7268],[-82.730559,35.72662],[-82.730687,35.726521],[-82.730835,35.726442],[-82.731508,35.726197],[-82.731598,35.726134],[-82.731883,35.725908],[-82.73235,35.725307],[-82.732593,35.72509],[-82.727998,35.724808],[-82.727984,35.725502]]]]}},{"type":"Feature","id":"37115:8793897443","properties":{"id":"37115:8793897443","parcelId":"8793897443","countyFips":"37115","countyName":"Madison","state":"North Carolina","marketIds":["Asheville"],"situsAddress":null,"situsCity":null,"situsZip":null,"jurisdictionCode":null,"ownerName":null,"ownerName2":null,"propertyName":null,"zoningCode":"R-A","zoningDistrict":null,"jurisdictionPrefix":null,"dorCode":null,"acreage":20.8685,"centroid":[-82.711233,35.7256],"lastSale":{"date":null,"price":null,"qualified":null},"tax":{"marketValue":110081.0,"assessedValue":3902.0,"taxableValue":null,"taxes":null},"mailingAddress":{"line1":null,"line2":null,"city":null,"state":null,"zip":null},"incomeTract":null,"incomeBlockGroup":null,"nearestRoad":null,"flu":null,"opportunityZone":null,"oz2Eligibility":null,"source":"nc-madison-parcels-37115","appraiserUrl":"https://lrcpwa.ncptscloud.com/Madison/PropertySummary.aspx?PIN=8793897443","gisViewerUrl":"https://experience.arcgis.com/experience/2333843dc4584e648a98fb9542dc75fe"},"geometry":{"type":"Polygon","coordinates":[[[-82.713672,35.727206],[-82.713725,35.727183],[-82.713765,35.727185],[-82.713477,35.726431],[-82.7134,35.72611],[-82.711742,35.725753],[-82.71173,35.725657],[-82.711879,35.72564],[-82.71202,35.725554],[-82.712767,35.724511],[-82.712638,35.724459],[-82.712555,35.724364],[-82.712123,35.724676],[-82.711508,35.724103],[-82.712102,35.723673],[-82.711385,35.723005],[-82.711304,35.723152],[-82.711267,35.72331],[-82.711052,35.723622],[-82.710919,35.723734],[-82.710849,35.723822],[-82.710749,35.724063],[-82.710756,35.724261],[-82.710848,35.724452],[-82.710987,35.724946],[-82.710963,35.72504],[-82.710916,35.725113],[-82.710835,35.725169],[-82.710443,35.725238],[-82.709742,35.725253],[-82.709517,35.725274],[-82.709338,35.725316],[-82.709136,35.725412],[-82.709002,35.725518],[-82.708857,35.725679],[-82.708794,35.725864],[-82.708792,35.72593],[-82.70887,35.726162],[-82.708995,35.726393],[-82.709134,35.726557],[-82.709271,35.726657],[-82.709331,35.726674],[-82.709578,35.726719],[-82.709767,35.726731],[-82.71008,35.726655],[-82.710376,35.726532],[-82.710784,35.726505],[-82.711329,35.726503],[-82.712206,35.726546],[-82.712568,35.726592],[-82.712795,35.72665],[-82.712825,35.726799],[-82.712881,35.726833],[-82.713256,35.726948],[-82.713462,35.726967],[-82.713581,35.727013],[-82.713635,35.727088],[-82.713672,35.727206]]]}}]}