market,state,county,geoid,place_or_corridor,rural,status,lat,lon,notes
Atlanta,Georgia,Bartow,13015960801,Bartow County urban-eligible tract,N,Eligible — not designated,34.1222127,-84.674982,"Rev. Proc. 2026-14 appendix Non-rural (eligible, not entirely rural); urban/non-rural pack for Land Search Builder"
Atlanta,Georgia,Bartow,13015960802,Bartow County urban-eligible tract,N,Eligible — not designated,34.1106699,-84.6975654,"Rev. Proc. 2026-14 appendix Non-rural (eligible, not entirely rural); urban/non-rural pack for Land Search Builder"
Atlanta,Georgia,Cherokee,13057090401,Cherokee County urban-eligible tract,N,Eligible — not designated,34.2455093,-84.4912096,"Rev. Proc. 2026-14 appendix Non-rural (eligible, not entirely rural); urban/non-rural pack for Land Search Builder"
Atlanta,Georgia,Cherokee,13057090605,Cherokee County urban-eligible tract,N,Eligible — not designated,34.222258,-84.5071804,"Rev. Proc. 2026-14 appendix Non-rural (eligible, not entirely rural); urban/non-rural pack for Land Search Builder"
Atlanta,Georgia,Cherokee,13057090703,Cherokee County urban-eligible tract,N,Eligible — not designated,34.1776988,-84.4964955,"Rev. Proc. 2026-14 appendix Non-rural (eligible, not entirely rural); urban/non-rural pack for Land Search Builder"
Atlanta,Georgia,Clayton,13063040202,Clayton County urban-eligible tract,N,Eligible — not designated,33.6143004,-84.415514,"Rev. Proc. 2026-14 appendix Non-rural (eligible, not entirely rural); urban/non-rural pack for Land Search Builder"
Atlanta,Georgia,Clayton,13063040203,Clayton County urban-eligible tract,N,Eligible — not designated,33.6075112,-84.4529581,"Rev. Proc. 2026-14 appendix Non-rural (eligible, not entirely rural); urban/non-rural pack for Land Search Builder"
Atlanta,Georgia,Clayton,13063040302,Clayton County urban-eligible tract,N,Eligible — not designated,33.6332886,-84.3719886,"Rev. Proc. 2026-14 appendix Non-rural (eligible, not entirely rural); urban/non-rural pack for Land Search Builder"
Atlanta,Georgia,Clayton,13063040306,Clayton County urban-eligible tract,N,Eligible — not designated,33.6042653,-84.3869022,"Rev. Proc. 2026-14 appendix Non-rural (eligible, not entirely rural); urban/non-rural pack for Land Search Builder"
Atlanta,Georgia,Clayton,13063040307,Clayton County urban-eligible tract,N,Eligible — not designated,33.598833,-84.3624905,"Rev. Proc. 2026-14 appendix Non-rural (eligible, not entirely rural); urban/non-rural pack for Land Search Builder"
Atlanta,Georgia,Clayton,13063040308,Clayton County urban-eligible tract,N,Eligible — not designated,33.6372452,-84.3896406,"Rev. Proc. 2026-14 appendix Non-rural (eligible, not entirely rural); urban/non-rural pack for Land Search Builder"
Atlanta,Georgia,Clayton,13063040309,Clayton County urban-eligible tract,N,Eligible — not designated,33.643652,-84.3489428,"Rev. Proc. 2026-14 appendix Non-rural (eligible, not entirely rural); urban/non-rural pack for Land Search Builder"
Atlanta,Georgia,Clayton,13063040310,Clayton County urban-eligible tract,N,Eligible — not designated,33.6265087,-84.351037,"Rev. Proc. 2026-14 appendix Non-rural (eligible, not entirely rural); urban/non-rural pack for Land Search Builder"
Atlanta,Georgia,Clayton,13063040407,Clayton County urban-eligible tract,N,Eligible — not designated,33.6071615,-84.3298311,"Rev. Proc. 2026-14 appendix Non-rural (eligible, not entirely rural); urban/non-rural pack for Land Search Builder"
Atlanta,Georgia,Clayton,13063040409,Clayton County urban-eligible tract,N,Eligible — not designated,33.5926501,-84.3069096,"Rev. Proc. 2026-14 appendix Non-rural (eligible, not entirely rural); urban/non-rural pack for Land Search Builder"
Atlanta,Georgia,Clayton,13063040410,Clayton County urban-eligible tract,N,Eligible — not designated,33.6278956,-84.3099165,"Rev. Proc. 2026-14 appendix Non-rural (eligible, not entirely rural); urban/non-rural pack for Land Search Builder"
Atlanta,Georgia,Clayton,13063040414,Clayton County urban-eligible tract,N,Eligible — not designated,33.5862404,-84.3745625,"Rev. Proc. 2026-14 appendix Non-rural (eligible, not entirely rural); urban/non-rural pack for Land Search Builder"
Atlanta,Georgia,Clayton,13063040416,Clayton County urban-eligible tract,N,Eligible — not designated,33.5795938,-84.3547007,"Rev. Proc. 2026-14 appendix Non-rural (eligible, not entirely rural); urban/non-rural pack for Land Search Builder"
Atlanta,Georgia,Clayton,13063040417,Clayton County urban-eligible tract,N,Eligible — not designated,33.5614007,-84.3536804,"Rev. Proc. 2026-14 appendix Non-rural (eligible, not entirely rural); urban/non-rural pack for Land Search Builder"
Atlanta,Georgia,Clayton,13063040418,Clayton County urban-eligible tract,N,Eligible — not designated,33.5949741,-84.345836,"Rev. Proc. 2026-14 appendix Non-rural (eligible, not entirely rural); urban/non-rural pack for Land Search Builder"
Atlanta,Georgia,Clayton,13063040419,Clayton County urban-eligible tract,N,Eligible — not designated,33.5891764,-84.327151,"Rev. Proc. 2026-14 appendix Non-rural (eligible, not entirely rural); urban/non-rural pack for Land Search Builder"
Atlanta,Georgia,Clayton,13063040422,Clayton County urban-eligible tract,N,Eligible — not designated,33.5839369,-84.3826124,"Rev. Proc. 2026-14 appendix Non-rural (eligible, not entirely rural); urban/non-rural pack for Land Search Builder"
Atlanta,Georgia,Clayton,13063040423,Clayton County urban-eligible tract,N,Eligible — not designated,33.564688,-84.3766421,"Rev. Proc. 2026-14 appendix Non-rural (eligible, not entirely rural); urban/non-rural pack for Land Search Builder"
Atlanta,Georgia,Clayton,13063040424,Clayton County urban-eligible tract,N,Eligible — not designated,33.5606181,-84.3335327,"Rev. Proc. 2026-14 appendix Non-rural (eligible, not entirely rural); urban/non-rural pack for Land Search Builder"
Atlanta,Georgia,Clayton,13063040425,Clayton County urban-eligible tract,N,Eligible — not designated,33.5737098,-84.313561,"Rev. Proc. 2026-14 appendix Non-rural (eligible, not entirely rural); urban/non-rural pack for Land Search Builder"
Atlanta,Georgia,Clayton,13063040426,Clayton County urban-eligible tract,N,Eligible — not designated,33.5746685,-84.300982,"Rev. Proc. 2026-14 appendix Non-rural (eligible, not entirely rural); urban/non-rural pack for Land Search Builder"
Atlanta,Georgia,Clayton,13063040509,Clayton County urban-eligible tract,N,Eligible — not designated,33.5825232,-84.4470958,"Rev. Proc. 2026-14 appendix Non-rural (eligible, not entirely rural); urban/non-rural pack for Land Search Builder"
Atlanta,Georgia,Clayton,13063040513,Clayton County urban-eligible tract,N,Eligible — not designated,33.5584721,-84.4387615,"Rev. Proc. 2026-14 appendix Non-rural (eligible, not entirely rural); urban/non-rural pack for Land Search Builder"
Atlanta,Georgia,Clayton,13063040518,Clayton County urban-eligible tract,N,Eligible — not designated,33.5103898,-84.3912997,"Rev. Proc. 2026-14 appendix Non-rural (eligible, not entirely rural); urban/non-rural pack for Land Search Builder"
Atlanta,Georgia,Clayton,13063040519,Clayton County urban-eligible tract,N,Eligible — not designated,33.591583,-84.4176676,"Rev. Proc. 2026-14 appendix Non-rural (eligible, not entirely rural); urban/non-rural pack for Land Search Builder"
Atlanta,Georgia,Clayton,13063040521,Clayton County urban-eligible tract,N,Eligible — not designated,33.5697564,-84.3905399,"Rev. Proc. 2026-14 appendix Non-rural (eligible, not entirely rural); urban/non-rural pack for Land Search Builder"
Atlanta,Georgia,Clayton,13063040522,Clayton County urban-eligible tract,N,Eligible — not designated,33.5869518,-84.4020462,"Rev. Proc. 2026-14 appendix Non-rural (eligible, not entirely rural); urban/non-rural pack for Land Search Builder"
Atlanta,Georgia,Clayton,13063040523,Clayton County urban-eligible tract,N,Eligible — not designated,33.5599525,-84.4092722,"Rev. Proc. 2026-14 appendix Non-rural (eligible, not entirely rural); urban/non-rural pack for Land Search Builder"
Atlanta,Georgia,Clayton,13063040527,Clayton County urban-eligible tract,N,Eligible — not designated,33.5402063,-84.4309787,"Rev. Proc. 2026-14 appendix Non-rural (eligible, not entirely rural); urban/non-rural pack for Land Search Builder"
Atlanta,Georgia,Clayton,13063040528,Clayton County urban-eligible tract,N,Eligible — not designated,33.5315195,-84.4259784,"Rev. Proc. 2026-14 appendix Non-rural (eligible, not entirely rural); urban/non-rural pack for Land Search Builder"
Atlanta,Georgia,Clayton,13063040529,Clayton County urban-eligible tract,N,Eligible — not designated,33.5317175,-84.4026047,"Rev. Proc. 2026-14 appendix Non-rural (eligible, not entirely rural); urban/non-rural pack for Land Search Builder"
Atlanta,Georgia,Clayton,13063040531,Clayton County urban-eligible tract,N,Eligible — not designated,33.6011275,-84.4247891,"Rev. Proc. 2026-14 appendix Non-rural (eligible, not entirely rural); urban/non-rural pack for Land Search Builder"
Atlanta,Georgia,Clayton,13063040532,Clayton County urban-eligible tract,N,Eligible — not designated,33.5980823,-84.4143113,"Rev. Proc. 2026-14 appendix Non-rural (eligible, not entirely rural); urban/non-rural pack for Land Search Builder"
Atlanta,Georgia,Clayton,13063040533,Clayton County urban-eligible tract,N,Eligible — not designated,33.5434188,-84.389761,"Rev. Proc. 2026-14 appendix Non-rural (eligible, not entirely rural); urban/non-rural pack for Land Search Builder"
Atlanta,Georgia,Clayton,13063040536,Clayton County urban-eligible tract,N,Eligible — not designated,33.5277885,-84.381794,"Rev. Proc. 2026-14 appendix Non-rural (eligible, not entirely rural); urban/non-rural pack for Land Search Builder"
Atlanta,Georgia,Clayton,13063040537,Clayton County urban-eligible tract,N,Eligible — not designated,33.504027,-84.4109848,"Rev. Proc. 2026-14 appendix Non-rural (eligible, not entirely rural); urban/non-rural pack for Land Search Builder"
Atlanta,Georgia,Clayton,13063040538,Clayton County urban-eligible tract,N,Eligible — not designated,33.5149735,-84.4136715,"Rev. Proc. 2026-14 appendix Non-rural (eligible, not entirely rural); urban/non-rural pack for Land Search Builder"
Atlanta,Georgia,Clayton,13063040606,Clayton County urban-eligible tract,N,Eligible — not designated,33.4677661,-84.3120126,"Rev. Proc. 2026-14 appendix Non-rural (eligible, not entirely rural); urban/non-rural pack for Land Search Builder"
Atlanta,Georgia,Clayton,13063040617,Clayton County urban-eligible tract,N,Eligible — not designated,33.5584265,-84.2673233,"Rev. Proc. 2026-14 appendix Non-rural (eligible, not entirely rural); urban/non-rural pack for Land Search Builder"
Atlanta,Georgia,Clayton,13063040623,Clayton County urban-eligible tract,N,Eligible — not designated,33.4715329,-84.3552366,"Rev. Proc. 2026-14 appendix Non-rural (eligible, not entirely rural); urban/non-rural pack for Land Search Builder"
Atlanta,Georgia,Clayton,13063040624,Clayton County urban-eligible tract,N,Eligible — not designated,33.4799858,-84.3607346,"Rev. Proc. 2026-14 appendix Non-rural (eligible, not entirely rural); urban/non-rural pack for Land Search Builder"
Atlanta,Georgia,Clayton,13063040627,Clayton County urban-eligible tract,N,Eligible — not designated,33.5136193,-84.3387051,"Rev. Proc. 2026-14 appendix Non-rural (eligible, not entirely rural); urban/non-rural pack for Land Search Builder"
Atlanta,Georgia,Clayton,13063040629,Clayton County urban-eligible tract,N,Eligible — not designated,33.5452997,-84.3736161,"Rev. Proc. 2026-14 appendix Non-rural (eligible, not entirely rural); urban/non-rural pack for Land Search Builder"
Atlanta,Georgia,Clayton,13063040630,Clayton County urban-eligible tract,N,Eligible — not designated,33.5514325,-84.3560253,"Rev. Proc. 2026-14 appendix Non-rural (eligible, not entirely rural); urban/non-rural pack for Land Search Builder"
Atlanta,Georgia,Clayton,13063040632,Clayton County urban-eligible tract,N,Eligible — not designated,33.555154,-84.2826845,"Rev. Proc. 2026-14 appendix Non-rural (eligible, not entirely rural); urban/non-rural pack for Land Search Builder"
Atlanta,Georgia,Clayton,13063040633,Clayton County urban-eligible tract,N,Eligible — not designated,33.5646875,-84.3018178,"Rev. Proc. 2026-14 appendix Non-rural (eligible, not entirely rural); urban/non-rural pack for Land Search Builder"
Atlanta,Georgia,Clayton,13063040634,Clayton County urban-eligible tract,N,Eligible — not designated,33.5260934,-84.3695559,"Rev. Proc. 2026-14 appendix Non-rural (eligible, not entirely rural); urban/non-rural pack for Land Search Builder"
Atlanta,Georgia,Clayton,13063040637,Clayton County urban-eligible tract,N,Eligible — not designated,33.442154,-84.330186,"Rev. Proc. 2026-14 appendix Non-rural (eligible, not entirely rural); urban/non-rural pack for Land Search Builder"
Atlanta,Georgia,Cobb,13067030112,Cobb County urban-eligible tract,N,Eligible — not designated,34.0715341,-84.6525605,"Rev. Proc. 2026-14 appendix Non-rural (eligible, not entirely rural); urban/non-rural pack for Land Search Builder"
Atlanta,Georgia,Cobb,13067030246,Cobb County urban-eligible tract,N,Eligible — not designated,34.0385156,-84.6088896,"Rev. Proc. 2026-14 appendix Non-rural (eligible, not entirely rural); urban/non-rural pack for Land Search Builder"
Atlanta,Georgia,Cobb,13067030275,Cobb County urban-eligible tract,N,Eligible — not designated,34.0571302,-84.5882687,"Rev. Proc. 2026-14 appendix Non-rural (eligible, not entirely rural); urban/non-rural pack for Land Search Builder"
Atlanta,Georgia,Cobb,13067030411,Cobb County urban-eligible tract,N,Eligible — not designated,33.9371615,-84.5025541,"Rev. Proc. 2026-14 appendix Non-rural (eligible, not entirely rural); urban/non-rural pack for Land Search Builder"
Atlanta,Georgia,Cobb,13067030412,Cobb County urban-eligible tract,N,Eligible — not designated,33.9279376,-84.5038894,"Rev. Proc. 2026-14 appendix Non-rural (eligible, not entirely rural); urban/non-rural pack for Land Search Builder"
Atlanta,Georgia,Cobb,13067030414,Cobb County urban-eligible tract,N,Eligible — not designated,33.9160389,-84.4925104,"Rev. Proc. 2026-14 appendix Non-rural (eligible, not entirely rural); urban/non-rural pack for Land Search Builder"
Atlanta,Georgia,Cobb,13067030506,Cobb County urban-eligible tract,N,Eligible — not designated,33.9974216,-84.5386849,"Rev. Proc. 2026-14 appendix Non-rural (eligible, not entirely rural); urban/non-rural pack for Land Search Builder"
Atlanta,Georgia,Cobb,13067030700,Cobb County urban-eligible tract,N,Eligible — not designated,33.9598687,-84.5382553,"Rev. Proc. 2026-14 appendix Non-rural (eligible, not entirely rural); urban/non-rural pack for Land Search Builder"
Atlanta,Georgia,Cobb,13067030911,Cobb County urban-eligible tract,N,Eligible — not designated,33.9181175,-84.5712725,"Rev. Proc. 2026-14 appendix Non-rural (eligible, not entirely rural); urban/non-rural pack for Land Search Builder"
Atlanta,Georgia,Cobb,13067030912,Cobb County urban-eligible tract,N,Eligible — not designated,33.9399249,-84.5563214,"Rev. Proc. 2026-14 appendix Non-rural (eligible, not entirely rural); urban/non-rural pack for Land Search Builder"
Atlanta,Georgia,Cobb,13067031001,Cobb County urban-eligible tract,N,Eligible — not designated,33.9140637,-84.5138531,"Rev. Proc. 2026-14 appendix Non-rural (eligible, not entirely rural); urban/non-rural pack for Land Search Builder"
Atlanta,Georgia,Cobb,13067031004,Cobb County urban-eligible tract,N,Eligible — not designated,33.8929788,-84.5559847,"Rev. Proc. 2026-14 appendix Non-rural (eligible, not entirely rural); urban/non-rural pack for Land Search Builder"
Atlanta,Georgia,Cobb,13067031006,Cobb County urban-eligible tract,N,Eligible — not designated,33.9067538,-84.5527644,"Rev. Proc. 2026-14 appendix Non-rural (eligible, not entirely rural); urban/non-rural pack for Land Search Builder"
Atlanta,Georgia,Cobb,13067031007,Cobb County urban-eligible tract,N,Eligible — not designated,33.9110589,-84.5626895,"Rev. Proc. 2026-14 appendix Non-rural (eligible, not entirely rural); urban/non-rural pack for Land Search Builder"
Atlanta,Georgia,Cobb,13067031101,Cobb County urban-eligible tract,N,Eligible — not designated,33.8927434,-84.5284027,"Rev. Proc. 2026-14 appendix Non-rural (eligible, not entirely rural); urban/non-rural pack for Land Search Builder"
Atlanta,Georgia,Cobb,13067031119,Cobb County urban-eligible tract,N,Eligible — not designated,33.8739171,-84.5760121,"Rev. Proc. 2026-14 appendix Non-rural (eligible, not entirely rural); urban/non-rural pack for Land Search Builder"
Atlanta,Georgia,Cobb,13067031308,Cobb County urban-eligible tract,N,Eligible — not designated,33.8057071,-84.583555,"Rev. Proc. 2026-14 appendix Non-rural (eligible, not entirely rural); urban/non-rural pack for Land Search Builder"
Atlanta,Georgia,Cobb,13067031318,Cobb County urban-eligible tract,N,Eligible — not designated,33.7863383,-84.5604073,"Rev. Proc. 2026-14 appendix Non-rural (eligible, not entirely rural); urban/non-rural pack for Land Search Builder"
Atlanta,Georgia,Cobb,13067031320,Cobb County urban-eligible tract,N,Eligible — not designated,33.7781145,-84.5861869,"Rev. Proc. 2026-14 appendix Non-rural (eligible, not entirely rural); urban/non-rural pack for Land Search Builder"
Atlanta,Georgia,Cobb,13067031321,Cobb County urban-eligible tract,N,Eligible — not designated,33.7658488,-84.5739412,"Rev. Proc. 2026-14 appendix Non-rural (eligible, not entirely rural); urban/non-rural pack for Land Search Builder"
Atlanta,Georgia,Cobb,13067031409,Cobb County urban-eligible tract,N,Eligible — not designated,33.8372094,-84.6426281,"Rev. Proc. 2026-14 appendix Non-rural (eligible, not entirely rural); urban/non-rural pack for Land Search Builder"
Atlanta,Georgia,Cobb,13067031411,Cobb County urban-eligible tract,N,Eligible — not designated,33.8653647,-84.6209497,"Rev. Proc. 2026-14 appendix Non-rural (eligible, not entirely rural); urban/non-rural pack for Land Search Builder"
Atlanta,Georgia,Cobb,13067031413,Cobb County urban-eligible tract,N,Eligible — not designated,33.8495653,-84.6167465,"Rev. Proc. 2026-14 appendix Non-rural (eligible, not entirely rural); urban/non-rural pack for Land Search Builder"
Atlanta,Georgia,Cobb,13067031417,Cobb County urban-eligible tract,N,Eligible — not designated,33.8112452,-84.6381022,"Rev. Proc. 2026-14 appendix Non-rural (eligible, not entirely rural); urban/non-rural pack for Land Search Builder"
Atlanta,Georgia,Coweta,13077170307,Coweta County urban-eligible tract,N,Eligible — not designated,33.3825732,-84.7714572,"Rev. Proc. 2026-14 appendix Non-rural (eligible, not entirely rural); urban/non-rural pack for Land Search Builder"
Atlanta,Georgia,Coweta,13077170605,Coweta County urban-eligible tract,N,Eligible — not designated,33.3493998,-84.800541,"Rev. Proc. 2026-14 appendix Non-rural (eligible, not entirely rural); urban/non-rural pack for Land Search Builder"
Atlanta,Georgia,DeKalb,13089020600,DeKalb County urban-eligible tract,N,Eligible — not designated,33.7576172,-84.3356822,"Rev. Proc. 2026-14 appendix Non-rural (eligible, not entirely rural); urban/non-rural pack for Land Search Builder"
Atlanta,Georgia,DeKalb,13089020902,DeKalb County urban-eligible tract,N,Eligible — not designated,33.7307727,-84.3317481,"Rev. Proc. 2026-14 appendix Non-rural (eligible, not entirely rural); urban/non-rural pack for Land Search Builder"
Atlanta,Georgia,DeKalb,13089021204,DeKalb County urban-eligible tract,N,Eligible — not designated,33.8818233,-84.2990892,"Rev. Proc. 2026-14 appendix Non-rural (eligible, not entirely rural); urban/non-rural pack for Land Search Builder"
Atlanta,Georgia,DeKalb,13089021301,DeKalb County urban-eligible tract,N,Eligible — not designated,33.9071668,-84.2895375,"Rev. Proc. 2026-14 appendix Non-rural (eligible, not entirely rural); urban/non-rural pack for Land Search Builder"
Atlanta,Georgia,DeKalb,13089021306,DeKalb County urban-eligible tract,N,Eligible — not designated,33.918956,-84.2743604,"Rev. Proc. 2026-14 appendix Non-rural (eligible, not entirely rural); urban/non-rural pack for Land Search Builder"
Atlanta,Georgia,DeKalb,13089021308,DeKalb County urban-eligible tract,N,Eligible — not designated,33.8758205,-84.2857255,"Rev. Proc. 2026-14 appendix Non-rural (eligible, not entirely rural); urban/non-rural pack for Land Search Builder"
Atlanta,Georgia,DeKalb,13089021309,DeKalb County urban-eligible tract,N,Eligible — not designated,33.8994517,-84.2637412,"Rev. Proc. 2026-14 appendix Non-rural (eligible, not entirely rural); urban/non-rural pack for Land Search Builder"
Atlanta,Georgia,DeKalb,13089021310,DeKalb County urban-eligible tract,N,Eligible — not designated,33.9058056,-84.2548256,"Rev. Proc. 2026-14 appendix Non-rural (eligible, not entirely rural); urban/non-rural pack for Land Search Builder"
Atlanta,Georgia,DeKalb,13089021409,DeKalb County urban-eligible tract,N,Eligible — not designated,33.8610663,-84.2957708,"Rev. Proc. 2026-14 appendix Non-rural (eligible, not entirely rural); urban/non-rural pack for Land Search Builder"
Atlanta,Georgia,DeKalb,13089021417,DeKalb County urban-eligible tract,N,Eligible — not designated,33.8396707,-84.3342163,"Rev. Proc. 2026-14 appendix Non-rural (eligible, not entirely rural); urban/non-rural pack for Land Search Builder"
Atlanta,Georgia,DeKalb,13089021418,DeKalb County urban-eligible tract,N,Eligible — not designated,33.8503343,-84.3169899,"Rev. Proc. 2026-14 appendix Non-rural (eligible, not entirely rural); urban/non-rural pack for Land Search Builder"
Atlanta,Georgia,DeKalb,13089021419,DeKalb County urban-eligible tract,N,Eligible — not designated,33.8449479,-84.3198514,"Rev. Proc. 2026-14 appendix Non-rural (eligible, not entirely rural); urban/non-rural pack for Land Search Builder"
Atlanta,Georgia,DeKalb,13089021420,DeKalb County urban-eligible tract,N,Eligible — not designated,33.8486575,-84.3264832,"Rev. Proc. 2026-14 appendix Non-rural (eligible, not entirely rural); urban/non-rural pack for Land Search Builder"
Atlanta,Georgia,DeKalb,13089021505,DeKalb County urban-eligible tract,N,Eligible — not designated,33.8093253,-84.3268623,"Rev. Proc. 2026-14 appendix Non-rural (eligible, not entirely rural); urban/non-rural pack for Land Search Builder"
Atlanta,Georgia,DeKalb,13089021815,DeKalb County urban-eligible tract,N,Eligible — not designated,33.8959662,-84.232235,"Rev. Proc. 2026-14 appendix Non-rural (eligible, not entirely rural); urban/non-rural pack for Land Search Builder"
Atlanta,Georgia,DeKalb,13089021824,DeKalb County urban-eligible tract,N,Eligible — not designated,33.8443272,-84.2067887,"Rev. Proc. 2026-14 appendix Non-rural (eligible, not entirely rural); urban/non-rural pack for Land Search Builder"
Atlanta,Georgia,DeKalb,13089021906,DeKalb County urban-eligible tract,N,Eligible — not designated,33.7979856,-84.1769228,"Rev. Proc. 2026-14 appendix Non-rural (eligible, not entirely rural); urban/non-rural pack for Land Search Builder"
Atlanta,Georgia,DeKalb,13089021908,DeKalb County urban-eligible tract,N,Eligible — not designated,33.7993171,-84.1882975,"Rev. Proc. 2026-14 appendix Non-rural (eligible, not entirely rural); urban/non-rural pack for Land Search Builder"
Atlanta,Georgia,DeKalb,13089021911,DeKalb County urban-eligible tract,N,Eligible — not designated,33.8177366,-84.1907575,"Rev. Proc. 2026-14 appendix Non-rural (eligible, not entirely rural); urban/non-rural pack for Land Search Builder"
Atlanta,Georgia,DeKalb,13089021913,DeKalb County urban-eligible tract,N,Eligible — not designated,33.8265565,-84.1835182,"Rev. Proc. 2026-14 appendix Non-rural (eligible, not entirely rural); urban/non-rural pack for Land Search Builder"
Atlanta,Georgia,DeKalb,13089021914,DeKalb County urban-eligible tract,N,Eligible — not designated,33.8002075,-84.1601884,"Rev. Proc. 2026-14 appendix Non-rural (eligible, not entirely rural); urban/non-rural pack for Land Search Builder"
Atlanta,Georgia,DeKalb,13089021917,DeKalb County urban-eligible tract,N,Eligible — not designated,33.7941119,-84.2012445,"Rev. Proc. 2026-14 appendix Non-rural (eligible, not entirely rural); urban/non-rural pack for Land Search Builder"
Atlanta,Georgia,DeKalb,13089022005,DeKalb County urban-eligible tract,N,Eligible — not designated,33.7912072,-84.2330492,"Rev. Proc. 2026-14 appendix Non-rural (eligible, not entirely rural); urban/non-rural pack for Land Search Builder"
Atlanta,Georgia,DeKalb,13089022007,DeKalb County urban-eligible tract,N,Eligible — not designated,33.8103091,-84.246668,"Rev. Proc. 2026-14 appendix Non-rural (eligible, not entirely rural); urban/non-rural pack for Land Search Builder"
Atlanta,Georgia,DeKalb,13089022011,DeKalb County urban-eligible tract,N,Eligible — not designated,33.8015694,-84.2311426,"Rev. Proc. 2026-14 appendix Non-rural (eligible, not entirely rural); urban/non-rural pack for Land Search Builder"
Atlanta,Georgia,DeKalb,13089022012,DeKalb County urban-eligible tract,N,Eligible — not designated,33.8010192,-84.2422232,"Rev. Proc. 2026-14 appendix Non-rural (eligible, not entirely rural); urban/non-rural pack for Land Search Builder"
Atlanta,Georgia,DeKalb,13089022013,DeKalb County urban-eligible tract,N,Eligible — not designated,33.8209358,-84.2350392,"Rev. Proc. 2026-14 appendix Non-rural (eligible, not entirely rural); urban/non-rural pack for Land Search Builder"
Atlanta,Georgia,DeKalb,13089022014,DeKalb County urban-eligible tract,N,Eligible — not designated,33.8156808,-84.2405396,"Rev. Proc. 2026-14 appendix Non-rural (eligible, not entirely rural); urban/non-rural pack for Land Search Builder"
Atlanta,Georgia,DeKalb,13089022016,DeKalb County urban-eligible tract,N,Eligible — not designated,33.8087834,-84.2098177,"Rev. Proc. 2026-14 appendix Non-rural (eligible, not entirely rural); urban/non-rural pack for Land Search Builder"
Atlanta,Georgia,DeKalb,13089022100,DeKalb County urban-eligible tract,N,Eligible — not designated,33.7906241,-84.2553347,"Rev. Proc. 2026-14 appendix Non-rural (eligible, not entirely rural); urban/non-rural pack for Land Search Builder"
Atlanta,Georgia,DeKalb,13089022404,DeKalb County urban-eligible tract,N,Eligible — not designated,33.7993609,-84.3296665,"Rev. Proc. 2026-14 appendix Non-rural (eligible, not entirely rural); urban/non-rural pack for Land Search Builder"
Atlanta,Georgia,DeKalb,13089023108,DeKalb County urban-eligible tract,N,Eligible — not designated,33.745283,-84.2322398,"Rev. Proc. 2026-14 appendix Non-rural (eligible, not entirely rural); urban/non-rural pack for Land Search Builder"
Atlanta,Georgia,DeKalb,13089023111,DeKalb County urban-eligible tract,N,Eligible — not designated,33.7574297,-84.2269034,"Rev. Proc. 2026-14 appendix Non-rural (eligible, not entirely rural); urban/non-rural pack for Land Search Builder"
Atlanta,Georgia,DeKalb,13089023112,DeKalb County urban-eligible tract,N,Eligible — not designated,33.7649495,-84.2385881,"Rev. Proc. 2026-14 appendix Non-rural (eligible, not entirely rural); urban/non-rural pack for Land Search Builder"
Atlanta,Georgia,DeKalb,13089023113,DeKalb County urban-eligible tract,N,Eligible — not designated,33.77719,-84.2532758,"Rev. Proc. 2026-14 appendix Non-rural (eligible, not entirely rural); urban/non-rural pack for Land Search Builder"
Atlanta,Georgia,DeKalb,13089023115,DeKalb County urban-eligible tract,N,Eligible — not designated,33.7737809,-84.2413121,"Rev. Proc. 2026-14 appendix Non-rural (eligible, not entirely rural); urban/non-rural pack for Land Search Builder"
Atlanta,Georgia,DeKalb,13089023215,DeKalb County urban-eligible tract,N,Eligible — not designated,33.7584362,-84.2093785,"Rev. Proc. 2026-14 appendix Non-rural (eligible, not entirely rural); urban/non-rural pack for Land Search Builder"
Atlanta,Georgia,DeKalb,13089023218,DeKalb County urban-eligible tract,N,Eligible — not designated,33.7550136,-84.1925144,"Rev. Proc. 2026-14 appendix Non-rural (eligible, not entirely rural); urban/non-rural pack for Land Search Builder"
Atlanta,Georgia,DeKalb,13089023219,DeKalb County urban-eligible tract,N,Eligible — not designated,33.7772545,-84.2166645,"Rev. Proc. 2026-14 appendix Non-rural (eligible, not entirely rural); urban/non-rural pack for Land Search Builder"
Atlanta,Georgia,DeKalb,13089023222,DeKalb County urban-eligible tract,N,Eligible — not designated,33.7759491,-84.1885328,"Rev. Proc. 2026-14 appendix Non-rural (eligible, not entirely rural); urban/non-rural pack for Land Search Builder"
Atlanta,Georgia,DeKalb,13089023313,DeKalb County urban-eligible tract,N,Eligible — not designated,33.7351056,-84.1246997,"Rev. Proc. 2026-14 appendix Non-rural (eligible, not entirely rural); urban/non-rural pack for Land Search Builder"
Atlanta,Georgia,DeKalb,13089023315,DeKalb County urban-eligible tract,N,Eligible — not designated,33.7541928,-84.0660228,"Rev. Proc. 2026-14 appendix Non-rural (eligible, not entirely rural); urban/non-rural pack for Land Search Builder"
Atlanta,Georgia,DeKalb,13089023317,DeKalb County urban-eligible tract,N,Eligible — not designated,33.7165568,-84.0804965,"Rev. Proc. 2026-14 appendix Non-rural (eligible, not entirely rural); urban/non-rural pack for Land Search Builder"
Atlanta,Georgia,DeKalb,13089023319,DeKalb County urban-eligible tract,N,Eligible — not designated,33.7165726,-84.1608847,"Rev. Proc. 2026-14 appendix Non-rural (eligible, not entirely rural); urban/non-rural pack for Land Search Builder"
Atlanta,Georgia,DeKalb,13089023320,DeKalb County urban-eligible tract,N,Eligible — not designated,33.7089509,-84.1240714,"Rev. Proc. 2026-14 appendix Non-rural (eligible, not entirely rural); urban/non-rural pack for Land Search Builder"
Atlanta,Georgia,DeKalb,13089023321,DeKalb County urban-eligible tract,N,Eligible — not designated,33.7092808,-84.1436706,"Rev. Proc. 2026-14 appendix Non-rural (eligible, not entirely rural); urban/non-rural pack for Land Search Builder"
Atlanta,Georgia,DeKalb,13089023327,DeKalb County urban-eligible tract,N,Eligible — not designated,33.7251636,-84.1532256,"Rev. Proc. 2026-14 appendix Non-rural (eligible, not entirely rural); urban/non-rural pack for Land Search Builder"
Atlanta,Georgia,DeKalb,13089023328,DeKalb County urban-eligible tract,N,Eligible — not designated,33.7249081,-84.1290251,"Rev. Proc. 2026-14 appendix Non-rural (eligible, not entirely rural); urban/non-rural pack for Land Search Builder"
Atlanta,Georgia,DeKalb,13089023330,DeKalb County urban-eligible tract,N,Eligible — not designated,33.7477125,-84.1152574,"Rev. Proc. 2026-14 appendix Non-rural (eligible, not entirely rural); urban/non-rural pack for Land Search Builder"
Atlanta,Georgia,DeKalb,13089023331,DeKalb County urban-eligible tract,N,Eligible — not designated,33.737603,-84.1524149,"Rev. Proc. 2026-14 appendix Non-rural (eligible, not entirely rural); urban/non-rural pack for Land Search Builder"
Atlanta,Georgia,DeKalb,13089023410,DeKalb County urban-eligible tract,N,Eligible — not designated,33.70832,-84.2744739,"Rev. Proc. 2026-14 appendix Non-rural (eligible, not entirely rural); urban/non-rural pack for Land Search Builder"
Atlanta,Georgia,DeKalb,13089023422,DeKalb County urban-eligible tract,N,Eligible — not designated,33.6621418,-84.2653477,"Rev. Proc. 2026-14 appendix Non-rural (eligible, not entirely rural); urban/non-rural pack for Land Search Builder"
Atlanta,Georgia,DeKalb,13089023427,DeKalb County urban-eligible tract,N,Eligible — not designated,33.6801573,-84.1551616,"Rev. Proc. 2026-14 appendix Non-rural (eligible, not entirely rural); urban/non-rural pack for Land Search Builder"
Atlanta,Georgia,DeKalb,13089023429,DeKalb County urban-eligible tract,N,Eligible — not designated,33.6970687,-84.135552,"Rev. Proc. 2026-14 appendix Non-rural (eligible, not entirely rural); urban/non-rural pack for Land Search Builder"
Atlanta,Georgia,DeKalb,13089023430,DeKalb County urban-eligible tract,N,Eligible — not designated,33.6928089,-84.1539837,"Rev. Proc. 2026-14 appendix Non-rural (eligible, not entirely rural); urban/non-rural pack for Land Search Builder"
Atlanta,Georgia,DeKalb,13089023431,DeKalb County urban-eligible tract,N,Eligible — not designated,33.6962308,-84.1684952,"Rev. Proc. 2026-14 appendix Non-rural (eligible, not entirely rural); urban/non-rural pack for Land Search Builder"
Atlanta,Georgia,DeKalb,13089023438,DeKalb County urban-eligible tract,N,Eligible — not designated,33.6789661,-84.2602646,"Rev. Proc. 2026-14 appendix Non-rural (eligible, not entirely rural); urban/non-rural pack for Land Search Builder"
Atlanta,Georgia,DeKalb,13089023439,DeKalb County urban-eligible tract,N,Eligible — not designated,33.6886843,-84.2597211,"Rev. Proc. 2026-14 appendix Non-rural (eligible, not entirely rural); urban/non-rural pack for Land Search Builder"
Atlanta,Georgia,DeKalb,13089023444,DeKalb County urban-eligible tract,N,Eligible — not designated,33.659842,-84.3294527,"Rev. Proc. 2026-14 appendix Non-rural (eligible, not entirely rural); urban/non-rural pack for Land Search Builder"
Atlanta,Georgia,DeKalb,13089023446,DeKalb County urban-eligible tract,N,Eligible — not designated,33.7076582,-84.2601098,"Rev. Proc. 2026-14 appendix Non-rural (eligible, not entirely rural); urban/non-rural pack for Land Search Builder"
Atlanta,Georgia,DeKalb,13089023447,DeKalb County urban-eligible tract,N,Eligible — not designated,33.688097,-84.2184847,"Rev. Proc. 2026-14 appendix Non-rural (eligible, not entirely rural); urban/non-rural pack for Land Search Builder"
Atlanta,Georgia,DeKalb,13089023504,DeKalb County urban-eligible tract,N,Eligible — not designated,33.723955,-84.2720513,"Rev. Proc. 2026-14 appendix Non-rural (eligible, not entirely rural); urban/non-rural pack for Land Search Builder"
Atlanta,Georgia,DeKalb,13089023505,DeKalb County urban-eligible tract,N,Eligible — not designated,33.724001,-84.2588569,"Rev. Proc. 2026-14 appendix Non-rural (eligible, not entirely rural); urban/non-rural pack for Land Search Builder"
Atlanta,Georgia,DeKalb,13089023506,DeKalb County urban-eligible tract,N,Eligible — not designated,33.7261788,-84.241601,"Rev. Proc. 2026-14 appendix Non-rural (eligible, not entirely rural); urban/non-rural pack for Land Search Builder"
Atlanta,Georgia,DeKalb,13089023507,DeKalb County urban-eligible tract,N,Eligible — not designated,33.7200688,-84.2181027,"Rev. Proc. 2026-14 appendix Non-rural (eligible, not entirely rural); urban/non-rural pack for Land Search Builder"
Atlanta,Georgia,DeKalb,13089023603,DeKalb County urban-eligible tract,N,Eligible — not designated,33.7196978,-84.2852944,"Rev. Proc. 2026-14 appendix Non-rural (eligible, not entirely rural); urban/non-rural pack for Land Search Builder"
Atlanta,Georgia,DeKalb,13089023702,DeKalb County urban-eligible tract,N,Eligible — not designated,33.725978,-84.3117989,"Rev. Proc. 2026-14 appendix Non-rural (eligible, not entirely rural); urban/non-rural pack for Land Search Builder"
Atlanta,Georgia,DeKalb,13089023803,DeKalb County urban-eligible tract,N,Eligible — not designated,33.7070165,-84.3119759,"Rev. Proc. 2026-14 appendix Non-rural (eligible, not entirely rural); urban/non-rural pack for Land Search Builder"
Atlanta,Georgia,Douglas,13097080106,Douglas County urban-eligible tract,N,Eligible — not designated,33.7963573,-84.6425875,"Rev. Proc. 2026-14 appendix Non-rural (eligible, not entirely rural); urban/non-rural pack for Land Search Builder"
Atlanta,Georgia,Douglas,13097080107,Douglas County urban-eligible tract,N,Eligible — not designated,33.7885619,-84.6245085,"Rev. Proc. 2026-14 appendix Non-rural (eligible, not entirely rural); urban/non-rural pack for Land Search Builder"
Atlanta,Georgia,Douglas,13097080303,Douglas County urban-eligible tract,N,Eligible — not designated,33.7600104,-84.717662,"Rev. Proc. 2026-14 appendix Non-rural (eligible, not entirely rural); urban/non-rural pack for Land Search Builder"
Atlanta,Georgia,Douglas,13097080505,Douglas County urban-eligible tract,N,Eligible — not designated,33.7109659,-84.788208,"Rev. Proc. 2026-14 appendix Non-rural (eligible, not entirely rural); urban/non-rural pack for Land Search Builder"
Atlanta,Georgia,Douglas,13097080508,Douglas County urban-eligible tract,N,Eligible — not designated,33.71803,-84.7529643,"Rev. Proc. 2026-14 appendix Non-rural (eligible, not entirely rural); urban/non-rural pack for Land Search Builder"
Atlanta,Georgia,Fulton,13121000601,Fulton County urban-eligible tract,N,Eligible — not designated,33.7833623,-84.4072524,"Rev. Proc. 2026-14 appendix Non-rural (eligible, not entirely rural); urban/non-rural pack for Land Search Builder"
Atlanta,Georgia,Fulton,13121001002,Fulton County urban-eligible tract,N,Eligible — not designated,33.7763564,-84.3995124,"Rev. Proc. 2026-14 appendix Non-rural (eligible, not entirely rural); urban/non-rural pack for Land Search Builder"
Atlanta,Georgia,Fulton,13121001801,Fulton County urban-eligible tract,N,Eligible — not designated,33.7691422,-84.3772497,"Rev. Proc. 2026-14 appendix Non-rural (eligible, not entirely rural); urban/non-rural pack for Land Search Builder"
Atlanta,Georgia,Fulton,13121001901,Fulton County urban-eligible tract,N,Eligible — not designated,33.7681004,-84.3912905,"Rev. Proc. 2026-14 appendix Non-rural (eligible, not entirely rural); urban/non-rural pack for Land Search Builder"
Atlanta,Georgia,Fulton,13121002100,Fulton County urban-eligible tract,N,Eligible — not designated,33.7654626,-84.3947215,"Rev. Proc. 2026-14 appendix Non-rural (eligible, not entirely rural); urban/non-rural pack for Land Search Builder"
Atlanta,Georgia,Fulton,13121002300,Fulton County urban-eligible tract,N,Eligible — not designated,33.7672497,-84.4186374,"Rev. Proc. 2026-14 appendix Non-rural (eligible, not entirely rural); urban/non-rural pack for Land Search Builder"
Atlanta,Georgia,Fulton,13121002400,Fulton County urban-eligible tract,N,Eligible — not designated,33.7586698,-84.4248089,"Rev. Proc. 2026-14 appendix Non-rural (eligible, not entirely rural); urban/non-rural pack for Land Search Builder"
Atlanta,Georgia,Fulton,13121002500,Fulton County urban-eligible tract,N,Eligible — not designated,33.7590744,-84.4126613,"Rev. Proc. 2026-14 appendix Non-rural (eligible, not entirely rural); urban/non-rural pack for Land Search Builder"
Atlanta,Georgia,Fulton,13121002600,Fulton County urban-eligible tract,N,Eligible — not designated,33.7587937,-84.4026285,"Rev. Proc. 2026-14 appendix Non-rural (eligible, not entirely rural); urban/non-rural pack for Land Search Builder"
Atlanta,Georgia,Fulton,13121002801,Fulton County urban-eligible tract,N,Eligible — not designated,33.7596028,-84.3785002,"Rev. Proc. 2026-14 appendix Non-rural (eligible, not entirely rural); urban/non-rural pack for Land Search Builder"
Atlanta,Georgia,Fulton,13121002802,Fulton County urban-eligible tract,N,Eligible — not designated,33.7568924,-84.3801074,"Rev. Proc. 2026-14 appendix Non-rural (eligible, not entirely rural); urban/non-rural pack for Land Search Builder"
Atlanta,Georgia,Fulton,13121003700,Fulton County urban-eligible tract,N,Eligible — not designated,33.7489883,-84.4101331,"Rev. Proc. 2026-14 appendix Non-rural (eligible, not entirely rural); urban/non-rural pack for Land Search Builder"
Atlanta,Georgia,Fulton,13121003800,Fulton County urban-eligible tract,N,Eligible — not designated,33.7508286,-84.412023,"Rev. Proc. 2026-14 appendix Non-rural (eligible, not entirely rural); urban/non-rural pack for Land Search Builder"
Atlanta,Georgia,Fulton,13121003900,Fulton County urban-eligible tract,N,Eligible — not designated,33.7500701,-84.4221427,"Rev. Proc. 2026-14 appendix Non-rural (eligible, not entirely rural); urban/non-rural pack for Land Search Builder"
Atlanta,Georgia,Fulton,13121004200,Fulton County urban-eligible tract,N,Eligible — not designated,33.7390374,-84.4182367,"Rev. Proc. 2026-14 appendix Non-rural (eligible, not entirely rural); urban/non-rural pack for Land Search Builder"
Atlanta,Georgia,Fulton,13121004300,Fulton County urban-eligible tract,N,Eligible — not designated,33.7453043,-84.4091629,"Rev. Proc. 2026-14 appendix Non-rural (eligible, not entirely rural); urban/non-rural pack for Land Search Builder"
Atlanta,Georgia,Fulton,13121004400,Fulton County urban-eligible tract,N,Eligible — not designated,33.7407558,-84.4017769,"Rev. Proc. 2026-14 appendix Non-rural (eligible, not entirely rural); urban/non-rural pack for Land Search Builder"
Atlanta,Georgia,Fulton,13121004800,Fulton County urban-eligible tract,N,Eligible — not designated,33.7444351,-84.383995,"Rev. Proc. 2026-14 appendix Non-rural (eligible, not entirely rural); urban/non-rural pack for Land Search Builder"
Atlanta,Georgia,Fulton,13121005501,Fulton County urban-eligible tract,N,Eligible — not designated,33.729867,-84.383737,"Rev. Proc. 2026-14 appendix Non-rural (eligible, not entirely rural); urban/non-rural pack for Land Search Builder"
Atlanta,Georgia,Fulton,13121005503,Fulton County urban-eligible tract,N,Eligible — not designated,33.7114788,-84.3908033,"Rev. Proc. 2026-14 appendix Non-rural (eligible, not entirely rural); urban/non-rural pack for Land Search Builder"
Atlanta,Georgia,Fulton,13121005700,Fulton County urban-eligible tract,N,Eligible — not designated,33.732147,-84.4038231,"Rev. Proc. 2026-14 appendix Non-rural (eligible, not entirely rural); urban/non-rural pack for Land Search Builder"
Atlanta,Georgia,Fulton,13121005800,Fulton County urban-eligible tract,N,Eligible — not designated,33.731861,-84.4105985,"Rev. Proc. 2026-14 appendix Non-rural (eligible, not entirely rural); urban/non-rural pack for Land Search Builder"
Atlanta,Georgia,Fulton,13121006000,Fulton County urban-eligible tract,N,Eligible — not designated,33.7379429,-84.439035,"Rev. Proc. 2026-14 appendix Non-rural (eligible, not entirely rural); urban/non-rural pack for Land Search Builder"
Atlanta,Georgia,Fulton,13121006100,Fulton County urban-eligible tract,N,Eligible — not designated,33.7277552,-84.4370324,"Rev. Proc. 2026-14 appendix Non-rural (eligible, not entirely rural); urban/non-rural pack for Land Search Builder"
Atlanta,Georgia,Fulton,13121006300,Fulton County urban-eligible tract,N,Eligible — not designated,33.7237613,-84.3997049,"Rev. Proc. 2026-14 appendix Non-rural (eligible, not entirely rural); urban/non-rural pack for Land Search Builder"
Atlanta,Georgia,Fulton,13121006601,Fulton County urban-eligible tract,N,Eligible — not designated,33.7115643,-84.4223706,"Rev. Proc. 2026-14 appendix Non-rural (eligible, not entirely rural); urban/non-rural pack for Land Search Builder"
Atlanta,Georgia,Fulton,13121006602,Fulton County urban-eligible tract,N,Eligible — not designated,33.7186263,-84.4286682,"Rev. Proc. 2026-14 appendix Non-rural (eligible, not entirely rural); urban/non-rural pack for Land Search Builder"
Atlanta,Georgia,Fulton,13121006701,Fulton County urban-eligible tract,N,Eligible — not designated,33.7117779,-84.397552,"Rev. Proc. 2026-14 appendix Non-rural (eligible, not entirely rural); urban/non-rural pack for Land Search Builder"
Atlanta,Georgia,Fulton,13121006702,Fulton County urban-eligible tract,N,Eligible — not designated,33.7021727,-84.3954527,"Rev. Proc. 2026-14 appendix Non-rural (eligible, not entirely rural); urban/non-rural pack for Land Search Builder"
Atlanta,Georgia,Fulton,13121006801,Fulton County urban-eligible tract,N,Eligible — not designated,33.7102924,-84.3677884,"Rev. Proc. 2026-14 appendix Non-rural (eligible, not entirely rural); urban/non-rural pack for Land Search Builder"
Atlanta,Georgia,Fulton,13121006802,Fulton County urban-eligible tract,N,Eligible — not designated,33.7042854,-84.3609663,"Rev. Proc. 2026-14 appendix Non-rural (eligible, not entirely rural); urban/non-rural pack for Land Search Builder"
Atlanta,Georgia,Fulton,13121007001,Fulton County urban-eligible tract,N,Eligible — not designated,33.6915165,-84.3868055,"Rev. Proc. 2026-14 appendix Non-rural (eligible, not entirely rural); urban/non-rural pack for Land Search Builder"
Atlanta,Georgia,Fulton,13121007002,Fulton County urban-eligible tract,N,Eligible — not designated,33.6920865,-84.3682107,"Rev. Proc. 2026-14 appendix Non-rural (eligible, not entirely rural); urban/non-rural pack for Land Search Builder"
Atlanta,Georgia,Fulton,13121007100,Fulton County urban-eligible tract,N,Eligible — not designated,33.6965539,-84.3547589,"Rev. Proc. 2026-14 appendix Non-rural (eligible, not entirely rural); urban/non-rural pack for Land Search Builder"
Atlanta,Georgia,Fulton,13121007200,Fulton County urban-eligible tract,N,Eligible — not designated,33.6566854,-84.3665026,"Rev. Proc. 2026-14 appendix Non-rural (eligible, not entirely rural); urban/non-rural pack for Land Search Builder"
Atlanta,Georgia,Fulton,13121007301,Fulton County urban-eligible tract,N,Eligible — not designated,33.6692829,-84.3900774,"Rev. Proc. 2026-14 appendix Non-rural (eligible, not entirely rural); urban/non-rural pack for Land Search Builder"
Atlanta,Georgia,Fulton,13121007302,Fulton County urban-eligible tract,N,Eligible — not designated,33.6743051,-84.3739015,"Rev. Proc. 2026-14 appendix Non-rural (eligible, not entirely rural); urban/non-rural pack for Land Search Builder"
Atlanta,Georgia,Fulton,13121007400,Fulton County urban-eligible tract,N,Eligible — not designated,33.6789331,-84.4070837,"Rev. Proc. 2026-14 appendix Non-rural (eligible, not entirely rural); urban/non-rural pack for Land Search Builder"
Atlanta,Georgia,Fulton,13121007500,Fulton County urban-eligible tract,N,Eligible — not designated,33.6949069,-84.412896,"Rev. Proc. 2026-14 appendix Non-rural (eligible, not entirely rural); urban/non-rural pack for Land Search Builder"
Atlanta,Georgia,Fulton,13121007602,Fulton County urban-eligible tract,N,Eligible — not designated,33.7109013,-84.4621548,"Rev. Proc. 2026-14 appendix Non-rural (eligible, not entirely rural); urban/non-rural pack for Land Search Builder"
Atlanta,Georgia,Fulton,13121007603,Fulton County urban-eligible tract,N,Eligible — not designated,33.7065017,-84.4402939,"Rev. Proc. 2026-14 appendix Non-rural (eligible, not entirely rural); urban/non-rural pack for Land Search Builder"
Atlanta,Georgia,Fulton,13121007604,Fulton County urban-eligible tract,N,Eligible — not designated,33.7011327,-84.4654691,"Rev. Proc. 2026-14 appendix Non-rural (eligible, not entirely rural); urban/non-rural pack for Land Search Builder"
Atlanta,Georgia,Fulton,13121007703,Fulton County urban-eligible tract,N,Eligible — not designated,33.7039885,-84.5086077,"Rev. Proc. 2026-14 appendix Non-rural (eligible, not entirely rural); urban/non-rural pack for Land Search Builder"
Atlanta,Georgia,Fulton,13121007705,Fulton County urban-eligible tract,N,Eligible — not designated,33.6827659,-84.4915645,"Rev. Proc. 2026-14 appendix Non-rural (eligible, not entirely rural); urban/non-rural pack for Land Search Builder"
Atlanta,Georgia,Fulton,13121007707,Fulton County urban-eligible tract,N,Eligible — not designated,33.7050157,-84.4941702,"Rev. Proc. 2026-14 appendix Non-rural (eligible, not entirely rural); urban/non-rural pack for Land Search Builder"
Atlanta,Georgia,Fulton,13121007708,Fulton County urban-eligible tract,N,Eligible — not designated,33.7109078,-84.48229,"Rev. Proc. 2026-14 appendix Non-rural (eligible, not entirely rural); urban/non-rural pack for Land Search Builder"
Atlanta,Georgia,Fulton,13121007709,Fulton County urban-eligible tract,N,Eligible — not designated,33.6654942,-84.5103496,"Rev. Proc. 2026-14 appendix Non-rural (eligible, not entirely rural); urban/non-rural pack for Land Search Builder"
Atlanta,Georgia,Fulton,13121007710,Fulton County urban-eligible tract,N,Eligible — not designated,33.6716245,-84.5225112,"Rev. Proc. 2026-14 appendix Non-rural (eligible, not entirely rural); urban/non-rural pack for Land Search Builder"
Atlanta,Georgia,Fulton,13121007805,Fulton County urban-eligible tract,N,Eligible — not designated,33.7538409,-84.5381827,"Rev. Proc. 2026-14 appendix Non-rural (eligible, not entirely rural); urban/non-rural pack for Land Search Builder"
Atlanta,Georgia,Fulton,13121007806,Fulton County urban-eligible tract,N,Eligible — not designated,33.7459578,-84.5145823,"Rev. Proc. 2026-14 appendix Non-rural (eligible, not entirely rural); urban/non-rural pack for Land Search Builder"
Atlanta,Georgia,Fulton,13121007807,Fulton County urban-eligible tract,N,Eligible — not designated,33.7624507,-84.4968617,"Rev. Proc. 2026-14 appendix Non-rural (eligible, not entirely rural); urban/non-rural pack for Land Search Builder"
Atlanta,Georgia,Fulton,13121007808,Fulton County urban-eligible tract,N,Eligible — not designated,33.751633,-84.4998632,"Rev. Proc. 2026-14 appendix Non-rural (eligible, not entirely rural); urban/non-rural pack for Land Search Builder"
Atlanta,Georgia,Fulton,13121007810,Fulton County urban-eligible tract,N,Eligible — not designated,33.7129259,-84.5234856,"Rev. Proc. 2026-14 appendix Non-rural (eligible, not entirely rural); urban/non-rural pack for Land Search Builder"
Atlanta,Georgia,Fulton,13121008000,Fulton County urban-eligible tract,N,Eligible — not designated,33.7245321,-84.4555814,"Rev. Proc. 2026-14 appendix Non-rural (eligible, not entirely rural); urban/non-rural pack for Land Search Builder"
Atlanta,Georgia,Fulton,13121008103,Fulton County urban-eligible tract,N,Eligible — not designated,33.7488172,-84.4829032,"Rev. Proc. 2026-14 appendix Non-rural (eligible, not entirely rural); urban/non-rural pack for Land Search Builder"
Atlanta,Georgia,Fulton,13121008104,Fulton County urban-eligible tract,N,Eligible — not designated,33.7442689,-84.4532032,"Rev. Proc. 2026-14 appendix Non-rural (eligible, not entirely rural); urban/non-rural pack for Land Search Builder"
Atlanta,Georgia,Fulton,13121008202,Fulton County urban-eligible tract,N,Eligible — not designated,33.7793369,-84.5210056,"Rev. Proc. 2026-14 appendix Non-rural (eligible, not entirely rural); urban/non-rural pack for Land Search Builder"
Atlanta,Georgia,Fulton,13121008204,Fulton County urban-eligible tract,N,Eligible — not designated,33.7664587,-84.4823073,"Rev. Proc. 2026-14 appendix Non-rural (eligible, not entirely rural); urban/non-rural pack for Land Search Builder"
Atlanta,Georgia,Fulton,13121008301,Fulton County urban-eligible tract,N,Eligible — not designated,33.764226,-84.4588619,"Rev. Proc. 2026-14 appendix Non-rural (eligible, not entirely rural); urban/non-rural pack for Land Search Builder"
Atlanta,Georgia,Fulton,13121008302,Fulton County urban-eligible tract,N,Eligible — not designated,33.7573898,-84.452286,"Rev. Proc. 2026-14 appendix Non-rural (eligible, not entirely rural); urban/non-rural pack for Land Search Builder"
Atlanta,Georgia,Fulton,13121008400,Fulton County urban-eligible tract,N,Eligible — not designated,33.7618564,-84.4355747,"Rev. Proc. 2026-14 appendix Non-rural (eligible, not entirely rural); urban/non-rural pack for Land Search Builder"
Atlanta,Georgia,Fulton,13121008500,Fulton County urban-eligible tract,N,Eligible — not designated,33.7757842,-84.4442592,"Rev. Proc. 2026-14 appendix Non-rural (eligible, not entirely rural); urban/non-rural pack for Land Search Builder"
Atlanta,Georgia,Fulton,13121008601,Fulton County urban-eligible tract,N,Eligible — not designated,33.7814707,-84.4661985,"Rev. Proc. 2026-14 appendix Non-rural (eligible, not entirely rural); urban/non-rural pack for Land Search Builder"
Atlanta,Georgia,Fulton,13121008602,Fulton County urban-eligible tract,N,Eligible — not designated,33.7928898,-84.4901297,"Rev. Proc. 2026-14 appendix Non-rural (eligible, not entirely rural); urban/non-rural pack for Land Search Builder"
Atlanta,Georgia,Fulton,13121008701,Fulton County urban-eligible tract,N,Eligible — not designated,33.7999736,-84.4727831,"Rev. Proc. 2026-14 appendix Non-rural (eligible, not entirely rural); urban/non-rural pack for Land Search Builder"
Atlanta,Georgia,Fulton,13121009201,Fulton County urban-eligible tract,N,Eligible — not designated,33.8163569,-84.350374,"Rev. Proc. 2026-14 appendix Non-rural (eligible, not entirely rural); urban/non-rural pack for Land Search Builder"
Atlanta,Georgia,Fulton,13121009405,Fulton County urban-eligible tract,N,Eligible — not designated,33.8210234,-84.3680894,"Rev. Proc. 2026-14 appendix Non-rural (eligible, not entirely rural); urban/non-rural pack for Land Search Builder"
Atlanta,Georgia,Fulton,13121009406,Fulton County urban-eligible tract,N,Eligible — not designated,33.823998,-84.3613019,"Rev. Proc. 2026-14 appendix Non-rural (eligible, not entirely rural); urban/non-rural pack for Land Search Builder"
Atlanta,Georgia,Fulton,13121009503,Fulton County urban-eligible tract,N,Eligible — not designated,33.8340409,-84.3857987,"Rev. Proc. 2026-14 appendix Non-rural (eligible, not entirely rural); urban/non-rural pack for Land Search Builder"
Atlanta,Georgia,Fulton,13121010124,Fulton County urban-eligible tract,N,Eligible — not designated,33.9947617,-84.3415935,"Rev. Proc. 2026-14 appendix Non-rural (eligible, not entirely rural); urban/non-rural pack for Land Search Builder"
Atlanta,Georgia,Fulton,13121010135,Fulton County urban-eligible tract,N,Eligible — not designated,33.975585,-84.3463793,"Rev. Proc. 2026-14 appendix Non-rural (eligible, not entirely rural); urban/non-rural pack for Land Search Builder"
Atlanta,Georgia,Fulton,13121010214,Fulton County urban-eligible tract,N,Eligible — not designated,33.9851391,-84.3547122,"Rev. Proc. 2026-14 appendix Non-rural (eligible, not entirely rural); urban/non-rural pack for Land Search Builder"
Atlanta,Georgia,Fulton,13121010508,Fulton County urban-eligible tract,N,Eligible — not designated,33.5919844,-84.4761686,"Rev. Proc. 2026-14 appendix Non-rural (eligible, not entirely rural); urban/non-rural pack for Land Search Builder"
Atlanta,Georgia,Fulton,13121010517,Fulton County urban-eligible tract,N,Eligible — not designated,33.5711359,-84.46516,"Rev. Proc. 2026-14 appendix Non-rural (eligible, not entirely rural); urban/non-rural pack for Land Search Builder"
Atlanta,Georgia,Fulton,13121010520,Fulton County urban-eligible tract,N,Eligible — not designated,33.565024,-84.6280662,"Rev. Proc. 2026-14 appendix Non-rural (eligible, not entirely rural); urban/non-rural pack for Land Search Builder"
Atlanta,Georgia,Fulton,13121010521,Fulton County urban-eligible tract,N,Eligible — not designated,33.6112995,-84.4679395,"Rev. Proc. 2026-14 appendix Non-rural (eligible, not entirely rural); urban/non-rural pack for Land Search Builder"
Atlanta,Georgia,Fulton,13121010522,Fulton County urban-eligible tract,N,Eligible — not designated,33.6099139,-84.480216,"Rev. Proc. 2026-14 appendix Non-rural (eligible, not entirely rural); urban/non-rural pack for Land Search Builder"
Atlanta,Georgia,Fulton,13121010523,Fulton County urban-eligible tract,N,Eligible — not designated,33.5930211,-84.539209,"Rev. Proc. 2026-14 appendix Non-rural (eligible, not entirely rural); urban/non-rural pack for Land Search Builder"
Atlanta,Georgia,Fulton,13121010524,Fulton County urban-eligible tract,N,Eligible — not designated,33.5758835,-84.5437711,"Rev. Proc. 2026-14 appendix Non-rural (eligible, not entirely rural); urban/non-rural pack for Land Search Builder"
Atlanta,Georgia,Fulton,13121010525,Fulton County urban-eligible tract,N,Eligible — not designated,33.5786965,-84.5274213,"Rev. Proc. 2026-14 appendix Non-rural (eligible, not entirely rural); urban/non-rural pack for Land Search Builder"
Atlanta,Georgia,Fulton,13121010527,Fulton County urban-eligible tract,N,Eligible — not designated,33.5834908,-84.5687568,"Rev. Proc. 2026-14 appendix Non-rural (eligible, not entirely rural); urban/non-rural pack for Land Search Builder"
Atlanta,Georgia,Fulton,13121010528,Fulton County urban-eligible tract,N,Eligible — not designated,33.5677486,-84.5568246,"Rev. Proc. 2026-14 appendix Non-rural (eligible, not entirely rural); urban/non-rural pack for Land Search Builder"
Atlanta,Georgia,Fulton,13121010533,Fulton County urban-eligible tract,N,Eligible — not designated,33.5717852,-84.5223247,"Rev. Proc. 2026-14 appendix Non-rural (eligible, not entirely rural); urban/non-rural pack for Land Search Builder"
Atlanta,Georgia,Fulton,13121010537,Fulton County urban-eligible tract,N,Eligible — not designated,33.5559839,-84.4728281,"Rev. Proc. 2026-14 appendix Non-rural (eligible, not entirely rural); urban/non-rural pack for Land Search Builder"
Atlanta,Georgia,Fulton,13121010603,Fulton County urban-eligible tract,N,Eligible — not designated,33.6454476,-84.4699348,"Rev. Proc. 2026-14 appendix Non-rural (eligible, not entirely rural); urban/non-rural pack for Land Search Builder"
Atlanta,Georgia,Fulton,13121010604,Fulton County urban-eligible tract,N,Eligible — not designated,33.6280183,-84.4730939,"Rev. Proc. 2026-14 appendix Non-rural (eligible, not entirely rural); urban/non-rural pack for Land Search Builder"
Atlanta,Georgia,Fulton,13121010801,Fulton County urban-eligible tract,N,Eligible — not designated,33.6606581,-84.413748,"Rev. Proc. 2026-14 appendix Non-rural (eligible, not entirely rural); urban/non-rural pack for Land Search Builder"
Atlanta,Georgia,Fulton,13121011000,Fulton County urban-eligible tract,N,Eligible — not designated,33.6742768,-84.4269861,"Rev. Proc. 2026-14 appendix Non-rural (eligible, not entirely rural); urban/non-rural pack for Land Search Builder"
Atlanta,Georgia,Fulton,13121011202,Fulton County urban-eligible tract,N,Eligible — not designated,33.6771978,-84.4503095,"Rev. Proc. 2026-14 appendix Non-rural (eligible, not entirely rural); urban/non-rural pack for Land Search Builder"
Atlanta,Georgia,Fulton,13121011203,Fulton County urban-eligible tract,N,Eligible — not designated,33.6923449,-84.4436883,"Rev. Proc. 2026-14 appendix Non-rural (eligible, not entirely rural); urban/non-rural pack for Land Search Builder"
Atlanta,Georgia,Fulton,13121011204,Fulton County urban-eligible tract,N,Eligible — not designated,33.7012461,-84.4433763,"Rev. Proc. 2026-14 appendix Non-rural (eligible, not entirely rural); urban/non-rural pack for Land Search Builder"
Atlanta,Georgia,Fulton,13121011306,Fulton County urban-eligible tract,N,Eligible — not designated,33.6389921,-84.50339,"Rev. Proc. 2026-14 appendix Non-rural (eligible, not entirely rural); urban/non-rural pack for Land Search Builder"
Atlanta,Georgia,Fulton,13121011307,Fulton County urban-eligible tract,N,Eligible — not designated,33.6517326,-84.4920253,"Rev. Proc. 2026-14 appendix Non-rural (eligible, not entirely rural); urban/non-rural pack for Land Search Builder"
Atlanta,Georgia,Fulton,13121011308,Fulton County urban-eligible tract,N,Eligible — not designated,33.6393684,-84.4885173,"Rev. Proc. 2026-14 appendix Non-rural (eligible, not entirely rural); urban/non-rural pack for Land Search Builder"
Atlanta,Georgia,Fulton,13121011310,Fulton County urban-eligible tract,N,Eligible — not designated,33.6690588,-84.4693599,"Rev. Proc. 2026-14 appendix Non-rural (eligible, not entirely rural); urban/non-rural pack for Land Search Builder"
Atlanta,Georgia,Fulton,13121011430,Fulton County urban-eligible tract,N,Eligible — not designated,34.027588,-84.3258303,"Rev. Proc. 2026-14 appendix Non-rural (eligible, not entirely rural); urban/non-rural pack for Land Search Builder"
Atlanta,Georgia,Fulton,13121011640,Fulton County urban-eligible tract,N,Eligible — not designated,34.0769205,-84.2789308,"Rev. Proc. 2026-14 appendix Non-rural (eligible, not entirely rural); urban/non-rural pack for Land Search Builder"
Atlanta,Georgia,Fulton,13121011802,Fulton County urban-eligible tract,N,Eligible — not designated,33.7685312,-84.4066012,"Rev. Proc. 2026-14 appendix Non-rural (eligible, not entirely rural); urban/non-rural pack for Land Search Builder"
Atlanta,Georgia,Fulton,13121011901,Fulton County urban-eligible tract,N,Eligible — not designated,33.7542232,-84.3854641,"Rev. Proc. 2026-14 appendix Non-rural (eligible, not entirely rural); urban/non-rural pack for Land Search Builder"
Atlanta,Georgia,Fulton,13121011902,Fulton County urban-eligible tract,N,Eligible — not designated,33.7525042,-84.3723874,"Rev. Proc. 2026-14 appendix Non-rural (eligible, not entirely rural); urban/non-rural pack for Land Search Builder"
Atlanta,Georgia,Fulton,13121012000,Fulton County urban-eligible tract,N,Eligible — not designated,33.7359393,-84.3929978,"Rev. Proc. 2026-14 appendix Non-rural (eligible, not entirely rural); urban/non-rural pack for Land Search Builder"
Atlanta,Georgia,Gwinnett,13135050110,Gwinnett County urban-eligible tract,N,Eligible — not designated,34.1413317,-84.025886,"Rev. Proc. 2026-14 appendix Non-rural (eligible, not entirely rural); urban/non-rural pack for Land Search Builder"
Atlanta,Georgia,Gwinnett,13135050111,Gwinnett County urban-eligible tract,N,Eligible — not designated,34.121051,-84.0126442,"Rev. Proc. 2026-14 appendix Non-rural (eligible, not entirely rural); urban/non-rural pack for Land Search Builder"
Atlanta,Georgia,Gwinnett,13135050118,Gwinnett County urban-eligible tract,N,Eligible — not designated,34.0970318,-84.0588883,"Rev. Proc. 2026-14 appendix Non-rural (eligible, not entirely rural); urban/non-rural pack for Land Search Builder"
Atlanta,Georgia,Gwinnett,13135050215,Gwinnett County urban-eligible tract,N,Eligible — not designated,33.9656651,-84.1142632,"Rev. Proc. 2026-14 appendix Non-rural (eligible, not entirely rural); urban/non-rural pack for Land Search Builder"
Atlanta,Georgia,Gwinnett,13135050218,Gwinnett County urban-eligible tract,N,Eligible — not designated,33.9884597,-84.1405441,"Rev. Proc. 2026-14 appendix Non-rural (eligible, not entirely rural); urban/non-rural pack for Land Search Builder"
Atlanta,Georgia,Gwinnett,13135050223,Gwinnett County urban-eligible tract,N,Eligible — not designated,34.0488255,-84.0840235,"Rev. Proc. 2026-14 appendix Non-rural (eligible, not entirely rural); urban/non-rural pack for Land Search Builder"
Atlanta,Georgia,Gwinnett,13135050228,Gwinnett County urban-eligible tract,N,Eligible — not designated,33.9831039,-84.1646254,"Rev. Proc. 2026-14 appendix Non-rural (eligible, not entirely rural); urban/non-rural pack for Land Search Builder"
Atlanta,Georgia,Gwinnett,13135050229,Gwinnett County urban-eligible tract,N,Eligible — not designated,33.9512944,-84.1428583,"Rev. Proc. 2026-14 appendix Non-rural (eligible, not entirely rural); urban/non-rural pack for Land Search Builder"
Atlanta,Georgia,Gwinnett,13135050230,Gwinnett County urban-eligible tract,N,Eligible — not designated,33.9577176,-84.1523612,"Rev. Proc. 2026-14 appendix Non-rural (eligible, not entirely rural); urban/non-rural pack for Land Search Builder"
Atlanta,Georgia,Gwinnett,13135050306,Gwinnett County urban-eligible tract,N,Eligible — not designated,33.9279854,-84.2300326,"Rev. Proc. 2026-14 appendix Non-rural (eligible, not entirely rural); urban/non-rural pack for Land Search Builder"
Atlanta,Georgia,Gwinnett,13135050317,Gwinnett County urban-eligible tract,N,Eligible — not designated,33.9463722,-84.2420397,"Rev. Proc. 2026-14 appendix Non-rural (eligible, not entirely rural); urban/non-rural pack for Land Search Builder"
Atlanta,Georgia,Gwinnett,13135050318,Gwinnett County urban-eligible tract,N,Eligible — not designated,33.9545355,-84.2473775,"Rev. Proc. 2026-14 appendix Non-rural (eligible, not entirely rural); urban/non-rural pack for Land Search Builder"
Atlanta,Georgia,Gwinnett,13135050326,Gwinnett County urban-eligible tract,N,Eligible — not designated,33.940082,-84.181574,"Rev. Proc. 2026-14 appendix Non-rural (eligible, not entirely rural); urban/non-rural pack for Land Search Builder"
Atlanta,Georgia,Gwinnett,13135050327,Gwinnett County urban-eligible tract,N,Eligible — not designated,33.9367176,-84.1992781,"Rev. Proc. 2026-14 appendix Non-rural (eligible, not entirely rural); urban/non-rural pack for Land Search Builder"
Atlanta,Georgia,Gwinnett,13135050328,Gwinnett County urban-eligible tract,N,Eligible — not designated,33.9333213,-84.1881364,"Rev. Proc. 2026-14 appendix Non-rural (eligible, not entirely rural); urban/non-rural pack for Land Search Builder"
Atlanta,Georgia,Gwinnett,13135050329,Gwinnett County urban-eligible tract,N,Eligible — not designated,33.9179111,-84.2039108,"Rev. Proc. 2026-14 appendix Non-rural (eligible, not entirely rural); urban/non-rural pack for Land Search Builder"
Atlanta,Georgia,Gwinnett,13135050330,Gwinnett County urban-eligible tract,N,Eligible — not designated,33.9313096,-84.2095382,"Rev. Proc. 2026-14 appendix Non-rural (eligible, not entirely rural); urban/non-rural pack for Land Search Builder"
Atlanta,Georgia,Gwinnett,13135050333,Gwinnett County urban-eligible tract,N,Eligible — not designated,33.9501996,-84.1612915,"Rev. Proc. 2026-14 appendix Non-rural (eligible, not entirely rural); urban/non-rural pack for Land Search Builder"
Atlanta,Georgia,Gwinnett,13135050334,Gwinnett County urban-eligible tract,N,Eligible — not designated,33.9590034,-84.1666163,"Rev. Proc. 2026-14 appendix Non-rural (eligible, not entirely rural); urban/non-rural pack for Land Search Builder"
Atlanta,Georgia,Gwinnett,13135050433,Gwinnett County urban-eligible tract,N,Eligible — not designated,33.8829632,-84.2069183,"Rev. Proc. 2026-14 appendix Non-rural (eligible, not entirely rural); urban/non-rural pack for Land Search Builder"
Atlanta,Georgia,Gwinnett,13135050435,Gwinnett County urban-eligible tract,N,Eligible — not designated,33.9041168,-84.1351617,"Rev. Proc. 2026-14 appendix Non-rural (eligible, not entirely rural); urban/non-rural pack for Land Search Builder"
Atlanta,Georgia,Gwinnett,13135050437,Gwinnett County urban-eligible tract,N,Eligible — not designated,33.913775,-84.1945155,"Rev. Proc. 2026-14 appendix Non-rural (eligible, not entirely rural); urban/non-rural pack for Land Search Builder"
Atlanta,Georgia,Gwinnett,13135050438,Gwinnett County urban-eligible tract,N,Eligible — not designated,33.9160654,-84.1743587,"Rev. Proc. 2026-14 appendix Non-rural (eligible, not entirely rural); urban/non-rural pack for Land Search Builder"
Atlanta,Georgia,Gwinnett,13135050439,Gwinnett County urban-eligible tract,N,Eligible — not designated,33.9372137,-84.143614,"Rev. Proc. 2026-14 appendix Non-rural (eligible, not entirely rural); urban/non-rural pack for Land Search Builder"
Atlanta,Georgia,Gwinnett,13135050440,Gwinnett County urban-eligible tract,N,Eligible — not designated,33.9179202,-84.1251258,"Rev. Proc. 2026-14 appendix Non-rural (eligible, not entirely rural); urban/non-rural pack for Land Search Builder"
Atlanta,Georgia,Gwinnett,13135050441,Gwinnett County urban-eligible tract,N,Eligible — not designated,33.9108331,-84.1107813,"Rev. Proc. 2026-14 appendix Non-rural (eligible, not entirely rural); urban/non-rural pack for Land Search Builder"
Atlanta,Georgia,Gwinnett,13135050445,Gwinnett County urban-eligible tract,N,Eligible — not designated,33.8942009,-84.2040431,"Rev. Proc. 2026-14 appendix Non-rural (eligible, not entirely rural); urban/non-rural pack for Land Search Builder"
Atlanta,Georgia,Gwinnett,13135050446,Gwinnett County urban-eligible tract,N,Eligible — not designated,33.8864402,-84.1980905,"Rev. Proc. 2026-14 appendix Non-rural (eligible, not entirely rural); urban/non-rural pack for Land Search Builder"
Atlanta,Georgia,Gwinnett,13135050447,Gwinnett County urban-eligible tract,N,Eligible — not designated,33.9077997,-84.163886,"Rev. Proc. 2026-14 appendix Non-rural (eligible, not entirely rural); urban/non-rural pack for Land Search Builder"
Atlanta,Georgia,Gwinnett,13135050448,Gwinnett County urban-eligible tract,N,Eligible — not designated,33.9040686,-84.1712728,"Rev. Proc. 2026-14 appendix Non-rural (eligible, not entirely rural); urban/non-rural pack for Land Search Builder"
Atlanta,Georgia,Gwinnett,13135050449,Gwinnett County urban-eligible tract,N,Eligible — not designated,33.8995271,-84.1971089,"Rev. Proc. 2026-14 appendix Non-rural (eligible, not entirely rural); urban/non-rural pack for Land Search Builder"
Atlanta,Georgia,Gwinnett,13135050451,Gwinnett County urban-eligible tract,N,Eligible — not designated,33.8980135,-84.2152408,"Rev. Proc. 2026-14 appendix Non-rural (eligible, not entirely rural); urban/non-rural pack for Land Search Builder"
Atlanta,Georgia,Gwinnett,13135050452,Gwinnett County urban-eligible tract,N,Eligible — not designated,33.9062732,-84.2127315,"Rev. Proc. 2026-14 appendix Non-rural (eligible, not entirely rural); urban/non-rural pack for Land Search Builder"
Atlanta,Georgia,Gwinnett,13135050453,Gwinnett County urban-eligible tract,N,Eligible — not designated,33.9280387,-84.1569077,"Rev. Proc. 2026-14 appendix Non-rural (eligible, not entirely rural); urban/non-rural pack for Land Search Builder"
Atlanta,Georgia,Gwinnett,13135050454,Gwinnett County urban-eligible tract,N,Eligible — not designated,33.9107284,-84.145978,"Rev. Proc. 2026-14 appendix Non-rural (eligible, not entirely rural); urban/non-rural pack for Land Search Builder"
Atlanta,Georgia,Gwinnett,13135050455,Gwinnett County urban-eligible tract,N,Eligible — not designated,33.8919648,-84.2165433,"Rev. Proc. 2026-14 appendix Non-rural (eligible, not entirely rural); urban/non-rural pack for Land Search Builder"
Atlanta,Georgia,Gwinnett,13135050459,Gwinnett County urban-eligible tract,N,Eligible — not designated,33.8875942,-84.1470789,"Rev. Proc. 2026-14 appendix Non-rural (eligible, not entirely rural); urban/non-rural pack for Land Search Builder"
Atlanta,Georgia,Gwinnett,13135050460,Gwinnett County urban-eligible tract,N,Eligible — not designated,33.9006469,-84.156586,"Rev. Proc. 2026-14 appendix Non-rural (eligible, not entirely rural); urban/non-rural pack for Land Search Builder"
Atlanta,Georgia,Gwinnett,13135050463,Gwinnett County urban-eligible tract,N,Eligible — not designated,33.876329,-84.197881,"Rev. Proc. 2026-14 appendix Non-rural (eligible, not entirely rural); urban/non-rural pack for Land Search Builder"
Atlanta,Georgia,Gwinnett,13135050466,Gwinnett County urban-eligible tract,N,Eligible — not designated,33.8456633,-84.1371356,"Rev. Proc. 2026-14 appendix Non-rural (eligible, not entirely rural); urban/non-rural pack for Land Search Builder"
Atlanta,Georgia,Gwinnett,13135050522,Gwinnett County urban-eligible tract,N,Eligible — not designated,33.9360173,-83.9729275,"Rev. Proc. 2026-14 appendix Non-rural (eligible, not entirely rural); urban/non-rural pack for Land Search Builder"
Atlanta,Georgia,Gwinnett,13135050526,Gwinnett County urban-eligible tract,N,Eligible — not designated,33.9365938,-84.1239429,"Rev. Proc. 2026-14 appendix Non-rural (eligible, not entirely rural); urban/non-rural pack for Land Search Builder"
Atlanta,Georgia,Gwinnett,13135050537,Gwinnett County urban-eligible tract,N,Eligible — not designated,33.9575913,-84.0974519,"Rev. Proc. 2026-14 appendix Non-rural (eligible, not entirely rural); urban/non-rural pack for Land Search Builder"
Atlanta,Georgia,Gwinnett,13135050539,Gwinnett County urban-eligible tract,N,Eligible — not designated,33.9440834,-84.0930633,"Rev. Proc. 2026-14 appendix Non-rural (eligible, not entirely rural); urban/non-rural pack for Land Search Builder"
Atlanta,Georgia,Gwinnett,13135050541,Gwinnett County urban-eligible tract,N,Eligible — not designated,33.9477158,-84.1068074,"Rev. Proc. 2026-14 appendix Non-rural (eligible, not entirely rural); urban/non-rural pack for Land Search Builder"
Atlanta,Georgia,Gwinnett,13135050542,Gwinnett County urban-eligible tract,N,Eligible — not designated,33.9495818,-84.1250112,"Rev. Proc. 2026-14 appendix Non-rural (eligible, not entirely rural); urban/non-rural pack for Land Search Builder"
Atlanta,Georgia,Gwinnett,13135050559,Gwinnett County urban-eligible tract,N,Eligible — not designated,33.9365324,-84.0496314,"Rev. Proc. 2026-14 appendix Non-rural (eligible, not entirely rural); urban/non-rural pack for Land Search Builder"
Atlanta,Georgia,Gwinnett,13135050561,Gwinnett County urban-eligible tract,N,Eligible — not designated,33.9667345,-84.0816145,"Rev. Proc. 2026-14 appendix Non-rural (eligible, not entirely rural); urban/non-rural pack for Land Search Builder"
Atlanta,Georgia,Gwinnett,13135050562,Gwinnett County urban-eligible tract,N,Eligible — not designated,33.9670763,-84.0519796,"Rev. Proc. 2026-14 appendix Non-rural (eligible, not entirely rural); urban/non-rural pack for Land Search Builder"
Atlanta,Georgia,Gwinnett,13135050563,Gwinnett County urban-eligible tract,N,Eligible — not designated,33.9846735,-83.9995213,"Rev. Proc. 2026-14 appendix Non-rural (eligible, not entirely rural); urban/non-rural pack for Land Search Builder"
Atlanta,Georgia,Gwinnett,13135050564,Gwinnett County urban-eligible tract,N,Eligible — not designated,33.9706656,-84.0046304,"Rev. Proc. 2026-14 appendix Non-rural (eligible, not entirely rural); urban/non-rural pack for Land Search Builder"
Atlanta,Georgia,Gwinnett,13135050567,Gwinnett County urban-eligible tract,N,Eligible — not designated,33.919406,-84.0591504,"Rev. Proc. 2026-14 appendix Non-rural (eligible, not entirely rural); urban/non-rural pack for Land Search Builder"
Atlanta,Georgia,Gwinnett,13135050568,Gwinnett County urban-eligible tract,N,Eligible — not designated,33.9202709,-84.0408674,"Rev. Proc. 2026-14 appendix Non-rural (eligible, not entirely rural); urban/non-rural pack for Land Search Builder"
Atlanta,Georgia,Gwinnett,13135050569,Gwinnett County urban-eligible tract,N,Eligible — not designated,33.9649461,-83.9741376,"Rev. Proc. 2026-14 appendix Non-rural (eligible, not entirely rural); urban/non-rural pack for Land Search Builder"
Atlanta,Georgia,Gwinnett,13135050574,Gwinnett County urban-eligible tract,N,Eligible — not designated,33.9698602,-84.0288072,"Rev. Proc. 2026-14 appendix Non-rural (eligible, not entirely rural); urban/non-rural pack for Land Search Builder"
Atlanta,Georgia,Gwinnett,13135050576,Gwinnett County urban-eligible tract,N,Eligible — not designated,33.9371631,-84.10126,"Rev. Proc. 2026-14 appendix Non-rural (eligible, not entirely rural); urban/non-rural pack for Land Search Builder"
Atlanta,Georgia,Gwinnett,13135050577,Gwinnett County urban-eligible tract,N,Eligible — not designated,33.9331507,-84.1102185,"Rev. Proc. 2026-14 appendix Non-rural (eligible, not entirely rural); urban/non-rural pack for Land Search Builder"
Atlanta,Georgia,Gwinnett,13135050631,Gwinnett County urban-eligible tract,N,Eligible — not designated,34.1092645,-83.954523,"Rev. Proc. 2026-14 appendix Non-rural (eligible, not entirely rural); urban/non-rural pack for Land Search Builder"
Atlanta,Georgia,Gwinnett,13135050633,Gwinnett County urban-eligible tract,N,Eligible — not designated,34.066248,-83.9719624,"Rev. Proc. 2026-14 appendix Non-rural (eligible, not entirely rural); urban/non-rural pack for Land Search Builder"
Atlanta,Georgia,Gwinnett,13135050733,Gwinnett County urban-eligible tract,N,Eligible — not designated,33.7809343,-84.0532826,"Rev. Proc. 2026-14 appendix Non-rural (eligible, not entirely rural); urban/non-rural pack for Land Search Builder"
Atlanta,Georgia,Gwinnett,13135050748,Gwinnett County urban-eligible tract,N,Eligible — not designated,33.8660796,-83.9210692,"Rev. Proc. 2026-14 appendix Non-rural (eligible, not entirely rural); urban/non-rural pack for Land Search Builder"
Atlanta,Georgia,Gwinnett,13135050763,Gwinnett County urban-eligible tract,N,Eligible — not designated,33.8611974,-84.038097,"Rev. Proc. 2026-14 appendix Non-rural (eligible, not entirely rural); urban/non-rural pack for Land Search Builder"
Atlanta,Georgia,Henry,13151070113,Henry County urban-eligible tract,N,Eligible — not designated,33.54766,-84.2260175,"Rev. Proc. 2026-14 appendix Non-rural (eligible, not entirely rural); urban/non-rural pack for Land Search Builder"
Atlanta,Georgia,Henry,13151070114,Henry County urban-eligible tract,N,Eligible — not designated,33.5176644,-84.2114684,"Rev. Proc. 2026-14 appendix Non-rural (eligible, not entirely rural); urban/non-rural pack for Land Search Builder"
Atlanta,Georgia,Henry,13151070115,Henry County urban-eligible tract,N,Eligible — not designated,33.5361415,-84.2736858,"Rev. Proc. 2026-14 appendix Non-rural (eligible, not entirely rural); urban/non-rural pack for Land Search Builder"
Atlanta,Georgia,Henry,13151070117,Henry County urban-eligible tract,N,Eligible — not designated,33.5786543,-84.1963659,"Rev. Proc. 2026-14 appendix Non-rural (eligible, not entirely rural); urban/non-rural pack for Land Search Builder"
Atlanta,Georgia,Henry,13151070119,Henry County urban-eligible tract,N,Eligible — not designated,33.5381549,-84.2531096,"Rev. Proc. 2026-14 appendix Non-rural (eligible, not entirely rural); urban/non-rural pack for Land Search Builder"
Atlanta,Georgia,Henry,13151070123,Henry County urban-eligible tract,N,Eligible — not designated,33.507166,-84.2481076,"Rev. Proc. 2026-14 appendix Non-rural (eligible, not entirely rural); urban/non-rural pack for Land Search Builder"
Atlanta,Georgia,Henry,13151070126,Henry County urban-eligible tract,N,Eligible — not designated,33.5677237,-84.2500216,"Rev. Proc. 2026-14 appendix Non-rural (eligible, not entirely rural); urban/non-rural pack for Land Search Builder"
Atlanta,Georgia,Henry,13151070211,Henry County urban-eligible tract,N,Eligible — not designated,33.5108812,-84.1630005,"Rev. Proc. 2026-14 appendix Non-rural (eligible, not entirely rural); urban/non-rural pack for Land Search Builder"
Atlanta,Georgia,Henry,13151070320,Henry County urban-eligible tract,N,Eligible — not designated,33.4267895,-84.2004673,"Rev. Proc. 2026-14 appendix Non-rural (eligible, not entirely rural); urban/non-rural pack for Land Search Builder"
Atlanta,Georgia,Henry,13151070322,Henry County urban-eligible tract,N,Eligible — not designated,33.4487688,-84.1905096,"Rev. Proc. 2026-14 appendix Non-rural (eligible, not entirely rural); urban/non-rural pack for Land Search Builder"
Atlanta,Georgia,Henry,13151070323,Henry County urban-eligible tract,N,Eligible — not designated,33.4411545,-84.165698,"Rev. Proc. 2026-14 appendix Non-rural (eligible, not entirely rural); urban/non-rural pack for Land Search Builder"
Atlanta,Georgia,Henry,13151070324,Henry County urban-eligible tract,N,Eligible — not designated,33.431019,-84.1524302,"Rev. Proc. 2026-14 appendix Non-rural (eligible, not entirely rural); urban/non-rural pack for Land Search Builder"
Atlanta,Georgia,Henry,13151070408,Henry County urban-eligible tract,N,Eligible — not designated,33.413583,-84.0518933,"Rev. Proc. 2026-14 appendix Non-rural (eligible, not entirely rural); urban/non-rural pack for Land Search Builder"
Atlanta,Georgia,Newton,13217100503,Newton County urban-eligible tract,N,Eligible — not designated,33.5854318,-83.9582934,"Rev. Proc. 2026-14 appendix Non-rural (eligible, not entirely rural); urban/non-rural pack for Land Search Builder"
Atlanta,Georgia,Newton,13217100504,Newton County urban-eligible tract,N,Eligible — not designated,33.6044185,-83.961594,"Rev. Proc. 2026-14 appendix Non-rural (eligible, not entirely rural); urban/non-rural pack for Land Search Builder"
Atlanta,Georgia,Newton,13217100506,Newton County urban-eligible tract,N,Eligible — not designated,33.5999686,-83.9107196,"Rev. Proc. 2026-14 appendix Non-rural (eligible, not entirely rural); urban/non-rural pack for Land Search Builder"
Atlanta,Georgia,Newton,13217100600,Newton County urban-eligible tract,N,Eligible — not designated,33.5514224,-83.8899947,"Rev. Proc. 2026-14 appendix Non-rural (eligible, not entirely rural); urban/non-rural pack for Land Search Builder"
Atlanta,Georgia,Newton,13217100701,Newton County urban-eligible tract,N,Eligible — not designated,33.5818308,-83.8613016,"Rev. Proc. 2026-14 appendix Non-rural (eligible, not entirely rural); urban/non-rural pack for Land Search Builder"
Atlanta,Georgia,Newton,13217100702,Newton County urban-eligible tract,N,Eligible — not designated,33.539994,-83.8549703,"Rev. Proc. 2026-14 appendix Non-rural (eligible, not entirely rural); urban/non-rural pack for Land Search Builder"
Atlanta,Georgia,Paulding,13223120304,Paulding County urban-eligible tract,N,Eligible — not designated,33.9395274,-84.8833139,"Rev. Proc. 2026-14 appendix Non-rural (eligible, not entirely rural); urban/non-rural pack for Land Search Builder"
Atlanta,Georgia,Paulding,13223120307,Paulding County urban-eligible tract,N,Eligible — not designated,33.905685,-84.8522029,"Rev. Proc. 2026-14 appendix Non-rural (eligible, not entirely rural); urban/non-rural pack for Land Search Builder"
Atlanta,Georgia,Rockdale,13247060104,Rockdale County urban-eligible tract,N,Eligible — not designated,33.6943728,-83.9389452,"Rev. Proc. 2026-14 appendix Non-rural (eligible, not entirely rural); urban/non-rural pack for Land Search Builder"
Atlanta,Georgia,Rockdale,13247060201,Rockdale County urban-eligible tract,N,Eligible — not designated,33.7032625,-84.0517635,"Rev. Proc. 2026-14 appendix Non-rural (eligible, not entirely rural); urban/non-rural pack for Land Search Builder"
Atlanta,Georgia,Rockdale,13247060203,Rockdale County urban-eligible tract,N,Eligible — not designated,33.6638079,-84.0691373,"Rev. Proc. 2026-14 appendix Non-rural (eligible, not entirely rural); urban/non-rural pack for Land Search Builder"
Atlanta,Georgia,Rockdale,13247060305,Rockdale County urban-eligible tract,N,Eligible — not designated,33.6579388,-83.9777256,"Rev. Proc. 2026-14 appendix Non-rural (eligible, not entirely rural); urban/non-rural pack for Land Search Builder"
Atlanta,Georgia,Rockdale,13247060314,Rockdale County urban-eligible tract,N,Eligible — not designated,33.6214455,-83.9854182,"Rev. Proc. 2026-14 appendix Non-rural (eligible, not entirely rural); urban/non-rural pack for Land Search Builder"
Atlanta,Georgia,Rockdale,13247060318,Rockdale County urban-eligible tract,N,Eligible — not designated,33.6819856,-84.0149885,"Rev. Proc. 2026-14 appendix Non-rural (eligible, not entirely rural); urban/non-rural pack for Land Search Builder"
Tampa,Florida,Hillsborough,12057000101,Hillsborough County urban-eligible tract,N,Eligible — not designated,28.0484773,-82.4131381,"Rev. Proc. 2026-14 appendix Non-rural (eligible, not entirely rural); urban/non-rural pack for Land Search Builder"
Tampa,Florida,Hillsborough,12057000102,Hillsborough County urban-eligible tract,N,Eligible — not designated,28.0380365,-82.4109883,"Rev. Proc. 2026-14 appendix Non-rural (eligible, not entirely rural); urban/non-rural pack for Land Search Builder"
Tampa,Florida,Hillsborough,12057000201,Hillsborough County urban-eligible tract,N,Eligible — not designated,28.0515195,-82.4466455,"Rev. Proc. 2026-14 appendix Non-rural (eligible, not entirely rural); urban/non-rural pack for Land Search Builder"
Tampa,Florida,Hillsborough,12057000202,Hillsborough County urban-eligible tract,N,Eligible — not designated,28.0478249,-82.4330986,"Rev. Proc. 2026-14 appendix Non-rural (eligible, not entirely rural); urban/non-rural pack for Land Search Builder"
Tampa,Florida,Hillsborough,12057000301,Hillsborough County urban-eligible tract,N,Eligible — not designated,28.0377654,-82.4439828,"Rev. Proc. 2026-14 appendix Non-rural (eligible, not entirely rural); urban/non-rural pack for Land Search Builder"
Tampa,Florida,Hillsborough,12057000302,Hillsborough County urban-eligible tract,N,Eligible — not designated,28.0384194,-82.4325742,"Rev. Proc. 2026-14 appendix Non-rural (eligible, not entirely rural); urban/non-rural pack for Land Search Builder"
Tampa,Florida,Hillsborough,12057000402,Hillsborough County urban-eligible tract,N,Eligible — not designated,28.0381828,-82.4594723,"Rev. Proc. 2026-14 appendix Non-rural (eligible, not entirely rural); urban/non-rural pack for Land Search Builder"
Tampa,Florida,Hillsborough,12057000601,Hillsborough County urban-eligible tract,N,Eligible — not designated,28.0295881,-82.4765398,"Rev. Proc. 2026-14 appendix Non-rural (eligible, not entirely rural); urban/non-rural pack for Land Search Builder"
Tampa,Florida,Hillsborough,12057000602,Hillsborough County urban-eligible tract,N,Eligible — not designated,28.0290218,-82.4595138,"Rev. Proc. 2026-14 appendix Non-rural (eligible, not entirely rural); urban/non-rural pack for Land Search Builder"
Tampa,Florida,Hillsborough,12057000701,Hillsborough County urban-eligible tract,N,Eligible — not designated,28.0277315,-82.4456524,"Rev. Proc. 2026-14 appendix Non-rural (eligible, not entirely rural); urban/non-rural pack for Land Search Builder"
Tampa,Florida,Hillsborough,12057000702,Hillsborough County urban-eligible tract,N,Eligible — not designated,28.0205121,-82.4429772,"Rev. Proc. 2026-14 appendix Non-rural (eligible, not entirely rural); urban/non-rural pack for Land Search Builder"
Tampa,Florida,Hillsborough,12057000800,Hillsborough County urban-eligible tract,N,Eligible — not designated,28.0272386,-82.435662,"Rev. Proc. 2026-14 appendix Non-rural (eligible, not entirely rural); urban/non-rural pack for Land Search Builder"
Tampa,Florida,Hillsborough,12057000901,Hillsborough County urban-eligible tract,N,Eligible — not designated,28.0289804,-82.4108652,"Rev. Proc. 2026-14 appendix Non-rural (eligible, not entirely rural); urban/non-rural pack for Land Search Builder"
Tampa,Florida,Hillsborough,12057000902,Hillsborough County urban-eligible tract,N,Eligible — not designated,28.0242562,-82.4065185,"Rev. Proc. 2026-14 appendix Non-rural (eligible, not entirely rural); urban/non-rural pack for Land Search Builder"
Tampa,Florida,Hillsborough,12057001001,Hillsborough County urban-eligible tract,N,Eligible — not designated,28.0177786,-82.4274642,"Rev. Proc. 2026-14 appendix Non-rural (eligible, not entirely rural); urban/non-rural pack for Land Search Builder"
Tampa,Florida,Hillsborough,12057001002,Hillsborough County urban-eligible tract,N,Eligible — not designated,28.0023042,-82.4172624,"Rev. Proc. 2026-14 appendix Non-rural (eligible, not entirely rural); urban/non-rural pack for Land Search Builder"
Tampa,Florida,Hillsborough,12057001100,Hillsborough County urban-eligible tract,N,Eligible — not designated,28.0133973,-82.446001,"Rev. Proc. 2026-14 appendix Non-rural (eligible, not entirely rural); urban/non-rural pack for Land Search Builder"
Tampa,Florida,Hillsborough,12057001200,Hillsborough County urban-eligible tract,N,Eligible — not designated,28.0156612,-82.4586636,"Rev. Proc. 2026-14 appendix Non-rural (eligible, not entirely rural); urban/non-rural pack for Land Search Builder"
Tampa,Florida,Hillsborough,12057001800,Hillsborough County urban-eligible tract,N,Eligible — not designated,27.9900018,-82.4131115,"Rev. Proc. 2026-14 appendix Non-rural (eligible, not entirely rural); urban/non-rural pack for Land Search Builder"
Tampa,Florida,Hillsborough,12057002000,Hillsborough County urban-eligible tract,N,Eligible — not designated,27.9891174,-82.4393627,"Rev. Proc. 2026-14 appendix Non-rural (eligible, not entirely rural); urban/non-rural pack for Land Search Builder"
Tampa,Florida,Hillsborough,12057002400,Hillsborough County urban-eligible tract,N,Eligible — not designated,27.9895135,-82.4774143,"Rev. Proc. 2026-14 appendix Non-rural (eligible, not entirely rural); urban/non-rural pack for Land Search Builder"
Tampa,Florida,Hillsborough,12057002500,Hillsborough County urban-eligible tract,N,Eligible — not designated,27.9859443,-82.4916414,"Rev. Proc. 2026-14 appendix Non-rural (eligible, not entirely rural); urban/non-rural pack for Land Search Builder"
Tampa,Florida,Hillsborough,12057002600,Hillsborough County urban-eligible tract,N,Eligible — not designated,27.9806033,-82.5129537,"Rev. Proc. 2026-14 appendix Non-rural (eligible, not entirely rural); urban/non-rural pack for Land Search Builder"
Tampa,Florida,Hillsborough,12057003000,Hillsborough County urban-eligible tract,N,Eligible — not designated,27.9733689,-82.4535125,"Rev. Proc. 2026-14 appendix Non-rural (eligible, not entirely rural); urban/non-rural pack for Land Search Builder"
Tampa,Florida,Hillsborough,12057003100,Hillsborough County urban-eligible tract,N,Eligible — not designated,27.9773534,-82.4436539,"Rev. Proc. 2026-14 appendix Non-rural (eligible, not entirely rural); urban/non-rural pack for Land Search Builder"
Tampa,Florida,Hillsborough,12057003200,Hillsborough County urban-eligible tract,N,Eligible — not designated,27.9696227,-82.4470814,"Rev. Proc. 2026-14 appendix Non-rural (eligible, not entirely rural); urban/non-rural pack for Land Search Builder"
Tampa,Florida,Hillsborough,12057003300,Hillsborough County urban-eligible tract,N,Eligible — not designated,27.9697247,-82.4389002,"Rev. Proc. 2026-14 appendix Non-rural (eligible, not entirely rural); urban/non-rural pack for Land Search Builder"
Tampa,Florida,Hillsborough,12057003400,Hillsborough County urban-eligible tract,N,Eligible — not designated,27.977831,-82.4264086,"Rev. Proc. 2026-14 appendix Non-rural (eligible, not entirely rural); urban/non-rural pack for Land Search Builder"
Tampa,Florida,Hillsborough,12057003500,Hillsborough County urban-eligible tract,N,Eligible — not designated,27.9687918,-82.426859,"Rev. Proc. 2026-14 appendix Non-rural (eligible, not entirely rural); urban/non-rural pack for Land Search Builder"
Tampa,Florida,Hillsborough,12057003600,Hillsborough County urban-eligible tract,N,Eligible — not designated,27.9771191,-82.4037453,"Rev. Proc. 2026-14 appendix Non-rural (eligible, not entirely rural); urban/non-rural pack for Land Search Builder"
Tampa,Florida,Hillsborough,12057003700,Hillsborough County urban-eligible tract,N,Eligible — not designated,27.9572549,-82.3894916,"Rev. Proc. 2026-14 appendix Non-rural (eligible, not entirely rural); urban/non-rural pack for Land Search Builder"
Tampa,Florida,Hillsborough,12057004100,Hillsborough County urban-eligible tract,N,Eligible — not designated,27.9625015,-82.4566189,"Rev. Proc. 2026-14 appendix Non-rural (eligible, not entirely rural); urban/non-rural pack for Land Search Builder"
Tampa,Florida,Hillsborough,12057004300,Hillsborough County urban-eligible tract,N,Eligible — not designated,27.9602984,-82.4711251,"Rev. Proc. 2026-14 appendix Non-rural (eligible, not entirely rural); urban/non-rural pack for Land Search Builder"
Tampa,Florida,Hillsborough,12057004400,Hillsborough County urban-eligible tract,N,Eligible — not designated,27.9615054,-82.4807919,"Rev. Proc. 2026-14 appendix Non-rural (eligible, not entirely rural); urban/non-rural pack for Land Search Builder"
Tampa,Florida,Hillsborough,12057005000,Hillsborough County urban-eligible tract,N,Eligible — not designated,27.9479042,-82.4706974,"Rev. Proc. 2026-14 appendix Non-rural (eligible, not entirely rural); urban/non-rural pack for Land Search Builder"
Tampa,Florida,Hillsborough,12057006600,Hillsborough County urban-eligible tract,N,Eligible — not designated,27.9030008,-82.5091277,"Rev. Proc. 2026-14 appendix Non-rural (eligible, not entirely rural); urban/non-rural pack for Land Search Builder"
Tampa,Florida,Hillsborough,12057007001,Hillsborough County urban-eligible tract,N,Eligible — not designated,27.884286,-82.5134113,"Rev. Proc. 2026-14 appendix Non-rural (eligible, not entirely rural); urban/non-rural pack for Land Search Builder"
Tampa,Florida,Hillsborough,12057010106,Hillsborough County urban-eligible tract,N,Eligible — not designated,28.0529254,-82.1582515,"Rev. Proc. 2026-14 appendix Non-rural (eligible, not entirely rural); urban/non-rural pack for Land Search Builder"
Tampa,Florida,Hillsborough,12057010107,Hillsborough County urban-eligible tract,N,Eligible — not designated,28.0591352,-82.1108918,"Rev. Proc. 2026-14 appendix Non-rural (eligible, not entirely rural); urban/non-rural pack for Land Search Builder"
Tampa,Florida,Hillsborough,12057010204,Hillsborough County urban-eligible tract,N,Eligible — not designated,28.0452485,-82.3628605,"Rev. Proc. 2026-14 appendix Non-rural (eligible, not entirely rural); urban/non-rural pack for Land Search Builder"
Tampa,Florida,Hillsborough,12057010401,Hillsborough County urban-eligible tract,N,Eligible — not designated,28.0278407,-82.3709971,"Rev. Proc. 2026-14 appendix Non-rural (eligible, not entirely rural); urban/non-rural pack for Land Search Builder"
Tampa,Florida,Hillsborough,12057010402,Hillsborough County urban-eligible tract,N,Eligible — not designated,28.0044427,-82.3647054,"Rev. Proc. 2026-14 appendix Non-rural (eligible, not entirely rural); urban/non-rural pack for Land Search Builder"
Tampa,Florida,Hillsborough,12057010501,Hillsborough County urban-eligible tract,N,Eligible — not designated,28.011865,-82.4066463,"Rev. Proc. 2026-14 appendix Non-rural (eligible, not entirely rural); urban/non-rural pack for Land Search Builder"
Tampa,Florida,Hillsborough,12057010502,Hillsborough County urban-eligible tract,N,Eligible — not designated,28.0088618,-82.3967491,"Rev. Proc. 2026-14 appendix Non-rural (eligible, not entirely rural); urban/non-rural pack for Land Search Builder"
Tampa,Florida,Hillsborough,12057010805,Hillsborough County urban-eligible tract,N,Eligible — not designated,28.0610442,-82.4499036,"Rev. Proc. 2026-14 appendix Non-rural (eligible, not entirely rural); urban/non-rural pack for Land Search Builder"
Tampa,Florida,Hillsborough,12057010808,Hillsborough County urban-eligible tract,N,Eligible — not designated,28.072868,-82.4287136,"Rev. Proc. 2026-14 appendix Non-rural (eligible, not entirely rural); urban/non-rural pack for Land Search Builder"
Tampa,Florida,Hillsborough,12057010809,Hillsborough County urban-eligible tract,N,Eligible — not designated,28.0600249,-82.3986255,"Rev. Proc. 2026-14 appendix Non-rural (eligible, not entirely rural); urban/non-rural pack for Land Search Builder"
Tampa,Florida,Hillsborough,12057010814,Hillsborough County urban-eligible tract,N,Eligible — not designated,28.0616341,-82.4290624,"Rev. Proc. 2026-14 appendix Non-rural (eligible, not entirely rural); urban/non-rural pack for Land Search Builder"
Tampa,Florida,Hillsborough,12057010815,Hillsborough County urban-eligible tract,N,Eligible — not designated,28.0678261,-82.4334723,"Rev. Proc. 2026-14 appendix Non-rural (eligible, not entirely rural); urban/non-rural pack for Land Search Builder"
Tampa,Florida,Hillsborough,12057010816,Hillsborough County urban-eligible tract,N,Eligible — not designated,28.0593198,-82.4394513,"Rev. Proc. 2026-14 appendix Non-rural (eligible, not entirely rural); urban/non-rural pack for Land Search Builder"
Tampa,Florida,Hillsborough,12057010817,Hillsborough County urban-eligible tract,N,Eligible — not designated,28.0789335,-82.4450553,"Rev. Proc. 2026-14 appendix Non-rural (eligible, not entirely rural); urban/non-rural pack for Land Search Builder"
Tampa,Florida,Hillsborough,12057010819,Hillsborough County urban-eligible tract,N,Eligible — not designated,28.0760586,-82.4119533,"Rev. Proc. 2026-14 appendix Non-rural (eligible, not entirely rural); urban/non-rural pack for Land Search Builder"
Tampa,Florida,Hillsborough,12057010820,Hillsborough County urban-eligible tract,N,Eligible — not designated,28.0753839,-82.420144,"Rev. Proc. 2026-14 appendix Non-rural (eligible, not entirely rural); urban/non-rural pack for Land Search Builder"
Tampa,Florida,Hillsborough,12057010821,Hillsborough County urban-eligible tract,N,Eligible — not designated,28.0717083,-82.437117,"Rev. Proc. 2026-14 appendix Non-rural (eligible, not entirely rural); urban/non-rural pack for Land Search Builder"
Tampa,Florida,Hillsborough,12057010822,Hillsborough County urban-eligible tract,N,Eligible — not designated,28.0715649,-82.4482036,"Rev. Proc. 2026-14 appendix Non-rural (eligible, not entirely rural); urban/non-rural pack for Land Search Builder"
Tampa,Florida,Hillsborough,12057010823,Hillsborough County urban-eligible tract,N,Eligible — not designated,28.0779399,-82.4157999,"Rev. Proc. 2026-14 appendix Non-rural (eligible, not entirely rural); urban/non-rural pack for Land Search Builder"
Tampa,Florida,Hillsborough,12057010824,Hillsborough County urban-eligible tract,N,Eligible — not designated,28.0709133,-82.4200979,"Rev. Proc. 2026-14 appendix Non-rural (eligible, not entirely rural); urban/non-rural pack for Land Search Builder"
Tampa,Florida,Hillsborough,12057010900,Hillsborough County urban-eligible tract,N,Eligible — not designated,28.0662816,-82.4061573,"Rev. Proc. 2026-14 appendix Non-rural (eligible, not entirely rural); urban/non-rural pack for Land Search Builder"
Tampa,Florida,Hillsborough,12057011003,Hillsborough County urban-eligible tract,N,Eligible — not designated,28.097699,-82.441189,"Rev. Proc. 2026-14 appendix Non-rural (eligible, not entirely rural); urban/non-rural pack for Land Search Builder"
Tampa,Florida,Hillsborough,12057011010,Hillsborough County urban-eligible tract,N,Eligible — not designated,28.0920493,-82.4200858,"Rev. Proc. 2026-14 appendix Non-rural (eligible, not entirely rural); urban/non-rural pack for Land Search Builder"
Tampa,Florida,Hillsborough,12057011018,Hillsborough County urban-eligible tract,N,Eligible — not designated,28.0860953,-82.4011502,"Rev. Proc. 2026-14 appendix Non-rural (eligible, not entirely rural); urban/non-rural pack for Land Search Builder"
Tampa,Florida,Hillsborough,12057011204,Hillsborough County urban-eligible tract,N,Eligible — not designated,28.0786504,-82.4661834,"Rev. Proc. 2026-14 appendix Non-rural (eligible, not entirely rural); urban/non-rural pack for Land Search Builder"
Tampa,Florida,Hillsborough,12057011206,Hillsborough County urban-eligible tract,N,Eligible — not designated,28.0618117,-82.4609136,"Rev. Proc. 2026-14 appendix Non-rural (eligible, not entirely rural); urban/non-rural pack for Land Search Builder"
Tampa,Florida,Hillsborough,12057011605,Hillsborough County urban-eligible tract,N,Eligible — not designated,28.0093058,-82.5400349,"Rev. Proc. 2026-14 appendix Non-rural (eligible, not entirely rural); urban/non-rural pack for Land Search Builder"
Tampa,Florida,Hillsborough,12057011610,Hillsborough County urban-eligible tract,N,Eligible — not designated,28.0318842,-82.5773639,"Rev. Proc. 2026-14 appendix Non-rural (eligible, not entirely rural); urban/non-rural pack for Land Search Builder"
Tampa,Florida,Hillsborough,12057011614,Hillsborough County urban-eligible tract,N,Eligible — not designated,28.0174903,-82.5941486,"Rev. Proc. 2026-14 appendix Non-rural (eligible, not entirely rural); urban/non-rural pack for Land Search Builder"
Tampa,Florida,Hillsborough,12057011802,Hillsborough County urban-eligible tract,N,Eligible — not designated,28.0025605,-82.5152812,"Rev. Proc. 2026-14 appendix Non-rural (eligible, not entirely rural); urban/non-rural pack for Land Search Builder"
Tampa,Florida,Hillsborough,12057011806,Hillsborough County urban-eligible tract,N,Eligible — not designated,28.0263613,-82.5142738,"Rev. Proc. 2026-14 appendix Non-rural (eligible, not entirely rural); urban/non-rural pack for Land Search Builder"
Tampa,Florida,Hillsborough,12057011905,Hillsborough County urban-eligible tract,N,Eligible — not designated,28.0034018,-82.4864548,"Rev. Proc. 2026-14 appendix Non-rural (eligible, not entirely rural); urban/non-rural pack for Land Search Builder"
Tampa,Florida,Hillsborough,12057011908,Hillsborough County urban-eligible tract,N,Eligible — not designated,28.0272204,-82.5026613,"Rev. Proc. 2026-14 appendix Non-rural (eligible, not entirely rural); urban/non-rural pack for Land Search Builder"
Tampa,Florida,Hillsborough,12057011911,Hillsborough County urban-eligible tract,N,Eligible — not designated,28.0019221,-82.4947839,"Rev. Proc. 2026-14 appendix Non-rural (eligible, not entirely rural); urban/non-rural pack for Land Search Builder"
Tampa,Florida,Hillsborough,12057012002,Hillsborough County urban-eligible tract,N,Eligible — not designated,27.970378,-82.3782809,"Rev. Proc. 2026-14 appendix Non-rural (eligible, not entirely rural); urban/non-rural pack for Land Search Builder"
Tampa,Florida,Hillsborough,12057012103,Hillsborough County urban-eligible tract,N,Eligible — not designated,27.9830389,-82.3435177,"Rev. Proc. 2026-14 appendix Non-rural (eligible, not entirely rural); urban/non-rural pack for Land Search Builder"
Tampa,Florida,Hillsborough,12057012107,Hillsborough County urban-eligible tract,N,Eligible — not designated,27.9914239,-82.2920184,"Rev. Proc. 2026-14 appendix Non-rural (eligible, not entirely rural); urban/non-rural pack for Land Search Builder"
Tampa,Florida,Hillsborough,12057012108,Hillsborough County urban-eligible tract,N,Eligible — not designated,27.9942354,-82.2818916,"Rev. Proc. 2026-14 appendix Non-rural (eligible, not entirely rural); urban/non-rural pack for Land Search Builder"
Tampa,Florida,Hillsborough,12057012109,Hillsborough County urban-eligible tract,N,Eligible — not designated,27.9777805,-82.3237821,"Rev. Proc. 2026-14 appendix Non-rural (eligible, not entirely rural); urban/non-rural pack for Land Search Builder"
Tampa,Florida,Hillsborough,12057012110,Hillsborough County urban-eligible tract,N,Eligible — not designated,27.987208,-82.3090236,"Rev. Proc. 2026-14 appendix Non-rural (eligible, not entirely rural); urban/non-rural pack for Land Search Builder"
Tampa,Florida,Hillsborough,12057012211,Hillsborough County urban-eligible tract,N,Eligible — not designated,27.9617855,-82.3442931,"Rev. Proc. 2026-14 appendix Non-rural (eligible, not entirely rural); urban/non-rural pack for Land Search Builder"
Tampa,Florida,Hillsborough,12057012600,Hillsborough County urban-eligible tract,N,Eligible — not designated,28.0019031,-82.1337086,"Rev. Proc. 2026-14 appendix Non-rural (eligible, not entirely rural); urban/non-rural pack for Land Search Builder"
Tampa,Florida,Hillsborough,12057012800,Hillsborough County urban-eligible tract,N,Eligible — not designated,28.0286405,-82.1156268,"Rev. Proc. 2026-14 appendix Non-rural (eligible, not entirely rural); urban/non-rural pack for Land Search Builder"
Tampa,Florida,Hillsborough,12057012900,Hillsborough County urban-eligible tract,N,Eligible — not designated,28.0044014,-82.1110148,"Rev. Proc. 2026-14 appendix Non-rural (eligible, not entirely rural); urban/non-rural pack for Land Search Builder"
Tampa,Florida,Hillsborough,12057013002,Hillsborough County urban-eligible tract,N,Eligible — not designated,27.9779643,-82.0957092,"Rev. Proc. 2026-14 appendix Non-rural (eligible, not entirely rural); urban/non-rural pack for Land Search Builder"
Tampa,Florida,Hillsborough,12057013311,Hillsborough County urban-eligible tract,N,Eligible — not designated,27.9296965,-82.281666,"Rev. Proc. 2026-14 appendix Non-rural (eligible, not entirely rural); urban/non-rural pack for Land Search Builder"
Tampa,Florida,Hillsborough,12057013316,Hillsborough County urban-eligible tract,N,Eligible — not designated,27.9328365,-82.3261228,"Rev. Proc. 2026-14 appendix Non-rural (eligible, not entirely rural); urban/non-rural pack for Land Search Builder"
Tampa,Florida,Hillsborough,12057013317,Hillsborough County urban-eligible tract,N,Eligible — not designated,27.9171998,-82.3410878,"Rev. Proc. 2026-14 appendix Non-rural (eligible, not entirely rural); urban/non-rural pack for Land Search Builder"
Tampa,Florida,Hillsborough,12057013406,Hillsborough County urban-eligible tract,N,Eligible — not designated,27.8877262,-82.3001066,"Rev. Proc. 2026-14 appendix Non-rural (eligible, not entirely rural); urban/non-rural pack for Land Search Builder"
Tampa,Florida,Hillsborough,12057013604,Hillsborough County urban-eligible tract,N,Eligible — not designated,27.8863569,-82.396239,"Rev. Proc. 2026-14 appendix Non-rural (eligible, not entirely rural); urban/non-rural pack for Land Search Builder"
Tampa,Florida,Hillsborough,12057013706,Hillsborough County urban-eligible tract,N,Eligible — not designated,27.8964906,-82.3436248,"Rev. Proc. 2026-14 appendix Non-rural (eligible, not entirely rural); urban/non-rural pack for Land Search Builder"
Tampa,Florida,Hillsborough,12057013801,Hillsborough County urban-eligible tract,N,Eligible — not designated,27.8244777,-82.3950484,"Rev. Proc. 2026-14 appendix Non-rural (eligible, not entirely rural); urban/non-rural pack for Land Search Builder"
Tampa,Florida,Hillsborough,12057013802,Hillsborough County urban-eligible tract,N,Eligible — not designated,27.853237,-82.3513571,"Rev. Proc. 2026-14 appendix Non-rural (eligible, not entirely rural); urban/non-rural pack for Land Search Builder"
Tampa,Florida,Hillsborough,12057013803,Hillsborough County urban-eligible tract,N,Eligible — not designated,27.844594,-82.3681522,"Rev. Proc. 2026-14 appendix Non-rural (eligible, not entirely rural); urban/non-rural pack for Land Search Builder"
Tampa,Florida,Hillsborough,12057013914,Hillsborough County urban-eligible tract,N,Eligible — not designated,27.6740185,-82.3326128,"Rev. Proc. 2026-14 appendix Non-rural (eligible, not entirely rural); urban/non-rural pack for Land Search Builder"
Tampa,Florida,Hillsborough,12057014013,Hillsborough County urban-eligible tract,N,Eligible — not designated,27.6814411,-82.4133417,"Rev. Proc. 2026-14 appendix Non-rural (eligible, not entirely rural); urban/non-rural pack for Land Search Builder"
Tampa,Florida,Hillsborough,12057014200,Hillsborough County urban-eligible tract,N,Eligible — not designated,27.9599023,-82.4452526,"Rev. Proc. 2026-14 appendix Non-rural (eligible, not entirely rural); urban/non-rural pack for Land Search Builder"
Tampa,Florida,Manatee,12081000103,Manatee County urban-eligible tract,N,Eligible — not designated,27.4844713,-82.5691948,"Rev. Proc. 2026-14 appendix Non-rural (eligible, not entirely rural); urban/non-rural pack for Land Search Builder"
Tampa,Florida,Manatee,12081000105,Manatee County urban-eligible tract,N,Eligible — not designated,27.4697264,-82.5671775,"Rev. Proc. 2026-14 appendix Non-rural (eligible, not entirely rural); urban/non-rural pack for Land Search Builder"
Tampa,Florida,Manatee,12081000106,Manatee County urban-eligible tract,N,Eligible — not designated,27.4711729,-82.5543644,"Rev. Proc. 2026-14 appendix Non-rural (eligible, not entirely rural); urban/non-rural pack for Land Search Builder"
Tampa,Florida,Manatee,12081000201,Manatee County urban-eligible tract,N,Eligible — not designated,27.4549981,-82.5691512,"Rev. Proc. 2026-14 appendix Non-rural (eligible, not entirely rural); urban/non-rural pack for Land Search Builder"
Tampa,Florida,Manatee,12081000203,Manatee County urban-eligible tract,N,Eligible — not designated,27.4547226,-82.5493322,"Rev. Proc. 2026-14 appendix Non-rural (eligible, not entirely rural); urban/non-rural pack for Land Search Builder"
Tampa,Florida,Manatee,12081000204,Manatee County urban-eligible tract,N,Eligible — not designated,27.4548986,-82.5589984,"Rev. Proc. 2026-14 appendix Non-rural (eligible, not entirely rural); urban/non-rural pack for Land Search Builder"
Tampa,Florida,Manatee,12081000304,Manatee County urban-eligible tract,N,Eligible — not designated,27.4467995,-82.5676598,"Rev. Proc. 2026-14 appendix Non-rural (eligible, not entirely rural); urban/non-rural pack for Land Search Builder"
Tampa,Florida,Manatee,12081000305,Manatee County urban-eligible tract,N,Eligible — not designated,27.4378501,-82.5500584,"Rev. Proc. 2026-14 appendix Non-rural (eligible, not entirely rural); urban/non-rural pack for Land Search Builder"
Tampa,Florida,Manatee,12081000307,Manatee County urban-eligible tract,N,Eligible — not designated,27.4440731,-82.5856023,"Rev. Proc. 2026-14 appendix Non-rural (eligible, not entirely rural); urban/non-rural pack for Land Search Builder"
Tampa,Florida,Manatee,12081000310,Manatee County urban-eligible tract,N,Eligible — not designated,27.4541015,-82.5808243,"Rev. Proc. 2026-14 appendix Non-rural (eligible, not entirely rural); urban/non-rural pack for Land Search Builder"
Tampa,Florida,Manatee,12081000311,Manatee County urban-eligible tract,N,Eligible — not designated,27.4378318,-82.5851352,"Rev. Proc. 2026-14 appendix Non-rural (eligible, not entirely rural); urban/non-rural pack for Land Search Builder"
Tampa,Florida,Manatee,12081000313,Manatee County urban-eligible tract,N,Eligible — not designated,27.4342891,-82.5621997,"Rev. Proc. 2026-14 appendix Non-rural (eligible, not entirely rural); urban/non-rural pack for Land Search Builder"
Tampa,Florida,Manatee,12081000314,Manatee County urban-eligible tract,N,Eligible — not designated,27.4356873,-82.5693088,"Rev. Proc. 2026-14 appendix Non-rural (eligible, not entirely rural); urban/non-rural pack for Land Search Builder"
Tampa,Florida,Manatee,12081000601,Manatee County urban-eligible tract,N,Eligible — not designated,27.489888,-82.5819701,"Rev. Proc. 2026-14 appendix Non-rural (eligible, not entirely rural); urban/non-rural pack for Land Search Builder"
Tampa,Florida,Manatee,12081000604,Manatee County urban-eligible tract,N,Eligible — not designated,27.4678412,-82.5830174,"Rev. Proc. 2026-14 appendix Non-rural (eligible, not entirely rural); urban/non-rural pack for Land Search Builder"
Tampa,Florida,Manatee,12081000703,Manatee County urban-eligible tract,N,Eligible — not designated,27.4934467,-82.551983,"Rev. Proc. 2026-14 appendix Non-rural (eligible, not entirely rural); urban/non-rural pack for Land Search Builder"
Tampa,Florida,Manatee,12081000704,Manatee County urban-eligible tract,N,Eligible — not designated,27.4969426,-82.535106,"Rev. Proc. 2026-14 appendix Non-rural (eligible, not entirely rural); urban/non-rural pack for Land Search Builder"
Tampa,Florida,Manatee,12081000705,Manatee County urban-eligible tract,N,Eligible — not designated,27.4842014,-82.5249095,"Rev. Proc. 2026-14 appendix Non-rural (eligible, not entirely rural); urban/non-rural pack for Land Search Builder"
Tampa,Florida,Manatee,12081000811,Manatee County urban-eligible tract,N,Eligible — not designated,27.4606346,-82.538818,"Rev. Proc. 2026-14 appendix Non-rural (eligible, not entirely rural); urban/non-rural pack for Land Search Builder"
Tampa,Florida,Manatee,12081001106,Manatee County urban-eligible tract,N,Eligible — not designated,27.4557227,-82.6230164,"Rev. Proc. 2026-14 appendix Non-rural (eligible, not entirely rural); urban/non-rural pack for Land Search Builder"
Tampa,Florida,Manatee,12081001405,Manatee County urban-eligible tract,N,Eligible — not designated,27.5244883,-82.5902878,"Rev. Proc. 2026-14 appendix Non-rural (eligible, not entirely rural); urban/non-rural pack for Land Search Builder"
Tampa,Florida,Manatee,12081001502,Manatee County urban-eligible tract,N,Eligible — not designated,27.5232197,-82.5547911,"Rev. Proc. 2026-14 appendix Non-rural (eligible, not entirely rural); urban/non-rural pack for Land Search Builder"
Tampa,Florida,Pasco,12101030101,Pasco County urban-eligible tract,N,Eligible — not designated,28.4084054,-82.6765988,"Rev. Proc. 2026-14 appendix Non-rural (eligible, not entirely rural); urban/non-rural pack for Land Search Builder"
Tampa,Florida,Pasco,12101030203,Pasco County urban-eligible tract,N,Eligible — not designated,28.3256706,-82.7187458,"Rev. Proc. 2026-14 appendix Non-rural (eligible, not entirely rural); urban/non-rural pack for Land Search Builder"
Tampa,Florida,Pasco,12101030204,Pasco County urban-eligible tract,N,Eligible — not designated,28.2933353,-82.7105635,"Rev. Proc. 2026-14 appendix Non-rural (eligible, not entirely rural); urban/non-rural pack for Land Search Builder"
Tampa,Florida,Pasco,12101030205,Pasco County urban-eligible tract,N,Eligible — not designated,28.276041,-82.732669,"Rev. Proc. 2026-14 appendix Non-rural (eligible, not entirely rural); urban/non-rural pack for Land Search Builder"
Tampa,Florida,Pasco,12101030408,Pasco County urban-eligible tract,N,Eligible — not designated,28.1985961,-82.7589773,"Rev. Proc. 2026-14 appendix Non-rural (eligible, not entirely rural); urban/non-rural pack for Land Search Builder"
Tampa,Florida,Pasco,12101030410,Pasco County urban-eligible tract,N,Eligible — not designated,28.1861774,-82.7450801,"Rev. Proc. 2026-14 appendix Non-rural (eligible, not entirely rural); urban/non-rural pack for Land Search Builder"
Tampa,Florida,Pasco,12101030412,Pasco County urban-eligible tract,N,Eligible — not designated,28.1810794,-82.7524865,"Rev. Proc. 2026-14 appendix Non-rural (eligible, not entirely rural); urban/non-rural pack for Land Search Builder"
Tampa,Florida,Pasco,12101030501,Pasco County urban-eligible tract,N,Eligible — not designated,28.18461,-82.7325756,"Rev. Proc. 2026-14 appendix Non-rural (eligible, not entirely rural); urban/non-rural pack for Land Search Builder"
Tampa,Florida,Pasco,12101030502,Pasco County urban-eligible tract,N,Eligible — not designated,28.1803299,-82.727692,"Rev. Proc. 2026-14 appendix Non-rural (eligible, not entirely rural); urban/non-rural pack for Land Search Builder"
Tampa,Florida,Pasco,12101030601,Pasco County urban-eligible tract,N,Eligible — not designated,28.2039713,-82.7369765,"Rev. Proc. 2026-14 appendix Non-rural (eligible, not entirely rural); urban/non-rural pack for Land Search Builder"
Tampa,Florida,Pasco,12101030602,Pasco County urban-eligible tract,N,Eligible — not designated,28.1908417,-82.7351731,"Rev. Proc. 2026-14 appendix Non-rural (eligible, not entirely rural); urban/non-rural pack for Land Search Builder"
Tampa,Florida,Pasco,12101030700,Pasco County urban-eligible tract,N,Eligible — not designated,28.2166193,-82.7303207,"Rev. Proc. 2026-14 appendix Non-rural (eligible, not entirely rural); urban/non-rural pack for Land Search Builder"
Tampa,Florida,Pasco,12101030901,Pasco County urban-eligible tract,N,Eligible — not designated,28.2682532,-82.7156044,"Rev. Proc. 2026-14 appendix Non-rural (eligible, not entirely rural); urban/non-rural pack for Land Search Builder"
Tampa,Florida,Pasco,12101030905,Pasco County urban-eligible tract,N,Eligible — not designated,28.2663986,-82.6839721,"Rev. Proc. 2026-14 appendix Non-rural (eligible, not entirely rural); urban/non-rural pack for Land Search Builder"
Tampa,Florida,Pasco,12101030906,Pasco County urban-eligible tract,N,Eligible — not designated,28.2635069,-82.6991115,"Rev. Proc. 2026-14 appendix Non-rural (eligible, not entirely rural); urban/non-rural pack for Land Search Builder"
Tampa,Florida,Pasco,12101031005,Pasco County urban-eligible tract,N,Eligible — not designated,28.2839195,-82.7096283,"Rev. Proc. 2026-14 appendix Non-rural (eligible, not entirely rural); urban/non-rural pack for Land Search Builder"
Tampa,Florida,Pasco,12101031006,Pasco County urban-eligible tract,N,Eligible — not designated,28.2837548,-82.7022349,"Rev. Proc. 2026-14 appendix Non-rural (eligible, not entirely rural); urban/non-rural pack for Land Search Builder"
Tampa,Florida,Pasco,12101031007,Pasco County urban-eligible tract,N,Eligible — not designated,28.2869741,-82.68653,"Rev. Proc. 2026-14 appendix Non-rural (eligible, not entirely rural); urban/non-rural pack for Land Search Builder"
Tampa,Florida,Pasco,12101031008,Pasco County urban-eligible tract,N,Eligible — not designated,28.3046279,-82.6646332,"Rev. Proc. 2026-14 appendix Non-rural (eligible, not entirely rural); urban/non-rural pack for Land Search Builder"
Tampa,Florida,Pasco,12101031009,Pasco County urban-eligible tract,N,Eligible — not designated,28.3224537,-82.6951918,"Rev. Proc. 2026-14 appendix Non-rural (eligible, not entirely rural); urban/non-rural pack for Land Search Builder"
Tampa,Florida,Pasco,12101031010,Pasco County urban-eligible tract,N,Eligible — not designated,28.3245221,-82.6849037,"Rev. Proc. 2026-14 appendix Non-rural (eligible, not entirely rural); urban/non-rural pack for Land Search Builder"
Tampa,Florida,Pasco,12101031011,Pasco County urban-eligible tract,N,Eligible — not designated,28.3235692,-82.6709792,"Rev. Proc. 2026-14 appendix Non-rural (eligible, not entirely rural); urban/non-rural pack for Land Search Builder"
Tampa,Florida,Pasco,12101031013,Pasco County urban-eligible tract,N,Eligible — not designated,28.2998451,-82.7009334,"Rev. Proc. 2026-14 appendix Non-rural (eligible, not entirely rural); urban/non-rural pack for Land Search Builder"
Tampa,Florida,Pasco,12101031101,Pasco County urban-eligible tract,N,Eligible — not designated,28.3484278,-82.6891388,"Rev. Proc. 2026-14 appendix Non-rural (eligible, not entirely rural); urban/non-rural pack for Land Search Builder"
Tampa,Florida,Pasco,12101031104,Pasco County urban-eligible tract,N,Eligible — not designated,28.3377162,-82.674804,"Rev. Proc. 2026-14 appendix Non-rural (eligible, not entirely rural); urban/non-rural pack for Land Search Builder"
Tampa,Florida,Pasco,12101031205,Pasco County urban-eligible tract,N,Eligible — not designated,28.3512905,-82.6573945,"Rev. Proc. 2026-14 appendix Non-rural (eligible, not entirely rural); urban/non-rural pack for Land Search Builder"
Tampa,Florida,Pasco,12101031206,Pasco County urban-eligible tract,N,Eligible — not designated,28.3526654,-82.6392357,"Rev. Proc. 2026-14 appendix Non-rural (eligible, not entirely rural); urban/non-rural pack for Land Search Builder"
Tampa,Florida,Pasco,12101031404,Pasco County urban-eligible tract,N,Eligible — not designated,28.2233636,-82.7149926,"Rev. Proc. 2026-14 appendix Non-rural (eligible, not entirely rural); urban/non-rural pack for Land Search Builder"
Tampa,Florida,Pasco,12101031406,Pasco County urban-eligible tract,N,Eligible — not designated,28.2468131,-82.70446,"Rev. Proc. 2026-14 appendix Non-rural (eligible, not entirely rural); urban/non-rural pack for Land Search Builder"
Tampa,Florida,Pasco,12101031407,Pasco County urban-eligible tract,N,Eligible — not designated,28.24408,-82.6884764,"Rev. Proc. 2026-14 appendix Non-rural (eligible, not entirely rural); urban/non-rural pack for Land Search Builder"
Tampa,Florida,Pasco,12101031412,Pasco County urban-eligible tract,N,Eligible — not designated,28.2328279,-82.7084666,"Rev. Proc. 2026-14 appendix Non-rural (eligible, not entirely rural); urban/non-rural pack for Land Search Builder"
Tampa,Florida,Pasco,12101031505,Pasco County urban-eligible tract,N,Eligible — not designated,28.2039963,-82.698379,"Rev. Proc. 2026-14 appendix Non-rural (eligible, not entirely rural); urban/non-rural pack for Land Search Builder"
Tampa,Florida,Pasco,12101031703,Pasco County urban-eligible tract,N,Eligible — not designated,28.3070552,-82.6020339,"Rev. Proc. 2026-14 appendix Non-rural (eligible, not entirely rural); urban/non-rural pack for Land Search Builder"
Tampa,Florida,Pasco,12101031807,Pasco County urban-eligible tract,N,Eligible — not designated,28.3892555,-82.6388645,"Rev. Proc. 2026-14 appendix Non-rural (eligible, not entirely rural); urban/non-rural pack for Land Search Builder"
Tampa,Florida,Pinellas,12103020206,Pinellas County urban-eligible tract,N,Eligible — not designated,27.7159701,-82.6730623,"Rev. Proc. 2026-14 appendix Non-rural (eligible, not entirely rural); urban/non-rural pack for Land Search Builder"
Tampa,Florida,Pinellas,12103020208,Pinellas County urban-eligible tract,N,Eligible — not designated,27.7163574,-82.6553864,"Rev. Proc. 2026-14 appendix Non-rural (eligible, not entirely rural); urban/non-rural pack for Land Search Builder"
Tampa,Florida,Pinellas,12103020500,Pinellas County urban-eligible tract,N,Eligible — not designated,27.7507467,-82.6435084,"Rev. Proc. 2026-14 appendix Non-rural (eligible, not entirely rural); urban/non-rural pack for Land Search Builder"
Tampa,Florida,Pinellas,12103020800,Pinellas County urban-eligible tract,N,Eligible — not designated,27.7569413,-82.6895368,"Rev. Proc. 2026-14 appendix Non-rural (eligible, not entirely rural); urban/non-rural pack for Land Search Builder"
Tampa,Florida,Pinellas,12103021200,Pinellas County urban-eligible tract,N,Eligible — not designated,27.7566181,-82.6527337,"Rev. Proc. 2026-14 appendix Non-rural (eligible, not entirely rural); urban/non-rural pack for Land Search Builder"
Tampa,Florida,Pinellas,12103021600,Pinellas County urban-eligible tract,N,Eligible — not designated,27.7718409,-82.6525551,"Rev. Proc. 2026-14 appendix Non-rural (eligible, not entirely rural); urban/non-rural pack for Land Search Builder"
Tampa,Florida,Pinellas,12103021900,Pinellas County urban-eligible tract,N,Eligible — not designated,27.7714212,-82.6761132,"Rev. Proc. 2026-14 appendix Non-rural (eligible, not entirely rural); urban/non-rural pack for Land Search Builder"
Tampa,Florida,Pinellas,12103022501,Pinellas County urban-eligible tract,N,Eligible — not designated,27.7863565,-82.7249007,"Rev. Proc. 2026-14 appendix Non-rural (eligible, not entirely rural); urban/non-rural pack for Land Search Builder"
Tampa,Florida,Pinellas,12103022902,Pinellas County urban-eligible tract,N,Eligible — not designated,27.7978191,-82.6736848,"Rev. Proc. 2026-14 appendix Non-rural (eligible, not entirely rural); urban/non-rural pack for Land Search Builder"
Tampa,Florida,Pinellas,12103024410,Pinellas County urban-eligible tract,N,Eligible — not designated,27.8538863,-82.6418402,"Rev. Proc. 2026-14 appendix Non-rural (eligible, not entirely rural); urban/non-rural pack for Land Search Builder"
Tampa,Florida,Pinellas,12103024508,Pinellas County urban-eligible tract,N,Eligible — not designated,27.921735,-82.7104315,"Rev. Proc. 2026-14 appendix Non-rural (eligible, not entirely rural); urban/non-rural pack for Land Search Builder"
Tampa,Florida,Pinellas,12103024510,Pinellas County urban-eligible tract,N,Eligible — not designated,27.9045518,-82.7068218,"Rev. Proc. 2026-14 appendix Non-rural (eligible, not entirely rural); urban/non-rural pack for Land Search Builder"
Tampa,Florida,Pinellas,12103024601,Pinellas County urban-eligible tract,N,Eligible — not designated,27.8377224,-82.6697089,"Rev. Proc. 2026-14 appendix Non-rural (eligible, not entirely rural); urban/non-rural pack for Land Search Builder"
Tampa,Florida,Pinellas,12103024603,Pinellas County urban-eligible tract,N,Eligible — not designated,27.8146278,-82.669308,"Rev. Proc. 2026-14 appendix Non-rural (eligible, not entirely rural); urban/non-rural pack for Land Search Builder"
Tampa,Florida,Pinellas,12103024604,Pinellas County urban-eligible tract,N,Eligible — not designated,27.8184192,-82.6756536,"Rev. Proc. 2026-14 appendix Non-rural (eligible, not entirely rural); urban/non-rural pack for Land Search Builder"
Tampa,Florida,Pinellas,12103024701,Pinellas County urban-eligible tract,N,Eligible — not designated,27.8254423,-82.6896079,"Rev. Proc. 2026-14 appendix Non-rural (eligible, not entirely rural); urban/non-rural pack for Land Search Builder"
Tampa,Florida,Pinellas,12103024702,Pinellas County urban-eligible tract,N,Eligible — not designated,27.8148103,-82.6948875,"Rev. Proc. 2026-14 appendix Non-rural (eligible, not entirely rural); urban/non-rural pack for Land Search Builder"
Tampa,Florida,Pinellas,12103024703,Pinellas County urban-eligible tract,N,Eligible — not designated,27.815088,-82.6851106,"Rev. Proc. 2026-14 appendix Non-rural (eligible, not entirely rural); urban/non-rural pack for Land Search Builder"
Tampa,Florida,Pinellas,12103024804,Pinellas County urban-eligible tract,N,Eligible — not designated,27.8156905,-82.723364,"Rev. Proc. 2026-14 appendix Non-rural (eligible, not entirely rural); urban/non-rural pack for Land Search Builder"
Tampa,Florida,Pinellas,12103024901,Pinellas County urban-eligible tract,N,Eligible — not designated,27.8341295,-82.7143605,"Rev. Proc. 2026-14 appendix Non-rural (eligible, not entirely rural); urban/non-rural pack for Land Search Builder"
Tampa,Florida,Pinellas,12103024907,Pinellas County urban-eligible tract,N,Eligible — not designated,27.8474448,-82.6944772,"Rev. Proc. 2026-14 appendix Non-rural (eligible, not entirely rural); urban/non-rural pack for Land Search Builder"
Tampa,Florida,Pinellas,12103025018,Pinellas County urban-eligible tract,N,Eligible — not designated,27.8159467,-82.7316438,"Rev. Proc. 2026-14 appendix Non-rural (eligible, not entirely rural); urban/non-rural pack for Land Search Builder"
Tampa,Florida,Pinellas,12103025019,Pinellas County urban-eligible tract,N,Eligible — not designated,27.8129034,-82.7531604,"Rev. Proc. 2026-14 appendix Non-rural (eligible, not entirely rural); urban/non-rural pack for Land Search Builder"
Tampa,Florida,Pinellas,12103025211,Pinellas County urban-eligible tract,N,Eligible — not designated,27.9126736,-82.8115171,"Rev. Proc. 2026-14 appendix Non-rural (eligible, not entirely rural); urban/non-rural pack for Land Search Builder"
Tampa,Florida,Pinellas,12103025305,Pinellas County urban-eligible tract,N,Eligible — not designated,27.9001299,-82.781843,"Rev. Proc. 2026-14 appendix Non-rural (eligible, not entirely rural); urban/non-rural pack for Land Search Builder"
Tampa,Florida,Pinellas,12103025310,Pinellas County urban-eligible tract,N,Eligible — not designated,27.898652,-82.7916607,"Rev. Proc. 2026-14 appendix Non-rural (eligible, not entirely rural); urban/non-rural pack for Land Search Builder"
Tampa,Florida,Pinellas,12103025417,Pinellas County urban-eligible tract,N,Eligible — not designated,27.9082214,-82.7468934,"Rev. Proc. 2026-14 appendix Non-rural (eligible, not entirely rural); urban/non-rural pack for Land Search Builder"
Tampa,Florida,Pinellas,12103025418,Pinellas County urban-eligible tract,N,Eligible — not designated,27.9049976,-82.7344063,"Rev. Proc. 2026-14 appendix Non-rural (eligible, not entirely rural); urban/non-rural pack for Land Search Builder"
Tampa,Florida,Pinellas,12103025505,Pinellas County urban-eligible tract,N,Eligible — not designated,27.9364625,-82.7949803,"Rev. Proc. 2026-14 appendix Non-rural (eligible, not entirely rural); urban/non-rural pack for Land Search Builder"
Tampa,Florida,Pinellas,12103025602,Pinellas County urban-eligible tract,N,Eligible — not designated,27.9261028,-82.7931969,"Rev. Proc. 2026-14 appendix Non-rural (eligible, not entirely rural); urban/non-rural pack for Land Search Builder"
Tampa,Florida,Pinellas,12103025603,Pinellas County urban-eligible tract,N,Eligible — not designated,27.914069,-82.7935236,"Rev. Proc. 2026-14 appendix Non-rural (eligible, not entirely rural); urban/non-rural pack for Land Search Builder"
Tampa,Florida,Pinellas,12103025800,Pinellas County urban-eligible tract,N,Eligible — not designated,27.9443935,-82.7905983,"Rev. Proc. 2026-14 appendix Non-rural (eligible, not entirely rural); urban/non-rural pack for Land Search Builder"
Tampa,Florida,Pinellas,12103026200,Pinellas County urban-eligible tract,N,Eligible — not designated,27.976816,-82.7913363,"Rev. Proc. 2026-14 appendix Non-rural (eligible, not entirely rural); urban/non-rural pack for Land Search Builder"
Tampa,Florida,Pinellas,12103026300,Pinellas County urban-eligible tract,N,Eligible — not designated,27.9817346,-82.7821659,"Rev. Proc. 2026-14 appendix Non-rural (eligible, not entirely rural); urban/non-rural pack for Land Search Builder"
Tampa,Florida,Pinellas,12103026401,Pinellas County urban-eligible tract,N,Eligible — not designated,27.9557203,-82.7811315,"Rev. Proc. 2026-14 appendix Non-rural (eligible, not entirely rural); urban/non-rural pack for Land Search Builder"
Tampa,Florida,Pinellas,12103026402,Pinellas County urban-eligible tract,N,Eligible — not designated,27.9644625,-82.7814582,"Rev. Proc. 2026-14 appendix Non-rural (eligible, not entirely rural); urban/non-rural pack for Land Search Builder"
Tampa,Florida,Pinellas,12103026501,Pinellas County urban-eligible tract,N,Eligible — not designated,27.9579542,-82.7705656,"Rev. Proc. 2026-14 appendix Non-rural (eligible, not entirely rural); urban/non-rural pack for Land Search Builder"
Tampa,Florida,Pinellas,12103026502,Pinellas County urban-eligible tract,N,Eligible — not designated,27.9761963,-82.7693443,"Rev. Proc. 2026-14 appendix Non-rural (eligible, not entirely rural); urban/non-rural pack for Land Search Builder"
Tampa,Florida,Pinellas,12103026602,Pinellas County urban-eligible tract,N,Eligible — not designated,27.9712676,-82.7595152,"Rev. Proc. 2026-14 appendix Non-rural (eligible, not entirely rural); urban/non-rural pack for Land Search Builder"
Tampa,Florida,Pinellas,12103026813,Pinellas County urban-eligible tract,N,Eligible — not designated,28.0028147,-82.7185487,"Rev. Proc. 2026-14 appendix Non-rural (eligible, not entirely rural); urban/non-rural pack for Land Search Builder"
Tampa,Florida,Pinellas,12103026818,Pinellas County urban-eligible tract,N,Eligible — not designated,27.97241,-82.7184425,"Rev. Proc. 2026-14 appendix Non-rural (eligible, not entirely rural); urban/non-rural pack for Land Search Builder"
Tampa,Florida,Pinellas,12103026819,Pinellas County urban-eligible tract,N,Eligible — not designated,27.9642735,-82.7170965,"Rev. Proc. 2026-14 appendix Non-rural (eligible, not entirely rural); urban/non-rural pack for Land Search Builder"
Tampa,Florida,Pinellas,12103026912,Pinellas County urban-eligible tract,N,Eligible — not designated,27.9953482,-82.7351255,"Rev. Proc. 2026-14 appendix Non-rural (eligible, not entirely rural); urban/non-rural pack for Land Search Builder"
Tampa,Florida,Pinellas,12103026915,Pinellas County urban-eligible tract,N,Eligible — not designated,27.9995813,-82.7680868,"Rev. Proc. 2026-14 appendix Non-rural (eligible, not entirely rural); urban/non-rural pack for Land Search Builder"
Tampa,Florida,Pinellas,12103026917,Pinellas County urban-eligible tract,N,Eligible — not designated,28.0179818,-82.7436085,"Rev. Proc. 2026-14 appendix Non-rural (eligible, not entirely rural); urban/non-rural pack for Land Search Builder"
Tampa,Florida,Pinellas,12103027107,Pinellas County urban-eligible tract,N,Eligible — not designated,28.0205578,-82.7792988,"Rev. Proc. 2026-14 appendix Non-rural (eligible, not entirely rural); urban/non-rural pack for Land Search Builder"
Tampa,Florida,Pinellas,12103028700,Pinellas County urban-eligible tract,N,Eligible — not designated,27.7602375,-82.6612058,"Rev. Proc. 2026-14 appendix Non-rural (eligible, not entirely rural); urban/non-rural pack for Land Search Builder"
Tampa,Florida,Polk,12105010800,Polk County urban-eligible tract,N,Eligible — not designated,28.0365474,-81.9665586,"Rev. Proc. 2026-14 appendix Non-rural (eligible, not entirely rural); urban/non-rural pack for Land Search Builder"
Tampa,Florida,Polk,12105011000,Polk County urban-eligible tract,N,Eligible — not designated,28.0493181,-81.9837824,"Rev. Proc. 2026-14 appendix Non-rural (eligible, not entirely rural); urban/non-rural pack for Land Search Builder"
Tampa,Florida,Polk,12105011100,Polk County urban-eligible tract,N,Eligible — not designated,28.0584351,-81.9871307,"Rev. Proc. 2026-14 appendix Non-rural (eligible, not entirely rural); urban/non-rural pack for Land Search Builder"
Tampa,Florida,Polk,12105011203,Polk County urban-eligible tract,N,Eligible — not designated,28.0683216,-81.9665824,"Rev. Proc. 2026-14 appendix Non-rural (eligible, not entirely rural); urban/non-rural pack for Land Search Builder"
Tampa,Florida,Polk,12105011204,Polk County urban-eligible tract,N,Eligible — not designated,28.0728847,-81.9765745,"Rev. Proc. 2026-14 appendix Non-rural (eligible, not entirely rural); urban/non-rural pack for Land Search Builder"
Tampa,Florida,Polk,12105011300,Polk County urban-eligible tract,N,Eligible — not designated,28.0629156,-81.9522566,"Rev. Proc. 2026-14 appendix Non-rural (eligible, not entirely rural); urban/non-rural pack for Land Search Builder"
Tampa,Florida,Polk,12105011501,Polk County urban-eligible tract,N,Eligible — not designated,28.060349,-81.906719,"Rev. Proc. 2026-14 appendix Non-rural (eligible, not entirely rural); urban/non-rural pack for Land Search Builder"
Tampa,Florida,Polk,12105011704,Polk County urban-eligible tract,N,Eligible — not designated,28.0246308,-81.8992016,"Rev. Proc. 2026-14 appendix Non-rural (eligible, not entirely rural); urban/non-rural pack for Land Search Builder"
Tampa,Florida,Polk,12105011721,Polk County urban-eligible tract,N,Eligible — not designated,28.0331372,-81.8403497,"Rev. Proc. 2026-14 appendix Non-rural (eligible, not entirely rural); urban/non-rural pack for Land Search Builder"
Tampa,Florida,Polk,12105011731,Polk County urban-eligible tract,N,Eligible — not designated,28.0364784,-81.9168147,"Rev. Proc. 2026-14 appendix Non-rural (eligible, not entirely rural); urban/non-rural pack for Land Search Builder"
Tampa,Florida,Polk,12105011901,Polk County urban-eligible tract,N,Eligible — not designated,27.9782384,-81.9698538,"Rev. Proc. 2026-14 appendix Non-rural (eligible, not entirely rural); urban/non-rural pack for Land Search Builder"
Tampa,Florida,Polk,12105012002,Polk County urban-eligible tract,N,Eligible — not designated,28.0421041,-82.0025515,"Rev. Proc. 2026-14 appendix Non-rural (eligible, not entirely rural); urban/non-rural pack for Land Search Builder"
Tampa,Florida,Polk,12105012124,Polk County urban-eligible tract,N,Eligible — not designated,28.0947772,-82.0379499,"Rev. Proc. 2026-14 appendix Non-rural (eligible, not entirely rural); urban/non-rural pack for Land Search Builder"
Tampa,Florida,Polk,12105012125,Polk County urban-eligible tract,N,Eligible — not designated,28.131487,-82.046448,"Rev. Proc. 2026-14 appendix Non-rural (eligible, not entirely rural); urban/non-rural pack for Land Search Builder"
Tampa,Florida,Polk,12105012208,Polk County urban-eligible tract,N,Eligible — not designated,28.1248299,-81.9639527,"Rev. Proc. 2026-14 appendix Non-rural (eligible, not entirely rural); urban/non-rural pack for Land Search Builder"
Tampa,Florida,Polk,12105012305,Polk County urban-eligible tract,N,Eligible — not designated,28.217195,-81.8361462,"Rev. Proc. 2026-14 appendix Non-rural (eligible, not entirely rural); urban/non-rural pack for Land Search Builder"
Tampa,Florida,Polk,12105012307,Polk County urban-eligible tract,N,Eligible — not designated,28.2024192,-81.9556207,"Rev. Proc. 2026-14 appendix Non-rural (eligible, not entirely rural); urban/non-rural pack for Land Search Builder"
Tampa,Florida,Polk,12105012309,Polk County urban-eligible tract,N,Eligible — not designated,28.2054878,-81.8943885,"Rev. Proc. 2026-14 appendix Non-rural (eligible, not entirely rural); urban/non-rural pack for Land Search Builder"
Tampa,Florida,Polk,12105012508,Polk County urban-eligible tract,N,Eligible — not designated,28.2115379,-81.6066431,"Rev. Proc. 2026-14 appendix Non-rural (eligible, not entirely rural); urban/non-rural pack for Land Search Builder"
Tampa,Florida,Polk,12105012601,Polk County urban-eligible tract,N,Eligible — not designated,28.1259978,-81.6307064,"Rev. Proc. 2026-14 appendix Non-rural (eligible, not entirely rural); urban/non-rural pack for Land Search Builder"
Tampa,Florida,Polk,12105012602,Polk County urban-eligible tract,N,Eligible — not designated,28.1263031,-81.6058922,"Rev. Proc. 2026-14 appendix Non-rural (eligible, not entirely rural); urban/non-rural pack for Land Search Builder"
Tampa,Florida,Polk,12105013103,Polk County urban-eligible tract,N,Eligible — not designated,28.0454973,-81.8059081,"Rev. Proc. 2026-14 appendix Non-rural (eligible, not entirely rural); urban/non-rural pack for Land Search Builder"
Tampa,Florida,Polk,12105013200,Polk County urban-eligible tract,N,Eligible — not designated,28.0600538,-81.7832618,"Rev. Proc. 2026-14 appendix Non-rural (eligible, not entirely rural); urban/non-rural pack for Land Search Builder"
Tampa,Florida,Polk,12105013300,Polk County urban-eligible tract,N,Eligible — not designated,28.0427358,-81.7782172,"Rev. Proc. 2026-14 appendix Non-rural (eligible, not entirely rural); urban/non-rural pack for Land Search Builder"
Tampa,Florida,Polk,12105013400,Polk County urban-eligible tract,N,Eligible — not designated,28.0437358,-81.7635465,"Rev. Proc. 2026-14 appendix Non-rural (eligible, not entirely rural); urban/non-rural pack for Land Search Builder"
Tampa,Florida,Polk,12105013601,Polk County urban-eligible tract,N,Eligible — not designated,28.0562758,-81.7292384,"Rev. Proc. 2026-14 appendix Non-rural (eligible, not entirely rural); urban/non-rural pack for Land Search Builder"
Tampa,Florida,Polk,12105013602,Polk County urban-eligible tract,N,Eligible — not designated,28.0462934,-81.7170969,"Rev. Proc. 2026-14 appendix Non-rural (eligible, not entirely rural); urban/non-rural pack for Land Search Builder"
Tampa,Florida,Polk,12105013701,Polk County urban-eligible tract,N,Eligible — not designated,28.0249708,-81.731616,"Rev. Proc. 2026-14 appendix Non-rural (eligible, not entirely rural); urban/non-rural pack for Land Search Builder"
Tampa,Florida,Polk,12105013702,Polk County urban-eligible tract,N,Eligible — not designated,28.0331663,-81.7069209,"Rev. Proc. 2026-14 appendix Non-rural (eligible, not entirely rural); urban/non-rural pack for Land Search Builder"
Tampa,Florida,Polk,12105013801,Polk County urban-eligible tract,N,Eligible — not designated,28.0173387,-81.75029,"Rev. Proc. 2026-14 appendix Non-rural (eligible, not entirely rural); urban/non-rural pack for Land Search Builder"
Tampa,Florida,Polk,12105013802,Polk County urban-eligible tract,N,Eligible — not designated,28.0076245,-81.755397,"Rev. Proc. 2026-14 appendix Non-rural (eligible, not entirely rural); urban/non-rural pack for Land Search Builder"
Tampa,Florida,Polk,12105013901,Polk County urban-eligible tract,N,Eligible — not designated,28.0112044,-81.725435,"Rev. Proc. 2026-14 appendix Non-rural (eligible, not entirely rural); urban/non-rural pack for Land Search Builder"
Tampa,Florida,Polk,12105014124,Polk County urban-eligible tract,N,Eligible — not designated,28.0544359,-81.6355025,"Rev. Proc. 2026-14 appendix Non-rural (eligible, not entirely rural); urban/non-rural pack for Land Search Builder"
Tampa,Florida,Polk,12105014130,Polk County urban-eligible tract,N,Eligible — not designated,27.9909376,-81.5993008,"Rev. Proc. 2026-14 appendix Non-rural (eligible, not entirely rural); urban/non-rural pack for Land Search Builder"
Tampa,Florida,Polk,12105014131,Polk County urban-eligible tract,N,Eligible — not designated,28.0207338,-81.6208923,"Rev. Proc. 2026-14 appendix Non-rural (eligible, not entirely rural); urban/non-rural pack for Land Search Builder"
Tampa,Florida,Polk,12105014502,Polk County urban-eligible tract,N,Eligible — not designated,27.953248,-81.7257604,"Rev. Proc. 2026-14 appendix Non-rural (eligible, not entirely rural); urban/non-rural pack for Land Search Builder"
Tampa,Florida,Polk,12105014802,Polk County urban-eligible tract,N,Eligible — not designated,27.8712185,-81.94896,"Rev. Proc. 2026-14 appendix Non-rural (eligible, not entirely rural); urban/non-rural pack for Land Search Builder"
Tampa,Florida,Polk,12105014904,Polk County urban-eligible tract,N,Eligible — not designated,27.9327499,-82.0364462,"Rev. Proc. 2026-14 appendix Non-rural (eligible, not entirely rural); urban/non-rural pack for Land Search Builder"
Tampa,Florida,Polk,12105014905,Polk County urban-eligible tract,N,Eligible — not designated,27.9198995,-82.0070642,"Rev. Proc. 2026-14 appendix Non-rural (eligible, not entirely rural); urban/non-rural pack for Land Search Builder"
Tampa,Florida,Polk,12105015301,Polk County urban-eligible tract,N,Eligible — not designated,27.8682531,-81.7735451,"Rev. Proc. 2026-14 appendix Non-rural (eligible, not entirely rural); urban/non-rural pack for Land Search Builder"
Tampa,Florida,Polk,12105016400,Polk County urban-eligible tract,N,Eligible — not designated,28.0481964,-81.9546993,"Rev. Proc. 2026-14 appendix Non-rural (eligible, not entirely rural); urban/non-rural pack for Land Search Builder"
Tampa,Florida,Sarasota,12115000200,Sarasota County urban-eligible tract,N,Eligible — not designated,27.3531833,-82.5417478,"Rev. Proc. 2026-14 appendix Non-rural (eligible, not entirely rural); county on outer/uncertain edge of ~90-min shed; urban/non-rural pack for Land Search Builder"
Tampa,Florida,Sarasota,12115000300,Sarasota County urban-eligible tract,N,Eligible — not designated,27.3605726,-82.5342106,"Rev. Proc. 2026-14 appendix Non-rural (eligible, not entirely rural); county on outer/uncertain edge of ~90-min shed; urban/non-rural pack for Land Search Builder"
Tampa,Florida,Sarasota,12115000405,Sarasota County urban-eligible tract,N,Eligible — not designated,27.3341051,-82.4881633,"Rev. Proc. 2026-14 appendix Non-rural (eligible, not entirely rural); county on outer/uncertain edge of ~90-min shed; urban/non-rural pack for Land Search Builder"
Tampa,Florida,Sarasota,12115000406,Sarasota County urban-eligible tract,N,Eligible — not designated,27.3339084,-82.5067585,"Rev. Proc. 2026-14 appendix Non-rural (eligible, not entirely rural); county on outer/uncertain edge of ~90-min shed; urban/non-rural pack for Land Search Builder"
Tampa,Florida,Sarasota,12115000503,Sarasota County urban-eligible tract,N,Eligible — not designated,27.3234302,-82.5055187,"Rev. Proc. 2026-14 appendix Non-rural (eligible, not entirely rural); county on outer/uncertain edge of ~90-min shed; urban/non-rural pack for Land Search Builder"
Tampa,Florida,Sarasota,12115001000,Sarasota County urban-eligible tract,N,Eligible — not designated,27.3804724,-82.5496465,"Rev. Proc. 2026-14 appendix Non-rural (eligible, not entirely rural); county on outer/uncertain edge of ~90-min shed; urban/non-rural pack for Land Search Builder"
Tampa,Florida,Sarasota,12115001703,Sarasota County urban-eligible tract,N,Eligible — not designated,27.2758512,-82.5071923,"Rev. Proc. 2026-14 appendix Non-rural (eligible, not entirely rural); county on outer/uncertain edge of ~90-min shed; urban/non-rural pack for Land Search Builder"
Tampa,Florida,Sarasota,12115002203,Sarasota County urban-eligible tract,N,Eligible — not designated,27.1237834,-82.4389998,"Rev. Proc. 2026-14 appendix Non-rural (eligible, not entirely rural); county on outer/uncertain edge of ~90-min shed; urban/non-rural pack for Land Search Builder"
Tampa,Florida,Sarasota,12115002509,Sarasota County urban-eligible tract,N,Eligible — not designated,27.0308132,-82.4098245,"Rev. Proc. 2026-14 appendix Non-rural (eligible, not entirely rural); county on outer/uncertain edge of ~90-min shed; urban/non-rural pack for Land Search Builder"
Tampa,Florida,Sarasota,12115002603,Sarasota County urban-eligible tract,N,Eligible — not designated,26.9668185,-82.368561,"Rev. Proc. 2026-14 appendix Non-rural (eligible, not entirely rural); county on outer/uncertain edge of ~90-min shed; urban/non-rural pack for Land Search Builder"
Tampa,Florida,Sarasota,12115002604,Sarasota County urban-eligible tract,N,Eligible — not designated,26.9686796,-82.3478865,"Rev. Proc. 2026-14 appendix Non-rural (eligible, not entirely rural); county on outer/uncertain edge of ~90-min shed; urban/non-rural pack for Land Search Builder"
Tampa,Florida,Sarasota,12115002710,Sarasota County urban-eligible tract,N,Eligible — not designated,27.0400745,-82.2291455,"Rev. Proc. 2026-14 appendix Non-rural (eligible, not entirely rural); county on outer/uncertain edge of ~90-min shed; urban/non-rural pack for Land Search Builder"
Tampa,Florida,Sarasota,12115002723,Sarasota County urban-eligible tract,N,Eligible — not designated,27.030379,-82.2659678,"Rev. Proc. 2026-14 appendix Non-rural (eligible, not entirely rural); county on outer/uncertain edge of ~90-min shed; urban/non-rural pack for Land Search Builder"
Orlando,Florida,Brevard,12009062114,Brevard County urban-eligible tract,N,Eligible — not designated,28.4435977,-80.7613996,"Rev. Proc. 2026-14 appendix Non-rural (eligible, not entirely rural); county on outer/uncertain edge of ~90-min shed; urban/non-rural pack for Land Search Builder"
Orlando,Florida,Brevard,12009062302,Brevard County urban-eligible tract,N,Eligible — not designated,28.3833966,-80.7492823,"Rev. Proc. 2026-14 appendix Non-rural (eligible, not entirely rural); county on outer/uncertain edge of ~90-min shed; urban/non-rural pack for Land Search Builder"
Orlando,Florida,Brevard,12009062401,Brevard County urban-eligible tract,N,Eligible — not designated,28.3827445,-80.7790023,"Rev. Proc. 2026-14 appendix Non-rural (eligible, not entirely rural); county on outer/uncertain edge of ~90-min shed; urban/non-rural pack for Land Search Builder"
Orlando,Florida,Brevard,12009062402,Brevard County urban-eligible tract,N,Eligible — not designated,28.3685732,-80.7686433,"Rev. Proc. 2026-14 appendix Non-rural (eligible, not entirely rural); county on outer/uncertain edge of ~90-min shed; urban/non-rural pack for Land Search Builder"
Orlando,Florida,Brevard,12009062500,Brevard County urban-eligible tract,N,Eligible — not designated,28.3518753,-80.8101474,"Rev. Proc. 2026-14 appendix Non-rural (eligible, not entirely rural); county on outer/uncertain edge of ~90-min shed; urban/non-rural pack for Land Search Builder"
Orlando,Florida,Brevard,12009062600,Brevard County urban-eligible tract,N,Eligible — not designated,28.3545721,-80.7441807,"Rev. Proc. 2026-14 appendix Non-rural (eligible, not entirely rural); county on outer/uncertain edge of ~90-min shed; urban/non-rural pack for Land Search Builder"
Orlando,Florida,Brevard,12009064201,Brevard County urban-eligible tract,N,Eligible — not designated,28.1166945,-80.6212083,"Rev. Proc. 2026-14 appendix Non-rural (eligible, not entirely rural); county on outer/uncertain edge of ~90-min shed; urban/non-rural pack for Land Search Builder"
Orlando,Florida,Brevard,12009064202,Brevard County urban-eligible tract,N,Eligible — not designated,28.1595922,-80.641728,"Rev. Proc. 2026-14 appendix Non-rural (eligible, not entirely rural); county on outer/uncertain edge of ~90-min shed; urban/non-rural pack for Land Search Builder"
Orlando,Florida,Brevard,12009064302,Brevard County urban-eligible tract,N,Eligible — not designated,28.1317706,-80.6434014,"Rev. Proc. 2026-14 appendix Non-rural (eligible, not entirely rural); county on outer/uncertain edge of ~90-min shed; urban/non-rural pack for Land Search Builder"
Orlando,Florida,Brevard,12009064701,Brevard County urban-eligible tract,N,Eligible — not designated,28.0820678,-80.6336818,"Rev. Proc. 2026-14 appendix Non-rural (eligible, not entirely rural); county on outer/uncertain edge of ~90-min shed; urban/non-rural pack for Land Search Builder"
Orlando,Florida,Brevard,12009064800,Brevard County urban-eligible tract,N,Eligible — not designated,28.0899726,-80.6090795,"Rev. Proc. 2026-14 appendix Non-rural (eligible, not entirely rural); county on outer/uncertain edge of ~90-min shed; urban/non-rural pack for Land Search Builder"
Orlando,Florida,Brevard,12009064902,Brevard County urban-eligible tract,N,Eligible — not designated,28.0699625,-80.6031366,"Rev. Proc. 2026-14 appendix Non-rural (eligible, not entirely rural); county on outer/uncertain edge of ~90-min shed; urban/non-rural pack for Land Search Builder"
Orlando,Florida,Brevard,12009065023,Brevard County urban-eligible tract,N,Eligible — not designated,28.0469304,-80.6516877,"Rev. Proc. 2026-14 appendix Non-rural (eligible, not entirely rural); county on outer/uncertain edge of ~90-min shed; urban/non-rural pack for Land Search Builder"
Orlando,Florida,Brevard,12009065124,Brevard County urban-eligible tract,N,Eligible — not designated,28.0572895,-80.6106228,"Rev. Proc. 2026-14 appendix Non-rural (eligible, not entirely rural); county on outer/uncertain edge of ~90-min shed; urban/non-rural pack for Land Search Builder"
Orlando,Florida,Brevard,12009065128,Brevard County urban-eligible tract,N,Eligible — not designated,28.0391176,-80.6126214,"Rev. Proc. 2026-14 appendix Non-rural (eligible, not entirely rural); county on outer/uncertain edge of ~90-min shed; urban/non-rural pack for Land Search Builder"
Orlando,Florida,Brevard,12009068501,Brevard County urban-eligible tract,N,Eligible — not designated,28.3889594,-80.6091413,"Rev. Proc. 2026-14 appendix Non-rural (eligible, not entirely rural); county on outer/uncertain edge of ~90-min shed; urban/non-rural pack for Land Search Builder"
Orlando,Florida,Brevard,12009069906,Brevard County urban-eligible tract,N,Eligible — not designated,28.3817844,-80.707491,"Rev. Proc. 2026-14 appendix Non-rural (eligible, not entirely rural); county on outer/uncertain edge of ~90-min shed; urban/non-rural pack for Land Search Builder"
Orlando,Florida,Brevard,12009071342,Brevard County urban-eligible tract,N,Eligible — not designated,27.9936346,-80.6527935,"Rev. Proc. 2026-14 appendix Non-rural (eligible, not entirely rural); county on outer/uncertain edge of ~90-min shed; urban/non-rural pack for Land Search Builder"
Orlando,Florida,Brevard,12009071347,Brevard County urban-eligible tract,N,Eligible — not designated,27.9916347,-80.6923352,"Rev. Proc. 2026-14 appendix Non-rural (eligible, not entirely rural); county on outer/uncertain edge of ~90-min shed; urban/non-rural pack for Land Search Builder"
Orlando,Florida,Marion,12083000302,Marion County urban-eligible tract,N,Eligible — not designated,29.275652,-82.1209603,"Rev. Proc. 2026-14 appendix Non-rural (eligible, not entirely rural); county on outer/uncertain edge of ~90-min shed; urban/non-rural pack for Land Search Builder"
Orlando,Florida,Marion,12083001211,Marion County urban-eligible tract,N,Eligible — not designated,29.1067917,-82.007856,"Rev. Proc. 2026-14 appendix Non-rural (eligible, not entirely rural); county on outer/uncertain edge of ~90-min shed; urban/non-rural pack for Land Search Builder"
Orlando,Florida,Marion,12083001301,Marion County urban-eligible tract,N,Eligible — not designated,29.2450679,-82.1118936,"Rev. Proc. 2026-14 appendix Non-rural (eligible, not entirely rural); county on outer/uncertain edge of ~90-min shed; urban/non-rural pack for Land Search Builder"
Orlando,Florida,Marion,12083001401,Marion County urban-eligible tract,N,Eligible — not designated,29.2122209,-82.1277376,"Rev. Proc. 2026-14 appendix Non-rural (eligible, not entirely rural); county on outer/uncertain edge of ~90-min shed; urban/non-rural pack for Land Search Builder"
Orlando,Florida,Marion,12083001404,Marion County urban-eligible tract,N,Eligible — not designated,29.2134466,-82.104855,"Rev. Proc. 2026-14 appendix Non-rural (eligible, not entirely rural); county on outer/uncertain edge of ~90-min shed; urban/non-rural pack for Land Search Builder"
Orlando,Florida,Marion,12083001500,Marion County urban-eligible tract,N,Eligible — not designated,29.2321567,-82.1680311,"Rev. Proc. 2026-14 appendix Non-rural (eligible, not entirely rural); county on outer/uncertain edge of ~90-min shed; urban/non-rural pack for Land Search Builder"
Orlando,Florida,Marion,12083001700,Marion County urban-eligible tract,N,Eligible — not designated,29.1844557,-82.1613045,"Rev. Proc. 2026-14 appendix Non-rural (eligible, not entirely rural); county on outer/uncertain edge of ~90-min shed; urban/non-rural pack for Land Search Builder"
Orlando,Florida,Marion,12083001800,Marion County urban-eligible tract,N,Eligible — not designated,29.1877777,-82.146557,"Rev. Proc. 2026-14 appendix Non-rural (eligible, not entirely rural); county on outer/uncertain edge of ~90-min shed; urban/non-rural pack for Land Search Builder"
Orlando,Florida,Marion,12083002001,Marion County urban-eligible tract,N,Eligible — not designated,29.1919903,-82.1197882,"Rev. Proc. 2026-14 appendix Non-rural (eligible, not entirely rural); county on outer/uncertain edge of ~90-min shed; urban/non-rural pack for Land Search Builder"
Orlando,Florida,Marion,12083002002,Marion County urban-eligible tract,N,Eligible — not designated,29.1956662,-82.1025379,"Rev. Proc. 2026-14 appendix Non-rural (eligible, not entirely rural); county on outer/uncertain edge of ~90-min shed; urban/non-rural pack for Land Search Builder"
Orlando,Florida,Marion,12083002303,Marion County urban-eligible tract,N,Eligible — not designated,29.1612039,-82.1268247,"Rev. Proc. 2026-14 appendix Non-rural (eligible, not entirely rural); county on outer/uncertain edge of ~90-min shed; urban/non-rural pack for Land Search Builder"
Orlando,Florida,Orange,12095010400,Orange County urban-eligible tract,N,Eligible — not designated,28.5331753,-81.3908563,"Rev. Proc. 2026-14 appendix Non-rural (eligible, not entirely rural); urban/non-rural pack for Land Search Builder"
Orlando,Florida,Orange,12095010500,Orange County urban-eligible tract,N,Eligible — not designated,28.5376497,-81.3899651,"Rev. Proc. 2026-14 appendix Non-rural (eligible, not entirely rural); urban/non-rural pack for Land Search Builder"
Orlando,Florida,Orange,12095011600,Orange County urban-eligible tract,N,Eligible — not designated,28.5223329,-81.3991651,"Rev. Proc. 2026-14 appendix Non-rural (eligible, not entirely rural); urban/non-rural pack for Land Search Builder"
Orlando,Florida,Orange,12095011702,Orange County urban-eligible tract,N,Eligible — not designated,28.5277905,-81.4163629,"Rev. Proc. 2026-14 appendix Non-rural (eligible, not entirely rural); urban/non-rural pack for Land Search Builder"
Orlando,Florida,Orange,12095012000,Orange County urban-eligible tract,N,Eligible — not designated,28.568977,-81.4436536,"Rev. Proc. 2026-14 appendix Non-rural (eligible, not entirely rural); urban/non-rural pack for Land Search Builder"
Orlando,Florida,Orange,12095012100,Orange County urban-eligible tract,N,Eligible — not designated,28.5659034,-81.4544805,"Rev. Proc. 2026-14 appendix Non-rural (eligible, not entirely rural); urban/non-rural pack for Land Search Builder"
Orlando,Florida,Orange,12095012201,Orange County urban-eligible tract,N,Eligible — not designated,28.5649538,-81.4718103,"Rev. Proc. 2026-14 appendix Non-rural (eligible, not entirely rural); urban/non-rural pack for Land Search Builder"
Orlando,Florida,Orange,12095012202,Orange County urban-eligible tract,N,Eligible — not designated,28.565368,-81.4630503,"Rev. Proc. 2026-14 appendix Non-rural (eligible, not entirely rural); urban/non-rural pack for Land Search Builder"
Orlando,Florida,Orange,12095012303,Orange County urban-eligible tract,N,Eligible — not designated,28.6017893,-81.4861409,"Rev. Proc. 2026-14 appendix Non-rural (eligible, not entirely rural); urban/non-rural pack for Land Search Builder"
Orlando,Florida,Orange,12095012305,Orange County urban-eligible tract,N,Eligible — not designated,28.5941695,-81.4720035,"Rev. Proc. 2026-14 appendix Non-rural (eligible, not entirely rural); urban/non-rural pack for Land Search Builder"
Orlando,Florida,Orange,12095012307,Orange County urban-eligible tract,N,Eligible — not designated,28.5869713,-81.4601589,"Rev. Proc. 2026-14 appendix Non-rural (eligible, not entirely rural); urban/non-rural pack for Land Search Builder"
Orlando,Florida,Orange,12095012402,Orange County urban-eligible tract,N,Eligible — not designated,28.5943289,-81.4298399,"Rev. Proc. 2026-14 appendix Non-rural (eligible, not entirely rural); urban/non-rural pack for Land Search Builder"
Orlando,Florida,Orange,12095012403,Orange County urban-eligible tract,N,Eligible — not designated,28.5853691,-81.4339188,"Rev. Proc. 2026-14 appendix Non-rural (eligible, not entirely rural); urban/non-rural pack for Land Search Builder"
Orlando,Florida,Orange,12095012405,Orange County urban-eligible tract,N,Eligible — not designated,28.6012475,-81.4416858,"Rev. Proc. 2026-14 appendix Non-rural (eligible, not entirely rural); urban/non-rural pack for Land Search Builder"
Orlando,Florida,Orange,12095013201,Orange County urban-eligible tract,N,Eligible — not designated,28.5506755,-81.3039779,"Rev. Proc. 2026-14 appendix Non-rural (eligible, not entirely rural); urban/non-rural pack for Land Search Builder"
Orlando,Florida,Orange,12095013403,Orange County urban-eligible tract,N,Eligible — not designated,28.5358147,-81.3020882,"Rev. Proc. 2026-14 appendix Non-rural (eligible, not entirely rural); urban/non-rural pack for Land Search Builder"
Orlando,Florida,Orange,12095013405,Orange County urban-eligible tract,N,Eligible — not designated,28.5233754,-81.296273,"Rev. Proc. 2026-14 appendix Non-rural (eligible, not entirely rural); urban/non-rural pack for Land Search Builder"
Orlando,Florida,Orange,12095013503,Orange County urban-eligible tract,N,Eligible — not designated,28.5193506,-81.307899,"Rev. Proc. 2026-14 appendix Non-rural (eligible, not entirely rural); urban/non-rural pack for Land Search Builder"
Orlando,Florida,Orange,12095013505,Orange County urban-eligible tract,N,Eligible — not designated,28.511585,-81.296362,"Rev. Proc. 2026-14 appendix Non-rural (eligible, not entirely rural); urban/non-rural pack for Land Search Builder"
Orlando,Florida,Orange,12095013507,Orange County urban-eligible tract,N,Eligible — not designated,28.4622558,-81.2919589,"Rev. Proc. 2026-14 appendix Non-rural (eligible, not entirely rural); urban/non-rural pack for Land Search Builder"
Orlando,Florida,Orange,12095013511,Orange County urban-eligible tract,N,Eligible — not designated,28.4903814,-81.2935301,"Rev. Proc. 2026-14 appendix Non-rural (eligible, not entirely rural); urban/non-rural pack for Land Search Builder"
Orlando,Florida,Orange,12095013512,Orange County urban-eligible tract,N,Eligible — not designated,28.4902632,-81.3048157,"Rev. Proc. 2026-14 appendix Non-rural (eligible, not entirely rural); urban/non-rural pack for Land Search Builder"
Orlando,Florida,Orange,12095013513,Orange County urban-eligible tract,N,Eligible — not designated,28.5028331,-81.3030827,"Rev. Proc. 2026-14 appendix Non-rural (eligible, not entirely rural); urban/non-rural pack for Land Search Builder"
Orlando,Florida,Orange,12095013604,Orange County urban-eligible tract,N,Eligible — not designated,28.5081505,-81.322588,"Rev. Proc. 2026-14 appendix Non-rural (eligible, not entirely rural); urban/non-rural pack for Land Search Builder"
Orlando,Florida,Orange,12095013605,Orange County urban-eligible tract,N,Eligible — not designated,28.4978455,-81.3184298,"Rev. Proc. 2026-14 appendix Non-rural (eligible, not entirely rural); urban/non-rural pack for Land Search Builder"
Orlando,Florida,Orange,12095013606,Orange County urban-eligible tract,N,Eligible — not designated,28.4552715,-81.3183168,"Rev. Proc. 2026-14 appendix Non-rural (eligible, not entirely rural); urban/non-rural pack for Land Search Builder"
Orlando,Florida,Orange,12095013701,Orange County urban-eligible tract,N,Eligible — not designated,28.5154966,-81.3443779,"Rev. Proc. 2026-14 appendix Non-rural (eligible, not entirely rural); urban/non-rural pack for Land Search Builder"
Orlando,Florida,Orange,12095013702,Orange County urban-eligible tract,N,Eligible — not designated,28.5204988,-81.3425952,"Rev. Proc. 2026-14 appendix Non-rural (eligible, not entirely rural); urban/non-rural pack for Land Search Builder"
Orlando,Florida,Orange,12095014202,Orange County urban-eligible tract,N,Eligible — not designated,28.4523129,-81.3815551,"Rev. Proc. 2026-14 appendix Non-rural (eligible, not entirely rural); urban/non-rural pack for Land Search Builder"
Orlando,Florida,Orange,12095014302,Orange County urban-eligible tract,N,Eligible — not designated,28.4690105,-81.3828992,"Rev. Proc. 2026-14 appendix Non-rural (eligible, not entirely rural); urban/non-rural pack for Land Search Builder"
Orlando,Florida,Orange,12095014502,Orange County urban-eligible tract,N,Eligible — not designated,28.4986648,-81.402098,"Rev. Proc. 2026-14 appendix Non-rural (eligible, not entirely rural); urban/non-rural pack for Land Search Builder"
Orlando,Florida,Orange,12095014503,Orange County urban-eligible tract,N,Eligible — not designated,28.5032893,-81.4091785,"Rev. Proc. 2026-14 appendix Non-rural (eligible, not entirely rural); urban/non-rural pack for Land Search Builder"
Orlando,Florida,Orange,12095014504,Orange County urban-eligible tract,N,Eligible — not designated,28.4958981,-81.4206751,"Rev. Proc. 2026-14 appendix Non-rural (eligible, not entirely rural); urban/non-rural pack for Land Search Builder"
Orlando,Florida,Orange,12095014601,Orange County urban-eligible tract,N,Eligible — not designated,28.5354221,-81.4452781,"Rev. Proc. 2026-14 appendix Non-rural (eligible, not entirely rural); urban/non-rural pack for Land Search Builder"
Orlando,Florida,Orange,12095014605,Orange County urban-eligible tract,N,Eligible — not designated,28.517474,-81.4326168,"Rev. Proc. 2026-14 appendix Non-rural (eligible, not entirely rural); urban/non-rural pack for Land Search Builder"
Orlando,Florida,Orange,12095014606,Orange County urban-eligible tract,N,Eligible — not designated,28.5024968,-81.4316808,"Rev. Proc. 2026-14 appendix Non-rural (eligible, not entirely rural); urban/non-rural pack for Land Search Builder"
Orlando,Florida,Orange,12095014607,Orange County urban-eligible tract,N,Eligible — not designated,28.486995,-81.4449104,"Rev. Proc. 2026-14 appendix Non-rural (eligible, not entirely rural); urban/non-rural pack for Land Search Builder"
Orlando,Florida,Orange,12095014608,Orange County urban-eligible tract,N,Eligible — not designated,28.5210395,-81.4477315,"Rev. Proc. 2026-14 appendix Non-rural (eligible, not entirely rural); urban/non-rural pack for Land Search Builder"
Orlando,Florida,Orange,12095014701,Orange County urban-eligible tract,N,Eligible — not designated,28.5458821,-81.4619006,"Rev. Proc. 2026-14 appendix Non-rural (eligible, not entirely rural); urban/non-rural pack for Land Search Builder"
Orlando,Florida,Orange,12095014702,Orange County urban-eligible tract,N,Eligible — not designated,28.5332632,-81.4686273,"Rev. Proc. 2026-14 appendix Non-rural (eligible, not entirely rural); urban/non-rural pack for Land Search Builder"
Orlando,Florida,Orange,12095014703,Orange County urban-eligible tract,N,Eligible — not designated,28.521915,-81.4635214,"Rev. Proc. 2026-14 appendix Non-rural (eligible, not entirely rural); urban/non-rural pack for Land Search Builder"
Orlando,Florida,Orange,12095014706,Orange County urban-eligible tract,N,Eligible — not designated,28.5123034,-81.479202,"Rev. Proc. 2026-14 appendix Non-rural (eligible, not entirely rural); urban/non-rural pack for Land Search Builder"
Orlando,Florida,Orange,12095014804,Orange County urban-eligible tract,N,Eligible — not designated,28.5401108,-81.5287478,"Rev. Proc. 2026-14 appendix Non-rural (eligible, not entirely rural); urban/non-rural pack for Land Search Builder"
Orlando,Florida,Orange,12095014805,Orange County urban-eligible tract,N,Eligible — not designated,28.5430668,-81.484766,"Rev. Proc. 2026-14 appendix Non-rural (eligible, not entirely rural); urban/non-rural pack for Land Search Builder"
Orlando,Florida,Orange,12095014812,Orange County urban-eligible tract,N,Eligible — not designated,28.4805056,-81.4670317,"Rev. Proc. 2026-14 appendix Non-rural (eligible, not entirely rural); urban/non-rural pack for Land Search Builder"
Orlando,Florida,Orange,12095014904,Orange County urban-eligible tract,N,Eligible — not designated,28.5543946,-81.4914193,"Rev. Proc. 2026-14 appendix Non-rural (eligible, not entirely rural); urban/non-rural pack for Land Search Builder"
Orlando,Florida,Orange,12095015104,Orange County urban-eligible tract,N,Eligible — not designated,28.6306515,-81.419285,"Rev. Proc. 2026-14 appendix Non-rural (eligible, not entirely rural); urban/non-rural pack for Land Search Builder"
Orlando,Florida,Orange,12095015106,Orange County urban-eligible tract,N,Eligible — not designated,28.6185513,-81.4590264,"Rev. Proc. 2026-14 appendix Non-rural (eligible, not entirely rural); urban/non-rural pack for Land Search Builder"
Orlando,Florida,Orange,12095015901,Orange County urban-eligible tract,N,Eligible — not designated,28.5983713,-81.3599871,"Rev. Proc. 2026-14 appendix Non-rural (eligible, not entirely rural); urban/non-rural pack for Land Search Builder"
Orlando,Florida,Orange,12095016302,Orange County urban-eligible tract,N,Eligible — not designated,28.6057428,-81.2994713,"Rev. Proc. 2026-14 appendix Non-rural (eligible, not entirely rural); urban/non-rural pack for Land Search Builder"
Orlando,Florida,Orange,12095016406,Orange County urban-eligible tract,N,Eligible — not designated,28.583679,-81.3015298,"Rev. Proc. 2026-14 appendix Non-rural (eligible, not entirely rural); urban/non-rural pack for Land Search Builder"
Orlando,Florida,Orange,12095016407,Orange County urban-eligible tract,N,Eligible — not designated,28.5933024,-81.2956365,"Rev. Proc. 2026-14 appendix Non-rural (eligible, not entirely rural); urban/non-rural pack for Land Search Builder"
Orlando,Florida,Orange,12095016413,Orange County urban-eligible tract,N,Eligible — not designated,28.5759416,-81.2763142,"Rev. Proc. 2026-14 appendix Non-rural (eligible, not entirely rural); urban/non-rural pack for Land Search Builder"
Orlando,Florida,Orange,12095016504,Orange County urban-eligible tract,N,Eligible — not designated,28.5805179,-81.2401751,"Rev. Proc. 2026-14 appendix Non-rural (eligible, not entirely rural); urban/non-rural pack for Land Search Builder"
Orlando,Florida,Orange,12095016505,Orange County urban-eligible tract,N,Eligible — not designated,28.5746134,-81.2340699,"Rev. Proc. 2026-14 appendix Non-rural (eligible, not entirely rural); urban/non-rural pack for Land Search Builder"
Orlando,Florida,Orange,12095016510,Orange County urban-eligible tract,N,Eligible — not designated,28.5913457,-81.2150492,"Rev. Proc. 2026-14 appendix Non-rural (eligible, not entirely rural); urban/non-rural pack for Land Search Builder"
Orlando,Florida,Orange,12095016511,Orange County urban-eligible tract,N,Eligible — not designated,28.5777572,-81.2192509,"Rev. Proc. 2026-14 appendix Non-rural (eligible, not entirely rural); urban/non-rural pack for Land Search Builder"
Orlando,Florida,Orange,12095016513,Orange County urban-eligible tract,N,Eligible — not designated,28.5796634,-81.1886404,"Rev. Proc. 2026-14 appendix Non-rural (eligible, not entirely rural); urban/non-rural pack for Land Search Builder"
Orlando,Florida,Orange,12095016713,Orange County urban-eligible tract,N,Eligible — not designated,28.5564402,-81.2549581,"Rev. Proc. 2026-14 appendix Non-rural (eligible, not entirely rural); urban/non-rural pack for Land Search Builder"
Orlando,Florida,Orange,12095016738,Orange County urban-eligible tract,N,Eligible — not designated,28.554548,-81.2814823,"Rev. Proc. 2026-14 appendix Non-rural (eligible, not entirely rural); urban/non-rural pack for Land Search Builder"
Orlando,Florida,Orange,12095016739,Orange County urban-eligible tract,N,Eligible — not designated,28.5589035,-81.2732556,"Rev. Proc. 2026-14 appendix Non-rural (eligible, not entirely rural); urban/non-rural pack for Land Search Builder"
Orlando,Florida,Orange,12095016744,Orange County urban-eligible tract,N,Eligible — not designated,28.5560993,-81.1719617,"Rev. Proc. 2026-14 appendix Non-rural (eligible, not entirely rural); urban/non-rural pack for Land Search Builder"
Orlando,Florida,Orange,12095016809,Orange County urban-eligible tract,N,Eligible — not designated,28.3826029,-81.3673305,"Rev. Proc. 2026-14 appendix Non-rural (eligible, not entirely rural); urban/non-rural pack for Land Search Builder"
Orlando,Florida,Orange,12095016814,Orange County urban-eligible tract,N,Eligible — not designated,28.355469,-81.376262,"Rev. Proc. 2026-14 appendix Non-rural (eligible, not entirely rural); urban/non-rural pack for Land Search Builder"
Orlando,Florida,Orange,12095016902,Orange County urban-eligible tract,N,Eligible — not designated,28.4584362,-81.4148412,"Rev. Proc. 2026-14 appendix Non-rural (eligible, not entirely rural); urban/non-rural pack for Land Search Builder"
Orlando,Florida,Orange,12095016904,Orange County urban-eligible tract,N,Eligible — not designated,28.478823,-81.4107737,"Rev. Proc. 2026-14 appendix Non-rural (eligible, not entirely rural); urban/non-rural pack for Land Search Builder"
Orlando,Florida,Orange,12095016906,Orange County urban-eligible tract,N,Eligible — not designated,28.4886728,-81.401259,"Rev. Proc. 2026-14 appendix Non-rural (eligible, not entirely rural); urban/non-rural pack for Land Search Builder"
Orlando,Florida,Orange,12095016907,Orange County urban-eligible tract,N,Eligible — not designated,28.478845,-81.4031795,"Rev. Proc. 2026-14 appendix Non-rural (eligible, not entirely rural); urban/non-rural pack for Land Search Builder"
Orlando,Florida,Orange,12095016908,Orange County urban-eligible tract,N,Eligible — not designated,28.4848175,-81.4271763,"Rev. Proc. 2026-14 appendix Non-rural (eligible, not entirely rural); urban/non-rural pack for Land Search Builder"
Orlando,Florida,Orange,12095016909,Orange County urban-eligible tract,N,Eligible — not designated,28.4761182,-81.4243017,"Rev. Proc. 2026-14 appendix Non-rural (eligible, not entirely rural); urban/non-rural pack for Land Search Builder"
Orlando,Florida,Orange,12095016911,Orange County urban-eligible tract,N,Eligible — not designated,28.4781153,-81.4383105,"Rev. Proc. 2026-14 appendix Non-rural (eligible, not entirely rural); urban/non-rural pack for Land Search Builder"
Orlando,Florida,Orange,12095017018,Orange County urban-eligible tract,N,Eligible — not designated,28.4154317,-81.4107737,"Rev. Proc. 2026-14 appendix Non-rural (eligible, not entirely rural); urban/non-rural pack for Land Search Builder"
Orlando,Florida,Orange,12095017019,Orange County urban-eligible tract,N,Eligible — not designated,28.4033628,-81.4119927,"Rev. Proc. 2026-14 appendix Non-rural (eligible, not entirely rural); urban/non-rural pack for Land Search Builder"
Orlando,Florida,Orange,12095017022,Orange County urban-eligible tract,N,Eligible — not designated,28.3908895,-81.4744611,"Rev. Proc. 2026-14 appendix Non-rural (eligible, not entirely rural); urban/non-rural pack for Land Search Builder"
Orlando,Florida,Orange,12095017023,Orange County urban-eligible tract,N,Eligible — not designated,28.3648383,-81.5009406,"Rev. Proc. 2026-14 appendix Non-rural (eligible, not entirely rural); urban/non-rural pack for Land Search Builder"
Orlando,Florida,Orange,12095017302,Orange County urban-eligible tract,N,Eligible — not designated,28.5564089,-81.5934086,"Rev. Proc. 2026-14 appendix Non-rural (eligible, not entirely rural); urban/non-rural pack for Land Search Builder"
Orlando,Florida,Orange,12095017402,Orange County urban-eligible tract,N,Eligible — not designated,28.5570069,-81.56993,"Rev. Proc. 2026-14 appendix Non-rural (eligible, not entirely rural); urban/non-rural pack for Land Search Builder"
Orlando,Florida,Orange,12095017503,Orange County urban-eligible tract,N,Eligible — not designated,28.6626851,-81.4748743,"Rev. Proc. 2026-14 appendix Non-rural (eligible, not entirely rural); urban/non-rural pack for Land Search Builder"
Orlando,Florida,Orange,12095017600,Orange County urban-eligible tract,N,Eligible — not designated,28.6650732,-81.5059645,"Rev. Proc. 2026-14 appendix Non-rural (eligible, not entirely rural); urban/non-rural pack for Land Search Builder"
Orlando,Florida,Orange,12095017703,Orange County urban-eligible tract,N,Eligible — not designated,28.6808037,-81.5032071,"Rev. Proc. 2026-14 appendix Non-rural (eligible, not entirely rural); urban/non-rural pack for Land Search Builder"
Orlando,Florida,Orange,12095017809,Orange County urban-eligible tract,N,Eligible — not designated,28.7154224,-81.5179273,"Rev. Proc. 2026-14 appendix Non-rural (eligible, not entirely rural); urban/non-rural pack for Land Search Builder"
Orlando,Florida,Orange,12095018000,Orange County urban-eligible tract,N,Eligible — not designated,28.6066505,-81.3792679,"Rev. Proc. 2026-14 appendix Non-rural (eligible, not entirely rural); urban/non-rural pack for Land Search Builder"
Orlando,Florida,Orange,12095018100,Orange County urban-eligible tract,N,Eligible — not designated,28.5663724,-81.532626,"Rev. Proc. 2026-14 appendix Non-rural (eligible, not entirely rural); urban/non-rural pack for Land Search Builder"
Orlando,Florida,Orange,12095018300,Orange County urban-eligible tract,N,Eligible — not designated,28.5461435,-81.4178715,"Rev. Proc. 2026-14 appendix Non-rural (eligible, not entirely rural); urban/non-rural pack for Land Search Builder"
Orlando,Florida,Orange,12095018700,Orange County urban-eligible tract,N,Eligible — not designated,28.5639295,-81.4217562,"Rev. Proc. 2026-14 appendix Non-rural (eligible, not entirely rural); urban/non-rural pack for Land Search Builder"
Orlando,Florida,Orange,12095018901,Orange County urban-eligible tract,N,Eligible — not designated,28.5519201,-81.3887604,"Rev. Proc. 2026-14 appendix Non-rural (eligible, not entirely rural); urban/non-rural pack for Land Search Builder"
Orlando,Florida,Osceola,12097040809,Osceola County urban-eligible tract,N,Eligible — not designated,28.3400703,-81.5051389,"Rev. Proc. 2026-14 appendix Non-rural (eligible, not entirely rural); urban/non-rural pack for Land Search Builder"
Orlando,Florida,Osceola,12097040903,Osceola County urban-eligible tract,N,Eligible — not designated,28.3234085,-81.4812392,"Rev. Proc. 2026-14 appendix Non-rural (eligible, not entirely rural); urban/non-rural pack for Land Search Builder"
Orlando,Florida,Osceola,12097040904,Osceola County urban-eligible tract,N,Eligible — not designated,28.3274164,-81.4630329,"Rev. Proc. 2026-14 appendix Non-rural (eligible, not entirely rural); urban/non-rural pack for Land Search Builder"
Orlando,Florida,Osceola,12097041005,Osceola County urban-eligible tract,N,Eligible — not designated,28.255563,-81.452682,"Rev. Proc. 2026-14 appendix Non-rural (eligible, not entirely rural); urban/non-rural pack for Land Search Builder"
Orlando,Florida,Osceola,12097041700,Osceola County urban-eligible tract,N,Eligible — not designated,28.2886425,-81.4389744,"Rev. Proc. 2026-14 appendix Non-rural (eligible, not entirely rural); urban/non-rural pack for Land Search Builder"
Orlando,Florida,Osceola,12097041900,Osceola County urban-eligible tract,N,Eligible — not designated,28.3155401,-81.4202393,"Rev. Proc. 2026-14 appendix Non-rural (eligible, not entirely rural); urban/non-rural pack for Land Search Builder"
Orlando,Florida,Osceola,12097042100,Osceola County urban-eligible tract,N,Eligible — not designated,28.341321,-81.4447663,"Rev. Proc. 2026-14 appendix Non-rural (eligible, not entirely rural); urban/non-rural pack for Land Search Builder"
Orlando,Florida,Osceola,12097042201,Osceola County urban-eligible tract,N,Eligible — not designated,28.3361129,-81.4118686,"Rev. Proc. 2026-14 appendix Non-rural (eligible, not entirely rural); urban/non-rural pack for Land Search Builder"
Orlando,Florida,Osceola,12097042202,Osceola County urban-eligible tract,N,Eligible — not designated,28.3117612,-81.4097812,"Rev. Proc. 2026-14 appendix Non-rural (eligible, not entirely rural); urban/non-rural pack for Land Search Builder"
Orlando,Florida,Osceola,12097042300,Osceola County urban-eligible tract,N,Eligible — not designated,28.3275695,-81.3943827,"Rev. Proc. 2026-14 appendix Non-rural (eligible, not entirely rural); urban/non-rural pack for Land Search Builder"
Orlando,Florida,Osceola,12097042604,Osceola County urban-eligible tract,N,Eligible — not designated,28.3361284,-81.3503869,"Rev. Proc. 2026-14 appendix Non-rural (eligible, not entirely rural); urban/non-rural pack for Land Search Builder"
Orlando,Florida,Osceola,12097042701,Osceola County urban-eligible tract,N,Eligible — not designated,28.3126108,-81.3565406,"Rev. Proc. 2026-14 appendix Non-rural (eligible, not entirely rural); urban/non-rural pack for Land Search Builder"
Orlando,Florida,Osceola,12097042901,Osceola County urban-eligible tract,N,Eligible — not designated,28.2950115,-81.3810403,"Rev. Proc. 2026-14 appendix Non-rural (eligible, not entirely rural); urban/non-rural pack for Land Search Builder"
Orlando,Florida,Osceola,12097042902,Osceola County urban-eligible tract,N,Eligible — not designated,28.2751905,-81.353704,"Rev. Proc. 2026-14 appendix Non-rural (eligible, not entirely rural); urban/non-rural pack for Land Search Builder"
Orlando,Florida,Osceola,12097042905,Osceola County urban-eligible tract,N,Eligible — not designated,28.2993029,-81.3467329,"Rev. Proc. 2026-14 appendix Non-rural (eligible, not entirely rural); urban/non-rural pack for Land Search Builder"
Orlando,Florida,Osceola,12097043203,Osceola County urban-eligible tract,N,Eligible — not designated,28.2558434,-81.3099896,"Rev. Proc. 2026-14 appendix Non-rural (eligible, not entirely rural); urban/non-rural pack for Land Search Builder"
Orlando,Florida,Osceola,12097043400,Osceola County urban-eligible tract,N,Eligible — not designated,28.2530262,-81.2936535,"Rev. Proc. 2026-14 appendix Non-rural (eligible, not entirely rural); urban/non-rural pack for Land Search Builder"
Orlando,Florida,Polk,12105010800,Polk County urban-eligible tract,N,Eligible — not designated,28.0365474,-81.9665586,"Rev. Proc. 2026-14 appendix Non-rural (eligible, not entirely rural); urban/non-rural pack for Land Search Builder"
Orlando,Florida,Polk,12105011000,Polk County urban-eligible tract,N,Eligible — not designated,28.0493181,-81.9837824,"Rev. Proc. 2026-14 appendix Non-rural (eligible, not entirely rural); urban/non-rural pack for Land Search Builder"
Orlando,Florida,Polk,12105011100,Polk County urban-eligible tract,N,Eligible — not designated,28.0584351,-81.9871307,"Rev. Proc. 2026-14 appendix Non-rural (eligible, not entirely rural); urban/non-rural pack for Land Search Builder"
Orlando,Florida,Polk,12105011203,Polk County urban-eligible tract,N,Eligible — not designated,28.0683216,-81.9665824,"Rev. Proc. 2026-14 appendix Non-rural (eligible, not entirely rural); urban/non-rural pack for Land Search Builder"
Orlando,Florida,Polk,12105011204,Polk County urban-eligible tract,N,Eligible — not designated,28.0728847,-81.9765745,"Rev. Proc. 2026-14 appendix Non-rural (eligible, not entirely rural); urban/non-rural pack for Land Search Builder"
Orlando,Florida,Polk,12105011300,Polk County urban-eligible tract,N,Eligible — not designated,28.0629156,-81.9522566,"Rev. Proc. 2026-14 appendix Non-rural (eligible, not entirely rural); urban/non-rural pack for Land Search Builder"
Orlando,Florida,Polk,12105011501,Polk County urban-eligible tract,N,Eligible — not designated,28.060349,-81.906719,"Rev. Proc. 2026-14 appendix Non-rural (eligible, not entirely rural); urban/non-rural pack for Land Search Builder"
Orlando,Florida,Polk,12105011704,Polk County urban-eligible tract,N,Eligible — not designated,28.0246308,-81.8992016,"Rev. Proc. 2026-14 appendix Non-rural (eligible, not entirely rural); urban/non-rural pack for Land Search Builder"
Orlando,Florida,Polk,12105011721,Polk County urban-eligible tract,N,Eligible — not designated,28.0331372,-81.8403497,"Rev. Proc. 2026-14 appendix Non-rural (eligible, not entirely rural); urban/non-rural pack for Land Search Builder"
Orlando,Florida,Polk,12105011731,Polk County urban-eligible tract,N,Eligible — not designated,28.0364784,-81.9168147,"Rev. Proc. 2026-14 appendix Non-rural (eligible, not entirely rural); urban/non-rural pack for Land Search Builder"
Orlando,Florida,Polk,12105011901,Polk County urban-eligible tract,N,Eligible — not designated,27.9782384,-81.9698538,"Rev. Proc. 2026-14 appendix Non-rural (eligible, not entirely rural); urban/non-rural pack for Land Search Builder"
Orlando,Florida,Polk,12105012002,Polk County urban-eligible tract,N,Eligible — not designated,28.0421041,-82.0025515,"Rev. Proc. 2026-14 appendix Non-rural (eligible, not entirely rural); urban/non-rural pack for Land Search Builder"
Orlando,Florida,Polk,12105012124,Polk County urban-eligible tract,N,Eligible — not designated,28.0947772,-82.0379499,"Rev. Proc. 2026-14 appendix Non-rural (eligible, not entirely rural); urban/non-rural pack for Land Search Builder"
Orlando,Florida,Polk,12105012125,Polk County urban-eligible tract,N,Eligible — not designated,28.131487,-82.046448,"Rev. Proc. 2026-14 appendix Non-rural (eligible, not entirely rural); urban/non-rural pack for Land Search Builder"
Orlando,Florida,Polk,12105012208,Polk County urban-eligible tract,N,Eligible — not designated,28.1248299,-81.9639527,"Rev. Proc. 2026-14 appendix Non-rural (eligible, not entirely rural); urban/non-rural pack for Land Search Builder"
Orlando,Florida,Polk,12105012305,Polk County urban-eligible tract,N,Eligible — not designated,28.217195,-81.8361462,"Rev. Proc. 2026-14 appendix Non-rural (eligible, not entirely rural); urban/non-rural pack for Land Search Builder"
Orlando,Florida,Polk,12105012307,Polk County urban-eligible tract,N,Eligible — not designated,28.2024192,-81.9556207,"Rev. Proc. 2026-14 appendix Non-rural (eligible, not entirely rural); urban/non-rural pack for Land Search Builder"
Orlando,Florida,Polk,12105012309,Polk County urban-eligible tract,N,Eligible — not designated,28.2054878,-81.8943885,"Rev. Proc. 2026-14 appendix Non-rural (eligible, not entirely rural); urban/non-rural pack for Land Search Builder"
Orlando,Florida,Polk,12105012508,Polk County urban-eligible tract,N,Eligible — not designated,28.2115379,-81.6066431,"Rev. Proc. 2026-14 appendix Non-rural (eligible, not entirely rural); urban/non-rural pack for Land Search Builder"
Orlando,Florida,Polk,12105012601,Polk County urban-eligible tract,N,Eligible — not designated,28.1259978,-81.6307064,"Rev. Proc. 2026-14 appendix Non-rural (eligible, not entirely rural); urban/non-rural pack for Land Search Builder"
Orlando,Florida,Polk,12105012602,Polk County urban-eligible tract,N,Eligible — not designated,28.1263031,-81.6058922,"Rev. Proc. 2026-14 appendix Non-rural (eligible, not entirely rural); urban/non-rural pack for Land Search Builder"
Orlando,Florida,Polk,12105013103,Polk County urban-eligible tract,N,Eligible — not designated,28.0454973,-81.8059081,"Rev. Proc. 2026-14 appendix Non-rural (eligible, not entirely rural); urban/non-rural pack for Land Search Builder"
Orlando,Florida,Polk,12105013200,Polk County urban-eligible tract,N,Eligible — not designated,28.0600538,-81.7832618,"Rev. Proc. 2026-14 appendix Non-rural (eligible, not entirely rural); urban/non-rural pack for Land Search Builder"
Orlando,Florida,Polk,12105013300,Polk County urban-eligible tract,N,Eligible — not designated,28.0427358,-81.7782172,"Rev. Proc. 2026-14 appendix Non-rural (eligible, not entirely rural); urban/non-rural pack for Land Search Builder"
Orlando,Florida,Polk,12105013400,Polk County urban-eligible tract,N,Eligible — not designated,28.0437358,-81.7635465,"Rev. Proc. 2026-14 appendix Non-rural (eligible, not entirely rural); urban/non-rural pack for Land Search Builder"
Orlando,Florida,Polk,12105013601,Polk County urban-eligible tract,N,Eligible — not designated,28.0562758,-81.7292384,"Rev. Proc. 2026-14 appendix Non-rural (eligible, not entirely rural); urban/non-rural pack for Land Search Builder"
Orlando,Florida,Polk,12105013602,Polk County urban-eligible tract,N,Eligible — not designated,28.0462934,-81.7170969,"Rev. Proc. 2026-14 appendix Non-rural (eligible, not entirely rural); urban/non-rural pack for Land Search Builder"
Orlando,Florida,Polk,12105013701,Polk County urban-eligible tract,N,Eligible — not designated,28.0249708,-81.731616,"Rev. Proc. 2026-14 appendix Non-rural (eligible, not entirely rural); urban/non-rural pack for Land Search Builder"
Orlando,Florida,Polk,12105013702,Polk County urban-eligible tract,N,Eligible — not designated,28.0331663,-81.7069209,"Rev. Proc. 2026-14 appendix Non-rural (eligible, not entirely rural); urban/non-rural pack for Land Search Builder"
Orlando,Florida,Polk,12105013801,Polk County urban-eligible tract,N,Eligible — not designated,28.0173387,-81.75029,"Rev. Proc. 2026-14 appendix Non-rural (eligible, not entirely rural); urban/non-rural pack for Land Search Builder"
Orlando,Florida,Polk,12105013802,Polk County urban-eligible tract,N,Eligible — not designated,28.0076245,-81.755397,"Rev. Proc. 2026-14 appendix Non-rural (eligible, not entirely rural); urban/non-rural pack for Land Search Builder"
Orlando,Florida,Polk,12105013901,Polk County urban-eligible tract,N,Eligible — not designated,28.0112044,-81.725435,"Rev. Proc. 2026-14 appendix Non-rural (eligible, not entirely rural); urban/non-rural pack for Land Search Builder"
Orlando,Florida,Polk,12105014124,Polk County urban-eligible tract,N,Eligible — not designated,28.0544359,-81.6355025,"Rev. Proc. 2026-14 appendix Non-rural (eligible, not entirely rural); urban/non-rural pack for Land Search Builder"
Orlando,Florida,Polk,12105014130,Polk County urban-eligible tract,N,Eligible — not designated,27.9909376,-81.5993008,"Rev. Proc. 2026-14 appendix Non-rural (eligible, not entirely rural); urban/non-rural pack for Land Search Builder"
Orlando,Florida,Polk,12105014131,Polk County urban-eligible tract,N,Eligible — not designated,28.0207338,-81.6208923,"Rev. Proc. 2026-14 appendix Non-rural (eligible, not entirely rural); urban/non-rural pack for Land Search Builder"
Orlando,Florida,Polk,12105014502,Polk County urban-eligible tract,N,Eligible — not designated,27.953248,-81.7257604,"Rev. Proc. 2026-14 appendix Non-rural (eligible, not entirely rural); urban/non-rural pack for Land Search Builder"
Orlando,Florida,Polk,12105014802,Polk County urban-eligible tract,N,Eligible — not designated,27.8712185,-81.94896,"Rev. Proc. 2026-14 appendix Non-rural (eligible, not entirely rural); urban/non-rural pack for Land Search Builder"
Orlando,Florida,Polk,12105014904,Polk County urban-eligible tract,N,Eligible — not designated,27.9327499,-82.0364462,"Rev. Proc. 2026-14 appendix Non-rural (eligible, not entirely rural); urban/non-rural pack for Land Search Builder"
Orlando,Florida,Polk,12105014905,Polk County urban-eligible tract,N,Eligible — not designated,27.9198995,-82.0070642,"Rev. Proc. 2026-14 appendix Non-rural (eligible, not entirely rural); urban/non-rural pack for Land Search Builder"
Orlando,Florida,Polk,12105015301,Polk County urban-eligible tract,N,Eligible — not designated,27.8682531,-81.7735451,"Rev. Proc. 2026-14 appendix Non-rural (eligible, not entirely rural); urban/non-rural pack for Land Search Builder"
Orlando,Florida,Polk,12105016400,Polk County urban-eligible tract,N,Eligible — not designated,28.0481964,-81.9546993,"Rev. Proc. 2026-14 appendix Non-rural (eligible, not entirely rural); urban/non-rural pack for Land Search Builder"
Orlando,Florida,Seminole,12117020101,Seminole County urban-eligible tract,N,Eligible — not designated,28.8152568,-81.2655776,"Rev. Proc. 2026-14 appendix Non-rural (eligible, not entirely rural); urban/non-rural pack for Land Search Builder"
Orlando,Florida,Seminole,12117020302,Seminole County urban-eligible tract,N,Eligible — not designated,28.7897971,-81.2804073,"Rev. Proc. 2026-14 appendix Non-rural (eligible, not entirely rural); urban/non-rural pack for Land Search Builder"
Orlando,Florida,Seminole,12117020401,Seminole County urban-eligible tract,N,Eligible — not designated,28.796322,-81.2839486,"Rev. Proc. 2026-14 appendix Non-rural (eligible, not entirely rural); urban/non-rural pack for Land Search Builder"
Orlando,Florida,Seminole,12117020500,Seminole County urban-eligible tract,N,Eligible — not designated,28.8157157,-81.2829923,"Rev. Proc. 2026-14 appendix Non-rural (eligible, not entirely rural); urban/non-rural pack for Land Search Builder"
Orlando,Florida,Seminole,12117020901,Seminole County urban-eligible tract,N,Eligible — not designated,28.7759957,-81.2827979,"Rev. Proc. 2026-14 appendix Non-rural (eligible, not entirely rural); urban/non-rural pack for Land Search Builder"
Orlando,Florida,Seminole,12117020902,Seminole County urban-eligible tract,N,Eligible — not designated,28.7777511,-81.2681407,"Rev. Proc. 2026-14 appendix Non-rural (eligible, not entirely rural); urban/non-rural pack for Land Search Builder"
Orlando,Florida,Seminole,12117021315,Seminole County urban-eligible tract,N,Eligible — not designated,28.6247409,-81.1843986,"Rev. Proc. 2026-14 appendix Non-rural (eligible, not entirely rural); urban/non-rural pack for Land Search Builder"
Orlando,Florida,Seminole,12117021613,Seminole County urban-eligible tract,N,Eligible — not designated,28.682833,-81.4120851,"Rev. Proc. 2026-14 appendix Non-rural (eligible, not entirely rural); urban/non-rural pack for Land Search Builder"
Orlando,Florida,Seminole,12117021705,Seminole County urban-eligible tract,N,Eligible — not designated,28.6575749,-81.4050211,"Rev. Proc. 2026-14 appendix Non-rural (eligible, not entirely rural); urban/non-rural pack for Land Search Builder"
Orlando,Florida,Seminole,12117021803,Seminole County urban-eligible tract,N,Eligible — not designated,28.6592188,-81.3871039,"Rev. Proc. 2026-14 appendix Non-rural (eligible, not entirely rural); urban/non-rural pack for Land Search Builder"
Orlando,Florida,Seminole,12117021806,Seminole County urban-eligible tract,N,Eligible — not designated,28.6557108,-81.371689,"Rev. Proc. 2026-14 appendix Non-rural (eligible, not entirely rural); urban/non-rural pack for Land Search Builder"
Orlando,Florida,Seminole,12117021901,Seminole County urban-eligible tract,N,Eligible — not designated,28.6735893,-81.380087,"Rev. Proc. 2026-14 appendix Non-rural (eligible, not entirely rural); urban/non-rural pack for Land Search Builder"
Orlando,Florida,Seminole,12117022001,Seminole County urban-eligible tract,N,Eligible — not designated,28.6728711,-81.3438113,"Rev. Proc. 2026-14 appendix Non-rural (eligible, not entirely rural); urban/non-rural pack for Land Search Builder"
Orlando,Florida,Volusia,12127080600,Volusia County urban-eligible tract,N,Eligible — not designated,29.2785973,-81.0550229,"Rev. Proc. 2026-14 appendix Non-rural (eligible, not entirely rural); urban/non-rural pack for Land Search Builder"
Orlando,Florida,Volusia,12127080805,Volusia County urban-eligible tract,N,Eligible — not designated,29.2538768,-81.0751372,"Rev. Proc. 2026-14 appendix Non-rural (eligible, not entirely rural); urban/non-rural pack for Land Search Builder"
Orlando,Florida,Volusia,12127080806,Volusia County urban-eligible tract,N,Eligible — not designated,29.273276,-81.1036955,"Rev. Proc. 2026-14 appendix Non-rural (eligible, not entirely rural); urban/non-rural pack for Land Search Builder"
Orlando,Florida,Volusia,12127080809,Volusia County urban-eligible tract,N,Eligible — not designated,29.248197,-81.0847161,"Rev. Proc. 2026-14 appendix Non-rural (eligible, not entirely rural); urban/non-rural pack for Land Search Builder"
Orlando,Florida,Volusia,12127080901,Volusia County urban-eligible tract,N,Eligible — not designated,29.2488505,-81.0580626,"Rev. Proc. 2026-14 appendix Non-rural (eligible, not entirely rural); urban/non-rural pack for Land Search Builder"
Orlando,Florida,Volusia,12127081002,Volusia County urban-eligible tract,N,Eligible — not designated,29.2373505,-81.033118,"Rev. Proc. 2026-14 appendix Non-rural (eligible, not entirely rural); urban/non-rural pack for Land Search Builder"
Orlando,Florida,Volusia,12127081201,Volusia County urban-eligible tract,N,Eligible — not designated,29.2337459,-81.0147822,"Rev. Proc. 2026-14 appendix Non-rural (eligible, not entirely rural); urban/non-rural pack for Land Search Builder"
Orlando,Florida,Volusia,12127081202,Volusia County urban-eligible tract,N,Eligible — not designated,29.223209,-81.0087616,"Rev. Proc. 2026-14 appendix Non-rural (eligible, not entirely rural); urban/non-rural pack for Land Search Builder"
Orlando,Florida,Volusia,12127081500,Volusia County urban-eligible tract,N,Eligible — not designated,29.2239763,-81.0256998,"Rev. Proc. 2026-14 appendix Non-rural (eligible, not entirely rural); urban/non-rural pack for Land Search Builder"
Orlando,Florida,Volusia,12127081600,Volusia County urban-eligible tract,N,Eligible — not designated,29.2220958,-81.0403122,"Rev. Proc. 2026-14 appendix Non-rural (eligible, not entirely rural); urban/non-rural pack for Land Search Builder"
Orlando,Florida,Volusia,12127081701,Volusia County urban-eligible tract,N,Eligible — not designated,29.2307783,-81.0625335,"Rev. Proc. 2026-14 appendix Non-rural (eligible, not entirely rural); urban/non-rural pack for Land Search Builder"
Orlando,Florida,Volusia,12127081702,Volusia County urban-eligible tract,N,Eligible — not designated,29.2203958,-81.0597882,"Rev. Proc. 2026-14 appendix Non-rural (eligible, not entirely rural); urban/non-rural pack for Land Search Builder"
Orlando,Florida,Volusia,12127081800,Volusia County urban-eligible tract,N,Eligible — not designated,29.2085293,-81.0509506,"Rev. Proc. 2026-14 appendix Non-rural (eligible, not entirely rural); urban/non-rural pack for Land Search Builder"
Orlando,Florida,Volusia,12127081900,Volusia County urban-eligible tract,N,Eligible — not designated,29.2140682,-81.0369311,"Rev. Proc. 2026-14 appendix Non-rural (eligible, not entirely rural); urban/non-rural pack for Land Search Builder"
Orlando,Florida,Volusia,12127082000,Volusia County urban-eligible tract,N,Eligible — not designated,29.2095858,-81.0230097,"Rev. Proc. 2026-14 appendix Non-rural (eligible, not entirely rural); urban/non-rural pack for Land Search Builder"
Orlando,Florida,Volusia,12127082100,Volusia County urban-eligible tract,N,Eligible — not designated,29.1972845,-81.027458,"Rev. Proc. 2026-14 appendix Non-rural (eligible, not entirely rural); urban/non-rural pack for Land Search Builder"
Orlando,Florida,Volusia,12127082201,Volusia County urban-eligible tract,N,Eligible — not designated,29.1928331,-81.0076171,"Rev. Proc. 2026-14 appendix Non-rural (eligible, not entirely rural); urban/non-rural pack for Land Search Builder"
Orlando,Florida,Volusia,12127082302,Volusia County urban-eligible tract,N,Eligible — not designated,29.2062248,-81.0837525,"Rev. Proc. 2026-14 appendix Non-rural (eligible, not entirely rural); urban/non-rural pack for Land Search Builder"
Orlando,Florida,Volusia,12127082303,Volusia County urban-eligible tract,N,Eligible — not designated,29.2030861,-81.0643388,"Rev. Proc. 2026-14 appendix Non-rural (eligible, not entirely rural); urban/non-rural pack for Land Search Builder"
Orlando,Florida,Volusia,12127082401,Volusia County urban-eligible tract,N,Eligible — not designated,29.1652584,-80.9978021,"Rev. Proc. 2026-14 appendix Non-rural (eligible, not entirely rural); urban/non-rural pack for Land Search Builder"
Orlando,Florida,Volusia,12127082415,Volusia County urban-eligible tract,N,Eligible — not designated,29.1667147,-81.0327673,"Rev. Proc. 2026-14 appendix Non-rural (eligible, not entirely rural); urban/non-rural pack for Land Search Builder"
Orlando,Florida,Volusia,12127082506,Volusia County urban-eligible tract,N,Eligible — not designated,29.1326943,-81.0196977,"Rev. Proc. 2026-14 appendix Non-rural (eligible, not entirely rural); urban/non-rural pack for Land Search Builder"
Orlando,Florida,Volusia,12127082511,Volusia County urban-eligible tract,N,Eligible — not designated,29.1403038,-80.9813523,"Rev. Proc. 2026-14 appendix Non-rural (eligible, not entirely rural); urban/non-rural pack for Land Search Builder"
Orlando,Florida,Volusia,12127082513,Volusia County urban-eligible tract,N,Eligible — not designated,29.1118027,-80.9917577,"Rev. Proc. 2026-14 appendix Non-rural (eligible, not entirely rural); urban/non-rural pack for Land Search Builder"
Orlando,Florida,Volusia,12127090303,Volusia County urban-eligible tract,N,Eligible — not designated,29.1053914,-81.2635778,"Rev. Proc. 2026-14 appendix Non-rural (eligible, not entirely rural); urban/non-rural pack for Land Search Builder"
Orlando,Florida,Volusia,12127090500,Volusia County urban-eligible tract,N,Eligible — not designated,29.0279902,-81.3048278,"Rev. Proc. 2026-14 appendix Non-rural (eligible, not entirely rural); urban/non-rural pack for Land Search Builder"
Orlando,Florida,Volusia,12127090600,Volusia County urban-eligible tract,N,Eligible — not designated,29.0209324,-81.2993807,"Rev. Proc. 2026-14 appendix Non-rural (eligible, not entirely rural); urban/non-rural pack for Land Search Builder"
Orlando,Florida,Volusia,12127090702,Volusia County urban-eligible tract,N,Eligible — not designated,29.0005758,-81.3134969,"Rev. Proc. 2026-14 appendix Non-rural (eligible, not entirely rural); urban/non-rural pack for Land Search Builder"
Orlando,Florida,Volusia,12127092500,Volusia County urban-eligible tract,N,Eligible — not designated,29.1800981,-81.0573597,"Rev. Proc. 2026-14 appendix Non-rural (eligible, not entirely rural); urban/non-rural pack for Land Search Builder"
Charleston,South Carolina,Berkeley,45015020715,Berkeley County urban-eligible tract,N,Eligible — not designated,33.0374955,-80.1221616,"Rev. Proc. 2026-14 appendix Non-rural (eligible, not entirely rural); Eligible — not designated (SC Governor-filed Sep 10, 2026; nominated GEOID list not public); urban/non-rural pack for Land Search Builder"
Charleston,South Carolina,Berkeley,45015020717,Berkeley County urban-eligible tract,N,Eligible — not designated,33.0290918,-80.0980916,"Rev. Proc. 2026-14 appendix Non-rural (eligible, not entirely rural); Eligible — not designated (SC Governor-filed Sep 10, 2026; nominated GEOID list not public); urban/non-rural pack for Land Search Builder"
Charleston,South Carolina,Berkeley,45015020804,Berkeley County urban-eligible tract,N,Eligible — not designated,32.9756911,-80.0135503,"Rev. Proc. 2026-14 appendix Non-rural (eligible, not entirely rural); Eligible — not designated (SC Governor-filed Sep 10, 2026; nominated GEOID list not public); urban/non-rural pack for Land Search Builder"
Charleston,South Carolina,Berkeley,45015020811,Berkeley County urban-eligible tract,N,Eligible — not designated,32.9607154,-80.0113734,"Rev. Proc. 2026-14 appendix Non-rural (eligible, not entirely rural); Eligible — not designated (SC Governor-filed Sep 10, 2026; nominated GEOID list not public); urban/non-rural pack for Land Search Builder"
Charleston,South Carolina,Berkeley,45015020901,Berkeley County urban-eligible tract,N,Eligible — not designated,32.9077114,-80.0080991,"Rev. Proc. 2026-14 appendix Non-rural (eligible, not entirely rural); Eligible — not designated (SC Governor-filed Sep 10, 2026; nominated GEOID list not public); urban/non-rural pack for Land Search Builder"
Charleston,South Carolina,Berkeley,45015021000,Berkeley County urban-eligible tract,N,Eligible — not designated,32.9304423,-79.982502,"Rev. Proc. 2026-14 appendix Non-rural (eligible, not entirely rural); Eligible — not designated (SC Governor-filed Sep 10, 2026; nominated GEOID list not public); urban/non-rural pack for Land Search Builder"
Charleston,South Carolina,Charleston,45019000700,Charleston County urban-eligible tract,N,Eligible — not designated,32.7893794,-79.938546,"Rev. Proc. 2026-14 appendix Non-rural (eligible, not entirely rural); Eligible — not designated (SC Governor-filed Sep 10, 2026; nominated GEOID list not public); urban/non-rural pack for Land Search Builder"
Charleston,South Carolina,Charleston,45019002614,Charleston County urban-eligible tract,N,Eligible — not designated,32.8018819,-80.0444249,"Rev. Proc. 2026-14 appendix Non-rural (eligible, not entirely rural); Eligible — not designated (SC Governor-filed Sep 10, 2026; nominated GEOID list not public); urban/non-rural pack for Land Search Builder"
Charleston,South Carolina,Charleston,45019002702,Charleston County urban-eligible tract,N,Eligible — not designated,32.792693,-80.0087214,"Rev. Proc. 2026-14 appendix Non-rural (eligible, not entirely rural); Eligible — not designated (SC Governor-filed Sep 10, 2026; nominated GEOID list not public); urban/non-rural pack for Land Search Builder"
Charleston,South Carolina,Charleston,45019003104,Charleston County urban-eligible tract,N,Eligible — not designated,32.9289566,-80.0393041,"Rev. Proc. 2026-14 appendix Non-rural (eligible, not entirely rural); Eligible — not designated (SC Governor-filed Sep 10, 2026; nominated GEOID list not public); urban/non-rural pack for Land Search Builder"
Charleston,South Carolina,Charleston,45019003105,Charleston County urban-eligible tract,N,Eligible — not designated,32.911863,-80.0314105,"Rev. Proc. 2026-14 appendix Non-rural (eligible, not entirely rural); Eligible — not designated (SC Governor-filed Sep 10, 2026; nominated GEOID list not public); urban/non-rural pack for Land Search Builder"
Charleston,South Carolina,Charleston,45019003107,Charleston County urban-eligible tract,N,Eligible — not designated,32.9608454,-80.1027396,"Rev. Proc. 2026-14 appendix Non-rural (eligible, not entirely rural); Eligible — not designated (SC Governor-filed Sep 10, 2026; nominated GEOID list not public); urban/non-rural pack for Land Search Builder"
Charleston,South Carolina,Charleston,45019003115,Charleston County urban-eligible tract,N,Eligible — not designated,32.9798924,-80.0613128,"Rev. Proc. 2026-14 appendix Non-rural (eligible, not entirely rural); Eligible — not designated (SC Governor-filed Sep 10, 2026; nominated GEOID list not public); urban/non-rural pack for Land Search Builder"
Charleston,South Carolina,Charleston,45019003117,Charleston County urban-eligible tract,N,Eligible — not designated,32.9550321,-80.0581703,"Rev. Proc. 2026-14 appendix Non-rural (eligible, not entirely rural); Eligible — not designated (SC Governor-filed Sep 10, 2026; nominated GEOID list not public); urban/non-rural pack for Land Search Builder"
Charleston,South Carolina,Charleston,45019003200,Charleston County urban-eligible tract,N,Eligible — not designated,32.8993147,-80.04971,"Rev. Proc. 2026-14 appendix Non-rural (eligible, not entirely rural); Eligible — not designated (SC Governor-filed Sep 10, 2026; nominated GEOID list not public); urban/non-rural pack for Land Search Builder"
Charleston,South Carolina,Charleston,45019003300,Charleston County urban-eligible tract,N,Eligible — not designated,32.8844298,-80.0072683,"Rev. Proc. 2026-14 appendix Non-rural (eligible, not entirely rural); Eligible — not designated (SC Governor-filed Sep 10, 2026; nominated GEOID list not public); urban/non-rural pack for Land Search Builder"
Charleston,South Carolina,Charleston,45019003400,Charleston County urban-eligible tract,N,Eligible — not designated,32.8962145,-79.9757528,"Rev. Proc. 2026-14 appendix Non-rural (eligible, not entirely rural); Eligible — not designated (SC Governor-filed Sep 10, 2026; nominated GEOID list not public); urban/non-rural pack for Land Search Builder"
Charleston,South Carolina,Charleston,45019003700,Charleston County urban-eligible tract,N,Eligible — not designated,32.8671057,-79.9825338,"Rev. Proc. 2026-14 appendix Non-rural (eligible, not entirely rural); Eligible — not designated (SC Governor-filed Sep 10, 2026; nominated GEOID list not public); urban/non-rural pack for Land Search Builder"
Charleston,South Carolina,Charleston,45019003800,Charleston County urban-eligible tract,N,Eligible — not designated,32.8582395,-79.9987862,"Rev. Proc. 2026-14 appendix Non-rural (eligible, not entirely rural); Eligible — not designated (SC Governor-filed Sep 10, 2026; nominated GEOID list not public); urban/non-rural pack for Land Search Builder"
Charleston,South Carolina,Charleston,45019003900,Charleston County urban-eligible tract,N,Eligible — not designated,32.8383534,-80.0140352,"Rev. Proc. 2026-14 appendix Non-rural (eligible, not entirely rural); Eligible — not designated (SC Governor-filed Sep 10, 2026; nominated GEOID list not public); urban/non-rural pack for Land Search Builder"
Charleston,South Carolina,Charleston,45019004000,Charleston County urban-eligible tract,N,Eligible — not designated,32.8453153,-79.9893873,"Rev. Proc. 2026-14 appendix Non-rural (eligible, not entirely rural); Eligible — not designated (SC Governor-filed Sep 10, 2026; nominated GEOID list not public); urban/non-rural pack for Land Search Builder"
Charleston,South Carolina,Charleston,45019004300,Charleston County urban-eligible tract,N,Eligible — not designated,32.8492682,-79.9649043,"Rev. Proc. 2026-14 appendix Non-rural (eligible, not entirely rural); Eligible — not designated (SC Governor-filed Sep 10, 2026; nominated GEOID list not public); urban/non-rural pack for Land Search Builder"
Charleston,South Carolina,Charleston,45019004400,Charleston County urban-eligible tract,N,Eligible — not designated,32.830558,-79.9619676,"Rev. Proc. 2026-14 appendix Non-rural (eligible, not entirely rural); Eligible — not designated (SC Governor-filed Sep 10, 2026; nominated GEOID list not public); urban/non-rural pack for Land Search Builder"
Charleston,South Carolina,Charleston,45019005300,Charleston County urban-eligible tract,N,Eligible — not designated,32.8001609,-79.9443767,"Rev. Proc. 2026-14 appendix Non-rural (eligible, not entirely rural); Eligible — not designated (SC Governor-filed Sep 10, 2026; nominated GEOID list not public); urban/non-rural pack for Land Search Builder"
Charleston,South Carolina,Charleston,45019005400,Charleston County urban-eligible tract,N,Eligible — not designated,32.8200646,-79.9429888,"Rev. Proc. 2026-14 appendix Non-rural (eligible, not entirely rural); Eligible — not designated (SC Governor-filed Sep 10, 2026; nominated GEOID list not public); urban/non-rural pack for Land Search Builder"
Charleston,South Carolina,Charleston,45019005500,Charleston County urban-eligible tract,N,Eligible — not designated,32.8532551,-79.9555528,"Rev. Proc. 2026-14 appendix Non-rural (eligible, not entirely rural); Eligible — not designated (SC Governor-filed Sep 10, 2026; nominated GEOID list not public); urban/non-rural pack for Land Search Builder"
Charleston,South Carolina,Dorchester,45035010501,Dorchester County urban-eligible tract,N,Eligible — not designated,33.0517155,-80.2629243,"Rev. Proc. 2026-14 appendix Non-rural (eligible, not entirely rural); Eligible — not designated (SC Governor-filed Sep 10, 2026; nominated GEOID list not public); urban/non-rural pack for Land Search Builder"
Charleston,South Carolina,Dorchester,45035010607,Dorchester County urban-eligible tract,N,Eligible — not designated,33.0079706,-80.2056566,"Rev. Proc. 2026-14 appendix Non-rural (eligible, not entirely rural); Eligible — not designated (SC Governor-filed Sep 10, 2026; nominated GEOID list not public); urban/non-rural pack for Land Search Builder"
Charleston,South Carolina,Dorchester,45035010813,Dorchester County urban-eligible tract,N,Eligible — not designated,32.9767187,-80.1609388,"Rev. Proc. 2026-14 appendix Non-rural (eligible, not entirely rural); Eligible — not designated (SC Governor-filed Sep 10, 2026; nominated GEOID list not public); urban/non-rural pack for Land Search Builder"
Charleston,South Carolina,Dorchester,45035010815,Dorchester County urban-eligible tract,N,Eligible — not designated,32.9645311,-80.1462027,"Rev. Proc. 2026-14 appendix Non-rural (eligible, not entirely rural); Eligible — not designated (SC Governor-filed Sep 10, 2026; nominated GEOID list not public); urban/non-rural pack for Land Search Builder"
Nashville,Tennessee,Davidson,47037010301,Davidson County urban-eligible tract,N,Eligible — not designated,36.3161464,-86.7261136,"Rev. Proc. 2026-14 appendix Non-rural (eligible, not entirely rural); urban/non-rural pack for Land Search Builder"
Nashville,Tennessee,Davidson,47037010403,Davidson County urban-eligible tract,N,Eligible — not designated,36.2676128,-86.6884134,"Rev. Proc. 2026-14 appendix Non-rural (eligible, not entirely rural); urban/non-rural pack for Land Search Builder"
Nashville,Tennessee,Davidson,47037010602,Davidson County urban-eligible tract,N,Eligible — not designated,36.2533653,-86.6817552,"Rev. Proc. 2026-14 appendix Non-rural (eligible, not entirely rural); urban/non-rural pack for Land Search Builder"
Nashville,Tennessee,Davidson,47037010702,Davidson County urban-eligible tract,N,Eligible — not designated,36.2432044,-86.7154151,"Rev. Proc. 2026-14 appendix Non-rural (eligible, not entirely rural); urban/non-rural pack for Land Search Builder"
Nashville,Tennessee,Davidson,47037010901,Davidson County urban-eligible tract,N,Eligible — not designated,36.2652178,-86.7586113,"Rev. Proc. 2026-14 appendix Non-rural (eligible, not entirely rural); urban/non-rural pack for Land Search Builder"
Nashville,Tennessee,Davidson,47037010903,Davidson County urban-eligible tract,N,Eligible — not designated,36.2495121,-86.7634646,"Rev. Proc. 2026-14 appendix Non-rural (eligible, not entirely rural); urban/non-rural pack for Land Search Builder"
Nashville,Tennessee,Davidson,47037010904,Davidson County urban-eligible tract,N,Eligible — not designated,36.2343173,-86.7732109,"Rev. Proc. 2026-14 appendix Non-rural (eligible, not entirely rural); urban/non-rural pack for Land Search Builder"
Nashville,Tennessee,Davidson,47037011001,Davidson County urban-eligible tract,N,Eligible — not designated,36.2227283,-86.7535929,"Rev. Proc. 2026-14 appendix Non-rural (eligible, not entirely rural); urban/non-rural pack for Land Search Builder"
Nashville,Tennessee,Davidson,47037011900,Davidson County urban-eligible tract,N,Eligible — not designated,36.1790857,-86.7590631,"Rev. Proc. 2026-14 appendix Non-rural (eligible, not entirely rural); urban/non-rural pack for Land Search Builder"
Nashville,Tennessee,Davidson,47037012701,Davidson County urban-eligible tract,N,Eligible — not designated,36.2222364,-86.7917569,"Rev. Proc. 2026-14 appendix Non-rural (eligible, not entirely rural); urban/non-rural pack for Land Search Builder"
Nashville,Tennessee,Davidson,47037012702,Davidson County urban-eligible tract,N,Eligible — not designated,36.2054178,-86.7959672,"Rev. Proc. 2026-14 appendix Non-rural (eligible, not entirely rural); urban/non-rural pack for Land Search Builder"
Nashville,Tennessee,Davidson,47037012801,Davidson County urban-eligible tract,N,Eligible — not designated,36.21684,-86.8289333,"Rev. Proc. 2026-14 appendix Non-rural (eligible, not entirely rural); urban/non-rural pack for Land Search Builder"
Nashville,Tennessee,Davidson,47037013600,Davidson County urban-eligible tract,N,Eligible — not designated,36.1685854,-86.8283325,"Rev. Proc. 2026-14 appendix Non-rural (eligible, not entirely rural); urban/non-rural pack for Land Search Builder"
Nashville,Tennessee,Davidson,47037013800,Davidson County urban-eligible tract,N,Eligible — not designated,36.1756519,-86.8148041,"Rev. Proc. 2026-14 appendix Non-rural (eligible, not entirely rural); urban/non-rural pack for Land Search Builder"
Nashville,Tennessee,Davidson,47037013900,Davidson County urban-eligible tract,N,Eligible — not designated,36.1757617,-86.8059132,"Rev. Proc. 2026-14 appendix Non-rural (eligible, not entirely rural); urban/non-rural pack for Land Search Builder"
Nashville,Tennessee,Davidson,47037014200,Davidson County urban-eligible tract,N,Eligible — not designated,36.1669323,-86.8036511,"Rev. Proc. 2026-14 appendix Non-rural (eligible, not entirely rural); urban/non-rural pack for Land Search Builder"
Nashville,Tennessee,Davidson,47037014400,Davidson County urban-eligible tract,N,Eligible — not designated,36.1575954,-86.8057394,"Rev. Proc. 2026-14 appendix Non-rural (eligible, not entirely rural); urban/non-rural pack for Land Search Builder"
Nashville,Tennessee,Davidson,47037014800,Davidson County urban-eligible tract,N,Eligible — not designated,36.1516127,-86.7645179,"Rev. Proc. 2026-14 appendix Non-rural (eligible, not entirely rural); urban/non-rural pack for Land Search Builder"
Nashville,Tennessee,Davidson,47037015404,Davidson County urban-eligible tract,N,Eligible — not designated,36.197633,-86.614497,"Rev. Proc. 2026-14 appendix Non-rural (eligible, not entirely rural); urban/non-rural pack for Land Search Builder"
Nashville,Tennessee,Davidson,47037015405,Davidson County urban-eligible tract,N,Eligible — not designated,36.2059302,-86.5922143,"Rev. Proc. 2026-14 appendix Non-rural (eligible, not entirely rural); urban/non-rural pack for Land Search Builder"
Nashville,Tennessee,Davidson,47037015613,Davidson County urban-eligible tract,N,Eligible — not designated,36.0881988,-86.680856,"Rev. Proc. 2026-14 appendix Non-rural (eligible, not entirely rural); urban/non-rural pack for Land Search Builder"
Nashville,Tennessee,Davidson,47037015615,Davidson County urban-eligible tract,N,Eligible — not designated,36.07392,-86.6732871,"Rev. Proc. 2026-14 appendix Non-rural (eligible, not entirely rural); urban/non-rural pack for Land Search Builder"
Nashville,Tennessee,Davidson,47037015620,Davidson County urban-eligible tract,N,Eligible — not designated,36.0696885,-86.6150441,"Rev. Proc. 2026-14 appendix Non-rural (eligible, not entirely rural); urban/non-rural pack for Land Search Builder"
Nashville,Tennessee,Davidson,47037015623,Davidson County urban-eligible tract,N,Eligible — not designated,36.185175,-86.6053662,"Rev. Proc. 2026-14 appendix Non-rural (eligible, not entirely rural); urban/non-rural pack for Land Search Builder"
Nashville,Tennessee,Davidson,47037015626,Davidson County urban-eligible tract,N,Eligible — not designated,36.0722871,-86.6476413,"Rev. Proc. 2026-14 appendix Non-rural (eligible, not entirely rural); urban/non-rural pack for Land Search Builder"
Nashville,Tennessee,Davidson,47037015627,Davidson County urban-eligible tract,N,Eligible — not designated,36.0627545,-86.6647341,"Rev. Proc. 2026-14 appendix Non-rural (eligible, not entirely rural); urban/non-rural pack for Land Search Builder"
Nashville,Tennessee,Davidson,47037015628,Davidson County urban-eligible tract,N,Eligible — not designated,36.0532074,-86.6572042,"Rev. Proc. 2026-14 appendix Non-rural (eligible, not entirely rural); urban/non-rural pack for Land Search Builder"
Nashville,Tennessee,Davidson,47037015629,Davidson County urban-eligible tract,N,Eligible — not designated,36.0506677,-86.6371121,"Rev. Proc. 2026-14 appendix Non-rural (eligible, not entirely rural); urban/non-rural pack for Land Search Builder"
Nashville,Tennessee,Davidson,47037015632,Davidson County urban-eligible tract,N,Eligible — not designated,36.1585698,-86.6048178,"Rev. Proc. 2026-14 appendix Non-rural (eligible, not entirely rural); urban/non-rural pack for Land Search Builder"
Nashville,Tennessee,Davidson,47037015636,Davidson County urban-eligible tract,N,Eligible — not designated,36.0833835,-86.6377772,"Rev. Proc. 2026-14 appendix Non-rural (eligible, not entirely rural); urban/non-rural pack for Land Search Builder"
Nashville,Tennessee,Davidson,47037015637,Davidson County urban-eligible tract,N,Eligible — not designated,36.1045801,-86.6411995,"Rev. Proc. 2026-14 appendix Non-rural (eligible, not entirely rural); urban/non-rural pack for Land Search Builder"
Nashville,Tennessee,Davidson,47037015804,Davidson County urban-eligible tract,N,Eligible — not designated,36.1346906,-86.7023849,"Rev. Proc. 2026-14 appendix Non-rural (eligible, not entirely rural); urban/non-rural pack for Land Search Builder"
Nashville,Tennessee,Davidson,47037015805,Davidson County urban-eligible tract,N,Eligible — not designated,36.1206283,-86.7079741,"Rev. Proc. 2026-14 appendix Non-rural (eligible, not entirely rural); urban/non-rural pack for Land Search Builder"
Nashville,Tennessee,Davidson,47037015806,Davidson County urban-eligible tract,N,Eligible — not designated,36.1308439,-86.7183031,"Rev. Proc. 2026-14 appendix Non-rural (eligible, not entirely rural); urban/non-rural pack for Land Search Builder"
Nashville,Tennessee,Davidson,47037015900,Davidson County urban-eligible tract,N,Eligible — not designated,36.1360881,-86.7410692,"Rev. Proc. 2026-14 appendix Non-rural (eligible, not entirely rural); urban/non-rural pack for Land Search Builder"
Nashville,Tennessee,Davidson,47037016000,Davidson County urban-eligible tract,N,Eligible — not designated,36.1472198,-86.7618942,"Rev. Proc. 2026-14 appendix Non-rural (eligible, not entirely rural); urban/non-rural pack for Land Search Builder"
Nashville,Tennessee,Davidson,47037016200,Davidson County urban-eligible tract,N,Eligible — not designated,36.1384775,-86.780981,"Rev. Proc. 2026-14 appendix Non-rural (eligible, not entirely rural); urban/non-rural pack for Land Search Builder"
Nashville,Tennessee,Davidson,47037016500,Davidson County urban-eligible tract,N,Eligible — not designated,36.1456055,-86.80501,"Rev. Proc. 2026-14 appendix Non-rural (eligible, not entirely rural); urban/non-rural pack for Land Search Builder"
Nashville,Tennessee,Davidson,47037016600,Davidson County urban-eligible tract,N,Eligible — not designated,36.1460321,-86.8156833,"Rev. Proc. 2026-14 appendix Non-rural (eligible, not entirely rural); urban/non-rural pack for Land Search Builder"
Nashville,Tennessee,Davidson,47037017300,Davidson County urban-eligible tract,N,Eligible — not designated,36.1195065,-86.7427953,"Rev. Proc. 2026-14 appendix Non-rural (eligible, not entirely rural); urban/non-rural pack for Land Search Builder"
Nashville,Tennessee,Davidson,47037017401,Davidson County urban-eligible tract,N,Eligible — not designated,36.113303,-86.727416,"Rev. Proc. 2026-14 appendix Non-rural (eligible, not entirely rural); urban/non-rural pack for Land Search Builder"
Nashville,Tennessee,Davidson,47037017402,Davidson County urban-eligible tract,N,Eligible — not designated,36.1006369,-86.7268831,"Rev. Proc. 2026-14 appendix Non-rural (eligible, not entirely rural); urban/non-rural pack for Land Search Builder"
Nashville,Tennessee,Davidson,47037017500,Davidson County urban-eligible tract,N,Eligible — not designated,36.1012125,-86.7435769,"Rev. Proc. 2026-14 appendix Non-rural (eligible, not entirely rural); urban/non-rural pack for Land Search Builder"
Nashville,Tennessee,Davidson,47037018204,Davidson County urban-eligible tract,N,Eligible — not designated,36.0844529,-86.9108305,"Rev. Proc. 2026-14 appendix Non-rural (eligible, not entirely rural); urban/non-rural pack for Land Search Builder"
Nashville,Tennessee,Davidson,47037018409,Davidson County urban-eligible tract,N,Eligible — not designated,36.0757738,-86.95122,"Rev. Proc. 2026-14 appendix Non-rural (eligible, not entirely rural); urban/non-rural pack for Land Search Builder"
Nashville,Tennessee,Davidson,47037018905,Davidson County urban-eligible tract,N,Eligible — not designated,36.0593606,-86.7364091,"Rev. Proc. 2026-14 appendix Non-rural (eligible, not entirely rural); urban/non-rural pack for Land Search Builder"
Nashville,Tennessee,Davidson,47037019003,Davidson County urban-eligible tract,N,Eligible — not designated,36.076999,-86.7054402,"Rev. Proc. 2026-14 appendix Non-rural (eligible, not entirely rural); urban/non-rural pack for Land Search Builder"
Nashville,Tennessee,Davidson,47037019004,Davidson County urban-eligible tract,N,Eligible — not designated,36.0699448,-86.714069,"Rev. Proc. 2026-14 appendix Non-rural (eligible, not entirely rural); urban/non-rural pack for Land Search Builder"
Nashville,Tennessee,Davidson,47037019008,Davidson County urban-eligible tract,N,Eligible — not designated,36.0896576,-86.7112379,"Rev. Proc. 2026-14 appendix Non-rural (eligible, not entirely rural); urban/non-rural pack for Land Search Builder"
Nashville,Tennessee,Davidson,47037019105,Davidson County urban-eligible tract,N,Eligible — not designated,36.0513279,-86.7242603,"Rev. Proc. 2026-14 appendix Non-rural (eligible, not entirely rural); urban/non-rural pack for Land Search Builder"
Nashville,Tennessee,Davidson,47037019108,Davidson County urban-eligible tract,N,Eligible — not designated,36.0701967,-86.6951775,"Rev. Proc. 2026-14 appendix Non-rural (eligible, not entirely rural); urban/non-rural pack for Land Search Builder"
Nashville,Tennessee,Davidson,47037019110,Davidson County urban-eligible tract,N,Eligible — not designated,36.0517959,-86.7048615,"Rev. Proc. 2026-14 appendix Non-rural (eligible, not entirely rural); urban/non-rural pack for Land Search Builder"
Nashville,Tennessee,Davidson,47037019111,Davidson County urban-eligible tract,N,Eligible — not designated,36.0492324,-86.6797933,"Rev. Proc. 2026-14 appendix Non-rural (eligible, not entirely rural); urban/non-rural pack for Land Search Builder"
Nashville,Tennessee,Davidson,47037019300,Davidson County urban-eligible tract,N,Eligible — not designated,36.1710458,-86.7683581,"Rev. Proc. 2026-14 appendix Non-rural (eligible, not entirely rural); urban/non-rural pack for Land Search Builder"
Nashville,Tennessee,Davidson,47037019501,Davidson County urban-eligible tract,N,Eligible — not designated,36.1531279,-86.7949488,"Rev. Proc. 2026-14 appendix Non-rural (eligible, not entirely rural); urban/non-rural pack for Land Search Builder"
Nashville,Tennessee,Montgomery,47125100100,Montgomery County urban-eligible tract,N,Eligible — not designated,36.5275467,-87.3558995,"Rev. Proc. 2026-14 appendix Non-rural (eligible, not entirely rural); urban/non-rural pack for Land Search Builder"
Nashville,Tennessee,Montgomery,47125100200,Montgomery County urban-eligible tract,N,Eligible — not designated,36.5152365,-87.3641748,"Rev. Proc. 2026-14 appendix Non-rural (eligible, not entirely rural); urban/non-rural pack for Land Search Builder"
Nashville,Tennessee,Montgomery,47125100300,Montgomery County urban-eligible tract,N,Eligible — not designated,36.4962685,-87.3608859,"Rev. Proc. 2026-14 appendix Non-rural (eligible, not entirely rural); urban/non-rural pack for Land Search Builder"
Nashville,Tennessee,Montgomery,47125100800,Montgomery County urban-eligible tract,N,Eligible — not designated,36.5369468,-87.3542982,"Rev. Proc. 2026-14 appendix Non-rural (eligible, not entirely rural); urban/non-rural pack for Land Search Builder"
Nashville,Tennessee,Montgomery,47125100900,Montgomery County urban-eligible tract,N,Eligible — not designated,36.5486263,-87.3721135,"Rev. Proc. 2026-14 appendix Non-rural (eligible, not entirely rural); urban/non-rural pack for Land Search Builder"
Nashville,Tennessee,Montgomery,47125101101,Montgomery County urban-eligible tract,N,Eligible — not designated,36.5677048,-87.4117097,"Rev. Proc. 2026-14 appendix Non-rural (eligible, not entirely rural); urban/non-rural pack for Land Search Builder"
Nashville,Tennessee,Montgomery,47125101201,Montgomery County urban-eligible tract,N,Eligible — not designated,36.5783393,-87.4255501,"Rev. Proc. 2026-14 appendix Non-rural (eligible, not entirely rural); urban/non-rural pack for Land Search Builder"
Nashville,Tennessee,Montgomery,47125101304,Montgomery County urban-eligible tract,N,Eligible — not designated,36.6192359,-87.4207326,"Rev. Proc. 2026-14 appendix Non-rural (eligible, not entirely rural); urban/non-rural pack for Land Search Builder"
Nashville,Tennessee,Montgomery,47125102100,Montgomery County urban-eligible tract,N,Eligible — not designated,36.5170044,-87.3361065,"Rev. Proc. 2026-14 appendix Non-rural (eligible, not entirely rural); urban/non-rural pack for Land Search Builder"
Nashville,Tennessee,Rutherford,47149040105,Rutherford County urban-eligible tract,N,Eligible — not designated,36.0063645,-86.5561518,"Rev. Proc. 2026-14 appendix Non-rural (eligible, not entirely rural); urban/non-rural pack for Land Search Builder"
Nashville,Tennessee,Rutherford,47149040106,Rutherford County urban-eligible tract,N,Eligible — not designated,36.0296572,-86.5590073,"Rev. Proc. 2026-14 appendix Non-rural (eligible, not entirely rural); urban/non-rural pack for Land Search Builder"
Nashville,Tennessee,Rutherford,47149040304,Rutherford County urban-eligible tract,N,Eligible — not designated,35.9739994,-86.526212,"Rev. Proc. 2026-14 appendix Non-rural (eligible, not entirely rural); urban/non-rural pack for Land Search Builder"
Nashville,Tennessee,Rutherford,47149040305,Rutherford County urban-eligible tract,N,Eligible — not designated,35.9860269,-86.5327244,"Rev. Proc. 2026-14 appendix Non-rural (eligible, not entirely rural); urban/non-rural pack for Land Search Builder"
Nashville,Tennessee,Rutherford,47149040405,Rutherford County urban-eligible tract,N,Eligible — not designated,36.0183699,-86.4795631,"Rev. Proc. 2026-14 appendix Non-rural (eligible, not entirely rural); urban/non-rural pack for Land Search Builder"
Nashville,Tennessee,Rutherford,47149040910,Rutherford County urban-eligible tract,N,Eligible — not designated,35.7987994,-86.4144827,"Rev. Proc. 2026-14 appendix Non-rural (eligible, not entirely rural); urban/non-rural pack for Land Search Builder"
Nashville,Tennessee,Rutherford,47149041404,Rutherford County urban-eligible tract,N,Eligible — not designated,35.867045,-86.3735779,"Rev. Proc. 2026-14 appendix Non-rural (eligible, not entirely rural); urban/non-rural pack for Land Search Builder"
Nashville,Tennessee,Rutherford,47149041405,Rutherford County urban-eligible tract,N,Eligible — not designated,35.8636937,-86.3685351,"Rev. Proc. 2026-14 appendix Non-rural (eligible, not entirely rural); urban/non-rural pack for Land Search Builder"
Nashville,Tennessee,Rutherford,47149041406,Rutherford County urban-eligible tract,N,Eligible — not designated,35.860344,-86.3588967,"Rev. Proc. 2026-14 appendix Non-rural (eligible, not entirely rural); urban/non-rural pack for Land Search Builder"
Nashville,Tennessee,Rutherford,47149041601,Rutherford County urban-eligible tract,N,Eligible — not designated,35.8518064,-86.3774196,"Rev. Proc. 2026-14 appendix Non-rural (eligible, not entirely rural); urban/non-rural pack for Land Search Builder"
Nashville,Tennessee,Rutherford,47149041700,Rutherford County urban-eligible tract,N,Eligible — not designated,35.8650562,-86.4018316,"Rev. Proc. 2026-14 appendix Non-rural (eligible, not entirely rural); urban/non-rural pack for Land Search Builder"
Nashville,Tennessee,Rutherford,47149041800,Rutherford County urban-eligible tract,N,Eligible — not designated,35.8260052,-86.4042256,"Rev. Proc. 2026-14 appendix Non-rural (eligible, not entirely rural); urban/non-rural pack for Land Search Builder"
Nashville,Tennessee,Rutherford,47149041900,Rutherford County urban-eligible tract,N,Eligible — not designated,35.8365455,-86.37818,"Rev. Proc. 2026-14 appendix Non-rural (eligible, not entirely rural); urban/non-rural pack for Land Search Builder"
Nashville,Tennessee,Rutherford,47149042000,Rutherford County urban-eligible tract,N,Eligible — not designated,35.8203042,-86.3718839,"Rev. Proc. 2026-14 appendix Non-rural (eligible, not entirely rural); urban/non-rural pack for Land Search Builder"
Nashville,Tennessee,Rutherford,47149042101,Rutherford County urban-eligible tract,N,Eligible — not designated,35.824313,-86.344292,"Rev. Proc. 2026-14 appendix Non-rural (eligible, not entirely rural); urban/non-rural pack for Land Search Builder"
Nashville,Tennessee,Rutherford,47149042102,Rutherford County urban-eligible tract,N,Eligible — not designated,35.8374257,-86.3606325,"Rev. Proc. 2026-14 appendix Non-rural (eligible, not entirely rural); urban/non-rural pack for Land Search Builder"
Nashville,Tennessee,Sumner,47165020800,Sumner County urban-eligible tract,N,Eligible — not designated,36.4005117,-86.45281,"Rev. Proc. 2026-14 appendix Non-rural (eligible, not entirely rural); urban/non-rural pack for Land Search Builder"
Nashville,Tennessee,Sumner,47165020905,Sumner County urban-eligible tract,N,Eligible — not designated,36.3746301,-86.453441,"Rev. Proc. 2026-14 appendix Non-rural (eligible, not entirely rural); urban/non-rural pack for Land Search Builder"
Charlotte,North Carolina,Cabarrus,37025040701,Cabarrus County urban-eligible tract,N,Eligible — not designated,35.4976616,-80.5817529,"Rev. Proc. 2026-14 appendix Non-rural (eligible, not entirely rural); urban/non-rural pack for Land Search Builder"
Charlotte,North Carolina,Cabarrus,37025040703,Cabarrus County urban-eligible tract,N,Eligible — not designated,35.4615781,-80.6009999,"Rev. Proc. 2026-14 appendix Non-rural (eligible, not entirely rural); urban/non-rural pack for Land Search Builder"
Charlotte,North Carolina,Cabarrus,37025040704,Cabarrus County urban-eligible tract,N,Eligible — not designated,35.4783068,-80.5976744,"Rev. Proc. 2026-14 appendix Non-rural (eligible, not entirely rural); urban/non-rural pack for Land Search Builder"
Charlotte,North Carolina,Cabarrus,37025040800,Cabarrus County urban-eligible tract,N,Eligible — not designated,35.4905774,-80.6179974,"Rev. Proc. 2026-14 appendix Non-rural (eligible, not entirely rural); urban/non-rural pack for Land Search Builder"
Charlotte,North Carolina,Cabarrus,37025041002,Cabarrus County urban-eligible tract,N,Eligible — not designated,35.4978869,-80.6330379,"Rev. Proc. 2026-14 appendix Non-rural (eligible, not entirely rural); urban/non-rural pack for Land Search Builder"
Charlotte,North Carolina,Cabarrus,37025041901,Cabarrus County urban-eligible tract,N,Eligible — not designated,35.4112779,-80.6060323,"Rev. Proc. 2026-14 appendix Non-rural (eligible, not entirely rural); urban/non-rural pack for Land Search Builder"
Charlotte,North Carolina,Cabarrus,37025042101,Cabarrus County urban-eligible tract,N,Eligible — not designated,35.3949811,-80.5825114,"Rev. Proc. 2026-14 appendix Non-rural (eligible, not entirely rural); urban/non-rural pack for Land Search Builder"
Charlotte,North Carolina,Cabarrus,37025042102,Cabarrus County urban-eligible tract,N,Eligible — not designated,35.3733399,-80.5895258,"Rev. Proc. 2026-14 appendix Non-rural (eligible, not entirely rural); urban/non-rural pack for Land Search Builder"
Charlotte,North Carolina,Cabarrus,37025042300,Cabarrus County urban-eligible tract,N,Eligible — not designated,35.4209195,-80.5778739,"Rev. Proc. 2026-14 appendix Non-rural (eligible, not entirely rural); urban/non-rural pack for Land Search Builder"
Charlotte,North Carolina,Cabarrus,37025042402,Cabarrus County urban-eligible tract,N,Eligible — not designated,35.4358549,-80.6191746,"Rev. Proc. 2026-14 appendix Non-rural (eligible, not entirely rural); urban/non-rural pack for Land Search Builder"
Charlotte,North Carolina,Cabarrus,37025042502,Cabarrus County urban-eligible tract,N,Eligible — not designated,35.4055435,-80.6213686,"Rev. Proc. 2026-14 appendix Non-rural (eligible, not entirely rural); urban/non-rural pack for Land Search Builder"
Charlotte,North Carolina,Davidson,37057060800,Davidson County urban-eligible tract,N,Eligible — not designated,35.885164,-80.1062794,"Rev. Proc. 2026-14 appendix Non-rural (eligible, not entirely rural); urban/non-rural pack for Land Search Builder"
Charlotte,North Carolina,Davidson,37057061203,Davidson County urban-eligible tract,N,Eligible — not designated,35.8479477,-80.2672983,"Rev. Proc. 2026-14 appendix Non-rural (eligible, not entirely rural); urban/non-rural pack for Land Search Builder"
Charlotte,North Carolina,Davidson,37057061204,Davidson County urban-eligible tract,N,Eligible — not designated,35.8455568,-80.2306371,"Rev. Proc. 2026-14 appendix Non-rural (eligible, not entirely rural); urban/non-rural pack for Land Search Builder"
Charlotte,North Carolina,Davidson,37057061300,Davidson County urban-eligible tract,N,Eligible — not designated,35.8292072,-80.2585195,"Rev. Proc. 2026-14 appendix Non-rural (eligible, not entirely rural); urban/non-rural pack for Land Search Builder"
Charlotte,North Carolina,Davidson,37057061400,Davidson County urban-eligible tract,N,Eligible — not designated,35.8199281,-80.2387907,"Rev. Proc. 2026-14 appendix Non-rural (eligible, not entirely rural); urban/non-rural pack for Land Search Builder"
Charlotte,North Carolina,Davidson,37057061501,Davidson County urban-eligible tract,N,Eligible — not designated,35.7987497,-80.269939,"Rev. Proc. 2026-14 appendix Non-rural (eligible, not entirely rural); urban/non-rural pack for Land Search Builder"
Charlotte,North Carolina,Davidson,37057061600,Davidson County urban-eligible tract,N,Eligible — not designated,35.8147265,-80.2837392,"Rev. Proc. 2026-14 appendix Non-rural (eligible, not entirely rural); urban/non-rural pack for Land Search Builder"
Charlotte,North Carolina,Davidson,37057061803,Davidson County urban-eligible tract,N,Eligible — not designated,35.7624153,-80.2846798,"Rev. Proc. 2026-14 appendix Non-rural (eligible, not entirely rural); urban/non-rural pack for Land Search Builder"
Charlotte,North Carolina,Gaston,37071030802,Gaston County urban-eligible tract,N,Eligible — not designated,35.3025963,-81.2631195,"Rev. Proc. 2026-14 appendix Non-rural (eligible, not entirely rural); urban/non-rural pack for Land Search Builder"
Charlotte,North Carolina,Gaston,37071030901,Gaston County urban-eligible tract,N,Eligible — not designated,35.31226,-81.1811328,"Rev. Proc. 2026-14 appendix Non-rural (eligible, not entirely rural); urban/non-rural pack for Land Search Builder"
Charlotte,North Carolina,Gaston,37071031001,Gaston County urban-eligible tract,N,Eligible — not designated,35.2951447,-81.0840997,"Rev. Proc. 2026-14 appendix Non-rural (eligible, not entirely rural); urban/non-rural pack for Land Search Builder"
Charlotte,North Carolina,Gaston,37071031101,Gaston County urban-eligible tract,N,Eligible — not designated,35.3204938,-81.0344325,"Rev. Proc. 2026-14 appendix Non-rural (eligible, not entirely rural); urban/non-rural pack for Land Search Builder"
Charlotte,North Carolina,Gaston,37071031102,Gaston County urban-eligible tract,N,Eligible — not designated,35.2904844,-81.0159429,"Rev. Proc. 2026-14 appendix Non-rural (eligible, not entirely rural); urban/non-rural pack for Land Search Builder"
Charlotte,North Carolina,Gaston,37071031202,Gaston County urban-eligible tract,N,Eligible — not designated,35.2697071,-81.0428099,"Rev. Proc. 2026-14 appendix Non-rural (eligible, not entirely rural); urban/non-rural pack for Land Search Builder"
Charlotte,North Carolina,Gaston,37071031303,Gaston County urban-eligible tract,N,Eligible — not designated,35.2673221,-81.1174224,"Rev. Proc. 2026-14 appendix Non-rural (eligible, not entirely rural); urban/non-rural pack for Land Search Builder"
Charlotte,North Carolina,Gaston,37071031401,Gaston County urban-eligible tract,N,Eligible — not designated,35.2841697,-81.1663396,"Rev. Proc. 2026-14 appendix Non-rural (eligible, not entirely rural); urban/non-rural pack for Land Search Builder"
Charlotte,North Carolina,Gaston,37071031500,Gaston County urban-eligible tract,N,Eligible — not designated,35.2869698,-81.2128863,"Rev. Proc. 2026-14 appendix Non-rural (eligible, not entirely rural); urban/non-rural pack for Land Search Builder"
Charlotte,North Carolina,Gaston,37071031600,Gaston County urban-eligible tract,N,Eligible — not designated,35.2681288,-81.2849338,"Rev. Proc. 2026-14 appendix Non-rural (eligible, not entirely rural); urban/non-rural pack for Land Search Builder"
Charlotte,North Carolina,Gaston,37071031704,Gaston County urban-eligible tract,N,Eligible — not designated,35.2196895,-81.2641614,"Rev. Proc. 2026-14 appendix Non-rural (eligible, not entirely rural); urban/non-rural pack for Land Search Builder"
Charlotte,North Carolina,Gaston,37071031706,Gaston County urban-eligible tract,N,Eligible — not designated,35.2127461,-81.299806,"Rev. Proc. 2026-14 appendix Non-rural (eligible, not entirely rural); urban/non-rural pack for Land Search Builder"
Charlotte,North Carolina,Gaston,37071031800,Gaston County urban-eligible tract,N,Eligible — not designated,35.2623339,-81.2292201,"Rev. Proc. 2026-14 appendix Non-rural (eligible, not entirely rural); urban/non-rural pack for Land Search Builder"
Charlotte,North Carolina,Gaston,37071031901,Gaston County urban-eligible tract,N,Eligible — not designated,35.2624255,-81.1867031,"Rev. Proc. 2026-14 appendix Non-rural (eligible, not entirely rural); urban/non-rural pack for Land Search Builder"
Charlotte,North Carolina,Gaston,37071031902,Gaston County urban-eligible tract,N,Eligible — not designated,35.2759211,-81.1932812,"Rev. Proc. 2026-14 appendix Non-rural (eligible, not entirely rural); urban/non-rural pack for Land Search Builder"
Charlotte,North Carolina,Gaston,37071032000,Gaston County urban-eligible tract,N,Eligible — not designated,35.2735057,-81.1759633,"Rev. Proc. 2026-14 appendix Non-rural (eligible, not entirely rural); urban/non-rural pack for Land Search Builder"
Charlotte,North Carolina,Gaston,37071032100,Gaston County urban-eligible tract,N,Eligible — not designated,35.2691316,-81.1479165,"Rev. Proc. 2026-14 appendix Non-rural (eligible, not entirely rural); urban/non-rural pack for Land Search Builder"
Charlotte,North Carolina,Gaston,37071032202,Gaston County urban-eligible tract,N,Eligible — not designated,35.2394533,-81.0759183,"Rev. Proc. 2026-14 appendix Non-rural (eligible, not entirely rural); urban/non-rural pack for Land Search Builder"
Charlotte,North Carolina,Gaston,37071032302,Gaston County urban-eligible tract,N,Eligible — not designated,35.2478776,-81.025225,"Rev. Proc. 2026-14 appendix Non-rural (eligible, not entirely rural); urban/non-rural pack for Land Search Builder"
Charlotte,North Carolina,Gaston,37071032505,Gaston County urban-eligible tract,N,Eligible — not designated,35.2381008,-81.14179,"Rev. Proc. 2026-14 appendix Non-rural (eligible, not entirely rural); urban/non-rural pack for Land Search Builder"
Charlotte,North Carolina,Gaston,37071032506,Gaston County urban-eligible tract,N,Eligible — not designated,35.2305912,-81.1233477,"Rev. Proc. 2026-14 appendix Non-rural (eligible, not entirely rural); urban/non-rural pack for Land Search Builder"
Charlotte,North Carolina,Gaston,37071032703,Gaston County urban-eligible tract,N,Eligible — not designated,35.2571589,-81.1636562,"Rev. Proc. 2026-14 appendix Non-rural (eligible, not entirely rural); urban/non-rural pack for Land Search Builder"
Charlotte,North Carolina,Gaston,37071032704,Gaston County urban-eligible tract,N,Eligible — not designated,35.2460806,-81.1600547,"Rev. Proc. 2026-14 appendix Non-rural (eligible, not entirely rural); urban/non-rural pack for Land Search Builder"
Charlotte,North Carolina,Gaston,37071032802,Gaston County urban-eligible tract,N,Eligible — not designated,35.2335536,-81.1810375,"Rev. Proc. 2026-14 appendix Non-rural (eligible, not entirely rural); urban/non-rural pack for Land Search Builder"
Charlotte,North Carolina,Gaston,37071032900,Gaston County urban-eligible tract,N,Eligible — not designated,35.252896,-81.19709,"Rev. Proc. 2026-14 appendix Non-rural (eligible, not entirely rural); urban/non-rural pack for Land Search Builder"
Charlotte,North Carolina,Gaston,37071033100,Gaston County urban-eligible tract,N,Eligible — not designated,35.2504071,-81.2251732,"Rev. Proc. 2026-14 appendix Non-rural (eligible, not entirely rural); urban/non-rural pack for Land Search Builder"
Charlotte,North Carolina,Gaston,37071033203,Gaston County urban-eligible tract,N,Eligible — not designated,35.2412072,-81.2062389,"Rev. Proc. 2026-14 appendix Non-rural (eligible, not entirely rural); urban/non-rural pack for Land Search Builder"
Charlotte,North Carolina,Gaston,37071033204,Gaston County urban-eligible tract,N,Eligible — not designated,35.228783,-81.2162976,"Rev. Proc. 2026-14 appendix Non-rural (eligible, not entirely rural); urban/non-rural pack for Land Search Builder"
Charlotte,North Carolina,Gaston,37071033400,Gaston County urban-eligible tract,N,Eligible — not designated,35.188247,-81.2084633,"Rev. Proc. 2026-14 appendix Non-rural (eligible, not entirely rural); urban/non-rural pack for Land Search Builder"
Charlotte,North Carolina,Iredell,37097061601,Iredell County urban-eligible tract,N,Eligible — not designated,35.5864372,-80.8192486,"Rev. Proc. 2026-14 appendix Non-rural (eligible, not entirely rural); urban/non-rural pack for Land Search Builder"
Charlotte,North Carolina,Mecklenburg,37119000600,Mecklenburg County urban-eligible tract,N,Eligible — not designated,35.2251079,-80.8322606,"Rev. Proc. 2026-14 appendix Non-rural (eligible, not entirely rural); urban/non-rural pack for Land Search Builder"
Charlotte,North Carolina,Mecklenburg,37119000800,Mecklenburg County urban-eligible tract,N,Eligible — not designated,35.2281854,-80.8194074,"Rev. Proc. 2026-14 appendix Non-rural (eligible, not entirely rural); urban/non-rural pack for Land Search Builder"
Charlotte,North Carolina,Mecklenburg,37119001504,Mecklenburg County urban-eligible tract,N,Eligible — not designated,35.2440467,-80.7584093,"Rev. Proc. 2026-14 appendix Non-rural (eligible, not entirely rural); urban/non-rural pack for Land Search Builder"
Charlotte,North Carolina,Mecklenburg,37119001505,Mecklenburg County urban-eligible tract,N,Eligible — not designated,35.2743691,-80.7565551,"Rev. Proc. 2026-14 appendix Non-rural (eligible, not entirely rural); urban/non-rural pack for Land Search Builder"
Charlotte,North Carolina,Mecklenburg,37119001507,Mecklenburg County urban-eligible tract,N,Eligible — not designated,35.2507947,-80.7397811,"Rev. Proc. 2026-14 appendix Non-rural (eligible, not entirely rural); urban/non-rural pack for Land Search Builder"
Charlotte,North Carolina,Mecklenburg,37119001508,Mecklenburg County urban-eligible tract,N,Eligible — not designated,35.2425999,-80.7271364,"Rev. Proc. 2026-14 appendix Non-rural (eligible, not entirely rural); urban/non-rural pack for Land Search Builder"
Charlotte,North Carolina,Mecklenburg,37119001510,Mecklenburg County urban-eligible tract,N,Eligible — not designated,35.2572728,-80.7463444,"Rev. Proc. 2026-14 appendix Non-rural (eligible, not entirely rural); urban/non-rural pack for Land Search Builder"
Charlotte,North Carolina,Mecklenburg,37119001603,Mecklenburg County urban-eligible tract,N,Eligible — not designated,35.2327298,-80.7705875,"Rev. Proc. 2026-14 appendix Non-rural (eligible, not entirely rural); urban/non-rural pack for Land Search Builder"
Charlotte,North Carolina,Mecklenburg,37119001605,Mecklenburg County urban-eligible tract,N,Eligible — not designated,35.220193,-80.7752793,"Rev. Proc. 2026-14 appendix Non-rural (eligible, not entirely rural); urban/non-rural pack for Land Search Builder"
Charlotte,North Carolina,Mecklenburg,37119001606,Mecklenburg County urban-eligible tract,N,Eligible — not designated,35.2184656,-80.7625195,"Rev. Proc. 2026-14 appendix Non-rural (eligible, not entirely rural); urban/non-rural pack for Land Search Builder"
Charlotte,North Carolina,Mecklenburg,37119001607,Mecklenburg County urban-eligible tract,N,Eligible — not designated,35.2093483,-80.7462235,"Rev. Proc. 2026-14 appendix Non-rural (eligible, not entirely rural); urban/non-rural pack for Land Search Builder"
Charlotte,North Carolina,Mecklenburg,37119001608,Mecklenburg County urban-eligible tract,N,Eligible — not designated,35.2362394,-80.7615384,"Rev. Proc. 2026-14 appendix Non-rural (eligible, not entirely rural); urban/non-rural pack for Land Search Builder"
Charlotte,North Carolina,Mecklenburg,37119001701,Mecklenburg County urban-eligible tract,N,Eligible — not designated,35.211891,-80.7893958,"Rev. Proc. 2026-14 appendix Non-rural (eligible, not entirely rural); urban/non-rural pack for Land Search Builder"
Charlotte,North Carolina,Mecklenburg,37119001702,Mecklenburg County urban-eligible tract,N,Eligible — not designated,35.2081204,-80.7732945,"Rev. Proc. 2026-14 appendix Non-rural (eligible, not entirely rural); urban/non-rural pack for Land Search Builder"
Charlotte,North Carolina,Mecklenburg,37119001802,Mecklenburg County urban-eligible tract,N,Eligible — not designated,35.1961514,-80.7779704,"Rev. Proc. 2026-14 appendix Non-rural (eligible, not entirely rural); urban/non-rural pack for Land Search Builder"
Charlotte,North Carolina,Mecklenburg,37119001910,Mecklenburg County urban-eligible tract,N,Eligible — not designated,35.1946576,-80.7337135,"Rev. Proc. 2026-14 appendix Non-rural (eligible, not entirely rural); urban/non-rural pack for Land Search Builder"
Charlotte,North Carolina,Mecklenburg,37119001911,Mecklenburg County urban-eligible tract,N,Eligible — not designated,35.1890033,-80.7185457,"Rev. Proc. 2026-14 appendix Non-rural (eligible, not entirely rural); urban/non-rural pack for Land Search Builder"
Charlotte,North Carolina,Mecklenburg,37119001916,Mecklenburg County urban-eligible tract,N,Eligible — not designated,35.2048538,-80.7088632,"Rev. Proc. 2026-14 appendix Non-rural (eligible, not entirely rural); urban/non-rural pack for Land Search Builder"
Charlotte,North Carolina,Mecklenburg,37119001917,Mecklenburg County urban-eligible tract,N,Eligible — not designated,35.2009127,-80.6892184,"Rev. Proc. 2026-14 appendix Non-rural (eligible, not entirely rural); urban/non-rural pack for Land Search Builder"
Charlotte,North Carolina,Mecklenburg,37119001918,Mecklenburg County urban-eligible tract,N,Eligible — not designated,35.1968425,-80.7567315,"Rev. Proc. 2026-14 appendix Non-rural (eligible, not entirely rural); urban/non-rural pack for Land Search Builder"
Charlotte,North Carolina,Mecklenburg,37119001919,Mecklenburg County urban-eligible tract,N,Eligible — not designated,35.1929801,-80.7518868,"Rev. Proc. 2026-14 appendix Non-rural (eligible, not entirely rural); urban/non-rural pack for Land Search Builder"
Charlotte,North Carolina,Mecklenburg,37119001920,Mecklenburg County urban-eligible tract,N,Eligible — not designated,35.1789691,-80.7421894,"Rev. Proc. 2026-14 appendix Non-rural (eligible, not entirely rural); urban/non-rural pack for Land Search Builder"
Charlotte,North Carolina,Mecklenburg,37119001922,Mecklenburg County urban-eligible tract,N,Eligible — not designated,35.2179009,-80.7061391,"Rev. Proc. 2026-14 appendix Non-rural (eligible, not entirely rural); urban/non-rural pack for Land Search Builder"
Charlotte,North Carolina,Mecklenburg,37119001923,Mecklenburg County urban-eligible tract,N,Eligible — not designated,35.2114472,-80.7174495,"Rev. Proc. 2026-14 appendix Non-rural (eligible, not entirely rural); urban/non-rural pack for Land Search Builder"
Charlotte,North Carolina,Mecklenburg,37119001924,Mecklenburg County urban-eligible tract,N,Eligible — not designated,35.2135207,-80.7352598,"Rev. Proc. 2026-14 appendix Non-rural (eligible, not entirely rural); urban/non-rural pack for Land Search Builder"
Charlotte,North Carolina,Mecklenburg,37119001925,Mecklenburg County urban-eligible tract,N,Eligible — not designated,35.2156689,-80.7270583,"Rev. Proc. 2026-14 appendix Non-rural (eligible, not entirely rural); urban/non-rural pack for Land Search Builder"
Charlotte,North Carolina,Mecklenburg,37119001926,Mecklenburg County urban-eligible tract,N,Eligible — not designated,35.1672767,-80.7494873,"Rev. Proc. 2026-14 appendix Non-rural (eligible, not entirely rural); urban/non-rural pack for Land Search Builder"
Charlotte,North Carolina,Mecklenburg,37119001927,Mecklenburg County urban-eligible tract,N,Eligible — not designated,35.1536905,-80.7434065,"Rev. Proc. 2026-14 appendix Non-rural (eligible, not entirely rural); urban/non-rural pack for Land Search Builder"
Charlotte,North Carolina,Mecklenburg,37119002007,Mecklenburg County urban-eligible tract,N,Eligible — not designated,35.1599505,-80.7583285,"Rev. Proc. 2026-14 appendix Non-rural (eligible, not entirely rural); urban/non-rural pack for Land Search Builder"
Charlotte,North Carolina,Mecklenburg,37119002300,Mecklenburg County urban-eligible tract,N,Eligible — not designated,35.1957076,-80.8025508,"Rev. Proc. 2026-14 appendix Non-rural (eligible, not entirely rural); urban/non-rural pack for Land Search Builder"
Charlotte,North Carolina,Mecklenburg,37119003108,Mecklenburg County urban-eligible tract,N,Eligible — not designated,35.1305739,-80.8678209,"Rev. Proc. 2026-14 appendix Non-rural (eligible, not entirely rural); urban/non-rural pack for Land Search Builder"
Charlotte,North Carolina,Mecklenburg,37119003109,Mecklenburg County urban-eligible tract,N,Eligible — not designated,35.1208375,-80.8768584,"Rev. Proc. 2026-14 appendix Non-rural (eligible, not entirely rural); urban/non-rural pack for Land Search Builder"
Charlotte,North Carolina,Mecklenburg,37119003702,Mecklenburg County urban-eligible tract,N,Eligible — not designated,35.2030429,-80.8760961,"Rev. Proc. 2026-14 appendix Non-rural (eligible, not entirely rural); urban/non-rural pack for Land Search Builder"
Charlotte,North Carolina,Mecklenburg,37119003802,Mecklenburg County urban-eligible tract,N,Eligible — not designated,35.191232,-80.8880917,"Rev. Proc. 2026-14 appendix Non-rural (eligible, not entirely rural); urban/non-rural pack for Land Search Builder"
Charlotte,North Carolina,Mecklenburg,37119003807,Mecklenburg County urban-eligible tract,N,Eligible — not designated,35.1510861,-80.8895481,"Rev. Proc. 2026-14 appendix Non-rural (eligible, not entirely rural); urban/non-rural pack for Land Search Builder"
Charlotte,North Carolina,Mecklenburg,37119003808,Mecklenburg County urban-eligible tract,N,Eligible — not designated,35.1433446,-80.88325,"Rev. Proc. 2026-14 appendix Non-rural (eligible, not entirely rural); urban/non-rural pack for Land Search Builder"
Charlotte,North Carolina,Mecklenburg,37119003809,Mecklenburg County urban-eligible tract,N,Eligible — not designated,35.151696,-80.917683,"Rev. Proc. 2026-14 appendix Non-rural (eligible, not entirely rural); urban/non-rural pack for Land Search Builder"
Charlotte,North Carolina,Mecklenburg,37119003810,Mecklenburg County urban-eligible tract,N,Eligible — not designated,35.1506787,-80.9060583,"Rev. Proc. 2026-14 appendix Non-rural (eligible, not entirely rural); urban/non-rural pack for Land Search Builder"
Charlotte,North Carolina,Mecklenburg,37119003811,Mecklenburg County urban-eligible tract,N,Eligible — not designated,35.1692129,-80.8965101,"Rev. Proc. 2026-14 appendix Non-rural (eligible, not entirely rural); urban/non-rural pack for Land Search Builder"
Charlotte,North Carolina,Mecklenburg,37119003902,Mecklenburg County urban-eligible tract,N,Eligible — not designated,35.2099188,-80.89993,"Rev. Proc. 2026-14 appendix Non-rural (eligible, not entirely rural); urban/non-rural pack for Land Search Builder"
Charlotte,North Carolina,Mecklenburg,37119003903,Mecklenburg County urban-eligible tract,N,Eligible — not designated,35.2076512,-80.9206437,"Rev. Proc. 2026-14 appendix Non-rural (eligible, not entirely rural); urban/non-rural pack for Land Search Builder"
Charlotte,North Carolina,Mecklenburg,37119004302,Mecklenburg County urban-eligible tract,N,Eligible — not designated,35.2606562,-80.8935271,"Rev. Proc. 2026-14 appendix Non-rural (eligible, not entirely rural); urban/non-rural pack for Land Search Builder"
Charlotte,North Carolina,Mecklenburg,37119004304,Mecklenburg County urban-eligible tract,N,Eligible — not designated,35.267629,-80.9159747,"Rev. Proc. 2026-14 appendix Non-rural (eligible, not entirely rural); urban/non-rural pack for Land Search Builder"
Charlotte,North Carolina,Mecklenburg,37119004306,Mecklenburg County urban-eligible tract,N,Eligible — not designated,35.2422404,-80.9117199,"Rev. Proc. 2026-14 appendix Non-rural (eligible, not entirely rural); urban/non-rural pack for Land Search Builder"
Charlotte,North Carolina,Mecklenburg,37119004400,Mecklenburg County urban-eligible tract,N,Eligible — not designated,35.2794178,-80.8787038,"Rev. Proc. 2026-14 appendix Non-rural (eligible, not entirely rural); urban/non-rural pack for Land Search Builder"
Charlotte,North Carolina,Mecklenburg,37119004500,Mecklenburg County urban-eligible tract,N,Eligible — not designated,35.2524663,-80.8720755,"Rev. Proc. 2026-14 appendix Non-rural (eligible, not entirely rural); urban/non-rural pack for Land Search Builder"
Charlotte,North Carolina,Mecklenburg,37119004600,Mecklenburg County urban-eligible tract,N,Eligible — not designated,35.2615509,-80.8610607,"Rev. Proc. 2026-14 appendix Non-rural (eligible, not entirely rural); urban/non-rural pack for Land Search Builder"
Charlotte,North Carolina,Mecklenburg,37119004800,Mecklenburg County urban-eligible tract,N,Eligible — not designated,35.2574751,-80.8492145,"Rev. Proc. 2026-14 appendix Non-rural (eligible, not entirely rural); urban/non-rural pack for Land Search Builder"
Charlotte,North Carolina,Mecklenburg,37119004900,Mecklenburg County urban-eligible tract,N,Eligible — not designated,35.2427609,-80.8428441,"Rev. Proc. 2026-14 appendix Non-rural (eligible, not entirely rural); urban/non-rural pack for Land Search Builder"
Charlotte,North Carolina,Mecklenburg,37119005100,Mecklenburg County urban-eligible tract,N,Eligible — not designated,35.2624641,-80.8268574,"Rev. Proc. 2026-14 appendix Non-rural (eligible, not entirely rural); urban/non-rural pack for Land Search Builder"
Charlotte,North Carolina,Mecklenburg,37119005200,Mecklenburg County urban-eligible tract,N,Eligible — not designated,35.2457602,-80.8246593,"Rev. Proc. 2026-14 appendix Non-rural (eligible, not entirely rural); urban/non-rural pack for Land Search Builder"
Charlotte,North Carolina,Mecklenburg,37119005301,Mecklenburg County urban-eligible tract,N,Eligible — not designated,35.2574888,-80.8061142,"Rev. Proc. 2026-14 appendix Non-rural (eligible, not entirely rural); urban/non-rural pack for Land Search Builder"
Charlotte,North Carolina,Mecklenburg,37119005305,Mecklenburg County urban-eligible tract,N,Eligible — not designated,35.2722436,-80.7849359,"Rev. Proc. 2026-14 appendix Non-rural (eligible, not entirely rural); urban/non-rural pack for Land Search Builder"
Charlotte,North Carolina,Mecklenburg,37119005306,Mecklenburg County urban-eligible tract,N,Eligible — not designated,35.2629206,-80.777272,"Rev. Proc. 2026-14 appendix Non-rural (eligible, not entirely rural); urban/non-rural pack for Land Search Builder"
Charlotte,North Carolina,Mecklenburg,37119005307,Mecklenburg County urban-eligible tract,N,Eligible — not designated,35.281548,-80.7755245,"Rev. Proc. 2026-14 appendix Non-rural (eligible, not entirely rural); urban/non-rural pack for Land Search Builder"
Charlotte,North Carolina,Mecklenburg,37119005308,Mecklenburg County urban-eligible tract,N,Eligible — not designated,35.2746194,-80.7709241,"Rev. Proc. 2026-14 appendix Non-rural (eligible, not entirely rural); urban/non-rural pack for Land Search Builder"
Charlotte,North Carolina,Mecklenburg,37119005404,Mecklenburg County urban-eligible tract,N,Eligible — not designated,35.286058,-80.8140714,"Rev. Proc. 2026-14 appendix Non-rural (eligible, not entirely rural); urban/non-rural pack for Land Search Builder"
Charlotte,North Carolina,Mecklenburg,37119005405,Mecklenburg County urban-eligible tract,N,Eligible — not designated,35.2911864,-80.8412338,"Rev. Proc. 2026-14 appendix Non-rural (eligible, not entirely rural); urban/non-rural pack for Land Search Builder"
Charlotte,North Carolina,Mecklenburg,37119005406,Mecklenburg County urban-eligible tract,N,Eligible — not designated,35.2913548,-80.861712,"Rev. Proc. 2026-14 appendix Non-rural (eligible, not entirely rural); urban/non-rural pack for Land Search Builder"
Charlotte,North Carolina,Mecklenburg,37119005510,Mecklenburg County urban-eligible tract,N,Eligible — not designated,35.3260782,-80.8193663,"Rev. Proc. 2026-14 appendix Non-rural (eligible, not entirely rural); urban/non-rural pack for Land Search Builder"
Charlotte,North Carolina,Mecklenburg,37119005511,Mecklenburg County urban-eligible tract,N,Eligible — not designated,35.3358195,-80.8100015,"Rev. Proc. 2026-14 appendix Non-rural (eligible, not entirely rural); urban/non-rural pack for Land Search Builder"
Charlotte,North Carolina,Mecklenburg,37119005512,Mecklenburg County urban-eligible tract,N,Eligible — not designated,35.3116643,-80.8014721,"Rev. Proc. 2026-14 appendix Non-rural (eligible, not entirely rural); urban/non-rural pack for Land Search Builder"
Charlotte,North Carolina,Mecklenburg,37119005534,Mecklenburg County urban-eligible tract,N,Eligible — not designated,35.3174612,-80.7450808,"Rev. Proc. 2026-14 appendix Non-rural (eligible, not entirely rural); urban/non-rural pack for Land Search Builder"
Charlotte,North Carolina,Mecklenburg,37119005604,Mecklenburg County urban-eligible tract,N,Eligible — not designated,35.3040262,-80.7390968,"Rev. Proc. 2026-14 appendix Non-rural (eligible, not entirely rural); urban/non-rural pack for Land Search Builder"
Charlotte,North Carolina,Mecklenburg,37119005609,Mecklenburg County urban-eligible tract,N,Eligible — not designated,35.3223377,-80.7200438,"Rev. Proc. 2026-14 appendix Non-rural (eligible, not entirely rural); urban/non-rural pack for Land Search Builder"
Charlotte,North Carolina,Mecklenburg,37119005616,Mecklenburg County urban-eligible tract,N,Eligible — not designated,35.2642786,-80.7079907,"Rev. Proc. 2026-14 appendix Non-rural (eligible, not entirely rural); urban/non-rural pack for Land Search Builder"
Charlotte,North Carolina,Mecklenburg,37119005622,Mecklenburg County urban-eligible tract,N,Eligible — not designated,35.2994275,-80.7283447,"Rev. Proc. 2026-14 appendix Non-rural (eligible, not entirely rural); urban/non-rural pack for Land Search Builder"
Charlotte,North Carolina,Mecklenburg,37119005829,Mecklenburg County urban-eligible tract,N,Eligible — not designated,35.0921183,-80.8718492,"Rev. Proc. 2026-14 appendix Non-rural (eligible, not entirely rural); urban/non-rural pack for Land Search Builder"
Charlotte,North Carolina,Mecklenburg,37119005868,Mecklenburg County urban-eligible tract,N,Eligible — not designated,35.0769908,-80.901776,"Rev. Proc. 2026-14 appendix Non-rural (eligible, not entirely rural); urban/non-rural pack for Land Search Builder"
Charlotte,North Carolina,Mecklenburg,37119005920,Mecklenburg County urban-eligible tract,N,Eligible — not designated,35.1973322,-80.9851824,"Rev. Proc. 2026-14 appendix Non-rural (eligible, not entirely rural); urban/non-rural pack for Land Search Builder"
Charlotte,North Carolina,Mecklenburg,37119006005,Mecklenburg County urban-eligible tract,N,Eligible — not designated,35.2728931,-80.9874812,"Rev. Proc. 2026-14 appendix Non-rural (eligible, not entirely rural); urban/non-rural pack for Land Search Builder"
Charlotte,North Carolina,Mecklenburg,37119006013,Mecklenburg County urban-eligible tract,N,Eligible — not designated,35.3088811,-80.9814622,"Rev. Proc. 2026-14 appendix Non-rural (eligible, not entirely rural); urban/non-rural pack for Land Search Builder"
Charlotte,North Carolina,Mecklenburg,37119006109,Mecklenburg County urban-eligible tract,N,Eligible — not designated,35.3211017,-80.8532074,"Rev. Proc. 2026-14 appendix Non-rural (eligible, not entirely rural); urban/non-rural pack for Land Search Builder"
Charlotte,North Carolina,Mecklenburg,37119006112,Mecklenburg County urban-eligible tract,N,Eligible — not designated,35.3524268,-80.8512765,"Rev. Proc. 2026-14 appendix Non-rural (eligible, not entirely rural); urban/non-rural pack for Land Search Builder"
Charlotte,North Carolina,Rowan,37159050201,Rowan County urban-eligible tract,N,Eligible — not designated,35.6495717,-80.4396595,"Rev. Proc. 2026-14 appendix Non-rural (eligible, not entirely rural); urban/non-rural pack for Land Search Builder"
Charlotte,North Carolina,Rowan,37159050202,Rowan County urban-eligible tract,N,Eligible — not designated,35.6417995,-80.4738316,"Rev. Proc. 2026-14 appendix Non-rural (eligible, not entirely rural); urban/non-rural pack for Land Search Builder"
Charlotte,North Carolina,Rowan,37159050300,Rowan County urban-eligible tract,N,Eligible — not designated,35.6619913,-80.4895598,"Rev. Proc. 2026-14 appendix Non-rural (eligible, not entirely rural); urban/non-rural pack for Land Search Builder"
Charlotte,North Carolina,Rowan,37159050400,Rowan County urban-eligible tract,N,Eligible — not designated,35.6747394,-80.4888813,"Rev. Proc. 2026-14 appendix Non-rural (eligible, not entirely rural); urban/non-rural pack for Land Search Builder"
Charlotte,North Carolina,Rowan,37159051101,Rowan County urban-eligible tract,N,Eligible — not designated,35.5485347,-80.4885313,"Rev. Proc. 2026-14 appendix Non-rural (eligible, not entirely rural); urban/non-rural pack for Land Search Builder"
Charlotte,North Carolina,Rowan,37159051201,Rowan County urban-eligible tract,N,Eligible — not designated,35.625113,-80.561587,"Rev. Proc. 2026-14 appendix Non-rural (eligible, not entirely rural); urban/non-rural pack for Land Search Builder"
Charlotte,North Carolina,Rowan,37159051204,Rowan County urban-eligible tract,N,Eligible — not designated,35.649447,-80.5268315,"Rev. Proc. 2026-14 appendix Non-rural (eligible, not entirely rural); urban/non-rural pack for Land Search Builder"
Charlotte,North Carolina,Rowan,37159051302,Rowan County urban-eligible tract,N,Eligible — not designated,35.7332839,-80.475277,"Rev. Proc. 2026-14 appendix Non-rural (eligible, not entirely rural); urban/non-rural pack for Land Search Builder"
Charlotte,North Carolina,Rowan,37159051303,Rowan County urban-eligible tract,N,Eligible — not designated,35.7002011,-80.5083265,"Rev. Proc. 2026-14 appendix Non-rural (eligible, not entirely rural); urban/non-rural pack for Land Search Builder"
Charlotte,North Carolina,Rowan,37159051502,Rowan County urban-eligible tract,N,Eligible — not designated,35.5238901,-80.6616451,"Rev. Proc. 2026-14 appendix Non-rural (eligible, not entirely rural); urban/non-rural pack for Land Search Builder"
Charlotte,North Carolina,Rowan,37159051700,Rowan County urban-eligible tract,N,Eligible — not designated,35.5745032,-80.5762905,"Rev. Proc. 2026-14 appendix Non-rural (eligible, not entirely rural); urban/non-rural pack for Land Search Builder"
Charlotte,North Carolina,Rowan,37159052000,Rowan County urban-eligible tract,N,Eligible — not designated,35.6725895,-80.4639814,"Rev. Proc. 2026-14 appendix Non-rural (eligible, not entirely rural); urban/non-rural pack for Land Search Builder"
Charlotte,North Carolina,Union,37179020405,Union County urban-eligible tract,N,Eligible — not designated,35.0194615,-80.5834165,"Rev. Proc. 2026-14 appendix Non-rural (eligible, not entirely rural); urban/non-rural pack for Land Search Builder"
Charlotte,North Carolina,Union,37179020406,Union County urban-eligible tract,N,Eligible — not designated,34.9940151,-80.5537514,"Rev. Proc. 2026-14 appendix Non-rural (eligible, not entirely rural); urban/non-rural pack for Land Search Builder"
Charlotte,North Carolina,Union,37179020601,Union County urban-eligible tract,N,Eligible — not designated,35.0018953,-80.4971779,"Rev. Proc. 2026-14 appendix Non-rural (eligible, not entirely rural); urban/non-rural pack for Land Search Builder"
Charlotte,South Carolina,York,45091060200,York County urban-eligible tract,N,Eligible — not designated,34.9282234,-81.0056196,"Rev. Proc. 2026-14 appendix Non-rural (eligible, not entirely rural); Eligible — not designated (SC Governor-filed Sep 10, 2026; nominated GEOID list not public); urban/non-rural pack for Land Search Builder"
Charlotte,South Carolina,York,45091060300,York County urban-eligible tract,N,Eligible — not designated,34.9144444,-81.0197577,"Rev. Proc. 2026-14 appendix Non-rural (eligible, not entirely rural); Eligible — not designated (SC Governor-filed Sep 10, 2026; nominated GEOID list not public); urban/non-rural pack for Land Search Builder"
Charlotte,South Carolina,York,45091060401,York County urban-eligible tract,N,Eligible — not designated,34.9148151,-81.0342629,"Rev. Proc. 2026-14 appendix Non-rural (eligible, not entirely rural); Eligible — not designated (SC Governor-filed Sep 10, 2026; nominated GEOID list not public); urban/non-rural pack for Land Search Builder"
Charlotte,South Carolina,York,45091060501,York County urban-eligible tract,N,Eligible — not designated,34.9325443,-81.0382008,"Rev. Proc. 2026-14 appendix Non-rural (eligible, not entirely rural); Eligible — not designated (SC Governor-filed Sep 10, 2026; nominated GEOID list not public); urban/non-rural pack for Land Search Builder"
Charlotte,South Carolina,York,45091060502,York County urban-eligible tract,N,Eligible — not designated,34.9213352,-81.052072,"Rev. Proc. 2026-14 appendix Non-rural (eligible, not entirely rural); Eligible — not designated (SC Governor-filed Sep 10, 2026; nominated GEOID list not public); urban/non-rural pack for Land Search Builder"
Charlotte,South Carolina,York,45091060600,York County urban-eligible tract,N,Eligible — not designated,34.9396416,-81.0309713,"Rev. Proc. 2026-14 appendix Non-rural (eligible, not entirely rural); Eligible — not designated (SC Governor-filed Sep 10, 2026; nominated GEOID list not public); urban/non-rural pack for Land Search Builder"
Raleigh-Durham,North Carolina,Alamance,37001020100,Alamance County urban-eligible tract,N,Eligible — not designated,36.0914774,-79.4455986,"Rev. Proc. 2026-14 appendix Non-rural (eligible, not entirely rural); county on outer/uncertain edge of ~90-min shed; urban/non-rural pack for Land Search Builder"
Raleigh-Durham,North Carolina,Alamance,37001020200,Alamance County urban-eligible tract,N,Eligible — not designated,36.0919103,-79.4195398,"Rev. Proc. 2026-14 appendix Non-rural (eligible, not entirely rural); county on outer/uncertain edge of ~90-min shed; urban/non-rural pack for Land Search Builder"
Raleigh-Durham,North Carolina,Alamance,37001020301,Alamance County urban-eligible tract,N,Eligible — not designated,36.1065434,-79.4055744,"Rev. Proc. 2026-14 appendix Non-rural (eligible, not entirely rural); county on outer/uncertain edge of ~90-min shed; urban/non-rural pack for Land Search Builder"
Raleigh-Durham,North Carolina,Alamance,37001020302,Alamance County urban-eligible tract,N,Eligible — not designated,36.09477,-79.3911836,"Rev. Proc. 2026-14 appendix Non-rural (eligible, not entirely rural); county on outer/uncertain edge of ~90-min shed; urban/non-rural pack for Land Search Builder"
Raleigh-Durham,North Carolina,Alamance,37001020400,Alamance County urban-eligible tract,N,Eligible — not designated,36.1207861,-79.4322349,"Rev. Proc. 2026-14 appendix Non-rural (eligible, not entirely rural); county on outer/uncertain edge of ~90-min shed; urban/non-rural pack for Land Search Builder"
Raleigh-Durham,North Carolina,Alamance,37001020501,Alamance County urban-eligible tract,N,Eligible — not designated,36.1220609,-79.4795203,"Rev. Proc. 2026-14 appendix Non-rural (eligible, not entirely rural); county on outer/uncertain edge of ~90-min shed; urban/non-rural pack for Land Search Builder"
Raleigh-Durham,North Carolina,Alamance,37001020502,Alamance County urban-eligible tract,N,Eligible — not designated,36.1143709,-79.4515972,"Rev. Proc. 2026-14 appendix Non-rural (eligible, not entirely rural); county on outer/uncertain edge of ~90-min shed; urban/non-rural pack for Land Search Builder"
Raleigh-Durham,North Carolina,Alamance,37001021000,Alamance County urban-eligible tract,N,Eligible — not designated,36.076978,-79.3985062,"Rev. Proc. 2026-14 appendix Non-rural (eligible, not entirely rural); county on outer/uncertain edge of ~90-min shed; urban/non-rural pack for Land Search Builder"
Raleigh-Durham,North Carolina,Alamance,37001021201,Alamance County urban-eligible tract,N,Eligible — not designated,36.1058538,-79.3538343,"Rev. Proc. 2026-14 appendix Non-rural (eligible, not entirely rural); county on outer/uncertain edge of ~90-min shed; urban/non-rural pack for Land Search Builder"
Raleigh-Durham,North Carolina,Durham,37063000102,Durham County urban-eligible tract,N,Eligible — not designated,36.0322304,-78.8980833,"Rev. Proc. 2026-14 appendix Non-rural (eligible, not entirely rural); urban/non-rural pack for Land Search Builder"
Raleigh-Durham,North Carolina,Durham,37063000200,Durham County urban-eligible tract,N,Eligible — not designated,36.0089209,-78.8853873,"Rev. Proc. 2026-14 appendix Non-rural (eligible, not entirely rural); urban/non-rural pack for Land Search Builder"
Raleigh-Durham,North Carolina,Durham,37063000402,Durham County urban-eligible tract,N,Eligible — not designated,36.0116811,-78.9262313,"Rev. Proc. 2026-14 appendix Non-rural (eligible, not entirely rural); urban/non-rural pack for Land Search Builder"
Raleigh-Durham,North Carolina,Durham,37063000500,Durham County urban-eligible tract,N,Eligible — not designated,35.9974576,-78.920956,"Rev. Proc. 2026-14 appendix Non-rural (eligible, not entirely rural); urban/non-rural pack for Land Search Builder"
Raleigh-Durham,North Carolina,Durham,37063000900,Durham County urban-eligible tract,N,Eligible — not designated,35.999957,-78.8860285,"Rev. Proc. 2026-14 appendix Non-rural (eligible, not entirely rural); urban/non-rural pack for Land Search Builder"
Raleigh-Durham,North Carolina,Durham,37063001001,Durham County urban-eligible tract,N,Eligible — not designated,35.9850546,-78.8769799,"Rev. Proc. 2026-14 appendix Non-rural (eligible, not entirely rural); urban/non-rural pack for Land Search Builder"
Raleigh-Durham,North Carolina,Durham,37063001002,Durham County urban-eligible tract,N,Eligible — not designated,35.9956123,-78.8698178,"Rev. Proc. 2026-14 appendix Non-rural (eligible, not entirely rural); urban/non-rural pack for Land Search Builder"
Raleigh-Durham,North Carolina,Durham,37063001100,Durham County urban-eligible tract,N,Eligible — not designated,35.9901712,-78.8900791,"Rev. Proc. 2026-14 appendix Non-rural (eligible, not entirely rural); urban/non-rural pack for Land Search Builder"
Raleigh-Durham,North Carolina,Durham,37063001301,Durham County urban-eligible tract,N,Eligible — not designated,35.980004,-78.8991045,"Rev. Proc. 2026-14 appendix Non-rural (eligible, not entirely rural); urban/non-rural pack for Land Search Builder"
Raleigh-Durham,North Carolina,Durham,37063001303,Durham County urban-eligible tract,N,Eligible — not designated,35.972838,-78.9012836,"Rev. Proc. 2026-14 appendix Non-rural (eligible, not entirely rural); urban/non-rural pack for Land Search Builder"
Raleigh-Durham,North Carolina,Durham,37063001304,Durham County urban-eligible tract,N,Eligible — not designated,35.9666288,-78.9098455,"Rev. Proc. 2026-14 appendix Non-rural (eligible, not entirely rural); urban/non-rural pack for Land Search Builder"
Raleigh-Durham,North Carolina,Durham,37063001400,Durham County urban-eligible tract,N,Eligible — not designated,35.9766127,-78.8858301,"Rev. Proc. 2026-14 appendix Non-rural (eligible, not entirely rural); urban/non-rural pack for Land Search Builder"
Raleigh-Durham,North Carolina,Durham,37063001504,Durham County urban-eligible tract,N,Eligible — not designated,36.0077495,-78.9525933,"Rev. Proc. 2026-14 appendix Non-rural (eligible, not entirely rural); urban/non-rural pack for Land Search Builder"
Raleigh-Durham,North Carolina,Durham,37063001505,Durham County urban-eligible tract,N,Eligible — not designated,36.0114234,-78.9405553,"Rev. Proc. 2026-14 appendix Non-rural (eligible, not entirely rural); urban/non-rural pack for Land Search Builder"
Raleigh-Durham,North Carolina,Durham,37063001709,Durham County urban-eligible tract,N,Eligible — not designated,36.049027,-78.8815578,"Rev. Proc. 2026-14 appendix Non-rural (eligible, not entirely rural); urban/non-rural pack for Land Search Builder"
Raleigh-Durham,North Carolina,Durham,37063001711,Durham County urban-eligible tract,N,Eligible — not designated,36.0589447,-78.9315016,"Rev. Proc. 2026-14 appendix Non-rural (eligible, not entirely rural); urban/non-rural pack for Land Search Builder"
Raleigh-Durham,North Carolina,Durham,37063001802,Durham County urban-eligible tract,N,Eligible — not designated,35.9874168,-78.8518251,"Rev. Proc. 2026-14 appendix Non-rural (eligible, not entirely rural); urban/non-rural pack for Land Search Builder"
Raleigh-Durham,North Carolina,Durham,37063001810,Durham County urban-eligible tract,N,Eligible — not designated,35.9753963,-78.8382456,"Rev. Proc. 2026-14 appendix Non-rural (eligible, not entirely rural); urban/non-rural pack for Land Search Builder"
Raleigh-Durham,North Carolina,Durham,37063002009,Durham County urban-eligible tract,N,Eligible — not designated,35.9590707,-78.8968614,"Rev. Proc. 2026-14 appendix Non-rural (eligible, not entirely rural); urban/non-rural pack for Land Search Builder"
Raleigh-Durham,North Carolina,Durham,37063002026,Durham County urban-eligible tract,N,Eligible — not designated,35.9457669,-78.8971197,"Rev. Proc. 2026-14 appendix Non-rural (eligible, not entirely rural); urban/non-rural pack for Land Search Builder"
Raleigh-Durham,North Carolina,Durham,37063002031,Durham County urban-eligible tract,N,Eligible — not designated,35.9593036,-78.9614691,"Rev. Proc. 2026-14 appendix Non-rural (eligible, not entirely rural); urban/non-rural pack for Land Search Builder"
Raleigh-Durham,North Carolina,Durham,37063002032,Durham County urban-eligible tract,N,Eligible — not designated,35.9579777,-78.969361,"Rev. Proc. 2026-14 appendix Non-rural (eligible, not entirely rural); urban/non-rural pack for Land Search Builder"
Raleigh-Durham,North Carolina,Durham,37063002300,Durham County urban-eligible tract,N,Eligible — not designated,35.9872849,-78.901429,"Rev. Proc. 2026-14 appendix Non-rural (eligible, not entirely rural); urban/non-rural pack for Land Search Builder"
Raleigh-Durham,North Carolina,Nash,37127010200,Nash County urban-eligible tract,N,Eligible — not designated,35.9092682,-77.8225507,"Rev. Proc. 2026-14 appendix Non-rural (eligible, not entirely rural); urban/non-rural pack for Land Search Builder"
Raleigh-Durham,North Carolina,Nash,37127010301,Nash County urban-eligible tract,N,Eligible — not designated,35.9342448,-77.8202038,"Rev. Proc. 2026-14 appendix Non-rural (eligible, not entirely rural); urban/non-rural pack for Land Search Builder"
Raleigh-Durham,North Carolina,Nash,37127010400,Nash County urban-eligible tract,N,Eligible — not designated,35.9497092,-77.8048492,"Rev. Proc. 2026-14 appendix Non-rural (eligible, not entirely rural); urban/non-rural pack for Land Search Builder"
Raleigh-Durham,North Carolina,Nash,37127010700,Nash County urban-eligible tract,N,Eligible — not designated,36.0824501,-77.7714139,"Rev. Proc. 2026-14 appendix Non-rural (eligible, not entirely rural); urban/non-rural pack for Land Search Builder"
Raleigh-Durham,North Carolina,Orange,37135010707,Orange County urban-eligible tract,N,Eligible — not designated,35.9121216,-79.0877745,"Rev. Proc. 2026-14 appendix Non-rural (eligible, not entirely rural); urban/non-rural pack for Land Search Builder"
Raleigh-Durham,North Carolina,Orange,37135011103,Orange County urban-eligible tract,N,Eligible — not designated,36.0939942,-79.1712028,"Rev. Proc. 2026-14 appendix Non-rural (eligible, not entirely rural); urban/non-rural pack for Land Search Builder"
Raleigh-Durham,North Carolina,Orange,37135011105,Orange County urban-eligible tract,N,Eligible — not designated,36.0937527,-79.235647,"Rev. Proc. 2026-14 appendix Non-rural (eligible, not entirely rural); urban/non-rural pack for Land Search Builder"
Raleigh-Durham,North Carolina,Orange,37135011300,Orange County urban-eligible tract,N,Eligible — not designated,35.9187011,-79.0622576,"Rev. Proc. 2026-14 appendix Non-rural (eligible, not entirely rural); urban/non-rural pack for Land Search Builder"
Raleigh-Durham,North Carolina,Orange,37135011602,Orange County urban-eligible tract,N,Eligible — not designated,35.9035166,-79.0461029,"Rev. Proc. 2026-14 appendix Non-rural (eligible, not entirely rural); urban/non-rural pack for Land Search Builder"
Raleigh-Durham,North Carolina,Orange,37135011800,Orange County urban-eligible tract,N,Eligible — not designated,35.9403359,-79.0667888,"Rev. Proc. 2026-14 appendix Non-rural (eligible, not entirely rural); urban/non-rural pack for Land Search Builder"
Raleigh-Durham,North Carolina,Wake,37183050700,Wake County urban-eligible tract,N,Eligible — not designated,35.7739244,-78.6207333,"Rev. Proc. 2026-14 appendix Non-rural (eligible, not entirely rural); urban/non-rural pack for Land Search Builder"
Raleigh-Durham,North Carolina,Wake,37183050800,Wake County urban-eligible tract,N,Eligible — not designated,35.7644588,-78.6256548,"Rev. Proc. 2026-14 appendix Non-rural (eligible, not entirely rural); urban/non-rural pack for Land Search Builder"
Raleigh-Durham,North Carolina,Wake,37183050900,Wake County urban-eligible tract,N,Eligible — not designated,35.7668872,-78.637866,"Rev. Proc. 2026-14 appendix Non-rural (eligible, not entirely rural); urban/non-rural pack for Land Search Builder"
Raleigh-Durham,North Carolina,Wake,37183051101,Wake County urban-eligible tract,N,Eligible — not designated,35.7880125,-78.6883195,"Rev. Proc. 2026-14 appendix Non-rural (eligible, not entirely rural); urban/non-rural pack for Land Search Builder"
Raleigh-Durham,North Carolina,Wake,37183052001,Wake County urban-eligible tract,N,Eligible — not designated,35.7795509,-78.5910813,"Rev. Proc. 2026-14 appendix Non-rural (eligible, not entirely rural); urban/non-rural pack for Land Search Builder"
Raleigh-Durham,North Carolina,Wake,37183052002,Wake County urban-eligible tract,N,Eligible — not designated,35.7668765,-78.5975566,"Rev. Proc. 2026-14 appendix Non-rural (eligible, not entirely rural); urban/non-rural pack for Land Search Builder"
Raleigh-Durham,North Carolina,Wake,37183052101,Wake County urban-eligible tract,N,Eligible — not designated,35.7439038,-78.6210255,"Rev. Proc. 2026-14 appendix Non-rural (eligible, not entirely rural); urban/non-rural pack for Land Search Builder"
Raleigh-Durham,North Carolina,Wake,37183052102,Wake County urban-eligible tract,N,Eligible — not designated,35.7507549,-78.5987198,"Rev. Proc. 2026-14 appendix Non-rural (eligible, not entirely rural); urban/non-rural pack for Land Search Builder"
Raleigh-Durham,North Carolina,Wake,37183052303,Wake County urban-eligible tract,N,Eligible — not designated,35.7459374,-78.6859961,"Rev. Proc. 2026-14 appendix Non-rural (eligible, not entirely rural); urban/non-rural pack for Land Search Builder"
Raleigh-Durham,North Carolina,Wake,37183052304,Wake County urban-eligible tract,N,Eligible — not designated,35.7523655,-78.6776078,"Rev. Proc. 2026-14 appendix Non-rural (eligible, not entirely rural); urban/non-rural pack for Land Search Builder"
Raleigh-Durham,North Carolina,Wake,37183052306,Wake County urban-eligible tract,N,Eligible — not designated,35.7509946,-78.7073043,"Rev. Proc. 2026-14 appendix Non-rural (eligible, not entirely rural); urban/non-rural pack for Land Search Builder"
Raleigh-Durham,North Carolina,Wake,37183052408,Wake County urban-eligible tract,N,Eligible — not designated,35.7798637,-78.6926895,"Rev. Proc. 2026-14 appendix Non-rural (eligible, not entirely rural); urban/non-rural pack for Land Search Builder"
Raleigh-Durham,North Carolina,Wake,37183052409,Wake County urban-eligible tract,N,Eligible — not designated,35.7778912,-78.6840191,"Rev. Proc. 2026-14 appendix Non-rural (eligible, not entirely rural); urban/non-rural pack for Land Search Builder"
Raleigh-Durham,North Carolina,Wake,37183052410,Wake County urban-eligible tract,N,Eligible — not designated,35.7766572,-78.7260251,"Rev. Proc. 2026-14 appendix Non-rural (eligible, not entirely rural); urban/non-rural pack for Land Search Builder"
Raleigh-Durham,North Carolina,Wake,37183052411,Wake County urban-eligible tract,N,Eligible — not designated,35.7810871,-78.7398022,"Rev. Proc. 2026-14 appendix Non-rural (eligible, not entirely rural); urban/non-rural pack for Land Search Builder"
Raleigh-Durham,North Carolina,Wake,37183052704,Wake County urban-eligible tract,N,Eligible — not designated,35.8408976,-78.5922622,"Rev. Proc. 2026-14 appendix Non-rural (eligible, not entirely rural); urban/non-rural pack for Land Search Builder"
Raleigh-Durham,North Carolina,Wake,37183052707,Wake County urban-eligible tract,N,Eligible — not designated,35.8171394,-78.5739038,"Rev. Proc. 2026-14 appendix Non-rural (eligible, not entirely rural); urban/non-rural pack for Land Search Builder"
Raleigh-Durham,North Carolina,Wake,37183052802,Wake County urban-eligible tract,N,Eligible — not designated,35.7060065,-78.6446074,"Rev. Proc. 2026-14 appendix Non-rural (eligible, not entirely rural); urban/non-rural pack for Land Search Builder"
Raleigh-Durham,North Carolina,Wake,37183052811,Wake County urban-eligible tract,N,Eligible — not designated,35.75106,-78.557097,"Rev. Proc. 2026-14 appendix Non-rural (eligible, not entirely rural); urban/non-rural pack for Land Search Builder"
Raleigh-Durham,North Carolina,Wake,37183052813,Wake County urban-eligible tract,N,Eligible — not designated,35.6542685,-78.5811196,"Rev. Proc. 2026-14 appendix Non-rural (eligible, not entirely rural); urban/non-rural pack for Land Search Builder"
Raleigh-Durham,North Carolina,Wake,37183052816,Wake County urban-eligible tract,N,Eligible — not designated,35.7343891,-78.5945654,"Rev. Proc. 2026-14 appendix Non-rural (eligible, not entirely rural); urban/non-rural pack for Land Search Builder"
Raleigh-Durham,North Carolina,Wake,37183053516,Wake County urban-eligible tract,N,Eligible — not designated,35.7716349,-78.7517408,"Rev. Proc. 2026-14 appendix Non-rural (eligible, not entirely rural); urban/non-rural pack for Land Search Builder"
Raleigh-Durham,North Carolina,Wake,37183053517,Wake County urban-eligible tract,N,Eligible — not designated,35.780801,-78.7595116,"Rev. Proc. 2026-14 appendix Non-rural (eligible, not entirely rural); urban/non-rural pack for Land Search Builder"
Raleigh-Durham,North Carolina,Wake,37183053519,Wake County urban-eligible tract,N,Eligible — not designated,35.7653692,-78.790295,"Rev. Proc. 2026-14 appendix Non-rural (eligible, not entirely rural); urban/non-rural pack for Land Search Builder"
Raleigh-Durham,North Carolina,Wake,37183053713,Wake County urban-eligible tract,N,Eligible — not designated,35.8818822,-78.6969081,"Rev. Proc. 2026-14 appendix Non-rural (eligible, not entirely rural); urban/non-rural pack for Land Search Builder"
Raleigh-Durham,North Carolina,Wake,37183053716,Wake County urban-eligible tract,N,Eligible — not designated,35.8610519,-78.6499927,"Rev. Proc. 2026-14 appendix Non-rural (eligible, not entirely rural); urban/non-rural pack for Land Search Builder"
Raleigh-Durham,North Carolina,Wake,37183054006,Wake County urban-eligible tract,N,Eligible — not designated,35.8736852,-78.633929,"Rev. Proc. 2026-14 appendix Non-rural (eligible, not entirely rural); urban/non-rural pack for Land Search Builder"
Raleigh-Durham,North Carolina,Wake,37183054008,Wake County urban-eligible tract,N,Eligible — not designated,35.8506029,-78.5706493,"Rev. Proc. 2026-14 appendix Non-rural (eligible, not entirely rural); urban/non-rural pack for Land Search Builder"
Raleigh-Durham,North Carolina,Wake,37183054015,Wake County urban-eligible tract,N,Eligible — not designated,35.8640955,-78.5677413,"Rev. Proc. 2026-14 appendix Non-rural (eligible, not entirely rural); urban/non-rural pack for Land Search Builder"
Raleigh-Durham,North Carolina,Wake,37183054018,Wake County urban-eligible tract,N,Eligible — not designated,35.8598788,-78.589787,"Rev. Proc. 2026-14 appendix Non-rural (eligible, not entirely rural); urban/non-rural pack for Land Search Builder"
Raleigh-Durham,North Carolina,Wake,37183054022,Wake County urban-eligible tract,N,Eligible — not designated,35.8775412,-78.5575179,"Rev. Proc. 2026-14 appendix Non-rural (eligible, not entirely rural); urban/non-rural pack for Land Search Builder"
Raleigh-Durham,North Carolina,Wake,37183054106,Wake County urban-eligible tract,N,Eligible — not designated,35.776322,-78.551957,"Rev. Proc. 2026-14 appendix Non-rural (eligible, not entirely rural); urban/non-rural pack for Land Search Builder"
Raleigh-Durham,North Carolina,Wake,37183054113,Wake County urban-eligible tract,N,Eligible — not designated,35.8193403,-78.5113737,"Rev. Proc. 2026-14 appendix Non-rural (eligible, not entirely rural); urban/non-rural pack for Land Search Builder"
Raleigh-Durham,North Carolina,Wake,37183054119,Wake County urban-eligible tract,N,Eligible — not designated,35.8224125,-78.54747,"Rev. Proc. 2026-14 appendix Non-rural (eligible, not entirely rural); urban/non-rural pack for Land Search Builder"
Raleigh-Durham,North Carolina,Wake,37183054214,Wake County urban-eligible tract,N,Eligible — not designated,35.9216086,-78.4163693,"Rev. Proc. 2026-14 appendix Non-rural (eligible, not entirely rural); urban/non-rural pack for Land Search Builder"
Raleigh-Durham,North Carolina,Wake,37183054501,Wake County urban-eligible tract,N,Eligible — not designated,35.7418689,-78.6617984,"Rev. Proc. 2026-14 appendix Non-rural (eligible, not entirely rural); urban/non-rural pack for Land Search Builder"
Raleigh-Durham,North Carolina,Wake,37183054502,Wake County urban-eligible tract,N,Eligible — not designated,35.7394619,-78.6454557,"Rev. Proc. 2026-14 appendix Non-rural (eligible, not entirely rural); urban/non-rural pack for Land Search Builder"
