market,state,county,geoid,place_or_corridor,rural,status,lat,lon,notes
Vero Beach,Florida,Brevard,12009060104,Brevard County rural-eligible tract,Y,Eligible — not designated,28.7595275,-80.88106,Rev. Proc. 2026-14 appendix Rural (entirely rural); county on outer/uncertain edge of ~90-min shed
Vero Beach,Florida,Brevard,12009060105,Brevard County rural-eligible tract,Y,Eligible — not designated,28.6913195,-80.8439989,Rev. Proc. 2026-14 appendix Rural (entirely rural); county on outer/uncertain edge of ~90-min shed
Vero Beach,Florida,Brevard,12009060400,Brevard County rural-eligible tract,Y,Eligible — not designated,28.6259987,-80.8217906,Rev. Proc. 2026-14 appendix Rural (entirely rural); county on outer/uncertain edge of ~90-min shed
Vero Beach,Florida,Brevard,12009060600,Brevard County rural-eligible tract,Y,Eligible — not designated,28.5958293,-80.8358974,Rev. Proc. 2026-14 appendix Rural (entirely rural); county on outer/uncertain edge of ~90-min shed
Vero Beach,Florida,Brevard,12009060700,Brevard County rural-eligible tract,Y,Eligible — not designated,28.6074077,-80.8143413,Rev. Proc. 2026-14 appendix Rural (entirely rural); county on outer/uncertain edge of ~90-min shed
Vero Beach,Florida,Brevard,12009062114,Brevard County urban-eligible tract,N,Eligible — not designated,28.4435977,-80.7613996,"Rev. Proc. 2026-14 appendix Non-rural (eligible, not entirely rural); county on outer/uncertain edge of ~90-min shed"
Vero Beach,Florida,Brevard,12009062302,Brevard County urban-eligible tract,N,Eligible — not designated,28.3833966,-80.7492823,"Rev. Proc. 2026-14 appendix Non-rural (eligible, not entirely rural); county on outer/uncertain edge of ~90-min shed"
Vero Beach,Florida,Brevard,12009062401,Brevard County urban-eligible tract,N,Eligible — not designated,28.3827445,-80.7790023,"Rev. Proc. 2026-14 appendix Non-rural (eligible, not entirely rural); county on outer/uncertain edge of ~90-min shed"
Vero Beach,Florida,Brevard,12009062402,Brevard County urban-eligible tract,N,Eligible — not designated,28.3685732,-80.7686433,"Rev. Proc. 2026-14 appendix Non-rural (eligible, not entirely rural); county on outer/uncertain edge of ~90-min shed"
Vero Beach,Florida,Brevard,12009062500,Brevard County urban-eligible tract,N,Eligible — not designated,28.3518753,-80.8101474,"Rev. Proc. 2026-14 appendix Non-rural (eligible, not entirely rural); county on outer/uncertain edge of ~90-min shed"
Vero Beach,Florida,Brevard,12009062600,Brevard County urban-eligible tract,N,Eligible — not designated,28.3545721,-80.7441807,"Rev. Proc. 2026-14 appendix Non-rural (eligible, not entirely rural); county on outer/uncertain edge of ~90-min shed"
Vero Beach,Florida,Brevard,12009064201,Brevard County urban-eligible tract,N,Eligible — not designated,28.1166945,-80.6212083,"Rev. Proc. 2026-14 appendix Non-rural (eligible, not entirely rural); county on outer/uncertain edge of ~90-min shed"
Vero Beach,Florida,Brevard,12009064202,Brevard County urban-eligible tract,N,Eligible — not designated,28.1595922,-80.641728,"Rev. Proc. 2026-14 appendix Non-rural (eligible, not entirely rural); county on outer/uncertain edge of ~90-min shed"
Vero Beach,Florida,Brevard,12009064302,Brevard County urban-eligible tract,N,Eligible — not designated,28.1317706,-80.6434014,"Rev. Proc. 2026-14 appendix Non-rural (eligible, not entirely rural); county on outer/uncertain edge of ~90-min shed"
Vero Beach,Florida,Brevard,12009064701,Brevard County urban-eligible tract,N,Eligible — not designated,28.0820678,-80.6336818,"Rev. Proc. 2026-14 appendix Non-rural (eligible, not entirely rural); county on outer/uncertain edge of ~90-min shed"
Vero Beach,Florida,Brevard,12009064800,Brevard County urban-eligible tract,N,Eligible — not designated,28.0899726,-80.6090795,"Rev. Proc. 2026-14 appendix Non-rural (eligible, not entirely rural); county on outer/uncertain edge of ~90-min shed"
Vero Beach,Florida,Brevard,12009064902,Brevard County urban-eligible tract,N,Eligible — not designated,28.0699625,-80.6031366,"Rev. Proc. 2026-14 appendix Non-rural (eligible, not entirely rural); county on outer/uncertain edge of ~90-min shed"
Vero Beach,Florida,Brevard,12009065023,Brevard County urban-eligible tract,N,Eligible — not designated,28.0469304,-80.6516877,"Rev. Proc. 2026-14 appendix Non-rural (eligible, not entirely rural); county on outer/uncertain edge of ~90-min shed"
Vero Beach,Florida,Brevard,12009065124,Brevard County urban-eligible tract,N,Eligible — not designated,28.0572895,-80.6106228,"Rev. Proc. 2026-14 appendix Non-rural (eligible, not entirely rural); county on outer/uncertain edge of ~90-min shed"
Vero Beach,Florida,Brevard,12009065128,Brevard County urban-eligible tract,N,Eligible — not designated,28.0391176,-80.6126214,"Rev. Proc. 2026-14 appendix Non-rural (eligible, not entirely rural); county on outer/uncertain edge of ~90-min shed"
Vero Beach,Florida,Brevard,12009065239,Brevard County rural-eligible tract,Y,Eligible — not designated,27.8650822,-80.4994904,Rev. Proc. 2026-14 appendix Rural (entirely rural); county on outer/uncertain edge of ~90-min shed
Vero Beach,Florida,Brevard,12009065240,Brevard County rural-eligible tract,Y,Eligible — not designated,27.886466,-80.505304,Rev. Proc. 2026-14 appendix Rural (entirely rural); county on outer/uncertain edge of ~90-min shed
Vero Beach,Florida,Brevard,12009068501,Brevard County urban-eligible tract,N,Eligible — not designated,28.3889594,-80.6091413,"Rev. Proc. 2026-14 appendix Non-rural (eligible, not entirely rural); county on outer/uncertain edge of ~90-min shed"
Vero Beach,Florida,Brevard,12009069906,Brevard County urban-eligible tract,N,Eligible — not designated,28.3817844,-80.707491,"Rev. Proc. 2026-14 appendix Non-rural (eligible, not entirely rural); county on outer/uncertain edge of ~90-min shed"
Vero Beach,Florida,Brevard,12009071204,Brevard County rural-eligible tract,Y,Eligible — not designated,28.3926801,-80.849217,Rev. Proc. 2026-14 appendix Rural (entirely rural); county on outer/uncertain edge of ~90-min shed
Vero Beach,Florida,Brevard,12009071342,Brevard County urban-eligible tract,N,Eligible — not designated,27.9936346,-80.6527935,"Rev. Proc. 2026-14 appendix Non-rural (eligible, not entirely rural); county on outer/uncertain edge of ~90-min shed"
Vero Beach,Florida,Brevard,12009071347,Brevard County urban-eligible tract,N,Eligible — not designated,27.9916347,-80.6923352,"Rev. Proc. 2026-14 appendix Non-rural (eligible, not entirely rural); county on outer/uncertain edge of ~90-min shed"
Vero Beach,Florida,Brevard,12009071402,Brevard County rural-eligible tract,Y,Eligible — not designated,28.568257,-80.7978826,Rev. Proc. 2026-14 appendix Rural (entirely rural); county on outer/uncertain edge of ~90-min shed
Vero Beach,Florida,Indian River,12061050101,Indian River County rural-eligible tract,Y,Eligible — not designated,27.6346881,-80.4129318,Rev. Proc. 2026-14 appendix Rural (entirely rural)
Vero Beach,Florida,Indian River,12061050102,Indian River County rural-eligible tract,Y,Eligible — not designated,27.6273223,-80.4113634,Rev. Proc. 2026-14 appendix Rural (entirely rural)
Vero Beach,Florida,Indian River,12061050303,Indian River County rural-eligible tract,Y,Eligible — not designated,27.6753714,-80.4182304,Rev. Proc. 2026-14 appendix Rural (entirely rural)
Vero Beach,Florida,Indian River,12061050304,Indian River County rural-eligible tract,Y,Eligible — not designated,27.6746529,-80.4362112,Rev. Proc. 2026-14 appendix Rural (entirely rural)
Vero Beach,Florida,Indian River,12061050401,Indian River County rural-eligible tract,Y,Eligible — not designated,27.6315547,-80.3847074,Rev. Proc. 2026-14 appendix Rural (entirely rural)
Vero Beach,Florida,Indian River,12061050601,Indian River County rural-eligible tract,Y,Eligible — not designated,27.6129684,-80.3755175,Rev. Proc. 2026-14 appendix Rural (entirely rural)
Vero Beach,Florida,Indian River,12061050604,Indian River County rural-eligible tract,Y,Eligible — not designated,27.5942647,-80.3682455,Rev. Proc. 2026-14 appendix Rural (entirely rural)
Vero Beach,Florida,Indian River,12061050907,Indian River County rural-eligible tract,Y,Eligible — not designated,27.6884277,-80.5236851,Rev. Proc. 2026-14 appendix Rural (entirely rural)
Vero Beach,Florida,Indian River,12061050908,Indian River County rural-eligible tract,Y,Eligible — not designated,27.6869113,-80.7157861,Rev. Proc. 2026-14 appendix Rural (entirely rural)
Vero Beach,Florida,Martin,12085000702,Martin County urban-eligible tract,N,Eligible — not designated,27.1710785,-80.2535151,"Rev. Proc. 2026-14 appendix Non-rural (eligible, not entirely rural); county on outer/uncertain edge of ~90-min shed"
Vero Beach,Florida,Martin,12085000800,Martin County urban-eligible tract,N,Eligible — not designated,27.1998189,-80.2414127,"Rev. Proc. 2026-14 appendix Non-rural (eligible, not entirely rural); county on outer/uncertain edge of ~90-min shed"
Vero Beach,Florida,Martin,12085001000,Martin County urban-eligible tract,N,Eligible — not designated,27.1746025,-80.2418685,"Rev. Proc. 2026-14 appendix Non-rural (eligible, not entirely rural); county on outer/uncertain edge of ~90-min shed"
Vero Beach,Florida,Martin,12085001301,Martin County urban-eligible tract,N,Eligible — not designated,27.1621028,-80.2065278,"Rev. Proc. 2026-14 appendix Non-rural (eligible, not entirely rural); county on outer/uncertain edge of ~90-min shed"
Vero Beach,Florida,Martin,12085001408,Martin County urban-eligible tract,N,Eligible — not designated,27.0823694,-80.1444649,"Rev. Proc. 2026-14 appendix Non-rural (eligible, not entirely rural); county on outer/uncertain edge of ~90-min shed"
Vero Beach,Florida,Martin,12085001803,Martin County rural-eligible tract,Y,Eligible — not designated,27.0945374,-80.4409426,Rev. Proc. 2026-14 appendix Rural (entirely rural); county on outer/uncertain edge of ~90-min shed
Vero Beach,Florida,Martin,12085001806,Martin County rural-eligible tract,Y,Eligible — not designated,27.1566758,-80.5577813,Rev. Proc. 2026-14 appendix Rural (entirely rural); county on outer/uncertain edge of ~90-min shed
Vero Beach,Florida,Okeechobee,12093910300,Okeechobee County rural-eligible tract,Y,Eligible — not designated,27.2635445,-80.8153526,Rev. Proc. 2026-14 appendix Rural (entirely rural); county on outer/uncertain edge of ~90-min shed
Vero Beach,Florida,Okeechobee,12093910401,Okeechobee County rural-eligible tract,Y,Eligible — not designated,27.2184018,-80.7028094,Rev. Proc. 2026-14 appendix Rural (entirely rural); county on outer/uncertain edge of ~90-min shed
Vero Beach,Florida,Okeechobee,12093910402,Okeechobee County rural-eligible tract,Y,Eligible — not designated,27.229347,-80.7546773,Rev. Proc. 2026-14 appendix Rural (entirely rural); county on outer/uncertain edge of ~90-min shed
Vero Beach,Florida,Okeechobee,12093910403,Okeechobee County rural-eligible tract,Y,Eligible — not designated,27.2095506,-80.7803813,Rev. Proc. 2026-14 appendix Rural (entirely rural); county on outer/uncertain edge of ~90-min shed
Vero Beach,Florida,St. Lucie,12111380100,St. Lucie County urban-eligible tract,N,Eligible — not designated,27.4535618,-80.3236461,"Rev. Proc. 2026-14 appendix Non-rural (eligible, not entirely rural)"
Vero Beach,Florida,St. Lucie,12111380200,St. Lucie County urban-eligible tract,N,Eligible — not designated,27.4556065,-80.3367253,"Rev. Proc. 2026-14 appendix Non-rural (eligible, not entirely rural)"
Vero Beach,Florida,St. Lucie,12111380300,St. Lucie County urban-eligible tract,N,Eligible — not designated,27.4564986,-80.3498678,"Rev. Proc. 2026-14 appendix Non-rural (eligible, not entirely rural)"
Vero Beach,Florida,St. Lucie,12111380400,St. Lucie County urban-eligible tract,N,Eligible — not designated,27.4359041,-80.3485967,"Rev. Proc. 2026-14 appendix Non-rural (eligible, not entirely rural)"
Vero Beach,Florida,St. Lucie,12111380500,St. Lucie County urban-eligible tract,N,Eligible — not designated,27.4314654,-80.3224198,"Rev. Proc. 2026-14 appendix Non-rural (eligible, not entirely rural)"
Vero Beach,Florida,St. Lucie,12111380901,St. Lucie County urban-eligible tract,N,Eligible — not designated,27.4738132,-80.33713,"Rev. Proc. 2026-14 appendix Non-rural (eligible, not entirely rural)"
Vero Beach,Florida,St. Lucie,12111380902,St. Lucie County urban-eligible tract,N,Eligible — not designated,27.4671297,-80.3674548,"Rev. Proc. 2026-14 appendix Non-rural (eligible, not entirely rural)"
Vero Beach,Florida,St. Lucie,12111381000,St. Lucie County urban-eligible tract,N,Eligible — not designated,27.5074995,-80.3779971,"Rev. Proc. 2026-14 appendix Non-rural (eligible, not entirely rural)"
Vero Beach,Florida,St. Lucie,12111381107,St. Lucie County rural-eligible tract,Y,Eligible — not designated,27.5399987,-80.3637314,Rev. Proc. 2026-14 appendix Rural (entirely rural)
Vero Beach,Florida,St. Lucie,12111381401,St. Lucie County urban-eligible tract,N,Eligible — not designated,27.390657,-80.313027,"Rev. Proc. 2026-14 appendix Non-rural (eligible, not entirely rural)"
Vero Beach,Florida,St. Lucie,12111381402,St. Lucie County urban-eligible tract,N,Eligible — not designated,27.3933351,-80.3581501,"Rev. Proc. 2026-14 appendix Non-rural (eligible, not entirely rural)"
Vero Beach,Florida,St. Lucie,12111381605,St. Lucie County urban-eligible tract,N,Eligible — not designated,27.3644429,-80.3136333,"Rev. Proc. 2026-14 appendix Non-rural (eligible, not entirely rural)"
Vero Beach,Florida,St. Lucie,12111382010,St. Lucie County urban-eligible tract,N,Eligible — not designated,27.2942995,-80.3097299,"Rev. Proc. 2026-14 appendix Non-rural (eligible, not entirely rural)"
Vero Beach,Florida,St. Lucie,12111382015,St. Lucie County urban-eligible tract,N,Eligible — not designated,27.2684195,-80.3407295,"Rev. Proc. 2026-14 appendix Non-rural (eligible, not entirely rural)"
Melbourne,Florida,Brevard,12009060104,Brevard County rural-eligible tract,Y,Eligible — not designated,28.7595275,-80.88106,Rev. Proc. 2026-14 appendix Rural (entirely rural)
Melbourne,Florida,Brevard,12009060105,Brevard County rural-eligible tract,Y,Eligible — not designated,28.6913195,-80.8439989,Rev. Proc. 2026-14 appendix Rural (entirely rural)
Melbourne,Florida,Brevard,12009060400,Brevard County rural-eligible tract,Y,Eligible — not designated,28.6259987,-80.8217906,Rev. Proc. 2026-14 appendix Rural (entirely rural)
Melbourne,Florida,Brevard,12009060600,Brevard County rural-eligible tract,Y,Eligible — not designated,28.5958293,-80.8358974,Rev. Proc. 2026-14 appendix Rural (entirely rural)
Melbourne,Florida,Brevard,12009060700,Brevard County rural-eligible tract,Y,Eligible — not designated,28.6074077,-80.8143413,Rev. Proc. 2026-14 appendix Rural (entirely rural)
Melbourne,Florida,Brevard,12009062114,Brevard County urban-eligible tract,N,Eligible — not designated,28.4435977,-80.7613996,"Rev. Proc. 2026-14 appendix Non-rural (eligible, not entirely rural)"
Melbourne,Florida,Brevard,12009062302,Brevard County urban-eligible tract,N,Eligible — not designated,28.3833966,-80.7492823,"Rev. Proc. 2026-14 appendix Non-rural (eligible, not entirely rural)"
Melbourne,Florida,Brevard,12009062401,Brevard County urban-eligible tract,N,Eligible — not designated,28.3827445,-80.7790023,"Rev. Proc. 2026-14 appendix Non-rural (eligible, not entirely rural)"
Melbourne,Florida,Brevard,12009062402,Brevard County urban-eligible tract,N,Eligible — not designated,28.3685732,-80.7686433,"Rev. Proc. 2026-14 appendix Non-rural (eligible, not entirely rural)"
Melbourne,Florida,Brevard,12009062500,Brevard County urban-eligible tract,N,Eligible — not designated,28.3518753,-80.8101474,"Rev. Proc. 2026-14 appendix Non-rural (eligible, not entirely rural)"
Melbourne,Florida,Brevard,12009062600,Brevard County urban-eligible tract,N,Eligible — not designated,28.3545721,-80.7441807,"Rev. Proc. 2026-14 appendix Non-rural (eligible, not entirely rural)"
Melbourne,Florida,Brevard,12009064201,Brevard County urban-eligible tract,N,Eligible — not designated,28.1166945,-80.6212083,"Rev. Proc. 2026-14 appendix Non-rural (eligible, not entirely rural)"
Melbourne,Florida,Brevard,12009064202,Brevard County urban-eligible tract,N,Eligible — not designated,28.1595922,-80.641728,"Rev. Proc. 2026-14 appendix Non-rural (eligible, not entirely rural)"
Melbourne,Florida,Brevard,12009064302,Brevard County urban-eligible tract,N,Eligible — not designated,28.1317706,-80.6434014,"Rev. Proc. 2026-14 appendix Non-rural (eligible, not entirely rural)"
Melbourne,Florida,Brevard,12009064701,Brevard County urban-eligible tract,N,Eligible — not designated,28.0820678,-80.6336818,"Rev. Proc. 2026-14 appendix Non-rural (eligible, not entirely rural)"
Melbourne,Florida,Brevard,12009064800,Brevard County urban-eligible tract,N,Eligible — not designated,28.0899726,-80.6090795,"Rev. Proc. 2026-14 appendix Non-rural (eligible, not entirely rural)"
Melbourne,Florida,Brevard,12009064902,Brevard County urban-eligible tract,N,Eligible — not designated,28.0699625,-80.6031366,"Rev. Proc. 2026-14 appendix Non-rural (eligible, not entirely rural)"
Melbourne,Florida,Brevard,12009065023,Brevard County urban-eligible tract,N,Eligible — not designated,28.0469304,-80.6516877,"Rev. Proc. 2026-14 appendix Non-rural (eligible, not entirely rural)"
Melbourne,Florida,Brevard,12009065124,Brevard County urban-eligible tract,N,Eligible — not designated,28.0572895,-80.6106228,"Rev. Proc. 2026-14 appendix Non-rural (eligible, not entirely rural)"
Melbourne,Florida,Brevard,12009065128,Brevard County urban-eligible tract,N,Eligible — not designated,28.0391176,-80.6126214,"Rev. Proc. 2026-14 appendix Non-rural (eligible, not entirely rural)"
Melbourne,Florida,Brevard,12009065239,Brevard County rural-eligible tract,Y,Eligible — not designated,27.8650822,-80.4994904,Rev. Proc. 2026-14 appendix Rural (entirely rural)
Melbourne,Florida,Brevard,12009065240,Brevard County rural-eligible tract,Y,Eligible — not designated,27.886466,-80.505304,Rev. Proc. 2026-14 appendix Rural (entirely rural)
Melbourne,Florida,Brevard,12009068501,Brevard County urban-eligible tract,N,Eligible — not designated,28.3889594,-80.6091413,"Rev. Proc. 2026-14 appendix Non-rural (eligible, not entirely rural)"
Melbourne,Florida,Brevard,12009069906,Brevard County urban-eligible tract,N,Eligible — not designated,28.3817844,-80.707491,"Rev. Proc. 2026-14 appendix Non-rural (eligible, not entirely rural)"
Melbourne,Florida,Brevard,12009071204,Brevard County rural-eligible tract,Y,Eligible — not designated,28.3926801,-80.849217,Rev. Proc. 2026-14 appendix Rural (entirely rural)
Melbourne,Florida,Brevard,12009071342,Brevard County urban-eligible tract,N,Eligible — not designated,27.9936346,-80.6527935,"Rev. Proc. 2026-14 appendix Non-rural (eligible, not entirely rural)"
Melbourne,Florida,Brevard,12009071347,Brevard County urban-eligible tract,N,Eligible — not designated,27.9916347,-80.6923352,"Rev. Proc. 2026-14 appendix Non-rural (eligible, not entirely rural)"
Melbourne,Florida,Brevard,12009071402,Brevard County rural-eligible tract,Y,Eligible — not designated,28.568257,-80.7978826,Rev. Proc. 2026-14 appendix Rural (entirely rural)
Melbourne,Florida,Indian River,12061050101,Indian River County rural-eligible tract,Y,Eligible — not designated,27.6346881,-80.4129318,Rev. Proc. 2026-14 appendix Rural (entirely rural)
Melbourne,Florida,Indian River,12061050102,Indian River County rural-eligible tract,Y,Eligible — not designated,27.6273223,-80.4113634,Rev. Proc. 2026-14 appendix Rural (entirely rural)
Melbourne,Florida,Indian River,12061050303,Indian River County rural-eligible tract,Y,Eligible — not designated,27.6753714,-80.4182304,Rev. Proc. 2026-14 appendix Rural (entirely rural)
Melbourne,Florida,Indian River,12061050304,Indian River County rural-eligible tract,Y,Eligible — not designated,27.6746529,-80.4362112,Rev. Proc. 2026-14 appendix Rural (entirely rural)
Melbourne,Florida,Indian River,12061050401,Indian River County rural-eligible tract,Y,Eligible — not designated,27.6315547,-80.3847074,Rev. Proc. 2026-14 appendix Rural (entirely rural)
Melbourne,Florida,Indian River,12061050601,Indian River County rural-eligible tract,Y,Eligible — not designated,27.6129684,-80.3755175,Rev. Proc. 2026-14 appendix Rural (entirely rural)
Melbourne,Florida,Indian River,12061050604,Indian River County rural-eligible tract,Y,Eligible — not designated,27.5942647,-80.3682455,Rev. Proc. 2026-14 appendix Rural (entirely rural)
Melbourne,Florida,Indian River,12061050907,Indian River County rural-eligible tract,Y,Eligible — not designated,27.6884277,-80.5236851,Rev. Proc. 2026-14 appendix Rural (entirely rural)
Melbourne,Florida,Indian River,12061050908,Indian River County rural-eligible tract,Y,Eligible — not designated,27.6869113,-80.7157861,Rev. Proc. 2026-14 appendix Rural (entirely rural)
Melbourne,Florida,Orange,12095010400,Orange County urban-eligible tract,N,Eligible — not designated,28.5331753,-81.3908563,"Rev. Proc. 2026-14 appendix Non-rural (eligible, not entirely rural); county on outer/uncertain edge of ~90-min shed"
Melbourne,Florida,Orange,12095010500,Orange County urban-eligible tract,N,Eligible — not designated,28.5376497,-81.3899651,"Rev. Proc. 2026-14 appendix Non-rural (eligible, not entirely rural); county on outer/uncertain edge of ~90-min shed"
Melbourne,Florida,Orange,12095011600,Orange County urban-eligible tract,N,Eligible — not designated,28.5223329,-81.3991651,"Rev. Proc. 2026-14 appendix Non-rural (eligible, not entirely rural); county on outer/uncertain edge of ~90-min shed"
Melbourne,Florida,Orange,12095011702,Orange County urban-eligible tract,N,Eligible — not designated,28.5277905,-81.4163629,"Rev. Proc. 2026-14 appendix Non-rural (eligible, not entirely rural); county on outer/uncertain edge of ~90-min shed"
Melbourne,Florida,Orange,12095012000,Orange County urban-eligible tract,N,Eligible — not designated,28.568977,-81.4436536,"Rev. Proc. 2026-14 appendix Non-rural (eligible, not entirely rural); county on outer/uncertain edge of ~90-min shed"
Melbourne,Florida,Orange,12095012100,Orange County urban-eligible tract,N,Eligible — not designated,28.5659034,-81.4544805,"Rev. Proc. 2026-14 appendix Non-rural (eligible, not entirely rural); county on outer/uncertain edge of ~90-min shed"
Melbourne,Florida,Orange,12095012201,Orange County urban-eligible tract,N,Eligible — not designated,28.5649538,-81.4718103,"Rev. Proc. 2026-14 appendix Non-rural (eligible, not entirely rural); county on outer/uncertain edge of ~90-min shed"
Melbourne,Florida,Orange,12095012202,Orange County urban-eligible tract,N,Eligible — not designated,28.565368,-81.4630503,"Rev. Proc. 2026-14 appendix Non-rural (eligible, not entirely rural); county on outer/uncertain edge of ~90-min shed"
Melbourne,Florida,Orange,12095012303,Orange County urban-eligible tract,N,Eligible — not designated,28.6017893,-81.4861409,"Rev. Proc. 2026-14 appendix Non-rural (eligible, not entirely rural); county on outer/uncertain edge of ~90-min shed"
Melbourne,Florida,Orange,12095012305,Orange County urban-eligible tract,N,Eligible — not designated,28.5941695,-81.4720035,"Rev. Proc. 2026-14 appendix Non-rural (eligible, not entirely rural); county on outer/uncertain edge of ~90-min shed"
Melbourne,Florida,Orange,12095012307,Orange County urban-eligible tract,N,Eligible — not designated,28.5869713,-81.4601589,"Rev. Proc. 2026-14 appendix Non-rural (eligible, not entirely rural); county on outer/uncertain edge of ~90-min shed"
Melbourne,Florida,Orange,12095012402,Orange County urban-eligible tract,N,Eligible — not designated,28.5943289,-81.4298399,"Rev. Proc. 2026-14 appendix Non-rural (eligible, not entirely rural); county on outer/uncertain edge of ~90-min shed"
Melbourne,Florida,Orange,12095012403,Orange County urban-eligible tract,N,Eligible — not designated,28.5853691,-81.4339188,"Rev. Proc. 2026-14 appendix Non-rural (eligible, not entirely rural); county on outer/uncertain edge of ~90-min shed"
Melbourne,Florida,Orange,12095012405,Orange County urban-eligible tract,N,Eligible — not designated,28.6012475,-81.4416858,"Rev. Proc. 2026-14 appendix Non-rural (eligible, not entirely rural); county on outer/uncertain edge of ~90-min shed"
Melbourne,Florida,Orange,12095013201,Orange County urban-eligible tract,N,Eligible — not designated,28.5506755,-81.3039779,"Rev. Proc. 2026-14 appendix Non-rural (eligible, not entirely rural); county on outer/uncertain edge of ~90-min shed"
Melbourne,Florida,Orange,12095013403,Orange County urban-eligible tract,N,Eligible — not designated,28.5358147,-81.3020882,"Rev. Proc. 2026-14 appendix Non-rural (eligible, not entirely rural); county on outer/uncertain edge of ~90-min shed"
Melbourne,Florida,Orange,12095013405,Orange County urban-eligible tract,N,Eligible — not designated,28.5233754,-81.296273,"Rev. Proc. 2026-14 appendix Non-rural (eligible, not entirely rural); county on outer/uncertain edge of ~90-min shed"
Melbourne,Florida,Orange,12095013503,Orange County urban-eligible tract,N,Eligible — not designated,28.5193506,-81.307899,"Rev. Proc. 2026-14 appendix Non-rural (eligible, not entirely rural); county on outer/uncertain edge of ~90-min shed"
Melbourne,Florida,Orange,12095013505,Orange County urban-eligible tract,N,Eligible — not designated,28.511585,-81.296362,"Rev. Proc. 2026-14 appendix Non-rural (eligible, not entirely rural); county on outer/uncertain edge of ~90-min shed"
Melbourne,Florida,Orange,12095013507,Orange County urban-eligible tract,N,Eligible — not designated,28.4622558,-81.2919589,"Rev. Proc. 2026-14 appendix Non-rural (eligible, not entirely rural); county on outer/uncertain edge of ~90-min shed"
Melbourne,Florida,Orange,12095013511,Orange County urban-eligible tract,N,Eligible — not designated,28.4903814,-81.2935301,"Rev. Proc. 2026-14 appendix Non-rural (eligible, not entirely rural); county on outer/uncertain edge of ~90-min shed"
Melbourne,Florida,Orange,12095013512,Orange County urban-eligible tract,N,Eligible — not designated,28.4902632,-81.3048157,"Rev. Proc. 2026-14 appendix Non-rural (eligible, not entirely rural); county on outer/uncertain edge of ~90-min shed"
Melbourne,Florida,Orange,12095013513,Orange County urban-eligible tract,N,Eligible — not designated,28.5028331,-81.3030827,"Rev. Proc. 2026-14 appendix Non-rural (eligible, not entirely rural); county on outer/uncertain edge of ~90-min shed"
Melbourne,Florida,Orange,12095013604,Orange County urban-eligible tract,N,Eligible — not designated,28.5081505,-81.322588,"Rev. Proc. 2026-14 appendix Non-rural (eligible, not entirely rural); county on outer/uncertain edge of ~90-min shed"
Melbourne,Florida,Orange,12095013605,Orange County urban-eligible tract,N,Eligible — not designated,28.4978455,-81.3184298,"Rev. Proc. 2026-14 appendix Non-rural (eligible, not entirely rural); county on outer/uncertain edge of ~90-min shed"
Melbourne,Florida,Orange,12095013606,Orange County urban-eligible tract,N,Eligible — not designated,28.4552715,-81.3183168,"Rev. Proc. 2026-14 appendix Non-rural (eligible, not entirely rural); county on outer/uncertain edge of ~90-min shed"
Melbourne,Florida,Orange,12095013701,Orange County urban-eligible tract,N,Eligible — not designated,28.5154966,-81.3443779,"Rev. Proc. 2026-14 appendix Non-rural (eligible, not entirely rural); county on outer/uncertain edge of ~90-min shed"
Melbourne,Florida,Orange,12095013702,Orange County urban-eligible tract,N,Eligible — not designated,28.5204988,-81.3425952,"Rev. Proc. 2026-14 appendix Non-rural (eligible, not entirely rural); county on outer/uncertain edge of ~90-min shed"
Melbourne,Florida,Orange,12095014202,Orange County urban-eligible tract,N,Eligible — not designated,28.4523129,-81.3815551,"Rev. Proc. 2026-14 appendix Non-rural (eligible, not entirely rural); county on outer/uncertain edge of ~90-min shed"
Melbourne,Florida,Orange,12095014302,Orange County urban-eligible tract,N,Eligible — not designated,28.4690105,-81.3828992,"Rev. Proc. 2026-14 appendix Non-rural (eligible, not entirely rural); county on outer/uncertain edge of ~90-min shed"
Melbourne,Florida,Orange,12095014502,Orange County urban-eligible tract,N,Eligible — not designated,28.4986648,-81.402098,"Rev. Proc. 2026-14 appendix Non-rural (eligible, not entirely rural); county on outer/uncertain edge of ~90-min shed"
Melbourne,Florida,Orange,12095014503,Orange County urban-eligible tract,N,Eligible — not designated,28.5032893,-81.4091785,"Rev. Proc. 2026-14 appendix Non-rural (eligible, not entirely rural); county on outer/uncertain edge of ~90-min shed"
Melbourne,Florida,Orange,12095014504,Orange County urban-eligible tract,N,Eligible — not designated,28.4958981,-81.4206751,"Rev. Proc. 2026-14 appendix Non-rural (eligible, not entirely rural); county on outer/uncertain edge of ~90-min shed"
Melbourne,Florida,Orange,12095014601,Orange County urban-eligible tract,N,Eligible — not designated,28.5354221,-81.4452781,"Rev. Proc. 2026-14 appendix Non-rural (eligible, not entirely rural); county on outer/uncertain edge of ~90-min shed"
Melbourne,Florida,Orange,12095014605,Orange County urban-eligible tract,N,Eligible — not designated,28.517474,-81.4326168,"Rev. Proc. 2026-14 appendix Non-rural (eligible, not entirely rural); county on outer/uncertain edge of ~90-min shed"
Melbourne,Florida,Orange,12095014606,Orange County urban-eligible tract,N,Eligible — not designated,28.5024968,-81.4316808,"Rev. Proc. 2026-14 appendix Non-rural (eligible, not entirely rural); county on outer/uncertain edge of ~90-min shed"
Melbourne,Florida,Orange,12095014607,Orange County urban-eligible tract,N,Eligible — not designated,28.486995,-81.4449104,"Rev. Proc. 2026-14 appendix Non-rural (eligible, not entirely rural); county on outer/uncertain edge of ~90-min shed"
Melbourne,Florida,Orange,12095014608,Orange County urban-eligible tract,N,Eligible — not designated,28.5210395,-81.4477315,"Rev. Proc. 2026-14 appendix Non-rural (eligible, not entirely rural); county on outer/uncertain edge of ~90-min shed"
Melbourne,Florida,Orange,12095014701,Orange County urban-eligible tract,N,Eligible — not designated,28.5458821,-81.4619006,"Rev. Proc. 2026-14 appendix Non-rural (eligible, not entirely rural); county on outer/uncertain edge of ~90-min shed"
Melbourne,Florida,Orange,12095014702,Orange County urban-eligible tract,N,Eligible — not designated,28.5332632,-81.4686273,"Rev. Proc. 2026-14 appendix Non-rural (eligible, not entirely rural); county on outer/uncertain edge of ~90-min shed"
Melbourne,Florida,Orange,12095014703,Orange County urban-eligible tract,N,Eligible — not designated,28.521915,-81.4635214,"Rev. Proc. 2026-14 appendix Non-rural (eligible, not entirely rural); county on outer/uncertain edge of ~90-min shed"
Melbourne,Florida,Orange,12095014706,Orange County urban-eligible tract,N,Eligible — not designated,28.5123034,-81.479202,"Rev. Proc. 2026-14 appendix Non-rural (eligible, not entirely rural); county on outer/uncertain edge of ~90-min shed"
Melbourne,Florida,Orange,12095014804,Orange County urban-eligible tract,N,Eligible — not designated,28.5401108,-81.5287478,"Rev. Proc. 2026-14 appendix Non-rural (eligible, not entirely rural); county on outer/uncertain edge of ~90-min shed"
Melbourne,Florida,Orange,12095014805,Orange County urban-eligible tract,N,Eligible — not designated,28.5430668,-81.484766,"Rev. Proc. 2026-14 appendix Non-rural (eligible, not entirely rural); county on outer/uncertain edge of ~90-min shed"
Melbourne,Florida,Orange,12095014812,Orange County urban-eligible tract,N,Eligible — not designated,28.4805056,-81.4670317,"Rev. Proc. 2026-14 appendix Non-rural (eligible, not entirely rural); county on outer/uncertain edge of ~90-min shed"
Melbourne,Florida,Orange,12095014904,Orange County urban-eligible tract,N,Eligible — not designated,28.5543946,-81.4914193,"Rev. Proc. 2026-14 appendix Non-rural (eligible, not entirely rural); county on outer/uncertain edge of ~90-min shed"
Melbourne,Florida,Orange,12095015104,Orange County urban-eligible tract,N,Eligible — not designated,28.6306515,-81.419285,"Rev. Proc. 2026-14 appendix Non-rural (eligible, not entirely rural); county on outer/uncertain edge of ~90-min shed"
Melbourne,Florida,Orange,12095015106,Orange County urban-eligible tract,N,Eligible — not designated,28.6185513,-81.4590264,"Rev. Proc. 2026-14 appendix Non-rural (eligible, not entirely rural); county on outer/uncertain edge of ~90-min shed"
Melbourne,Florida,Orange,12095015901,Orange County urban-eligible tract,N,Eligible — not designated,28.5983713,-81.3599871,"Rev. Proc. 2026-14 appendix Non-rural (eligible, not entirely rural); county on outer/uncertain edge of ~90-min shed"
Melbourne,Florida,Orange,12095016302,Orange County urban-eligible tract,N,Eligible — not designated,28.6057428,-81.2994713,"Rev. Proc. 2026-14 appendix Non-rural (eligible, not entirely rural); county on outer/uncertain edge of ~90-min shed"
Melbourne,Florida,Orange,12095016406,Orange County urban-eligible tract,N,Eligible — not designated,28.583679,-81.3015298,"Rev. Proc. 2026-14 appendix Non-rural (eligible, not entirely rural); county on outer/uncertain edge of ~90-min shed"
Melbourne,Florida,Orange,12095016407,Orange County urban-eligible tract,N,Eligible — not designated,28.5933024,-81.2956365,"Rev. Proc. 2026-14 appendix Non-rural (eligible, not entirely rural); county on outer/uncertain edge of ~90-min shed"
Melbourne,Florida,Orange,12095016413,Orange County urban-eligible tract,N,Eligible — not designated,28.5759416,-81.2763142,"Rev. Proc. 2026-14 appendix Non-rural (eligible, not entirely rural); county on outer/uncertain edge of ~90-min shed"
Melbourne,Florida,Orange,12095016504,Orange County urban-eligible tract,N,Eligible — not designated,28.5805179,-81.2401751,"Rev. Proc. 2026-14 appendix Non-rural (eligible, not entirely rural); county on outer/uncertain edge of ~90-min shed"
Melbourne,Florida,Orange,12095016505,Orange County urban-eligible tract,N,Eligible — not designated,28.5746134,-81.2340699,"Rev. Proc. 2026-14 appendix Non-rural (eligible, not entirely rural); county on outer/uncertain edge of ~90-min shed"
Melbourne,Florida,Orange,12095016510,Orange County urban-eligible tract,N,Eligible — not designated,28.5913457,-81.2150492,"Rev. Proc. 2026-14 appendix Non-rural (eligible, not entirely rural); county on outer/uncertain edge of ~90-min shed"
Melbourne,Florida,Orange,12095016511,Orange County urban-eligible tract,N,Eligible — not designated,28.5777572,-81.2192509,"Rev. Proc. 2026-14 appendix Non-rural (eligible, not entirely rural); county on outer/uncertain edge of ~90-min shed"
Melbourne,Florida,Orange,12095016513,Orange County urban-eligible tract,N,Eligible — not designated,28.5796634,-81.1886404,"Rev. Proc. 2026-14 appendix Non-rural (eligible, not entirely rural); county on outer/uncertain edge of ~90-min shed"
Melbourne,Florida,Orange,12095016605,Orange County rural-eligible tract,Y,Eligible — not designated,28.5499813,-81.1238728,Rev. Proc. 2026-14 appendix Rural (entirely rural); county on outer/uncertain edge of ~90-min shed
Melbourne,Florida,Orange,12095016713,Orange County urban-eligible tract,N,Eligible — not designated,28.5564402,-81.2549581,"Rev. Proc. 2026-14 appendix Non-rural (eligible, not entirely rural); county on outer/uncertain edge of ~90-min shed"
Melbourne,Florida,Orange,12095016738,Orange County urban-eligible tract,N,Eligible — not designated,28.554548,-81.2814823,"Rev. Proc. 2026-14 appendix Non-rural (eligible, not entirely rural); county on outer/uncertain edge of ~90-min shed"
Melbourne,Florida,Orange,12095016739,Orange County urban-eligible tract,N,Eligible — not designated,28.5589035,-81.2732556,"Rev. Proc. 2026-14 appendix Non-rural (eligible, not entirely rural); county on outer/uncertain edge of ~90-min shed"
Melbourne,Florida,Orange,12095016744,Orange County urban-eligible tract,N,Eligible — not designated,28.5560993,-81.1719617,"Rev. Proc. 2026-14 appendix Non-rural (eligible, not entirely rural); county on outer/uncertain edge of ~90-min shed"
Melbourne,Florida,Orange,12095016809,Orange County urban-eligible tract,N,Eligible — not designated,28.3826029,-81.3673305,"Rev. Proc. 2026-14 appendix Non-rural (eligible, not entirely rural); county on outer/uncertain edge of ~90-min shed"
Melbourne,Florida,Orange,12095016814,Orange County urban-eligible tract,N,Eligible — not designated,28.355469,-81.376262,"Rev. Proc. 2026-14 appendix Non-rural (eligible, not entirely rural); county on outer/uncertain edge of ~90-min shed"
Melbourne,Florida,Orange,12095016902,Orange County urban-eligible tract,N,Eligible — not designated,28.4584362,-81.4148412,"Rev. Proc. 2026-14 appendix Non-rural (eligible, not entirely rural); county on outer/uncertain edge of ~90-min shed"
Melbourne,Florida,Orange,12095016904,Orange County urban-eligible tract,N,Eligible — not designated,28.478823,-81.4107737,"Rev. Proc. 2026-14 appendix Non-rural (eligible, not entirely rural); county on outer/uncertain edge of ~90-min shed"
Melbourne,Florida,Orange,12095016906,Orange County urban-eligible tract,N,Eligible — not designated,28.4886728,-81.401259,"Rev. Proc. 2026-14 appendix Non-rural (eligible, not entirely rural); county on outer/uncertain edge of ~90-min shed"
Melbourne,Florida,Orange,12095016907,Orange County urban-eligible tract,N,Eligible — not designated,28.478845,-81.4031795,"Rev. Proc. 2026-14 appendix Non-rural (eligible, not entirely rural); county on outer/uncertain edge of ~90-min shed"
Melbourne,Florida,Orange,12095016908,Orange County urban-eligible tract,N,Eligible — not designated,28.4848175,-81.4271763,"Rev. Proc. 2026-14 appendix Non-rural (eligible, not entirely rural); county on outer/uncertain edge of ~90-min shed"
Melbourne,Florida,Orange,12095016909,Orange County urban-eligible tract,N,Eligible — not designated,28.4761182,-81.4243017,"Rev. Proc. 2026-14 appendix Non-rural (eligible, not entirely rural); county on outer/uncertain edge of ~90-min shed"
Melbourne,Florida,Orange,12095016911,Orange County urban-eligible tract,N,Eligible — not designated,28.4781153,-81.4383105,"Rev. Proc. 2026-14 appendix Non-rural (eligible, not entirely rural); county on outer/uncertain edge of ~90-min shed"
Melbourne,Florida,Orange,12095017018,Orange County urban-eligible tract,N,Eligible — not designated,28.4154317,-81.4107737,"Rev. Proc. 2026-14 appendix Non-rural (eligible, not entirely rural); county on outer/uncertain edge of ~90-min shed"
Melbourne,Florida,Orange,12095017019,Orange County urban-eligible tract,N,Eligible — not designated,28.4033628,-81.4119927,"Rev. Proc. 2026-14 appendix Non-rural (eligible, not entirely rural); county on outer/uncertain edge of ~90-min shed"
Melbourne,Florida,Orange,12095017022,Orange County urban-eligible tract,N,Eligible — not designated,28.3908895,-81.4744611,"Rev. Proc. 2026-14 appendix Non-rural (eligible, not entirely rural); county on outer/uncertain edge of ~90-min shed"
Melbourne,Florida,Orange,12095017023,Orange County urban-eligible tract,N,Eligible — not designated,28.3648383,-81.5009406,"Rev. Proc. 2026-14 appendix Non-rural (eligible, not entirely rural); county on outer/uncertain edge of ~90-min shed"
Melbourne,Florida,Orange,12095017302,Orange County urban-eligible tract,N,Eligible — not designated,28.5564089,-81.5934086,"Rev. Proc. 2026-14 appendix Non-rural (eligible, not entirely rural); county on outer/uncertain edge of ~90-min shed"
Melbourne,Florida,Orange,12095017402,Orange County urban-eligible tract,N,Eligible — not designated,28.5570069,-81.56993,"Rev. Proc. 2026-14 appendix Non-rural (eligible, not entirely rural); county on outer/uncertain edge of ~90-min shed"
Melbourne,Florida,Orange,12095017503,Orange County urban-eligible tract,N,Eligible — not designated,28.6626851,-81.4748743,"Rev. Proc. 2026-14 appendix Non-rural (eligible, not entirely rural); county on outer/uncertain edge of ~90-min shed"
Melbourne,Florida,Orange,12095017600,Orange County urban-eligible tract,N,Eligible — not designated,28.6650732,-81.5059645,"Rev. Proc. 2026-14 appendix Non-rural (eligible, not entirely rural); county on outer/uncertain edge of ~90-min shed"
Melbourne,Florida,Orange,12095017703,Orange County urban-eligible tract,N,Eligible — not designated,28.6808037,-81.5032071,"Rev. Proc. 2026-14 appendix Non-rural (eligible, not entirely rural); county on outer/uncertain edge of ~90-min shed"
Melbourne,Florida,Orange,12095017809,Orange County urban-eligible tract,N,Eligible — not designated,28.7154224,-81.5179273,"Rev. Proc. 2026-14 appendix Non-rural (eligible, not entirely rural); county on outer/uncertain edge of ~90-min shed"
Melbourne,Florida,Orange,12095018000,Orange County urban-eligible tract,N,Eligible — not designated,28.6066505,-81.3792679,"Rev. Proc. 2026-14 appendix Non-rural (eligible, not entirely rural); county on outer/uncertain edge of ~90-min shed"
Melbourne,Florida,Orange,12095018100,Orange County urban-eligible tract,N,Eligible — not designated,28.5663724,-81.532626,"Rev. Proc. 2026-14 appendix Non-rural (eligible, not entirely rural); county on outer/uncertain edge of ~90-min shed"
Melbourne,Florida,Orange,12095018300,Orange County urban-eligible tract,N,Eligible — not designated,28.5461435,-81.4178715,"Rev. Proc. 2026-14 appendix Non-rural (eligible, not entirely rural); county on outer/uncertain edge of ~90-min shed"
Melbourne,Florida,Orange,12095018700,Orange County urban-eligible tract,N,Eligible — not designated,28.5639295,-81.4217562,"Rev. Proc. 2026-14 appendix Non-rural (eligible, not entirely rural); county on outer/uncertain edge of ~90-min shed"
Melbourne,Florida,Orange,12095018901,Orange County urban-eligible tract,N,Eligible — not designated,28.5519201,-81.3887604,"Rev. Proc. 2026-14 appendix Non-rural (eligible, not entirely rural); county on outer/uncertain edge of ~90-min shed"
Melbourne,Florida,Osceola,12097040809,Osceola County urban-eligible tract,N,Eligible — not designated,28.3400703,-81.5051389,"Rev. Proc. 2026-14 appendix Non-rural (eligible, not entirely rural); county on outer/uncertain edge of ~90-min shed"
Melbourne,Florida,Osceola,12097040903,Osceola County urban-eligible tract,N,Eligible — not designated,28.3234085,-81.4812392,"Rev. Proc. 2026-14 appendix Non-rural (eligible, not entirely rural); county on outer/uncertain edge of ~90-min shed"
Melbourne,Florida,Osceola,12097040904,Osceola County urban-eligible tract,N,Eligible — not designated,28.3274164,-81.4630329,"Rev. Proc. 2026-14 appendix Non-rural (eligible, not entirely rural); county on outer/uncertain edge of ~90-min shed"
Melbourne,Florida,Osceola,12097041005,Osceola County urban-eligible tract,N,Eligible — not designated,28.255563,-81.452682,"Rev. Proc. 2026-14 appendix Non-rural (eligible, not entirely rural); county on outer/uncertain edge of ~90-min shed"
Melbourne,Florida,Osceola,12097041101,Osceola County rural-eligible tract,Y,Eligible — not designated,28.1772067,-81.4851348,Rev. Proc. 2026-14 appendix Rural (entirely rural); county on outer/uncertain edge of ~90-min shed
Melbourne,Florida,Osceola,12097041302,Osceola County rural-eligible tract,Y,Eligible — not designated,28.103895,-81.4193726,Rev. Proc. 2026-14 appendix Rural (entirely rural); county on outer/uncertain edge of ~90-min shed
Melbourne,Florida,Osceola,12097041700,Osceola County urban-eligible tract,N,Eligible — not designated,28.2886425,-81.4389744,"Rev. Proc. 2026-14 appendix Non-rural (eligible, not entirely rural); county on outer/uncertain edge of ~90-min shed"
Melbourne,Florida,Osceola,12097041900,Osceola County urban-eligible tract,N,Eligible — not designated,28.3155401,-81.4202393,"Rev. Proc. 2026-14 appendix Non-rural (eligible, not entirely rural); county on outer/uncertain edge of ~90-min shed"
Melbourne,Florida,Osceola,12097042100,Osceola County urban-eligible tract,N,Eligible — not designated,28.341321,-81.4447663,"Rev. Proc. 2026-14 appendix Non-rural (eligible, not entirely rural); county on outer/uncertain edge of ~90-min shed"
Melbourne,Florida,Osceola,12097042201,Osceola County urban-eligible tract,N,Eligible — not designated,28.3361129,-81.4118686,"Rev. Proc. 2026-14 appendix Non-rural (eligible, not entirely rural); county on outer/uncertain edge of ~90-min shed"
Melbourne,Florida,Osceola,12097042202,Osceola County urban-eligible tract,N,Eligible — not designated,28.3117612,-81.4097812,"Rev. Proc. 2026-14 appendix Non-rural (eligible, not entirely rural); county on outer/uncertain edge of ~90-min shed"
Melbourne,Florida,Osceola,12097042300,Osceola County urban-eligible tract,N,Eligible — not designated,28.3275695,-81.3943827,"Rev. Proc. 2026-14 appendix Non-rural (eligible, not entirely rural); county on outer/uncertain edge of ~90-min shed"
Melbourne,Florida,Osceola,12097042604,Osceola County urban-eligible tract,N,Eligible — not designated,28.3361284,-81.3503869,"Rev. Proc. 2026-14 appendix Non-rural (eligible, not entirely rural); county on outer/uncertain edge of ~90-min shed"
Melbourne,Florida,Osceola,12097042701,Osceola County urban-eligible tract,N,Eligible — not designated,28.3126108,-81.3565406,"Rev. Proc. 2026-14 appendix Non-rural (eligible, not entirely rural); county on outer/uncertain edge of ~90-min shed"
Melbourne,Florida,Osceola,12097042901,Osceola County urban-eligible tract,N,Eligible — not designated,28.2950115,-81.3810403,"Rev. Proc. 2026-14 appendix Non-rural (eligible, not entirely rural); county on outer/uncertain edge of ~90-min shed"
Melbourne,Florida,Osceola,12097042902,Osceola County urban-eligible tract,N,Eligible — not designated,28.2751905,-81.353704,"Rev. Proc. 2026-14 appendix Non-rural (eligible, not entirely rural); county on outer/uncertain edge of ~90-min shed"
Melbourne,Florida,Osceola,12097042905,Osceola County urban-eligible tract,N,Eligible — not designated,28.2993029,-81.3467329,"Rev. Proc. 2026-14 appendix Non-rural (eligible, not entirely rural); county on outer/uncertain edge of ~90-min shed"
Melbourne,Florida,Osceola,12097043203,Osceola County urban-eligible tract,N,Eligible — not designated,28.2558434,-81.3099896,"Rev. Proc. 2026-14 appendix Non-rural (eligible, not entirely rural); county on outer/uncertain edge of ~90-min shed"
Melbourne,Florida,Osceola,12097043400,Osceola County urban-eligible tract,N,Eligible — not designated,28.2530262,-81.2936535,"Rev. Proc. 2026-14 appendix Non-rural (eligible, not entirely rural); county on outer/uncertain edge of ~90-min shed"
Melbourne,Florida,Osceola,12097043802,Osceola County rural-eligible tract,Y,Eligible — not designated,27.9135588,-81.0731187,Rev. Proc. 2026-14 appendix Rural (entirely rural); county on outer/uncertain edge of ~90-min shed
Melbourne,Florida,Volusia,12127080600,Volusia County urban-eligible tract,N,Eligible — not designated,29.2785973,-81.0550229,"Rev. Proc. 2026-14 appendix Non-rural (eligible, not entirely rural); county on outer/uncertain edge of ~90-min shed"
Melbourne,Florida,Volusia,12127080805,Volusia County urban-eligible tract,N,Eligible — not designated,29.2538768,-81.0751372,"Rev. Proc. 2026-14 appendix Non-rural (eligible, not entirely rural); county on outer/uncertain edge of ~90-min shed"
Melbourne,Florida,Volusia,12127080806,Volusia County urban-eligible tract,N,Eligible — not designated,29.273276,-81.1036955,"Rev. Proc. 2026-14 appendix Non-rural (eligible, not entirely rural); county on outer/uncertain edge of ~90-min shed"
Melbourne,Florida,Volusia,12127080809,Volusia County urban-eligible tract,N,Eligible — not designated,29.248197,-81.0847161,"Rev. Proc. 2026-14 appendix Non-rural (eligible, not entirely rural); county on outer/uncertain edge of ~90-min shed"
Melbourne,Florida,Volusia,12127080901,Volusia County urban-eligible tract,N,Eligible — not designated,29.2488505,-81.0580626,"Rev. Proc. 2026-14 appendix Non-rural (eligible, not entirely rural); county on outer/uncertain edge of ~90-min shed"
Melbourne,Florida,Volusia,12127081002,Volusia County urban-eligible tract,N,Eligible — not designated,29.2373505,-81.033118,"Rev. Proc. 2026-14 appendix Non-rural (eligible, not entirely rural); county on outer/uncertain edge of ~90-min shed"
Melbourne,Florida,Volusia,12127081201,Volusia County urban-eligible tract,N,Eligible — not designated,29.2337459,-81.0147822,"Rev. Proc. 2026-14 appendix Non-rural (eligible, not entirely rural); county on outer/uncertain edge of ~90-min shed"
Melbourne,Florida,Volusia,12127081202,Volusia County urban-eligible tract,N,Eligible — not designated,29.223209,-81.0087616,"Rev. Proc. 2026-14 appendix Non-rural (eligible, not entirely rural); county on outer/uncertain edge of ~90-min shed"
Melbourne,Florida,Volusia,12127081500,Volusia County urban-eligible tract,N,Eligible — not designated,29.2239763,-81.0256998,"Rev. Proc. 2026-14 appendix Non-rural (eligible, not entirely rural); county on outer/uncertain edge of ~90-min shed"
Melbourne,Florida,Volusia,12127081600,Volusia County urban-eligible tract,N,Eligible — not designated,29.2220958,-81.0403122,"Rev. Proc. 2026-14 appendix Non-rural (eligible, not entirely rural); county on outer/uncertain edge of ~90-min shed"
Melbourne,Florida,Volusia,12127081701,Volusia County urban-eligible tract,N,Eligible — not designated,29.2307783,-81.0625335,"Rev. Proc. 2026-14 appendix Non-rural (eligible, not entirely rural); county on outer/uncertain edge of ~90-min shed"
Melbourne,Florida,Volusia,12127081702,Volusia County urban-eligible tract,N,Eligible — not designated,29.2203958,-81.0597882,"Rev. Proc. 2026-14 appendix Non-rural (eligible, not entirely rural); county on outer/uncertain edge of ~90-min shed"
Melbourne,Florida,Volusia,12127081800,Volusia County urban-eligible tract,N,Eligible — not designated,29.2085293,-81.0509506,"Rev. Proc. 2026-14 appendix Non-rural (eligible, not entirely rural); county on outer/uncertain edge of ~90-min shed"
Melbourne,Florida,Volusia,12127081900,Volusia County urban-eligible tract,N,Eligible — not designated,29.2140682,-81.0369311,"Rev. Proc. 2026-14 appendix Non-rural (eligible, not entirely rural); county on outer/uncertain edge of ~90-min shed"
Melbourne,Florida,Volusia,12127082000,Volusia County urban-eligible tract,N,Eligible — not designated,29.2095858,-81.0230097,"Rev. Proc. 2026-14 appendix Non-rural (eligible, not entirely rural); county on outer/uncertain edge of ~90-min shed"
Melbourne,Florida,Volusia,12127082100,Volusia County urban-eligible tract,N,Eligible — not designated,29.1972845,-81.027458,"Rev. Proc. 2026-14 appendix Non-rural (eligible, not entirely rural); county on outer/uncertain edge of ~90-min shed"
Melbourne,Florida,Volusia,12127082201,Volusia County urban-eligible tract,N,Eligible — not designated,29.1928331,-81.0076171,"Rev. Proc. 2026-14 appendix Non-rural (eligible, not entirely rural); county on outer/uncertain edge of ~90-min shed"
Melbourne,Florida,Volusia,12127082302,Volusia County urban-eligible tract,N,Eligible — not designated,29.2062248,-81.0837525,"Rev. Proc. 2026-14 appendix Non-rural (eligible, not entirely rural); county on outer/uncertain edge of ~90-min shed"
Melbourne,Florida,Volusia,12127082303,Volusia County urban-eligible tract,N,Eligible — not designated,29.2030861,-81.0643388,"Rev. Proc. 2026-14 appendix Non-rural (eligible, not entirely rural); county on outer/uncertain edge of ~90-min shed"
Melbourne,Florida,Volusia,12127082401,Volusia County urban-eligible tract,N,Eligible — not designated,29.1652584,-80.9978021,"Rev. Proc. 2026-14 appendix Non-rural (eligible, not entirely rural); county on outer/uncertain edge of ~90-min shed"
Melbourne,Florida,Volusia,12127082415,Volusia County urban-eligible tract,N,Eligible — not designated,29.1667147,-81.0327673,"Rev. Proc. 2026-14 appendix Non-rural (eligible, not entirely rural); county on outer/uncertain edge of ~90-min shed"
Melbourne,Florida,Volusia,12127082506,Volusia County urban-eligible tract,N,Eligible — not designated,29.1326943,-81.0196977,"Rev. Proc. 2026-14 appendix Non-rural (eligible, not entirely rural); county on outer/uncertain edge of ~90-min shed"
Melbourne,Florida,Volusia,12127082511,Volusia County urban-eligible tract,N,Eligible — not designated,29.1403038,-80.9813523,"Rev. Proc. 2026-14 appendix Non-rural (eligible, not entirely rural); county on outer/uncertain edge of ~90-min shed"
Melbourne,Florida,Volusia,12127082513,Volusia County urban-eligible tract,N,Eligible — not designated,29.1118027,-80.9917577,"Rev. Proc. 2026-14 appendix Non-rural (eligible, not entirely rural); county on outer/uncertain edge of ~90-min shed"
Melbourne,Florida,Volusia,12127082801,Volusia County rural-eligible tract,Y,Eligible — not designated,29.0715521,-80.9621761,Rev. Proc. 2026-14 appendix Rural (entirely rural); county on outer/uncertain edge of ~90-min shed
Melbourne,Florida,Volusia,12127083008,Volusia County rural-eligible tract,Y,Eligible — not designated,28.9886854,-80.9042271,Rev. Proc. 2026-14 appendix Rural (entirely rural); county on outer/uncertain edge of ~90-min shed
Melbourne,Florida,Volusia,12127090303,Volusia County urban-eligible tract,N,Eligible — not designated,29.1053914,-81.2635778,"Rev. Proc. 2026-14 appendix Non-rural (eligible, not entirely rural); county on outer/uncertain edge of ~90-min shed"
Melbourne,Florida,Volusia,12127090500,Volusia County urban-eligible tract,N,Eligible — not designated,29.0279902,-81.3048278,"Rev. Proc. 2026-14 appendix Non-rural (eligible, not entirely rural); county on outer/uncertain edge of ~90-min shed"
Melbourne,Florida,Volusia,12127090600,Volusia County urban-eligible tract,N,Eligible — not designated,29.0209324,-81.2993807,"Rev. Proc. 2026-14 appendix Non-rural (eligible, not entirely rural); county on outer/uncertain edge of ~90-min shed"
Melbourne,Florida,Volusia,12127090702,Volusia County urban-eligible tract,N,Eligible — not designated,29.0005758,-81.3134969,"Rev. Proc. 2026-14 appendix Non-rural (eligible, not entirely rural); county on outer/uncertain edge of ~90-min shed"
Melbourne,Florida,Volusia,12127092500,Volusia County urban-eligible tract,N,Eligible — not designated,29.1800981,-81.0573597,"Rev. Proc. 2026-14 appendix Non-rural (eligible, not entirely rural); county on outer/uncertain edge of ~90-min shed"
Jacksonville,Florida,Baker,12003040201,Baker County rural-eligible tract,Y,Eligible — not designated,30.3515444,-82.3680283,Rev. Proc. 2026-14 appendix Rural (entirely rural)
Jacksonville,Florida,Clay,12019030103,Clay County rural-eligible tract,Y,Eligible — not designated,30.0815218,-81.9007372,Rev. Proc. 2026-14 appendix Rural (entirely rural)
Jacksonville,Florida,Clay,12019030105,Clay County rural-eligible tract,Y,Eligible — not designated,30.0845776,-81.9965338,Rev. Proc. 2026-14 appendix Rural (entirely rural)
Jacksonville,Florida,Clay,12019030305,Clay County urban-eligible tract,N,Eligible — not designated,30.1793974,-81.752999,"Rev. Proc. 2026-14 appendix Non-rural (eligible, not entirely rural)"
Jacksonville,Florida,Clay,12019030400,Clay County urban-eligible tract,N,Eligible — not designated,30.1694304,-81.7397091,"Rev. Proc. 2026-14 appendix Non-rural (eligible, not entirely rural)"
Jacksonville,Florida,Clay,12019030903,Clay County urban-eligible tract,N,Eligible — not designated,30.1356019,-81.7892879,"Rev. Proc. 2026-14 appendix Non-rural (eligible, not entirely rural)"
Jacksonville,Florida,Clay,12019031104,Clay County rural-eligible tract,Y,Eligible — not designated,29.7546334,-82.0189639,Rev. Proc. 2026-14 appendix Rural (entirely rural)
Jacksonville,Florida,Clay,12019031109,Clay County rural-eligible tract,Y,Eligible — not designated,29.7958506,-81.9992426,Rev. Proc. 2026-14 appendix Rural (entirely rural)
Jacksonville,Florida,Clay,12019031400,Clay County urban-eligible tract,N,Eligible — not designated,29.9954459,-81.6846689,"Rev. Proc. 2026-14 appendix Non-rural (eligible, not entirely rural)"
Jacksonville,Florida,Duval,12031000101,Duval County urban-eligible tract,N,Eligible — not designated,30.375789,-81.6397092,"Rev. Proc. 2026-14 appendix Non-rural (eligible, not entirely rural)"
Jacksonville,Florida,Duval,12031000102,Duval County urban-eligible tract,N,Eligible — not designated,30.3791723,-81.6470058,"Rev. Proc. 2026-14 appendix Non-rural (eligible, not entirely rural)"
Jacksonville,Florida,Duval,12031000200,Duval County urban-eligible tract,N,Eligible — not designated,30.3622768,-81.630039,"Rev. Proc. 2026-14 appendix Non-rural (eligible, not entirely rural)"
Jacksonville,Florida,Duval,12031000300,Duval County urban-eligible tract,N,Eligible — not designated,30.350333,-81.631155,"Rev. Proc. 2026-14 appendix Non-rural (eligible, not entirely rural)"
Jacksonville,Florida,Duval,12031001000,Duval County urban-eligible tract,N,Eligible — not designated,30.3316498,-81.651717,"Rev. Proc. 2026-14 appendix Non-rural (eligible, not entirely rural)"
Jacksonville,Florida,Duval,12031001300,Duval County urban-eligible tract,N,Eligible — not designated,30.3585448,-81.6576206,"Rev. Proc. 2026-14 appendix Non-rural (eligible, not entirely rural)"
Jacksonville,Florida,Duval,12031001401,Duval County urban-eligible tract,N,Eligible — not designated,30.3801378,-81.6652331,"Rev. Proc. 2026-14 appendix Non-rural (eligible, not entirely rural)"
Jacksonville,Florida,Duval,12031001402,Duval County urban-eligible tract,N,Eligible — not designated,30.3710924,-81.6669492,"Rev. Proc. 2026-14 appendix Non-rural (eligible, not entirely rural)"
Jacksonville,Florida,Duval,12031001500,Duval County urban-eligible tract,N,Eligible — not designated,30.3561218,-81.6707568,"Rev. Proc. 2026-14 appendix Non-rural (eligible, not entirely rural)"
Jacksonville,Florida,Duval,12031001600,Duval County urban-eligible tract,N,Eligible — not designated,30.344717,-81.6678825,"Rev. Proc. 2026-14 appendix Non-rural (eligible, not entirely rural)"
Jacksonville,Florida,Duval,12031002501,Duval County urban-eligible tract,N,Eligible — not designated,30.3158643,-81.7085969,"Rev. Proc. 2026-14 appendix Non-rural (eligible, not entirely rural)"
Jacksonville,Florida,Duval,12031002600,Duval County urban-eligible tract,N,Eligible — not designated,30.3272925,-81.6933183,"Rev. Proc. 2026-14 appendix Non-rural (eligible, not entirely rural)"
Jacksonville,Florida,Duval,12031002701,Duval County urban-eligible tract,N,Eligible — not designated,30.3450251,-81.7086597,"Rev. Proc. 2026-14 appendix Non-rural (eligible, not entirely rural)"
Jacksonville,Florida,Duval,12031002702,Duval County urban-eligible tract,N,Eligible — not designated,30.3356969,-81.7139135,"Rev. Proc. 2026-14 appendix Non-rural (eligible, not entirely rural)"
Jacksonville,Florida,Duval,12031002801,Duval County urban-eligible tract,N,Eligible — not designated,30.3574422,-81.6984469,"Rev. Proc. 2026-14 appendix Non-rural (eligible, not entirely rural)"
Jacksonville,Florida,Duval,12031002802,Duval County urban-eligible tract,N,Eligible — not designated,30.3436036,-81.6897875,"Rev. Proc. 2026-14 appendix Non-rural (eligible, not entirely rural)"
Jacksonville,Florida,Duval,12031002901,Duval County urban-eligible tract,N,Eligible — not designated,30.3603409,-81.6826576,"Rev. Proc. 2026-14 appendix Non-rural (eligible, not entirely rural)"
Jacksonville,Florida,Duval,12031002902,Duval County urban-eligible tract,N,Eligible — not designated,30.3476235,-81.6807716,"Rev. Proc. 2026-14 appendix Non-rural (eligible, not entirely rural)"
Jacksonville,Florida,Duval,12031010305,Duval County urban-eligible tract,N,Eligible — not designated,30.4453923,-81.6841786,"Rev. Proc. 2026-14 appendix Non-rural (eligible, not entirely rural)"
Jacksonville,Florida,Duval,12031010306,Duval County urban-eligible tract,N,Eligible — not designated,30.4367622,-81.6847288,"Rev. Proc. 2026-14 appendix Non-rural (eligible, not entirely rural)"
Jacksonville,Florida,Duval,12031010401,Duval County urban-eligible tract,N,Eligible — not designated,30.4228579,-81.6833,"Rev. Proc. 2026-14 appendix Non-rural (eligible, not entirely rural)"
Jacksonville,Florida,Duval,12031010402,Duval County urban-eligible tract,N,Eligible — not designated,30.4183421,-81.6626237,"Rev. Proc. 2026-14 appendix Non-rural (eligible, not entirely rural)"
Jacksonville,Florida,Duval,12031010503,Duval County urban-eligible tract,N,Eligible — not designated,30.4329533,-81.7119583,"Rev. Proc. 2026-14 appendix Non-rural (eligible, not entirely rural)"
Jacksonville,Florida,Duval,12031010800,Duval County urban-eligible tract,N,Eligible — not designated,30.4100947,-81.72372,"Rev. Proc. 2026-14 appendix Non-rural (eligible, not entirely rural)"
Jacksonville,Florida,Duval,12031010900,Duval County urban-eligible tract,N,Eligible — not designated,30.4017757,-81.7134136,"Rev. Proc. 2026-14 appendix Non-rural (eligible, not entirely rural)"
Jacksonville,Florida,Duval,12031011000,Duval County urban-eligible tract,N,Eligible — not designated,30.4096454,-81.6861334,"Rev. Proc. 2026-14 appendix Non-rural (eligible, not entirely rural)"
Jacksonville,Florida,Duval,12031011100,Duval County urban-eligible tract,N,Eligible — not designated,30.3937751,-81.6708858,"Rev. Proc. 2026-14 appendix Non-rural (eligible, not entirely rural)"
Jacksonville,Florida,Duval,12031011200,Duval County urban-eligible tract,N,Eligible — not designated,30.3898594,-81.6933907,"Rev. Proc. 2026-14 appendix Non-rural (eligible, not entirely rural)"
Jacksonville,Florida,Duval,12031011300,Duval County urban-eligible tract,N,Eligible — not designated,30.3921062,-81.7081201,"Rev. Proc. 2026-14 appendix Non-rural (eligible, not entirely rural)"
Jacksonville,Florida,Duval,12031011400,Duval County urban-eligible tract,N,Eligible — not designated,30.3790818,-81.7120424,"Rev. Proc. 2026-14 appendix Non-rural (eligible, not entirely rural)"
Jacksonville,Florida,Duval,12031011500,Duval County urban-eligible tract,N,Eligible — not designated,30.3749094,-81.6868637,"Rev. Proc. 2026-14 appendix Non-rural (eligible, not entirely rural)"
Jacksonville,Florida,Duval,12031011600,Duval County urban-eligible tract,N,Eligible — not designated,30.3720863,-81.7130666,"Rev. Proc. 2026-14 appendix Non-rural (eligible, not entirely rural)"
Jacksonville,Florida,Duval,12031011700,Duval County urban-eligible tract,N,Eligible — not designated,30.3545781,-81.7686832,"Rev. Proc. 2026-14 appendix Non-rural (eligible, not entirely rural)"
Jacksonville,Florida,Duval,12031011800,Duval County urban-eligible tract,N,Eligible — not designated,30.3389167,-81.741689,"Rev. Proc. 2026-14 appendix Non-rural (eligible, not entirely rural)"
Jacksonville,Florida,Duval,12031012000,Duval County urban-eligible tract,N,Eligible — not designated,30.3102335,-81.7666953,"Rev. Proc. 2026-14 appendix Non-rural (eligible, not entirely rural)"
Jacksonville,Florida,Duval,12031012100,Duval County urban-eligible tract,N,Eligible — not designated,30.319595,-81.7404135,"Rev. Proc. 2026-14 appendix Non-rural (eligible, not entirely rural)"
Jacksonville,Florida,Duval,12031012201,Duval County urban-eligible tract,N,Eligible — not designated,30.2927119,-81.734652,"Rev. Proc. 2026-14 appendix Non-rural (eligible, not entirely rural)"
Jacksonville,Florida,Duval,12031012202,Duval County urban-eligible tract,N,Eligible — not designated,30.3002019,-81.7455794,"Rev. Proc. 2026-14 appendix Non-rural (eligible, not entirely rural)"
Jacksonville,Florida,Duval,12031012300,Duval County urban-eligible tract,N,Eligible — not designated,30.2949463,-81.7252802,"Rev. Proc. 2026-14 appendix Non-rural (eligible, not entirely rural)"
Jacksonville,Florida,Duval,12031012500,Duval County urban-eligible tract,N,Eligible — not designated,30.2715136,-81.7409763,"Rev. Proc. 2026-14 appendix Non-rural (eligible, not entirely rural)"
Jacksonville,Florida,Duval,12031012601,Duval County urban-eligible tract,N,Eligible — not designated,30.2929528,-81.7625421,"Rev. Proc. 2026-14 appendix Non-rural (eligible, not entirely rural)"
Jacksonville,Florida,Duval,12031012602,Duval County urban-eligible tract,N,Eligible — not designated,30.2802229,-81.7572772,"Rev. Proc. 2026-14 appendix Non-rural (eligible, not entirely rural)"
Jacksonville,Florida,Duval,12031012702,Duval County urban-eligible tract,N,Eligible — not designated,30.2702928,-81.8012483,"Rev. Proc. 2026-14 appendix Non-rural (eligible, not entirely rural)"
Jacksonville,Florida,Duval,12031012704,Duval County urban-eligible tract,N,Eligible — not designated,30.2583233,-81.7775062,"Rev. Proc. 2026-14 appendix Non-rural (eligible, not entirely rural)"
Jacksonville,Florida,Duval,12031012900,Duval County urban-eligible tract,N,Eligible — not designated,30.2589116,-81.7473951,"Rev. Proc. 2026-14 appendix Non-rural (eligible, not entirely rural)"
Jacksonville,Florida,Duval,12031013302,Duval County urban-eligible tract,N,Eligible — not designated,30.1938953,-81.7209368,"Rev. Proc. 2026-14 appendix Non-rural (eligible, not entirely rural)"
Jacksonville,Florida,Duval,12031013402,Duval County urban-eligible tract,N,Eligible — not designated,30.2379183,-81.7270959,"Rev. Proc. 2026-14 appendix Non-rural (eligible, not entirely rural)"
Jacksonville,Florida,Duval,12031013403,Duval County urban-eligible tract,N,Eligible — not designated,30.2587453,-81.7336814,"Rev. Proc. 2026-14 appendix Non-rural (eligible, not entirely rural)"
Jacksonville,Florida,Duval,12031013404,Duval County urban-eligible tract,N,Eligible — not designated,30.2526243,-81.719772,"Rev. Proc. 2026-14 appendix Non-rural (eligible, not entirely rural)"
Jacksonville,Florida,Duval,12031013504,Duval County urban-eligible tract,N,Eligible — not designated,30.2398284,-81.7846793,"Rev. Proc. 2026-14 appendix Non-rural (eligible, not entirely rural)"
Jacksonville,Florida,Duval,12031013522,Duval County urban-eligible tract,N,Eligible — not designated,30.2203042,-81.7261858,"Rev. Proc. 2026-14 appendix Non-rural (eligible, not entirely rural)"
Jacksonville,Florida,Duval,12031013525,Duval County urban-eligible tract,N,Eligible — not designated,30.229299,-81.7513488,"Rev. Proc. 2026-14 appendix Non-rural (eligible, not entirely rural)"
Jacksonville,Florida,Duval,12031013526,Duval County urban-eligible tract,N,Eligible — not designated,30.2147421,-81.7511926,"Rev. Proc. 2026-14 appendix Non-rural (eligible, not entirely rural)"
Jacksonville,Florida,Duval,12031013904,Duval County urban-eligible tract,N,Eligible — not designated,30.3653277,-81.4175047,"Rev. Proc. 2026-14 appendix Non-rural (eligible, not entirely rural)"
Jacksonville,Florida,Duval,12031014311,Duval County urban-eligible tract,N,Eligible — not designated,30.2989721,-81.5353398,"Rev. Proc. 2026-14 appendix Non-rural (eligible, not entirely rural)"
Jacksonville,Florida,Duval,12031014414,Duval County urban-eligible tract,N,Eligible — not designated,30.2715557,-81.5317015,"Rev. Proc. 2026-14 appendix Non-rural (eligible, not entirely rural)"
Jacksonville,Florida,Duval,12031014415,Duval County urban-eligible tract,N,Eligible — not designated,30.2682734,-81.5079273,"Rev. Proc. 2026-14 appendix Non-rural (eligible, not entirely rural)"
Jacksonville,Florida,Duval,12031014427,Duval County urban-eligible tract,N,Eligible — not designated,30.2736616,-81.5522909,"Rev. Proc. 2026-14 appendix Non-rural (eligible, not entirely rural)"
Jacksonville,Florida,Duval,12031014500,Duval County urban-eligible tract,N,Eligible — not designated,30.2999116,-81.5532684,"Rev. Proc. 2026-14 appendix Non-rural (eligible, not entirely rural)"
Jacksonville,Florida,Duval,12031014604,Duval County urban-eligible tract,N,Eligible — not designated,30.3317411,-81.5459584,"Rev. Proc. 2026-14 appendix Non-rural (eligible, not entirely rural)"
Jacksonville,Florida,Duval,12031014702,Duval County urban-eligible tract,N,Eligible — not designated,30.3816272,-81.5830561,"Rev. Proc. 2026-14 appendix Non-rural (eligible, not entirely rural)"
Jacksonville,Florida,Duval,12031014704,Duval County urban-eligible tract,N,Eligible — not designated,30.3760108,-81.603484,"Rev. Proc. 2026-14 appendix Non-rural (eligible, not entirely rural)"
Jacksonville,Florida,Duval,12031014800,Duval County urban-eligible tract,N,Eligible — not designated,30.3543621,-81.6079656,"Rev. Proc. 2026-14 appendix Non-rural (eligible, not entirely rural)"
Jacksonville,Florida,Duval,12031014901,Duval County urban-eligible tract,N,Eligible — not designated,30.3611074,-81.581521,"Rev. Proc. 2026-14 appendix Non-rural (eligible, not entirely rural)"
Jacksonville,Florida,Duval,12031015001,Duval County urban-eligible tract,N,Eligible — not designated,30.345027,-81.5651031,"Rev. Proc. 2026-14 appendix Non-rural (eligible, not entirely rural)"
Jacksonville,Florida,Duval,12031015002,Duval County urban-eligible tract,N,Eligible — not designated,30.3278595,-81.5667233,"Rev. Proc. 2026-14 appendix Non-rural (eligible, not entirely rural)"
Jacksonville,Florida,Duval,12031015100,Duval County urban-eligible tract,N,Eligible — not designated,30.3418347,-81.5838052,"Rev. Proc. 2026-14 appendix Non-rural (eligible, not entirely rural)"
Jacksonville,Florida,Duval,12031015200,Duval County urban-eligible tract,N,Eligible — not designated,30.3465716,-81.5965045,"Rev. Proc. 2026-14 appendix Non-rural (eligible, not entirely rural)"
Jacksonville,Florida,Duval,12031015300,Duval County urban-eligible tract,N,Eligible — not designated,30.3360928,-81.6094548,"Rev. Proc. 2026-14 appendix Non-rural (eligible, not entirely rural)"
Jacksonville,Florida,Duval,12031015400,Duval County urban-eligible tract,N,Eligible — not designated,30.3346297,-81.5959038,"Rev. Proc. 2026-14 appendix Non-rural (eligible, not entirely rural)"
Jacksonville,Florida,Duval,12031015501,Duval County urban-eligible tract,N,Eligible — not designated,30.3210307,-81.5850938,"Rev. Proc. 2026-14 appendix Non-rural (eligible, not entirely rural)"
Jacksonville,Florida,Duval,12031015502,Duval County urban-eligible tract,N,Eligible — not designated,30.3215331,-81.5713616,"Rev. Proc. 2026-14 appendix Non-rural (eligible, not entirely rural)"
Jacksonville,Florida,Duval,12031015701,Duval County urban-eligible tract,N,Eligible — not designated,30.3037782,-81.6154548,"Rev. Proc. 2026-14 appendix Non-rural (eligible, not entirely rural)"
Jacksonville,Florida,Duval,12031015803,Duval County urban-eligible tract,N,Eligible — not designated,30.3061038,-81.5786928,"Rev. Proc. 2026-14 appendix Non-rural (eligible, not entirely rural)"
Jacksonville,Florida,Duval,12031015805,Duval County urban-eligible tract,N,Eligible — not designated,30.3123833,-81.5674453,"Rev. Proc. 2026-14 appendix Non-rural (eligible, not entirely rural)"
Jacksonville,Florida,Duval,12031015922,Duval County urban-eligible tract,N,Eligible — not designated,30.2096233,-81.5592678,"Rev. Proc. 2026-14 appendix Non-rural (eligible, not entirely rural)"
Jacksonville,Florida,Duval,12031015925,Duval County urban-eligible tract,N,Eligible — not designated,30.2280675,-81.5554795,"Rev. Proc. 2026-14 appendix Non-rural (eligible, not entirely rural)"
Jacksonville,Florida,Duval,12031015927,Duval County urban-eligible tract,N,Eligible — not designated,30.274438,-81.5703692,"Rev. Proc. 2026-14 appendix Non-rural (eligible, not entirely rural)"
Jacksonville,Florida,Duval,12031016002,Duval County urban-eligible tract,N,Eligible — not designated,30.2634024,-81.6002718,"Rev. Proc. 2026-14 appendix Non-rural (eligible, not entirely rural)"
Jacksonville,Florida,Duval,12031016102,Duval County urban-eligible tract,N,Eligible — not designated,30.2826652,-81.6089082,"Rev. Proc. 2026-14 appendix Non-rural (eligible, not entirely rural)"
Jacksonville,Florida,Duval,12031016200,Duval County urban-eligible tract,N,Eligible — not designated,30.2761195,-81.6236125,"Rev. Proc. 2026-14 appendix Non-rural (eligible, not entirely rural)"
Jacksonville,Florida,Duval,12031016300,Duval County urban-eligible tract,N,Eligible — not designated,30.2716069,-81.6326543,"Rev. Proc. 2026-14 appendix Non-rural (eligible, not entirely rural)"
Jacksonville,Florida,Duval,12031016606,Duval County urban-eligible tract,N,Eligible — not designated,30.2529214,-81.6182185,"Rev. Proc. 2026-14 appendix Non-rural (eligible, not entirely rural)"
Jacksonville,Florida,Duval,12031016725,Duval County urban-eligible tract,N,Eligible — not designated,30.2027919,-81.5671075,"Rev. Proc. 2026-14 appendix Non-rural (eligible, not entirely rural)"
Jacksonville,Florida,Duval,12031016731,Duval County urban-eligible tract,N,Eligible — not designated,30.1963357,-81.6076867,"Rev. Proc. 2026-14 appendix Non-rural (eligible, not entirely rural)"
Jacksonville,Florida,Duval,12031017200,Duval County urban-eligible tract,N,Eligible — not designated,30.3303596,-81.6639688,"Rev. Proc. 2026-14 appendix Non-rural (eligible, not entirely rural)"
Jacksonville,Florida,Nassau,12089050103,Nassau County rural-eligible tract,Y,Eligible — not designated,30.6647376,-81.4567953,Rev. Proc. 2026-14 appendix Rural (entirely rural)
Jacksonville,Florida,St. Johns,12109020300,St. Johns County rural-eligible tract,Y,Eligible — not designated,29.8933115,-81.3289415,Rev. Proc. 2026-14 appendix Rural (entirely rural)
Jacksonville,Florida,St. Johns,12109021002,St. Johns County rural-eligible tract,Y,Eligible — not designated,29.9086144,-81.3451735,Rev. Proc. 2026-14 appendix Rural (entirely rural)
Big Bend,Florida,Leon,12073000303,Leon County urban-eligible tract,N,Eligible — not designated,30.4180248,-84.2394967,"Rev. Proc. 2026-14 appendix Non-rural (eligible, not entirely rural)"
Big Bend,Florida,Leon,12073000400,Leon County urban-eligible tract,N,Eligible — not designated,30.4283619,-84.2846703,"Rev. Proc. 2026-14 appendix Non-rural (eligible, not entirely rural)"
Big Bend,Florida,Leon,12073000501,Leon County urban-eligible tract,N,Eligible — not designated,30.4358071,-84.2934504,"Rev. Proc. 2026-14 appendix Non-rural (eligible, not entirely rural)"
Big Bend,Florida,Leon,12073000502,Leon County urban-eligible tract,N,Eligible — not designated,30.4384196,-84.2910109,"Rev. Proc. 2026-14 appendix Non-rural (eligible, not entirely rural)"
Big Bend,Florida,Leon,12073000600,Leon County urban-eligible tract,N,Eligible — not designated,30.4503149,-84.2919399,"Rev. Proc. 2026-14 appendix Non-rural (eligible, not entirely rural)"
Big Bend,Florida,Leon,12073000700,Leon County urban-eligible tract,N,Eligible — not designated,30.4570859,-84.2837233,"Rev. Proc. 2026-14 appendix Non-rural (eligible, not entirely rural)"
Big Bend,Florida,Leon,12073001001,Leon County urban-eligible tract,N,Eligible — not designated,30.4152928,-84.2732091,"Rev. Proc. 2026-14 appendix Non-rural (eligible, not entirely rural)"
Big Bend,Florida,Leon,12073001002,Leon County urban-eligible tract,N,Eligible — not designated,30.408919,-84.2737275,"Rev. Proc. 2026-14 appendix Non-rural (eligible, not entirely rural)"
Big Bend,Florida,Leon,12073001101,Leon County urban-eligible tract,N,Eligible — not designated,30.4171849,-84.2923388,"Rev. Proc. 2026-14 appendix Non-rural (eligible, not entirely rural)"
Big Bend,Florida,Leon,12073001102,Leon County urban-eligible tract,N,Eligible — not designated,30.402402,-84.296265,"Rev. Proc. 2026-14 appendix Non-rural (eligible, not entirely rural)"
Big Bend,Florida,Leon,12073001200,Leon County urban-eligible tract,N,Eligible — not designated,30.4295966,-84.2972561,"Rev. Proc. 2026-14 appendix Non-rural (eligible, not entirely rural)"
Big Bend,Florida,Leon,12073001401,Leon County urban-eligible tract,N,Eligible — not designated,30.4542567,-84.302675,"Rev. Proc. 2026-14 appendix Non-rural (eligible, not entirely rural)"
Big Bend,Florida,Leon,12073001402,Leon County urban-eligible tract,N,Eligible — not designated,30.4596025,-84.2991478,"Rev. Proc. 2026-14 appendix Non-rural (eligible, not entirely rural)"
Big Bend,Florida,Leon,12073001500,Leon County urban-eligible tract,N,Eligible — not designated,30.4709358,-84.297603,"Rev. Proc. 2026-14 appendix Non-rural (eligible, not entirely rural)"
Big Bend,Florida,Leon,12073001601,Leon County urban-eligible tract,N,Eligible — not designated,30.4792006,-84.2871376,"Rev. Proc. 2026-14 appendix Non-rural (eligible, not entirely rural)"
Big Bend,Florida,Leon,12073001801,Leon County urban-eligible tract,N,Eligible — not designated,30.3888297,-84.2966675,"Rev. Proc. 2026-14 appendix Non-rural (eligible, not entirely rural)"
Big Bend,Florida,Leon,12073001803,Leon County urban-eligible tract,N,Eligible — not designated,30.4077655,-84.2414851,"Rev. Proc. 2026-14 appendix Non-rural (eligible, not entirely rural)"
Big Bend,Florida,Leon,12073001804,Leon County urban-eligible tract,N,Eligible — not designated,30.3890428,-84.2680732,"Rev. Proc. 2026-14 appendix Non-rural (eligible, not entirely rural)"
Big Bend,Florida,Leon,12073001901,Leon County urban-eligible tract,N,Eligible — not designated,30.4179003,-84.31047,"Rev. Proc. 2026-14 appendix Non-rural (eligible, not entirely rural)"
Big Bend,Florida,Leon,12073001902,Leon County urban-eligible tract,N,Eligible — not designated,30.4133433,-84.337543,"Rev. Proc. 2026-14 appendix Non-rural (eligible, not entirely rural)"
Big Bend,Florida,Leon,12073002003,Leon County urban-eligible tract,N,Eligible — not designated,30.4433362,-84.3422636,"Rev. Proc. 2026-14 appendix Non-rural (eligible, not entirely rural)"
Big Bend,Florida,Leon,12073002005,Leon County urban-eligible tract,N,Eligible — not designated,30.4442964,-84.3138119,"Rev. Proc. 2026-14 appendix Non-rural (eligible, not entirely rural)"
Big Bend,Florida,Leon,12073002006,Leon County urban-eligible tract,N,Eligible — not designated,30.4331578,-84.3084544,"Rev. Proc. 2026-14 appendix Non-rural (eligible, not entirely rural)"
Big Bend,Florida,Leon,12073002007,Leon County urban-eligible tract,N,Eligible — not designated,30.4363864,-84.322057,"Rev. Proc. 2026-14 appendix Non-rural (eligible, not entirely rural)"
Big Bend,Florida,Leon,12073002008,Leon County urban-eligible tract,N,Eligible — not designated,30.4444073,-84.3247866,"Rev. Proc. 2026-14 appendix Non-rural (eligible, not entirely rural)"
Big Bend,Florida,Leon,12073002101,Leon County urban-eligible tract,N,Eligible — not designated,30.4693144,-84.3323107,"Rev. Proc. 2026-14 appendix Non-rural (eligible, not entirely rural)"
Big Bend,Florida,Leon,12073002103,Leon County urban-eligible tract,N,Eligible — not designated,30.454435,-84.3204902,"Rev. Proc. 2026-14 appendix Non-rural (eligible, not entirely rural)"
Big Bend,Florida,Leon,12073002105,Leon County urban-eligible tract,N,Eligible — not designated,30.4586911,-84.3343379,"Rev. Proc. 2026-14 appendix Non-rural (eligible, not entirely rural)"
Big Bend,Florida,Leon,12073002106,Leon County urban-eligible tract,N,Eligible — not designated,30.4515541,-84.329389,"Rev. Proc. 2026-14 appendix Non-rural (eligible, not entirely rural)"
Big Bend,Florida,Leon,12073002201,Leon County urban-eligible tract,N,Eligible — not designated,30.4752883,-84.3491616,"Rev. Proc. 2026-14 appendix Non-rural (eligible, not entirely rural)"
Big Bend,Florida,Leon,12073002207,Leon County urban-eligible tract,N,Eligible — not designated,30.498937,-84.3157515,"Rev. Proc. 2026-14 appendix Non-rural (eligible, not entirely rural)"
Big Bend,Florida,Leon,12073002304,Leon County urban-eligible tract,N,Eligible — not designated,30.4718616,-84.3799825,"Rev. Proc. 2026-14 appendix Non-rural (eligible, not entirely rural)"
Big Bend,Florida,Leon,12073002509,Leon County urban-eligible tract,N,Eligible — not designated,30.4311952,-84.2177277,"Rev. Proc. 2026-14 appendix Non-rural (eligible, not entirely rural)"
Big Bend,Florida,Leon,12073002702,Leon County rural-eligible tract,Y,Eligible — not designated,30.3887591,-84.5489241,Rev. Proc. 2026-14 appendix Rural (entirely rural)
Big Bend,Florida,Wakulla,12129010102,Wakulla County rural-eligible tract,Y,Eligible — not designated,30.0334602,-84.4593369,Rev. Proc. 2026-14 appendix Rural (entirely rural)
Big Bend,Florida,Jefferson,12065250103,Jefferson County rural-eligible tract,Y,Eligible — not designated,30.5147528,-83.824518,Rev. Proc. 2026-14 appendix Rural (entirely rural)
Big Bend,Florida,Jefferson,12065250104,Jefferson County rural-eligible tract,Y,Eligible — not designated,30.5061273,-83.9443831,Rev. Proc. 2026-14 appendix Rural (entirely rural)
Big Bend,Florida,Gadsden,12039020104,Gadsden County rural-eligible tract,Y,Eligible — not designated,30.6344273,-84.3946581,Rev. Proc. 2026-14 appendix Rural (entirely rural)
Big Bend,Florida,Gadsden,12039020300,Gadsden County rural-eligible tract,Y,Eligible — not designated,30.6565708,-84.6381265,Rev. Proc. 2026-14 appendix Rural (entirely rural)
Big Bend,Florida,Gadsden,12039020400,Gadsden County rural-eligible tract,Y,Eligible — not designated,30.6354529,-84.7998434,Rev. Proc. 2026-14 appendix Rural (entirely rural)
Big Bend,Florida,Gadsden,12039020701,Gadsden County rural-eligible tract,Y,Eligible — not designated,30.5318399,-84.6342129,Rev. Proc. 2026-14 appendix Rural (entirely rural)
Big Bend,Florida,Gadsden,12039020702,Gadsden County rural-eligible tract,Y,Eligible — not designated,30.5343308,-84.5687323,Rev. Proc. 2026-14 appendix Rural (entirely rural)
Big Bend,Florida,Gadsden,12039020800,Gadsden County rural-eligible tract,Y,Eligible — not designated,30.4958058,-84.6778515,Rev. Proc. 2026-14 appendix Rural (entirely rural)
Big Bend,Florida,Madison,12079110100,Madison County rural-eligible tract,Y,Eligible — not designated,30.5850731,-83.3843655,Rev. Proc. 2026-14 appendix Rural (entirely rural); county on outer/uncertain edge of ~90-min shed
Big Bend,Florida,Madison,12079110200,Madison County rural-eligible tract,Y,Eligible — not designated,30.4539293,-83.573401,Rev. Proc. 2026-14 appendix Rural (entirely rural); county on outer/uncertain edge of ~90-min shed
Big Bend,Florida,Madison,12079110301,Madison County rural-eligible tract,Y,Eligible — not designated,30.5052788,-83.390869,Rev. Proc. 2026-14 appendix Rural (entirely rural); county on outer/uncertain edge of ~90-min shed
Big Bend,Florida,Madison,12079110302,Madison County rural-eligible tract,Y,Eligible — not designated,30.431354,-83.4152352,Rev. Proc. 2026-14 appendix Rural (entirely rural); county on outer/uncertain edge of ~90-min shed
Big Bend,Florida,Taylor,12123950100,Taylor County rural-eligible tract,Y,Eligible — not designated,30.2009768,-83.4980696,Rev. Proc. 2026-14 appendix Rural (entirely rural); county on outer/uncertain edge of ~90-min shed
Big Bend,Florida,Taylor,12123950201,Taylor County rural-eligible tract,Y,Eligible — not designated,30.1688969,-83.8100553,Rev. Proc. 2026-14 appendix Rural (entirely rural); county on outer/uncertain edge of ~90-min shed
Big Bend,Florida,Taylor,12123950202,Taylor County rural-eligible tract,Y,Eligible — not designated,30.1346178,-83.6443575,Rev. Proc. 2026-14 appendix Rural (entirely rural); county on outer/uncertain edge of ~90-min shed
Big Bend,Florida,Taylor,12123950301,Taylor County rural-eligible tract,Y,Eligible — not designated,30.0791704,-83.6161095,Rev. Proc. 2026-14 appendix Rural (entirely rural); county on outer/uncertain edge of ~90-min shed
Big Bend,Florida,Taylor,12123950302,Taylor County rural-eligible tract,Y,Eligible — not designated,30.080738,-83.5480633,Rev. Proc. 2026-14 appendix Rural (entirely rural); county on outer/uncertain edge of ~90-min shed
Big Bend,Florida,Taylor,12123950401,Taylor County rural-eligible tract,Y,Eligible — not designated,29.9670435,-83.6394037,Rev. Proc. 2026-14 appendix Rural (entirely rural); county on outer/uncertain edge of ~90-min shed
Big Bend,Florida,Taylor,12123950402,Taylor County rural-eligible tract,Y,Eligible — not designated,29.8820064,-83.4389785,Rev. Proc. 2026-14 appendix Rural (entirely rural); county on outer/uncertain edge of ~90-min shed
Big Bend,Florida,Dixie,12029970101,Dixie County rural-eligible tract,Y,Eligible — not designated,29.6522128,-83.1205033,Rev. Proc. 2026-14 appendix Rural (entirely rural); county on outer/uncertain edge of ~90-min shed
Big Bend,Florida,Dixie,12029970103,Dixie County rural-eligible tract,Y,Eligible — not designated,29.7581131,-83.1224793,Rev. Proc. 2026-14 appendix Rural (entirely rural); county on outer/uncertain edge of ~90-min shed
Big Bend,Florida,Dixie,12029970104,Dixie County rural-eligible tract,Y,Eligible — not designated,29.6456551,-83.0212538,Rev. Proc. 2026-14 appendix Rural (entirely rural); county on outer/uncertain edge of ~90-min shed
Pensacola,Alabama,Baldwin,01003010600,Baldwin County rural-eligible tract,Y,Eligible — not designated,30.8533019,-87.7701385,Rev. Proc. 2026-14 appendix Rural (entirely rural); county on outer/uncertain edge of ~90-min shed
Pensacola,Alabama,Baldwin,01003010903,Baldwin County rural-eligible tract,Y,Eligible — not designated,30.6072432,-87.7798044,Rev. Proc. 2026-14 appendix Rural (entirely rural); county on outer/uncertain edge of ~90-min shed
Pensacola,Alabama,Baldwin,01003010906,Baldwin County rural-eligible tract,Y,Eligible — not designated,30.5641292,-87.6870074,Rev. Proc. 2026-14 appendix Rural (entirely rural); county on outer/uncertain edge of ~90-min shed
Pensacola,Alabama,Baldwin,01003011411,Baldwin County rural-eligible tract,Y,Eligible — not designated,30.3244734,-87.618452,Rev. Proc. 2026-14 appendix Rural (entirely rural); county on outer/uncertain edge of ~90-min shed
Pensacola,Florida,Escambia,12033000400,Escambia County urban-eligible tract,N,Eligible — not designated,30.4228814,-87.2349759,"Rev. Proc. 2026-14 appendix Non-rural (eligible, not entirely rural)"
Pensacola,Florida,Escambia,12033000600,Escambia County urban-eligible tract,N,Eligible — not designated,30.4273529,-87.2137122,"Rev. Proc. 2026-14 appendix Non-rural (eligible, not entirely rural)"
Pensacola,Florida,Escambia,12033001202,Escambia County urban-eligible tract,N,Eligible — not designated,30.4948698,-87.2162337,"Rev. Proc. 2026-14 appendix Non-rural (eligible, not entirely rural)"
Pensacola,Florida,Escambia,12033001300,Escambia County urban-eligible tract,N,Eligible — not designated,30.4573066,-87.2125977,"Rev. Proc. 2026-14 appendix Non-rural (eligible, not entirely rural)"
Pensacola,Florida,Escambia,12033001402,Escambia County urban-eligible tract,N,Eligible — not designated,30.4873522,-87.248117,"Rev. Proc. 2026-14 appendix Non-rural (eligible, not entirely rural)"
Pensacola,Florida,Escambia,12033001500,Escambia County urban-eligible tract,N,Eligible — not designated,30.4438109,-87.2180587,"Rev. Proc. 2026-14 appendix Non-rural (eligible, not entirely rural)"
Pensacola,Florida,Escambia,12033001600,Escambia County urban-eligible tract,N,Eligible — not designated,30.4409358,-87.2305399,"Rev. Proc. 2026-14 appendix Non-rural (eligible, not entirely rural)"
Pensacola,Florida,Escambia,12033001700,Escambia County urban-eligible tract,N,Eligible — not designated,30.4551461,-87.2458528,"Rev. Proc. 2026-14 appendix Non-rural (eligible, not entirely rural)"
Pensacola,Florida,Escambia,12033001800,Escambia County urban-eligible tract,N,Eligible — not designated,30.4354538,-87.2387155,"Rev. Proc. 2026-14 appendix Non-rural (eligible, not entirely rural)"
Pensacola,Florida,Escambia,12033001900,Escambia County urban-eligible tract,N,Eligible — not designated,30.4261086,-87.249643,"Rev. Proc. 2026-14 appendix Non-rural (eligible, not entirely rural)"
Pensacola,Florida,Escambia,12033002000,Escambia County urban-eligible tract,N,Eligible — not designated,30.4322442,-87.2614384,"Rev. Proc. 2026-14 appendix Non-rural (eligible, not entirely rural)"
Pensacola,Florida,Escambia,12033002100,Escambia County urban-eligible tract,N,Eligible — not designated,30.4092604,-87.2665966,"Rev. Proc. 2026-14 appendix Non-rural (eligible, not entirely rural)"
Pensacola,Florida,Escambia,12033002200,Escambia County urban-eligible tract,N,Eligible — not designated,30.3967736,-87.2613493,"Rev. Proc. 2026-14 appendix Non-rural (eligible, not entirely rural)"
Pensacola,Florida,Escambia,12033002400,Escambia County rural-eligible tract,Y,Eligible — not designated,30.3506144,-87.316902,Rev. Proc. 2026-14 appendix Rural (entirely rural)
Pensacola,Florida,Escambia,12033002703,Escambia County urban-eligible tract,N,Eligible — not designated,30.3896204,-87.2936672,"Rev. Proc. 2026-14 appendix Non-rural (eligible, not entirely rural)"
Pensacola,Florida,Escambia,12033002802,Escambia County urban-eligible tract,N,Eligible — not designated,30.4093344,-87.3055925,"Rev. Proc. 2026-14 appendix Non-rural (eligible, not entirely rural)"
Pensacola,Florida,Escambia,12033002803,Escambia County urban-eligible tract,N,Eligible — not designated,30.4117467,-87.2830253,"Rev. Proc. 2026-14 appendix Non-rural (eligible, not entirely rural)"
Pensacola,Florida,Escambia,12033002900,Escambia County urban-eligible tract,N,Eligible — not designated,30.42121,-87.2861634,"Rev. Proc. 2026-14 appendix Non-rural (eligible, not entirely rural)"
Pensacola,Florida,Escambia,12033003001,Escambia County urban-eligible tract,N,Eligible — not designated,30.4456324,-87.2859465,"Rev. Proc. 2026-14 appendix Non-rural (eligible, not entirely rural)"
Pensacola,Florida,Escambia,12033003002,Escambia County urban-eligible tract,N,Eligible — not designated,30.4376104,-87.2845198,"Rev. Proc. 2026-14 appendix Non-rural (eligible, not entirely rural)"
Pensacola,Florida,Escambia,12033003100,Escambia County urban-eligible tract,N,Eligible — not designated,30.4530657,-87.2646086,"Rev. Proc. 2026-14 appendix Non-rural (eligible, not entirely rural)"
Pensacola,Florida,Escambia,12033003301,Escambia County urban-eligible tract,N,Eligible — not designated,30.5086926,-87.3264917,"Rev. Proc. 2026-14 appendix Non-rural (eligible, not entirely rural)"
Pensacola,Florida,Escambia,12033003307,Escambia County urban-eligible tract,N,Eligible — not designated,30.4439818,-87.3031812,"Rev. Proc. 2026-14 appendix Non-rural (eligible, not entirely rural)"
Pensacola,Florida,Escambia,12033003313,Escambia County urban-eligible tract,N,Eligible — not designated,30.4563863,-87.3134336,"Rev. Proc. 2026-14 appendix Non-rural (eligible, not entirely rural)"
Pensacola,Florida,Escambia,12033003400,Escambia County urban-eligible tract,N,Eligible — not designated,30.5252917,-87.2903394,"Rev. Proc. 2026-14 appendix Non-rural (eligible, not entirely rural)"
Pensacola,Florida,Escambia,12033003505,Escambia County urban-eligible tract,N,Eligible — not designated,30.5063683,-87.202446,"Rev. Proc. 2026-14 appendix Non-rural (eligible, not entirely rural)"
Pensacola,Florida,Escambia,12033003509,Escambia County urban-eligible tract,N,Eligible — not designated,30.527923,-87.2552541,"Rev. Proc. 2026-14 appendix Non-rural (eligible, not entirely rural)"
Pensacola,Florida,Escambia,12033003614,Escambia County urban-eligible tract,N,Eligible — not designated,30.6287515,-87.2936605,"Rev. Proc. 2026-14 appendix Non-rural (eligible, not entirely rural)"
Pensacola,Florida,Escambia,12033004000,Escambia County rural-eligible tract,Y,Eligible — not designated,30.9674894,-87.2779276,Rev. Proc. 2026-14 appendix Rural (entirely rural)
Pensacola,Florida,Okaloosa,12091020306,Okaloosa County rural-eligible tract,Y,Eligible — not designated,30.7290383,-86.4685471,Rev. Proc. 2026-14 appendix Rural (entirely rural)
Pensacola,Florida,Okaloosa,12091020500,Okaloosa County rural-eligible tract,Y,Eligible — not designated,30.7738441,-86.5886085,Rev. Proc. 2026-14 appendix Rural (entirely rural)
Pensacola,Florida,Okaloosa,12091021901,Okaloosa County rural-eligible tract,Y,Eligible — not designated,30.4263278,-86.6642109,Rev. Proc. 2026-14 appendix Rural (entirely rural)
Pensacola,Florida,Okaloosa,12091022001,Okaloosa County rural-eligible tract,Y,Eligible — not designated,30.4442476,-86.62522,Rev. Proc. 2026-14 appendix Rural (entirely rural)
Pensacola,Florida,Okaloosa,12091022100,Okaloosa County rural-eligible tract,Y,Eligible — not designated,30.4399013,-86.6110617,Rev. Proc. 2026-14 appendix Rural (entirely rural)
Pensacola,Florida,Okaloosa,12091022600,Okaloosa County rural-eligible tract,Y,Eligible — not designated,30.4061804,-86.6105571,Rev. Proc. 2026-14 appendix Rural (entirely rural)
Pensacola,Florida,Santa Rosa,12113010100,Santa Rosa County rural-eligible tract,Y,Eligible — not designated,30.8643545,-86.9273984,Rev. Proc. 2026-14 appendix Rural (entirely rural)
Pensacola,Florida,Santa Rosa,12113010505,Santa Rosa County rural-eligible tract,Y,Eligible — not designated,30.6764638,-87.0402711,Rev. Proc. 2026-14 appendix Rural (entirely rural)
Pensacola,Florida,Santa Rosa,12113010601,Santa Rosa County rural-eligible tract,Y,Eligible — not designated,30.6410709,-87.0451514,Rev. Proc. 2026-14 appendix Rural (entirely rural)
Pensacola,Florida,Santa Rosa,12113010705,Santa Rosa County rural-eligible tract,Y,Eligible — not designated,30.5810713,-87.1714723,Rev. Proc. 2026-14 appendix Rural (entirely rural)
Pensacola,Florida,Walton,12131950103,Walton County rural-eligible tract,Y,Eligible — not designated,30.7989091,-86.2487028,Rev. Proc. 2026-14 appendix Rural (entirely rural); county on outer/uncertain edge of ~90-min shed
Pensacola,Florida,Walton,12131950201,Walton County rural-eligible tract,Y,Eligible — not designated,30.7094077,-86.0996833,Rev. Proc. 2026-14 appendix Rural (entirely rural); county on outer/uncertain edge of ~90-min shed
Pensacola,Florida,Walton,12131950202,Walton County rural-eligible tract,Y,Eligible — not designated,30.7615184,-86.0783529,Rev. Proc. 2026-14 appendix Rural (entirely rural); county on outer/uncertain edge of ~90-min shed
Pensacola,Florida,Walton,12131950303,Walton County rural-eligible tract,Y,Eligible — not designated,30.7695364,-86.1848615,Rev. Proc. 2026-14 appendix Rural (entirely rural); county on outer/uncertain edge of ~90-min shed
Pensacola,Florida,Walton,12131950304,Walton County rural-eligible tract,Y,Eligible — not designated,30.7585021,-86.1345249,Rev. Proc. 2026-14 appendix Rural (entirely rural); county on outer/uncertain edge of ~90-min shed
Pensacola,Florida,Walton,12131950400,Walton County rural-eligible tract,Y,Eligible — not designated,30.6399063,-85.9959044,Rev. Proc. 2026-14 appendix Rural (entirely rural); county on outer/uncertain edge of ~90-min shed
Birmingham,Alabama,Bibb,01007010006,Bibb County rural-eligible tract,Y,Eligible — not designated,33.1824141,-87.0823075,Rev. Proc. 2026-14 appendix Rural (entirely rural)
Birmingham,Alabama,Bibb,01007010008,Bibb County rural-eligible tract,Y,Eligible — not designated,33.0332174,-87.0211228,Rev. Proc. 2026-14 appendix Rural (entirely rural)
Birmingham,Alabama,Bibb,01007010009,Bibb County rural-eligible tract,Y,Eligible — not designated,32.8945208,-87.1921653,Rev. Proc. 2026-14 appendix Rural (entirely rural)
Birmingham,Alabama,Bibb,01007010010,Bibb County rural-eligible tract,Y,Eligible — not designated,32.9784509,-87.1866443,Rev. Proc. 2026-14 appendix Rural (entirely rural)
Birmingham,Alabama,Blount,01009050105,Blount County rural-eligible tract,Y,Eligible — not designated,33.9749736,-86.4037827,Rev. Proc. 2026-14 appendix Rural (entirely rural)
Birmingham,Alabama,Blount,01009050106,Blount County rural-eligible tract,Y,Eligible — not designated,33.925327,-86.4725259,Rev. Proc. 2026-14 appendix Rural (entirely rural)
Birmingham,Alabama,Blount,01009050501,Blount County rural-eligible tract,Y,Eligible — not designated,34.062471,-86.6104394,Rev. Proc. 2026-14 appendix Rural (entirely rural)
Birmingham,Alabama,Blount,01009050702,Blount County rural-eligible tract,Y,Eligible — not designated,33.8739997,-86.6773768,Rev. Proc. 2026-14 appendix Rural (entirely rural)
Birmingham,Alabama,Chilton,01021060104,Chilton County rural-eligible tract,Y,Eligible — not designated,32.8495954,-86.616669,Rev. Proc. 2026-14 appendix Rural (entirely rural)
Birmingham,Alabama,Cullman,01043965001,Cullman County rural-eligible tract,Y,Eligible — not designated,34.1512763,-86.8186837,Rev. Proc. 2026-14 appendix Rural (entirely rural); county on outer/uncertain edge of ~90-min shed
Birmingham,Alabama,Cullman,01043965002,Cullman County rural-eligible tract,Y,Eligible — not designated,34.1529371,-86.8508981,Rev. Proc. 2026-14 appendix Rural (entirely rural); county on outer/uncertain edge of ~90-min shed
Birmingham,Alabama,Cullman,01043965300,Cullman County rural-eligible tract,Y,Eligible — not designated,34.1560361,-86.6369887,Rev. Proc. 2026-14 appendix Rural (entirely rural); county on outer/uncertain edge of ~90-min shed
Birmingham,Alabama,Cullman,01043965401,Cullman County rural-eligible tract,Y,Eligible — not designated,34.0726451,-86.8090852,Rev. Proc. 2026-14 appendix Rural (entirely rural); county on outer/uncertain edge of ~90-min shed
Birmingham,Alabama,Jefferson,01073000100,Jefferson County urban-eligible tract,N,Eligible — not designated,33.5805023,-86.7229319,"Rev. Proc. 2026-14 appendix Non-rural (eligible, not entirely rural)"
Birmingham,Alabama,Jefferson,01073000300,Jefferson County urban-eligible tract,N,Eligible — not designated,33.5427144,-86.7525119,"Rev. Proc. 2026-14 appendix Non-rural (eligible, not entirely rural)"
Birmingham,Alabama,Jefferson,01073000400,Jefferson County urban-eligible tract,N,Eligible — not designated,33.5632416,-86.764017,"Rev. Proc. 2026-14 appendix Non-rural (eligible, not entirely rural)"
Birmingham,Alabama,Jefferson,01073000500,Jefferson County urban-eligible tract,N,Eligible — not designated,33.5445055,-86.7749122,"Rev. Proc. 2026-14 appendix Non-rural (eligible, not entirely rural)"
Birmingham,Alabama,Jefferson,01073000700,Jefferson County urban-eligible tract,N,Eligible — not designated,33.5525405,-86.8016893,"Rev. Proc. 2026-14 appendix Non-rural (eligible, not entirely rural)"
Birmingham,Alabama,Jefferson,01073000800,Jefferson County urban-eligible tract,N,Eligible — not designated,33.5493736,-86.8360743,"Rev. Proc. 2026-14 appendix Non-rural (eligible, not entirely rural)"
Birmingham,Alabama,Jefferson,01073001100,Jefferson County urban-eligible tract,N,Eligible — not designated,33.5428824,-86.8801681,"Rev. Proc. 2026-14 appendix Non-rural (eligible, not entirely rural)"
Birmingham,Alabama,Jefferson,01073001200,Jefferson County urban-eligible tract,N,Eligible — not designated,33.5279044,-86.860335,"Rev. Proc. 2026-14 appendix Non-rural (eligible, not entirely rural)"
Birmingham,Alabama,Jefferson,01073001400,Jefferson County urban-eligible tract,N,Eligible — not designated,33.5261504,-86.8352054,"Rev. Proc. 2026-14 appendix Non-rural (eligible, not entirely rural)"
Birmingham,Alabama,Jefferson,01073001500,Jefferson County urban-eligible tract,N,Eligible — not designated,33.5298897,-86.8197168,"Rev. Proc. 2026-14 appendix Non-rural (eligible, not entirely rural)"
Birmingham,Alabama,Jefferson,01073001600,Jefferson County urban-eligible tract,N,Eligible — not designated,33.5373014,-86.8036526,"Rev. Proc. 2026-14 appendix Non-rural (eligible, not entirely rural)"
Birmingham,Alabama,Jefferson,01073001902,Jefferson County urban-eligible tract,N,Eligible — not designated,33.5531822,-86.7430572,"Rev. Proc. 2026-14 appendix Non-rural (eligible, not entirely rural)"
Birmingham,Alabama,Jefferson,01073002000,Jefferson County urban-eligible tract,N,Eligible — not designated,33.5591908,-86.7233518,"Rev. Proc. 2026-14 appendix Non-rural (eligible, not entirely rural)"
Birmingham,Alabama,Jefferson,01073002100,Jefferson County urban-eligible tract,N,Eligible — not designated,33.5650011,-86.7101102,"Rev. Proc. 2026-14 appendix Non-rural (eligible, not entirely rural)"
Birmingham,Alabama,Jefferson,01073002200,Jefferson County urban-eligible tract,N,Eligible — not designated,33.5522523,-86.7278253,"Rev. Proc. 2026-14 appendix Non-rural (eligible, not entirely rural)"
Birmingham,Alabama,Jefferson,01073002303,Jefferson County urban-eligible tract,N,Eligible — not designated,33.5383976,-86.7270159,"Rev. Proc. 2026-14 appendix Non-rural (eligible, not entirely rural)"
Birmingham,Alabama,Jefferson,01073002402,Jefferson County urban-eligible tract,N,Eligible — not designated,33.5299009,-86.7866064,"Rev. Proc. 2026-14 appendix Non-rural (eligible, not entirely rural)"
Birmingham,Alabama,Jefferson,01073002702,Jefferson County urban-eligible tract,N,Eligible — not designated,33.5213414,-86.8129086,"Rev. Proc. 2026-14 appendix Non-rural (eligible, not entirely rural)"
Birmingham,Alabama,Jefferson,01073002900,Jefferson County urban-eligible tract,N,Eligible — not designated,33.5132498,-86.8300447,"Rev. Proc. 2026-14 appendix Non-rural (eligible, not entirely rural)"
Birmingham,Alabama,Jefferson,01073003100,Jefferson County urban-eligible tract,N,Eligible — not designated,33.5059484,-86.874556,"Rev. Proc. 2026-14 appendix Non-rural (eligible, not entirely rural)"
Birmingham,Alabama,Jefferson,01073003200,Jefferson County urban-eligible tract,N,Eligible — not designated,33.5094019,-86.8859084,"Rev. Proc. 2026-14 appendix Non-rural (eligible, not entirely rural)"
Birmingham,Alabama,Jefferson,01073003300,Jefferson County urban-eligible tract,N,Eligible — not designated,33.5172122,-86.8911879,"Rev. Proc. 2026-14 appendix Non-rural (eligible, not entirely rural)"
Birmingham,Alabama,Jefferson,01073003400,Jefferson County urban-eligible tract,N,Eligible — not designated,33.5052938,-86.9015669,"Rev. Proc. 2026-14 appendix Non-rural (eligible, not entirely rural)"
Birmingham,Alabama,Jefferson,01073003500,Jefferson County urban-eligible tract,N,Eligible — not designated,33.5056238,-86.924273,"Rev. Proc. 2026-14 appendix Non-rural (eligible, not entirely rural)"
Birmingham,Alabama,Jefferson,01073003600,Jefferson County urban-eligible tract,N,Eligible — not designated,33.4847109,-86.8981844,"Rev. Proc. 2026-14 appendix Non-rural (eligible, not entirely rural)"
Birmingham,Alabama,Jefferson,01073003700,Jefferson County urban-eligible tract,N,Eligible — not designated,33.4969071,-86.8907612,"Rev. Proc. 2026-14 appendix Non-rural (eligible, not entirely rural)"
Birmingham,Alabama,Jefferson,01073003802,Jefferson County urban-eligible tract,N,Eligible — not designated,33.4786414,-86.8899551,"Rev. Proc. 2026-14 appendix Non-rural (eligible, not entirely rural)"
Birmingham,Alabama,Jefferson,01073003803,Jefferson County urban-eligible tract,N,Eligible — not designated,33.4859674,-86.8696954,"Rev. Proc. 2026-14 appendix Non-rural (eligible, not entirely rural)"
Birmingham,Alabama,Jefferson,01073003900,Jefferson County urban-eligible tract,N,Eligible — not designated,33.498997,-86.8647433,"Rev. Proc. 2026-14 appendix Non-rural (eligible, not entirely rural)"
Birmingham,Alabama,Jefferson,01073004000,Jefferson County urban-eligible tract,N,Eligible — not designated,33.4953218,-86.8515873,"Rev. Proc. 2026-14 appendix Non-rural (eligible, not entirely rural)"
Birmingham,Alabama,Jefferson,01073004200,Jefferson County urban-eligible tract,N,Eligible — not designated,33.5007472,-86.8270732,"Rev. Proc. 2026-14 appendix Non-rural (eligible, not entirely rural)"
Birmingham,Alabama,Jefferson,01073004501,Jefferson County urban-eligible tract,N,Eligible — not designated,33.498338,-86.8072523,"Rev. Proc. 2026-14 appendix Non-rural (eligible, not entirely rural)"
Birmingham,Alabama,Jefferson,01073004502,Jefferson County urban-eligible tract,N,Eligible — not designated,33.5070999,-86.8031333,"Rev. Proc. 2026-14 appendix Non-rural (eligible, not entirely rural)"
Birmingham,Alabama,Jefferson,01073005101,Jefferson County urban-eligible tract,N,Eligible — not designated,33.4945909,-86.834764,"Rev. Proc. 2026-14 appendix Non-rural (eligible, not entirely rural)"
Birmingham,Alabama,Jefferson,01073005103,Jefferson County urban-eligible tract,N,Eligible — not designated,33.4857174,-86.8327763,"Rev. Proc. 2026-14 appendix Non-rural (eligible, not entirely rural)"
Birmingham,Alabama,Jefferson,01073005104,Jefferson County urban-eligible tract,N,Eligible — not designated,33.4724964,-86.8346992,"Rev. Proc. 2026-14 appendix Non-rural (eligible, not entirely rural)"
Birmingham,Alabama,Jefferson,01073005200,Jefferson County urban-eligible tract,N,Eligible — not designated,33.4806692,-86.8508681,"Rev. Proc. 2026-14 appendix Non-rural (eligible, not entirely rural)"
Birmingham,Alabama,Jefferson,01073005500,Jefferson County urban-eligible tract,N,Eligible — not designated,33.5741765,-86.7984788,"Rev. Proc. 2026-14 appendix Non-rural (eligible, not entirely rural)"
Birmingham,Alabama,Jefferson,01073005702,Jefferson County urban-eligible tract,N,Eligible — not designated,33.469869,-86.8742909,"Rev. Proc. 2026-14 appendix Non-rural (eligible, not entirely rural)"
Birmingham,Alabama,Jefferson,01073005800,Jefferson County urban-eligible tract,N,Eligible — not designated,33.4775916,-86.8148301,"Rev. Proc. 2026-14 appendix Non-rural (eligible, not entirely rural)"
Birmingham,Alabama,Jefferson,01073005905,Jefferson County urban-eligible tract,N,Eligible — not designated,33.604549,-86.7006687,"Rev. Proc. 2026-14 appendix Non-rural (eligible, not entirely rural)"
Birmingham,Alabama,Jefferson,01073005907,Jefferson County urban-eligible tract,N,Eligible — not designated,33.614611,-86.6690122,"Rev. Proc. 2026-14 appendix Non-rural (eligible, not entirely rural)"
Birmingham,Alabama,Jefferson,01073005908,Jefferson County urban-eligible tract,N,Eligible — not designated,33.6221369,-86.6791681,"Rev. Proc. 2026-14 appendix Non-rural (eligible, not entirely rural)"
Birmingham,Alabama,Jefferson,01073005909,Jefferson County urban-eligible tract,N,Eligible — not designated,33.6119444,-86.7208565,"Rev. Proc. 2026-14 appendix Non-rural (eligible, not entirely rural)"
Birmingham,Alabama,Jefferson,01073005910,Jefferson County urban-eligible tract,N,Eligible — not designated,33.6294784,-86.7180087,"Rev. Proc. 2026-14 appendix Non-rural (eligible, not entirely rural)"
Birmingham,Alabama,Jefferson,01073010001,Jefferson County urban-eligible tract,N,Eligible — not designated,33.4525272,-87.0036856,"Rev. Proc. 2026-14 appendix Non-rural (eligible, not entirely rural)"
Birmingham,Alabama,Jefferson,01073010100,Jefferson County urban-eligible tract,N,Eligible — not designated,33.4166881,-86.9518124,"Rev. Proc. 2026-14 appendix Non-rural (eligible, not entirely rural)"
Birmingham,Alabama,Jefferson,01073010200,Jefferson County urban-eligible tract,N,Eligible — not designated,33.4009712,-86.9631866,"Rev. Proc. 2026-14 appendix Non-rural (eligible, not entirely rural)"
Birmingham,Alabama,Jefferson,01073010301,Jefferson County urban-eligible tract,N,Eligible — not designated,33.3914623,-86.9487605,"Rev. Proc. 2026-14 appendix Non-rural (eligible, not entirely rural)"
Birmingham,Alabama,Jefferson,01073010302,Jefferson County urban-eligible tract,N,Eligible — not designated,33.409633,-86.9376962,"Rev. Proc. 2026-14 appendix Non-rural (eligible, not entirely rural)"
Birmingham,Alabama,Jefferson,01073010401,Jefferson County urban-eligible tract,N,Eligible — not designated,33.3814944,-86.9602703,"Rev. Proc. 2026-14 appendix Non-rural (eligible, not entirely rural)"
Birmingham,Alabama,Jefferson,01073010402,Jefferson County urban-eligible tract,N,Eligible — not designated,33.3849099,-86.9783163,"Rev. Proc. 2026-14 appendix Non-rural (eligible, not entirely rural)"
Birmingham,Alabama,Jefferson,01073010500,Jefferson County urban-eligible tract,N,Eligible — not designated,33.4296026,-86.9179362,"Rev. Proc. 2026-14 appendix Non-rural (eligible, not entirely rural)"
Birmingham,Alabama,Jefferson,01073010604,Jefferson County urban-eligible tract,N,Eligible — not designated,33.4774179,-86.9130754,"Rev. Proc. 2026-14 appendix Non-rural (eligible, not entirely rural)"
Birmingham,Alabama,Jefferson,01073010605,Jefferson County urban-eligible tract,N,Eligible — not designated,33.4900483,-86.9157202,"Rev. Proc. 2026-14 appendix Non-rural (eligible, not entirely rural)"
Birmingham,Alabama,Jefferson,01073010900,Jefferson County urban-eligible tract,N,Eligible — not designated,33.5795996,-86.7705771,"Rev. Proc. 2026-14 appendix Non-rural (eligible, not entirely rural)"
Birmingham,Alabama,Jefferson,01073011002,Jefferson County urban-eligible tract,N,Eligible — not designated,33.5566868,-86.5617309,"Rev. Proc. 2026-14 appendix Non-rural (eligible, not entirely rural)"
Birmingham,Alabama,Jefferson,01073011003,Jefferson County urban-eligible tract,N,Eligible — not designated,33.5440903,-86.542422,"Rev. Proc. 2026-14 appendix Non-rural (eligible, not entirely rural)"
Birmingham,Alabama,Jefferson,01073011110,Jefferson County urban-eligible tract,N,Eligible — not designated,33.7249539,-86.5902333,"Rev. Proc. 2026-14 appendix Non-rural (eligible, not entirely rural)"
Birmingham,Alabama,Jefferson,01073011112,Jefferson County urban-eligible tract,N,Eligible — not designated,33.6381722,-86.652759,"Rev. Proc. 2026-14 appendix Non-rural (eligible, not entirely rural)"
Birmingham,Alabama,Jefferson,01073011205,Jefferson County urban-eligible tract,N,Eligible — not designated,33.6892608,-86.6651178,"Rev. Proc. 2026-14 appendix Non-rural (eligible, not entirely rural)"
Birmingham,Alabama,Jefferson,01073011208,Jefferson County urban-eligible tract,N,Eligible — not designated,33.6692571,-86.6510458,"Rev. Proc. 2026-14 appendix Non-rural (eligible, not entirely rural)"
Birmingham,Alabama,Jefferson,01073011209,Jefferson County urban-eligible tract,N,Eligible — not designated,33.6552379,-86.6996956,"Rev. Proc. 2026-14 appendix Non-rural (eligible, not entirely rural)"
Birmingham,Alabama,Jefferson,01073011210,Jefferson County urban-eligible tract,N,Eligible — not designated,33.6689263,-86.7041592,"Rev. Proc. 2026-14 appendix Non-rural (eligible, not entirely rural)"
Birmingham,Alabama,Jefferson,01073011401,Jefferson County rural-eligible tract,Y,Eligible — not designated,33.818438,-86.7964323,Rev. Proc. 2026-14 appendix Rural (entirely rural)
Birmingham,Alabama,Jefferson,01073011804,Jefferson County urban-eligible tract,N,Eligible — not designated,33.6453495,-86.6958458,"Rev. Proc. 2026-14 appendix Non-rural (eligible, not entirely rural)"
Birmingham,Alabama,Jefferson,01073011805,Jefferson County urban-eligible tract,N,Eligible — not designated,33.6418453,-86.6618376,"Rev. Proc. 2026-14 appendix Non-rural (eligible, not entirely rural)"
Birmingham,Alabama,Jefferson,01073011806,Jefferson County urban-eligible tract,N,Eligible — not designated,33.6425087,-86.6754236,"Rev. Proc. 2026-14 appendix Non-rural (eligible, not entirely rural)"
Birmingham,Alabama,Jefferson,01073011901,Jefferson County urban-eligible tract,N,Eligible — not designated,33.6272778,-86.757867,"Rev. Proc. 2026-14 appendix Non-rural (eligible, not entirely rural)"
Birmingham,Alabama,Jefferson,01073012304,Jefferson County urban-eligible tract,N,Eligible — not designated,33.504624,-86.961321,"Rev. Proc. 2026-14 appendix Non-rural (eligible, not entirely rural)"
Birmingham,Alabama,Jefferson,01073012306,Jefferson County urban-eligible tract,N,Eligible — not designated,33.475757,-86.9709943,"Rev. Proc. 2026-14 appendix Non-rural (eligible, not entirely rural)"
Birmingham,Alabama,Jefferson,01073012402,Jefferson County urban-eligible tract,N,Eligible — not designated,33.5608916,-86.9133528,"Rev. Proc. 2026-14 appendix Non-rural (eligible, not entirely rural)"
Birmingham,Alabama,Jefferson,01073012602,Jefferson County urban-eligible tract,N,Eligible — not designated,33.5695563,-86.6660483,"Rev. Proc. 2026-14 appendix Non-rural (eligible, not entirely rural)"
Birmingham,Alabama,Jefferson,01073012908,Jefferson County urban-eligible tract,N,Eligible — not designated,33.3987654,-86.7986112,"Rev. Proc. 2026-14 appendix Non-rural (eligible, not entirely rural)"
Birmingham,Alabama,Jefferson,01073012919,Jefferson County urban-eligible tract,N,Eligible — not designated,33.382702,-86.7906336,"Rev. Proc. 2026-14 appendix Non-rural (eligible, not entirely rural)"
Birmingham,Alabama,Jefferson,01073013002,Jefferson County urban-eligible tract,N,Eligible — not designated,33.4660419,-86.8567292,"Rev. Proc. 2026-14 appendix Non-rural (eligible, not entirely rural)"
Birmingham,Alabama,Jefferson,01073013100,Jefferson County urban-eligible tract,N,Eligible — not designated,33.4480923,-86.8892874,"Rev. Proc. 2026-14 appendix Non-rural (eligible, not entirely rural)"
Birmingham,Alabama,Jefferson,01073013200,Jefferson County urban-eligible tract,N,Eligible — not designated,33.457125,-86.9089139,"Rev. Proc. 2026-14 appendix Non-rural (eligible, not entirely rural)"
Birmingham,Alabama,Jefferson,01073013300,Jefferson County urban-eligible tract,N,Eligible — not designated,33.4366196,-86.9292624,"Rev. Proc. 2026-14 appendix Non-rural (eligible, not entirely rural)"
Birmingham,Alabama,Jefferson,01073013400,Jefferson County urban-eligible tract,N,Eligible — not designated,33.4590357,-86.9370429,"Rev. Proc. 2026-14 appendix Non-rural (eligible, not entirely rural)"
Birmingham,Alabama,Jefferson,01073013601,Jefferson County urban-eligible tract,N,Eligible — not designated,33.4414006,-86.9424582,"Rev. Proc. 2026-14 appendix Non-rural (eligible, not entirely rural)"
Birmingham,Alabama,Jefferson,01073013801,Jefferson County urban-eligible tract,N,Eligible — not designated,33.4247148,-86.9669569,"Rev. Proc. 2026-14 appendix Non-rural (eligible, not entirely rural)"
Birmingham,Alabama,Jefferson,01073013901,Jefferson County urban-eligible tract,N,Eligible — not designated,33.4753544,-86.948061,"Rev. Proc. 2026-14 appendix Non-rural (eligible, not entirely rural)"
Birmingham,Alabama,Jefferson,01073014301,Jefferson County urban-eligible tract,N,Eligible — not designated,33.3511048,-86.9592212,"Rev. Proc. 2026-14 appendix Non-rural (eligible, not entirely rural)"
Birmingham,Alabama,Jefferson,01073014304,Jefferson County urban-eligible tract,N,Eligible — not designated,33.4255985,-86.8725115,"Rev. Proc. 2026-14 appendix Non-rural (eligible, not entirely rural)"
Birmingham,Alabama,Shelby,01117030407,Shelby County rural-eligible tract,Y,Eligible — not designated,33.131697,-86.8475678,Rev. Proc. 2026-14 appendix Rural (entirely rural)
Birmingham,Alabama,Shelby,01117030408,Shelby County urban-eligible tract,N,Eligible — not designated,33.1338054,-86.937949,"Rev. Proc. 2026-14 appendix Non-rural (eligible, not entirely rural)"
Birmingham,Alabama,St. Clair,01115040109,St. Clair County rural-eligible tract,Y,Eligible — not designated,33.6117443,-86.3811617,Rev. Proc. 2026-14 appendix Rural (entirely rural)
Birmingham,Alabama,St. Clair,01115040211,St. Clair County rural-eligible tract,Y,Eligible — not designated,33.5911907,-86.2556214,Rev. Proc. 2026-14 appendix Rural (entirely rural)
Birmingham,Alabama,St. Clair,01115040302,St. Clair County rural-eligible tract,Y,Eligible — not designated,33.7732171,-86.1429583,Rev. Proc. 2026-14 appendix Rural (entirely rural)
Birmingham,Alabama,St. Clair,01115040508,St. Clair County rural-eligible tract,Y,Eligible — not designated,33.6616205,-86.3672337,Rev. Proc. 2026-14 appendix Rural (entirely rural)
Birmingham,Alabama,Talladega,01121010400,Talladega County rural-eligible tract,Y,Eligible — not designated,33.3994155,-86.0096773,Rev. Proc. 2026-14 appendix Rural (entirely rural); county on outer/uncertain edge of ~90-min shed
Birmingham,Alabama,Talladega,01121010500,Talladega County rural-eligible tract,Y,Eligible — not designated,33.4548956,-86.067709,Rev. Proc. 2026-14 appendix Rural (entirely rural); county on outer/uncertain edge of ~90-min shed
Birmingham,Alabama,Talladega,01121010600,Talladega County rural-eligible tract,Y,Eligible — not designated,33.4475439,-86.1148963,Rev. Proc. 2026-14 appendix Rural (entirely rural); county on outer/uncertain edge of ~90-min shed
Birmingham,Alabama,Talladega,01121010900,Talladega County rural-eligible tract,Y,Eligible — not designated,33.4317569,-86.0994543,Rev. Proc. 2026-14 appendix Rural (entirely rural); county on outer/uncertain edge of ~90-min shed
Birmingham,Alabama,Talladega,01121011301,Talladega County rural-eligible tract,Y,Eligible — not designated,33.2793875,-86.3343417,Rev. Proc. 2026-14 appendix Rural (entirely rural); county on outer/uncertain edge of ~90-min shed
Birmingham,Alabama,Talladega,01121011302,Talladega County rural-eligible tract,Y,Eligible — not designated,33.2439751,-86.380759,Rev. Proc. 2026-14 appendix Rural (entirely rural); county on outer/uncertain edge of ~90-min shed
Birmingham,Alabama,Talladega,01121011400,Talladega County rural-eligible tract,Y,Eligible — not designated,33.2552882,-86.2982154,Rev. Proc. 2026-14 appendix Rural (entirely rural); county on outer/uncertain edge of ~90-min shed
Birmingham,Alabama,Talladega,01121011502,Talladega County rural-eligible tract,Y,Eligible — not designated,33.1569859,-86.3283108,Rev. Proc. 2026-14 appendix Rural (entirely rural); county on outer/uncertain edge of ~90-min shed
Birmingham,Alabama,Talladega,01121011600,Talladega County rural-eligible tract,Y,Eligible — not designated,33.1485687,-86.2131766,Rev. Proc. 2026-14 appendix Rural (entirely rural); county on outer/uncertain edge of ~90-min shed
Birmingham,Alabama,Talladega,01121011700,Talladega County rural-eligible tract,Y,Eligible — not designated,33.2019979,-86.2915709,Rev. Proc. 2026-14 appendix Rural (entirely rural); county on outer/uncertain edge of ~90-min shed
Birmingham,Alabama,Talladega,01121011800,Talladega County rural-eligible tract,Y,Eligible — not designated,33.1723317,-86.2529583,Rev. Proc. 2026-14 appendix Rural (entirely rural); county on outer/uncertain edge of ~90-min shed
Birmingham,Alabama,Talladega,01121012000,Talladega County rural-eligible tract,Y,Eligible — not designated,33.145858,-86.250449,Rev. Proc. 2026-14 appendix Rural (entirely rural); county on outer/uncertain edge of ~90-min shed
Birmingham,Alabama,Tuscaloosa,01125010304,Tuscaloosa County urban-eligible tract,N,Eligible — not designated,33.250428,-87.6210557,"Rev. Proc. 2026-14 appendix Non-rural (eligible, not entirely rural); county on outer/uncertain edge of ~90-min shed"
Birmingham,Alabama,Tuscaloosa,01125010500,Tuscaloosa County urban-eligible tract,N,Eligible — not designated,33.2435354,-87.4825444,"Rev. Proc. 2026-14 appendix Non-rural (eligible, not entirely rural); county on outer/uncertain edge of ~90-min shed"
Birmingham,Alabama,Tuscaloosa,01125010804,Tuscaloosa County urban-eligible tract,N,Eligible — not designated,33.1930468,-87.4548608,"Rev. Proc. 2026-14 appendix Non-rural (eligible, not entirely rural); county on outer/uncertain edge of ~90-min shed"
Birmingham,Alabama,Tuscaloosa,01125011401,Tuscaloosa County urban-eligible tract,N,Eligible — not designated,33.2031146,-87.5527641,"Rev. Proc. 2026-14 appendix Non-rural (eligible, not entirely rural); county on outer/uncertain edge of ~90-min shed"
Birmingham,Alabama,Tuscaloosa,01125011402,Tuscaloosa County urban-eligible tract,N,Eligible — not designated,33.2156417,-87.5555274,"Rev. Proc. 2026-14 appendix Non-rural (eligible, not entirely rural); county on outer/uncertain edge of ~90-min shed"
Birmingham,Alabama,Tuscaloosa,01125011600,Tuscaloosa County urban-eligible tract,N,Eligible — not designated,33.2062919,-87.5791679,"Rev. Proc. 2026-14 appendix Non-rural (eligible, not entirely rural); county on outer/uncertain edge of ~90-min shed"
Birmingham,Alabama,Tuscaloosa,01125011701,Tuscaloosa County urban-eligible tract,N,Eligible — not designated,33.1932756,-87.5832845,"Rev. Proc. 2026-14 appendix Non-rural (eligible, not entirely rural); county on outer/uncertain edge of ~90-min shed"
Birmingham,Alabama,Tuscaloosa,01125011703,Tuscaloosa County urban-eligible tract,N,Eligible — not designated,33.1729965,-87.5920135,"Rev. Proc. 2026-14 appendix Non-rural (eligible, not entirely rural); county on outer/uncertain edge of ~90-min shed"
Birmingham,Alabama,Tuscaloosa,01125011800,Tuscaloosa County urban-eligible tract,N,Eligible — not designated,33.188772,-87.568689,"Rev. Proc. 2026-14 appendix Non-rural (eligible, not entirely rural); county on outer/uncertain edge of ~90-min shed"
Birmingham,Alabama,Tuscaloosa,01125011901,Tuscaloosa County urban-eligible tract,N,Eligible — not designated,33.1887842,-87.5424378,"Rev. Proc. 2026-14 appendix Non-rural (eligible, not entirely rural); county on outer/uncertain edge of ~90-min shed"
Birmingham,Alabama,Tuscaloosa,01125011902,Tuscaloosa County urban-eligible tract,N,Eligible — not designated,33.1926705,-87.5565278,"Rev. Proc. 2026-14 appendix Non-rural (eligible, not entirely rural); county on outer/uncertain edge of ~90-min shed"
Birmingham,Alabama,Tuscaloosa,01125012001,Tuscaloosa County urban-eligible tract,N,Eligible — not designated,33.1941019,-87.5308126,"Rev. Proc. 2026-14 appendix Non-rural (eligible, not entirely rural); county on outer/uncertain edge of ~90-min shed"
Birmingham,Alabama,Tuscaloosa,01125012002,Tuscaloosa County urban-eligible tract,N,Eligible — not designated,33.1976348,-87.5396839,"Rev. Proc. 2026-14 appendix Non-rural (eligible, not entirely rural); county on outer/uncertain edge of ~90-min shed"
Birmingham,Alabama,Tuscaloosa,01125012101,Tuscaloosa County urban-eligible tract,N,Eligible — not designated,33.1932706,-87.5098059,"Rev. Proc. 2026-14 appendix Non-rural (eligible, not entirely rural); county on outer/uncertain edge of ~90-min shed"
Birmingham,Alabama,Tuscaloosa,01125012102,Tuscaloosa County urban-eligible tract,N,Eligible — not designated,33.1999545,-87.5092594,"Rev. Proc. 2026-14 appendix Non-rural (eligible, not entirely rural); county on outer/uncertain edge of ~90-min shed"
Birmingham,Alabama,Tuscaloosa,01125012304,Tuscaloosa County urban-eligible tract,N,Eligible — not designated,33.1601851,-87.5132906,"Rev. Proc. 2026-14 appendix Non-rural (eligible, not entirely rural); county on outer/uncertain edge of ~90-min shed"
Birmingham,Alabama,Tuscaloosa,01125012307,Tuscaloosa County urban-eligible tract,N,Eligible — not designated,33.1724661,-87.5005505,"Rev. Proc. 2026-14 appendix Non-rural (eligible, not entirely rural); county on outer/uncertain edge of ~90-min shed"
Birmingham,Alabama,Tuscaloosa,01125012404,Tuscaloosa County urban-eligible tract,N,Eligible — not designated,33.157582,-87.5371893,"Rev. Proc. 2026-14 appendix Non-rural (eligible, not entirely rural); county on outer/uncertain edge of ~90-min shed"
Birmingham,Alabama,Tuscaloosa,01125012406,Tuscaloosa County urban-eligible tract,N,Eligible — not designated,33.1799433,-87.534667,"Rev. Proc. 2026-14 appendix Non-rural (eligible, not entirely rural); county on outer/uncertain edge of ~90-min shed"
Birmingham,Alabama,Tuscaloosa,01125012407,Tuscaloosa County urban-eligible tract,N,Eligible — not designated,33.1786748,-87.5508272,"Rev. Proc. 2026-14 appendix Non-rural (eligible, not entirely rural); county on outer/uncertain edge of ~90-min shed"
Birmingham,Alabama,Tuscaloosa,01125012408,Tuscaloosa County urban-eligible tract,N,Eligible — not designated,33.1715136,-87.5364363,"Rev. Proc. 2026-14 appendix Non-rural (eligible, not entirely rural); county on outer/uncertain edge of ~90-min shed"
Birmingham,Alabama,Tuscaloosa,01125012501,Tuscaloosa County urban-eligible tract,N,Eligible — not designated,33.1696468,-87.6471747,"Rev. Proc. 2026-14 appendix Non-rural (eligible, not entirely rural); county on outer/uncertain edge of ~90-min shed"
Birmingham,Alabama,Tuscaloosa,01125012600,Tuscaloosa County urban-eligible tract,N,Eligible — not designated,33.2186194,-87.5176867,"Rev. Proc. 2026-14 appendix Non-rural (eligible, not entirely rural); county on outer/uncertain edge of ~90-min shed"
Birmingham,Alabama,Tuscaloosa,01125012700,Tuscaloosa County urban-eligible tract,N,Eligible — not designated,33.2184585,-87.495102,"Rev. Proc. 2026-14 appendix Non-rural (eligible, not entirely rural); county on outer/uncertain edge of ~90-min shed"
Birmingham,Alabama,Tuscaloosa,01125012800,Tuscaloosa County urban-eligible tract,N,Eligible — not designated,33.2130024,-87.5076573,"Rev. Proc. 2026-14 appendix Non-rural (eligible, not entirely rural); county on outer/uncertain edge of ~90-min shed"
Birmingham,Alabama,Walker,01127020100,Walker County rural-eligible tract,Y,Eligible — not designated,33.8114066,-87.3188042,Rev. Proc. 2026-14 appendix Rural (entirely rural)
Birmingham,Alabama,Walker,01127020301,Walker County rural-eligible tract,Y,Eligible — not designated,33.8538685,-87.24233,Rev. Proc. 2026-14 appendix Rural (entirely rural)
Birmingham,Alabama,Walker,01127020600,Walker County rural-eligible tract,Y,Eligible — not designated,33.7985962,-87.1878122,Rev. Proc. 2026-14 appendix Rural (entirely rural)
Birmingham,Alabama,Walker,01127020700,Walker County rural-eligible tract,Y,Eligible — not designated,33.8698205,-87.18691,Rev. Proc. 2026-14 appendix Rural (entirely rural)
Birmingham,Alabama,Walker,01127020801,Walker County rural-eligible tract,Y,Eligible — not designated,33.8597746,-87.1108898,Rev. Proc. 2026-14 appendix Rural (entirely rural)
Birmingham,Alabama,Walker,01127021100,Walker County rural-eligible tract,Y,Eligible — not designated,33.9292009,-87.5741534,Rev. Proc. 2026-14 appendix Rural (entirely rural)
Birmingham,Alabama,Walker,01127021300,Walker County rural-eligible tract,Y,Eligible — not designated,33.666598,-87.3615093,Rev. Proc. 2026-14 appendix Rural (entirely rural)
Birmingham,Alabama,Walker,01127021400,Walker County rural-eligible tract,Y,Eligible — not designated,33.7107342,-87.2677453,Rev. Proc. 2026-14 appendix Rural (entirely rural)
Birmingham,Alabama,Walker,01127021500,Walker County rural-eligible tract,Y,Eligible — not designated,33.7347369,-87.1857112,Rev. Proc. 2026-14 appendix Rural (entirely rural)
Birmingham,Alabama,Walker,01127021800,Walker County rural-eligible tract,Y,Eligible — not designated,33.7830673,-87.0565149,Rev. Proc. 2026-14 appendix Rural (entirely rural)
Birmingham,Alabama,Walker,01127021900,Walker County rural-eligible tract,Y,Eligible — not designated,33.8481723,-87.036585,Rev. Proc. 2026-14 appendix Rural (entirely rural)
Mobile,Alabama,Baldwin,01003010600,Baldwin County rural-eligible tract,Y,Eligible — not designated,30.8533019,-87.7701385,Rev. Proc. 2026-14 appendix Rural (entirely rural)
Mobile,Alabama,Baldwin,01003010903,Baldwin County rural-eligible tract,Y,Eligible — not designated,30.6072432,-87.7798044,Rev. Proc. 2026-14 appendix Rural (entirely rural)
Mobile,Alabama,Baldwin,01003010906,Baldwin County rural-eligible tract,Y,Eligible — not designated,30.5641292,-87.6870074,Rev. Proc. 2026-14 appendix Rural (entirely rural)
Mobile,Alabama,Baldwin,01003011411,Baldwin County rural-eligible tract,Y,Eligible — not designated,30.3244734,-87.618452,Rev. Proc. 2026-14 appendix Rural (entirely rural)
Mobile,Alabama,Escambia,01053969801,Escambia County rural-eligible tract,Y,Eligible — not designated,31.0544809,-86.8519601,Rev. Proc. 2026-14 appendix Rural (entirely rural); county on outer/uncertain edge of ~90-min shed
Mobile,Alabama,Escambia,01053969802,Escambia County rural-eligible tract,Y,Eligible — not designated,31.1770672,-86.9214794,Rev. Proc. 2026-14 appendix Rural (entirely rural); county on outer/uncertain edge of ~90-min shed
Mobile,Alabama,Escambia,01053970200,Escambia County rural-eligible tract,Y,Eligible — not designated,31.1141178,-87.0634717,Rev. Proc. 2026-14 appendix Rural (entirely rural); county on outer/uncertain edge of ~90-min shed
Mobile,Alabama,Escambia,01053970300,Escambia County rural-eligible tract,Y,Eligible — not designated,31.1086274,-87.2794732,Rev. Proc. 2026-14 appendix Rural (entirely rural); county on outer/uncertain edge of ~90-min shed
Mobile,Alabama,Escambia,01053970600,Escambia County rural-eligible tract,Y,Eligible — not designated,31.0580994,-87.4085812,Rev. Proc. 2026-14 appendix Rural (entirely rural); county on outer/uncertain edge of ~90-min shed
Mobile,Alabama,Escambia,01053970700,Escambia County rural-eligible tract,Y,Eligible — not designated,31.0153755,-87.4359795,Rev. Proc. 2026-14 appendix Rural (entirely rural); county on outer/uncertain edge of ~90-min shed
Mobile,Alabama,Mobile,01097000200,Mobile County urban-eligible tract,N,Eligible — not designated,30.6909837,-88.0478464,"Rev. Proc. 2026-14 appendix Non-rural (eligible, not entirely rural)"
Mobile,Alabama,Mobile,01097000401,Mobile County urban-eligible tract,N,Eligible — not designated,30.6993359,-88.0591706,"Rev. Proc. 2026-14 appendix Non-rural (eligible, not entirely rural)"
Mobile,Alabama,Mobile,01097000402,Mobile County urban-eligible tract,N,Eligible — not designated,30.703891,-88.0520514,"Rev. Proc. 2026-14 appendix Non-rural (eligible, not entirely rural)"
Mobile,Alabama,Mobile,01097000500,Mobile County urban-eligible tract,N,Eligible — not designated,30.7051703,-88.0666709,"Rev. Proc. 2026-14 appendix Non-rural (eligible, not entirely rural)"
Mobile,Alabama,Mobile,01097000600,Mobile County urban-eligible tract,N,Eligible — not designated,30.7116246,-88.0764971,"Rev. Proc. 2026-14 appendix Non-rural (eligible, not entirely rural)"
Mobile,Alabama,Mobile,01097000701,Mobile County urban-eligible tract,N,Eligible — not designated,30.7128382,-88.0861107,"Rev. Proc. 2026-14 appendix Non-rural (eligible, not entirely rural)"
Mobile,Alabama,Mobile,01097000802,Mobile County urban-eligible tract,N,Eligible — not designated,30.7063855,-88.0880254,"Rev. Proc. 2026-14 appendix Non-rural (eligible, not entirely rural)"
Mobile,Alabama,Mobile,01097000903,Mobile County urban-eligible tract,N,Eligible — not designated,30.6773945,-88.0734903,"Rev. Proc. 2026-14 appendix Non-rural (eligible, not entirely rural)"
Mobile,Alabama,Mobile,01097001100,Mobile County urban-eligible tract,N,Eligible — not designated,30.6778775,-88.048977,"Rev. Proc. 2026-14 appendix Non-rural (eligible, not entirely rural)"
Mobile,Alabama,Mobile,01097001200,Mobile County urban-eligible tract,N,Eligible — not designated,30.6913223,-88.0269464,"Rev. Proc. 2026-14 appendix Non-rural (eligible, not entirely rural)"
Mobile,Alabama,Mobile,01097001302,Mobile County urban-eligible tract,N,Eligible — not designated,30.6668655,-88.0633977,"Rev. Proc. 2026-14 appendix Non-rural (eligible, not entirely rural)"
Mobile,Alabama,Mobile,01097001400,Mobile County urban-eligible tract,N,Eligible — not designated,30.668198,-88.0769678,"Rev. Proc. 2026-14 appendix Non-rural (eligible, not entirely rural)"
Mobile,Alabama,Mobile,01097001501,Mobile County urban-eligible tract,N,Eligible — not designated,30.6551457,-88.0777416,"Rev. Proc. 2026-14 appendix Non-rural (eligible, not entirely rural)"
Mobile,Alabama,Mobile,01097001502,Mobile County urban-eligible tract,N,Eligible — not designated,30.6568785,-88.0688375,"Rev. Proc. 2026-14 appendix Non-rural (eligible, not entirely rural)"
Mobile,Alabama,Mobile,01097001800,Mobile County urban-eligible tract,N,Eligible — not designated,30.5877506,-88.071439,"Rev. Proc. 2026-14 appendix Non-rural (eligible, not entirely rural)"
Mobile,Alabama,Mobile,01097001902,Mobile County urban-eligible tract,N,Eligible — not designated,30.6020753,-88.0987938,"Rev. Proc. 2026-14 appendix Non-rural (eligible, not entirely rural)"
Mobile,Alabama,Mobile,01097002100,Mobile County urban-eligible tract,N,Eligible — not designated,30.6442145,-88.1117651,"Rev. Proc. 2026-14 appendix Non-rural (eligible, not entirely rural)"
Mobile,Alabama,Mobile,01097002200,Mobile County urban-eligible tract,N,Eligible — not designated,30.6489514,-88.0983592,"Rev. Proc. 2026-14 appendix Non-rural (eligible, not entirely rural)"
Mobile,Alabama,Mobile,01097002301,Mobile County urban-eligible tract,N,Eligible — not designated,30.6493976,-88.0924793,"Rev. Proc. 2026-14 appendix Non-rural (eligible, not entirely rural)"
Mobile,Alabama,Mobile,01097002600,Mobile County urban-eligible tract,N,Eligible — not designated,30.7072904,-88.1107347,"Rev. Proc. 2026-14 appendix Non-rural (eligible, not entirely rural)"
Mobile,Alabama,Mobile,01097002700,Mobile County urban-eligible tract,N,Eligible — not designated,30.6950402,-88.1140994,"Rev. Proc. 2026-14 appendix Non-rural (eligible, not entirely rural)"
Mobile,Alabama,Mobile,01097002900,Mobile County urban-eligible tract,N,Eligible — not designated,30.6665769,-88.1167674,"Rev. Proc. 2026-14 appendix Non-rural (eligible, not entirely rural)"
Mobile,Alabama,Mobile,01097003202,Mobile County urban-eligible tract,N,Eligible — not designated,30.6555597,-88.1530543,"Rev. Proc. 2026-14 appendix Non-rural (eligible, not entirely rural)"
Mobile,Alabama,Mobile,01097003205,Mobile County urban-eligible tract,N,Eligible — not designated,30.6610364,-88.1416111,"Rev. Proc. 2026-14 appendix Non-rural (eligible, not entirely rural)"
Mobile,Alabama,Mobile,01097003207,Mobile County urban-eligible tract,N,Eligible — not designated,30.6668287,-88.1360564,"Rev. Proc. 2026-14 appendix Non-rural (eligible, not entirely rural)"
Mobile,Alabama,Mobile,01097003404,Mobile County urban-eligible tract,N,Eligible — not designated,30.7156643,-88.1988156,"Rev. Proc. 2026-14 appendix Non-rural (eligible, not entirely rural)"
Mobile,Alabama,Mobile,01097003405,Mobile County urban-eligible tract,N,Eligible — not designated,30.714254,-88.1825247,"Rev. Proc. 2026-14 appendix Non-rural (eligible, not entirely rural)"
Mobile,Alabama,Mobile,01097003406,Mobile County urban-eligible tract,N,Eligible — not designated,30.7140324,-88.1460237,"Rev. Proc. 2026-14 appendix Non-rural (eligible, not entirely rural)"
Mobile,Alabama,Mobile,01097003602,Mobile County urban-eligible tract,N,Eligible — not designated,30.6991449,-88.1997383,"Rev. Proc. 2026-14 appendix Non-rural (eligible, not entirely rural)"
Mobile,Alabama,Mobile,01097003606,Mobile County urban-eligible tract,N,Eligible — not designated,30.6827769,-88.1806272,"Rev. Proc. 2026-14 appendix Non-rural (eligible, not entirely rural)"
Mobile,Alabama,Mobile,01097003608,Mobile County urban-eligible tract,N,Eligible — not designated,30.7052503,-88.1835895,"Rev. Proc. 2026-14 appendix Non-rural (eligible, not entirely rural)"
Mobile,Alabama,Mobile,01097003703,Mobile County urban-eligible tract,N,Eligible — not designated,30.6720272,-88.2027514,"Rev. Proc. 2026-14 appendix Non-rural (eligible, not entirely rural)"
Mobile,Alabama,Mobile,01097003901,Mobile County urban-eligible tract,N,Eligible — not designated,30.728905,-88.1118223,"Rev. Proc. 2026-14 appendix Non-rural (eligible, not entirely rural)"
Mobile,Alabama,Mobile,01097003902,Mobile County urban-eligible tract,N,Eligible — not designated,30.7214885,-88.1042822,"Rev. Proc. 2026-14 appendix Non-rural (eligible, not entirely rural)"
Mobile,Alabama,Mobile,01097004000,Mobile County urban-eligible tract,N,Eligible — not designated,30.7402636,-88.0984802,"Rev. Proc. 2026-14 appendix Non-rural (eligible, not entirely rural)"
Mobile,Alabama,Mobile,01097004100,Mobile County urban-eligible tract,N,Eligible — not designated,30.731593,-88.0933537,"Rev. Proc. 2026-14 appendix Non-rural (eligible, not entirely rural)"
Mobile,Alabama,Mobile,01097004800,Mobile County urban-eligible tract,N,Eligible — not designated,30.7508544,-88.0882041,"Rev. Proc. 2026-14 appendix Non-rural (eligible, not entirely rural)"
Mobile,Alabama,Mobile,01097004900,Mobile County urban-eligible tract,N,Eligible — not designated,30.7503663,-88.1166709,"Rev. Proc. 2026-14 appendix Non-rural (eligible, not entirely rural)"
Mobile,Alabama,Mobile,01097005000,Mobile County urban-eligible tract,N,Eligible — not designated,30.7606154,-88.1009585,"Rev. Proc. 2026-14 appendix Non-rural (eligible, not entirely rural)"
Mobile,Alabama,Mobile,01097005100,Mobile County urban-eligible tract,N,Eligible — not designated,30.761891,-88.0886273,"Rev. Proc. 2026-14 appendix Non-rural (eligible, not entirely rural)"
Mobile,Alabama,Mobile,01097005200,Mobile County urban-eligible tract,N,Eligible — not designated,30.7636071,-88.0780859,"Rev. Proc. 2026-14 appendix Non-rural (eligible, not entirely rural)"
Mobile,Alabama,Mobile,01097005300,Mobile County urban-eligible tract,N,Eligible — not designated,30.7789148,-88.079762,"Rev. Proc. 2026-14 appendix Non-rural (eligible, not entirely rural)"
Mobile,Alabama,Mobile,01097005900,Mobile County rural-eligible tract,Y,Eligible — not designated,31.0071217,-88.266293,Rev. Proc. 2026-14 appendix Rural (entirely rural)
Mobile,Alabama,Mobile,01097006000,Mobile County rural-eligible tract,Y,Eligible — not designated,31.078491,-88.2574764,Rev. Proc. 2026-14 appendix Rural (entirely rural)
Mobile,Alabama,Mobile,01097006103,Mobile County urban-eligible tract,N,Eligible — not designated,30.771757,-88.1493275,"Rev. Proc. 2026-14 appendix Non-rural (eligible, not entirely rural)"
Mobile,Alabama,Mobile,01097006307,Mobile County urban-eligible tract,N,Eligible — not designated,30.7703763,-88.2455804,"Rev. Proc. 2026-14 appendix Non-rural (eligible, not entirely rural)"
Mobile,Alabama,Mobile,01097006902,Mobile County urban-eligible tract,N,Eligible — not designated,30.5844903,-88.1880238,"Rev. Proc. 2026-14 appendix Non-rural (eligible, not entirely rural)"
Mobile,Alabama,Mobile,01097006903,Mobile County urban-eligible tract,N,Eligible — not designated,30.5779206,-88.2212389,"Rev. Proc. 2026-14 appendix Non-rural (eligible, not entirely rural)"
Mobile,Alabama,Mobile,01097007102,Mobile County urban-eligible tract,N,Eligible — not designated,30.5239101,-88.1558898,"Rev. Proc. 2026-14 appendix Non-rural (eligible, not entirely rural)"
Mobile,Alabama,Mobile,01097007300,Mobile County rural-eligible tract,Y,Eligible — not designated,30.3943596,-88.2296716,Rev. Proc. 2026-14 appendix Rural (entirely rural)
Mobile,Alabama,Mobile,01097007400,Mobile County urban-eligible tract,N,Eligible — not designated,30.6301964,-88.0699426,"Rev. Proc. 2026-14 appendix Non-rural (eligible, not entirely rural)"
Mobile,Alabama,Mobile,01097007500,Mobile County urban-eligible tract,N,Eligible — not designated,30.7432183,-88.0817916,"Rev. Proc. 2026-14 appendix Non-rural (eligible, not entirely rural)"
Mobile,Alabama,Mobile,01097007600,Mobile County urban-eligible tract,N,Eligible — not designated,30.740477,-88.0726838,"Rev. Proc. 2026-14 appendix Non-rural (eligible, not entirely rural)"
Mobile,Alabama,Mobile,01097007700,Mobile County urban-eligible tract,N,Eligible — not designated,30.7298424,-88.0840384,"Rev. Proc. 2026-14 appendix Non-rural (eligible, not entirely rural)"
Mobile,Alabama,Washington,01129044200,Washington County rural-eligible tract,Y,Eligible — not designated,31.2291633,-88.0724342,Rev. Proc. 2026-14 appendix Rural (entirely rural); county on outer/uncertain edge of ~90-min shed
Mobile,Mississippi,George,28039950200,George County rural-eligible tract,Y,Eligible — not designated,30.9215609,-88.5978963,Rev. Proc. 2026-14 appendix Rural (entirely rural); county on outer/uncertain edge of ~90-min shed
Huntsville,Alabama,Cullman,01043965001,Cullman County rural-eligible tract,Y,Eligible — not designated,34.1512763,-86.8186837,Rev. Proc. 2026-14 appendix Rural (entirely rural); county on outer/uncertain edge of ~90-min shed
Huntsville,Alabama,Cullman,01043965002,Cullman County rural-eligible tract,Y,Eligible — not designated,34.1529371,-86.8508981,Rev. Proc. 2026-14 appendix Rural (entirely rural); county on outer/uncertain edge of ~90-min shed
Huntsville,Alabama,Cullman,01043965300,Cullman County rural-eligible tract,Y,Eligible — not designated,34.1560361,-86.6369887,Rev. Proc. 2026-14 appendix Rural (entirely rural); county on outer/uncertain edge of ~90-min shed
Huntsville,Alabama,Cullman,01043965401,Cullman County rural-eligible tract,Y,Eligible — not designated,34.0726451,-86.8090852,Rev. Proc. 2026-14 appendix Rural (entirely rural); county on outer/uncertain edge of ~90-min shed
Huntsville,Alabama,Jackson,01071950101,Jackson County rural-eligible tract,Y,Eligible — not designated,34.9259619,-85.646384,Rev. Proc. 2026-14 appendix Rural (entirely rural); county on outer/uncertain edge of ~90-min shed
Huntsville,Alabama,Jackson,01071950200,Jackson County rural-eligible tract,Y,Eligible — not designated,34.9652857,-85.7774477,Rev. Proc. 2026-14 appendix Rural (entirely rural); county on outer/uncertain edge of ~90-min shed
Huntsville,Alabama,Jackson,01071950302,Jackson County rural-eligible tract,Y,Eligible — not designated,34.8694852,-85.8223876,Rev. Proc. 2026-14 appendix Rural (entirely rural); county on outer/uncertain edge of ~90-min shed
Huntsville,Alabama,Jackson,01071950400,Jackson County rural-eligible tract,Y,Eligible — not designated,34.8787834,-86.2279366,Rev. Proc. 2026-14 appendix Rural (entirely rural); county on outer/uncertain edge of ~90-min shed
Huntsville,Alabama,Jackson,01071950602,Jackson County rural-eligible tract,Y,Eligible — not designated,34.7164046,-86.0075965,Rev. Proc. 2026-14 appendix Rural (entirely rural); county on outer/uncertain edge of ~90-min shed
Huntsville,Alabama,Jackson,01071950700,Jackson County rural-eligible tract,Y,Eligible — not designated,34.6054606,-86.1376597,Rev. Proc. 2026-14 appendix Rural (entirely rural); county on outer/uncertain edge of ~90-min shed
Huntsville,Alabama,Jackson,01071950800,Jackson County rural-eligible tract,Y,Eligible — not designated,34.6633842,-86.0358546,Rev. Proc. 2026-14 appendix Rural (entirely rural); county on outer/uncertain edge of ~90-min shed
Huntsville,Alabama,Limestone,01083020104,Limestone County rural-eligible tract,Y,Eligible — not designated,34.9313803,-86.8394339,Rev. Proc. 2026-14 appendix Rural (entirely rural)
Huntsville,Alabama,Limestone,01083020201,Limestone County rural-eligible tract,Y,Eligible — not designated,34.8537218,-86.9901123,Rev. Proc. 2026-14 appendix Rural (entirely rural)
Huntsville,Alabama,Limestone,01083020300,Limestone County rural-eligible tract,Y,Eligible — not designated,34.9219676,-87.1401326,Rev. Proc. 2026-14 appendix Rural (entirely rural)
Huntsville,Alabama,Limestone,01083020402,Limestone County rural-eligible tract,Y,Eligible — not designated,34.8001139,-87.05062,Rev. Proc. 2026-14 appendix Rural (entirely rural)
Huntsville,Alabama,Limestone,01083020403,Limestone County rural-eligible tract,Y,Eligible — not designated,34.8329566,-87.111296,Rev. Proc. 2026-14 appendix Rural (entirely rural)
Huntsville,Alabama,Limestone,01083020500,Limestone County rural-eligible tract,Y,Eligible — not designated,34.8025454,-86.9899897,Rev. Proc. 2026-14 appendix Rural (entirely rural)
Huntsville,Alabama,Limestone,01083020700,Limestone County rural-eligible tract,Y,Eligible — not designated,34.8205875,-86.9517709,Rev. Proc. 2026-14 appendix Rural (entirely rural)
Huntsville,Alabama,Limestone,01083021000,Limestone County rural-eligible tract,Y,Eligible — not designated,34.78077,-86.9796351,Rev. Proc. 2026-14 appendix Rural (entirely rural)
Huntsville,Alabama,Madison,01089000203,Madison County urban-eligible tract,N,Eligible — not designated,34.7764853,-86.5575438,"Rev. Proc. 2026-14 appendix Non-rural (eligible, not entirely rural)"
Huntsville,Alabama,Madison,01089000301,Madison County urban-eligible tract,N,Eligible — not designated,34.7832877,-86.5893471,"Rev. Proc. 2026-14 appendix Non-rural (eligible, not entirely rural)"
Huntsville,Alabama,Madison,01089000302,Madison County urban-eligible tract,N,Eligible — not designated,34.7823279,-86.607736,"Rev. Proc. 2026-14 appendix Non-rural (eligible, not entirely rural)"
Huntsville,Alabama,Madison,01089000403,Madison County urban-eligible tract,N,Eligible — not designated,34.8052817,-86.6207551,"Rev. Proc. 2026-14 appendix Non-rural (eligible, not entirely rural)"
Huntsville,Alabama,Madison,01089000501,Madison County urban-eligible tract,N,Eligible — not designated,34.775224,-86.6353458,"Rev. Proc. 2026-14 appendix Non-rural (eligible, not entirely rural)"
Huntsville,Alabama,Madison,01089000502,Madison County urban-eligible tract,N,Eligible — not designated,34.7679304,-86.6346783,"Rev. Proc. 2026-14 appendix Non-rural (eligible, not entirely rural)"
Huntsville,Alabama,Madison,01089000503,Madison County urban-eligible tract,N,Eligible — not designated,34.7628784,-86.628492,"Rev. Proc. 2026-14 appendix Non-rural (eligible, not entirely rural)"
Huntsville,Alabama,Madison,01089000601,Madison County urban-eligible tract,N,Eligible — not designated,34.7538634,-86.6345028,"Rev. Proc. 2026-14 appendix Non-rural (eligible, not entirely rural)"
Huntsville,Alabama,Madison,01089000701,Madison County urban-eligible tract,N,Eligible — not designated,34.7672352,-86.6021901,"Rev. Proc. 2026-14 appendix Non-rural (eligible, not entirely rural)"
Huntsville,Alabama,Madison,01089001200,Madison County urban-eligible tract,N,Eligible — not designated,34.7332961,-86.6065569,"Rev. Proc. 2026-14 appendix Non-rural (eligible, not entirely rural)"
Huntsville,Alabama,Madison,01089001301,Madison County urban-eligible tract,N,Eligible — not designated,34.7415915,-86.6376776,"Rev. Proc. 2026-14 appendix Non-rural (eligible, not entirely rural)"
Huntsville,Alabama,Madison,01089001302,Madison County urban-eligible tract,N,Eligible — not designated,34.741946,-86.6199325,"Rev. Proc. 2026-14 appendix Non-rural (eligible, not entirely rural)"
Huntsville,Alabama,Madison,01089001403,Madison County urban-eligible tract,N,Eligible — not designated,34.7224925,-86.6896731,"Rev. Proc. 2026-14 appendix Non-rural (eligible, not entirely rural)"
Huntsville,Alabama,Madison,01089001500,Madison County urban-eligible tract,N,Eligible — not designated,34.7278559,-86.6288587,"Rev. Proc. 2026-14 appendix Non-rural (eligible, not entirely rural)"
Huntsville,Alabama,Madison,01089002100,Madison County urban-eligible tract,N,Eligible — not designated,34.7175673,-86.6067012,"Rev. Proc. 2026-14 appendix Non-rural (eligible, not entirely rural)"
Huntsville,Alabama,Madison,01089002200,Madison County urban-eligible tract,N,Eligible — not designated,34.7165386,-86.6299005,"Rev. Proc. 2026-14 appendix Non-rural (eligible, not entirely rural)"
Huntsville,Alabama,Madison,01089002300,Madison County urban-eligible tract,N,Eligible — not designated,34.7055173,-86.6182384,"Rev. Proc. 2026-14 appendix Non-rural (eligible, not entirely rural)"
Huntsville,Alabama,Madison,01089002400,Madison County urban-eligible tract,N,Eligible — not designated,34.687578,-86.6143776,"Rev. Proc. 2026-14 appendix Non-rural (eligible, not entirely rural)"
Huntsville,Alabama,Madison,01089002501,Madison County urban-eligible tract,N,Eligible — not designated,34.6973746,-86.5940486,"Rev. Proc. 2026-14 appendix Non-rural (eligible, not entirely rural)"
Huntsville,Alabama,Madison,01089002502,Madison County urban-eligible tract,N,Eligible — not designated,34.6781595,-86.5938685,"Rev. Proc. 2026-14 appendix Non-rural (eligible, not entirely rural)"
Huntsville,Alabama,Madison,01089003000,Madison County urban-eligible tract,N,Eligible — not designated,34.7526124,-86.5873787,"Rev. Proc. 2026-14 appendix Non-rural (eligible, not entirely rural)"
Huntsville,Alabama,Madison,01089010303,Madison County rural-eligible tract,Y,Eligible — not designated,34.9688463,-86.6049477,Rev. Proc. 2026-14 appendix Rural (entirely rural)
Huntsville,Alabama,Madison,01089010403,Madison County rural-eligible tract,Y,Eligible — not designated,34.9264172,-86.6681429,Rev. Proc. 2026-14 appendix Rural (entirely rural)
Huntsville,Alabama,Madison,01089010404,Madison County rural-eligible tract,Y,Eligible — not designated,34.9744668,-86.7068011,Rev. Proc. 2026-14 appendix Rural (entirely rural)
Huntsville,Alabama,Madison,01089010625,Madison County urban-eligible tract,N,Eligible — not designated,34.7478672,-86.6579479,"Rev. Proc. 2026-14 appendix Non-rural (eligible, not entirely rural)"
Huntsville,Alabama,Madison,01089010626,Madison County urban-eligible tract,N,Eligible — not designated,34.7694897,-86.6690418,"Rev. Proc. 2026-14 appendix Non-rural (eligible, not entirely rural)"
Huntsville,Alabama,Marshall,01095030602,Marshall County rural-eligible tract,Y,Eligible — not designated,34.2765694,-86.402295,Rev. Proc. 2026-14 appendix Rural (entirely rural)
Huntsville,Alabama,Marshall,01095030701,Marshall County rural-eligible tract,Y,Eligible — not designated,34.3111094,-86.2759215,Rev. Proc. 2026-14 appendix Rural (entirely rural)
Huntsville,Alabama,Marshall,01095030803,Marshall County rural-eligible tract,Y,Eligible — not designated,34.2805313,-86.137242,Rev. Proc. 2026-14 appendix Rural (entirely rural)
Huntsville,Alabama,Marshall,01095030804,Marshall County rural-eligible tract,Y,Eligible — not designated,34.2481205,-86.1737824,Rev. Proc. 2026-14 appendix Rural (entirely rural)
Huntsville,Alabama,Marshall,01095031002,Marshall County rural-eligible tract,Y,Eligible — not designated,34.2218616,-86.345353,Rev. Proc. 2026-14 appendix Rural (entirely rural)
Huntsville,Alabama,Marshall,01095031100,Marshall County rural-eligible tract,Y,Eligible — not designated,34.1846602,-86.2118473,Rev. Proc. 2026-14 appendix Rural (entirely rural)
Huntsville,Alabama,Morgan,01103000100,Morgan County urban-eligible tract,N,Eligible — not designated,34.597554,-86.9613222,"Rev. Proc. 2026-14 appendix Non-rural (eligible, not entirely rural)"
Huntsville,Alabama,Morgan,01103000600,Morgan County urban-eligible tract,N,Eligible — not designated,34.6093151,-87.0204703,"Rev. Proc. 2026-14 appendix Non-rural (eligible, not entirely rural)"
Huntsville,Alabama,Morgan,01103000700,Morgan County urban-eligible tract,N,Eligible — not designated,34.5982281,-87.0103875,"Rev. Proc. 2026-14 appendix Non-rural (eligible, not entirely rural)"
Huntsville,Alabama,Morgan,01103000900,Morgan County urban-eligible tract,N,Eligible — not designated,34.5686315,-86.9965916,"Rev. Proc. 2026-14 appendix Non-rural (eligible, not entirely rural)"
Huntsville,Alabama,Morgan,01103005202,Morgan County rural-eligible tract,Y,Eligible — not designated,34.4687917,-87.0391013,Rev. Proc. 2026-14 appendix Rural (entirely rural)
Huntsville,Alabama,Morgan,01103005405,Morgan County rural-eligible tract,Y,Eligible — not designated,34.4805794,-86.7691975,Rev. Proc. 2026-14 appendix Rural (entirely rural)
Huntsville,Alabama,Morgan,01103005602,Morgan County rural-eligible tract,Y,Eligible — not designated,34.3323558,-86.7836287,Rev. Proc. 2026-14 appendix Rural (entirely rural)
Savannah,Georgia,Bulloch,13031110401,Bulloch County rural-eligible tract,Y,Eligible — not designated,32.429553,-81.802825,Rev. Proc. 2026-14 appendix Rural (entirely rural); county on outer/uncertain edge of ~90-min shed
Savannah,Georgia,Bulloch,13031110405,Bulloch County rural-eligible tract,Y,Eligible — not designated,32.4094165,-81.7720789,Rev. Proc. 2026-14 appendix Rural (entirely rural); county on outer/uncertain edge of ~90-min shed
Savannah,Georgia,Bulloch,13031110406,Bulloch County rural-eligible tract,Y,Eligible — not designated,32.4001575,-81.7700123,Rev. Proc. 2026-14 appendix Rural (entirely rural); county on outer/uncertain edge of ~90-min shed
Savannah,Georgia,Bulloch,13031110407,Bulloch County rural-eligible tract,Y,Eligible — not designated,32.4246902,-81.7845483,Rev. Proc. 2026-14 appendix Rural (entirely rural); county on outer/uncertain edge of ~90-min shed
Savannah,Georgia,Bulloch,13031110408,Bulloch County rural-eligible tract,Y,Eligible — not designated,32.4076849,-81.7869536,Rev. Proc. 2026-14 appendix Rural (entirely rural); county on outer/uncertain edge of ~90-min shed
Savannah,Georgia,Bulloch,13031110500,Bulloch County rural-eligible tract,Y,Eligible — not designated,32.4269675,-81.7675809,Rev. Proc. 2026-14 appendix Rural (entirely rural); county on outer/uncertain edge of ~90-min shed
Savannah,Georgia,Bulloch,13031110602,Bulloch County rural-eligible tract,Y,Eligible — not designated,32.4968689,-81.6486527,Rev. Proc. 2026-14 appendix Rural (entirely rural); county on outer/uncertain edge of ~90-min shed
Savannah,Georgia,Bulloch,13031110604,Bulloch County rural-eligible tract,Y,Eligible — not designated,32.4519685,-81.6580472,Rev. Proc. 2026-14 appendix Rural (entirely rural); county on outer/uncertain edge of ~90-min shed
Savannah,Georgia,Bulloch,13031110701,Bulloch County rural-eligible tract,Y,Eligible — not designated,32.329838,-81.7237173,Rev. Proc. 2026-14 appendix Rural (entirely rural); county on outer/uncertain edge of ~90-min shed
Savannah,Georgia,Bulloch,13031110703,Bulloch County rural-eligible tract,Y,Eligible — not designated,32.3889659,-81.601511,Rev. Proc. 2026-14 appendix Rural (entirely rural); county on outer/uncertain edge of ~90-min shed
Savannah,Georgia,Bulloch,13031110800,Bulloch County rural-eligible tract,Y,Eligible — not designated,32.3232081,-81.8698984,Rev. Proc. 2026-14 appendix Rural (entirely rural); county on outer/uncertain edge of ~90-min shed
Savannah,Georgia,Bulloch,13031110902,Bulloch County rural-eligible tract,Y,Eligible — not designated,32.3044417,-81.5452841,Rev. Proc. 2026-14 appendix Rural (entirely rural); county on outer/uncertain edge of ~90-min shed
Savannah,Georgia,Chatham,13051000601,Chatham County urban-eligible tract,N,Eligible — not designated,32.0796728,-81.1166491,"Rev. Proc. 2026-14 appendix Non-rural (eligible, not entirely rural)"
Savannah,Georgia,Chatham,13051001100,Chatham County urban-eligible tract,N,Eligible — not designated,32.0673353,-81.0809976,"Rev. Proc. 2026-14 appendix Non-rural (eligible, not entirely rural)"
Savannah,Georgia,Chatham,13051001200,Chatham County urban-eligible tract,N,Eligible — not designated,32.065001,-81.108689,"Rev. Proc. 2026-14 appendix Non-rural (eligible, not entirely rural)"
Savannah,Georgia,Chatham,13051002000,Chatham County urban-eligible tract,N,Eligible — not designated,32.0607071,-81.0889828,"Rev. Proc. 2026-14 appendix Non-rural (eligible, not entirely rural)"
Savannah,Georgia,Chatham,13051002200,Chatham County urban-eligible tract,N,Eligible — not designated,32.052376,-81.0707688,"Rev. Proc. 2026-14 appendix Non-rural (eligible, not entirely rural)"
Savannah,Georgia,Chatham,13051002300,Chatham County urban-eligible tract,N,Eligible — not designated,32.0577219,-81.1112234,"Rev. Proc. 2026-14 appendix Non-rural (eligible, not entirely rural)"
Savannah,Georgia,Chatham,13051002600,Chatham County urban-eligible tract,N,Eligible — not designated,32.054159,-81.0931284,"Rev. Proc. 2026-14 appendix Non-rural (eligible, not entirely rural)"
Savannah,Georgia,Chatham,13051002700,Chatham County urban-eligible tract,N,Eligible — not designated,32.0518472,-81.0843019,"Rev. Proc. 2026-14 appendix Non-rural (eligible, not entirely rural)"
Savannah,Georgia,Chatham,13051002800,Chatham County urban-eligible tract,N,Eligible — not designated,32.049231,-81.1092499,"Rev. Proc. 2026-14 appendix Non-rural (eligible, not entirely rural)"
Savannah,Georgia,Chatham,13051003301,Chatham County urban-eligible tract,N,Eligible — not designated,32.0724559,-81.1244804,"Rev. Proc. 2026-14 appendix Non-rural (eligible, not entirely rural)"
Savannah,Georgia,Chatham,13051003302,Chatham County urban-eligible tract,N,Eligible — not designated,32.065107,-81.1270475,"Rev. Proc. 2026-14 appendix Non-rural (eligible, not entirely rural)"
Savannah,Georgia,Chatham,13051003501,Chatham County urban-eligible tract,N,Eligible — not designated,32.0347682,-81.0841313,"Rev. Proc. 2026-14 appendix Non-rural (eligible, not entirely rural)"
Savannah,Georgia,Chatham,13051003601,Chatham County urban-eligible tract,N,Eligible — not designated,32.0619461,-81.0482825,"Rev. Proc. 2026-14 appendix Non-rural (eligible, not entirely rural)"
Savannah,Georgia,Chatham,13051003602,Chatham County urban-eligible tract,N,Eligible — not designated,32.0485293,-81.0567866,"Rev. Proc. 2026-14 appendix Non-rural (eligible, not entirely rural)"
Savannah,Georgia,Chatham,13051003700,Chatham County urban-eligible tract,N,Eligible — not designated,32.0655737,-81.0660527,"Rev. Proc. 2026-14 appendix Non-rural (eligible, not entirely rural)"
Savannah,Georgia,Chatham,13051003900,Chatham County urban-eligible tract,N,Eligible — not designated,32.0106917,-81.0780492,"Rev. Proc. 2026-14 appendix Non-rural (eligible, not entirely rural)"
Savannah,Georgia,Chatham,13051004002,Chatham County urban-eligible tract,N,Eligible — not designated,32.0006956,-81.1000011,"Rev. Proc. 2026-14 appendix Non-rural (eligible, not entirely rural)"
Savannah,Georgia,Chatham,13051004208,Chatham County urban-eligible tract,N,Eligible — not designated,31.9853784,-81.1427674,"Rev. Proc. 2026-14 appendix Non-rural (eligible, not entirely rural)"
Savannah,Georgia,Chatham,13051004210,Chatham County urban-eligible tract,N,Eligible — not designated,31.991237,-81.1173083,"Rev. Proc. 2026-14 appendix Non-rural (eligible, not entirely rural)"
Savannah,Georgia,Chatham,13051004300,Chatham County urban-eligible tract,N,Eligible — not designated,32.0155607,-81.14483,"Rev. Proc. 2026-14 appendix Non-rural (eligible, not entirely rural)"
Savannah,Georgia,Chatham,13051004400,Chatham County urban-eligible tract,N,Eligible — not designated,32.0384907,-81.1205614,"Rev. Proc. 2026-14 appendix Non-rural (eligible, not entirely rural)"
Savannah,Georgia,Chatham,13051004500,Chatham County urban-eligible tract,N,Eligible — not designated,32.0490295,-81.1314223,"Rev. Proc. 2026-14 appendix Non-rural (eligible, not entirely rural)"
Savannah,Georgia,Chatham,13051010102,Chatham County urban-eligible tract,N,Eligible — not designated,32.023324,-81.051857,"Rev. Proc. 2026-14 appendix Non-rural (eligible, not entirely rural)"
Savannah,Georgia,Chatham,13051010502,Chatham County urban-eligible tract,N,Eligible — not designated,32.0289953,-81.1670949,"Rev. Proc. 2026-14 appendix Non-rural (eligible, not entirely rural)"
Savannah,Georgia,Chatham,13051010503,Chatham County urban-eligible tract,N,Eligible — not designated,32.05556,-81.1874687,"Rev. Proc. 2026-14 appendix Non-rural (eligible, not entirely rural)"
Savannah,Georgia,Chatham,13051010504,Chatham County urban-eligible tract,N,Eligible — not designated,32.074917,-81.1688935,"Rev. Proc. 2026-14 appendix Non-rural (eligible, not entirely rural)"
Savannah,Georgia,Chatham,13051010601,Chatham County urban-eligible tract,N,Eligible — not designated,32.1081266,-81.1538823,"Rev. Proc. 2026-14 appendix Non-rural (eligible, not entirely rural)"
Savannah,Georgia,Chatham,13051010818,Chatham County urban-eligible tract,N,Eligible — not designated,32.0458197,-81.3325471,"Rev. Proc. 2026-14 appendix Non-rural (eligible, not entirely rural)"
Savannah,Georgia,Chatham,13051010901,Chatham County urban-eligible tract,N,Eligible — not designated,31.9644699,-81.178171,"Rev. Proc. 2026-14 appendix Non-rural (eligible, not entirely rural)"
Savannah,Georgia,Chatham,13051011300,Chatham County urban-eligible tract,N,Eligible — not designated,32.0622457,-81.0982166,"Rev. Proc. 2026-14 appendix Non-rural (eligible, not entirely rural)"
Savannah,Georgia,Chatham,13051011600,Chatham County urban-eligible tract,N,Eligible — not designated,32.0902725,-81.1332105,"Rev. Proc. 2026-14 appendix Non-rural (eligible, not entirely rural)"
Savannah,Georgia,Chatham,13051011700,Chatham County urban-eligible tract,N,Eligible — not designated,32.0800675,-81.0967829,"Rev. Proc. 2026-14 appendix Non-rural (eligible, not entirely rural)"
Savannah,Georgia,Chatham,13051011800,Chatham County urban-eligible tract,N,Eligible — not designated,32.0828593,-81.0540407,"Rev. Proc. 2026-14 appendix Non-rural (eligible, not entirely rural)"
Savannah,Georgia,Liberty,13179010101,Liberty County rural-eligible tract,Y,Eligible — not designated,31.9400649,-81.5681577,Rev. Proc. 2026-14 appendix Rural (entirely rural)
Savannah,Georgia,Liberty,13179010301,Liberty County rural-eligible tract,Y,Eligible — not designated,31.8459196,-81.6024863,Rev. Proc. 2026-14 appendix Rural (entirely rural)
Savannah,Georgia,Liberty,13179010503,Liberty County rural-eligible tract,Y,Eligible — not designated,31.8249997,-81.4133457,Rev. Proc. 2026-14 appendix Rural (entirely rural)
Savannah,Georgia,Screven,13251970401,Screven County rural-eligible tract,Y,Eligible — not designated,32.6974676,-81.5945272,Rev. Proc. 2026-14 appendix Rural (entirely rural); county on outer/uncertain edge of ~90-min shed
Savannah,Georgia,Screven,13251970402,Screven County rural-eligible tract,Y,Eligible — not designated,32.7382808,-81.530206,Rev. Proc. 2026-14 appendix Rural (entirely rural); county on outer/uncertain edge of ~90-min shed
Savannah,Georgia,Screven,13251970600,Screven County rural-eligible tract,Y,Eligible — not designated,32.6687257,-81.7329238,Rev. Proc. 2026-14 appendix Rural (entirely rural); county on outer/uncertain edge of ~90-min shed
Savannah,South Carolina,Beaufort,45013000100,Beaufort County rural-eligible tract,Y,Eligible — not designated,32.5821594,-80.7263936,"Rev. Proc. 2026-14 appendix Rural (entirely rural); Eligible — not designated (SC Governor-filed Sep 10, 2026; nominated GEOID list not public); county on outer/uncertain edge of ~90-min shed"
Savannah,South Carolina,Beaufort,45013000200,Beaufort County rural-eligible tract,Y,Eligible — not designated,32.4980648,-80.7462368,"Rev. Proc. 2026-14 appendix Rural (entirely rural); Eligible — not designated (SC Governor-filed Sep 10, 2026; nominated GEOID list not public); county on outer/uncertain edge of ~90-min shed"
Savannah,South Carolina,Beaufort,45013000300,Beaufort County rural-eligible tract,Y,Eligible — not designated,32.4676898,-80.7840865,"Rev. Proc. 2026-14 appendix Rural (entirely rural); Eligible — not designated (SC Governor-filed Sep 10, 2026; nominated GEOID list not public); county on outer/uncertain edge of ~90-min shed"
Savannah,South Carolina,Beaufort,45013000400,Beaufort County rural-eligible tract,Y,Eligible — not designated,32.4742366,-80.7129348,"Rev. Proc. 2026-14 appendix Rural (entirely rural); Eligible — not designated (SC Governor-filed Sep 10, 2026; nominated GEOID list not public); county on outer/uncertain edge of ~90-min shed"
Savannah,South Carolina,Beaufort,45013000600,Beaufort County rural-eligible tract,Y,Eligible — not designated,32.4495163,-80.6874993,"Rev. Proc. 2026-14 appendix Rural (entirely rural); Eligible — not designated (SC Governor-filed Sep 10, 2026; nominated GEOID list not public); county on outer/uncertain edge of ~90-min shed"
Savannah,South Carolina,Beaufort,45013001000,Beaufort County rural-eligible tract,Y,Eligible — not designated,32.3175972,-80.6822133,"Rev. Proc. 2026-14 appendix Rural (entirely rural); Eligible — not designated (SC Governor-filed Sep 10, 2026; nominated GEOID list not public); county on outer/uncertain edge of ~90-min shed"
Savannah,South Carolina,Beaufort,45013001104,Beaufort County rural-eligible tract,Y,Eligible — not designated,32.3333934,-80.5881501,"Rev. Proc. 2026-14 appendix Rural (entirely rural); Eligible — not designated (SC Governor-filed Sep 10, 2026; nominated GEOID list not public); county on outer/uncertain edge of ~90-min shed"
Savannah,South Carolina,Beaufort,45013010800,Beaufort County rural-eligible tract,Y,Eligible — not designated,32.2397676,-80.6876677,"Rev. Proc. 2026-14 appendix Rural (entirely rural); Eligible — not designated (SC Governor-filed Sep 10, 2026; nominated GEOID list not public); county on outer/uncertain edge of ~90-min shed"
Savannah,South Carolina,Beaufort,45013011300,Beaufort County rural-eligible tract,Y,Eligible — not designated,32.1398723,-80.7612122,"Rev. Proc. 2026-14 appendix Rural (entirely rural); Eligible — not designated (SC Governor-filed Sep 10, 2026; nominated GEOID list not public); county on outer/uncertain edge of ~90-min shed"
Savannah,South Carolina,Jasper,45053950100,Jasper County rural-eligible tract,Y,Eligible — not designated,32.5531475,-81.0749103,"Rev. Proc. 2026-14 appendix Rural (entirely rural); Eligible — not designated (SC Governor-filed Sep 10, 2026; nominated GEOID list not public)"
Savannah,South Carolina,Jasper,45053950203,Jasper County rural-eligible tract,Y,Eligible — not designated,32.4995628,-80.9090304,"Rev. Proc. 2026-14 appendix Rural (entirely rural); Eligible — not designated (SC Governor-filed Sep 10, 2026; nominated GEOID list not public)"
Savannah,South Carolina,Jasper,45053950204,Jasper County rural-eligible tract,Y,Eligible — not designated,32.5814948,-80.9236903,"Rev. Proc. 2026-14 appendix Rural (entirely rural); Eligible — not designated (SC Governor-filed Sep 10, 2026; nominated GEOID list not public)"
Savannah,South Carolina,Jasper,45053950301,Jasper County rural-eligible tract,Y,Eligible — not designated,32.3448876,-81.0727752,"Rev. Proc. 2026-14 appendix Rural (entirely rural); Eligible — not designated (SC Governor-filed Sep 10, 2026; nominated GEOID list not public)"
Columbia,South Carolina,Fairfield,45039960401,Fairfield County rural-eligible tract,Y,Eligible — not designated,34.3704055,-81.0915293,"Rev. Proc. 2026-14 appendix Rural (entirely rural); Eligible — not designated (SC Governor-filed Sep 10, 2026; nominated GEOID list not public)"
Columbia,South Carolina,Fairfield,45039960402,Fairfield County rural-eligible tract,Y,Eligible — not designated,34.363947,-81.0445266,"Rev. Proc. 2026-14 appendix Rural (entirely rural); Eligible — not designated (SC Governor-filed Sep 10, 2026; nominated GEOID list not public)"
Columbia,South Carolina,Fairfield,45039960502,Fairfield County rural-eligible tract,Y,Eligible — not designated,34.2638222,-81.2003943,"Rev. Proc. 2026-14 appendix Rural (entirely rural); Eligible — not designated (SC Governor-filed Sep 10, 2026; nominated GEOID list not public)"
Columbia,South Carolina,Kershaw,45055970100,Kershaw County rural-eligible tract,Y,Eligible — not designated,34.410046,-80.3793525,"Rev. Proc. 2026-14 appendix Rural (entirely rural); Eligible — not designated (SC Governor-filed Sep 10, 2026; nominated GEOID list not public)"
Columbia,South Carolina,Kershaw,45055970200,Kershaw County rural-eligible tract,Y,Eligible — not designated,34.5100021,-80.4724066,"Rev. Proc. 2026-14 appendix Rural (entirely rural); Eligible — not designated (SC Governor-filed Sep 10, 2026; nominated GEOID list not public)"
Columbia,South Carolina,Kershaw,45055970700,Kershaw County rural-eligible tract,Y,Eligible — not designated,34.1634153,-80.5585023,"Rev. Proc. 2026-14 appendix Rural (entirely rural); Eligible — not designated (SC Governor-filed Sep 10, 2026; nominated GEOID list not public)"
Columbia,South Carolina,Kershaw,45055970902,Kershaw County rural-eligible tract,Y,Eligible — not designated,34.1171926,-80.6538749,"Rev. Proc. 2026-14 appendix Rural (entirely rural); Eligible — not designated (SC Governor-filed Sep 10, 2026; nominated GEOID list not public)"
Columbia,South Carolina,Lee,45061920201,Lee County rural-eligible tract,Y,Eligible — not designated,34.2780849,-80.3192623,"Rev. Proc. 2026-14 appendix Rural (entirely rural); Eligible — not designated (SC Governor-filed Sep 10, 2026; nominated GEOID list not public); county on outer/uncertain edge of ~90-min shed"
Columbia,South Carolina,Lee,45061920202,Lee County rural-eligible tract,Y,Eligible — not designated,34.2180714,-80.2941047,"Rev. Proc. 2026-14 appendix Rural (entirely rural); Eligible — not designated (SC Governor-filed Sep 10, 2026; nominated GEOID list not public); county on outer/uncertain edge of ~90-min shed"
Columbia,South Carolina,Lee,45061920302,Lee County rural-eligible tract,Y,Eligible — not designated,34.1505544,-80.2166106,"Rev. Proc. 2026-14 appendix Rural (entirely rural); Eligible — not designated (SC Governor-filed Sep 10, 2026; nominated GEOID list not public); county on outer/uncertain edge of ~90-min shed"
Columbia,South Carolina,Lee,45061920401,Lee County rural-eligible tract,Y,Eligible — not designated,34.1619964,-80.4029102,"Rev. Proc. 2026-14 appendix Rural (entirely rural); Eligible — not designated (SC Governor-filed Sep 10, 2026; nominated GEOID list not public); county on outer/uncertain edge of ~90-min shed"
Columbia,South Carolina,Lee,45061920600,Lee County rural-eligible tract,Y,Eligible — not designated,34.0347695,-80.1011033,"Rev. Proc. 2026-14 appendix Rural (entirely rural); Eligible — not designated (SC Governor-filed Sep 10, 2026; nominated GEOID list not public); county on outer/uncertain edge of ~90-min shed"
Columbia,South Carolina,Lexington,45063020100,Lexington County urban-eligible tract,N,Eligible — not designated,33.9504976,-81.0398065,"Rev. Proc. 2026-14 appendix Non-rural (eligible, not entirely rural); Eligible — not designated (SC Governor-filed Sep 10, 2026; nominated GEOID list not public)"
Columbia,South Carolina,Lexington,45063020300,Lexington County urban-eligible tract,N,Eligible — not designated,33.9896272,-81.0628508,"Rev. Proc. 2026-14 appendix Non-rural (eligible, not entirely rural); Eligible — not designated (SC Governor-filed Sep 10, 2026; nominated GEOID list not public)"
Columbia,South Carolina,Lexington,45063020510,Lexington County urban-eligible tract,N,Eligible — not designated,34.035707,-81.1257529,"Rev. Proc. 2026-14 appendix Non-rural (eligible, not entirely rural); Eligible — not designated (SC Governor-filed Sep 10, 2026; nominated GEOID list not public)"
Columbia,South Carolina,Lexington,45063020513,Lexington County urban-eligible tract,N,Eligible — not designated,33.9883564,-81.1255348,"Rev. Proc. 2026-14 appendix Non-rural (eligible, not entirely rural); Eligible — not designated (SC Governor-filed Sep 10, 2026; nominated GEOID list not public)"
Columbia,South Carolina,Lexington,45063020803,Lexington County rural-eligible tract,Y,Eligible — not designated,33.7271318,-81.1454574,"Rev. Proc. 2026-14 appendix Rural (entirely rural); Eligible — not designated (SC Governor-filed Sep 10, 2026; nominated GEOID list not public)"
Columbia,South Carolina,Lexington,45063020804,Lexington County rural-eligible tract,Y,Eligible — not designated,33.7958715,-81.1449322,"Rev. Proc. 2026-14 appendix Rural (entirely rural); Eligible — not designated (SC Governor-filed Sep 10, 2026; nominated GEOID list not public)"
Columbia,South Carolina,Lexington,45063020807,Lexington County rural-eligible tract,Y,Eligible — not designated,33.8522955,-81.1158187,"Rev. Proc. 2026-14 appendix Rural (entirely rural); Eligible — not designated (SC Governor-filed Sep 10, 2026; nominated GEOID list not public)"
Columbia,South Carolina,Lexington,45063020905,Lexington County rural-eligible tract,Y,Eligible — not designated,33.8336017,-81.1918645,"Rev. Proc. 2026-14 appendix Rural (entirely rural); Eligible — not designated (SC Governor-filed Sep 10, 2026; nominated GEOID list not public)"
Columbia,South Carolina,Lexington,45063020906,Lexington County rural-eligible tract,Y,Eligible — not designated,33.8384587,-81.2633019,"Rev. Proc. 2026-14 appendix Rural (entirely rural); Eligible — not designated (SC Governor-filed Sep 10, 2026; nominated GEOID list not public)"
Columbia,South Carolina,Lexington,45063020909,Lexington County urban-eligible tract,N,Eligible — not designated,33.8799291,-81.2415534,"Rev. Proc. 2026-14 appendix Non-rural (eligible, not entirely rural); Eligible — not designated (SC Governor-filed Sep 10, 2026; nominated GEOID list not public)"
Columbia,South Carolina,Lexington,45063020910,Lexington County rural-eligible tract,Y,Eligible — not designated,33.7996909,-81.2848241,"Rev. Proc. 2026-14 appendix Rural (entirely rural); Eligible — not designated (SC Governor-filed Sep 10, 2026; nominated GEOID list not public)"
Columbia,South Carolina,Lexington,45063021051,Lexington County urban-eligible tract,N,Eligible — not designated,33.9304316,-81.2266128,"Rev. Proc. 2026-14 appendix Non-rural (eligible, not entirely rural); Eligible — not designated (SC Governor-filed Sep 10, 2026; nominated GEOID list not public)"
Columbia,South Carolina,Lexington,45063021311,Lexington County rural-eligible tract,Y,Eligible — not designated,33.8517168,-81.3587331,"Rev. Proc. 2026-14 appendix Rural (entirely rural); Eligible — not designated (SC Governor-filed Sep 10, 2026; nominated GEOID list not public)"
Columbia,South Carolina,Lexington,45063021402,Lexington County rural-eligible tract,Y,Eligible — not designated,33.9067406,-81.537932,"Rev. Proc. 2026-14 appendix Rural (entirely rural); Eligible — not designated (SC Governor-filed Sep 10, 2026; nominated GEOID list not public)"
Columbia,South Carolina,Lexington,45063021403,Lexington County rural-eligible tract,Y,Eligible — not designated,33.8468602,-81.5057017,"Rev. Proc. 2026-14 appendix Rural (entirely rural); Eligible — not designated (SC Governor-filed Sep 10, 2026; nominated GEOID list not public)"
Columbia,South Carolina,Newberry,45071950201,Newberry County rural-eligible tract,Y,Eligible — not designated,34.3616604,-81.5619696,"Rev. Proc. 2026-14 appendix Rural (entirely rural); Eligible — not designated (SC Governor-filed Sep 10, 2026; nominated GEOID list not public); county on outer/uncertain edge of ~90-min shed"
Columbia,South Carolina,Newberry,45071950203,Newberry County rural-eligible tract,Y,Eligible — not designated,34.2627003,-81.598027,"Rev. Proc. 2026-14 appendix Rural (entirely rural); Eligible — not designated (SC Governor-filed Sep 10, 2026; nominated GEOID list not public); county on outer/uncertain edge of ~90-min shed"
Columbia,South Carolina,Newberry,45071950300,Newberry County rural-eligible tract,Y,Eligible — not designated,34.4418336,-81.6326682,"Rev. Proc. 2026-14 appendix Rural (entirely rural); Eligible — not designated (SC Governor-filed Sep 10, 2026; nominated GEOID list not public); county on outer/uncertain edge of ~90-min shed"
Columbia,South Carolina,Newberry,45071950502,Newberry County rural-eligible tract,Y,Eligible — not designated,34.3098563,-81.6453407,"Rev. Proc. 2026-14 appendix Rural (entirely rural); Eligible — not designated (SC Governor-filed Sep 10, 2026; nominated GEOID list not public); county on outer/uncertain edge of ~90-min shed"
Columbia,South Carolina,Orangeburg,45075010101,Orangeburg County rural-eligible tract,Y,Eligible — not designated,33.3583582,-80.2883688,"Rev. Proc. 2026-14 appendix Rural (entirely rural); Eligible — not designated (SC Governor-filed Sep 10, 2026; nominated GEOID list not public); county on outer/uncertain edge of ~90-min shed"
Columbia,South Carolina,Orangeburg,45075010102,Orangeburg County rural-eligible tract,Y,Eligible — not designated,33.3998403,-80.3723781,"Rev. Proc. 2026-14 appendix Rural (entirely rural); Eligible — not designated (SC Governor-filed Sep 10, 2026; nominated GEOID list not public); county on outer/uncertain edge of ~90-min shed"
Columbia,South Carolina,Orangeburg,45075010104,Orangeburg County rural-eligible tract,Y,Eligible — not designated,33.419879,-80.3618415,"Rev. Proc. 2026-14 appendix Rural (entirely rural); Eligible — not designated (SC Governor-filed Sep 10, 2026; nominated GEOID list not public); county on outer/uncertain edge of ~90-min shed"
Columbia,South Carolina,Orangeburg,45075010200,Orangeburg County rural-eligible tract,Y,Eligible — not designated,33.3204311,-80.3922399,"Rev. Proc. 2026-14 appendix Rural (entirely rural); Eligible — not designated (SC Governor-filed Sep 10, 2026; nominated GEOID list not public); county on outer/uncertain edge of ~90-min shed"
Columbia,South Carolina,Orangeburg,45075010302,Orangeburg County rural-eligible tract,Y,Eligible — not designated,33.4139472,-80.4264578,"Rev. Proc. 2026-14 appendix Rural (entirely rural); Eligible — not designated (SC Governor-filed Sep 10, 2026; nominated GEOID list not public); county on outer/uncertain edge of ~90-min shed"
Columbia,South Carolina,Orangeburg,45075010303,Orangeburg County rural-eligible tract,Y,Eligible — not designated,33.4494959,-80.4595828,"Rev. Proc. 2026-14 appendix Rural (entirely rural); Eligible — not designated (SC Governor-filed Sep 10, 2026; nominated GEOID list not public); county on outer/uncertain edge of ~90-min shed"
Columbia,South Carolina,Orangeburg,45075010400,Orangeburg County rural-eligible tract,Y,Eligible — not designated,33.4713405,-80.5743439,"Rev. Proc. 2026-14 appendix Rural (entirely rural); Eligible — not designated (SC Governor-filed Sep 10, 2026; nominated GEOID list not public); county on outer/uncertain edge of ~90-min shed"
Columbia,South Carolina,Orangeburg,45075010500,Orangeburg County rural-eligible tract,Y,Eligible — not designated,33.3425627,-80.6643583,"Rev. Proc. 2026-14 appendix Rural (entirely rural); Eligible — not designated (SC Governor-filed Sep 10, 2026; nominated GEOID list not public); county on outer/uncertain edge of ~90-min shed"
Columbia,South Carolina,Orangeburg,45075010602,Orangeburg County rural-eligible tract,Y,Eligible — not designated,33.440475,-80.8345279,"Rev. Proc. 2026-14 appendix Rural (entirely rural); Eligible — not designated (SC Governor-filed Sep 10, 2026; nominated GEOID list not public); county on outer/uncertain edge of ~90-min shed"
Columbia,South Carolina,Orangeburg,45075010604,Orangeburg County rural-eligible tract,Y,Eligible — not designated,33.4791346,-80.8407075,"Rev. Proc. 2026-14 appendix Rural (entirely rural); Eligible — not designated (SC Governor-filed Sep 10, 2026; nominated GEOID list not public); county on outer/uncertain edge of ~90-min shed"
Columbia,South Carolina,Orangeburg,45075010700,Orangeburg County rural-eligible tract,Y,Eligible — not designated,33.4951109,-80.7397468,"Rev. Proc. 2026-14 appendix Rural (entirely rural); Eligible — not designated (SC Governor-filed Sep 10, 2026; nominated GEOID list not public); county on outer/uncertain edge of ~90-min shed"
Columbia,South Carolina,Orangeburg,45075010801,Orangeburg County rural-eligible tract,Y,Eligible — not designated,33.5052762,-80.8390966,"Rev. Proc. 2026-14 appendix Rural (entirely rural); Eligible — not designated (SC Governor-filed Sep 10, 2026; nominated GEOID list not public); county on outer/uncertain edge of ~90-min shed"
Columbia,South Carolina,Orangeburg,45075011000,Orangeburg County rural-eligible tract,Y,Eligible — not designated,33.5254269,-80.8599676,"Rev. Proc. 2026-14 appendix Rural (entirely rural); Eligible — not designated (SC Governor-filed Sep 10, 2026; nominated GEOID list not public); county on outer/uncertain edge of ~90-min shed"
Columbia,South Carolina,Orangeburg,45075011100,Orangeburg County rural-eligible tract,Y,Eligible — not designated,33.5450483,-80.8457594,"Rev. Proc. 2026-14 appendix Rural (entirely rural); Eligible — not designated (SC Governor-filed Sep 10, 2026; nominated GEOID list not public); county on outer/uncertain edge of ~90-min shed"
Columbia,South Carolina,Orangeburg,45075011300,Orangeburg County rural-eligible tract,Y,Eligible — not designated,33.4824838,-80.8596607,"Rev. Proc. 2026-14 appendix Rural (entirely rural); Eligible — not designated (SC Governor-filed Sep 10, 2026; nominated GEOID list not public); county on outer/uncertain edge of ~90-min shed"
Columbia,South Carolina,Orangeburg,45075011400,Orangeburg County rural-eligible tract,Y,Eligible — not designated,33.5011659,-80.8687973,"Rev. Proc. 2026-14 appendix Rural (entirely rural); Eligible — not designated (SC Governor-filed Sep 10, 2026; nominated GEOID list not public); county on outer/uncertain edge of ~90-min shed"
Columbia,South Carolina,Orangeburg,45075011500,Orangeburg County rural-eligible tract,Y,Eligible — not designated,33.4846898,-80.9252551,"Rev. Proc. 2026-14 appendix Rural (entirely rural); Eligible — not designated (SC Governor-filed Sep 10, 2026; nominated GEOID list not public); county on outer/uncertain edge of ~90-min shed"
Columbia,South Carolina,Orangeburg,45075011600,Orangeburg County rural-eligible tract,Y,Eligible — not designated,33.4472376,-80.9231346,"Rev. Proc. 2026-14 appendix Rural (entirely rural); Eligible — not designated (SC Governor-filed Sep 10, 2026; nominated GEOID list not public); county on outer/uncertain edge of ~90-min shed"
Columbia,South Carolina,Orangeburg,45075011704,Orangeburg County rural-eligible tract,Y,Eligible — not designated,33.406175,-81.0072295,"Rev. Proc. 2026-14 appendix Rural (entirely rural); Eligible — not designated (SC Governor-filed Sep 10, 2026; nominated GEOID list not public); county on outer/uncertain edge of ~90-min shed"
Columbia,South Carolina,Orangeburg,45075011802,Orangeburg County rural-eligible tract,Y,Eligible — not designated,33.4561134,-81.1475896,"Rev. Proc. 2026-14 appendix Rural (entirely rural); Eligible — not designated (SC Governor-filed Sep 10, 2026; nominated GEOID list not public); county on outer/uncertain edge of ~90-min shed"
Columbia,South Carolina,Orangeburg,45075011803,Orangeburg County rural-eligible tract,Y,Eligible — not designated,33.4893168,-81.2422414,"Rev. Proc. 2026-14 appendix Rural (entirely rural); Eligible — not designated (SC Governor-filed Sep 10, 2026; nominated GEOID list not public); county on outer/uncertain edge of ~90-min shed"
Columbia,South Carolina,Richland,45079000100,Richland County urban-eligible tract,N,Eligible — not designated,34.0497425,-81.0201576,"Rev. Proc. 2026-14 appendix Non-rural (eligible, not entirely rural); Eligible — not designated (SC Governor-filed Sep 10, 2026; nominated GEOID list not public)"
Columbia,South Carolina,Richland,45079000300,Richland County urban-eligible tract,N,Eligible — not designated,34.0467765,-81.0622842,"Rev. Proc. 2026-14 appendix Non-rural (eligible, not entirely rural); Eligible — not designated (SC Governor-filed Sep 10, 2026; nominated GEOID list not public)"
Columbia,South Carolina,Richland,45079000500,Richland County urban-eligible tract,N,Eligible — not designated,34.0325295,-81.0314226,"Rev. Proc. 2026-14 appendix Non-rural (eligible, not entirely rural); Eligible — not designated (SC Governor-filed Sep 10, 2026; nominated GEOID list not public)"
Columbia,South Carolina,Richland,45079000900,Richland County urban-eligible tract,N,Eligible — not designated,34.0294451,-81.0158443,"Rev. Proc. 2026-14 appendix Non-rural (eligible, not entirely rural); Eligible — not designated (SC Governor-filed Sep 10, 2026; nominated GEOID list not public)"
Columbia,South Carolina,Richland,45079001000,Richland County urban-eligible tract,N,Eligible — not designated,34.0184187,-81.0202442,"Rev. Proc. 2026-14 appendix Non-rural (eligible, not entirely rural); Eligible — not designated (SC Governor-filed Sep 10, 2026; nominated GEOID list not public)"
Columbia,South Carolina,Richland,45079001100,Richland County urban-eligible tract,N,Eligible — not designated,34.0228439,-81.0031652,"Rev. Proc. 2026-14 appendix Non-rural (eligible, not entirely rural); Eligible — not designated (SC Governor-filed Sep 10, 2026; nominated GEOID list not public)"
Columbia,South Carolina,Richland,45079001300,Richland County urban-eligible tract,N,Eligible — not designated,34.0080154,-81.0131624,"Rev. Proc. 2026-14 appendix Non-rural (eligible, not entirely rural); Eligible — not designated (SC Governor-filed Sep 10, 2026; nominated GEOID list not public)"
Columbia,South Carolina,Richland,45079001600,Richland County urban-eligible tract,N,Eligible — not designated,34.0035118,-81.0483875,"Rev. Proc. 2026-14 appendix Non-rural (eligible, not entirely rural); Eligible — not designated (SC Governor-filed Sep 10, 2026; nominated GEOID list not public)"
Columbia,South Carolina,Richland,45079002605,Richland County urban-eligible tract,N,Eligible — not designated,33.9784163,-80.985037,"Rev. Proc. 2026-14 appendix Non-rural (eligible, not entirely rural); Eligible — not designated (SC Governor-filed Sep 10, 2026; nominated GEOID list not public)"
Columbia,South Carolina,Richland,45079002800,Richland County urban-eligible tract,N,Eligible — not designated,33.9821485,-81.0333383,"Rev. Proc. 2026-14 appendix Non-rural (eligible, not entirely rural); Eligible — not designated (SC Governor-filed Sep 10, 2026; nominated GEOID list not public)"
Columbia,South Carolina,Richland,45079003000,Richland County urban-eligible tract,N,Eligible — not designated,34.0011755,-81.0215936,"Rev. Proc. 2026-14 appendix Non-rural (eligible, not entirely rural); Eligible — not designated (SC Governor-filed Sep 10, 2026; nominated GEOID list not public)"
Columbia,South Carolina,Richland,45079003100,Richland County urban-eligible tract,N,Eligible — not designated,34.0078902,-81.0307786,"Rev. Proc. 2026-14 appendix Non-rural (eligible, not entirely rural); Eligible — not designated (SC Governor-filed Sep 10, 2026; nominated GEOID list not public)"
Columbia,South Carolina,Richland,45079010108,Richland County urban-eligible tract,N,Eligible — not designated,34.1416023,-80.9288463,"Rev. Proc. 2026-14 appendix Non-rural (eligible, not entirely rural); Eligible — not designated (SC Governor-filed Sep 10, 2026; nominated GEOID list not public)"
Columbia,South Carolina,Richland,45079010304,Richland County urban-eligible tract,N,Eligible — not designated,34.0792077,-81.1443429,"Rev. Proc. 2026-14 appendix Non-rural (eligible, not entirely rural); Eligible — not designated (SC Governor-filed Sep 10, 2026; nominated GEOID list not public)"
Columbia,South Carolina,Richland,45079010407,Richland County urban-eligible tract,N,Eligible — not designated,34.050453,-81.0900867,"Rev. Proc. 2026-14 appendix Non-rural (eligible, not entirely rural); Eligible — not designated (SC Governor-filed Sep 10, 2026; nominated GEOID list not public)"
Columbia,South Carolina,Richland,45079010408,Richland County urban-eligible tract,N,Eligible — not designated,34.0695655,-81.0984227,"Rev. Proc. 2026-14 appendix Non-rural (eligible, not entirely rural); Eligible — not designated (SC Governor-filed Sep 10, 2026; nominated GEOID list not public)"
Columbia,South Carolina,Richland,45079010412,Richland County urban-eligible tract,N,Eligible — not designated,34.038326,-81.0825647,"Rev. Proc. 2026-14 appendix Non-rural (eligible, not entirely rural); Eligible — not designated (SC Governor-filed Sep 10, 2026; nominated GEOID list not public)"
Columbia,South Carolina,Richland,45079010413,Richland County urban-eligible tract,N,Eligible — not designated,34.0316741,-81.0762103,"Rev. Proc. 2026-14 appendix Non-rural (eligible, not entirely rural); Eligible — not designated (SC Governor-filed Sep 10, 2026; nominated GEOID list not public)"
Columbia,South Carolina,Richland,45079010414,Richland County urban-eligible tract,N,Eligible — not designated,34.0575309,-81.115912,"Rev. Proc. 2026-14 appendix Non-rural (eligible, not entirely rural); Eligible — not designated (SC Governor-filed Sep 10, 2026; nominated GEOID list not public)"
Columbia,South Carolina,Richland,45079010501,Richland County urban-eligible tract,N,Eligible — not designated,34.0685681,-81.0704679,"Rev. Proc. 2026-14 appendix Non-rural (eligible, not entirely rural); Eligible — not designated (SC Governor-filed Sep 10, 2026; nominated GEOID list not public)"
Columbia,South Carolina,Richland,45079010502,Richland County urban-eligible tract,N,Eligible — not designated,34.0302766,-81.063816,"Rev. Proc. 2026-14 appendix Non-rural (eligible, not entirely rural); Eligible — not designated (SC Governor-filed Sep 10, 2026; nominated GEOID list not public)"
Columbia,South Carolina,Richland,45079010600,Richland County urban-eligible tract,N,Eligible — not designated,34.0595573,-81.0263513,"Rev. Proc. 2026-14 appendix Non-rural (eligible, not entirely rural); Eligible — not designated (SC Governor-filed Sep 10, 2026; nominated GEOID list not public)"
Columbia,South Carolina,Richland,45079010703,Richland County urban-eligible tract,N,Eligible — not designated,34.0653125,-80.9965762,"Rev. Proc. 2026-14 appendix Non-rural (eligible, not entirely rural); Eligible — not designated (SC Governor-filed Sep 10, 2026; nominated GEOID list not public)"
Columbia,South Carolina,Richland,45079010803,Richland County urban-eligible tract,N,Eligible — not designated,34.0663498,-80.9682347,"Rev. Proc. 2026-14 appendix Non-rural (eligible, not entirely rural); Eligible — not designated (SC Governor-filed Sep 10, 2026; nominated GEOID list not public)"
Columbia,South Carolina,Richland,45079010804,Richland County urban-eligible tract,N,Eligible — not designated,34.0549353,-80.9888889,"Rev. Proc. 2026-14 appendix Non-rural (eligible, not entirely rural); Eligible — not designated (SC Governor-filed Sep 10, 2026; nominated GEOID list not public)"
Columbia,South Carolina,Richland,45079010805,Richland County urban-eligible tract,N,Eligible — not designated,34.0827631,-80.9672053,"Rev. Proc. 2026-14 appendix Non-rural (eligible, not entirely rural); Eligible — not designated (SC Governor-filed Sep 10, 2026; nominated GEOID list not public)"
Columbia,South Carolina,Richland,45079010806,Richland County urban-eligible tract,N,Eligible — not designated,34.0911451,-80.9836594,"Rev. Proc. 2026-14 appendix Non-rural (eligible, not entirely rural); Eligible — not designated (SC Governor-filed Sep 10, 2026; nominated GEOID list not public)"
Columbia,South Carolina,Richland,45079010900,Richland County urban-eligible tract,N,Eligible — not designated,34.0429092,-81.0163613,"Rev. Proc. 2026-14 appendix Non-rural (eligible, not entirely rural); Eligible — not designated (SC Governor-filed Sep 10, 2026; nominated GEOID list not public)"
Columbia,South Carolina,Richland,45079011000,Richland County urban-eligible tract,N,Eligible — not designated,34.0427142,-81.005145,"Rev. Proc. 2026-14 appendix Non-rural (eligible, not entirely rural); Eligible — not designated (SC Governor-filed Sep 10, 2026; nominated GEOID list not public)"
Columbia,South Carolina,Richland,45079011303,Richland County urban-eligible tract,N,Eligible — not designated,34.0800258,-80.9404466,"Rev. Proc. 2026-14 appendix Non-rural (eligible, not entirely rural); Eligible — not designated (SC Governor-filed Sep 10, 2026; nominated GEOID list not public)"
Columbia,South Carolina,Richland,45079011305,Richland County urban-eligible tract,N,Eligible — not designated,34.0553078,-80.9267629,"Rev. Proc. 2026-14 appendix Non-rural (eligible, not entirely rural); Eligible — not designated (SC Governor-filed Sep 10, 2026; nominated GEOID list not public)"
Columbia,South Carolina,Richland,45079011412,Richland County urban-eligible tract,N,Eligible — not designated,34.0870267,-80.9060434,"Rev. Proc. 2026-14 appendix Non-rural (eligible, not entirely rural); Eligible — not designated (SC Governor-filed Sep 10, 2026; nominated GEOID list not public)"
Columbia,South Carolina,Richland,45079011607,Richland County urban-eligible tract,N,Eligible — not designated,33.9540828,-80.9388575,"Rev. Proc. 2026-14 appendix Non-rural (eligible, not entirely rural); Eligible — not designated (SC Governor-filed Sep 10, 2026; nominated GEOID list not public)"
Columbia,South Carolina,Richland,45079011608,Richland County urban-eligible tract,N,Eligible — not designated,33.9677126,-80.9299298,"Rev. Proc. 2026-14 appendix Non-rural (eligible, not entirely rural); Eligible — not designated (SC Governor-filed Sep 10, 2026; nominated GEOID list not public)"
Columbia,South Carolina,Richland,45079011701,Richland County urban-eligible tract,N,Eligible — not designated,33.9462907,-81.0037285,"Rev. Proc. 2026-14 appendix Non-rural (eligible, not entirely rural); Eligible — not designated (SC Governor-filed Sep 10, 2026; nominated GEOID list not public)"
Columbia,South Carolina,Richland,45079011702,Richland County urban-eligible tract,N,Eligible — not designated,33.9380768,-80.9557446,"Rev. Proc. 2026-14 appendix Non-rural (eligible, not entirely rural); Eligible — not designated (SC Governor-filed Sep 10, 2026; nominated GEOID list not public)"
Columbia,South Carolina,Richland,45079011801,Richland County rural-eligible tract,Y,Eligible — not designated,33.8984953,-80.8742257,"Rev. Proc. 2026-14 appendix Rural (entirely rural); Eligible — not designated (SC Governor-filed Sep 10, 2026; nominated GEOID list not public)"
Columbia,South Carolina,Richland,45079011901,Richland County urban-eligible tract,N,Eligible — not designated,33.9611342,-80.8599622,"Rev. Proc. 2026-14 appendix Non-rural (eligible, not entirely rural); Eligible — not designated (SC Governor-filed Sep 10, 2026; nominated GEOID list not public)"
Columbia,South Carolina,Richland,45079012000,Richland County rural-eligible tract,Y,Eligible — not designated,33.9116689,-80.6752843,"Rev. Proc. 2026-14 appendix Rural (entirely rural); Eligible — not designated (SC Governor-filed Sep 10, 2026; nominated GEOID list not public)"
Columbia,South Carolina,Saluda,45081960100,Saluda County rural-eligible tract,Y,Eligible — not designated,34.1172525,-81.7462622,"Rev. Proc. 2026-14 appendix Rural (entirely rural); Eligible — not designated (SC Governor-filed Sep 10, 2026; nominated GEOID list not public)"
Columbia,South Carolina,Saluda,45081960201,Saluda County rural-eligible tract,Y,Eligible — not designated,33.9955697,-81.866989,"Rev. Proc. 2026-14 appendix Rural (entirely rural); Eligible — not designated (SC Governor-filed Sep 10, 2026; nominated GEOID list not public)"
Columbia,South Carolina,Saluda,45081960202,Saluda County rural-eligible tract,Y,Eligible — not designated,33.983556,-81.7334123,"Rev. Proc. 2026-14 appendix Rural (entirely rural); Eligible — not designated (SC Governor-filed Sep 10, 2026; nominated GEOID list not public)"
Columbia,South Carolina,Saluda,45081960400,Saluda County rural-eligible tract,Y,Eligible — not designated,33.8896333,-81.685122,"Rev. Proc. 2026-14 appendix Rural (entirely rural); Eligible — not designated (SC Governor-filed Sep 10, 2026; nominated GEOID list not public)"
Columbia,South Carolina,Sumter,45085000100,Sumter County rural-eligible tract,Y,Eligible — not designated,34.0878288,-80.5369525,"Rev. Proc. 2026-14 appendix Rural (entirely rural); Eligible — not designated (SC Governor-filed Sep 10, 2026; nominated GEOID list not public); county on outer/uncertain edge of ~90-min shed"
Columbia,South Carolina,Sumter,45085000402,Sumter County rural-eligible tract,Y,Eligible — not designated,33.9956109,-80.2751699,"Rev. Proc. 2026-14 appendix Rural (entirely rural); Eligible — not designated (SC Governor-filed Sep 10, 2026; nominated GEOID list not public); county on outer/uncertain edge of ~90-min shed"
Columbia,South Carolina,Sumter,45085000500,Sumter County rural-eligible tract,Y,Eligible — not designated,33.9541683,-80.057259,"Rev. Proc. 2026-14 appendix Rural (entirely rural); Eligible — not designated (SC Governor-filed Sep 10, 2026; nominated GEOID list not public); county on outer/uncertain edge of ~90-min shed"
Columbia,South Carolina,Sumter,45085000700,Sumter County rural-eligible tract,Y,Eligible — not designated,33.9552524,-80.31231,"Rev. Proc. 2026-14 appendix Rural (entirely rural); Eligible — not designated (SC Governor-filed Sep 10, 2026; nominated GEOID list not public); county on outer/uncertain edge of ~90-min shed"
Columbia,South Carolina,Sumter,45085000800,Sumter County rural-eligible tract,Y,Eligible — not designated,33.9550915,-80.3534665,"Rev. Proc. 2026-14 appendix Rural (entirely rural); Eligible — not designated (SC Governor-filed Sep 10, 2026; nominated GEOID list not public); county on outer/uncertain edge of ~90-min shed"
Columbia,South Carolina,Sumter,45085001100,Sumter County rural-eligible tract,Y,Eligible — not designated,33.9269458,-80.2929001,"Rev. Proc. 2026-14 appendix Rural (entirely rural); Eligible — not designated (SC Governor-filed Sep 10, 2026; nominated GEOID list not public); county on outer/uncertain edge of ~90-min shed"
Columbia,South Carolina,Sumter,45085001300,Sumter County rural-eligible tract,Y,Eligible — not designated,33.9165836,-80.3525729,"Rev. Proc. 2026-14 appendix Rural (entirely rural); Eligible — not designated (SC Governor-filed Sep 10, 2026; nominated GEOID list not public); county on outer/uncertain edge of ~90-min shed"
Columbia,South Carolina,Sumter,45085001500,Sumter County rural-eligible tract,Y,Eligible — not designated,33.9056656,-80.3509034,"Rev. Proc. 2026-14 appendix Rural (entirely rural); Eligible — not designated (SC Governor-filed Sep 10, 2026; nominated GEOID list not public); county on outer/uncertain edge of ~90-min shed"
Columbia,South Carolina,Sumter,45085001600,Sumter County rural-eligible tract,Y,Eligible — not designated,33.887634,-80.3408143,"Rev. Proc. 2026-14 appendix Rural (entirely rural); Eligible — not designated (SC Governor-filed Sep 10, 2026; nominated GEOID list not public); county on outer/uncertain edge of ~90-min shed"
Columbia,South Carolina,Sumter,45085001804,Sumter County rural-eligible tract,Y,Eligible — not designated,33.928452,-80.5360489,"Rev. Proc. 2026-14 appendix Rural (entirely rural); Eligible — not designated (SC Governor-filed Sep 10, 2026; nominated GEOID list not public); county on outer/uncertain edge of ~90-min shed"
Greenville,South Carolina,Abbeville,45001950500,Abbeville County rural-eligible tract,Y,Eligible — not designated,34.1266067,-82.3805235,"Rev. Proc. 2026-14 appendix Rural (entirely rural); Eligible — not designated (SC Governor-filed Sep 10, 2026; nominated GEOID list not public); county on outer/uncertain edge of ~90-min shed"
Greenville,South Carolina,Anderson,45007000500,Anderson County rural-eligible tract,Y,Eligible — not designated,34.4911674,-82.6046235,"Rev. Proc. 2026-14 appendix Rural (entirely rural); Eligible — not designated (SC Governor-filed Sep 10, 2026; nominated GEOID list not public)"
Greenville,South Carolina,Anderson,45007000600,Anderson County rural-eligible tract,Y,Eligible — not designated,34.4882458,-82.6349474,"Rev. Proc. 2026-14 appendix Rural (entirely rural); Eligible — not designated (SC Governor-filed Sep 10, 2026; nominated GEOID list not public)"
Greenville,South Carolina,Anderson,45007000701,Anderson County rural-eligible tract,Y,Eligible — not designated,34.4995249,-82.6676403,"Rev. Proc. 2026-14 appendix Rural (entirely rural); Eligible — not designated (SC Governor-filed Sep 10, 2026; nominated GEOID list not public)"
Greenville,South Carolina,Anderson,45007000702,Anderson County rural-eligible tract,Y,Eligible — not designated,34.4878488,-82.6546233,"Rev. Proc. 2026-14 appendix Rural (entirely rural); Eligible — not designated (SC Governor-filed Sep 10, 2026; nominated GEOID list not public)"
Greenville,South Carolina,Anderson,45007000800,Anderson County rural-eligible tract,Y,Eligible — not designated,34.5151855,-82.6815651,"Rev. Proc. 2026-14 appendix Rural (entirely rural); Eligible — not designated (SC Governor-filed Sep 10, 2026; nominated GEOID list not public)"
Greenville,South Carolina,Anderson,45007001000,Anderson County rural-eligible tract,Y,Eligible — not designated,34.5399178,-82.6809575,"Rev. Proc. 2026-14 appendix Rural (entirely rural); Eligible — not designated (SC Governor-filed Sep 10, 2026; nominated GEOID list not public)"
Greenville,South Carolina,Anderson,45007010105,Anderson County urban-eligible tract,N,Eligible — not designated,34.7648503,-82.4780727,"Rev. Proc. 2026-14 appendix Non-rural (eligible, not entirely rural); Eligible — not designated (SC Governor-filed Sep 10, 2026; nominated GEOID list not public)"
Greenville,South Carolina,Anderson,45007010403,Anderson County rural-eligible tract,Y,Eligible — not designated,34.6112769,-82.472371,"Rev. Proc. 2026-14 appendix Rural (entirely rural); Eligible — not designated (SC Governor-filed Sep 10, 2026; nominated GEOID list not public)"
Greenville,South Carolina,Anderson,45007010405,Anderson County rural-eligible tract,Y,Eligible — not designated,34.5941165,-82.5407663,"Rev. Proc. 2026-14 appendix Rural (entirely rural); Eligible — not designated (SC Governor-filed Sep 10, 2026; nominated GEOID list not public)"
Greenville,South Carolina,Anderson,45007010701,Anderson County rural-eligible tract,Y,Eligible — not designated,34.6252008,-82.8013477,"Rev. Proc. 2026-14 appendix Rural (entirely rural); Eligible — not designated (SC Governor-filed Sep 10, 2026; nominated GEOID list not public)"
Greenville,South Carolina,Anderson,45007011402,Anderson County rural-eligible tract,Y,Eligible — not designated,34.5256364,-82.441628,"Rev. Proc. 2026-14 appendix Rural (entirely rural); Eligible — not designated (SC Governor-filed Sep 10, 2026; nominated GEOID list not public)"
Greenville,South Carolina,Anderson,45007011502,Anderson County rural-eligible tract,Y,Eligible — not designated,34.479732,-82.377086,"Rev. Proc. 2026-14 appendix Rural (entirely rural); Eligible — not designated (SC Governor-filed Sep 10, 2026; nominated GEOID list not public)"
Greenville,South Carolina,Anderson,45007011701,Anderson County rural-eligible tract,Y,Eligible — not designated,34.3553019,-82.6173883,"Rev. Proc. 2026-14 appendix Rural (entirely rural); Eligible — not designated (SC Governor-filed Sep 10, 2026; nominated GEOID list not public)"
Greenville,South Carolina,Anderson,45007011702,Anderson County rural-eligible tract,Y,Eligible — not designated,34.2935954,-82.7059773,"Rev. Proc. 2026-14 appendix Rural (entirely rural); Eligible — not designated (SC Governor-filed Sep 10, 2026; nominated GEOID list not public)"
Greenville,South Carolina,Anderson,45007011800,Anderson County rural-eligible tract,Y,Eligible — not designated,34.4155786,-82.6296198,"Rev. Proc. 2026-14 appendix Rural (entirely rural); Eligible — not designated (SC Governor-filed Sep 10, 2026; nominated GEOID list not public)"
Greenville,South Carolina,Anderson,45007011901,Anderson County rural-eligible tract,Y,Eligible — not designated,34.4562906,-82.6632407,"Rev. Proc. 2026-14 appendix Rural (entirely rural); Eligible — not designated (SC Governor-filed Sep 10, 2026; nominated GEOID list not public)"
Greenville,South Carolina,Anderson,45007011902,Anderson County rural-eligible tract,Y,Eligible — not designated,34.4625078,-82.6216538,"Rev. Proc. 2026-14 appendix Rural (entirely rural); Eligible — not designated (SC Governor-filed Sep 10, 2026; nominated GEOID list not public)"
Greenville,South Carolina,Anderson,45007012300,Anderson County rural-eligible tract,Y,Eligible — not designated,34.511284,-82.6076478,"Rev. Proc. 2026-14 appendix Rural (entirely rural); Eligible — not designated (SC Governor-filed Sep 10, 2026; nominated GEOID list not public)"
Greenville,South Carolina,Greenville,45045000500,Greenville County urban-eligible tract,N,Eligible — not designated,34.8376716,-82.4115291,"Rev. Proc. 2026-14 appendix Non-rural (eligible, not entirely rural); Eligible — not designated (SC Governor-filed Sep 10, 2026; nominated GEOID list not public)"
Greenville,South Carolina,Greenville,45045000800,Greenville County urban-eligible tract,N,Eligible — not designated,34.8493143,-82.4271137,"Rev. Proc. 2026-14 appendix Non-rural (eligible, not entirely rural); Eligible — not designated (SC Governor-filed Sep 10, 2026; nominated GEOID list not public)"
Greenville,South Carolina,Greenville,45045000900,Greenville County urban-eligible tract,N,Eligible — not designated,34.8607609,-82.4098291,"Rev. Proc. 2026-14 appendix Non-rural (eligible, not entirely rural); Eligible — not designated (SC Governor-filed Sep 10, 2026; nominated GEOID list not public)"
Greenville,South Carolina,Greenville,45045001502,Greenville County urban-eligible tract,N,Eligible — not designated,34.802851,-82.383791,"Rev. Proc. 2026-14 appendix Non-rural (eligible, not entirely rural); Eligible — not designated (SC Governor-filed Sep 10, 2026; nominated GEOID list not public)"
Greenville,South Carolina,Greenville,45045002001,Greenville County urban-eligible tract,N,Eligible — not designated,34.7877058,-82.3953293,"Rev. Proc. 2026-14 appendix Non-rural (eligible, not entirely rural); Eligible — not designated (SC Governor-filed Sep 10, 2026; nominated GEOID list not public)"
Greenville,South Carolina,Greenville,45045002003,Greenville County urban-eligible tract,N,Eligible — not designated,34.7652142,-82.4041162,"Rev. Proc. 2026-14 appendix Non-rural (eligible, not entirely rural); Eligible — not designated (SC Governor-filed Sep 10, 2026; nominated GEOID list not public)"
Greenville,South Carolina,Greenville,45045002005,Greenville County urban-eligible tract,N,Eligible — not designated,34.783355,-82.370961,"Rev. Proc. 2026-14 appendix Non-rural (eligible, not entirely rural); Eligible — not designated (SC Governor-filed Sep 10, 2026; nominated GEOID list not public)"
Greenville,South Carolina,Greenville,45045002104,Greenville County urban-eligible tract,N,Eligible — not designated,34.841044,-82.4413723,"Rev. Proc. 2026-14 appendix Non-rural (eligible, not entirely rural); Eligible — not designated (SC Governor-filed Sep 10, 2026; nominated GEOID list not public)"
Greenville,South Carolina,Greenville,45045002105,Greenville County urban-eligible tract,N,Eligible — not designated,34.838672,-82.4266332,"Rev. Proc. 2026-14 appendix Non-rural (eligible, not entirely rural); Eligible — not designated (SC Governor-filed Sep 10, 2026; nominated GEOID list not public)"
Greenville,South Carolina,Greenville,45045002106,Greenville County urban-eligible tract,N,Eligible — not designated,34.8273889,-82.4379688,"Rev. Proc. 2026-14 appendix Non-rural (eligible, not entirely rural); Eligible — not designated (SC Governor-filed Sep 10, 2026; nominated GEOID list not public)"
Greenville,South Carolina,Greenville,45045002107,Greenville County urban-eligible tract,N,Eligible — not designated,34.8167433,-82.4266676,"Rev. Proc. 2026-14 appendix Non-rural (eligible, not entirely rural); Eligible — not designated (SC Governor-filed Sep 10, 2026; nominated GEOID list not public)"
Greenville,South Carolina,Greenville,45045002108,Greenville County urban-eligible tract,N,Eligible — not designated,34.8289154,-82.4158114,"Rev. Proc. 2026-14 appendix Non-rural (eligible, not entirely rural); Eligible — not designated (SC Governor-filed Sep 10, 2026; nominated GEOID list not public)"
Greenville,South Carolina,Greenville,45045002202,Greenville County urban-eligible tract,N,Eligible — not designated,34.8547583,-82.4401273,"Rev. Proc. 2026-14 appendix Non-rural (eligible, not entirely rural); Eligible — not designated (SC Governor-filed Sep 10, 2026; nominated GEOID list not public)"
Greenville,South Carolina,Greenville,45045002203,Greenville County urban-eligible tract,N,Eligible — not designated,34.864435,-82.4277523,"Rev. Proc. 2026-14 appendix Non-rural (eligible, not entirely rural); Eligible — not designated (SC Governor-filed Sep 10, 2026; nominated GEOID list not public)"
Greenville,South Carolina,Greenville,45045002204,Greenville County urban-eligible tract,N,Eligible — not designated,34.8791835,-82.4367642,"Rev. Proc. 2026-14 appendix Non-rural (eligible, not entirely rural); Eligible — not designated (SC Governor-filed Sep 10, 2026; nominated GEOID list not public)"
Greenville,South Carolina,Greenville,45045002302,Greenville County urban-eligible tract,N,Eligible — not designated,34.8811322,-82.4173126,"Rev. Proc. 2026-14 appendix Non-rural (eligible, not entirely rural); Eligible — not designated (SC Governor-filed Sep 10, 2026; nominated GEOID list not public)"
Greenville,South Carolina,Greenville,45045002303,Greenville County urban-eligible tract,N,Eligible — not designated,34.8728159,-82.4105209,"Rev. Proc. 2026-14 appendix Non-rural (eligible, not entirely rural); Eligible — not designated (SC Governor-filed Sep 10, 2026; nominated GEOID list not public)"
Greenville,South Carolina,Greenville,45045002304,Greenville County urban-eligible tract,N,Eligible — not designated,34.8877798,-82.3940491,"Rev. Proc. 2026-14 appendix Non-rural (eligible, not entirely rural); Eligible — not designated (SC Governor-filed Sep 10, 2026; nominated GEOID list not public)"
Greenville,South Carolina,Greenville,45045002504,Greenville County urban-eligible tract,N,Eligible — not designated,34.9440872,-82.2339594,"Rev. Proc. 2026-14 appendix Non-rural (eligible, not entirely rural); Eligible — not designated (SC Governor-filed Sep 10, 2026; nominated GEOID list not public)"
Greenville,South Carolina,Greenville,45045002505,Greenville County urban-eligible tract,N,Eligible — not designated,34.9340004,-82.2349121,"Rev. Proc. 2026-14 appendix Non-rural (eligible, not entirely rural); Eligible — not designated (SC Governor-filed Sep 10, 2026; nominated GEOID list not public)"
Greenville,South Carolina,Greenville,45045002820,Greenville County urban-eligible tract,N,Eligible — not designated,34.8515375,-82.2416135,"Rev. Proc. 2026-14 appendix Non-rural (eligible, not entirely rural); Eligible — not designated (SC Governor-filed Sep 10, 2026; nominated GEOID list not public)"
Greenville,South Carolina,Greenville,45045003202,Greenville County rural-eligible tract,Y,Eligible — not designated,34.5535191,-82.3283037,"Rev. Proc. 2026-14 appendix Rural (entirely rural); Eligible — not designated (SC Governor-filed Sep 10, 2026; nominated GEOID list not public)"
Greenville,South Carolina,Greenville,45045003401,Greenville County urban-eligible tract,N,Eligible — not designated,34.7531594,-82.3718916,"Rev. Proc. 2026-14 appendix Non-rural (eligible, not entirely rural); Eligible — not designated (SC Governor-filed Sep 10, 2026; nominated GEOID list not public)"
Greenville,South Carolina,Greenville,45045003500,Greenville County urban-eligible tract,N,Eligible — not designated,34.7608042,-82.4328196,"Rev. Proc. 2026-14 appendix Non-rural (eligible, not entirely rural); Eligible — not designated (SC Governor-filed Sep 10, 2026; nominated GEOID list not public)"
Greenville,South Carolina,Greenville,45045003602,Greenville County urban-eligible tract,N,Eligible — not designated,34.7976173,-82.4444363,"Rev. Proc. 2026-14 appendix Non-rural (eligible, not entirely rural); Eligible — not designated (SC Governor-filed Sep 10, 2026; nominated GEOID list not public)"
Greenville,South Carolina,Greenville,45045003704,Greenville County urban-eligible tract,N,Eligible — not designated,34.8676034,-82.4514725,"Rev. Proc. 2026-14 appendix Non-rural (eligible, not entirely rural); Eligible — not designated (SC Governor-filed Sep 10, 2026; nominated GEOID list not public)"
Greenville,South Carolina,Greenville,45045003705,Greenville County urban-eligible tract,N,Eligible — not designated,34.8515148,-82.4672029,"Rev. Proc. 2026-14 appendix Non-rural (eligible, not entirely rural); Eligible — not designated (SC Governor-filed Sep 10, 2026; nominated GEOID list not public)"
Greenville,South Carolina,Greenville,45045003706,Greenville County urban-eligible tract,N,Eligible — not designated,34.8818804,-82.4571566,"Rev. Proc. 2026-14 appendix Non-rural (eligible, not entirely rural); Eligible — not designated (SC Governor-filed Sep 10, 2026; nominated GEOID list not public)"
Greenville,South Carolina,Greenville,45045003906,Greenville County urban-eligible tract,N,Eligible — not designated,34.9600308,-82.4450088,"Rev. Proc. 2026-14 appendix Non-rural (eligible, not entirely rural); Eligible — not designated (SC Governor-filed Sep 10, 2026; nominated GEOID list not public)"
Greenville,South Carolina,Greenville,45045004101,Greenville County rural-eligible tract,Y,Eligible — not designated,35.037484,-82.5065924,"Rev. Proc. 2026-14 appendix Rural (entirely rural); Eligible — not designated (SC Governor-filed Sep 10, 2026; nominated GEOID list not public)"
Greenville,South Carolina,Greenville,45045004300,Greenville County urban-eligible tract,N,Eligible — not designated,34.841716,-82.3753525,"Rev. Proc. 2026-14 appendix Non-rural (eligible, not entirely rural); Eligible — not designated (SC Governor-filed Sep 10, 2026; nominated GEOID list not public)"
Greenville,South Carolina,Greenville,45045004400,Greenville County urban-eligible tract,N,Eligible — not designated,34.8479707,-82.3501665,"Rev. Proc. 2026-14 appendix Non-rural (eligible, not entirely rural); Eligible — not designated (SC Governor-filed Sep 10, 2026; nominated GEOID list not public)"
Greenville,South Carolina,Greenwood,45047970102,Greenwood County rural-eligible tract,Y,Eligible — not designated,34.3181322,-82.269615,"Rev. Proc. 2026-14 appendix Rural (entirely rural); Eligible — not designated (SC Governor-filed Sep 10, 2026; nominated GEOID list not public); county on outer/uncertain edge of ~90-min shed"
Greenville,South Carolina,Greenwood,45047970401,Greenwood County rural-eligible tract,Y,Eligible — not designated,34.1778226,-82.1696198,"Rev. Proc. 2026-14 appendix Rural (entirely rural); Eligible — not designated (SC Governor-filed Sep 10, 2026; nominated GEOID list not public); county on outer/uncertain edge of ~90-min shed"
Greenville,South Carolina,Greenwood,45047970500,Greenwood County rural-eligible tract,Y,Eligible — not designated,34.1958201,-82.1472554,"Rev. Proc. 2026-14 appendix Rural (entirely rural); Eligible — not designated (SC Governor-filed Sep 10, 2026; nominated GEOID list not public); county on outer/uncertain edge of ~90-min shed"
Greenville,South Carolina,Greenwood,45047970801,Greenwood County rural-eligible tract,Y,Eligible — not designated,34.1589149,-82.1349072,"Rev. Proc. 2026-14 appendix Rural (entirely rural); Eligible — not designated (SC Governor-filed Sep 10, 2026; nominated GEOID list not public); county on outer/uncertain edge of ~90-min shed"
Greenville,South Carolina,Greenwood,45047970802,Greenwood County rural-eligible tract,Y,Eligible — not designated,34.111877,-82.1861034,"Rev. Proc. 2026-14 appendix Rural (entirely rural); Eligible — not designated (SC Governor-filed Sep 10, 2026; nominated GEOID list not public); county on outer/uncertain edge of ~90-min shed"
Greenville,South Carolina,Greenwood,45047970900,Greenwood County rural-eligible tract,Y,Eligible — not designated,34.038917,-82.2095765,"Rev. Proc. 2026-14 appendix Rural (entirely rural); Eligible — not designated (SC Governor-filed Sep 10, 2026; nominated GEOID list not public); county on outer/uncertain edge of ~90-min shed"
Greenville,South Carolina,Laurens,45059920106,Laurens County urban-eligible tract,N,Eligible — not designated,34.7337903,-82.1349698,"Rev. Proc. 2026-14 appendix Non-rural (eligible, not entirely rural); Eligible — not designated (SC Governor-filed Sep 10, 2026; nominated GEOID list not public)"
Greenville,South Carolina,Laurens,45059920107,Laurens County rural-eligible tract,Y,Eligible — not designated,34.5493603,-82.1362669,"Rev. Proc. 2026-14 appendix Rural (entirely rural); Eligible — not designated (SC Governor-filed Sep 10, 2026; nominated GEOID list not public)"
Greenville,South Carolina,Laurens,45059920302,Laurens County rural-eligible tract,Y,Eligible — not designated,34.4434478,-81.9881019,"Rev. Proc. 2026-14 appendix Rural (entirely rural); Eligible — not designated (SC Governor-filed Sep 10, 2026; nominated GEOID list not public)"
Greenville,South Carolina,Laurens,45059920503,Laurens County rural-eligible tract,Y,Eligible — not designated,34.5152484,-81.9896429,"Rev. Proc. 2026-14 appendix Rural (entirely rural); Eligible — not designated (SC Governor-filed Sep 10, 2026; nominated GEOID list not public)"
Greenville,South Carolina,Laurens,45059920504,Laurens County rural-eligible tract,Y,Eligible — not designated,34.5452035,-82.0223328,"Rev. Proc. 2026-14 appendix Rural (entirely rural); Eligible — not designated (SC Governor-filed Sep 10, 2026; nominated GEOID list not public)"
Greenville,South Carolina,Laurens,45059920600,Laurens County rural-eligible tract,Y,Eligible — not designated,34.5100227,-81.7986227,"Rev. Proc. 2026-14 appendix Rural (entirely rural); Eligible — not designated (SC Governor-filed Sep 10, 2026; nominated GEOID list not public)"
Greenville,South Carolina,Oconee,45073030100,Oconee County rural-eligible tract,Y,Eligible — not designated,34.8169487,-83.1735571,"Rev. Proc. 2026-14 appendix Rural (entirely rural); Eligible — not designated (SC Governor-filed Sep 10, 2026; nominated GEOID list not public); county on outer/uncertain edge of ~90-min shed"
Greenville,South Carolina,Oconee,45073030201,Oconee County rural-eligible tract,Y,Eligible — not designated,34.9536664,-82.9849556,"Rev. Proc. 2026-14 appendix Rural (entirely rural); Eligible — not designated (SC Governor-filed Sep 10, 2026; nominated GEOID list not public); county on outer/uncertain edge of ~90-min shed"
Greenville,South Carolina,Oconee,45073030403,Oconee County rural-eligible tract,Y,Eligible — not designated,34.7530745,-83.0750998,"Rev. Proc. 2026-14 appendix Rural (entirely rural); Eligible — not designated (SC Governor-filed Sep 10, 2026; nominated GEOID list not public); county on outer/uncertain edge of ~90-min shed"
Greenville,South Carolina,Oconee,45073030404,Oconee County rural-eligible tract,Y,Eligible — not designated,34.780364,-83.0633432,"Rev. Proc. 2026-14 appendix Rural (entirely rural); Eligible — not designated (SC Governor-filed Sep 10, 2026; nominated GEOID list not public); county on outer/uncertain edge of ~90-min shed"
Greenville,South Carolina,Oconee,45073030701,Oconee County rural-eligible tract,Y,Eligible — not designated,34.6770968,-82.9344373,"Rev. Proc. 2026-14 appendix Rural (entirely rural); Eligible — not designated (SC Governor-filed Sep 10, 2026; nominated GEOID list not public); county on outer/uncertain edge of ~90-min shed"
Greenville,South Carolina,Oconee,45073030801,Oconee County rural-eligible tract,Y,Eligible — not designated,34.6284208,-82.9267448,"Rev. Proc. 2026-14 appendix Rural (entirely rural); Eligible — not designated (SC Governor-filed Sep 10, 2026; nominated GEOID list not public); county on outer/uncertain edge of ~90-min shed"
Greenville,South Carolina,Oconee,45073030802,Oconee County rural-eligible tract,Y,Eligible — not designated,34.6674405,-82.9872337,"Rev. Proc. 2026-14 appendix Rural (entirely rural); Eligible — not designated (SC Governor-filed Sep 10, 2026; nominated GEOID list not public); county on outer/uncertain edge of ~90-min shed"
Greenville,South Carolina,Oconee,45073031100,Oconee County rural-eligible tract,Y,Eligible — not designated,34.6726176,-83.1814126,"Rev. Proc. 2026-14 appendix Rural (entirely rural); Eligible — not designated (SC Governor-filed Sep 10, 2026; nominated GEOID list not public); county on outer/uncertain edge of ~90-min shed"
Greenville,South Carolina,Pickens,45077010502,Pickens County rural-eligible tract,Y,Eligible — not designated,34.9029715,-82.6597995,"Rev. Proc. 2026-14 appendix Rural (entirely rural); Eligible — not designated (SC Governor-filed Sep 10, 2026; nominated GEOID list not public)"
Greenville,South Carolina,Pickens,45077010601,Pickens County rural-eligible tract,Y,Eligible — not designated,34.9108023,-82.5622379,"Rev. Proc. 2026-14 appendix Rural (entirely rural); Eligible — not designated (SC Governor-filed Sep 10, 2026; nominated GEOID list not public)"
Greenville,South Carolina,Pickens,45077010805,Pickens County urban-eligible tract,N,Eligible — not designated,34.8464374,-82.6103829,"Rev. Proc. 2026-14 appendix Non-rural (eligible, not entirely rural); Eligible — not designated (SC Governor-filed Sep 10, 2026; nominated GEOID list not public)"
Greenville,South Carolina,Pickens,45077010806,Pickens County urban-eligible tract,N,Eligible — not designated,34.8228684,-82.6354835,"Rev. Proc. 2026-14 appendix Non-rural (eligible, not entirely rural); Eligible — not designated (SC Governor-filed Sep 10, 2026; nominated GEOID list not public)"
Greenville,South Carolina,Pickens,45077011003,Pickens County rural-eligible tract,Y,Eligible — not designated,34.7504804,-82.669951,"Rev. Proc. 2026-14 appendix Rural (entirely rural); Eligible — not designated (SC Governor-filed Sep 10, 2026; nominated GEOID list not public)"
Greenville,South Carolina,Pickens,45077011104,Pickens County rural-eligible tract,Y,Eligible — not designated,34.7013995,-82.7694154,"Rev. Proc. 2026-14 appendix Rural (entirely rural); Eligible — not designated (SC Governor-filed Sep 10, 2026; nominated GEOID list not public)"
Greenville,South Carolina,Pickens,45077011105,Pickens County rural-eligible tract,Y,Eligible — not designated,34.7184064,-82.7484965,"Rev. Proc. 2026-14 appendix Rural (entirely rural); Eligible — not designated (SC Governor-filed Sep 10, 2026; nominated GEOID list not public)"
Greenville,South Carolina,Pickens,45077011202,Pickens County rural-eligible tract,Y,Eligible — not designated,34.6400865,-82.8374185,"Rev. Proc. 2026-14 appendix Rural (entirely rural); Eligible — not designated (SC Governor-filed Sep 10, 2026; nominated GEOID list not public)"
Greenville,South Carolina,Pickens,45077011204,Pickens County rural-eligible tract,Y,Eligible — not designated,34.7401093,-82.85118,"Rev. Proc. 2026-14 appendix Rural (entirely rural); Eligible — not designated (SC Governor-filed Sep 10, 2026; nominated GEOID list not public)"
Greenville,South Carolina,Spartanburg,45083020301,Spartanburg County rural-eligible tract,Y,Eligible — not designated,34.9629278,-81.9384473,"Rev. Proc. 2026-14 appendix Rural (entirely rural); Eligible — not designated (SC Governor-filed Sep 10, 2026; nominated GEOID list not public)"
Greenville,South Carolina,Spartanburg,45083020400,Spartanburg County rural-eligible tract,Y,Eligible — not designated,34.9541386,-81.9489874,"Rev. Proc. 2026-14 appendix Rural (entirely rural); Eligible — not designated (SC Governor-filed Sep 10, 2026; nominated GEOID list not public)"
Greenville,South Carolina,Spartanburg,45083020701,Spartanburg County rural-eligible tract,Y,Eligible — not designated,34.9279307,-81.951261,"Rev. Proc. 2026-14 appendix Rural (entirely rural); Eligible — not designated (SC Governor-filed Sep 10, 2026; nominated GEOID list not public)"
Greenville,South Carolina,Spartanburg,45083020702,Spartanburg County rural-eligible tract,Y,Eligible — not designated,34.9158346,-81.9432963,"Rev. Proc. 2026-14 appendix Rural (entirely rural); Eligible — not designated (SC Governor-filed Sep 10, 2026; nominated GEOID list not public)"
Greenville,South Carolina,Spartanburg,45083020800,Spartanburg County rural-eligible tract,Y,Eligible — not designated,34.9367442,-81.9385301,"Rev. Proc. 2026-14 appendix Rural (entirely rural); Eligible — not designated (SC Governor-filed Sep 10, 2026; nominated GEOID list not public)"
Greenville,South Carolina,Spartanburg,45083021001,Spartanburg County rural-eligible tract,Y,Eligible — not designated,34.9324506,-81.9235445,"Rev. Proc. 2026-14 appendix Rural (entirely rural); Eligible — not designated (SC Governor-filed Sep 10, 2026; nominated GEOID list not public)"
Greenville,South Carolina,Spartanburg,45083021100,Spartanburg County rural-eligible tract,Y,Eligible — not designated,34.9269747,-81.9077608,"Rev. Proc. 2026-14 appendix Rural (entirely rural); Eligible — not designated (SC Governor-filed Sep 10, 2026; nominated GEOID list not public)"
Greenville,South Carolina,Spartanburg,45083021500,Spartanburg County rural-eligible tract,Y,Eligible — not designated,34.9800448,-81.9284454,"Rev. Proc. 2026-14 appendix Rural (entirely rural); Eligible — not designated (SC Governor-filed Sep 10, 2026; nominated GEOID list not public)"
Greenville,South Carolina,Spartanburg,45083021600,Spartanburg County rural-eligible tract,Y,Eligible — not designated,34.9766538,-81.9550681,"Rev. Proc. 2026-14 appendix Rural (entirely rural); Eligible — not designated (SC Governor-filed Sep 10, 2026; nominated GEOID list not public)"
Greenville,South Carolina,Spartanburg,45083021700,Spartanburg County rural-eligible tract,Y,Eligible — not designated,34.9611074,-81.9692797,"Rev. Proc. 2026-14 appendix Rural (entirely rural); Eligible — not designated (SC Governor-filed Sep 10, 2026; nominated GEOID list not public)"
Greenville,South Carolina,Spartanburg,45083021804,Spartanburg County rural-eligible tract,Y,Eligible — not designated,34.9979287,-82.0170016,"Rev. Proc. 2026-14 appendix Rural (entirely rural); Eligible — not designated (SC Governor-filed Sep 10, 2026; nominated GEOID list not public)"
Greenville,South Carolina,Spartanburg,45083021805,Spartanburg County rural-eligible tract,Y,Eligible — not designated,34.987368,-81.9863699,"Rev. Proc. 2026-14 appendix Rural (entirely rural); Eligible — not designated (SC Governor-filed Sep 10, 2026; nominated GEOID list not public)"
Greenville,South Carolina,Spartanburg,45083021806,Spartanburg County rural-eligible tract,Y,Eligible — not designated,35.0049093,-81.9624959,"Rev. Proc. 2026-14 appendix Rural (entirely rural); Eligible — not designated (SC Governor-filed Sep 10, 2026; nominated GEOID list not public)"
Greenville,South Carolina,Spartanburg,45083021903,Spartanburg County rural-eligible tract,Y,Eligible — not designated,34.9498692,-82.0311056,"Rev. Proc. 2026-14 appendix Rural (entirely rural); Eligible — not designated (SC Governor-filed Sep 10, 2026; nominated GEOID list not public)"
Greenville,South Carolina,Spartanburg,45083022004,Spartanburg County rural-eligible tract,Y,Eligible — not designated,34.9087801,-81.863582,"Rev. Proc. 2026-14 appendix Rural (entirely rural); Eligible — not designated (SC Governor-filed Sep 10, 2026; nominated GEOID list not public)"
Greenville,South Carolina,Spartanburg,45083022202,Spartanburg County rural-eligible tract,Y,Eligible — not designated,34.9887462,-81.7972162,"Rev. Proc. 2026-14 appendix Rural (entirely rural); Eligible — not designated (SC Governor-filed Sep 10, 2026; nominated GEOID list not public)"
Greenville,South Carolina,Spartanburg,45083022303,Spartanburg County rural-eligible tract,Y,Eligible — not designated,35.1507291,-81.8682837,"Rev. Proc. 2026-14 appendix Rural (entirely rural); Eligible — not designated (SC Governor-filed Sep 10, 2026; nominated GEOID list not public)"
Greenville,South Carolina,Spartanburg,45083022305,Spartanburg County rural-eligible tract,Y,Eligible — not designated,35.0398325,-81.8261195,"Rev. Proc. 2026-14 appendix Rural (entirely rural); Eligible — not designated (SC Governor-filed Sep 10, 2026; nominated GEOID list not public)"
Greenville,South Carolina,Spartanburg,45083022407,Spartanburg County rural-eligible tract,Y,Eligible — not designated,35.1245397,-82.0672786,"Rev. Proc. 2026-14 appendix Rural (entirely rural); Eligible — not designated (SC Governor-filed Sep 10, 2026; nominated GEOID list not public)"
Greenville,South Carolina,Spartanburg,45083022408,Spartanburg County rural-eligible tract,Y,Eligible — not designated,35.1583049,-82.0213872,"Rev. Proc. 2026-14 appendix Rural (entirely rural); Eligible — not designated (SC Governor-filed Sep 10, 2026; nominated GEOID list not public)"
Greenville,South Carolina,Spartanburg,45083022600,Spartanburg County rural-eligible tract,Y,Eligible — not designated,35.1735263,-82.1860038,"Rev. Proc. 2026-14 appendix Rural (entirely rural); Eligible — not designated (SC Governor-filed Sep 10, 2026; nominated GEOID list not public)"
Greenville,South Carolina,Spartanburg,45083023104,Spartanburg County rural-eligible tract,Y,Eligible — not designated,34.9406952,-82.1078498,"Rev. Proc. 2026-14 appendix Rural (entirely rural); Eligible — not designated (SC Governor-filed Sep 10, 2026; nominated GEOID list not public)"
Greenville,South Carolina,Spartanburg,45083023302,Spartanburg County urban-eligible tract,N,Eligible — not designated,34.9325099,-82.2051637,"Rev. Proc. 2026-14 appendix Non-rural (eligible, not entirely rural); Eligible — not designated (SC Governor-filed Sep 10, 2026; nominated GEOID list not public)"
Greenville,South Carolina,Spartanburg,45083023602,Spartanburg County rural-eligible tract,Y,Eligible — not designated,34.7350519,-82.0318927,"Rev. Proc. 2026-14 appendix Rural (entirely rural); Eligible — not designated (SC Governor-filed Sep 10, 2026; nominated GEOID list not public)"
Greenville,South Carolina,Spartanburg,45083023700,Spartanburg County rural-eligible tract,Y,Eligible — not designated,34.6789415,-81.9162707,"Rev. Proc. 2026-14 appendix Rural (entirely rural); Eligible — not designated (SC Governor-filed Sep 10, 2026; nominated GEOID list not public)"
Chattanooga,Georgia,Catoosa,13047030701,Catoosa County urban-eligible tract,N,Eligible — not designated,34.9231058,-85.2473058,"Rev. Proc. 2026-14 appendix Non-rural (eligible, not entirely rural)"
Chattanooga,Georgia,Catoosa,13047030702,Catoosa County urban-eligible tract,N,Eligible — not designated,34.9457182,-85.2280158,"Rev. Proc. 2026-14 appendix Non-rural (eligible, not entirely rural)"
Chattanooga,Georgia,Dade,13083040103,Dade County rural-eligible tract,Y,Eligible — not designated,34.8859943,-85.4908402,Rev. Proc. 2026-14 appendix Rural (entirely rural)
Chattanooga,Georgia,Walker,13295020101,Walker County urban-eligible tract,N,Eligible — not designated,34.963549,-85.2768207,"Rev. Proc. 2026-14 appendix Non-rural (eligible, not entirely rural)"
Chattanooga,Georgia,Walker,13295020102,Walker County urban-eligible tract,N,Eligible — not designated,34.9246763,-85.276023,"Rev. Proc. 2026-14 appendix Non-rural (eligible, not entirely rural)"
Chattanooga,Georgia,Walker,13295020302,Walker County urban-eligible tract,N,Eligible — not designated,34.9250016,-85.3348371,"Rev. Proc. 2026-14 appendix Non-rural (eligible, not entirely rural)"
Chattanooga,Georgia,Walker,13295020504,Walker County urban-eligible tract,N,Eligible — not designated,34.902243,-85.2972168,"Rev. Proc. 2026-14 appendix Non-rural (eligible, not entirely rural)"
Chattanooga,Georgia,Walker,13295020702,Walker County rural-eligible tract,Y,Eligible — not designated,34.6924225,-85.2911116,Rev. Proc. 2026-14 appendix Rural (entirely rural)
Chattanooga,Georgia,Walker,13295020902,Walker County rural-eligible tract,Y,Eligible — not designated,34.6522754,-85.1393945,Rev. Proc. 2026-14 appendix Rural (entirely rural)
Chattanooga,Georgia,Walker,13295020904,Walker County rural-eligible tract,Y,Eligible — not designated,34.6502577,-85.2511896,Rev. Proc. 2026-14 appendix Rural (entirely rural)
Chattanooga,Georgia,Whitfield,13313000401,Whitfield County rural-eligible tract,Y,Eligible — not designated,34.7919995,-84.9479989,Rev. Proc. 2026-14 appendix Rural (entirely rural); county on outer/uncertain edge of ~90-min shed
Chattanooga,Georgia,Whitfield,13313000402,Whitfield County rural-eligible tract,Y,Eligible — not designated,34.7929766,-84.9086858,Rev. Proc. 2026-14 appendix Rural (entirely rural); county on outer/uncertain edge of ~90-min shed
Chattanooga,Georgia,Whitfield,13313000501,Whitfield County rural-eligible tract,Y,Eligible — not designated,34.83117,-85.0035728,Rev. Proc. 2026-14 appendix Rural (entirely rural); county on outer/uncertain edge of ~90-min shed
Chattanooga,Georgia,Whitfield,13313000502,Whitfield County rural-eligible tract,Y,Eligible — not designated,34.7862911,-84.9790075,Rev. Proc. 2026-14 appendix Rural (entirely rural); county on outer/uncertain edge of ~90-min shed
Chattanooga,Georgia,Whitfield,13313001000,Whitfield County rural-eligible tract,Y,Eligible — not designated,34.7718874,-84.940177,Rev. Proc. 2026-14 appendix Rural (entirely rural); county on outer/uncertain edge of ~90-min shed
Chattanooga,Georgia,Whitfield,13313001200,Whitfield County rural-eligible tract,Y,Eligible — not designated,34.729015,-84.9325622,Rev. Proc. 2026-14 appendix Rural (entirely rural); county on outer/uncertain edge of ~90-min shed
Chattanooga,Georgia,Whitfield,13313001300,Whitfield County rural-eligible tract,Y,Eligible — not designated,34.756506,-84.9414267,Rev. Proc. 2026-14 appendix Rural (entirely rural); county on outer/uncertain edge of ~90-min shed
Chattanooga,Georgia,Whitfield,13313001500,Whitfield County rural-eligible tract,Y,Eligible — not designated,34.6695865,-84.9540471,Rev. Proc. 2026-14 appendix Rural (entirely rural); county on outer/uncertain edge of ~90-min shed
Chattanooga,Tennessee,Bradley,47011010400,Bradley County rural-eligible tract,Y,Eligible — not designated,35.1624127,-84.8614097,Rev. Proc. 2026-14 appendix Rural (entirely rural)
Chattanooga,Tennessee,Bradley,47011010700,Bradley County rural-eligible tract,Y,Eligible — not designated,35.1441951,-84.8848041,Rev. Proc. 2026-14 appendix Rural (entirely rural)
Chattanooga,Tennessee,Bradley,47011010800,Bradley County rural-eligible tract,Y,Eligible — not designated,35.1431754,-84.8627823,Rev. Proc. 2026-14 appendix Rural (entirely rural)
Chattanooga,Tennessee,Hamilton,47065000400,Hamilton County urban-eligible tract,N,Eligible — not designated,35.0490534,-85.2766418,"Rev. Proc. 2026-14 appendix Non-rural (eligible, not entirely rural)"
Chattanooga,Tennessee,Hamilton,47065000800,Hamilton County urban-eligible tract,N,Eligible — not designated,35.0680866,-85.3142802,"Rev. Proc. 2026-14 appendix Non-rural (eligible, not entirely rural)"
Chattanooga,Tennessee,Hamilton,47065001200,Hamilton County urban-eligible tract,N,Eligible — not designated,35.0411821,-85.2599124,"Rev. Proc. 2026-14 appendix Non-rural (eligible, not entirely rural)"
Chattanooga,Tennessee,Hamilton,47065001300,Hamilton County urban-eligible tract,N,Eligible — not designated,35.0274441,-85.2672973,"Rev. Proc. 2026-14 appendix Non-rural (eligible, not entirely rural)"
Chattanooga,Tennessee,Hamilton,47065001600,Hamilton County urban-eligible tract,N,Eligible — not designated,35.0452807,-85.3223832,"Rev. Proc. 2026-14 appendix Non-rural (eligible, not entirely rural)"
Chattanooga,Tennessee,Hamilton,47065001800,Hamilton County urban-eligible tract,N,Eligible — not designated,34.9986932,-85.3343985,"Rev. Proc. 2026-14 appendix Non-rural (eligible, not entirely rural)"
Chattanooga,Tennessee,Hamilton,47065001900,Hamilton County urban-eligible tract,N,Eligible — not designated,35.0037462,-85.3148911,"Rev. Proc. 2026-14 appendix Non-rural (eligible, not entirely rural)"
Chattanooga,Tennessee,Hamilton,47065002300,Hamilton County urban-eligible tract,N,Eligible — not designated,35.0022212,-85.2987814,"Rev. Proc. 2026-14 appendix Non-rural (eligible, not entirely rural)"
Chattanooga,Tennessee,Hamilton,47065002400,Hamilton County urban-eligible tract,N,Eligible — not designated,34.9942631,-85.2827491,"Rev. Proc. 2026-14 appendix Non-rural (eligible, not entirely rural)"
Chattanooga,Tennessee,Hamilton,47065002500,Hamilton County urban-eligible tract,N,Eligible — not designated,35.0122965,-85.2774567,"Rev. Proc. 2026-14 appendix Non-rural (eligible, not entirely rural)"
Chattanooga,Tennessee,Hamilton,47065002600,Hamilton County urban-eligible tract,N,Eligible — not designated,35.0224125,-85.2841287,"Rev. Proc. 2026-14 appendix Non-rural (eligible, not entirely rural)"
Chattanooga,Tennessee,Hamilton,47065003000,Hamilton County urban-eligible tract,N,Eligible — not designated,35.0099314,-85.2171327,"Rev. Proc. 2026-14 appendix Non-rural (eligible, not entirely rural)"
Chattanooga,Tennessee,Hamilton,47065003200,Hamilton County urban-eligible tract,N,Eligible — not designated,35.0463002,-85.242717,"Rev. Proc. 2026-14 appendix Non-rural (eligible, not entirely rural)"
Chattanooga,Tennessee,Hamilton,47065003300,Hamilton County urban-eligible tract,N,Eligible — not designated,35.0313154,-85.224676,"Rev. Proc. 2026-14 appendix Non-rural (eligible, not entirely rural)"
Chattanooga,Tennessee,Hamilton,47065003400,Hamilton County urban-eligible tract,N,Eligible — not designated,35.0204378,-85.1918826,"Rev. Proc. 2026-14 appendix Non-rural (eligible, not entirely rural)"
Chattanooga,Tennessee,Hamilton,47065010902,Hamilton County urban-eligible tract,N,Eligible — not designated,35.0968152,-85.3403947,"Rev. Proc. 2026-14 appendix Non-rural (eligible, not entirely rural)"
Chattanooga,Tennessee,Hamilton,47065010904,Hamilton County urban-eligible tract,N,Eligible — not designated,35.1061818,-85.3209143,"Rev. Proc. 2026-14 appendix Non-rural (eligible, not entirely rural)"
Chattanooga,Tennessee,Hamilton,47065011900,Hamilton County urban-eligible tract,N,Eligible — not designated,35.0120302,-85.2598657,"Rev. Proc. 2026-14 appendix Non-rural (eligible, not entirely rural)"
Chattanooga,Tennessee,Hamilton,47065012200,Hamilton County urban-eligible tract,N,Eligible — not designated,35.0589506,-85.2575925,"Rev. Proc. 2026-14 appendix Non-rural (eligible, not entirely rural)"
Chattanooga,Tennessee,Hamilton,47065012300,Hamilton County urban-eligible tract,N,Eligible — not designated,35.075524,-85.253604,"Rev. Proc. 2026-14 appendix Non-rural (eligible, not entirely rural)"
Chattanooga,Tennessee,Marion,47115050201,Marion County rural-eligible tract,Y,Eligible — not designated,35.0340631,-85.5175194,Rev. Proc. 2026-14 appendix Rural (entirely rural)
Chattanooga,Tennessee,Marion,47115050302,Marion County rural-eligible tract,Y,Eligible — not designated,35.0955767,-85.7795073,Rev. Proc. 2026-14 appendix Rural (entirely rural)
Chattanooga,Tennessee,Rhea,47143975000,Rhea County rural-eligible tract,Y,Eligible — not designated,35.7416697,-84.8121015,Rev. Proc. 2026-14 appendix Rural (entirely rural); county on outer/uncertain edge of ~90-min shed
Chattanooga,Tennessee,Rhea,47143975401,Rhea County rural-eligible tract,Y,Eligible — not designated,35.4938808,-85.0210675,Rev. Proc. 2026-14 appendix Rural (entirely rural); county on outer/uncertain edge of ~90-min shed
Chattanooga,Tennessee,Sequatchie,47153060103,Sequatchie County rural-eligible tract,Y,Eligible — not designated,35.4046641,-85.3733057,Rev. Proc. 2026-14 appendix Rural (entirely rural)
Chattanooga,Tennessee,Sequatchie,47153060104,Sequatchie County rural-eligible tract,Y,Eligible — not designated,35.3170314,-85.4306357,Rev. Proc. 2026-14 appendix Rural (entirely rural)
Knoxville,Tennessee,Anderson,47001020100,Anderson County rural-eligible tract,Y,Eligible — not designated,35.9957166,-84.2815594,Rev. Proc. 2026-14 appendix Rural (entirely rural)
Knoxville,Tennessee,Anderson,47001020500,Anderson County rural-eligible tract,Y,Eligible — not designated,36.0142083,-84.2845559,Rev. Proc. 2026-14 appendix Rural (entirely rural)
Knoxville,Tennessee,Anderson,47001020700,Anderson County rural-eligible tract,Y,Eligible — not designated,36.1665025,-84.3050926,Rev. Proc. 2026-14 appendix Rural (entirely rural)
Knoxville,Tennessee,Anderson,47001021001,Anderson County rural-eligible tract,Y,Eligible — not designated,36.0873744,-84.2828819,Rev. Proc. 2026-14 appendix Rural (entirely rural)
Knoxville,Tennessee,Anderson,47001021202,Anderson County rural-eligible tract,Y,Eligible — not designated,36.0928583,-84.1090364,Rev. Proc. 2026-14 appendix Rural (entirely rural)
Knoxville,Tennessee,Anderson,47001021304,Anderson County urban-eligible tract,N,Eligible — not designated,36.0143179,-84.1249296,"Rev. Proc. 2026-14 appendix Non-rural (eligible, not entirely rural)"
Knoxville,Tennessee,Blount,47009010100,Blount County urban-eligible tract,N,Eligible — not designated,35.7774904,-83.9729217,"Rev. Proc. 2026-14 appendix Non-rural (eligible, not entirely rural)"
Knoxville,Tennessee,Blount,47009010500,Blount County urban-eligible tract,N,Eligible — not designated,35.7539049,-83.9833371,"Rev. Proc. 2026-14 appendix Non-rural (eligible, not entirely rural)"
Knoxville,Tennessee,Blount,47009010800,Blount County urban-eligible tract,N,Eligible — not designated,35.7808208,-83.955609,"Rev. Proc. 2026-14 appendix Non-rural (eligible, not entirely rural)"
Knoxville,Tennessee,Campbell,47013950100,Campbell County rural-eligible tract,Y,Eligible — not designated,36.4503614,-84.1090109,Rev. Proc. 2026-14 appendix Rural (entirely rural); county on outer/uncertain edge of ~90-min shed
Knoxville,Tennessee,Campbell,47013950200,Campbell County rural-eligible tract,Y,Eligible — not designated,36.5857536,-84.1639266,Rev. Proc. 2026-14 appendix Rural (entirely rural); county on outer/uncertain edge of ~90-min shed
Knoxville,Tennessee,Campbell,47013950300,Campbell County rural-eligible tract,Y,Eligible — not designated,36.5202826,-84.2351305,Rev. Proc. 2026-14 appendix Rural (entirely rural); county on outer/uncertain edge of ~90-min shed
Knoxville,Tennessee,Campbell,47013950601,Campbell County rural-eligible tract,Y,Eligible — not designated,36.3686388,-84.14534,Rev. Proc. 2026-14 appendix Rural (entirely rural); county on outer/uncertain edge of ~90-min shed
Knoxville,Tennessee,Campbell,47013950602,Campbell County rural-eligible tract,Y,Eligible — not designated,36.3660905,-84.1268556,Rev. Proc. 2026-14 appendix Rural (entirely rural); county on outer/uncertain edge of ~90-min shed
Knoxville,Tennessee,Campbell,47013950701,Campbell County rural-eligible tract,Y,Eligible — not designated,36.3969114,-84.0885754,Rev. Proc. 2026-14 appendix Rural (entirely rural); county on outer/uncertain edge of ~90-min shed
Knoxville,Tennessee,Campbell,47013950702,Campbell County rural-eligible tract,Y,Eligible — not designated,36.3826776,-84.1001108,Rev. Proc. 2026-14 appendix Rural (entirely rural); county on outer/uncertain edge of ~90-min shed
Knoxville,Tennessee,Campbell,47013950800,Campbell County rural-eligible tract,Y,Eligible — not designated,36.430611,-83.9803435,Rev. Proc. 2026-14 appendix Rural (entirely rural); county on outer/uncertain edge of ~90-min shed
Knoxville,Tennessee,Campbell,47013951000,Campbell County rural-eligible tract,Y,Eligible — not designated,36.3409024,-84.041014,Rev. Proc. 2026-14 appendix Rural (entirely rural); county on outer/uncertain edge of ~90-min shed
Knoxville,Tennessee,Cocke,47029920200,Cocke County rural-eligible tract,Y,Eligible — not designated,36.0090173,-83.2141453,Rev. Proc. 2026-14 appendix Rural (entirely rural); county on outer/uncertain edge of ~90-min shed
Knoxville,Tennessee,Cocke,47029920400,Cocke County rural-eligible tract,Y,Eligible — not designated,35.8773642,-82.9957857,Rev. Proc. 2026-14 appendix Rural (entirely rural); county on outer/uncertain edge of ~90-min shed
Knoxville,Tennessee,Cocke,47029920501,Cocke County rural-eligible tract,Y,Eligible — not designated,35.9236004,-83.2569441,Rev. Proc. 2026-14 appendix Rural (entirely rural); county on outer/uncertain edge of ~90-min shed
Knoxville,Tennessee,Cocke,47029920502,Cocke County rural-eligible tract,Y,Eligible — not designated,35.8904462,-83.1824199,Rev. Proc. 2026-14 appendix Rural (entirely rural); county on outer/uncertain edge of ~90-min shed
Knoxville,Tennessee,Cocke,47029920600,Cocke County rural-eligible tract,Y,Eligible — not designated,35.9313331,-83.1920397,Rev. Proc. 2026-14 appendix Rural (entirely rural); county on outer/uncertain edge of ~90-min shed
Knoxville,Tennessee,Grainger,47057500100,Grainger County rural-eligible tract,Y,Eligible — not designated,36.3334872,-83.5363484,Rev. Proc. 2026-14 appendix Rural (entirely rural)
Knoxville,Tennessee,Grainger,47057500302,Grainger County rural-eligible tract,Y,Eligible — not designated,36.2359635,-83.4630571,Rev. Proc. 2026-14 appendix Rural (entirely rural)
Knoxville,Tennessee,Grainger,47057500401,Grainger County rural-eligible tract,Y,Eligible — not designated,36.3473466,-83.3514042,Rev. Proc. 2026-14 appendix Rural (entirely rural)
Knoxville,Tennessee,Hamblen,47063100100,Hamblen County rural-eligible tract,Y,Eligible — not designated,36.2368129,-83.279175,Rev. Proc. 2026-14 appendix Rural (entirely rural); county on outer/uncertain edge of ~90-min shed
Knoxville,Tennessee,Hamblen,47063100200,Hamblen County rural-eligible tract,Y,Eligible — not designated,36.21117,-83.273189,Rev. Proc. 2026-14 appendix Rural (entirely rural); county on outer/uncertain edge of ~90-min shed
Knoxville,Tennessee,Hamblen,47063100300,Hamblen County rural-eligible tract,Y,Eligible — not designated,36.203256,-83.2983276,Rev. Proc. 2026-14 appendix Rural (entirely rural); county on outer/uncertain edge of ~90-min shed
Knoxville,Tennessee,Hamblen,47063100800,Hamblen County rural-eligible tract,Y,Eligible — not designated,36.1698832,-83.3146584,Rev. Proc. 2026-14 appendix Rural (entirely rural); county on outer/uncertain edge of ~90-min shed
Knoxville,Tennessee,Jefferson,47089070300,Jefferson County rural-eligible tract,Y,Eligible — not designated,36.1445715,-83.4918959,Rev. Proc. 2026-14 appendix Rural (entirely rural)
Knoxville,Tennessee,Knox,47093000800,Knox County urban-eligible tract,N,Eligible — not designated,35.955455,-83.9031135,"Rev. Proc. 2026-14 appendix Non-rural (eligible, not entirely rural)"
Knoxville,Tennessee,Knox,47093000902,Knox County urban-eligible tract,N,Eligible — not designated,35.948647,-83.9359168,"Rev. Proc. 2026-14 appendix Non-rural (eligible, not entirely rural)"
Knoxville,Tennessee,Knox,47093001400,Knox County urban-eligible tract,N,Eligible — not designated,35.9781535,-83.9467441,"Rev. Proc. 2026-14 appendix Non-rural (eligible, not entirely rural)"
Knoxville,Tennessee,Knox,47093001600,Knox County urban-eligible tract,N,Eligible — not designated,36.005797,-83.9200638,"Rev. Proc. 2026-14 appendix Non-rural (eligible, not entirely rural)"
Knoxville,Tennessee,Knox,47093001900,Knox County urban-eligible tract,N,Eligible — not designated,35.9960373,-83.8876554,"Rev. Proc. 2026-14 appendix Non-rural (eligible, not entirely rural)"
Knoxville,Tennessee,Knox,47093002000,Knox County urban-eligible tract,N,Eligible — not designated,35.9860888,-83.8843783,"Rev. Proc. 2026-14 appendix Non-rural (eligible, not entirely rural)"
Knoxville,Tennessee,Knox,47093002400,Knox County urban-eligible tract,N,Eligible — not designated,35.9340136,-83.9175275,"Rev. Proc. 2026-14 appendix Non-rural (eligible, not entirely rural)"
Knoxville,Tennessee,Knox,47093002600,Knox County urban-eligible tract,N,Eligible — not designated,35.9541134,-83.9603712,"Rev. Proc. 2026-14 appendix Non-rural (eligible, not entirely rural)"
Knoxville,Tennessee,Knox,47093002700,Knox County urban-eligible tract,N,Eligible — not designated,35.9683156,-83.9640861,"Rev. Proc. 2026-14 appendix Non-rural (eligible, not entirely rural)"
Knoxville,Tennessee,Knox,47093002800,Knox County urban-eligible tract,N,Eligible — not designated,35.9849878,-83.9633301,"Rev. Proc. 2026-14 appendix Non-rural (eligible, not entirely rural)"
Knoxville,Tennessee,Knox,47093002900,Knox County urban-eligible tract,N,Eligible — not designated,36.0035375,-83.9398789,"Rev. Proc. 2026-14 appendix Non-rural (eligible, not entirely rural)"
Knoxville,Tennessee,Knox,47093003200,Knox County urban-eligible tract,N,Eligible — not designated,36.0048949,-83.861859,"Rev. Proc. 2026-14 appendix Non-rural (eligible, not entirely rural)"
Knoxville,Tennessee,Knox,47093003502,Knox County urban-eligible tract,N,Eligible — not designated,35.9332279,-83.9411272,"Rev. Proc. 2026-14 appendix Non-rural (eligible, not entirely rural)"
Knoxville,Tennessee,Knox,47093003902,Knox County urban-eligible tract,N,Eligible — not designated,35.9985889,-83.9728146,"Rev. Proc. 2026-14 appendix Non-rural (eligible, not entirely rural)"
Knoxville,Tennessee,Knox,47093004609,Knox County urban-eligible tract,N,Eligible — not designated,35.9375442,-84.0786757,"Rev. Proc. 2026-14 appendix Non-rural (eligible, not entirely rural)"
Knoxville,Tennessee,Knox,47093004700,Knox County urban-eligible tract,N,Eligible — not designated,35.9890645,-84.0200772,"Rev. Proc. 2026-14 appendix Non-rural (eligible, not entirely rural)"
Knoxville,Tennessee,Knox,47093004900,Knox County urban-eligible tract,N,Eligible — not designated,36.0268635,-83.9729478,"Rev. Proc. 2026-14 appendix Non-rural (eligible, not entirely rural)"
Knoxville,Tennessee,Knox,47093006208,Knox County urban-eligible tract,N,Eligible — not designated,36.0627742,-83.9479496,"Rev. Proc. 2026-14 appendix Non-rural (eligible, not entirely rural)"
Knoxville,Tennessee,Knox,47093006502,Knox County rural-eligible tract,Y,Eligible — not designated,36.0846931,-83.7279865,Rev. Proc. 2026-14 appendix Rural (entirely rural)
Knoxville,Tennessee,Knox,47093006700,Knox County urban-eligible tract,N,Eligible — not designated,35.981826,-83.9065994,"Rev. Proc. 2026-14 appendix Non-rural (eligible, not entirely rural)"
Knoxville,Tennessee,Knox,47093006800,Knox County urban-eligible tract,N,Eligible — not designated,35.9693659,-83.9039114,"Rev. Proc. 2026-14 appendix Non-rural (eligible, not entirely rural)"
Knoxville,Tennessee,Knox,47093006901,Knox County urban-eligible tract,N,Eligible — not designated,35.9583825,-83.9400352,"Rev. Proc. 2026-14 appendix Non-rural (eligible, not entirely rural)"
Knoxville,Tennessee,Knox,47093006902,Knox County urban-eligible tract,N,Eligible — not designated,35.9599364,-83.9318494,"Rev. Proc. 2026-14 appendix Non-rural (eligible, not entirely rural)"
Knoxville,Tennessee,Knox,47093006903,Knox County urban-eligible tract,N,Eligible — not designated,35.9634056,-83.9296126,"Rev. Proc. 2026-14 appendix Non-rural (eligible, not entirely rural)"
Knoxville,Tennessee,Knox,47093007000,Knox County urban-eligible tract,N,Eligible — not designated,35.9693228,-83.9422956,"Rev. Proc. 2026-14 appendix Non-rural (eligible, not entirely rural)"
Knoxville,Tennessee,Loudon,47105060201,Loudon County urban-eligible tract,N,Eligible — not designated,35.7645892,-84.3231731,"Rev. Proc. 2026-14 appendix Non-rural (eligible, not entirely rural)"
Knoxville,Tennessee,Morgan,47129110300,Morgan County rural-eligible tract,Y,Eligible — not designated,36.1182609,-84.5369373,Rev. Proc. 2026-14 appendix Rural (entirely rural); county on outer/uncertain edge of ~90-min shed
Knoxville,Tennessee,Roane,47145030401,Roane County rural-eligible tract,Y,Eligible — not designated,35.7936515,-84.7157269,Rev. Proc. 2026-14 appendix Rural (entirely rural)
Knoxville,Tennessee,Roane,47145030500,Roane County rural-eligible tract,Y,Eligible — not designated,35.864761,-84.702296,Rev. Proc. 2026-14 appendix Rural (entirely rural)
Knoxville,Tennessee,Roane,47145030801,Roane County rural-eligible tract,Y,Eligible — not designated,35.9416018,-84.5539273,Rev. Proc. 2026-14 appendix Rural (entirely rural)
Knoxville,Tennessee,Roane,47145030802,Roane County rural-eligible tract,Y,Eligible — not designated,35.9611395,-84.510526,Rev. Proc. 2026-14 appendix Rural (entirely rural)
Knoxville,Tennessee,Sevier,47155080601,Sevier County rural-eligible tract,Y,Eligible — not designated,35.9058419,-83.5412429,Rev. Proc. 2026-14 appendix Rural (entirely rural)
Knoxville,Tennessee,Sevier,47155080702,Sevier County rural-eligible tract,Y,Eligible — not designated,35.8201416,-83.3512329,Rev. Proc. 2026-14 appendix Rural (entirely rural)
Knoxville,Tennessee,Sevier,47155080801,Sevier County rural-eligible tract,Y,Eligible — not designated,35.8417986,-83.5571065,Rev. Proc. 2026-14 appendix Rural (entirely rural)
Knoxville,Tennessee,Sevier,47155080804,Sevier County rural-eligible tract,Y,Eligible — not designated,35.8607692,-83.5291663,Rev. Proc. 2026-14 appendix Rural (entirely rural)
Knoxville,Tennessee,Sevier,47155080904,Sevier County rural-eligible tract,Y,Eligible — not designated,35.7709207,-83.5854297,Rev. Proc. 2026-14 appendix Rural (entirely rural)
Knoxville,Tennessee,Sevier,47155081002,Sevier County rural-eligible tract,Y,Eligible — not designated,35.775489,-83.4894993,Rev. Proc. 2026-14 appendix Rural (entirely rural)
Knoxville,Tennessee,Sevier,47155081101,Sevier County rural-eligible tract,Y,Eligible — not designated,35.7145779,-83.5302683,Rev. Proc. 2026-14 appendix Rural (entirely rural)
Knoxville,Tennessee,Union,47173040201,Union County rural-eligible tract,Y,Eligible — not designated,36.2494946,-83.8123015,Rev. Proc. 2026-14 appendix Rural (entirely rural)
Memphis,Arkansas,Crittenden,05035030101,Crittenden County rural-eligible tract,Y,Eligible — not designated,35.152528,-90.1506261,Rev. Proc. 2026-14 appendix Rural (entirely rural)
Memphis,Arkansas,Crittenden,05035030102,Crittenden County rural-eligible tract,Y,Eligible — not designated,35.1542649,-90.1676997,Rev. Proc. 2026-14 appendix Rural (entirely rural)
Memphis,Arkansas,Crittenden,05035030301,Crittenden County rural-eligible tract,Y,Eligible — not designated,35.1361118,-90.212423,Rev. Proc. 2026-14 appendix Rural (entirely rural)
Memphis,Arkansas,Crittenden,05035030302,Crittenden County rural-eligible tract,Y,Eligible — not designated,35.1358002,-90.1877903,Rev. Proc. 2026-14 appendix Rural (entirely rural)
Memphis,Arkansas,Crittenden,05035030503,Crittenden County rural-eligible tract,Y,Eligible — not designated,35.1414504,-90.1571962,Rev. Proc. 2026-14 appendix Rural (entirely rural)
Memphis,Arkansas,Crittenden,05035030601,Crittenden County rural-eligible tract,Y,Eligible — not designated,35.0294825,-90.3619023,Rev. Proc. 2026-14 appendix Rural (entirely rural)
Memphis,Arkansas,Crittenden,05035030602,Crittenden County urban-eligible tract,N,Eligible — not designated,34.9033314,-90.3352527,"Rev. Proc. 2026-14 appendix Non-rural (eligible, not entirely rural)"
Memphis,Arkansas,Crittenden,05035030702,Crittenden County rural-eligible tract,Y,Eligible — not designated,35.2337158,-90.244393,Rev. Proc. 2026-14 appendix Rural (entirely rural)
Memphis,Arkansas,Crittenden,05035030703,Crittenden County rural-eligible tract,Y,Eligible — not designated,35.1726035,-90.249782,Rev. Proc. 2026-14 appendix Rural (entirely rural)
Memphis,Arkansas,Crittenden,05035031100,Crittenden County rural-eligible tract,Y,Eligible — not designated,35.2926634,-90.4503769,Rev. Proc. 2026-14 appendix Rural (entirely rural)
Memphis,Arkansas,Crittenden,05035031200,Crittenden County rural-eligible tract,Y,Eligible — not designated,35.1403545,-90.1700818,Rev. Proc. 2026-14 appendix Rural (entirely rural)
Memphis,Arkansas,Mississippi,05093010100,Mississippi County rural-eligible tract,Y,Eligible — not designated,35.9242613,-89.9083851,Rev. Proc. 2026-14 appendix Rural (entirely rural); county on outer/uncertain edge of ~90-min shed
Memphis,Arkansas,Mississippi,05093010200,Mississippi County rural-eligible tract,Y,Eligible — not designated,35.9399964,-89.8830811,Rev. Proc. 2026-14 appendix Rural (entirely rural); county on outer/uncertain edge of ~90-min shed
Memphis,Arkansas,Mississippi,05093010300,Mississippi County rural-eligible tract,Y,Eligible — not designated,35.896632,-89.923102,Rev. Proc. 2026-14 appendix Rural (entirely rural); county on outer/uncertain edge of ~90-min shed
Memphis,Arkansas,Mississippi,05093010601,Mississippi County rural-eligible tract,Y,Eligible — not designated,35.9424784,-89.9161066,Rev. Proc. 2026-14 appendix Rural (entirely rural); county on outer/uncertain edge of ~90-min shed
Memphis,Arkansas,Mississippi,05093010602,Mississippi County rural-eligible tract,Y,Eligible — not designated,35.9823431,-89.9503822,Rev. Proc. 2026-14 appendix Rural (entirely rural); county on outer/uncertain edge of ~90-min shed
Memphis,Arkansas,Mississippi,05093010801,Mississippi County rural-eligible tract,Y,Eligible — not designated,35.9417082,-90.2269257,Rev. Proc. 2026-14 appendix Rural (entirely rural); county on outer/uncertain edge of ~90-min shed
Memphis,Arkansas,Mississippi,05093010900,Mississippi County rural-eligible tract,Y,Eligible — not designated,35.7242259,-90.1546817,Rev. Proc. 2026-14 appendix Rural (entirely rural); county on outer/uncertain edge of ~90-min shed
Memphis,Arkansas,Mississippi,05093011000,Mississippi County rural-eligible tract,Y,Eligible — not designated,35.7064489,-89.9657962,Rev. Proc. 2026-14 appendix Rural (entirely rural); county on outer/uncertain edge of ~90-min shed
Memphis,Arkansas,Mississippi,05093011300,Mississippi County rural-eligible tract,Y,Eligible — not designated,35.5221254,-90.1665126,Rev. Proc. 2026-14 appendix Rural (entirely rural); county on outer/uncertain edge of ~90-min shed
Memphis,Mississippi,Benton,28009950101,Benton County rural-eligible tract,Y,Eligible — not designated,34.885205,-89.2746488,Rev. Proc. 2026-14 appendix Rural (entirely rural); county on outer/uncertain edge of ~90-min shed
Memphis,Mississippi,Benton,28009950102,Benton County rural-eligible tract,Y,Eligible — not designated,34.8864983,-89.123605,Rev. Proc. 2026-14 appendix Rural (entirely rural); county on outer/uncertain edge of ~90-min shed
Memphis,Mississippi,Benton,28009950200,Benton County rural-eligible tract,Y,Eligible — not designated,34.678964,-89.1921646,Rev. Proc. 2026-14 appendix Rural (entirely rural); county on outer/uncertain edge of ~90-min shed
Memphis,Mississippi,DeSoto,28033070221,DeSoto County urban-eligible tract,N,Eligible — not designated,34.9119396,-90.0712052,"Rev. Proc. 2026-14 appendix Non-rural (eligible, not entirely rural)"
Memphis,Mississippi,DeSoto,28033070310,DeSoto County urban-eligible tract,N,Eligible — not designated,34.9472725,-90.006037,"Rev. Proc. 2026-14 appendix Non-rural (eligible, not entirely rural)"
Memphis,Mississippi,DeSoto,28033070323,DeSoto County urban-eligible tract,N,Eligible — not designated,34.9730389,-90.0506052,"Rev. Proc. 2026-14 appendix Non-rural (eligible, not entirely rural)"
Memphis,Mississippi,DeSoto,28033070324,DeSoto County urban-eligible tract,N,Eligible — not designated,34.9549949,-90.0531292,"Rev. Proc. 2026-14 appendix Non-rural (eligible, not entirely rural)"
Memphis,Mississippi,DeSoto,28033070325,DeSoto County urban-eligible tract,N,Eligible — not designated,34.9558476,-90.0400295,"Rev. Proc. 2026-14 appendix Non-rural (eligible, not entirely rural)"
Memphis,Mississippi,DeSoto,28033070412,DeSoto County urban-eligible tract,N,Eligible — not designated,34.9761606,-90.0082691,"Rev. Proc. 2026-14 appendix Non-rural (eligible, not entirely rural)"
Memphis,Mississippi,DeSoto,28033070421,DeSoto County urban-eligible tract,N,Eligible — not designated,34.9881379,-90.0364747,"Rev. Proc. 2026-14 appendix Non-rural (eligible, not entirely rural)"
Memphis,Mississippi,DeSoto,28033070610,DeSoto County urban-eligible tract,N,Eligible — not designated,34.9507098,-89.9883732,"Rev. Proc. 2026-14 appendix Non-rural (eligible, not entirely rural)"
Memphis,Mississippi,Marshall,28093950102,Marshall County rural-eligible tract,Y,Eligible — not designated,34.9351724,-89.5615471,Rev. Proc. 2026-14 appendix Rural (entirely rural); county on outer/uncertain edge of ~90-min shed
Memphis,Mississippi,Marshall,28093950201,Marshall County rural-eligible tract,Y,Eligible — not designated,34.8711332,-89.6564982,Rev. Proc. 2026-14 appendix Rural (entirely rural); county on outer/uncertain edge of ~90-min shed
Memphis,Mississippi,Marshall,28093950202,Marshall County rural-eligible tract,Y,Eligible — not designated,34.9475054,-89.6800725,Rev. Proc. 2026-14 appendix Rural (entirely rural); county on outer/uncertain edge of ~90-min shed
Memphis,Mississippi,Marshall,28093950301,Marshall County rural-eligible tract,Y,Eligible — not designated,34.7447244,-89.6083166,Rev. Proc. 2026-14 appendix Rural (entirely rural); county on outer/uncertain edge of ~90-min shed
Memphis,Mississippi,Marshall,28093950401,Marshall County rural-eligible tract,Y,Eligible — not designated,34.7783831,-89.4701056,Rev. Proc. 2026-14 appendix Rural (entirely rural); county on outer/uncertain edge of ~90-min shed
Memphis,Mississippi,Marshall,28093950402,Marshall County rural-eligible tract,Y,Eligible — not designated,34.7613892,-89.4323209,Rev. Proc. 2026-14 appendix Rural (entirely rural); county on outer/uncertain edge of ~90-min shed
Memphis,Mississippi,Marshall,28093950501,Marshall County rural-eligible tract,Y,Eligible — not designated,34.6399572,-89.5883699,Rev. Proc. 2026-14 appendix Rural (entirely rural); county on outer/uncertain edge of ~90-min shed
Memphis,Mississippi,Marshall,28093950502,Marshall County rural-eligible tract,Y,Eligible — not designated,34.654086,-89.3782493,Rev. Proc. 2026-14 appendix Rural (entirely rural); county on outer/uncertain edge of ~90-min shed
Memphis,Mississippi,Tate,28137950301,Tate County rural-eligible tract,Y,Eligible — not designated,34.6925909,-90.0982797,Rev. Proc. 2026-14 appendix Rural (entirely rural); county on outer/uncertain edge of ~90-min shed
Memphis,Mississippi,Tate,28137950302,Tate County rural-eligible tract,Y,Eligible — not designated,34.5983959,-90.0952087,Rev. Proc. 2026-14 appendix Rural (entirely rural); county on outer/uncertain edge of ~90-min shed
Memphis,Mississippi,Tate,28137950400,Tate County rural-eligible tract,Y,Eligible — not designated,34.6214003,-89.978539,Rev. Proc. 2026-14 appendix Rural (entirely rural); county on outer/uncertain edge of ~90-min shed
Memphis,Mississippi,Tunica,28143950102,Tunica County rural-eligible tract,Y,Eligible — not designated,34.7956902,-90.3726527,Rev. Proc. 2026-14 appendix Rural (entirely rural); county on outer/uncertain edge of ~90-min shed
Memphis,Mississippi,Tunica,28143950200,Tunica County rural-eligible tract,Y,Eligible — not designated,34.6895362,-90.406689,Rev. Proc. 2026-14 appendix Rural (entirely rural); county on outer/uncertain edge of ~90-min shed
Memphis,Tennessee,Lauderdale,47097050100,Lauderdale County rural-eligible tract,Y,Eligible — not designated,35.7441964,-89.7655983,Rev. Proc. 2026-14 appendix Rural (entirely rural); county on outer/uncertain edge of ~90-min shed
Memphis,Tennessee,Lauderdale,47097050504,Lauderdale County rural-eligible tract,Y,Eligible — not designated,35.7469945,-89.5397187,Rev. Proc. 2026-14 appendix Rural (entirely rural); county on outer/uncertain edge of ~90-min shed
Memphis,Tennessee,Lauderdale,47097050505,Lauderdale County rural-eligible tract,Y,Eligible — not designated,35.7523733,-89.5138991,Rev. Proc. 2026-14 appendix Rural (entirely rural); county on outer/uncertain edge of ~90-min shed
Memphis,Tennessee,Lauderdale,47097050600,Lauderdale County rural-eligible tract,Y,Eligible — not designated,35.6573111,-89.5533982,Rev. Proc. 2026-14 appendix Rural (entirely rural); county on outer/uncertain edge of ~90-min shed
Memphis,Tennessee,Shelby,47157000200,Shelby County urban-eligible tract,N,Eligible — not designated,35.1681487,-90.0424321,"Rev. Proc. 2026-14 appendix Non-rural (eligible, not entirely rural)"
Memphis,Tennessee,Shelby,47157000300,Shelby County urban-eligible tract,N,Eligible — not designated,35.1768246,-90.0293407,"Rev. Proc. 2026-14 appendix Non-rural (eligible, not entirely rural)"
Memphis,Tennessee,Shelby,47157000400,Shelby County urban-eligible tract,N,Eligible — not designated,35.1768576,-90.0145439,"Rev. Proc. 2026-14 appendix Non-rural (eligible, not entirely rural)"
Memphis,Tennessee,Shelby,47157000600,Shelby County urban-eligible tract,N,Eligible — not designated,35.1837381,-89.9990705,"Rev. Proc. 2026-14 appendix Non-rural (eligible, not entirely rural)"
Memphis,Tennessee,Shelby,47157000700,Shelby County urban-eligible tract,N,Eligible — not designated,35.1673199,-89.9957721,"Rev. Proc. 2026-14 appendix Non-rural (eligible, not entirely rural)"
Memphis,Tennessee,Shelby,47157000800,Shelby County urban-eligible tract,N,Eligible — not designated,35.1784196,-89.9722247,"Rev. Proc. 2026-14 appendix Non-rural (eligible, not entirely rural)"
Memphis,Tennessee,Shelby,47157000900,Shelby County urban-eligible tract,N,Eligible — not designated,35.164897,-89.9752408,"Rev. Proc. 2026-14 appendix Non-rural (eligible, not entirely rural)"
Memphis,Tennessee,Shelby,47157001100,Shelby County urban-eligible tract,N,Eligible — not designated,35.167404,-89.9411009,"Rev. Proc. 2026-14 appendix Non-rural (eligible, not entirely rural)"
Memphis,Tennessee,Shelby,47157001200,Shelby County urban-eligible tract,N,Eligible — not designated,35.1557263,-89.9357489,"Rev. Proc. 2026-14 appendix Non-rural (eligible, not entirely rural)"
Memphis,Tennessee,Shelby,47157001300,Shelby County urban-eligible tract,N,Eligible — not designated,35.1564325,-89.9505138,"Rev. Proc. 2026-14 appendix Non-rural (eligible, not entirely rural)"
Memphis,Tennessee,Shelby,47157001400,Shelby County urban-eligible tract,N,Eligible — not designated,35.1546958,-89.9616026,"Rev. Proc. 2026-14 appendix Non-rural (eligible, not entirely rural)"
Memphis,Tennessee,Shelby,47157001500,Shelby County urban-eligible tract,N,Eligible — not designated,35.1529954,-89.9740928,"Rev. Proc. 2026-14 appendix Non-rural (eligible, not entirely rural)"
Memphis,Tennessee,Shelby,47157001900,Shelby County urban-eligible tract,N,Eligible — not designated,35.1632815,-90.023311,"Rev. Proc. 2026-14 appendix Non-rural (eligible, not entirely rural)"
Memphis,Tennessee,Shelby,47157002000,Shelby County urban-eligible tract,N,Eligible — not designated,35.1609412,-90.0330286,"Rev. Proc. 2026-14 appendix Non-rural (eligible, not entirely rural)"
Memphis,Tennessee,Shelby,47157002100,Shelby County urban-eligible tract,N,Eligible — not designated,35.1600207,-90.0444429,"Rev. Proc. 2026-14 appendix Non-rural (eligible, not entirely rural)"
Memphis,Tennessee,Shelby,47157002400,Shelby County urban-eligible tract,N,Eligible — not designated,35.1511855,-90.0266203,"Rev. Proc. 2026-14 appendix Non-rural (eligible, not entirely rural)"
Memphis,Tennessee,Shelby,47157002500,Shelby County urban-eligible tract,N,Eligible — not designated,35.15067,-90.0159795,"Rev. Proc. 2026-14 appendix Non-rural (eligible, not entirely rural)"
Memphis,Tennessee,Shelby,47157002800,Shelby County urban-eligible tract,N,Eligible — not designated,35.144176,-89.9577785,"Rev. Proc. 2026-14 appendix Non-rural (eligible, not entirely rural)"
Memphis,Tennessee,Shelby,47157003000,Shelby County urban-eligible tract,N,Eligible — not designated,35.1354646,-89.9540553,"Rev. Proc. 2026-14 appendix Non-rural (eligible, not entirely rural)"
Memphis,Tennessee,Shelby,47157003700,Shelby County urban-eligible tract,N,Eligible — not designated,35.1355504,-90.0279679,"Rev. Proc. 2026-14 appendix Non-rural (eligible, not entirely rural)"
Memphis,Tennessee,Shelby,47157003800,Shelby County urban-eligible tract,N,Eligible — not designated,35.1416192,-90.0282668,"Rev. Proc. 2026-14 appendix Non-rural (eligible, not entirely rural)"
Memphis,Tennessee,Shelby,47157003900,Shelby County urban-eligible tract,N,Eligible — not designated,35.14427,-90.0385579,"Rev. Proc. 2026-14 appendix Non-rural (eligible, not entirely rural)"
Memphis,Tennessee,Shelby,47157004500,Shelby County urban-eligible tract,N,Eligible — not designated,35.1285674,-90.0394263,"Rev. Proc. 2026-14 appendix Non-rural (eligible, not entirely rural)"
Memphis,Tennessee,Shelby,47157004600,Shelby County urban-eligible tract,N,Eligible — not designated,35.1286244,-90.0280481,"Rev. Proc. 2026-14 appendix Non-rural (eligible, not entirely rural)"
Memphis,Tennessee,Shelby,47157005000,Shelby County urban-eligible tract,N,Eligible — not designated,35.1213082,-90.051076,"Rev. Proc. 2026-14 appendix Non-rural (eligible, not entirely rural)"
Memphis,Tennessee,Shelby,47157005300,Shelby County urban-eligible tract,N,Eligible — not designated,35.0930408,-90.0757059,"Rev. Proc. 2026-14 appendix Non-rural (eligible, not entirely rural)"
Memphis,Tennessee,Shelby,47157005500,Shelby County urban-eligible tract,N,Eligible — not designated,35.0939257,-90.0593626,"Rev. Proc. 2026-14 appendix Non-rural (eligible, not entirely rural)"
Memphis,Tennessee,Shelby,47157005600,Shelby County urban-eligible tract,N,Eligible — not designated,35.0890357,-90.0447066,"Rev. Proc. 2026-14 appendix Non-rural (eligible, not entirely rural)"
Memphis,Tennessee,Shelby,47157005700,Shelby County urban-eligible tract,N,Eligible — not designated,35.1042233,-90.0410628,"Rev. Proc. 2026-14 appendix Non-rural (eligible, not entirely rural)"
Memphis,Tennessee,Shelby,47157005800,Shelby County urban-eligible tract,N,Eligible — not designated,35.1117123,-90.0511301,"Rev. Proc. 2026-14 appendix Non-rural (eligible, not entirely rural)"
Memphis,Tennessee,Shelby,47157005900,Shelby County urban-eligible tract,N,Eligible — not designated,35.1114587,-90.0387174,"Rev. Proc. 2026-14 appendix Non-rural (eligible, not entirely rural)"
Memphis,Tennessee,Shelby,47157006000,Shelby County urban-eligible tract,N,Eligible — not designated,35.1045937,-90.0188179,"Rev. Proc. 2026-14 appendix Non-rural (eligible, not entirely rural)"
Memphis,Tennessee,Shelby,47157006200,Shelby County urban-eligible tract,N,Eligible — not designated,35.1174682,-90.0110796,"Rev. Proc. 2026-14 appendix Non-rural (eligible, not entirely rural)"
Memphis,Tennessee,Shelby,47157006500,Shelby County urban-eligible tract,N,Eligible — not designated,35.104323,-89.9974849,"Rev. Proc. 2026-14 appendix Non-rural (eligible, not entirely rural)"
Memphis,Tennessee,Shelby,47157006600,Shelby County urban-eligible tract,N,Eligible — not designated,35.1198602,-89.9845834,"Rev. Proc. 2026-14 appendix Non-rural (eligible, not entirely rural)"
Memphis,Tennessee,Shelby,47157006700,Shelby County urban-eligible tract,N,Eligible — not designated,35.1133986,-89.9753652,"Rev. Proc. 2026-14 appendix Non-rural (eligible, not entirely rural)"
Memphis,Tennessee,Shelby,47157006800,Shelby County urban-eligible tract,N,Eligible — not designated,35.1041328,-89.9766807,"Rev. Proc. 2026-14 appendix Non-rural (eligible, not entirely rural)"
Memphis,Tennessee,Shelby,47157006900,Shelby County urban-eligible tract,N,Eligible — not designated,35.0955274,-89.9797835,"Rev. Proc. 2026-14 appendix Non-rural (eligible, not entirely rural)"
Memphis,Tennessee,Shelby,47157007000,Shelby County urban-eligible tract,N,Eligible — not designated,35.1116818,-89.9561215,"Rev. Proc. 2026-14 appendix Non-rural (eligible, not entirely rural)"
Memphis,Tennessee,Shelby,47157007300,Shelby County urban-eligible tract,N,Eligible — not designated,35.1209841,-89.9363798,"Rev. Proc. 2026-14 appendix Non-rural (eligible, not entirely rural)"
Memphis,Tennessee,Shelby,47157007400,Shelby County urban-eligible tract,N,Eligible — not designated,35.1118644,-89.9358941,"Rev. Proc. 2026-14 appendix Non-rural (eligible, not entirely rural)"
Memphis,Tennessee,Shelby,47157007500,Shelby County urban-eligible tract,N,Eligible — not designated,35.0927785,-90.0318123,"Rev. Proc. 2026-14 appendix Non-rural (eligible, not entirely rural)"
Memphis,Tennessee,Shelby,47157007810,Shelby County urban-eligible tract,N,Eligible — not designated,35.0921029,-90.0048552,"Rev. Proc. 2026-14 appendix Non-rural (eligible, not entirely rural)"
Memphis,Tennessee,Shelby,47157007821,Shelby County urban-eligible tract,N,Eligible — not designated,35.0799222,-90.0072497,"Rev. Proc. 2026-14 appendix Non-rural (eligible, not entirely rural)"
Memphis,Tennessee,Shelby,47157007822,Shelby County urban-eligible tract,N,Eligible — not designated,35.0793511,-90.0273341,"Rev. Proc. 2026-14 appendix Non-rural (eligible, not entirely rural)"
Memphis,Tennessee,Shelby,47157007900,Shelby County urban-eligible tract,N,Eligible — not designated,35.1013349,-89.9594969,"Rev. Proc. 2026-14 appendix Non-rural (eligible, not entirely rural)"
Memphis,Tennessee,Shelby,47157008000,Shelby County urban-eligible tract,N,Eligible — not designated,35.1004575,-89.9399793,"Rev. Proc. 2026-14 appendix Non-rural (eligible, not entirely rural)"
Memphis,Tennessee,Shelby,47157008110,Shelby County urban-eligible tract,N,Eligible — not designated,35.0838883,-89.9790989,"Rev. Proc. 2026-14 appendix Non-rural (eligible, not entirely rural)"
Memphis,Tennessee,Shelby,47157008120,Shelby County urban-eligible tract,N,Eligible — not designated,35.0869473,-89.9617237,"Rev. Proc. 2026-14 appendix Non-rural (eligible, not entirely rural)"
Memphis,Tennessee,Shelby,47157008200,Shelby County urban-eligible tract,N,Eligible — not designated,35.0867781,-89.9413389,"Rev. Proc. 2026-14 appendix Non-rural (eligible, not entirely rural)"
Memphis,Tennessee,Shelby,47157008700,Shelby County urban-eligible tract,N,Eligible — not designated,35.1554411,-89.9167543,"Rev. Proc. 2026-14 appendix Non-rural (eligible, not entirely rural)"
Memphis,Tennessee,Shelby,47157008800,Shelby County urban-eligible tract,N,Eligible — not designated,35.1713215,-89.9252084,"Rev. Proc. 2026-14 appendix Non-rural (eligible, not entirely rural)"
Memphis,Tennessee,Shelby,47157008900,Shelby County urban-eligible tract,N,Eligible — not designated,35.1876967,-89.9298641,"Rev. Proc. 2026-14 appendix Non-rural (eligible, not entirely rural)"
Memphis,Tennessee,Shelby,47157009100,Shelby County urban-eligible tract,N,Eligible — not designated,35.1726553,-89.9098391,"Rev. Proc. 2026-14 appendix Non-rural (eligible, not entirely rural)"
Memphis,Tennessee,Shelby,47157009300,Shelby County urban-eligible tract,N,Eligible — not designated,35.0982628,-89.909105,"Rev. Proc. 2026-14 appendix Non-rural (eligible, not entirely rural)"
Memphis,Tennessee,Shelby,47157009700,Shelby County urban-eligible tract,N,Eligible — not designated,35.0821716,-89.9098811,"Rev. Proc. 2026-14 appendix Non-rural (eligible, not entirely rural)"
Memphis,Tennessee,Shelby,47157009901,Shelby County urban-eligible tract,N,Eligible — not designated,35.2262828,-90.0342663,"Rev. Proc. 2026-14 appendix Non-rural (eligible, not entirely rural)"
Memphis,Tennessee,Shelby,47157009902,Shelby County urban-eligible tract,N,Eligible — not designated,35.2057894,-90.0376506,"Rev. Proc. 2026-14 appendix Non-rural (eligible, not entirely rural)"
Memphis,Tennessee,Shelby,47157010001,Shelby County urban-eligible tract,N,Eligible — not designated,35.2367198,-89.9850661,"Rev. Proc. 2026-14 appendix Non-rural (eligible, not entirely rural)"
Memphis,Tennessee,Shelby,47157010002,Shelby County urban-eligible tract,N,Eligible — not designated,35.2339717,-90.0014634,"Rev. Proc. 2026-14 appendix Non-rural (eligible, not entirely rural)"
Memphis,Tennessee,Shelby,47157010120,Shelby County urban-eligible tract,N,Eligible — not designated,35.2007179,-90.0152406,"Rev. Proc. 2026-14 appendix Non-rural (eligible, not entirely rural)"
Memphis,Tennessee,Shelby,47157010121,Shelby County urban-eligible tract,N,Eligible — not designated,35.2214488,-90.006166,"Rev. Proc. 2026-14 appendix Non-rural (eligible, not entirely rural)"
Memphis,Tennessee,Shelby,47157010122,Shelby County urban-eligible tract,N,Eligible — not designated,35.212925,-90.0147413,"Rev. Proc. 2026-14 appendix Non-rural (eligible, not entirely rural)"
Memphis,Tennessee,Shelby,47157010210,Shelby County urban-eligible tract,N,Eligible — not designated,35.225226,-89.9773293,"Rev. Proc. 2026-14 appendix Non-rural (eligible, not entirely rural)"
Memphis,Tennessee,Shelby,47157010220,Shelby County urban-eligible tract,N,Eligible — not designated,35.1998545,-89.9828738,"Rev. Proc. 2026-14 appendix Non-rural (eligible, not entirely rural)"
Memphis,Tennessee,Shelby,47157010300,Shelby County urban-eligible tract,N,Eligible — not designated,35.2492095,-89.9829354,"Rev. Proc. 2026-14 appendix Non-rural (eligible, not entirely rural)"
Memphis,Tennessee,Shelby,47157010500,Shelby County urban-eligible tract,N,Eligible — not designated,35.0641932,-89.9415204,"Rev. Proc. 2026-14 appendix Non-rural (eligible, not entirely rural)"
Memphis,Tennessee,Shelby,47157010610,Shelby County urban-eligible tract,N,Eligible — not designated,35.0709462,-89.9186621,"Rev. Proc. 2026-14 appendix Non-rural (eligible, not entirely rural)"
Memphis,Tennessee,Shelby,47157010620,Shelby County urban-eligible tract,N,Eligible — not designated,35.0579882,-89.9272045,"Rev. Proc. 2026-14 appendix Non-rural (eligible, not entirely rural)"
Memphis,Tennessee,Shelby,47157010630,Shelby County urban-eligible tract,N,Eligible — not designated,35.0573263,-89.9145409,"Rev. Proc. 2026-14 appendix Non-rural (eligible, not entirely rural)"
Memphis,Tennessee,Shelby,47157010710,Shelby County urban-eligible tract,N,Eligible — not designated,35.0717738,-89.8954527,"Rev. Proc. 2026-14 appendix Non-rural (eligible, not entirely rural)"
Memphis,Tennessee,Shelby,47157010810,Shelby County urban-eligible tract,N,Eligible — not designated,35.0563807,-89.8963877,"Rev. Proc. 2026-14 appendix Non-rural (eligible, not entirely rural)"
Memphis,Tennessee,Shelby,47157011010,Shelby County urban-eligible tract,N,Eligible — not designated,35.0368208,-89.9594299,"Rev. Proc. 2026-14 appendix Non-rural (eligible, not entirely rural)"
Memphis,Tennessee,Shelby,47157011020,Shelby County urban-eligible tract,N,Eligible — not designated,35.0403971,-89.9453387,"Rev. Proc. 2026-14 appendix Non-rural (eligible, not entirely rural)"
Memphis,Tennessee,Shelby,47157011100,Shelby County urban-eligible tract,N,Eligible — not designated,35.173148,-89.9567443,"Rev. Proc. 2026-14 appendix Non-rural (eligible, not entirely rural)"
Memphis,Tennessee,Shelby,47157011200,Shelby County urban-eligible tract,N,Eligible — not designated,35.1653428,-90.0146529,"Rev. Proc. 2026-14 appendix Non-rural (eligible, not entirely rural)"
Memphis,Tennessee,Shelby,47157011300,Shelby County urban-eligible tract,N,Eligible — not designated,35.151911,-90.0425808,"Rev. Proc. 2026-14 appendix Non-rural (eligible, not entirely rural)"
Memphis,Tennessee,Shelby,47157011401,Shelby County urban-eligible tract,N,Eligible — not designated,35.1364164,-90.0407967,"Rev. Proc. 2026-14 appendix Non-rural (eligible, not entirely rural)"
Memphis,Tennessee,Shelby,47157011402,Shelby County urban-eligible tract,N,Eligible — not designated,35.1364743,-90.0491579,"Rev. Proc. 2026-14 appendix Non-rural (eligible, not entirely rural)"
Memphis,Tennessee,Shelby,47157011500,Shelby County urban-eligible tract,N,Eligible — not designated,35.1151681,-90.0237465,"Rev. Proc. 2026-14 appendix Non-rural (eligible, not entirely rural)"
Memphis,Tennessee,Shelby,47157011600,Shelby County urban-eligible tract,N,Eligible — not designated,35.120515,-90.0397422,"Rev. Proc. 2026-14 appendix Non-rural (eligible, not entirely rural)"
Memphis,Tennessee,Shelby,47157011700,Shelby County urban-eligible tract,N,Eligible — not designated,35.1167431,-90.0649258,"Rev. Proc. 2026-14 appendix Non-rural (eligible, not entirely rural)"
Memphis,Tennessee,Shelby,47157011800,Shelby County urban-eligible tract,N,Eligible — not designated,35.0943439,-89.9240346,"Rev. Proc. 2026-14 appendix Non-rural (eligible, not entirely rural)"
Memphis,Tennessee,Shelby,47157020210,Shelby County rural-eligible tract,Y,Eligible — not designated,35.3718942,-89.8731724,Rev. Proc. 2026-14 appendix Rural (entirely rural)
Memphis,Tennessee,Shelby,47157020302,Shelby County rural-eligible tract,Y,Eligible — not designated,35.3463526,-89.8944629,Rev. Proc. 2026-14 appendix Rural (entirely rural)
Memphis,Tennessee,Shelby,47157020521,Shelby County urban-eligible tract,N,Eligible — not designated,35.2442208,-89.9586155,"Rev. Proc. 2026-14 appendix Non-rural (eligible, not entirely rural)"
Memphis,Tennessee,Shelby,47157020523,Shelby County urban-eligible tract,N,Eligible — not designated,35.2457594,-89.934612,"Rev. Proc. 2026-14 appendix Non-rural (eligible, not entirely rural)"
Memphis,Tennessee,Shelby,47157020531,Shelby County urban-eligible tract,N,Eligible — not designated,35.2551486,-89.9027386,"Rev. Proc. 2026-14 appendix Non-rural (eligible, not entirely rural)"
Memphis,Tennessee,Shelby,47157020532,Shelby County urban-eligible tract,N,Eligible — not designated,35.2306629,-89.9066964,"Rev. Proc. 2026-14 appendix Non-rural (eligible, not entirely rural)"
Memphis,Tennessee,Shelby,47157020543,Shelby County urban-eligible tract,N,Eligible — not designated,35.1940585,-89.9495065,"Rev. Proc. 2026-14 appendix Non-rural (eligible, not entirely rural)"
Memphis,Tennessee,Shelby,47157020544,Shelby County urban-eligible tract,N,Eligible — not designated,35.2187656,-89.9409403,"Rev. Proc. 2026-14 appendix Non-rural (eligible, not entirely rural)"
Memphis,Tennessee,Shelby,47157020621,Shelby County urban-eligible tract,N,Eligible — not designated,35.1994832,-89.8813036,"Rev. Proc. 2026-14 appendix Non-rural (eligible, not entirely rural)"
Memphis,Tennessee,Shelby,47157021111,Shelby County urban-eligible tract,N,Eligible — not designated,35.1779554,-89.8525191,"Rev. Proc. 2026-14 appendix Non-rural (eligible, not entirely rural)"
Memphis,Tennessee,Shelby,47157021122,Shelby County urban-eligible tract,N,Eligible — not designated,35.1605979,-89.8477419,"Rev. Proc. 2026-14 appendix Non-rural (eligible, not entirely rural)"
Memphis,Tennessee,Shelby,47157021620,Shelby County urban-eligible tract,N,Eligible — not designated,35.032363,-89.6653429,"Rev. Proc. 2026-14 appendix Non-rural (eligible, not entirely rural)"
Memphis,Tennessee,Shelby,47157021710,Shelby County urban-eligible tract,N,Eligible — not designated,35.0721871,-89.8740507,"Rev. Proc. 2026-14 appendix Non-rural (eligible, not entirely rural)"
Memphis,Tennessee,Shelby,47157021721,Shelby County urban-eligible tract,N,Eligible — not designated,35.0613389,-89.8613471,"Rev. Proc. 2026-14 appendix Non-rural (eligible, not entirely rural)"
Memphis,Tennessee,Shelby,47157021724,Shelby County urban-eligible tract,N,Eligible — not designated,35.0547724,-89.8349818,"Rev. Proc. 2026-14 appendix Non-rural (eligible, not entirely rural)"
Memphis,Tennessee,Shelby,47157021725,Shelby County urban-eligible tract,N,Eligible — not designated,35.0642348,-89.8509632,"Rev. Proc. 2026-14 appendix Non-rural (eligible, not entirely rural)"
Memphis,Tennessee,Shelby,47157021731,Shelby County urban-eligible tract,N,Eligible — not designated,35.0427234,-89.8760678,"Rev. Proc. 2026-14 appendix Non-rural (eligible, not entirely rural)"
Memphis,Tennessee,Shelby,47157021752,Shelby County urban-eligible tract,N,Eligible — not designated,35.0002256,-89.8130789,"Rev. Proc. 2026-14 appendix Non-rural (eligible, not entirely rural)"
Memphis,Tennessee,Shelby,47157021754,Shelby County urban-eligible tract,N,Eligible — not designated,35.0130818,-89.8398678,"Rev. Proc. 2026-14 appendix Non-rural (eligible, not entirely rural)"
Memphis,Tennessee,Shelby,47157021755,Shelby County urban-eligible tract,N,Eligible — not designated,35.0551812,-89.8521589,"Rev. Proc. 2026-14 appendix Non-rural (eligible, not entirely rural)"
Memphis,Tennessee,Shelby,47157021757,Shelby County urban-eligible tract,N,Eligible — not designated,35.0422505,-89.8615404,"Rev. Proc. 2026-14 appendix Non-rural (eligible, not entirely rural)"
Memphis,Tennessee,Shelby,47157021759,Shelby County urban-eligible tract,N,Eligible — not designated,35.0275913,-89.8673715,"Rev. Proc. 2026-14 appendix Non-rural (eligible, not entirely rural)"
Memphis,Tennessee,Shelby,47157022023,Shelby County urban-eligible tract,N,Eligible — not designated,35.0537298,-90.0183074,"Rev. Proc. 2026-14 appendix Non-rural (eligible, not entirely rural)"
Memphis,Tennessee,Shelby,47157022025,Shelby County urban-eligible tract,N,Eligible — not designated,35.0473331,-90.0045945,"Rev. Proc. 2026-14 appendix Non-rural (eligible, not entirely rural)"
Memphis,Tennessee,Shelby,47157022026,Shelby County urban-eligible tract,N,Eligible — not designated,35.0508434,-89.9990696,"Rev. Proc. 2026-14 appendix Non-rural (eligible, not entirely rural)"
Memphis,Tennessee,Shelby,47157022111,Shelby County urban-eligible tract,N,Eligible — not designated,35.0283165,-90.0262104,"Rev. Proc. 2026-14 appendix Non-rural (eligible, not entirely rural)"
Memphis,Tennessee,Shelby,47157022121,Shelby County urban-eligible tract,N,Eligible — not designated,35.0137999,-90.0225038,"Rev. Proc. 2026-14 appendix Non-rural (eligible, not entirely rural)"
Memphis,Tennessee,Shelby,47157022122,Shelby County urban-eligible tract,N,Eligible — not designated,35.0137132,-89.998721,"Rev. Proc. 2026-14 appendix Non-rural (eligible, not entirely rural)"
Memphis,Tennessee,Shelby,47157022130,Shelby County urban-eligible tract,N,Eligible — not designated,35.0038598,-90.0134588,"Rev. Proc. 2026-14 appendix Non-rural (eligible, not entirely rural)"
Memphis,Tennessee,Shelby,47157022131,Shelby County urban-eligible tract,N,Eligible — not designated,35.0281733,-90.0072766,"Rev. Proc. 2026-14 appendix Non-rural (eligible, not entirely rural)"
Memphis,Tennessee,Shelby,47157022132,Shelby County urban-eligible tract,N,Eligible — not designated,35.0282938,-89.9961251,"Rev. Proc. 2026-14 appendix Non-rural (eligible, not entirely rural)"
Memphis,Tennessee,Shelby,47157022210,Shelby County urban-eligible tract,N,Eligible — not designated,35.0426817,-90.1149317,"Rev. Proc. 2026-14 appendix Non-rural (eligible, not entirely rural)"
Memphis,Tennessee,Shelby,47157022220,Shelby County urban-eligible tract,N,Eligible — not designated,35.0659776,-90.0748692,"Rev. Proc. 2026-14 appendix Non-rural (eligible, not entirely rural)"
Memphis,Tennessee,Shelby,47157022310,Shelby County urban-eligible tract,N,Eligible — not designated,35.0452222,-90.074135,"Rev. Proc. 2026-14 appendix Non-rural (eligible, not entirely rural)"
Memphis,Tennessee,Shelby,47157022321,Shelby County urban-eligible tract,N,Eligible — not designated,35.0483055,-90.049724,"Rev. Proc. 2026-14 appendix Non-rural (eligible, not entirely rural)"
Memphis,Tennessee,Shelby,47157022322,Shelby County urban-eligible tract,N,Eligible — not designated,35.0279595,-90.0550086,"Rev. Proc. 2026-14 appendix Non-rural (eligible, not entirely rural)"
Memphis,Tennessee,Shelby,47157022330,Shelby County urban-eligible tract,N,Eligible — not designated,35.0281455,-90.0838623,"Rev. Proc. 2026-14 appendix Non-rural (eligible, not entirely rural)"
Memphis,Tennessee,Shelby,47157022410,Shelby County urban-eligible tract,N,Eligible — not designated,35.0111662,-90.0901823,"Rev. Proc. 2026-14 appendix Non-rural (eligible, not entirely rural)"
Memphis,Tennessee,Shelby,47157022500,Shelby County urban-eligible tract,N,Eligible — not designated,35.0612401,-90.0291826,"Rev. Proc. 2026-14 appendix Non-rural (eligible, not entirely rural)"
Memphis,Tennessee,Shelby,47157022600,Shelby County urban-eligible tract,N,Eligible — not designated,35.0188066,-89.9012347,"Rev. Proc. 2026-14 appendix Non-rural (eligible, not entirely rural)"
Memphis,Tennessee,Shelby,47157022700,Shelby County urban-eligible tract,N,Eligible — not designated,35.0080388,-90.0514313,"Rev. Proc. 2026-14 appendix Non-rural (eligible, not entirely rural)"
Memphis,Tennessee,Tipton,47167040200,Tipton County rural-eligible tract,Y,Eligible — not designated,35.5371925,-89.8556474,Rev. Proc. 2026-14 appendix Rural (entirely rural)
Memphis,Tennessee,Tipton,47167040601,Tipton County rural-eligible tract,Y,Eligible — not designated,35.5881662,-89.6809425,Rev. Proc. 2026-14 appendix Rural (entirely rural)
Memphis,Tennessee,Tipton,47167040700,Tipton County rural-eligible tract,Y,Eligible — not designated,35.5586895,-89.6493002,Rev. Proc. 2026-14 appendix Rural (entirely rural)
Winston-Salem,North Carolina,Davidson,37057060800,Davidson County urban-eligible tract,N,Eligible — not designated,35.885164,-80.1062794,"Rev. Proc. 2026-14 appendix Non-rural (eligible, not entirely rural)"
Winston-Salem,North Carolina,Davidson,37057061203,Davidson County urban-eligible tract,N,Eligible — not designated,35.8479477,-80.2672983,"Rev. Proc. 2026-14 appendix Non-rural (eligible, not entirely rural)"
Winston-Salem,North Carolina,Davidson,37057061204,Davidson County urban-eligible tract,N,Eligible — not designated,35.8455568,-80.2306371,"Rev. Proc. 2026-14 appendix Non-rural (eligible, not entirely rural)"
Winston-Salem,North Carolina,Davidson,37057061300,Davidson County urban-eligible tract,N,Eligible — not designated,35.8292072,-80.2585195,"Rev. Proc. 2026-14 appendix Non-rural (eligible, not entirely rural)"
Winston-Salem,North Carolina,Davidson,37057061400,Davidson County urban-eligible tract,N,Eligible — not designated,35.8199281,-80.2387907,"Rev. Proc. 2026-14 appendix Non-rural (eligible, not entirely rural)"
Winston-Salem,North Carolina,Davidson,37057061501,Davidson County urban-eligible tract,N,Eligible — not designated,35.7987497,-80.269939,"Rev. Proc. 2026-14 appendix Non-rural (eligible, not entirely rural)"
Winston-Salem,North Carolina,Davidson,37057061600,Davidson County urban-eligible tract,N,Eligible — not designated,35.8147265,-80.2837392,"Rev. Proc. 2026-14 appendix Non-rural (eligible, not entirely rural)"
Winston-Salem,North Carolina,Davidson,37057061803,Davidson County urban-eligible tract,N,Eligible — not designated,35.7624153,-80.2846798,"Rev. Proc. 2026-14 appendix Non-rural (eligible, not entirely rural)"
Winston-Salem,North Carolina,Davidson,37057061903,Davidson County rural-eligible tract,Y,Eligible — not designated,35.7914698,-80.0930999,Rev. Proc. 2026-14 appendix Rural (entirely rural)
Winston-Salem,North Carolina,Forsyth,37067000301,Forsyth County urban-eligible tract,N,Eligible — not designated,36.1110323,-80.2529776,"Rev. Proc. 2026-14 appendix Non-rural (eligible, not entirely rural)"
Winston-Salem,North Carolina,Forsyth,37067000302,Forsyth County urban-eligible tract,N,Eligible — not designated,36.1185146,-80.2561384,"Rev. Proc. 2026-14 appendix Non-rural (eligible, not entirely rural)"
Winston-Salem,North Carolina,Forsyth,37067000400,Forsyth County urban-eligible tract,N,Eligible — not designated,36.1202984,-80.2418719,"Rev. Proc. 2026-14 appendix Non-rural (eligible, not entirely rural)"
Winston-Salem,North Carolina,Forsyth,37067000500,Forsyth County urban-eligible tract,N,Eligible — not designated,36.1175184,-80.2280095,"Rev. Proc. 2026-14 appendix Non-rural (eligible, not entirely rural)"
Winston-Salem,North Carolina,Forsyth,37067000600,Forsyth County urban-eligible tract,N,Eligible — not designated,36.1081191,-80.2289223,"Rev. Proc. 2026-14 appendix Non-rural (eligible, not entirely rural)"
Winston-Salem,North Carolina,Forsyth,37067000700,Forsyth County urban-eligible tract,N,Eligible — not designated,36.0994649,-80.2302205,"Rev. Proc. 2026-14 appendix Non-rural (eligible, not entirely rural)"
Winston-Salem,North Carolina,Forsyth,37067000801,Forsyth County urban-eligible tract,N,Eligible — not designated,36.0868995,-80.2275159,"Rev. Proc. 2026-14 appendix Non-rural (eligible, not entirely rural)"
Winston-Salem,North Carolina,Forsyth,37067000802,Forsyth County urban-eligible tract,N,Eligible — not designated,36.0765437,-80.231189,"Rev. Proc. 2026-14 appendix Non-rural (eligible, not entirely rural)"
Winston-Salem,North Carolina,Forsyth,37067000900,Forsyth County urban-eligible tract,N,Eligible — not designated,36.0842573,-80.2489368,"Rev. Proc. 2026-14 appendix Non-rural (eligible, not entirely rural)"
Winston-Salem,North Carolina,Forsyth,37067001400,Forsyth County urban-eligible tract,N,Eligible — not designated,36.1381581,-80.2558794,"Rev. Proc. 2026-14 appendix Non-rural (eligible, not entirely rural)"
Winston-Salem,North Carolina,Forsyth,37067001500,Forsyth County urban-eligible tract,N,Eligible — not designated,36.1526103,-80.2391496,"Rev. Proc. 2026-14 appendix Non-rural (eligible, not entirely rural)"
Winston-Salem,North Carolina,Forsyth,37067001601,Forsyth County urban-eligible tract,N,Eligible — not designated,36.139276,-80.2124724,"Rev. Proc. 2026-14 appendix Non-rural (eligible, not entirely rural)"
Winston-Salem,North Carolina,Forsyth,37067001602,Forsyth County urban-eligible tract,N,Eligible — not designated,36.1226178,-80.2209316,"Rev. Proc. 2026-14 appendix Non-rural (eligible, not entirely rural)"
Winston-Salem,North Carolina,Forsyth,37067001700,Forsyth County urban-eligible tract,N,Eligible — not designated,36.1185506,-80.2053871,"Rev. Proc. 2026-14 appendix Non-rural (eligible, not entirely rural)"
Winston-Salem,North Carolina,Forsyth,37067001800,Forsyth County urban-eligible tract,N,Eligible — not designated,36.0793249,-80.2108615,"Rev. Proc. 2026-14 appendix Non-rural (eligible, not entirely rural)"
Winston-Salem,North Carolina,Forsyth,37067002002,Forsyth County urban-eligible tract,N,Eligible — not designated,36.0513654,-80.248779,"Rev. Proc. 2026-14 appendix Non-rural (eligible, not entirely rural)"
Winston-Salem,North Carolina,Forsyth,37067002702,Forsyth County urban-eligible tract,N,Eligible — not designated,36.1632531,-80.2768238,"Rev. Proc. 2026-14 appendix Non-rural (eligible, not entirely rural)"
Winston-Salem,North Carolina,Forsyth,37067002704,Forsyth County urban-eligible tract,N,Eligible — not designated,36.1480691,-80.2762917,"Rev. Proc. 2026-14 appendix Non-rural (eligible, not entirely rural)"
Winston-Salem,North Carolina,Forsyth,37067002705,Forsyth County urban-eligible tract,N,Eligible — not designated,36.1454142,-80.2926236,"Rev. Proc. 2026-14 appendix Non-rural (eligible, not entirely rural)"
Winston-Salem,North Carolina,Forsyth,37067002806,Forsyth County urban-eligible tract,N,Eligible — not designated,36.1864015,-80.276951,"Rev. Proc. 2026-14 appendix Non-rural (eligible, not entirely rural)"
Winston-Salem,North Carolina,Forsyth,37067002903,Forsyth County urban-eligible tract,N,Eligible — not designated,36.1685103,-80.2018375,"Rev. Proc. 2026-14 appendix Non-rural (eligible, not entirely rural)"
Winston-Salem,North Carolina,Forsyth,37067003202,Forsyth County urban-eligible tract,N,Eligible — not designated,36.1225268,-80.0574823,"Rev. Proc. 2026-14 appendix Non-rural (eligible, not entirely rural)"
Winston-Salem,North Carolina,Forsyth,37067003403,Forsyth County urban-eligible tract,N,Eligible — not designated,36.0576259,-80.1859501,"Rev. Proc. 2026-14 appendix Non-rural (eligible, not entirely rural)"
Winston-Salem,North Carolina,Forsyth,37067003404,Forsyth County urban-eligible tract,N,Eligible — not designated,36.0683381,-80.1940192,"Rev. Proc. 2026-14 appendix Non-rural (eligible, not entirely rural)"
Winston-Salem,North Carolina,Forsyth,37067003500,Forsyth County urban-eligible tract,N,Eligible — not designated,36.036302,-80.203143,"Rev. Proc. 2026-14 appendix Non-rural (eligible, not entirely rural)"
Winston-Salem,North Carolina,Forsyth,37067003701,Forsyth County urban-eligible tract,N,Eligible — not designated,36.0559665,-80.2697237,"Rev. Proc. 2026-14 appendix Non-rural (eligible, not entirely rural)"
Winston-Salem,North Carolina,Forsyth,37067003903,Forsyth County urban-eligible tract,N,Eligible — not designated,36.0831166,-80.3190051,"Rev. Proc. 2026-14 appendix Non-rural (eligible, not entirely rural)"
Winston-Salem,North Carolina,Guilford,37081010100,Guilford County urban-eligible tract,N,Eligible — not designated,36.0931506,-79.7611076,"Rev. Proc. 2026-14 appendix Non-rural (eligible, not entirely rural)"
Winston-Salem,North Carolina,Guilford,37081010200,Guilford County urban-eligible tract,N,Eligible — not designated,36.1062439,-79.7761396,"Rev. Proc. 2026-14 appendix Non-rural (eligible, not entirely rural)"
Winston-Salem,North Carolina,Guilford,37081010300,Guilford County urban-eligible tract,N,Eligible — not designated,36.0948011,-79.7752143,"Rev. Proc. 2026-14 appendix Non-rural (eligible, not entirely rural)"
Winston-Salem,North Carolina,Guilford,37081010602,Guilford County urban-eligible tract,N,Eligible — not designated,36.0682398,-79.8231061,"Rev. Proc. 2026-14 appendix Non-rural (eligible, not entirely rural)"
Winston-Salem,North Carolina,Guilford,37081010702,Guilford County urban-eligible tract,N,Eligible — not designated,36.0690352,-79.8063793,"Rev. Proc. 2026-14 appendix Non-rural (eligible, not entirely rural)"
Winston-Salem,North Carolina,Guilford,37081011000,Guilford County urban-eligible tract,N,Eligible — not designated,36.07788,-79.7691959,"Rev. Proc. 2026-14 appendix Non-rural (eligible, not entirely rural)"
Winston-Salem,North Carolina,Guilford,37081011101,Guilford County urban-eligible tract,N,Eligible — not designated,36.069281,-79.7555793,"Rev. Proc. 2026-14 appendix Non-rural (eligible, not entirely rural)"
Winston-Salem,North Carolina,Guilford,37081011102,Guilford County urban-eligible tract,N,Eligible — not designated,36.0534918,-79.7574125,"Rev. Proc. 2026-14 appendix Non-rural (eligible, not entirely rural)"
Winston-Salem,North Carolina,Guilford,37081011201,Guilford County urban-eligible tract,N,Eligible — not designated,36.0676574,-79.7757935,"Rev. Proc. 2026-14 appendix Non-rural (eligible, not entirely rural)"
Winston-Salem,North Carolina,Guilford,37081011202,Guilford County urban-eligible tract,N,Eligible — not designated,36.0607543,-79.7767022,"Rev. Proc. 2026-14 appendix Non-rural (eligible, not entirely rural)"
Winston-Salem,North Carolina,Guilford,37081011300,Guilford County urban-eligible tract,N,Eligible — not designated,36.049721,-79.7823577,"Rev. Proc. 2026-14 appendix Non-rural (eligible, not entirely rural)"
Winston-Salem,North Carolina,Guilford,37081011400,Guilford County urban-eligible tract,N,Eligible — not designated,36.0540185,-79.7981309,"Rev. Proc. 2026-14 appendix Non-rural (eligible, not entirely rural)"
Winston-Salem,North Carolina,Guilford,37081011500,Guilford County urban-eligible tract,N,Eligible — not designated,36.0567911,-79.8093019,"Rev. Proc. 2026-14 appendix Non-rural (eligible, not entirely rural)"
Winston-Salem,North Carolina,Guilford,37081011601,Guilford County urban-eligible tract,N,Eligible — not designated,36.0535791,-79.8234228,"Rev. Proc. 2026-14 appendix Non-rural (eligible, not entirely rural)"
Winston-Salem,North Carolina,Guilford,37081011602,Guilford County urban-eligible tract,N,Eligible — not designated,36.0528836,-79.8435807,"Rev. Proc. 2026-14 appendix Non-rural (eligible, not entirely rural)"
Winston-Salem,North Carolina,Guilford,37081011905,Guilford County urban-eligible tract,N,Eligible — not designated,36.1329176,-79.7548017,"Rev. Proc. 2026-14 appendix Non-rural (eligible, not entirely rural)"
Winston-Salem,North Carolina,Guilford,37081012504,Guilford County urban-eligible tract,N,Eligible — not designated,36.0744839,-79.8595757,"Rev. Proc. 2026-14 appendix Non-rural (eligible, not entirely rural)"
Winston-Salem,North Carolina,Guilford,37081012604,Guilford County urban-eligible tract,N,Eligible — not designated,36.0416929,-79.814319,"Rev. Proc. 2026-14 appendix Non-rural (eligible, not entirely rural)"
Winston-Salem,North Carolina,Guilford,37081012608,Guilford County urban-eligible tract,N,Eligible — not designated,36.0428788,-79.8536192,"Rev. Proc. 2026-14 appendix Non-rural (eligible, not entirely rural)"
Winston-Salem,North Carolina,Guilford,37081012611,Guilford County urban-eligible tract,N,Eligible — not designated,36.0256423,-79.8223043,"Rev. Proc. 2026-14 appendix Non-rural (eligible, not entirely rural)"
Winston-Salem,North Carolina,Guilford,37081012612,Guilford County urban-eligible tract,N,Eligible — not designated,36.0163122,-79.8168078,"Rev. Proc. 2026-14 appendix Non-rural (eligible, not entirely rural)"
Winston-Salem,North Carolina,Guilford,37081012618,Guilford County urban-eligible tract,N,Eligible — not designated,36.0580785,-79.8630369,"Rev. Proc. 2026-14 appendix Non-rural (eligible, not entirely rural)"
Winston-Salem,North Carolina,Guilford,37081012619,Guilford County urban-eligible tract,N,Eligible — not designated,36.0670431,-79.8733001,"Rev. Proc. 2026-14 appendix Non-rural (eligible, not entirely rural)"
Winston-Salem,North Carolina,Guilford,37081012620,Guilford County urban-eligible tract,N,Eligible — not designated,36.0314872,-79.8484253,"Rev. Proc. 2026-14 appendix Non-rural (eligible, not entirely rural)"
Winston-Salem,North Carolina,Guilford,37081012621,Guilford County urban-eligible tract,N,Eligible — not designated,36.0238107,-79.8617529,"Rev. Proc. 2026-14 appendix Non-rural (eligible, not entirely rural)"
Winston-Salem,North Carolina,Guilford,37081012703,Guilford County urban-eligible tract,N,Eligible — not designated,36.1211255,-79.7937567,"Rev. Proc. 2026-14 appendix Non-rural (eligible, not entirely rural)"
Winston-Salem,North Carolina,Guilford,37081012705,Guilford County urban-eligible tract,N,Eligible — not designated,36.1023725,-79.7471017,"Rev. Proc. 2026-14 appendix Non-rural (eligible, not entirely rural)"
Winston-Salem,North Carolina,Guilford,37081012706,Guilford County urban-eligible tract,N,Eligible — not designated,36.0934091,-79.7417388,"Rev. Proc. 2026-14 appendix Non-rural (eligible, not entirely rural)"
Winston-Salem,North Carolina,Guilford,37081012707,Guilford County urban-eligible tract,N,Eligible — not designated,36.0814312,-79.746533,"Rev. Proc. 2026-14 appendix Non-rural (eligible, not entirely rural)"
Winston-Salem,North Carolina,Guilford,37081012804,Guilford County urban-eligible tract,N,Eligible — not designated,36.0238569,-79.790368,"Rev. Proc. 2026-14 appendix Non-rural (eligible, not entirely rural)"
Winston-Salem,North Carolina,Guilford,37081013602,Guilford County urban-eligible tract,N,Eligible — not designated,35.9767856,-80.0094987,"Rev. Proc. 2026-14 appendix Non-rural (eligible, not entirely rural)"
Winston-Salem,North Carolina,Guilford,37081013800,Guilford County urban-eligible tract,N,Eligible — not designated,35.9687471,-79.9903354,"Rev. Proc. 2026-14 appendix Non-rural (eligible, not entirely rural)"
Winston-Salem,North Carolina,Guilford,37081013900,Guilford County urban-eligible tract,N,Eligible — not designated,35.9590203,-79.9872123,"Rev. Proc. 2026-14 appendix Non-rural (eligible, not entirely rural)"
Winston-Salem,North Carolina,Guilford,37081014000,Guilford County urban-eligible tract,N,Eligible — not designated,35.9486397,-80.0243309,"Rev. Proc. 2026-14 appendix Non-rural (eligible, not entirely rural)"
Winston-Salem,North Carolina,Guilford,37081014200,Guilford County urban-eligible tract,N,Eligible — not designated,35.9464228,-79.9892409,"Rev. Proc. 2026-14 appendix Non-rural (eligible, not entirely rural)"
Winston-Salem,North Carolina,Guilford,37081014300,Guilford County urban-eligible tract,N,Eligible — not designated,35.9411049,-80.0105656,"Rev. Proc. 2026-14 appendix Non-rural (eligible, not entirely rural)"
Winston-Salem,North Carolina,Guilford,37081014408,Guilford County urban-eligible tract,N,Eligible — not designated,35.9338427,-80.0423234,"Rev. Proc. 2026-14 appendix Non-rural (eligible, not entirely rural)"
Winston-Salem,North Carolina,Guilford,37081014410,Guilford County urban-eligible tract,N,Eligible — not designated,35.9942197,-80.0047969,"Rev. Proc. 2026-14 appendix Non-rural (eligible, not entirely rural)"
Winston-Salem,North Carolina,Guilford,37081014411,Guilford County urban-eligible tract,N,Eligible — not designated,35.9877921,-79.9898959,"Rev. Proc. 2026-14 appendix Non-rural (eligible, not entirely rural)"
Winston-Salem,North Carolina,Guilford,37081014501,Guilford County urban-eligible tract,N,Eligible — not designated,35.9234198,-80.009935,"Rev. Proc. 2026-14 appendix Non-rural (eligible, not entirely rural)"
Winston-Salem,North Carolina,Guilford,37081014502,Guilford County urban-eligible tract,N,Eligible — not designated,35.9356134,-79.9650597,"Rev. Proc. 2026-14 appendix Non-rural (eligible, not entirely rural)"
Winston-Salem,North Carolina,Guilford,37081014503,Guilford County urban-eligible tract,N,Eligible — not designated,35.9598744,-79.9634463,"Rev. Proc. 2026-14 appendix Non-rural (eligible, not entirely rural)"
Winston-Salem,North Carolina,Guilford,37081015302,Guilford County urban-eligible tract,N,Eligible — not designated,36.0710568,-79.6665816,"Rev. Proc. 2026-14 appendix Non-rural (eligible, not entirely rural)"
Winston-Salem,North Carolina,Guilford,37081016102,Guilford County urban-eligible tract,N,Eligible — not designated,36.0827471,-79.8995787,"Rev. Proc. 2026-14 appendix Non-rural (eligible, not entirely rural)"
Winston-Salem,North Carolina,Guilford,37081016800,Guilford County urban-eligible tract,N,Eligible — not designated,35.9853272,-79.771151,"Rev. Proc. 2026-14 appendix Non-rural (eligible, not entirely rural)"
Winston-Salem,North Carolina,Randolph,37151030100,Randolph County rural-eligible tract,Y,Eligible — not designated,35.6721415,-79.8252884,Rev. Proc. 2026-14 appendix Rural (entirely rural); county on outer/uncertain edge of ~90-min shed
Winston-Salem,North Carolina,Randolph,37151030302,Randolph County rural-eligible tract,Y,Eligible — not designated,35.7202203,-79.7831307,Rev. Proc. 2026-14 appendix Rural (entirely rural); county on outer/uncertain edge of ~90-min shed
Winston-Salem,North Carolina,Randolph,37151030400,Randolph County rural-eligible tract,Y,Eligible — not designated,35.7404541,-79.8192445,Rev. Proc. 2026-14 appendix Rural (entirely rural); county on outer/uncertain edge of ~90-min shed
Winston-Salem,North Carolina,Randolph,37151031001,Randolph County rural-eligible tract,Y,Eligible — not designated,35.7228398,-79.6116284,Rev. Proc. 2026-14 appendix Rural (entirely rural); county on outer/uncertain edge of ~90-min shed
Winston-Salem,North Carolina,Randolph,37151031101,Randolph County rural-eligible tract,Y,Eligible — not designated,35.7832131,-79.7372439,Rev. Proc. 2026-14 appendix Rural (entirely rural); county on outer/uncertain edge of ~90-min shed
Winston-Salem,North Carolina,Randolph,37151031401,Randolph County rural-eligible tract,Y,Eligible — not designated,35.8248083,-79.7958262,Rev. Proc. 2026-14 appendix Rural (entirely rural); county on outer/uncertain edge of ~90-min shed
Winston-Salem,North Carolina,Randolph,37151031602,Randolph County urban-eligible tract,N,Eligible — not designated,35.9133464,-79.9854928,"Rev. Proc. 2026-14 appendix Non-rural (eligible, not entirely rural); county on outer/uncertain edge of ~90-min shed"
Winston-Salem,North Carolina,Rockingham,37157040200,Rockingham County rural-eligible tract,Y,Eligible — not designated,36.5189608,-79.680084,Rev. Proc. 2026-14 appendix Rural (entirely rural); county on outer/uncertain edge of ~90-min shed
Winston-Salem,North Carolina,Rockingham,37157040501,Rockingham County rural-eligible tract,Y,Eligible — not designated,36.5163684,-79.8114953,Rev. Proc. 2026-14 appendix Rural (entirely rural); county on outer/uncertain edge of ~90-min shed
Winston-Salem,North Carolina,Rockingham,37157040900,Rockingham County rural-eligible tract,Y,Eligible — not designated,36.422529,-79.9483621,Rev. Proc. 2026-14 appendix Rural (entirely rural); county on outer/uncertain edge of ~90-min shed
Winston-Salem,North Carolina,Rockingham,37157041001,Rockingham County rural-eligible tract,Y,Eligible — not designated,36.3108592,-79.9756041,Rev. Proc. 2026-14 appendix Rural (entirely rural); county on outer/uncertain edge of ~90-min shed
Winston-Salem,North Carolina,Rockingham,37157041200,Rockingham County rural-eligible tract,Y,Eligible — not designated,36.3704045,-79.6751173,Rev. Proc. 2026-14 appendix Rural (entirely rural); county on outer/uncertain edge of ~90-min shed
Winston-Salem,North Carolina,Rockingham,37157041400,Rockingham County rural-eligible tract,Y,Eligible — not designated,36.3287653,-79.6524614,Rev. Proc. 2026-14 appendix Rural (entirely rural); county on outer/uncertain edge of ~90-min shed
Winston-Salem,North Carolina,Stokes,37169070101,Stokes County rural-eligible tract,Y,Eligible — not designated,36.3854332,-80.0859336,Rev. Proc. 2026-14 appendix Rural (entirely rural)
Winston-Salem,North Carolina,Stokes,37169070302,Stokes County rural-eligible tract,Y,Eligible — not designated,36.427251,-80.3922429,Rev. Proc. 2026-14 appendix Rural (entirely rural)
Winston-Salem,North Carolina,Surry,37171930201,Surry County rural-eligible tract,Y,Eligible — not designated,36.5382079,-80.5338818,Rev. Proc. 2026-14 appendix Rural (entirely rural); county on outer/uncertain edge of ~90-min shed
Winston-Salem,North Carolina,Surry,37171930202,Surry County rural-eligible tract,Y,Eligible — not designated,36.4691666,-80.5706791,Rev. Proc. 2026-14 appendix Rural (entirely rural); county on outer/uncertain edge of ~90-min shed
Winston-Salem,North Carolina,Surry,37171930400,Surry County rural-eligible tract,Y,Eligible — not designated,36.492451,-80.6077456,Rev. Proc. 2026-14 appendix Rural (entirely rural); county on outer/uncertain edge of ~90-min shed
Winston-Salem,North Carolina,Surry,37171930501,Surry County rural-eligible tract,Y,Eligible — not designated,36.5406504,-80.6563985,Rev. Proc. 2026-14 appendix Rural (entirely rural); county on outer/uncertain edge of ~90-min shed
Winston-Salem,North Carolina,Surry,37171930502,Surry County rural-eligible tract,Y,Eligible — not designated,36.5060832,-80.6363605,Rev. Proc. 2026-14 appendix Rural (entirely rural); county on outer/uncertain edge of ~90-min shed
Winston-Salem,North Carolina,Surry,37171930802,Surry County rural-eligible tract,Y,Eligible — not designated,36.3813323,-80.8662001,Rev. Proc. 2026-14 appendix Rural (entirely rural); county on outer/uncertain edge of ~90-min shed
Winston-Salem,North Carolina,Surry,37171931003,Surry County rural-eligible tract,Y,Eligible — not designated,36.3136618,-80.7450269,Rev. Proc. 2026-14 appendix Rural (entirely rural); county on outer/uncertain edge of ~90-min shed
Winston-Salem,North Carolina,Yadkin,37197050401,Yadkin County rural-eligible tract,Y,Eligible — not designated,36.1062991,-80.8256844,Rev. Proc. 2026-14 appendix Rural (entirely rural)
Winston-Salem,North Carolina,Yadkin,37197050502,Yadkin County rural-eligible tract,Y,Eligible — not designated,36.0923367,-80.5778393,Rev. Proc. 2026-14 appendix Rural (entirely rural)
Wilmington,North Carolina,Brunswick,37019020101,Brunswick County rural-eligible tract,Y,Eligible — not designated,34.323231,-78.071378,Rev. Proc. 2026-14 appendix Rural (entirely rural)
Wilmington,North Carolina,Brunswick,37019020204,Brunswick County rural-eligible tract,Y,Eligible — not designated,34.0267982,-78.0892409,Rev. Proc. 2026-14 appendix Rural (entirely rural)
Wilmington,North Carolina,Brunswick,37019020404,Brunswick County rural-eligible tract,Y,Eligible — not designated,33.9659625,-78.3045336,Rev. Proc. 2026-14 appendix Rural (entirely rural)
Wilmington,North Carolina,Brunswick,37019020408,Brunswick County rural-eligible tract,Y,Eligible — not designated,33.9506849,-78.3530295,Rev. Proc. 2026-14 appendix Rural (entirely rural)
Wilmington,North Carolina,Brunswick,37019020409,Brunswick County rural-eligible tract,Y,Eligible — not designated,33.928238,-78.338022,Rev. Proc. 2026-14 appendix Rural (entirely rural)
Wilmington,North Carolina,Brunswick,37019020505,Brunswick County rural-eligible tract,Y,Eligible — not designated,33.9916026,-78.5495703,Rev. Proc. 2026-14 appendix Rural (entirely rural)
Wilmington,North Carolina,Brunswick,37019020601,Brunswick County rural-eligible tract,Y,Eligible — not designated,34.0823293,-78.4165529,Rev. Proc. 2026-14 appendix Rural (entirely rural)
Wilmington,North Carolina,Columbus,37047930400,Columbus County rural-eligible tract,Y,Eligible — not designated,34.338158,-78.6088151,Rev. Proc. 2026-14 appendix Rural (entirely rural); county on outer/uncertain edge of ~90-min shed
Wilmington,North Carolina,Columbus,37047930500,Columbus County rural-eligible tract,Y,Eligible — not designated,34.4040593,-78.8626385,Rev. Proc. 2026-14 appendix Rural (entirely rural); county on outer/uncertain edge of ~90-min shed
Wilmington,North Carolina,Columbus,37047930600,Columbus County rural-eligible tract,Y,Eligible — not designated,34.2820986,-78.9447753,Rev. Proc. 2026-14 appendix Rural (entirely rural); county on outer/uncertain edge of ~90-min shed
Wilmington,North Carolina,Columbus,37047930700,Columbus County rural-eligible tract,Y,Eligible — not designated,34.3174194,-78.8298159,Rev. Proc. 2026-14 appendix Rural (entirely rural); county on outer/uncertain edge of ~90-min shed
Wilmington,North Carolina,Columbus,37047930900,Columbus County rural-eligible tract,Y,Eligible — not designated,34.3159737,-78.7391773,Rev. Proc. 2026-14 appendix Rural (entirely rural); county on outer/uncertain edge of ~90-min shed
Wilmington,North Carolina,Columbus,37047931000,Columbus County rural-eligible tract,Y,Eligible — not designated,34.2735881,-78.7166122,Rev. Proc. 2026-14 appendix Rural (entirely rural); county on outer/uncertain edge of ~90-min shed
Wilmington,North Carolina,Columbus,37047931201,Columbus County rural-eligible tract,Y,Eligible — not designated,34.1724021,-78.8558309,Rev. Proc. 2026-14 appendix Rural (entirely rural); county on outer/uncertain edge of ~90-min shed
Wilmington,North Carolina,Columbus,37047931302,Columbus County rural-eligible tract,Y,Eligible — not designated,34.1544211,-78.5521252,Rev. Proc. 2026-14 appendix Rural (entirely rural); county on outer/uncertain edge of ~90-min shed
Wilmington,North Carolina,Duplin,37061090101,Duplin County rural-eligible tract,Y,Eligible — not designated,35.1216285,-77.8087768,Rev. Proc. 2026-14 appendix Rural (entirely rural); county on outer/uncertain edge of ~90-min shed
Wilmington,North Carolina,Duplin,37061090102,Duplin County rural-eligible tract,Y,Eligible — not designated,35.0627152,-77.8919793,Rev. Proc. 2026-14 appendix Rural (entirely rural); county on outer/uncertain edge of ~90-min shed
Wilmington,North Carolina,Duplin,37061090103,Duplin County rural-eligible tract,Y,Eligible — not designated,35.149144,-77.9649835,Rev. Proc. 2026-14 appendix Rural (entirely rural); county on outer/uncertain edge of ~90-min shed
Wilmington,North Carolina,Duplin,37061090301,Duplin County rural-eligible tract,Y,Eligible — not designated,34.9859289,-78.1110196,Rev. Proc. 2026-14 appendix Rural (entirely rural); county on outer/uncertain edge of ~90-min shed
Wilmington,North Carolina,Duplin,37061090402,Duplin County rural-eligible tract,Y,Eligible — not designated,35.005615,-77.942376,Rev. Proc. 2026-14 appendix Rural (entirely rural); county on outer/uncertain edge of ~90-min shed
Wilmington,North Carolina,Duplin,37061090505,Duplin County rural-eligible tract,Y,Eligible — not designated,34.8885011,-77.7181938,Rev. Proc. 2026-14 appendix Rural (entirely rural); county on outer/uncertain edge of ~90-min shed
Wilmington,North Carolina,Duplin,37061090600,Duplin County rural-eligible tract,Y,Eligible — not designated,34.7801925,-77.7801024,Rev. Proc. 2026-14 appendix Rural (entirely rural); county on outer/uncertain edge of ~90-min shed
Wilmington,North Carolina,Duplin,37061090704,Duplin County rural-eligible tract,Y,Eligible — not designated,34.8168594,-77.9019384,Rev. Proc. 2026-14 appendix Rural (entirely rural); county on outer/uncertain edge of ~90-min shed
Wilmington,North Carolina,Duplin,37061090705,Duplin County rural-eligible tract,Y,Eligible — not designated,34.74009,-77.9711159,Rev. Proc. 2026-14 appendix Rural (entirely rural); county on outer/uncertain edge of ~90-min shed
Wilmington,North Carolina,Duplin,37061090706,Duplin County rural-eligible tract,Y,Eligible — not designated,34.7708787,-78.00754,Rev. Proc. 2026-14 appendix Rural (entirely rural); county on outer/uncertain edge of ~90-min shed
Wilmington,North Carolina,Duplin,37061090801,Duplin County rural-eligible tract,Y,Eligible — not designated,34.8786984,-78.0951316,Rev. Proc. 2026-14 appendix Rural (entirely rural); county on outer/uncertain edge of ~90-min shed
Wilmington,North Carolina,Duplin,37061090804,Duplin County rural-eligible tract,Y,Eligible — not designated,34.8385192,-78.0062914,Rev. Proc. 2026-14 appendix Rural (entirely rural); county on outer/uncertain edge of ~90-min shed
Wilmington,North Carolina,New Hanover,37129010100,New Hanover County urban-eligible tract,N,Eligible — not designated,34.2420854,-77.9365256,"Rev. Proc. 2026-14 appendix Non-rural (eligible, not entirely rural)"
Wilmington,North Carolina,New Hanover,37129010200,New Hanover County urban-eligible tract,N,Eligible — not designated,34.2326213,-77.9252714,"Rev. Proc. 2026-14 appendix Non-rural (eligible, not entirely rural)"
Wilmington,North Carolina,New Hanover,37129010300,New Hanover County urban-eligible tract,N,Eligible — not designated,34.2509025,-77.914054,"Rev. Proc. 2026-14 appendix Non-rural (eligible, not entirely rural)"
Wilmington,North Carolina,New Hanover,37129010501,New Hanover County urban-eligible tract,N,Eligible — not designated,34.2384805,-77.8815138,"Rev. Proc. 2026-14 appendix Non-rural (eligible, not entirely rural)"
Wilmington,North Carolina,New Hanover,37129010504,New Hanover County urban-eligible tract,N,Eligible — not designated,34.2331061,-77.8969908,"Rev. Proc. 2026-14 appendix Non-rural (eligible, not entirely rural)"
Wilmington,North Carolina,New Hanover,37129010700,New Hanover County urban-eligible tract,N,Eligible — not designated,34.1993579,-77.9274528,"Rev. Proc. 2026-14 appendix Non-rural (eligible, not entirely rural)"
Wilmington,North Carolina,New Hanover,37129010800,New Hanover County urban-eligible tract,N,Eligible — not designated,34.1834766,-77.9463029,"Rev. Proc. 2026-14 appendix Non-rural (eligible, not entirely rural)"
Wilmington,North Carolina,New Hanover,37129011000,New Hanover County urban-eligible tract,N,Eligible — not designated,34.2137573,-77.9345263,"Rev. Proc. 2026-14 appendix Non-rural (eligible, not entirely rural)"
Wilmington,North Carolina,New Hanover,37129011400,New Hanover County urban-eligible tract,N,Eligible — not designated,34.2542366,-77.9408334,"Rev. Proc. 2026-14 appendix Non-rural (eligible, not entirely rural)"
Wilmington,North Carolina,New Hanover,37129011501,New Hanover County urban-eligible tract,N,Eligible — not designated,34.2376316,-77.8665951,"Rev. Proc. 2026-14 appendix Non-rural (eligible, not entirely rural)"
Wilmington,North Carolina,New Hanover,37129011502,New Hanover County urban-eligible tract,N,Eligible — not designated,34.2253187,-77.8629829,"Rev. Proc. 2026-14 appendix Non-rural (eligible, not entirely rural)"
Wilmington,North Carolina,New Hanover,37129011503,New Hanover County urban-eligible tract,N,Eligible — not designated,34.3206504,-77.9786241,"Rev. Proc. 2026-14 appendix Non-rural (eligible, not entirely rural)"
Wilmington,North Carolina,New Hanover,37129011605,New Hanover County urban-eligible tract,N,Eligible — not designated,34.2569713,-77.8790213,"Rev. Proc. 2026-14 appendix Non-rural (eligible, not entirely rural)"
Wilmington,North Carolina,New Hanover,37129011609,New Hanover County urban-eligible tract,N,Eligible — not designated,34.2987251,-77.8913034,"Rev. Proc. 2026-14 appendix Non-rural (eligible, not entirely rural)"
Wilmington,North Carolina,New Hanover,37129011610,New Hanover County urban-eligible tract,N,Eligible — not designated,34.32224,-77.8878539,"Rev. Proc. 2026-14 appendix Non-rural (eligible, not entirely rural)"
Wilmington,North Carolina,New Hanover,37129011905,New Hanover County urban-eligible tract,N,Eligible — not designated,34.2124138,-77.8519746,"Rev. Proc. 2026-14 appendix Non-rural (eligible, not entirely rural)"
Wilmington,North Carolina,New Hanover,37129011906,New Hanover County urban-eligible tract,N,Eligible — not designated,34.2168883,-77.8770641,"Rev. Proc. 2026-14 appendix Non-rural (eligible, not entirely rural)"
Wilmington,North Carolina,Onslow,37133000303,Onslow County rural-eligible tract,Y,Eligible — not designated,34.8001314,-77.6405085,Rev. Proc. 2026-14 appendix Rural (entirely rural); county on outer/uncertain edge of ~90-min shed
Wilmington,North Carolina,Onslow,37133000800,Onslow County urban-eligible tract,N,Eligible — not designated,34.7280872,-77.3391348,"Rev. Proc. 2026-14 appendix Non-rural (eligible, not entirely rural); county on outer/uncertain edge of ~90-min shed"
Wilmington,North Carolina,Onslow,37133000901,Onslow County urban-eligible tract,N,Eligible — not designated,34.7318856,-77.3661519,"Rev. Proc. 2026-14 appendix Non-rural (eligible, not entirely rural); county on outer/uncertain edge of ~90-min shed"
Wilmington,North Carolina,Onslow,37133001000,Onslow County urban-eligible tract,N,Eligible — not designated,34.711011,-77.4502568,"Rev. Proc. 2026-14 appendix Non-rural (eligible, not entirely rural); county on outer/uncertain edge of ~90-min shed"
Wilmington,North Carolina,Onslow,37133001101,Onslow County urban-eligible tract,N,Eligible — not designated,34.772241,-77.4806949,"Rev. Proc. 2026-14 appendix Non-rural (eligible, not entirely rural); county on outer/uncertain edge of ~90-min shed"
Wilmington,North Carolina,Onslow,37133001500,Onslow County urban-eligible tract,N,Eligible — not designated,34.773018,-77.4236138,"Rev. Proc. 2026-14 appendix Non-rural (eligible, not entirely rural); county on outer/uncertain edge of ~90-min shed"
Wilmington,North Carolina,Onslow,37133002202,Onslow County urban-eligible tract,N,Eligible — not designated,34.7456307,-77.3655447,"Rev. Proc. 2026-14 appendix Non-rural (eligible, not entirely rural); county on outer/uncertain edge of ~90-min shed"
Wilmington,North Carolina,Onslow,37133002600,Onslow County urban-eligible tract,N,Eligible — not designated,34.757835,-77.3972876,"Rev. Proc. 2026-14 appendix Non-rural (eligible, not entirely rural); county on outer/uncertain edge of ~90-min shed"
Wilmington,North Carolina,Onslow,37133002801,Onslow County rural-eligible tract,Y,Eligible — not designated,34.6467773,-77.1676,Rev. Proc. 2026-14 appendix Rural (entirely rural); county on outer/uncertain edge of ~90-min shed
Wilmington,North Carolina,Pender,37141920204,Pender County rural-eligible tract,Y,Eligible — not designated,34.6046249,-77.7337585,Rev. Proc. 2026-14 appendix Rural (entirely rural)
Wilmington,North Carolina,Pender,37141920403,Pender County rural-eligible tract,Y,Eligible — not designated,34.5493899,-77.8690183,Rev. Proc. 2026-14 appendix Rural (entirely rural)
