market,state,county,geoid,place_or_corridor,rural,status,lat,lon,notes
Vero Beach,Florida,Brevard,12009060104,Brevard County rural-eligible tract,Y,Eligible — not designated,28.7595275,-80.88106,Rev. Proc. 2026-14 appendix Rural (entirely rural); county on outer/uncertain edge of ~90-min shed
Vero Beach,Florida,Brevard,12009060105,Brevard County rural-eligible tract,Y,Eligible — not designated,28.6913195,-80.8439989,Rev. Proc. 2026-14 appendix Rural (entirely rural); county on outer/uncertain edge of ~90-min shed
Vero Beach,Florida,Brevard,12009060400,Brevard County rural-eligible tract,Y,Eligible — not designated,28.6259987,-80.8217906,Rev. Proc. 2026-14 appendix Rural (entirely rural); county on outer/uncertain edge of ~90-min shed
Vero Beach,Florida,Brevard,12009060600,Brevard County rural-eligible tract,Y,Eligible — not designated,28.5958293,-80.8358974,Rev. Proc. 2026-14 appendix Rural (entirely rural); county on outer/uncertain edge of ~90-min shed
Vero Beach,Florida,Brevard,12009060700,Brevard County rural-eligible tract,Y,Eligible — not designated,28.6074077,-80.8143413,Rev. Proc. 2026-14 appendix Rural (entirely rural); county on outer/uncertain edge of ~90-min shed
Vero Beach,Florida,Brevard,12009065239,Brevard County rural-eligible tract,Y,Eligible — not designated,27.8650822,-80.4994904,Rev. Proc. 2026-14 appendix Rural (entirely rural); county on outer/uncertain edge of ~90-min shed
Vero Beach,Florida,Brevard,12009065240,Brevard County rural-eligible tract,Y,Eligible — not designated,27.886466,-80.505304,Rev. Proc. 2026-14 appendix Rural (entirely rural); county on outer/uncertain edge of ~90-min shed
Vero Beach,Florida,Brevard,12009071204,Brevard County rural-eligible tract,Y,Eligible — not designated,28.3926801,-80.849217,Rev. Proc. 2026-14 appendix Rural (entirely rural); county on outer/uncertain edge of ~90-min shed
Vero Beach,Florida,Brevard,12009071402,Brevard County rural-eligible tract,Y,Eligible — not designated,28.568257,-80.7978826,Rev. Proc. 2026-14 appendix Rural (entirely rural); county on outer/uncertain edge of ~90-min shed
Vero Beach,Florida,Indian River,12061050101,Indian River County rural-eligible tract,Y,Eligible — not designated,27.6346881,-80.4129318,Rev. Proc. 2026-14 appendix Rural (entirely rural)
Vero Beach,Florida,Indian River,12061050102,Indian River County rural-eligible tract,Y,Eligible — not designated,27.6273223,-80.4113634,Rev. Proc. 2026-14 appendix Rural (entirely rural)
Vero Beach,Florida,Indian River,12061050303,Indian River County rural-eligible tract,Y,Eligible — not designated,27.6753714,-80.4182304,Rev. Proc. 2026-14 appendix Rural (entirely rural)
Vero Beach,Florida,Indian River,12061050304,Indian River County rural-eligible tract,Y,Eligible — not designated,27.6746529,-80.4362112,Rev. Proc. 2026-14 appendix Rural (entirely rural)
Vero Beach,Florida,Indian River,12061050401,Indian River County rural-eligible tract,Y,Eligible — not designated,27.6315547,-80.3847074,Rev. Proc. 2026-14 appendix Rural (entirely rural)
Vero Beach,Florida,Indian River,12061050601,Indian River County rural-eligible tract,Y,Eligible — not designated,27.6129684,-80.3755175,Rev. Proc. 2026-14 appendix Rural (entirely rural)
Vero Beach,Florida,Indian River,12061050604,Indian River County rural-eligible tract,Y,Eligible — not designated,27.5942647,-80.3682455,Rev. Proc. 2026-14 appendix Rural (entirely rural)
Vero Beach,Florida,Indian River,12061050907,Indian River County rural-eligible tract,Y,Eligible — not designated,27.6884277,-80.5236851,Rev. Proc. 2026-14 appendix Rural (entirely rural)
Vero Beach,Florida,Indian River,12061050908,Indian River County rural-eligible tract,Y,Eligible — not designated,27.6869113,-80.7157861,Rev. Proc. 2026-14 appendix Rural (entirely rural)
Vero Beach,Florida,Martin,12085001803,Martin County rural-eligible tract,Y,Eligible — not designated,27.0945374,-80.4409426,Rev. Proc. 2026-14 appendix Rural (entirely rural); county on outer/uncertain edge of ~90-min shed
Vero Beach,Florida,Martin,12085001806,Martin County rural-eligible tract,Y,Eligible — not designated,27.1566758,-80.5577813,Rev. Proc. 2026-14 appendix Rural (entirely rural); county on outer/uncertain edge of ~90-min shed
Vero Beach,Florida,Okeechobee,12093910300,Okeechobee County rural-eligible tract,Y,Eligible — not designated,27.2635445,-80.8153526,Rev. Proc. 2026-14 appendix Rural (entirely rural); county on outer/uncertain edge of ~90-min shed
Vero Beach,Florida,Okeechobee,12093910401,Okeechobee County rural-eligible tract,Y,Eligible — not designated,27.2184018,-80.7028094,Rev. Proc. 2026-14 appendix Rural (entirely rural); county on outer/uncertain edge of ~90-min shed
Vero Beach,Florida,Okeechobee,12093910402,Okeechobee County rural-eligible tract,Y,Eligible — not designated,27.229347,-80.7546773,Rev. Proc. 2026-14 appendix Rural (entirely rural); county on outer/uncertain edge of ~90-min shed
Vero Beach,Florida,Okeechobee,12093910403,Okeechobee County rural-eligible tract,Y,Eligible — not designated,27.2095506,-80.7803813,Rev. Proc. 2026-14 appendix Rural (entirely rural); county on outer/uncertain edge of ~90-min shed
Vero Beach,Florida,St. Lucie,12111381107,St. Lucie County rural-eligible tract,Y,Eligible — not designated,27.5399987,-80.3637314,Rev. Proc. 2026-14 appendix Rural (entirely rural)
Melbourne,Florida,Brevard,12009060104,Brevard County rural-eligible tract,Y,Eligible — not designated,28.7595275,-80.88106,Rev. Proc. 2026-14 appendix Rural (entirely rural)
Melbourne,Florida,Brevard,12009060105,Brevard County rural-eligible tract,Y,Eligible — not designated,28.6913195,-80.8439989,Rev. Proc. 2026-14 appendix Rural (entirely rural)
Melbourne,Florida,Brevard,12009060400,Brevard County rural-eligible tract,Y,Eligible — not designated,28.6259987,-80.8217906,Rev. Proc. 2026-14 appendix Rural (entirely rural)
Melbourne,Florida,Brevard,12009060600,Brevard County rural-eligible tract,Y,Eligible — not designated,28.5958293,-80.8358974,Rev. Proc. 2026-14 appendix Rural (entirely rural)
Melbourne,Florida,Brevard,12009060700,Brevard County rural-eligible tract,Y,Eligible — not designated,28.6074077,-80.8143413,Rev. Proc. 2026-14 appendix Rural (entirely rural)
Melbourne,Florida,Brevard,12009065239,Brevard County rural-eligible tract,Y,Eligible — not designated,27.8650822,-80.4994904,Rev. Proc. 2026-14 appendix Rural (entirely rural)
Melbourne,Florida,Brevard,12009065240,Brevard County rural-eligible tract,Y,Eligible — not designated,27.886466,-80.505304,Rev. Proc. 2026-14 appendix Rural (entirely rural)
Melbourne,Florida,Brevard,12009071204,Brevard County rural-eligible tract,Y,Eligible — not designated,28.3926801,-80.849217,Rev. Proc. 2026-14 appendix Rural (entirely rural)
Melbourne,Florida,Brevard,12009071402,Brevard County rural-eligible tract,Y,Eligible — not designated,28.568257,-80.7978826,Rev. Proc. 2026-14 appendix Rural (entirely rural)
Melbourne,Florida,Indian River,12061050101,Indian River County rural-eligible tract,Y,Eligible — not designated,27.6346881,-80.4129318,Rev. Proc. 2026-14 appendix Rural (entirely rural)
Melbourne,Florida,Indian River,12061050102,Indian River County rural-eligible tract,Y,Eligible — not designated,27.6273223,-80.4113634,Rev. Proc. 2026-14 appendix Rural (entirely rural)
Melbourne,Florida,Indian River,12061050303,Indian River County rural-eligible tract,Y,Eligible — not designated,27.6753714,-80.4182304,Rev. Proc. 2026-14 appendix Rural (entirely rural)
Melbourne,Florida,Indian River,12061050304,Indian River County rural-eligible tract,Y,Eligible — not designated,27.6746529,-80.4362112,Rev. Proc. 2026-14 appendix Rural (entirely rural)
Melbourne,Florida,Indian River,12061050401,Indian River County rural-eligible tract,Y,Eligible — not designated,27.6315547,-80.3847074,Rev. Proc. 2026-14 appendix Rural (entirely rural)
Melbourne,Florida,Indian River,12061050601,Indian River County rural-eligible tract,Y,Eligible — not designated,27.6129684,-80.3755175,Rev. Proc. 2026-14 appendix Rural (entirely rural)
Melbourne,Florida,Indian River,12061050604,Indian River County rural-eligible tract,Y,Eligible — not designated,27.5942647,-80.3682455,Rev. Proc. 2026-14 appendix Rural (entirely rural)
Melbourne,Florida,Indian River,12061050907,Indian River County rural-eligible tract,Y,Eligible — not designated,27.6884277,-80.5236851,Rev. Proc. 2026-14 appendix Rural (entirely rural)
Melbourne,Florida,Indian River,12061050908,Indian River County rural-eligible tract,Y,Eligible — not designated,27.6869113,-80.7157861,Rev. Proc. 2026-14 appendix Rural (entirely rural)
Melbourne,Florida,Orange,12095016605,Orange County rural-eligible tract,Y,Eligible — not designated,28.5499813,-81.1238728,Rev. Proc. 2026-14 appendix Rural (entirely rural); county on outer/uncertain edge of ~90-min shed
Melbourne,Florida,Osceola,12097041101,Osceola County rural-eligible tract,Y,Eligible — not designated,28.1772067,-81.4851348,Rev. Proc. 2026-14 appendix Rural (entirely rural); county on outer/uncertain edge of ~90-min shed
Melbourne,Florida,Osceola,12097041302,Osceola County rural-eligible tract,Y,Eligible — not designated,28.103895,-81.4193726,Rev. Proc. 2026-14 appendix Rural (entirely rural); county on outer/uncertain edge of ~90-min shed
Melbourne,Florida,Osceola,12097043802,Osceola County rural-eligible tract,Y,Eligible — not designated,27.9135588,-81.0731187,Rev. Proc. 2026-14 appendix Rural (entirely rural); county on outer/uncertain edge of ~90-min shed
Melbourne,Florida,Volusia,12127082801,Volusia County rural-eligible tract,Y,Eligible — not designated,29.0715521,-80.9621761,Rev. Proc. 2026-14 appendix Rural (entirely rural); county on outer/uncertain edge of ~90-min shed
Melbourne,Florida,Volusia,12127083008,Volusia County rural-eligible tract,Y,Eligible — not designated,28.9886854,-80.9042271,Rev. Proc. 2026-14 appendix Rural (entirely rural); county on outer/uncertain edge of ~90-min shed
Jacksonville,Florida,Baker,12003040201,Baker County rural-eligible tract,Y,Eligible — not designated,30.3515444,-82.3680283,Rev. Proc. 2026-14 appendix Rural (entirely rural)
Jacksonville,Florida,Clay,12019030103,Clay County rural-eligible tract,Y,Eligible — not designated,30.0815218,-81.9007372,Rev. Proc. 2026-14 appendix Rural (entirely rural)
Jacksonville,Florida,Clay,12019030105,Clay County rural-eligible tract,Y,Eligible — not designated,30.0845776,-81.9965338,Rev. Proc. 2026-14 appendix Rural (entirely rural)
Jacksonville,Florida,Clay,12019031104,Clay County rural-eligible tract,Y,Eligible — not designated,29.7546334,-82.0189639,Rev. Proc. 2026-14 appendix Rural (entirely rural)
Jacksonville,Florida,Clay,12019031109,Clay County rural-eligible tract,Y,Eligible — not designated,29.7958506,-81.9992426,Rev. Proc. 2026-14 appendix Rural (entirely rural)
Jacksonville,Florida,Nassau,12089050103,Nassau County rural-eligible tract,Y,Eligible — not designated,30.6647376,-81.4567953,Rev. Proc. 2026-14 appendix Rural (entirely rural)
Jacksonville,Florida,St. Johns,12109020300,St. Johns County rural-eligible tract,Y,Eligible — not designated,29.8933115,-81.3289415,Rev. Proc. 2026-14 appendix Rural (entirely rural)
Jacksonville,Florida,St. Johns,12109021002,St. Johns County rural-eligible tract,Y,Eligible — not designated,29.9086144,-81.3451735,Rev. Proc. 2026-14 appendix Rural (entirely rural)
Pensacola,Alabama,Baldwin,01003010600,Baldwin County rural-eligible tract,Y,Eligible — not designated,30.8533019,-87.7701385,Rev. Proc. 2026-14 appendix Rural (entirely rural); county on outer/uncertain edge of ~90-min shed
Pensacola,Alabama,Baldwin,01003010903,Baldwin County rural-eligible tract,Y,Eligible — not designated,30.6072432,-87.7798044,Rev. Proc. 2026-14 appendix Rural (entirely rural); county on outer/uncertain edge of ~90-min shed
Pensacola,Alabama,Baldwin,01003010906,Baldwin County rural-eligible tract,Y,Eligible — not designated,30.5641292,-87.6870074,Rev. Proc. 2026-14 appendix Rural (entirely rural); county on outer/uncertain edge of ~90-min shed
Pensacola,Alabama,Baldwin,01003011411,Baldwin County rural-eligible tract,Y,Eligible — not designated,30.3244734,-87.618452,Rev. Proc. 2026-14 appendix Rural (entirely rural); county on outer/uncertain edge of ~90-min shed
Pensacola,Florida,Escambia,12033002400,Escambia County rural-eligible tract,Y,Eligible — not designated,30.3506144,-87.316902,Rev. Proc. 2026-14 appendix Rural (entirely rural)
Pensacola,Florida,Escambia,12033004000,Escambia County rural-eligible tract,Y,Eligible — not designated,30.9674894,-87.2779276,Rev. Proc. 2026-14 appendix Rural (entirely rural)
Pensacola,Florida,Okaloosa,12091020306,Okaloosa County rural-eligible tract,Y,Eligible — not designated,30.7290383,-86.4685471,Rev. Proc. 2026-14 appendix Rural (entirely rural)
Pensacola,Florida,Okaloosa,12091020500,Okaloosa County rural-eligible tract,Y,Eligible — not designated,30.7738441,-86.5886085,Rev. Proc. 2026-14 appendix Rural (entirely rural)
Pensacola,Florida,Okaloosa,12091021901,Okaloosa County rural-eligible tract,Y,Eligible — not designated,30.4263278,-86.6642109,Rev. Proc. 2026-14 appendix Rural (entirely rural)
Pensacola,Florida,Okaloosa,12091022001,Okaloosa County rural-eligible tract,Y,Eligible — not designated,30.4442476,-86.62522,Rev. Proc. 2026-14 appendix Rural (entirely rural)
Pensacola,Florida,Okaloosa,12091022100,Okaloosa County rural-eligible tract,Y,Eligible — not designated,30.4399013,-86.6110617,Rev. Proc. 2026-14 appendix Rural (entirely rural)
Pensacola,Florida,Okaloosa,12091022600,Okaloosa County rural-eligible tract,Y,Eligible — not designated,30.4061804,-86.6105571,Rev. Proc. 2026-14 appendix Rural (entirely rural)
Pensacola,Florida,Santa Rosa,12113010100,Santa Rosa County rural-eligible tract,Y,Eligible — not designated,30.8643545,-86.9273984,Rev. Proc. 2026-14 appendix Rural (entirely rural)
Pensacola,Florida,Santa Rosa,12113010505,Santa Rosa County rural-eligible tract,Y,Eligible — not designated,30.6764638,-87.0402711,Rev. Proc. 2026-14 appendix Rural (entirely rural)
Pensacola,Florida,Santa Rosa,12113010601,Santa Rosa County rural-eligible tract,Y,Eligible — not designated,30.6410709,-87.0451514,Rev. Proc. 2026-14 appendix Rural (entirely rural)
Pensacola,Florida,Santa Rosa,12113010705,Santa Rosa County rural-eligible tract,Y,Eligible — not designated,30.5810713,-87.1714723,Rev. Proc. 2026-14 appendix Rural (entirely rural)
Pensacola,Florida,Walton,12131950103,Walton County rural-eligible tract,Y,Eligible — not designated,30.7989091,-86.2487028,Rev. Proc. 2026-14 appendix Rural (entirely rural); county on outer/uncertain edge of ~90-min shed
Pensacola,Florida,Walton,12131950201,Walton County rural-eligible tract,Y,Eligible — not designated,30.7094077,-86.0996833,Rev. Proc. 2026-14 appendix Rural (entirely rural); county on outer/uncertain edge of ~90-min shed
Pensacola,Florida,Walton,12131950202,Walton County rural-eligible tract,Y,Eligible — not designated,30.7615184,-86.0783529,Rev. Proc. 2026-14 appendix Rural (entirely rural); county on outer/uncertain edge of ~90-min shed
Pensacola,Florida,Walton,12131950303,Walton County rural-eligible tract,Y,Eligible — not designated,30.7695364,-86.1848615,Rev. Proc. 2026-14 appendix Rural (entirely rural); county on outer/uncertain edge of ~90-min shed
Pensacola,Florida,Walton,12131950304,Walton County rural-eligible tract,Y,Eligible — not designated,30.7585021,-86.1345249,Rev. Proc. 2026-14 appendix Rural (entirely rural); county on outer/uncertain edge of ~90-min shed
Pensacola,Florida,Walton,12131950400,Walton County rural-eligible tract,Y,Eligible — not designated,30.6399063,-85.9959044,Rev. Proc. 2026-14 appendix Rural (entirely rural); county on outer/uncertain edge of ~90-min shed
Birmingham,Alabama,Bibb,01007010006,Bibb County rural-eligible tract,Y,Eligible — not designated,33.1824141,-87.0823075,Rev. Proc. 2026-14 appendix Rural (entirely rural)
Birmingham,Alabama,Bibb,01007010008,Bibb County rural-eligible tract,Y,Eligible — not designated,33.0332174,-87.0211228,Rev. Proc. 2026-14 appendix Rural (entirely rural)
Birmingham,Alabama,Bibb,01007010009,Bibb County rural-eligible tract,Y,Eligible — not designated,32.8945208,-87.1921653,Rev. Proc. 2026-14 appendix Rural (entirely rural)
Birmingham,Alabama,Bibb,01007010010,Bibb County rural-eligible tract,Y,Eligible — not designated,32.9784509,-87.1866443,Rev. Proc. 2026-14 appendix Rural (entirely rural)
Birmingham,Alabama,Blount,01009050105,Blount County rural-eligible tract,Y,Eligible — not designated,33.9749736,-86.4037827,Rev. Proc. 2026-14 appendix Rural (entirely rural)
Birmingham,Alabama,Blount,01009050106,Blount County rural-eligible tract,Y,Eligible — not designated,33.925327,-86.4725259,Rev. Proc. 2026-14 appendix Rural (entirely rural)
Birmingham,Alabama,Blount,01009050501,Blount County rural-eligible tract,Y,Eligible — not designated,34.062471,-86.6104394,Rev. Proc. 2026-14 appendix Rural (entirely rural)
Birmingham,Alabama,Blount,01009050702,Blount County rural-eligible tract,Y,Eligible — not designated,33.8739997,-86.6773768,Rev. Proc. 2026-14 appendix Rural (entirely rural)
Birmingham,Alabama,Chilton,01021060104,Chilton County rural-eligible tract,Y,Eligible — not designated,32.8495954,-86.616669,Rev. Proc. 2026-14 appendix Rural (entirely rural)
Birmingham,Alabama,Cullman,01043965001,Cullman County rural-eligible tract,Y,Eligible — not designated,34.1512763,-86.8186837,Rev. Proc. 2026-14 appendix Rural (entirely rural); county on outer/uncertain edge of ~90-min shed
Birmingham,Alabama,Cullman,01043965002,Cullman County rural-eligible tract,Y,Eligible — not designated,34.1529371,-86.8508981,Rev. Proc. 2026-14 appendix Rural (entirely rural); county on outer/uncertain edge of ~90-min shed
Birmingham,Alabama,Cullman,01043965300,Cullman County rural-eligible tract,Y,Eligible — not designated,34.1560361,-86.6369887,Rev. Proc. 2026-14 appendix Rural (entirely rural); county on outer/uncertain edge of ~90-min shed
Birmingham,Alabama,Cullman,01043965401,Cullman County rural-eligible tract,Y,Eligible — not designated,34.0726451,-86.8090852,Rev. Proc. 2026-14 appendix Rural (entirely rural); county on outer/uncertain edge of ~90-min shed
Birmingham,Alabama,Jefferson,01073011401,Jefferson County rural-eligible tract,Y,Eligible — not designated,33.818438,-86.7964323,Rev. Proc. 2026-14 appendix Rural (entirely rural)
Birmingham,Alabama,Shelby,01117030407,Shelby County rural-eligible tract,Y,Eligible — not designated,33.131697,-86.8475678,Rev. Proc. 2026-14 appendix Rural (entirely rural)
Birmingham,Alabama,St. Clair,01115040109,St. Clair County rural-eligible tract,Y,Eligible — not designated,33.6117443,-86.3811617,Rev. Proc. 2026-14 appendix Rural (entirely rural)
Birmingham,Alabama,St. Clair,01115040211,St. Clair County rural-eligible tract,Y,Eligible — not designated,33.5911907,-86.2556214,Rev. Proc. 2026-14 appendix Rural (entirely rural)
Birmingham,Alabama,St. Clair,01115040302,St. Clair County rural-eligible tract,Y,Eligible — not designated,33.7732171,-86.1429583,Rev. Proc. 2026-14 appendix Rural (entirely rural)
Birmingham,Alabama,St. Clair,01115040508,St. Clair County rural-eligible tract,Y,Eligible — not designated,33.6616205,-86.3672337,Rev. Proc. 2026-14 appendix Rural (entirely rural)
Birmingham,Alabama,Talladega,01121010400,Talladega County rural-eligible tract,Y,Eligible — not designated,33.3994155,-86.0096773,Rev. Proc. 2026-14 appendix Rural (entirely rural); county on outer/uncertain edge of ~90-min shed
Birmingham,Alabama,Talladega,01121010500,Talladega County rural-eligible tract,Y,Eligible — not designated,33.4548956,-86.067709,Rev. Proc. 2026-14 appendix Rural (entirely rural); county on outer/uncertain edge of ~90-min shed
Birmingham,Alabama,Talladega,01121010600,Talladega County rural-eligible tract,Y,Eligible — not designated,33.4475439,-86.1148963,Rev. Proc. 2026-14 appendix Rural (entirely rural); county on outer/uncertain edge of ~90-min shed
Birmingham,Alabama,Talladega,01121010900,Talladega County rural-eligible tract,Y,Eligible — not designated,33.4317569,-86.0994543,Rev. Proc. 2026-14 appendix Rural (entirely rural); county on outer/uncertain edge of ~90-min shed
Birmingham,Alabama,Talladega,01121011301,Talladega County rural-eligible tract,Y,Eligible — not designated,33.2793875,-86.3343417,Rev. Proc. 2026-14 appendix Rural (entirely rural); county on outer/uncertain edge of ~90-min shed
Birmingham,Alabama,Talladega,01121011302,Talladega County rural-eligible tract,Y,Eligible — not designated,33.2439751,-86.380759,Rev. Proc. 2026-14 appendix Rural (entirely rural); county on outer/uncertain edge of ~90-min shed
Birmingham,Alabama,Talladega,01121011400,Talladega County rural-eligible tract,Y,Eligible — not designated,33.2552882,-86.2982154,Rev. Proc. 2026-14 appendix Rural (entirely rural); county on outer/uncertain edge of ~90-min shed
Birmingham,Alabama,Talladega,01121011502,Talladega County rural-eligible tract,Y,Eligible — not designated,33.1569859,-86.3283108,Rev. Proc. 2026-14 appendix Rural (entirely rural); county on outer/uncertain edge of ~90-min shed
Birmingham,Alabama,Talladega,01121011600,Talladega County rural-eligible tract,Y,Eligible — not designated,33.1485687,-86.2131766,Rev. Proc. 2026-14 appendix Rural (entirely rural); county on outer/uncertain edge of ~90-min shed
Birmingham,Alabama,Talladega,01121011700,Talladega County rural-eligible tract,Y,Eligible — not designated,33.2019979,-86.2915709,Rev. Proc. 2026-14 appendix Rural (entirely rural); county on outer/uncertain edge of ~90-min shed
Birmingham,Alabama,Talladega,01121011800,Talladega County rural-eligible tract,Y,Eligible — not designated,33.1723317,-86.2529583,Rev. Proc. 2026-14 appendix Rural (entirely rural); county on outer/uncertain edge of ~90-min shed
Birmingham,Alabama,Talladega,01121012000,Talladega County rural-eligible tract,Y,Eligible — not designated,33.145858,-86.250449,Rev. Proc. 2026-14 appendix Rural (entirely rural); county on outer/uncertain edge of ~90-min shed
Birmingham,Alabama,Walker,01127020100,Walker County rural-eligible tract,Y,Eligible — not designated,33.8114066,-87.3188042,Rev. Proc. 2026-14 appendix Rural (entirely rural)
Birmingham,Alabama,Walker,01127020301,Walker County rural-eligible tract,Y,Eligible — not designated,33.8538685,-87.24233,Rev. Proc. 2026-14 appendix Rural (entirely rural)
Birmingham,Alabama,Walker,01127020600,Walker County rural-eligible tract,Y,Eligible — not designated,33.7985962,-87.1878122,Rev. Proc. 2026-14 appendix Rural (entirely rural)
Birmingham,Alabama,Walker,01127020700,Walker County rural-eligible tract,Y,Eligible — not designated,33.8698205,-87.18691,Rev. Proc. 2026-14 appendix Rural (entirely rural)
Birmingham,Alabama,Walker,01127020801,Walker County rural-eligible tract,Y,Eligible — not designated,33.8597746,-87.1108898,Rev. Proc. 2026-14 appendix Rural (entirely rural)
Birmingham,Alabama,Walker,01127021100,Walker County rural-eligible tract,Y,Eligible — not designated,33.9292009,-87.5741534,Rev. Proc. 2026-14 appendix Rural (entirely rural)
Birmingham,Alabama,Walker,01127021300,Walker County rural-eligible tract,Y,Eligible — not designated,33.666598,-87.3615093,Rev. Proc. 2026-14 appendix Rural (entirely rural)
Birmingham,Alabama,Walker,01127021400,Walker County rural-eligible tract,Y,Eligible — not designated,33.7107342,-87.2677453,Rev. Proc. 2026-14 appendix Rural (entirely rural)
Birmingham,Alabama,Walker,01127021500,Walker County rural-eligible tract,Y,Eligible — not designated,33.7347369,-87.1857112,Rev. Proc. 2026-14 appendix Rural (entirely rural)
Birmingham,Alabama,Walker,01127021800,Walker County rural-eligible tract,Y,Eligible — not designated,33.7830673,-87.0565149,Rev. Proc. 2026-14 appendix Rural (entirely rural)
Birmingham,Alabama,Walker,01127021900,Walker County rural-eligible tract,Y,Eligible — not designated,33.8481723,-87.036585,Rev. Proc. 2026-14 appendix Rural (entirely rural)
Mobile,Alabama,Baldwin,01003010600,Baldwin County rural-eligible tract,Y,Eligible — not designated,30.8533019,-87.7701385,Rev. Proc. 2026-14 appendix Rural (entirely rural)
Mobile,Alabama,Baldwin,01003010903,Baldwin County rural-eligible tract,Y,Eligible — not designated,30.6072432,-87.7798044,Rev. Proc. 2026-14 appendix Rural (entirely rural)
Mobile,Alabama,Baldwin,01003010906,Baldwin County rural-eligible tract,Y,Eligible — not designated,30.5641292,-87.6870074,Rev. Proc. 2026-14 appendix Rural (entirely rural)
Mobile,Alabama,Baldwin,01003011411,Baldwin County rural-eligible tract,Y,Eligible — not designated,30.3244734,-87.618452,Rev. Proc. 2026-14 appendix Rural (entirely rural)
Mobile,Alabama,Escambia,01053969801,Escambia County rural-eligible tract,Y,Eligible — not designated,31.0544809,-86.8519601,Rev. Proc. 2026-14 appendix Rural (entirely rural); county on outer/uncertain edge of ~90-min shed
Mobile,Alabama,Escambia,01053969802,Escambia County rural-eligible tract,Y,Eligible — not designated,31.1770672,-86.9214794,Rev. Proc. 2026-14 appendix Rural (entirely rural); county on outer/uncertain edge of ~90-min shed
Mobile,Alabama,Escambia,01053970200,Escambia County rural-eligible tract,Y,Eligible — not designated,31.1141178,-87.0634717,Rev. Proc. 2026-14 appendix Rural (entirely rural); county on outer/uncertain edge of ~90-min shed
Mobile,Alabama,Escambia,01053970300,Escambia County rural-eligible tract,Y,Eligible — not designated,31.1086274,-87.2794732,Rev. Proc. 2026-14 appendix Rural (entirely rural); county on outer/uncertain edge of ~90-min shed
Mobile,Alabama,Escambia,01053970600,Escambia County rural-eligible tract,Y,Eligible — not designated,31.0580994,-87.4085812,Rev. Proc. 2026-14 appendix Rural (entirely rural); county on outer/uncertain edge of ~90-min shed
Mobile,Alabama,Escambia,01053970700,Escambia County rural-eligible tract,Y,Eligible — not designated,31.0153755,-87.4359795,Rev. Proc. 2026-14 appendix Rural (entirely rural); county on outer/uncertain edge of ~90-min shed
Mobile,Alabama,Mobile,01097005900,Mobile County rural-eligible tract,Y,Eligible — not designated,31.0071217,-88.266293,Rev. Proc. 2026-14 appendix Rural (entirely rural)
Mobile,Alabama,Mobile,01097006000,Mobile County rural-eligible tract,Y,Eligible — not designated,31.078491,-88.2574764,Rev. Proc. 2026-14 appendix Rural (entirely rural)
Mobile,Alabama,Mobile,01097007300,Mobile County rural-eligible tract,Y,Eligible — not designated,30.3943596,-88.2296716,Rev. Proc. 2026-14 appendix Rural (entirely rural)
Mobile,Alabama,Washington,01129044200,Washington County rural-eligible tract,Y,Eligible — not designated,31.2291633,-88.0724342,Rev. Proc. 2026-14 appendix Rural (entirely rural); county on outer/uncertain edge of ~90-min shed
Mobile,Mississippi,George,28039950200,George County rural-eligible tract,Y,Eligible — not designated,30.9215609,-88.5978963,Rev. Proc. 2026-14 appendix Rural (entirely rural); county on outer/uncertain edge of ~90-min shed
Huntsville,Alabama,Cullman,01043965001,Cullman County rural-eligible tract,Y,Eligible — not designated,34.1512763,-86.8186837,Rev. Proc. 2026-14 appendix Rural (entirely rural); county on outer/uncertain edge of ~90-min shed
Huntsville,Alabama,Cullman,01043965002,Cullman County rural-eligible tract,Y,Eligible — not designated,34.1529371,-86.8508981,Rev. Proc. 2026-14 appendix Rural (entirely rural); county on outer/uncertain edge of ~90-min shed
Huntsville,Alabama,Cullman,01043965300,Cullman County rural-eligible tract,Y,Eligible — not designated,34.1560361,-86.6369887,Rev. Proc. 2026-14 appendix Rural (entirely rural); county on outer/uncertain edge of ~90-min shed
Huntsville,Alabama,Cullman,01043965401,Cullman County rural-eligible tract,Y,Eligible — not designated,34.0726451,-86.8090852,Rev. Proc. 2026-14 appendix Rural (entirely rural); county on outer/uncertain edge of ~90-min shed
Huntsville,Alabama,Jackson,01071950101,Jackson County rural-eligible tract,Y,Eligible — not designated,34.9259619,-85.646384,Rev. Proc. 2026-14 appendix Rural (entirely rural); county on outer/uncertain edge of ~90-min shed
Huntsville,Alabama,Jackson,01071950200,Jackson County rural-eligible tract,Y,Eligible — not designated,34.9652857,-85.7774477,Rev. Proc. 2026-14 appendix Rural (entirely rural); county on outer/uncertain edge of ~90-min shed
Huntsville,Alabama,Jackson,01071950302,Jackson County rural-eligible tract,Y,Eligible — not designated,34.8694852,-85.8223876,Rev. Proc. 2026-14 appendix Rural (entirely rural); county on outer/uncertain edge of ~90-min shed
Huntsville,Alabama,Jackson,01071950400,Jackson County rural-eligible tract,Y,Eligible — not designated,34.8787834,-86.2279366,Rev. Proc. 2026-14 appendix Rural (entirely rural); county on outer/uncertain edge of ~90-min shed
Huntsville,Alabama,Jackson,01071950602,Jackson County rural-eligible tract,Y,Eligible — not designated,34.7164046,-86.0075965,Rev. Proc. 2026-14 appendix Rural (entirely rural); county on outer/uncertain edge of ~90-min shed
Huntsville,Alabama,Jackson,01071950700,Jackson County rural-eligible tract,Y,Eligible — not designated,34.6054606,-86.1376597,Rev. Proc. 2026-14 appendix Rural (entirely rural); county on outer/uncertain edge of ~90-min shed
Huntsville,Alabama,Jackson,01071950800,Jackson County rural-eligible tract,Y,Eligible — not designated,34.6633842,-86.0358546,Rev. Proc. 2026-14 appendix Rural (entirely rural); county on outer/uncertain edge of ~90-min shed
Huntsville,Alabama,Limestone,01083020104,Limestone County rural-eligible tract,Y,Eligible — not designated,34.9313803,-86.8394339,Rev. Proc. 2026-14 appendix Rural (entirely rural)
Huntsville,Alabama,Limestone,01083020201,Limestone County rural-eligible tract,Y,Eligible — not designated,34.8537218,-86.9901123,Rev. Proc. 2026-14 appendix Rural (entirely rural)
Huntsville,Alabama,Limestone,01083020300,Limestone County rural-eligible tract,Y,Eligible — not designated,34.9219676,-87.1401326,Rev. Proc. 2026-14 appendix Rural (entirely rural)
Huntsville,Alabama,Limestone,01083020402,Limestone County rural-eligible tract,Y,Eligible — not designated,34.8001139,-87.05062,Rev. Proc. 2026-14 appendix Rural (entirely rural)
Huntsville,Alabama,Limestone,01083020403,Limestone County rural-eligible tract,Y,Eligible — not designated,34.8329566,-87.111296,Rev. Proc. 2026-14 appendix Rural (entirely rural)
Huntsville,Alabama,Limestone,01083020500,Limestone County rural-eligible tract,Y,Eligible — not designated,34.8025454,-86.9899897,Rev. Proc. 2026-14 appendix Rural (entirely rural)
Huntsville,Alabama,Limestone,01083020700,Limestone County rural-eligible tract,Y,Eligible — not designated,34.8205875,-86.9517709,Rev. Proc. 2026-14 appendix Rural (entirely rural)
Huntsville,Alabama,Limestone,01083021000,Limestone County rural-eligible tract,Y,Eligible — not designated,34.78077,-86.9796351,Rev. Proc. 2026-14 appendix Rural (entirely rural)
Huntsville,Alabama,Madison,01089010303,Madison County rural-eligible tract,Y,Eligible — not designated,34.9688463,-86.6049477,Rev. Proc. 2026-14 appendix Rural (entirely rural)
Huntsville,Alabama,Madison,01089010403,Madison County rural-eligible tract,Y,Eligible — not designated,34.9264172,-86.6681429,Rev. Proc. 2026-14 appendix Rural (entirely rural)
Huntsville,Alabama,Madison,01089010404,Madison County rural-eligible tract,Y,Eligible — not designated,34.9744668,-86.7068011,Rev. Proc. 2026-14 appendix Rural (entirely rural)
Huntsville,Alabama,Marshall,01095030602,Marshall County rural-eligible tract,Y,Eligible — not designated,34.2765694,-86.402295,Rev. Proc. 2026-14 appendix Rural (entirely rural)
Huntsville,Alabama,Marshall,01095030701,Marshall County rural-eligible tract,Y,Eligible — not designated,34.3111094,-86.2759215,Rev. Proc. 2026-14 appendix Rural (entirely rural)
Huntsville,Alabama,Marshall,01095030803,Marshall County rural-eligible tract,Y,Eligible — not designated,34.2805313,-86.137242,Rev. Proc. 2026-14 appendix Rural (entirely rural)
Huntsville,Alabama,Marshall,01095030804,Marshall County rural-eligible tract,Y,Eligible — not designated,34.2481205,-86.1737824,Rev. Proc. 2026-14 appendix Rural (entirely rural)
Huntsville,Alabama,Marshall,01095031002,Marshall County rural-eligible tract,Y,Eligible — not designated,34.2218616,-86.345353,Rev. Proc. 2026-14 appendix Rural (entirely rural)
Huntsville,Alabama,Marshall,01095031100,Marshall County rural-eligible tract,Y,Eligible — not designated,34.1846602,-86.2118473,Rev. Proc. 2026-14 appendix Rural (entirely rural)
Huntsville,Alabama,Morgan,01103005202,Morgan County rural-eligible tract,Y,Eligible — not designated,34.4687917,-87.0391013,Rev. Proc. 2026-14 appendix Rural (entirely rural)
Huntsville,Alabama,Morgan,01103005405,Morgan County rural-eligible tract,Y,Eligible — not designated,34.4805794,-86.7691975,Rev. Proc. 2026-14 appendix Rural (entirely rural)
Huntsville,Alabama,Morgan,01103005602,Morgan County rural-eligible tract,Y,Eligible — not designated,34.3323558,-86.7836287,Rev. Proc. 2026-14 appendix Rural (entirely rural)
Savannah,Georgia,Bulloch,13031110401,Bulloch County rural-eligible tract,Y,Eligible — not designated,32.429553,-81.802825,Rev. Proc. 2026-14 appendix Rural (entirely rural); county on outer/uncertain edge of ~90-min shed
Savannah,Georgia,Bulloch,13031110405,Bulloch County rural-eligible tract,Y,Eligible — not designated,32.4094165,-81.7720789,Rev. Proc. 2026-14 appendix Rural (entirely rural); county on outer/uncertain edge of ~90-min shed
Savannah,Georgia,Bulloch,13031110406,Bulloch County rural-eligible tract,Y,Eligible — not designated,32.4001575,-81.7700123,Rev. Proc. 2026-14 appendix Rural (entirely rural); county on outer/uncertain edge of ~90-min shed
Savannah,Georgia,Bulloch,13031110407,Bulloch County rural-eligible tract,Y,Eligible — not designated,32.4246902,-81.7845483,Rev. Proc. 2026-14 appendix Rural (entirely rural); county on outer/uncertain edge of ~90-min shed
Savannah,Georgia,Bulloch,13031110408,Bulloch County rural-eligible tract,Y,Eligible — not designated,32.4076849,-81.7869536,Rev. Proc. 2026-14 appendix Rural (entirely rural); county on outer/uncertain edge of ~90-min shed
Savannah,Georgia,Bulloch,13031110500,Bulloch County rural-eligible tract,Y,Eligible — not designated,32.4269675,-81.7675809,Rev. Proc. 2026-14 appendix Rural (entirely rural); county on outer/uncertain edge of ~90-min shed
Savannah,Georgia,Bulloch,13031110602,Bulloch County rural-eligible tract,Y,Eligible — not designated,32.4968689,-81.6486527,Rev. Proc. 2026-14 appendix Rural (entirely rural); county on outer/uncertain edge of ~90-min shed
Savannah,Georgia,Bulloch,13031110604,Bulloch County rural-eligible tract,Y,Eligible — not designated,32.4519685,-81.6580472,Rev. Proc. 2026-14 appendix Rural (entirely rural); county on outer/uncertain edge of ~90-min shed
Savannah,Georgia,Bulloch,13031110701,Bulloch County rural-eligible tract,Y,Eligible — not designated,32.329838,-81.7237173,Rev. Proc. 2026-14 appendix Rural (entirely rural); county on outer/uncertain edge of ~90-min shed
Savannah,Georgia,Bulloch,13031110703,Bulloch County rural-eligible tract,Y,Eligible — not designated,32.3889659,-81.601511,Rev. Proc. 2026-14 appendix Rural (entirely rural); county on outer/uncertain edge of ~90-min shed
Savannah,Georgia,Bulloch,13031110800,Bulloch County rural-eligible tract,Y,Eligible — not designated,32.3232081,-81.8698984,Rev. Proc. 2026-14 appendix Rural (entirely rural); county on outer/uncertain edge of ~90-min shed
Savannah,Georgia,Bulloch,13031110902,Bulloch County rural-eligible tract,Y,Eligible — not designated,32.3044417,-81.5452841,Rev. Proc. 2026-14 appendix Rural (entirely rural); county on outer/uncertain edge of ~90-min shed
Savannah,Georgia,Liberty,13179010101,Liberty County rural-eligible tract,Y,Eligible — not designated,31.9400649,-81.5681577,Rev. Proc. 2026-14 appendix Rural (entirely rural)
Savannah,Georgia,Liberty,13179010301,Liberty County rural-eligible tract,Y,Eligible — not designated,31.8459196,-81.6024863,Rev. Proc. 2026-14 appendix Rural (entirely rural)
Savannah,Georgia,Liberty,13179010503,Liberty County rural-eligible tract,Y,Eligible — not designated,31.8249997,-81.4133457,Rev. Proc. 2026-14 appendix Rural (entirely rural)
Savannah,Georgia,Screven,13251970401,Screven County rural-eligible tract,Y,Eligible — not designated,32.6974676,-81.5945272,Rev. Proc. 2026-14 appendix Rural (entirely rural); county on outer/uncertain edge of ~90-min shed
Savannah,Georgia,Screven,13251970402,Screven County rural-eligible tract,Y,Eligible — not designated,32.7382808,-81.530206,Rev. Proc. 2026-14 appendix Rural (entirely rural); county on outer/uncertain edge of ~90-min shed
Savannah,Georgia,Screven,13251970600,Screven County rural-eligible tract,Y,Eligible — not designated,32.6687257,-81.7329238,Rev. Proc. 2026-14 appendix Rural (entirely rural); county on outer/uncertain edge of ~90-min shed
Savannah,South Carolina,Beaufort,45013000100,Beaufort County rural-eligible tract,Y,Eligible — not designated,32.5821594,-80.7263936,"Rev. Proc. 2026-14 appendix Rural (entirely rural); Eligible — not designated (SC Governor-filed Sep 10, 2026; nominated GEOID list not public); county on outer/uncertain edge of ~90-min shed"
Savannah,South Carolina,Beaufort,45013000200,Beaufort County rural-eligible tract,Y,Eligible — not designated,32.4980648,-80.7462368,"Rev. Proc. 2026-14 appendix Rural (entirely rural); Eligible — not designated (SC Governor-filed Sep 10, 2026; nominated GEOID list not public); county on outer/uncertain edge of ~90-min shed"
Savannah,South Carolina,Beaufort,45013000300,Beaufort County rural-eligible tract,Y,Eligible — not designated,32.4676898,-80.7840865,"Rev. Proc. 2026-14 appendix Rural (entirely rural); Eligible — not designated (SC Governor-filed Sep 10, 2026; nominated GEOID list not public); county on outer/uncertain edge of ~90-min shed"
Savannah,South Carolina,Beaufort,45013000400,Beaufort County rural-eligible tract,Y,Eligible — not designated,32.4742366,-80.7129348,"Rev. Proc. 2026-14 appendix Rural (entirely rural); Eligible — not designated (SC Governor-filed Sep 10, 2026; nominated GEOID list not public); county on outer/uncertain edge of ~90-min shed"
Savannah,South Carolina,Beaufort,45013000600,Beaufort County rural-eligible tract,Y,Eligible — not designated,32.4495163,-80.6874993,"Rev. Proc. 2026-14 appendix Rural (entirely rural); Eligible — not designated (SC Governor-filed Sep 10, 2026; nominated GEOID list not public); county on outer/uncertain edge of ~90-min shed"
Savannah,South Carolina,Beaufort,45013001000,Beaufort County rural-eligible tract,Y,Eligible — not designated,32.3175972,-80.6822133,"Rev. Proc. 2026-14 appendix Rural (entirely rural); Eligible — not designated (SC Governor-filed Sep 10, 2026; nominated GEOID list not public); county on outer/uncertain edge of ~90-min shed"
Savannah,South Carolina,Beaufort,45013001104,Beaufort County rural-eligible tract,Y,Eligible — not designated,32.3333934,-80.5881501,"Rev. Proc. 2026-14 appendix Rural (entirely rural); Eligible — not designated (SC Governor-filed Sep 10, 2026; nominated GEOID list not public); county on outer/uncertain edge of ~90-min shed"
Savannah,South Carolina,Beaufort,45013010800,Beaufort County rural-eligible tract,Y,Eligible — not designated,32.2397676,-80.6876677,"Rev. Proc. 2026-14 appendix Rural (entirely rural); Eligible — not designated (SC Governor-filed Sep 10, 2026; nominated GEOID list not public); county on outer/uncertain edge of ~90-min shed"
Savannah,South Carolina,Beaufort,45013011300,Beaufort County rural-eligible tract,Y,Eligible — not designated,32.1398723,-80.7612122,"Rev. Proc. 2026-14 appendix Rural (entirely rural); Eligible — not designated (SC Governor-filed Sep 10, 2026; nominated GEOID list not public); county on outer/uncertain edge of ~90-min shed"
Savannah,South Carolina,Jasper,45053950100,Jasper County rural-eligible tract,Y,Eligible — not designated,32.5531475,-81.0749103,"Rev. Proc. 2026-14 appendix Rural (entirely rural); Eligible — not designated (SC Governor-filed Sep 10, 2026; nominated GEOID list not public)"
Savannah,South Carolina,Jasper,45053950203,Jasper County rural-eligible tract,Y,Eligible — not designated,32.4995628,-80.9090304,"Rev. Proc. 2026-14 appendix Rural (entirely rural); Eligible — not designated (SC Governor-filed Sep 10, 2026; nominated GEOID list not public)"
Savannah,South Carolina,Jasper,45053950204,Jasper County rural-eligible tract,Y,Eligible — not designated,32.5814948,-80.9236903,"Rev. Proc. 2026-14 appendix Rural (entirely rural); Eligible — not designated (SC Governor-filed Sep 10, 2026; nominated GEOID list not public)"
Savannah,South Carolina,Jasper,45053950301,Jasper County rural-eligible tract,Y,Eligible — not designated,32.3448876,-81.0727752,"Rev. Proc. 2026-14 appendix Rural (entirely rural); Eligible — not designated (SC Governor-filed Sep 10, 2026; nominated GEOID list not public)"
Columbia,South Carolina,Fairfield,45039960401,Fairfield County rural-eligible tract,Y,Eligible — not designated,34.3704055,-81.0915293,"Rev. Proc. 2026-14 appendix Rural (entirely rural); Eligible — not designated (SC Governor-filed Sep 10, 2026; nominated GEOID list not public)"
Columbia,South Carolina,Fairfield,45039960402,Fairfield County rural-eligible tract,Y,Eligible — not designated,34.363947,-81.0445266,"Rev. Proc. 2026-14 appendix Rural (entirely rural); Eligible — not designated (SC Governor-filed Sep 10, 2026; nominated GEOID list not public)"
Columbia,South Carolina,Fairfield,45039960502,Fairfield County rural-eligible tract,Y,Eligible — not designated,34.2638222,-81.2003943,"Rev. Proc. 2026-14 appendix Rural (entirely rural); Eligible — not designated (SC Governor-filed Sep 10, 2026; nominated GEOID list not public)"
Columbia,South Carolina,Kershaw,45055970100,Kershaw County rural-eligible tract,Y,Eligible — not designated,34.410046,-80.3793525,"Rev. Proc. 2026-14 appendix Rural (entirely rural); Eligible — not designated (SC Governor-filed Sep 10, 2026; nominated GEOID list not public)"
Columbia,South Carolina,Kershaw,45055970200,Kershaw County rural-eligible tract,Y,Eligible — not designated,34.5100021,-80.4724066,"Rev. Proc. 2026-14 appendix Rural (entirely rural); Eligible — not designated (SC Governor-filed Sep 10, 2026; nominated GEOID list not public)"
Columbia,South Carolina,Kershaw,45055970700,Kershaw County rural-eligible tract,Y,Eligible — not designated,34.1634153,-80.5585023,"Rev. Proc. 2026-14 appendix Rural (entirely rural); Eligible — not designated (SC Governor-filed Sep 10, 2026; nominated GEOID list not public)"
Columbia,South Carolina,Kershaw,45055970902,Kershaw County rural-eligible tract,Y,Eligible — not designated,34.1171926,-80.6538749,"Rev. Proc. 2026-14 appendix Rural (entirely rural); Eligible — not designated (SC Governor-filed Sep 10, 2026; nominated GEOID list not public)"
Columbia,South Carolina,Lee,45061920201,Lee County rural-eligible tract,Y,Eligible — not designated,34.2780849,-80.3192623,"Rev. Proc. 2026-14 appendix Rural (entirely rural); Eligible — not designated (SC Governor-filed Sep 10, 2026; nominated GEOID list not public); county on outer/uncertain edge of ~90-min shed"
Columbia,South Carolina,Lee,45061920202,Lee County rural-eligible tract,Y,Eligible — not designated,34.2180714,-80.2941047,"Rev. Proc. 2026-14 appendix Rural (entirely rural); Eligible — not designated (SC Governor-filed Sep 10, 2026; nominated GEOID list not public); county on outer/uncertain edge of ~90-min shed"
Columbia,South Carolina,Lee,45061920302,Lee County rural-eligible tract,Y,Eligible — not designated,34.1505544,-80.2166106,"Rev. Proc. 2026-14 appendix Rural (entirely rural); Eligible — not designated (SC Governor-filed Sep 10, 2026; nominated GEOID list not public); county on outer/uncertain edge of ~90-min shed"
Columbia,South Carolina,Lee,45061920401,Lee County rural-eligible tract,Y,Eligible — not designated,34.1619964,-80.4029102,"Rev. Proc. 2026-14 appendix Rural (entirely rural); Eligible — not designated (SC Governor-filed Sep 10, 2026; nominated GEOID list not public); county on outer/uncertain edge of ~90-min shed"
Columbia,South Carolina,Lee,45061920600,Lee County rural-eligible tract,Y,Eligible — not designated,34.0347695,-80.1011033,"Rev. Proc. 2026-14 appendix Rural (entirely rural); Eligible — not designated (SC Governor-filed Sep 10, 2026; nominated GEOID list not public); county on outer/uncertain edge of ~90-min shed"
Columbia,South Carolina,Lexington,45063020803,Lexington County rural-eligible tract,Y,Eligible — not designated,33.7271318,-81.1454574,"Rev. Proc. 2026-14 appendix Rural (entirely rural); Eligible — not designated (SC Governor-filed Sep 10, 2026; nominated GEOID list not public)"
Columbia,South Carolina,Lexington,45063020804,Lexington County rural-eligible tract,Y,Eligible — not designated,33.7958715,-81.1449322,"Rev. Proc. 2026-14 appendix Rural (entirely rural); Eligible — not designated (SC Governor-filed Sep 10, 2026; nominated GEOID list not public)"
Columbia,South Carolina,Lexington,45063020807,Lexington County rural-eligible tract,Y,Eligible — not designated,33.8522955,-81.1158187,"Rev. Proc. 2026-14 appendix Rural (entirely rural); Eligible — not designated (SC Governor-filed Sep 10, 2026; nominated GEOID list not public)"
Columbia,South Carolina,Lexington,45063020905,Lexington County rural-eligible tract,Y,Eligible — not designated,33.8336017,-81.1918645,"Rev. Proc. 2026-14 appendix Rural (entirely rural); Eligible — not designated (SC Governor-filed Sep 10, 2026; nominated GEOID list not public)"
Columbia,South Carolina,Lexington,45063020906,Lexington County rural-eligible tract,Y,Eligible — not designated,33.8384587,-81.2633019,"Rev. Proc. 2026-14 appendix Rural (entirely rural); Eligible — not designated (SC Governor-filed Sep 10, 2026; nominated GEOID list not public)"
Columbia,South Carolina,Lexington,45063020910,Lexington County rural-eligible tract,Y,Eligible — not designated,33.7996909,-81.2848241,"Rev. Proc. 2026-14 appendix Rural (entirely rural); Eligible — not designated (SC Governor-filed Sep 10, 2026; nominated GEOID list not public)"
Columbia,South Carolina,Lexington,45063021311,Lexington County rural-eligible tract,Y,Eligible — not designated,33.8517168,-81.3587331,"Rev. Proc. 2026-14 appendix Rural (entirely rural); Eligible — not designated (SC Governor-filed Sep 10, 2026; nominated GEOID list not public)"
Columbia,South Carolina,Lexington,45063021402,Lexington County rural-eligible tract,Y,Eligible — not designated,33.9067406,-81.537932,"Rev. Proc. 2026-14 appendix Rural (entirely rural); Eligible — not designated (SC Governor-filed Sep 10, 2026; nominated GEOID list not public)"
Columbia,South Carolina,Lexington,45063021403,Lexington County rural-eligible tract,Y,Eligible — not designated,33.8468602,-81.5057017,"Rev. Proc. 2026-14 appendix Rural (entirely rural); Eligible — not designated (SC Governor-filed Sep 10, 2026; nominated GEOID list not public)"
Columbia,South Carolina,Newberry,45071950201,Newberry County rural-eligible tract,Y,Eligible — not designated,34.3616604,-81.5619696,"Rev. Proc. 2026-14 appendix Rural (entirely rural); Eligible — not designated (SC Governor-filed Sep 10, 2026; nominated GEOID list not public); county on outer/uncertain edge of ~90-min shed"
Columbia,South Carolina,Newberry,45071950203,Newberry County rural-eligible tract,Y,Eligible — not designated,34.2627003,-81.598027,"Rev. Proc. 2026-14 appendix Rural (entirely rural); Eligible — not designated (SC Governor-filed Sep 10, 2026; nominated GEOID list not public); county on outer/uncertain edge of ~90-min shed"
Columbia,South Carolina,Newberry,45071950300,Newberry County rural-eligible tract,Y,Eligible — not designated,34.4418336,-81.6326682,"Rev. Proc. 2026-14 appendix Rural (entirely rural); Eligible — not designated (SC Governor-filed Sep 10, 2026; nominated GEOID list not public); county on outer/uncertain edge of ~90-min shed"
Columbia,South Carolina,Newberry,45071950502,Newberry County rural-eligible tract,Y,Eligible — not designated,34.3098563,-81.6453407,"Rev. Proc. 2026-14 appendix Rural (entirely rural); Eligible — not designated (SC Governor-filed Sep 10, 2026; nominated GEOID list not public); county on outer/uncertain edge of ~90-min shed"
Columbia,South Carolina,Orangeburg,45075010101,Orangeburg County rural-eligible tract,Y,Eligible — not designated,33.3583582,-80.2883688,"Rev. Proc. 2026-14 appendix Rural (entirely rural); Eligible — not designated (SC Governor-filed Sep 10, 2026; nominated GEOID list not public); county on outer/uncertain edge of ~90-min shed"
Columbia,South Carolina,Orangeburg,45075010102,Orangeburg County rural-eligible tract,Y,Eligible — not designated,33.3998403,-80.3723781,"Rev. Proc. 2026-14 appendix Rural (entirely rural); Eligible — not designated (SC Governor-filed Sep 10, 2026; nominated GEOID list not public); county on outer/uncertain edge of ~90-min shed"
Columbia,South Carolina,Orangeburg,45075010104,Orangeburg County rural-eligible tract,Y,Eligible — not designated,33.419879,-80.3618415,"Rev. Proc. 2026-14 appendix Rural (entirely rural); Eligible — not designated (SC Governor-filed Sep 10, 2026; nominated GEOID list not public); county on outer/uncertain edge of ~90-min shed"
Columbia,South Carolina,Orangeburg,45075010200,Orangeburg County rural-eligible tract,Y,Eligible — not designated,33.3204311,-80.3922399,"Rev. Proc. 2026-14 appendix Rural (entirely rural); Eligible — not designated (SC Governor-filed Sep 10, 2026; nominated GEOID list not public); county on outer/uncertain edge of ~90-min shed"
Columbia,South Carolina,Orangeburg,45075010302,Orangeburg County rural-eligible tract,Y,Eligible — not designated,33.4139472,-80.4264578,"Rev. Proc. 2026-14 appendix Rural (entirely rural); Eligible — not designated (SC Governor-filed Sep 10, 2026; nominated GEOID list not public); county on outer/uncertain edge of ~90-min shed"
Columbia,South Carolina,Orangeburg,45075010303,Orangeburg County rural-eligible tract,Y,Eligible — not designated,33.4494959,-80.4595828,"Rev. Proc. 2026-14 appendix Rural (entirely rural); Eligible — not designated (SC Governor-filed Sep 10, 2026; nominated GEOID list not public); county on outer/uncertain edge of ~90-min shed"
Columbia,South Carolina,Orangeburg,45075010400,Orangeburg County rural-eligible tract,Y,Eligible — not designated,33.4713405,-80.5743439,"Rev. Proc. 2026-14 appendix Rural (entirely rural); Eligible — not designated (SC Governor-filed Sep 10, 2026; nominated GEOID list not public); county on outer/uncertain edge of ~90-min shed"
Columbia,South Carolina,Orangeburg,45075010500,Orangeburg County rural-eligible tract,Y,Eligible — not designated,33.3425627,-80.6643583,"Rev. Proc. 2026-14 appendix Rural (entirely rural); Eligible — not designated (SC Governor-filed Sep 10, 2026; nominated GEOID list not public); county on outer/uncertain edge of ~90-min shed"
Columbia,South Carolina,Orangeburg,45075010602,Orangeburg County rural-eligible tract,Y,Eligible — not designated,33.440475,-80.8345279,"Rev. Proc. 2026-14 appendix Rural (entirely rural); Eligible — not designated (SC Governor-filed Sep 10, 2026; nominated GEOID list not public); county on outer/uncertain edge of ~90-min shed"
Columbia,South Carolina,Orangeburg,45075010604,Orangeburg County rural-eligible tract,Y,Eligible — not designated,33.4791346,-80.8407075,"Rev. Proc. 2026-14 appendix Rural (entirely rural); Eligible — not designated (SC Governor-filed Sep 10, 2026; nominated GEOID list not public); county on outer/uncertain edge of ~90-min shed"
Columbia,South Carolina,Orangeburg,45075010700,Orangeburg County rural-eligible tract,Y,Eligible — not designated,33.4951109,-80.7397468,"Rev. Proc. 2026-14 appendix Rural (entirely rural); Eligible — not designated (SC Governor-filed Sep 10, 2026; nominated GEOID list not public); county on outer/uncertain edge of ~90-min shed"
Columbia,South Carolina,Orangeburg,45075010801,Orangeburg County rural-eligible tract,Y,Eligible — not designated,33.5052762,-80.8390966,"Rev. Proc. 2026-14 appendix Rural (entirely rural); Eligible — not designated (SC Governor-filed Sep 10, 2026; nominated GEOID list not public); county on outer/uncertain edge of ~90-min shed"
Columbia,South Carolina,Orangeburg,45075011000,Orangeburg County rural-eligible tract,Y,Eligible — not designated,33.5254269,-80.8599676,"Rev. Proc. 2026-14 appendix Rural (entirely rural); Eligible — not designated (SC Governor-filed Sep 10, 2026; nominated GEOID list not public); county on outer/uncertain edge of ~90-min shed"
Columbia,South Carolina,Orangeburg,45075011100,Orangeburg County rural-eligible tract,Y,Eligible — not designated,33.5450483,-80.8457594,"Rev. Proc. 2026-14 appendix Rural (entirely rural); Eligible — not designated (SC Governor-filed Sep 10, 2026; nominated GEOID list not public); county on outer/uncertain edge of ~90-min shed"
Columbia,South Carolina,Orangeburg,45075011300,Orangeburg County rural-eligible tract,Y,Eligible — not designated,33.4824838,-80.8596607,"Rev. Proc. 2026-14 appendix Rural (entirely rural); Eligible — not designated (SC Governor-filed Sep 10, 2026; nominated GEOID list not public); county on outer/uncertain edge of ~90-min shed"
Columbia,South Carolina,Orangeburg,45075011400,Orangeburg County rural-eligible tract,Y,Eligible — not designated,33.5011659,-80.8687973,"Rev. Proc. 2026-14 appendix Rural (entirely rural); Eligible — not designated (SC Governor-filed Sep 10, 2026; nominated GEOID list not public); county on outer/uncertain edge of ~90-min shed"
Columbia,South Carolina,Orangeburg,45075011500,Orangeburg County rural-eligible tract,Y,Eligible — not designated,33.4846898,-80.9252551,"Rev. Proc. 2026-14 appendix Rural (entirely rural); Eligible — not designated (SC Governor-filed Sep 10, 2026; nominated GEOID list not public); county on outer/uncertain edge of ~90-min shed"
Columbia,South Carolina,Orangeburg,45075011600,Orangeburg County rural-eligible tract,Y,Eligible — not designated,33.4472376,-80.9231346,"Rev. Proc. 2026-14 appendix Rural (entirely rural); Eligible — not designated (SC Governor-filed Sep 10, 2026; nominated GEOID list not public); county on outer/uncertain edge of ~90-min shed"
Columbia,South Carolina,Orangeburg,45075011704,Orangeburg County rural-eligible tract,Y,Eligible — not designated,33.406175,-81.0072295,"Rev. Proc. 2026-14 appendix Rural (entirely rural); Eligible — not designated (SC Governor-filed Sep 10, 2026; nominated GEOID list not public); county on outer/uncertain edge of ~90-min shed"
Columbia,South Carolina,Orangeburg,45075011802,Orangeburg County rural-eligible tract,Y,Eligible — not designated,33.4561134,-81.1475896,"Rev. Proc. 2026-14 appendix Rural (entirely rural); Eligible — not designated (SC Governor-filed Sep 10, 2026; nominated GEOID list not public); county on outer/uncertain edge of ~90-min shed"
Columbia,South Carolina,Orangeburg,45075011803,Orangeburg County rural-eligible tract,Y,Eligible — not designated,33.4893168,-81.2422414,"Rev. Proc. 2026-14 appendix Rural (entirely rural); Eligible — not designated (SC Governor-filed Sep 10, 2026; nominated GEOID list not public); county on outer/uncertain edge of ~90-min shed"
Columbia,South Carolina,Richland,45079011801,Richland County rural-eligible tract,Y,Eligible — not designated,33.8984953,-80.8742257,"Rev. Proc. 2026-14 appendix Rural (entirely rural); Eligible — not designated (SC Governor-filed Sep 10, 2026; nominated GEOID list not public)"
Columbia,South Carolina,Richland,45079012000,Richland County rural-eligible tract,Y,Eligible — not designated,33.9116689,-80.6752843,"Rev. Proc. 2026-14 appendix Rural (entirely rural); Eligible — not designated (SC Governor-filed Sep 10, 2026; nominated GEOID list not public)"
Columbia,South Carolina,Saluda,45081960100,Saluda County rural-eligible tract,Y,Eligible — not designated,34.1172525,-81.7462622,"Rev. Proc. 2026-14 appendix Rural (entirely rural); Eligible — not designated (SC Governor-filed Sep 10, 2026; nominated GEOID list not public)"
Columbia,South Carolina,Saluda,45081960201,Saluda County rural-eligible tract,Y,Eligible — not designated,33.9955697,-81.866989,"Rev. Proc. 2026-14 appendix Rural (entirely rural); Eligible — not designated (SC Governor-filed Sep 10, 2026; nominated GEOID list not public)"
Columbia,South Carolina,Saluda,45081960202,Saluda County rural-eligible tract,Y,Eligible — not designated,33.983556,-81.7334123,"Rev. Proc. 2026-14 appendix Rural (entirely rural); Eligible — not designated (SC Governor-filed Sep 10, 2026; nominated GEOID list not public)"
Columbia,South Carolina,Saluda,45081960400,Saluda County rural-eligible tract,Y,Eligible — not designated,33.8896333,-81.685122,"Rev. Proc. 2026-14 appendix Rural (entirely rural); Eligible — not designated (SC Governor-filed Sep 10, 2026; nominated GEOID list not public)"
Columbia,South Carolina,Sumter,45085000100,Sumter County rural-eligible tract,Y,Eligible — not designated,34.0878288,-80.5369525,"Rev. Proc. 2026-14 appendix Rural (entirely rural); Eligible — not designated (SC Governor-filed Sep 10, 2026; nominated GEOID list not public); county on outer/uncertain edge of ~90-min shed"
Columbia,South Carolina,Sumter,45085000402,Sumter County rural-eligible tract,Y,Eligible — not designated,33.9956109,-80.2751699,"Rev. Proc. 2026-14 appendix Rural (entirely rural); Eligible — not designated (SC Governor-filed Sep 10, 2026; nominated GEOID list not public); county on outer/uncertain edge of ~90-min shed"
Columbia,South Carolina,Sumter,45085000500,Sumter County rural-eligible tract,Y,Eligible — not designated,33.9541683,-80.057259,"Rev. Proc. 2026-14 appendix Rural (entirely rural); Eligible — not designated (SC Governor-filed Sep 10, 2026; nominated GEOID list not public); county on outer/uncertain edge of ~90-min shed"
Columbia,South Carolina,Sumter,45085000700,Sumter County rural-eligible tract,Y,Eligible — not designated,33.9552524,-80.31231,"Rev. Proc. 2026-14 appendix Rural (entirely rural); Eligible — not designated (SC Governor-filed Sep 10, 2026; nominated GEOID list not public); county on outer/uncertain edge of ~90-min shed"
Columbia,South Carolina,Sumter,45085000800,Sumter County rural-eligible tract,Y,Eligible — not designated,33.9550915,-80.3534665,"Rev. Proc. 2026-14 appendix Rural (entirely rural); Eligible — not designated (SC Governor-filed Sep 10, 2026; nominated GEOID list not public); county on outer/uncertain edge of ~90-min shed"
Columbia,South Carolina,Sumter,45085001100,Sumter County rural-eligible tract,Y,Eligible — not designated,33.9269458,-80.2929001,"Rev. Proc. 2026-14 appendix Rural (entirely rural); Eligible — not designated (SC Governor-filed Sep 10, 2026; nominated GEOID list not public); county on outer/uncertain edge of ~90-min shed"
Columbia,South Carolina,Sumter,45085001300,Sumter County rural-eligible tract,Y,Eligible — not designated,33.9165836,-80.3525729,"Rev. Proc. 2026-14 appendix Rural (entirely rural); Eligible — not designated (SC Governor-filed Sep 10, 2026; nominated GEOID list not public); county on outer/uncertain edge of ~90-min shed"
Columbia,South Carolina,Sumter,45085001500,Sumter County rural-eligible tract,Y,Eligible — not designated,33.9056656,-80.3509034,"Rev. Proc. 2026-14 appendix Rural (entirely rural); Eligible — not designated (SC Governor-filed Sep 10, 2026; nominated GEOID list not public); county on outer/uncertain edge of ~90-min shed"
Columbia,South Carolina,Sumter,45085001600,Sumter County rural-eligible tract,Y,Eligible — not designated,33.887634,-80.3408143,"Rev. Proc. 2026-14 appendix Rural (entirely rural); Eligible — not designated (SC Governor-filed Sep 10, 2026; nominated GEOID list not public); county on outer/uncertain edge of ~90-min shed"
Columbia,South Carolina,Sumter,45085001804,Sumter County rural-eligible tract,Y,Eligible — not designated,33.928452,-80.5360489,"Rev. Proc. 2026-14 appendix Rural (entirely rural); Eligible — not designated (SC Governor-filed Sep 10, 2026; nominated GEOID list not public); county on outer/uncertain edge of ~90-min shed"
Greenville,South Carolina,Abbeville,45001950500,Abbeville County rural-eligible tract,Y,Eligible — not designated,34.1266067,-82.3805235,"Rev. Proc. 2026-14 appendix Rural (entirely rural); Eligible — not designated (SC Governor-filed Sep 10, 2026; nominated GEOID list not public); county on outer/uncertain edge of ~90-min shed"
Greenville,South Carolina,Anderson,45007000500,Anderson County rural-eligible tract,Y,Eligible — not designated,34.4911674,-82.6046235,"Rev. Proc. 2026-14 appendix Rural (entirely rural); Eligible — not designated (SC Governor-filed Sep 10, 2026; nominated GEOID list not public)"
Greenville,South Carolina,Anderson,45007000600,Anderson County rural-eligible tract,Y,Eligible — not designated,34.4882458,-82.6349474,"Rev. Proc. 2026-14 appendix Rural (entirely rural); Eligible — not designated (SC Governor-filed Sep 10, 2026; nominated GEOID list not public)"
Greenville,South Carolina,Anderson,45007000701,Anderson County rural-eligible tract,Y,Eligible — not designated,34.4995249,-82.6676403,"Rev. Proc. 2026-14 appendix Rural (entirely rural); Eligible — not designated (SC Governor-filed Sep 10, 2026; nominated GEOID list not public)"
Greenville,South Carolina,Anderson,45007000702,Anderson County rural-eligible tract,Y,Eligible — not designated,34.4878488,-82.6546233,"Rev. Proc. 2026-14 appendix Rural (entirely rural); Eligible — not designated (SC Governor-filed Sep 10, 2026; nominated GEOID list not public)"
Greenville,South Carolina,Anderson,45007000800,Anderson County rural-eligible tract,Y,Eligible — not designated,34.5151855,-82.6815651,"Rev. Proc. 2026-14 appendix Rural (entirely rural); Eligible — not designated (SC Governor-filed Sep 10, 2026; nominated GEOID list not public)"
Greenville,South Carolina,Anderson,45007001000,Anderson County rural-eligible tract,Y,Eligible — not designated,34.5399178,-82.6809575,"Rev. Proc. 2026-14 appendix Rural (entirely rural); Eligible — not designated (SC Governor-filed Sep 10, 2026; nominated GEOID list not public)"
Greenville,South Carolina,Anderson,45007010403,Anderson County rural-eligible tract,Y,Eligible — not designated,34.6112769,-82.472371,"Rev. Proc. 2026-14 appendix Rural (entirely rural); Eligible — not designated (SC Governor-filed Sep 10, 2026; nominated GEOID list not public)"
Greenville,South Carolina,Anderson,45007010405,Anderson County rural-eligible tract,Y,Eligible — not designated,34.5941165,-82.5407663,"Rev. Proc. 2026-14 appendix Rural (entirely rural); Eligible — not designated (SC Governor-filed Sep 10, 2026; nominated GEOID list not public)"
Greenville,South Carolina,Anderson,45007010701,Anderson County rural-eligible tract,Y,Eligible — not designated,34.6252008,-82.8013477,"Rev. Proc. 2026-14 appendix Rural (entirely rural); Eligible — not designated (SC Governor-filed Sep 10, 2026; nominated GEOID list not public)"
Greenville,South Carolina,Anderson,45007011402,Anderson County rural-eligible tract,Y,Eligible — not designated,34.5256364,-82.441628,"Rev. Proc. 2026-14 appendix Rural (entirely rural); Eligible — not designated (SC Governor-filed Sep 10, 2026; nominated GEOID list not public)"
Greenville,South Carolina,Anderson,45007011502,Anderson County rural-eligible tract,Y,Eligible — not designated,34.479732,-82.377086,"Rev. Proc. 2026-14 appendix Rural (entirely rural); Eligible — not designated (SC Governor-filed Sep 10, 2026; nominated GEOID list not public)"
Greenville,South Carolina,Anderson,45007011701,Anderson County rural-eligible tract,Y,Eligible — not designated,34.3553019,-82.6173883,"Rev. Proc. 2026-14 appendix Rural (entirely rural); Eligible — not designated (SC Governor-filed Sep 10, 2026; nominated GEOID list not public)"
Greenville,South Carolina,Anderson,45007011702,Anderson County rural-eligible tract,Y,Eligible — not designated,34.2935954,-82.7059773,"Rev. Proc. 2026-14 appendix Rural (entirely rural); Eligible — not designated (SC Governor-filed Sep 10, 2026; nominated GEOID list not public)"
Greenville,South Carolina,Anderson,45007011800,Anderson County rural-eligible tract,Y,Eligible — not designated,34.4155786,-82.6296198,"Rev. Proc. 2026-14 appendix Rural (entirely rural); Eligible — not designated (SC Governor-filed Sep 10, 2026; nominated GEOID list not public)"
Greenville,South Carolina,Anderson,45007011901,Anderson County rural-eligible tract,Y,Eligible — not designated,34.4562906,-82.6632407,"Rev. Proc. 2026-14 appendix Rural (entirely rural); Eligible — not designated (SC Governor-filed Sep 10, 2026; nominated GEOID list not public)"
Greenville,South Carolina,Anderson,45007011902,Anderson County rural-eligible tract,Y,Eligible — not designated,34.4625078,-82.6216538,"Rev. Proc. 2026-14 appendix Rural (entirely rural); Eligible — not designated (SC Governor-filed Sep 10, 2026; nominated GEOID list not public)"
Greenville,South Carolina,Anderson,45007012300,Anderson County rural-eligible tract,Y,Eligible — not designated,34.511284,-82.6076478,"Rev. Proc. 2026-14 appendix Rural (entirely rural); Eligible — not designated (SC Governor-filed Sep 10, 2026; nominated GEOID list not public)"
Greenville,South Carolina,Greenville,45045003202,Greenville County rural-eligible tract,Y,Eligible — not designated,34.5535191,-82.3283037,"Rev. Proc. 2026-14 appendix Rural (entirely rural); Eligible — not designated (SC Governor-filed Sep 10, 2026; nominated GEOID list not public)"
Greenville,South Carolina,Greenville,45045004101,Greenville County rural-eligible tract,Y,Eligible — not designated,35.037484,-82.5065924,"Rev. Proc. 2026-14 appendix Rural (entirely rural); Eligible — not designated (SC Governor-filed Sep 10, 2026; nominated GEOID list not public)"
Greenville,South Carolina,Greenwood,45047970102,Greenwood County rural-eligible tract,Y,Eligible — not designated,34.3181322,-82.269615,"Rev. Proc. 2026-14 appendix Rural (entirely rural); Eligible — not designated (SC Governor-filed Sep 10, 2026; nominated GEOID list not public); county on outer/uncertain edge of ~90-min shed"
Greenville,South Carolina,Greenwood,45047970401,Greenwood County rural-eligible tract,Y,Eligible — not designated,34.1778226,-82.1696198,"Rev. Proc. 2026-14 appendix Rural (entirely rural); Eligible — not designated (SC Governor-filed Sep 10, 2026; nominated GEOID list not public); county on outer/uncertain edge of ~90-min shed"
Greenville,South Carolina,Greenwood,45047970500,Greenwood County rural-eligible tract,Y,Eligible — not designated,34.1958201,-82.1472554,"Rev. Proc. 2026-14 appendix Rural (entirely rural); Eligible — not designated (SC Governor-filed Sep 10, 2026; nominated GEOID list not public); county on outer/uncertain edge of ~90-min shed"
Greenville,South Carolina,Greenwood,45047970801,Greenwood County rural-eligible tract,Y,Eligible — not designated,34.1589149,-82.1349072,"Rev. Proc. 2026-14 appendix Rural (entirely rural); Eligible — not designated (SC Governor-filed Sep 10, 2026; nominated GEOID list not public); county on outer/uncertain edge of ~90-min shed"
Greenville,South Carolina,Greenwood,45047970802,Greenwood County rural-eligible tract,Y,Eligible — not designated,34.111877,-82.1861034,"Rev. Proc. 2026-14 appendix Rural (entirely rural); Eligible — not designated (SC Governor-filed Sep 10, 2026; nominated GEOID list not public); county on outer/uncertain edge of ~90-min shed"
Greenville,South Carolina,Greenwood,45047970900,Greenwood County rural-eligible tract,Y,Eligible — not designated,34.038917,-82.2095765,"Rev. Proc. 2026-14 appendix Rural (entirely rural); Eligible — not designated (SC Governor-filed Sep 10, 2026; nominated GEOID list not public); county on outer/uncertain edge of ~90-min shed"
Greenville,South Carolina,Laurens,45059920107,Laurens County rural-eligible tract,Y,Eligible — not designated,34.5493603,-82.1362669,"Rev. Proc. 2026-14 appendix Rural (entirely rural); Eligible — not designated (SC Governor-filed Sep 10, 2026; nominated GEOID list not public)"
Greenville,South Carolina,Laurens,45059920302,Laurens County rural-eligible tract,Y,Eligible — not designated,34.4434478,-81.9881019,"Rev. Proc. 2026-14 appendix Rural (entirely rural); Eligible — not designated (SC Governor-filed Sep 10, 2026; nominated GEOID list not public)"
Greenville,South Carolina,Laurens,45059920503,Laurens County rural-eligible tract,Y,Eligible — not designated,34.5152484,-81.9896429,"Rev. Proc. 2026-14 appendix Rural (entirely rural); Eligible — not designated (SC Governor-filed Sep 10, 2026; nominated GEOID list not public)"
Greenville,South Carolina,Laurens,45059920504,Laurens County rural-eligible tract,Y,Eligible — not designated,34.5452035,-82.0223328,"Rev. Proc. 2026-14 appendix Rural (entirely rural); Eligible — not designated (SC Governor-filed Sep 10, 2026; nominated GEOID list not public)"
Greenville,South Carolina,Laurens,45059920600,Laurens County rural-eligible tract,Y,Eligible — not designated,34.5100227,-81.7986227,"Rev. Proc. 2026-14 appendix Rural (entirely rural); Eligible — not designated (SC Governor-filed Sep 10, 2026; nominated GEOID list not public)"
Greenville,South Carolina,Oconee,45073030100,Oconee County rural-eligible tract,Y,Eligible — not designated,34.8169487,-83.1735571,"Rev. Proc. 2026-14 appendix Rural (entirely rural); Eligible — not designated (SC Governor-filed Sep 10, 2026; nominated GEOID list not public); county on outer/uncertain edge of ~90-min shed"
Greenville,South Carolina,Oconee,45073030201,Oconee County rural-eligible tract,Y,Eligible — not designated,34.9536664,-82.9849556,"Rev. Proc. 2026-14 appendix Rural (entirely rural); Eligible — not designated (SC Governor-filed Sep 10, 2026; nominated GEOID list not public); county on outer/uncertain edge of ~90-min shed"
Greenville,South Carolina,Oconee,45073030403,Oconee County rural-eligible tract,Y,Eligible — not designated,34.7530745,-83.0750998,"Rev. Proc. 2026-14 appendix Rural (entirely rural); Eligible — not designated (SC Governor-filed Sep 10, 2026; nominated GEOID list not public); county on outer/uncertain edge of ~90-min shed"
Greenville,South Carolina,Oconee,45073030404,Oconee County rural-eligible tract,Y,Eligible — not designated,34.780364,-83.0633432,"Rev. Proc. 2026-14 appendix Rural (entirely rural); Eligible — not designated (SC Governor-filed Sep 10, 2026; nominated GEOID list not public); county on outer/uncertain edge of ~90-min shed"
Greenville,South Carolina,Oconee,45073030701,Oconee County rural-eligible tract,Y,Eligible — not designated,34.6770968,-82.9344373,"Rev. Proc. 2026-14 appendix Rural (entirely rural); Eligible — not designated (SC Governor-filed Sep 10, 2026; nominated GEOID list not public); county on outer/uncertain edge of ~90-min shed"
Greenville,South Carolina,Oconee,45073030801,Oconee County rural-eligible tract,Y,Eligible — not designated,34.6284208,-82.9267448,"Rev. Proc. 2026-14 appendix Rural (entirely rural); Eligible — not designated (SC Governor-filed Sep 10, 2026; nominated GEOID list not public); county on outer/uncertain edge of ~90-min shed"
Greenville,South Carolina,Oconee,45073030802,Oconee County rural-eligible tract,Y,Eligible — not designated,34.6674405,-82.9872337,"Rev. Proc. 2026-14 appendix Rural (entirely rural); Eligible — not designated (SC Governor-filed Sep 10, 2026; nominated GEOID list not public); county on outer/uncertain edge of ~90-min shed"
Greenville,South Carolina,Oconee,45073031100,Oconee County rural-eligible tract,Y,Eligible — not designated,34.6726176,-83.1814126,"Rev. Proc. 2026-14 appendix Rural (entirely rural); Eligible — not designated (SC Governor-filed Sep 10, 2026; nominated GEOID list not public); county on outer/uncertain edge of ~90-min shed"
Greenville,South Carolina,Pickens,45077010502,Pickens County rural-eligible tract,Y,Eligible — not designated,34.9029715,-82.6597995,"Rev. Proc. 2026-14 appendix Rural (entirely rural); Eligible — not designated (SC Governor-filed Sep 10, 2026; nominated GEOID list not public)"
Greenville,South Carolina,Pickens,45077010601,Pickens County rural-eligible tract,Y,Eligible — not designated,34.9108023,-82.5622379,"Rev. Proc. 2026-14 appendix Rural (entirely rural); Eligible — not designated (SC Governor-filed Sep 10, 2026; nominated GEOID list not public)"
Greenville,South Carolina,Pickens,45077011003,Pickens County rural-eligible tract,Y,Eligible — not designated,34.7504804,-82.669951,"Rev. Proc. 2026-14 appendix Rural (entirely rural); Eligible — not designated (SC Governor-filed Sep 10, 2026; nominated GEOID list not public)"
Greenville,South Carolina,Pickens,45077011104,Pickens County rural-eligible tract,Y,Eligible — not designated,34.7013995,-82.7694154,"Rev. Proc. 2026-14 appendix Rural (entirely rural); Eligible — not designated (SC Governor-filed Sep 10, 2026; nominated GEOID list not public)"
Greenville,South Carolina,Pickens,45077011105,Pickens County rural-eligible tract,Y,Eligible — not designated,34.7184064,-82.7484965,"Rev. Proc. 2026-14 appendix Rural (entirely rural); Eligible — not designated (SC Governor-filed Sep 10, 2026; nominated GEOID list not public)"
Greenville,South Carolina,Pickens,45077011202,Pickens County rural-eligible tract,Y,Eligible — not designated,34.6400865,-82.8374185,"Rev. Proc. 2026-14 appendix Rural (entirely rural); Eligible — not designated (SC Governor-filed Sep 10, 2026; nominated GEOID list not public)"
Greenville,South Carolina,Pickens,45077011204,Pickens County rural-eligible tract,Y,Eligible — not designated,34.7401093,-82.85118,"Rev. Proc. 2026-14 appendix Rural (entirely rural); Eligible — not designated (SC Governor-filed Sep 10, 2026; nominated GEOID list not public)"
Greenville,South Carolina,Spartanburg,45083020301,Spartanburg County rural-eligible tract,Y,Eligible — not designated,34.9629278,-81.9384473,"Rev. Proc. 2026-14 appendix Rural (entirely rural); Eligible — not designated (SC Governor-filed Sep 10, 2026; nominated GEOID list not public)"
Greenville,South Carolina,Spartanburg,45083020400,Spartanburg County rural-eligible tract,Y,Eligible — not designated,34.9541386,-81.9489874,"Rev. Proc. 2026-14 appendix Rural (entirely rural); Eligible — not designated (SC Governor-filed Sep 10, 2026; nominated GEOID list not public)"
Greenville,South Carolina,Spartanburg,45083020701,Spartanburg County rural-eligible tract,Y,Eligible — not designated,34.9279307,-81.951261,"Rev. Proc. 2026-14 appendix Rural (entirely rural); Eligible — not designated (SC Governor-filed Sep 10, 2026; nominated GEOID list not public)"
Greenville,South Carolina,Spartanburg,45083020702,Spartanburg County rural-eligible tract,Y,Eligible — not designated,34.9158346,-81.9432963,"Rev. Proc. 2026-14 appendix Rural (entirely rural); Eligible — not designated (SC Governor-filed Sep 10, 2026; nominated GEOID list not public)"
Greenville,South Carolina,Spartanburg,45083020800,Spartanburg County rural-eligible tract,Y,Eligible — not designated,34.9367442,-81.9385301,"Rev. Proc. 2026-14 appendix Rural (entirely rural); Eligible — not designated (SC Governor-filed Sep 10, 2026; nominated GEOID list not public)"
Greenville,South Carolina,Spartanburg,45083021001,Spartanburg County rural-eligible tract,Y,Eligible — not designated,34.9324506,-81.9235445,"Rev. Proc. 2026-14 appendix Rural (entirely rural); Eligible — not designated (SC Governor-filed Sep 10, 2026; nominated GEOID list not public)"
Greenville,South Carolina,Spartanburg,45083021100,Spartanburg County rural-eligible tract,Y,Eligible — not designated,34.9269747,-81.9077608,"Rev. Proc. 2026-14 appendix Rural (entirely rural); Eligible — not designated (SC Governor-filed Sep 10, 2026; nominated GEOID list not public)"
Greenville,South Carolina,Spartanburg,45083021500,Spartanburg County rural-eligible tract,Y,Eligible — not designated,34.9800448,-81.9284454,"Rev. Proc. 2026-14 appendix Rural (entirely rural); Eligible — not designated (SC Governor-filed Sep 10, 2026; nominated GEOID list not public)"
Greenville,South Carolina,Spartanburg,45083021600,Spartanburg County rural-eligible tract,Y,Eligible — not designated,34.9766538,-81.9550681,"Rev. Proc. 2026-14 appendix Rural (entirely rural); Eligible — not designated (SC Governor-filed Sep 10, 2026; nominated GEOID list not public)"
Greenville,South Carolina,Spartanburg,45083021700,Spartanburg County rural-eligible tract,Y,Eligible — not designated,34.9611074,-81.9692797,"Rev. Proc. 2026-14 appendix Rural (entirely rural); Eligible — not designated (SC Governor-filed Sep 10, 2026; nominated GEOID list not public)"
Greenville,South Carolina,Spartanburg,45083021804,Spartanburg County rural-eligible tract,Y,Eligible — not designated,34.9979287,-82.0170016,"Rev. Proc. 2026-14 appendix Rural (entirely rural); Eligible — not designated (SC Governor-filed Sep 10, 2026; nominated GEOID list not public)"
Greenville,South Carolina,Spartanburg,45083021805,Spartanburg County rural-eligible tract,Y,Eligible — not designated,34.987368,-81.9863699,"Rev. Proc. 2026-14 appendix Rural (entirely rural); Eligible — not designated (SC Governor-filed Sep 10, 2026; nominated GEOID list not public)"
Greenville,South Carolina,Spartanburg,45083021806,Spartanburg County rural-eligible tract,Y,Eligible — not designated,35.0049093,-81.9624959,"Rev. Proc. 2026-14 appendix Rural (entirely rural); Eligible — not designated (SC Governor-filed Sep 10, 2026; nominated GEOID list not public)"
Greenville,South Carolina,Spartanburg,45083021903,Spartanburg County rural-eligible tract,Y,Eligible — not designated,34.9498692,-82.0311056,"Rev. Proc. 2026-14 appendix Rural (entirely rural); Eligible — not designated (SC Governor-filed Sep 10, 2026; nominated GEOID list not public)"
Greenville,South Carolina,Spartanburg,45083022004,Spartanburg County rural-eligible tract,Y,Eligible — not designated,34.9087801,-81.863582,"Rev. Proc. 2026-14 appendix Rural (entirely rural); Eligible — not designated (SC Governor-filed Sep 10, 2026; nominated GEOID list not public)"
Greenville,South Carolina,Spartanburg,45083022202,Spartanburg County rural-eligible tract,Y,Eligible — not designated,34.9887462,-81.7972162,"Rev. Proc. 2026-14 appendix Rural (entirely rural); Eligible — not designated (SC Governor-filed Sep 10, 2026; nominated GEOID list not public)"
Greenville,South Carolina,Spartanburg,45083022303,Spartanburg County rural-eligible tract,Y,Eligible — not designated,35.1507291,-81.8682837,"Rev. Proc. 2026-14 appendix Rural (entirely rural); Eligible — not designated (SC Governor-filed Sep 10, 2026; nominated GEOID list not public)"
Greenville,South Carolina,Spartanburg,45083022305,Spartanburg County rural-eligible tract,Y,Eligible — not designated,35.0398325,-81.8261195,"Rev. Proc. 2026-14 appendix Rural (entirely rural); Eligible — not designated (SC Governor-filed Sep 10, 2026; nominated GEOID list not public)"
Greenville,South Carolina,Spartanburg,45083022407,Spartanburg County rural-eligible tract,Y,Eligible — not designated,35.1245397,-82.0672786,"Rev. Proc. 2026-14 appendix Rural (entirely rural); Eligible — not designated (SC Governor-filed Sep 10, 2026; nominated GEOID list not public)"
Greenville,South Carolina,Spartanburg,45083022408,Spartanburg County rural-eligible tract,Y,Eligible — not designated,35.1583049,-82.0213872,"Rev. Proc. 2026-14 appendix Rural (entirely rural); Eligible — not designated (SC Governor-filed Sep 10, 2026; nominated GEOID list not public)"
Greenville,South Carolina,Spartanburg,45083022600,Spartanburg County rural-eligible tract,Y,Eligible — not designated,35.1735263,-82.1860038,"Rev. Proc. 2026-14 appendix Rural (entirely rural); Eligible — not designated (SC Governor-filed Sep 10, 2026; nominated GEOID list not public)"
Greenville,South Carolina,Spartanburg,45083023104,Spartanburg County rural-eligible tract,Y,Eligible — not designated,34.9406952,-82.1078498,"Rev. Proc. 2026-14 appendix Rural (entirely rural); Eligible — not designated (SC Governor-filed Sep 10, 2026; nominated GEOID list not public)"
Greenville,South Carolina,Spartanburg,45083023602,Spartanburg County rural-eligible tract,Y,Eligible — not designated,34.7350519,-82.0318927,"Rev. Proc. 2026-14 appendix Rural (entirely rural); Eligible — not designated (SC Governor-filed Sep 10, 2026; nominated GEOID list not public)"
Greenville,South Carolina,Spartanburg,45083023700,Spartanburg County rural-eligible tract,Y,Eligible — not designated,34.6789415,-81.9162707,"Rev. Proc. 2026-14 appendix Rural (entirely rural); Eligible — not designated (SC Governor-filed Sep 10, 2026; nominated GEOID list not public)"
Chattanooga,Georgia,Dade,13083040103,Dade County rural-eligible tract,Y,Eligible — not designated,34.8859943,-85.4908402,Rev. Proc. 2026-14 appendix Rural (entirely rural)
Chattanooga,Georgia,Walker,13295020702,Walker County rural-eligible tract,Y,Eligible — not designated,34.6924225,-85.2911116,Rev. Proc. 2026-14 appendix Rural (entirely rural)
Chattanooga,Georgia,Walker,13295020902,Walker County rural-eligible tract,Y,Eligible — not designated,34.6522754,-85.1393945,Rev. Proc. 2026-14 appendix Rural (entirely rural)
Chattanooga,Georgia,Walker,13295020904,Walker County rural-eligible tract,Y,Eligible — not designated,34.6502577,-85.2511896,Rev. Proc. 2026-14 appendix Rural (entirely rural)
Chattanooga,Georgia,Whitfield,13313000401,Whitfield County rural-eligible tract,Y,Eligible — not designated,34.7919995,-84.9479989,Rev. Proc. 2026-14 appendix Rural (entirely rural); county on outer/uncertain edge of ~90-min shed
Chattanooga,Georgia,Whitfield,13313000402,Whitfield County rural-eligible tract,Y,Eligible — not designated,34.7929766,-84.9086858,Rev. Proc. 2026-14 appendix Rural (entirely rural); county on outer/uncertain edge of ~90-min shed
Chattanooga,Georgia,Whitfield,13313000501,Whitfield County rural-eligible tract,Y,Eligible — not designated,34.83117,-85.0035728,Rev. Proc. 2026-14 appendix Rural (entirely rural); county on outer/uncertain edge of ~90-min shed
Chattanooga,Georgia,Whitfield,13313000502,Whitfield County rural-eligible tract,Y,Eligible — not designated,34.7862911,-84.9790075,Rev. Proc. 2026-14 appendix Rural (entirely rural); county on outer/uncertain edge of ~90-min shed
Chattanooga,Georgia,Whitfield,13313001000,Whitfield County rural-eligible tract,Y,Eligible — not designated,34.7718874,-84.940177,Rev. Proc. 2026-14 appendix Rural (entirely rural); county on outer/uncertain edge of ~90-min shed
Chattanooga,Georgia,Whitfield,13313001200,Whitfield County rural-eligible tract,Y,Eligible — not designated,34.729015,-84.9325622,Rev. Proc. 2026-14 appendix Rural (entirely rural); county on outer/uncertain edge of ~90-min shed
Chattanooga,Georgia,Whitfield,13313001300,Whitfield County rural-eligible tract,Y,Eligible — not designated,34.756506,-84.9414267,Rev. Proc. 2026-14 appendix Rural (entirely rural); county on outer/uncertain edge of ~90-min shed
Chattanooga,Georgia,Whitfield,13313001500,Whitfield County rural-eligible tract,Y,Eligible — not designated,34.6695865,-84.9540471,Rev. Proc. 2026-14 appendix Rural (entirely rural); county on outer/uncertain edge of ~90-min shed
Chattanooga,Tennessee,Bradley,47011010400,Bradley County rural-eligible tract,Y,Eligible — not designated,35.1624127,-84.8614097,Rev. Proc. 2026-14 appendix Rural (entirely rural)
Chattanooga,Tennessee,Bradley,47011010700,Bradley County rural-eligible tract,Y,Eligible — not designated,35.1441951,-84.8848041,Rev. Proc. 2026-14 appendix Rural (entirely rural)
Chattanooga,Tennessee,Bradley,47011010800,Bradley County rural-eligible tract,Y,Eligible — not designated,35.1431754,-84.8627823,Rev. Proc. 2026-14 appendix Rural (entirely rural)
Chattanooga,Tennessee,Marion,47115050201,Marion County rural-eligible tract,Y,Eligible — not designated,35.0340631,-85.5175194,Rev. Proc. 2026-14 appendix Rural (entirely rural)
Chattanooga,Tennessee,Marion,47115050302,Marion County rural-eligible tract,Y,Eligible — not designated,35.0955767,-85.7795073,Rev. Proc. 2026-14 appendix Rural (entirely rural)
Chattanooga,Tennessee,Rhea,47143975000,Rhea County rural-eligible tract,Y,Eligible — not designated,35.7416697,-84.8121015,Rev. Proc. 2026-14 appendix Rural (entirely rural); county on outer/uncertain edge of ~90-min shed
Chattanooga,Tennessee,Rhea,47143975401,Rhea County rural-eligible tract,Y,Eligible — not designated,35.4938808,-85.0210675,Rev. Proc. 2026-14 appendix Rural (entirely rural); county on outer/uncertain edge of ~90-min shed
Chattanooga,Tennessee,Sequatchie,47153060103,Sequatchie County rural-eligible tract,Y,Eligible — not designated,35.4046641,-85.3733057,Rev. Proc. 2026-14 appendix Rural (entirely rural)
Chattanooga,Tennessee,Sequatchie,47153060104,Sequatchie County rural-eligible tract,Y,Eligible — not designated,35.3170314,-85.4306357,Rev. Proc. 2026-14 appendix Rural (entirely rural)
Knoxville,Tennessee,Anderson,47001020100,Anderson County rural-eligible tract,Y,Eligible — not designated,35.9957166,-84.2815594,Rev. Proc. 2026-14 appendix Rural (entirely rural)
Knoxville,Tennessee,Anderson,47001020500,Anderson County rural-eligible tract,Y,Eligible — not designated,36.0142083,-84.2845559,Rev. Proc. 2026-14 appendix Rural (entirely rural)
Knoxville,Tennessee,Anderson,47001020700,Anderson County rural-eligible tract,Y,Eligible — not designated,36.1665025,-84.3050926,Rev. Proc. 2026-14 appendix Rural (entirely rural)
Knoxville,Tennessee,Anderson,47001021001,Anderson County rural-eligible tract,Y,Eligible — not designated,36.0873744,-84.2828819,Rev. Proc. 2026-14 appendix Rural (entirely rural)
Knoxville,Tennessee,Anderson,47001021202,Anderson County rural-eligible tract,Y,Eligible — not designated,36.0928583,-84.1090364,Rev. Proc. 2026-14 appendix Rural (entirely rural)
Knoxville,Tennessee,Campbell,47013950100,Campbell County rural-eligible tract,Y,Eligible — not designated,36.4503614,-84.1090109,Rev. Proc. 2026-14 appendix Rural (entirely rural); county on outer/uncertain edge of ~90-min shed
Knoxville,Tennessee,Campbell,47013950200,Campbell County rural-eligible tract,Y,Eligible — not designated,36.5857536,-84.1639266,Rev. Proc. 2026-14 appendix Rural (entirely rural); county on outer/uncertain edge of ~90-min shed
Knoxville,Tennessee,Campbell,47013950300,Campbell County rural-eligible tract,Y,Eligible — not designated,36.5202826,-84.2351305,Rev. Proc. 2026-14 appendix Rural (entirely rural); county on outer/uncertain edge of ~90-min shed
Knoxville,Tennessee,Campbell,47013950601,Campbell County rural-eligible tract,Y,Eligible — not designated,36.3686388,-84.14534,Rev. Proc. 2026-14 appendix Rural (entirely rural); county on outer/uncertain edge of ~90-min shed
Knoxville,Tennessee,Campbell,47013950602,Campbell County rural-eligible tract,Y,Eligible — not designated,36.3660905,-84.1268556,Rev. Proc. 2026-14 appendix Rural (entirely rural); county on outer/uncertain edge of ~90-min shed
Knoxville,Tennessee,Campbell,47013950701,Campbell County rural-eligible tract,Y,Eligible — not designated,36.3969114,-84.0885754,Rev. Proc. 2026-14 appendix Rural (entirely rural); county on outer/uncertain edge of ~90-min shed
Knoxville,Tennessee,Campbell,47013950702,Campbell County rural-eligible tract,Y,Eligible — not designated,36.3826776,-84.1001108,Rev. Proc. 2026-14 appendix Rural (entirely rural); county on outer/uncertain edge of ~90-min shed
Knoxville,Tennessee,Campbell,47013950800,Campbell County rural-eligible tract,Y,Eligible — not designated,36.430611,-83.9803435,Rev. Proc. 2026-14 appendix Rural (entirely rural); county on outer/uncertain edge of ~90-min shed
Knoxville,Tennessee,Campbell,47013951000,Campbell County rural-eligible tract,Y,Eligible — not designated,36.3409024,-84.041014,Rev. Proc. 2026-14 appendix Rural (entirely rural); county on outer/uncertain edge of ~90-min shed
Knoxville,Tennessee,Cocke,47029920200,Cocke County rural-eligible tract,Y,Eligible — not designated,36.0090173,-83.2141453,Rev. Proc. 2026-14 appendix Rural (entirely rural); county on outer/uncertain edge of ~90-min shed
Knoxville,Tennessee,Cocke,47029920400,Cocke County rural-eligible tract,Y,Eligible — not designated,35.8773642,-82.9957857,Rev. Proc. 2026-14 appendix Rural (entirely rural); county on outer/uncertain edge of ~90-min shed
Knoxville,Tennessee,Cocke,47029920501,Cocke County rural-eligible tract,Y,Eligible — not designated,35.9236004,-83.2569441,Rev. Proc. 2026-14 appendix Rural (entirely rural); county on outer/uncertain edge of ~90-min shed
Knoxville,Tennessee,Cocke,47029920502,Cocke County rural-eligible tract,Y,Eligible — not designated,35.8904462,-83.1824199,Rev. Proc. 2026-14 appendix Rural (entirely rural); county on outer/uncertain edge of ~90-min shed
Knoxville,Tennessee,Cocke,47029920600,Cocke County rural-eligible tract,Y,Eligible — not designated,35.9313331,-83.1920397,Rev. Proc. 2026-14 appendix Rural (entirely rural); county on outer/uncertain edge of ~90-min shed
Knoxville,Tennessee,Grainger,47057500100,Grainger County rural-eligible tract,Y,Eligible — not designated,36.3334872,-83.5363484,Rev. Proc. 2026-14 appendix Rural (entirely rural)
Knoxville,Tennessee,Grainger,47057500302,Grainger County rural-eligible tract,Y,Eligible — not designated,36.2359635,-83.4630571,Rev. Proc. 2026-14 appendix Rural (entirely rural)
Knoxville,Tennessee,Grainger,47057500401,Grainger County rural-eligible tract,Y,Eligible — not designated,36.3473466,-83.3514042,Rev. Proc. 2026-14 appendix Rural (entirely rural)
Knoxville,Tennessee,Hamblen,47063100100,Hamblen County rural-eligible tract,Y,Eligible — not designated,36.2368129,-83.279175,Rev. Proc. 2026-14 appendix Rural (entirely rural); county on outer/uncertain edge of ~90-min shed
Knoxville,Tennessee,Hamblen,47063100200,Hamblen County rural-eligible tract,Y,Eligible — not designated,36.21117,-83.273189,Rev. Proc. 2026-14 appendix Rural (entirely rural); county on outer/uncertain edge of ~90-min shed
Knoxville,Tennessee,Hamblen,47063100300,Hamblen County rural-eligible tract,Y,Eligible — not designated,36.203256,-83.2983276,Rev. Proc. 2026-14 appendix Rural (entirely rural); county on outer/uncertain edge of ~90-min shed
Knoxville,Tennessee,Hamblen,47063100800,Hamblen County rural-eligible tract,Y,Eligible — not designated,36.1698832,-83.3146584,Rev. Proc. 2026-14 appendix Rural (entirely rural); county on outer/uncertain edge of ~90-min shed
Knoxville,Tennessee,Jefferson,47089070300,Jefferson County rural-eligible tract,Y,Eligible — not designated,36.1445715,-83.4918959,Rev. Proc. 2026-14 appendix Rural (entirely rural)
Knoxville,Tennessee,Knox,47093006502,Knox County rural-eligible tract,Y,Eligible — not designated,36.0846931,-83.7279865,Rev. Proc. 2026-14 appendix Rural (entirely rural)
Knoxville,Tennessee,Morgan,47129110300,Morgan County rural-eligible tract,Y,Eligible — not designated,36.1182609,-84.5369373,Rev. Proc. 2026-14 appendix Rural (entirely rural); county on outer/uncertain edge of ~90-min shed
Knoxville,Tennessee,Roane,47145030401,Roane County rural-eligible tract,Y,Eligible — not designated,35.7936515,-84.7157269,Rev. Proc. 2026-14 appendix Rural (entirely rural)
Knoxville,Tennessee,Roane,47145030500,Roane County rural-eligible tract,Y,Eligible — not designated,35.864761,-84.702296,Rev. Proc. 2026-14 appendix Rural (entirely rural)
Knoxville,Tennessee,Roane,47145030801,Roane County rural-eligible tract,Y,Eligible — not designated,35.9416018,-84.5539273,Rev. Proc. 2026-14 appendix Rural (entirely rural)
Knoxville,Tennessee,Roane,47145030802,Roane County rural-eligible tract,Y,Eligible — not designated,35.9611395,-84.510526,Rev. Proc. 2026-14 appendix Rural (entirely rural)
Knoxville,Tennessee,Sevier,47155080601,Sevier County rural-eligible tract,Y,Eligible — not designated,35.9058419,-83.5412429,Rev. Proc. 2026-14 appendix Rural (entirely rural)
Knoxville,Tennessee,Sevier,47155080702,Sevier County rural-eligible tract,Y,Eligible — not designated,35.8201416,-83.3512329,Rev. Proc. 2026-14 appendix Rural (entirely rural)
Knoxville,Tennessee,Sevier,47155080801,Sevier County rural-eligible tract,Y,Eligible — not designated,35.8417986,-83.5571065,Rev. Proc. 2026-14 appendix Rural (entirely rural)
Knoxville,Tennessee,Sevier,47155080804,Sevier County rural-eligible tract,Y,Eligible — not designated,35.8607692,-83.5291663,Rev. Proc. 2026-14 appendix Rural (entirely rural)
Knoxville,Tennessee,Sevier,47155080904,Sevier County rural-eligible tract,Y,Eligible — not designated,35.7709207,-83.5854297,Rev. Proc. 2026-14 appendix Rural (entirely rural)
Knoxville,Tennessee,Sevier,47155081002,Sevier County rural-eligible tract,Y,Eligible — not designated,35.775489,-83.4894993,Rev. Proc. 2026-14 appendix Rural (entirely rural)
Knoxville,Tennessee,Sevier,47155081101,Sevier County rural-eligible tract,Y,Eligible — not designated,35.7145779,-83.5302683,Rev. Proc. 2026-14 appendix Rural (entirely rural)
Knoxville,Tennessee,Union,47173040201,Union County rural-eligible tract,Y,Eligible — not designated,36.2494946,-83.8123015,Rev. Proc. 2026-14 appendix Rural (entirely rural)
Memphis,Arkansas,Crittenden,05035030101,Crittenden County rural-eligible tract,Y,Eligible — not designated,35.152528,-90.1506261,Rev. Proc. 2026-14 appendix Rural (entirely rural)
Memphis,Arkansas,Crittenden,05035030102,Crittenden County rural-eligible tract,Y,Eligible — not designated,35.1542649,-90.1676997,Rev. Proc. 2026-14 appendix Rural (entirely rural)
Memphis,Arkansas,Crittenden,05035030301,Crittenden County rural-eligible tract,Y,Eligible — not designated,35.1361118,-90.212423,Rev. Proc. 2026-14 appendix Rural (entirely rural)
Memphis,Arkansas,Crittenden,05035030302,Crittenden County rural-eligible tract,Y,Eligible — not designated,35.1358002,-90.1877903,Rev. Proc. 2026-14 appendix Rural (entirely rural)
Memphis,Arkansas,Crittenden,05035030503,Crittenden County rural-eligible tract,Y,Eligible — not designated,35.1414504,-90.1571962,Rev. Proc. 2026-14 appendix Rural (entirely rural)
Memphis,Arkansas,Crittenden,05035030601,Crittenden County rural-eligible tract,Y,Eligible — not designated,35.0294825,-90.3619023,Rev. Proc. 2026-14 appendix Rural (entirely rural)
Memphis,Arkansas,Crittenden,05035030702,Crittenden County rural-eligible tract,Y,Eligible — not designated,35.2337158,-90.244393,Rev. Proc. 2026-14 appendix Rural (entirely rural)
Memphis,Arkansas,Crittenden,05035030703,Crittenden County rural-eligible tract,Y,Eligible — not designated,35.1726035,-90.249782,Rev. Proc. 2026-14 appendix Rural (entirely rural)
Memphis,Arkansas,Crittenden,05035031100,Crittenden County rural-eligible tract,Y,Eligible — not designated,35.2926634,-90.4503769,Rev. Proc. 2026-14 appendix Rural (entirely rural)
Memphis,Arkansas,Crittenden,05035031200,Crittenden County rural-eligible tract,Y,Eligible — not designated,35.1403545,-90.1700818,Rev. Proc. 2026-14 appendix Rural (entirely rural)
Memphis,Arkansas,Mississippi,05093010100,Mississippi County rural-eligible tract,Y,Eligible — not designated,35.9242613,-89.9083851,Rev. Proc. 2026-14 appendix Rural (entirely rural); county on outer/uncertain edge of ~90-min shed
Memphis,Arkansas,Mississippi,05093010200,Mississippi County rural-eligible tract,Y,Eligible — not designated,35.9399964,-89.8830811,Rev. Proc. 2026-14 appendix Rural (entirely rural); county on outer/uncertain edge of ~90-min shed
Memphis,Arkansas,Mississippi,05093010300,Mississippi County rural-eligible tract,Y,Eligible — not designated,35.896632,-89.923102,Rev. Proc. 2026-14 appendix Rural (entirely rural); county on outer/uncertain edge of ~90-min shed
Memphis,Arkansas,Mississippi,05093010601,Mississippi County rural-eligible tract,Y,Eligible — not designated,35.9424784,-89.9161066,Rev. Proc. 2026-14 appendix Rural (entirely rural); county on outer/uncertain edge of ~90-min shed
Memphis,Arkansas,Mississippi,05093010602,Mississippi County rural-eligible tract,Y,Eligible — not designated,35.9823431,-89.9503822,Rev. Proc. 2026-14 appendix Rural (entirely rural); county on outer/uncertain edge of ~90-min shed
Memphis,Arkansas,Mississippi,05093010801,Mississippi County rural-eligible tract,Y,Eligible — not designated,35.9417082,-90.2269257,Rev. Proc. 2026-14 appendix Rural (entirely rural); county on outer/uncertain edge of ~90-min shed
Memphis,Arkansas,Mississippi,05093010900,Mississippi County rural-eligible tract,Y,Eligible — not designated,35.7242259,-90.1546817,Rev. Proc. 2026-14 appendix Rural (entirely rural); county on outer/uncertain edge of ~90-min shed
Memphis,Arkansas,Mississippi,05093011000,Mississippi County rural-eligible tract,Y,Eligible — not designated,35.7064489,-89.9657962,Rev. Proc. 2026-14 appendix Rural (entirely rural); county on outer/uncertain edge of ~90-min shed
Memphis,Arkansas,Mississippi,05093011300,Mississippi County rural-eligible tract,Y,Eligible — not designated,35.5221254,-90.1665126,Rev. Proc. 2026-14 appendix Rural (entirely rural); county on outer/uncertain edge of ~90-min shed
Memphis,Mississippi,Benton,28009950101,Benton County rural-eligible tract,Y,Eligible — not designated,34.885205,-89.2746488,Rev. Proc. 2026-14 appendix Rural (entirely rural); county on outer/uncertain edge of ~90-min shed
Memphis,Mississippi,Benton,28009950102,Benton County rural-eligible tract,Y,Eligible — not designated,34.8864983,-89.123605,Rev. Proc. 2026-14 appendix Rural (entirely rural); county on outer/uncertain edge of ~90-min shed
Memphis,Mississippi,Benton,28009950200,Benton County rural-eligible tract,Y,Eligible — not designated,34.678964,-89.1921646,Rev. Proc. 2026-14 appendix Rural (entirely rural); county on outer/uncertain edge of ~90-min shed
Memphis,Mississippi,Marshall,28093950102,Marshall County rural-eligible tract,Y,Eligible — not designated,34.9351724,-89.5615471,Rev. Proc. 2026-14 appendix Rural (entirely rural); county on outer/uncertain edge of ~90-min shed
Memphis,Mississippi,Marshall,28093950201,Marshall County rural-eligible tract,Y,Eligible — not designated,34.8711332,-89.6564982,Rev. Proc. 2026-14 appendix Rural (entirely rural); county on outer/uncertain edge of ~90-min shed
Memphis,Mississippi,Marshall,28093950202,Marshall County rural-eligible tract,Y,Eligible — not designated,34.9475054,-89.6800725,Rev. Proc. 2026-14 appendix Rural (entirely rural); county on outer/uncertain edge of ~90-min shed
Memphis,Mississippi,Marshall,28093950301,Marshall County rural-eligible tract,Y,Eligible — not designated,34.7447244,-89.6083166,Rev. Proc. 2026-14 appendix Rural (entirely rural); county on outer/uncertain edge of ~90-min shed
Memphis,Mississippi,Marshall,28093950401,Marshall County rural-eligible tract,Y,Eligible — not designated,34.7783831,-89.4701056,Rev. Proc. 2026-14 appendix Rural (entirely rural); county on outer/uncertain edge of ~90-min shed
Memphis,Mississippi,Marshall,28093950402,Marshall County rural-eligible tract,Y,Eligible — not designated,34.7613892,-89.4323209,Rev. Proc. 2026-14 appendix Rural (entirely rural); county on outer/uncertain edge of ~90-min shed
Memphis,Mississippi,Marshall,28093950501,Marshall County rural-eligible tract,Y,Eligible — not designated,34.6399572,-89.5883699,Rev. Proc. 2026-14 appendix Rural (entirely rural); county on outer/uncertain edge of ~90-min shed
Memphis,Mississippi,Marshall,28093950502,Marshall County rural-eligible tract,Y,Eligible — not designated,34.654086,-89.3782493,Rev. Proc. 2026-14 appendix Rural (entirely rural); county on outer/uncertain edge of ~90-min shed
Memphis,Mississippi,Tate,28137950301,Tate County rural-eligible tract,Y,Eligible — not designated,34.6925909,-90.0982797,Rev. Proc. 2026-14 appendix Rural (entirely rural); county on outer/uncertain edge of ~90-min shed
Memphis,Mississippi,Tate,28137950302,Tate County rural-eligible tract,Y,Eligible — not designated,34.5983959,-90.0952087,Rev. Proc. 2026-14 appendix Rural (entirely rural); county on outer/uncertain edge of ~90-min shed
Memphis,Mississippi,Tate,28137950400,Tate County rural-eligible tract,Y,Eligible — not designated,34.6214003,-89.978539,Rev. Proc. 2026-14 appendix Rural (entirely rural); county on outer/uncertain edge of ~90-min shed
Memphis,Mississippi,Tunica,28143950102,Tunica County rural-eligible tract,Y,Eligible — not designated,34.7956902,-90.3726527,Rev. Proc. 2026-14 appendix Rural (entirely rural); county on outer/uncertain edge of ~90-min shed
Memphis,Mississippi,Tunica,28143950200,Tunica County rural-eligible tract,Y,Eligible — not designated,34.6895362,-90.406689,Rev. Proc. 2026-14 appendix Rural (entirely rural); county on outer/uncertain edge of ~90-min shed
Memphis,Tennessee,Lauderdale,47097050100,Lauderdale County rural-eligible tract,Y,Eligible — not designated,35.7441964,-89.7655983,Rev. Proc. 2026-14 appendix Rural (entirely rural); county on outer/uncertain edge of ~90-min shed
Memphis,Tennessee,Lauderdale,47097050504,Lauderdale County rural-eligible tract,Y,Eligible — not designated,35.7469945,-89.5397187,Rev. Proc. 2026-14 appendix Rural (entirely rural); county on outer/uncertain edge of ~90-min shed
Memphis,Tennessee,Lauderdale,47097050505,Lauderdale County rural-eligible tract,Y,Eligible — not designated,35.7523733,-89.5138991,Rev. Proc. 2026-14 appendix Rural (entirely rural); county on outer/uncertain edge of ~90-min shed
Memphis,Tennessee,Lauderdale,47097050600,Lauderdale County rural-eligible tract,Y,Eligible — not designated,35.6573111,-89.5533982,Rev. Proc. 2026-14 appendix Rural (entirely rural); county on outer/uncertain edge of ~90-min shed
Memphis,Tennessee,Shelby,47157020210,Shelby County rural-eligible tract,Y,Eligible — not designated,35.3718942,-89.8731724,Rev. Proc. 2026-14 appendix Rural (entirely rural)
Memphis,Tennessee,Shelby,47157020302,Shelby County rural-eligible tract,Y,Eligible — not designated,35.3463526,-89.8944629,Rev. Proc. 2026-14 appendix Rural (entirely rural)
Memphis,Tennessee,Tipton,47167040200,Tipton County rural-eligible tract,Y,Eligible — not designated,35.5371925,-89.8556474,Rev. Proc. 2026-14 appendix Rural (entirely rural)
Memphis,Tennessee,Tipton,47167040601,Tipton County rural-eligible tract,Y,Eligible — not designated,35.5881662,-89.6809425,Rev. Proc. 2026-14 appendix Rural (entirely rural)
Memphis,Tennessee,Tipton,47167040700,Tipton County rural-eligible tract,Y,Eligible — not designated,35.5586895,-89.6493002,Rev. Proc. 2026-14 appendix Rural (entirely rural)
Winston-Salem,North Carolina,Davidson,37057061903,Davidson County rural-eligible tract,Y,Eligible — not designated,35.7914698,-80.0930999,Rev. Proc. 2026-14 appendix Rural (entirely rural)
Winston-Salem,North Carolina,Randolph,37151030100,Randolph County rural-eligible tract,Y,Eligible — not designated,35.6721415,-79.8252884,Rev. Proc. 2026-14 appendix Rural (entirely rural); county on outer/uncertain edge of ~90-min shed
Winston-Salem,North Carolina,Randolph,37151030302,Randolph County rural-eligible tract,Y,Eligible — not designated,35.7202203,-79.7831307,Rev. Proc. 2026-14 appendix Rural (entirely rural); county on outer/uncertain edge of ~90-min shed
Winston-Salem,North Carolina,Randolph,37151030400,Randolph County rural-eligible tract,Y,Eligible — not designated,35.7404541,-79.8192445,Rev. Proc. 2026-14 appendix Rural (entirely rural); county on outer/uncertain edge of ~90-min shed
Winston-Salem,North Carolina,Randolph,37151031001,Randolph County rural-eligible tract,Y,Eligible — not designated,35.7228398,-79.6116284,Rev. Proc. 2026-14 appendix Rural (entirely rural); county on outer/uncertain edge of ~90-min shed
Winston-Salem,North Carolina,Randolph,37151031101,Randolph County rural-eligible tract,Y,Eligible — not designated,35.7832131,-79.7372439,Rev. Proc. 2026-14 appendix Rural (entirely rural); county on outer/uncertain edge of ~90-min shed
Winston-Salem,North Carolina,Randolph,37151031401,Randolph County rural-eligible tract,Y,Eligible — not designated,35.8248083,-79.7958262,Rev. Proc. 2026-14 appendix Rural (entirely rural); county on outer/uncertain edge of ~90-min shed
Winston-Salem,North Carolina,Rockingham,37157040200,Rockingham County rural-eligible tract,Y,Eligible — not designated,36.5189608,-79.680084,Rev. Proc. 2026-14 appendix Rural (entirely rural); county on outer/uncertain edge of ~90-min shed
Winston-Salem,North Carolina,Rockingham,37157040501,Rockingham County rural-eligible tract,Y,Eligible — not designated,36.5163684,-79.8114953,Rev. Proc. 2026-14 appendix Rural (entirely rural); county on outer/uncertain edge of ~90-min shed
Winston-Salem,North Carolina,Rockingham,37157040900,Rockingham County rural-eligible tract,Y,Eligible — not designated,36.422529,-79.9483621,Rev. Proc. 2026-14 appendix Rural (entirely rural); county on outer/uncertain edge of ~90-min shed
Winston-Salem,North Carolina,Rockingham,37157041001,Rockingham County rural-eligible tract,Y,Eligible — not designated,36.3108592,-79.9756041,Rev. Proc. 2026-14 appendix Rural (entirely rural); county on outer/uncertain edge of ~90-min shed
Winston-Salem,North Carolina,Rockingham,37157041200,Rockingham County rural-eligible tract,Y,Eligible — not designated,36.3704045,-79.6751173,Rev. Proc. 2026-14 appendix Rural (entirely rural); county on outer/uncertain edge of ~90-min shed
Winston-Salem,North Carolina,Rockingham,37157041400,Rockingham County rural-eligible tract,Y,Eligible — not designated,36.3287653,-79.6524614,Rev. Proc. 2026-14 appendix Rural (entirely rural); county on outer/uncertain edge of ~90-min shed
Winston-Salem,North Carolina,Stokes,37169070101,Stokes County rural-eligible tract,Y,Eligible — not designated,36.3854332,-80.0859336,Rev. Proc. 2026-14 appendix Rural (entirely rural)
Winston-Salem,North Carolina,Stokes,37169070302,Stokes County rural-eligible tract,Y,Eligible — not designated,36.427251,-80.3922429,Rev. Proc. 2026-14 appendix Rural (entirely rural)
Winston-Salem,North Carolina,Surry,37171930201,Surry County rural-eligible tract,Y,Eligible — not designated,36.5382079,-80.5338818,Rev. Proc. 2026-14 appendix Rural (entirely rural); county on outer/uncertain edge of ~90-min shed
Winston-Salem,North Carolina,Surry,37171930202,Surry County rural-eligible tract,Y,Eligible — not designated,36.4691666,-80.5706791,Rev. Proc. 2026-14 appendix Rural (entirely rural); county on outer/uncertain edge of ~90-min shed
Winston-Salem,North Carolina,Surry,37171930400,Surry County rural-eligible tract,Y,Eligible — not designated,36.492451,-80.6077456,Rev. Proc. 2026-14 appendix Rural (entirely rural); county on outer/uncertain edge of ~90-min shed
Winston-Salem,North Carolina,Surry,37171930501,Surry County rural-eligible tract,Y,Eligible — not designated,36.5406504,-80.6563985,Rev. Proc. 2026-14 appendix Rural (entirely rural); county on outer/uncertain edge of ~90-min shed
Winston-Salem,North Carolina,Surry,37171930502,Surry County rural-eligible tract,Y,Eligible — not designated,36.5060832,-80.6363605,Rev. Proc. 2026-14 appendix Rural (entirely rural); county on outer/uncertain edge of ~90-min shed
Winston-Salem,North Carolina,Surry,37171930802,Surry County rural-eligible tract,Y,Eligible — not designated,36.3813323,-80.8662001,Rev. Proc. 2026-14 appendix Rural (entirely rural); county on outer/uncertain edge of ~90-min shed
Winston-Salem,North Carolina,Surry,37171931003,Surry County rural-eligible tract,Y,Eligible — not designated,36.3136618,-80.7450269,Rev. Proc. 2026-14 appendix Rural (entirely rural); county on outer/uncertain edge of ~90-min shed
Winston-Salem,North Carolina,Yadkin,37197050401,Yadkin County rural-eligible tract,Y,Eligible — not designated,36.1062991,-80.8256844,Rev. Proc. 2026-14 appendix Rural (entirely rural)
Winston-Salem,North Carolina,Yadkin,37197050502,Yadkin County rural-eligible tract,Y,Eligible — not designated,36.0923367,-80.5778393,Rev. Proc. 2026-14 appendix Rural (entirely rural)
Wilmington,North Carolina,Brunswick,37019020101,Brunswick County rural-eligible tract,Y,Eligible — not designated,34.323231,-78.071378,Rev. Proc. 2026-14 appendix Rural (entirely rural)
Wilmington,North Carolina,Brunswick,37019020204,Brunswick County rural-eligible tract,Y,Eligible — not designated,34.0267982,-78.0892409,Rev. Proc. 2026-14 appendix Rural (entirely rural)
Wilmington,North Carolina,Brunswick,37019020404,Brunswick County rural-eligible tract,Y,Eligible — not designated,33.9659625,-78.3045336,Rev. Proc. 2026-14 appendix Rural (entirely rural)
Wilmington,North Carolina,Brunswick,37019020408,Brunswick County rural-eligible tract,Y,Eligible — not designated,33.9506849,-78.3530295,Rev. Proc. 2026-14 appendix Rural (entirely rural)
Wilmington,North Carolina,Brunswick,37019020409,Brunswick County rural-eligible tract,Y,Eligible — not designated,33.928238,-78.338022,Rev. Proc. 2026-14 appendix Rural (entirely rural)
Wilmington,North Carolina,Brunswick,37019020505,Brunswick County rural-eligible tract,Y,Eligible — not designated,33.9916026,-78.5495703,Rev. Proc. 2026-14 appendix Rural (entirely rural)
Wilmington,North Carolina,Brunswick,37019020601,Brunswick County rural-eligible tract,Y,Eligible — not designated,34.0823293,-78.4165529,Rev. Proc. 2026-14 appendix Rural (entirely rural)
Wilmington,North Carolina,Columbus,37047930400,Columbus County rural-eligible tract,Y,Eligible — not designated,34.338158,-78.6088151,Rev. Proc. 2026-14 appendix Rural (entirely rural); county on outer/uncertain edge of ~90-min shed
Wilmington,North Carolina,Columbus,37047930500,Columbus County rural-eligible tract,Y,Eligible — not designated,34.4040593,-78.8626385,Rev. Proc. 2026-14 appendix Rural (entirely rural); county on outer/uncertain edge of ~90-min shed
Wilmington,North Carolina,Columbus,37047930600,Columbus County rural-eligible tract,Y,Eligible — not designated,34.2820986,-78.9447753,Rev. Proc. 2026-14 appendix Rural (entirely rural); county on outer/uncertain edge of ~90-min shed
Wilmington,North Carolina,Columbus,37047930700,Columbus County rural-eligible tract,Y,Eligible — not designated,34.3174194,-78.8298159,Rev. Proc. 2026-14 appendix Rural (entirely rural); county on outer/uncertain edge of ~90-min shed
Wilmington,North Carolina,Columbus,37047930900,Columbus County rural-eligible tract,Y,Eligible — not designated,34.3159737,-78.7391773,Rev. Proc. 2026-14 appendix Rural (entirely rural); county on outer/uncertain edge of ~90-min shed
Wilmington,North Carolina,Columbus,37047931000,Columbus County rural-eligible tract,Y,Eligible — not designated,34.2735881,-78.7166122,Rev. Proc. 2026-14 appendix Rural (entirely rural); county on outer/uncertain edge of ~90-min shed
Wilmington,North Carolina,Columbus,37047931201,Columbus County rural-eligible tract,Y,Eligible — not designated,34.1724021,-78.8558309,Rev. Proc. 2026-14 appendix Rural (entirely rural); county on outer/uncertain edge of ~90-min shed
Wilmington,North Carolina,Columbus,37047931302,Columbus County rural-eligible tract,Y,Eligible — not designated,34.1544211,-78.5521252,Rev. Proc. 2026-14 appendix Rural (entirely rural); county on outer/uncertain edge of ~90-min shed
Wilmington,North Carolina,Duplin,37061090101,Duplin County rural-eligible tract,Y,Eligible — not designated,35.1216285,-77.8087768,Rev. Proc. 2026-14 appendix Rural (entirely rural); county on outer/uncertain edge of ~90-min shed
Wilmington,North Carolina,Duplin,37061090102,Duplin County rural-eligible tract,Y,Eligible — not designated,35.0627152,-77.8919793,Rev. Proc. 2026-14 appendix Rural (entirely rural); county on outer/uncertain edge of ~90-min shed
Wilmington,North Carolina,Duplin,37061090103,Duplin County rural-eligible tract,Y,Eligible — not designated,35.149144,-77.9649835,Rev. Proc. 2026-14 appendix Rural (entirely rural); county on outer/uncertain edge of ~90-min shed
Wilmington,North Carolina,Duplin,37061090301,Duplin County rural-eligible tract,Y,Eligible — not designated,34.9859289,-78.1110196,Rev. Proc. 2026-14 appendix Rural (entirely rural); county on outer/uncertain edge of ~90-min shed
Wilmington,North Carolina,Duplin,37061090402,Duplin County rural-eligible tract,Y,Eligible — not designated,35.005615,-77.942376,Rev. Proc. 2026-14 appendix Rural (entirely rural); county on outer/uncertain edge of ~90-min shed
Wilmington,North Carolina,Duplin,37061090505,Duplin County rural-eligible tract,Y,Eligible — not designated,34.8885011,-77.7181938,Rev. Proc. 2026-14 appendix Rural (entirely rural); county on outer/uncertain edge of ~90-min shed
Wilmington,North Carolina,Duplin,37061090600,Duplin County rural-eligible tract,Y,Eligible — not designated,34.7801925,-77.7801024,Rev. Proc. 2026-14 appendix Rural (entirely rural); county on outer/uncertain edge of ~90-min shed
Wilmington,North Carolina,Duplin,37061090704,Duplin County rural-eligible tract,Y,Eligible — not designated,34.8168594,-77.9019384,Rev. Proc. 2026-14 appendix Rural (entirely rural); county on outer/uncertain edge of ~90-min shed
Wilmington,North Carolina,Duplin,37061090705,Duplin County rural-eligible tract,Y,Eligible — not designated,34.74009,-77.9711159,Rev. Proc. 2026-14 appendix Rural (entirely rural); county on outer/uncertain edge of ~90-min shed
Wilmington,North Carolina,Duplin,37061090706,Duplin County rural-eligible tract,Y,Eligible — not designated,34.7708787,-78.00754,Rev. Proc. 2026-14 appendix Rural (entirely rural); county on outer/uncertain edge of ~90-min shed
Wilmington,North Carolina,Duplin,37061090801,Duplin County rural-eligible tract,Y,Eligible — not designated,34.8786984,-78.0951316,Rev. Proc. 2026-14 appendix Rural (entirely rural); county on outer/uncertain edge of ~90-min shed
Wilmington,North Carolina,Duplin,37061090804,Duplin County rural-eligible tract,Y,Eligible — not designated,34.8385192,-78.0062914,Rev. Proc. 2026-14 appendix Rural (entirely rural); county on outer/uncertain edge of ~90-min shed
Wilmington,North Carolina,Onslow,37133000303,Onslow County rural-eligible tract,Y,Eligible — not designated,34.8001314,-77.6405085,Rev. Proc. 2026-14 appendix Rural (entirely rural); county on outer/uncertain edge of ~90-min shed
Wilmington,North Carolina,Onslow,37133002801,Onslow County rural-eligible tract,Y,Eligible — not designated,34.6467773,-77.1676,Rev. Proc. 2026-14 appendix Rural (entirely rural); county on outer/uncertain edge of ~90-min shed
Wilmington,North Carolina,Pender,37141920204,Pender County rural-eligible tract,Y,Eligible — not designated,34.6046249,-77.7337585,Rev. Proc. 2026-14 appendix Rural (entirely rural)
Wilmington,North Carolina,Pender,37141920403,Pender County rural-eligible tract,Y,Eligible — not designated,34.5493899,-77.8690183,Rev. Proc. 2026-14 appendix Rural (entirely rural)
SWFL,Florida,Lee,12071080100,Lee County rural-eligible tract,Y,Eligible — not designated,26.6044228,-82.2189689,"Rev. Proc. 2026-14 appendix Rural (entirely rural); SWFL core county; eligible, not designated"
SWFL,Florida,Collier,12021011204,Collier County rural-eligible tract,Y,Eligible — not designated,26.402873,-81.4388626,"Rev. Proc. 2026-14 appendix Rural (entirely rural); SWFL core county; eligible, not designated"
SWFL,Florida,Collier,12021011205,Collier County rural-eligible tract,Y,Eligible — not designated,26.4081191,-81.3996452,"Rev. Proc. 2026-14 appendix Rural (entirely rural); SWFL core county; eligible, not designated"
SWFL,Florida,Collier,12021011211,Collier County rural-eligible tract,Y,Eligible — not designated,26.362109,-81.5748873,"Rev. Proc. 2026-14 appendix Rural (entirely rural); SWFL core county; eligible, not designated"
SWFL,Florida,Collier,12021011303,Collier County rural-eligible tract,Y,Eligible — not designated,26.429506,-81.4462385,"Rev. Proc. 2026-14 appendix Rural (entirely rural); SWFL core county; eligible, not designated"
SWFL,Florida,Collier,12021011304,Collier County rural-eligible tract,Y,Eligible — not designated,26.4256816,-81.4658951,"Rev. Proc. 2026-14 appendix Rural (entirely rural); SWFL core county; eligible, not designated"
SWFL,Florida,Collier,12021011305,Collier County rural-eligible tract,Y,Eligible — not designated,26.4379585,-81.4377441,"Rev. Proc. 2026-14 appendix Rural (entirely rural); SWFL core county; eligible, not designated"
SWFL,Florida,Collier,12021011306,Collier County rural-eligible tract,Y,Eligible — not designated,26.4697659,-81.5012607,"Rev. Proc. 2026-14 appendix Rural (entirely rural); SWFL core county; eligible, not designated"
SWFL,Florida,Collier,12021011400,Collier County rural-eligible tract,Y,Eligible — not designated,26.4694613,-81.3295167,"Rev. Proc. 2026-14 appendix Rural (entirely rural); SWFL core county; eligible, not designated"
SWFL,Florida,Charlotte,12015010302,Charlotte County rural-eligible tract,Y,Eligible — not designated,26.9376097,-82.0342212,"Rev. Proc. 2026-14 appendix Rural (entirely rural); partial SWFL county (Punta Gorda MSA); county on outer/uncertain edge of the SWFL cut; eligible, not designated"
SWFL,Florida,Charlotte,12015010504,Charlotte County rural-eligible tract,Y,Eligible — not designated,26.87166,-81.992305,"Rev. Proc. 2026-14 appendix Rural (entirely rural); partial SWFL county (Punta Gorda MSA); county on outer/uncertain edge of the SWFL cut; eligible, not designated"
