{"type":"FeatureCollection","name":"45025-11_29","features":[{"type":"Feature","id":"45025:165 011 001 055","properties":{"id":"45025:165 011 001 055","parcelId":"165 011 001 055","countyFips":"45025","countyName":"Chesterfield","state":"South Carolina","marketIds":["Columbia"],"situsAddress":null,"situsCity":null,"situsZip":null,"jurisdictionCode":null,"ownerName":"SMITH JAMES ZINNERMON","ownerName2":null,"propertyName":null,"zoningCode":null,"zoningDistrict":null,"jurisdictionPrefix":null,"dorCode":null,"acreage":30.9818,"centroid":[-80.143359,34.448013],"lastSale":{"date":null,"price":null,"qualified":null},"tax":{"marketValue":93700.0,"assessedValue":null,"taxableValue":null,"taxes":null},"mailingAddress":{"line1":null,"line2":null,"city":null,"state":null,"zip":null},"incomeTract":null,"incomeBlockGroup":null,"nearestRoad":null,"flu":null,"opportunityZone":null,"oz2Eligibility":null,"source":"sc-chesterfield-parcels-45025","appraiserUrl":null,"gisViewerUrl":"https://chesterfieldsc.wthgis.com/"},"geometry":{"type":"Polygon","coordinates":[[[-80.141501,34.449159],[-80.14161,34.449806],[-80.144092,34.449294],[-80.145227,34.44902],[-80.145029,34.448419],[-80.144331,34.446621],[-80.144102,34.445756],[-80.14098,34.446026],[-80.141501,34.449159]]]}},{"type":"Feature","id":"45025:165 011 001 057","properties":{"id":"45025:165 011 001 057","parcelId":"165 011 001 057","countyFips":"45025","countyName":"Chesterfield","state":"South Carolina","marketIds":["Columbia"],"situsAddress":null,"situsCity":null,"situsZip":null,"jurisdictionCode":null,"ownerName":"JOHNSON DONALD RALPH &","ownerName2":null,"propertyName":null,"zoningCode":null,"zoningDistrict":null,"jurisdictionPrefix":null,"dorCode":null,"acreage":6.1694,"centroid":[-80.145526,34.447579],"lastSale":{"date":null,"price":null,"qualified":null},"tax":{"marketValue":500.0,"assessedValue":null,"taxableValue":null,"taxes":null},"mailingAddress":{"line1":null,"line2":null,"city":null,"state":null,"zip":null},"incomeTract":null,"incomeBlockGroup":null,"nearestRoad":null,"flu":null,"opportunityZone":null,"oz2Eligibility":null,"source":"sc-chesterfield-parcels-45025","appraiserUrl":null,"gisViewerUrl":"https://chesterfieldsc.wthgis.com/"},"geometry":{"type":"Polygon","coordinates":[[[-80.144331,34.446621],[-80.145029,34.448419],[-80.145791,34.448228],[-80.146015,34.447904],[-80.146464,34.446724],[-80.144331,34.446621]]]}},{"type":"Feature","id":"45025:164 000 000 045","properties":{"id":"45025:164 000 000 045","parcelId":"164 000 000 045","countyFips":"45025","countyName":"Chesterfield","state":"South Carolina","marketIds":["Columbia"],"situsAddress":null,"situsCity":null,"situsZip":null,"jurisdictionCode":null,"ownerName":"DIXON BARBARA W","ownerName2":null,"propertyName":null,"zoningCode":null,"zoningDistrict":null,"jurisdictionPrefix":null,"dorCode":null,"acreage":14.558,"centroid":[-80.133787,34.465213],"lastSale":{"date":null,"price":null,"qualified":null},"tax":{"marketValue":null,"assessedValue":null,"taxableValue":null,"taxes":null},"mailingAddress":{"line1":null,"line2":null,"city":null,"state":null,"zip":null},"incomeTract":null,"incomeBlockGroup":null,"nearestRoad":null,"flu":null,"opportunityZone":null,"oz2Eligibility":null,"source":"sc-chesterfield-parcels-45025","appraiserUrl":null,"gisViewerUrl":"https://chesterfieldsc.wthgis.com/"},"geometry":{"type":"Polygon","coordinates":[[[-80.131975,34.46497],[-80.132532,34.466495],[-80.1333,34.466337],[-80.134755,34.466499],[-80.134956,34.464855],[-80.135451,34.464747],[-80.135205,34.463832],[-80.133444,34.464412],[-80.132468,34.464769],[-80.131975,34.46497]]]}},{"type":"Feature","id":"45025:164 000 000 061","properties":{"id":"45025:164 000 000 061","parcelId":"164 000 000 061","countyFips":"45025","countyName":"Chesterfield","state":"South Carolina","marketIds":["Columbia"],"situsAddress":null,"situsCity":null,"situsZip":null,"jurisdictionCode":null,"ownerName":"JOHNSON STEPHEN ANSEL ETAL.","ownerName2":null,"propertyName":null,"zoningCode":null,"zoningDistrict":null,"jurisdictionPrefix":null,"dorCode":null,"acreage":5.6567,"centroid":[-80.144812,34.462704],"lastSale":{"date":null,"price":null,"qualified":null},"tax":{"marketValue":null,"assessedValue":null,"taxableValue":null,"taxes":null},"mailingAddress":{"line1":null,"line2":null,"city":null,"state":null,"zip":null},"incomeTract":null,"incomeBlockGroup":null,"nearestRoad":null,"flu":null,"opportunityZone":null,"oz2Eligibility":null,"source":"sc-chesterfield-parcels-45025","appraiserUrl":null,"gisViewerUrl":"https://chesterfieldsc.wthgis.com/"},"geometry":{"type":"Polygon","coordinates":[[[-80.143805,34.463235],[-80.144003,34.463557],[-80.145231,34.463437],[-80.145198,34.463011],[-80.145153,34.463016],[-80.145241,34.462778],[-80.145458,34.462582],[-80.145391,34.462497],[-80.14535,34.462401],[-80.145352,34.461996],[-80.144727,34.46209],[-80.144367,34.462176],[-80.14328,34.462381],[-80.143805,34.463235]]]}},{"type":"Feature","id":"45025:164 000 000 063","properties":{"id":"45025:164 000 000 063","parcelId":"164 000 000 063","countyFips":"45025","countyName":"Chesterfield","state":"South Carolina","marketIds":["Columbia"],"situsAddress":null,"situsCity":null,"situsZip":null,"jurisdictionCode":null,"ownerName":"PERDUE EDWARD HAROLD & BRENDA","ownerName2":null,"propertyName":null,"zoningCode":null,"zoningDistrict":null,"jurisdictionPrefix":null,"dorCode":null,"acreage":16.7088,"centroid":[-80.134252,34.462163],"lastSale":{"date":null,"price":null,"qualified":null},"tax":{"marketValue":null,"assessedValue":null,"taxableValue":null,"taxes":null},"mailingAddress":{"line1":null,"line2":null,"city":null,"state":null,"zip":null},"incomeTract":null,"incomeBlockGroup":null,"nearestRoad":null,"flu":null,"opportunityZone":null,"oz2Eligibility":null,"source":"sc-chesterfield-parcels-45025","appraiserUrl":null,"gisViewerUrl":"https://chesterfieldsc.wthgis.com/"},"geometry":{"type":"Polygon","coordinates":[[[-80.133622,34.462953],[-80.134175,34.463972],[-80.135724,34.463464],[-80.134765,34.460118],[-80.132972,34.460308],[-80.133622,34.462953]]]}},{"type":"Feature","id":"45025:164 000 000 064","properties":{"id":"45025:164 000 000 064","parcelId":"164 000 000 064","countyFips":"45025","countyName":"Chesterfield","state":"South Carolina","marketIds":["Columbia"],"situsAddress":null,"situsCity":null,"situsZip":null,"jurisdictionCode":null,"ownerName":"BUNCH JOSEPH D & TONDA J.","ownerName2":null,"propertyName":null,"zoningCode":null,"zoningDistrict":null,"jurisdictionPrefix":null,"dorCode":null,"acreage":38.5105,"centroid":[-80.131854,34.462877],"lastSale":{"date":null,"price":null,"qualified":null},"tax":{"marketValue":112500.0,"assessedValue":null,"taxableValue":null,"taxes":null},"mailingAddress":{"line1":null,"line2":null,"city":null,"state":null,"zip":null},"incomeTract":null,"incomeBlockGroup":null,"nearestRoad":null,"flu":null,"opportunityZone":null,"oz2Eligibility":null,"source":"sc-chesterfield-parcels-45025","appraiserUrl":null,"gisViewerUrl":"https://chesterfieldsc.wthgis.com/"},"geometry":{"type":"Polygon","coordinates":[[[-80.130765,34.463713],[-80.132411,34.464591],[-80.133359,34.464245],[-80.134175,34.463972],[-80.133622,34.462953],[-80.132972,34.460308],[-80.129222,34.460832],[-80.128308,34.462402],[-80.130765,34.463713]]]}},{"type":"Feature","id":"45025:164 000 000 117","properties":{"id":"45025:164 000 000 117","parcelId":"164 000 000 117","countyFips":"45025","countyName":"Chesterfield","state":"South Carolina","marketIds":["Columbia"],"situsAddress":null,"situsCity":null,"situsZip":null,"jurisdictionCode":null,"ownerName":"SNIPES HAROLD F JR","ownerName2":null,"propertyName":null,"zoningCode":null,"zoningDistrict":null,"jurisdictionPrefix":null,"dorCode":null,"acreage":5.1536,"centroid":[-80.141707,34.46098],"lastSale":{"date":null,"price":null,"qualified":null},"tax":{"marketValue":null,"assessedValue":null,"taxableValue":null,"taxes":null},"mailingAddress":{"line1":null,"line2":null,"city":null,"state":null,"zip":null},"incomeTract":null,"incomeBlockGroup":null,"nearestRoad":null,"flu":null,"opportunityZone":null,"oz2Eligibility":null,"source":"sc-chesterfield-parcels-45025","appraiserUrl":null,"gisViewerUrl":"https://chesterfieldsc.wthgis.com/"},"geometry":{"type":"Polygon","coordinates":[[[-80.140859,34.461289],[-80.140871,34.461492],[-80.143067,34.461253],[-80.142927,34.460319],[-80.140811,34.460549],[-80.140859,34.461289]]]}},{"type":"Feature","id":"45025:164 000 000 120","properties":{"id":"45025:164 000 000 120","parcelId":"164 000 000 120","countyFips":"45025","countyName":"Chesterfield","state":"South Carolina","marketIds":["Columbia"],"situsAddress":null,"situsCity":null,"situsZip":null,"jurisdictionCode":null,"ownerName":"BEASLEY ROBERT M & BRENDA L","ownerName2":null,"propertyName":null,"zoningCode":null,"zoningDistrict":null,"jurisdictionPrefix":null,"dorCode":null,"acreage":6.3943,"centroid":[-80.139673,34.46319],"lastSale":{"date":null,"price":null,"qualified":null},"tax":{"marketValue":null,"assessedValue":null,"taxableValue":null,"taxes":null},"mailingAddress":{"line1":null,"line2":null,"city":null,"state":null,"zip":null},"incomeTract":null,"incomeBlockGroup":null,"nearestRoad":null,"flu":null,"opportunityZone":null,"oz2Eligibility":null,"source":"sc-chesterfield-parcels-45025","appraiserUrl":null,"gisViewerUrl":"https://chesterfieldsc.wthgis.com/"},"geometry":{"type":"MultiPolygon","coordinates":[[[[-80.140737,34.46283],[-80.140206,34.462889],[-80.138358,34.463063],[-80.138278,34.463642],[-80.140784,34.463525],[-80.140737,34.46283]]],[[[-80.139731,34.461531],[-80.139983,34.462729],[-80.140725,34.462648],[-80.140651,34.461481],[-80.139731,34.461531]]]]}},{"type":"Feature","id":"45025:164 000 000 133","properties":{"id":"45025:164 000 000 133","parcelId":"164 000 000 133","countyFips":"45025","countyName":"Chesterfield","state":"South Carolina","marketIds":["Columbia"],"situsAddress":null,"situsCity":null,"situsZip":null,"jurisdictionCode":null,"ownerName":"BYRD SYLVIA D","ownerName2":null,"propertyName":null,"zoningCode":null,"zoningDistrict":null,"jurisdictionPrefix":null,"dorCode":null,"acreage":5.6883,"centroid":[-80.131373,34.465966],"lastSale":{"date":null,"price":null,"qualified":null},"tax":{"marketValue":2500.0,"assessedValue":null,"taxableValue":null,"taxes":null},"mailingAddress":{"line1":null,"line2":null,"city":null,"state":null,"zip":null},"incomeTract":null,"incomeBlockGroup":null,"nearestRoad":null,"flu":null,"opportunityZone":null,"oz2Eligibility":null,"source":"sc-chesterfield-parcels-45025","appraiserUrl":null,"gisViewerUrl":"https://chesterfieldsc.wthgis.com/"},"geometry":{"type":"Polygon","coordinates":[[[-80.131011,34.466467],[-80.131296,34.466749],[-80.132532,34.466495],[-80.131975,34.46497],[-80.131124,34.46535],[-80.1303,34.465762],[-80.131011,34.466467]]]}},{"type":"Feature","id":"45025:165 000 000 166","properties":{"id":"45025:165 000 000 166","parcelId":"165 000 000 166","countyFips":"45025","countyName":"Chesterfield","state":"South Carolina","marketIds":["Columbia"],"situsAddress":null,"situsCity":null,"situsZip":null,"jurisdictionCode":null,"ownerName":"DAVIS MICHAEL G","ownerName2":null,"propertyName":null,"zoningCode":null,"zoningDistrict":null,"jurisdictionPrefix":null,"dorCode":null,"acreage":8.6123,"centroid":[-80.161869,34.449315],"lastSale":{"date":null,"price":null,"qualified":null},"tax":{"marketValue":null,"assessedValue":null,"taxableValue":null,"taxes":null},"mailingAddress":{"line1":null,"line2":null,"city":null,"state":null,"zip":null},"incomeTract":null,"incomeBlockGroup":null,"nearestRoad":null,"flu":null,"opportunityZone":null,"oz2Eligibility":null,"source":"sc-chesterfield-parcels-45025","appraiserUrl":null,"gisViewerUrl":"https://chesterfieldsc.wthgis.com/"},"geometry":{"type":"Polygon","coordinates":[[[-80.16137,34.44923],[-80.16204,34.451699],[-80.162749,34.451382],[-80.162103,34.447488],[-80.161456,34.447613],[-80.161496,34.448477],[-80.16137,34.44923]]]}},{"type":"Feature","id":"45025:165 000 000 167","properties":{"id":"45025:165 000 000 167","parcelId":"165 000 000 167","countyFips":"45025","countyName":"Chesterfield","state":"South Carolina","marketIds":["Columbia"],"situsAddress":null,"situsCity":null,"situsZip":null,"jurisdictionCode":null,"ownerName":"WINBURN JOSHUA E & TIFFANY F","ownerName2":null,"propertyName":null,"zoningCode":null,"zoningDistrict":null,"jurisdictionPrefix":null,"dorCode":null,"acreage":6.6289,"centroid":[-80.161188,34.450392],"lastSale":{"date":null,"price":null,"qualified":null},"tax":{"marketValue":null,"assessedValue":null,"taxableValue":null,"taxes":null},"mailingAddress":{"line1":null,"line2":null,"city":null,"state":null,"zip":null},"incomeTract":null,"incomeBlockGroup":null,"nearestRoad":null,"flu":null,"opportunityZone":null,"oz2Eligibility":null,"source":"sc-chesterfield-parcels-45025","appraiserUrl":null,"gisViewerUrl":"https://chesterfieldsc.wthgis.com/"},"geometry":{"type":"Polygon","coordinates":[[[-80.160314,34.449944],[-80.161381,34.45199],[-80.16204,34.451699],[-80.16137,34.44923],[-80.160836,34.449098],[-80.160314,34.449944]]]}},{"type":"Feature","id":"45025:165 000 000 168","properties":{"id":"45025:165 000 000 168","parcelId":"165 000 000 168","countyFips":"45025","countyName":"Chesterfield","state":"South Carolina","marketIds":["Columbia"],"situsAddress":null,"situsCity":null,"situsZip":null,"jurisdictionCode":null,"ownerName":"DAVIS RICKY","ownerName2":null,"propertyName":null,"zoningCode":null,"zoningDistrict":null,"jurisdictionPrefix":null,"dorCode":null,"acreage":6.5493,"centroid":[-80.16275,34.449336],"lastSale":{"date":null,"price":null,"qualified":null},"tax":{"marketValue":null,"assessedValue":null,"taxableValue":null,"taxes":null},"mailingAddress":{"line1":null,"line2":null,"city":null,"state":null,"zip":null},"incomeTract":null,"incomeBlockGroup":null,"nearestRoad":null,"flu":null,"opportunityZone":null,"oz2Eligibility":null,"source":"sc-chesterfield-parcels-45025","appraiserUrl":null,"gisViewerUrl":"https://chesterfieldsc.wthgis.com/"},"geometry":{"type":"Polygon","coordinates":[[[-80.162103,34.447488],[-80.162749,34.451382],[-80.163347,34.451118],[-80.162801,34.447354],[-80.162103,34.447488]]]}},{"type":"Feature","id":"45025:164 000 000 176","properties":{"id":"45025:164 000 000 176","parcelId":"164 000 000 176","countyFips":"45025","countyName":"Chesterfield","state":"South Carolina","marketIds":["Columbia"],"situsAddress":null,"situsCity":null,"situsZip":null,"jurisdictionCode":null,"ownerName":"BRYAN JOHN F JR","ownerName2":null,"propertyName":null,"zoningCode":null,"zoningDistrict":null,"jurisdictionPrefix":null,"dorCode":null,"acreage":6.1622,"centroid":[-80.145779,34.463486],"lastSale":{"date":null,"price":null,"qualified":null},"tax":{"marketValue":null,"assessedValue":null,"taxableValue":null,"taxes":null},"mailingAddress":{"line1":null,"line2":null,"city":null,"state":null,"zip":null},"incomeTract":null,"incomeBlockGroup":null,"nearestRoad":null,"flu":null,"opportunityZone":null,"oz2Eligibility":null,"source":"sc-chesterfield-parcels-45025","appraiserUrl":null,"gisViewerUrl":"https://chesterfieldsc.wthgis.com/"},"geometry":{"type":"Polygon","coordinates":[[[-80.144615,34.46446],[-80.144803,34.464479],[-80.144928,34.463976],[-80.145311,34.464209],[-80.145395,34.464218],[-80.145497,34.464181],[-80.145694,34.463898],[-80.14577,34.463818],[-80.145967,34.463701],[-80.146145,34.463668],[-80.146266,34.463675],[-80.146571,34.463778],[-80.146682,34.463784],[-80.14681,34.463466],[-80.147056,34.463117],[-80.147085,34.463053],[-80.147075,34.463003],[-80.146978,34.46295],[-80.146403,34.462968],[-80.146199,34.462952],[-80.14602,34.462915],[-80.145713,34.46279],[-80.145575,34.462695],[-80.145458,34.462582],[-80.145241,34.462778],[-80.145153,34.463016],[-80.145198,34.463011],[-80.145231,34.463437],[-80.144003,34.463557],[-80.144529,34.464431],[-80.144615,34.46446]]]}},{"type":"Feature","id":"45025:164 015 001 076","properties":{"id":"45025:164 015 001 076","parcelId":"164 015 001 076","countyFips":"45025","countyName":"Chesterfield","state":"South Carolina","marketIds":["Columbia"],"situsAddress":null,"situsCity":null,"situsZip":null,"jurisdictionCode":null,"ownerName":"SMITH LINDA N ETAL","ownerName2":null,"propertyName":null,"zoningCode":null,"zoningDistrict":null,"jurisdictionPrefix":null,"dorCode":null,"acreage":5.1933,"centroid":[-80.143204,34.460462],"lastSale":{"date":null,"price":null,"qualified":null},"tax":{"marketValue":null,"assessedValue":null,"taxableValue":null,"taxes":null},"mailingAddress":{"line1":null,"line2":null,"city":null,"state":null,"zip":null},"incomeTract":null,"incomeBlockGroup":null,"nearestRoad":null,"flu":null,"opportunityZone":null,"oz2Eligibility":null,"source":"sc-chesterfield-parcels-45025","appraiserUrl":null,"gisViewerUrl":"https://chesterfieldsc.wthgis.com/"},"geometry":{"type":"MultiPolygon","coordinates":[[[[-80.142809,34.459533],[-80.142927,34.460319],[-80.143107,34.461524],[-80.1437,34.461438],[-80.143475,34.459496],[-80.142809,34.459533]]],[[[-80.143584,34.459572],[-80.143738,34.460901],[-80.144422,34.46073],[-80.144332,34.460462],[-80.14428,34.460211],[-80.144236,34.459882],[-80.144221,34.459536],[-80.143584,34.459572]]]]}},{"type":"Feature","id":"45025:165 000 000 012","properties":{"id":"45025:165 000 000 012","parcelId":"165 000 000 012","countyFips":"45025","countyName":"Chesterfield","state":"South Carolina","marketIds":["Columbia"],"situsAddress":null,"situsCity":null,"situsZip":null,"jurisdictionCode":null,"ownerName":"BLACKWELL STEVEN L","ownerName2":null,"propertyName":null,"zoningCode":null,"zoningDistrict":null,"jurisdictionPrefix":null,"dorCode":null,"acreage":6.8236,"centroid":[-80.162478,34.446774],"lastSale":{"date":null,"price":null,"qualified":null},"tax":{"marketValue":null,"assessedValue":null,"taxableValue":null,"taxes":null},"mailingAddress":{"line1":null,"line2":null,"city":null,"state":null,"zip":null},"incomeTract":null,"incomeBlockGroup":null,"nearestRoad":null,"flu":null,"opportunityZone":null,"oz2Eligibility":null,"source":"sc-chesterfield-parcels-45025","appraiserUrl":null,"gisViewerUrl":"https://chesterfieldsc.wthgis.com/"},"geometry":{"type":"Polygon","coordinates":[[[-80.161392,34.446193],[-80.161456,34.447613],[-80.163513,34.447217],[-80.163553,34.446072],[-80.161392,34.446193]]]}},{"type":"Feature","id":"45025:165 000 000 021","properties":{"id":"45025:165 000 000 021","parcelId":"165 000 000 021","countyFips":"45025","countyName":"Chesterfield","state":"South Carolina","marketIds":["Columbia"],"situsAddress":null,"situsCity":null,"situsZip":null,"jurisdictionCode":null,"ownerName":"KELLEY COURTNEY SIERRA","ownerName2":null,"propertyName":null,"zoningCode":null,"zoningDistrict":null,"jurisdictionPrefix":null,"dorCode":null,"acreage":5.005,"centroid":[-80.162661,34.445576],"lastSale":{"date":null,"price":null,"qualified":null},"tax":{"marketValue":23500.0,"assessedValue":null,"taxableValue":null,"taxes":null},"mailingAddress":{"line1":null,"line2":null,"city":null,"state":null,"zip":null},"incomeTract":null,"incomeBlockGroup":null,"nearestRoad":null,"flu":null,"opportunityZone":null,"oz2Eligibility":null,"source":"sc-chesterfield-parcels-45025","appraiserUrl":null,"gisViewerUrl":"https://chesterfieldsc.wthgis.com/"},"geometry":{"type":"Polygon","coordinates":[[[-80.161777,34.444987],[-80.161727,34.446173],[-80.163553,34.446072],[-80.163586,34.445071],[-80.161777,34.444987]]]}},{"type":"Feature","id":"45025:165 000 000 022","properties":{"id":"45025:165 000 000 022","parcelId":"165 000 000 022","countyFips":"45025","countyName":"Chesterfield","state":"South Carolina","marketIds":["Columbia"],"situsAddress":null,"situsCity":null,"situsZip":null,"jurisdictionCode":null,"ownerName":"KING MICHAEL L","ownerName2":null,"propertyName":null,"zoningCode":null,"zoningDistrict":null,"jurisdictionPrefix":null,"dorCode":null,"acreage":29.3829,"centroid":[-80.1587,34.44458],"lastSale":{"date":null,"price":null,"qualified":null},"tax":{"marketValue":null,"assessedValue":null,"taxableValue":null,"taxes":null},"mailingAddress":{"line1":null,"line2":null,"city":null,"state":null,"zip":null},"incomeTract":null,"incomeBlockGroup":null,"nearestRoad":null,"flu":null,"opportunityZone":null,"oz2Eligibility":null,"source":"sc-chesterfield-parcels-45025","appraiserUrl":null,"gisViewerUrl":"https://chesterfieldsc.wthgis.com/"},"geometry":{"type":"Polygon","coordinates":[[[-80.156493,34.445616],[-80.15713,34.446444],[-80.161727,34.446173],[-80.161826,34.443803],[-80.159427,34.44366],[-80.159097,34.443672],[-80.158726,34.443757],[-80.158386,34.443915],[-80.157893,34.444231],[-80.157668,34.444405],[-80.157329,34.444707],[-80.156493,34.445616]]]}},{"type":"Feature","id":"45025:165 000 000 025","properties":{"id":"45025:165 000 000 025","parcelId":"165 000 000 025","countyFips":"45025","countyName":"Chesterfield","state":"South Carolina","marketIds":["Columbia"],"situsAddress":null,"situsCity":null,"situsZip":null,"jurisdictionCode":null,"ownerName":"SMITH FELIX JR ETAL","ownerName2":null,"propertyName":null,"zoningCode":null,"zoningDistrict":null,"jurisdictionPrefix":null,"dorCode":null,"acreage":33.496,"centroid":[-80.16099,34.441661],"lastSale":{"date":null,"price":null,"qualified":null},"tax":{"marketValue":null,"assessedValue":null,"taxableValue":null,"taxes":null},"mailingAddress":{"line1":null,"line2":null,"city":null,"state":null,"zip":null},"incomeTract":null,"incomeBlockGroup":null,"nearestRoad":null,"flu":null,"opportunityZone":null,"oz2Eligibility":null,"source":"sc-chesterfield-parcels-45025","appraiserUrl":null,"gisViewerUrl":"https://chesterfieldsc.wthgis.com/"},"geometry":{"type":"Polygon","coordinates":[[[-80.159061,34.443538],[-80.159161,34.443528],[-80.159432,34.443522],[-80.160191,34.443558],[-80.162748,34.443728],[-80.163629,34.443768],[-80.163572,34.441111],[-80.163176,34.440662],[-80.163137,34.440712],[-80.163063,34.440757],[-80.162976,34.440779],[-80.162884,34.440775],[-80.1628,34.440746],[-80.162609,34.440607],[-80.162454,34.440569],[-80.16188,34.440591],[-80.161285,34.440552],[-80.161031,34.44056],[-80.160664,34.44062],[-80.160437,34.440689],[-80.160223,34.440781],[-80.159933,34.44096],[-80.159799,34.441075],[-80.159686,34.441204],[-80.158995,34.442448],[-80.158883,34.442563],[-80.158723,34.44263],[-80.158604,34.44264],[-80.157675,34.442497],[-80.159061,34.443538]]]}},{"type":"Feature","id":"45025:165 000 000 048","properties":{"id":"45025:165 000 000 048","parcelId":"165 000 000 048","countyFips":"45025","countyName":"Chesterfield","state":"South Carolina","marketIds":["Columbia"],"situsAddress":null,"situsCity":null,"situsZip":null,"jurisdictionCode":null,"ownerName":"BROWN DEXTER T","ownerName2":null,"propertyName":null,"zoningCode":null,"zoningDistrict":null,"jurisdictionPrefix":null,"dorCode":null,"acreage":6.3294,"centroid":[-80.138227,34.448478],"lastSale":{"date":null,"price":null,"qualified":null},"tax":{"marketValue":2200.0,"assessedValue":null,"taxableValue":null,"taxes":null},"mailingAddress":{"line1":null,"line2":null,"city":null,"state":null,"zip":null},"incomeTract":null,"incomeBlockGroup":null,"nearestRoad":null,"flu":null,"opportunityZone":null,"oz2Eligibility":null,"source":"sc-chesterfield-parcels-45025","appraiserUrl":null,"gisViewerUrl":"https://chesterfieldsc.wthgis.com/"},"geometry":{"type":"Polygon","coordinates":[[[-80.137977,34.449592],[-80.138977,34.450351],[-80.138907,34.448273],[-80.138429,34.448284],[-80.138405,34.447571],[-80.138176,34.447576],[-80.13728,34.447723],[-80.137665,34.448453],[-80.137977,34.449592]]]}},{"type":"Feature","id":"45025:165 000 000 052","properties":{"id":"45025:165 000 000 052","parcelId":"165 000 000 052","countyFips":"45025","countyName":"Chesterfield","state":"South Carolina","marketIds":["Columbia"],"situsAddress":null,"situsCity":null,"situsZip":null,"jurisdictionCode":null,"ownerName":"SMITH ELBERT WAYNE","ownerName2":null,"propertyName":null,"zoningCode":null,"zoningDistrict":null,"jurisdictionPrefix":null,"dorCode":null,"acreage":61.2769,"centroid":[-80.142223,34.444192],"lastSale":{"date":null,"price":null,"qualified":null},"tax":{"marketValue":83500.0,"assessedValue":null,"taxableValue":null,"taxes":null},"mailingAddress":{"line1":null,"line2":null,"city":null,"state":null,"zip":null},"incomeTract":null,"incomeBlockGroup":null,"nearestRoad":null,"flu":null,"opportunityZone":null,"oz2Eligibility":null,"source":"sc-chesterfield-parcels-45025","appraiserUrl":null,"gisViewerUrl":"https://chesterfieldsc.wthgis.com/"},"geometry":{"type":"Polygon","coordinates":[[[-80.138906,34.446168],[-80.13944,34.446189],[-80.14098,34.446026],[-80.144102,34.445756],[-80.144354,34.445529],[-80.145168,34.444663],[-80.145338,34.444196],[-80.144107,34.443948],[-80.143634,34.443728],[-80.143496,34.443455],[-80.143687,34.44318],[-80.144355,34.442979],[-80.144901,34.443206],[-80.145382,34.443294],[-80.145314,34.442815],[-80.144446,34.442192],[-80.143079,34.442066],[-80.142125,34.442314],[-80.141904,34.44238],[-80.134167,34.446052],[-80.134523,34.44607],[-80.135505,34.446014],[-80.138906,34.446168]]]}},{"type":"Feature","id":"45025:165 000 000 053","properties":{"id":"45025:165 000 000 053","parcelId":"165 000 000 053","countyFips":"45025","countyName":"Chesterfield","state":"South Carolina","marketIds":["Columbia"],"situsAddress":null,"situsCity":null,"situsZip":null,"jurisdictionCode":null,"ownerName":"HALL CARLTON K","ownerName2":null,"propertyName":null,"zoningCode":null,"zoningDistrict":null,"jurisdictionPrefix":null,"dorCode":null,"acreage":7.1172,"centroid":[-80.134077,34.447131],"lastSale":{"date":null,"price":null,"qualified":null},"tax":{"marketValue":null,"assessedValue":null,"taxableValue":null,"taxes":null},"mailingAddress":{"line1":null,"line2":null,"city":null,"state":null,"zip":null},"incomeTract":null,"incomeBlockGroup":null,"nearestRoad":null,"flu":null,"opportunityZone":null,"oz2Eligibility":null,"source":"sc-chesterfield-parcels-45025","appraiserUrl":null,"gisViewerUrl":"https://chesterfieldsc.wthgis.com/"},"geometry":{"type":"Polygon","coordinates":[[[-80.133347,34.447965],[-80.133437,34.448158],[-80.135286,34.447514],[-80.134825,34.447155],[-80.134609,34.446065],[-80.134167,34.446052],[-80.132867,34.447008],[-80.133347,34.447965]]]}},{"type":"Feature","id":"45025:165 000 000 055","properties":{"id":"45025:165 000 000 055","parcelId":"165 000 000 055","countyFips":"45025","countyName":"Chesterfield","state":"South Carolina","marketIds":["Columbia"],"situsAddress":null,"situsCity":null,"situsZip":null,"jurisdictionCode":null,"ownerName":"HALL CARLTON K","ownerName2":null,"propertyName":null,"zoningCode":null,"zoningDistrict":null,"jurisdictionPrefix":null,"dorCode":null,"acreage":15.3663,"centroid":[-80.13464,34.448921],"lastSale":{"date":null,"price":null,"qualified":null},"tax":{"marketValue":16100.0,"assessedValue":null,"taxableValue":null,"taxes":null},"mailingAddress":{"line1":null,"line2":null,"city":null,"state":null,"zip":null},"incomeTract":null,"incomeBlockGroup":null,"nearestRoad":null,"flu":null,"opportunityZone":null,"oz2Eligibility":null,"source":"sc-chesterfield-parcels-45025","appraiserUrl":null,"gisViewerUrl":"https://chesterfieldsc.wthgis.com/"},"geometry":{"type":"Polygon","coordinates":[[[-80.134234,34.449839],[-80.134355,34.450109],[-80.137977,34.449592],[-80.135286,34.447514],[-80.133437,34.448158],[-80.133647,34.4486],[-80.134324,34.448378],[-80.13459,34.44894],[-80.133913,34.449163],[-80.134234,34.449839]]]}},{"type":"Feature","id":"45025:165 000 000 061","properties":{"id":"45025:165 000 000 061","parcelId":"165 000 000 061","countyFips":"45025","countyName":"Chesterfield","state":"South Carolina","marketIds":["Columbia"],"situsAddress":null,"situsCity":null,"situsZip":null,"jurisdictionCode":null,"ownerName":"PERDUE EDWARD HAROLD","ownerName2":null,"propertyName":null,"zoningCode":null,"zoningDistrict":null,"jurisdictionPrefix":null,"dorCode":null,"acreage":102.7356,"centroid":[-80.136097,34.459532],"lastSale":{"date":null,"price":null,"qualified":null},"tax":{"marketValue":null,"assessedValue":null,"taxableValue":null,"taxes":null},"mailingAddress":{"line1":null,"line2":null,"city":null,"state":null,"zip":null},"incomeTract":null,"incomeBlockGroup":null,"nearestRoad":null,"flu":null,"opportunityZone":null,"oz2Eligibility":null,"source":"sc-chesterfield-parcels-45025","appraiserUrl":null,"gisViewerUrl":"https://chesterfieldsc.wthgis.com/"},"geometry":{"type":"Polygon","coordinates":[[[-80.134765,34.460118],[-80.135724,34.463464],[-80.136475,34.463231],[-80.13692,34.463114],[-80.137444,34.463008],[-80.138303,34.462886],[-80.139983,34.462729],[-80.139641,34.461104],[-80.139883,34.460424],[-80.140165,34.460093],[-80.139812,34.459201],[-80.138286,34.459297],[-80.136711,34.459355],[-80.13461,34.458978],[-80.135206,34.455949],[-80.136999,34.455896],[-80.13588,34.453215],[-80.130685,34.455505],[-80.129769,34.455848],[-80.131413,34.457447],[-80.132482,34.45853],[-80.132972,34.460308],[-80.134765,34.460118]],[[-80.139146,34.46061],[-80.139204,34.459964],[-80.139661,34.45991],[-80.139753,34.460554],[-80.139146,34.46061]]]}},{"type":"Feature","id":"45025:165 000 000 063","properties":{"id":"45025:165 000 000 063","parcelId":"165 000 000 063","countyFips":"45025","countyName":"Chesterfield","state":"South Carolina","marketIds":["Columbia"],"situsAddress":null,"situsCity":null,"situsZip":null,"jurisdictionCode":null,"ownerName":"SMITH FELIX JR ETAL","ownerName2":null,"propertyName":null,"zoningCode":null,"zoningDistrict":null,"jurisdictionPrefix":null,"dorCode":null,"acreage":11.861,"centroid":[-80.138387,34.45654],"lastSale":{"date":null,"price":null,"qualified":null},"tax":{"marketValue":null,"assessedValue":null,"taxableValue":null,"taxes":null},"mailingAddress":{"line1":null,"line2":null,"city":null,"state":null,"zip":null},"incomeTract":null,"incomeBlockGroup":null,"nearestRoad":null,"flu":null,"opportunityZone":null,"oz2Eligibility":null,"source":"sc-chesterfield-parcels-45025","appraiserUrl":null,"gisViewerUrl":"https://chesterfieldsc.wthgis.com/"},"geometry":{"type":"Polygon","coordinates":[[[-80.138059,34.457326],[-80.139809,34.457429],[-80.139623,34.457144],[-80.139374,34.456827],[-80.13588,34.453215],[-80.137579,34.457299],[-80.138059,34.457326]]]}},{"type":"Feature","id":"45025:165 000 000 067","properties":{"id":"45025:165 000 000 067","parcelId":"165 000 000 067","countyFips":"45025","countyName":"Chesterfield","state":"South Carolina","marketIds":["Columbia"],"situsAddress":null,"situsCity":null,"situsZip":null,"jurisdictionCode":null,"ownerName":"PERDUE EDWARD HAROLD & BRENDA","ownerName2":null,"propertyName":null,"zoningCode":null,"zoningDistrict":null,"jurisdictionPrefix":null,"dorCode":null,"acreage":28.5109,"centroid":[-80.132192,34.453072],"lastSale":{"date":null,"price":null,"qualified":null},"tax":{"marketValue":null,"assessedValue":null,"taxableValue":null,"taxes":null},"mailingAddress":{"line1":null,"line2":null,"city":null,"state":null,"zip":null},"incomeTract":null,"incomeBlockGroup":null,"nearestRoad":null,"flu":null,"opportunityZone":null,"oz2Eligibility":null,"source":"sc-chesterfield-parcels-45025","appraiserUrl":null,"gisViewerUrl":"https://chesterfieldsc.wthgis.com/"},"geometry":{"type":"Polygon","coordinates":[[[-80.130481,34.454523],[-80.130834,34.45544],[-80.135382,34.453434],[-80.134984,34.452776],[-80.135379,34.452601],[-80.135154,34.452242],[-80.134944,34.451833],[-80.132238,34.452354],[-80.131988,34.451815],[-80.130936,34.45204],[-80.130059,34.452355],[-80.129705,34.452506],[-80.130043,34.453383],[-80.130933,34.453049],[-80.131261,34.453899],[-80.131418,34.45384],[-80.131529,34.45413],[-80.130481,34.454523]]]}},{"type":"Feature","id":"45025:165 000 000 075","properties":{"id":"45025:165 000 000 075","parcelId":"165 000 000 075","countyFips":"45025","countyName":"Chesterfield","state":"South Carolina","marketIds":["Columbia"],"situsAddress":null,"situsCity":null,"situsZip":null,"jurisdictionCode":null,"ownerName":"OXENDINE MICHELLE L","ownerName2":null,"propertyName":null,"zoningCode":null,"zoningDistrict":null,"jurisdictionPrefix":null,"dorCode":null,"acreage":6.6177,"centroid":[-80.132004,34.448967],"lastSale":{"date":null,"price":null,"qualified":null},"tax":{"marketValue":null,"assessedValue":null,"taxableValue":null,"taxes":null},"mailingAddress":{"line1":null,"line2":null,"city":null,"state":null,"zip":null},"incomeTract":null,"incomeBlockGroup":null,"nearestRoad":null,"flu":null,"opportunityZone":null,"oz2Eligibility":null,"source":"sc-chesterfield-parcels-45025","appraiserUrl":null,"gisViewerUrl":"https://chesterfieldsc.wthgis.com/"},"geometry":{"type":"Polygon","coordinates":[[[-80.131159,34.449099],[-80.131371,34.44972],[-80.132665,34.449292],[-80.132887,34.449824],[-80.133205,34.44972],[-80.132316,34.447878],[-80.131576,34.447974],[-80.130854,34.448229],[-80.131159,34.449099]]]}},{"type":"Feature","id":"45025:165 000 000 085","properties":{"id":"45025:165 000 000 085","parcelId":"165 000 000 085","countyFips":"45025","countyName":"Chesterfield","state":"South Carolina","marketIds":["Columbia"],"situsAddress":null,"situsCity":null,"situsZip":null,"jurisdictionCode":null,"ownerName":"HALL CRYSTAL DENISE SMITH","ownerName2":null,"propertyName":null,"zoningCode":null,"zoningDistrict":null,"jurisdictionPrefix":null,"dorCode":null,"acreage":8.2778,"centroid":[-80.139887,34.448876],"lastSale":{"date":null,"price":null,"qualified":null},"tax":{"marketValue":null,"assessedValue":null,"taxableValue":null,"taxes":null},"mailingAddress":{"line1":null,"line2":null,"city":null,"state":null,"zip":null},"incomeTract":null,"incomeBlockGroup":null,"nearestRoad":null,"flu":null,"opportunityZone":null,"oz2Eligibility":null,"source":"sc-chesterfield-parcels-45025","appraiserUrl":null,"gisViewerUrl":"https://chesterfieldsc.wthgis.com/"},"geometry":{"type":"Polygon","coordinates":[[[-80.139482,34.448079],[-80.13953,34.450238],[-80.139744,34.450194],[-80.139549,34.449549],[-80.140121,34.44943],[-80.140317,34.450076],[-80.140574,34.450023],[-80.140227,34.446107],[-80.13944,34.446189],[-80.139482,34.448079]]]}},{"type":"Feature","id":"45025:165 000 000 093","properties":{"id":"45025:165 000 000 093","parcelId":"165 000 000 093","countyFips":"45025","countyName":"Chesterfield","state":"South Carolina","marketIds":["Columbia"],"situsAddress":null,"situsCity":null,"situsZip":null,"jurisdictionCode":null,"ownerName":"HALL CARLTON K","ownerName2":null,"propertyName":null,"zoningCode":null,"zoningDistrict":null,"jurisdictionPrefix":null,"dorCode":null,"acreage":7.1158,"centroid":[-80.129505,34.449241],"lastSale":{"date":null,"price":null,"qualified":null},"tax":{"marketValue":null,"assessedValue":null,"taxableValue":null,"taxes":null},"mailingAddress":{"line1":null,"line2":null,"city":null,"state":null,"zip":null},"incomeTract":null,"incomeBlockGroup":null,"nearestRoad":null,"flu":null,"opportunityZone":null,"oz2Eligibility":null,"source":"sc-chesterfield-parcels-45025","appraiserUrl":null,"gisViewerUrl":"https://chesterfieldsc.wthgis.com/"},"geometry":{"type":"Polygon","coordinates":[[[-80.128003,34.449531],[-80.128052,34.450249],[-80.131159,34.449099],[-80.130805,34.448087],[-80.128003,34.449531]]]}},{"type":"Feature","id":"45025:165 000 000 104","properties":{"id":"45025:165 000 000 104","parcelId":"165 000 000 104","countyFips":"45025","countyName":"Chesterfield","state":"South Carolina","marketIds":["Columbia"],"situsAddress":null,"situsCity":null,"situsZip":null,"jurisdictionCode":null,"ownerName":"KING JOEY B","ownerName2":null,"propertyName":null,"zoningCode":null,"zoningDistrict":null,"jurisdictionPrefix":null,"dorCode":null,"acreage":5.0729,"centroid":[-80.1357,34.446432],"lastSale":{"date":null,"price":null,"qualified":null},"tax":{"marketValue":120100.0,"assessedValue":null,"taxableValue":null,"taxes":null},"mailingAddress":{"line1":null,"line2":null,"city":null,"state":null,"zip":null},"incomeTract":null,"incomeBlockGroup":null,"nearestRoad":null,"flu":null,"opportunityZone":null,"oz2Eligibility":null,"source":"sc-chesterfield-parcels-45025","appraiserUrl":null,"gisViewerUrl":"https://chesterfieldsc.wthgis.com/"},"geometry":{"type":"Polygon","coordinates":[[[-80.134609,34.446065],[-80.134825,34.447155],[-80.136795,34.446858],[-80.136768,34.44607],[-80.135505,34.446014],[-80.134609,34.446065]]]}},{"type":"Feature","id":"45025:184 000 000 009","properties":{"id":"45025:184 000 000 009","parcelId":"184 000 000 009","countyFips":"45025","countyName":"Chesterfield","state":"South Carolina","marketIds":["Columbia"],"situsAddress":null,"situsCity":null,"situsZip":null,"jurisdictionCode":null,"ownerName":"BEAVERDAM CREEK HOLDINGS LLC","ownerName2":null,"propertyName":null,"zoningCode":null,"zoningDistrict":null,"jurisdictionPrefix":null,"dorCode":null,"acreage":28.6945,"centroid":[-80.128632,34.46536],"lastSale":{"date":null,"price":null,"qualified":null},"tax":{"marketValue":null,"assessedValue":null,"taxableValue":null,"taxes":null},"mailingAddress":{"line1":null,"line2":null,"city":null,"state":null,"zip":null},"incomeTract":null,"incomeBlockGroup":null,"nearestRoad":null,"flu":null,"opportunityZone":null,"oz2Eligibility":null,"source":"sc-chesterfield-parcels-45025","appraiserUrl":null,"gisViewerUrl":"https://chesterfieldsc.wthgis.com/"},"geometry":{"type":"Polygon","coordinates":[[[-80.126891,34.466101],[-80.126951,34.466741],[-80.127375,34.466653],[-80.128411,34.46636],[-80.128939,34.466361],[-80.130096,34.465656],[-80.131386,34.465021],[-80.130765,34.463713],[-80.128308,34.462402],[-80.127199,34.464595],[-80.126891,34.466101]]]}},{"type":"Feature","id":"45025:185 000 000 001","properties":{"id":"45025:185 000 000 001","parcelId":"185 000 000 001","countyFips":"45025","countyName":"Chesterfield","state":"South Carolina","marketIds":["Columbia"],"situsAddress":null,"situsCity":null,"situsZip":null,"jurisdictionCode":null,"ownerName":"BEAVERDAM CREEK HOLDINGS LLC","ownerName2":null,"propertyName":null,"zoningCode":null,"zoningDistrict":null,"jurisdictionPrefix":null,"dorCode":null,"acreage":28.4507,"centroid":[-80.130513,34.459421],"lastSale":{"date":null,"price":null,"qualified":null},"tax":{"marketValue":null,"assessedValue":null,"taxableValue":null,"taxes":null},"mailingAddress":{"line1":null,"line2":null,"city":null,"state":null,"zip":null},"incomeTract":null,"incomeBlockGroup":null,"nearestRoad":null,"flu":null,"opportunityZone":null,"oz2Eligibility":null,"source":"sc-chesterfield-parcels-45025","appraiserUrl":null,"gisViewerUrl":"https://chesterfieldsc.wthgis.com/"},"geometry":{"type":"Polygon","coordinates":[[[-80.129171,34.460797],[-80.129222,34.460832],[-80.132972,34.460308],[-80.132482,34.45853],[-80.131413,34.457447],[-80.127817,34.458615],[-80.129171,34.460797]]]}},{"type":"Feature","id":"45025:185 000 000 006","properties":{"id":"45025:185 000 000 006","parcelId":"185 000 000 006","countyFips":"45025","countyName":"Chesterfield","state":"South Carolina","marketIds":["Columbia"],"situsAddress":null,"situsCity":null,"situsZip":null,"jurisdictionCode":null,"ownerName":"POOLE JEFFREY D II","ownerName2":null,"propertyName":null,"zoningCode":null,"zoningDistrict":null,"jurisdictionPrefix":null,"dorCode":null,"acreage":9.7885,"centroid":[-80.1197,34.455325],"lastSale":{"date":null,"price":null,"qualified":null},"tax":{"marketValue":1500.0,"assessedValue":null,"taxableValue":null,"taxes":null},"mailingAddress":{"line1":null,"line2":null,"city":null,"state":null,"zip":null},"incomeTract":null,"incomeBlockGroup":null,"nearestRoad":null,"flu":null,"opportunityZone":null,"oz2Eligibility":null,"source":"sc-chesterfield-parcels-45025","appraiserUrl":null,"gisViewerUrl":"https://chesterfieldsc.wthgis.com/"},"geometry":{"type":"Polygon","coordinates":[[[-80.118364,34.454876],[-80.119328,34.456576],[-80.121115,34.455863],[-80.119993,34.453986],[-80.118364,34.454876]]]}},{"type":"Feature","id":"45025:185 000 000 021","properties":{"id":"45025:185 000 000 021","parcelId":"185 000 000 021","countyFips":"45025","countyName":"Chesterfield","state":"South Carolina","marketIds":["Columbia"],"situsAddress":null,"situsCity":null,"situsZip":null,"jurisdictionCode":null,"ownerName":"PERDUE EDWARD HAROLD & BRENDA","ownerName2":null,"propertyName":null,"zoningCode":null,"zoningDistrict":null,"jurisdictionPrefix":null,"dorCode":null,"acreage":15.06,"centroid":[-80.129184,34.457109],"lastSale":{"date":null,"price":null,"qualified":null},"tax":{"marketValue":null,"assessedValue":null,"taxableValue":null,"taxes":null},"mailingAddress":{"line1":null,"line2":null,"city":null,"state":null,"zip":null},"incomeTract":null,"incomeBlockGroup":null,"nearestRoad":null,"flu":null,"opportunityZone":null,"oz2Eligibility":null,"source":"sc-chesterfield-parcels-45025","appraiserUrl":null,"gisViewerUrl":"https://chesterfieldsc.wthgis.com/"},"geometry":{"type":"Polygon","coordinates":[[[-80.127443,34.456621],[-80.128112,34.458519],[-80.131413,34.457447],[-80.129769,34.455848],[-80.127443,34.456621]]]}},{"type":"Feature","id":"45025:185 000 000 022","properties":{"id":"45025:185 000 000 022","parcelId":"185 000 000 022","countyFips":"45025","countyName":"Chesterfield","state":"South Carolina","marketIds":["Columbia"],"situsAddress":null,"situsCity":null,"situsZip":null,"jurisdictionCode":null,"ownerName":"PERDUE EDWARD HAROLD & BRENDA","ownerName2":null,"propertyName":null,"zoningCode":null,"zoningDistrict":null,"jurisdictionPrefix":null,"dorCode":null,"acreage":18.3311,"centroid":[-80.128085,34.454819],"lastSale":{"date":null,"price":null,"qualified":null},"tax":{"marketValue":null,"assessedValue":null,"taxableValue":null,"taxes":null},"mailingAddress":{"line1":null,"line2":null,"city":null,"state":null,"zip":null},"incomeTract":null,"incomeBlockGroup":null,"nearestRoad":null,"flu":null,"opportunityZone":null,"oz2Eligibility":null,"source":"sc-chesterfield-parcels-45025","appraiserUrl":null,"gisViewerUrl":"https://chesterfieldsc.wthgis.com/"},"geometry":{"type":"Polygon","coordinates":[[[-80.126469,34.453861],[-80.127443,34.456621],[-80.129769,34.455848],[-80.128658,34.452945],[-80.126469,34.453861]]]}},{"type":"Feature","id":"45025:164 000 000 121","properties":{"id":"45025:164 000 000 121","parcelId":"164 000 000 121","countyFips":"45025","countyName":"Chesterfield","state":"South Carolina","marketIds":["Columbia"],"situsAddress":null,"situsCity":null,"situsZip":null,"jurisdictionCode":null,"ownerName":"WOOD VICTOR","ownerName2":null,"propertyName":null,"zoningCode":null,"zoningDistrict":null,"jurisdictionPrefix":null,"dorCode":null,"acreage":5.2036,"centroid":[-80.139526,34.46406],"lastSale":{"date":null,"price":null,"qualified":null},"tax":{"marketValue":97300.0,"assessedValue":null,"taxableValue":null,"taxes":null},"mailingAddress":{"line1":null,"line2":null,"city":null,"state":null,"zip":null},"incomeTract":null,"incomeBlockGroup":null,"nearestRoad":null,"flu":null,"opportunityZone":null,"oz2Eligibility":null,"source":"sc-chesterfield-parcels-45025","appraiserUrl":null,"gisViewerUrl":"https://chesterfieldsc.wthgis.com/"},"geometry":{"type":"Polygon","coordinates":[[[-80.138128,34.464492],[-80.139603,34.464366],[-80.140835,34.464277],[-80.140784,34.463525],[-80.138278,34.463642],[-80.138128,34.464492]]]}},{"type":"Feature","id":"45025:164 000 000 037","properties":{"id":"45025:164 000 000 037","parcelId":"164 000 000 037","countyFips":"45025","countyName":"Chesterfield","state":"South Carolina","marketIds":["Columbia"],"situsAddress":null,"situsCity":null,"situsZip":null,"jurisdictionCode":null,"ownerName":"THOMPSON TRAVIS MICAHEL","ownerName2":null,"propertyName":null,"zoningCode":null,"zoningDistrict":null,"jurisdictionPrefix":null,"dorCode":null,"acreage":20.7515,"centroid":[-80.142651,34.466338],"lastSale":{"date":null,"price":null,"qualified":null},"tax":{"marketValue":218800.0,"assessedValue":null,"taxableValue":null,"taxes":null},"mailingAddress":{"line1":null,"line2":null,"city":null,"state":null,"zip":null},"incomeTract":null,"incomeBlockGroup":null,"nearestRoad":null,"flu":null,"opportunityZone":null,"oz2Eligibility":null,"source":"sc-chesterfield-parcels-45025","appraiserUrl":null,"gisViewerUrl":"https://chesterfieldsc.wthgis.com/"},"geometry":{"type":"MultiPolygon","coordinates":[[[[-80.141828,34.468539],[-80.141748,34.468324],[-80.141713,34.467889],[-80.141623,34.467662],[-80.141774,34.467408],[-80.142169,34.467033],[-80.142182,34.466718],[-80.142289,34.466649],[-80.142483,34.466712],[-80.142819,34.466668],[-80.143248,34.466536],[-80.14349,34.466672],[-80.143614,34.466686],[-80.144086,34.467004],[-80.14446,34.466973],[-80.144696,34.466832],[-80.144726,34.466396],[-80.144222,34.465869],[-80.144385,34.465591],[-80.14422,34.464961],[-80.144103,34.464826],[-80.143767,34.464753],[-80.14359,34.464442],[-80.143583,34.464457],[-80.142137,34.464508],[-80.14211,34.464108],[-80.141043,34.464153],[-80.14115,34.465713],[-80.141316,34.465707],[-80.141333,34.465926],[-80.141166,34.465932],[-80.141237,34.466847],[-80.141352,34.467392],[-80.141468,34.467758],[-80.141641,34.468185],[-80.141828,34.468539]]],[[[-80.141891,34.468652],[-80.141845,34.468569],[-80.141828,34.468539],[-80.141891,34.468652]]]]}},{"type":"Feature","id":"45025:165 000 000 163","properties":{"id":"45025:165 000 000 163","parcelId":"165 000 000 163","countyFips":"45025","countyName":"Chesterfield","state":"South Carolina","marketIds":["Columbia"],"situsAddress":null,"situsCity":null,"situsZip":null,"jurisdictionCode":null,"ownerName":"TURNAGE JAMES DANNY","ownerName2":null,"propertyName":null,"zoningCode":null,"zoningDistrict":null,"jurisdictionPrefix":null,"dorCode":null,"acreage":19.6329,"centroid":[-80.136913,34.457896],"lastSale":{"date":null,"price":null,"qualified":null},"tax":{"marketValue":null,"assessedValue":null,"taxableValue":null,"taxes":null},"mailingAddress":{"line1":null,"line2":null,"city":null,"state":null,"zip":null},"incomeTract":null,"incomeBlockGroup":null,"nearestRoad":null,"flu":null,"opportunityZone":null,"oz2Eligibility":null,"source":"sc-chesterfield-parcels-45025","appraiserUrl":null,"gisViewerUrl":"https://chesterfieldsc.wthgis.com/"},"geometry":{"type":"Polygon","coordinates":[[[-80.137331,34.459332],[-80.137228,34.459061],[-80.136941,34.458301],[-80.137049,34.458201],[-80.137381,34.457523],[-80.137915,34.457535],[-80.138008,34.457323],[-80.137579,34.457299],[-80.136999,34.455896],[-80.135206,34.455949],[-80.13461,34.458978],[-80.136711,34.459355],[-80.137331,34.459332]]]}},{"type":"Feature","id":"45025:165 011 001 056","properties":{"id":"45025:165 011 001 056","parcelId":"165 011 001 056","countyFips":"45025","countyName":"Chesterfield","state":"South Carolina","marketIds":["Columbia"],"situsAddress":null,"situsCity":null,"situsZip":null,"jurisdictionCode":null,"ownerName":"SUN SHOWER CAMPER TRUST","ownerName2":null,"propertyName":null,"zoningCode":null,"zoningDistrict":null,"jurisdictionPrefix":null,"dorCode":null,"acreage":6.8225,"centroid":[-80.140966,34.448338],"lastSale":{"date":null,"price":null,"qualified":null},"tax":{"marketValue":4800.0,"assessedValue":null,"taxableValue":null,"taxes":null},"mailingAddress":{"line1":null,"line2":null,"city":null,"state":null,"zip":null},"incomeTract":null,"incomeBlockGroup":null,"nearestRoad":null,"flu":null,"opportunityZone":null,"oz2Eligibility":null,"source":"sc-chesterfield-parcels-45025","appraiserUrl":null,"gisViewerUrl":"https://chesterfieldsc.wthgis.com/"},"geometry":{"type":"Polygon","coordinates":[[[-80.140933,34.449235],[-80.141015,34.449931],[-80.141097,34.449914],[-80.141017,34.449223],[-80.141501,34.449159],[-80.141304,34.44797],[-80.140904,34.448001],[-80.140876,34.447681],[-80.14123,34.447524],[-80.14098,34.446026],[-80.140227,34.446107],[-80.14051,34.449291],[-80.140933,34.449235]]]}},{"type":"Feature","id":"45025:165 000 000 087","properties":{"id":"45025:165 000 000 087","parcelId":"165 000 000 087","countyFips":"45025","countyName":"Chesterfield","state":"South Carolina","marketIds":["Columbia"],"situsAddress":null,"situsCity":null,"situsZip":null,"jurisdictionCode":null,"ownerName":"GLEASON PATRICK DANIEL","ownerName2":null,"propertyName":null,"zoningCode":null,"zoningDistrict":null,"jurisdictionPrefix":null,"dorCode":null,"acreage":9.1764,"centroid":[-80.141966,34.451794],"lastSale":{"date":null,"price":null,"qualified":null},"tax":{"marketValue":258400.0,"assessedValue":null,"taxableValue":null,"taxes":null},"mailingAddress":{"line1":null,"line2":null,"city":null,"state":null,"zip":null},"incomeTract":null,"incomeBlockGroup":null,"nearestRoad":null,"flu":null,"opportunityZone":null,"oz2Eligibility":null,"source":"sc-chesterfield-parcels-45025","appraiserUrl":null,"gisViewerUrl":"https://chesterfieldsc.wthgis.com/"},"geometry":{"type":"Polygon","coordinates":[[[-80.141223,34.452738],[-80.141312,34.452986],[-80.141439,34.453298],[-80.141728,34.453238],[-80.142321,34.452882],[-80.141947,34.452563],[-80.142445,34.452199],[-80.142809,34.452512],[-80.142917,34.452413],[-80.142489,34.451669],[-80.142405,34.45167],[-80.142465,34.451115],[-80.142522,34.45015],[-80.141768,34.450311],[-80.14177,34.44996],[-80.141551,34.450006],[-80.141553,34.451066],[-80.140723,34.451511],[-80.141223,34.452738]]]}},{"type":"Feature","id":"45025:165 000 000 161","properties":{"id":"45025:165 000 000 161","parcelId":"165 000 000 161","countyFips":"45025","countyName":"Chesterfield","state":"South Carolina","marketIds":["Columbia"],"situsAddress":null,"situsCity":null,"situsZip":null,"jurisdictionCode":null,"ownerName":"CUFFIE FREDERICK A","ownerName2":null,"propertyName":null,"zoningCode":null,"zoningDistrict":null,"jurisdictionPrefix":null,"dorCode":null,"acreage":8.8813,"centroid":[-80.138764,34.45165],"lastSale":{"date":null,"price":null,"qualified":null},"tax":{"marketValue":96800.0,"assessedValue":null,"taxableValue":null,"taxes":null},"mailingAddress":{"line1":null,"line2":null,"city":null,"state":null,"zip":null},"incomeTract":null,"incomeBlockGroup":null,"nearestRoad":null,"flu":null,"opportunityZone":null,"oz2Eligibility":null,"source":"sc-chesterfield-parcels-45025","appraiserUrl":null,"gisViewerUrl":"https://chesterfieldsc.wthgis.com/"},"geometry":{"type":"Polygon","coordinates":[[[-80.138032,34.451746],[-80.138187,34.451714],[-80.138519,34.451646],[-80.138573,34.451778],[-80.139716,34.451552],[-80.140538,34.453255],[-80.140814,34.453362],[-80.140917,34.453374],[-80.141439,34.453298],[-80.140723,34.451511],[-80.140625,34.451238],[-80.140334,34.45026],[-80.140087,34.45031],[-80.140241,34.450792],[-80.13972,34.45092],[-80.139747,34.451007],[-80.139295,34.450961],[-80.137888,34.451263],[-80.138032,34.451746]]]}},{"type":"Feature","id":"45025:185 000 000 003","properties":{"id":"45025:185 000 000 003","parcelId":"185 000 000 003","countyFips":"45025","countyName":"Chesterfield","state":"South Carolina","marketIds":["Columbia"],"situsAddress":null,"situsCity":null,"situsZip":null,"jurisdictionCode":null,"ownerName":"PLYLER DIANE S & THOMAS E","ownerName2":null,"propertyName":null,"zoningCode":null,"zoningDistrict":null,"jurisdictionPrefix":null,"dorCode":null,"acreage":48.1088,"centroid":[-80.124514,34.453018],"lastSale":{"date":null,"price":null,"qualified":null},"tax":{"marketValue":null,"assessedValue":null,"taxableValue":null,"taxes":null},"mailingAddress":{"line1":null,"line2":null,"city":null,"state":null,"zip":null},"incomeTract":null,"incomeBlockGroup":null,"nearestRoad":null,"flu":null,"opportunityZone":null,"oz2Eligibility":null,"source":"sc-chesterfield-parcels-45025","appraiserUrl":null,"gisViewerUrl":"https://chesterfieldsc.wthgis.com/"},"geometry":{"type":"MultiPolygon","coordinates":[[[[-80.126421,34.453725],[-80.125899,34.45225],[-80.125437,34.450943],[-80.121376,34.453231],[-80.123435,34.454942],[-80.126421,34.453725]]],[[[-80.125798,34.454129],[-80.12511,34.454408],[-80.123557,34.455045],[-80.1253,34.456522],[-80.127817,34.458615],[-80.128112,34.458519],[-80.126469,34.453861],[-80.125798,34.454129]]]]}},{"type":"Feature","id":"45025:185 000 000 024","properties":{"id":"45025:185 000 000 024","parcelId":"185 000 000 024","countyFips":"45025","countyName":"Chesterfield","state":"South Carolina","marketIds":["Columbia"],"situsAddress":null,"situsCity":null,"situsZip":null,"jurisdictionCode":null,"ownerName":"BYRD SHIRLEY","ownerName2":null,"propertyName":null,"zoningCode":null,"zoningDistrict":null,"jurisdictionPrefix":null,"dorCode":null,"acreage":5.351,"centroid":[-80.127516,34.45048],"lastSale":{"date":null,"price":null,"qualified":null},"tax":{"marketValue":null,"assessedValue":null,"taxableValue":null,"taxes":null},"mailingAddress":{"line1":null,"line2":null,"city":null,"state":null,"zip":null},"incomeTract":null,"incomeBlockGroup":null,"nearestRoad":null,"flu":null,"opportunityZone":null,"oz2Eligibility":null,"source":"sc-chesterfield-parcels-45025","appraiserUrl":null,"gisViewerUrl":"https://chesterfieldsc.wthgis.com/"},"geometry":{"type":"Polygon","coordinates":[[[-80.12814,34.45144],[-80.128052,34.450249],[-80.128003,34.449531],[-80.127343,34.449865],[-80.126556,34.45031],[-80.127001,34.451482],[-80.12814,34.45144]]]}},{"type":"Feature","id":"45025:164 000 000 123","properties":{"id":"45025:164 000 000 123","parcelId":"164 000 000 123","countyFips":"45025","countyName":"Chesterfield","state":"South Carolina","marketIds":["Columbia"],"situsAddress":null,"situsCity":null,"situsZip":null,"jurisdictionCode":null,"ownerName":"BEASLEY ROBERT M & BRENDA L","ownerName2":null,"propertyName":null,"zoningCode":null,"zoningDistrict":null,"jurisdictionPrefix":null,"dorCode":null,"acreage":5.5087,"centroid":[-80.143387,34.464148],"lastSale":{"date":null,"price":null,"qualified":null},"tax":{"marketValue":null,"assessedValue":null,"taxableValue":null,"taxes":null},"mailingAddress":{"line1":null,"line2":null,"city":null,"state":null,"zip":null},"incomeTract":null,"incomeBlockGroup":null,"nearestRoad":null,"flu":null,"opportunityZone":null,"oz2Eligibility":null,"source":"sc-chesterfield-parcels-45025","appraiserUrl":null,"gisViewerUrl":"https://chesterfieldsc.wthgis.com/"},"geometry":{"type":"Polygon","coordinates":[[[-80.14211,34.464108],[-80.142137,34.464494],[-80.142137,34.464508],[-80.143583,34.464457],[-80.143681,34.464258],[-80.143735,34.464192],[-80.143813,34.464144],[-80.143954,34.464119],[-80.144092,34.464154],[-80.14438,34.464366],[-80.144529,34.464431],[-80.143805,34.463235],[-80.142069,34.463452],[-80.14211,34.464108]]]}},{"type":"Feature","id":"45025:165 000 000 038","properties":{"id":"45025:165 000 000 038","parcelId":"165 000 000 038","countyFips":"45025","countyName":"Chesterfield","state":"South Carolina","marketIds":["Columbia"],"situsAddress":null,"situsCity":null,"situsZip":null,"jurisdictionCode":null,"ownerName":"WARR CRAIG LEON","ownerName2":null,"propertyName":null,"zoningCode":null,"zoningDistrict":null,"jurisdictionPrefix":null,"dorCode":null,"acreage":29.295,"centroid":[-80.141868,34.455078],"lastSale":{"date":null,"price":null,"qualified":null},"tax":{"marketValue":15800.0,"assessedValue":null,"taxableValue":null,"taxes":null},"mailingAddress":{"line1":null,"line2":null,"city":null,"state":null,"zip":null},"incomeTract":null,"incomeBlockGroup":null,"nearestRoad":null,"flu":null,"opportunityZone":null,"oz2Eligibility":null,"source":"sc-chesterfield-parcels-45025","appraiserUrl":null,"gisViewerUrl":"https://chesterfieldsc.wthgis.com/"},"geometry":{"type":"Polygon","coordinates":[[[-80.139009,34.456155],[-80.139074,34.456223],[-80.140066,34.455432],[-80.140076,34.456008],[-80.140876,34.45621],[-80.142755,34.456166],[-80.142813,34.45574],[-80.144196,34.455693],[-80.1448,34.455859],[-80.144905,34.454774],[-80.144516,34.454136],[-80.143573,34.454271],[-80.143519,34.453762],[-80.143229,34.453731],[-80.141526,34.453987],[-80.141691,34.454745],[-80.140777,34.454881],[-80.140612,34.454124],[-80.137479,34.45458],[-80.139009,34.456155]]]}},{"type":"Feature","id":"45025:164 000 000 217","properties":{"id":"45025:164 000 000 217","parcelId":"164 000 000 217","countyFips":"45025","countyName":"Chesterfield","state":"South Carolina","marketIds":["Columbia"],"situsAddress":null,"situsCity":null,"situsZip":null,"jurisdictionCode":null,"ownerName":"DAVIS WILLIAM D JR &","ownerName2":null,"propertyName":null,"zoningCode":null,"zoningDistrict":null,"jurisdictionPrefix":null,"dorCode":null,"acreage":17.9387,"centroid":[-80.154099,34.465122],"lastSale":{"date":null,"price":null,"qualified":null},"tax":{"marketValue":null,"assessedValue":null,"taxableValue":null,"taxes":null},"mailingAddress":{"line1":null,"line2":null,"city":null,"state":null,"zip":null},"incomeTract":null,"incomeBlockGroup":null,"nearestRoad":null,"flu":null,"opportunityZone":null,"oz2Eligibility":null,"source":"sc-chesterfield-parcels-45025","appraiserUrl":null,"gisViewerUrl":"https://chesterfieldsc.wthgis.com/"},"geometry":{"type":"Polygon","coordinates":[[[-80.154307,34.46527],[-80.154401,34.465285],[-80.154167,34.465054],[-80.153468,34.464643],[-80.153231,34.464577],[-80.152784,34.464314],[-80.152746,34.463993],[-80.152948,34.463583],[-80.153073,34.462142],[-80.153125,34.461926],[-80.153104,34.461697],[-80.152741,34.461421],[-80.152526,34.46141],[-80.15237,34.461819],[-80.152114,34.462173],[-80.15066,34.463868],[-80.151457,34.465255],[-80.151495,34.465436],[-80.151478,34.465679],[-80.151939,34.465693],[-80.152414,34.465776],[-80.15268,34.46488],[-80.153308,34.46522],[-80.153851,34.465541],[-80.154684,34.466193],[-80.15533,34.466574],[-80.155037,34.466361],[-80.154738,34.466179],[-80.154598,34.46594],[-80.1544,34.46571],[-80.154268,34.465396],[-80.154145,34.465275],[-80.154155,34.465171],[-80.154307,34.46527]]]}},{"type":"Feature","id":"45025:166 000 000 001","properties":{"id":"45025:166 000 000 001","parcelId":"166 000 000 001","countyFips":"45025","countyName":"Chesterfield","state":"South Carolina","marketIds":["Columbia"],"situsAddress":null,"situsCity":null,"situsZip":null,"jurisdictionCode":null,"ownerName":"TALLEY METALS TECHNOLOGY INC","ownerName2":null,"propertyName":null,"zoningCode":null,"zoningDistrict":null,"jurisdictionPrefix":null,"dorCode":null,"acreage":25.9524,"centroid":[-80.170294,34.427953],"lastSale":{"date":null,"price":null,"qualified":null},"tax":{"marketValue":2344600.0,"assessedValue":null,"taxableValue":null,"taxes":null},"mailingAddress":{"line1":null,"line2":null,"city":null,"state":null,"zip":null},"incomeTract":null,"incomeBlockGroup":null,"nearestRoad":null,"flu":null,"opportunityZone":null,"oz2Eligibility":null,"source":"sc-chesterfield-parcels-45025","appraiserUrl":null,"gisViewerUrl":"https://chesterfieldsc.wthgis.com/"},"geometry":{"type":"Polygon","coordinates":[[[-80.166517,34.429136],[-80.167925,34.429311],[-80.173205,34.427591],[-80.173266,34.427451],[-80.17318,34.427422],[-80.172124,34.425674],[-80.165844,34.429085],[-80.166517,34.429136]]]}},{"type":"Feature","id":"45025:166 000 000 002","properties":{"id":"45025:166 000 000 002","parcelId":"166 000 000 002","countyFips":"45025","countyName":"Chesterfield","state":"South Carolina","marketIds":["Columbia"],"situsAddress":null,"situsCity":null,"situsZip":null,"jurisdictionCode":null,"ownerName":"TALLEY METAL TECHNOLOGY INC","ownerName2":null,"propertyName":null,"zoningCode":null,"zoningDistrict":null,"jurisdictionPrefix":null,"dorCode":null,"acreage":5.3536,"centroid":[-80.165758,34.429603],"lastSale":{"date":null,"price":null,"qualified":null},"tax":{"marketValue":100.0,"assessedValue":null,"taxableValue":null,"taxes":null},"mailingAddress":{"line1":null,"line2":null,"city":null,"state":null,"zip":null},"incomeTract":null,"incomeBlockGroup":null,"nearestRoad":null,"flu":null,"opportunityZone":null,"oz2Eligibility":null,"source":"sc-chesterfield-parcels-45025","appraiserUrl":null,"gisViewerUrl":"https://chesterfieldsc.wthgis.com/"},"geometry":{"type":"Polygon","coordinates":[[[-80.165844,34.429085],[-80.164118,34.430022],[-80.164387,34.430462],[-80.167925,34.429311],[-80.166517,34.429136],[-80.165844,34.429085]]]}},{"type":"Feature","id":"45025:165 000 000 019","properties":{"id":"45025:165 000 000 019","parcelId":"165 000 000 019","countyFips":"45025","countyName":"Chesterfield","state":"South Carolina","marketIds":["Columbia"],"situsAddress":null,"situsCity":null,"situsZip":null,"jurisdictionCode":null,"ownerName":"BRYANT RAY L","ownerName2":null,"propertyName":null,"zoningCode":null,"zoningDistrict":null,"jurisdictionPrefix":null,"dorCode":null,"acreage":38.0081,"centroid":[-80.166121,34.444576],"lastSale":{"date":null,"price":null,"qualified":null},"tax":{"marketValue":null,"assessedValue":null,"taxableValue":null,"taxes":null},"mailingAddress":{"line1":null,"line2":null,"city":null,"state":null,"zip":null},"incomeTract":null,"incomeBlockGroup":null,"nearestRoad":null,"flu":null,"opportunityZone":null,"oz2Eligibility":null,"source":"sc-chesterfield-parcels-45025","appraiserUrl":null,"gisViewerUrl":"https://chesterfieldsc.wthgis.com/"},"geometry":{"type":"Polygon","coordinates":[[[-80.163513,34.447217],[-80.163501,34.447353],[-80.168503,34.446039],[-80.16887,34.443159],[-80.168082,34.443281],[-80.16807,34.444024],[-80.167193,34.444263],[-80.167175,34.443427],[-80.16472,34.443792],[-80.164082,34.443877],[-80.163624,34.443906],[-80.163513,34.447217]]]}},{"type":"Feature","id":"45025:165 000 000 026","properties":{"id":"45025:165 000 000 026","parcelId":"165 000 000 026","countyFips":"45025","countyName":"Chesterfield","state":"South Carolina","marketIds":["Columbia"],"situsAddress":null,"situsCity":null,"situsZip":null,"jurisdictionCode":null,"ownerName":"ERS FARMS LLC","ownerName2":null,"propertyName":null,"zoningCode":null,"zoningDistrict":null,"jurisdictionPrefix":null,"dorCode":null,"acreage":39.8068,"centroid":[-80.167429,34.441735],"lastSale":{"date":null,"price":null,"qualified":null},"tax":{"marketValue":null,"assessedValue":null,"taxableValue":null,"taxes":null},"mailingAddress":{"line1":null,"line2":null,"city":null,"state":null,"zip":null},"incomeTract":null,"incomeBlockGroup":null,"nearestRoad":null,"flu":null,"opportunityZone":null,"oz2Eligibility":null,"source":"sc-chesterfield-parcels-45025","appraiserUrl":null,"gisViewerUrl":"https://chesterfieldsc.wthgis.com/"},"geometry":{"type":"Polygon","coordinates":[[[-80.163701,34.440927],[-80.16376,34.443762],[-80.16419,34.443724],[-80.166224,34.443438],[-80.1696,34.442908],[-80.169516,34.442632],[-80.170022,34.442551],[-80.170518,34.442368],[-80.170575,34.442203],[-80.170314,34.442285],[-80.169323,34.441362],[-80.16874,34.441092],[-80.16709,34.440789],[-80.166829,34.440717],[-80.166724,34.440677],[-80.16649,34.440537],[-80.166168,34.440479],[-80.16595,34.440406],[-80.16541,34.440109],[-80.163701,34.440927]]]}},{"type":"Feature","id":"45025:165 000 000 027","properties":{"id":"45025:165 000 000 027","parcelId":"165 000 000 027","countyFips":"45025","countyName":"Chesterfield","state":"South Carolina","marketIds":["Columbia"],"situsAddress":null,"situsCity":null,"situsZip":null,"jurisdictionCode":null,"ownerName":"ETHEREDGE BENJAMIN REDFEARN","ownerName2":null,"propertyName":null,"zoningCode":null,"zoningDistrict":null,"jurisdictionPrefix":null,"dorCode":null,"acreage":24.7543,"centroid":[-80.163889,34.440453],"lastSale":{"date":null,"price":null,"qualified":null},"tax":{"marketValue":254500.0,"assessedValue":null,"taxableValue":null,"taxes":null},"mailingAddress":{"line1":null,"line2":null,"city":null,"state":null,"zip":null},"incomeTract":null,"incomeBlockGroup":null,"nearestRoad":null,"flu":null,"opportunityZone":null,"oz2Eligibility":null,"source":"sc-chesterfield-parcels-45025","appraiserUrl":null,"gisViewerUrl":"https://chesterfieldsc.wthgis.com/"},"geometry":{"type":"Polygon","coordinates":[[[-80.163514,34.439927],[-80.163011,34.439116],[-80.160486,34.440138],[-80.161732,34.440341],[-80.162382,34.440316],[-80.162555,34.440343],[-80.162873,34.440432],[-80.163375,34.440359],[-80.163439,34.44038],[-80.163455,34.440417],[-80.163439,34.440453],[-80.163227,34.44055],[-80.163198,34.440584],[-80.163176,34.440662],[-80.163572,34.441111],[-80.163629,34.443768],[-80.163674,34.443768],[-80.16376,34.443762],[-80.163701,34.440927],[-80.16541,34.440109],[-80.16602,34.440436],[-80.16649,34.440537],[-80.166775,34.4407],[-80.16709,34.440789],[-80.166282,34.437454],[-80.16568,34.437923],[-80.163475,34.438918],[-80.163935,34.439658],[-80.163707,34.439849],[-80.163608,34.43986],[-80.163514,34.439927]]]}},{"type":"Feature","id":"45025:145 000 000 050","properties":{"id":"45025:145 000 000 050","parcelId":"145 000 000 050","countyFips":"45025","countyName":"Chesterfield","state":"South Carolina","marketIds":["Columbia"],"situsAddress":null,"situsCity":null,"situsZip":null,"jurisdictionCode":null,"ownerName":"TALLEY METAL TECHNOLOGY LLC","ownerName2":null,"propertyName":null,"zoningCode":null,"zoningDistrict":null,"jurisdictionPrefix":null,"dorCode":null,"acreage":101.1328,"centroid":[-80.168295,34.431733],"lastSale":{"date":null,"price":null,"qualified":null},"tax":{"marketValue":null,"assessedValue":null,"taxableValue":null,"taxes":null},"mailingAddress":{"line1":null,"line2":null,"city":null,"state":null,"zip":null},"incomeTract":null,"incomeBlockGroup":null,"nearestRoad":null,"flu":null,"opportunityZone":null,"oz2Eligibility":null,"source":"sc-chesterfield-parcels-45025","appraiserUrl":null,"gisViewerUrl":"https://chesterfieldsc.wthgis.com/"},"geometry":{"type":"Polygon","coordinates":[[[-80.167379,34.433463],[-80.168911,34.434203],[-80.172467,34.435919],[-80.173015,34.428522],[-80.173079,34.427999],[-80.173205,34.427591],[-80.164387,34.430462],[-80.165057,34.431546],[-80.165286,34.431848],[-80.165658,34.432258],[-80.165961,34.432539],[-80.166441,34.432913],[-80.16699,34.43326],[-80.167379,34.433463]]]}},{"type":"Feature","id":"45025:184 000 000 016","properties":{"id":"45025:184 000 000 016","parcelId":"184 000 000 016","countyFips":"45025","countyName":"Chesterfield","state":"South Carolina","marketIds":["Columbia"],"situsAddress":null,"situsCity":null,"situsZip":null,"jurisdictionCode":null,"ownerName":"JOHNSON BILLY R & AXIA MERCEDE","ownerName2":null,"propertyName":null,"zoningCode":null,"zoningDistrict":null,"jurisdictionPrefix":null,"dorCode":null,"acreage":112.1185,"centroid":[-80.118797,34.468616],"lastSale":{"date":null,"price":null,"qualified":null},"tax":{"marketValue":null,"assessedValue":null,"taxableValue":null,"taxes":null},"mailingAddress":{"line1":null,"line2":null,"city":null,"state":null,"zip":null},"incomeTract":null,"incomeBlockGroup":null,"nearestRoad":null,"flu":null,"opportunityZone":null,"oz2Eligibility":null,"source":"sc-chesterfield-parcels-45025","appraiserUrl":null,"gisViewerUrl":"https://chesterfieldsc.wthgis.com/"},"geometry":{"type":"Polygon","coordinates":[[[-80.116493,34.470388],[-80.115315,34.472187],[-80.117151,34.472562],[-80.117758,34.472867],[-80.118449,34.473814],[-80.120267,34.472996],[-80.120732,34.472709],[-80.121212,34.472318],[-80.119561,34.471236],[-80.123719,34.463023],[-80.119047,34.459184],[-80.116961,34.460155],[-80.118943,34.461857],[-80.120716,34.463425],[-80.117475,34.469572],[-80.116949,34.469568],[-80.116493,34.470388]]]}},{"type":"Feature","id":"45025:184 000 000 017","properties":{"id":"45025:184 000 000 017","parcelId":"184 000 000 017","countyFips":"45025","countyName":"Chesterfield","state":"South Carolina","marketIds":["Columbia"],"situsAddress":null,"situsCity":null,"situsZip":null,"jurisdictionCode":null,"ownerName":"DUNLAP JAMES L JR","ownerName2":null,"propertyName":null,"zoningCode":null,"zoningDistrict":null,"jurisdictionPrefix":null,"dorCode":null,"acreage":77.1279,"centroid":[-80.116805,34.466342],"lastSale":{"date":null,"price":null,"qualified":null},"tax":{"marketValue":null,"assessedValue":null,"taxableValue":null,"taxes":null},"mailingAddress":{"line1":null,"line2":null,"city":null,"state":null,"zip":null},"incomeTract":null,"incomeBlockGroup":null,"nearestRoad":null,"flu":null,"opportunityZone":null,"oz2Eligibility":null,"source":"sc-chesterfield-parcels-45025","appraiserUrl":null,"gisViewerUrl":"https://chesterfieldsc.wthgis.com/"},"geometry":{"type":"Polygon","coordinates":[[[-80.114609,34.469241],[-80.116493,34.470388],[-80.116949,34.469568],[-80.117475,34.469572],[-80.120716,34.463425],[-80.118943,34.461857],[-80.117677,34.462314],[-80.115313,34.463266],[-80.115033,34.465862],[-80.114838,34.467931],[-80.114609,34.469241]]]}},{"type":"Feature","id":"45025:184 000 000 019","properties":{"id":"45025:184 000 000 019","parcelId":"184 000 000 019","countyFips":"45025","countyName":"Chesterfield","state":"South Carolina","marketIds":["Columbia"],"situsAddress":null,"situsCity":null,"situsZip":null,"jurisdictionCode":null,"ownerName":"WILLIAMSON BRYAN TODD & ANGELA","ownerName2":null,"propertyName":null,"zoningCode":null,"zoningDistrict":null,"jurisdictionPrefix":null,"dorCode":null,"acreage":49.6796,"centroid":[-80.113819,34.462716],"lastSale":{"date":null,"price":null,"qualified":null},"tax":{"marketValue":75000.0,"assessedValue":null,"taxableValue":null,"taxes":null},"mailingAddress":{"line1":null,"line2":null,"city":null,"state":null,"zip":null},"incomeTract":null,"incomeBlockGroup":null,"nearestRoad":null,"flu":null,"opportunityZone":null,"oz2Eligibility":null,"source":"sc-chesterfield-parcels-45025","appraiserUrl":null,"gisViewerUrl":"https://chesterfieldsc.wthgis.com/"},"geometry":{"type":"Polygon","coordinates":[[[-80.111887,34.465211],[-80.115033,34.465862],[-80.115313,34.463266],[-80.117677,34.462314],[-80.116482,34.461296],[-80.115835,34.462194],[-80.115271,34.461775],[-80.115163,34.462345],[-80.114475,34.462255],[-80.114583,34.461685],[-80.113186,34.461503],[-80.113731,34.46204],[-80.112243,34.461877],[-80.112602,34.462784],[-80.112131,34.462947],[-80.110882,34.462319],[-80.108436,34.464496],[-80.111887,34.465211]]]}},{"type":"Feature","id":"45025:184 000 000 021","properties":{"id":"45025:184 000 000 021","parcelId":"184 000 000 021","countyFips":"45025","countyName":"Chesterfield","state":"South Carolina","marketIds":["Columbia"],"situsAddress":null,"situsCity":null,"situsZip":null,"jurisdictionCode":null,"ownerName":"SAULS EVERETT H & RUBY M","ownerName2":null,"propertyName":null,"zoningCode":null,"zoningDistrict":null,"jurisdictionPrefix":null,"dorCode":null,"acreage":16.3604,"centroid":[-80.116379,34.46052],"lastSale":{"date":null,"price":null,"qualified":null},"tax":{"marketValue":5900.0,"assessedValue":null,"taxableValue":null,"taxes":null},"mailingAddress":{"line1":null,"line2":null,"city":null,"state":null,"zip":null},"incomeTract":null,"incomeBlockGroup":null,"nearestRoad":null,"flu":null,"opportunityZone":null,"oz2Eligibility":null,"source":"sc-chesterfield-parcels-45025","appraiserUrl":null,"gisViewerUrl":"https://chesterfieldsc.wthgis.com/"},"geometry":{"type":"Polygon","coordinates":[[[-80.117144,34.46186],[-80.117677,34.462314],[-80.118943,34.461857],[-80.116961,34.460155],[-80.115525,34.458886],[-80.115092,34.45847],[-80.113743,34.45978],[-80.115946,34.460839],[-80.117144,34.46186]]]}},{"type":"Feature","id":"45025:184 000 000 022","properties":{"id":"45025:184 000 000 022","parcelId":"184 000 000 022","countyFips":"45025","countyName":"Chesterfield","state":"South Carolina","marketIds":["Columbia"],"situsAddress":null,"situsCity":null,"situsZip":null,"jurisdictionCode":null,"ownerName":"SMITH ELBERT W","ownerName2":null,"propertyName":null,"zoningCode":null,"zoningDistrict":null,"jurisdictionPrefix":null,"dorCode":null,"acreage":10.6503,"centroid":[-80.114329,34.461088],"lastSale":{"date":null,"price":null,"qualified":null},"tax":{"marketValue":null,"assessedValue":null,"taxableValue":null,"taxes":null},"mailingAddress":{"line1":null,"line2":null,"city":null,"state":null,"zip":null},"incomeTract":null,"incomeBlockGroup":null,"nearestRoad":null,"flu":null,"opportunityZone":null,"oz2Eligibility":null,"source":"sc-chesterfield-parcels-45025","appraiserUrl":null,"gisViewerUrl":"https://chesterfieldsc.wthgis.com/"},"geometry":{"type":"Polygon","coordinates":[[[-80.114583,34.461685],[-80.115271,34.461775],[-80.115946,34.460839],[-80.113743,34.45978],[-80.112104,34.461363],[-80.114583,34.461685]]]}},{"type":"Feature","id":"45025:184 000 000 026","properties":{"id":"45025:184 000 000 026","parcelId":"184 000 000 026","countyFips":"45025","countyName":"Chesterfield","state":"South Carolina","marketIds":["Columbia"],"situsAddress":null,"situsCity":null,"situsZip":null,"jurisdictionCode":null,"ownerName":"EASTERLING RICKY CHEYENNE","ownerName2":null,"propertyName":null,"zoningCode":null,"zoningDistrict":null,"jurisdictionPrefix":null,"dorCode":null,"acreage":13.3104,"centroid":[-80.099276,34.465036],"lastSale":{"date":null,"price":null,"qualified":null},"tax":{"marketValue":24400.0,"assessedValue":null,"taxableValue":null,"taxes":null},"mailingAddress":{"line1":null,"line2":null,"city":null,"state":null,"zip":null},"incomeTract":null,"incomeBlockGroup":null,"nearestRoad":null,"flu":null,"opportunityZone":null,"oz2Eligibility":null,"source":"sc-chesterfield-parcels-45025","appraiserUrl":null,"gisViewerUrl":"https://chesterfieldsc.wthgis.com/"},"geometry":{"type":"MultiPolygon","coordinates":[[[[-80.100742,34.46393],[-80.099934,34.464224],[-80.097639,34.465014],[-80.097814,34.465071],[-80.098185,34.465237],[-80.101341,34.466742],[-80.100742,34.46393]]],[[[-80.097432,34.464936],[-80.099869,34.464098],[-80.100712,34.46379],[-80.100635,34.463425],[-80.097432,34.464936]]]]}},{"type":"Feature","id":"45025:184 000 000 056","properties":{"id":"45025:184 000 000 056","parcelId":"184 000 000 056","countyFips":"45025","countyName":"Chesterfield","state":"South Carolina","marketIds":["Columbia"],"situsAddress":null,"situsCity":null,"situsZip":null,"jurisdictionCode":null,"ownerName":"AKERS ACRES SC LLC","ownerName2":null,"propertyName":null,"zoningCode":null,"zoningDistrict":null,"jurisdictionPrefix":null,"dorCode":null,"acreage":102.601,"centroid":[-80.121653,34.470395],"lastSale":{"date":null,"price":null,"qualified":null},"tax":{"marketValue":null,"assessedValue":null,"taxableValue":null,"taxes":null},"mailingAddress":{"line1":null,"line2":null,"city":null,"state":null,"zip":null},"incomeTract":null,"incomeBlockGroup":null,"nearestRoad":null,"flu":null,"opportunityZone":null,"oz2Eligibility":null,"source":"sc-chesterfield-parcels-45025","appraiserUrl":null,"gisViewerUrl":"https://chesterfieldsc.wthgis.com/"},"geometry":{"type":"Polygon","coordinates":[[[-80.119901,34.470551],[-80.121741,34.471757],[-80.123182,34.470189],[-80.123535,34.469857],[-80.123819,34.469635],[-80.12524,34.461506],[-80.121283,34.457496],[-80.115525,34.458886],[-80.116961,34.460155],[-80.119047,34.459184],[-80.123719,34.463023],[-80.121651,34.467133],[-80.119901,34.470551]]]}},{"type":"Feature","id":"45025:185 000 000 004","properties":{"id":"45025:185 000 000 004","parcelId":"185 000 000 004","countyFips":"45025","countyName":"Chesterfield","state":"South Carolina","marketIds":["Columbia"],"situsAddress":null,"situsCity":null,"situsZip":null,"jurisdictionCode":null,"ownerName":"BEAVERDAM CREEK HOLDINGS LLC","ownerName2":null,"propertyName":null,"zoningCode":null,"zoningDistrict":null,"jurisdictionPrefix":null,"dorCode":null,"acreage":31.6024,"centroid":[-80.11788,34.457862],"lastSale":{"date":null,"price":null,"qualified":null},"tax":{"marketValue":null,"assessedValue":null,"taxableValue":null,"taxes":null},"mailingAddress":{"line1":null,"line2":null,"city":null,"state":null,"zip":null},"incomeTract":null,"incomeBlockGroup":null,"nearestRoad":null,"flu":null,"opportunityZone":null,"oz2Eligibility":null,"source":"sc-chesterfield-parcels-45025","appraiserUrl":null,"gisViewerUrl":"https://chesterfieldsc.wthgis.com/"},"geometry":{"type":"Polygon","coordinates":[[[-80.114305,34.458701],[-80.113358,34.460156],[-80.115092,34.45847],[-80.115525,34.458886],[-80.1253,34.456522],[-80.123557,34.455045],[-80.11802,34.457251],[-80.114305,34.458701]]]}},{"type":"Feature","id":"45025:185 000 000 005","properties":{"id":"45025:185 000 000 005","parcelId":"185 000 000 005","countyFips":"45025","countyName":"Chesterfield","state":"South Carolina","marketIds":["Columbia"],"situsAddress":null,"situsCity":null,"situsZip":null,"jurisdictionCode":null,"ownerName":"ALEKSIEWICZ JOSEPH","ownerName2":null,"propertyName":null,"zoningCode":null,"zoningDistrict":null,"jurisdictionPrefix":null,"dorCode":null,"acreage":6.4309,"centroid":[-80.117978,34.454727],"lastSale":{"date":null,"price":null,"qualified":null},"tax":{"marketValue":null,"assessedValue":null,"taxableValue":null,"taxes":null},"mailingAddress":{"line1":null,"line2":null,"city":null,"state":null,"zip":null},"incomeTract":null,"incomeBlockGroup":null,"nearestRoad":null,"flu":null,"opportunityZone":null,"oz2Eligibility":null,"source":"sc-chesterfield-parcels-45025","appraiserUrl":null,"gisViewerUrl":"https://chesterfieldsc.wthgis.com/"},"geometry":{"type":"Polygon","coordinates":[[[-80.116176,34.45607],[-80.120282,34.453828],[-80.119913,34.453431],[-80.117658,34.454577],[-80.115859,34.455728],[-80.116176,34.45607]]]}},{"type":"Feature","id":"45025:184 000 000 030","properties":{"id":"45025:184 000 000 030","parcelId":"184 000 000 030","countyFips":"45025","countyName":"Chesterfield","state":"South Carolina","marketIds":["Columbia"],"situsAddress":null,"situsCity":null,"situsZip":null,"jurisdictionCode":null,"ownerName":"EASTERLING RICKY CHEYENNE","ownerName2":null,"propertyName":null,"zoningCode":null,"zoningDistrict":null,"jurisdictionPrefix":null,"dorCode":null,"acreage":56.172,"centroid":[-80.091592,34.469116],"lastSale":{"date":null,"price":null,"qualified":null},"tax":{"marketValue":54000.0,"assessedValue":null,"taxableValue":null,"taxes":null},"mailingAddress":{"line1":null,"line2":null,"city":null,"state":null,"zip":null},"incomeTract":null,"incomeBlockGroup":null,"nearestRoad":null,"flu":null,"opportunityZone":null,"oz2Eligibility":null,"source":"sc-chesterfield-parcels-45025","appraiserUrl":null,"gisViewerUrl":"https://chesterfieldsc.wthgis.com/"},"geometry":{"type":"MultiPolygon","coordinates":[[[[-80.095033,34.466706],[-80.094941,34.466748],[-80.092855,34.467729],[-80.09081,34.468782],[-80.088681,34.469927],[-80.088199,34.470217],[-80.087947,34.470393],[-80.08908,34.472088],[-80.096779,34.469453],[-80.095033,34.466706]]],[[[-80.092168,34.467919],[-80.092468,34.467764],[-80.093673,34.467174],[-80.094955,34.466585],[-80.094692,34.466171],[-80.092168,34.467919]]]]}},{"type":"Feature","id":"45025:164 000 000 154","properties":{"id":"45025:164 000 000 154","parcelId":"164 000 000 154","countyFips":"45025","countyName":"Chesterfield","state":"South Carolina","marketIds":["Columbia"],"situsAddress":null,"situsCity":null,"situsZip":null,"jurisdictionCode":null,"ownerName":"STEVENS CECIL LAVERN","ownerName2":null,"propertyName":null,"zoningCode":null,"zoningDistrict":null,"jurisdictionPrefix":null,"dorCode":null,"acreage":8.5821,"centroid":[-80.135401,34.474797],"lastSale":{"date":null,"price":null,"qualified":null},"tax":{"marketValue":6900.0,"assessedValue":null,"taxableValue":null,"taxes":null},"mailingAddress":{"line1":null,"line2":null,"city":null,"state":null,"zip":null},"incomeTract":null,"incomeBlockGroup":null,"nearestRoad":null,"flu":null,"opportunityZone":null,"oz2Eligibility":null,"source":"sc-chesterfield-parcels-45025","appraiserUrl":null,"gisViewerUrl":"https://chesterfieldsc.wthgis.com/"},"geometry":{"type":"Polygon","coordinates":[[[-80.133686,34.474027],[-80.134064,34.474483],[-80.135204,34.475864],[-80.137048,34.475534],[-80.136751,34.475031],[-80.136035,34.475179],[-80.135017,34.473462],[-80.133686,34.474027]]]}},{"type":"Feature","id":"45025:163 000 000 062","properties":{"id":"45025:163 000 000 062","parcelId":"163 000 000 062","countyFips":"45025","countyName":"Chesterfield","state":"South Carolina","marketIds":["Columbia"],"situsAddress":null,"situsCity":null,"situsZip":null,"jurisdictionCode":null,"ownerName":"DIXON JEANNETTE","ownerName2":null,"propertyName":null,"zoningCode":null,"zoningDistrict":null,"jurisdictionPrefix":null,"dorCode":null,"acreage":6.3593,"centroid":[-80.136406,34.483309],"lastSale":{"date":null,"price":null,"qualified":null},"tax":{"marketValue":null,"assessedValue":null,"taxableValue":null,"taxes":null},"mailingAddress":{"line1":null,"line2":null,"city":null,"state":null,"zip":null},"incomeTract":null,"incomeBlockGroup":null,"nearestRoad":null,"flu":null,"opportunityZone":null,"oz2Eligibility":null,"source":"sc-chesterfield-parcels-45025","appraiserUrl":null,"gisViewerUrl":"https://chesterfieldsc.wthgis.com/"},"geometry":{"type":"Polygon","coordinates":[[[-80.134408,34.482635],[-80.136278,34.484185],[-80.137104,34.483895],[-80.137057,34.483303],[-80.136825,34.483316],[-80.136762,34.482519],[-80.134408,34.482635]]]}},{"type":"Feature","id":"45025:163 000 000 081","properties":{"id":"45025:163 000 000 081","parcelId":"163 000 000 081","countyFips":"45025","countyName":"Chesterfield","state":"South Carolina","marketIds":["Columbia"],"situsAddress":null,"situsCity":null,"situsZip":null,"jurisdictionCode":null,"ownerName":"MARTIN PAUL & JESSICA","ownerName2":null,"propertyName":null,"zoningCode":null,"zoningDistrict":null,"jurisdictionPrefix":null,"dorCode":null,"acreage":6.7322,"centroid":[-80.129155,34.485884],"lastSale":{"date":null,"price":null,"qualified":null},"tax":{"marketValue":null,"assessedValue":null,"taxableValue":null,"taxes":null},"mailingAddress":{"line1":null,"line2":null,"city":null,"state":null,"zip":null},"incomeTract":null,"incomeBlockGroup":null,"nearestRoad":null,"flu":null,"opportunityZone":null,"oz2Eligibility":null,"source":"sc-chesterfield-parcels-45025","appraiserUrl":null,"gisViewerUrl":"https://chesterfieldsc.wthgis.com/"},"geometry":{"type":"Polygon","coordinates":[[[-80.128057,34.486305],[-80.128368,34.486549],[-80.131321,34.485666],[-80.13049,34.485009],[-80.127537,34.485891],[-80.128057,34.486305]]]}},{"type":"Feature","id":"45025:163 000 000 086","properties":{"id":"45025:163 000 000 086","parcelId":"163 000 000 086","countyFips":"45025","countyName":"Chesterfield","state":"South Carolina","marketIds":["Columbia"],"situsAddress":null,"situsCity":null,"situsZip":null,"jurisdictionCode":null,"ownerName":"MISHLER LEE ANN","ownerName2":null,"propertyName":null,"zoningCode":null,"zoningDistrict":null,"jurisdictionPrefix":null,"dorCode":null,"acreage":6.4257,"centroid":[-80.137267,34.481185],"lastSale":{"date":null,"price":null,"qualified":null},"tax":{"marketValue":99000.0,"assessedValue":null,"taxableValue":null,"taxes":null},"mailingAddress":{"line1":null,"line2":null,"city":null,"state":null,"zip":null},"incomeTract":null,"incomeBlockGroup":null,"nearestRoad":null,"flu":null,"opportunityZone":null,"oz2Eligibility":null,"source":"sc-chesterfield-parcels-45025","appraiserUrl":null,"gisViewerUrl":"https://chesterfieldsc.wthgis.com/"},"geometry":{"type":"Polygon","coordinates":[[[-80.136294,34.480223],[-80.137108,34.482319],[-80.138184,34.482265],[-80.138196,34.48098],[-80.136552,34.480139],[-80.136294,34.480223]]]}},{"type":"Feature","id":"45025:163 000 000 087","properties":{"id":"45025:163 000 000 087","parcelId":"163 000 000 087","countyFips":"45025","countyName":"Chesterfield","state":"South Carolina","marketIds":["Columbia"],"situsAddress":null,"situsCity":null,"situsZip":null,"jurisdictionCode":null,"ownerName":"DIXON AMANDA","ownerName2":null,"propertyName":null,"zoningCode":null,"zoningDistrict":null,"jurisdictionPrefix":null,"dorCode":null,"acreage":7.0409,"centroid":[-80.136103,34.481518],"lastSale":{"date":null,"price":null,"qualified":null},"tax":{"marketValue":null,"assessedValue":null,"taxableValue":null,"taxes":null},"mailingAddress":{"line1":null,"line2":null,"city":null,"state":null,"zip":null},"incomeTract":null,"incomeBlockGroup":null,"nearestRoad":null,"flu":null,"opportunityZone":null,"oz2Eligibility":null,"source":"sc-chesterfield-parcels-45025","appraiserUrl":null,"gisViewerUrl":"https://chesterfieldsc.wthgis.com/"},"geometry":{"type":"MultiPolygon","coordinates":[[[[-80.136333,34.482009],[-80.1364,34.482003],[-80.136598,34.482027],[-80.136773,34.482108],[-80.136847,34.48219],[-80.136915,34.482329],[-80.137108,34.482319],[-80.136294,34.480223],[-80.135253,34.480486],[-80.134559,34.480259],[-80.134412,34.48025],[-80.135749,34.482013],[-80.136333,34.482009]]],[[[-80.136033,34.482373],[-80.136744,34.482337],[-80.136658,34.482208],[-80.136513,34.482149],[-80.135867,34.482155],[-80.136033,34.482373]]]]}},{"type":"Feature","id":"45025:164 000 000 047","properties":{"id":"45025:164 000 000 047","parcelId":"164 000 000 047","countyFips":"45025","countyName":"Chesterfield","state":"South Carolina","marketIds":["Columbia"],"situsAddress":null,"situsCity":null,"situsZip":null,"jurisdictionCode":null,"ownerName":"ATKINSON STACEY ALLEN","ownerName2":null,"propertyName":null,"zoningCode":null,"zoningDistrict":null,"jurisdictionPrefix":null,"dorCode":null,"acreage":5.3807,"centroid":[-80.14347,34.47208],"lastSale":{"date":null,"price":null,"qualified":null},"tax":{"marketValue":null,"assessedValue":null,"taxableValue":null,"taxes":null},"mailingAddress":{"line1":null,"line2":null,"city":null,"state":null,"zip":null},"incomeTract":null,"incomeBlockGroup":null,"nearestRoad":null,"flu":null,"opportunityZone":null,"oz2Eligibility":null,"source":"sc-chesterfield-parcels-45025","appraiserUrl":null,"gisViewerUrl":"https://chesterfieldsc.wthgis.com/"},"geometry":{"type":"Polygon","coordinates":[[[-80.142854,34.472648],[-80.143152,34.472802],[-80.144941,34.471777],[-80.144205,34.471211],[-80.142196,34.471961],[-80.142854,34.472648]]]}},{"type":"Feature","id":"45025:164 000 000 054","properties":{"id":"45025:164 000 000 054","parcelId":"164 000 000 054","countyFips":"45025","countyName":"Chesterfield","state":"South Carolina","marketIds":["Columbia"],"situsAddress":null,"situsCity":null,"situsZip":null,"jurisdictionCode":null,"ownerName":"DALE BRIAN A","ownerName2":null,"propertyName":null,"zoningCode":null,"zoningDistrict":null,"jurisdictionPrefix":null,"dorCode":null,"acreage":6.1174,"centroid":[-80.132797,34.471595],"lastSale":{"date":null,"price":null,"qualified":null},"tax":{"marketValue":83500.0,"assessedValue":null,"taxableValue":null,"taxes":null},"mailingAddress":{"line1":null,"line2":null,"city":null,"state":null,"zip":null},"incomeTract":null,"incomeBlockGroup":null,"nearestRoad":null,"flu":null,"opportunityZone":null,"oz2Eligibility":null,"source":"sc-chesterfield-parcels-45025","appraiserUrl":null,"gisViewerUrl":"https://chesterfieldsc.wthgis.com/"},"geometry":{"type":"Polygon","coordinates":[[[-80.132494,34.471978],[-80.133111,34.472987],[-80.133504,34.472755],[-80.133788,34.47263],[-80.132866,34.470173],[-80.132657,34.470469],[-80.132074,34.470794],[-80.131881,34.470977],[-80.132494,34.471978]]]}},{"type":"Feature","id":"45025:184 000 000 001","properties":{"id":"45025:184 000 000 001","parcelId":"184 000 000 001","countyFips":"45025","countyName":"Chesterfield","state":"South Carolina","marketIds":["Columbia"],"situsAddress":null,"situsCity":null,"situsZip":null,"jurisdictionCode":null,"ownerName":"ATKINSON CLIFTON B JR ETAL","ownerName2":null,"propertyName":null,"zoningCode":null,"zoningDistrict":null,"jurisdictionPrefix":null,"dorCode":null,"acreage":53.2758,"centroid":[-80.131158,34.476219],"lastSale":{"date":null,"price":null,"qualified":null},"tax":{"marketValue":2300.0,"assessedValue":null,"taxableValue":null,"taxes":null},"mailingAddress":{"line1":null,"line2":null,"city":null,"state":null,"zip":null},"incomeTract":null,"incomeBlockGroup":null,"nearestRoad":null,"flu":null,"opportunityZone":null,"oz2Eligibility":null,"source":"sc-chesterfield-parcels-45025","appraiserUrl":null,"gisViewerUrl":"https://chesterfieldsc.wthgis.com/"},"geometry":{"type":"MultiPolygon","coordinates":[[[[-80.128835,34.476818],[-80.129978,34.478632],[-80.130001,34.478693],[-80.133522,34.476471],[-80.135164,34.476541],[-80.135593,34.476305],[-80.134344,34.474825],[-80.132513,34.476339],[-80.131107,34.474655],[-80.129902,34.475276],[-80.129523,34.475407],[-80.128845,34.475583],[-80.128569,34.475692],[-80.12831,34.475824],[-80.128835,34.476818]]],[[[-80.129187,34.475298],[-80.129225,34.475289],[-80.129513,34.475217],[-80.129923,34.475061],[-80.13134,34.474319],[-80.130961,34.473835],[-80.131545,34.473521],[-80.131888,34.473968],[-80.132504,34.473479],[-80.13132,34.471318],[-80.131014,34.472074],[-80.13088,34.472252],[-80.130693,34.472391],[-80.130544,34.472458],[-80.130383,34.4725],[-80.129938,34.472516],[-80.129653,34.47256],[-80.129472,34.472618],[-80.129095,34.472783],[-80.128571,34.472872],[-80.128384,34.472934],[-80.128163,34.473037],[-80.127914,34.473096],[-80.129187,34.475298]]]]}},{"type":"Feature","id":"45025:184 000 000 011","properties":{"id":"45025:184 000 000 011","parcelId":"184 000 000 011","countyFips":"45025","countyName":"Chesterfield","state":"South Carolina","marketIds":["Columbia"],"situsAddress":null,"situsCity":null,"situsZip":null,"jurisdictionCode":null,"ownerName":"BEAVERDAM CREEK HOLDINGS LLC","ownerName2":null,"propertyName":null,"zoningCode":null,"zoningDistrict":null,"jurisdictionPrefix":null,"dorCode":null,"acreage":102.3797,"centroid":[-80.126298,34.463253],"lastSale":{"date":null,"price":null,"qualified":null},"tax":{"marketValue":null,"assessedValue":null,"taxableValue":null,"taxes":null},"mailingAddress":{"line1":null,"line2":null,"city":null,"state":null,"zip":null},"incomeTract":null,"incomeBlockGroup":null,"nearestRoad":null,"flu":null,"opportunityZone":null,"oz2Eligibility":null,"source":"sc-chesterfield-parcels-45025","appraiserUrl":null,"gisViewerUrl":"https://chesterfieldsc.wthgis.com/"},"geometry":{"type":"Polygon","coordinates":[[[-80.124909,34.466637],[-80.124461,34.4692],[-80.127071,34.467531],[-80.126951,34.466741],[-80.126891,34.466101],[-80.127199,34.464595],[-80.128308,34.462402],[-80.129222,34.460832],[-80.129171,34.460797],[-80.127817,34.458615],[-80.1253,34.456522],[-80.121283,34.457496],[-80.12524,34.461506],[-80.124355,34.466571],[-80.124909,34.466637]]]}},{"type":"Feature","id":"45025:184 000 000 013","properties":{"id":"45025:184 000 000 013","parcelId":"184 000 000 013","countyFips":"45025","countyName":"Chesterfield","state":"South Carolina","marketIds":["Columbia"],"situsAddress":null,"situsCity":null,"situsZip":null,"jurisdictionCode":null,"ownerName":"BEAVERDAM CREEK HOLDINGS LLC","ownerName2":null,"propertyName":null,"zoningCode":null,"zoningDistrict":null,"jurisdictionPrefix":null,"dorCode":null,"acreage":144.7473,"centroid":[-80.126316,34.478901],"lastSale":{"date":null,"price":null,"qualified":null},"tax":{"marketValue":null,"assessedValue":null,"taxableValue":null,"taxes":null},"mailingAddress":{"line1":null,"line2":null,"city":null,"state":null,"zip":null},"incomeTract":null,"incomeBlockGroup":null,"nearestRoad":null,"flu":null,"opportunityZone":null,"oz2Eligibility":null,"source":"sc-chesterfield-parcels-45025","appraiserUrl":null,"gisViewerUrl":"https://chesterfieldsc.wthgis.com/"},"geometry":{"type":"MultiPolygon","coordinates":[[[[-80.12831,34.475824],[-80.128211,34.475883],[-80.12548,34.477886],[-80.125079,34.47812],[-80.123102,34.479119],[-80.122527,34.479487],[-80.121462,34.480254],[-80.124852,34.483216],[-80.128121,34.482879],[-80.129837,34.478688],[-80.129978,34.478632],[-80.128835,34.476818],[-80.12831,34.475824]]],[[[-80.118974,34.47754],[-80.118884,34.477539],[-80.118706,34.477555],[-80.118451,34.477622],[-80.121311,34.480122],[-80.122387,34.479348],[-80.122978,34.47897],[-80.124962,34.477967],[-80.125342,34.477745],[-80.126994,34.476542],[-80.127875,34.475876],[-80.128226,34.475652],[-80.128179,34.475552],[-80.127689,34.474935],[-80.127248,34.474494],[-80.127051,34.474355],[-80.126502,34.474584],[-80.126157,34.474788],[-80.126028,34.474846],[-80.125887,34.474879],[-80.125599,34.474892],[-80.12546,34.47492],[-80.124764,34.475164],[-80.124491,34.475374],[-80.124322,34.475462],[-80.123899,34.475595],[-80.123393,34.475713],[-80.122774,34.475909],[-80.122346,34.475989],[-80.121975,34.476015],[-80.121464,34.475957],[-80.121289,34.475887],[-80.120741,34.476178],[-80.120992,34.476749],[-80.120846,34.476809],[-80.120821,34.47709],[-80.120728,34.477242],[-80.120361,34.477461],[-80.119953,34.477454],[-80.11942,34.477532],[-80.118974,34.47754]]]]}},{"type":"Feature","id":"45025:184 000 000 051","properties":{"id":"45025:184 000 000 051","parcelId":"184 000 000 051","countyFips":"45025","countyName":"Chesterfield","state":"South Carolina","marketIds":["Columbia"],"situsAddress":null,"situsCity":null,"situsZip":null,"jurisdictionCode":null,"ownerName":"ATKINSON CLIFTON B JR ETAL","ownerName2":null,"propertyName":null,"zoningCode":null,"zoningDistrict":null,"jurisdictionPrefix":null,"dorCode":null,"acreage":12.5154,"centroid":[-80.13258,34.474439],"lastSale":{"date":null,"price":null,"qualified":null},"tax":{"marketValue":2300.0,"assessedValue":null,"taxableValue":null,"taxes":null},"mailingAddress":{"line1":null,"line2":null,"city":null,"state":null,"zip":null},"incomeTract":null,"incomeBlockGroup":null,"nearestRoad":null,"flu":null,"opportunityZone":null,"oz2Eligibility":null,"source":"sc-chesterfield-parcels-45025","appraiserUrl":null,"gisViewerUrl":"https://chesterfieldsc.wthgis.com/"},"geometry":{"type":"Polygon","coordinates":[[[-80.131107,34.474655],[-80.132513,34.476339],[-80.134344,34.474825],[-80.133686,34.474027],[-80.133196,34.473164],[-80.13223,34.473957],[-80.131944,34.474168],[-80.131621,34.474377],[-80.131107,34.474655]]]}},{"type":"Feature","id":"45025:164 000 000 033","properties":{"id":"45025:164 000 000 033","parcelId":"164 000 000 033","countyFips":"45025","countyName":"Chesterfield","state":"South Carolina","marketIds":["Columbia"],"situsAddress":null,"situsCity":null,"situsZip":null,"jurisdictionCode":null,"ownerName":"ATKINSON REGINALD ALLEN","ownerName2":null,"propertyName":null,"zoningCode":null,"zoningDistrict":null,"jurisdictionPrefix":null,"dorCode":null,"acreage":11.5497,"centroid":[-80.143416,34.469688],"lastSale":{"date":null,"price":null,"qualified":null},"tax":{"marketValue":226200.0,"assessedValue":null,"taxableValue":null,"taxes":null},"mailingAddress":{"line1":null,"line2":null,"city":null,"state":null,"zip":null},"incomeTract":null,"incomeBlockGroup":null,"nearestRoad":null,"flu":null,"opportunityZone":null,"oz2Eligibility":null,"source":"sc-chesterfield-parcels-45025","appraiserUrl":null,"gisViewerUrl":"https://chesterfieldsc.wthgis.com/"},"geometry":{"type":"Polygon","coordinates":[[[-80.144358,34.470594],[-80.144528,34.470753],[-80.145396,34.469984],[-80.14364,34.468401],[-80.142623,34.468379],[-80.141891,34.468652],[-80.142179,34.4691],[-80.142506,34.469508],[-80.142951,34.469967],[-80.143489,34.470416],[-80.144015,34.470818],[-80.144358,34.470594]]]}},{"type":"Feature","id":"45025:164 000 000 050","properties":{"id":"45025:164 000 000 050","parcelId":"164 000 000 050","countyFips":"45025","countyName":"Chesterfield","state":"South Carolina","marketIds":["Columbia"],"situsAddress":null,"situsCity":null,"situsZip":null,"jurisdictionCode":null,"ownerName":"ROBBINS DOLLIE G","ownerName2":null,"propertyName":null,"zoningCode":null,"zoningDistrict":null,"jurisdictionPrefix":null,"dorCode":null,"acreage":76.0795,"centroid":[-80.139773,34.47277],"lastSale":{"date":null,"price":null,"qualified":null},"tax":{"marketValue":5400.0,"assessedValue":null,"taxableValue":null,"taxes":null},"mailingAddress":{"line1":null,"line2":null,"city":null,"state":null,"zip":null},"incomeTract":null,"incomeBlockGroup":null,"nearestRoad":null,"flu":null,"opportunityZone":null,"oz2Eligibility":null,"source":"sc-chesterfield-parcels-45025","appraiserUrl":null,"gisViewerUrl":"https://chesterfieldsc.wthgis.com/"},"geometry":{"type":"MultiPolygon","coordinates":[[[[-80.137906,34.472146],[-80.137695,34.472143],[-80.137275,34.472156],[-80.136857,34.472195],[-80.135234,34.472469],[-80.137048,34.475534],[-80.141959,34.474556],[-80.141847,34.473283],[-80.143152,34.472802],[-80.142854,34.472648],[-80.141745,34.472354],[-80.141712,34.472095],[-80.141128,34.472182],[-80.140416,34.472217],[-80.137906,34.472146]]],[[[-80.135183,34.472293],[-80.135587,34.472219],[-80.136613,34.472046],[-80.137261,34.471975],[-80.137914,34.471965],[-80.139949,34.472032],[-80.140492,34.472034],[-80.141267,34.471985],[-80.14178,34.47189],[-80.141423,34.469178],[-80.141126,34.469366],[-80.141156,34.469548],[-80.141026,34.46958],[-80.141046,34.469784],[-80.140861,34.469999],[-80.14046,34.469989],[-80.140251,34.470196],[-80.140037,34.47022],[-80.139988,34.470143],[-80.139934,34.470148],[-80.139828,34.470257],[-80.139668,34.470179],[-80.139523,34.470348],[-80.139299,34.470438],[-80.139193,34.470608],[-80.1391,34.47063],[-80.138775,34.470424],[-80.138684,34.470271],[-80.138587,34.47018],[-80.138276,34.470089],[-80.136447,34.470227],[-80.135632,34.470338],[-80.135391,34.470405],[-80.135096,34.470554],[-80.134934,34.47061],[-80.13459,34.470656],[-80.135183,34.472293]]]]}},{"type":"Feature","id":"45025:184 000 000 005","properties":{"id":"45025:184 000 000 005","parcelId":"184 000 000 005","countyFips":"45025","countyName":"Chesterfield","state":"South Carolina","marketIds":["Columbia"],"situsAddress":null,"situsCity":null,"situsZip":null,"jurisdictionCode":null,"ownerName":"BEAVERDAM CREEK HOLDINGS LLC","ownerName2":null,"propertyName":null,"zoningCode":null,"zoningDistrict":null,"jurisdictionPrefix":null,"dorCode":null,"acreage":17.9638,"centroid":[-80.130023,34.472121],"lastSale":{"date":null,"price":null,"qualified":null},"tax":{"marketValue":null,"assessedValue":null,"taxableValue":null,"taxes":null},"mailingAddress":{"line1":null,"line2":null,"city":null,"state":null,"zip":null},"incomeTract":null,"incomeBlockGroup":null,"nearestRoad":null,"flu":null,"opportunityZone":null,"oz2Eligibility":null,"source":"sc-chesterfield-parcels-45025","appraiserUrl":null,"gisViewerUrl":"https://chesterfieldsc.wthgis.com/"},"geometry":{"type":"Polygon","coordinates":[[[-80.127107,34.472009],[-80.128163,34.473037],[-80.128384,34.472934],[-80.128571,34.472872],[-80.129095,34.472783],[-80.129472,34.472618],[-80.129653,34.47256],[-80.129938,34.472516],[-80.130383,34.4725],[-80.130544,34.472458],[-80.130693,34.472391],[-80.13088,34.472252],[-80.131014,34.472074],[-80.13132,34.471318],[-80.131881,34.470977],[-80.132074,34.470794],[-80.131213,34.469959],[-80.127107,34.472009]]]}},{"type":"Feature","id":"45025:184 000 000 054","properties":{"id":"45025:184 000 000 054","parcelId":"184 000 000 054","countyFips":"45025","countyName":"Chesterfield","state":"South Carolina","marketIds":["Columbia"],"situsAddress":null,"situsCity":null,"situsZip":null,"jurisdictionCode":null,"ownerName":"ATKINSON CLYDE B JR & TAMMY C","ownerName2":null,"propertyName":null,"zoningCode":null,"zoningDistrict":null,"jurisdictionPrefix":null,"dorCode":null,"acreage":5.1526,"centroid":[-80.129405,34.467776],"lastSale":{"date":null,"price":null,"qualified":null},"tax":{"marketValue":215000.0,"assessedValue":null,"taxableValue":null,"taxes":null},"mailingAddress":{"line1":null,"line2":null,"city":null,"state":null,"zip":null},"incomeTract":null,"incomeBlockGroup":null,"nearestRoad":null,"flu":null,"opportunityZone":null,"oz2Eligibility":null,"source":"sc-chesterfield-parcels-45025","appraiserUrl":null,"gisViewerUrl":"https://chesterfieldsc.wthgis.com/"},"geometry":{"type":"Polygon","coordinates":[[[-80.128169,34.467078],[-80.129431,34.46828],[-80.129883,34.468713],[-80.130564,34.468244],[-80.128979,34.466563],[-80.128169,34.467078]]]}},{"type":"Feature","id":"45025:184 000 000 039","properties":{"id":"45025:184 000 000 039","parcelId":"184 000 000 039","countyFips":"45025","countyName":"Chesterfield","state":"South Carolina","marketIds":["Columbia"],"situsAddress":null,"situsCity":null,"situsZip":null,"jurisdictionCode":null,"ownerName":"KIRVEN MACEY A","ownerName2":null,"propertyName":null,"zoningCode":null,"zoningDistrict":null,"jurisdictionPrefix":null,"dorCode":null,"acreage":19.9512,"centroid":[-80.128867,34.46864],"lastSale":{"date":null,"price":null,"qualified":null},"tax":{"marketValue":132000.0,"assessedValue":null,"taxableValue":null,"taxes":null},"mailingAddress":{"line1":null,"line2":null,"city":null,"state":null,"zip":null},"incomeTract":null,"incomeBlockGroup":null,"nearestRoad":null,"flu":null,"opportunityZone":null,"oz2Eligibility":null,"source":"sc-chesterfield-parcels-45025","appraiserUrl":null,"gisViewerUrl":"https://chesterfieldsc.wthgis.com/"},"geometry":{"type":"Polygon","coordinates":[[[-80.129883,34.468713],[-80.129431,34.46828],[-80.128169,34.467078],[-80.127731,34.467337],[-80.126522,34.468113],[-80.129122,34.471003],[-80.131213,34.469959],[-80.129883,34.468713]],[[-80.128644,34.468824],[-80.129071,34.469276],[-80.128525,34.46963],[-80.128097,34.469178],[-80.128644,34.468824]]]}},{"type":"Feature","id":"45025:184 000 000 006","properties":{"id":"45025:184 000 000 006","parcelId":"184 000 000 006","countyFips":"45025","countyName":"Chesterfield","state":"South Carolina","marketIds":["Columbia"],"situsAddress":null,"situsCity":null,"situsZip":null,"jurisdictionCode":null,"ownerName":"ATKINSON LOU DORIS BULLARD","ownerName2":null,"propertyName":null,"zoningCode":null,"zoningDistrict":null,"jurisdictionPrefix":null,"dorCode":null,"acreage":37.0703,"centroid":[-80.131906,34.46813],"lastSale":{"date":null,"price":null,"qualified":null},"tax":{"marketValue":null,"assessedValue":null,"taxableValue":null,"taxes":null},"mailingAddress":{"line1":null,"line2":null,"city":null,"state":null,"zip":null},"incomeTract":null,"incomeBlockGroup":null,"nearestRoad":null,"flu":null,"opportunityZone":null,"oz2Eligibility":null,"source":"sc-chesterfield-parcels-45025","appraiserUrl":null,"gisViewerUrl":"https://chesterfieldsc.wthgis.com/"},"geometry":{"type":"Polygon","coordinates":[[[-80.130564,34.468244],[-80.132039,34.469813],[-80.132657,34.470469],[-80.132866,34.470173],[-80.133705,34.470376],[-80.134188,34.470596],[-80.134755,34.466499],[-80.1333,34.466337],[-80.131296,34.466749],[-80.1303,34.465762],[-80.129373,34.466313],[-80.130061,34.467055],[-80.129675,34.467301],[-80.130564,34.468244]],[[-80.131659,34.467408],[-80.131749,34.467492],[-80.13164,34.467557],[-80.13155,34.467473],[-80.131659,34.467408]]]}},{"type":"Feature","id":"45025:164 000 000 065","properties":{"id":"45025:164 000 000 065","parcelId":"164 000 000 065","countyFips":"45025","countyName":"Chesterfield","state":"South Carolina","marketIds":["Columbia"],"situsAddress":null,"situsCity":null,"situsZip":null,"jurisdictionCode":null,"ownerName":"MIXON HOMEPLACE FAMILY LIMITED","ownerName2":null,"propertyName":null,"zoningCode":null,"zoningDistrict":null,"jurisdictionPrefix":null,"dorCode":null,"acreage":10.4266,"centroid":[-80.142729,34.480719],"lastSale":{"date":null,"price":null,"qualified":null},"tax":{"marketValue":null,"assessedValue":null,"taxableValue":null,"taxes":null},"mailingAddress":{"line1":null,"line2":null,"city":null,"state":null,"zip":null},"incomeTract":null,"incomeBlockGroup":null,"nearestRoad":null,"flu":null,"opportunityZone":null,"oz2Eligibility":null,"source":"sc-chesterfield-parcels-45025","appraiserUrl":null,"gisViewerUrl":"https://chesterfieldsc.wthgis.com/"},"geometry":{"type":"Polygon","coordinates":[[[-80.141668,34.481501],[-80.142312,34.48142],[-80.144626,34.481128],[-80.145476,34.480822],[-80.144685,34.480174],[-80.141358,34.480065],[-80.141434,34.480201],[-80.141482,34.480346],[-80.141522,34.480812],[-80.141668,34.481501]]]}},{"type":"Feature","id":"45025:164 000 000 051","properties":{"id":"45025:164 000 000 051","parcelId":"164 000 000 051","countyFips":"45025","countyName":"Chesterfield","state":"South Carolina","marketIds":["Columbia"],"situsAddress":null,"situsCity":null,"situsZip":null,"jurisdictionCode":null,"ownerName":"HALL JAMES GLENN SR","ownerName2":null,"propertyName":null,"zoningCode":null,"zoningDistrict":null,"jurisdictionPrefix":null,"dorCode":null,"acreage":22.365,"centroid":[-80.141482,34.479017],"lastSale":{"date":null,"price":null,"qualified":null},"tax":{"marketValue":null,"assessedValue":null,"taxableValue":null,"taxes":null},"mailingAddress":{"line1":null,"line2":null,"city":null,"state":null,"zip":null},"incomeTract":null,"incomeBlockGroup":null,"nearestRoad":null,"flu":null,"opportunityZone":null,"oz2Eligibility":null,"source":"sc-chesterfield-parcels-45025","appraiserUrl":null,"gisViewerUrl":"https://chesterfieldsc.wthgis.com/"},"geometry":{"type":"Polygon","coordinates":[[[-80.139476,34.478172],[-80.139742,34.480428],[-80.141311,34.480063],[-80.144685,34.480174],[-80.142024,34.478005],[-80.141652,34.477258],[-80.139476,34.478172]]]}},{"type":"Feature","id":"45025:163 000 000 059","properties":{"id":"45025:163 000 000 059","parcelId":"163 000 000 059","countyFips":"45025","countyName":"Chesterfield","state":"South Carolina","marketIds":["Columbia"],"situsAddress":null,"situsCity":null,"situsZip":null,"jurisdictionCode":null,"ownerName":"JOHNSON WILLIAM D","ownerName2":null,"propertyName":null,"zoningCode":null,"zoningDistrict":null,"jurisdictionPrefix":null,"dorCode":null,"acreage":21.6914,"centroid":[-80.152515,34.486531],"lastSale":{"date":null,"price":null,"qualified":null},"tax":{"marketValue":6600.0,"assessedValue":null,"taxableValue":null,"taxes":null},"mailingAddress":{"line1":null,"line2":null,"city":null,"state":null,"zip":null},"incomeTract":null,"incomeBlockGroup":null,"nearestRoad":null,"flu":null,"opportunityZone":null,"oz2Eligibility":null,"source":"sc-chesterfield-parcels-45025","appraiserUrl":null,"gisViewerUrl":"https://chesterfieldsc.wthgis.com/"},"geometry":{"type":"Polygon","coordinates":[[[-80.155157,34.487847],[-80.155191,34.487876],[-80.154343,34.487133],[-80.153941,34.486689],[-80.150708,34.485047],[-80.150804,34.484873],[-80.149855,34.485125],[-80.150125,34.487659],[-80.155157,34.487847]]]}},{"type":"Feature","id":"45025:163 000 000 069","properties":{"id":"45025:163 000 000 069","parcelId":"163 000 000 069","countyFips":"45025","countyName":"Chesterfield","state":"South Carolina","marketIds":["Columbia"],"situsAddress":null,"situsCity":null,"situsZip":null,"jurisdictionCode":null,"ownerName":"BASS JOHN E JR & CAREY R","ownerName2":null,"propertyName":null,"zoningCode":null,"zoningDistrict":null,"jurisdictionPrefix":null,"dorCode":null,"acreage":31.5745,"centroid":[-80.150546,34.483164],"lastSale":{"date":null,"price":null,"qualified":null},"tax":{"marketValue":null,"assessedValue":null,"taxableValue":null,"taxes":null},"mailingAddress":{"line1":null,"line2":null,"city":null,"state":null,"zip":null},"incomeTract":null,"incomeBlockGroup":null,"nearestRoad":null,"flu":null,"opportunityZone":null,"oz2Eligibility":null,"source":"sc-chesterfield-parcels-45025","appraiserUrl":null,"gisViewerUrl":"https://chesterfieldsc.wthgis.com/"},"geometry":{"type":"MultiPolygon","coordinates":[[[[-80.146969,34.484203],[-80.14807,34.484997],[-80.15078,34.484427],[-80.150934,34.484365],[-80.151044,34.484255],[-80.151768,34.482924],[-80.151841,34.482829],[-80.151997,34.482721],[-80.151269,34.482953],[-80.151047,34.482476],[-80.151775,34.482244],[-80.151025,34.480614],[-80.148583,34.48213],[-80.146969,34.484203]]],[[[-80.150983,34.484555],[-80.150934,34.484574],[-80.148267,34.485139],[-80.14868,34.485438],[-80.150804,34.484873],[-80.150983,34.484555]]]]}},{"type":"Feature","id":"45025:163 000 000 071","properties":{"id":"45025:163 000 000 071","parcelId":"163 000 000 071","countyFips":"45025","countyName":"Chesterfield","state":"South Carolina","marketIds":["Columbia"],"situsAddress":null,"situsCity":null,"situsZip":null,"jurisdictionCode":null,"ownerName":"SANDY POINT GOLF CLUB INC","ownerName2":null,"propertyName":null,"zoningCode":null,"zoningDistrict":null,"jurisdictionPrefix":null,"dorCode":null,"acreage":79.9458,"centroid":[-80.15538,34.484715],"lastSale":{"date":null,"price":null,"qualified":null},"tax":{"marketValue":null,"assessedValue":null,"taxableValue":null,"taxes":null},"mailingAddress":{"line1":null,"line2":null,"city":null,"state":null,"zip":null},"incomeTract":null,"incomeBlockGroup":null,"nearestRoad":null,"flu":null,"opportunityZone":null,"oz2Eligibility":null,"source":"sc-chesterfield-parcels-45025","appraiserUrl":null,"gisViewerUrl":"https://chesterfieldsc.wthgis.com/"},"geometry":{"type":"Polygon","coordinates":[[[-80.153658,34.485816],[-80.153733,34.48597],[-80.154004,34.486414],[-80.155862,34.486091],[-80.155819,34.486206],[-80.161331,34.485637],[-80.159375,34.481764],[-80.152459,34.481915],[-80.152181,34.482626],[-80.153658,34.485816]]]}},{"type":"Feature","id":"45025:163 000 000 072","properties":{"id":"45025:163 000 000 072","parcelId":"163 000 000 072","countyFips":"45025","countyName":"Chesterfield","state":"South Carolina","marketIds":["Columbia"],"situsAddress":null,"situsCity":null,"situsZip":null,"jurisdictionCode":null,"ownerName":"KELLY TERRY G","ownerName2":null,"propertyName":null,"zoningCode":null,"zoningDistrict":null,"jurisdictionPrefix":null,"dorCode":null,"acreage":21.9761,"centroid":[-80.15298,34.480984],"lastSale":{"date":null,"price":null,"qualified":null},"tax":{"marketValue":44800.0,"assessedValue":null,"taxableValue":null,"taxes":null},"mailingAddress":{"line1":null,"line2":null,"city":null,"state":null,"zip":null},"incomeTract":null,"incomeBlockGroup":null,"nearestRoad":null,"flu":null,"opportunityZone":null,"oz2Eligibility":null,"source":"sc-chesterfield-parcels-45025","appraiserUrl":null,"gisViewerUrl":"https://chesterfieldsc.wthgis.com/"},"geometry":{"type":"Polygon","coordinates":[[[-80.152078,34.482391],[-80.152181,34.482626],[-80.152459,34.481915],[-80.156434,34.481828],[-80.153873,34.479187],[-80.153848,34.479235],[-80.151765,34.480179],[-80.151204,34.480507],[-80.152078,34.482391]]]}},{"type":"Feature","id":"45025:163 000 000 073","properties":{"id":"45025:163 000 000 073","parcelId":"163 000 000 073","countyFips":"45025","countyName":"Chesterfield","state":"South Carolina","marketIds":["Columbia"],"situsAddress":null,"situsCity":null,"situsZip":null,"jurisdictionCode":null,"ownerName":"SANDY POINT GOLF CLUB INC","ownerName2":null,"propertyName":null,"zoningCode":null,"zoningDistrict":null,"jurisdictionPrefix":null,"dorCode":null,"acreage":40.0386,"centroid":[-80.155044,34.479836],"lastSale":{"date":null,"price":null,"qualified":null},"tax":{"marketValue":null,"assessedValue":null,"taxableValue":null,"taxes":null},"mailingAddress":{"line1":null,"line2":null,"city":null,"state":null,"zip":null},"incomeTract":null,"incomeBlockGroup":null,"nearestRoad":null,"flu":null,"opportunityZone":null,"oz2Eligibility":null,"source":"sc-chesterfield-parcels-45025","appraiserUrl":null,"gisViewerUrl":"https://chesterfieldsc.wthgis.com/"},"geometry":{"type":"MultiPolygon","coordinates":[[[[-80.156434,34.481828],[-80.159375,34.481764],[-80.154555,34.477843],[-80.150713,34.479448],[-80.151204,34.480507],[-80.151765,34.480179],[-80.153848,34.479235],[-80.153873,34.479187],[-80.156434,34.481828]]],[[[-80.148475,34.480511],[-80.148192,34.480645],[-80.147329,34.481022],[-80.149392,34.48162],[-80.151025,34.480614],[-80.150518,34.479527],[-80.148475,34.480511]]]]}},{"type":"Feature","id":"45025:163 000 000 074","properties":{"id":"45025:163 000 000 074","parcelId":"163 000 000 074","countyFips":"45025","countyName":"Chesterfield","state":"South Carolina","marketIds":["Columbia"],"situsAddress":null,"situsCity":null,"situsZip":null,"jurisdictionCode":null,"ownerName":"MARION DORIS T ETAL","ownerName2":null,"propertyName":null,"zoningCode":null,"zoningDistrict":null,"jurisdictionPrefix":null,"dorCode":null,"acreage":11.0102,"centroid":[-80.152102,34.48479],"lastSale":{"date":null,"price":null,"qualified":null},"tax":{"marketValue":null,"assessedValue":null,"taxableValue":null,"taxes":null},"mailingAddress":{"line1":null,"line2":null,"city":null,"state":null,"zip":null},"incomeTract":null,"incomeBlockGroup":null,"nearestRoad":null,"flu":null,"opportunityZone":null,"oz2Eligibility":null,"source":"sc-chesterfield-parcels-45025","appraiserUrl":null,"gisViewerUrl":"https://chesterfieldsc.wthgis.com/"},"geometry":{"type":"Polygon","coordinates":[[[-80.150708,34.485047],[-80.153554,34.486492],[-80.153775,34.486454],[-80.153466,34.485893],[-80.152077,34.482893],[-80.151971,34.482993],[-80.151245,34.484328],[-80.151135,34.484458],[-80.150983,34.484555],[-80.150708,34.485047]]]}},{"type":"Feature","id":"45025:163 000 000 080","properties":{"id":"45025:163 000 000 080","parcelId":"163 000 000 080","countyFips":"45025","countyName":"Chesterfield","state":"South Carolina","marketIds":["Columbia"],"situsAddress":null,"situsCity":null,"situsZip":null,"jurisdictionCode":null,"ownerName":"BASS JOHN E JR & CAREY R","ownerName2":null,"propertyName":null,"zoningCode":null,"zoningDistrict":null,"jurisdictionPrefix":null,"dorCode":null,"acreage":18.3505,"centroid":[-80.144446,34.485742],"lastSale":{"date":null,"price":null,"qualified":null},"tax":{"marketValue":null,"assessedValue":null,"taxableValue":null,"taxes":null},"mailingAddress":{"line1":null,"line2":null,"city":null,"state":null,"zip":null},"incomeTract":null,"incomeBlockGroup":null,"nearestRoad":null,"flu":null,"opportunityZone":null,"oz2Eligibility":null,"source":"sc-chesterfield-parcels-45025","appraiserUrl":null,"gisViewerUrl":"https://chesterfieldsc.wthgis.com/"},"geometry":{"type":"MultiPolygon","coordinates":[[[[-80.141615,34.486337],[-80.14159,34.486391],[-80.144449,34.486335],[-80.145394,34.486297],[-80.145248,34.4859],[-80.143973,34.486222],[-80.143898,34.486051],[-80.144533,34.48589],[-80.14434,34.485365],[-80.144974,34.485204],[-80.145168,34.48573],[-80.14807,34.484997],[-80.146969,34.484203],[-80.142024,34.485472],[-80.141615,34.486337]]],[[[-80.145883,34.48574],[-80.146042,34.486168],[-80.14868,34.485438],[-80.148267,34.485139],[-80.145883,34.48574]]]]}},{"type":"Feature","id":"45025:163 000 000 084","properties":{"id":"45025:163 000 000 084","parcelId":"163 000 000 084","countyFips":"45025","countyName":"Chesterfield","state":"South Carolina","marketIds":["Columbia"],"situsAddress":null,"situsCity":null,"situsZip":null,"jurisdictionCode":null,"ownerName":"HALL FARMS LLC","ownerName2":null,"propertyName":null,"zoningCode":null,"zoningDistrict":null,"jurisdictionPrefix":null,"dorCode":null,"acreage":7.1112,"centroid":[-80.144825,34.481263],"lastSale":{"date":null,"price":null,"qualified":null},"tax":{"marketValue":null,"assessedValue":null,"taxableValue":null,"taxes":null},"mailingAddress":{"line1":null,"line2":null,"city":null,"state":null,"zip":null},"incomeTract":null,"incomeBlockGroup":null,"nearestRoad":null,"flu":null,"opportunityZone":null,"oz2Eligibility":null,"source":"sc-chesterfield-parcels-45025","appraiserUrl":null,"gisViewerUrl":"https://chesterfieldsc.wthgis.com/"},"geometry":{"type":"Polygon","coordinates":[[[-80.146276,34.480572],[-80.146026,34.480621],[-80.144626,34.481128],[-80.142312,34.48142],[-80.142354,34.482036],[-80.143013,34.481961],[-80.143667,34.481862],[-80.144876,34.481613],[-80.145977,34.481307],[-80.147084,34.48092],[-80.146866,34.480456],[-80.146276,34.480572]]]}},{"type":"Feature","id":"45025:164 000 000 183","properties":{"id":"45025:164 000 000 183","parcelId":"164 000 000 183","countyFips":"45025","countyName":"Chesterfield","state":"South Carolina","marketIds":["Columbia"],"situsAddress":null,"situsCity":null,"situsZip":null,"jurisdictionCode":null,"ownerName":"WALLACE R T JR","ownerName2":null,"propertyName":null,"zoningCode":null,"zoningDistrict":null,"jurisdictionPrefix":null,"dorCode":null,"acreage":104.6484,"centroid":[-80.160945,34.476352],"lastSale":{"date":null,"price":null,"qualified":null},"tax":{"marketValue":264300.0,"assessedValue":null,"taxableValue":null,"taxes":null},"mailingAddress":{"line1":null,"line2":null,"city":null,"state":null,"zip":null},"incomeTract":null,"incomeBlockGroup":null,"nearestRoad":null,"flu":null,"opportunityZone":null,"oz2Eligibility":null,"source":"sc-chesterfield-parcels-45025","appraiserUrl":null,"gisViewerUrl":"https://chesterfieldsc.wthgis.com/"},"geometry":{"type":"Polygon","coordinates":[[[-80.156997,34.479823],[-80.159375,34.481764],[-80.165118,34.478296],[-80.163371,34.476708],[-80.164248,34.476109],[-80.164278,34.473848],[-80.163944,34.472665],[-80.163621,34.47184],[-80.161318,34.473551],[-80.158539,34.475649],[-80.158008,34.476008],[-80.158003,34.476178],[-80.158747,34.477034],[-80.157662,34.479461],[-80.156997,34.479823]]]}},{"type":"Feature","id":"45025:164 000 000 004","properties":{"id":"45025:164 000 000 004","parcelId":"164 000 000 004","countyFips":"45025","countyName":"Chesterfield","state":"South Carolina","marketIds":["Columbia"],"situsAddress":null,"situsCity":null,"situsZip":null,"jurisdictionCode":null,"ownerName":"MORRISON EDWARD RANDAL","ownerName2":null,"propertyName":null,"zoningCode":null,"zoningDistrict":null,"jurisdictionPrefix":null,"dorCode":null,"acreage":59.2563,"centroid":[-80.1569,34.470693],"lastSale":{"date":null,"price":null,"qualified":null},"tax":{"marketValue":null,"assessedValue":null,"taxableValue":null,"taxes":null},"mailingAddress":{"line1":null,"line2":null,"city":null,"state":null,"zip":null},"incomeTract":null,"incomeBlockGroup":null,"nearestRoad":null,"flu":null,"opportunityZone":null,"oz2Eligibility":null,"source":"sc-chesterfield-parcels-45025","appraiserUrl":null,"gisViewerUrl":"https://chesterfieldsc.wthgis.com/"},"geometry":{"type":"Polygon","coordinates":[[[-80.158652,34.468767],[-80.158564,34.468725],[-80.156466,34.467768],[-80.155934,34.468039],[-80.154726,34.469273],[-80.15453,34.472992],[-80.155651,34.472881],[-80.155644,34.47412],[-80.157504,34.474504],[-80.1596,34.471447],[-80.158628,34.469106],[-80.158652,34.468767]]]}},{"type":"Feature","id":"45025:164 000 000 001","properties":{"id":"45025:164 000 000 001","parcelId":"164 000 000 001","countyFips":"45025","countyName":"Chesterfield","state":"South Carolina","marketIds":["Columbia"],"situsAddress":null,"situsCity":null,"situsZip":null,"jurisdictionCode":null,"ownerName":"MORRISON EDWARD RANDAL","ownerName2":null,"propertyName":null,"zoningCode":null,"zoningDistrict":null,"jurisdictionPrefix":null,"dorCode":null,"acreage":86.4601,"centroid":[-80.15392,34.475821],"lastSale":{"date":null,"price":null,"qualified":null},"tax":{"marketValue":50400.0,"assessedValue":null,"taxableValue":null,"taxes":null},"mailingAddress":{"line1":null,"line2":null,"city":null,"state":null,"zip":null},"incomeTract":null,"incomeBlockGroup":null,"nearestRoad":null,"flu":null,"opportunityZone":null,"oz2Eligibility":null,"source":"sc-chesterfield-parcels-45025","appraiserUrl":null,"gisViewerUrl":"https://chesterfieldsc.wthgis.com/"},"geometry":{"type":"MultiPolygon","coordinates":[[[[-80.157504,34.474504],[-80.155644,34.47412],[-80.153018,34.476444],[-80.152611,34.477255],[-80.154235,34.477765],[-80.154688,34.477579],[-80.155317,34.477275],[-80.157429,34.476129],[-80.157931,34.475828],[-80.158414,34.475497],[-80.161128,34.473455],[-80.160134,34.470364],[-80.159948,34.469928],[-80.159728,34.469592],[-80.159389,34.469233],[-80.159029,34.468976],[-80.158652,34.468767],[-80.158628,34.469106],[-80.1596,34.471447],[-80.157504,34.474504]]],[[[-80.160424,34.468575],[-80.160467,34.469426],[-80.159826,34.469395],[-80.15998,34.46958],[-80.1601,34.469763],[-80.160314,34.470225],[-80.16131,34.473319],[-80.163551,34.47166],[-80.163166,34.470667],[-80.161228,34.468089],[-80.160393,34.468556],[-80.160424,34.468575]]],[[[-80.160393,34.468556],[-80.159904,34.467838],[-80.160738,34.467371],[-80.160671,34.467273],[-80.160611,34.467239],[-80.160325,34.467118],[-80.160145,34.467074],[-80.159817,34.467055],[-80.159299,34.467115],[-80.159069,34.467106],[-80.158108,34.466837],[-80.157553,34.466804],[-80.157514,34.466886],[-80.156736,34.467684],[-80.158106,34.468308],[-80.158537,34.467721],[-80.158973,34.467921],[-80.158542,34.468508],[-80.158736,34.468598],[-80.158886,34.468169],[-80.160393,34.468556]]]]}},{"type":"Feature","id":"45025:184 000 000 012","properties":{"id":"45025:184 000 000 012","parcelId":"184 000 000 012","countyFips":"45025","countyName":"Chesterfield","state":"South Carolina","marketIds":["Columbia"],"situsAddress":null,"situsCity":null,"situsZip":null,"jurisdictionCode":null,"ownerName":"BEAVERDAM CREEK HOLDINGS LLC","ownerName2":null,"propertyName":null,"zoningCode":null,"zoningDistrict":null,"jurisdictionPrefix":null,"dorCode":null,"acreage":100.5264,"centroid":[-80.124627,34.473725],"lastSale":{"date":null,"price":null,"qualified":null},"tax":{"marketValue":18100.0,"assessedValue":null,"taxableValue":null,"taxes":null},"mailingAddress":{"line1":null,"line2":null,"city":null,"state":null,"zip":null},"incomeTract":null,"incomeBlockGroup":null,"nearestRoad":null,"flu":null,"opportunityZone":null,"oz2Eligibility":null,"source":"sc-chesterfield-parcels-45025","appraiserUrl":null,"gisViewerUrl":"https://chesterfieldsc.wthgis.com/"},"geometry":{"type":"Polygon","coordinates":[[[-80.11907,34.473747],[-80.121289,34.475887],[-80.121464,34.475957],[-80.121975,34.476015],[-80.122346,34.475989],[-80.122774,34.475909],[-80.123393,34.475713],[-80.123899,34.475595],[-80.124322,34.475462],[-80.124491,34.475374],[-80.124698,34.475203],[-80.124833,34.475132],[-80.125161,34.475037],[-80.125529,34.474904],[-80.125887,34.474879],[-80.126028,34.474846],[-80.126606,34.474538],[-80.127051,34.474355],[-80.127363,34.474293],[-80.127518,34.474099],[-80.127473,34.474026],[-80.127574,34.473482],[-80.127571,34.473423],[-80.127809,34.473152],[-80.127982,34.473073],[-80.128163,34.473037],[-80.127107,34.472009],[-80.129122,34.471003],[-80.126522,34.468113],[-80.124347,34.4695],[-80.123693,34.469983],[-80.123262,34.470397],[-80.121486,34.472331],[-80.121289,34.472522],[-80.121005,34.472748],[-80.120725,34.472947],[-80.120383,34.473149],[-80.11907,34.473747]]]}},{"type":"Feature","id":"45025:164 000 000 019","properties":{"id":"45025:164 000 000 019","parcelId":"164 000 000 019","countyFips":"45025","countyName":"Chesterfield","state":"South Carolina","marketIds":["Columbia"],"situsAddress":null,"situsCity":null,"situsZip":null,"jurisdictionCode":null,"ownerName":"MORRISON EDWARD RANDAL","ownerName2":null,"propertyName":null,"zoningCode":null,"zoningDistrict":null,"jurisdictionPrefix":null,"dorCode":null,"acreage":31.3321,"centroid":[-80.149635,34.468297],"lastSale":{"date":null,"price":null,"qualified":null},"tax":{"marketValue":null,"assessedValue":null,"taxableValue":null,"taxes":null},"mailingAddress":{"line1":null,"line2":null,"city":null,"state":null,"zip":null},"incomeTract":null,"incomeBlockGroup":null,"nearestRoad":null,"flu":null,"opportunityZone":null,"oz2Eligibility":null,"source":"sc-chesterfield-parcels-45025","appraiserUrl":null,"gisViewerUrl":"https://chesterfieldsc.wthgis.com/"},"geometry":{"type":"MultiPolygon","coordinates":[[[[-80.149035,34.46954],[-80.149374,34.469892],[-80.149545,34.47007],[-80.14997,34.469732],[-80.150229,34.469987],[-80.150888,34.468912],[-80.150807,34.468555],[-80.151974,34.468045],[-80.151459,34.465862],[-80.151022,34.465904],[-80.150613,34.465995],[-80.150232,34.466132],[-80.149879,34.466313],[-80.149538,34.466563],[-80.147641,34.468253],[-80.148128,34.468668],[-80.14758,34.469152],[-80.147933,34.469491],[-80.148117,34.469655],[-80.148727,34.469219],[-80.149035,34.46954]]],[[[-80.147014,34.467207],[-80.147777,34.467865],[-80.14896,34.466816],[-80.148892,34.466608],[-80.147014,34.467207]]],[[[-80.146062,34.467794],[-80.146974,34.46858],[-80.147551,34.468066],[-80.146746,34.467372],[-80.146062,34.467794]]]]}},{"type":"Feature","id":"45025:164 000 000 124","properties":{"id":"45025:164 000 000 124","parcelId":"164 000 000 124","countyFips":"45025","countyName":"Chesterfield","state":"South Carolina","marketIds":["Columbia"],"situsAddress":null,"situsCity":null,"situsZip":null,"jurisdictionCode":null,"ownerName":"HALL JOSEPH BRENT & JAMES","ownerName2":null,"propertyName":null,"zoningCode":null,"zoningDistrict":null,"jurisdictionPrefix":null,"dorCode":null,"acreage":120.0889,"centroid":[-80.151816,34.472666],"lastSale":{"date":null,"price":null,"qualified":null},"tax":{"marketValue":null,"assessedValue":null,"taxableValue":null,"taxes":null},"mailingAddress":{"line1":null,"line2":null,"city":null,"state":null,"zip":null},"incomeTract":null,"incomeBlockGroup":null,"nearestRoad":null,"flu":null,"opportunityZone":null,"oz2Eligibility":null,"source":"sc-chesterfield-parcels-45025","appraiserUrl":null,"gisViewerUrl":"https://chesterfieldsc.wthgis.com/"},"geometry":{"type":"Polygon","coordinates":[[[-80.148236,34.474545],[-80.148315,34.47467],[-80.148582,34.475162],[-80.150626,34.479263],[-80.15184,34.47876],[-80.151736,34.478536],[-80.151703,34.478255],[-80.151794,34.477927],[-80.15198,34.477742],[-80.152052,34.477404],[-80.152311,34.477161],[-80.152611,34.477255],[-80.153018,34.476444],[-80.155644,34.47412],[-80.155651,34.472881],[-80.15453,34.472992],[-80.154726,34.469273],[-80.155934,34.468039],[-80.156466,34.467768],[-80.15468,34.466958],[-80.15452,34.467192],[-80.154422,34.467512],[-80.154404,34.468001],[-80.154074,34.468747],[-80.153213,34.470124],[-80.153775,34.470626],[-80.153836,34.471204],[-80.153306,34.472343],[-80.152444,34.472057],[-80.152132,34.472254],[-80.151873,34.471939],[-80.151713,34.471827],[-80.15147,34.471818],[-80.151291,34.471849],[-80.15094,34.472102],[-80.150724,34.472124],[-80.150494,34.47206],[-80.15065,34.471385],[-80.151099,34.470639],[-80.151659,34.469806],[-80.151378,34.469581],[-80.151618,34.469311],[-80.152698,34.468223],[-80.1526,34.467819],[-80.153283,34.466743],[-80.153387,34.466351],[-80.152706,34.466068],[-80.152401,34.466657],[-80.151601,34.466462],[-80.151974,34.468045],[-80.150807,34.468555],[-80.150888,34.468912],[-80.149932,34.470472],[-80.149503,34.471098],[-80.149328,34.471404],[-80.147549,34.472519],[-80.147852,34.472836],[-80.147167,34.473272],[-80.14749,34.473588],[-80.147804,34.473947],[-80.148236,34.474545]]]}},{"type":"Feature","id":"45025:164 000 000 026","properties":{"id":"45025:164 000 000 026","parcelId":"164 000 000 026","countyFips":"45025","countyName":"Chesterfield","state":"South Carolina","marketIds":["Columbia"],"situsAddress":null,"situsCity":null,"situsZip":null,"jurisdictionCode":null,"ownerName":"JOHNSON STEPHEN  ANSEL ETAL","ownerName2":null,"propertyName":null,"zoningCode":null,"zoningDistrict":null,"jurisdictionPrefix":null,"dorCode":null,"acreage":28.4669,"centroid":[-80.147902,34.465809],"lastSale":{"date":null,"price":null,"qualified":null},"tax":{"marketValue":null,"assessedValue":null,"taxableValue":null,"taxes":null},"mailingAddress":{"line1":null,"line2":null,"city":null,"state":null,"zip":null},"incomeTract":null,"incomeBlockGroup":null,"nearestRoad":null,"flu":null,"opportunityZone":null,"oz2Eligibility":null,"source":"sc-chesterfield-parcels-45025","appraiserUrl":null,"gisViewerUrl":"https://chesterfieldsc.wthgis.com/"},"geometry":{"type":"Polygon","coordinates":[[[-80.144494,34.468494],[-80.144716,34.468519],[-80.144891,34.468363],[-80.144992,34.468454],[-80.147014,34.467207],[-80.148892,34.466608],[-80.14896,34.466816],[-80.149557,34.466295],[-80.15,34.466031],[-80.150401,34.465867],[-80.150683,34.465786],[-80.150961,34.465729],[-80.151345,34.465686],[-80.151363,34.46544],[-80.151331,34.46529],[-80.150351,34.463568],[-80.149944,34.463776],[-80.14952,34.463118],[-80.14918,34.463099],[-80.149043,34.463108],[-80.148684,34.46321],[-80.148415,34.463336],[-80.148396,34.463367],[-80.148411,34.463407],[-80.148557,34.463467],[-80.148618,34.463514],[-80.148648,34.463584],[-80.148641,34.463696],[-80.14866,34.463758],[-80.148956,34.464077],[-80.149084,34.464266],[-80.149074,34.464311],[-80.149015,34.464398],[-80.148934,34.46447],[-80.148796,34.464549],[-80.148757,34.464599],[-80.148703,34.464932],[-80.14871,34.465159],[-80.148648,34.465332],[-80.148576,34.465389],[-80.148412,34.465453],[-80.148311,34.465544],[-80.148082,34.465582],[-80.148006,34.465648],[-80.147932,34.46577],[-80.147822,34.465828],[-80.147671,34.465824],[-80.147507,34.465786],[-80.147017,34.46558],[-80.146948,34.46557],[-80.146817,34.465611],[-80.146496,34.465773],[-80.146272,34.465859],[-80.145663,34.466017],[-80.145619,34.466068],[-80.145609,34.46613],[-80.145681,34.466575],[-80.14576,34.466806],[-80.145783,34.466932],[-80.145778,34.46706],[-80.145716,34.467296],[-80.145739,34.467509],[-80.145711,34.467631],[-80.145654,34.4677],[-80.145572,34.46775],[-80.145292,34.467837],[-80.144996,34.467876],[-80.14444,34.467875],[-80.144494,34.468494]]]}},{"type":"Feature","id":"45025:164 000 000 044","properties":{"id":"45025:164 000 000 044","parcelId":"164 000 000 044","countyFips":"45025","countyName":"Chesterfield","state":"South Carolina","marketIds":["Columbia"],"situsAddress":null,"situsCity":null,"situsZip":null,"jurisdictionCode":null,"ownerName":"FALES JUDY G","ownerName2":null,"propertyName":null,"zoningCode":null,"zoningDistrict":null,"jurisdictionPrefix":null,"dorCode":null,"acreage":50.0081,"centroid":[-80.136153,34.467128],"lastSale":{"date":null,"price":null,"qualified":null},"tax":{"marketValue":170300.0,"assessedValue":null,"taxableValue":null,"taxes":null},"mailingAddress":{"line1":null,"line2":null,"city":null,"state":null,"zip":null},"incomeTract":null,"incomeBlockGroup":null,"nearestRoad":null,"flu":null,"opportunityZone":null,"oz2Eligibility":null,"source":"sc-chesterfield-parcels-45025","appraiserUrl":null,"gisViewerUrl":"https://chesterfieldsc.wthgis.com/"},"geometry":{"type":"Polygon","coordinates":[[[-80.136004,34.464881],[-80.135836,34.466178],[-80.134788,34.466152],[-80.134755,34.466499],[-80.134188,34.470596],[-80.134508,34.470654],[-80.134764,34.470644],[-80.135016,34.470585],[-80.135391,34.470405],[-80.135632,34.470338],[-80.136447,34.470227],[-80.136986,34.470196],[-80.137505,34.470142],[-80.138087,34.464755],[-80.138278,34.463642],[-80.138358,34.463063],[-80.13749,34.463185],[-80.136984,34.463288],[-80.136337,34.463462],[-80.135697,34.46367],[-80.136004,34.464881]]]}},{"type":"Feature","id":"45025:164 000 000 043","properties":{"id":"45025:164 000 000 043","parcelId":"164 000 000 043","countyFips":"45025","countyName":"Chesterfield","state":"South Carolina","marketIds":["Columbia"],"situsAddress":null,"situsCity":null,"situsZip":null,"jurisdictionCode":null,"ownerName":"SMITH EDDIE & CYNTHIA J","ownerName2":null,"propertyName":null,"zoningCode":null,"zoningDistrict":null,"jurisdictionPrefix":null,"dorCode":null,"acreage":46.8851,"centroid":[-80.140174,34.469039],"lastSale":{"date":null,"price":null,"qualified":null},"tax":{"marketValue":null,"assessedValue":null,"taxableValue":null,"taxes":null},"mailingAddress":{"line1":null,"line2":null,"city":null,"state":null,"zip":null},"incomeTract":null,"incomeBlockGroup":null,"nearestRoad":null,"flu":null,"opportunityZone":null,"oz2Eligibility":null,"source":"sc-chesterfield-parcels-45025","appraiserUrl":null,"gisViewerUrl":"https://chesterfieldsc.wthgis.com/"},"geometry":{"type":"Polygon","coordinates":[[[-80.141711,34.468767],[-80.141644,34.468597],[-80.141501,34.468334],[-80.141336,34.46797],[-80.14122,34.467656],[-80.141086,34.467175],[-80.141018,34.466819],[-80.140972,34.46638],[-80.140851,34.464511],[-80.139639,34.464597],[-80.138087,34.464755],[-80.137505,34.470142],[-80.138276,34.470089],[-80.138449,34.47013],[-80.138587,34.47018],[-80.138684,34.470271],[-80.138775,34.470424],[-80.1391,34.47063],[-80.139193,34.470608],[-80.139299,34.470438],[-80.139523,34.470348],[-80.139668,34.470179],[-80.139828,34.470257],[-80.139934,34.470148],[-80.139988,34.470143],[-80.140037,34.47022],[-80.140251,34.470196],[-80.14046,34.469989],[-80.140861,34.469999],[-80.141046,34.469784],[-80.141026,34.46958],[-80.141156,34.469548],[-80.141126,34.469366],[-80.141423,34.469178],[-80.141475,34.469097],[-80.141526,34.468913],[-80.141711,34.468767]]]}},{"type":"Feature","id":"45025:164 000 000 049","properties":{"id":"45025:164 000 000 049","parcelId":"164 000 000 049","countyFips":"45025","countyName":"Chesterfield","state":"South Carolina","marketIds":["Columbia"],"situsAddress":null,"situsCity":null,"situsZip":null,"jurisdictionCode":null,"ownerName":"HALL JAMES GLENN SR","ownerName2":null,"propertyName":null,"zoningCode":null,"zoningDistrict":null,"jurisdictionPrefix":null,"dorCode":null,"acreage":50.1236,"centroid":[-80.147207,34.478682],"lastSale":{"date":null,"price":null,"qualified":null},"tax":{"marketValue":60000.0,"assessedValue":null,"taxableValue":null,"taxes":null},"mailingAddress":{"line1":null,"line2":null,"city":null,"state":null,"zip":null},"incomeTract":null,"incomeBlockGroup":null,"nearestRoad":null,"flu":null,"opportunityZone":null,"oz2Eligibility":null,"source":"sc-chesterfield-parcels-45025","appraiserUrl":null,"gisViewerUrl":"https://chesterfieldsc.wthgis.com/"},"geometry":{"type":"Polygon","coordinates":[[[-80.142387,34.477966],[-80.146026,34.480621],[-80.146866,34.480456],[-80.147405,34.480136],[-80.147669,34.480676],[-80.147861,34.480589],[-80.147595,34.480041],[-80.150165,34.478835],[-80.149561,34.477606],[-80.148928,34.47782],[-80.14837,34.476672],[-80.147938,34.476412],[-80.14789,34.47595],[-80.142239,34.477771],[-80.142387,34.477966]]]}},{"type":"Feature","id":"45025:164 000 000 031","properties":{"id":"45025:164 000 000 031","parcelId":"164 000 000 031","countyFips":"45025","countyName":"Chesterfield","state":"South Carolina","marketIds":["Columbia"],"situsAddress":null,"situsCity":null,"situsZip":null,"jurisdictionCode":null,"ownerName":"HALL J BRENT","ownerName2":null,"propertyName":null,"zoningCode":null,"zoningDistrict":null,"jurisdictionPrefix":null,"dorCode":null,"acreage":27.736,"centroid":[-80.14749,34.471074],"lastSale":{"date":null,"price":null,"qualified":null},"tax":{"marketValue":null,"assessedValue":null,"taxableValue":null,"taxes":null},"mailingAddress":{"line1":null,"line2":null,"city":null,"state":null,"zip":null},"incomeTract":null,"incomeBlockGroup":null,"nearestRoad":null,"flu":null,"opportunityZone":null,"oz2Eligibility":null,"source":"sc-chesterfield-parcels-45025","appraiserUrl":null,"gisViewerUrl":"https://chesterfieldsc.wthgis.com/"},"geometry":{"type":"MultiPolygon","coordinates":[[[[-80.144761,34.47139],[-80.145086,34.471641],[-80.146828,34.47298],[-80.149328,34.471404],[-80.149503,34.471098],[-80.148785,34.470277],[-80.148519,34.470093],[-80.147531,34.470589],[-80.147065,34.470191],[-80.144761,34.47139]]],[[[-80.145862,34.472488],[-80.145604,34.472284],[-80.144941,34.471777],[-80.143152,34.472802],[-80.144845,34.474199],[-80.146088,34.473441],[-80.14543,34.472874],[-80.145862,34.472488]]]]}},{"type":"Feature","id":"45025:163 000 000 101","properties":{"id":"45025:163 000 000 101","parcelId":"163 000 000 101","countyFips":"45025","countyName":"Chesterfield","state":"South Carolina","marketIds":["Columbia"],"situsAddress":null,"situsCity":null,"situsZip":null,"jurisdictionCode":null,"ownerName":"HODGES PHILIP LIFE ESTATE","ownerName2":null,"propertyName":null,"zoningCode":null,"zoningDistrict":null,"jurisdictionPrefix":null,"dorCode":null,"acreage":25.7877,"centroid":[-80.146581,34.48238],"lastSale":{"date":null,"price":null,"qualified":null},"tax":{"marketValue":null,"assessedValue":null,"taxableValue":null,"taxes":null},"mailingAddress":{"line1":null,"line2":null,"city":null,"state":null,"zip":null},"incomeTract":null,"incomeBlockGroup":null,"nearestRoad":null,"flu":null,"opportunityZone":null,"oz2Eligibility":null,"source":"sc-chesterfield-parcels-45025","appraiserUrl":null,"gisViewerUrl":"https://chesterfieldsc.wthgis.com/"},"geometry":{"type":"Polygon","coordinates":[[[-80.143308,34.48375],[-80.144584,34.484821],[-80.146969,34.484203],[-80.148583,34.48213],[-80.149392,34.48162],[-80.147329,34.481022],[-80.147285,34.481041],[-80.147573,34.481584],[-80.147036,34.481953],[-80.146749,34.481408],[-80.146418,34.481599],[-80.143741,34.483432],[-80.143308,34.48375]]]}},{"type":"Feature","id":"45025:165 000 000 014","properties":{"id":"45025:165 000 000 014","parcelId":"165 000 000 014","countyFips":"45025","countyName":"Chesterfield","state":"South Carolina","marketIds":["Columbia"],"situsAddress":null,"situsCity":null,"situsZip":null,"jurisdictionCode":null,"ownerName":"BLACKWELL STEVEN L & DEBORAH L","ownerName2":null,"propertyName":null,"zoningCode":null,"zoningDistrict":null,"jurisdictionPrefix":null,"dorCode":null,"acreage":39.5661,"centroid":[-80.166224,34.448649],"lastSale":{"date":null,"price":null,"qualified":null},"tax":{"marketValue":191500.0,"assessedValue":null,"taxableValue":null,"taxes":null},"mailingAddress":{"line1":null,"line2":null,"city":null,"state":null,"zip":null},"incomeTract":null,"incomeBlockGroup":null,"nearestRoad":null,"flu":null,"opportunityZone":null,"oz2Eligibility":null,"source":"sc-chesterfield-parcels-45025","appraiserUrl":null,"gisViewerUrl":"https://chesterfieldsc.wthgis.com/"},"geometry":{"type":"Polygon","coordinates":[[[-80.163329,34.449357],[-80.16385,34.45031],[-80.16531,34.449606],[-80.165601,34.450123],[-80.168537,34.448817],[-80.168258,34.448309],[-80.169128,34.447929],[-80.168503,34.446039],[-80.163501,34.447353],[-80.163329,34.449357]]]}},{"type":"Feature","id":"45025:165 000 000 015","properties":{"id":"45025:165 000 000 015","parcelId":"165 000 000 015","countyFips":"45025","countyName":"Chesterfield","state":"South Carolina","marketIds":["Columbia"],"situsAddress":null,"situsCity":null,"situsZip":null,"jurisdictionCode":null,"ownerName":"ROW JOHN WILLIAM II & MELLISSA","ownerName2":null,"propertyName":null,"zoningCode":null,"zoningDistrict":null,"jurisdictionPrefix":null,"dorCode":null,"acreage":14.0868,"centroid":[-80.169999,34.446271],"lastSale":{"date":null,"price":null,"qualified":null},"tax":{"marketValue":300000.0,"assessedValue":null,"taxableValue":null,"taxes":null},"mailingAddress":{"line1":null,"line2":null,"city":null,"state":null,"zip":null},"incomeTract":null,"incomeBlockGroup":null,"nearestRoad":null,"flu":null,"opportunityZone":null,"oz2Eligibility":null,"source":"sc-chesterfield-parcels-45025","appraiserUrl":null,"gisViewerUrl":"https://chesterfieldsc.wthgis.com/"},"geometry":{"type":"Polygon","coordinates":[[[-80.169128,34.447929],[-80.169294,34.448484],[-80.170915,34.447765],[-80.170795,34.445553],[-80.170802,34.44524],[-80.170844,34.444813],[-80.169915,34.444875],[-80.169798,34.445739],[-80.168503,34.446039],[-80.169128,34.447929]]]}},{"type":"Feature","id":"45025:143 000 000 004","properties":{"id":"45025:143 000 000 004","parcelId":"143 000 000 004","countyFips":"45025","countyName":"Chesterfield","state":"South Carolina","marketIds":["Columbia"],"situsAddress":null,"situsCity":null,"situsZip":null,"jurisdictionCode":null,"ownerName":"MCCOY CHERRY G","ownerName2":null,"propertyName":null,"zoningCode":null,"zoningDistrict":null,"jurisdictionPrefix":null,"dorCode":null,"acreage":6.497,"centroid":[-80.173741,34.46659],"lastSale":{"date":null,"price":null,"qualified":null},"tax":{"marketValue":null,"assessedValue":null,"taxableValue":null,"taxes":null},"mailingAddress":{"line1":null,"line2":null,"city":null,"state":null,"zip":null},"incomeTract":null,"incomeBlockGroup":null,"nearestRoad":null,"flu":null,"opportunityZone":null,"oz2Eligibility":null,"source":"sc-chesterfield-parcels-45025","appraiserUrl":null,"gisViewerUrl":"https://chesterfieldsc.wthgis.com/"},"geometry":{"type":"MultiPolygon","coordinates":[[[[-80.173849,34.465207],[-80.172818,34.465869],[-80.173434,34.466268],[-80.173668,34.466475],[-80.173742,34.466654],[-80.173748,34.466795],[-80.173629,34.467244],[-80.173725,34.467237],[-80.174195,34.467099],[-80.174599,34.467056],[-80.173849,34.465207]]],[[[-80.173104,34.466219],[-80.172682,34.465956],[-80.171618,34.46664],[-80.171875,34.466678],[-80.172295,34.46682],[-80.172401,34.466759],[-80.172659,34.466753],[-80.172888,34.466702],[-80.172966,34.466745],[-80.17308,34.466742],[-80.173313,34.467089],[-80.173289,34.467209],[-80.173317,34.467267],[-80.173452,34.467257],[-80.173581,34.466786],[-80.173557,34.466614],[-80.173523,34.466545],[-80.173458,34.466476],[-80.173104,34.466219]]]]}},{"type":"Feature","id":"45025:144 000 000 009","properties":{"id":"45025:144 000 000 009","parcelId":"144 000 000 009","countyFips":"45025","countyName":"Chesterfield","state":"South Carolina","marketIds":["Columbia"],"situsAddress":null,"situsCity":null,"situsZip":null,"jurisdictionCode":null,"ownerName":"STEWART LIGE","ownerName2":null,"propertyName":null,"zoningCode":null,"zoningDistrict":null,"jurisdictionPrefix":null,"dorCode":null,"acreage":5.5398,"centroid":[-80.177597,34.460046],"lastSale":{"date":null,"price":null,"qualified":null},"tax":{"marketValue":41000.0,"assessedValue":null,"taxableValue":null,"taxes":null},"mailingAddress":{"line1":null,"line2":null,"city":null,"state":null,"zip":null},"incomeTract":null,"incomeBlockGroup":null,"nearestRoad":null,"flu":null,"opportunityZone":null,"oz2Eligibility":null,"source":"sc-chesterfield-parcels-45025","appraiserUrl":null,"gisViewerUrl":"https://chesterfieldsc.wthgis.com/"},"geometry":{"type":"Polygon","coordinates":[[[-80.176662,34.45882],[-80.177964,34.461705],[-80.178531,34.461271],[-80.17723,34.458387],[-80.176662,34.45882]]]}},{"type":"Feature","id":"45025:165 000 000 124","properties":{"id":"45025:165 000 000 124","parcelId":"165 000 000 124","countyFips":"45025","countyName":"Chesterfield","state":"South Carolina","marketIds":["Columbia"],"situsAddress":null,"situsCity":null,"situsZip":null,"jurisdictionCode":null,"ownerName":"ZARETZKA RICHARD C ETAL","ownerName2":null,"propertyName":null,"zoningCode":null,"zoningDistrict":null,"jurisdictionPrefix":null,"dorCode":null,"acreage":5.0122,"centroid":[-80.167421,34.451217],"lastSale":{"date":null,"price":null,"qualified":null},"tax":{"marketValue":null,"assessedValue":null,"taxableValue":null,"taxes":null},"mailingAddress":{"line1":null,"line2":null,"city":null,"state":null,"zip":null},"incomeTract":null,"incomeBlockGroup":null,"nearestRoad":null,"flu":null,"opportunityZone":null,"oz2Eligibility":null,"source":"sc-chesterfield-parcels-45025","appraiserUrl":null,"gisViewerUrl":"https://chesterfieldsc.wthgis.com/"},"geometry":{"type":"Polygon","coordinates":[[[-80.167303,34.451234],[-80.167647,34.452279],[-80.169275,34.451963],[-80.169238,34.451414],[-80.167946,34.451665],[-80.167181,34.449626],[-80.166669,34.449853],[-80.167303,34.451234]]]}},{"type":"Feature","id":"45025:144 000 000 007","properties":{"id":"45025:144 000 000 007","parcelId":"144 000 000 007","countyFips":"45025","countyName":"Chesterfield","state":"South Carolina","marketIds":["Columbia"],"situsAddress":null,"situsCity":null,"situsZip":null,"jurisdictionCode":null,"ownerName":"MORRELL WILLIAM ROSS","ownerName2":null,"propertyName":null,"zoningCode":null,"zoningDistrict":null,"jurisdictionPrefix":null,"dorCode":null,"acreage":10.0051,"centroid":[-80.182167,34.457212],"lastSale":{"date":null,"price":null,"qualified":null},"tax":{"marketValue":5800.0,"assessedValue":null,"taxableValue":null,"taxes":null},"mailingAddress":{"line1":null,"line2":null,"city":null,"state":null,"zip":null},"incomeTract":null,"incomeBlockGroup":null,"nearestRoad":null,"flu":null,"opportunityZone":null,"oz2Eligibility":null,"source":"sc-chesterfield-parcels-45025","appraiserUrl":null,"gisViewerUrl":"https://chesterfieldsc.wthgis.com/"},"geometry":{"type":"Polygon","coordinates":[[[-80.182404,34.456008],[-80.180825,34.456017],[-80.180847,34.458584],[-80.182505,34.457312],[-80.182978,34.457839],[-80.183443,34.457513],[-80.182404,34.456008]]]}},{"type":"Feature","id":"45025:165 000 000 003","properties":{"id":"45025:165 000 000 003","parcelId":"165 000 000 003","countyFips":"45025","countyName":"Chesterfield","state":"South Carolina","marketIds":["Columbia"],"situsAddress":null,"situsCity":null,"situsZip":null,"jurisdictionCode":null,"ownerName":"CAROLINA POWER & LIGHT CO","ownerName2":null,"propertyName":null,"zoningCode":null,"zoningDistrict":null,"jurisdictionPrefix":null,"dorCode":null,"acreage":130.2577,"centroid":[-80.163315,34.454774],"lastSale":{"date":null,"price":null,"qualified":null},"tax":{"marketValue":null,"assessedValue":null,"taxableValue":null,"taxes":null},"mailingAddress":{"line1":null,"line2":null,"city":null,"state":null,"zip":null},"incomeTract":null,"incomeBlockGroup":null,"nearestRoad":null,"flu":null,"opportunityZone":null,"oz2Eligibility":null,"source":"sc-chesterfield-parcels-45025","appraiserUrl":null,"gisViewerUrl":"https://chesterfieldsc.wthgis.com/"},"geometry":{"type":"Polygon","coordinates":[[[-80.162376,34.457598],[-80.166318,34.457629],[-80.17026,34.45766],[-80.171384,34.455907],[-80.171295,34.454358],[-80.169411,34.454447],[-80.169275,34.451963],[-80.167647,34.452279],[-80.167303,34.451234],[-80.166669,34.449853],[-80.166352,34.449994],[-80.167186,34.451276],[-80.165261,34.452129],[-80.161402,34.45384],[-80.160569,34.452557],[-80.157993,34.453699],[-80.158415,34.454348],[-80.158416,34.454879],[-80.158864,34.454946],[-80.159443,34.455003],[-80.159696,34.454998],[-80.160026,34.454951],[-80.160269,34.454944],[-80.161113,34.455051],[-80.16122,34.455103],[-80.161283,34.45519],[-80.161488,34.455691],[-80.161557,34.455808],[-80.161703,34.45596],[-80.161993,34.456147],[-80.162142,34.45627],[-80.162269,34.456409],[-80.162402,34.456618],[-80.162442,34.456739],[-80.162453,34.456865],[-80.162437,34.45699],[-80.162341,34.457296],[-80.162376,34.457598]]]}},{"type":"Feature","id":"45025:165 000 000 005","properties":{"id":"45025:165 000 000 005","parcelId":"165 000 000 005","countyFips":"45025","countyName":"Chesterfield","state":"South Carolina","marketIds":["Columbia"],"situsAddress":null,"situsCity":null,"situsZip":null,"jurisdictionCode":null,"ownerName":"BUSH MARY F LIFE ESTATE","ownerName2":null,"propertyName":null,"zoningCode":null,"zoningDistrict":null,"jurisdictionPrefix":null,"dorCode":null,"acreage":16.9521,"centroid":[-80.169901,34.450792],"lastSale":{"date":null,"price":null,"qualified":null},"tax":{"marketValue":164800.0,"assessedValue":null,"taxableValue":null,"taxes":null},"mailingAddress":{"line1":null,"line2":null,"city":null,"state":null,"zip":null},"incomeTract":null,"incomeBlockGroup":null,"nearestRoad":null,"flu":null,"opportunityZone":null,"oz2Eligibility":null,"source":"sc-chesterfield-parcels-45025","appraiserUrl":null,"gisViewerUrl":"https://chesterfieldsc.wthgis.com/"},"geometry":{"type":"Polygon","coordinates":[[[-80.171137,34.451624],[-80.169762,34.451677],[-80.169729,34.4511],[-80.171104,34.451048],[-80.170926,34.447966],[-80.168351,34.449107],[-80.169155,34.450229],[-80.169829,34.450098],[-80.169849,34.450681],[-80.169175,34.450812],[-80.169238,34.451414],[-80.169289,34.452312],[-80.171172,34.452223],[-80.171137,34.451624]]]}},{"type":"Feature","id":"45025:165 000 000 117","properties":{"id":"45025:165 000 000 117","parcelId":"165 000 000 117","countyFips":"45025","countyName":"Chesterfield","state":"South Carolina","marketIds":["Columbia"],"situsAddress":null,"situsCity":null,"situsZip":null,"jurisdictionCode":null,"ownerName":"ZARETZKA RICHARD E ETAL","ownerName2":null,"propertyName":null,"zoningCode":null,"zoningDistrict":null,"jurisdictionPrefix":null,"dorCode":null,"acreage":8.5876,"centroid":[-80.168508,34.450476],"lastSale":{"date":null,"price":null,"qualified":null},"tax":{"marketValue":5100.0,"assessedValue":null,"taxableValue":null,"taxes":null},"mailingAddress":{"line1":null,"line2":null,"city":null,"state":null,"zip":null},"incomeTract":null,"incomeBlockGroup":null,"nearestRoad":null,"flu":null,"opportunityZone":null,"oz2Eligibility":null,"source":"sc-chesterfield-parcels-45025","appraiserUrl":null,"gisViewerUrl":"https://chesterfieldsc.wthgis.com/"},"geometry":{"type":"Polygon","coordinates":[[[-80.167181,34.449626],[-80.167946,34.451665],[-80.169238,34.451414],[-80.169175,34.450812],[-80.169155,34.450229],[-80.168351,34.449107],[-80.167181,34.449626]]]}},{"type":"Feature","id":"45025:120 000 000 005","properties":{"id":"45025:120 000 000 005","parcelId":"120 000 000 005","countyFips":"45025","countyName":"Chesterfield","state":"South Carolina","marketIds":["Columbia"],"situsAddress":null,"situsCity":null,"situsZip":null,"jurisdictionCode":null,"ownerName":"C S MCLEOD FARMS INC","ownerName2":null,"propertyName":null,"zoningCode":null,"zoningDistrict":null,"jurisdictionPrefix":null,"dorCode":null,"acreage":134.9729,"centroid":[-80.241846,34.490523],"lastSale":{"date":null,"price":null,"qualified":null},"tax":{"marketValue":1163500.0,"assessedValue":null,"taxableValue":null,"taxes":null},"mailingAddress":{"line1":null,"line2":null,"city":null,"state":null,"zip":null},"incomeTract":null,"incomeBlockGroup":null,"nearestRoad":null,"flu":null,"opportunityZone":null,"oz2Eligibility":null,"source":"sc-chesterfield-parcels-45025","appraiserUrl":null,"gisViewerUrl":"https://chesterfieldsc.wthgis.com/"},"geometry":{"type":"MultiPolygon","coordinates":[[[[-80.236711,34.494488],[-80.237036,34.495072],[-80.241339,34.49294],[-80.242596,34.490281],[-80.243693,34.491117],[-80.243729,34.491334],[-80.244834,34.491208],[-80.245669,34.490794],[-80.246981,34.487974],[-80.240689,34.485974],[-80.236711,34.494488]]],[[[-80.246017,34.49062],[-80.24659,34.490334],[-80.24702,34.490084],[-80.247649,34.489613],[-80.248065,34.489208],[-80.2484,34.488798],[-80.247069,34.488363],[-80.246017,34.49062]]],[[[-80.240629,34.493612],[-80.236773,34.495522],[-80.236034,34.495884],[-80.236226,34.49615],[-80.236971,34.495864],[-80.237854,34.495603],[-80.240745,34.494972],[-80.241462,34.494789],[-80.242085,34.494571],[-80.24267,34.494316],[-80.243021,34.494124],[-80.243515,34.493799],[-80.244007,34.493385],[-80.244445,34.492933],[-80.244706,34.492612],[-80.245,34.492176],[-80.245167,34.491872],[-80.245477,34.491207],[-80.240629,34.493612]]]]}},{"type":"Feature","id":"45025:121 000 000 005","properties":{"id":"45025:121 000 000 005","parcelId":"121 000 000 005","countyFips":"45025","countyName":"Chesterfield","state":"South Carolina","marketIds":["Columbia"],"situsAddress":null,"situsCity":null,"situsZip":null,"jurisdictionCode":null,"ownerName":"JBC LIMITED PARTNERSHIP","ownerName2":null,"propertyName":null,"zoningCode":null,"zoningDistrict":null,"jurisdictionPrefix":null,"dorCode":null,"acreage":57.3787,"centroid":[-80.216452,34.466539],"lastSale":{"date":null,"price":null,"qualified":null},"tax":{"marketValue":null,"assessedValue":null,"taxableValue":null,"taxes":null},"mailingAddress":{"line1":null,"line2":null,"city":null,"state":null,"zip":null},"incomeTract":null,"incomeBlockGroup":null,"nearestRoad":null,"flu":null,"opportunityZone":null,"oz2Eligibility":null,"source":"sc-chesterfield-parcels-45025","appraiserUrl":null,"gisViewerUrl":"https://chesterfieldsc.wthgis.com/"},"geometry":{"type":"MultiPolygon","coordinates":[[[[-80.21363,34.467691],[-80.215613,34.467401],[-80.216854,34.46722],[-80.218961,34.46687],[-80.219372,34.465974],[-80.214284,34.464079],[-80.21363,34.467691]]],[[[-80.215288,34.464151],[-80.216077,34.464448],[-80.220436,34.466068],[-80.221524,34.465385],[-80.222109,34.464997],[-80.222293,34.464838],[-80.215955,34.462789],[-80.215288,34.464151]]],[[[-80.22221,34.465106],[-80.222142,34.465152],[-80.22061,34.466133],[-80.221478,34.466459],[-80.22221,34.465106]]]]}},{"type":"Feature","id":"45025:121 000 000 006","properties":{"id":"45025:121 000 000 006","parcelId":"121 000 000 006","countyFips":"45025","countyName":"Chesterfield","state":"South Carolina","marketIds":["Columbia"],"situsAddress":null,"situsCity":null,"situsZip":null,"jurisdictionCode":null,"ownerName":"JBC LIMITED PARTNERSHIP","ownerName2":null,"propertyName":null,"zoningCode":null,"zoningDistrict":null,"jurisdictionPrefix":null,"dorCode":null,"acreage":121.1584,"centroid":[-80.224604,34.46524],"lastSale":{"date":null,"price":null,"qualified":null},"tax":{"marketValue":null,"assessedValue":null,"taxableValue":null,"taxes":null},"mailingAddress":{"line1":null,"line2":null,"city":null,"state":null,"zip":null},"incomeTract":null,"incomeBlockGroup":null,"nearestRoad":null,"flu":null,"opportunityZone":null,"oz2Eligibility":null,"source":"sc-chesterfield-parcels-45025","appraiserUrl":null,"gisViewerUrl":"https://chesterfieldsc.wthgis.com/"},"geometry":{"type":"Polygon","coordinates":[[[-80.221478,34.466459],[-80.225534,34.467973],[-80.22959,34.469486],[-80.232084,34.464131],[-80.224228,34.461537],[-80.223309,34.463371],[-80.222638,34.46463],[-80.222542,34.464782],[-80.222424,34.464922],[-80.22221,34.465106],[-80.221478,34.466459]]]}},{"type":"Feature","id":"45025:121 000 000 024","properties":{"id":"45025:121 000 000 024","parcelId":"121 000 000 024","countyFips":"45025","countyName":"Chesterfield","state":"South Carolina","marketIds":["Columbia"],"situsAddress":null,"situsCity":null,"situsZip":null,"jurisdictionCode":null,"ownerName":"BRISTER WILLIE JR","ownerName2":null,"propertyName":null,"zoningCode":null,"zoningDistrict":null,"jurisdictionPrefix":null,"dorCode":null,"acreage":11.8939,"centroid":[-80.21662,34.469286],"lastSale":{"date":null,"price":null,"qualified":null},"tax":{"marketValue":null,"assessedValue":null,"taxableValue":null,"taxes":null},"mailingAddress":{"line1":null,"line2":null,"city":null,"state":null,"zip":null},"incomeTract":null,"incomeBlockGroup":null,"nearestRoad":null,"flu":null,"opportunityZone":null,"oz2Eligibility":null,"source":"sc-chesterfield-parcels-45025","appraiserUrl":null,"gisViewerUrl":"https://chesterfieldsc.wthgis.com/"},"geometry":{"type":"Polygon","coordinates":[[[-80.216094,34.470686],[-80.217074,34.470986],[-80.217464,34.470135],[-80.216854,34.46722],[-80.215613,34.467401],[-80.216094,34.470686]]]}},{"type":"Feature","id":"45025:121 000 000 032","properties":{"id":"45025:121 000 000 032","parcelId":"121 000 000 032","countyFips":"45025","countyName":"Chesterfield","state":"South Carolina","marketIds":["Columbia"],"situsAddress":null,"situsCity":null,"situsZip":null,"jurisdictionCode":null,"ownerName":"DILLARD MARIE","ownerName2":null,"propertyName":null,"zoningCode":null,"zoningDistrict":null,"jurisdictionPrefix":null,"dorCode":null,"acreage":5.0004,"centroid":[-80.217625,34.468299],"lastSale":{"date":null,"price":null,"qualified":null},"tax":{"marketValue":166500.0,"assessedValue":null,"taxableValue":null,"taxes":null},"mailingAddress":{"line1":null,"line2":null,"city":null,"state":null,"zip":null},"incomeTract":null,"incomeBlockGroup":null,"nearestRoad":null,"flu":null,"opportunityZone":null,"oz2Eligibility":null,"source":"sc-chesterfield-parcels-45025","appraiserUrl":null,"gisViewerUrl":"https://chesterfieldsc.wthgis.com/"},"geometry":{"type":"Polygon","coordinates":[[[-80.216854,34.46722],[-80.217464,34.470135],[-80.218212,34.468503],[-80.217686,34.46859],[-80.217907,34.467045],[-80.216854,34.46722]]]}},{"type":"Feature","id":"45025:122 000 000 005","properties":{"id":"45025:122 000 000 005","parcelId":"122 000 000 005","countyFips":"45025","countyName":"Chesterfield","state":"South Carolina","marketIds":["Columbia"],"situsAddress":null,"situsCity":null,"situsZip":null,"jurisdictionCode":null,"ownerName":"J B C LIMITED PARTNERSHIP","ownerName2":null,"propertyName":null,"zoningCode":null,"zoningDistrict":null,"jurisdictionPrefix":null,"dorCode":null,"acreage":82.7167,"centroid":[-80.220037,34.462462],"lastSale":{"date":null,"price":null,"qualified":null},"tax":{"marketValue":null,"assessedValue":null,"taxableValue":null,"taxes":null},"mailingAddress":{"line1":null,"line2":null,"city":null,"state":null,"zip":null},"incomeTract":null,"incomeBlockGroup":null,"nearestRoad":null,"flu":null,"opportunityZone":null,"oz2Eligibility":null,"source":"sc-chesterfield-parcels-45025","appraiserUrl":null,"gisViewerUrl":"https://chesterfieldsc.wthgis.com/"},"geometry":{"type":"Polygon","coordinates":[[[-80.215955,34.462789],[-80.222293,34.464838],[-80.222446,34.464644],[-80.222732,34.464116],[-80.223157,34.463317],[-80.224073,34.461488],[-80.2198,34.460135],[-80.215772,34.458639],[-80.214101,34.46219],[-80.215955,34.462789]]]}},{"type":"Feature","id":"45025:122 000 000 007","properties":{"id":"45025:122 000 000 007","parcelId":"122 000 000 007","countyFips":"45025","countyName":"Chesterfield","state":"South Carolina","marketIds":["Columbia"],"situsAddress":null,"situsCity":null,"situsZip":null,"jurisdictionCode":null,"ownerName":"EARN WAYNE M","ownerName2":null,"propertyName":null,"zoningCode":null,"zoningDistrict":null,"jurisdictionPrefix":null,"dorCode":null,"acreage":79.9349,"centroid":[-80.21445,34.458948],"lastSale":{"date":null,"price":null,"qualified":null},"tax":{"marketValue":null,"assessedValue":null,"taxableValue":null,"taxes":null},"mailingAddress":{"line1":null,"line2":null,"city":null,"state":null,"zip":null},"incomeTract":null,"incomeBlockGroup":null,"nearestRoad":null,"flu":null,"opportunityZone":null,"oz2Eligibility":null,"source":"sc-chesterfield-parcels-45025","appraiserUrl":null,"gisViewerUrl":"https://chesterfieldsc.wthgis.com/"},"geometry":{"type":"Polygon","coordinates":[[[-80.209729,34.462078],[-80.215288,34.464151],[-80.215955,34.462789],[-80.214101,34.46219],[-80.215973,34.458211],[-80.215319,34.45802],[-80.216147,34.456232],[-80.215388,34.455981],[-80.215691,34.455354],[-80.213713,34.45472],[-80.21165,34.458699],[-80.209729,34.462078]]]}},{"type":"Feature","id":"45025:122 000 000 055","properties":{"id":"45025:122 000 000 055","parcelId":"122 000 000 055","countyFips":"45025","countyName":"Chesterfield","state":"South Carolina","marketIds":["Columbia"],"situsAddress":null,"situsCity":null,"situsZip":null,"jurisdictionCode":null,"ownerName":"ALDRICH RICHARD J III","ownerName2":null,"propertyName":null,"zoningCode":null,"zoningDistrict":null,"jurisdictionPrefix":null,"dorCode":null,"acreage":8.7669,"centroid":[-80.220773,34.453993],"lastSale":{"date":null,"price":null,"qualified":null},"tax":{"marketValue":null,"assessedValue":null,"taxableValue":null,"taxes":null},"mailingAddress":{"line1":null,"line2":null,"city":null,"state":null,"zip":null},"incomeTract":null,"incomeBlockGroup":null,"nearestRoad":null,"flu":null,"opportunityZone":null,"oz2Eligibility":null,"source":"sc-chesterfield-parcels-45025","appraiserUrl":null,"gisViewerUrl":"https://chesterfieldsc.wthgis.com/"},"geometry":{"type":"Polygon","coordinates":[[[-80.220708,34.454932],[-80.221054,34.455022],[-80.221298,34.454493],[-80.221638,34.454602],[-80.221891,34.454068],[-80.221396,34.453912],[-80.221807,34.453032],[-80.219915,34.452434],[-80.219664,34.452973],[-80.22003,34.453089],[-80.219699,34.454125],[-80.220573,34.454405],[-80.220382,34.454828],[-80.220708,34.454932]]]}},{"type":"Feature","id":"45025:122 000 000 092","properties":{"id":"45025:122 000 000 092","parcelId":"122 000 000 092","countyFips":"45025","countyName":"Chesterfield","state":"South Carolina","marketIds":["Columbia"],"situsAddress":null,"situsCity":null,"situsZip":null,"jurisdictionCode":null,"ownerName":"HERRINGTON WILLIAM C JR","ownerName2":null,"propertyName":null,"zoningCode":null,"zoningDistrict":null,"jurisdictionPrefix":null,"dorCode":null,"acreage":17.3352,"centroid":[-80.218179,34.458388],"lastSale":{"date":null,"price":null,"qualified":null},"tax":{"marketValue":null,"assessedValue":null,"taxableValue":null,"taxes":null},"mailingAddress":{"line1":null,"line2":null,"city":null,"state":null,"zip":null},"incomeTract":null,"incomeBlockGroup":null,"nearestRoad":null,"flu":null,"opportunityZone":null,"oz2Eligibility":null,"source":"sc-chesterfield-parcels-45025","appraiserUrl":null,"gisViewerUrl":"https://chesterfieldsc.wthgis.com/"},"geometry":{"type":"Polygon","coordinates":[[[-80.215772,34.458639],[-80.2198,34.460135],[-80.220452,34.458706],[-80.218245,34.457888],[-80.218326,34.457825],[-80.216477,34.457138],[-80.215772,34.458639]]]}},{"type":"Feature","id":"45025:122 000 000 170","properties":{"id":"45025:122 000 000 170","parcelId":"122 000 000 170","countyFips":"45025","countyName":"Chesterfield","state":"South Carolina","marketIds":["Columbia"],"situsAddress":null,"situsCity":null,"situsZip":null,"jurisdictionCode":null,"ownerName":"MELTON BRENT ROGERS &","ownerName2":null,"propertyName":null,"zoningCode":null,"zoningDistrict":null,"jurisdictionPrefix":null,"dorCode":null,"acreage":5.7673,"centroid":[-80.219925,34.457426],"lastSale":{"date":null,"price":null,"qualified":null},"tax":{"marketValue":288700.0,"assessedValue":null,"taxableValue":null,"taxes":null},"mailingAddress":{"line1":null,"line2":null,"city":null,"state":null,"zip":null},"incomeTract":null,"incomeBlockGroup":null,"nearestRoad":null,"flu":null,"opportunityZone":null,"oz2Eligibility":null,"source":"sc-chesterfield-parcels-45025","appraiserUrl":null,"gisViewerUrl":"https://chesterfieldsc.wthgis.com/"},"geometry":{"type":"Polygon","coordinates":[[[-80.219082,34.458197],[-80.220452,34.458706],[-80.221134,34.457176],[-80.219952,34.456797],[-80.219923,34.456875],[-80.219871,34.456859],[-80.219588,34.457166],[-80.219397,34.457633],[-80.219082,34.458197]]]}},{"type":"Feature","id":"45025:122 000 000 171","properties":{"id":"45025:122 000 000 171","parcelId":"122 000 000 171","countyFips":"45025","countyName":"Chesterfield","state":"South Carolina","marketIds":["Columbia"],"situsAddress":null,"situsCity":null,"situsZip":null,"jurisdictionCode":null,"ownerName":"HERRINGTON GARY B & LAURA K","ownerName2":null,"propertyName":null,"zoningCode":null,"zoningDistrict":null,"jurisdictionPrefix":null,"dorCode":null,"acreage":5.0008,"centroid":[-80.217553,34.456729],"lastSale":{"date":null,"price":null,"qualified":null},"tax":{"marketValue":325800.0,"assessedValue":null,"taxableValue":null,"taxes":null},"mailingAddress":{"line1":null,"line2":null,"city":null,"state":null,"zip":null},"incomeTract":null,"incomeBlockGroup":null,"nearestRoad":null,"flu":null,"opportunityZone":null,"oz2Eligibility":null,"source":"sc-chesterfield-parcels-45025","appraiserUrl":null,"gisViewerUrl":"https://chesterfieldsc.wthgis.com/"},"geometry":{"type":"Polygon","coordinates":[[[-80.216477,34.457138],[-80.218009,34.457707],[-80.217966,34.456866],[-80.218204,34.456141],[-80.217111,34.455792],[-80.216477,34.457138]]]}},{"type":"Feature","id":"45025:121 000 000 037","properties":{"id":"45025:121 000 000 037","parcelId":"121 000 000 037","countyFips":"45025","countyName":"Chesterfield","state":"South Carolina","marketIds":["Columbia"],"situsAddress":null,"situsCity":null,"situsZip":null,"jurisdictionCode":null,"ownerName":"BTB US OWNER LLC.","ownerName2":null,"propertyName":null,"zoningCode":null,"zoningDistrict":null,"jurisdictionPrefix":null,"dorCode":null,"acreage":60.0896,"centroid":[-80.234514,34.463489],"lastSale":{"date":null,"price":null,"qualified":null},"tax":{"marketValue":null,"assessedValue":null,"taxableValue":null,"taxes":null},"mailingAddress":{"line1":null,"line2":null,"city":null,"state":null,"zip":null},"incomeTract":null,"incomeBlockGroup":null,"nearestRoad":null,"flu":null,"opportunityZone":null,"oz2Eligibility":null,"source":"sc-chesterfield-parcels-45025","appraiserUrl":null,"gisViewerUrl":"https://chesterfieldsc.wthgis.com/"},"geometry":{"type":"Polygon","coordinates":[[[-80.231027,34.466767],[-80.234763,34.46795],[-80.237324,34.462434],[-80.237225,34.46225],[-80.234126,34.461268],[-80.233812,34.461956],[-80.233319,34.4618],[-80.231027,34.466767]]]}},{"type":"Feature","id":"45025:122 000 000 001","properties":{"id":"45025:122 000 000 001","parcelId":"122 000 000 001","countyFips":"45025","countyName":"Chesterfield","state":"South Carolina","marketIds":["Columbia"],"situsAddress":null,"situsCity":null,"situsZip":null,"jurisdictionCode":null,"ownerName":"ALLIGATOR RURAL WATER AND","ownerName2":null,"propertyName":null,"zoningCode":null,"zoningDistrict":null,"jurisdictionPrefix":null,"dorCode":null,"acreage":24.3884,"centroid":[-80.231401,34.462146],"lastSale":{"date":null,"price":null,"qualified":null},"tax":{"marketValue":null,"assessedValue":null,"taxableValue":null,"taxes":null},"mailingAddress":{"line1":null,"line2":null,"city":null,"state":null,"zip":null},"incomeTract":null,"incomeBlockGroup":null,"nearestRoad":null,"flu":null,"opportunityZone":null,"oz2Eligibility":null,"source":"sc-chesterfield-parcels-45025","appraiserUrl":null,"gisViewerUrl":"https://chesterfieldsc.wthgis.com/"},"geometry":{"type":"Polygon","coordinates":[[[-80.229316,34.463211],[-80.232084,34.464131],[-80.233478,34.461063],[-80.230727,34.460177],[-80.229316,34.463211]]]}},{"type":"Feature","id":"45025:122 000 000 004","properties":{"id":"45025:122 000 000 004","parcelId":"122 000 000 004","countyFips":"45025","countyName":"Chesterfield","state":"South Carolina","marketIds":["Columbia"],"situsAddress":null,"situsCity":null,"situsZip":null,"jurisdictionCode":null,"ownerName":"JBC LIMITED PARTNERSHIP","ownerName2":null,"propertyName":null,"zoningCode":null,"zoningDistrict":null,"jurisdictionPrefix":null,"dorCode":null,"acreage":70.659,"centroid":[-80.223033,34.459325],"lastSale":{"date":null,"price":null,"qualified":null},"tax":{"marketValue":null,"assessedValue":null,"taxableValue":null,"taxes":null},"mailingAddress":{"line1":null,"line2":null,"city":null,"state":null,"zip":null},"incomeTract":null,"incomeBlockGroup":null,"nearestRoad":null,"flu":null,"opportunityZone":null,"oz2Eligibility":null,"source":"sc-chesterfield-parcels-45025","appraiserUrl":null,"gisViewerUrl":"https://chesterfieldsc.wthgis.com/"},"geometry":{"type":"MultiPolygon","coordinates":[[[[-80.22117,34.457095],[-80.221134,34.457176],[-80.2198,34.460135],[-80.224073,34.461488],[-80.224515,34.460646],[-80.224788,34.46017],[-80.225753,34.458568],[-80.22117,34.457095]]],[[[-80.225823,34.458764],[-80.22539,34.459482],[-80.224666,34.460703],[-80.224228,34.461537],[-80.227987,34.462786],[-80.229439,34.459762],[-80.225908,34.458618],[-80.225823,34.458764]]]]}},{"type":"Feature","id":"45025:122 000 000 012","properties":{"id":"45025:122 000 000 012","parcelId":"122 000 000 012","countyFips":"45025","countyName":"Chesterfield","state":"South Carolina","marketIds":["Columbia"],"situsAddress":null,"situsCity":null,"situsZip":null,"jurisdictionCode":null,"ownerName":"RHOAD DANIEL E SR & VIRGINIA.","ownerName2":null,"propertyName":null,"zoningCode":null,"zoningDistrict":null,"jurisdictionPrefix":null,"dorCode":null,"acreage":78.4158,"centroid":[-80.238762,34.459964],"lastSale":{"date":null,"price":null,"qualified":null},"tax":{"marketValue":null,"assessedValue":null,"taxableValue":null,"taxes":null},"mailingAddress":{"line1":null,"line2":null,"city":null,"state":null,"zip":null},"incomeTract":null,"incomeBlockGroup":null,"nearestRoad":null,"flu":null,"opportunityZone":null,"oz2Eligibility":null,"source":"sc-chesterfield-parcels-45025","appraiserUrl":null,"gisViewerUrl":"https://chesterfieldsc.wthgis.com/"},"geometry":{"type":"Polygon","coordinates":[[[-80.237618,34.460435],[-80.238724,34.460796],[-80.237721,34.461819],[-80.237812,34.461848],[-80.238794,34.460845],[-80.239465,34.461218],[-80.239718,34.460675],[-80.240374,34.460885],[-80.241629,34.458332],[-80.241287,34.458219],[-80.241893,34.45695],[-80.236552,34.455207],[-80.234016,34.460659],[-80.237059,34.461607],[-80.237618,34.460435]]]}},{"type":"Feature","id":"45025:122 000 000 166","properties":{"id":"45025:122 000 000 166","parcelId":"122 000 000 166","countyFips":"45025","countyName":"Chesterfield","state":"South Carolina","marketIds":["Columbia"],"situsAddress":null,"situsCity":null,"situsZip":null,"jurisdictionCode":null,"ownerName":"ALMOND CATHERINE R","ownerName2":null,"propertyName":null,"zoningCode":null,"zoningDistrict":null,"jurisdictionPrefix":null,"dorCode":null,"acreage":17.1428,"centroid":[-80.24002,34.455697],"lastSale":{"date":null,"price":null,"qualified":null},"tax":{"marketValue":null,"assessedValue":null,"taxableValue":null,"taxes":null},"mailingAddress":{"line1":null,"line2":null,"city":null,"state":null,"zip":null},"incomeTract":null,"incomeBlockGroup":null,"nearestRoad":null,"flu":null,"opportunityZone":null,"oz2Eligibility":null,"source":"sc-chesterfield-parcels-45025","appraiserUrl":null,"gisViewerUrl":"https://chesterfieldsc.wthgis.com/"},"geometry":{"type":"Polygon","coordinates":[[[-80.241893,34.45695],[-80.242167,34.456379],[-80.242429,34.455833],[-80.237059,34.454118],[-80.236552,34.455207],[-80.241893,34.45695]]]}},{"type":"Feature","id":"45025:121 000 000 041","properties":{"id":"45025:121 000 000 041","parcelId":"121 000 000 041","countyFips":"45025","countyName":"Chesterfield","state":"South Carolina","marketIds":["Columbia"],"situsAddress":null,"situsCity":null,"situsZip":null,"jurisdictionCode":null,"ownerName":"SOUTH CAROLINA ELECTRIC &","ownerName2":null,"propertyName":null,"zoningCode":null,"zoningDistrict":null,"jurisdictionPrefix":null,"dorCode":null,"acreage":10.0692,"centroid":[-80.237448,34.466366],"lastSale":{"date":null,"price":null,"qualified":null},"tax":{"marketValue":null,"assessedValue":null,"taxableValue":null,"taxes":null},"mailingAddress":{"line1":null,"line2":null,"city":null,"state":null,"zip":null},"incomeTract":null,"incomeBlockGroup":null,"nearestRoad":null,"flu":null,"opportunityZone":null,"oz2Eligibility":null,"source":"sc-chesterfield-parcels-45025","appraiserUrl":null,"gisViewerUrl":"https://chesterfieldsc.wthgis.com/"},"geometry":{"type":"Polygon","coordinates":[[[-80.238704,34.467438],[-80.239205,34.466275],[-80.236205,34.465298],[-80.235679,34.466455],[-80.238704,34.467438]]]}},{"type":"Feature","id":"45025:122 000 000 061","properties":{"id":"45025:122 000 000 061","parcelId":"122 000 000 061","countyFips":"45025","countyName":"Chesterfield","state":"South Carolina","marketIds":["Columbia"],"situsAddress":null,"situsCity":null,"situsZip":null,"jurisdictionCode":null,"ownerName":"ALMOND FOREST PRODUCTS INC","ownerName2":null,"propertyName":null,"zoningCode":null,"zoningDistrict":null,"jurisdictionPrefix":null,"dorCode":null,"acreage":59.2298,"centroid":[-80.22395,34.450883],"lastSale":{"date":null,"price":null,"qualified":null},"tax":{"marketValue":null,"assessedValue":null,"taxableValue":null,"taxes":null},"mailingAddress":{"line1":null,"line2":null,"city":null,"state":null,"zip":null},"incomeTract":null,"incomeBlockGroup":null,"nearestRoad":null,"flu":null,"opportunityZone":null,"oz2Eligibility":null,"source":"sc-chesterfield-parcels-45025","appraiserUrl":null,"gisViewerUrl":"https://chesterfieldsc.wthgis.com/"},"geometry":{"type":"Polygon","coordinates":[[[-80.223793,34.451868],[-80.227997,34.452959],[-80.22916,34.450664],[-80.219835,34.448306],[-80.218965,34.450616],[-80.223793,34.451868]]]}},{"type":"Feature","id":"45025:122 000 000 062","properties":{"id":"45025:122 000 000 062","parcelId":"122 000 000 062","countyFips":"45025","countyName":"Chesterfield","state":"South Carolina","marketIds":["Columbia"],"situsAddress":null,"situsCity":null,"situsZip":null,"jurisdictionCode":null,"ownerName":"RAILEY JACK E","ownerName2":null,"propertyName":null,"zoningCode":null,"zoningDistrict":null,"jurisdictionPrefix":null,"dorCode":null,"acreage":102.796,"centroid":[-80.223239,34.446794],"lastSale":{"date":null,"price":null,"qualified":null},"tax":{"marketValue":121000.0,"assessedValue":null,"taxableValue":null,"taxes":null},"mailingAddress":{"line1":null,"line2":null,"city":null,"state":null,"zip":null},"incomeTract":null,"incomeBlockGroup":null,"nearestRoad":null,"flu":null,"opportunityZone":null,"oz2Eligibility":null,"source":"sc-chesterfield-parcels-45025","appraiserUrl":null,"gisViewerUrl":"https://chesterfieldsc.wthgis.com/"},"geometry":{"type":"Polygon","coordinates":[[[-80.219835,34.448306],[-80.224498,34.449485],[-80.22916,34.450664],[-80.230314,34.448388],[-80.224886,34.447475],[-80.226576,34.44428],[-80.220332,34.443058],[-80.219419,34.444559],[-80.220712,34.444755],[-80.219546,34.446817],[-80.220346,34.44695],[-80.219835,34.448306]]]}},{"type":"Feature","id":"45025:122 000 000 067","properties":{"id":"45025:122 000 000 067","parcelId":"122 000 000 067","countyFips":"45025","countyName":"Chesterfield","state":"South Carolina","marketIds":["Columbia"],"situsAddress":null,"situsCity":null,"situsZip":null,"jurisdictionCode":null,"ownerName":"ALMOND FOREST PRODUCTS INC","ownerName2":null,"propertyName":null,"zoningCode":null,"zoningDistrict":null,"jurisdictionPrefix":null,"dorCode":null,"acreage":135.0847,"centroid":[-80.240979,34.444932],"lastSale":{"date":null,"price":null,"qualified":null},"tax":{"marketValue":null,"assessedValue":null,"taxableValue":null,"taxes":null},"mailingAddress":{"line1":null,"line2":null,"city":null,"state":null,"zip":null},"incomeTract":null,"incomeBlockGroup":null,"nearestRoad":null,"flu":null,"opportunityZone":null,"oz2Eligibility":null,"source":"sc-chesterfield-parcels-45025","appraiserUrl":null,"gisViewerUrl":"https://chesterfieldsc.wthgis.com/"},"geometry":{"type":"Polygon","coordinates":[[[-80.23744,34.442185],[-80.236636,34.443882],[-80.235735,34.445779],[-80.248123,34.449767],[-80.250402,34.445208],[-80.240861,34.443151],[-80.237654,34.44455],[-80.23744,34.442185]]]}},{"type":"Feature","id":"45025:121 000 000 018","properties":{"id":"45025:121 000 000 018","parcelId":"121 000 000 018","countyFips":"45025","countyName":"Chesterfield","state":"South Carolina","marketIds":["Columbia"],"situsAddress":null,"situsCity":null,"situsZip":null,"jurisdictionCode":null,"ownerName":"ALLIGATOR RURAL WATER & SEWER","ownerName2":null,"propertyName":null,"zoningCode":null,"zoningDistrict":null,"jurisdictionPrefix":null,"dorCode":null,"acreage":116.9776,"centroid":[-80.230754,34.468692],"lastSale":{"date":null,"price":null,"qualified":null},"tax":{"marketValue":null,"assessedValue":null,"taxableValue":null,"taxes":null},"mailingAddress":{"line1":null,"line2":null,"city":null,"state":null,"zip":null},"incomeTract":null,"incomeBlockGroup":null,"nearestRoad":null,"flu":null,"opportunityZone":null,"oz2Eligibility":null,"source":"sc-chesterfield-parcels-45025","appraiserUrl":null,"gisViewerUrl":"https://chesterfieldsc.wthgis.com/"},"geometry":{"type":"Polygon","coordinates":[[[-80.234763,34.46795],[-80.231027,34.466767],[-80.233319,34.4618],[-80.233812,34.461956],[-80.234126,34.461268],[-80.233478,34.461063],[-80.232084,34.464131],[-80.22959,34.469486],[-80.230892,34.469962],[-80.231402,34.47012],[-80.231922,34.470253],[-80.233638,34.470623],[-80.237729,34.471451],[-80.239397,34.467663],[-80.240801,34.464404],[-80.241286,34.463347],[-80.241007,34.463224],[-80.240398,34.463006],[-80.238433,34.462634],[-80.237225,34.46225],[-80.237324,34.462434],[-80.234763,34.46795]],[[-80.239205,34.466275],[-80.238704,34.467438],[-80.235679,34.466455],[-80.236205,34.465298],[-80.239205,34.466275]]]}},{"type":"Feature","id":"45025:121 000 000 010","properties":{"id":"45025:121 000 000 010","parcelId":"121 000 000 010","countyFips":"45025","countyName":"Chesterfield","state":"South Carolina","marketIds":["Columbia"],"situsAddress":null,"situsCity":null,"situsZip":null,"jurisdictionCode":null,"ownerName":"JBC LIMITED PARTNERSHIP","ownerName2":null,"propertyName":null,"zoningCode":null,"zoningDistrict":null,"jurisdictionPrefix":null,"dorCode":null,"acreage":58.846,"centroid":[-80.241951,34.470847],"lastSale":{"date":null,"price":null,"qualified":null},"tax":{"marketValue":null,"assessedValue":null,"taxableValue":null,"taxes":null},"mailingAddress":{"line1":null,"line2":null,"city":null,"state":null,"zip":null},"incomeTract":null,"incomeBlockGroup":null,"nearestRoad":null,"flu":null,"opportunityZone":null,"oz2Eligibility":null,"source":"sc-chesterfield-parcels-45025","appraiserUrl":null,"gisViewerUrl":"https://chesterfieldsc.wthgis.com/"},"geometry":{"type":"Polygon","coordinates":[[[-80.242022,34.473174],[-80.242248,34.473358],[-80.243813,34.469946],[-80.247207,34.470971],[-80.247685,34.469946],[-80.24356,34.468651],[-80.24395,34.467861],[-80.242366,34.467367],[-80.241411,34.469575],[-80.238899,34.468792],[-80.237729,34.471451],[-80.2392,34.471752],[-80.239639,34.471876],[-80.240066,34.472025],[-80.24068,34.472295],[-80.241069,34.472504],[-80.241615,34.47286],[-80.242022,34.473174]]]}},{"type":"Feature","id":"45025:122 000 000 060","properties":{"id":"45025:122 000 000 060","parcelId":"122 000 000 060","countyFips":"45025","countyName":"Chesterfield","state":"South Carolina","marketIds":["Columbia"],"situsAddress":null,"situsCity":null,"situsZip":null,"jurisdictionCode":null,"ownerName":"HCJ INC","ownerName2":null,"propertyName":null,"zoningCode":null,"zoningDistrict":null,"jurisdictionPrefix":null,"dorCode":null,"acreage":82.6048,"centroid":[-80.211966,34.450662],"lastSale":{"date":null,"price":null,"qualified":null},"tax":{"marketValue":null,"assessedValue":null,"taxableValue":null,"taxes":null},"mailingAddress":{"line1":null,"line2":null,"city":null,"state":null,"zip":null},"incomeTract":null,"incomeBlockGroup":null,"nearestRoad":null,"flu":null,"opportunityZone":null,"oz2Eligibility":null,"source":"sc-chesterfield-parcels-45025","appraiserUrl":null,"gisViewerUrl":"https://chesterfieldsc.wthgis.com/"},"geometry":{"type":"Polygon","coordinates":[[[-80.207569,34.45133],[-80.208499,34.451724],[-80.207526,34.452158],[-80.21396,34.454225],[-80.217591,34.447442],[-80.216653,34.447096],[-80.207569,34.45133]]]}},{"type":"Feature","id":"45025:100 000 000 016","properties":{"id":"45025:100 000 000 016","parcelId":"100 000 000 016","countyFips":"45025","countyName":"Chesterfield","state":"South Carolina","marketIds":["Columbia"],"situsAddress":null,"situsCity":null,"situsZip":null,"jurisdictionCode":null,"ownerName":"MCCASKILL DONNA LEE","ownerName2":null,"propertyName":null,"zoningCode":null,"zoningDistrict":null,"jurisdictionPrefix":null,"dorCode":null,"acreage":49.6446,"centroid":[-80.248592,34.434476],"lastSale":{"date":null,"price":null,"qualified":null},"tax":{"marketValue":null,"assessedValue":null,"taxableValue":null,"taxes":null},"mailingAddress":{"line1":null,"line2":null,"city":null,"state":null,"zip":null},"incomeTract":null,"incomeBlockGroup":null,"nearestRoad":null,"flu":null,"opportunityZone":null,"oz2Eligibility":null,"source":"sc-chesterfield-parcels-45025","appraiserUrl":null,"gisViewerUrl":"https://chesterfieldsc.wthgis.com/"},"geometry":{"type":"Polygon","coordinates":[[[-80.247609,34.435223],[-80.247792,34.43591],[-80.254871,34.434792],[-80.255009,34.432783],[-80.246167,34.433308],[-80.24622,34.433698],[-80.246364,34.434338],[-80.24656,34.434913],[-80.24674,34.435315],[-80.247609,34.435223]]]}},{"type":"Feature","id":"45025:100 000 000 033","properties":{"id":"45025:100 000 000 033","parcelId":"100 000 000 033","countyFips":"45025","countyName":"Chesterfield","state":"South Carolina","marketIds":["Columbia"],"situsAddress":null,"situsCity":null,"situsZip":null,"jurisdictionCode":null,"ownerName":"SULLIVAN SUSAN G","ownerName2":null,"propertyName":null,"zoningCode":null,"zoningDistrict":null,"jurisdictionPrefix":null,"dorCode":null,"acreage":13.115,"centroid":[-80.249704,34.432837],"lastSale":{"date":null,"price":null,"qualified":null},"tax":{"marketValue":211200.0,"assessedValue":null,"taxableValue":null,"taxes":null},"mailingAddress":{"line1":null,"line2":null,"city":null,"state":null,"zip":null},"incomeTract":null,"incomeBlockGroup":null,"nearestRoad":null,"flu":null,"opportunityZone":null,"oz2Eligibility":null,"source":"sc-chesterfield-parcels-45025","appraiserUrl":null,"gisViewerUrl":"https://chesterfieldsc.wthgis.com/"},"geometry":{"type":"Polygon","coordinates":[[[-80.246158,34.433178],[-80.246167,34.433308],[-80.255009,34.432783],[-80.255041,34.432194],[-80.246143,34.432723],[-80.246158,34.433178]]]}},{"type":"Feature","id":"45025:123 000 000 009","properties":{"id":"45025:123 000 000 009","parcelId":"123 000 000 009","countyFips":"45025","countyName":"Chesterfield","state":"South Carolina","marketIds":["Columbia"],"situsAddress":null,"situsCity":null,"situsZip":null,"jurisdictionCode":null,"ownerName":"FLYING K FARMS LLC","ownerName2":null,"propertyName":null,"zoningCode":null,"zoningDistrict":null,"jurisdictionPrefix":null,"dorCode":null,"acreage":25.2851,"centroid":[-80.240449,34.435753],"lastSale":{"date":null,"price":null,"qualified":null},"tax":{"marketValue":null,"assessedValue":null,"taxableValue":null,"taxes":null},"mailingAddress":{"line1":null,"line2":null,"city":null,"state":null,"zip":null},"incomeTract":null,"incomeBlockGroup":null,"nearestRoad":null,"flu":null,"opportunityZone":null,"oz2Eligibility":null,"source":"sc-chesterfield-parcels-45025","appraiserUrl":null,"gisViewerUrl":"https://chesterfieldsc.wthgis.com/"},"geometry":{"type":"Polygon","coordinates":[[[-80.238304,34.43768],[-80.241858,34.438051],[-80.242402,34.434637],[-80.242097,34.434643],[-80.241748,34.434623],[-80.240253,34.434405],[-80.239991,34.435617],[-80.239775,34.435585],[-80.239719,34.436246],[-80.238347,34.436042],[-80.238304,34.43768]]]}},{"type":"Feature","id":"45025:123 000 000 004","properties":{"id":"45025:123 000 000 004","parcelId":"123 000 000 004","countyFips":"45025","countyName":"Chesterfield","state":"South Carolina","marketIds":["Columbia"],"situsAddress":null,"situsCity":null,"situsZip":null,"jurisdictionCode":null,"ownerName":"KING ROACHEL DENT IV","ownerName2":null,"propertyName":null,"zoningCode":null,"zoningDistrict":null,"jurisdictionPrefix":null,"dorCode":null,"acreage":49.9604,"centroid":[-80.243454,34.433212],"lastSale":{"date":null,"price":null,"qualified":null},"tax":{"marketValue":null,"assessedValue":null,"taxableValue":null,"taxes":null},"mailingAddress":{"line1":null,"line2":null,"city":null,"state":null,"zip":null},"incomeTract":null,"incomeBlockGroup":null,"nearestRoad":null,"flu":null,"opportunityZone":null,"oz2Eligibility":null,"source":"sc-chesterfield-parcels-45025","appraiserUrl":null,"gisViewerUrl":"https://chesterfieldsc.wthgis.com/"},"geometry":{"type":"Polygon","coordinates":[[[-80.242102,34.434462],[-80.242243,34.434462],[-80.242662,34.434428],[-80.243174,34.434317],[-80.245959,34.433423],[-80.245929,34.432996],[-80.245933,34.432417],[-80.246126,34.43021],[-80.241253,34.429857],[-80.241011,34.434336],[-80.241607,34.434424],[-80.242102,34.434462]]]}},{"type":"Feature","id":"45025:123 000 000 025","properties":{"id":"45025:123 000 000 025","parcelId":"123 000 000 025","countyFips":"45025","countyName":"Chesterfield","state":"South Carolina","marketIds":["Columbia"],"situsAddress":null,"situsCity":null,"situsZip":null,"jurisdictionCode":null,"ownerName":"BROCK TERRY MICHAEL","ownerName2":null,"propertyName":null,"zoningCode":null,"zoningDistrict":null,"jurisdictionPrefix":null,"dorCode":null,"acreage":5.0031,"centroid":[-80.24044,34.432161],"lastSale":{"date":null,"price":null,"qualified":null},"tax":{"marketValue":null,"assessedValue":null,"taxableValue":null,"taxes":null},"mailingAddress":{"line1":null,"line2":null,"city":null,"state":null,"zip":null},"incomeTract":null,"incomeBlockGroup":null,"nearestRoad":null,"flu":null,"opportunityZone":null,"oz2Eligibility":null,"source":"sc-chesterfield-parcels-45025","appraiserUrl":null,"gisViewerUrl":"https://chesterfieldsc.wthgis.com/"},"geometry":{"type":"Polygon","coordinates":[[[-80.241087,34.4329],[-80.241157,34.431444],[-80.239752,34.431421],[-80.239765,34.432878],[-80.241087,34.4329]]]}},{"type":"Feature","id":"45025:123 000 000 001","properties":{"id":"45025:123 000 000 001","parcelId":"123 000 000 001","countyFips":"45025","countyName":"Chesterfield","state":"South Carolina","marketIds":["Columbia"],"situsAddress":null,"situsCity":null,"situsZip":null,"jurisdictionCode":null,"ownerName":"KING FARM HOLDINGS LLC","ownerName2":null,"propertyName":null,"zoningCode":null,"zoningDistrict":null,"jurisdictionPrefix":null,"dorCode":null,"acreage":104.5363,"centroid":[-80.245616,34.43702],"lastSale":{"date":null,"price":null,"qualified":null},"tax":{"marketValue":null,"assessedValue":null,"taxableValue":null,"taxes":null},"mailingAddress":{"line1":null,"line2":null,"city":null,"state":null,"zip":null},"incomeTract":null,"incomeBlockGroup":null,"nearestRoad":null,"flu":null,"opportunityZone":null,"oz2Eligibility":null,"source":"sc-chesterfield-parcels-45025","appraiserUrl":null,"gisViewerUrl":"https://chesterfieldsc.wthgis.com/"},"geometry":{"type":"Polygon","coordinates":[[[-80.247584,34.439323],[-80.248544,34.438981],[-80.246762,34.435809],[-80.246523,34.435354],[-80.246353,34.43497],[-80.246211,34.434578],[-80.246098,34.43418],[-80.245984,34.433609],[-80.243246,34.434489],[-80.242848,34.434582],[-80.242402,34.434637],[-80.24106,34.443064],[-80.24552,34.441258],[-80.247113,34.440427],[-80.247993,34.440045],[-80.247584,34.439323]]]}},{"type":"Feature","id":"45025:122 000 000 177","properties":{"id":"45025:122 000 000 177","parcelId":"122 000 000 177","countyFips":"45025","countyName":"Chesterfield","state":"South Carolina","marketIds":["Columbia"],"situsAddress":null,"situsCity":null,"situsZip":null,"jurisdictionCode":null,"ownerName":"KING FARM HOLDINGS LLC","ownerName2":null,"propertyName":null,"zoningCode":null,"zoningDistrict":null,"jurisdictionPrefix":null,"dorCode":null,"acreage":55.8676,"centroid":[-80.248091,34.442619],"lastSale":{"date":null,"price":null,"qualified":null},"tax":{"marketValue":null,"assessedValue":null,"taxableValue":null,"taxes":null},"mailingAddress":{"line1":null,"line2":null,"city":null,"state":null,"zip":null},"incomeTract":null,"incomeBlockGroup":null,"nearestRoad":null,"flu":null,"opportunityZone":null,"oz2Eligibility":null,"source":"sc-chesterfield-parcels-45025","appraiserUrl":null,"gisViewerUrl":"https://chesterfieldsc.wthgis.com/"},"geometry":{"type":"Polygon","coordinates":[[[-80.240861,34.443151],[-80.245602,34.444172],[-80.250402,34.445208],[-80.251145,34.443567],[-80.250443,34.442328],[-80.249796,34.442582],[-80.249597,34.442234],[-80.249346,34.442332],[-80.248638,34.441094],[-80.247707,34.441461],[-80.248033,34.442035],[-80.24552,34.441258],[-80.240861,34.443151]]]}},{"type":"Feature","id":"45025:124 000 000 003","properties":{"id":"45025:124 000 000 003","parcelId":"124 000 000 003","countyFips":"45025","countyName":"Chesterfield","state":"South Carolina","marketIds":["Columbia"],"situsAddress":null,"situsCity":null,"situsZip":null,"jurisdictionCode":null,"ownerName":"MCKENZIE EDWARD B","ownerName2":null,"propertyName":null,"zoningCode":null,"zoningDistrict":null,"jurisdictionPrefix":null,"dorCode":null,"acreage":68.3873,"centroid":[-80.243127,34.418788],"lastSale":{"date":null,"price":null,"qualified":null},"tax":{"marketValue":null,"assessedValue":null,"taxableValue":null,"taxes":null},"mailingAddress":{"line1":null,"line2":null,"city":null,"state":null,"zip":null},"incomeTract":null,"incomeBlockGroup":null,"nearestRoad":null,"flu":null,"opportunityZone":null,"oz2Eligibility":null,"source":"sc-chesterfield-parcels-45025","appraiserUrl":null,"gisViewerUrl":"https://chesterfieldsc.wthgis.com/"},"geometry":{"type":"MultiPolygon","coordinates":[[[[-80.239821,34.417821],[-80.240125,34.420555],[-80.246626,34.420136],[-80.246306,34.419026],[-80.246102,34.417749],[-80.239779,34.417441],[-80.239821,34.417821]]],[[[-80.246449,34.418613],[-80.246482,34.418803],[-80.246563,34.41918],[-80.246708,34.41967],[-80.252964,34.419267],[-80.250219,34.417198],[-80.247242,34.418218],[-80.246382,34.41816],[-80.246449,34.418613]]]]}},{"type":"Feature","id":"45025:124 000 000 034","properties":{"id":"45025:124 000 000 034","parcelId":"124 000 000 034","countyFips":"45025","countyName":"Chesterfield","state":"South Carolina","marketIds":["Columbia"],"situsAddress":null,"situsCity":null,"situsZip":null,"jurisdictionCode":null,"ownerName":"HELMS BOBBY & JEAN HELMS","ownerName2":null,"propertyName":null,"zoningCode":null,"zoningDistrict":null,"jurisdictionPrefix":null,"dorCode":null,"acreage":8.6817,"centroid":[-80.243273,34.42179],"lastSale":{"date":null,"price":null,"qualified":null},"tax":{"marketValue":null,"assessedValue":null,"taxableValue":null,"taxes":null},"mailingAddress":{"line1":null,"line2":null,"city":null,"state":null,"zip":null},"incomeTract":null,"incomeBlockGroup":null,"nearestRoad":null,"flu":null,"opportunityZone":null,"oz2Eligibility":null,"source":"sc-chesterfield-parcels-45025","appraiserUrl":null,"gisViewerUrl":"https://chesterfieldsc.wthgis.com/"},"geometry":{"type":"Polygon","coordinates":[[[-80.240252,34.421696],[-80.240316,34.422269],[-80.24626,34.421886],[-80.246263,34.42131],[-80.240252,34.421696]]]}},{"type":"Feature","id":"45025:124 000 000 035","properties":{"id":"45025:124 000 000 035","parcelId":"124 000 000 035","countyFips":"45025","countyName":"Chesterfield","state":"South Carolina","marketIds":["Columbia"],"situsAddress":null,"situsCity":null,"situsZip":null,"jurisdictionCode":null,"ownerName":"MCKENZIE EDWARD B","ownerName2":null,"propertyName":null,"zoningCode":null,"zoningDistrict":null,"jurisdictionPrefix":null,"dorCode":null,"acreage":19.1414,"centroid":[-80.244169,34.420934],"lastSale":{"date":null,"price":null,"qualified":null},"tax":{"marketValue":null,"assessedValue":null,"taxableValue":null,"taxes":null},"mailingAddress":{"line1":null,"line2":null,"city":null,"state":null,"zip":null},"incomeTract":null,"incomeBlockGroup":null,"nearestRoad":null,"flu":null,"opportunityZone":null,"oz2Eligibility":null,"source":"sc-chesterfield-parcels-45025","appraiserUrl":null,"gisViewerUrl":"https://chesterfieldsc.wthgis.com/"},"geometry":{"type":"Polygon","coordinates":[[[-80.240125,34.420555],[-80.240252,34.421696],[-80.246948,34.421266],[-80.246893,34.421019],[-80.246626,34.420136],[-80.240125,34.420555]]]}},{"type":"Feature","id":"45025:124 000 000 036","properties":{"id":"45025:124 000 000 036","parcelId":"124 000 000 036","countyFips":"45025","countyName":"Chesterfield","state":"South Carolina","marketIds":["Columbia"],"situsAddress":null,"situsCity":null,"situsZip":null,"jurisdictionCode":null,"ownerName":"TILLER KENNETH M & LORI M","ownerName2":null,"propertyName":null,"zoningCode":null,"zoningDistrict":null,"jurisdictionPrefix":null,"dorCode":null,"acreage":23.1366,"centroid":[-80.249241,34.420518],"lastSale":{"date":null,"price":null,"qualified":null},"tax":{"marketValue":80500.0,"assessedValue":null,"taxableValue":null,"taxes":null},"mailingAddress":{"line1":null,"line2":null,"city":null,"state":null,"zip":null},"incomeTract":null,"incomeBlockGroup":null,"nearestRoad":null,"flu":null,"opportunityZone":null,"oz2Eligibility":null,"source":"sc-chesterfield-parcels-45025","appraiserUrl":null,"gisViewerUrl":"https://chesterfieldsc.wthgis.com/"},"geometry":{"type":"Polygon","coordinates":[[[-80.247115,34.421012],[-80.247142,34.421121],[-80.247163,34.42123],[-80.254955,34.420732],[-80.252964,34.419267],[-80.24874,34.419539],[-80.248836,34.420562],[-80.247011,34.42068],[-80.247115,34.421012]]]}},{"type":"Feature","id":"45025:124 000 000 040","properties":{"id":"45025:124 000 000 040","parcelId":"124 000 000 040","countyFips":"45025","countyName":"Chesterfield","state":"South Carolina","marketIds":["Columbia"],"situsAddress":null,"situsCity":null,"situsZip":null,"jurisdictionCode":null,"ownerName":"HELMS JEAN E & BOBBY L","ownerName2":null,"propertyName":null,"zoningCode":null,"zoningDistrict":null,"jurisdictionPrefix":null,"dorCode":null,"acreage":9.4737,"centroid":[-80.244262,34.422315],"lastSale":{"date":null,"price":null,"qualified":null},"tax":{"marketValue":null,"assessedValue":null,"taxableValue":null,"taxes":null},"mailingAddress":{"line1":null,"line2":null,"city":null,"state":null,"zip":null},"incomeTract":null,"incomeBlockGroup":null,"nearestRoad":null,"flu":null,"opportunityZone":null,"oz2Eligibility":null,"source":"sc-chesterfield-parcels-45025","appraiserUrl":null,"gisViewerUrl":"https://chesterfieldsc.wthgis.com/"},"geometry":{"type":"Polygon","coordinates":[[[-80.240316,34.422269],[-80.240389,34.42293],[-80.245574,34.422596],[-80.245416,34.422177],[-80.246923,34.422077],[-80.246952,34.421842],[-80.240316,34.422269]]]}},{"type":"Feature","id":"45025:124 000 000 045","properties":{"id":"45025:124 000 000 045","parcelId":"124 000 000 045","countyFips":"45025","countyName":"Chesterfield","state":"South Carolina","marketIds":["Columbia"],"situsAddress":null,"situsCity":null,"situsZip":null,"jurisdictionCode":null,"ownerName":"HOPKINS JAMES E SR & CYNTHIA T","ownerName2":null,"propertyName":null,"zoningCode":null,"zoningDistrict":null,"jurisdictionPrefix":null,"dorCode":null,"acreage":13.2514,"centroid":[-80.243625,34.423133],"lastSale":{"date":null,"price":null,"qualified":null},"tax":{"marketValue":null,"assessedValue":null,"taxableValue":null,"taxes":null},"mailingAddress":{"line1":null,"line2":null,"city":null,"state":null,"zip":null},"incomeTract":null,"incomeBlockGroup":null,"nearestRoad":null,"flu":null,"opportunityZone":null,"oz2Eligibility":null,"source":"sc-chesterfield-parcels-45025","appraiserUrl":null,"gisViewerUrl":"https://chesterfieldsc.wthgis.com/"},"geometry":{"type":"Polygon","coordinates":[[[-80.240389,34.42293],[-80.240479,34.423731],[-80.246764,34.423361],[-80.246869,34.422512],[-80.240389,34.42293]]]}},{"type":"Feature","id":"45025:124 000 000 056","properties":{"id":"45025:124 000 000 056","parcelId":"124 000 000 056","countyFips":"45025","countyName":"Chesterfield","state":"South Carolina","marketIds":["Columbia"],"situsAddress":null,"situsCity":null,"situsZip":null,"jurisdictionCode":null,"ownerName":"ALLISON KEITH & MELANIE","ownerName2":null,"propertyName":null,"zoningCode":null,"zoningDistrict":null,"jurisdictionPrefix":null,"dorCode":null,"acreage":5.0004,"centroid":[-80.247628,34.420115],"lastSale":{"date":null,"price":null,"qualified":null},"tax":{"marketValue":null,"assessedValue":null,"taxableValue":null,"taxes":null},"mailingAddress":{"line1":null,"line2":null,"city":null,"state":null,"zip":null},"incomeTract":null,"incomeBlockGroup":null,"nearestRoad":null,"flu":null,"opportunityZone":null,"oz2Eligibility":null,"source":"sc-chesterfield-parcels-45025","appraiserUrl":null,"gisViewerUrl":"https://chesterfieldsc.wthgis.com/"},"geometry":{"type":"Polygon","coordinates":[[[-80.246845,34.420122],[-80.247011,34.42068],[-80.248836,34.420562],[-80.24874,34.419539],[-80.246708,34.41967],[-80.246845,34.420122]]]}},{"type":"Feature","id":"45025:124 000 000 062","properties":{"id":"45025:124 000 000 062","parcelId":"124 000 000 062","countyFips":"45025","countyName":"Chesterfield","state":"South Carolina","marketIds":["Columbia"],"situsAddress":null,"situsCity":null,"situsZip":null,"jurisdictionCode":null,"ownerName":"GANDY KENNETH B & LOIS","ownerName2":null,"propertyName":null,"zoningCode":null,"zoningDistrict":null,"jurisdictionPrefix":null,"dorCode":null,"acreage":53.3423,"centroid":[-80.247527,34.413999],"lastSale":{"date":null,"price":null,"qualified":null},"tax":{"marketValue":145400.0,"assessedValue":null,"taxableValue":null,"taxes":null},"mailingAddress":{"line1":null,"line2":null,"city":null,"state":null,"zip":null},"incomeTract":null,"incomeBlockGroup":null,"nearestRoad":null,"flu":null,"opportunityZone":null,"oz2Eligibility":null,"source":"sc-chesterfield-parcels-45025","appraiserUrl":null,"gisViewerUrl":"https://chesterfieldsc.wthgis.com/"},"geometry":{"type":"Polygon","coordinates":[[[-80.24575,34.413987],[-80.246225,34.417065],[-80.246461,34.416986],[-80.246987,34.416749],[-80.247272,34.41657],[-80.247498,34.416392],[-80.247689,34.416204],[-80.248142,34.415621],[-80.250774,34.411895],[-80.25003,34.41015],[-80.248475,34.410543],[-80.247771,34.410769],[-80.246914,34.411149],[-80.245394,34.41191],[-80.24575,34.413987]]]}},{"type":"Feature","id":"45025:124 000 000 075","properties":{"id":"45025:124 000 000 075","parcelId":"124 000 000 075","countyFips":"45025","countyName":"Chesterfield","state":"South Carolina","marketIds":["Columbia"],"situsAddress":null,"situsCity":null,"situsZip":null,"jurisdictionCode":null,"ownerName":"HOLLEY JERRY D & SYLVIA A","ownerName2":null,"propertyName":null,"zoningCode":null,"zoningDistrict":null,"jurisdictionPrefix":null,"dorCode":null,"acreage":21.0548,"centroid":[-80.243087,34.41393],"lastSale":{"date":null,"price":null,"qualified":null},"tax":{"marketValue":null,"assessedValue":null,"taxableValue":null,"taxes":null},"mailingAddress":{"line1":null,"line2":null,"city":null,"state":null,"zip":null},"incomeTract":null,"incomeBlockGroup":null,"nearestRoad":null,"flu":null,"opportunityZone":null,"oz2Eligibility":null,"source":"sc-chesterfield-parcels-45025","appraiserUrl":null,"gisViewerUrl":"https://chesterfieldsc.wthgis.com/"},"geometry":{"type":"Polygon","coordinates":[[[-80.245362,34.412967],[-80.245197,34.412021],[-80.24368,34.413133],[-80.242651,34.413738],[-80.240931,34.413764],[-80.241077,34.414259],[-80.24189,34.414112],[-80.242218,34.414675],[-80.242064,34.414888],[-80.245803,34.415747],[-80.245362,34.412967]]]}},{"type":"Feature","id":"45025:124 000 000 046","properties":{"id":"45025:124 000 000 046","parcelId":"124 000 000 046","countyFips":"45025","countyName":"Chesterfield","state":"South Carolina","marketIds":["Columbia"],"situsAddress":null,"situsCity":null,"situsZip":null,"jurisdictionCode":null,"ownerName":"MCKENZIE EDWARD B","ownerName2":null,"propertyName":null,"zoningCode":null,"zoningDistrict":null,"jurisdictionPrefix":null,"dorCode":null,"acreage":11.1258,"centroid":[-80.247842,34.417011],"lastSale":{"date":null,"price":null,"qualified":null},"tax":{"marketValue":null,"assessedValue":null,"taxableValue":null,"taxes":null},"mailingAddress":{"line1":null,"line2":null,"city":null,"state":null,"zip":null},"incomeTract":null,"incomeBlockGroup":null,"nearestRoad":null,"flu":null,"opportunityZone":null,"oz2Eligibility":null,"source":"sc-chesterfield-parcels-45025","appraiserUrl":null,"gisViewerUrl":"https://chesterfieldsc.wthgis.com/"},"geometry":{"type":"Polygon","coordinates":[[[-80.249402,34.416895],[-80.248083,34.416126],[-80.247983,34.416176],[-80.247653,34.41652],[-80.247274,34.416801],[-80.246927,34.416992],[-80.246549,34.417152],[-80.24625,34.417251],[-80.246382,34.41816],[-80.247242,34.418218],[-80.250219,34.417198],[-80.250141,34.416643],[-80.249402,34.416895]]]}},{"type":"Feature","id":"45025:125 000 000 001","properties":{"id":"45025:125 000 000 001","parcelId":"125 000 000 001","countyFips":"45025","countyName":"Chesterfield","state":"South Carolina","marketIds":["Columbia"],"situsAddress":null,"situsCity":null,"situsZip":null,"jurisdictionCode":null,"ownerName":"MOORE STEVE & MONIQUE","ownerName2":null,"propertyName":null,"zoningCode":null,"zoningDistrict":null,"jurisdictionPrefix":null,"dorCode":null,"acreage":60.0169,"centroid":[-80.249729,34.394952],"lastSale":{"date":null,"price":null,"qualified":null},"tax":{"marketValue":null,"assessedValue":null,"taxableValue":null,"taxes":null},"mailingAddress":{"line1":null,"line2":null,"city":null,"state":null,"zip":null},"incomeTract":null,"incomeBlockGroup":null,"nearestRoad":null,"flu":null,"opportunityZone":null,"oz2Eligibility":null,"source":"sc-chesterfield-parcels-45025","appraiserUrl":null,"gisViewerUrl":"https://chesterfieldsc.wthgis.com/"},"geometry":{"type":"Polygon","coordinates":[[[-80.245371,34.39551],[-80.249044,34.397089],[-80.249314,34.396864],[-80.250813,34.396645],[-80.254032,34.39591],[-80.252181,34.393684],[-80.251533,34.393598],[-80.247991,34.392172],[-80.247283,34.393099],[-80.245371,34.39551]]]}},{"type":"Feature","id":"45025:125 000 000 006","properties":{"id":"45025:125 000 000 006","parcelId":"125 000 000 006","countyFips":"45025","countyName":"Chesterfield","state":"South Carolina","marketIds":["Columbia"],"situsAddress":null,"situsCity":null,"situsZip":null,"jurisdictionCode":null,"ownerName":"PADDEN ROBERT AND BROOKE","ownerName2":null,"propertyName":null,"zoningCode":null,"zoningDistrict":null,"jurisdictionPrefix":null,"dorCode":null,"acreage":30.1277,"centroid":[-80.24487,34.397865],"lastSale":{"date":null,"price":null,"qualified":null},"tax":{"marketValue":null,"assessedValue":null,"taxableValue":null,"taxes":null},"mailingAddress":{"line1":null,"line2":null,"city":null,"state":null,"zip":null},"incomeTract":null,"incomeBlockGroup":null,"nearestRoad":null,"flu":null,"opportunityZone":null,"oz2Eligibility":null,"source":"sc-chesterfield-parcels-45025","appraiserUrl":null,"gisViewerUrl":"https://chesterfieldsc.wthgis.com/"},"geometry":{"type":"Polygon","coordinates":[[[-80.245325,34.399153],[-80.246235,34.399348],[-80.249044,34.397089],[-80.245371,34.39551],[-80.243988,34.397272],[-80.243857,34.397507],[-80.243757,34.397753],[-80.243709,34.397974],[-80.24369,34.398221],[-80.24372,34.398818],[-80.245325,34.399153]]]}},{"type":"Feature","id":"45025:101 000 000 046","properties":{"id":"45025:101 000 000 046","parcelId":"101 000 000 046","countyFips":"45025","countyName":"Chesterfield","state":"South Carolina","marketIds":["Columbia"],"situsAddress":null,"situsCity":null,"situsZip":null,"jurisdictionCode":null,"ownerName":"JORDAN COURTNEY M","ownerName2":null,"propertyName":null,"zoningCode":null,"zoningDistrict":null,"jurisdictionPrefix":null,"dorCode":null,"acreage":5.0028,"centroid":[-80.247368,34.402861],"lastSale":{"date":null,"price":null,"qualified":null},"tax":{"marketValue":null,"assessedValue":null,"taxableValue":null,"taxes":null},"mailingAddress":{"line1":null,"line2":null,"city":null,"state":null,"zip":null},"incomeTract":null,"incomeBlockGroup":null,"nearestRoad":null,"flu":null,"opportunityZone":null,"oz2Eligibility":null,"source":"sc-chesterfield-parcels-45025","appraiserUrl":null,"gisViewerUrl":"https://chesterfieldsc.wthgis.com/"},"geometry":{"type":"Polygon","coordinates":[[[-80.246323,34.403103],[-80.247468,34.404003],[-80.248261,34.40265],[-80.247854,34.402486],[-80.246932,34.402065],[-80.246323,34.403103]]]}},{"type":"Feature","id":"45025:124 000 000 018","properties":{"id":"45025:124 000 000 018","parcelId":"124 000 000 018","countyFips":"45025","countyName":"Chesterfield","state":"South Carolina","marketIds":["Columbia"],"situsAddress":null,"situsCity":null,"situsZip":null,"jurisdictionCode":null,"ownerName":"CHURCH UNION CHURCH OF MCBEE","ownerName2":null,"propertyName":null,"zoningCode":null,"zoningDistrict":null,"jurisdictionPrefix":null,"dorCode":null,"acreage":10.9069,"centroid":[-80.242548,34.400155],"lastSale":{"date":null,"price":null,"qualified":null},"tax":{"marketValue":null,"assessedValue":null,"taxableValue":null,"taxes":null},"mailingAddress":{"line1":null,"line2":null,"city":null,"state":null,"zip":null},"incomeTract":null,"incomeBlockGroup":null,"nearestRoad":null,"flu":null,"opportunityZone":null,"oz2Eligibility":null,"source":"sc-chesterfield-parcels-45025","appraiserUrl":null,"gisViewerUrl":"https://chesterfieldsc.wthgis.com/"},"geometry":{"type":"Polygon","coordinates":[[[-80.242439,34.40044],[-80.2416,34.400448],[-80.241619,34.401815],[-80.243674,34.401222],[-80.243489,34.398634],[-80.242465,34.398373],[-80.242439,34.40044]]]}},{"type":"Feature","id":"45025:124 000 000 065","properties":{"id":"45025:124 000 000 065","parcelId":"124 000 000 065","countyFips":"45025","countyName":"Chesterfield","state":"South Carolina","marketIds":["Columbia"],"situsAddress":null,"situsCity":null,"situsZip":null,"jurisdictionCode":null,"ownerName":"SULLIVAN SUSAN G","ownerName2":null,"propertyName":null,"zoningCode":null,"zoningDistrict":null,"jurisdictionPrefix":null,"dorCode":null,"acreage":7.059,"centroid":[-80.249498,34.40792],"lastSale":{"date":null,"price":null,"qualified":null},"tax":{"marketValue":null,"assessedValue":null,"taxableValue":null,"taxes":null},"mailingAddress":{"line1":null,"line2":null,"city":null,"state":null,"zip":null},"incomeTract":null,"incomeBlockGroup":null,"nearestRoad":null,"flu":null,"opportunityZone":null,"oz2Eligibility":null,"source":"sc-chesterfield-parcels-45025","appraiserUrl":null,"gisViewerUrl":"https://chesterfieldsc.wthgis.com/"},"geometry":{"type":"Polygon","coordinates":[[[-80.249058,34.407514],[-80.249207,34.407849],[-80.250183,34.409989],[-80.250834,34.409784],[-80.249121,34.40593],[-80.248586,34.406453],[-80.249058,34.407514]]]}},{"type":"Feature","id":"45025:123 000 000 023","properties":{"id":"45025:123 000 000 023","parcelId":"123 000 000 023","countyFips":"45025","countyName":"Chesterfield","state":"South Carolina","marketIds":["Columbia"],"situsAddress":null,"situsCity":null,"situsZip":null,"jurisdictionCode":null,"ownerName":"SULLIVAN RONNIE M","ownerName2":null,"propertyName":null,"zoningCode":null,"zoningDistrict":null,"jurisdictionPrefix":null,"dorCode":null,"acreage":29.9082,"centroid":[-80.243774,34.427832],"lastSale":{"date":null,"price":null,"qualified":null},"tax":{"marketValue":null,"assessedValue":null,"taxableValue":null,"taxes":null},"mailingAddress":{"line1":null,"line2":null,"city":null,"state":null,"zip":null},"incomeTract":null,"incomeBlockGroup":null,"nearestRoad":null,"flu":null,"opportunityZone":null,"oz2Eligibility":null,"source":"sc-chesterfield-parcels-45025","appraiserUrl":null,"gisViewerUrl":"https://chesterfieldsc.wthgis.com/"},"geometry":{"type":"Polygon","coordinates":[[[-80.242947,34.42998],[-80.246126,34.43021],[-80.246409,34.426814],[-80.243398,34.426986],[-80.243012,34.42698],[-80.242437,34.426917],[-80.242089,34.42694],[-80.242947,34.42998]]]}},{"type":"Feature","id":"45025:100 000 000 046","properties":{"id":"45025:100 000 000 046","parcelId":"100 000 000 046","countyFips":"45025","countyName":"Chesterfield","state":"South Carolina","marketIds":["Columbia"],"situsAddress":null,"situsCity":null,"situsZip":null,"jurisdictionCode":null,"ownerName":"GARDNER BLANCHE G","ownerName2":null,"propertyName":null,"zoningCode":null,"zoningDistrict":null,"jurisdictionPrefix":null,"dorCode":null,"acreage":5.0309,"centroid":[-80.247257,34.427779],"lastSale":{"date":null,"price":null,"qualified":null},"tax":{"marketValue":11500.0,"assessedValue":null,"taxableValue":null,"taxes":null},"mailingAddress":{"line1":null,"line2":null,"city":null,"state":null,"zip":null},"incomeTract":null,"incomeBlockGroup":null,"nearestRoad":null,"flu":null,"opportunityZone":null,"oz2Eligibility":null,"source":"sc-chesterfield-parcels-45025","appraiserUrl":null,"gisViewerUrl":"https://chesterfieldsc.wthgis.com/"},"geometry":{"type":"Polygon","coordinates":[[[-80.246454,34.428899],[-80.247861,34.428958],[-80.24806,34.426601],[-80.246642,34.426686],[-80.246638,34.426726],[-80.247199,34.426711],[-80.247193,34.428186],[-80.247225,34.428663],[-80.246481,34.428591],[-80.246454,34.428899]]]}},{"type":"Feature","id":"45025:124 000 000 060","properties":{"id":"45025:124 000 000 060","parcelId":"124 000 000 060","countyFips":"45025","countyName":"Chesterfield","state":"South Carolina","marketIds":["Columbia"],"situsAddress":null,"situsCity":null,"situsZip":null,"jurisdictionCode":null,"ownerName":"S & S FARM LIMITED PARTNERSHIP","ownerName2":null,"propertyName":null,"zoningCode":null,"zoningDistrict":null,"jurisdictionPrefix":null,"dorCode":null,"acreage":17.7252,"centroid":[-80.23348,34.417947],"lastSale":{"date":null,"price":null,"qualified":null},"tax":{"marketValue":null,"assessedValue":null,"taxableValue":null,"taxes":null},"mailingAddress":{"line1":null,"line2":null,"city":null,"state":null,"zip":null},"incomeTract":null,"incomeBlockGroup":null,"nearestRoad":null,"flu":null,"opportunityZone":null,"oz2Eligibility":null,"source":"sc-chesterfield-parcels-45025","appraiserUrl":null,"gisViewerUrl":"https://chesterfieldsc.wthgis.com/"},"geometry":{"type":"Polygon","coordinates":[[[-80.229505,34.418548],[-80.232329,34.419437],[-80.235109,34.417724],[-80.235272,34.417609],[-80.235478,34.417401],[-80.233188,34.416963],[-80.229505,34.418548]]]}},{"type":"Feature","id":"45025:124 000 000 009","properties":{"id":"45025:124 000 000 009","parcelId":"124 000 000 009","countyFips":"45025","countyName":"Chesterfield","state":"South Carolina","marketIds":["Columbia"],"situsAddress":null,"situsCity":null,"situsZip":null,"jurisdictionCode":null,"ownerName":"THOMPSON CAROLINE C L/E","ownerName2":null,"propertyName":null,"zoningCode":null,"zoningDistrict":null,"jurisdictionPrefix":null,"dorCode":null,"acreage":22.4165,"centroid":[-80.234939,34.419424],"lastSale":{"date":null,"price":null,"qualified":null},"tax":{"marketValue":null,"assessedValue":null,"taxableValue":null,"taxes":null},"mailingAddress":{"line1":null,"line2":null,"city":null,"state":null,"zip":null},"incomeTract":null,"incomeBlockGroup":null,"nearestRoad":null,"flu":null,"opportunityZone":null,"oz2Eligibility":null,"source":"sc-chesterfield-parcels-45025","appraiserUrl":null,"gisViewerUrl":"https://chesterfieldsc.wthgis.com/"},"geometry":{"type":"MultiPolygon","coordinates":[[[[-80.235344,34.417801],[-80.235292,34.417837],[-80.232486,34.419567],[-80.235597,34.422612],[-80.235976,34.419302],[-80.235344,34.417801]]],[[[-80.235661,34.417501],[-80.235629,34.417549],[-80.235588,34.417652],[-80.235589,34.417815],[-80.236025,34.418867],[-80.236181,34.41751],[-80.235687,34.417468],[-80.235661,34.417501]]]]}},{"type":"Feature","id":"45025:123 000 000 007","properties":{"id":"45025:123 000 000 007","parcelId":"123 000 000 007","countyFips":"45025","countyName":"Chesterfield","state":"South Carolina","marketIds":["Columbia"],"situsAddress":null,"situsCity":null,"situsZip":null,"jurisdictionCode":null,"ownerName":"MURFF GARY MILTON ETAL","ownerName2":null,"propertyName":null,"zoningCode":null,"zoningDistrict":null,"jurisdictionPrefix":null,"dorCode":null,"acreage":46.3298,"centroid":[-80.23295,34.421688],"lastSale":{"date":null,"price":null,"qualified":null},"tax":{"marketValue":null,"assessedValue":null,"taxableValue":null,"taxes":null},"mailingAddress":{"line1":null,"line2":null,"city":null,"state":null,"zip":null},"incomeTract":null,"incomeBlockGroup":null,"nearestRoad":null,"flu":null,"opportunityZone":null,"oz2Eligibility":null,"source":"sc-chesterfield-parcels-45025","appraiserUrl":null,"gisViewerUrl":"https://chesterfieldsc.wthgis.com/"},"geometry":{"type":"MultiPolygon","coordinates":[[[[-80.230091,34.421045],[-80.231685,34.423804],[-80.235442,34.423968],[-80.235597,34.422612],[-80.2331,34.420168],[-80.232573,34.420456],[-80.232163,34.419765],[-80.230091,34.421045]]],[[[-80.228823,34.418841],[-80.229795,34.420531],[-80.229994,34.420878],[-80.232329,34.419437],[-80.229505,34.418548],[-80.228823,34.418841]]]]}},{"type":"Feature","id":"45025:124 000 000 074","properties":{"id":"45025:124 000 000 074","parcelId":"124 000 000 074","countyFips":"45025","countyName":"Chesterfield","state":"South Carolina","marketIds":["Columbia"],"situsAddress":null,"situsCity":null,"situsZip":null,"jurisdictionCode":null,"ownerName":"HOLLEY JERRY D & SYLVIA A","ownerName2":null,"propertyName":null,"zoningCode":null,"zoningDistrict":null,"jurisdictionPrefix":null,"dorCode":null,"acreage":66.9319,"centroid":[-80.239451,34.415922],"lastSale":{"date":null,"price":null,"qualified":null},"tax":{"marketValue":6300.0,"assessedValue":null,"taxableValue":null,"taxes":null},"mailingAddress":{"line1":null,"line2":null,"city":null,"state":null,"zip":null},"incomeTract":null,"incomeBlockGroup":null,"nearestRoad":null,"flu":null,"opportunityZone":null,"oz2Eligibility":null,"source":"sc-chesterfield-parcels-45025","appraiserUrl":null,"gisViewerUrl":"https://chesterfieldsc.wthgis.com/"},"geometry":{"type":"Polygon","coordinates":[[[-80.246102,34.417749],[-80.24602,34.417189],[-80.245803,34.415747],[-80.242064,34.414888],[-80.24136,34.415033],[-80.241077,34.414259],[-80.240931,34.413764],[-80.238906,34.413778],[-80.238827,34.414188],[-80.238106,34.414187],[-80.238004,34.414755],[-80.236967,34.414753],[-80.236664,34.415653],[-80.237437,34.415829],[-80.237237,34.416388],[-80.237139,34.416366],[-80.23694,34.416916],[-80.236206,34.416749],[-80.235687,34.417468],[-80.238142,34.417676],[-80.238162,34.417599],[-80.239821,34.417821],[-80.239779,34.417441],[-80.246102,34.417749]]]}},{"type":"Feature","id":"45025:122 000 000 063","properties":{"id":"45025:122 000 000 063","parcelId":"122 000 000 063","countyFips":"45025","countyName":"Chesterfield","state":"South Carolina","marketIds":["Columbia"],"situsAddress":null,"situsCity":null,"situsZip":null,"jurisdictionCode":null,"ownerName":"MITCHELL JAMES","ownerName2":null,"propertyName":null,"zoningCode":null,"zoningDistrict":null,"jurisdictionPrefix":null,"dorCode":null,"acreage":6.1193,"centroid":[-80.218511,34.446416],"lastSale":{"date":null,"price":null,"qualified":null},"tax":{"marketValue":79900.0,"assessedValue":null,"taxableValue":null,"taxes":null},"mailingAddress":{"line1":null,"line2":null,"city":null,"state":null,"zip":null},"incomeTract":null,"incomeBlockGroup":null,"nearestRoad":null,"flu":null,"opportunityZone":null,"oz2Eligibility":null,"source":"sc-chesterfield-parcels-45025","appraiserUrl":null,"gisViewerUrl":"https://chesterfieldsc.wthgis.com/"},"geometry":{"type":"Polygon","coordinates":[[[-80.21828,34.446606],[-80.219546,34.446817],[-80.220712,34.444755],[-80.219419,34.444559],[-80.219014,34.445257],[-80.219967,34.445592],[-80.219755,34.445994],[-80.218789,34.445655],[-80.21828,34.446606]]]}},{"type":"Feature","id":"45025:123 000 000 010","properties":{"id":"45025:123 000 000 010","parcelId":"123 000 000 010","countyFips":"45025","countyName":"Chesterfield","state":"South Carolina","marketIds":["Columbia"],"situsAddress":null,"situsCity":null,"situsZip":null,"jurisdictionCode":null,"ownerName":"KING ROACHEL DENT IV","ownerName2":null,"propertyName":null,"zoningCode":null,"zoningDistrict":null,"jurisdictionPrefix":null,"dorCode":null,"acreage":6.3326,"centroid":[-80.222818,34.434425],"lastSale":{"date":null,"price":null,"qualified":null},"tax":{"marketValue":null,"assessedValue":null,"taxableValue":null,"taxes":null},"mailingAddress":{"line1":null,"line2":null,"city":null,"state":null,"zip":null},"incomeTract":null,"incomeBlockGroup":null,"nearestRoad":null,"flu":null,"opportunityZone":null,"oz2Eligibility":null,"source":"sc-chesterfield-parcels-45025","appraiserUrl":null,"gisViewerUrl":"https://chesterfieldsc.wthgis.com/"},"geometry":{"type":"Polygon","coordinates":[[[-80.2215,34.433851],[-80.221772,34.435398],[-80.222587,34.435287],[-80.22276,34.435227],[-80.22299,34.435094],[-80.223174,34.434917],[-80.223298,34.434708],[-80.223356,34.43448],[-80.223335,34.434142],[-80.22327,34.43397],[-80.223142,34.433824],[-80.222965,34.433718],[-80.222757,34.433664],[-80.22254,34.433667],[-80.2215,34.433851]]]}},{"type":"Feature","id":"45025:122 000 000 066","properties":{"id":"45025:122 000 000 066","parcelId":"122 000 000 066","countyFips":"45025","countyName":"Chesterfield","state":"South Carolina","marketIds":["Columbia"],"situsAddress":null,"situsCity":null,"situsZip":null,"jurisdictionCode":null,"ownerName":"LOWE RANDY","ownerName2":null,"propertyName":null,"zoningCode":null,"zoningDistrict":null,"jurisdictionPrefix":null,"dorCode":null,"acreage":41.1739,"centroid":[-80.233968,34.443799],"lastSale":{"date":null,"price":null,"qualified":null},"tax":{"marketValue":11400.0,"assessedValue":null,"taxableValue":null,"taxes":null},"mailingAddress":{"line1":null,"line2":null,"city":null,"state":null,"zip":null},"incomeTract":null,"incomeBlockGroup":null,"nearestRoad":null,"flu":null,"opportunityZone":null,"oz2Eligibility":null,"source":"sc-chesterfield-parcels-45025","appraiserUrl":null,"gisViewerUrl":"https://chesterfieldsc.wthgis.com/"},"geometry":{"type":"Polygon","coordinates":[[[-80.233723,34.4448],[-80.235812,34.44562],[-80.23744,34.442185],[-80.233073,34.441064],[-80.231046,34.443748],[-80.23314,34.44457],[-80.233464,34.444087],[-80.234048,34.444316],[-80.233723,34.4448]]]}},{"type":"Feature","id":"45025:123 000 000 012","properties":{"id":"45025:123 000 000 012","parcelId":"123 000 000 012","countyFips":"45025","countyName":"Chesterfield","state":"South Carolina","marketIds":["Columbia"],"situsAddress":null,"situsCity":null,"situsZip":null,"jurisdictionCode":null,"ownerName":"KING ROACHEL DENT IV","ownerName2":null,"propertyName":null,"zoningCode":null,"zoningDistrict":null,"jurisdictionPrefix":null,"dorCode":null,"acreage":76.8134,"centroid":[-80.237097,34.441299],"lastSale":{"date":null,"price":null,"qualified":null},"tax":{"marketValue":null,"assessedValue":null,"taxableValue":null,"taxes":null},"mailingAddress":{"line1":null,"line2":null,"city":null,"state":null,"zip":null},"incomeTract":null,"incomeBlockGroup":null,"nearestRoad":null,"flu":null,"opportunityZone":null,"oz2Eligibility":null,"source":"sc-chesterfield-parcels-45025","appraiserUrl":null,"gisViewerUrl":"https://chesterfieldsc.wthgis.com/"},"geometry":{"type":"Polygon","coordinates":[[[-80.23744,34.442185],[-80.237548,34.443378],[-80.237654,34.44455],[-80.24106,34.443064],[-80.241858,34.438051],[-80.237192,34.437564],[-80.235293,34.441277],[-80.23298,34.440611],[-80.232852,34.441008],[-80.23744,34.442185]]]}},{"type":"Feature","id":"45025:123 000 000 029","properties":{"id":"45025:123 000 000 029","parcelId":"123 000 000 029","countyFips":"45025","countyName":"Chesterfield","state":"South Carolina","marketIds":["Columbia"],"situsAddress":null,"situsCity":null,"situsZip":null,"jurisdictionCode":null,"ownerName":"KING GILLUM E IV","ownerName2":null,"propertyName":null,"zoningCode":null,"zoningDistrict":null,"jurisdictionPrefix":null,"dorCode":null,"acreage":22.6297,"centroid":[-80.23899,34.432285],"lastSale":{"date":null,"price":null,"qualified":null},"tax":{"marketValue":null,"assessedValue":null,"taxableValue":null,"taxes":null},"mailingAddress":{"line1":null,"line2":null,"city":null,"state":null,"zip":null},"incomeTract":null,"incomeBlockGroup":null,"nearestRoad":null,"flu":null,"opportunityZone":null,"oz2Eligibility":null,"source":"sc-chesterfield-parcels-45025","appraiserUrl":null,"gisViewerUrl":"https://chesterfieldsc.wthgis.com/"},"geometry":{"type":"Polygon","coordinates":[[[-80.238869,34.433472],[-80.239188,34.433531],[-80.239239,34.432869],[-80.239765,34.432878],[-80.239752,34.431421],[-80.241157,34.431444],[-80.241253,34.429857],[-80.237678,34.429597],[-80.237522,34.431597],[-80.238819,34.431667],[-80.238777,34.432579],[-80.238114,34.432569],[-80.238102,34.433119],[-80.237951,34.43375],[-80.238664,34.433924],[-80.238869,34.433472]]]}},{"type":"Feature","id":"45025:123 000 000 013","properties":{"id":"45025:123 000 000 013","parcelId":"123 000 000 013","countyFips":"45025","countyName":"Chesterfield","state":"South Carolina","marketIds":["Columbia"],"situsAddress":null,"situsCity":null,"situsZip":null,"jurisdictionCode":null,"ownerName":"PINEBUCK FARMS LLC ETAL","ownerName2":null,"propertyName":null,"zoningCode":null,"zoningDistrict":null,"jurisdictionPrefix":null,"dorCode":null,"acreage":133.2842,"centroid":[-80.237898,34.426064],"lastSale":{"date":null,"price":null,"qualified":null},"tax":{"marketValue":null,"assessedValue":null,"taxableValue":null,"taxes":null},"mailingAddress":{"line1":null,"line2":null,"city":null,"state":null,"zip":null},"incomeTract":null,"incomeBlockGroup":null,"nearestRoad":null,"flu":null,"opportunityZone":null,"oz2Eligibility":null,"source":"sc-chesterfield-parcels-45025","appraiserUrl":null,"gisViewerUrl":"https://chesterfieldsc.wthgis.com/"},"geometry":{"type":"MultiPolygon","coordinates":[[[[-80.234926,34.429397],[-80.237678,34.429597],[-80.242947,34.42998],[-80.242089,34.42694],[-80.242437,34.426917],[-80.242109,34.426847],[-80.241788,34.426753],[-80.241329,34.426572],[-80.240892,34.426336],[-80.240501,34.42605],[-80.24008,34.425644],[-80.237572,34.42292],[-80.237189,34.422383],[-80.236983,34.422018],[-80.236819,34.421672],[-80.236694,34.421348],[-80.236365,34.420235],[-80.235976,34.419302],[-80.235579,34.422771],[-80.236412,34.423788],[-80.237567,34.428363],[-80.237374,34.428581],[-80.237242,34.428409],[-80.237107,34.428304],[-80.236572,34.428094],[-80.235849,34.428046],[-80.235708,34.428078],[-80.235485,34.428191],[-80.235336,34.428209],[-80.235198,34.428175],[-80.235031,34.428067],[-80.234926,34.429397]]],[[[-80.239196,34.423064],[-80.239918,34.423757],[-80.238965,34.424143],[-80.240253,34.425532],[-80.240729,34.425981],[-80.239821,34.417821],[-80.238162,34.417599],[-80.238142,34.417676],[-80.236181,34.41751],[-80.236025,34.418867],[-80.236574,34.420184],[-80.236963,34.421458],[-80.237095,34.421766],[-80.237281,34.422125],[-80.237495,34.422473],[-80.237753,34.422818],[-80.238649,34.42246],[-80.239196,34.423064]]]]}},{"type":"Feature","id":"45025:096 000 000 002","properties":{"id":"45025:096 000 000 002","parcelId":"096 000 000 002","countyFips":"45025","countyName":"Chesterfield","state":"South Carolina","marketIds":["Columbia"],"situsAddress":null,"situsCity":null,"situsZip":null,"jurisdictionCode":null,"ownerName":"PETITGOUT JAMES E LIFE ESTATE","ownerName2":null,"propertyName":null,"zoningCode":null,"zoningDistrict":null,"jurisdictionPrefix":null,"dorCode":null,"acreage":12.0078,"centroid":[-80.247116,34.498266],"lastSale":{"date":null,"price":null,"qualified":null},"tax":{"marketValue":230900.0,"assessedValue":null,"taxableValue":null,"taxes":null},"mailingAddress":{"line1":null,"line2":null,"city":null,"state":null,"zip":null},"incomeTract":null,"incomeBlockGroup":null,"nearestRoad":null,"flu":null,"opportunityZone":null,"oz2Eligibility":null,"source":"sc-chesterfield-parcels-45025","appraiserUrl":null,"gisViewerUrl":"https://chesterfieldsc.wthgis.com/"},"geometry":{"type":"Polygon","coordinates":[[[-80.245101,34.498385],[-80.245289,34.49924],[-80.250123,34.498169],[-80.250107,34.497727],[-80.244961,34.497807],[-80.245101,34.498385]]]}},{"type":"Feature","id":"45025:119 000 000 001","properties":{"id":"45025:119 000 000 001","parcelId":"119 000 000 001","countyFips":"45025","countyName":"Chesterfield","state":"South Carolina","marketIds":["Columbia"],"situsAddress":null,"situsCity":null,"situsZip":null,"jurisdictionCode":null,"ownerName":"CAMPBELL JR LLC","ownerName2":null,"propertyName":null,"zoningCode":null,"zoningDistrict":null,"jurisdictionPrefix":null,"dorCode":null,"acreage":35.9788,"centroid":[-80.241887,34.499616],"lastSale":{"date":null,"price":null,"qualified":null},"tax":{"marketValue":59200.0,"assessedValue":null,"taxableValue":null,"taxes":null},"mailingAddress":{"line1":null,"line2":null,"city":null,"state":null,"zip":null},"incomeTract":null,"incomeBlockGroup":null,"nearestRoad":null,"flu":null,"opportunityZone":null,"oz2Eligibility":null,"source":"sc-chesterfield-parcels-45025","appraiserUrl":null,"gisViewerUrl":"https://chesterfieldsc.wthgis.com/"},"geometry":{"type":"Polygon","coordinates":[[[-80.239466,34.500338],[-80.239546,34.502282],[-80.240728,34.500651],[-80.243119,34.501731],[-80.245017,34.499122],[-80.244812,34.498183],[-80.244517,34.497052],[-80.241837,34.498389],[-80.240876,34.498779],[-80.24052,34.499501],[-80.240318,34.499746],[-80.239466,34.500338]]]}},{"type":"Feature","id":"45025:120 000 000 007","properties":{"id":"45025:120 000 000 007","parcelId":"120 000 000 007","countyFips":"45025","countyName":"Chesterfield","state":"South Carolina","marketIds":["Columbia"],"situsAddress":null,"situsCity":null,"situsZip":null,"jurisdictionCode":null,"ownerName":"MCLEOD FARMS INC","ownerName2":null,"propertyName":null,"zoningCode":null,"zoningDistrict":null,"jurisdictionPrefix":null,"dorCode":null,"acreage":39.2882,"centroid":[-80.245243,34.493345],"lastSale":{"date":null,"price":null,"qualified":null},"tax":{"marketValue":9600.0,"assessedValue":null,"taxableValue":null,"taxes":null},"mailingAddress":{"line1":null,"line2":null,"city":null,"state":null,"zip":null},"incomeTract":null,"incomeBlockGroup":null,"nearestRoad":null,"flu":null,"opportunityZone":null,"oz2Eligibility":null,"source":"sc-chesterfield-parcels-45025","appraiserUrl":null,"gisViewerUrl":"https://chesterfieldsc.wthgis.com/"},"geometry":{"type":"MultiPolygon","coordinates":[[[[-80.244394,34.495859],[-80.244609,34.495842],[-80.245299,34.495826],[-80.245598,34.495862],[-80.246768,34.493355],[-80.246308,34.493211],[-80.246804,34.492138],[-80.247265,34.492283],[-80.247756,34.491224],[-80.246187,34.490856],[-80.245824,34.491035],[-80.245398,34.491949],[-80.245224,34.492266],[-80.245025,34.492572],[-80.244799,34.492873],[-80.244546,34.493167],[-80.244272,34.493448],[-80.243933,34.493757],[-80.243863,34.493854],[-80.243821,34.493961],[-80.243811,34.494074],[-80.243832,34.494185],[-80.244394,34.495859]]],[[[-80.245373,34.495941],[-80.245294,34.495936],[-80.244916,34.495936],[-80.244429,34.495966],[-80.244683,34.496791],[-80.246774,34.496729],[-80.246949,34.496448],[-80.245675,34.496003],[-80.245373,34.495941]]],[[[-80.246224,34.497788],[-80.250107,34.497727],[-80.250103,34.497605],[-80.249979,34.496903],[-80.247333,34.496014],[-80.246224,34.497788]]]]}},{"type":"Feature","id":"45025:120 000 000 009","properties":{"id":"45025:120 000 000 009","parcelId":"120 000 000 009","countyFips":"45025","countyName":"Chesterfield","state":"South Carolina","marketIds":["Columbia"],"situsAddress":null,"situsCity":null,"situsZip":null,"jurisdictionCode":null,"ownerName":"SOWELL CHARLES W JR & DENISE","ownerName2":null,"propertyName":null,"zoningCode":null,"zoningDistrict":null,"jurisdictionPrefix":null,"dorCode":null,"acreage":7.3404,"centroid":[-80.234757,34.497411],"lastSale":{"date":null,"price":null,"qualified":null},"tax":{"marketValue":114900.0,"assessedValue":null,"taxableValue":null,"taxes":null},"mailingAddress":{"line1":null,"line2":null,"city":null,"state":null,"zip":null},"incomeTract":null,"incomeBlockGroup":null,"nearestRoad":null,"flu":null,"opportunityZone":null,"oz2Eligibility":null,"source":"sc-chesterfield-parcels-45025","appraiserUrl":null,"gisViewerUrl":"https://chesterfieldsc.wthgis.com/"},"geometry":{"type":"Polygon","coordinates":[[[-80.234957,34.496998],[-80.23348,34.497728],[-80.233212,34.497861],[-80.233712,34.498549],[-80.236834,34.497004],[-80.236347,34.496329],[-80.234957,34.496998]]]}},{"type":"Feature","id":"45025:120 000 000 018","properties":{"id":"45025:120 000 000 018","parcelId":"120 000 000 018","countyFips":"45025","countyName":"Chesterfield","state":"South Carolina","marketIds":["Columbia"],"situsAddress":null,"situsCity":null,"situsZip":null,"jurisdictionCode":null,"ownerName":"AMERICAN TOWERS LLC","ownerName2":null,"propertyName":null,"zoningCode":null,"zoningDistrict":null,"jurisdictionPrefix":null,"dorCode":null,"acreage":7.5729,"centroid":[-80.243238,34.491376],"lastSale":{"date":null,"price":null,"qualified":null},"tax":{"marketValue":null,"assessedValue":null,"taxableValue":null,"taxes":null},"mailingAddress":{"line1":null,"line2":null,"city":null,"state":null,"zip":null},"incomeTract":null,"incomeBlockGroup":null,"nearestRoad":null,"flu":null,"opportunityZone":null,"oz2Eligibility":null,"source":"sc-chesterfield-parcels-45025","appraiserUrl":null,"gisViewerUrl":"https://chesterfieldsc.wthgis.com/"},"geometry":{"type":"Polygon","coordinates":[[[-80.242596,34.490281],[-80.241339,34.49294],[-80.244834,34.491208],[-80.243729,34.491334],[-80.243693,34.491117],[-80.242596,34.490281]]]}},{"type":"Feature","id":"45025:120 000 000 023","properties":{"id":"45025:120 000 000 023","parcelId":"120 000 000 023","countyFips":"45025","countyName":"Chesterfield","state":"South Carolina","marketIds":["Columbia"],"situsAddress":null,"situsCity":null,"situsZip":null,"jurisdictionCode":null,"ownerName":"COLLINS MAC LLC","ownerName2":null,"propertyName":null,"zoningCode":null,"zoningDistrict":null,"jurisdictionPrefix":null,"dorCode":null,"acreage":122.9071,"centroid":[-80.239252,34.497394],"lastSale":{"date":null,"price":null,"qualified":null},"tax":{"marketValue":null,"assessedValue":null,"taxableValue":null,"taxes":null},"mailingAddress":{"line1":null,"line2":null,"city":null,"state":null,"zip":null},"incomeTract":null,"incomeBlockGroup":null,"nearestRoad":null,"flu":null,"opportunityZone":null,"oz2Eligibility":null,"source":"sc-chesterfield-parcels-45025","appraiserUrl":null,"gisViewerUrl":"https://chesterfieldsc.wthgis.com/"},"geometry":{"type":"Polygon","coordinates":[[[-80.232104,34.501691],[-80.235218,34.504002],[-80.237396,34.501243],[-80.236805,34.500827],[-80.240876,34.498779],[-80.241837,34.498389],[-80.244517,34.497052],[-80.243592,34.494201],[-80.243354,34.494198],[-80.242913,34.494455],[-80.242446,34.49468],[-80.241958,34.49487],[-80.241451,34.495025],[-80.238007,34.495774],[-80.237162,34.496022],[-80.236347,34.496329],[-80.236834,34.497004],[-80.233712,34.498549],[-80.232104,34.501691]]]}},{"type":"Feature","id":"45025:125 000 000 005","properties":{"id":"45025:125 000 000 005","parcelId":"125 000 000 005","countyFips":"45025","countyName":"Chesterfield","state":"South Carolina","marketIds":["Columbia"],"situsAddress":null,"situsCity":null,"situsZip":null,"jurisdictionCode":null,"ownerName":"ATLANTIC COAST TIMBERLANDS LLC","ownerName2":null,"propertyName":null,"zoningCode":null,"zoningDistrict":null,"jurisdictionPrefix":null,"dorCode":null,"acreage":45.8292,"centroid":[-80.247916,34.389355],"lastSale":{"date":null,"price":null,"qualified":null},"tax":{"marketValue":null,"assessedValue":null,"taxableValue":null,"taxes":null},"mailingAddress":{"line1":null,"line2":null,"city":null,"state":null,"zip":null},"incomeTract":null,"incomeBlockGroup":null,"nearestRoad":null,"flu":null,"opportunityZone":null,"oz2Eligibility":null,"source":"sc-chesterfield-parcels-45025","appraiserUrl":null,"gisViewerUrl":"https://chesterfieldsc.wthgis.com/"},"geometry":{"type":"Polygon","coordinates":[[[-80.246801,34.391098],[-80.248134,34.391617],[-80.248224,34.391431],[-80.249296,34.388734],[-80.249525,34.388337],[-80.250618,34.386811],[-80.250761,34.386529],[-80.250812,34.386357],[-80.250838,34.386182],[-80.241505,34.390791],[-80.244457,34.391213],[-80.245491,34.391059],[-80.246448,34.39145],[-80.246801,34.391098]]]}},{"type":"Feature","id":"45025:142 000 000 006","properties":{"id":"45025:142 000 000 006","parcelId":"142 000 000 006","countyFips":"45025","countyName":"Chesterfield","state":"South Carolina","marketIds":["Columbia"],"situsAddress":null,"situsCity":null,"situsZip":null,"jurisdictionCode":null,"ownerName":"SANCTUARY LAND & LAKE LLC","ownerName2":null,"propertyName":null,"zoningCode":null,"zoningDistrict":null,"jurisdictionPrefix":null,"dorCode":null,"acreage":82.6686,"centroid":[-80.179964,34.484947],"lastSale":{"date":null,"price":null,"qualified":null},"tax":{"marketValue":null,"assessedValue":null,"taxableValue":null,"taxes":null},"mailingAddress":{"line1":null,"line2":null,"city":null,"state":null,"zip":null},"incomeTract":null,"incomeBlockGroup":null,"nearestRoad":null,"flu":null,"opportunityZone":null,"oz2Eligibility":null,"source":"sc-chesterfield-parcels-45025","appraiserUrl":null,"gisViewerUrl":"https://chesterfieldsc.wthgis.com/"},"geometry":{"type":"Polygon","coordinates":[[[-80.180612,34.488925],[-80.182444,34.48904],[-80.183921,34.482779],[-80.183143,34.48257],[-80.182931,34.482704],[-80.181525,34.484321],[-80.175781,34.483547],[-80.174583,34.485186],[-80.174733,34.485452],[-80.180612,34.488925]]]}},{"type":"Feature","id":"45025:163 000 000 032","properties":{"id":"45025:163 000 000 032","parcelId":"163 000 000 032","countyFips":"45025","countyName":"Chesterfield","state":"South Carolina","marketIds":["Columbia"],"situsAddress":null,"situsCity":null,"situsZip":null,"jurisdictionCode":null,"ownerName":"RENERT CHERYLL A","ownerName2":null,"propertyName":null,"zoningCode":null,"zoningDistrict":null,"jurisdictionPrefix":null,"dorCode":null,"acreage":5.4016,"centroid":[-80.167985,34.496238],"lastSale":{"date":null,"price":null,"qualified":null},"tax":{"marketValue":null,"assessedValue":null,"taxableValue":null,"taxes":null},"mailingAddress":{"line1":null,"line2":null,"city":null,"state":null,"zip":null},"incomeTract":null,"incomeBlockGroup":null,"nearestRoad":null,"flu":null,"opportunityZone":null,"oz2Eligibility":null,"source":"sc-chesterfield-parcels-45025","appraiserUrl":null,"gisViewerUrl":"https://chesterfieldsc.wthgis.com/"},"geometry":{"type":"Polygon","coordinates":[[[-80.167884,34.496711],[-80.167927,34.496842],[-80.167965,34.496975],[-80.16921,34.496617],[-80.168847,34.495143],[-80.167264,34.495598],[-80.167439,34.495825],[-80.167583,34.496052],[-80.167749,34.496376],[-80.167884,34.496711]]]}},{"type":"Feature","id":"45025:163 000 000 033","properties":{"id":"45025:163 000 000 033","parcelId":"163 000 000 033","countyFips":"45025","countyName":"Chesterfield","state":"South Carolina","marketIds":["Columbia"],"situsAddress":null,"situsCity":null,"situsZip":null,"jurisdictionCode":null,"ownerName":"SMITH DANNY JR ETAL","ownerName2":null,"propertyName":null,"zoningCode":null,"zoningDistrict":null,"jurisdictionPrefix":null,"dorCode":null,"acreage":8.4719,"centroid":[-80.167667,34.494367],"lastSale":{"date":null,"price":null,"qualified":null},"tax":{"marketValue":null,"assessedValue":null,"taxableValue":null,"taxes":null},"mailingAddress":{"line1":null,"line2":null,"city":null,"state":null,"zip":null},"incomeTract":null,"incomeBlockGroup":null,"nearestRoad":null,"flu":null,"opportunityZone":null,"oz2Eligibility":null,"source":"sc-chesterfield-parcels-45025","appraiserUrl":null,"gisViewerUrl":"https://chesterfieldsc.wthgis.com/"},"geometry":{"type":"Polygon","coordinates":[[[-80.167139,34.495451],[-80.167264,34.495598],[-80.168847,34.495143],[-80.168353,34.493134],[-80.167519,34.492688],[-80.166662,34.493828],[-80.167883,34.49473],[-80.167139,34.495451]]]}},{"type":"Feature","id":"45025:163 000 000 042","properties":{"id":"45025:163 000 000 042","parcelId":"163 000 000 042","countyFips":"45025","countyName":"Chesterfield","state":"South Carolina","marketIds":["Columbia"],"situsAddress":null,"situsCity":null,"situsZip":null,"jurisdictionCode":null,"ownerName":"LETT AMANDA GAIL","ownerName2":null,"propertyName":null,"zoningCode":null,"zoningDistrict":null,"jurisdictionPrefix":null,"dorCode":null,"acreage":6.4889,"centroid":[-80.166901,34.49769],"lastSale":{"date":null,"price":null,"qualified":null},"tax":{"marketValue":null,"assessedValue":null,"taxableValue":null,"taxes":null},"mailingAddress":{"line1":null,"line2":null,"city":null,"state":null,"zip":null},"incomeTract":null,"incomeBlockGroup":null,"nearestRoad":null,"flu":null,"opportunityZone":null,"oz2Eligibility":null,"source":"sc-chesterfield-parcels-45025","appraiserUrl":null,"gisViewerUrl":"https://chesterfieldsc.wthgis.com/"},"geometry":{"type":"Polygon","coordinates":[[[-80.165246,34.498027],[-80.165937,34.498818],[-80.167885,34.497727],[-80.167793,34.497195],[-80.167646,34.496684],[-80.165246,34.498027]]]}},{"type":"Feature","id":"45025:163 000 000 043","properties":{"id":"45025:163 000 000 043","parcelId":"163 000 000 043","countyFips":"45025","countyName":"Chesterfield","state":"South Carolina","marketIds":["Columbia"],"situsAddress":null,"situsCity":null,"situsZip":null,"jurisdictionCode":null,"ownerName":"MEHL RAY PAUL","ownerName2":null,"propertyName":null,"zoningCode":null,"zoningDistrict":null,"jurisdictionPrefix":null,"dorCode":null,"acreage":5.6709,"centroid":[-80.167495,34.498683],"lastSale":{"date":null,"price":null,"qualified":null},"tax":{"marketValue":5800.0,"assessedValue":null,"taxableValue":null,"taxes":null},"mailingAddress":{"line1":null,"line2":null,"city":null,"state":null,"zip":null},"incomeTract":null,"incomeBlockGroup":null,"nearestRoad":null,"flu":null,"opportunityZone":null,"oz2Eligibility":null,"source":"sc-chesterfield-parcels-45025","appraiserUrl":null,"gisViewerUrl":"https://chesterfieldsc.wthgis.com/"},"geometry":{"type":"Polygon","coordinates":[[[-80.165937,34.498818],[-80.166742,34.499738],[-80.167957,34.499103],[-80.167989,34.498776],[-80.167991,34.49846],[-80.167963,34.498161],[-80.167885,34.497727],[-80.165937,34.498818]]]}},{"type":"Feature","id":"45025:142 000 000 001","properties":{"id":"45025:142 000 000 001","parcelId":"142 000 000 001","countyFips":"45025","countyName":"Chesterfield","state":"South Carolina","marketIds":["Columbia"],"situsAddress":null,"situsCity":null,"situsZip":null,"jurisdictionCode":null,"ownerName":"PERDUE MARY B","ownerName2":null,"propertyName":null,"zoningCode":null,"zoningDistrict":null,"jurisdictionPrefix":null,"dorCode":null,"acreage":20.8457,"centroid":[-80.191418,34.489739],"lastSale":{"date":null,"price":null,"qualified":null},"tax":{"marketValue":null,"assessedValue":null,"taxableValue":null,"taxes":null},"mailingAddress":{"line1":null,"line2":null,"city":null,"state":null,"zip":null},"incomeTract":null,"incomeBlockGroup":null,"nearestRoad":null,"flu":null,"opportunityZone":null,"oz2Eligibility":null,"source":"sc-chesterfield-parcels-45025","appraiserUrl":null,"gisViewerUrl":"https://chesterfieldsc.wthgis.com/"},"geometry":{"type":"Polygon","coordinates":[[[-80.191061,34.487601],[-80.190815,34.488199],[-80.190658,34.493968],[-80.192234,34.493885],[-80.192035,34.490303],[-80.191684,34.487064],[-80.19144,34.48715],[-80.191061,34.487601]]]}},{"type":"Feature","id":"45025:142 000 000 003","properties":{"id":"45025:142 000 000 003","parcelId":"142 000 000 003","countyFips":"45025","countyName":"Chesterfield","state":"South Carolina","marketIds":["Columbia"],"situsAddress":null,"situsCity":null,"situsZip":null,"jurisdictionCode":null,"ownerName":"SANCTUARY LAND & LAKE LLC","ownerName2":null,"propertyName":null,"zoningCode":null,"zoningDistrict":null,"jurisdictionPrefix":null,"dorCode":null,"acreage":110.2636,"centroid":[-80.184732,34.489816],"lastSale":{"date":null,"price":null,"qualified":null},"tax":{"marketValue":null,"assessedValue":null,"taxableValue":null,"taxes":null},"mailingAddress":{"line1":null,"line2":null,"city":null,"state":null,"zip":null},"incomeTract":null,"incomeBlockGroup":null,"nearestRoad":null,"flu":null,"opportunityZone":null,"oz2Eligibility":null,"source":"sc-chesterfield-parcels-45025","appraiserUrl":null,"gisViewerUrl":"https://chesterfieldsc.wthgis.com/"},"geometry":{"type":"Polygon","coordinates":[[[-80.182444,34.48904],[-80.181838,34.49214],[-80.182522,34.492382],[-80.183603,34.492814],[-80.184378,34.493162],[-80.186791,34.494331],[-80.186434,34.490435],[-80.187293,34.487199],[-80.1881,34.483878],[-80.183921,34.482779],[-80.182444,34.48904]]]}},{"type":"Feature","id":"45025:142 000 000 004","properties":{"id":"45025:142 000 000 004","parcelId":"142 000 000 004","countyFips":"45025","countyName":"Chesterfield","state":"South Carolina","marketIds":["Columbia"],"situsAddress":null,"situsCity":null,"situsZip":null,"jurisdictionCode":null,"ownerName":"JOHNSON L ELOIT","ownerName2":null,"propertyName":null,"zoningCode":null,"zoningDistrict":null,"jurisdictionPrefix":null,"dorCode":null,"acreage":49.5723,"centroid":[-80.180807,34.493604],"lastSale":{"date":null,"price":null,"qualified":null},"tax":{"marketValue":null,"assessedValue":null,"taxableValue":null,"taxes":null},"mailingAddress":{"line1":null,"line2":null,"city":null,"state":null,"zip":null},"incomeTract":null,"incomeBlockGroup":null,"nearestRoad":null,"flu":null,"opportunityZone":null,"oz2Eligibility":null,"source":"sc-chesterfield-parcels-45025","appraiserUrl":null,"gisViewerUrl":"https://chesterfieldsc.wthgis.com/"},"geometry":{"type":"MultiPolygon","coordinates":[[[[-80.179655,34.492273],[-80.179722,34.492829],[-80.180463,34.499041],[-80.182596,34.498231],[-80.18199,34.493424],[-80.181364,34.493174],[-80.1812,34.492038],[-80.180754,34.491873],[-80.180434,34.49173],[-80.179896,34.491429],[-80.179655,34.492273]]],[[[-80.180612,34.488925],[-80.179938,34.491284],[-80.180518,34.491612],[-80.180828,34.49175],[-80.181838,34.49214],[-80.182444,34.48904],[-80.180612,34.488925]]]]}},{"type":"Feature","id":"45025:143 000 000 006","properties":{"id":"45025:143 000 000 006","parcelId":"143 000 000 006","countyFips":"45025","countyName":"Chesterfield","state":"South Carolina","marketIds":["Columbia"],"situsAddress":null,"situsCity":null,"situsZip":null,"jurisdictionCode":null,"ownerName":"REDFEARN JEAN H & SPRING LAKE","ownerName2":null,"propertyName":null,"zoningCode":null,"zoningDistrict":null,"jurisdictionPrefix":null,"dorCode":null,"acreage":52.1192,"centroid":[-80.176095,34.472504],"lastSale":{"date":null,"price":null,"qualified":null},"tax":{"marketValue":null,"assessedValue":null,"taxableValue":null,"taxes":null},"mailingAddress":{"line1":null,"line2":null,"city":null,"state":null,"zip":null},"incomeTract":null,"incomeBlockGroup":null,"nearestRoad":null,"flu":null,"opportunityZone":null,"oz2Eligibility":null,"source":"sc-chesterfield-parcels-45025","appraiserUrl":null,"gisViewerUrl":"https://chesterfieldsc.wthgis.com/"},"geometry":{"type":"MultiPolygon","coordinates":[[[[-80.173498,34.46872],[-80.173558,34.468956],[-80.173619,34.469479],[-80.174192,34.469836],[-80.174761,34.469946],[-80.174761,34.470709],[-80.174553,34.471733],[-80.174627,34.472647],[-80.175688,34.474078],[-80.176068,34.473956],[-80.176456,34.474268],[-80.176375,34.474457],[-80.175758,34.474782],[-80.175567,34.474948],[-80.175472,34.475079],[-80.175387,34.475297],[-80.17537,34.475449],[-80.175434,34.476096],[-80.175815,34.476292],[-80.177895,34.476254],[-80.177906,34.476011],[-80.179625,34.475989],[-80.179565,34.475667],[-80.179482,34.475418],[-80.178816,34.474013],[-80.178386,34.473182],[-80.178264,34.473012],[-80.177986,34.472702],[-80.177238,34.472045],[-80.177016,34.47181],[-80.176904,34.471592],[-80.176521,34.470616],[-80.176363,34.470302],[-80.176124,34.469981],[-80.175657,34.469483],[-80.175501,34.469342],[-80.175275,34.469217],[-80.174849,34.469077],[-80.173795,34.468875],[-80.173659,34.468828],[-80.173498,34.46872]]],[[[-80.173306,34.468116],[-80.1733,34.46798],[-80.172748,34.468008],[-80.17293,34.468396],[-80.173334,34.468372],[-80.173306,34.468116]]],[[[-80.175482,34.46908],[-80.173503,34.4684],[-80.173531,34.46852],[-80.173571,34.468578],[-80.173642,34.468649],[-80.173741,34.468707],[-80.173998,34.46878],[-80.1749,34.468946],[-80.175353,34.469096],[-80.175609,34.469237],[-80.175783,34.469394],[-80.17626,34.469903],[-80.176512,34.470243],[-80.176677,34.470569],[-80.177061,34.471545],[-80.177162,34.471745],[-80.177364,34.471955],[-80.178114,34.472615],[-80.178404,34.472939],[-80.178534,34.47312],[-80.178964,34.473951],[-80.17964,34.475377],[-80.179726,34.475633],[-80.179785,34.475882],[-80.179791,34.475987],[-80.179876,34.475986],[-80.17987,34.475704],[-80.178444,34.472893],[-80.177264,34.471725],[-80.176405,34.469949],[-80.175482,34.46908]]]]}},{"type":"Feature","id":"45025:163 000 000 039","properties":{"id":"45025:163 000 000 039","parcelId":"163 000 000 039","countyFips":"45025","countyName":"Chesterfield","state":"South Carolina","marketIds":["Columbia"],"situsAddress":null,"situsCity":null,"situsZip":null,"jurisdictionCode":null,"ownerName":"YATES JANE M","ownerName2":null,"propertyName":null,"zoningCode":null,"zoningDistrict":null,"jurisdictionPrefix":null,"dorCode":null,"acreage":5.7304,"centroid":[-80.165037,34.495144],"lastSale":{"date":null,"price":null,"qualified":null},"tax":{"marketValue":123900.0,"assessedValue":null,"taxableValue":null,"taxes":null},"mailingAddress":{"line1":null,"line2":null,"city":null,"state":null,"zip":null},"incomeTract":null,"incomeBlockGroup":null,"nearestRoad":null,"flu":null,"opportunityZone":null,"oz2Eligibility":null,"source":"sc-chesterfield-parcels-45025","appraiserUrl":null,"gisViewerUrl":"https://chesterfieldsc.wthgis.com/"},"geometry":{"type":"Polygon","coordinates":[[[-80.164065,34.495344],[-80.16505,34.496311],[-80.166101,34.494811],[-80.164932,34.494111],[-80.164065,34.495344]]]}},{"type":"Feature","id":"45025:163 000 000 040","properties":{"id":"45025:163 000 000 040","parcelId":"163 000 000 040","countyFips":"45025","countyName":"Chesterfield","state":"South Carolina","marketIds":["Columbia"],"situsAddress":null,"situsCity":null,"situsZip":null,"jurisdictionCode":null,"ownerName":"HUNNICUTT VIVIAN ETALS","ownerName2":null,"propertyName":null,"zoningCode":null,"zoningDistrict":null,"jurisdictionPrefix":null,"dorCode":null,"acreage":30.9971,"centroid":[-80.165686,34.496591],"lastSale":{"date":null,"price":null,"qualified":null},"tax":{"marketValue":null,"assessedValue":null,"taxableValue":null,"taxes":null},"mailingAddress":{"line1":null,"line2":null,"city":null,"state":null,"zip":null},"incomeTract":null,"incomeBlockGroup":null,"nearestRoad":null,"flu":null,"opportunityZone":null,"oz2Eligibility":null,"source":"sc-chesterfield-parcels-45025","appraiserUrl":null,"gisViewerUrl":"https://chesterfieldsc.wthgis.com/"},"geometry":{"type":"Polygon","coordinates":[[[-80.16102,34.499745],[-80.161342,34.500112],[-80.166246,34.497368],[-80.165828,34.496889],[-80.166406,34.496566],[-80.166824,34.497045],[-80.167614,34.496602],[-80.167469,34.496284],[-80.16725,34.495917],[-80.166972,34.495569],[-80.166663,34.495247],[-80.166442,34.495059],[-80.166101,34.494811],[-80.16505,34.496311],[-80.164065,34.495344],[-80.16102,34.499745]]]}},{"type":"Feature","id":"45025:163 000 000 045","properties":{"id":"45025:163 000 000 045","parcelId":"163 000 000 045","countyFips":"45025","countyName":"Chesterfield","state":"South Carolina","marketIds":["Columbia"],"situsAddress":null,"situsCity":null,"situsZip":null,"jurisdictionCode":null,"ownerName":"BROWN GEORGENA J","ownerName2":null,"propertyName":null,"zoningCode":null,"zoningDistrict":null,"jurisdictionPrefix":null,"dorCode":null,"acreage":5.2087,"centroid":[-80.165755,34.49921],"lastSale":{"date":null,"price":null,"qualified":null},"tax":{"marketValue":null,"assessedValue":null,"taxableValue":null,"taxes":null},"mailingAddress":{"line1":null,"line2":null,"city":null,"state":null,"zip":null},"incomeTract":null,"incomeBlockGroup":null,"nearestRoad":null,"flu":null,"opportunityZone":null,"oz2Eligibility":null,"source":"sc-chesterfield-parcels-45025","appraiserUrl":null,"gisViewerUrl":"https://chesterfieldsc.wthgis.com/"},"geometry":{"type":"Polygon","coordinates":[[[-80.16454,34.498422],[-80.16618,34.500296],[-80.167053,34.500094],[-80.165246,34.498027],[-80.16454,34.498422]]]}},{"type":"Feature","id":"45025:163 000 000 046","properties":{"id":"45025:163 000 000 046","parcelId":"163 000 000 046","countyFips":"45025","countyName":"Chesterfield","state":"South Carolina","marketIds":["Columbia"],"situsAddress":null,"situsCity":null,"situsZip":null,"jurisdictionCode":null,"ownerName":"MELTON RENEE P","ownerName2":null,"propertyName":null,"zoningCode":null,"zoningDistrict":null,"jurisdictionPrefix":null,"dorCode":null,"acreage":6.0137,"centroid":[-80.164846,34.499553],"lastSale":{"date":null,"price":null,"qualified":null},"tax":{"marketValue":null,"assessedValue":null,"taxableValue":null,"taxes":null},"mailingAddress":{"line1":null,"line2":null,"city":null,"state":null,"zip":null},"incomeTract":null,"incomeBlockGroup":null,"nearestRoad":null,"flu":null,"opportunityZone":null,"oz2Eligibility":null,"source":"sc-chesterfield-parcels-45025","appraiserUrl":null,"gisViewerUrl":"https://chesterfieldsc.wthgis.com/"},"geometry":{"type":"Polygon","coordinates":[[[-80.163623,34.498935],[-80.165043,34.500558],[-80.16618,34.500296],[-80.16454,34.498422],[-80.163623,34.498935]]]}},{"type":"Feature","id":"45025:163 000 000 047","properties":{"id":"45025:163 000 000 047","parcelId":"163 000 000 047","countyFips":"45025","countyName":"Chesterfield","state":"South Carolina","marketIds":["Columbia"],"situsAddress":null,"situsCity":null,"situsZip":null,"jurisdictionCode":null,"ownerName":"CARTER VICKY D &","ownerName2":null,"propertyName":null,"zoningCode":null,"zoningDistrict":null,"jurisdictionPrefix":null,"dorCode":null,"acreage":6.2938,"centroid":[-80.163692,34.499989],"lastSale":{"date":null,"price":null,"qualified":null},"tax":{"marketValue":null,"assessedValue":null,"taxableValue":null,"taxes":null},"mailingAddress":{"line1":null,"line2":null,"city":null,"state":null,"zip":null},"incomeTract":null,"incomeBlockGroup":null,"nearestRoad":null,"flu":null,"opportunityZone":null,"oz2Eligibility":null,"source":"sc-chesterfield-parcels-45025","appraiserUrl":null,"gisViewerUrl":"https://chesterfieldsc.wthgis.com/"},"geometry":{"type":"Polygon","coordinates":[[[-80.162479,34.499576],[-80.163625,34.500886],[-80.165043,34.500558],[-80.163623,34.498935],[-80.162479,34.499576]]]}},{"type":"Feature","id":"45025:163 000 000 051","properties":{"id":"45025:163 000 000 051","parcelId":"163 000 000 051","countyFips":"45025","countyName":"Chesterfield","state":"South Carolina","marketIds":["Columbia"],"situsAddress":null,"situsCity":null,"situsZip":null,"jurisdictionCode":null,"ownerName":"BYRD JESSE S JR & ALVA JEAN","ownerName2":null,"propertyName":null,"zoningCode":null,"zoningDistrict":null,"jurisdictionPrefix":null,"dorCode":null,"acreage":20.948,"centroid":[-80.146798,34.497019],"lastSale":{"date":null,"price":null,"qualified":null},"tax":{"marketValue":null,"assessedValue":null,"taxableValue":null,"taxes":null},"mailingAddress":{"line1":null,"line2":null,"city":null,"state":null,"zip":null},"incomeTract":null,"incomeBlockGroup":null,"nearestRoad":null,"flu":null,"opportunityZone":null,"oz2Eligibility":null,"source":"sc-chesterfield-parcels-45025","appraiserUrl":null,"gisViewerUrl":"https://chesterfieldsc.wthgis.com/"},"geometry":{"type":"Polygon","coordinates":[[[-80.143805,34.495036],[-80.146282,34.498922],[-80.149118,34.498484],[-80.149063,34.497958],[-80.147578,34.496907],[-80.146528,34.496231],[-80.145212,34.495594],[-80.143805,34.495036]]]}},{"type":"Feature","id":"45025:163 000 000 058","properties":{"id":"45025:163 000 000 058","parcelId":"163 000 000 058","countyFips":"45025","countyName":"Chesterfield","state":"South Carolina","marketIds":["Columbia"],"situsAddress":null,"situsCity":null,"situsZip":null,"jurisdictionCode":null,"ownerName":"MICKY & JACQUELYN FAMILY","ownerName2":null,"propertyName":null,"zoningCode":null,"zoningDistrict":null,"jurisdictionPrefix":null,"dorCode":null,"acreage":49.8849,"centroid":[-80.150226,34.491831],"lastSale":{"date":null,"price":null,"qualified":null},"tax":{"marketValue":null,"assessedValue":null,"taxableValue":null,"taxes":null},"mailingAddress":{"line1":null,"line2":null,"city":null,"state":null,"zip":null},"incomeTract":null,"incomeBlockGroup":null,"nearestRoad":null,"flu":null,"opportunityZone":null,"oz2Eligibility":null,"source":"sc-chesterfield-parcels-45025","appraiserUrl":null,"gisViewerUrl":"https://chesterfieldsc.wthgis.com/"},"geometry":{"type":"Polygon","coordinates":[[[-80.148684,34.492634],[-80.151485,34.493852],[-80.152567,34.493095],[-80.152909,34.492828],[-80.153135,34.49259],[-80.153421,34.492179],[-80.154079,34.490583],[-80.147882,34.490293],[-80.144854,34.490175],[-80.143244,34.490076],[-80.148684,34.492634]]]}},{"type":"Feature","id":"45025:163 000 000 113","properties":{"id":"45025:163 000 000 113","parcelId":"163 000 000 113","countyFips":"45025","countyName":"Chesterfield","state":"South Carolina","marketIds":["Columbia"],"situsAddress":null,"situsCity":null,"situsZip":null,"jurisdictionCode":null,"ownerName":"HOFFMAN BARBARA MCKENZIE","ownerName2":null,"propertyName":null,"zoningCode":null,"zoningDistrict":null,"jurisdictionPrefix":null,"dorCode":null,"acreage":11.9005,"centroid":[-80.150567,34.49517],"lastSale":{"date":null,"price":null,"qualified":null},"tax":{"marketValue":null,"assessedValue":null,"taxableValue":null,"taxes":null},"mailingAddress":{"line1":null,"line2":null,"city":null,"state":null,"zip":null},"incomeTract":null,"incomeBlockGroup":null,"nearestRoad":null,"flu":null,"opportunityZone":null,"oz2Eligibility":null,"source":"sc-chesterfield-parcels-45025","appraiserUrl":null,"gisViewerUrl":"https://chesterfieldsc.wthgis.com/"},"geometry":{"type":"Polygon","coordinates":[[[-80.149497,34.495819],[-80.149477,34.495892],[-80.15312,34.495981],[-80.152535,34.49431],[-80.151644,34.493919],[-80.150837,34.494506],[-80.150171,34.494947],[-80.149913,34.495149],[-80.149797,34.495272],[-80.149671,34.495445],[-80.14957,34.495628],[-80.149497,34.495819]]]}},{"type":"Feature","id":"45025:163 000 000 114","properties":{"id":"45025:163 000 000 114","parcelId":"163 000 000 114","countyFips":"45025","countyName":"Chesterfield","state":"South Carolina","marketIds":["Columbia"],"situsAddress":null,"situsCity":null,"situsZip":null,"jurisdictionCode":null,"ownerName":"MCCOY MELISSA J","ownerName2":null,"propertyName":null,"zoningCode":null,"zoningDistrict":null,"jurisdictionPrefix":null,"dorCode":null,"acreage":40.4053,"centroid":[-80.149794,34.499231],"lastSale":{"date":null,"price":null,"qualified":null},"tax":{"marketValue":null,"assessedValue":null,"taxableValue":null,"taxes":null},"mailingAddress":{"line1":null,"line2":null,"city":null,"state":null,"zip":null},"incomeTract":null,"incomeBlockGroup":null,"nearestRoad":null,"flu":null,"opportunityZone":null,"oz2Eligibility":null,"source":"sc-chesterfield-parcels-45025","appraiserUrl":null,"gisViewerUrl":"https://chesterfieldsc.wthgis.com/"},"geometry":{"type":"Polygon","coordinates":[[[-80.149738,34.501863],[-80.150023,34.502199],[-80.150781,34.501765],[-80.152241,34.501554],[-80.152157,34.501077],[-80.151841,34.500028],[-80.151737,34.49978],[-80.151643,34.499627],[-80.151526,34.499485],[-80.151388,34.499356],[-80.151116,34.499132],[-80.150464,34.49865],[-80.15008,34.498287],[-80.149934,34.498076],[-80.14954,34.497309],[-80.145212,34.495594],[-80.146528,34.496231],[-80.147578,34.496907],[-80.149063,34.497958],[-80.149118,34.498484],[-80.146282,34.498922],[-80.147472,34.500788],[-80.149738,34.501863]]]}},{"type":"Feature","id":"45025:163 000 000 112","properties":{"id":"45025:163 000 000 112","parcelId":"163 000 000 112","countyFips":"45025","countyName":"Chesterfield","state":"South Carolina","marketIds":["Columbia"],"situsAddress":null,"situsCity":null,"situsZip":null,"jurisdictionCode":null,"ownerName":"BYRD JESSE S JR & ALVA J","ownerName2":null,"propertyName":null,"zoningCode":null,"zoningDistrict":null,"jurisdictionPrefix":null,"dorCode":null,"acreage":62.2547,"centroid":[-80.151344,34.496978],"lastSale":{"date":null,"price":null,"qualified":null},"tax":{"marketValue":null,"assessedValue":null,"taxableValue":null,"taxes":null},"mailingAddress":{"line1":null,"line2":null,"city":null,"state":null,"zip":null},"incomeTract":null,"incomeBlockGroup":null,"nearestRoad":null,"flu":null,"opportunityZone":null,"oz2Eligibility":null,"source":"sc-chesterfield-parcels-45025","appraiserUrl":null,"gisViewerUrl":"https://chesterfieldsc.wthgis.com/"},"geometry":{"type":"Polygon","coordinates":[[[-80.158103,34.498773],[-80.156353,34.495173],[-80.152535,34.49431],[-80.15312,34.495981],[-80.149477,34.495892],[-80.149425,34.496263],[-80.149459,34.496656],[-80.14951,34.496847],[-80.149584,34.49703],[-80.149758,34.497399],[-80.150124,34.498084],[-80.150215,34.498207],[-80.150384,34.498379],[-80.150763,34.498694],[-80.158103,34.498773]],[[-80.154785,34.496887],[-80.153696,34.496413],[-80.153974,34.495943],[-80.155173,34.496468],[-80.154785,34.496887]]]}},{"type":"Feature","id":"45025:163 000 000 094","properties":{"id":"45025:163 000 000 094","parcelId":"163 000 000 094","countyFips":"45025","countyName":"Chesterfield","state":"South Carolina","marketIds":["Columbia"],"situsAddress":null,"situsCity":null,"situsZip":null,"jurisdictionCode":null,"ownerName":"CASSELMAN TIFFANY L. & LAYNE D","ownerName2":null,"propertyName":null,"zoningCode":null,"zoningDistrict":null,"jurisdictionPrefix":null,"dorCode":null,"acreage":24.0815,"centroid":[-80.132649,34.493476],"lastSale":{"date":null,"price":null,"qualified":null},"tax":{"marketValue":null,"assessedValue":null,"taxableValue":null,"taxes":null},"mailingAddress":{"line1":null,"line2":null,"city":null,"state":null,"zip":null},"incomeTract":null,"incomeBlockGroup":null,"nearestRoad":null,"flu":null,"opportunityZone":null,"oz2Eligibility":null,"source":"sc-chesterfield-parcels-45025","appraiserUrl":null,"gisViewerUrl":"https://chesterfieldsc.wthgis.com/"},"geometry":{"type":"Polygon","coordinates":[[[-80.129362,34.494233],[-80.132542,34.495522],[-80.132824,34.4944],[-80.133509,34.493479],[-80.135044,34.492509],[-80.133871,34.491325],[-80.131388,34.492866],[-80.129362,34.494233]]]}},{"type":"Feature","id":"45025:163 000 000 095","properties":{"id":"45025:163 000 000 095","parcelId":"163 000 000 095","countyFips":"45025","countyName":"Chesterfield","state":"South Carolina","marketIds":["Columbia"],"situsAddress":null,"situsCity":null,"situsZip":null,"jurisdictionCode":null,"ownerName":"CASSELMAN LAYNE DREW &","ownerName2":null,"propertyName":null,"zoningCode":null,"zoningDistrict":null,"jurisdictionPrefix":null,"dorCode":null,"acreage":16.2764,"centroid":[-80.131119,34.492529],"lastSale":{"date":null,"price":null,"qualified":null},"tax":{"marketValue":10000.0,"assessedValue":null,"taxableValue":null,"taxes":null},"mailingAddress":{"line1":null,"line2":null,"city":null,"state":null,"zip":null},"incomeTract":null,"incomeBlockGroup":null,"nearestRoad":null,"flu":null,"opportunityZone":null,"oz2Eligibility":null,"source":"sc-chesterfield-parcels-45025","appraiserUrl":null,"gisViewerUrl":"https://chesterfieldsc.wthgis.com/"},"geometry":{"type":"Polygon","coordinates":[[[-80.127948,34.49366],[-80.129362,34.494233],[-80.131388,34.492866],[-80.133871,34.491325],[-80.133026,34.490559],[-80.127948,34.49366]]]}},{"type":"Feature","id":"45025:163 000 000 106","properties":{"id":"45025:163 000 000 106","parcelId":"163 000 000 106","countyFips":"45025","countyName":"Chesterfield","state":"South Carolina","marketIds":["Columbia"],"situsAddress":null,"situsCity":null,"situsZip":null,"jurisdictionCode":null,"ownerName":"JENNINGS MARY L","ownerName2":null,"propertyName":null,"zoningCode":null,"zoningDistrict":null,"jurisdictionPrefix":null,"dorCode":null,"acreage":17.0032,"centroid":[-80.13718,34.491364],"lastSale":{"date":null,"price":null,"qualified":null},"tax":{"marketValue":null,"assessedValue":null,"taxableValue":null,"taxes":null},"mailingAddress":{"line1":null,"line2":null,"city":null,"state":null,"zip":null},"incomeTract":null,"incomeBlockGroup":null,"nearestRoad":null,"flu":null,"opportunityZone":null,"oz2Eligibility":null,"source":"sc-chesterfield-parcels-45025","appraiserUrl":null,"gisViewerUrl":"https://chesterfieldsc.wthgis.com/"},"geometry":{"type":"Polygon","coordinates":[[[-80.135322,34.492588],[-80.13533,34.492596],[-80.140342,34.4906],[-80.14043,34.489331],[-80.134475,34.491703],[-80.135322,34.492588]]]}},{"type":"Feature","id":"45025:163 000 000 107","properties":{"id":"45025:163 000 000 107","parcelId":"163 000 000 107","countyFips":"45025","countyName":"Chesterfield","state":"South Carolina","marketIds":["Columbia"],"situsAddress":null,"situsCity":null,"situsZip":null,"jurisdictionCode":null,"ownerName":"WINDHAM JACOB LIDE","ownerName2":null,"propertyName":null,"zoningCode":null,"zoningDistrict":null,"jurisdictionPrefix":null,"dorCode":null,"acreage":25.529,"centroid":[-80.137289,34.493132],"lastSale":{"date":null,"price":null,"qualified":null},"tax":{"marketValue":null,"assessedValue":null,"taxableValue":null,"taxes":null},"mailingAddress":{"line1":null,"line2":null,"city":null,"state":null,"zip":null},"incomeTract":null,"incomeBlockGroup":null,"nearestRoad":null,"flu":null,"opportunityZone":null,"oz2Eligibility":null,"source":"sc-chesterfield-parcels-45025","appraiserUrl":null,"gisViewerUrl":"https://chesterfieldsc.wthgis.com/"},"geometry":{"type":"Polygon","coordinates":[[[-80.136472,34.494013],[-80.1365,34.49406],[-80.140106,34.493609],[-80.140342,34.4906],[-80.13533,34.492596],[-80.136016,34.493363],[-80.136256,34.493682],[-80.136472,34.494013]]]}},{"type":"Feature","id":"45025:163 000 000 052","properties":{"id":"45025:163 000 000 052","parcelId":"163 000 000 052","countyFips":"45025","countyName":"Chesterfield","state":"South Carolina","marketIds":["Columbia"],"situsAddress":null,"situsCity":null,"situsZip":null,"jurisdictionCode":null,"ownerName":"DUGUID TIMBER LLC","ownerName2":null,"propertyName":null,"zoningCode":null,"zoningDistrict":null,"jurisdictionPrefix":null,"dorCode":null,"acreage":132.03,"centroid":[-80.142783,34.498981],"lastSale":{"date":null,"price":null,"qualified":null},"tax":{"marketValue":null,"assessedValue":null,"taxableValue":null,"taxes":null},"mailingAddress":{"line1":null,"line2":null,"city":null,"state":null,"zip":null},"incomeTract":null,"incomeBlockGroup":null,"nearestRoad":null,"flu":null,"opportunityZone":null,"oz2Eligibility":null,"source":"sc-chesterfield-parcels-45025","appraiserUrl":null,"gisViewerUrl":"https://chesterfieldsc.wthgis.com/"},"geometry":{"type":"Polygon","coordinates":[[[-80.140264,34.495195],[-80.137407,34.495606],[-80.138577,34.497663],[-80.140546,34.501252],[-80.140808,34.50168],[-80.141459,34.502894],[-80.145788,34.503228],[-80.145954,34.501584],[-80.149738,34.501863],[-80.147472,34.500788],[-80.143805,34.495036],[-80.143156,34.494781],[-80.14121,34.49518],[-80.140264,34.495195]]]}},{"type":"Feature","id":"45025:163 000 000 057","properties":{"id":"45025:163 000 000 057","parcelId":"163 000 000 057","countyFips":"45025","countyName":"Chesterfield","state":"South Carolina","marketIds":["Columbia"],"situsAddress":null,"situsCity":null,"situsZip":null,"jurisdictionCode":null,"ownerName":"BYRD JESSE S JR","ownerName2":null,"propertyName":null,"zoningCode":null,"zoningDistrict":null,"jurisdictionPrefix":null,"dorCode":null,"acreage":111.1784,"centroid":[-80.148381,34.494835],"lastSale":{"date":null,"price":null,"qualified":null},"tax":{"marketValue":null,"assessedValue":null,"taxableValue":null,"taxes":null},"mailingAddress":{"line1":null,"line2":null,"city":null,"state":null,"zip":null},"incomeTract":null,"incomeBlockGroup":null,"nearestRoad":null,"flu":null,"opportunityZone":null,"oz2Eligibility":null,"source":"sc-chesterfield-parcels-45025","appraiserUrl":null,"gisViewerUrl":"https://chesterfieldsc.wthgis.com/"},"geometry":{"type":"Polygon","coordinates":[[[-80.145212,34.495594],[-80.14954,34.497309],[-80.149349,34.496882],[-80.149295,34.496679],[-80.149265,34.49647],[-80.149259,34.496259],[-80.149282,34.496021],[-80.149372,34.495681],[-80.149525,34.49538],[-80.149662,34.495192],[-80.149794,34.495053],[-80.150063,34.494843],[-80.150575,34.494504],[-80.150102,34.494168],[-80.15067,34.493765],[-80.151145,34.494099],[-80.151485,34.493852],[-80.148684,34.492634],[-80.140468,34.488768],[-80.140106,34.493609],[-80.143156,34.494781],[-80.145212,34.495594]]]}},{"type":"Feature","id":"45025:163 000 000 091","properties":{"id":"45025:163 000 000 091","parcelId":"163 000 000 091","countyFips":"45025","countyName":"Chesterfield","state":"South Carolina","marketIds":["Columbia"],"situsAddress":null,"situsCity":null,"situsZip":null,"jurisdictionCode":null,"ownerName":"WINDHAM JACOB LIDE","ownerName2":null,"propertyName":null,"zoningCode":null,"zoningDistrict":null,"jurisdictionPrefix":null,"dorCode":null,"acreage":31.7509,"centroid":[-80.13503,34.49471],"lastSale":{"date":null,"price":null,"qualified":null},"tax":{"marketValue":68700.0,"assessedValue":null,"taxableValue":null,"taxes":null},"mailingAddress":{"line1":null,"line2":null,"city":null,"state":null,"zip":null},"incomeTract":null,"incomeBlockGroup":null,"nearestRoad":null,"flu":null,"opportunityZone":null,"oz2Eligibility":null,"source":"sc-chesterfield-parcels-45025","appraiserUrl":null,"gisViewerUrl":"https://chesterfieldsc.wthgis.com/"},"geometry":{"type":"Polygon","coordinates":[[[-80.132542,34.495522],[-80.134234,34.49621],[-80.135911,34.496904],[-80.137594,34.496254],[-80.136696,34.494692],[-80.136145,34.493796],[-80.135799,34.493334],[-80.135044,34.492509],[-80.133509,34.493479],[-80.132824,34.4944],[-80.132542,34.495522]]]}},{"type":"Feature","id":"45025:163 000 000 119","properties":{"id":"45025:163 000 000 119","parcelId":"163 000 000 119","countyFips":"45025","countyName":"Chesterfield","state":"South Carolina","marketIds":["Columbia"],"situsAddress":null,"situsCity":null,"situsZip":null,"jurisdictionCode":null,"ownerName":"MCKENZIE LAURA BYRD & BARBARA","ownerName2":null,"propertyName":null,"zoningCode":null,"zoningDistrict":null,"jurisdictionPrefix":null,"dorCode":null,"acreage":62.1468,"centroid":[-80.157262,34.495401],"lastSale":{"date":null,"price":null,"qualified":null},"tax":{"marketValue":null,"assessedValue":null,"taxableValue":null,"taxes":null},"mailingAddress":{"line1":null,"line2":null,"city":null,"state":null,"zip":null},"incomeTract":null,"incomeBlockGroup":null,"nearestRoad":null,"flu":null,"opportunityZone":null,"oz2Eligibility":null,"source":"sc-chesterfield-parcels-45025","appraiserUrl":null,"gisViewerUrl":"https://chesterfieldsc.wthgis.com/"},"geometry":{"type":"MultiPolygon","coordinates":[[[[-80.154923,34.490308],[-80.156964,34.489335],[-80.156519,34.488982],[-80.156168,34.489168],[-80.155685,34.489392],[-80.154669,34.489828],[-80.154437,34.489977],[-80.154365,34.490085],[-80.154295,34.490252],[-80.154172,34.491018],[-80.154081,34.491275],[-80.153774,34.491905],[-80.153572,34.492237],[-80.153362,34.492551],[-80.153156,34.492797],[-80.152776,34.493745],[-80.153415,34.493894],[-80.153174,34.494459],[-80.156353,34.495173],[-80.159584,34.50182],[-80.161747,34.498679],[-80.159355,34.497087],[-80.159151,34.496741],[-80.154265,34.492151],[-80.154659,34.491389],[-80.154923,34.490308]]],[[[-80.154776,34.488908],[-80.154412,34.48981],[-80.154583,34.48971],[-80.155602,34.489273],[-80.156398,34.488885],[-80.155191,34.487876],[-80.154776,34.488908]]],[[[-80.153421,34.492179],[-80.15354,34.491984],[-80.153748,34.4916],[-80.153979,34.491095],[-80.154079,34.490583],[-80.153421,34.492179]]]]}},{"type":"Feature","id":"45025:163 000 000 053","properties":{"id":"45025:163 000 000 053","parcelId":"163 000 000 053","countyFips":"45025","countyName":"Chesterfield","state":"South Carolina","marketIds":["Columbia"],"situsAddress":null,"situsCity":null,"situsZip":null,"jurisdictionCode":null,"ownerName":"ROBERTS BETTY J LIFE ESTATE","ownerName2":null,"propertyName":null,"zoningCode":null,"zoningDistrict":null,"jurisdictionPrefix":null,"dorCode":null,"acreage":25.9416,"centroid":[-80.153237,34.489424],"lastSale":{"date":null,"price":null,"qualified":null},"tax":{"marketValue":null,"assessedValue":null,"taxableValue":null,"taxes":null},"mailingAddress":{"line1":null,"line2":null,"city":null,"state":null,"zip":null},"incomeTract":null,"incomeBlockGroup":null,"nearestRoad":null,"flu":null,"opportunityZone":null,"oz2Eligibility":null,"source":"sc-chesterfield-parcels-45025","appraiserUrl":null,"gisViewerUrl":"https://chesterfieldsc.wthgis.com/"},"geometry":{"type":"Polygon","coordinates":[[[-80.150418,34.490409],[-80.152686,34.490514],[-80.152736,34.489757],[-80.153947,34.490087],[-80.154137,34.490211],[-80.15426,34.489949],[-80.154412,34.48981],[-80.154776,34.488908],[-80.154155,34.488553],[-80.15396,34.487802],[-80.150125,34.487659],[-80.150418,34.490409]]]}},{"type":"Feature","id":"45025:163 000 000 054","properties":{"id":"45025:163 000 000 054","parcelId":"163 000 000 054","countyFips":"45025","countyName":"Chesterfield","state":"South Carolina","marketIds":["Columbia"],"situsAddress":null,"situsCity":null,"situsZip":null,"jurisdictionCode":null,"ownerName":"JONES BRENDA J","ownerName2":null,"propertyName":null,"zoningCode":null,"zoningDistrict":null,"jurisdictionPrefix":null,"dorCode":null,"acreage":31.0869,"centroid":[-80.14889,34.487904],"lastSale":{"date":null,"price":null,"qualified":null},"tax":{"marketValue":null,"assessedValue":null,"taxableValue":null,"taxes":null},"mailingAddress":{"line1":null,"line2":null,"city":null,"state":null,"zip":null},"incomeTract":null,"incomeBlockGroup":null,"nearestRoad":null,"flu":null,"opportunityZone":null,"oz2Eligibility":null,"source":"sc-chesterfield-parcels-45025","appraiserUrl":null,"gisViewerUrl":"https://chesterfieldsc.wthgis.com/"},"geometry":{"type":"Polygon","coordinates":[[[-80.147882,34.490293],[-80.150418,34.490409],[-80.149855,34.485125],[-80.147406,34.485789],[-80.147882,34.490293]]]}},{"type":"Feature","id":"45025:163 000 000 078","properties":{"id":"45025:163 000 000 078","parcelId":"163 000 000 078","countyFips":"45025","countyName":"Chesterfield","state":"South Carolina","marketIds":["Columbia"],"situsAddress":null,"situsCity":null,"situsZip":null,"jurisdictionCode":null,"ownerName":"BENTON CHARLES N","ownerName2":null,"propertyName":null,"zoningCode":null,"zoningDistrict":null,"jurisdictionPrefix":null,"dorCode":null,"acreage":10.3378,"centroid":[-80.146296,34.489553],"lastSale":{"date":null,"price":null,"qualified":null},"tax":{"marketValue":null,"assessedValue":null,"taxableValue":null,"taxes":null},"mailingAddress":{"line1":null,"line2":null,"city":null,"state":null,"zip":null},"incomeTract":null,"incomeBlockGroup":null,"nearestRoad":null,"flu":null,"opportunityZone":null,"oz2Eligibility":null,"source":"sc-chesterfield-parcels-45025","appraiserUrl":null,"gisViewerUrl":"https://chesterfieldsc.wthgis.com/"},"geometry":{"type":"Polygon","coordinates":[[[-80.147721,34.488764],[-80.144728,34.48898],[-80.144854,34.490175],[-80.147882,34.490293],[-80.147721,34.488764]]]}},{"type":"Feature","id":"45025:163 000 000 056","properties":{"id":"45025:163 000 000 056","parcelId":"163 000 000 056","countyFips":"45025","countyName":"Chesterfield","state":"South Carolina","marketIds":["Columbia"],"situsAddress":null,"situsCity":null,"situsZip":null,"jurisdictionCode":null,"ownerName":"LOFLIN SARAH B","ownerName2":null,"propertyName":null,"zoningCode":null,"zoningDistrict":null,"jurisdictionPrefix":null,"dorCode":null,"acreage":42.8877,"centroid":[-80.137427,34.488714],"lastSale":{"date":null,"price":null,"qualified":null},"tax":{"marketValue":null,"assessedValue":null,"taxableValue":null,"taxes":null},"mailingAddress":{"line1":null,"line2":null,"city":null,"state":null,"zip":null},"incomeTract":null,"incomeBlockGroup":null,"nearestRoad":null,"flu":null,"opportunityZone":null,"oz2Eligibility":null,"source":"sc-chesterfield-parcels-45025","appraiserUrl":null,"gisViewerUrl":"https://chesterfieldsc.wthgis.com/"},"geometry":{"type":"Polygon","coordinates":[[[-80.134025,34.491267],[-80.134075,34.491315],[-80.140468,34.488768],[-80.141615,34.486337],[-80.140672,34.485545],[-80.13804,34.487343],[-80.133096,34.490421],[-80.134025,34.491267]]]}},{"type":"Feature","id":"45025:163 000 000 060","properties":{"id":"45025:163 000 000 060","parcelId":"163 000 000 060","countyFips":"45025","countyName":"Chesterfield","state":"South Carolina","marketIds":["Columbia"],"situsAddress":null,"situsCity":null,"situsZip":null,"jurisdictionCode":null,"ownerName":"WRIGHT RONALD ALLEN & ANNIE G","ownerName2":null,"propertyName":null,"zoningCode":null,"zoningDistrict":null,"jurisdictionPrefix":null,"dorCode":null,"acreage":126.099,"centroid":[-80.139561,34.484554],"lastSale":{"date":null,"price":null,"qualified":null},"tax":{"marketValue":null,"assessedValue":null,"taxableValue":null,"taxes":null},"mailingAddress":{"line1":null,"line2":null,"city":null,"state":null,"zip":null},"incomeTract":null,"incomeBlockGroup":null,"nearestRoad":null,"flu":null,"opportunityZone":null,"oz2Eligibility":null,"source":"sc-chesterfield-parcels-45025","appraiserUrl":null,"gisViewerUrl":"https://chesterfieldsc.wthgis.com/"},"geometry":{"type":"Polygon","coordinates":[[[-80.132716,34.49008],[-80.133096,34.490421],[-80.13804,34.487343],[-80.141873,34.484724],[-80.142743,34.484173],[-80.143741,34.483432],[-80.144596,34.482846],[-80.144497,34.482456],[-80.143523,34.482627],[-80.143387,34.482089],[-80.142391,34.482212],[-80.141342,34.482595],[-80.138998,34.483331],[-80.137385,34.483797],[-80.136278,34.484185],[-80.128368,34.486549],[-80.132716,34.49008]]]}},{"type":"Feature","id":"45025:163 000 000 079","properties":{"id":"45025:163 000 000 079","parcelId":"163 000 000 079","countyFips":"45025","countyName":"Chesterfield","state":"South Carolina","marketIds":["Columbia"],"situsAddress":null,"situsCity":null,"situsZip":null,"jurisdictionCode":null,"ownerName":"WHITAKER THOMAS R JR","ownerName2":null,"propertyName":null,"zoningCode":null,"zoningDistrict":null,"jurisdictionPrefix":null,"dorCode":null,"acreage":31.2608,"centroid":[-80.142921,34.488349],"lastSale":{"date":null,"price":null,"qualified":null},"tax":{"marketValue":null,"assessedValue":null,"taxableValue":null,"taxes":null},"mailingAddress":{"line1":null,"line2":null,"city":null,"state":null,"zip":null},"incomeTract":null,"incomeBlockGroup":null,"nearestRoad":null,"flu":null,"opportunityZone":null,"oz2Eligibility":null,"source":"sc-chesterfield-parcels-45025","appraiserUrl":null,"gisViewerUrl":"https://chesterfieldsc.wthgis.com/"},"geometry":{"type":"Polygon","coordinates":[[[-80.143244,34.490076],[-80.144854,34.490175],[-80.144449,34.486335],[-80.14159,34.486391],[-80.140468,34.488768],[-80.143244,34.490076]]]}},{"type":"Feature","id":"45025:124 000 000 017","properties":{"id":"45025:124 000 000 017","parcelId":"124 000 000 017","countyFips":"45025","countyName":"Chesterfield","state":"South Carolina","marketIds":["Columbia"],"situsAddress":null,"situsCity":null,"situsZip":null,"jurisdictionCode":null,"ownerName":"OAKLEY ROBERT W","ownerName2":null,"propertyName":null,"zoningCode":null,"zoningDistrict":null,"jurisdictionPrefix":null,"dorCode":null,"acreage":6.6017,"centroid":[-80.216781,34.406438],"lastSale":{"date":null,"price":null,"qualified":null},"tax":{"marketValue":null,"assessedValue":null,"taxableValue":null,"taxes":null},"mailingAddress":{"line1":null,"line2":null,"city":null,"state":null,"zip":null},"incomeTract":null,"incomeBlockGroup":null,"nearestRoad":null,"flu":null,"opportunityZone":null,"oz2Eligibility":null,"source":"sc-chesterfield-parcels-45025","appraiserUrl":null,"gisViewerUrl":"https://chesterfieldsc.wthgis.com/"},"geometry":{"type":"Polygon","coordinates":[[[-80.215853,34.407083],[-80.216355,34.40719],[-80.217089,34.407069],[-80.217822,34.406136],[-80.217681,34.40593],[-80.21751,34.405786],[-80.216692,34.405342],[-80.215245,34.406968],[-80.215853,34.407083]]]}},{"type":"Feature","id":"45025:124 000 000 024","properties":{"id":"45025:124 000 000 024","parcelId":"124 000 000 024","countyFips":"45025","countyName":"Chesterfield","state":"South Carolina","marketIds":["Columbia"],"situsAddress":null,"situsCity":null,"situsZip":null,"jurisdictionCode":null,"ownerName":"ANDREWS JIMMY LEROY","ownerName2":null,"propertyName":null,"zoningCode":null,"zoningDistrict":null,"jurisdictionPrefix":null,"dorCode":null,"acreage":9.47,"centroid":[-80.226412,34.407012],"lastSale":{"date":null,"price":null,"qualified":null},"tax":{"marketValue":41000.0,"assessedValue":null,"taxableValue":null,"taxes":null},"mailingAddress":{"line1":null,"line2":null,"city":null,"state":null,"zip":null},"incomeTract":null,"incomeBlockGroup":null,"nearestRoad":null,"flu":null,"opportunityZone":null,"oz2Eligibility":null,"source":"sc-chesterfield-parcels-45025","appraiserUrl":null,"gisViewerUrl":"https://chesterfieldsc.wthgis.com/"},"geometry":{"type":"MultiPolygon","coordinates":[[[[-80.225196,34.405849],[-80.226382,34.40793],[-80.226767,34.407934],[-80.227061,34.407583],[-80.227392,34.407293],[-80.225672,34.405484],[-80.225196,34.405849]]],[[[-80.227384,34.40745],[-80.22728,34.40754],[-80.22709,34.407731],[-80.226921,34.407936],[-80.229452,34.407961],[-80.228186,34.406826],[-80.227384,34.40745]]]]}},{"type":"Feature","id":"45025:124 000 000 030","properties":{"id":"45025:124 000 000 030","parcelId":"124 000 000 030","countyFips":"45025","countyName":"Chesterfield","state":"South Carolina","marketIds":["Columbia"],"situsAddress":null,"situsCity":null,"situsZip":null,"jurisdictionCode":null,"ownerName":"CARPENTER DANA P","ownerName2":null,"propertyName":null,"zoningCode":null,"zoningDistrict":null,"jurisdictionPrefix":null,"dorCode":null,"acreage":9.1285,"centroid":[-80.21635,34.403887],"lastSale":{"date":null,"price":null,"qualified":null},"tax":{"marketValue":null,"assessedValue":null,"taxableValue":null,"taxes":null},"mailingAddress":{"line1":null,"line2":null,"city":null,"state":null,"zip":null},"incomeTract":null,"incomeBlockGroup":null,"nearestRoad":null,"flu":null,"opportunityZone":null,"oz2Eligibility":null,"source":"sc-chesterfield-parcels-45025","appraiserUrl":null,"gisViewerUrl":"https://chesterfieldsc.wthgis.com/"},"geometry":{"type":"Polygon","coordinates":[[[-80.215199,34.404367],[-80.216403,34.405056],[-80.218126,34.403228],[-80.217335,34.402738],[-80.214688,34.404045],[-80.215199,34.404367]]]}},{"type":"Feature","id":"45025:124 000 000 053","properties":{"id":"45025:124 000 000 053","parcelId":"124 000 000 053","countyFips":"45025","countyName":"Chesterfield","state":"South Carolina","marketIds":["Columbia"],"situsAddress":null,"situsCity":null,"situsZip":null,"jurisdictionCode":null,"ownerName":"MCKENZIE JUDY A","ownerName2":null,"propertyName":null,"zoningCode":null,"zoningDistrict":null,"jurisdictionPrefix":null,"dorCode":null,"acreage":10.2281,"centroid":[-80.230808,34.40589],"lastSale":{"date":null,"price":null,"qualified":null},"tax":{"marketValue":null,"assessedValue":null,"taxableValue":null,"taxes":null},"mailingAddress":{"line1":null,"line2":null,"city":null,"state":null,"zip":null},"incomeTract":null,"incomeBlockGroup":null,"nearestRoad":null,"flu":null,"opportunityZone":null,"oz2Eligibility":null,"source":"sc-chesterfield-parcels-45025","appraiserUrl":null,"gisViewerUrl":"https://chesterfieldsc.wthgis.com/"},"geometry":{"type":"Polygon","coordinates":[[[-80.229873,34.4069],[-80.230215,34.407275],[-80.232406,34.405718],[-80.232367,34.405037],[-80.230984,34.404859],[-80.230568,34.40522],[-80.229243,34.406223],[-80.229873,34.4069]]]}},{"type":"Feature","id":"45025:124 000 000 054","properties":{"id":"45025:124 000 000 054","parcelId":"124 000 000 054","countyFips":"45025","countyName":"Chesterfield","state":"South Carolina","marketIds":["Columbia"],"situsAddress":null,"situsCity":null,"situsZip":null,"jurisdictionCode":null,"ownerName":"ANDREWS JOHNNY RAY","ownerName2":null,"propertyName":null,"zoningCode":null,"zoningDistrict":null,"jurisdictionPrefix":null,"dorCode":null,"acreage":16.6452,"centroid":[-80.229247,34.404635],"lastSale":{"date":null,"price":null,"qualified":null},"tax":{"marketValue":null,"assessedValue":null,"taxableValue":null,"taxes":null},"mailingAddress":{"line1":null,"line2":null,"city":null,"state":null,"zip":null},"incomeTract":null,"incomeBlockGroup":null,"nearestRoad":null,"flu":null,"opportunityZone":null,"oz2Eligibility":null,"source":"sc-chesterfield-parcels-45025","appraiserUrl":null,"gisViewerUrl":"https://chesterfieldsc.wthgis.com/"},"geometry":{"type":"Polygon","coordinates":[[[-80.227803,34.404683],[-80.229243,34.406223],[-80.230568,34.40522],[-80.230984,34.404859],[-80.230952,34.404855],[-80.229419,34.402612],[-80.227393,34.404165],[-80.227614,34.404464],[-80.227803,34.404683]]]}},{"type":"Feature","id":"45025:124 000 000 055","properties":{"id":"45025:124 000 000 055","parcelId":"124 000 000 055","countyFips":"45025","countyName":"Chesterfield","state":"South Carolina","marketIds":["Columbia"],"situsAddress":null,"situsCity":null,"situsZip":null,"jurisdictionCode":null,"ownerName":"ANDREWS JIMMY LEROY","ownerName2":null,"propertyName":null,"zoningCode":null,"zoningDistrict":null,"jurisdictionPrefix":null,"dorCode":null,"acreage":11.9379,"centroid":[-80.22743,34.405788],"lastSale":{"date":null,"price":null,"qualified":null},"tax":{"marketValue":null,"assessedValue":null,"taxableValue":null,"taxes":null},"mailingAddress":{"line1":null,"line2":null,"city":null,"state":null,"zip":null},"incomeTract":null,"incomeBlockGroup":null,"nearestRoad":null,"flu":null,"opportunityZone":null,"oz2Eligibility":null,"source":"sc-chesterfield-parcels-45025","appraiserUrl":null,"gisViewerUrl":"https://chesterfieldsc.wthgis.com/"},"geometry":{"type":"Polygon","coordinates":[[[-80.226391,34.40624],[-80.227392,34.407293],[-80.228763,34.406242],[-80.228935,34.406171],[-80.227629,34.404791],[-80.227227,34.404292],[-80.225672,34.405484],[-80.226391,34.40624]]]}},{"type":"Feature","id":"45025:124 000 000 064","properties":{"id":"45025:124 000 000 064","parcelId":"124 000 000 064","countyFips":"45025","countyName":"Chesterfield","state":"South Carolina","marketIds":["Columbia"],"situsAddress":null,"situsCity":null,"situsZip":null,"jurisdictionCode":null,"ownerName":"ODELL STEPHEN KURT","ownerName2":null,"propertyName":null,"zoningCode":null,"zoningDistrict":null,"jurisdictionPrefix":null,"dorCode":null,"acreage":12.0869,"centroid":[-80.219087,34.406325],"lastSale":{"date":null,"price":null,"qualified":null},"tax":{"marketValue":92400.0,"assessedValue":null,"taxableValue":null,"taxes":null},"mailingAddress":{"line1":null,"line2":null,"city":null,"state":null,"zip":null},"incomeTract":null,"incomeBlockGroup":null,"nearestRoad":null,"flu":null,"opportunityZone":null,"oz2Eligibility":null,"source":"sc-chesterfield-parcels-45025","appraiserUrl":null,"gisViewerUrl":"https://chesterfieldsc.wthgis.com/"},"geometry":{"type":"Polygon","coordinates":[[[-80.218773,34.407028],[-80.21881,34.407078],[-80.218869,34.407184],[-80.220463,34.406831],[-80.221197,34.405007],[-80.218641,34.405207],[-80.217818,34.405898],[-80.218123,34.406369],[-80.218773,34.407028]]]}},{"type":"Feature","id":"45025:125 000 000 002","properties":{"id":"45025:125 000 000 002","parcelId":"125 000 000 002","countyFips":"45025","countyName":"Chesterfield","state":"South Carolina","marketIds":["Columbia"],"situsAddress":null,"situsCity":null,"situsZip":null,"jurisdictionCode":null,"ownerName":"TAYLOR JILL B","ownerName2":null,"propertyName":null,"zoningCode":null,"zoningDistrict":null,"jurisdictionPrefix":null,"dorCode":null,"acreage":34.5728,"centroid":[-80.22523,34.400184],"lastSale":{"date":null,"price":null,"qualified":null},"tax":{"marketValue":null,"assessedValue":null,"taxableValue":null,"taxes":null},"mailingAddress":{"line1":null,"line2":null,"city":null,"state":null,"zip":null},"incomeTract":null,"incomeBlockGroup":null,"nearestRoad":null,"flu":null,"opportunityZone":null,"oz2Eligibility":null,"source":"sc-chesterfield-parcels-45025","appraiserUrl":null,"gisViewerUrl":"https://chesterfieldsc.wthgis.com/"},"geometry":{"type":"Polygon","coordinates":[[[-80.225908,34.400195],[-80.22728,34.400609],[-80.228759,34.398428],[-80.228387,34.397271],[-80.22052,34.401166],[-80.2222,34.400654],[-80.223269,34.402569],[-80.22552,34.40058],[-80.225908,34.400195]]]}},{"type":"Feature","id":"45025:125 000 000 007","properties":{"id":"45025:125 000 000 007","parcelId":"125 000 000 007","countyFips":"45025","countyName":"Chesterfield","state":"South Carolina","marketIds":["Columbia"],"situsAddress":null,"situsCity":null,"situsZip":null,"jurisdictionCode":null,"ownerName":"KING RICHARD KEITH & HEIKE U","ownerName2":null,"propertyName":null,"zoningCode":null,"zoningDistrict":null,"jurisdictionPrefix":null,"dorCode":null,"acreage":5.6978,"centroid":[-80.229409,34.39741],"lastSale":{"date":null,"price":null,"qualified":null},"tax":{"marketValue":null,"assessedValue":null,"taxableValue":null,"taxes":null},"mailingAddress":{"line1":null,"line2":null,"city":null,"state":null,"zip":null},"incomeTract":null,"incomeBlockGroup":null,"nearestRoad":null,"flu":null,"opportunityZone":null,"oz2Eligibility":null,"source":"sc-chesterfield-parcels-45025","appraiserUrl":null,"gisViewerUrl":"https://chesterfieldsc.wthgis.com/"},"geometry":{"type":"Polygon","coordinates":[[[-80.228759,34.398428],[-80.228759,34.398428],[-80.231729,34.395514],[-80.228387,34.397271],[-80.228759,34.398428]]]}},{"type":"Feature","id":"45025:124 000 000 027","properties":{"id":"45025:124 000 000 027","parcelId":"124 000 000 027","countyFips":"45025","countyName":"Chesterfield","state":"South Carolina","marketIds":["Columbia"],"situsAddress":null,"situsCity":null,"situsZip":null,"jurisdictionCode":null,"ownerName":"KING JAMIE MARION","ownerName2":null,"propertyName":null,"zoningCode":null,"zoningDistrict":null,"jurisdictionPrefix":null,"dorCode":null,"acreage":31.3785,"centroid":[-80.219731,34.40331],"lastSale":{"date":null,"price":null,"qualified":null},"tax":{"marketValue":null,"assessedValue":null,"taxableValue":null,"taxes":null},"mailingAddress":{"line1":null,"line2":null,"city":null,"state":null,"zip":null},"incomeTract":null,"incomeBlockGroup":null,"nearestRoad":null,"flu":null,"opportunityZone":null,"oz2Eligibility":null,"source":"sc-chesterfield-parcels-45025","appraiserUrl":null,"gisViewerUrl":"https://chesterfieldsc.wthgis.com/"},"geometry":{"type":"Polygon","coordinates":[[[-80.219678,34.401613],[-80.218904,34.402418],[-80.218801,34.402526],[-80.219748,34.40364],[-80.219251,34.403938],[-80.21922,34.403901],[-80.218875,34.404067],[-80.21857,34.404274],[-80.218306,34.404499],[-80.218344,34.404546],[-80.218139,34.404728],[-80.218641,34.405207],[-80.221197,34.405007],[-80.221842,34.403233],[-80.223269,34.402569],[-80.2222,34.400654],[-80.22052,34.401166],[-80.21966,34.401589],[-80.219678,34.401613]]]}},{"type":"Feature","id":"45025:124 000 000 020","properties":{"id":"45025:124 000 000 020","parcelId":"124 000 000 020","countyFips":"45025","countyName":"Chesterfield","state":"South Carolina","marketIds":["Columbia"],"situsAddress":null,"situsCity":null,"situsZip":null,"jurisdictionCode":null,"ownerName":"MCLAUGHLIN JORDAN LYNN &","ownerName2":null,"propertyName":null,"zoningCode":null,"zoningDistrict":null,"jurisdictionPrefix":null,"dorCode":null,"acreage":56.8161,"centroid":[-80.233975,34.402721],"lastSale":{"date":null,"price":null,"qualified":null},"tax":{"marketValue":null,"assessedValue":null,"taxableValue":null,"taxes":null},"mailingAddress":{"line1":null,"line2":null,"city":null,"state":null,"zip":null},"incomeTract":null,"incomeBlockGroup":null,"nearestRoad":null,"flu":null,"opportunityZone":null,"oz2Eligibility":null,"source":"sc-chesterfield-parcels-45025","appraiserUrl":null,"gisViewerUrl":"https://chesterfieldsc.wthgis.com/"},"geometry":{"type":"Polygon","coordinates":[[[-80.232299,34.403669],[-80.238327,34.404065],[-80.238778,34.400134],[-80.232137,34.400393],[-80.232271,34.403102],[-80.232833,34.403137],[-80.232859,34.403652],[-80.232297,34.403616],[-80.232299,34.403669]]]}},{"type":"Feature","id":"45025:125 000 000 003","properties":{"id":"45025:125 000 000 003","parcelId":"125 000 000 003","countyFips":"45025","countyName":"Chesterfield","state":"South Carolina","marketIds":["Columbia"],"situsAddress":null,"situsCity":null,"situsZip":null,"jurisdictionCode":null,"ownerName":"BANISTER PERRY & STEPHANIE","ownerName2":null,"propertyName":null,"zoningCode":null,"zoningDistrict":null,"jurisdictionPrefix":null,"dorCode":null,"acreage":44.8165,"centroid":[-80.239149,34.39337],"lastSale":{"date":null,"price":null,"qualified":null},"tax":{"marketValue":141900.0,"assessedValue":null,"taxableValue":null,"taxes":null},"mailingAddress":{"line1":null,"line2":null,"city":null,"state":null,"zip":null},"incomeTract":null,"incomeBlockGroup":null,"nearestRoad":null,"flu":null,"opportunityZone":null,"oz2Eligibility":null,"source":"sc-chesterfield-parcels-45025","appraiserUrl":null,"gisViewerUrl":"https://chesterfieldsc.wthgis.com/"},"geometry":{"type":"Polygon","coordinates":[[[-80.238754,34.395976],[-80.241709,34.394072],[-80.242529,34.390938],[-80.240883,34.390701],[-80.23769,34.392653],[-80.23712,34.393157],[-80.236346,34.393957],[-80.238158,34.395508],[-80.238754,34.395976]]]}},{"type":"Feature","id":"45025:125 000 000 004","properties":{"id":"45025:125 000 000 004","parcelId":"125 000 000 004","countyFips":"45025","countyName":"Chesterfield","state":"South Carolina","marketIds":["Columbia"],"situsAddress":null,"situsCity":null,"situsZip":null,"jurisdictionCode":null,"ownerName":"KING RICHARD KEITH & HEIKE U","ownerName2":null,"propertyName":null,"zoningCode":null,"zoningDistrict":null,"jurisdictionPrefix":null,"dorCode":null,"acreage":24.5019,"centroid":[-80.225747,34.403119],"lastSale":{"date":null,"price":null,"qualified":null},"tax":{"marketValue":37800.0,"assessedValue":null,"taxableValue":null,"taxes":null},"mailingAddress":{"line1":null,"line2":null,"city":null,"state":null,"zip":null},"incomeTract":null,"incomeBlockGroup":null,"nearestRoad":null,"flu":null,"opportunityZone":null,"oz2Eligibility":null,"source":"sc-chesterfield-parcels-45025","appraiserUrl":null,"gisViewerUrl":"https://chesterfieldsc.wthgis.com/"},"geometry":{"type":"Polygon","coordinates":[[[-80.227227,34.404292],[-80.227139,34.404148],[-80.226912,34.40369],[-80.226074,34.401713],[-80.225824,34.40124],[-80.225444,34.400647],[-80.223269,34.402569],[-80.224642,34.403925],[-80.225196,34.405849],[-80.227227,34.404292]]]}},{"type":"Feature","id":"45025:146 000 000 003","properties":{"id":"45025:146 000 000 003","parcelId":"146 000 000 003","countyFips":"45025","countyName":"Chesterfield","state":"South Carolina","marketIds":["Columbia"],"situsAddress":null,"situsCity":null,"situsZip":null,"jurisdictionCode":null,"ownerName":"HCJ INC","ownerName2":null,"propertyName":null,"zoningCode":null,"zoningDistrict":null,"jurisdictionPrefix":null,"dorCode":null,"acreage":117.2279,"centroid":[-80.206491,34.41601],"lastSale":{"date":null,"price":null,"qualified":null},"tax":{"marketValue":null,"assessedValue":null,"taxableValue":null,"taxes":null},"mailingAddress":{"line1":null,"line2":null,"city":null,"state":null,"zip":null},"incomeTract":null,"incomeBlockGroup":null,"nearestRoad":null,"flu":null,"opportunityZone":null,"oz2Eligibility":null,"source":"sc-chesterfield-parcels-45025","appraiserUrl":null,"gisViewerUrl":"https://chesterfieldsc.wthgis.com/"},"geometry":{"type":"Polygon","coordinates":[[[-80.203918,34.417356],[-80.204575,34.419382],[-80.209695,34.419154],[-80.20954,34.418943],[-80.209468,34.418748],[-80.209304,34.418635],[-80.209212,34.418519],[-80.209186,34.41843],[-80.209184,34.418048],[-80.209104,34.417845],[-80.209071,34.417688],[-80.209031,34.417625],[-80.208883,34.417485],[-80.208807,34.417302],[-80.208647,34.41715],[-80.208569,34.417044],[-80.208304,34.41648],[-80.208226,34.416238],[-80.207976,34.415789],[-80.207748,34.415577],[-80.207608,34.415378],[-80.207394,34.415192],[-80.207246,34.415],[-80.207143,34.414901],[-80.206629,34.414571],[-80.20636,34.414514],[-80.206267,34.41444],[-80.205892,34.414242],[-80.205417,34.414076],[-80.205224,34.413943],[-80.205014,34.413661],[-80.20473,34.413403],[-80.20467,34.413305],[-80.204622,34.413157],[-80.204468,34.413016],[-80.20422,34.412194],[-80.202224,34.413379],[-80.200714,34.414522],[-80.196667,34.415826],[-80.198663,34.418262],[-80.203918,34.417356]]]}},{"type":"Feature","id":"45025:145 000 000 045","properties":{"id":"45025:145 000 000 045","parcelId":"145 000 000 045","countyFips":"45025","countyName":"Chesterfield","state":"South Carolina","marketIds":["Columbia"],"situsAddress":null,"situsCity":null,"situsZip":null,"jurisdictionCode":null,"ownerName":"MCLEOD JOE EVERETT III","ownerName2":null,"propertyName":null,"zoningCode":null,"zoningDistrict":null,"jurisdictionPrefix":null,"dorCode":null,"acreage":5.5556,"centroid":[-80.193202,34.424021],"lastSale":{"date":null,"price":null,"qualified":null},"tax":{"marketValue":71300.0,"assessedValue":null,"taxableValue":null,"taxes":null},"mailingAddress":{"line1":null,"line2":null,"city":null,"state":null,"zip":null},"incomeTract":null,"incomeBlockGroup":null,"nearestRoad":null,"flu":null,"opportunityZone":null,"oz2Eligibility":null,"source":"sc-chesterfield-parcels-45025","appraiserUrl":null,"gisViewerUrl":"https://chesterfieldsc.wthgis.com/"},"geometry":{"type":"Polygon","coordinates":[[[-80.193833,34.424399],[-80.195477,34.423585],[-80.191868,34.423635],[-80.191684,34.423727],[-80.193149,34.424761],[-80.193833,34.424399]]]}},{"type":"Feature","id":"45025:145 000 000 237","properties":{"id":"45025:145 000 000 237","parcelId":"145 000 000 237","countyFips":"45025","countyName":"Chesterfield","state":"South Carolina","marketIds":["Columbia"],"situsAddress":null,"situsCity":null,"situsZip":null,"jurisdictionCode":null,"ownerName":"KING THOMAS R & REBECCA P","ownerName2":null,"propertyName":null,"zoningCode":null,"zoningDistrict":null,"jurisdictionPrefix":null,"dorCode":null,"acreage":6.6844,"centroid":[-80.209047,34.426168],"lastSale":{"date":null,"price":null,"qualified":null},"tax":{"marketValue":639000.0,"assessedValue":null,"taxableValue":null,"taxes":null},"mailingAddress":{"line1":null,"line2":null,"city":null,"state":null,"zip":null},"incomeTract":null,"incomeBlockGroup":null,"nearestRoad":null,"flu":null,"opportunityZone":null,"oz2Eligibility":null,"source":"sc-chesterfield-parcels-45025","appraiserUrl":null,"gisViewerUrl":"https://chesterfieldsc.wthgis.com/"},"geometry":{"type":"Polygon","coordinates":[[[-80.210618,34.426262],[-80.209983,34.425374],[-80.208374,34.425926],[-80.207743,34.42611],[-80.208517,34.427166],[-80.210618,34.426262]]]}},{"type":"Feature","id":"45025:145 000 000 039","properties":{"id":"45025:145 000 000 039","parcelId":"145 000 000 039","countyFips":"45025","countyName":"Chesterfield","state":"South Carolina","marketIds":["Columbia"],"situsAddress":null,"situsCity":null,"situsZip":null,"jurisdictionCode":null,"ownerName":"BRASWELL THOMAS EDWIN JR &","ownerName2":null,"propertyName":null,"zoningCode":null,"zoningDistrict":null,"jurisdictionPrefix":null,"dorCode":null,"acreage":6.8806,"centroid":[-80.193146,34.426131],"lastSale":{"date":null,"price":null,"qualified":null},"tax":{"marketValue":268900.0,"assessedValue":null,"taxableValue":null,"taxes":null},"mailingAddress":{"line1":null,"line2":null,"city":null,"state":null,"zip":null},"incomeTract":null,"incomeBlockGroup":null,"nearestRoad":null,"flu":null,"opportunityZone":null,"oz2Eligibility":null,"source":"sc-chesterfield-parcels-45025","appraiserUrl":null,"gisViewerUrl":"https://chesterfieldsc.wthgis.com/"},"geometry":{"type":"Polygon","coordinates":[[[-80.194694,34.426088],[-80.193492,34.425238],[-80.191816,34.42607],[-80.192583,34.42713],[-80.194694,34.426088]]]}},{"type":"Feature","id":"45025:145 000 000 042","properties":{"id":"45025:145 000 000 042","parcelId":"145 000 000 042","countyFips":"45025","countyName":"Chesterfield","state":"South Carolina","marketIds":["Columbia"],"situsAddress":null,"situsCity":null,"situsZip":null,"jurisdictionCode":null,"ownerName":"MILBEE CASEY","ownerName2":null,"propertyName":null,"zoningCode":null,"zoningDistrict":null,"jurisdictionPrefix":null,"dorCode":null,"acreage":7.1172,"centroid":[-80.197372,34.42447],"lastSale":{"date":null,"price":null,"qualified":null},"tax":{"marketValue":3900.0,"assessedValue":null,"taxableValue":null,"taxes":null},"mailingAddress":{"line1":null,"line2":null,"city":null,"state":null,"zip":null},"incomeTract":null,"incomeBlockGroup":null,"nearestRoad":null,"flu":null,"opportunityZone":null,"oz2Eligibility":null,"source":"sc-chesterfield-parcels-45025","appraiserUrl":null,"gisViewerUrl":"https://chesterfieldsc.wthgis.com/"},"geometry":{"type":"Polygon","coordinates":[[[-80.197516,34.424695],[-80.199781,34.423577],[-80.199814,34.423561],[-80.199806,34.423523],[-80.196515,34.42357],[-80.19732,34.424475],[-80.196094,34.425049],[-80.194605,34.425787],[-80.194893,34.42599],[-80.197516,34.424695]]]}},{"type":"Feature","id":"45025:144 000 000 011","properties":{"id":"45025:144 000 000 011","parcelId":"144 000 000 011","countyFips":"45025","countyName":"Chesterfield","state":"South Carolina","marketIds":["Columbia"],"situsAddress":null,"situsCity":null,"situsZip":null,"jurisdictionCode":null,"ownerName":"SHALIMAR PROPERTIES LLC","ownerName2":null,"propertyName":null,"zoningCode":null,"zoningDistrict":null,"jurisdictionPrefix":null,"dorCode":null,"acreage":10.5796,"centroid":[-80.172191,34.443552],"lastSale":{"date":null,"price":null,"qualified":null},"tax":{"marketValue":78800.0,"assessedValue":null,"taxableValue":null,"taxes":null},"mailingAddress":{"line1":null,"line2":null,"city":null,"state":null,"zip":null},"incomeTract":null,"incomeBlockGroup":null,"nearestRoad":null,"flu":null,"opportunityZone":null,"oz2Eligibility":null,"source":"sc-chesterfield-parcels-45025","appraiserUrl":null,"gisViewerUrl":"https://chesterfieldsc.wthgis.com/"},"geometry":{"type":"Polygon","coordinates":[[[-80.171191,34.444166],[-80.171151,34.444323],[-80.171066,34.444798],[-80.172645,34.444663],[-80.173976,34.444199],[-80.172915,34.441463],[-80.17244,34.441614],[-80.173014,34.443071],[-80.171323,34.443674],[-80.171191,34.444166]]]}},{"type":"Feature","id":"45025:145 000 000 008","properties":{"id":"45025:145 000 000 008","parcelId":"145 000 000 008","countyFips":"45025","countyName":"Chesterfield","state":"South Carolina","marketIds":["Columbia"],"situsAddress":null,"situsCity":null,"situsZip":null,"jurisdictionCode":null,"ownerName":"WINBURN CRYSTAL LEAR","ownerName2":null,"propertyName":null,"zoningCode":null,"zoningDistrict":null,"jurisdictionPrefix":null,"dorCode":null,"acreage":7.2009,"centroid":[-80.186565,34.430266],"lastSale":{"date":null,"price":null,"qualified":null},"tax":{"marketValue":289000.0,"assessedValue":null,"taxableValue":null,"taxes":null},"mailingAddress":{"line1":null,"line2":null,"city":null,"state":null,"zip":null},"incomeTract":null,"incomeBlockGroup":null,"nearestRoad":null,"flu":null,"opportunityZone":null,"oz2Eligibility":null,"source":"sc-chesterfield-parcels-45025","appraiserUrl":null,"gisViewerUrl":"https://chesterfieldsc.wthgis.com/"},"geometry":{"type":"Polygon","coordinates":[[[-80.184573,34.431271],[-80.184752,34.431777],[-80.187303,34.430453],[-80.186981,34.430014],[-80.187628,34.429671],[-80.18761,34.429649],[-80.187989,34.429447],[-80.187791,34.429177],[-80.184455,34.430936],[-80.184573,34.431271]]]}},{"type":"Feature","id":"45025:145 000 000 051","properties":{"id":"45025:145 000 000 051","parcelId":"145 000 000 051","countyFips":"45025","countyName":"Chesterfield","state":"South Carolina","marketIds":["Columbia"],"situsAddress":null,"situsCity":null,"situsZip":null,"jurisdictionCode":null,"ownerName":"DUKE ENERGY PROGRESS INC","ownerName2":null,"propertyName":null,"zoningCode":null,"zoningDistrict":null,"jurisdictionPrefix":null,"dorCode":null,"acreage":24.6748,"centroid":[-80.174705,34.427292],"lastSale":{"date":null,"price":null,"qualified":null},"tax":{"marketValue":null,"assessedValue":null,"taxableValue":null,"taxes":null},"mailingAddress":{"line1":null,"line2":null,"city":null,"state":null,"zip":null},"incomeTract":null,"incomeBlockGroup":null,"nearestRoad":null,"flu":null,"opportunityZone":null,"oz2Eligibility":null,"source":"sc-chesterfield-parcels-45025","appraiserUrl":null,"gisViewerUrl":"https://chesterfieldsc.wthgis.com/"},"geometry":{"type":"Polygon","coordinates":[[[-80.173138,34.429812],[-80.173119,34.430066],[-80.173891,34.429367],[-80.175676,34.42808],[-80.17915,34.424753],[-80.178233,34.424969],[-80.17769,34.425135],[-80.175034,34.426163],[-80.174622,34.426352],[-80.174382,34.426501],[-80.174158,34.426667],[-80.173877,34.426929],[-80.173674,34.427185],[-80.173482,34.427497],[-80.173346,34.427829],[-80.173279,34.428116],[-80.173233,34.428536],[-80.173138,34.429812]]]}},{"type":"Feature","id":"45025:145 000 000 071","properties":{"id":"45025:145 000 000 071","parcelId":"145 000 000 071","countyFips":"45025","countyName":"Chesterfield","state":"South Carolina","marketIds":["Columbia"],"situsAddress":null,"situsCity":null,"situsZip":null,"jurisdictionCode":null,"ownerName":"WINBURN ROBERT LAVERN & SYLVIA","ownerName2":null,"propertyName":null,"zoningCode":null,"zoningDistrict":null,"jurisdictionPrefix":null,"dorCode":null,"acreage":8.0522,"centroid":[-80.183893,34.431455],"lastSale":{"date":null,"price":null,"qualified":null},"tax":{"marketValue":null,"assessedValue":null,"taxableValue":null,"taxes":null},"mailingAddress":{"line1":null,"line2":null,"city":null,"state":null,"zip":null},"incomeTract":null,"incomeBlockGroup":null,"nearestRoad":null,"flu":null,"opportunityZone":null,"oz2Eligibility":null,"source":"sc-chesterfield-parcels-45025","appraiserUrl":null,"gisViewerUrl":"https://chesterfieldsc.wthgis.com/"},"geometry":{"type":"Polygon","coordinates":[[[-80.182583,34.430947],[-80.183228,34.432662],[-80.184918,34.432223],[-80.184455,34.430936],[-80.184283,34.430506],[-80.182583,34.430947]]]}},{"type":"Feature","id":"45025:145 000 000 073","properties":{"id":"45025:145 000 000 073","parcelId":"145 000 000 073","countyFips":"45025","countyName":"Chesterfield","state":"South Carolina","marketIds":["Columbia"],"situsAddress":null,"situsCity":null,"situsZip":null,"jurisdictionCode":null,"ownerName":"MCLEOD CHICKEN FARM LLC","ownerName2":null,"propertyName":null,"zoningCode":null,"zoningDistrict":null,"jurisdictionPrefix":null,"dorCode":null,"acreage":18.0915,"centroid":[-80.185068,34.435336],"lastSale":{"date":null,"price":null,"qualified":null},"tax":{"marketValue":null,"assessedValue":null,"taxableValue":null,"taxes":null},"mailingAddress":{"line1":null,"line2":null,"city":null,"state":null,"zip":null},"incomeTract":null,"incomeBlockGroup":null,"nearestRoad":null,"flu":null,"opportunityZone":null,"oz2Eligibility":null,"source":"sc-chesterfield-parcels-45025","appraiserUrl":null,"gisViewerUrl":"https://chesterfieldsc.wthgis.com/"},"geometry":{"type":"Polygon","coordinates":[[[-80.184563,34.43619],[-80.185102,34.437619],[-80.18565,34.437445],[-80.186533,34.436463],[-80.185183,34.432924],[-80.184892,34.433185],[-80.183555,34.433529],[-80.184563,34.43619]]]}},{"type":"Feature","id":"45025:145 000 000 074","properties":{"id":"45025:145 000 000 074","parcelId":"145 000 000 074","countyFips":"45025","countyName":"Chesterfield","state":"South Carolina","marketIds":["Columbia"],"situsAddress":null,"situsCity":null,"situsZip":null,"jurisdictionCode":null,"ownerName":"MCLEOD A C JR","ownerName2":null,"propertyName":null,"zoningCode":null,"zoningDistrict":null,"jurisdictionPrefix":null,"dorCode":null,"acreage":13.6803,"centroid":[-80.183133,34.437439],"lastSale":{"date":null,"price":null,"qualified":null},"tax":{"marketValue":null,"assessedValue":null,"taxableValue":null,"taxes":null},"mailingAddress":{"line1":null,"line2":null,"city":null,"state":null,"zip":null},"incomeTract":null,"incomeBlockGroup":null,"nearestRoad":null,"flu":null,"opportunityZone":null,"oz2Eligibility":null,"source":"sc-chesterfield-parcels-45025","appraiserUrl":null,"gisViewerUrl":"https://chesterfieldsc.wthgis.com/"},"geometry":{"type":"Polygon","coordinates":[[[-80.181116,34.437274],[-80.181752,34.438672],[-80.185102,34.437619],[-80.184563,34.43619],[-80.181116,34.437274]]]}},{"type":"Feature","id":"45025:145 000 000 075","properties":{"id":"45025:145 000 000 075","parcelId":"145 000 000 075","countyFips":"45025","countyName":"Chesterfield","state":"South Carolina","marketIds":["Columbia"],"situsAddress":null,"situsCity":null,"situsZip":null,"jurisdictionCode":null,"ownerName":"MCLEOD A C JR","ownerName2":null,"propertyName":null,"zoningCode":null,"zoningDistrict":null,"jurisdictionPrefix":null,"dorCode":null,"acreage":47.6281,"centroid":[-80.177592,34.437975],"lastSale":{"date":null,"price":null,"qualified":null},"tax":{"marketValue":null,"assessedValue":null,"taxableValue":null,"taxes":null},"mailingAddress":{"line1":null,"line2":null,"city":null,"state":null,"zip":null},"incomeTract":null,"incomeBlockGroup":null,"nearestRoad":null,"flu":null,"opportunityZone":null,"oz2Eligibility":null,"source":"sc-chesterfield-parcels-45025","appraiserUrl":null,"gisViewerUrl":"https://chesterfieldsc.wthgis.com/"},"geometry":{"type":"Polygon","coordinates":[[[-80.177429,34.439364],[-80.177773,34.439923],[-80.181752,34.438672],[-80.180079,34.43501],[-80.175727,34.436125],[-80.175637,34.437521],[-80.176154,34.4379],[-80.176692,34.438403],[-80.177086,34.43886],[-80.177429,34.439364]]]}},{"type":"Feature","id":"45025:145 000 000 082","properties":{"id":"45025:145 000 000 082","parcelId":"145 000 000 082","countyFips":"45025","countyName":"Chesterfield","state":"South Carolina","marketIds":["Columbia"],"situsAddress":null,"situsCity":null,"situsZip":null,"jurisdictionCode":null,"ownerName":"SMITH THOMAS C JR","ownerName2":null,"propertyName":null,"zoningCode":null,"zoningDistrict":null,"jurisdictionPrefix":null,"dorCode":null,"acreage":10.3446,"centroid":[-80.178733,34.426386],"lastSale":{"date":null,"price":null,"qualified":null},"tax":{"marketValue":95000.0,"assessedValue":null,"taxableValue":null,"taxes":null},"mailingAddress":{"line1":null,"line2":null,"city":null,"state":null,"zip":null},"incomeTract":null,"incomeBlockGroup":null,"nearestRoad":null,"flu":null,"opportunityZone":null,"oz2Eligibility":null,"source":"sc-chesterfield-parcels-45025","appraiserUrl":null,"gisViewerUrl":"https://chesterfieldsc.wthgis.com/"},"geometry":{"type":"Polygon","coordinates":[[[-80.177831,34.426016],[-80.176155,34.427607],[-80.180676,34.4265],[-80.180269,34.42542],[-80.177831,34.426016]]]}},{"type":"Feature","id":"45025:145 000 000 084","properties":{"id":"45025:145 000 000 084","parcelId":"145 000 000 084","countyFips":"45025","countyName":"Chesterfield","state":"South Carolina","marketIds":["Columbia"],"situsAddress":null,"situsCity":null,"situsZip":null,"jurisdictionCode":null,"ownerName":"HODGE JAMES M","ownerName2":null,"propertyName":null,"zoningCode":null,"zoningDistrict":null,"jurisdictionPrefix":null,"dorCode":null,"acreage":15.6839,"centroid":[-80.174634,34.429991],"lastSale":{"date":null,"price":null,"qualified":null},"tax":{"marketValue":7400.0,"assessedValue":null,"taxableValue":null,"taxes":null},"mailingAddress":{"line1":null,"line2":null,"city":null,"state":null,"zip":null},"incomeTract":null,"incomeBlockGroup":null,"nearestRoad":null,"flu":null,"opportunityZone":null,"oz2Eligibility":null,"source":"sc-chesterfield-parcels-45025","appraiserUrl":null,"gisViewerUrl":"https://chesterfieldsc.wthgis.com/"},"geometry":{"type":"Polygon","coordinates":[[[-80.173042,34.431067],[-80.17609,34.431207],[-80.176176,34.43002],[-80.175485,34.428218],[-80.173891,34.429367],[-80.173119,34.430066],[-80.173042,34.431067]]]}},{"type":"Feature","id":"45025:145 000 000 085","properties":{"id":"45025:145 000 000 085","parcelId":"145 000 000 085","countyFips":"45025","countyName":"Chesterfield","state":"South Carolina","marketIds":["Columbia"],"situsAddress":null,"situsCity":null,"situsZip":null,"jurisdictionCode":null,"ownerName":"KERZNER ROBERT & DIANE","ownerName2":null,"propertyName":null,"zoningCode":null,"zoningDistrict":null,"jurisdictionPrefix":null,"dorCode":null,"acreage":9.9812,"centroid":[-80.174519,34.431785],"lastSale":{"date":null,"price":null,"qualified":null},"tax":{"marketValue":null,"assessedValue":null,"taxableValue":null,"taxes":null},"mailingAddress":{"line1":null,"line2":null,"city":null,"state":null,"zip":null},"incomeTract":null,"incomeBlockGroup":null,"nearestRoad":null,"flu":null,"opportunityZone":null,"oz2Eligibility":null,"source":"sc-chesterfield-parcels-45025","appraiserUrl":null,"gisViewerUrl":"https://chesterfieldsc.wthgis.com/"},"geometry":{"type":"Polygon","coordinates":[[[-80.172949,34.432364],[-80.175993,34.432503],[-80.17609,34.431207],[-80.173042,34.431067],[-80.172949,34.432364]]]}},{"type":"Feature","id":"45025:145 000 000 086","properties":{"id":"45025:145 000 000 086","parcelId":"145 000 000 086","countyFips":"45025","countyName":"Chesterfield","state":"South Carolina","marketIds":["Columbia"],"situsAddress":null,"situsCity":null,"situsZip":null,"jurisdictionCode":null,"ownerName":"KERZNER ROBERT & DIANE","ownerName2":null,"propertyName":null,"zoningCode":null,"zoningDistrict":null,"jurisdictionPrefix":null,"dorCode":null,"acreage":9.8871,"centroid":[-80.174612,34.433218],"lastSale":{"date":null,"price":null,"qualified":null},"tax":{"marketValue":null,"assessedValue":null,"taxableValue":null,"taxes":null},"mailingAddress":{"line1":null,"line2":null,"city":null,"state":null,"zip":null},"incomeTract":null,"incomeBlockGroup":null,"nearestRoad":null,"flu":null,"opportunityZone":null,"oz2Eligibility":null,"source":"sc-chesterfield-parcels-45025","appraiserUrl":null,"gisViewerUrl":"https://chesterfieldsc.wthgis.com/"},"geometry":{"type":"Polygon","coordinates":[[[-80.175365,34.433778],[-80.175897,34.433808],[-80.175993,34.432503],[-80.172949,34.432364],[-80.172855,34.433636],[-80.175365,34.433778]]]}},{"type":"Feature","id":"45025:145 000 000 088","properties":{"id":"45025:145 000 000 088","parcelId":"145 000 000 088","countyFips":"45025","countyName":"Chesterfield","state":"South Carolina","marketIds":["Columbia"],"situsAddress":null,"situsCity":null,"situsZip":null,"jurisdictionCode":null,"ownerName":"MARTIN RONALD ARLAND & TAMMY","ownerName2":null,"propertyName":null,"zoningCode":null,"zoningDistrict":null,"jurisdictionPrefix":null,"dorCode":null,"acreage":7.2868,"centroid":[-80.173726,34.435711],"lastSale":{"date":null,"price":null,"qualified":null},"tax":{"marketValue":23700.0,"assessedValue":null,"taxableValue":null,"taxes":null},"mailingAddress":{"line1":null,"line2":null,"city":null,"state":null,"zip":null},"incomeTract":null,"incomeBlockGroup":null,"nearestRoad":null,"flu":null,"opportunityZone":null,"oz2Eligibility":null,"source":"sc-chesterfield-parcels-45025","appraiserUrl":null,"gisViewerUrl":"https://chesterfieldsc.wthgis.com/"},"geometry":{"type":"Polygon","coordinates":[[[-80.175048,34.435198],[-80.174278,34.435161],[-80.172748,34.435088],[-80.172679,34.436022],[-80.17269,34.435888],[-80.174911,34.436909],[-80.175048,34.435198]]]}},{"type":"Feature","id":"45025:145 000 000 197","properties":{"id":"45025:145 000 000 197","parcelId":"145 000 000 197","countyFips":"45025","countyName":"Chesterfield","state":"South Carolina","marketIds":["Columbia"],"situsAddress":null,"situsCity":null,"situsZip":null,"jurisdictionCode":null,"ownerName":"BRYANT CHARLES","ownerName2":null,"propertyName":null,"zoningCode":null,"zoningDistrict":null,"jurisdictionPrefix":null,"dorCode":null,"acreage":5.006,"centroid":[-80.171521,34.436574],"lastSale":{"date":null,"price":null,"qualified":null},"tax":{"marketValue":73000.0,"assessedValue":null,"taxableValue":null,"taxes":null},"mailingAddress":{"line1":null,"line2":null,"city":null,"state":null,"zip":null},"incomeTract":null,"incomeBlockGroup":null,"nearestRoad":null,"flu":null,"opportunityZone":null,"oz2Eligibility":null,"source":"sc-chesterfield-parcels-45025","appraiserUrl":null,"gisViewerUrl":"https://chesterfieldsc.wthgis.com/"},"geometry":{"type":"Polygon","coordinates":[[[-80.171721,34.437134],[-80.172355,34.437439],[-80.172399,34.436833],[-80.171766,34.436527],[-80.171811,34.43592],[-80.170563,34.435317],[-80.170467,34.436595],[-80.171087,34.436828],[-80.171721,34.437134]]]}},{"type":"Feature","id":"45025:165 000 000 018","properties":{"id":"45025:165 000 000 018","parcelId":"165 000 000 018","countyFips":"45025","countyName":"Chesterfield","state":"South Carolina","marketIds":["Columbia"],"situsAddress":null,"situsCity":null,"situsZip":null,"jurisdictionCode":null,"ownerName":"BRYANT HANNAH C","ownerName2":null,"propertyName":null,"zoningCode":null,"zoningDistrict":null,"jurisdictionPrefix":null,"dorCode":null,"acreage":8.0789,"centroid":[-80.169394,34.444223],"lastSale":{"date":null,"price":null,"qualified":null},"tax":{"marketValue":55000.0,"assessedValue":null,"taxableValue":null,"taxes":null},"mailingAddress":{"line1":null,"line2":null,"city":null,"state":null,"zip":null},"incomeTract":null,"incomeBlockGroup":null,"nearestRoad":null,"flu":null,"opportunityZone":null,"oz2Eligibility":null,"source":"sc-chesterfield-parcels-45025","appraiserUrl":null,"gisViewerUrl":"https://chesterfieldsc.wthgis.com/"},"geometry":{"type":"Polygon","coordinates":[[[-80.16887,34.443159],[-80.168503,34.446039],[-80.169798,34.445739],[-80.170098,34.44363],[-80.169496,34.443725],[-80.169597,34.443048],[-80.16887,34.443159]]]}},{"type":"Feature","id":"45025:165 000 000 016","properties":{"id":"45025:165 000 000 016","parcelId":"165 000 000 016","countyFips":"45025","countyName":"Chesterfield","state":"South Carolina","marketIds":["Columbia"],"situsAddress":null,"situsCity":null,"situsZip":null,"jurisdictionCode":null,"ownerName":"CHURCH TABERNACLE METHODIST","ownerName2":null,"propertyName":null,"zoningCode":null,"zoningDistrict":null,"jurisdictionPrefix":null,"dorCode":null,"acreage":6.2599,"centroid":[-80.172025,34.442754],"lastSale":{"date":null,"price":null,"qualified":null},"tax":{"marketValue":null,"assessedValue":null,"taxableValue":null,"taxes":null},"mailingAddress":{"line1":null,"line2":null,"city":null,"state":null,"zip":null},"incomeTract":null,"incomeBlockGroup":null,"nearestRoad":null,"flu":null,"opportunityZone":null,"oz2Eligibility":null,"source":"sc-chesterfield-parcels-45025","appraiserUrl":null,"gisViewerUrl":"https://chesterfieldsc.wthgis.com/"},"geometry":{"type":"MultiPolygon","coordinates":[[[[-80.171323,34.443674],[-80.171523,34.443602],[-80.173014,34.443071],[-80.17244,34.441614],[-80.171825,34.44181],[-80.171323,34.443674]]],[[[-80.171237,34.443159],[-80.171243,34.443136],[-80.171284,34.442985],[-80.171111,34.442973],[-80.171237,34.443159]]],[[[-80.171321,34.442849],[-80.171451,34.442366],[-80.171581,34.441882],[-80.170575,34.442203],[-80.171,34.442829],[-80.171321,34.442849]]]]}},{"type":"Feature","id":"45025:145 000 000 243","properties":{"id":"45025:145 000 000 243","parcelId":"145 000 000 243","countyFips":"45025","countyName":"Chesterfield","state":"South Carolina","marketIds":["Columbia"],"situsAddress":null,"situsCity":null,"situsZip":null,"jurisdictionCode":null,"ownerName":"ESPINOZA MARIA GUADALUPE","ownerName2":null,"propertyName":null,"zoningCode":null,"zoningDistrict":null,"jurisdictionPrefix":null,"dorCode":null,"acreage":6.2522,"centroid":[-80.17752,34.430236],"lastSale":{"date":null,"price":null,"qualified":null},"tax":{"marketValue":null,"assessedValue":null,"taxableValue":null,"taxes":null},"mailingAddress":{"line1":null,"line2":null,"city":null,"state":null,"zip":null},"incomeTract":null,"incomeBlockGroup":null,"nearestRoad":null,"flu":null,"opportunityZone":null,"oz2Eligibility":null,"source":"sc-chesterfield-parcels-45025","appraiserUrl":null,"gisViewerUrl":"https://chesterfieldsc.wthgis.com/"},"geometry":{"type":"Polygon","coordinates":[[[-80.179061,34.430286],[-80.178752,34.42947],[-80.176167,34.430138],[-80.176101,34.431049],[-80.179061,34.430286]]]}},{"type":"Feature","id":"45025:145 000 000 242","properties":{"id":"45025:145 000 000 242","parcelId":"145 000 000 242","countyFips":"45025","countyName":"Chesterfield","state":"South Carolina","marketIds":["Columbia"],"situsAddress":null,"situsCity":null,"situsZip":null,"jurisdictionCode":null,"ownerName":"ESPINOZA MARIE GUADALUPE","ownerName2":null,"propertyName":null,"zoningCode":null,"zoningDistrict":null,"jurisdictionPrefix":null,"dorCode":null,"acreage":6.2217,"centroid":[-80.180292,34.429524],"lastSale":{"date":null,"price":null,"qualified":null},"tax":{"marketValue":null,"assessedValue":null,"taxableValue":null,"taxes":null},"mailingAddress":{"line1":null,"line2":null,"city":null,"state":null,"zip":null},"incomeTract":null,"incomeBlockGroup":null,"nearestRoad":null,"flu":null,"opportunityZone":null,"oz2Eligibility":null,"source":"sc-chesterfield-parcels-45025","appraiserUrl":null,"gisViewerUrl":"https://chesterfieldsc.wthgis.com/"},"geometry":{"type":"Polygon","coordinates":[[[-80.181835,34.429572],[-80.18152,34.428766],[-80.178752,34.42947],[-80.179061,34.430286],[-80.181835,34.429572]]]}},{"type":"Feature","id":"45025:145 000 000 244","properties":{"id":"45025:145 000 000 244","parcelId":"145 000 000 244","countyFips":"45025","countyName":"Chesterfield","state":"South Carolina","marketIds":["Columbia"],"situsAddress":null,"situsCity":null,"situsZip":null,"jurisdictionCode":null,"ownerName":"ALVARADO OSCAR & ROSA MARIA","ownerName2":null,"propertyName":null,"zoningCode":null,"zoningDistrict":null,"jurisdictionPrefix":null,"dorCode":null,"acreage":6.6172,"centroid":[-80.179967,34.428688],"lastSale":{"date":null,"price":null,"qualified":null},"tax":{"marketValue":null,"assessedValue":null,"taxableValue":null,"taxes":null},"mailingAddress":{"line1":null,"line2":null,"city":null,"state":null,"zip":null},"incomeTract":null,"incomeBlockGroup":null,"nearestRoad":null,"flu":null,"opportunityZone":null,"oz2Eligibility":null,"source":"sc-chesterfield-parcels-45025","appraiserUrl":null,"gisViewerUrl":"https://chesterfieldsc.wthgis.com/"},"geometry":{"type":"Polygon","coordinates":[[[-80.178752,34.42947],[-80.18152,34.428766],[-80.181184,34.427912],[-80.178412,34.428604],[-80.178752,34.42947]]]}},{"type":"Feature","id":"45025:145 000 000 081","properties":{"id":"45025:145 000 000 081","parcelId":"145 000 000 081","countyFips":"45025","countyName":"Chesterfield","state":"South Carolina","marketIds":["Columbia"],"situsAddress":null,"situsCity":null,"situsZip":null,"jurisdictionCode":null,"ownerName":"JONES CHARLES W JR & FAYE B","ownerName2":null,"propertyName":null,"zoningCode":null,"zoningDistrict":null,"jurisdictionPrefix":null,"dorCode":null,"acreage":14.4253,"centroid":[-80.178196,34.427693],"lastSale":{"date":null,"price":null,"qualified":null},"tax":{"marketValue":null,"assessedValue":null,"taxableValue":null,"taxes":null},"mailingAddress":{"line1":null,"line2":null,"city":null,"state":null,"zip":null},"incomeTract":null,"incomeBlockGroup":null,"nearestRoad":null,"flu":null,"opportunityZone":null,"oz2Eligibility":null,"source":"sc-chesterfield-parcels-45025","appraiserUrl":null,"gisViewerUrl":"https://chesterfieldsc.wthgis.com/"},"geometry":{"type":"Polygon","coordinates":[[[-80.175485,34.428218],[-80.17589,34.429275],[-80.178828,34.428494],[-80.178606,34.427875],[-80.180962,34.427293],[-80.180676,34.4265],[-80.179497,34.426788],[-80.179718,34.427408],[-80.178539,34.427697],[-80.178319,34.427077],[-80.176155,34.427607],[-80.175676,34.42808],[-80.175485,34.428218]]]}},{"type":"Feature","id":"45025:145 000 000 080","properties":{"id":"45025:145 000 000 080","parcelId":"145 000 000 080","countyFips":"45025","countyName":"Chesterfield","state":"South Carolina","marketIds":["Columbia"],"situsAddress":null,"situsCity":null,"situsZip":null,"jurisdictionCode":null,"ownerName":"ALVARADO OSCAR & ROSA MARIA","ownerName2":null,"propertyName":null,"zoningCode":null,"zoningDistrict":null,"jurisdictionPrefix":null,"dorCode":null,"acreage":6.0271,"centroid":[-80.177079,34.429501],"lastSale":{"date":null,"price":null,"qualified":null},"tax":{"marketValue":null,"assessedValue":null,"taxableValue":null,"taxes":null},"mailingAddress":{"line1":null,"line2":null,"city":null,"state":null,"zip":null},"incomeTract":null,"incomeBlockGroup":null,"nearestRoad":null,"flu":null,"opportunityZone":null,"oz2Eligibility":null,"source":"sc-chesterfield-parcels-45025","appraiserUrl":null,"gisViewerUrl":"https://chesterfieldsc.wthgis.com/"},"geometry":{"type":"Polygon","coordinates":[[[-80.178752,34.42947],[-80.178412,34.428604],[-80.17589,34.429275],[-80.176176,34.43002],[-80.176167,34.430138],[-80.178752,34.42947]]]}},{"type":"Feature","id":"45025:145 000 000 076","properties":{"id":"45025:145 000 000 076","parcelId":"145 000 000 076","countyFips":"45025","countyName":"Chesterfield","state":"South Carolina","marketIds":["Columbia"],"situsAddress":null,"situsCity":null,"situsZip":null,"jurisdictionCode":null,"ownerName":"MCLEOD ALEXANDER C JR","ownerName2":null,"propertyName":null,"zoningCode":null,"zoningDistrict":null,"jurisdictionPrefix":null,"dorCode":null,"acreage":19.2517,"centroid":[-80.182239,34.435577],"lastSale":{"date":null,"price":null,"qualified":null},"tax":{"marketValue":null,"assessedValue":null,"taxableValue":null,"taxes":null},"mailingAddress":{"line1":null,"line2":null,"city":null,"state":null,"zip":null},"incomeTract":null,"incomeBlockGroup":null,"nearestRoad":null,"flu":null,"opportunityZone":null,"oz2Eligibility":null,"source":"sc-chesterfield-parcels-45025","appraiserUrl":null,"gisViewerUrl":"https://chesterfieldsc.wthgis.com/"},"geometry":{"type":"Polygon","coordinates":[[[-80.180079,34.43501],[-80.181038,34.437105],[-80.184292,34.436082],[-80.183548,34.434112],[-80.180079,34.43501]]]}},{"type":"Feature","id":"45025:145 000 000 249","properties":{"id":"45025:145 000 000 249","parcelId":"145 000 000 249","countyFips":"45025","countyName":"Chesterfield","state":"South Carolina","marketIds":["Columbia"],"situsAddress":null,"situsCity":null,"situsZip":null,"jurisdictionCode":null,"ownerName":"KELLEY CINDY ETAL","ownerName2":null,"propertyName":null,"zoningCode":null,"zoningDistrict":null,"jurisdictionPrefix":null,"dorCode":null,"acreage":6.0138,"centroid":[-80.179529,34.434353],"lastSale":{"date":null,"price":null,"qualified":null},"tax":{"marketValue":null,"assessedValue":null,"taxableValue":null,"taxes":null},"mailingAddress":{"line1":null,"line2":null,"city":null,"state":null,"zip":null},"incomeTract":null,"incomeBlockGroup":null,"nearestRoad":null,"flu":null,"opportunityZone":null,"oz2Eligibility":null,"source":"sc-chesterfield-parcels-45025","appraiserUrl":null,"gisViewerUrl":"https://chesterfieldsc.wthgis.com/"},"geometry":{"type":"Polygon","coordinates":[[[-80.178188,34.433896],[-80.179372,34.435191],[-80.180869,34.434808],[-80.179686,34.433515],[-80.178188,34.433896]]]}},{"type":"Feature","id":"45025:145 000 000 077","properties":{"id":"45025:145 000 000 077","parcelId":"145 000 000 077","countyFips":"45025","countyName":"Chesterfield","state":"South Carolina","marketIds":["Columbia"],"situsAddress":null,"situsCity":null,"situsZip":null,"jurisdictionCode":null,"ownerName":"MOREE JOSEPH JR & F JADE","ownerName2":null,"propertyName":null,"zoningCode":null,"zoningDistrict":null,"jurisdictionPrefix":null,"dorCode":null,"acreage":11.2822,"centroid":[-80.182091,34.43381],"lastSale":{"date":null,"price":null,"qualified":null},"tax":{"marketValue":24000.0,"assessedValue":null,"taxableValue":null,"taxes":null},"mailingAddress":{"line1":null,"line2":null,"city":null,"state":null,"zip":null},"incomeTract":null,"incomeBlockGroup":null,"nearestRoad":null,"flu":null,"opportunityZone":null,"oz2Eligibility":null,"source":"sc-chesterfield-parcels-45025","appraiserUrl":null,"gisViewerUrl":"https://chesterfieldsc.wthgis.com/"},"geometry":{"type":"Polygon","coordinates":[[[-80.179686,34.433515],[-80.180869,34.434808],[-80.182883,34.434286],[-80.182718,34.433881],[-80.183393,34.433705],[-80.182995,34.432663],[-80.179686,34.433515]]]}},{"type":"Feature","id":"45025:145 000 000 003","properties":{"id":"45025:145 000 000 003","parcelId":"145 000 000 003","countyFips":"45025","countyName":"Chesterfield","state":"South Carolina","marketIds":["Columbia"],"situsAddress":null,"situsCity":null,"situsZip":null,"jurisdictionCode":null,"ownerName":"MORGAN SANDRA H & JOSEPH A JR","ownerName2":null,"propertyName":null,"zoningCode":null,"zoningDistrict":null,"jurisdictionPrefix":null,"dorCode":null,"acreage":74.7412,"centroid":[-80.196676,34.43226],"lastSale":{"date":null,"price":null,"qualified":null},"tax":{"marketValue":170800.0,"assessedValue":null,"taxableValue":null,"taxes":null},"mailingAddress":{"line1":null,"line2":null,"city":null,"state":null,"zip":null},"incomeTract":null,"incomeBlockGroup":null,"nearestRoad":null,"flu":null,"opportunityZone":null,"oz2Eligibility":null,"source":"sc-chesterfield-parcels-45025","appraiserUrl":null,"gisViewerUrl":"https://chesterfieldsc.wthgis.com/"},"geometry":{"type":"Polygon","coordinates":[[[-80.191056,34.432598],[-80.192946,34.43517],[-80.201666,34.432086],[-80.201036,34.429186],[-80.191056,34.432598]]]}},{"type":"Feature","id":"45025:145 000 000 103","properties":{"id":"45025:145 000 000 103","parcelId":"145 000 000 103","countyFips":"45025","countyName":"Chesterfield","state":"South Carolina","marketIds":["Columbia"],"situsAddress":null,"situsCity":null,"situsZip":null,"jurisdictionCode":null,"ownerName":"CAMPBELL JR LLC","ownerName2":null,"propertyName":null,"zoningCode":null,"zoningDistrict":null,"jurisdictionPrefix":null,"dorCode":null,"acreage":56.5734,"centroid":[-80.198383,34.434996],"lastSale":{"date":null,"price":null,"qualified":null},"tax":{"marketValue":null,"assessedValue":null,"taxableValue":null,"taxes":null},"mailingAddress":{"line1":null,"line2":null,"city":null,"state":null,"zip":null},"incomeTract":null,"incomeBlockGroup":null,"nearestRoad":null,"flu":null,"opportunityZone":null,"oz2Eligibility":null,"source":"sc-chesterfield-parcels-45025","appraiserUrl":null,"gisViewerUrl":"https://chesterfieldsc.wthgis.com/"},"geometry":{"type":"Polygon","coordinates":[[[-80.201002,34.435564],[-80.202076,34.435367],[-80.201736,34.432061],[-80.192946,34.43517],[-80.194157,34.436819],[-80.201002,34.435564]]]}},{"type":"Feature","id":"45025:145 000 000 192","properties":{"id":"45025:145 000 000 192","parcelId":"145 000 000 192","countyFips":"45025","countyName":"Chesterfield","state":"South Carolina","marketIds":["Columbia"],"situsAddress":null,"situsCity":null,"situsZip":null,"jurisdictionCode":null,"ownerName":"MOORE THOMAS T & SUSAN K","ownerName2":null,"propertyName":null,"zoningCode":null,"zoningDistrict":null,"jurisdictionPrefix":null,"dorCode":null,"acreage":5.5858,"centroid":[-80.210282,34.427914],"lastSale":{"date":null,"price":null,"qualified":null},"tax":{"marketValue":390000.0,"assessedValue":null,"taxableValue":null,"taxes":null},"mailingAddress":{"line1":null,"line2":null,"city":null,"state":null,"zip":null},"incomeTract":null,"incomeBlockGroup":null,"nearestRoad":null,"flu":null,"opportunityZone":null,"oz2Eligibility":null,"source":"sc-chesterfield-parcels-45025","appraiserUrl":null,"gisViewerUrl":"https://chesterfieldsc.wthgis.com/"},"geometry":{"type":"Polygon","coordinates":[[[-80.209686,34.428488],[-80.21086,34.428595],[-80.211386,34.42797],[-80.211048,34.426964],[-80.209685,34.427617],[-80.209029,34.427852],[-80.209686,34.428488]]]}},{"type":"Feature","id":"45025:144 000 000 001","properties":{"id":"45025:144 000 000 001","parcelId":"144 000 000 001","countyFips":"45025","countyName":"Chesterfield","state":"South Carolina","marketIds":["Columbia"],"situsAddress":null,"situsCity":null,"situsZip":null,"jurisdictionCode":null,"ownerName":"RACHEL MCLEOD MCCORMICK LLC","ownerName2":null,"propertyName":null,"zoningCode":null,"zoningDistrict":null,"jurisdictionPrefix":null,"dorCode":null,"acreage":100.8866,"centroid":[-80.188852,34.445609],"lastSale":{"date":null,"price":null,"qualified":null},"tax":{"marketValue":null,"assessedValue":null,"taxableValue":null,"taxes":null},"mailingAddress":{"line1":null,"line2":null,"city":null,"state":null,"zip":null},"incomeTract":null,"incomeBlockGroup":null,"nearestRoad":null,"flu":null,"opportunityZone":null,"oz2Eligibility":null,"source":"sc-chesterfield-parcels-45025","appraiserUrl":null,"gisViewerUrl":"https://chesterfieldsc.wthgis.com/"},"geometry":{"type":"Polygon","coordinates":[[[-80.183224,34.447884],[-80.183813,34.448395],[-80.19963,34.445283],[-80.196812,34.441458],[-80.195278,34.442398],[-80.195404,34.444102],[-80.193902,34.444312],[-80.181842,34.446384],[-80.182147,34.446783],[-80.18248,34.447167],[-80.182839,34.447534],[-80.183224,34.447884]]]}},{"type":"Feature","id":"45025:145 000 000 001","properties":{"id":"45025:145 000 000 001","parcelId":"145 000 000 001","countyFips":"45025","countyName":"Chesterfield","state":"South Carolina","marketIds":["Columbia"],"situsAddress":null,"situsCity":null,"situsZip":null,"jurisdictionCode":null,"ownerName":"MCLEOD FARMS ROADSIDE MARKET","ownerName2":null,"propertyName":null,"zoningCode":null,"zoningDistrict":null,"jurisdictionPrefix":null,"dorCode":null,"acreage":7.6548,"centroid":[-80.192092,34.436563],"lastSale":{"date":null,"price":null,"qualified":null},"tax":{"marketValue":562800.0,"assessedValue":null,"taxableValue":null,"taxes":null},"mailingAddress":{"line1":null,"line2":null,"city":null,"state":null,"zip":null},"incomeTract":null,"incomeBlockGroup":null,"nearestRoad":null,"flu":null,"opportunityZone":null,"oz2Eligibility":null,"source":"sc-chesterfield-parcels-45025","appraiserUrl":null,"gisViewerUrl":"https://chesterfieldsc.wthgis.com/"},"geometry":{"type":"Polygon","coordinates":[[[-80.19078,34.435785],[-80.191521,34.437042],[-80.192031,34.436842],[-80.192389,34.437346],[-80.193548,34.437066],[-80.192283,34.435295],[-80.19078,34.435785]]]}},{"type":"Feature","id":"45025:145 000 000 002","properties":{"id":"45025:145 000 000 002","parcelId":"145 000 000 002","countyFips":"45025","countyName":"Chesterfield","state":"South Carolina","marketIds":["Columbia"],"situsAddress":null,"situsCity":null,"situsZip":null,"jurisdictionCode":null,"ownerName":"MCCORMICK RACHEL MCLEOD LLC","ownerName2":null,"propertyName":null,"zoningCode":null,"zoningDistrict":null,"jurisdictionPrefix":null,"dorCode":null,"acreage":50.6848,"centroid":[-80.194211,34.442285],"lastSale":{"date":null,"price":null,"qualified":null},"tax":{"marketValue":24000.0,"assessedValue":null,"taxableValue":null,"taxes":null},"mailingAddress":{"line1":null,"line2":null,"city":null,"state":null,"zip":null},"incomeTract":null,"incomeBlockGroup":null,"nearestRoad":null,"flu":null,"opportunityZone":null,"oz2Eligibility":null,"source":"sc-chesterfield-parcels-45025","appraiserUrl":null,"gisViewerUrl":"https://chesterfieldsc.wthgis.com/"},"geometry":{"type":"Polygon","coordinates":[[[-80.193902,34.444312],[-80.195404,34.444102],[-80.195278,34.442398],[-80.196812,34.441458],[-80.195371,34.439499],[-80.188498,34.441944],[-80.193902,34.444312]]]}},{"type":"Feature","id":"45025:145 000 000 005","properties":{"id":"45025:145 000 000 005","parcelId":"145 000 000 005","countyFips":"45025","countyName":"Chesterfield","state":"South Carolina","marketIds":["Columbia"],"situsAddress":null,"situsCity":null,"situsZip":null,"jurisdictionCode":null,"ownerName":"MCLEOD CHICKEN FARM LLC","ownerName2":null,"propertyName":null,"zoningCode":null,"zoningDistrict":null,"jurisdictionPrefix":null,"dorCode":null,"acreage":90.6086,"centroid":[-80.187934,34.436096],"lastSale":{"date":null,"price":null,"qualified":null},"tax":{"marketValue":null,"assessedValue":null,"taxableValue":null,"taxes":null},"mailingAddress":{"line1":null,"line2":null,"city":null,"state":null,"zip":null},"incomeTract":null,"incomeBlockGroup":null,"nearestRoad":null,"flu":null,"opportunityZone":null,"oz2Eligibility":null,"source":"sc-chesterfield-parcels-45025","appraiserUrl":null,"gisViewerUrl":"https://chesterfieldsc.wthgis.com/"},"geometry":{"type":"Polygon","coordinates":[[[-80.186303,34.439574],[-80.187267,34.438544],[-80.191521,34.437042],[-80.19078,34.435785],[-80.192283,34.435295],[-80.188844,34.430611],[-80.185057,34.432586],[-80.186533,34.436463],[-80.18565,34.437445],[-80.185102,34.437619],[-80.186303,34.439574]]]}},{"type":"Feature","id":"45025:145 000 000 235","properties":{"id":"45025:145 000 000 235","parcelId":"145 000 000 235","countyFips":"45025","countyName":"Chesterfield","state":"South Carolina","marketIds":["Columbia"],"situsAddress":null,"situsCity":null,"situsZip":null,"jurisdictionCode":null,"ownerName":"MCLEOD A C 111 LLC","ownerName2":null,"propertyName":null,"zoningCode":null,"zoningDistrict":null,"jurisdictionPrefix":null,"dorCode":null,"acreage":83.8818,"centroid":[-80.189271,34.439405],"lastSale":{"date":null,"price":null,"qualified":null},"tax":{"marketValue":null,"assessedValue":null,"taxableValue":null,"taxes":null},"mailingAddress":{"line1":null,"line2":null,"city":null,"state":null,"zip":null},"incomeTract":null,"incomeBlockGroup":null,"nearestRoad":null,"flu":null,"opportunityZone":null,"oz2Eligibility":null,"source":"sc-chesterfield-parcels-45025","appraiserUrl":null,"gisViewerUrl":"https://chesterfieldsc.wthgis.com/"},"geometry":{"type":"Polygon","coordinates":[[[-80.183455,34.441757],[-80.184594,34.4433],[-80.188498,34.441944],[-80.195371,34.439499],[-80.193548,34.437066],[-80.192389,34.437346],[-80.192031,34.436842],[-80.191521,34.437042],[-80.187267,34.438544],[-80.186303,34.439574],[-80.187007,34.440537],[-80.183455,34.441757]]]}},{"type":"Feature","id":"45025:145 000 000 034","properties":{"id":"45025:145 000 000 034","parcelId":"145 000 000 034","countyFips":"45025","countyName":"Chesterfield","state":"South Carolina","marketIds":["Columbia"],"situsAddress":null,"situsCity":null,"situsZip":null,"jurisdictionCode":null,"ownerName":"BYRD JUDY F","ownerName2":null,"propertyName":null,"zoningCode":null,"zoningDistrict":null,"jurisdictionPrefix":null,"dorCode":null,"acreage":36.8101,"centroid":[-80.189882,34.422496],"lastSale":{"date":null,"price":null,"qualified":null},"tax":{"marketValue":null,"assessedValue":null,"taxableValue":null,"taxes":null},"mailingAddress":{"line1":null,"line2":null,"city":null,"state":null,"zip":null},"incomeTract":null,"incomeBlockGroup":null,"nearestRoad":null,"flu":null,"opportunityZone":null,"oz2Eligibility":null,"source":"sc-chesterfield-parcels-45025","appraiserUrl":null,"gisViewerUrl":"https://chesterfieldsc.wthgis.com/"},"geometry":{"type":"MultiPolygon","coordinates":[[[[-80.184297,34.422921],[-80.184604,34.423342],[-80.188134,34.422745],[-80.188691,34.422675],[-80.189009,34.422663],[-80.189486,34.422695],[-80.189951,34.422786],[-80.190395,34.422934],[-80.191404,34.422602],[-80.199388,34.421599],[-80.199111,34.420324],[-80.187097,34.422714],[-80.186895,34.422448],[-80.184297,34.422921]]],[[[-80.190112,34.423027],[-80.189963,34.42298],[-80.189658,34.422907],[-80.189346,34.422862],[-80.18903,34.422845],[-80.188713,34.422856],[-80.188175,34.422924],[-80.186627,34.423186],[-80.186885,34.423586],[-80.184762,34.424028],[-80.185209,34.424636],[-80.190112,34.423027]]]]}},{"type":"Feature","id":"45025:145 000 000 035","properties":{"id":"45025:145 000 000 035","parcelId":"145 000 000 035","countyFips":"45025","countyName":"Chesterfield","state":"South Carolina","marketIds":["Columbia"],"situsAddress":null,"situsCity":null,"situsZip":null,"jurisdictionCode":null,"ownerName":"MOATES VADAREE HILL","ownerName2":null,"propertyName":null,"zoningCode":null,"zoningDistrict":null,"jurisdictionPrefix":null,"dorCode":null,"acreage":54.4748,"centroid":[-80.193635,34.42303],"lastSale":{"date":null,"price":null,"qualified":null},"tax":{"marketValue":null,"assessedValue":null,"taxableValue":null,"taxes":null},"mailingAddress":{"line1":null,"line2":null,"city":null,"state":null,"zip":null},"incomeTract":null,"incomeBlockGroup":null,"nearestRoad":null,"flu":null,"opportunityZone":null,"oz2Eligibility":null,"source":"sc-chesterfield-parcels-45025","appraiserUrl":null,"gisViewerUrl":"https://chesterfieldsc.wthgis.com/"},"geometry":{"type":"MultiPolygon","coordinates":[[[[-80.191404,34.422602],[-80.190395,34.422934],[-80.190902,34.423191],[-80.191684,34.423727],[-80.191868,34.423635],[-80.199806,34.423523],[-80.199388,34.421599],[-80.191404,34.422602]]],[[[-80.185209,34.424636],[-80.186446,34.426322],[-80.191485,34.423825],[-80.190773,34.423338],[-80.190499,34.423186],[-80.190112,34.423027],[-80.185209,34.424636]]]]}},{"type":"Feature","id":"45025:124 000 000 072","properties":{"id":"45025:124 000 000 072","parcelId":"124 000 000 072","countyFips":"45025","countyName":"Chesterfield","state":"South Carolina","marketIds":["Columbia"],"situsAddress":null,"situsCity":null,"situsZip":null,"jurisdictionCode":null,"ownerName":"SULLIVAN RONNIE M","ownerName2":null,"propertyName":null,"zoningCode":null,"zoningDistrict":null,"jurisdictionPrefix":null,"dorCode":null,"acreage":29.0849,"centroid":[-80.227902,34.409007],"lastSale":{"date":null,"price":null,"qualified":null},"tax":{"marketValue":null,"assessedValue":null,"taxableValue":null,"taxes":null},"mailingAddress":{"line1":null,"line2":null,"city":null,"state":null,"zip":null},"incomeTract":null,"incomeBlockGroup":null,"nearestRoad":null,"flu":null,"opportunityZone":null,"oz2Eligibility":null,"source":"sc-chesterfield-parcels-45025","appraiserUrl":null,"gisViewerUrl":"https://chesterfieldsc.wthgis.com/"},"geometry":{"type":"Polygon","coordinates":[[[-80.230559,34.410899],[-80.231421,34.411062],[-80.230655,34.408438],[-80.230545,34.40813],[-80.230448,34.407938],[-80.229452,34.407961],[-80.226921,34.407936],[-80.226732,34.408164],[-80.226575,34.408299],[-80.226397,34.408414],[-80.226201,34.408507],[-80.225991,34.408576],[-80.225772,34.40862],[-80.224954,34.408704],[-80.22472,34.408743],[-80.22524,34.40895],[-80.22875,34.410455],[-80.229277,34.410631],[-80.229536,34.410697],[-80.230559,34.410899]]]}},{"type":"Feature","id":"45025:124 000 000 011","properties":{"id":"45025:124 000 000 011","parcelId":"124 000 000 011","countyFips":"45025","countyName":"Chesterfield","state":"South Carolina","marketIds":["Columbia"],"situsAddress":null,"situsCity":null,"situsZip":null,"jurisdictionCode":null,"ownerName":"HANEY CHARLES KEVIN & GINA M","ownerName2":null,"propertyName":null,"zoningCode":null,"zoningDistrict":null,"jurisdictionPrefix":null,"dorCode":null,"acreage":59.464,"centroid":[-80.22418,34.406948],"lastSale":{"date":null,"price":null,"qualified":null},"tax":{"marketValue":617900.0,"assessedValue":null,"taxableValue":null,"taxes":null},"mailingAddress":{"line1":null,"line2":null,"city":null,"state":null,"zip":null},"incomeTract":null,"incomeBlockGroup":null,"nearestRoad":null,"flu":null,"opportunityZone":null,"oz2Eligibility":null,"source":"sc-chesterfield-parcels-45025","appraiserUrl":null,"gisViewerUrl":"https://chesterfieldsc.wthgis.com/"},"geometry":{"type":"Polygon","coordinates":[[[-80.221842,34.403233],[-80.221644,34.403776],[-80.221197,34.405007],[-80.220463,34.406831],[-80.220158,34.407991],[-80.221001,34.408144],[-80.224164,34.408611],[-80.224528,34.408683],[-80.224828,34.408609],[-80.225757,34.408511],[-80.225974,34.408465],[-80.22618,34.408392],[-80.226371,34.408294],[-80.226542,34.408174],[-80.226688,34.408033],[-80.226767,34.407934],[-80.226382,34.40793],[-80.225196,34.405849],[-80.224642,34.403925],[-80.223269,34.402569],[-80.221842,34.403233]]]}},{"type":"Feature","id":"45025:124 000 000 076","properties":{"id":"45025:124 000 000 076","parcelId":"124 000 000 076","countyFips":"45025","countyName":"Chesterfield","state":"South Carolina","marketIds":["Columbia"],"situsAddress":null,"situsCity":null,"situsZip":null,"jurisdictionCode":null,"ownerName":"S & S FARM LIMITED PARTNERSHIP","ownerName2":null,"propertyName":null,"zoningCode":null,"zoningDistrict":null,"jurisdictionPrefix":null,"dorCode":null,"acreage":29.9345,"centroid":[-80.227646,34.410746],"lastSale":{"date":null,"price":null,"qualified":null},"tax":{"marketValue":null,"assessedValue":null,"taxableValue":null,"taxes":null},"mailingAddress":{"line1":null,"line2":null,"city":null,"state":null,"zip":null},"incomeTract":null,"incomeBlockGroup":null,"nearestRoad":null,"flu":null,"opportunityZone":null,"oz2Eligibility":null,"source":"sc-chesterfield-parcels-45025","appraiserUrl":null,"gisViewerUrl":"https://chesterfieldsc.wthgis.com/"},"geometry":{"type":"Polygon","coordinates":[[[-80.230571,34.412585],[-80.22998,34.410976],[-80.229201,34.410801],[-80.228662,34.410622],[-80.22514,34.409111],[-80.224495,34.408865],[-80.225476,34.412262],[-80.230571,34.412585]]]}},{"type":"Feature","id":"45025:124 000 000 019","properties":{"id":"45025:124 000 000 019","parcelId":"124 000 000 019","countyFips":"45025","countyName":"Chesterfield","state":"South Carolina","marketIds":["Columbia"],"situsAddress":null,"situsCity":null,"situsZip":null,"jurisdictionCode":null,"ownerName":"MCLEOD ALEXANDER CAMPBELL JR","ownerName2":null,"propertyName":null,"zoningCode":null,"zoningDistrict":null,"jurisdictionPrefix":null,"dorCode":null,"acreage":79.6254,"centroid":[-80.234696,34.406945],"lastSale":{"date":null,"price":null,"qualified":null},"tax":{"marketValue":null,"assessedValue":null,"taxableValue":null,"taxes":null},"mailingAddress":{"line1":null,"line2":null,"city":null,"state":null,"zip":null},"incomeTract":null,"incomeBlockGroup":null,"nearestRoad":null,"flu":null,"opportunityZone":null,"oz2Eligibility":null,"source":"sc-chesterfield-parcels-45025","appraiserUrl":null,"gisViewerUrl":"https://chesterfieldsc.wthgis.com/"},"geometry":{"type":"Polygon","coordinates":[[[-80.232529,34.407888],[-80.232625,34.40957],[-80.2377,34.409531],[-80.238327,34.404065],[-80.232299,34.403669],[-80.232529,34.407888]]]}},{"type":"Feature","id":"45025:124 000 000 029","properties":{"id":"45025:124 000 000 029","parcelId":"124 000 000 029","countyFips":"45025","countyName":"Chesterfield","state":"South Carolina","marketIds":["Columbia"],"situsAddress":null,"situsCity":null,"situsZip":null,"jurisdictionCode":null,"ownerName":"C & N FARMS LLC","ownerName2":null,"propertyName":null,"zoningCode":null,"zoningDistrict":null,"jurisdictionPrefix":null,"dorCode":null,"acreage":11.5663,"centroid":[-80.214733,34.405382],"lastSale":{"date":null,"price":null,"qualified":null},"tax":{"marketValue":null,"assessedValue":null,"taxableValue":null,"taxes":null},"mailingAddress":{"line1":null,"line2":null,"city":null,"state":null,"zip":null},"incomeTract":null,"incomeBlockGroup":null,"nearestRoad":null,"flu":null,"opportunityZone":null,"oz2Eligibility":null,"source":"sc-chesterfield-parcels-45025","appraiserUrl":null,"gisViewerUrl":"https://chesterfieldsc.wthgis.com/"},"geometry":{"type":"Polygon","coordinates":[[[-80.214511,34.406876],[-80.2147,34.406896],[-80.216345,34.405155],[-80.215124,34.404457],[-80.214567,34.404105],[-80.213151,34.404804],[-80.214511,34.406876]]]}},{"type":"Feature","id":"45025:146 000 000 001","properties":{"id":"45025:146 000 000 001","parcelId":"146 000 000 001","countyFips":"45025","countyName":"Chesterfield","state":"South Carolina","marketIds":["Columbia"],"situsAddress":null,"situsCity":null,"situsZip":null,"jurisdictionCode":null,"ownerName":"S & S FARM LTD PARTNERSHIP","ownerName2":null,"propertyName":null,"zoningCode":null,"zoningDistrict":null,"jurisdictionPrefix":null,"dorCode":null,"acreage":143.8217,"centroid":[-80.211861,34.409278],"lastSale":{"date":null,"price":null,"qualified":null},"tax":{"marketValue":null,"assessedValue":null,"taxableValue":null,"taxes":null},"mailingAddress":{"line1":null,"line2":null,"city":null,"state":null,"zip":null},"incomeTract":null,"incomeBlockGroup":null,"nearestRoad":null,"flu":null,"opportunityZone":null,"oz2Eligibility":null,"source":"sc-chesterfield-parcels-45025","appraiserUrl":null,"gisViewerUrl":"https://chesterfieldsc.wthgis.com/"},"geometry":{"type":"Polygon","coordinates":[[[-80.21028,34.411595],[-80.21127,34.414809],[-80.217117,34.411575],[-80.216185,34.40734],[-80.215244,34.407152],[-80.214538,34.407061],[-80.213856,34.407013],[-80.213173,34.407008],[-80.205184,34.407598],[-80.205327,34.409123],[-80.208295,34.411783],[-80.21028,34.411595]]]}},{"type":"Feature","id":"45025:182 000 000 333","properties":{"id":"45025:182 000 000 333","parcelId":"182 000 000 333","countyFips":"45025","countyName":"Chesterfield","state":"South Carolina","marketIds":["Columbia"],"situsAddress":null,"situsCity":null,"situsZip":null,"jurisdictionCode":null,"ownerName":"BUSHNELL LISA J & CHRISTOPHER","ownerName2":null,"propertyName":null,"zoningCode":null,"zoningDistrict":null,"jurisdictionPrefix":null,"dorCode":null,"acreage":8.1776,"centroid":[-80.096826,34.499523],"lastSale":{"date":null,"price":null,"qualified":null},"tax":{"marketValue":null,"assessedValue":null,"taxableValue":null,"taxes":null},"mailingAddress":{"line1":null,"line2":null,"city":null,"state":null,"zip":null},"incomeTract":null,"incomeBlockGroup":null,"nearestRoad":null,"flu":null,"opportunityZone":null,"oz2Eligibility":null,"source":"sc-chesterfield-parcels-45025","appraiserUrl":null,"gisViewerUrl":"https://chesterfieldsc.wthgis.com/"},"geometry":{"type":"Polygon","coordinates":[[[-80.097982,34.499821],[-80.098282,34.500482],[-80.098752,34.500344],[-80.097313,34.498121],[-80.095839,34.498398],[-80.095007,34.499441],[-80.095095,34.499497],[-80.095793,34.498623],[-80.096969,34.499266],[-80.096269,34.500142],[-80.096961,34.500499],[-80.097649,34.499638],[-80.097982,34.499821]]]}},{"type":"Feature","id":"45025:202 000 000 002","properties":{"id":"45025:202 000 000 002","parcelId":"202 000 000 002","countyFips":"45025","countyName":"Chesterfield","state":"South Carolina","marketIds":["Columbia"],"situsAddress":null,"situsCity":null,"situsZip":null,"jurisdictionCode":null,"ownerName":"SCOTT BILLY & MARLENE","ownerName2":null,"propertyName":null,"zoningCode":null,"zoningDistrict":null,"jurisdictionPrefix":null,"dorCode":null,"acreage":5.2278,"centroid":[-80.088086,34.496695],"lastSale":{"date":null,"price":null,"qualified":null},"tax":{"marketValue":null,"assessedValue":null,"taxableValue":null,"taxes":null},"mailingAddress":{"line1":null,"line2":null,"city":null,"state":null,"zip":null},"incomeTract":null,"incomeBlockGroup":null,"nearestRoad":null,"flu":null,"opportunityZone":null,"oz2Eligibility":null,"source":"sc-chesterfield-parcels-45025","appraiserUrl":null,"gisViewerUrl":"https://chesterfieldsc.wthgis.com/"},"geometry":{"type":"MultiPolygon","coordinates":[[[[-80.087155,34.497129],[-80.08921,34.497046],[-80.089226,34.496379],[-80.087668,34.496467],[-80.087171,34.496455],[-80.087155,34.497129]]],[[[-80.089518,34.495654],[-80.088894,34.49579],[-80.088497,34.495909],[-80.088205,34.496256],[-80.089927,34.49615],[-80.089913,34.495476],[-80.089518,34.495654]]]]}},{"type":"Feature","id":"45025:202 000 000 023","properties":{"id":"45025:202 000 000 023","parcelId":"202 000 000 023","countyFips":"45025","countyName":"Chesterfield","state":"South Carolina","marketIds":["Columbia"],"situsAddress":null,"situsCity":null,"situsZip":null,"jurisdictionCode":null,"ownerName":"LEE ROBERT REGINALD","ownerName2":null,"propertyName":null,"zoningCode":null,"zoningDistrict":null,"jurisdictionPrefix":null,"dorCode":null,"acreage":11.1201,"centroid":[-80.074869,34.492883],"lastSale":{"date":null,"price":null,"qualified":null},"tax":{"marketValue":3000.0,"assessedValue":null,"taxableValue":null,"taxes":null},"mailingAddress":{"line1":null,"line2":null,"city":null,"state":null,"zip":null},"incomeTract":null,"incomeBlockGroup":null,"nearestRoad":null,"flu":null,"opportunityZone":null,"oz2Eligibility":null,"source":"sc-chesterfield-parcels-45025","appraiserUrl":null,"gisViewerUrl":"https://chesterfieldsc.wthgis.com/"},"geometry":{"type":"MultiPolygon","coordinates":[[[[-80.075775,34.492311],[-80.074755,34.492347],[-80.072458,34.492427],[-80.072635,34.493341],[-80.073998,34.4934],[-80.074748,34.493395],[-80.076011,34.493285],[-80.076669,34.493168],[-80.076769,34.492276],[-80.075775,34.492311]]],[[[-80.072765,34.494016],[-80.073843,34.493575],[-80.07267,34.493524],[-80.072765,34.494016]]]]}},{"type":"Feature","id":"45025:202 000 000 044","properties":{"id":"45025:202 000 000 044","parcelId":"202 000 000 044","countyFips":"45025","countyName":"Chesterfield","state":"South Carolina","marketIds":["Columbia"],"situsAddress":null,"situsCity":null,"situsZip":null,"jurisdictionCode":null,"ownerName":"CLARK MICKEY LANCE","ownerName2":null,"propertyName":null,"zoningCode":null,"zoningDistrict":null,"jurisdictionPrefix":null,"dorCode":null,"acreage":5.0205,"centroid":[-80.071944,34.491159],"lastSale":{"date":null,"price":null,"qualified":null},"tax":{"marketValue":null,"assessedValue":null,"taxableValue":null,"taxes":null},"mailingAddress":{"line1":null,"line2":null,"city":null,"state":null,"zip":null},"incomeTract":null,"incomeBlockGroup":null,"nearestRoad":null,"flu":null,"opportunityZone":null,"oz2Eligibility":null,"source":"sc-chesterfield-parcels-45025","appraiserUrl":null,"gisViewerUrl":"https://chesterfieldsc.wthgis.com/"},"geometry":{"type":"Polygon","coordinates":[[[-80.070527,34.493225],[-80.070627,34.493232],[-80.070374,34.49193],[-80.072384,34.492041],[-80.07217,34.490924],[-80.070146,34.491251],[-80.070527,34.493225]]]}},{"type":"Feature","id":"45025:202 000 000 048","properties":{"id":"45025:202 000 000 048","parcelId":"202 000 000 048","countyFips":"45025","countyName":"Chesterfield","state":"South Carolina","marketIds":["Columbia"],"situsAddress":null,"situsCity":null,"situsZip":null,"jurisdictionCode":null,"ownerName":"WILSON ERIK L","ownerName2":null,"propertyName":null,"zoningCode":null,"zoningDistrict":null,"jurisdictionPrefix":null,"dorCode":null,"acreage":6.1872,"centroid":[-80.081077,34.488732],"lastSale":{"date":null,"price":null,"qualified":null},"tax":{"marketValue":null,"assessedValue":null,"taxableValue":null,"taxes":null},"mailingAddress":{"line1":null,"line2":null,"city":null,"state":null,"zip":null},"incomeTract":null,"incomeBlockGroup":null,"nearestRoad":null,"flu":null,"opportunityZone":null,"oz2Eligibility":null,"source":"sc-chesterfield-parcels-45025","appraiserUrl":null,"gisViewerUrl":"https://chesterfieldsc.wthgis.com/"},"geometry":{"type":"Polygon","coordinates":[[[-80.080273,34.489508],[-80.081814,34.489566],[-80.081861,34.48797],[-80.080361,34.487882],[-80.080273,34.489508]]]}},{"type":"Feature","id":"45025:202 000 000 057","properties":{"id":"45025:202 000 000 057","parcelId":"202 000 000 057","countyFips":"45025","countyName":"Chesterfield","state":"South Carolina","marketIds":["Columbia"],"situsAddress":null,"situsCity":null,"situsZip":null,"jurisdictionCode":null,"ownerName":"MAC RIVERS 1 LLC","ownerName2":null,"propertyName":null,"zoningCode":null,"zoningDistrict":null,"jurisdictionPrefix":null,"dorCode":null,"acreage":5.2705,"centroid":[-80.086789,34.492382],"lastSale":{"date":null,"price":null,"qualified":null},"tax":{"marketValue":84000.0,"assessedValue":null,"taxableValue":null,"taxes":null},"mailingAddress":{"line1":null,"line2":null,"city":null,"state":null,"zip":null},"incomeTract":null,"incomeBlockGroup":null,"nearestRoad":null,"flu":null,"opportunityZone":null,"oz2Eligibility":null,"source":"sc-chesterfield-parcels-45025","appraiserUrl":null,"gisViewerUrl":"https://chesterfieldsc.wthgis.com/"},"geometry":{"type":"Polygon","coordinates":[[[-80.085259,34.492153],[-80.087905,34.493384],[-80.088634,34.492753],[-80.086694,34.49185],[-80.08656,34.491932],[-80.085682,34.492219],[-80.085259,34.492153]]]}},{"type":"Feature","id":"45025:202 000 000 060","properties":{"id":"45025:202 000 000 060","parcelId":"202 000 000 060","countyFips":"45025","countyName":"Chesterfield","state":"South Carolina","marketIds":["Columbia"],"situsAddress":null,"situsCity":null,"situsZip":null,"jurisdictionCode":null,"ownerName":"BLUE WING PLANTATION LLC","ownerName2":null,"propertyName":null,"zoningCode":null,"zoningDistrict":null,"jurisdictionPrefix":null,"dorCode":null,"acreage":64.9415,"centroid":[-80.082899,34.496568],"lastSale":{"date":null,"price":null,"qualified":null},"tax":{"marketValue":null,"assessedValue":null,"taxableValue":null,"taxes":null},"mailingAddress":{"line1":null,"line2":null,"city":null,"state":null,"zip":null},"incomeTract":null,"incomeBlockGroup":null,"nearestRoad":null,"flu":null,"opportunityZone":null,"oz2Eligibility":null,"source":"sc-chesterfield-parcels-45025","appraiserUrl":null,"gisViewerUrl":"https://chesterfieldsc.wthgis.com/"},"geometry":{"type":"MultiPolygon","coordinates":[[[[-80.078423,34.49549],[-80.079421,34.497819],[-80.082877,34.499382],[-80.083763,34.499824],[-80.083756,34.498344],[-80.083013,34.497622],[-80.08481,34.496065],[-80.084391,34.495977],[-80.084027,34.49586],[-80.083761,34.495733],[-80.08356,34.495587],[-80.083384,34.495416],[-80.083157,34.495136],[-80.082248,34.493698],[-80.078423,34.49549]]],[[[-80.082439,34.493609],[-80.082449,34.493623],[-80.08344,34.49517],[-80.08362,34.495369],[-80.083787,34.495517],[-80.083935,34.495612],[-80.084122,34.495696],[-80.084455,34.495804],[-80.084986,34.495913],[-80.085991,34.495043],[-80.084006,34.492874],[-80.082439,34.493609]]]]}},{"type":"Feature","id":"45025:202 000 000 063","properties":{"id":"45025:202 000 000 063","parcelId":"202 000 000 063","countyFips":"45025","countyName":"Chesterfield","state":"South Carolina","marketIds":["Columbia"],"situsAddress":null,"situsCity":null,"situsZip":null,"jurisdictionCode":null,"ownerName":"MCCONNELL JAMES","ownerName2":null,"propertyName":null,"zoningCode":null,"zoningDistrict":null,"jurisdictionPrefix":null,"dorCode":null,"acreage":6.3396,"centroid":[-80.069878,34.494199],"lastSale":{"date":null,"price":null,"qualified":null},"tax":{"marketValue":65600.0,"assessedValue":null,"taxableValue":null,"taxes":null},"mailingAddress":{"line1":null,"line2":null,"city":null,"state":null,"zip":null},"incomeTract":null,"incomeBlockGroup":null,"nearestRoad":null,"flu":null,"opportunityZone":null,"oz2Eligibility":null,"source":"sc-chesterfield-parcels-45025","appraiserUrl":null,"gisViewerUrl":"https://chesterfieldsc.wthgis.com/"},"geometry":{"type":"Polygon","coordinates":[[[-80.069113,34.494044],[-80.069339,34.495376],[-80.070832,34.494805],[-80.070563,34.493409],[-80.069541,34.49336],[-80.069113,34.494044]]]}},{"type":"Feature","id":"45025:202 000 000 064","properties":{"id":"45025:202 000 000 064","parcelId":"202 000 000 064","countyFips":"45025","countyName":"Chesterfield","state":"South Carolina","marketIds":["Columbia"],"situsAddress":null,"situsCity":null,"situsZip":null,"jurisdictionCode":null,"ownerName":"THOMAS BILLY JOE & DANIEL LUKE","ownerName2":null,"propertyName":null,"zoningCode":null,"zoningDistrict":null,"jurisdictionPrefix":null,"dorCode":null,"acreage":9.6224,"centroid":[-80.083038,34.488821],"lastSale":{"date":null,"price":null,"qualified":null},"tax":{"marketValue":null,"assessedValue":null,"taxableValue":null,"taxes":null},"mailingAddress":{"line1":null,"line2":null,"city":null,"state":null,"zip":null},"incomeTract":null,"incomeBlockGroup":null,"nearestRoad":null,"flu":null,"opportunityZone":null,"oz2Eligibility":null,"source":"sc-chesterfield-parcels-45025","appraiserUrl":null,"gisViewerUrl":"https://chesterfieldsc.wthgis.com/"},"geometry":{"type":"Polygon","coordinates":[[[-80.081814,34.489566],[-80.084216,34.489666],[-80.084259,34.488081],[-80.081861,34.48797],[-80.081814,34.489566]]]}},{"type":"Feature","id":"45025:202 000 000 065","properties":{"id":"45025:202 000 000 065","parcelId":"202 000 000 065","countyFips":"45025","countyName":"Chesterfield","state":"South Carolina","marketIds":["Columbia"],"situsAddress":null,"situsCity":null,"situsZip":null,"jurisdictionCode":null,"ownerName":"HAWKINS OTIS WOODROW","ownerName2":null,"propertyName":null,"zoningCode":null,"zoningDistrict":null,"jurisdictionPrefix":null,"dorCode":null,"acreage":32.9873,"centroid":[-80.08827,34.49443],"lastSale":{"date":null,"price":null,"qualified":null},"tax":{"marketValue":null,"assessedValue":null,"taxableValue":null,"taxes":null},"mailingAddress":{"line1":null,"line2":null,"city":null,"state":null,"zip":null},"incomeTract":null,"incomeBlockGroup":null,"nearestRoad":null,"flu":null,"opportunityZone":null,"oz2Eligibility":null,"source":"sc-chesterfield-parcels-45025","appraiserUrl":null,"gisViewerUrl":"https://chesterfieldsc.wthgis.com/"},"geometry":{"type":"MultiPolygon","coordinates":[[[[-80.088784,34.492366],[-80.088913,34.49251],[-80.084986,34.495913],[-80.087175,34.496273],[-80.087534,34.49629],[-80.088205,34.496256],[-80.088598,34.49579],[-80.090615,34.492766],[-80.089623,34.491706],[-80.088784,34.492366]]],[[[-80.083013,34.497622],[-80.083756,34.498344],[-80.084069,34.497869],[-80.084762,34.497261],[-80.086,34.496272],[-80.08481,34.496065],[-80.083013,34.497622]]]]}},{"type":"Feature","id":"45025:202 000 000 078","properties":{"id":"45025:202 000 000 078","parcelId":"202 000 000 078","countyFips":"45025","countyName":"Chesterfield","state":"South Carolina","marketIds":["Columbia"],"situsAddress":null,"situsCity":null,"situsZip":null,"jurisdictionCode":null,"ownerName":"EDWARDS GAIL C","ownerName2":null,"propertyName":null,"zoningCode":null,"zoningDistrict":null,"jurisdictionPrefix":null,"dorCode":null,"acreage":11.8569,"centroid":[-80.071328,34.490368],"lastSale":{"date":null,"price":null,"qualified":null},"tax":{"marketValue":null,"assessedValue":null,"taxableValue":null,"taxes":null},"mailingAddress":{"line1":null,"line2":null,"city":null,"state":null,"zip":null},"incomeTract":null,"incomeBlockGroup":null,"nearestRoad":null,"flu":null,"opportunityZone":null,"oz2Eligibility":null,"source":"sc-chesterfield-parcels-45025","appraiserUrl":null,"gisViewerUrl":"https://chesterfieldsc.wthgis.com/"},"geometry":{"type":"Polygon","coordinates":[[[-80.069776,34.489988],[-80.070146,34.491251],[-80.07217,34.490924],[-80.073153,34.490895],[-80.073041,34.489479],[-80.069684,34.489673],[-80.069776,34.489988]]]}},{"type":"Feature","id":"45025:202 000 000 079","properties":{"id":"45025:202 000 000 079","parcelId":"202 000 000 079","countyFips":"45025","countyName":"Chesterfield","state":"South Carolina","marketIds":["Columbia"],"situsAddress":null,"situsCity":null,"situsZip":null,"jurisdictionCode":null,"ownerName":"EDWARDS EUNICE GAIL","ownerName2":null,"propertyName":null,"zoningCode":null,"zoningDistrict":null,"jurisdictionPrefix":null,"dorCode":null,"acreage":9.9171,"centroid":[-80.071407,34.488883],"lastSale":{"date":null,"price":null,"qualified":null},"tax":{"marketValue":null,"assessedValue":null,"taxableValue":null,"taxes":null},"mailingAddress":{"line1":null,"line2":null,"city":null,"state":null,"zip":null},"incomeTract":null,"incomeBlockGroup":null,"nearestRoad":null,"flu":null,"opportunityZone":null,"oz2Eligibility":null,"source":"sc-chesterfield-parcels-45025","appraiserUrl":null,"gisViewerUrl":"https://chesterfieldsc.wthgis.com/"},"geometry":{"type":"Polygon","coordinates":[[[-80.071685,34.488816],[-80.071683,34.488239],[-80.06929,34.488327],[-80.069684,34.489673],[-80.073041,34.489479],[-80.073061,34.488766],[-80.071685,34.488816]]]}},{"type":"Feature","id":"45025:202 000 000 086","properties":{"id":"45025:202 000 000 086","parcelId":"202 000 000 086","countyFips":"45025","countyName":"Chesterfield","state":"South Carolina","marketIds":["Columbia"],"situsAddress":null,"situsCity":null,"situsZip":null,"jurisdictionCode":null,"ownerName":"CLARK ANGELA F & EDWARD L","ownerName2":null,"propertyName":null,"zoningCode":null,"zoningDistrict":null,"jurisdictionPrefix":null,"dorCode":null,"acreage":15.2521,"centroid":[-80.074636,34.491793],"lastSale":{"date":null,"price":null,"qualified":null},"tax":{"marketValue":null,"assessedValue":null,"taxableValue":null,"taxes":null},"mailingAddress":{"line1":null,"line2":null,"city":null,"state":null,"zip":null},"incomeTract":null,"incomeBlockGroup":null,"nearestRoad":null,"flu":null,"opportunityZone":null,"oz2Eligibility":null,"source":"sc-chesterfield-parcels-45025","appraiserUrl":null,"gisViewerUrl":"https://chesterfieldsc.wthgis.com/"},"geometry":{"type":"Polygon","coordinates":[[[-80.072384,34.492041],[-80.072458,34.492427],[-80.074755,34.492347],[-80.074721,34.491548],[-80.075741,34.491512],[-80.075775,34.492311],[-80.076769,34.492276],[-80.076953,34.490753],[-80.07217,34.490924],[-80.072384,34.492041]]]}},{"type":"Feature","id":"45025:202 000 000 100","properties":{"id":"45025:202 000 000 100","parcelId":"202 000 000 100","countyFips":"45025","countyName":"Chesterfield","state":"South Carolina","marketIds":["Columbia"],"situsAddress":null,"situsCity":null,"situsZip":null,"jurisdictionCode":null,"ownerName":"CLARK DUSTIN L","ownerName2":null,"propertyName":null,"zoningCode":null,"zoningDistrict":null,"jurisdictionPrefix":null,"dorCode":null,"acreage":6.538,"centroid":[-80.074079,34.488785],"lastSale":{"date":null,"price":null,"qualified":null},"tax":{"marketValue":null,"assessedValue":null,"taxableValue":null,"taxes":null},"mailingAddress":{"line1":null,"line2":null,"city":null,"state":null,"zip":null},"incomeTract":null,"incomeBlockGroup":null,"nearestRoad":null,"flu":null,"opportunityZone":null,"oz2Eligibility":null,"source":"sc-chesterfield-parcels-45025","appraiserUrl":null,"gisViewerUrl":"https://chesterfieldsc.wthgis.com/"},"geometry":{"type":"Polygon","coordinates":[[[-80.075043,34.489361],[-80.075173,34.488112],[-80.073059,34.488189],[-80.073041,34.489479],[-80.075043,34.489361]]]}},{"type":"Feature","id":"45025:202 000 000 077","properties":{"id":"45025:202 000 000 077","parcelId":"202 000 000 077","countyFips":"45025","countyName":"Chesterfield","state":"South Carolina","marketIds":["Columbia"],"situsAddress":null,"situsCity":null,"situsZip":null,"jurisdictionCode":null,"ownerName":"CLARK WILLIAM L","ownerName2":null,"propertyName":null,"zoningCode":null,"zoningDistrict":null,"jurisdictionPrefix":null,"dorCode":null,"acreage":5.3191,"centroid":[-80.076531,34.48889],"lastSale":{"date":null,"price":null,"qualified":null},"tax":{"marketValue":null,"assessedValue":null,"taxableValue":null,"taxes":null},"mailingAddress":{"line1":null,"line2":null,"city":null,"state":null,"zip":null},"incomeTract":null,"incomeBlockGroup":null,"nearestRoad":null,"flu":null,"opportunityZone":null,"oz2Eligibility":null,"source":"sc-chesterfield-parcels-45025","appraiserUrl":null,"gisViewerUrl":"https://chesterfieldsc.wthgis.com/"},"geometry":{"type":"Polygon","coordinates":[[[-80.075173,34.488112],[-80.075043,34.489361],[-80.076157,34.489295],[-80.077177,34.489411],[-80.077193,34.489337],[-80.076489,34.489224],[-80.076585,34.488819],[-80.077295,34.488935],[-80.077372,34.488658],[-80.076689,34.488581],[-80.07667,34.488053],[-80.075173,34.488112]]]}},{"type":"Feature","id":"45025:182 000 000 331","properties":{"id":"45025:182 000 000 331","parcelId":"182 000 000 331","countyFips":"45025","countyName":"Chesterfield","state":"South Carolina","marketIds":["Columbia"],"situsAddress":null,"situsCity":null,"situsZip":null,"jurisdictionCode":null,"ownerName":"WINBURN KENNETH R & PATRICIA M","ownerName2":null,"propertyName":null,"zoningCode":null,"zoningDistrict":null,"jurisdictionPrefix":null,"dorCode":null,"acreage":12.5836,"centroid":[-80.09279,34.499631],"lastSale":{"date":null,"price":null,"qualified":null},"tax":{"marketValue":319600.0,"assessedValue":null,"taxableValue":null,"taxes":null},"mailingAddress":{"line1":null,"line2":null,"city":null,"state":null,"zip":null},"incomeTract":null,"incomeBlockGroup":null,"nearestRoad":null,"flu":null,"opportunityZone":null,"oz2Eligibility":null,"source":"sc-chesterfield-parcels-45025","appraiserUrl":null,"gisViewerUrl":"https://chesterfieldsc.wthgis.com/"},"geometry":{"type":"Polygon","coordinates":[[[-80.092478,34.501564],[-80.093248,34.500599],[-80.094371,34.499191],[-80.093488,34.498548],[-80.092738,34.49797],[-80.092524,34.498164],[-80.092005,34.499919],[-80.09147,34.501097],[-80.092478,34.501564]]]}},{"type":"Feature","id":"45025:182 000 000 320","properties":{"id":"45025:182 000 000 320","parcelId":"182 000 000 320","countyFips":"45025","countyName":"Chesterfield","state":"South Carolina","marketIds":["Columbia"],"situsAddress":null,"situsCity":null,"situsZip":null,"jurisdictionCode":null,"ownerName":"KENNEDY PAUL F","ownerName2":null,"propertyName":null,"zoningCode":null,"zoningDistrict":null,"jurisdictionPrefix":null,"dorCode":null,"acreage":5.3186,"centroid":[-80.09198,34.499941],"lastSale":{"date":null,"price":null,"qualified":null},"tax":{"marketValue":null,"assessedValue":null,"taxableValue":null,"taxes":null},"mailingAddress":{"line1":null,"line2":null,"city":null,"state":null,"zip":null},"incomeTract":null,"incomeBlockGroup":null,"nearestRoad":null,"flu":null,"opportunityZone":null,"oz2Eligibility":null,"source":"sc-chesterfield-parcels-45025","appraiserUrl":null,"gisViewerUrl":"https://chesterfieldsc.wthgis.com/"},"geometry":{"type":"Polygon","coordinates":[[[-80.090799,34.502389],[-80.091598,34.502667],[-80.092478,34.501564],[-80.09147,34.501097],[-80.092005,34.499919],[-80.092524,34.498164],[-80.092738,34.49797],[-80.092685,34.497927],[-80.092227,34.497789],[-80.092325,34.498358],[-80.09202,34.499486],[-80.090896,34.501958],[-80.090799,34.502389]]]}},{"type":"Feature","id":"45025:202 000 000 001","properties":{"id":"45025:202 000 000 001","parcelId":"202 000 000 001","countyFips":"45025","countyName":"Chesterfield","state":"South Carolina","marketIds":["Columbia"],"situsAddress":null,"situsCity":null,"situsZip":null,"jurisdictionCode":null,"ownerName":"HAWKINS ODIS W","ownerName2":null,"propertyName":null,"zoningCode":null,"zoningDistrict":null,"jurisdictionPrefix":null,"dorCode":null,"acreage":82.8293,"centroid":[-80.088281,34.498095],"lastSale":{"date":null,"price":null,"qualified":null},"tax":{"marketValue":119000.0,"assessedValue":null,"taxableValue":null,"taxes":null},"mailingAddress":{"line1":null,"line2":null,"city":null,"state":null,"zip":null},"incomeTract":null,"incomeBlockGroup":null,"nearestRoad":null,"flu":null,"opportunityZone":null,"oz2Eligibility":null,"source":"sc-chesterfield-parcels-45025","appraiserUrl":null,"gisViewerUrl":"https://chesterfieldsc.wthgis.com/"},"geometry":{"type":"MultiPolygon","coordinates":[[[[-80.088405,34.499574],[-80.088861,34.499922],[-80.089615,34.499482],[-80.090042,34.499163],[-80.091827,34.497544],[-80.090889,34.497072],[-80.091221,34.496704],[-80.090986,34.496513],[-80.090854,34.496441],[-80.090706,34.496391],[-80.090294,34.496331],[-80.090018,34.496328],[-80.089226,34.496379],[-80.08921,34.497046],[-80.087155,34.497129],[-80.087171,34.496455],[-80.086,34.496272],[-80.084762,34.497261],[-80.084069,34.497869],[-80.083756,34.498344],[-80.083763,34.499824],[-80.086176,34.500885],[-80.086845,34.500398],[-80.087447,34.500879],[-80.088237,34.500296],[-80.087774,34.499972],[-80.088405,34.499574]]],[[[-80.089927,34.49615],[-80.090007,34.496147],[-80.090162,34.496144],[-80.090309,34.495671],[-80.091414,34.495673],[-80.092398,34.495417],[-80.092808,34.49519],[-80.092826,34.495131],[-80.090615,34.492766],[-80.088598,34.49579],[-80.088497,34.495909],[-80.088894,34.49579],[-80.089518,34.495654],[-80.089913,34.495476],[-80.089927,34.49615]]],[[[-80.089894,34.499525],[-80.090235,34.499822],[-80.090613,34.499571],[-80.091574,34.500453],[-80.09202,34.499486],[-80.092305,34.498431],[-80.091635,34.497997],[-80.090378,34.49914],[-80.089894,34.499525]]]]}},{"type":"Feature","id":"45025:203 000 000 001","properties":{"id":"45025:203 000 000 001","parcelId":"203 000 000 001","countyFips":"45025","countyName":"Chesterfield","state":"South Carolina","marketIds":["Columbia"],"situsAddress":null,"situsCity":null,"situsZip":null,"jurisdictionCode":null,"ownerName":"JOHNSON EVELYN DRUSILLA","ownerName2":null,"propertyName":null,"zoningCode":null,"zoningDistrict":null,"jurisdictionPrefix":null,"dorCode":null,"acreage":33.9952,"centroid":[-80.084158,34.47819],"lastSale":{"date":null,"price":null,"qualified":null},"tax":{"marketValue":28900.0,"assessedValue":null,"taxableValue":null,"taxes":null},"mailingAddress":{"line1":null,"line2":null,"city":null,"state":null,"zip":null},"incomeTract":null,"incomeBlockGroup":null,"nearestRoad":null,"flu":null,"opportunityZone":null,"oz2Eligibility":null,"source":"sc-chesterfield-parcels-45025","appraiserUrl":null,"gisViewerUrl":"https://chesterfieldsc.wthgis.com/"},"geometry":{"type":"Polygon","coordinates":[[[-80.0849,34.476373],[-80.083665,34.47595],[-80.083409,34.47645],[-80.084601,34.47688],[-80.084277,34.477494],[-80.084537,34.477613],[-80.084201,34.47783],[-80.082969,34.477305],[-80.082415,34.478371],[-80.082278,34.478593],[-80.082308,34.478659],[-80.083554,34.480258],[-80.087417,34.481541],[-80.087687,34.481348],[-80.0849,34.476373]]]}},{"type":"Feature","id":"45025:203 000 000 003","properties":{"id":"45025:203 000 000 003","parcelId":"203 000 000 003","countyFips":"45025","countyName":"Chesterfield","state":"South Carolina","marketIds":["Columbia"],"situsAddress":null,"situsCity":null,"situsZip":null,"jurisdictionCode":null,"ownerName":"GAINEY SAMUEL LEE","ownerName2":null,"propertyName":null,"zoningCode":null,"zoningDistrict":null,"jurisdictionPrefix":null,"dorCode":null,"acreage":62.6519,"centroid":[-80.083221,34.47412],"lastSale":{"date":null,"price":null,"qualified":null},"tax":{"marketValue":317200.0,"assessedValue":null,"taxableValue":null,"taxes":null},"mailingAddress":{"line1":null,"line2":null,"city":null,"state":null,"zip":null},"incomeTract":null,"incomeBlockGroup":null,"nearestRoad":null,"flu":null,"opportunityZone":null,"oz2Eligibility":null,"source":"sc-chesterfield-parcels-45025","appraiserUrl":null,"gisViewerUrl":"https://chesterfieldsc.wthgis.com/"},"geometry":{"type":"Polygon","coordinates":[[[-80.081955,34.477873],[-80.0822,34.478418],[-80.083576,34.475773],[-80.084476,34.473941],[-80.084805,34.473378],[-80.085033,34.473089],[-80.085257,34.472845],[-80.087276,34.470768],[-80.087501,34.470557],[-80.087868,34.470268],[-80.087833,34.470223],[-80.083514,34.472615],[-80.081035,34.473837],[-80.080399,34.474823],[-80.076733,34.47656],[-80.077105,34.477458],[-80.078191,34.477609],[-80.081955,34.477873]]]}},{"type":"Feature","id":"45025:203 000 000 004","properties":{"id":"45025:203 000 000 004","parcelId":"203 000 000 004","countyFips":"45025","countyName":"Chesterfield","state":"South Carolina","marketIds":["Columbia"],"situsAddress":null,"situsCity":null,"situsZip":null,"jurisdictionCode":null,"ownerName":"HOWLE FRANCES LEE G","ownerName2":null,"propertyName":null,"zoningCode":null,"zoningDistrict":null,"jurisdictionPrefix":null,"dorCode":null,"acreage":10.9217,"centroid":[-80.078377,34.475143],"lastSale":{"date":null,"price":null,"qualified":null},"tax":{"marketValue":null,"assessedValue":null,"taxableValue":null,"taxes":null},"mailingAddress":{"line1":null,"line2":null,"city":null,"state":null,"zip":null},"incomeTract":null,"incomeBlockGroup":null,"nearestRoad":null,"flu":null,"opportunityZone":null,"oz2Eligibility":null,"source":"sc-chesterfield-parcels-45025","appraiserUrl":null,"gisViewerUrl":"https://chesterfieldsc.wthgis.com/"},"geometry":{"type":"Polygon","coordinates":[[[-80.076568,34.476162],[-80.076733,34.47656],[-80.080399,34.474823],[-80.081035,34.473837],[-80.079421,34.474632],[-80.078198,34.474508],[-80.076286,34.475481],[-80.076568,34.476162]]]}},{"type":"Feature","id":"45025:203 000 000 009","properties":{"id":"45025:203 000 000 009","parcelId":"203 000 000 009","countyFips":"45025","countyName":"Chesterfield","state":"South Carolina","marketIds":["Columbia"],"situsAddress":null,"situsCity":null,"situsZip":null,"jurisdictionCode":null,"ownerName":"KURTZ DOROTHY J","ownerName2":null,"propertyName":null,"zoningCode":null,"zoningDistrict":null,"jurisdictionPrefix":null,"dorCode":null,"acreage":33.5083,"centroid":[-80.088433,34.473262],"lastSale":{"date":null,"price":null,"qualified":null},"tax":{"marketValue":null,"assessedValue":null,"taxableValue":null,"taxes":null},"mailingAddress":{"line1":null,"line2":null,"city":null,"state":null,"zip":null},"incomeTract":null,"incomeBlockGroup":null,"nearestRoad":null,"flu":null,"opportunityZone":null,"oz2Eligibility":null,"source":"sc-chesterfield-parcels-45025","appraiserUrl":null,"gisViewerUrl":"https://chesterfieldsc.wthgis.com/"},"geometry":{"type":"Polygon","coordinates":[[[-80.086095,34.472209],[-80.089876,34.477576],[-80.089868,34.477351],[-80.090224,34.473798],[-80.087947,34.470393],[-80.087623,34.47065],[-80.087401,34.470859],[-80.086095,34.472209]]]}},{"type":"Feature","id":"45025:203 000 000 010","properties":{"id":"45025:203 000 000 010","parcelId":"203 000 000 010","countyFips":"45025","countyName":"Chesterfield","state":"South Carolina","marketIds":["Columbia"],"situsAddress":null,"situsCity":null,"situsZip":null,"jurisdictionCode":null,"ownerName":"JOHNSON JAMES C","ownerName2":null,"propertyName":null,"zoningCode":null,"zoningDistrict":null,"jurisdictionPrefix":null,"dorCode":null,"acreage":17.1976,"centroid":[-80.086845,34.474557],"lastSale":{"date":null,"price":null,"qualified":null},"tax":{"marketValue":null,"assessedValue":null,"taxableValue":null,"taxes":null},"mailingAddress":{"line1":null,"line2":null,"city":null,"state":null,"zip":null},"incomeTract":null,"incomeBlockGroup":null,"nearestRoad":null,"flu":null,"opportunityZone":null,"oz2Eligibility":null,"source":"sc-chesterfield-parcels-45025","appraiserUrl":null,"gisViewerUrl":"https://chesterfieldsc.wthgis.com/"},"geometry":{"type":"Polygon","coordinates":[[[-80.085557,34.474234],[-80.089898,34.478147],[-80.089876,34.477576],[-80.086095,34.472209],[-80.085384,34.472933],[-80.085049,34.473315],[-80.086057,34.473487],[-80.085557,34.474234]]]}},{"type":"Feature","id":"45025:203 000 000 011","properties":{"id":"45025:203 000 000 011","parcelId":"203 000 000 011","countyFips":"45025","countyName":"Chesterfield","state":"South Carolina","marketIds":["Columbia"],"situsAddress":null,"situsCity":null,"situsZip":null,"jurisdictionCode":null,"ownerName":"JOHNSON TERESA J & CANDICE M","ownerName2":null,"propertyName":null,"zoningCode":null,"zoningDistrict":null,"jurisdictionPrefix":null,"dorCode":null,"acreage":15.3946,"centroid":[-80.087314,34.476593],"lastSale":{"date":null,"price":null,"qualified":null},"tax":{"marketValue":null,"assessedValue":null,"taxableValue":null,"taxes":null},"mailingAddress":{"line1":null,"line2":null,"city":null,"state":null,"zip":null},"incomeTract":null,"incomeBlockGroup":null,"nearestRoad":null,"flu":null,"opportunityZone":null,"oz2Eligibility":null,"source":"sc-chesterfield-parcels-45025","appraiserUrl":null,"gisViewerUrl":"https://chesterfieldsc.wthgis.com/"},"geometry":{"type":"Polygon","coordinates":[[[-80.085871,34.474872],[-80.086359,34.475381],[-80.085738,34.475555],[-80.089825,34.47982],[-80.090013,34.479689],[-80.089898,34.478147],[-80.085557,34.474234],[-80.085249,34.475046],[-80.085871,34.474872]]]}},{"type":"Feature","id":"45025:202 000 000 032","properties":{"id":"45025:202 000 000 032","parcelId":"202 000 000 032","countyFips":"45025","countyName":"Chesterfield","state":"South Carolina","marketIds":["Columbia"],"situsAddress":null,"situsCity":null,"situsZip":null,"jurisdictionCode":null,"ownerName":"WHITTLE CAROLYN ELAINE GRIGGS","ownerName2":null,"propertyName":null,"zoningCode":null,"zoningDistrict":null,"jurisdictionPrefix":null,"dorCode":null,"acreage":40.978,"centroid":[-80.080019,34.479391],"lastSale":{"date":null,"price":null,"qualified":null},"tax":{"marketValue":null,"assessedValue":null,"taxableValue":null,"taxes":null},"mailingAddress":{"line1":null,"line2":null,"city":null,"state":null,"zip":null},"incomeTract":null,"incomeBlockGroup":null,"nearestRoad":null,"flu":null,"opportunityZone":null,"oz2Eligibility":null,"source":"sc-chesterfield-parcels-45025","appraiserUrl":null,"gisViewerUrl":"https://chesterfieldsc.wthgis.com/"},"geometry":{"type":"MultiPolygon","coordinates":[[[[-80.07951,34.481136],[-80.079644,34.481506],[-80.081594,34.479245],[-80.081807,34.478985],[-80.082105,34.47857],[-80.0822,34.478418],[-80.081955,34.477873],[-80.078191,34.477609],[-80.077514,34.478452],[-80.078163,34.480048],[-80.078326,34.480519],[-80.079223,34.480336],[-80.07951,34.481136]]],[[[-80.082278,34.478593],[-80.082251,34.478635],[-80.081946,34.47906],[-80.081739,34.479312],[-80.079808,34.48155],[-80.083282,34.481313],[-80.083554,34.480258],[-80.082308,34.478659],[-80.082278,34.478593]]]]}},{"type":"Feature","id":"45025:202 000 000 093","properties":{"id":"45025:202 000 000 093","parcelId":"202 000 000 093","countyFips":"45025","countyName":"Chesterfield","state":"South Carolina","marketIds":["Columbia"],"situsAddress":null,"situsCity":null,"situsZip":null,"jurisdictionCode":null,"ownerName":"HUGGINS BETTY &","ownerName2":null,"propertyName":null,"zoningCode":null,"zoningDistrict":null,"jurisdictionPrefix":null,"dorCode":null,"acreage":5.4275,"centroid":[-80.079294,34.486981],"lastSale":{"date":null,"price":null,"qualified":null},"tax":{"marketValue":null,"assessedValue":null,"taxableValue":null,"taxes":null},"mailingAddress":{"line1":null,"line2":null,"city":null,"state":null,"zip":null},"incomeTract":null,"incomeBlockGroup":null,"nearestRoad":null,"flu":null,"opportunityZone":null,"oz2Eligibility":null,"source":"sc-chesterfield-parcels-45025","appraiserUrl":null,"gisViewerUrl":"https://chesterfieldsc.wthgis.com/"},"geometry":{"type":"Polygon","coordinates":[[[-80.08079,34.487898],[-80.080249,34.487119],[-80.07995,34.486525],[-80.078317,34.48628],[-80.078214,34.486623],[-80.078874,34.486859],[-80.078666,34.487565],[-80.08079,34.487898]]]}},{"type":"Feature","id":"45025:202 000 000 102","properties":{"id":"45025:202 000 000 102","parcelId":"202 000 000 102","countyFips":"45025","countyName":"Chesterfield","state":"South Carolina","marketIds":["Columbia"],"situsAddress":null,"situsCity":null,"situsZip":null,"jurisdictionCode":null,"ownerName":"GRIGGS LORAN A","ownerName2":null,"propertyName":null,"zoningCode":null,"zoningDistrict":null,"jurisdictionPrefix":null,"dorCode":null,"acreage":44.8612,"centroid":[-80.080586,34.48473],"lastSale":{"date":null,"price":null,"qualified":null},"tax":{"marketValue":null,"assessedValue":null,"taxableValue":null,"taxes":null},"mailingAddress":{"line1":null,"line2":null,"city":null,"state":null,"zip":null},"incomeTract":null,"incomeBlockGroup":null,"nearestRoad":null,"flu":null,"opportunityZone":null,"oz2Eligibility":null,"source":"sc-chesterfield-parcels-45025","appraiserUrl":null,"gisViewerUrl":"https://chesterfieldsc.wthgis.com/"},"geometry":{"type":"MultiPolygon","coordinates":[[[[-80.081541,34.487955],[-80.08304,34.482237],[-80.08248,34.482182],[-80.081972,34.48221],[-80.079255,34.482791],[-80.079402,34.483307],[-80.07946,34.484243],[-80.079426,34.484959],[-80.079607,34.48564],[-80.079811,34.486215],[-80.080249,34.487119],[-80.08079,34.487898],[-80.081541,34.487955]]],[[[-80.082841,34.482023],[-80.083086,34.48206],[-80.083282,34.481313],[-80.079808,34.48155],[-80.078775,34.482731],[-80.079165,34.482623],[-80.081906,34.482016],[-80.082567,34.481998],[-80.082841,34.482023]]],[[[-80.08079,34.487898],[-80.078824,34.487597],[-80.077969,34.487423],[-80.077797,34.487988],[-80.080361,34.487882],[-80.08079,34.487898]]]]}},{"type":"Feature","id":"45025:202 000 000 012","properties":{"id":"45025:202 000 000 012","parcelId":"202 000 000 012","countyFips":"45025","countyName":"Chesterfield","state":"South Carolina","marketIds":["Columbia"],"situsAddress":null,"situsCity":null,"situsZip":null,"jurisdictionCode":null,"ownerName":"J L ANDERSON CO","ownerName2":null,"propertyName":null,"zoningCode":null,"zoningDistrict":null,"jurisdictionPrefix":null,"dorCode":null,"acreage":10.4504,"centroid":[-80.056654,34.495277],"lastSale":{"date":null,"price":null,"qualified":null},"tax":{"marketValue":null,"assessedValue":null,"taxableValue":null,"taxes":null},"mailingAddress":{"line1":null,"line2":null,"city":null,"state":null,"zip":null},"incomeTract":null,"incomeBlockGroup":null,"nearestRoad":null,"flu":null,"opportunityZone":null,"oz2Eligibility":null,"source":"sc-chesterfield-parcels-45025","appraiserUrl":null,"gisViewerUrl":"https://chesterfieldsc.wthgis.com/"},"geometry":{"type":"MultiPolygon","coordinates":[[[[-80.055361,34.493911],[-80.055461,34.494082],[-80.055778,34.494678],[-80.056156,34.495469],[-80.056271,34.49563],[-80.056353,34.495709],[-80.057376,34.496453],[-80.058366,34.496266],[-80.058783,34.495344],[-80.056639,34.495224],[-80.055361,34.493911]]],[[[-80.053899,34.494941],[-80.054087,34.495279],[-80.054359,34.495329],[-80.055205,34.494803],[-80.055621,34.49484],[-80.055264,34.494161],[-80.055068,34.493828],[-80.05429,34.493956],[-80.053986,34.494353],[-80.05409,34.494606],[-80.053899,34.494941]]]]}},{"type":"Feature","id":"45025:202 000 000 014","properties":{"id":"45025:202 000 000 014","parcelId":"202 000 000 014","countyFips":"45025","countyName":"Chesterfield","state":"South Carolina","marketIds":["Columbia"],"situsAddress":null,"situsCity":null,"situsZip":null,"jurisdictionCode":null,"ownerName":"SAULS CURTIS W JR","ownerName2":null,"propertyName":null,"zoningCode":null,"zoningDistrict":null,"jurisdictionPrefix":null,"dorCode":null,"acreage":6.4921,"centroid":[-80.054726,34.487692],"lastSale":{"date":null,"price":null,"qualified":null},"tax":{"marketValue":null,"assessedValue":null,"taxableValue":null,"taxes":null},"mailingAddress":{"line1":null,"line2":null,"city":null,"state":null,"zip":null},"incomeTract":null,"incomeBlockGroup":null,"nearestRoad":null,"flu":null,"opportunityZone":null,"oz2Eligibility":null,"source":"sc-chesterfield-parcels-45025","appraiserUrl":null,"gisViewerUrl":"https://chesterfieldsc.wthgis.com/"},"geometry":{"type":"Polygon","coordinates":[[[-80.052643,34.488992],[-80.052767,34.489117],[-80.052998,34.489372],[-80.053983,34.488731],[-80.054515,34.488294],[-80.055081,34.487564],[-80.055268,34.487383],[-80.055422,34.487302],[-80.055679,34.487248],[-80.056185,34.487238],[-80.056937,34.48715],[-80.0566,34.486801],[-80.056141,34.486833],[-80.055408,34.486835],[-80.055241,34.486863],[-80.055083,34.486915],[-80.054938,34.486989],[-80.054755,34.487135],[-80.054286,34.487785],[-80.054144,34.487927],[-80.053954,34.488022],[-80.053402,34.488171],[-80.053261,34.488238],[-80.052643,34.488992]]]}},{"type":"Feature","id":"45025:202 000 000 040","properties":{"id":"45025:202 000 000 040","parcelId":"202 000 000 040","countyFips":"45025","countyName":"Chesterfield","state":"South Carolina","marketIds":["Columbia"],"situsAddress":null,"situsCity":null,"situsZip":null,"jurisdictionCode":null,"ownerName":"REDEMPTION ACRES LL C","ownerName2":null,"propertyName":null,"zoningCode":null,"zoningDistrict":null,"jurisdictionPrefix":null,"dorCode":null,"acreage":38.7524,"centroid":[-80.049976,34.491058],"lastSale":{"date":null,"price":null,"qualified":null},"tax":{"marketValue":null,"assessedValue":null,"taxableValue":null,"taxes":null},"mailingAddress":{"line1":null,"line2":null,"city":null,"state":null,"zip":null},"incomeTract":null,"incomeBlockGroup":null,"nearestRoad":null,"flu":null,"opportunityZone":null,"oz2Eligibility":null,"source":"sc-chesterfield-parcels-45025","appraiserUrl":null,"gisViewerUrl":"https://chesterfieldsc.wthgis.com/"},"geometry":{"type":"Polygon","coordinates":[[[-80.047653,34.493909],[-80.047732,34.493961],[-80.047989,34.494086],[-80.048559,34.493675],[-80.053569,34.491162],[-80.053423,34.490819],[-80.053164,34.490107],[-80.05306,34.489889],[-80.052856,34.489519],[-80.052593,34.489227],[-80.052514,34.489148],[-80.052446,34.489261],[-80.05234,34.489377],[-80.052135,34.489513],[-80.051976,34.489574],[-80.051395,34.489731],[-80.051253,34.489798],[-80.05113,34.489887],[-80.05095,34.490084],[-80.050785,34.49018],[-80.050656,34.490214],[-80.050278,34.490261],[-80.05016,34.490303],[-80.049146,34.490948],[-80.048983,34.491003],[-80.048752,34.491027],[-80.048597,34.491087],[-80.047868,34.491553],[-80.047561,34.491708],[-80.047416,34.491898],[-80.047316,34.491986],[-80.045874,34.492894],[-80.04605,34.492991],[-80.046366,34.493068],[-80.046619,34.493171],[-80.047653,34.493909]]]}},{"type":"Feature","id":"45025:202 000 000 041","properties":{"id":"45025:202 000 000 041","parcelId":"202 000 000 041","countyFips":"45025","countyName":"Chesterfield","state":"South Carolina","marketIds":["Columbia"],"situsAddress":null,"situsCity":null,"situsZip":null,"jurisdictionCode":null,"ownerName":"SMITH STEPHEN","ownerName2":null,"propertyName":null,"zoningCode":null,"zoningDistrict":null,"jurisdictionPrefix":null,"dorCode":null,"acreage":13.8962,"centroid":[-80.066282,34.494404],"lastSale":{"date":null,"price":null,"qualified":null},"tax":{"marketValue":null,"assessedValue":null,"taxableValue":null,"taxes":null},"mailingAddress":{"line1":null,"line2":null,"city":null,"state":null,"zip":null},"incomeTract":null,"incomeBlockGroup":null,"nearestRoad":null,"flu":null,"opportunityZone":null,"oz2Eligibility":null,"source":"sc-chesterfield-parcels-45025","appraiserUrl":null,"gisViewerUrl":"https://chesterfieldsc.wthgis.com/"},"geometry":{"type":"Polygon","coordinates":[[[-80.065328,34.495199],[-80.067735,34.496062],[-80.067183,34.493237],[-80.06488,34.493117],[-80.065328,34.495199]]]}},{"type":"Feature","id":"45025:202 000 000 042","properties":{"id":"45025:202 000 000 042","parcelId":"202 000 000 042","countyFips":"45025","countyName":"Chesterfield","state":"South Carolina","marketIds":["Columbia"],"situsAddress":null,"situsCity":null,"situsZip":null,"jurisdictionCode":null,"ownerName":"FREEMAN AMBER CLARK","ownerName2":null,"propertyName":null,"zoningCode":null,"zoningDistrict":null,"jurisdictionPrefix":null,"dorCode":null,"acreage":13.7618,"centroid":[-80.063974,34.492215],"lastSale":{"date":null,"price":null,"qualified":null},"tax":{"marketValue":96500.0,"assessedValue":null,"taxableValue":null,"taxes":null},"mailingAddress":{"line1":null,"line2":null,"city":null,"state":null,"zip":null},"incomeTract":null,"incomeBlockGroup":null,"nearestRoad":null,"flu":null,"opportunityZone":null,"oz2Eligibility":null,"source":"sc-chesterfield-parcels-45025","appraiserUrl":null,"gisViewerUrl":"https://chesterfieldsc.wthgis.com/"},"geometry":{"type":"Polygon","coordinates":[[[-80.065056,34.492947],[-80.065577,34.492977],[-80.064918,34.489596],[-80.062821,34.491456],[-80.063381,34.49189],[-80.062878,34.49235],[-80.063272,34.49258],[-80.063524,34.492686],[-80.063787,34.492769],[-80.064525,34.492897],[-80.065056,34.492947]]]}},{"type":"Feature","id":"45025:202 000 000 046","properties":{"id":"45025:202 000 000 046","parcelId":"202 000 000 046","countyFips":"45025","countyName":"Chesterfield","state":"South Carolina","marketIds":["Columbia"],"situsAddress":null,"situsCity":null,"situsZip":null,"jurisdictionCode":null,"ownerName":"ROGERS CARRISSA BROACH","ownerName2":null,"propertyName":null,"zoningCode":null,"zoningDistrict":null,"jurisdictionPrefix":null,"dorCode":null,"acreage":10.1968,"centroid":[-80.062418,34.490869],"lastSale":{"date":null,"price":null,"qualified":null},"tax":{"marketValue":null,"assessedValue":null,"taxableValue":null,"taxes":null},"mailingAddress":{"line1":null,"line2":null,"city":null,"state":null,"zip":null},"incomeTract":null,"incomeBlockGroup":null,"nearestRoad":null,"flu":null,"opportunityZone":null,"oz2Eligibility":null,"source":"sc-chesterfield-parcels-45025","appraiserUrl":null,"gisViewerUrl":"https://chesterfieldsc.wthgis.com/"},"geometry":{"type":"Polygon","coordinates":[[[-80.061891,34.491713],[-80.062261,34.491952],[-80.064431,34.490028],[-80.06257,34.489537],[-80.060936,34.491113],[-80.061891,34.491713]]]}},{"type":"Feature","id":"45025:202 000 000 047","properties":{"id":"45025:202 000 000 047","parcelId":"202 000 000 047","countyFips":"45025","countyName":"Chesterfield","state":"South Carolina","marketIds":["Columbia"],"situsAddress":null,"situsCity":null,"situsZip":null,"jurisdictionCode":null,"ownerName":"BRADFORD MICHAEL","ownerName2":null,"propertyName":null,"zoningCode":null,"zoningDistrict":null,"jurisdictionPrefix":null,"dorCode":null,"acreage":8.7806,"centroid":[-80.060752,34.490812],"lastSale":{"date":null,"price":null,"qualified":null},"tax":{"marketValue":null,"assessedValue":null,"taxableValue":null,"taxes":null},"mailingAddress":{"line1":null,"line2":null,"city":null,"state":null,"zip":null},"incomeTract":null,"incomeBlockGroup":null,"nearestRoad":null,"flu":null,"opportunityZone":null,"oz2Eligibility":null,"source":"sc-chesterfield-parcels-45025","appraiserUrl":null,"gisViewerUrl":"https://chesterfieldsc.wthgis.com/"},"geometry":{"type":"Polygon","coordinates":[[[-80.060795,34.491024],[-80.060936,34.491113],[-80.06257,34.489537],[-80.061263,34.489193],[-80.060393,34.488596],[-80.058998,34.48935],[-80.059457,34.48994],[-80.06034,34.489338],[-80.060988,34.490072],[-80.060136,34.490573],[-80.060513,34.490849],[-80.060795,34.491024]]]}},{"type":"Feature","id":"45025:202 000 000 049","properties":{"id":"45025:202 000 000 049","parcelId":"202 000 000 049","countyFips":"45025","countyName":"Chesterfield","state":"South Carolina","marketIds":["Columbia"],"situsAddress":null,"situsCity":null,"situsZip":null,"jurisdictionCode":null,"ownerName":"STEPHENS HELEN M & LARRY C","ownerName2":null,"propertyName":null,"zoningCode":null,"zoningDistrict":null,"jurisdictionPrefix":null,"dorCode":null,"acreage":7.3737,"centroid":[-80.060411,34.491858],"lastSale":{"date":null,"price":null,"qualified":null},"tax":{"marketValue":169000.0,"assessedValue":null,"taxableValue":null,"taxes":null},"mailingAddress":{"line1":null,"line2":null,"city":null,"state":null,"zip":null},"incomeTract":null,"incomeBlockGroup":null,"nearestRoad":null,"flu":null,"opportunityZone":null,"oz2Eligibility":null,"source":"sc-chesterfield-parcels-45025","appraiserUrl":null,"gisViewerUrl":"https://chesterfieldsc.wthgis.com/"},"geometry":{"type":"Polygon","coordinates":[[[-80.059102,34.492026],[-80.060223,34.49321],[-80.061586,34.492479],[-80.060604,34.491342],[-80.060726,34.491209],[-80.060227,34.490884],[-80.059102,34.492026]]]}},{"type":"Feature","id":"45025:202 000 000 050","properties":{"id":"45025:202 000 000 050","parcelId":"202 000 000 050","countyFips":"45025","countyName":"Chesterfield","state":"South Carolina","marketIds":["Columbia"],"situsAddress":null,"situsCity":null,"situsZip":null,"jurisdictionCode":null,"ownerName":"HOWLE THOMAS HAROLD JR","ownerName2":null,"propertyName":null,"zoningCode":null,"zoningDistrict":null,"jurisdictionPrefix":null,"dorCode":null,"acreage":8.0123,"centroid":[-80.059007,34.490382],"lastSale":{"date":null,"price":null,"qualified":null},"tax":{"marketValue":null,"assessedValue":null,"taxableValue":null,"taxes":null},"mailingAddress":{"line1":null,"line2":null,"city":null,"state":null,"zip":null},"incomeTract":null,"incomeBlockGroup":null,"nearestRoad":null,"flu":null,"opportunityZone":null,"oz2Eligibility":null,"source":"sc-chesterfield-parcels-45025","appraiserUrl":null,"gisViewerUrl":"https://chesterfieldsc.wthgis.com/"},"geometry":{"type":"Polygon","coordinates":[[[-80.057358,34.490042],[-80.059102,34.492026],[-80.060227,34.490884],[-80.059802,34.490562],[-80.059572,34.490362],[-80.059268,34.490033],[-80.059094,34.489792],[-80.058515,34.490107],[-80.058126,34.489631],[-80.057358,34.490042]]]}},{"type":"Feature","id":"45025:202 000 000 051","properties":{"id":"45025:202 000 000 051","parcelId":"202 000 000 051","countyFips":"45025","countyName":"Chesterfield","state":"South Carolina","marketIds":["Columbia"],"situsAddress":null,"situsCity":null,"situsZip":null,"jurisdictionCode":null,"ownerName":"BRADFORD MICHAEL","ownerName2":null,"propertyName":null,"zoningCode":null,"zoningDistrict":null,"jurisdictionPrefix":null,"dorCode":null,"acreage":5.2718,"centroid":[-80.057603,34.488578],"lastSale":{"date":null,"price":null,"qualified":null},"tax":{"marketValue":null,"assessedValue":null,"taxableValue":null,"taxes":null},"mailingAddress":{"line1":null,"line2":null,"city":null,"state":null,"zip":null},"incomeTract":null,"incomeBlockGroup":null,"nearestRoad":null,"flu":null,"opportunityZone":null,"oz2Eligibility":null,"source":"sc-chesterfield-parcels-45025","appraiserUrl":null,"gisViewerUrl":"https://chesterfieldsc.wthgis.com/"},"geometry":{"type":"Polygon","coordinates":[[[-80.056424,34.487399],[-80.057675,34.489873],[-80.058706,34.48932],[-80.0584,34.488944],[-80.056812,34.487356],[-80.056424,34.487399]]]}},{"type":"Feature","id":"45025:202 000 000 056","properties":{"id":"45025:202 000 000 056","parcelId":"202 000 000 056","countyFips":"45025","countyName":"Chesterfield","state":"South Carolina","marketIds":["Columbia"],"situsAddress":null,"situsCity":null,"situsZip":null,"jurisdictionCode":null,"ownerName":"BRADFORD MICHAEL","ownerName2":null,"propertyName":null,"zoningCode":null,"zoningDistrict":null,"jurisdictionPrefix":null,"dorCode":null,"acreage":8.9423,"centroid":[-80.058692,34.48813],"lastSale":{"date":null,"price":null,"qualified":null},"tax":{"marketValue":null,"assessedValue":null,"taxableValue":null,"taxes":null},"mailingAddress":{"line1":null,"line2":null,"city":null,"state":null,"zip":null},"incomeTract":null,"incomeBlockGroup":null,"nearestRoad":null,"flu":null,"opportunityZone":null,"oz2Eligibility":null,"source":"sc-chesterfield-parcels-45025","appraiserUrl":null,"gisViewerUrl":"https://chesterfieldsc.wthgis.com/"},"geometry":{"type":"Polygon","coordinates":[[[-80.058573,34.488834],[-80.058734,34.489029],[-80.058998,34.48935],[-80.060393,34.488596],[-80.060076,34.488392],[-80.059085,34.487209],[-80.057778,34.487213],[-80.057535,34.487234],[-80.057054,34.487313],[-80.058573,34.488834]]]}},{"type":"Feature","id":"45025:202 000 000 089","properties":{"id":"45025:202 000 000 089","parcelId":"202 000 000 089","countyFips":"45025","countyName":"Chesterfield","state":"South Carolina","marketIds":["Columbia"],"situsAddress":null,"situsCity":null,"situsZip":null,"jurisdictionCode":null,"ownerName":"SEAGLE JEB FORREST & ASHLEY","ownerName2":null,"propertyName":null,"zoningCode":null,"zoningDistrict":null,"jurisdictionPrefix":null,"dorCode":null,"acreage":5.1909,"centroid":[-80.060908,34.498654],"lastSale":{"date":null,"price":null,"qualified":null},"tax":{"marketValue":336700.0,"assessedValue":null,"taxableValue":null,"taxes":null},"mailingAddress":{"line1":null,"line2":null,"city":null,"state":null,"zip":null},"incomeTract":null,"incomeBlockGroup":null,"nearestRoad":null,"flu":null,"opportunityZone":null,"oz2Eligibility":null,"source":"sc-chesterfield-parcels-45025","appraiserUrl":null,"gisViewerUrl":"https://chesterfieldsc.wthgis.com/"},"geometry":{"type":"Polygon","coordinates":[[[-80.06117,34.499095],[-80.061249,34.499129],[-80.061324,34.49917],[-80.062596,34.498543],[-80.060364,34.497707],[-80.059717,34.498392],[-80.059937,34.498545],[-80.06117,34.499095]]]}},{"type":"Feature","id":"45025:220 000 000 001","properties":{"id":"45025:220 000 000 001","parcelId":"220 000 000 001","countyFips":"45025","countyName":"Chesterfield","state":"South Carolina","marketIds":["Columbia"],"situsAddress":null,"situsCity":null,"situsZip":null,"jurisdictionCode":null,"ownerName":"BARFIELD JOHN DAVID & BRENDA G","ownerName2":null,"propertyName":null,"zoningCode":null,"zoningDistrict":null,"jurisdictionPrefix":null,"dorCode":null,"acreage":62.9214,"centroid":[-80.050787,34.497063],"lastSale":{"date":null,"price":null,"qualified":null},"tax":{"marketValue":null,"assessedValue":null,"taxableValue":null,"taxes":null},"mailingAddress":{"line1":null,"line2":null,"city":null,"state":null,"zip":null},"incomeTract":null,"incomeBlockGroup":null,"nearestRoad":null,"flu":null,"opportunityZone":null,"oz2Eligibility":null,"source":"sc-chesterfield-parcels-45025","appraiserUrl":null,"gisViewerUrl":"https://chesterfieldsc.wthgis.com/"},"geometry":{"type":"Polygon","coordinates":[[[-80.047988,34.499286],[-80.047639,34.500055],[-80.050773,34.499501],[-80.053286,34.49914],[-80.053198,34.498846],[-80.053137,34.498546],[-80.053076,34.497961],[-80.052988,34.497776],[-80.052894,34.497669],[-80.052347,34.497266],[-80.05199,34.49703],[-80.05159,34.496802],[-80.051428,34.496675],[-80.051288,34.496531],[-80.051173,34.496373],[-80.050983,34.49596],[-80.050886,34.495815],[-80.050763,34.495685],[-80.050327,34.495349],[-80.049583,34.494807],[-80.048997,34.494414],[-80.048651,34.494262],[-80.048195,34.494149],[-80.0457,34.499605],[-80.047988,34.499286]]]}},{"type":"Feature","id":"45025:220 000 000 002","properties":{"id":"45025:220 000 000 002","parcelId":"220 000 000 002","countyFips":"45025","countyName":"Chesterfield","state":"South Carolina","marketIds":["Columbia"],"situsAddress":null,"situsCity":null,"situsZip":null,"jurisdictionCode":null,"ownerName":"GRIGGS JAMES W JR","ownerName2":null,"propertyName":null,"zoningCode":null,"zoningDistrict":null,"jurisdictionPrefix":null,"dorCode":null,"acreage":38.3811,"centroid":[-80.04587,34.494026],"lastSale":{"date":null,"price":null,"qualified":null},"tax":{"marketValue":null,"assessedValue":null,"taxableValue":null,"taxes":null},"mailingAddress":{"line1":null,"line2":null,"city":null,"state":null,"zip":null},"incomeTract":null,"incomeBlockGroup":null,"nearestRoad":null,"flu":null,"opportunityZone":null,"oz2Eligibility":null,"source":"sc-chesterfield-parcels-45025","appraiserUrl":null,"gisViewerUrl":"https://chesterfieldsc.wthgis.com/"},"geometry":{"type":"Polygon","coordinates":[[[-80.045136,34.49943],[-80.0457,34.499605],[-80.048195,34.494149],[-80.047989,34.494086],[-80.047732,34.493961],[-80.046619,34.493171],[-80.046366,34.493068],[-80.046116,34.493012],[-80.045987,34.492965],[-80.045874,34.492894],[-80.045691,34.492718],[-80.045578,34.492652],[-80.045228,34.492574],[-80.045017,34.492492],[-80.044674,34.492254],[-80.044313,34.492046],[-80.044401,34.495753],[-80.045047,34.495631],[-80.045136,34.49943]]]}},{"type":"Feature","id":"45025:202 000 000 111","properties":{"id":"45025:202 000 000 111","parcelId":"202 000 000 111","countyFips":"45025","countyName":"Chesterfield","state":"South Carolina","marketIds":["Columbia"],"situsAddress":null,"situsCity":null,"situsZip":null,"jurisdictionCode":null,"ownerName":"FROTTEN MICHAEL & BARBARA","ownerName2":null,"propertyName":null,"zoningCode":null,"zoningDistrict":null,"jurisdictionPrefix":null,"dorCode":null,"acreage":6.4784,"centroid":[-80.063213,34.492922],"lastSale":{"date":null,"price":null,"qualified":null},"tax":{"marketValue":null,"assessedValue":null,"taxableValue":null,"taxes":null},"mailingAddress":{"line1":null,"line2":null,"city":null,"state":null,"zip":null},"incomeTract":null,"incomeBlockGroup":null,"nearestRoad":null,"flu":null,"opportunityZone":null,"oz2Eligibility":null,"source":"sc-chesterfield-parcels-45025","appraiserUrl":null,"gisViewerUrl":"https://chesterfieldsc.wthgis.com/"},"geometry":{"type":"Polygon","coordinates":[[[-80.064473,34.493074],[-80.064317,34.493052],[-80.063717,34.492941],[-80.063296,34.492797],[-80.062908,34.492599],[-80.062093,34.492076],[-80.061696,34.492421],[-80.063204,34.494417],[-80.064473,34.493074]]]}},{"type":"Feature","id":"45025:202 000 000 043","properties":{"id":"45025:202 000 000 043","parcelId":"202 000 000 043","countyFips":"45025","countyName":"Chesterfield","state":"South Carolina","marketIds":["Columbia"],"situsAddress":null,"situsCity":null,"situsZip":null,"jurisdictionCode":null,"ownerName":"FINCA XIOMARA LLC","ownerName2":null,"propertyName":null,"zoningCode":null,"zoningDistrict":null,"jurisdictionPrefix":null,"dorCode":null,"acreage":15.6663,"centroid":[-80.065981,34.491411],"lastSale":{"date":null,"price":null,"qualified":null},"tax":{"marketValue":null,"assessedValue":null,"taxableValue":null,"taxes":null},"mailingAddress":{"line1":null,"line2":null,"city":null,"state":null,"zip":null},"incomeTract":null,"incomeBlockGroup":null,"nearestRoad":null,"flu":null,"opportunityZone":null,"oz2Eligibility":null,"source":"sc-chesterfield-parcels-45025","appraiserUrl":null,"gisViewerUrl":"https://chesterfieldsc.wthgis.com/"},"geometry":{"type":"Polygon","coordinates":[[[-80.065577,34.492977],[-80.066024,34.493003],[-80.067147,34.493054],[-80.066239,34.488425],[-80.064918,34.489596],[-80.065577,34.492977]]]}},{"type":"Feature","id":"45025:202 000 000 018","properties":{"id":"45025:202 000 000 018","parcelId":"202 000 000 018","countyFips":"45025","countyName":"Chesterfield","state":"South Carolina","marketIds":["Columbia"],"situsAddress":null,"situsCity":null,"situsZip":null,"jurisdictionCode":null,"ownerName":"FINCA XIOMARA LLC","ownerName2":null,"propertyName":null,"zoningCode":null,"zoningDistrict":null,"jurisdictionPrefix":null,"dorCode":null,"acreage":13.2205,"centroid":[-80.067968,34.489208],"lastSale":{"date":null,"price":null,"qualified":null},"tax":{"marketValue":null,"assessedValue":null,"taxableValue":null,"taxes":null},"mailingAddress":{"line1":null,"line2":null,"city":null,"state":null,"zip":null},"incomeTract":null,"incomeBlockGroup":null,"nearestRoad":null,"flu":null,"opportunityZone":null,"oz2Eligibility":null,"source":"sc-chesterfield-parcels-45025","appraiserUrl":null,"gisViewerUrl":"https://chesterfieldsc.wthgis.com/"},"geometry":{"type":"Polygon","coordinates":[[[-80.066239,34.488425],[-80.066567,34.490093],[-80.069776,34.489988],[-80.06929,34.488327],[-80.066239,34.488425]]]}},{"type":"Feature","id":"45025:202 000 000 019","properties":{"id":"45025:202 000 000 019","parcelId":"202 000 000 019","countyFips":"45025","countyName":"Chesterfield","state":"South Carolina","marketIds":["Columbia"],"situsAddress":null,"situsCity":null,"situsZip":null,"jurisdictionCode":null,"ownerName":"FINCA XIOMARA LLC","ownerName2":null,"propertyName":null,"zoningCode":null,"zoningDistrict":null,"jurisdictionPrefix":null,"dorCode":null,"acreage":12.3951,"centroid":[-80.068708,34.490879],"lastSale":{"date":null,"price":null,"qualified":null},"tax":{"marketValue":null,"assessedValue":null,"taxableValue":null,"taxes":null},"mailingAddress":{"line1":null,"line2":null,"city":null,"state":null,"zip":null},"incomeTract":null,"incomeBlockGroup":null,"nearestRoad":null,"flu":null,"opportunityZone":null,"oz2Eligibility":null,"source":"sc-chesterfield-parcels-45025","appraiserUrl":null,"gisViewerUrl":"https://chesterfieldsc.wthgis.com/"},"geometry":{"type":"Polygon","coordinates":[[[-80.066567,34.490093],[-80.06686,34.491584],[-80.07019,34.491477],[-80.070146,34.491251],[-80.069776,34.489988],[-80.066567,34.490093]]]}},{"type":"Feature","id":"45025:202 000 000 020","properties":{"id":"45025:202 000 000 020","parcelId":"202 000 000 020","countyFips":"45025","countyName":"Chesterfield","state":"South Carolina","marketIds":["Columbia"],"situsAddress":null,"situsCity":null,"situsZip":null,"jurisdictionCode":null,"ownerName":"FINCA XIOMARA LLC","ownerName2":null,"propertyName":null,"zoningCode":null,"zoningDistrict":null,"jurisdictionPrefix":null,"dorCode":null,"acreage":13.534,"centroid":[-80.068995,34.49251],"lastSale":{"date":null,"price":null,"qualified":null},"tax":{"marketValue":null,"assessedValue":null,"taxableValue":null,"taxes":null},"mailingAddress":{"line1":null,"line2":null,"city":null,"state":null,"zip":null},"incomeTract":null,"incomeBlockGroup":null,"nearestRoad":null,"flu":null,"opportunityZone":null,"oz2Eligibility":null,"source":"sc-chesterfield-parcels-45025","appraiserUrl":null,"gisViewerUrl":"https://chesterfieldsc.wthgis.com/"},"geometry":{"type":"Polygon","coordinates":[[[-80.07025,34.493208],[-80.070527,34.493225],[-80.07019,34.491477],[-80.06686,34.491584],[-80.067147,34.493054],[-80.07025,34.493208]]]}},{"type":"Feature","id":"45025:202 000 000 021","properties":{"id":"45025:202 000 000 021","parcelId":"202 000 000 021","countyFips":"45025","countyName":"Chesterfield","state":"South Carolina","marketIds":["Columbia"],"situsAddress":null,"situsCity":null,"situsZip":null,"jurisdictionCode":null,"ownerName":"ALGER JACQUELYN CLARK","ownerName2":null,"propertyName":null,"zoningCode":null,"zoningDistrict":null,"jurisdictionPrefix":null,"dorCode":null,"acreage":7.1199,"centroid":[-80.06799,34.494551],"lastSale":{"date":null,"price":null,"qualified":null},"tax":{"marketValue":null,"assessedValue":null,"taxableValue":null,"taxes":null},"mailingAddress":{"line1":null,"line2":null,"city":null,"state":null,"zip":null},"incomeTract":null,"incomeBlockGroup":null,"nearestRoad":null,"flu":null,"opportunityZone":null,"oz2Eligibility":null,"source":"sc-chesterfield-parcels-45025","appraiserUrl":null,"gisViewerUrl":"https://chesterfieldsc.wthgis.com/"},"geometry":{"type":"Polygon","coordinates":[[[-80.067183,34.493237],[-80.067735,34.496062],[-80.068718,34.495615],[-80.068325,34.49329],[-80.067183,34.493237]]]}},{"type":"Feature","id":"45025:202 000 000 085","properties":{"id":"45025:202 000 000 085","parcelId":"202 000 000 085","countyFips":"45025","countyName":"Chesterfield","state":"South Carolina","marketIds":["Columbia"],"situsAddress":null,"situsCity":null,"situsZip":null,"jurisdictionCode":null,"ownerName":"WELCH VELDA E & RHONDA L","ownerName2":null,"propertyName":null,"zoningCode":null,"zoningDistrict":null,"jurisdictionPrefix":null,"dorCode":null,"acreage":63.2348,"centroid":[-80.065021,34.498225],"lastSale":{"date":null,"price":null,"qualified":null},"tax":{"marketValue":18000.0,"assessedValue":null,"taxableValue":null,"taxes":null},"mailingAddress":{"line1":null,"line2":null,"city":null,"state":null,"zip":null},"incomeTract":null,"incomeBlockGroup":null,"nearestRoad":null,"flu":null,"opportunityZone":null,"oz2Eligibility":null,"source":"sc-chesterfield-parcels-45025","appraiserUrl":null,"gisViewerUrl":"https://chesterfieldsc.wthgis.com/"},"geometry":{"type":"Polygon","coordinates":[[[-80.063261,34.499403],[-80.063979,34.500163],[-80.064927,34.499693],[-80.064948,34.499012],[-80.065978,34.498755],[-80.06632,34.498695],[-80.067596,34.498402],[-80.069155,34.497758],[-80.067735,34.496062],[-80.063394,34.494505],[-80.060364,34.497707],[-80.062596,34.498543],[-80.063261,34.499403]]]}},{"type":"Feature","id":"45025:202 000 000 015","properties":{"id":"45025:202 000 000 015","parcelId":"202 000 000 015","countyFips":"45025","countyName":"Chesterfield","state":"South Carolina","marketIds":["Columbia"],"situsAddress":null,"situsCity":null,"situsZip":null,"jurisdictionCode":null,"ownerName":"EWING CLARENCE RANDELL JR","ownerName2":null,"propertyName":null,"zoningCode":null,"zoningDistrict":null,"jurisdictionPrefix":null,"dorCode":null,"acreage":28.903,"centroid":[-80.070359,34.47891],"lastSale":{"date":null,"price":null,"qualified":null},"tax":{"marketValue":null,"assessedValue":null,"taxableValue":null,"taxes":null},"mailingAddress":{"line1":null,"line2":null,"city":null,"state":null,"zip":null},"incomeTract":null,"incomeBlockGroup":null,"nearestRoad":null,"flu":null,"opportunityZone":null,"oz2Eligibility":null,"source":"sc-chesterfield-parcels-45025","appraiserUrl":null,"gisViewerUrl":"https://chesterfieldsc.wthgis.com/"},"geometry":{"type":"Polygon","coordinates":[[[-80.065906,34.480305],[-80.067002,34.481601],[-80.07464,34.477206],[-80.073887,34.476529],[-80.065906,34.480305]]]}},{"type":"Feature","id":"45025:202 000 000 016","properties":{"id":"45025:202 000 000 016","parcelId":"202 000 000 016","countyFips":"45025","countyName":"Chesterfield","state":"South Carolina","marketIds":["Columbia"],"situsAddress":null,"situsCity":null,"situsZip":null,"jurisdictionCode":null,"ownerName":"PESHOFF FRANK E & DARLENE B","ownerName2":null,"propertyName":null,"zoningCode":null,"zoningDistrict":null,"jurisdictionPrefix":null,"dorCode":null,"acreage":95.7841,"centroid":[-80.061573,34.485463],"lastSale":{"date":null,"price":null,"qualified":null},"tax":{"marketValue":164100.0,"assessedValue":null,"taxableValue":null,"taxes":null},"mailingAddress":{"line1":null,"line2":null,"city":null,"state":null,"zip":null},"incomeTract":null,"incomeBlockGroup":null,"nearestRoad":null,"flu":null,"opportunityZone":null,"oz2Eligibility":null,"source":"sc-chesterfield-parcels-45025","appraiserUrl":null,"gisViewerUrl":"https://chesterfieldsc.wthgis.com/"},"geometry":{"type":"Polygon","coordinates":[[[-80.056783,34.486991],[-80.056937,34.48715],[-80.057375,34.487072],[-80.057764,34.487032],[-80.06029,34.487032],[-80.060943,34.486979],[-80.06142,34.486879],[-80.062788,34.48649],[-80.066404,34.485785],[-80.069369,34.485184],[-80.066537,34.481983],[-80.067002,34.481601],[-80.065401,34.479707],[-80.05964,34.485127],[-80.059917,34.485596],[-80.0566,34.486801],[-80.056783,34.486991]]]}},{"type":"Feature","id":"45025:202 000 000 037","properties":{"id":"45025:202 000 000 037","parcelId":"202 000 000 037","countyFips":"45025","countyName":"Chesterfield","state":"South Carolina","marketIds":["Columbia"],"situsAddress":null,"situsCity":null,"situsZip":null,"jurisdictionCode":null,"ownerName":"PESHOFF FRANK E","ownerName2":null,"propertyName":null,"zoningCode":null,"zoningDistrict":null,"jurisdictionPrefix":null,"dorCode":null,"acreage":54.1687,"centroid":[-80.063266,34.48736],"lastSale":{"date":null,"price":null,"qualified":null},"tax":{"marketValue":null,"assessedValue":null,"taxableValue":null,"taxes":null},"mailingAddress":{"line1":null,"line2":null,"city":null,"state":null,"zip":null},"incomeTract":null,"incomeBlockGroup":null,"nearestRoad":null,"flu":null,"opportunityZone":null,"oz2Eligibility":null,"source":"sc-chesterfield-parcels-45025","appraiserUrl":null,"gisViewerUrl":"https://chesterfieldsc.wthgis.com/"},"geometry":{"type":"Polygon","coordinates":[[[-80.06257,34.489537],[-80.064431,34.490028],[-80.069614,34.485432],[-80.06953,34.485339],[-80.066455,34.485961],[-80.063822,34.486465],[-80.062672,34.486706],[-80.061489,34.487051],[-80.060983,34.487157],[-80.060464,34.487208],[-80.059085,34.487209],[-80.060076,34.488392],[-80.061263,34.489193],[-80.06257,34.489537]]]}},{"type":"Feature","id":"45025:183 000 000 023","properties":{"id":"45025:183 000 000 023","parcelId":"183 000 000 023","countyFips":"45025","countyName":"Chesterfield","state":"South Carolina","marketIds":["Columbia"],"situsAddress":null,"situsCity":null,"situsZip":null,"jurisdictionCode":null,"ownerName":"NASH RONNIE W","ownerName2":null,"propertyName":null,"zoningCode":null,"zoningDistrict":null,"jurisdictionPrefix":null,"dorCode":null,"acreage":6.587,"centroid":[-80.09646,34.485373],"lastSale":{"date":null,"price":null,"qualified":null},"tax":{"marketValue":null,"assessedValue":null,"taxableValue":null,"taxes":null},"mailingAddress":{"line1":null,"line2":null,"city":null,"state":null,"zip":null},"incomeTract":null,"incomeBlockGroup":null,"nearestRoad":null,"flu":null,"opportunityZone":null,"oz2Eligibility":null,"source":"sc-chesterfield-parcels-45025","appraiserUrl":null,"gisViewerUrl":"https://chesterfieldsc.wthgis.com/"},"geometry":{"type":"Polygon","coordinates":[[[-80.095287,34.485387],[-80.095994,34.486215],[-80.097361,34.485899],[-80.097196,34.483991],[-80.095287,34.485387]]]}},{"type":"Feature","id":"45025:184 000 000 032","properties":{"id":"45025:184 000 000 032","parcelId":"184 000 000 032","countyFips":"45025","countyName":"Chesterfield","state":"South Carolina","marketIds":["Columbia"],"situsAddress":null,"situsCity":null,"situsZip":null,"jurisdictionCode":null,"ownerName":"DUNLAP KATHY M & GUSTAVE K","ownerName2":null,"propertyName":null,"zoningCode":null,"zoningDistrict":null,"jurisdictionPrefix":null,"dorCode":null,"acreage":21.4582,"centroid":[-80.096098,34.473076],"lastSale":{"date":null,"price":null,"qualified":null},"tax":{"marketValue":null,"assessedValue":null,"taxableValue":null,"taxes":null},"mailingAddress":{"line1":null,"line2":null,"city":null,"state":null,"zip":null},"incomeTract":null,"incomeBlockGroup":null,"nearestRoad":null,"flu":null,"opportunityZone":null,"oz2Eligibility":null,"source":"sc-chesterfield-parcels-45025","appraiserUrl":null,"gisViewerUrl":"https://chesterfieldsc.wthgis.com/"},"geometry":{"type":"Polygon","coordinates":[[[-80.092747,34.473148],[-80.094042,34.47435],[-80.098969,34.473176],[-80.098636,34.471631],[-80.092747,34.473148]]]}},{"type":"Feature","id":"45025:184 000 000 033","properties":{"id":"45025:184 000 000 033","parcelId":"184 000 000 033","countyFips":"45025","countyName":"Chesterfield","state":"South Carolina","marketIds":["Columbia"],"situsAddress":null,"situsCity":null,"situsZip":null,"jurisdictionCode":null,"ownerName":"TAMBURRINO ALLEN LEROY","ownerName2":null,"propertyName":null,"zoningCode":null,"zoningDistrict":null,"jurisdictionPrefix":null,"dorCode":null,"acreage":39.8738,"centroid":[-80.097087,34.475808],"lastSale":{"date":null,"price":null,"qualified":null},"tax":{"marketValue":55700.0,"assessedValue":null,"taxableValue":null,"taxes":null},"mailingAddress":{"line1":null,"line2":null,"city":null,"state":null,"zip":null},"incomeTract":null,"incomeBlockGroup":null,"nearestRoad":null,"flu":null,"opportunityZone":null,"oz2Eligibility":null,"source":"sc-chesterfield-parcels-45025","appraiserUrl":null,"gisViewerUrl":"https://chesterfieldsc.wthgis.com/"},"geometry":{"type":"Polygon","coordinates":[[[-80.097129,34.476691],[-80.097343,34.478439],[-80.100132,34.478391],[-80.099664,34.476306],[-80.09913,34.476345],[-80.098659,34.476713],[-80.097813,34.476163],[-80.09825,34.475706],[-80.099483,34.47549],[-80.098969,34.473176],[-80.094042,34.47435],[-80.095261,34.475481],[-80.097129,34.476691]]]}},{"type":"Feature","id":"45025:184 000 000 036","properties":{"id":"45025:184 000 000 036","parcelId":"184 000 000 036","countyFips":"45025","countyName":"Chesterfield","state":"South Carolina","marketIds":["Columbia"],"situsAddress":null,"situsCity":null,"situsZip":null,"jurisdictionCode":null,"ownerName":"HAYDEN THOMAS E & ANNIE LEE","ownerName2":null,"propertyName":null,"zoningCode":null,"zoningDistrict":null,"jurisdictionPrefix":null,"dorCode":null,"acreage":59.9028,"centroid":[-80.108672,34.47791],"lastSale":{"date":null,"price":null,"qualified":null},"tax":{"marketValue":91700.0,"assessedValue":null,"taxableValue":null,"taxes":null},"mailingAddress":{"line1":null,"line2":null,"city":null,"state":null,"zip":null},"incomeTract":null,"incomeBlockGroup":null,"nearestRoad":null,"flu":null,"opportunityZone":null,"oz2Eligibility":null,"source":"sc-chesterfield-parcels-45025","appraiserUrl":null,"gisViewerUrl":"https://chesterfieldsc.wthgis.com/"},"geometry":{"type":"MultiPolygon","coordinates":[[[[-80.106393,34.476297],[-80.110831,34.48063],[-80.111329,34.480378],[-80.111727,34.480113],[-80.112111,34.47979],[-80.112534,34.479336],[-80.104295,34.473375],[-80.102939,34.474568],[-80.105891,34.476706],[-80.106393,34.476297]]],[[[-80.112491,34.479693],[-80.112385,34.479803],[-80.112013,34.480139],[-80.11173,34.480351],[-80.111327,34.480598],[-80.110975,34.480771],[-80.113318,34.483059],[-80.113433,34.482836],[-80.113638,34.482752],[-80.113711,34.482699],[-80.113833,34.482417],[-80.113997,34.482321],[-80.114229,34.482234],[-80.114341,34.482148],[-80.114385,34.482072],[-80.114454,34.481807],[-80.11487,34.481026],[-80.113189,34.47981],[-80.112491,34.479693]]]]}},{"type":"Feature","id":"45025:184 000 000 037","properties":{"id":"45025:184 000 000 037","parcelId":"184 000 000 037","countyFips":"45025","countyName":"Chesterfield","state":"South Carolina","marketIds":["Columbia"],"situsAddress":null,"situsCity":null,"situsZip":null,"jurisdictionCode":null,"ownerName":"BEAVERDAM CREEK HOLDINGS LLC","ownerName2":null,"propertyName":null,"zoningCode":null,"zoningDistrict":null,"jurisdictionPrefix":null,"dorCode":null,"acreage":51.2001,"centroid":[-80.110598,34.47633],"lastSale":{"date":null,"price":null,"qualified":null},"tax":{"marketValue":null,"assessedValue":null,"taxableValue":null,"taxes":null},"mailingAddress":{"line1":null,"line2":null,"city":null,"state":null,"zip":null},"incomeTract":null,"incomeBlockGroup":null,"nearestRoad":null,"flu":null,"opportunityZone":null,"oz2Eligibility":null,"source":"sc-chesterfield-parcels-45025","appraiserUrl":null,"gisViewerUrl":"https://chesterfieldsc.wthgis.com/"},"geometry":{"type":"MultiPolygon","coordinates":[[[[-80.10541,34.474182],[-80.112534,34.479336],[-80.113589,34.478113],[-80.114707,34.476757],[-80.11081,34.476403],[-80.106538,34.473189],[-80.10541,34.474182]]],[[[-80.11487,34.481026],[-80.115251,34.480306],[-80.115879,34.479586],[-80.116078,34.479419],[-80.116444,34.47917],[-80.116632,34.479004],[-80.114437,34.477414],[-80.113741,34.478248],[-80.114792,34.479234],[-80.113923,34.479933],[-80.113189,34.47981],[-80.11487,34.481026]]]]}},{"type":"Feature","id":"45025:184 000 000 045","properties":{"id":"45025:184 000 000 045","parcelId":"184 000 000 045","countyFips":"45025","countyName":"Chesterfield","state":"South Carolina","marketIds":["Columbia"],"situsAddress":null,"situsCity":null,"situsZip":null,"jurisdictionCode":null,"ownerName":"HICKS OTIS","ownerName2":null,"propertyName":null,"zoningCode":null,"zoningDistrict":null,"jurisdictionPrefix":null,"dorCode":null,"acreage":5.1258,"centroid":[-80.105421,34.473277],"lastSale":{"date":null,"price":null,"qualified":null},"tax":{"marketValue":null,"assessedValue":null,"taxableValue":null,"taxes":null},"mailingAddress":{"line1":null,"line2":null,"city":null,"state":null,"zip":null},"incomeTract":null,"incomeBlockGroup":null,"nearestRoad":null,"flu":null,"opportunityZone":null,"oz2Eligibility":null,"source":"sc-chesterfield-parcels-45025","appraiserUrl":null,"gisViewerUrl":"https://chesterfieldsc.wthgis.com/"},"geometry":{"type":"Polygon","coordinates":[[[-80.104295,34.473375],[-80.10541,34.474182],[-80.106538,34.473189],[-80.105442,34.472364],[-80.104295,34.473375]]]}},{"type":"Feature","id":"45025:184 000 000 046","properties":{"id":"45025:184 000 000 046","parcelId":"184 000 000 046","countyFips":"45025","countyName":"Chesterfield","state":"South Carolina","marketIds":["Columbia"],"situsAddress":null,"situsCity":null,"situsZip":null,"jurisdictionCode":null,"ownerName":"JOHNSON KAREN RENEE","ownerName2":null,"propertyName":null,"zoningCode":null,"zoningDistrict":null,"jurisdictionPrefix":null,"dorCode":null,"acreage":40.8309,"centroid":[-80.10068,34.473656],"lastSale":{"date":null,"price":null,"qualified":null},"tax":{"marketValue":null,"assessedValue":null,"taxableValue":null,"taxes":null},"mailingAddress":{"line1":null,"line2":null,"city":null,"state":null,"zip":null},"incomeTract":null,"incomeBlockGroup":null,"nearestRoad":null,"flu":null,"opportunityZone":null,"oz2Eligibility":null,"source":"sc-chesterfield-parcels-45025","appraiserUrl":null,"gisViewerUrl":"https://chesterfieldsc.wthgis.com/"},"geometry":{"type":"Polygon","coordinates":[[[-80.099889,34.476318],[-80.10007,34.477094],[-80.103742,34.473861],[-80.102312,34.471604],[-80.099225,34.47148],[-80.09884,34.471579],[-80.099889,34.476318]]]}},{"type":"Feature","id":"45025:183 000 000 019","properties":{"id":"45025:183 000 000 019","parcelId":"183 000 000 019","countyFips":"45025","countyName":"Chesterfield","state":"South Carolina","marketIds":["Columbia"],"situsAddress":null,"situsCity":null,"situsZip":null,"jurisdictionCode":null,"ownerName":"TAMBURRINO ALLEN L","ownerName2":null,"propertyName":null,"zoningCode":null,"zoningDistrict":null,"jurisdictionPrefix":null,"dorCode":null,"acreage":31.0059,"centroid":[-80.097906,34.479509],"lastSale":{"date":null,"price":null,"qualified":null},"tax":{"marketValue":null,"assessedValue":null,"taxableValue":null,"taxes":null},"mailingAddress":{"line1":null,"line2":null,"city":null,"state":null,"zip":null},"incomeTract":null,"incomeBlockGroup":null,"nearestRoad":null,"flu":null,"opportunityZone":null,"oz2Eligibility":null,"source":"sc-chesterfield-parcels-45025","appraiserUrl":null,"gisViewerUrl":"https://chesterfieldsc.wthgis.com/"},"geometry":{"type":"Polygon","coordinates":[[[-80.095275,34.481256],[-80.098942,34.480748],[-80.099426,34.480668],[-80.099146,34.479324],[-80.100295,34.479126],[-80.100175,34.478582],[-80.097119,34.478636],[-80.097095,34.478444],[-80.093682,34.478795],[-80.095275,34.481256]]]}},{"type":"Feature","id":"45025:184 000 000 035","properties":{"id":"45025:184 000 000 035","parcelId":"184 000 000 035","countyFips":"45025","countyName":"Chesterfield","state":"South Carolina","marketIds":["Columbia"],"situsAddress":null,"situsCity":null,"situsZip":null,"jurisdictionCode":null,"ownerName":"SULLIVAN JAMES M","ownerName2":null,"propertyName":null,"zoningCode":null,"zoningDistrict":null,"jurisdictionPrefix":null,"dorCode":null,"acreage":44.5063,"centroid":[-80.102292,34.477857],"lastSale":{"date":null,"price":null,"qualified":null},"tax":{"marketValue":null,"assessedValue":null,"taxableValue":null,"taxes":null},"mailingAddress":{"line1":null,"line2":null,"city":null,"state":null,"zip":null},"incomeTract":null,"incomeBlockGroup":null,"nearestRoad":null,"flu":null,"opportunityZone":null,"oz2Eligibility":null,"source":"sc-chesterfield-parcels-45025","appraiserUrl":null,"gisViewerUrl":"https://chesterfieldsc.wthgis.com/"},"geometry":{"type":"Polygon","coordinates":[[[-80.100882,34.480781],[-80.101676,34.480136],[-80.105891,34.476706],[-80.102939,34.474568],[-80.10007,34.477094],[-80.100882,34.480781]]]}},{"type":"Feature","id":"45025:183 000 000 041","properties":{"id":"45025:183 000 000 041","parcelId":"183 000 000 041","countyFips":"45025","countyName":"Chesterfield","state":"South Carolina","marketIds":["Columbia"],"situsAddress":null,"situsCity":null,"situsZip":null,"jurisdictionCode":null,"ownerName":"GOODEN BARNEY RAY & SHERRY","ownerName2":null,"propertyName":null,"zoningCode":null,"zoningDistrict":null,"jurisdictionPrefix":null,"dorCode":null,"acreage":9.8187,"centroid":[-80.097705,34.481512],"lastSale":{"date":null,"price":null,"qualified":null},"tax":{"marketValue":null,"assessedValue":null,"taxableValue":null,"taxes":null},"mailingAddress":{"line1":null,"line2":null,"city":null,"state":null,"zip":null},"incomeTract":null,"incomeBlockGroup":null,"nearestRoad":null,"flu":null,"opportunityZone":null,"oz2Eligibility":null,"source":"sc-chesterfield-parcels-45025","appraiserUrl":null,"gisViewerUrl":"https://chesterfieldsc.wthgis.com/"},"geometry":{"type":"Polygon","coordinates":[[[-80.099183,34.48181],[-80.099097,34.481414],[-80.098942,34.480748],[-80.095275,34.481256],[-80.09603,34.482331],[-80.099183,34.48181]]]}},{"type":"Feature","id":"45025:183 000 000 032","properties":{"id":"45025:183 000 000 032","parcelId":"183 000 000 032","countyFips":"45025","countyName":"Chesterfield","state":"South Carolina","marketIds":["Columbia"],"situsAddress":null,"situsCity":null,"situsZip":null,"jurisdictionCode":null,"ownerName":"NASH TOMMY L & RONNIE W","ownerName2":null,"propertyName":null,"zoningCode":null,"zoningDistrict":null,"jurisdictionPrefix":null,"dorCode":null,"acreage":39.6523,"centroid":[-80.098561,34.484002],"lastSale":{"date":null,"price":null,"qualified":null},"tax":{"marketValue":null,"assessedValue":null,"taxableValue":null,"taxes":null},"mailingAddress":{"line1":null,"line2":null,"city":null,"state":null,"zip":null},"incomeTract":null,"incomeBlockGroup":null,"nearestRoad":null,"flu":null,"opportunityZone":null,"oz2Eligibility":null,"source":"sc-chesterfield-parcels-45025","appraiserUrl":null,"gisViewerUrl":"https://chesterfieldsc.wthgis.com/"},"geometry":{"type":"Polygon","coordinates":[[[-80.099183,34.48181],[-80.09603,34.482331],[-80.097196,34.483991],[-80.097361,34.485899],[-80.097849,34.485781],[-80.098461,34.485675],[-80.101583,34.484989],[-80.100824,34.481538],[-80.099183,34.48181]]]}},{"type":"Feature","id":"45025:183 000 000 025","properties":{"id":"45025:183 000 000 025","parcelId":"183 000 000 025","countyFips":"45025","countyName":"Chesterfield","state":"South Carolina","marketIds":["Columbia"],"situsAddress":null,"situsCity":null,"situsZip":null,"jurisdictionCode":null,"ownerName":"GORE GEORGE C  & BARBARA G","ownerName2":null,"propertyName":null,"zoningCode":null,"zoningDistrict":null,"jurisdictionPrefix":null,"dorCode":null,"acreage":10.2831,"centroid":[-80.102528,34.483137],"lastSale":{"date":null,"price":null,"qualified":null},"tax":{"marketValue":null,"assessedValue":null,"taxableValue":null,"taxes":null},"mailingAddress":{"line1":null,"line2":null,"city":null,"state":null,"zip":null},"incomeTract":null,"incomeBlockGroup":null,"nearestRoad":null,"flu":null,"opportunityZone":null,"oz2Eligibility":null,"source":"sc-chesterfield-parcels-45025","appraiserUrl":null,"gisViewerUrl":"https://chesterfieldsc.wthgis.com/"},"geometry":{"type":"Polygon","coordinates":[[[-80.104143,34.483839],[-80.103023,34.482241],[-80.102684,34.482464],[-80.102292,34.482525],[-80.102373,34.482886],[-80.101375,34.48304],[-80.101807,34.484962],[-80.104143,34.483839]]]}},{"type":"Feature","id":"45025:183 000 000 007","properties":{"id":"45025:183 000 000 007","parcelId":"183 000 000 007","countyFips":"45025","countyName":"Chesterfield","state":"South Carolina","marketIds":["Columbia"],"situsAddress":null,"situsCity":null,"situsZip":null,"jurisdictionCode":null,"ownerName":"DUNLAP KATHY M & GUSTAVE K","ownerName2":null,"propertyName":null,"zoningCode":null,"zoningDistrict":null,"jurisdictionPrefix":null,"dorCode":null,"acreage":38.693,"centroid":[-80.107558,34.478417],"lastSale":{"date":null,"price":null,"qualified":null},"tax":{"marketValue":null,"assessedValue":null,"taxableValue":null,"taxes":null},"mailingAddress":{"line1":null,"line2":null,"city":null,"state":null,"zip":null},"incomeTract":null,"incomeBlockGroup":null,"nearestRoad":null,"flu":null,"opportunityZone":null,"oz2Eligibility":null,"source":"sc-chesterfield-parcels-45025","appraiserUrl":null,"gisViewerUrl":"https://chesterfieldsc.wthgis.com/"},"geometry":{"type":"MultiPolygon","coordinates":[[[[-80.105891,34.476706],[-80.105501,34.477023],[-80.109173,34.481431],[-80.110831,34.48063],[-80.106393,34.476297],[-80.105891,34.476706]]],[[[-80.11159,34.483791],[-80.111626,34.483819],[-80.111668,34.484087],[-80.112139,34.484289],[-80.11241,34.484257],[-80.1127,34.484148],[-80.112964,34.483907],[-80.113122,34.483714],[-80.113257,34.483466],[-80.113256,34.483389],[-80.113214,34.483233],[-80.113318,34.483059],[-80.110975,34.480771],[-80.109317,34.481572],[-80.111007,34.483222],[-80.111014,34.483296],[-80.111181,34.483516],[-80.111406,34.483697],[-80.11159,34.483791]]]]}},{"type":"Feature","id":"45025:183 000 000 020","properties":{"id":"45025:183 000 000 020","parcelId":"183 000 000 020","countyFips":"45025","countyName":"Chesterfield","state":"South Carolina","marketIds":["Columbia"],"situsAddress":null,"situsCity":null,"situsZip":null,"jurisdictionCode":null,"ownerName":"NASH TOMMIE L","ownerName2":null,"propertyName":null,"zoningCode":null,"zoningDistrict":null,"jurisdictionPrefix":null,"dorCode":null,"acreage":25.3406,"centroid":[-80.099948,34.487151],"lastSale":{"date":null,"price":null,"qualified":null},"tax":{"marketValue":null,"assessedValue":null,"taxableValue":null,"taxes":null},"mailingAddress":{"line1":null,"line2":null,"city":null,"state":null,"zip":null},"incomeTract":null,"incomeBlockGroup":null,"nearestRoad":null,"flu":null,"opportunityZone":null,"oz2Eligibility":null,"source":"sc-chesterfield-parcels-45025","appraiserUrl":null,"gisViewerUrl":"https://chesterfieldsc.wthgis.com/"},"geometry":{"type":"Polygon","coordinates":[[[-80.101649,34.486537],[-80.101659,34.486535],[-80.10178,34.486463],[-80.101919,34.486444],[-80.101843,34.4861],[-80.101538,34.486349],[-80.101159,34.486379],[-80.10076,34.486528],[-80.100383,34.485439],[-80.09838,34.48588],[-80.097902,34.485957],[-80.097285,34.486106],[-80.097417,34.486498],[-80.096922,34.486613],[-80.09679,34.486221],[-80.096128,34.486373],[-80.09837,34.489],[-80.098463,34.488881],[-80.098692,34.488765],[-80.098759,34.488707],[-80.099049,34.488276],[-80.099127,34.488202],[-80.0992,34.488174],[-80.099428,34.488151],[-80.099621,34.488049],[-80.099746,34.48801],[-80.100669,34.487862],[-80.100796,34.487814],[-80.100907,34.487745],[-80.101151,34.487534],[-80.101187,34.487483],[-80.101202,34.487426],[-80.101192,34.487276],[-80.101272,34.487102],[-80.10135,34.486864],[-80.101356,34.486771],[-80.101402,34.486667],[-80.101579,34.486546],[-80.101649,34.486537]]]}},{"type":"Feature","id":"45025:183 000 000 022","properties":{"id":"45025:183 000 000 022","parcelId":"183 000 000 022","countyFips":"45025","countyName":"Chesterfield","state":"South Carolina","marketIds":["Columbia"],"situsAddress":null,"situsCity":null,"situsZip":null,"jurisdictionCode":null,"ownerName":"CAGLE ROBERT GILBERT","ownerName2":null,"propertyName":null,"zoningCode":null,"zoningDistrict":null,"jurisdictionPrefix":null,"dorCode":null,"acreage":78.2215,"centroid":[-80.094332,34.484718],"lastSale":{"date":null,"price":null,"qualified":null},"tax":{"marketValue":59700.0,"assessedValue":null,"taxableValue":null,"taxes":null},"mailingAddress":{"line1":null,"line2":null,"city":null,"state":null,"zip":null},"incomeTract":null,"incomeBlockGroup":null,"nearestRoad":null,"flu":null,"opportunityZone":null,"oz2Eligibility":null,"source":"sc-chesterfield-parcels-45025","appraiserUrl":null,"gisViewerUrl":"https://chesterfieldsc.wthgis.com/"},"geometry":{"type":"MultiPolygon","coordinates":[[[[-80.09334,34.481807],[-80.089826,34.483236],[-80.093517,34.48486],[-80.093355,34.486233],[-80.094143,34.486356],[-80.094662,34.486387],[-80.095181,34.486357],[-80.095994,34.486215],[-80.095287,34.485387],[-80.097196,34.483991],[-80.095146,34.481072],[-80.09334,34.481807]]],[[[-80.093026,34.48903],[-80.094125,34.489676],[-80.09837,34.489],[-80.096128,34.486373],[-80.09542,34.486509],[-80.094731,34.486568],[-80.094089,34.486533],[-80.093334,34.486414],[-80.093026,34.48903]]]]}},{"type":"Feature","id":"45025:184 000 000 031","properties":{"id":"45025:184 000 000 031","parcelId":"184 000 000 031","countyFips":"45025","countyName":"Chesterfield","state":"South Carolina","marketIds":["Columbia"],"situsAddress":null,"situsCity":null,"situsZip":null,"jurisdictionCode":null,"ownerName":"DUNLAP JAMES L JR","ownerName2":null,"propertyName":null,"zoningCode":null,"zoningDistrict":null,"jurisdictionPrefix":null,"dorCode":null,"acreage":61.7677,"centroid":[-80.09418,34.4713],"lastSale":{"date":null,"price":null,"qualified":null},"tax":{"marketValue":null,"assessedValue":null,"taxableValue":null,"taxes":null},"mailingAddress":{"line1":null,"line2":null,"city":null,"state":null,"zip":null},"incomeTract":null,"incomeBlockGroup":null,"nearestRoad":null,"flu":null,"opportunityZone":null,"oz2Eligibility":null,"source":"sc-chesterfield-parcels-45025","appraiserUrl":null,"gisViewerUrl":"https://chesterfieldsc.wthgis.com/"},"geometry":{"type":"MultiPolygon","coordinates":[[[[-80.09212,34.471048],[-80.08908,34.472088],[-80.090224,34.473798],[-80.098636,34.471631],[-80.098239,34.469781],[-80.096779,34.469453],[-80.09212,34.471048]]],[[[-80.102312,34.471604],[-80.101519,34.470353],[-80.098554,34.470218],[-80.09884,34.471579],[-80.099225,34.47148],[-80.102312,34.471604]]]]}},{"type":"Feature","id":"45025:184 000 000 034","properties":{"id":"45025:184 000 000 034","parcelId":"184 000 000 034","countyFips":"45025","countyName":"Chesterfield","state":"South Carolina","marketIds":["Columbia"],"situsAddress":null,"situsCity":null,"situsZip":null,"jurisdictionCode":null,"ownerName":"BEAVERDAM CREEK HOLDINGS LLC","ownerName2":null,"propertyName":null,"zoningCode":null,"zoningDistrict":null,"jurisdictionPrefix":null,"dorCode":null,"acreage":102.3451,"centroid":[-80.094611,34.477898],"lastSale":{"date":null,"price":null,"qualified":null},"tax":{"marketValue":4800.0,"assessedValue":null,"taxableValue":null,"taxes":null},"mailingAddress":{"line1":null,"line2":null,"city":null,"state":null,"zip":null},"incomeTract":null,"incomeBlockGroup":null,"nearestRoad":null,"flu":null,"opportunityZone":null,"oz2Eligibility":null,"source":"sc-chesterfield-parcels-45025","appraiserUrl":null,"gisViewerUrl":"https://chesterfieldsc.wthgis.com/"},"geometry":{"type":"Polygon","coordinates":[[[-80.090013,34.479689],[-80.09334,34.481807],[-80.095146,34.481072],[-80.093682,34.478795],[-80.097095,34.478444],[-80.097119,34.478636],[-80.100175,34.478582],[-80.100132,34.478391],[-80.097343,34.478439],[-80.097129,34.476691],[-80.095261,34.475481],[-80.092747,34.473148],[-80.090224,34.473798],[-80.089868,34.477351],[-80.089898,34.478147],[-80.090013,34.479689]]]}},{"type":"Feature","id":"45025:202 000 000 036","properties":{"id":"45025:202 000 000 036","parcelId":"202 000 000 036","countyFips":"45025","countyName":"Chesterfield","state":"South Carolina","marketIds":["Columbia"],"situsAddress":null,"situsCity":null,"situsZip":null,"jurisdictionCode":null,"ownerName":"BEAVERDAM CREEK HOLDINGS LLC","ownerName2":null,"propertyName":null,"zoningCode":null,"zoningDistrict":null,"jurisdictionPrefix":null,"dorCode":null,"acreage":27.4511,"centroid":[-80.08946,34.481766],"lastSale":{"date":null,"price":null,"qualified":null},"tax":{"marketValue":null,"assessedValue":null,"taxableValue":null,"taxes":null},"mailingAddress":{"line1":null,"line2":null,"city":null,"state":null,"zip":null},"incomeTract":null,"incomeBlockGroup":null,"nearestRoad":null,"flu":null,"opportunityZone":null,"oz2Eligibility":null,"source":"sc-chesterfield-parcels-45025","appraiserUrl":null,"gisViewerUrl":"https://chesterfieldsc.wthgis.com/"},"geometry":{"type":"Polygon","coordinates":[[[-80.088289,34.482601],[-80.089826,34.483236],[-80.09334,34.481807],[-80.090013,34.479689],[-80.087417,34.481541],[-80.087877,34.481719],[-80.088289,34.482601]]]}},{"type":"Feature","id":"45025:202 000 000 035","properties":{"id":"45025:202 000 000 035","parcelId":"202 000 000 035","countyFips":"45025","countyName":"Chesterfield","state":"South Carolina","marketIds":["Columbia"],"situsAddress":null,"situsCity":null,"situsZip":null,"jurisdictionCode":null,"ownerName":"E D PEW TIMBER CO INC","ownerName2":null,"propertyName":null,"zoningCode":null,"zoningDistrict":null,"jurisdictionPrefix":null,"dorCode":null,"acreage":115.5822,"centroid":[-80.08522,34.484656],"lastSale":{"date":null,"price":null,"qualified":null},"tax":{"marketValue":null,"assessedValue":null,"taxableValue":null,"taxes":null},"mailingAddress":{"line1":null,"line2":null,"city":null,"state":null,"zip":null},"incomeTract":null,"incomeBlockGroup":null,"nearestRoad":null,"flu":null,"opportunityZone":null,"oz2Eligibility":null,"source":"sc-chesterfield-parcels-45025","appraiserUrl":null,"gisViewerUrl":"https://chesterfieldsc.wthgis.com/"},"geometry":{"type":"MultiPolygon","coordinates":[[[[-80.081541,34.487955],[-80.081861,34.48797],[-80.089096,34.488305],[-80.086899,34.485915],[-80.088668,34.484614],[-80.086599,34.483368],[-80.086031,34.48309],[-80.085353,34.482811],[-80.084766,34.482615],[-80.083565,34.482337],[-80.08304,34.482237],[-80.081541,34.487955]]],[[[-80.092943,34.485082],[-80.093087,34.486038],[-80.093051,34.486184],[-80.093355,34.486233],[-80.093517,34.48486],[-80.089826,34.483236],[-80.088289,34.482601],[-80.087877,34.481719],[-80.087417,34.481541],[-80.083554,34.480258],[-80.083086,34.48206],[-80.083623,34.482162],[-80.084837,34.482443],[-80.085445,34.482646],[-80.086282,34.482994],[-80.086723,34.483219],[-80.08856,34.484333],[-80.089809,34.485025],[-80.090145,34.485194],[-80.09134,34.485716],[-80.09174,34.485189],[-80.091586,34.484822],[-80.092242,34.484468],[-80.092943,34.485082]]]]}},{"type":"Feature","id":"45025:183 000 000 005","properties":{"id":"45025:183 000 000 005","parcelId":"183 000 000 005","countyFips":"45025","countyName":"Chesterfield","state":"South Carolina","marketIds":["Columbia"],"situsAddress":null,"situsCity":null,"situsZip":null,"jurisdictionCode":null,"ownerName":"BYRD MABLE LEE","ownerName2":null,"propertyName":null,"zoningCode":null,"zoningDistrict":null,"jurisdictionPrefix":null,"dorCode":null,"acreage":118.8728,"centroid":[-80.12138,34.490464],"lastSale":{"date":null,"price":null,"qualified":null},"tax":{"marketValue":55400.0,"assessedValue":null,"taxableValue":null,"taxes":null},"mailingAddress":{"line1":null,"line2":null,"city":null,"state":null,"zip":null},"incomeTract":null,"incomeBlockGroup":null,"nearestRoad":null,"flu":null,"opportunityZone":null,"oz2Eligibility":null,"source":"sc-chesterfield-parcels-45025","appraiserUrl":null,"gisViewerUrl":"https://chesterfieldsc.wthgis.com/"},"geometry":{"type":"MultiPolygon","coordinates":[[[[-80.124134,34.495988],[-80.125507,34.49515],[-80.126621,34.49447],[-80.120538,34.487592],[-80.119708,34.487805],[-80.119949,34.488357],[-80.119268,34.488521],[-80.11903,34.487976],[-80.117665,34.488318],[-80.124134,34.495988]]],[[[-80.115566,34.480252],[-80.115251,34.480306],[-80.114566,34.481599],[-80.116318,34.486718],[-80.117556,34.488156],[-80.120401,34.487438],[-80.118844,34.485679],[-80.117222,34.481252],[-80.115957,34.480186],[-80.115566,34.480252]]]]}},{"type":"Feature","id":"45025:183 000 000 006","properties":{"id":"45025:183 000 000 006","parcelId":"183 000 000 006","countyFips":"45025","countyName":"Chesterfield","state":"South Carolina","marketIds":["Columbia"],"situsAddress":null,"situsCity":null,"situsZip":null,"jurisdictionCode":null,"ownerName":"BEAVERDAM CREEK HOLDINGS LLC","ownerName2":null,"propertyName":null,"zoningCode":null,"zoningDistrict":null,"jurisdictionPrefix":null,"dorCode":null,"acreage":83.0445,"centroid":[-80.117965,34.479788],"lastSale":{"date":null,"price":null,"qualified":null},"tax":{"marketValue":56500.0,"assessedValue":null,"taxableValue":null,"taxes":null},"mailingAddress":{"line1":null,"line2":null,"city":null,"state":null,"zip":null},"incomeTract":null,"incomeBlockGroup":null,"nearestRoad":null,"flu":null,"opportunityZone":null,"oz2Eligibility":null,"source":"sc-chesterfield-parcels-45025","appraiserUrl":null,"gisViewerUrl":"https://chesterfieldsc.wthgis.com/"},"geometry":{"type":"MultiPolygon","coordinates":[[[[-80.117222,34.481252],[-80.118844,34.485679],[-80.124273,34.483453],[-80.121845,34.481478],[-80.12111,34.480857],[-80.120153,34.48012],[-80.118977,34.479166],[-80.118535,34.478743],[-80.117975,34.47796],[-80.11782,34.478137],[-80.117662,34.478269],[-80.117337,34.478455],[-80.117206,34.478552],[-80.117126,34.478653],[-80.117062,34.478797],[-80.117017,34.478853],[-80.116951,34.478894],[-80.116674,34.478977],[-80.116444,34.47917],[-80.115975,34.4795],[-80.115788,34.479676],[-80.115251,34.480306],[-80.115957,34.480186],[-80.117222,34.481252]]],[[[-80.118451,34.477622],[-80.11837,34.477655],[-80.118218,34.477737],[-80.118084,34.477838],[-80.118537,34.478494],[-80.118706,34.478704],[-80.119295,34.47924],[-80.120841,34.480459],[-80.121311,34.480122],[-80.118451,34.477622]]],[[[-80.121002,34.480584],[-80.121226,34.480759],[-80.121962,34.48138],[-80.124431,34.483388],[-80.124852,34.483216],[-80.121462,34.480254],[-80.121002,34.480584]]]]}},{"type":"Feature","id":"45025:183 000 000 008","properties":{"id":"45025:183 000 000 008","parcelId":"183 000 000 008","countyFips":"45025","countyName":"Chesterfield","state":"South Carolina","marketIds":["Columbia"],"situsAddress":null,"situsCity":null,"situsZip":null,"jurisdictionCode":null,"ownerName":"HUGGINS GLYNN THOMAS II ETAL","ownerName2":null,"propertyName":null,"zoningCode":null,"zoningDistrict":null,"jurisdictionPrefix":null,"dorCode":null,"acreage":45.1961,"centroid":[-80.113923,34.483728],"lastSale":{"date":null,"price":null,"qualified":null},"tax":{"marketValue":92000.0,"assessedValue":null,"taxableValue":null,"taxes":null},"mailingAddress":{"line1":null,"line2":null,"city":null,"state":null,"zip":null},"incomeTract":null,"incomeBlockGroup":null,"nearestRoad":null,"flu":null,"opportunityZone":null,"oz2Eligibility":null,"source":"sc-chesterfield-parcels-45025","appraiserUrl":null,"gisViewerUrl":"https://chesterfieldsc.wthgis.com/"},"geometry":{"type":"Polygon","coordinates":[[[-80.11241,34.484257],[-80.1141,34.48907],[-80.114503,34.488945],[-80.117556,34.488156],[-80.116318,34.486718],[-80.114566,34.481599],[-80.114428,34.481866],[-80.114385,34.482072],[-80.114341,34.482148],[-80.114176,34.482262],[-80.113997,34.482321],[-80.113856,34.482398],[-80.113801,34.482463],[-80.113772,34.482585],[-80.113711,34.482699],[-80.113638,34.482752],[-80.113425,34.482845],[-80.113372,34.482979],[-80.113219,34.483213],[-80.113216,34.483275],[-80.113248,34.48335],[-80.113257,34.483466],[-80.113122,34.483714],[-80.112964,34.483907],[-80.1127,34.484148],[-80.11241,34.484257]]]}},{"type":"Feature","id":"45025:184 000 000 015","properties":{"id":"45025:184 000 000 015","parcelId":"184 000 000 015","countyFips":"45025","countyName":"Chesterfield","state":"South Carolina","marketIds":["Columbia"],"situsAddress":null,"situsCity":null,"situsZip":null,"jurisdictionCode":null,"ownerName":"BRYANT EDWIN F & SAMANTHA P","ownerName2":null,"propertyName":null,"zoningCode":null,"zoningDistrict":null,"jurisdictionPrefix":null,"dorCode":null,"acreage":17.9672,"centroid":[-80.116346,34.473501],"lastSale":{"date":null,"price":null,"qualified":null},"tax":{"marketValue":20000.0,"assessedValue":null,"taxableValue":null,"taxes":null},"mailingAddress":{"line1":null,"line2":null,"city":null,"state":null,"zip":null},"incomeTract":null,"incomeBlockGroup":null,"nearestRoad":null,"flu":null,"opportunityZone":null,"oz2Eligibility":null,"source":"sc-chesterfield-parcels-45025","appraiserUrl":null,"gisViewerUrl":"https://chesterfieldsc.wthgis.com/"},"geometry":{"type":"Polygon","coordinates":[[[-80.116416,34.474841],[-80.116491,34.474784],[-80.116764,34.474603],[-80.117241,34.474347],[-80.118449,34.473814],[-80.117758,34.472867],[-80.117151,34.472562],[-80.115315,34.472187],[-80.115031,34.472621],[-80.112841,34.47238],[-80.116416,34.474841]]]}},{"type":"Feature","id":"45025:184 000 000 014","properties":{"id":"45025:184 000 000 014","parcelId":"184 000 000 014","countyFips":"45025","countyName":"Chesterfield","state":"South Carolina","marketIds":["Columbia"],"situsAddress":null,"situsCity":null,"situsZip":null,"jurisdictionCode":null,"ownerName":"BEAVERDAM CREEK HOLDINGS LLC","ownerName2":null,"propertyName":null,"zoningCode":null,"zoningDistrict":null,"jurisdictionPrefix":null,"dorCode":null,"acreage":42.7629,"centroid":[-80.113554,34.473894],"lastSale":{"date":null,"price":null,"qualified":null},"tax":{"marketValue":null,"assessedValue":null,"taxableValue":null,"taxes":null},"mailingAddress":{"line1":null,"line2":null,"city":null,"state":null,"zip":null},"incomeTract":null,"incomeBlockGroup":null,"nearestRoad":null,"flu":null,"opportunityZone":null,"oz2Eligibility":null,"source":"sc-chesterfield-parcels-45025","appraiserUrl":null,"gisViewerUrl":"https://chesterfieldsc.wthgis.com/"},"geometry":{"type":"MultiPolygon","coordinates":[[[[-80.11046,34.472119],[-80.110661,34.472299],[-80.111265,34.472791],[-80.113164,34.474171],[-80.115508,34.475733],[-80.115687,34.475514],[-80.115988,34.475197],[-80.116416,34.474841],[-80.112841,34.47238],[-80.11046,34.472119]]],[[[-80.110082,34.472078],[-80.114707,34.476757],[-80.115429,34.475859],[-80.113057,34.474276],[-80.111153,34.472892],[-80.110738,34.472564],[-80.110206,34.472091],[-80.110082,34.472078]]],[[[-80.11568,34.475846],[-80.115783,34.475909],[-80.117173,34.476792],[-80.117339,34.476923],[-80.117742,34.477367],[-80.118084,34.477838],[-80.118292,34.477693],[-80.118619,34.477572],[-80.118884,34.477539],[-80.11942,34.477532],[-80.119953,34.477454],[-80.116588,34.474956],[-80.116146,34.475323],[-80.115867,34.475618],[-80.11568,34.475846]]],[[[-80.115604,34.475969],[-80.115584,34.475991],[-80.114914,34.476827],[-80.11789,34.478064],[-80.117972,34.477955],[-80.117619,34.477463],[-80.11722,34.477018],[-80.116743,34.476688],[-80.115604,34.475969]]]]}},{"type":"Feature","id":"45025:220 000 000 003","properties":{"id":"45025:220 000 000 003","parcelId":"220 000 000 003","countyFips":"45025","countyName":"Chesterfield","state":"South Carolina","marketIds":["Columbia"],"situsAddress":null,"situsCity":null,"situsZip":null,"jurisdictionCode":null,"ownerName":"HOWLE JERRY BOYCE & DONNA","ownerName2":null,"propertyName":null,"zoningCode":null,"zoningDistrict":null,"jurisdictionPrefix":null,"dorCode":null,"acreage":53.4733,"centroid":[-80.044957,34.496364],"lastSale":{"date":null,"price":null,"qualified":null},"tax":{"marketValue":327800.0,"assessedValue":null,"taxableValue":null,"taxes":null},"mailingAddress":{"line1":null,"line2":null,"city":null,"state":null,"zip":null},"incomeTract":null,"incomeBlockGroup":null,"nearestRoad":null,"flu":null,"opportunityZone":null,"oz2Eligibility":null,"source":"sc-chesterfield-parcels-45025","appraiserUrl":null,"gisViewerUrl":"https://chesterfieldsc.wthgis.com/"},"geometry":{"type":"Polygon","coordinates":[[[-80.046804,34.501785],[-80.047071,34.5019],[-80.048521,34.50077],[-80.047353,34.500225],[-80.047405,34.500161],[-80.047639,34.500055],[-80.047988,34.499286],[-80.0457,34.499605],[-80.045136,34.49943],[-80.045047,34.495631],[-80.044401,34.495753],[-80.044313,34.492046],[-80.044133,34.491966],[-80.043946,34.49194],[-80.043821,34.491957],[-80.0436,34.49204],[-80.043429,34.492046],[-80.043157,34.491969],[-80.042893,34.491949],[-80.042486,34.491832],[-80.042201,34.491801],[-80.043115,34.498925],[-80.044273,34.498823],[-80.044531,34.50083],[-80.046804,34.501785]]]}},{"type":"Feature","id":"45025:220 000 000 004","properties":{"id":"45025:220 000 000 004","parcelId":"220 000 000 004","countyFips":"45025","countyName":"Chesterfield","state":"South Carolina","marketIds":["Columbia"],"situsAddress":null,"situsCity":null,"situsZip":null,"jurisdictionCode":null,"ownerName":"TEAL BENJAMIN KYLE","ownerName2":null,"propertyName":null,"zoningCode":null,"zoningDistrict":null,"jurisdictionPrefix":null,"dorCode":null,"acreage":80.1705,"centroid":[-80.040268,34.495047],"lastSale":{"date":null,"price":null,"qualified":null},"tax":{"marketValue":null,"assessedValue":null,"taxableValue":null,"taxes":null},"mailingAddress":{"line1":null,"line2":null,"city":null,"state":null,"zip":null},"incomeTract":null,"incomeBlockGroup":null,"nearestRoad":null,"flu":null,"opportunityZone":null,"oz2Eligibility":null,"source":"sc-chesterfield-parcels-45025","appraiserUrl":null,"gisViewerUrl":"https://chesterfieldsc.wthgis.com/"},"geometry":{"type":"Polygon","coordinates":[[[-80.042278,34.499878],[-80.043282,34.500303],[-80.042201,34.491801],[-80.041899,34.491804],[-80.04161,34.491869],[-80.041403,34.491867],[-80.041315,34.491909],[-80.041225,34.492007],[-80.041159,34.492044],[-80.04088,34.49207],[-80.04057,34.492189],[-80.040017,34.492198],[-80.039472,34.492327],[-80.039309,34.492341],[-80.039065,34.492309],[-80.038588,34.492158],[-80.038026,34.491859],[-80.037876,34.491833],[-80.038638,34.498687],[-80.038739,34.498673],[-80.03895,34.498747],[-80.039268,34.498136],[-80.039743,34.498302],[-80.039425,34.498912],[-80.03998,34.499106],[-80.040354,34.499176],[-80.040901,34.499324],[-80.041342,34.499479],[-80.042278,34.499878]]]}},{"type":"Feature","id":"45025:220 000 000 014","properties":{"id":"45025:220 000 000 014","parcelId":"220 000 000 014","countyFips":"45025","countyName":"Chesterfield","state":"South Carolina","marketIds":["Columbia"],"situsAddress":null,"situsCity":null,"situsZip":null,"jurisdictionCode":null,"ownerName":"TEAL THOMAS H ETAL","ownerName2":null,"propertyName":null,"zoningCode":null,"zoningDistrict":null,"jurisdictionPrefix":null,"dorCode":null,"acreage":16.2244,"centroid":[-80.036672,34.497446],"lastSale":{"date":null,"price":null,"qualified":null},"tax":{"marketValue":null,"assessedValue":null,"taxableValue":null,"taxes":null},"mailingAddress":{"line1":null,"line2":null,"city":null,"state":null,"zip":null},"incomeTract":null,"incomeBlockGroup":null,"nearestRoad":null,"flu":null,"opportunityZone":null,"oz2Eligibility":null,"source":"sc-chesterfield-parcels-45025","appraiserUrl":null,"gisViewerUrl":"https://chesterfieldsc.wthgis.com/"},"geometry":{"type":"Polygon","coordinates":[[[-80.035405,34.49792],[-80.035466,34.498481],[-80.036781,34.498185],[-80.038561,34.497989],[-80.03832,34.495828],[-80.035501,34.496275],[-80.035405,34.49792]]]}},{"type":"Feature","id":"45025:220 000 000 015","properties":{"id":"45025:220 000 000 015","parcelId":"220 000 000 015","countyFips":"45025","countyName":"Chesterfield","state":"South Carolina","marketIds":["Columbia"],"situsAddress":null,"situsCity":null,"situsZip":null,"jurisdictionCode":null,"ownerName":"TEAL CHARLES & G W","ownerName2":null,"propertyName":null,"zoningCode":null,"zoningDistrict":null,"jurisdictionPrefix":null,"dorCode":null,"acreage":14.0597,"centroid":[-80.037211,34.493111],"lastSale":{"date":null,"price":null,"qualified":null},"tax":{"marketValue":null,"assessedValue":null,"taxableValue":null,"taxes":null},"mailingAddress":{"line1":null,"line2":null,"city":null,"state":null,"zip":null},"incomeTract":null,"incomeBlockGroup":null,"nearestRoad":null,"flu":null,"opportunityZone":null,"oz2Eligibility":null,"source":"sc-chesterfield-parcels-45025","appraiserUrl":null,"gisViewerUrl":"https://chesterfieldsc.wthgis.com/"},"geometry":{"type":"Polygon","coordinates":[[[-80.036461,34.492346],[-80.036873,34.496057],[-80.03832,34.495828],[-80.037876,34.491833],[-80.037696,34.491881],[-80.036974,34.492303],[-80.036872,34.492324],[-80.03662,34.49232],[-80.036461,34.492346]]]}},{"type":"Feature","id":"45025:220 000 000 016","properties":{"id":"45025:220 000 000 016","parcelId":"220 000 000 016","countyFips":"45025","countyName":"Chesterfield","state":"South Carolina","marketIds":["Columbia"],"situsAddress":null,"situsCity":null,"situsZip":null,"jurisdictionCode":null,"ownerName":"TEAL BENJAMIN KYLE","ownerName2":null,"propertyName":null,"zoningCode":null,"zoningDistrict":null,"jurisdictionPrefix":null,"dorCode":null,"acreage":12.1496,"centroid":[-80.035809,34.493429],"lastSale":{"date":null,"price":null,"qualified":null},"tax":{"marketValue":null,"assessedValue":null,"taxableValue":null,"taxes":null},"mailingAddress":{"line1":null,"line2":null,"city":null,"state":null,"zip":null},"incomeTract":null,"incomeBlockGroup":null,"nearestRoad":null,"flu":null,"opportunityZone":null,"oz2Eligibility":null,"source":"sc-chesterfield-parcels-45025","appraiserUrl":null,"gisViewerUrl":"https://chesterfieldsc.wthgis.com/"},"geometry":{"type":"Polygon","coordinates":[[[-80.035334,34.494087],[-80.035501,34.496275],[-80.036873,34.496057],[-80.036461,34.492346],[-80.035999,34.492454],[-80.035874,34.492511],[-80.03563,34.492674],[-80.035589,34.492666],[-80.035576,34.492633],[-80.035253,34.492589],[-80.035334,34.494087]]]}},{"type":"Feature","id":"45025:220 000 000 017","properties":{"id":"45025:220 000 000 017","parcelId":"220 000 000 017","countyFips":"45025","countyName":"Chesterfield","state":"South Carolina","marketIds":["Columbia"],"situsAddress":null,"situsCity":null,"situsZip":null,"jurisdictionCode":null,"ownerName":"TEAL WILLIAM FRANKLIN JR","ownerName2":null,"propertyName":null,"zoningCode":null,"zoningDistrict":null,"jurisdictionPrefix":null,"dorCode":null,"acreage":45.4782,"centroid":[-80.0329,34.496967],"lastSale":{"date":null,"price":null,"qualified":null},"tax":{"marketValue":52300.0,"assessedValue":null,"taxableValue":null,"taxes":null},"mailingAddress":{"line1":null,"line2":null,"city":null,"state":null,"zip":null},"incomeTract":null,"incomeBlockGroup":null,"nearestRoad":null,"flu":null,"opportunityZone":null,"oz2Eligibility":null,"source":"sc-chesterfield-parcels-45025","appraiserUrl":null,"gisViewerUrl":"https://chesterfieldsc.wthgis.com/"},"geometry":{"type":"Polygon","coordinates":[[[-80.031238,34.498277],[-80.031909,34.499148],[-80.033212,34.49869],[-80.032651,34.498203],[-80.032907,34.49791],[-80.033142,34.498099],[-80.033633,34.498164],[-80.033551,34.498571],[-80.035405,34.49792],[-80.035501,34.496275],[-80.035334,34.494087],[-80.033099,34.49407],[-80.033006,34.494186],[-80.031516,34.494122],[-80.031365,34.495973],[-80.031288,34.497368],[-80.030537,34.497369],[-80.031238,34.498277]]]}},{"type":"Feature","id":"45025:220 000 000 019","properties":{"id":"45025:220 000 000 019","parcelId":"220 000 000 019","countyFips":"45025","countyName":"Chesterfield","state":"South Carolina","marketIds":["Columbia"],"situsAddress":null,"situsCity":null,"situsZip":null,"jurisdictionCode":null,"ownerName":"CHRISTMAN NORA ALESIA B &","ownerName2":null,"propertyName":null,"zoningCode":null,"zoningDistrict":null,"jurisdictionPrefix":null,"dorCode":null,"acreage":48.1738,"centroid":[-80.034986,34.491065],"lastSale":{"date":null,"price":null,"qualified":null},"tax":{"marketValue":433000.0,"assessedValue":null,"taxableValue":null,"taxes":null},"mailingAddress":{"line1":null,"line2":null,"city":null,"state":null,"zip":null},"incomeTract":null,"incomeBlockGroup":null,"nearestRoad":null,"flu":null,"opportunityZone":null,"oz2Eligibility":null,"source":"sc-chesterfield-parcels-45025","appraiserUrl":null,"gisViewerUrl":"https://chesterfieldsc.wthgis.com/"},"geometry":{"type":"Polygon","coordinates":[[[-80.031516,34.494122],[-80.033006,34.494186],[-80.033099,34.49407],[-80.035334,34.494087],[-80.035253,34.492589],[-80.035576,34.492633],[-80.036689,34.491408],[-80.036693,34.491369],[-80.036665,34.491323],[-80.036518,34.491266],[-80.036385,34.491175],[-80.036106,34.490809],[-80.036059,34.490684],[-80.036023,34.490316],[-80.035992,34.490222],[-80.035938,34.490135],[-80.03569,34.489854],[-80.035585,34.4898],[-80.035434,34.489789],[-80.035353,34.489762],[-80.035284,34.489716],[-80.035153,34.489569],[-80.035102,34.489542],[-80.0349,34.489526],[-80.034742,34.489481],[-80.034651,34.489426],[-80.034496,34.489268],[-80.030035,34.492013],[-80.03131,34.492736],[-80.031516,34.494122]]]}},{"type":"Feature","id":"45025:220 000 000 025","properties":{"id":"45025:220 000 000 025","parcelId":"220 000 000 025","countyFips":"45025","countyName":"Chesterfield","state":"South Carolina","marketIds":["Columbia"],"situsAddress":null,"situsCity":null,"situsZip":null,"jurisdictionCode":null,"ownerName":"TEAL LINDA J","ownerName2":null,"propertyName":null,"zoningCode":null,"zoningDistrict":null,"jurisdictionPrefix":null,"dorCode":null,"acreage":16.6683,"centroid":[-80.028699,34.492536],"lastSale":{"date":null,"price":null,"qualified":null},"tax":{"marketValue":null,"assessedValue":null,"taxableValue":null,"taxes":null},"mailingAddress":{"line1":null,"line2":null,"city":null,"state":null,"zip":null},"incomeTract":null,"incomeBlockGroup":null,"nearestRoad":null,"flu":null,"opportunityZone":null,"oz2Eligibility":null,"source":"sc-chesterfield-parcels-45025","appraiserUrl":null,"gisViewerUrl":"https://chesterfieldsc.wthgis.com/"},"geometry":{"type":"Polygon","coordinates":[[[-80.02798,34.493547],[-80.028025,34.493622],[-80.028723,34.49349],[-80.031403,34.493391],[-80.03131,34.492736],[-80.028526,34.491157],[-80.027567,34.491273],[-80.027807,34.491688],[-80.026948,34.491924],[-80.02798,34.493547]]]}},{"type":"Feature","id":"45025:220 000 000 027","properties":{"id":"45025:220 000 000 027","parcelId":"220 000 000 027","countyFips":"45025","countyName":"Chesterfield","state":"South Carolina","marketIds":["Columbia"],"situsAddress":null,"situsCity":null,"situsZip":null,"jurisdictionCode":null,"ownerName":"GRIGGS TIMOTHY L & KAREN Y","ownerName2":null,"propertyName":null,"zoningCode":null,"zoningDistrict":null,"jurisdictionPrefix":null,"dorCode":null,"acreage":22.434,"centroid":[-80.02472,34.492831],"lastSale":{"date":null,"price":null,"qualified":null},"tax":{"marketValue":238200.0,"assessedValue":null,"taxableValue":null,"taxes":null},"mailingAddress":{"line1":null,"line2":null,"city":null,"state":null,"zip":null},"incomeTract":null,"incomeBlockGroup":null,"nearestRoad":null,"flu":null,"opportunityZone":null,"oz2Eligibility":null,"source":"sc-chesterfield-parcels-45025","appraiserUrl":null,"gisViewerUrl":"https://chesterfieldsc.wthgis.com/"},"geometry":{"type":"Polygon","coordinates":[[[-80.022994,34.492115],[-80.02344,34.494067],[-80.024841,34.493891],[-80.02776,34.493644],[-80.026353,34.491419],[-80.022934,34.49185],[-80.022994,34.492115]]]}},{"type":"Feature","id":"45025:220 000 000 042","properties":{"id":"45025:220 000 000 042","parcelId":"220 000 000 042","countyFips":"45025","countyName":"Chesterfield","state":"South Carolina","marketIds":["Columbia"],"situsAddress":null,"situsCity":null,"situsZip":null,"jurisdictionCode":null,"ownerName":"TEAL THOMAS","ownerName2":null,"propertyName":null,"zoningCode":null,"zoningDistrict":null,"jurisdictionPrefix":null,"dorCode":null,"acreage":9.8811,"centroid":[-80.034196,34.499146],"lastSale":{"date":null,"price":null,"qualified":null},"tax":{"marketValue":null,"assessedValue":null,"taxableValue":null,"taxes":null},"mailingAddress":{"line1":null,"line2":null,"city":null,"state":null,"zip":null},"incomeTract":null,"incomeBlockGroup":null,"nearestRoad":null,"flu":null,"opportunityZone":null,"oz2Eligibility":null,"source":"sc-chesterfield-parcels-45025","appraiserUrl":null,"gisViewerUrl":"https://chesterfieldsc.wthgis.com/"},"geometry":{"type":"Polygon","coordinates":[[[-80.033457,34.49898],[-80.034829,34.50006],[-80.03597,34.49973],[-80.035466,34.498481],[-80.035405,34.49792],[-80.031909,34.499148],[-80.032339,34.499706],[-80.033457,34.49898]]]}},{"type":"Feature","id":"45025:220 000 000 051","properties":{"id":"45025:220 000 000 051","parcelId":"220 000 000 051","countyFips":"45025","countyName":"Chesterfield","state":"South Carolina","marketIds":["Columbia"],"situsAddress":null,"situsCity":null,"situsZip":null,"jurisdictionCode":null,"ownerName":"HOWLE KENNETH S JR & WENDY J","ownerName2":null,"propertyName":null,"zoningCode":null,"zoningDistrict":null,"jurisdictionPrefix":null,"dorCode":null,"acreage":5.0003,"centroid":[-80.0438,34.49972],"lastSale":{"date":null,"price":null,"qualified":null},"tax":{"marketValue":null,"assessedValue":null,"taxableValue":null,"taxes":null},"mailingAddress":{"line1":null,"line2":null,"city":null,"state":null,"zip":null},"incomeTract":null,"incomeBlockGroup":null,"nearestRoad":null,"flu":null,"opportunityZone":null,"oz2Eligibility":null,"source":"sc-chesterfield-parcels-45025","appraiserUrl":null,"gisViewerUrl":"https://chesterfieldsc.wthgis.com/"},"geometry":{"type":"Polygon","coordinates":[[[-80.043282,34.500303],[-80.044531,34.50083],[-80.044273,34.498823],[-80.043115,34.498925],[-80.043282,34.500303]]]}},{"type":"Feature","id":"45025:220 000 000 061","properties":{"id":"45025:220 000 000 061","parcelId":"220 000 000 061","countyFips":"45025","countyName":"Chesterfield","state":"South Carolina","marketIds":["Columbia"],"situsAddress":null,"situsCity":null,"situsZip":null,"jurisdictionCode":null,"ownerName":"WALTERS STEVEN H","ownerName2":null,"propertyName":null,"zoningCode":null,"zoningDistrict":null,"jurisdictionPrefix":null,"dorCode":null,"acreage":5.7031,"centroid":[-80.02274,34.496064],"lastSale":{"date":null,"price":null,"qualified":null},"tax":{"marketValue":193000.0,"assessedValue":null,"taxableValue":null,"taxes":null},"mailingAddress":{"line1":null,"line2":null,"city":null,"state":null,"zip":null},"incomeTract":null,"incomeBlockGroup":null,"nearestRoad":null,"flu":null,"opportunityZone":null,"oz2Eligibility":null,"source":"sc-chesterfield-parcels-45025","appraiserUrl":null,"gisViewerUrl":"https://chesterfieldsc.wthgis.com/"},"geometry":{"type":"Polygon","coordinates":[[[-80.022469,34.496668],[-80.02261,34.497154],[-80.023084,34.497138],[-80.023114,34.496332],[-80.023204,34.495895],[-80.023092,34.494837],[-80.02284,34.494778],[-80.021503,34.49571],[-80.022469,34.496668]]]}},{"type":"Feature","id":"45025:220 000 000 039","properties":{"id":"45025:220 000 000 039","parcelId":"220 000 000 039","countyFips":"45025","countyName":"Chesterfield","state":"South Carolina","marketIds":["Columbia"],"situsAddress":null,"situsCity":null,"situsZip":null,"jurisdictionCode":null,"ownerName":"TEAL MARY S & AMANDA T TOWNSEN","ownerName2":null,"propertyName":null,"zoningCode":null,"zoningDistrict":null,"jurisdictionPrefix":null,"dorCode":null,"acreage":14.5035,"centroid":[-80.022427,34.498947],"lastSale":{"date":null,"price":null,"qualified":null},"tax":{"marketValue":null,"assessedValue":null,"taxableValue":null,"taxes":null},"mailingAddress":{"line1":null,"line2":null,"city":null,"state":null,"zip":null},"incomeTract":null,"incomeBlockGroup":null,"nearestRoad":null,"flu":null,"opportunityZone":null,"oz2Eligibility":null,"source":"sc-chesterfield-parcels-45025","appraiserUrl":null,"gisViewerUrl":"https://chesterfieldsc.wthgis.com/"},"geometry":{"type":"Polygon","coordinates":[[[-80.020829,34.497629],[-80.021308,34.499005],[-80.021888,34.500672],[-80.024918,34.500459],[-80.024593,34.499625],[-80.023168,34.499584],[-80.022561,34.497927],[-80.021378,34.498095],[-80.021203,34.497523],[-80.020829,34.497629]]]}},{"type":"Feature","id":"45025:220 000 000 024","properties":{"id":"45025:220 000 000 024","parcelId":"220 000 000 024","countyFips":"45025","countyName":"Chesterfield","state":"South Carolina","marketIds":["Columbia"],"situsAddress":null,"situsCity":null,"situsZip":null,"jurisdictionCode":null,"ownerName":"ROGERS WILLIAM HENRY ETAL","ownerName2":null,"propertyName":null,"zoningCode":null,"zoningDistrict":null,"jurisdictionPrefix":null,"dorCode":null,"acreage":43.8109,"centroid":[-80.026189,34.495507],"lastSale":{"date":null,"price":null,"qualified":null},"tax":{"marketValue":null,"assessedValue":null,"taxableValue":null,"taxes":null},"mailingAddress":{"line1":null,"line2":null,"city":null,"state":null,"zip":null},"incomeTract":null,"incomeBlockGroup":null,"nearestRoad":null,"flu":null,"opportunityZone":null,"oz2Eligibility":null,"source":"sc-chesterfield-parcels-45025","appraiserUrl":null,"gisViewerUrl":"https://chesterfieldsc.wthgis.com/"},"geometry":{"type":"MultiPolygon","coordinates":[[[[-80.02831,34.496211],[-80.028679,34.496265],[-80.029361,34.496191],[-80.028555,34.494949],[-80.028007,34.494051],[-80.027732,34.494288],[-80.027538,34.49441],[-80.027323,34.494472],[-80.026796,34.494488],[-80.025992,34.49461],[-80.025617,34.494629],[-80.025172,34.494686],[-80.023123,34.495129],[-80.023204,34.495895],[-80.023475,34.495867],[-80.023766,34.495963],[-80.02447,34.496256],[-80.024193,34.496755],[-80.023848,34.497104],[-80.027474,34.496965],[-80.02734,34.496471],[-80.02831,34.496211]]],[[[-80.029984,34.495686],[-80.029324,34.495708],[-80.029633,34.496167],[-80.031365,34.495973],[-80.031516,34.494122],[-80.031403,34.493391],[-80.028723,34.49349],[-80.029232,34.494324],[-80.028506,34.494409],[-80.028979,34.495163],[-80.029771,34.495123],[-80.029984,34.495686]]]]}},{"type":"Feature","id":"45025:220 000 000 020","properties":{"id":"45025:220 000 000 020","parcelId":"220 000 000 020","countyFips":"45025","countyName":"Chesterfield","state":"South Carolina","marketIds":["Columbia"],"situsAddress":null,"situsCity":null,"situsZip":null,"jurisdictionCode":null,"ownerName":"BYRD GARY LANIER JR & GARY III","ownerName2":null,"propertyName":null,"zoningCode":null,"zoningDistrict":null,"jurisdictionPrefix":null,"dorCode":null,"acreage":58.2993,"centroid":[-80.031652,34.487966],"lastSale":{"date":null,"price":null,"qualified":null},"tax":{"marketValue":7500.0,"assessedValue":null,"taxableValue":null,"taxes":null},"mailingAddress":{"line1":null,"line2":null,"city":null,"state":null,"zip":null},"incomeTract":null,"incomeBlockGroup":null,"nearestRoad":null,"flu":null,"opportunityZone":null,"oz2Eligibility":null,"source":"sc-chesterfield-parcels-45025","appraiserUrl":null,"gisViewerUrl":"https://chesterfieldsc.wthgis.com/"},"geometry":{"type":"Polygon","coordinates":[[[-80.028526,34.491157],[-80.030035,34.492013],[-80.034496,34.489268],[-80.034085,34.488751],[-80.033957,34.488649],[-80.033702,34.488501],[-80.033613,34.48842],[-80.033547,34.488324],[-80.033383,34.487903],[-80.033318,34.487792],[-80.032896,34.487384],[-80.03268,34.487131],[-80.032487,34.486975],[-80.032332,34.486899],[-80.032196,34.486856],[-80.03203,34.486846],[-80.031715,34.486875],[-80.03154,34.486863],[-80.031139,34.48679],[-80.030508,34.486644],[-80.028833,34.486144],[-80.028677,34.486071],[-80.02854,34.485976],[-80.028221,34.490238],[-80.028846,34.490673],[-80.028526,34.491157]]]}},{"type":"Feature","id":"45025:236 000 000 001","properties":{"id":"45025:236 000 000 001","parcelId":"236 000 000 001","countyFips":"45025","countyName":"Chesterfield","state":"South Carolina","marketIds":["Columbia"],"situsAddress":null,"situsCity":null,"situsZip":null,"jurisdictionCode":null,"ownerName":"TYNER JAMES E LIFE ESTATE","ownerName2":null,"propertyName":null,"zoningCode":null,"zoningDistrict":null,"jurisdictionPrefix":null,"dorCode":null,"acreage":52.8808,"centroid":[-80.0084,34.497648],"lastSale":{"date":null,"price":null,"qualified":null},"tax":{"marketValue":83000.0,"assessedValue":null,"taxableValue":null,"taxes":null},"mailingAddress":{"line1":null,"line2":null,"city":null,"state":null,"zip":null},"incomeTract":null,"incomeBlockGroup":null,"nearestRoad":null,"flu":null,"opportunityZone":null,"oz2Eligibility":null,"source":"sc-chesterfield-parcels-45025","appraiserUrl":null,"gisViewerUrl":"https://chesterfieldsc.wthgis.com/"},"geometry":{"type":"Polygon","coordinates":[[[-80.005083,34.495682],[-80.006559,34.501308],[-80.0101,34.500933],[-80.009735,34.500279],[-80.010489,34.500211],[-80.010782,34.50071],[-80.011226,34.500564],[-80.010514,34.499836],[-80.010396,34.499575],[-80.010259,34.499405],[-80.010219,34.499316],[-80.010205,34.499222],[-80.010218,34.499128],[-80.01025,34.499057],[-80.010369,34.498902],[-80.01041,34.498651],[-80.010554,34.498315],[-80.008349,34.496897],[-80.007927,34.496608],[-80.007737,34.496453],[-80.00757,34.49628],[-80.007428,34.496093],[-80.007267,34.495789],[-80.007171,34.495467],[-80.007145,34.495247],[-80.007151,34.495026],[-80.006777,34.495014],[-80.006613,34.495035],[-80.006248,34.495197],[-80.006076,34.495355],[-80.005719,34.495474],[-80.00539,34.49566],[-80.005249,34.495694],[-80.005083,34.495682]]]}},{"type":"Feature","id":"45025:220 000 000 031","properties":{"id":"45025:220 000 000 031","parcelId":"220 000 000 031","countyFips":"45025","countyName":"Chesterfield","state":"South Carolina","marketIds":["Columbia"],"situsAddress":null,"situsCity":null,"situsZip":null,"jurisdictionCode":null,"ownerName":"HOWLE CLIFTON JOYE & DONNA L","ownerName2":null,"propertyName":null,"zoningCode":null,"zoningDistrict":null,"jurisdictionPrefix":null,"dorCode":null,"acreage":35.2852,"centroid":[-80.012801,34.493421],"lastSale":{"date":null,"price":null,"qualified":null},"tax":{"marketValue":null,"assessedValue":null,"taxableValue":null,"taxes":null},"mailingAddress":{"line1":null,"line2":null,"city":null,"state":null,"zip":null},"incomeTract":null,"incomeBlockGroup":null,"nearestRoad":null,"flu":null,"opportunityZone":null,"oz2Eligibility":null,"source":"sc-chesterfield-parcels-45025","appraiserUrl":null,"gisViewerUrl":"https://chesterfieldsc.wthgis.com/"},"geometry":{"type":"Polygon","coordinates":[[[-80.010103,34.494164],[-80.013383,34.496703],[-80.014761,34.495701],[-80.015216,34.495304],[-80.014992,34.495217],[-80.014853,34.4951],[-80.014579,34.494651],[-80.014526,34.494433],[-80.014236,34.494222],[-80.014114,34.494079],[-80.014076,34.493986],[-80.014064,34.493888],[-80.0141,34.493673],[-80.014069,34.493398],[-80.01412,34.493161],[-80.014106,34.49302],[-80.013888,34.492487],[-80.013613,34.492036],[-80.013351,34.491481],[-80.013083,34.491537],[-80.012614,34.49174],[-80.012232,34.491861],[-80.012136,34.491928],[-80.011927,34.492132],[-80.011733,34.492276],[-80.011347,34.492458],[-80.011233,34.492533],[-80.011137,34.492624],[-80.011065,34.492729],[-80.010962,34.492984],[-80.010878,34.493114],[-80.010468,34.493563],[-80.010412,34.493675],[-80.010354,34.493897],[-80.010298,34.493993],[-80.010103,34.494164]]]}},{"type":"Feature","id":"45025:220 000 000 028","properties":{"id":"45025:220 000 000 028","parcelId":"220 000 000 028","countyFips":"45025","countyName":"Chesterfield","state":"South Carolina","marketIds":["Columbia"],"situsAddress":null,"situsCity":null,"situsZip":null,"jurisdictionCode":null,"ownerName":"ISGETT SARA T ETAL","ownerName2":null,"propertyName":null,"zoningCode":null,"zoningDistrict":null,"jurisdictionPrefix":null,"dorCode":null,"acreage":53.1949,"centroid":[-80.026429,34.487503],"lastSale":{"date":null,"price":null,"qualified":null},"tax":{"marketValue":null,"assessedValue":null,"taxableValue":null,"taxes":null},"mailingAddress":{"line1":null,"line2":null,"city":null,"state":null,"zip":null},"incomeTract":null,"incomeBlockGroup":null,"nearestRoad":null,"flu":null,"opportunityZone":null,"oz2Eligibility":null,"source":"sc-chesterfield-parcels-45025","appraiserUrl":null,"gisViewerUrl":"https://chesterfieldsc.wthgis.com/"},"geometry":{"type":"MultiPolygon","coordinates":[[[[-80.0248,34.487684],[-80.024863,34.487966],[-80.024937,34.488238],[-80.025105,34.48872],[-80.025438,34.489463],[-80.025721,34.489958],[-80.026615,34.491389],[-80.028526,34.491157],[-80.028846,34.490673],[-80.028221,34.490238],[-80.02854,34.485976],[-80.028374,34.485872],[-80.02826,34.485846],[-80.028143,34.485847],[-80.027826,34.485916],[-80.027388,34.486075],[-80.02692,34.486127],[-80.026819,34.486192],[-80.026778,34.486255],[-80.026744,34.486455],[-80.026667,34.486641],[-80.026438,34.486938],[-80.026364,34.487002],[-80.026272,34.487047],[-80.026168,34.48707],[-80.025815,34.487046],[-80.025661,34.487094],[-80.025608,34.487086],[-80.025482,34.487014],[-80.025384,34.487023],[-80.025211,34.487175],[-80.025041,34.48728],[-80.024864,34.487322],[-80.02474,34.487322],[-80.0248,34.487684]]],[[[-80.024813,34.488628],[-80.024772,34.488639],[-80.024316,34.488805],[-80.023935,34.489026],[-80.023693,34.489132],[-80.023104,34.489278],[-80.022532,34.489378],[-80.022655,34.48994],[-80.023577,34.490711],[-80.023433,34.491787],[-80.026353,34.491419],[-80.025354,34.489805],[-80.025078,34.489276],[-80.024813,34.488628]]]]}},{"type":"Feature","id":"45025:220 000 000 064","properties":{"id":"45025:220 000 000 064","parcelId":"220 000 000 064","countyFips":"45025","countyName":"Chesterfield","state":"South Carolina","marketIds":["Columbia"],"situsAddress":null,"situsCity":null,"situsZip":null,"jurisdictionCode":null,"ownerName":"STROUD WANDA DAVIS","ownerName2":null,"propertyName":null,"zoningCode":null,"zoningDistrict":null,"jurisdictionPrefix":null,"dorCode":null,"acreage":8.005,"centroid":[-80.018345,34.499118],"lastSale":{"date":null,"price":null,"qualified":null},"tax":{"marketValue":null,"assessedValue":null,"taxableValue":null,"taxes":null},"mailingAddress":{"line1":null,"line2":null,"city":null,"state":null,"zip":null},"incomeTract":null,"incomeBlockGroup":null,"nearestRoad":null,"flu":null,"opportunityZone":null,"oz2Eligibility":null,"source":"sc-chesterfield-parcels-45025","appraiserUrl":null,"gisViewerUrl":"https://chesterfieldsc.wthgis.com/"},"geometry":{"type":"Polygon","coordinates":[[[-80.019332,34.49811],[-80.018289,34.498452],[-80.017511,34.498707],[-80.017534,34.499331],[-80.017307,34.49938],[-80.018491,34.500005],[-80.019952,34.499841],[-80.019332,34.49811]]]}},{"type":"Feature","id":"45025:220 000 000 029","properties":{"id":"45025:220 000 000 029","parcelId":"220 000 000 029","countyFips":"45025","countyName":"Chesterfield","state":"South Carolina","marketIds":["Columbia"],"situsAddress":null,"situsCity":null,"situsZip":null,"jurisdictionCode":null,"ownerName":"BAREFOOT JAMES T","ownerName2":null,"propertyName":null,"zoningCode":null,"zoningDistrict":null,"jurisdictionPrefix":null,"dorCode":null,"acreage":30.1203,"centroid":[-80.021751,34.489027],"lastSale":{"date":null,"price":null,"qualified":null},"tax":{"marketValue":116000.0,"assessedValue":null,"taxableValue":null,"taxes":null},"mailingAddress":{"line1":null,"line2":null,"city":null,"state":null,"zip":null},"incomeTract":null,"incomeBlockGroup":null,"nearestRoad":null,"flu":null,"opportunityZone":null,"oz2Eligibility":null,"source":"sc-chesterfield-parcels-45025","appraiserUrl":null,"gisViewerUrl":"https://chesterfieldsc.wthgis.com/"},"geometry":{"type":"Polygon","coordinates":[[[-80.022521,34.489328],[-80.022502,34.489241],[-80.022972,34.489164],[-80.023326,34.489083],[-80.023184,34.488418],[-80.022349,34.488542],[-80.022179,34.487759],[-80.022095,34.487779],[-80.022075,34.487817],[-80.021869,34.487892],[-80.021869,34.488143],[-80.021902,34.488176],[-80.021997,34.48819],[-80.022086,34.488251],[-80.022127,34.488295],[-80.022133,34.488342],[-80.022109,34.488392],[-80.021996,34.48841],[-80.021915,34.488368],[-80.02158,34.488446],[-80.021487,34.48853],[-80.021414,34.488561],[-80.021259,34.488536],[-80.021205,34.488548],[-80.021072,34.488624],[-80.020821,34.488636],[-80.02078,34.488604],[-80.020749,34.488519],[-80.020325,34.488587],[-80.019988,34.488736],[-80.019795,34.48891],[-80.019644,34.489004],[-80.019336,34.489127],[-80.019985,34.491431],[-80.021793,34.492271],[-80.022994,34.492115],[-80.022934,34.49185],[-80.023433,34.491787],[-80.023577,34.490711],[-80.022655,34.48994],[-80.022521,34.489328]]]}},{"type":"Feature","id":"45025:220 000 000 032","properties":{"id":"45025:220 000 000 032","parcelId":"220 000 000 032","countyFips":"45025","countyName":"Chesterfield","state":"South Carolina","marketIds":["Columbia"],"situsAddress":null,"situsCity":null,"situsZip":null,"jurisdictionCode":null,"ownerName":"HOWLE CLIFTON","ownerName2":null,"propertyName":null,"zoningCode":null,"zoningDistrict":null,"jurisdictionPrefix":null,"dorCode":null,"acreage":55.5523,"centroid":[-80.010065,34.496191],"lastSale":{"date":null,"price":null,"qualified":null},"tax":{"marketValue":10000.0,"assessedValue":null,"taxableValue":null,"taxes":null},"mailingAddress":{"line1":null,"line2":null,"city":null,"state":null,"zip":null},"incomeTract":null,"incomeBlockGroup":null,"nearestRoad":null,"flu":null,"opportunityZone":null,"oz2Eligibility":null,"source":"sc-chesterfield-parcels-45025","appraiserUrl":null,"gisViewerUrl":"https://chesterfieldsc.wthgis.com/"},"geometry":{"type":"MultiPolygon","coordinates":[[[[-80.007365,34.495095],[-80.007363,34.495205],[-80.007408,34.495532],[-80.007528,34.495847],[-80.007717,34.496137],[-80.007969,34.496392],[-80.008486,34.496756],[-80.012938,34.499634],[-80.013287,34.499892],[-80.01507,34.499307],[-80.013994,34.498662],[-80.015229,34.498258],[-80.014822,34.497892],[-80.013383,34.496703],[-80.010103,34.494164],[-80.009921,34.494293],[-80.009768,34.494462],[-80.009334,34.494845],[-80.009195,34.494942],[-80.008958,34.495056],[-80.008802,34.49509],[-80.008592,34.495092],[-80.008386,34.495174],[-80.008312,34.495186],[-80.007702,34.495156],[-80.007365,34.495095]]],[[[-80.010323,34.499483],[-80.010363,34.499527],[-80.010514,34.499836],[-80.011226,34.500564],[-80.011948,34.500329],[-80.011533,34.49997],[-80.01256,34.499621],[-80.011853,34.49916],[-80.011579,34.49952],[-80.011258,34.499299],[-80.01157,34.498975],[-80.010554,34.498315],[-80.01041,34.498651],[-80.010369,34.498902],[-80.01025,34.499057],[-80.010208,34.499175],[-80.010209,34.499269],[-80.010236,34.499361],[-80.010323,34.499483]]]]}},{"type":"Feature","id":"45025:220 000 000 062","properties":{"id":"45025:220 000 000 062","parcelId":"220 000 000 062","countyFips":"45025","countyName":"Chesterfield","state":"South Carolina","marketIds":["Columbia"],"situsAddress":null,"situsCity":null,"situsZip":null,"jurisdictionCode":null,"ownerName":"HILDERBRAND ERNEST EDWARD.","ownerName2":null,"propertyName":null,"zoningCode":null,"zoningDistrict":null,"jurisdictionPrefix":null,"dorCode":null,"acreage":43.1976,"centroid":[-80.017318,34.495724],"lastSale":{"date":null,"price":null,"qualified":null},"tax":{"marketValue":273000.0,"assessedValue":null,"taxableValue":null,"taxes":null},"mailingAddress":{"line1":null,"line2":null,"city":null,"state":null,"zip":null},"incomeTract":null,"incomeBlockGroup":null,"nearestRoad":null,"flu":null,"opportunityZone":null,"oz2Eligibility":null,"source":"sc-chesterfield-parcels-45025","appraiserUrl":null,"gisViewerUrl":"https://chesterfieldsc.wthgis.com/"},"geometry":{"type":"Polygon","coordinates":[[[-80.020386,34.495745],[-80.020578,34.494809],[-80.019178,34.493451],[-80.018925,34.493274],[-80.016407,34.494266],[-80.014761,34.495701],[-80.013383,34.496703],[-80.014511,34.496877],[-80.014788,34.496862],[-80.016541,34.497682],[-80.018432,34.497132],[-80.01993,34.49619],[-80.020386,34.495745]]]}},{"type":"Feature","id":"45025:220 000 000 036","properties":{"id":"45025:220 000 000 036","parcelId":"220 000 000 036","countyFips":"45025","countyName":"Chesterfield","state":"South Carolina","marketIds":["Columbia"],"situsAddress":null,"situsCity":null,"situsZip":null,"jurisdictionCode":null,"ownerName":"HUGGINS REGINA D","ownerName2":null,"propertyName":null,"zoningCode":null,"zoningDistrict":null,"jurisdictionPrefix":null,"dorCode":null,"acreage":5.6601,"centroid":[-80.020773,34.497084],"lastSale":{"date":null,"price":null,"qualified":null},"tax":{"marketValue":null,"assessedValue":null,"taxableValue":null,"taxes":null},"mailingAddress":{"line1":null,"line2":null,"city":null,"state":null,"zip":null},"incomeTract":null,"incomeBlockGroup":null,"nearestRoad":null,"flu":null,"opportunityZone":null,"oz2Eligibility":null,"source":"sc-chesterfield-parcels-45025","appraiserUrl":null,"gisViewerUrl":"https://chesterfieldsc.wthgis.com/"},"geometry":{"type":"Polygon","coordinates":[[[-80.019373,34.496746],[-80.019824,34.497743],[-80.020982,34.497378],[-80.021322,34.497297],[-80.021793,34.497216],[-80.021346,34.496124],[-80.019373,34.496746]]]}},{"type":"Feature","id":"45025:220 000 000 046","properties":{"id":"45025:220 000 000 046","parcelId":"220 000 000 046","countyFips":"45025","countyName":"Chesterfield","state":"South Carolina","marketIds":["Columbia"],"situsAddress":null,"situsCity":null,"situsZip":null,"jurisdictionCode":null,"ownerName":"WALTERS HEYWARD","ownerName2":null,"propertyName":null,"zoningCode":null,"zoningDistrict":null,"jurisdictionPrefix":null,"dorCode":null,"acreage":31.0227,"centroid":[-80.022761,34.493934],"lastSale":{"date":null,"price":null,"qualified":null},"tax":{"marketValue":null,"assessedValue":null,"taxableValue":null,"taxes":null},"mailingAddress":{"line1":null,"line2":null,"city":null,"state":null,"zip":null},"incomeTract":null,"incomeBlockGroup":null,"nearestRoad":null,"flu":null,"opportunityZone":null,"oz2Eligibility":null,"source":"sc-chesterfield-parcels-45025","appraiserUrl":null,"gisViewerUrl":"https://chesterfieldsc.wthgis.com/"},"geometry":{"type":"Polygon","coordinates":[[[-80.019153,34.492888],[-80.020205,34.493718],[-80.019561,34.493816],[-80.021503,34.49571],[-80.02284,34.494778],[-80.023092,34.494837],[-80.023123,34.495129],[-80.025172,34.494686],[-80.025054,34.494666],[-80.024725,34.49477],[-80.024586,34.494084],[-80.024876,34.494018],[-80.024841,34.493891],[-80.02344,34.494067],[-80.022994,34.492115],[-80.021793,34.492271],[-80.019985,34.491431],[-80.019153,34.492888]]]}},{"type":"Feature","id":"45025:220 000 000 030","properties":{"id":"45025:220 000 000 030","parcelId":"220 000 000 030","countyFips":"45025","countyName":"Chesterfield","state":"South Carolina","marketIds":["Columbia"],"situsAddress":null,"situsCity":null,"situsZip":null,"jurisdictionCode":null,"ownerName":"BARFIELD JOHN DAVID & BRENDA G","ownerName2":null,"propertyName":null,"zoningCode":null,"zoningDistrict":null,"jurisdictionPrefix":null,"dorCode":null,"acreage":57.1633,"centroid":[-80.015561,34.492025],"lastSale":{"date":null,"price":null,"qualified":null},"tax":{"marketValue":null,"assessedValue":null,"taxableValue":null,"taxes":null},"mailingAddress":{"line1":null,"line2":null,"city":null,"state":null,"zip":null},"incomeTract":null,"incomeBlockGroup":null,"nearestRoad":null,"flu":null,"opportunityZone":null,"oz2Eligibility":null,"source":"sc-chesterfield-parcels-45025","appraiserUrl":null,"gisViewerUrl":"https://chesterfieldsc.wthgis.com/"},"geometry":{"type":"Polygon","coordinates":[[[-80.014992,34.495217],[-80.015216,34.495304],[-80.016407,34.494266],[-80.018925,34.493274],[-80.019985,34.491431],[-80.019336,34.489127],[-80.018636,34.489382],[-80.01824,34.489555],[-80.017724,34.489697],[-80.017297,34.489932],[-80.016722,34.490158],[-80.01661,34.490181],[-80.016376,34.490153],[-80.016283,34.490173],[-80.016233,34.490207],[-80.016156,34.490313],[-80.016091,34.490357],[-80.015828,34.490452],[-80.014914,34.490871],[-80.014369,34.491082],[-80.014164,34.491199],[-80.013827,34.491433],[-80.013656,34.491476],[-80.013351,34.491481],[-80.013613,34.492036],[-80.013888,34.492487],[-80.014106,34.49302],[-80.01412,34.493161],[-80.014069,34.493398],[-80.014101,34.493613],[-80.014064,34.493888],[-80.014092,34.494033],[-80.014142,34.494122],[-80.014236,34.494222],[-80.014526,34.494433],[-80.014601,34.494693],[-80.014853,34.4951],[-80.014992,34.495217]]]}},{"type":"Feature","id":"45025:120 000 000 001","properties":{"id":"45025:120 000 000 001","parcelId":"120 000 000 001","countyFips":"45025","countyName":"Chesterfield","state":"South Carolina","marketIds":["Columbia"],"situsAddress":null,"situsCity":null,"situsZip":null,"jurisdictionCode":null,"ownerName":"A O SMITH CORPORATION","ownerName2":null,"propertyName":null,"zoningCode":null,"zoningDistrict":null,"jurisdictionPrefix":null,"dorCode":null,"acreage":58.4701,"centroid":[-80.244588,34.485367],"lastSale":{"date":null,"price":null,"qualified":null},"tax":{"marketValue":null,"assessedValue":null,"taxableValue":null,"taxes":null},"mailingAddress":{"line1":null,"line2":null,"city":null,"state":null,"zip":null},"incomeTract":null,"incomeBlockGroup":null,"nearestRoad":null,"flu":null,"opportunityZone":null,"oz2Eligibility":null,"source":"sc-chesterfield-parcels-45025","appraiserUrl":null,"gisViewerUrl":"https://chesterfieldsc.wthgis.com/"},"geometry":{"type":"Polygon","coordinates":[[[-80.240689,34.485974],[-80.246981,34.487974],[-80.248475,34.484798],[-80.242207,34.482724],[-80.240689,34.485974]],[[-80.242586,34.486489],[-80.242715,34.486402],[-80.242811,34.486514],[-80.242682,34.486601],[-80.242586,34.486489]]]}},{"type":"Feature","id":"45025:120 000 000 002","properties":{"id":"45025:120 000 000 002","parcelId":"120 000 000 002","countyFips":"45025","countyName":"Chesterfield","state":"South Carolina","marketIds":["Columbia"],"situsAddress":null,"situsCity":null,"situsZip":null,"jurisdictionCode":null,"ownerName":"C S MCLEOD FARMS INC","ownerName2":null,"propertyName":null,"zoningCode":null,"zoningDistrict":null,"jurisdictionPrefix":null,"dorCode":null,"acreage":15.8966,"centroid":[-80.249576,34.484772],"lastSale":{"date":null,"price":null,"qualified":null},"tax":{"marketValue":null,"assessedValue":null,"taxableValue":null,"taxes":null},"mailingAddress":{"line1":null,"line2":null,"city":null,"state":null,"zip":null},"incomeTract":null,"incomeBlockGroup":null,"nearestRoad":null,"flu":null,"opportunityZone":null,"oz2Eligibility":null,"source":"sc-chesterfield-parcels-45025","appraiserUrl":null,"gisViewerUrl":"https://chesterfieldsc.wthgis.com/"},"geometry":{"type":"Polygon","coordinates":[[[-80.24797,34.486442],[-80.249415,34.486913],[-80.251176,34.483103],[-80.249744,34.482629],[-80.24797,34.486442]]]}},{"type":"Feature","id":"45025:120 000 000 003","properties":{"id":"45025:120 000 000 003","parcelId":"120 000 000 003","countyFips":"45025","countyName":"Chesterfield","state":"South Carolina","marketIds":["Columbia"],"situsAddress":null,"situsCity":null,"situsZip":null,"jurisdictionCode":null,"ownerName":"WATFORD ELIZABETH M ETAL","ownerName2":null,"propertyName":null,"zoningCode":null,"zoningDistrict":null,"jurisdictionPrefix":null,"dorCode":null,"acreage":5.5428,"centroid":[-80.247298,34.48825],"lastSale":{"date":null,"price":null,"qualified":null},"tax":{"marketValue":null,"assessedValue":null,"taxableValue":null,"taxes":null},"mailingAddress":{"line1":null,"line2":null,"city":null,"state":null,"zip":null},"incomeTract":null,"incomeBlockGroup":null,"nearestRoad":null,"flu":null,"opportunityZone":null,"oz2Eligibility":null,"source":"sc-chesterfield-parcels-45025","appraiserUrl":null,"gisViewerUrl":"https://chesterfieldsc.wthgis.com/"},"geometry":{"type":"Polygon","coordinates":[[[-80.247069,34.488363],[-80.2484,34.488798],[-80.2486,34.488514],[-80.24881,34.488165],[-80.249415,34.486913],[-80.24797,34.486442],[-80.247649,34.48712],[-80.248662,34.487451],[-80.248281,34.488267],[-80.247268,34.487936],[-80.247069,34.488363]]]}},{"type":"Feature","id":"45025:120 000 000 012","properties":{"id":"45025:120 000 000 012","parcelId":"120 000 000 012","countyFips":"45025","countyName":"Chesterfield","state":"South Carolina","marketIds":["Columbia"],"situsAddress":null,"situsCity":null,"situsZip":null,"jurisdictionCode":null,"ownerName":"A O SMITH CORP","ownerName2":null,"propertyName":null,"zoningCode":null,"zoningDistrict":null,"jurisdictionPrefix":null,"dorCode":null,"acreage":52.4049,"centroid":[-80.246561,34.482515],"lastSale":{"date":null,"price":null,"qualified":null},"tax":{"marketValue":null,"assessedValue":null,"taxableValue":null,"taxes":null},"mailingAddress":{"line1":null,"line2":null,"city":null,"state":null,"zip":null},"incomeTract":null,"incomeBlockGroup":null,"nearestRoad":null,"flu":null,"opportunityZone":null,"oz2Eligibility":null,"source":"sc-chesterfield-parcels-45025","appraiserUrl":null,"gisViewerUrl":"https://chesterfieldsc.wthgis.com/"},"geometry":{"type":"Polygon","coordinates":[[[-80.242207,34.482724],[-80.247005,34.484312],[-80.247546,34.483174],[-80.249002,34.483656],[-80.249933,34.481643],[-80.243675,34.479582],[-80.242207,34.482724]]]}},{"type":"Feature","id":"45025:121 000 000 001","properties":{"id":"45025:121 000 000 001","parcelId":"121 000 000 001","countyFips":"45025","countyName":"Chesterfield","state":"South Carolina","marketIds":["Columbia"],"situsAddress":null,"situsCity":null,"situsZip":null,"jurisdictionCode":null,"ownerName":"JBC LIMITED PARTNERSHIP","ownerName2":null,"propertyName":null,"zoningCode":null,"zoningDistrict":null,"jurisdictionPrefix":null,"dorCode":null,"acreage":38.3785,"centroid":[-80.249392,34.479299],"lastSale":{"date":null,"price":null,"qualified":null},"tax":{"marketValue":null,"assessedValue":null,"taxableValue":null,"taxes":null},"mailingAddress":{"line1":null,"line2":null,"city":null,"state":null,"zip":null},"incomeTract":null,"incomeBlockGroup":null,"nearestRoad":null,"flu":null,"opportunityZone":null,"oz2Eligibility":null,"source":"sc-chesterfield-parcels-45025","appraiserUrl":null,"gisViewerUrl":"https://chesterfieldsc.wthgis.com/"},"geometry":{"type":"MultiPolygon","coordinates":[[[[-80.24606,34.480266],[-80.249993,34.481515],[-80.251171,34.478997],[-80.250955,34.478859],[-80.250651,34.478707],[-80.247521,34.477448],[-80.24606,34.480266]]],[[[-80.250196,34.481651],[-80.251459,34.482035],[-80.251615,34.482083],[-80.25193,34.48138],[-80.252048,34.480842],[-80.252064,34.480476],[-80.252018,34.480153],[-80.251857,34.479755],[-80.251751,34.479574],[-80.251622,34.479403],[-80.251367,34.479149],[-80.250196,34.481651]]]]}},{"type":"Feature","id":"45025:121 000 000 020","properties":{"id":"45025:121 000 000 020","parcelId":"121 000 000 020","countyFips":"45025","countyName":"Chesterfield","state":"South Carolina","marketIds":["Columbia"],"situsAddress":null,"situsCity":null,"situsZip":null,"jurisdictionCode":null,"ownerName":"CHURCH LIVING CHURCH OF JESUS","ownerName2":null,"propertyName":null,"zoningCode":null,"zoningDistrict":null,"jurisdictionPrefix":null,"dorCode":null,"acreage":14.8598,"centroid":[-80.24755,34.467883],"lastSale":{"date":null,"price":null,"qualified":null},"tax":{"marketValue":null,"assessedValue":null,"taxableValue":null,"taxes":null},"mailingAddress":{"line1":null,"line2":null,"city":null,"state":null,"zip":null},"incomeTract":null,"incomeBlockGroup":null,"nearestRoad":null,"flu":null,"opportunityZone":null,"oz2Eligibility":null,"source":"sc-chesterfield-parcels-45025","appraiserUrl":null,"gisViewerUrl":"https://chesterfieldsc.wthgis.com/"},"geometry":{"type":"Polygon","coordinates":[[[-80.245635,34.46931],[-80.247685,34.469946],[-80.249239,34.466612],[-80.248426,34.466345],[-80.247794,34.467733],[-80.24652,34.467355],[-80.245635,34.46931]]]}},{"type":"Feature","id":"45025:121 000 000 021","properties":{"id":"45025:121 000 000 021","parcelId":"121 000 000 021","countyFips":"45025","countyName":"Chesterfield","state":"South Carolina","marketIds":["Columbia"],"situsAddress":null,"situsCity":null,"situsZip":null,"jurisdictionCode":null,"ownerName":"WINBURN BETH M","ownerName2":null,"propertyName":null,"zoningCode":null,"zoningDistrict":null,"jurisdictionPrefix":null,"dorCode":null,"acreage":5.4282,"centroid":[-80.248307,34.463846],"lastSale":{"date":null,"price":null,"qualified":null},"tax":{"marketValue":6000.0,"assessedValue":null,"taxableValue":null,"taxes":null},"mailingAddress":{"line1":null,"line2":null,"city":null,"state":null,"zip":null},"incomeTract":null,"incomeBlockGroup":null,"nearestRoad":null,"flu":null,"opportunityZone":null,"oz2Eligibility":null,"source":"sc-chesterfield-parcels-45025","appraiserUrl":null,"gisViewerUrl":"https://chesterfieldsc.wthgis.com/"},"geometry":{"type":"Polygon","coordinates":[[[-80.247464,34.464668],[-80.247765,34.464762],[-80.248286,34.464932],[-80.24939,34.462551],[-80.248628,34.462317],[-80.247464,34.464668]]]}},{"type":"Feature","id":"45025:121 000 000 025","properties":{"id":"45025:121 000 000 025","parcelId":"121 000 000 025","countyFips":"45025","countyName":"Chesterfield","state":"South Carolina","marketIds":["Columbia"],"situsAddress":null,"situsCity":null,"situsZip":null,"jurisdictionCode":null,"ownerName":"TOLBERT RODNEY LEE","ownerName2":null,"propertyName":null,"zoningCode":null,"zoningDistrict":null,"jurisdictionPrefix":null,"dorCode":null,"acreage":13.9313,"centroid":[-80.248801,34.464949],"lastSale":{"date":null,"price":null,"qualified":null},"tax":{"marketValue":58500.0,"assessedValue":null,"taxableValue":null,"taxes":null},"mailingAddress":{"line1":null,"line2":null,"city":null,"state":null,"zip":null},"incomeTract":null,"incomeBlockGroup":null,"nearestRoad":null,"flu":null,"opportunityZone":null,"oz2Eligibility":null,"source":"sc-chesterfield-parcels-45025","appraiserUrl":null,"gisViewerUrl":"https://chesterfieldsc.wthgis.com/"},"geometry":{"type":"Polygon","coordinates":[[[-80.24903,34.465424],[-80.249687,34.465634],[-80.2509,34.463049],[-80.24939,34.462551],[-80.247986,34.465552],[-80.247466,34.465382],[-80.247279,34.465779],[-80.248667,34.466221],[-80.24903,34.465424]]]}},{"type":"Feature","id":"45025:121 000 000 030","properties":{"id":"45025:121 000 000 030","parcelId":"121 000 000 030","countyFips":"45025","countyName":"Chesterfield","state":"South Carolina","marketIds":["Columbia"],"situsAddress":null,"situsCity":null,"situsZip":null,"jurisdictionCode":null,"ownerName":"PROCTOR VANESSA","ownerName2":null,"propertyName":null,"zoningCode":null,"zoningDistrict":null,"jurisdictionPrefix":null,"dorCode":null,"acreage":5.1456,"centroid":[-80.247565,34.466595],"lastSale":{"date":null,"price":null,"qualified":null},"tax":{"marketValue":119200.0,"assessedValue":null,"taxableValue":null,"taxes":null},"mailingAddress":{"line1":null,"line2":null,"city":null,"state":null,"zip":null},"incomeTract":null,"incomeBlockGroup":null,"nearestRoad":null,"flu":null,"opportunityZone":null,"oz2Eligibility":null,"source":"sc-chesterfield-parcels-45025","appraiserUrl":null,"gisViewerUrl":"https://chesterfieldsc.wthgis.com/"},"geometry":{"type":"Polygon","coordinates":[[[-80.24652,34.467355],[-80.247794,34.467733],[-80.248426,34.466345],[-80.24773,34.466122],[-80.247742,34.466097],[-80.247176,34.465917],[-80.24652,34.467355]]]}},{"type":"Feature","id":"45025:122 000 000 151","properties":{"id":"45025:122 000 000 151","parcelId":"122 000 000 151","countyFips":"45025","countyName":"Chesterfield","state":"South Carolina","marketIds":["Columbia"],"situsAddress":null,"situsCity":null,"situsZip":null,"jurisdictionCode":null,"ownerName":"KELLY JOE","ownerName2":null,"propertyName":null,"zoningCode":null,"zoningDistrict":null,"jurisdictionPrefix":null,"dorCode":null,"acreage":13.728,"centroid":[-80.2481,34.456661],"lastSale":{"date":null,"price":null,"qualified":null},"tax":{"marketValue":null,"assessedValue":null,"taxableValue":null,"taxes":null},"mailingAddress":{"line1":null,"line2":null,"city":null,"state":null,"zip":null},"incomeTract":null,"incomeBlockGroup":null,"nearestRoad":null,"flu":null,"opportunityZone":null,"oz2Eligibility":null,"source":"sc-chesterfield-parcels-45025","appraiserUrl":null,"gisViewerUrl":"https://chesterfieldsc.wthgis.com/"},"geometry":{"type":"Polygon","coordinates":[[[-80.247464,34.457048],[-80.248119,34.4575],[-80.250541,34.454841],[-80.251278,34.455304],[-80.251484,34.455168],[-80.251707,34.45505],[-80.252401,34.454756],[-80.251804,34.453688],[-80.251282,34.454172],[-80.250354,34.453627],[-80.247464,34.457048]]]}},{"type":"Feature","id":"45025:121 000 000 017","properties":{"id":"45025:121 000 000 017","parcelId":"121 000 000 017","countyFips":"45025","countyName":"Chesterfield","state":"South Carolina","marketIds":["Columbia"],"situsAddress":null,"situsCity":null,"situsZip":null,"jurisdictionCode":null,"ownerName":"TOWN OF MCBEE","ownerName2":null,"propertyName":null,"zoningCode":null,"zoningDistrict":null,"jurisdictionPrefix":null,"dorCode":null,"acreage":16.6556,"centroid":[-80.248993,34.46155],"lastSale":{"date":null,"price":null,"qualified":null},"tax":{"marketValue":null,"assessedValue":null,"taxableValue":null,"taxes":null},"mailingAddress":{"line1":null,"line2":null,"city":null,"state":null,"zip":null},"incomeTract":null,"incomeBlockGroup":null,"nearestRoad":null,"flu":null,"opportunityZone":null,"oz2Eligibility":null,"source":"sc-chesterfield-parcels-45025","appraiserUrl":null,"gisViewerUrl":"https://chesterfieldsc.wthgis.com/"},"geometry":{"type":"MultiPolygon","coordinates":[[[[-80.24761,34.460161],[-80.247268,34.460885],[-80.247023,34.46151],[-80.249035,34.46216],[-80.249268,34.462203],[-80.249451,34.462201],[-80.249844,34.462291],[-80.251079,34.462665],[-80.251685,34.461366],[-80.247665,34.460057],[-80.24761,34.460161]]],[[[-80.24939,34.462551],[-80.249425,34.462396],[-80.249244,34.462397],[-80.248968,34.462346],[-80.246936,34.461686],[-80.246915,34.461729],[-80.248628,34.462317],[-80.24939,34.462551]]]]}},{"type":"Feature","id":"45025:122 000 000 165","properties":{"id":"45025:122 000 000 165","parcelId":"122 000 000 165","countyFips":"45025","countyName":"Chesterfield","state":"South Carolina","marketIds":["Columbia"],"situsAddress":null,"situsCity":null,"situsZip":null,"jurisdictionCode":null,"ownerName":"JOHNSON DARRELL L SR.","ownerName2":null,"propertyName":null,"zoningCode":null,"zoningDistrict":null,"jurisdictionPrefix":null,"dorCode":null,"acreage":17.2505,"centroid":[-80.243093,34.457428],"lastSale":{"date":null,"price":null,"qualified":null},"tax":{"marketValue":null,"assessedValue":null,"taxableValue":null,"taxes":null},"mailingAddress":{"line1":null,"line2":null,"city":null,"state":null,"zip":null},"incomeTract":null,"incomeBlockGroup":null,"nearestRoad":null,"flu":null,"opportunityZone":null,"oz2Eligibility":null,"source":"sc-chesterfield-parcels-45025","appraiserUrl":null,"gisViewerUrl":"https://chesterfieldsc.wthgis.com/"},"geometry":{"type":"Polygon","coordinates":[[[-80.243789,34.459047],[-80.244868,34.456611],[-80.242429,34.455833],[-80.241287,34.458219],[-80.243789,34.459047]]]}},{"type":"Feature","id":"45025:122 000 000 130","properties":{"id":"45025:122 000 000 130","parcelId":"122 000 000 130","countyFips":"45025","countyName":"Chesterfield","state":"South Carolina","marketIds":["Columbia"],"situsAddress":null,"situsCity":null,"situsZip":null,"jurisdictionCode":null,"ownerName":"BARFIELD LORI","ownerName2":null,"propertyName":null,"zoningCode":null,"zoningDistrict":null,"jurisdictionPrefix":null,"dorCode":null,"acreage":17.223,"centroid":[-80.241903,34.460567],"lastSale":{"date":null,"price":null,"qualified":null},"tax":{"marketValue":null,"assessedValue":null,"taxableValue":null,"taxes":null},"mailingAddress":{"line1":null,"line2":null,"city":null,"state":null,"zip":null},"incomeTract":null,"incomeBlockGroup":null,"nearestRoad":null,"flu":null,"opportunityZone":null,"oz2Eligibility":null,"source":"sc-chesterfield-parcels-45025","appraiserUrl":null,"gisViewerUrl":"https://chesterfieldsc.wthgis.com/"},"geometry":{"type":"Polygon","coordinates":[[[-80.24251,34.461747],[-80.243123,34.460521],[-80.243789,34.459047],[-80.241629,34.458332],[-80.240374,34.460885],[-80.241091,34.461114],[-80.240984,34.461322],[-80.241725,34.461569],[-80.24251,34.461747]]]}},{"type":"Feature","id":"45025:121 000 000 012","properties":{"id":"45025:121 000 000 012","parcelId":"121 000 000 012","countyFips":"45025","countyName":"Chesterfield","state":"South Carolina","marketIds":["Columbia"],"situsAddress":null,"situsCity":null,"situsZip":null,"jurisdictionCode":null,"ownerName":"MAR MAC WIRE INC","ownerName2":null,"propertyName":null,"zoningCode":null,"zoningDistrict":null,"jurisdictionPrefix":null,"dorCode":null,"acreage":6.7716,"centroid":[-80.247062,34.476656],"lastSale":{"date":null,"price":null,"qualified":null},"tax":{"marketValue":null,"assessedValue":null,"taxableValue":null,"taxes":null},"mailingAddress":{"line1":null,"line2":null,"city":null,"state":null,"zip":null},"incomeTract":null,"incomeBlockGroup":null,"nearestRoad":null,"flu":null,"opportunityZone":null,"oz2Eligibility":null,"source":"sc-chesterfield-parcels-45025","appraiserUrl":null,"gisViewerUrl":"https://chesterfieldsc.wthgis.com/"},"geometry":{"type":"Polygon","coordinates":[[[-80.247907,34.477299],[-80.248405,34.477502],[-80.248902,34.476458],[-80.246138,34.475745],[-80.24575,34.476232],[-80.246106,34.476476],[-80.246469,34.476681],[-80.246819,34.476854],[-80.247907,34.477299]]]}},{"type":"Feature","id":"45025:121 000 000 011","properties":{"id":"45025:121 000 000 011","parcelId":"121 000 000 011","countyFips":"45025","countyName":"Chesterfield","state":"South Carolina","marketIds":["Columbia"],"situsAddress":null,"situsCity":null,"situsZip":null,"jurisdictionCode":null,"ownerName":"JBC LIMITED PARTNERSHIP","ownerName2":null,"propertyName":null,"zoningCode":null,"zoningDistrict":null,"jurisdictionPrefix":null,"dorCode":null,"acreage":50.9734,"centroid":[-80.245535,34.473546],"lastSale":{"date":null,"price":null,"qualified":null},"tax":{"marketValue":null,"assessedValue":null,"taxableValue":null,"taxes":null},"mailingAddress":{"line1":null,"line2":null,"city":null,"state":null,"zip":null},"incomeTract":null,"incomeBlockGroup":null,"nearestRoad":null,"flu":null,"opportunityZone":null,"oz2Eligibility":null,"source":"sc-chesterfield-parcels-45025","appraiserUrl":null,"gisViewerUrl":"https://chesterfieldsc.wthgis.com/"},"geometry":{"type":"Polygon","coordinates":[[[-80.245302,34.475884],[-80.245448,34.476003],[-80.24575,34.476232],[-80.248115,34.473263],[-80.246394,34.472714],[-80.247207,34.470971],[-80.243813,34.469946],[-80.242248,34.473358],[-80.245302,34.475884]]]}},{"type":"Feature","id":"45025:098 000 000 014","properties":{"id":"45025:098 000 000 014","parcelId":"098 000 000 014","countyFips":"45025","countyName":"Chesterfield","state":"South Carolina","marketIds":["Columbia"],"situsAddress":null,"situsCity":null,"situsZip":null,"jurisdictionCode":null,"ownerName":"CAMPOLONG JOHN B JR","ownerName2":null,"propertyName":null,"zoningCode":null,"zoningDistrict":null,"jurisdictionPrefix":null,"dorCode":null,"acreage":10.7928,"centroid":[-80.248514,34.475205],"lastSale":{"date":null,"price":null,"qualified":null},"tax":{"marketValue":null,"assessedValue":null,"taxableValue":null,"taxes":null},"mailingAddress":{"line1":null,"line2":null,"city":null,"state":null,"zip":null},"incomeTract":null,"incomeBlockGroup":null,"nearestRoad":null,"flu":null,"opportunityZone":null,"oz2Eligibility":null,"source":"sc-chesterfield-parcels-45025","appraiserUrl":null,"gisViewerUrl":"https://chesterfieldsc.wthgis.com/"},"geometry":{"type":"Polygon","coordinates":[[[-80.248425,34.475334],[-80.2501,34.475868],[-80.250857,34.474139],[-80.248115,34.473263],[-80.246861,34.474832],[-80.248425,34.475334]],[[-80.248694,34.473654],[-80.249995,34.474069],[-80.249493,34.475146],[-80.248192,34.474731],[-80.248694,34.473654]]]}},{"type":"Feature","id":"45025:121 000 000 019","properties":{"id":"45025:121 000 000 019","parcelId":"121 000 000 019","countyFips":"45025","countyName":"Chesterfield","state":"South Carolina","marketIds":["Columbia"],"situsAddress":null,"situsCity":null,"situsZip":null,"jurisdictionCode":null,"ownerName":"ALLIGATOR RURAL WATER &","ownerName2":null,"propertyName":null,"zoningCode":null,"zoningDistrict":null,"jurisdictionPrefix":null,"dorCode":null,"acreage":29.1755,"centroid":[-80.243527,34.46259],"lastSale":{"date":null,"price":null,"qualified":null},"tax":{"marketValue":null,"assessedValue":null,"taxableValue":null,"taxes":null},"mailingAddress":{"line1":null,"line2":null,"city":null,"state":null,"zip":null},"incomeTract":null,"incomeBlockGroup":null,"nearestRoad":null,"flu":null,"opportunityZone":null,"oz2Eligibility":null,"source":"sc-chesterfield-parcels-45025","appraiserUrl":null,"gisViewerUrl":"https://chesterfieldsc.wthgis.com/"},"geometry":{"type":"MultiPolygon","coordinates":[[[[-80.243487,34.463488],[-80.243737,34.46302],[-80.244013,34.46317],[-80.245258,34.460953],[-80.243235,34.460296],[-80.24178,34.463206],[-80.24318,34.463998],[-80.243487,34.463488]]],[[[-80.245608,34.464337],[-80.246915,34.461729],[-80.246936,34.461686],[-80.245378,34.461197],[-80.243965,34.463712],[-80.245574,34.464409],[-80.245608,34.464337]]]]}},{"type":"Feature","id":"45025:121 000 000 009","properties":{"id":"45025:121 000 000 009","parcelId":"121 000 000 009","countyFips":"45025","countyName":"Chesterfield","state":"South Carolina","marketIds":["Columbia"],"situsAddress":null,"situsCity":null,"situsZip":null,"jurisdictionCode":null,"ownerName":"JBC LIMITED PARTNERSHIP","ownerName2":null,"propertyName":null,"zoningCode":null,"zoningDistrict":null,"jurisdictionPrefix":null,"dorCode":null,"acreage":15.7974,"centroid":[-80.240634,34.468081],"lastSale":{"date":null,"price":null,"qualified":null},"tax":{"marketValue":null,"assessedValue":null,"taxableValue":null,"taxes":null},"mailingAddress":{"line1":null,"line2":null,"city":null,"state":null,"zip":null},"incomeTract":null,"incomeBlockGroup":null,"nearestRoad":null,"flu":null,"opportunityZone":null,"oz2Eligibility":null,"source":"sc-chesterfield-parcels-45025","appraiserUrl":null,"gisViewerUrl":"https://chesterfieldsc.wthgis.com/"},"geometry":{"type":"Polygon","coordinates":[[[-80.238899,34.468792],[-80.241411,34.469575],[-80.242366,34.467367],[-80.23986,34.466589],[-80.238899,34.468792]]]}},{"type":"Feature","id":"45025:121 000 000 042","properties":{"id":"45025:121 000 000 042","parcelId":"121 000 000 042","countyFips":"45025","countyName":"Chesterfield","state":"South Carolina","marketIds":["Columbia"],"situsAddress":null,"situsCity":null,"situsZip":null,"jurisdictionCode":null,"ownerName":"ALLIGATOR RURAL WATER & SEWER","ownerName2":null,"propertyName":null,"zoningCode":null,"zoningDistrict":null,"jurisdictionPrefix":null,"dorCode":null,"acreage":16.4606,"centroid":[-80.24187,34.464879],"lastSale":{"date":null,"price":null,"qualified":null},"tax":{"marketValue":null,"assessedValue":null,"taxableValue":null,"taxes":null},"mailingAddress":{"line1":null,"line2":null,"city":null,"state":null,"zip":null},"incomeTract":null,"incomeBlockGroup":null,"nearestRoad":null,"flu":null,"opportunityZone":null,"oz2Eligibility":null,"source":"sc-chesterfield-parcels-45025","appraiserUrl":null,"gisViewerUrl":"https://chesterfieldsc.wthgis.com/"},"geometry":{"type":"Polygon","coordinates":[[[-80.241899,34.467222],[-80.243186,34.46433],[-80.242929,34.464197],[-80.242956,34.464162],[-80.241876,34.463605],[-80.24145,34.464522],[-80.240801,34.464404],[-80.23986,34.466589],[-80.241899,34.467222]]]}},{"type":"Feature","id":"45025:124 000 000 067","properties":{"id":"45025:124 000 000 067","parcelId":"124 000 000 067","countyFips":"45025","countyName":"Chesterfield","state":"South Carolina","marketIds":["Columbia"],"situsAddress":null,"situsCity":null,"situsZip":null,"jurisdictionCode":null,"ownerName":"S & S FARM LIMITED PARTNERSHIP","ownerName2":null,"propertyName":null,"zoningCode":null,"zoningDistrict":null,"jurisdictionPrefix":null,"dorCode":null,"acreage":76.3117,"centroid":[-80.221357,34.40952],"lastSale":{"date":null,"price":null,"qualified":null},"tax":{"marketValue":null,"assessedValue":null,"taxableValue":null,"taxes":null},"mailingAddress":{"line1":null,"line2":null,"city":null,"state":null,"zip":null},"incomeTract":null,"incomeBlockGroup":null,"nearestRoad":null,"flu":null,"opportunityZone":null,"oz2Eligibility":null,"source":"sc-chesterfield-parcels-45025","appraiserUrl":null,"gisViewerUrl":"https://chesterfieldsc.wthgis.com/"},"geometry":{"type":"Polygon","coordinates":[[[-80.225476,34.412262],[-80.224495,34.408865],[-80.22421,34.408802],[-80.220659,34.408274],[-80.216185,34.40734],[-80.217117,34.411575],[-80.225476,34.412262]]]}},{"type":"Feature","id":"45025:163 000 000 050","properties":{"id":"45025:163 000 000 050","parcelId":"163 000 000 050","countyFips":"45025","countyName":"Chesterfield","state":"South Carolina","marketIds":["Columbia"],"situsAddress":null,"situsCity":null,"situsZip":null,"jurisdictionCode":null,"ownerName":"MALONEY RYAN CHAPMAN & EMILY","ownerName2":null,"propertyName":null,"zoningCode":null,"zoningDistrict":null,"jurisdictionPrefix":null,"dorCode":null,"acreage":120.2813,"centroid":[-80.159515,34.493087],"lastSale":{"date":null,"price":null,"qualified":null},"tax":{"marketValue":319500.0,"assessedValue":null,"taxableValue":null,"taxes":null},"mailingAddress":{"line1":null,"line2":null,"city":null,"state":null,"zip":null},"incomeTract":null,"incomeBlockGroup":null,"nearestRoad":null,"flu":null,"opportunityZone":null,"oz2Eligibility":null,"source":"sc-chesterfield-parcels-45025","appraiserUrl":null,"gisViewerUrl":"https://chesterfieldsc.wthgis.com/"},"geometry":{"type":"Polygon","coordinates":[[[-80.161747,34.498679],[-80.164065,34.495344],[-80.164932,34.494111],[-80.161709,34.4922],[-80.161628,34.492294],[-80.161057,34.491955],[-80.161139,34.491861],[-80.157609,34.489768],[-80.156964,34.489335],[-80.154923,34.490308],[-80.154659,34.491389],[-80.154265,34.492151],[-80.159151,34.496741],[-80.159355,34.497087],[-80.161747,34.498679]]]}},{"type":"Feature","id":"45025:203 000 000 012","properties":{"id":"45025:203 000 000 012","parcelId":"203 000 000 012","countyFips":"45025","countyName":"Chesterfield","state":"South Carolina","marketIds":["Columbia"],"situsAddress":null,"situsCity":null,"situsZip":null,"jurisdictionCode":null,"ownerName":"WARREN CASEY ELBERT JR ETAL","ownerName2":null,"propertyName":null,"zoningCode":null,"zoningDistrict":null,"jurisdictionPrefix":null,"dorCode":null,"acreage":32.2803,"centroid":[-80.085921,34.477235],"lastSale":{"date":null,"price":null,"qualified":null},"tax":{"marketValue":null,"assessedValue":null,"taxableValue":null,"taxes":null},"mailingAddress":{"line1":null,"line2":null,"city":null,"state":null,"zip":null},"incomeTract":null,"incomeBlockGroup":null,"nearestRoad":null,"flu":null,"opportunityZone":null,"oz2Eligibility":null,"source":"sc-chesterfield-parcels-45025","appraiserUrl":null,"gisViewerUrl":"https://chesterfieldsc.wthgis.com/"},"geometry":{"type":"Polygon","coordinates":[[[-80.087687,34.481348],[-80.089825,34.47982],[-80.085249,34.475046],[-80.084198,34.474875],[-80.083665,34.47595],[-80.0849,34.476373],[-80.087687,34.481348]]]}},{"type":"Feature","id":"45025:220 000 000 068","properties":{"id":"45025:220 000 000 068","parcelId":"220 000 000 068","countyFips":"45025","countyName":"Chesterfield","state":"South Carolina","marketIds":["Columbia"],"situsAddress":null,"situsCity":null,"situsZip":null,"jurisdictionCode":null,"ownerName":"HILDERBRAND HEATHER LYNN &","ownerName2":null,"propertyName":null,"zoningCode":null,"zoningDistrict":null,"jurisdictionPrefix":null,"dorCode":null,"acreage":9.967,"centroid":[-80.01965,34.496536],"lastSale":{"date":null,"price":null,"qualified":null},"tax":{"marketValue":null,"assessedValue":null,"taxableValue":null,"taxes":null},"mailingAddress":{"line1":null,"line2":null,"city":null,"state":null,"zip":null},"incomeTract":null,"incomeBlockGroup":null,"nearestRoad":null,"flu":null,"opportunityZone":null,"oz2Eligibility":null,"source":"sc-chesterfield-parcels-45025","appraiserUrl":null,"gisViewerUrl":"https://chesterfieldsc.wthgis.com/"},"geometry":{"type":"Polygon","coordinates":[[[-80.017341,34.497942],[-80.017984,34.497731],[-80.018239,34.498263],[-80.019824,34.497743],[-80.019373,34.496746],[-80.021346,34.496124],[-80.021523,34.496567],[-80.022122,34.496316],[-80.020578,34.494809],[-80.020386,34.495745],[-80.01993,34.49619],[-80.018432,34.497132],[-80.017178,34.497499],[-80.017341,34.497942]]]}},{"type":"Feature","id":"45025:121 000 000 044","properties":{"id":"45025:121 000 000 044","parcelId":"121 000 000 044","countyFips":"45025","countyName":"Chesterfield","state":"South Carolina","marketIds":["Columbia"],"situsAddress":null,"situsCity":null,"situsZip":null,"jurisdictionCode":null,"ownerName":"ALLIGATOR RURAL WATER &","ownerName2":null,"propertyName":null,"zoningCode":null,"zoningDistrict":null,"jurisdictionPrefix":null,"dorCode":null,"acreage":11.4725,"centroid":[-80.243515,34.465621],"lastSale":{"date":null,"price":null,"qualified":null},"tax":{"marketValue":null,"assessedValue":null,"taxableValue":null,"taxes":null},"mailingAddress":{"line1":null,"line2":null,"city":null,"state":null,"zip":null},"incomeTract":null,"incomeBlockGroup":null,"nearestRoad":null,"flu":null,"opportunityZone":null,"oz2Eligibility":null,"source":"sc-chesterfield-parcels-45025","appraiserUrl":null,"gisViewerUrl":"https://chesterfieldsc.wthgis.com/"},"geometry":{"type":"Polygon","coordinates":[[[-80.243305,34.467658],[-80.244565,34.464991],[-80.24408,34.464745],[-80.244054,34.46478],[-80.243186,34.46433],[-80.241899,34.467222],[-80.243305,34.467658]]]}},{"type":"Feature","id":"45025:184 000 000 057","properties":{"id":"45025:184 000 000 057","parcelId":"184 000 000 057","countyFips":"45025","countyName":"Chesterfield","state":"South Carolina","marketIds":["Columbia"],"situsAddress":null,"situsCity":null,"situsZip":null,"jurisdictionCode":null,"ownerName":"HAWKINS JOANNA & ELIZA","ownerName2":null,"propertyName":null,"zoningCode":null,"zoningDistrict":null,"jurisdictionPrefix":null,"dorCode":null,"acreage":17.3412,"centroid":[-80.119418,34.475995],"lastSale":{"date":null,"price":null,"qualified":null},"tax":{"marketValue":588800.0,"assessedValue":null,"taxableValue":null,"taxes":null},"mailingAddress":{"line1":null,"line2":null,"city":null,"state":null,"zip":null},"incomeTract":null,"incomeBlockGroup":null,"nearestRoad":null,"flu":null,"opportunityZone":null,"oz2Eligibility":null,"source":"sc-chesterfield-parcels-45025","appraiserUrl":null,"gisViewerUrl":"https://chesterfieldsc.wthgis.com/"},"geometry":{"type":"Polygon","coordinates":[[[-80.120992,34.476749],[-80.120741,34.476178],[-80.119176,34.474756],[-80.118643,34.473954],[-80.117253,34.474552],[-80.11691,34.474743],[-80.116588,34.474956],[-80.119953,34.477454],[-80.120361,34.477461],[-80.120728,34.477242],[-80.120821,34.47709],[-80.120846,34.476809],[-80.120992,34.476749]]]}},{"type":"Feature","id":"45025:145 000 000 177","properties":{"id":"45025:145 000 000 177","parcelId":"145 000 000 177","countyFips":"45025","countyName":"Chesterfield","state":"South Carolina","marketIds":["Columbia"],"situsAddress":null,"situsCity":null,"situsZip":null,"jurisdictionCode":null,"ownerName":"RACHEL MCLEOD MCCORMICK LLC","ownerName2":null,"propertyName":null,"zoningCode":null,"zoningDistrict":null,"jurisdictionPrefix":null,"dorCode":null,"acreage":72.2862,"centroid":[-80.185581,34.444138],"lastSale":{"date":null,"price":null,"qualified":null},"tax":{"marketValue":null,"assessedValue":null,"taxableValue":null,"taxes":null},"mailingAddress":{"line1":null,"line2":null,"city":null,"state":null,"zip":null},"incomeTract":null,"incomeBlockGroup":null,"nearestRoad":null,"flu":null,"opportunityZone":null,"oz2Eligibility":null,"source":"sc-chesterfield-parcels-45025","appraiserUrl":null,"gisViewerUrl":"https://chesterfieldsc.wthgis.com/"},"geometry":{"type":"Polygon","coordinates":[[[-80.193902,34.444312],[-80.188498,34.441944],[-80.183174,34.443809],[-80.180487,34.444242],[-80.181842,34.446384],[-80.193902,34.444312]]]}},{"type":"Feature","id":"45025:145 000 000 241","properties":{"id":"45025:145 000 000 241","parcelId":"145 000 000 241","countyFips":"45025","countyName":"Chesterfield","state":"South Carolina","marketIds":["Columbia"],"situsAddress":null,"situsCity":null,"situsZip":null,"jurisdictionCode":null,"ownerName":"A C MCLEOD III LLC","ownerName2":null,"propertyName":null,"zoningCode":null,"zoningDistrict":null,"jurisdictionPrefix":null,"dorCode":null,"acreage":84.0252,"centroid":[-80.183487,34.441345],"lastSale":{"date":null,"price":null,"qualified":null},"tax":{"marketValue":null,"assessedValue":null,"taxableValue":null,"taxes":null},"mailingAddress":{"line1":null,"line2":null,"city":null,"state":null,"zip":null},"incomeTract":null,"incomeBlockGroup":null,"nearestRoad":null,"flu":null,"opportunityZone":null,"oz2Eligibility":null,"source":"sc-chesterfield-parcels-45025","appraiserUrl":null,"gisViewerUrl":"https://chesterfieldsc.wthgis.com/"},"geometry":{"type":"Polygon","coordinates":[[[-80.180487,34.444242],[-80.183174,34.443809],[-80.184594,34.4433],[-80.183455,34.441757],[-80.187007,34.440537],[-80.186303,34.439574],[-80.185102,34.437619],[-80.177773,34.439923],[-80.180487,34.444242]]]}},{"type":"Feature","id":"45025:142 000 000 008","properties":{"id":"45025:142 000 000 008","parcelId":"142 000 000 008","countyFips":"45025","countyName":"Chesterfield","state":"South Carolina","marketIds":["Columbia"],"situsAddress":null,"situsCity":null,"situsZip":null,"jurisdictionCode":null,"ownerName":"DIXON FRANK L","ownerName2":null,"propertyName":null,"zoningCode":null,"zoningDistrict":null,"jurisdictionPrefix":null,"dorCode":null,"acreage":5.2538,"centroid":[-80.182331,34.494903],"lastSale":{"date":null,"price":null,"qualified":null},"tax":{"marketValue":null,"assessedValue":null,"taxableValue":null,"taxes":null},"mailingAddress":{"line1":null,"line2":null,"city":null,"state":null,"zip":null},"incomeTract":null,"incomeBlockGroup":null,"nearestRoad":null,"flu":null,"opportunityZone":null,"oz2Eligibility":null,"source":"sc-chesterfield-parcels-45025","appraiserUrl":null,"gisViewerUrl":"https://chesterfieldsc.wthgis.com/"},"geometry":{"type":"Polygon","coordinates":[[[-80.18292,34.498104],[-80.182255,34.49244],[-80.181896,34.492315],[-80.18199,34.493424],[-80.182596,34.498231],[-80.18292,34.498104]]]}},{"type":"Feature","id":"45025:121 000 000 045","properties":{"id":"45025:121 000 000 045","parcelId":"121 000 000 045","countyFips":"45025","countyName":"Chesterfield","state":"South Carolina","marketIds":["Columbia"],"situsAddress":null,"situsCity":null,"situsZip":null,"jurisdictionCode":null,"ownerName":"NEWSOME KIMBERLY DOUGHTY","ownerName2":null,"propertyName":null,"zoningCode":null,"zoningDistrict":null,"jurisdictionPrefix":null,"dorCode":null,"acreage":14.7976,"centroid":[-80.243615,34.467516],"lastSale":{"date":null,"price":null,"qualified":null},"tax":{"marketValue":null,"assessedValue":null,"taxableValue":null,"taxes":null},"mailingAddress":{"line1":null,"line2":null,"city":null,"state":null,"zip":null},"incomeTract":null,"incomeBlockGroup":null,"nearestRoad":null,"flu":null,"opportunityZone":null,"oz2Eligibility":null,"source":"sc-chesterfield-parcels-45025","appraiserUrl":null,"gisViewerUrl":"https://chesterfieldsc.wthgis.com/"},"geometry":{"type":"Polygon","coordinates":[[[-80.245531,34.466124],[-80.245409,34.466387],[-80.245736,34.466502],[-80.245312,34.46748],[-80.243765,34.466836],[-80.244639,34.465027],[-80.244565,34.464991],[-80.243305,34.467658],[-80.24395,34.467861],[-80.24356,34.468651],[-80.245635,34.46931],[-80.246874,34.466576],[-80.245531,34.466124]]]}},{"type":"Feature","id":"45025:142 000 000 009","properties":{"id":"45025:142 000 000 009","parcelId":"142 000 000 009","countyFips":"45025","countyName":"Chesterfield","state":"South Carolina","marketIds":["Columbia"],"situsAddress":null,"situsCity":null,"situsZip":null,"jurisdictionCode":null,"ownerName":"GAINEY HOWARD B ETAL","ownerName2":null,"propertyName":null,"zoningCode":null,"zoningDistrict":null,"jurisdictionPrefix":null,"dorCode":null,"acreage":39.6596,"centroid":[-80.18476,34.495404],"lastSale":{"date":null,"price":null,"qualified":null},"tax":{"marketValue":null,"assessedValue":null,"taxableValue":null,"taxes":null},"mailingAddress":{"line1":null,"line2":null,"city":null,"state":null,"zip":null},"incomeTract":null,"incomeBlockGroup":null,"nearestRoad":null,"flu":null,"opportunityZone":null,"oz2Eligibility":null,"source":"sc-chesterfield-parcels-45025","appraiserUrl":null,"gisViewerUrl":"https://chesterfieldsc.wthgis.com/"},"geometry":{"type":"Polygon","coordinates":[[[-80.187087,34.497233],[-80.186807,34.494498],[-80.184298,34.493282],[-80.183525,34.492936],[-80.182607,34.492566],[-80.183242,34.497975],[-80.18489,34.497389],[-80.185627,34.49735],[-80.187087,34.497233]]]}},{"type":"Feature","id":"45025:121 000 000 047","properties":{"id":"45025:121 000 000 047","parcelId":"121 000 000 047","countyFips":"45025","countyName":"Chesterfield","state":"South Carolina","marketIds":["Columbia"],"situsAddress":null,"situsCity":null,"situsZip":null,"jurisdictionCode":null,"ownerName":"NORTHEASTERN TECHNICAL","ownerName2":null,"propertyName":null,"zoningCode":null,"zoningDistrict":null,"jurisdictionPrefix":null,"dorCode":null,"acreage":13.6542,"centroid":[-80.24707,34.464171],"lastSale":{"date":null,"price":null,"qualified":null},"tax":{"marketValue":null,"assessedValue":null,"taxableValue":null,"taxes":null},"mailingAddress":{"line1":null,"line2":null,"city":null,"state":null,"zip":null},"incomeTract":null,"incomeBlockGroup":null,"nearestRoad":null,"flu":null,"opportunityZone":null,"oz2Eligibility":null,"source":"sc-chesterfield-parcels-45025","appraiserUrl":null,"gisViewerUrl":"https://chesterfieldsc.wthgis.com/"},"geometry":{"type":"Polygon","coordinates":[[[-80.24697,34.465681],[-80.247464,34.464668],[-80.248628,34.462317],[-80.246915,34.461729],[-80.245608,34.464337],[-80.247139,34.464849],[-80.246767,34.465613],[-80.24697,34.465681]]]}},{"type":"Feature","id":"45025:183 000 000 009","properties":{"id":"45025:183 000 000 009","parcelId":"183 000 000 009","countyFips":"45025","countyName":"Chesterfield","state":"South Carolina","marketIds":["Columbia"],"situsAddress":null,"situsCity":null,"situsZip":null,"jurisdictionCode":null,"ownerName":"GRIGGS CYNTHIA J","ownerName2":null,"propertyName":null,"zoningCode":null,"zoningDistrict":null,"jurisdictionPrefix":null,"dorCode":null,"acreage":61.5304,"centroid":[-80.11079,34.485215],"lastSale":{"date":null,"price":null,"qualified":null},"tax":{"marketValue":197900.0,"assessedValue":null,"taxableValue":null,"taxes":null},"mailingAddress":{"line1":null,"line2":null,"city":null,"state":null,"zip":null},"incomeTract":null,"incomeBlockGroup":null,"nearestRoad":null,"flu":null,"opportunityZone":null,"oz2Eligibility":null,"source":"sc-chesterfield-parcels-45025","appraiserUrl":null,"gisViewerUrl":"https://chesterfieldsc.wthgis.com/"},"geometry":{"type":"Polygon","coordinates":[[[-80.109417,34.490441],[-80.109561,34.490427],[-80.110164,34.490335],[-80.110993,34.490138],[-80.113538,34.489246],[-80.1141,34.48907],[-80.11241,34.484257],[-80.112139,34.484289],[-80.111668,34.484087],[-80.111557,34.484118],[-80.111438,34.484021],[-80.111332,34.483999],[-80.111093,34.48384],[-80.110861,34.483665],[-80.110763,34.483556],[-80.110669,34.483513],[-80.110689,34.483409],[-80.11042,34.483356],[-80.110219,34.483367],[-80.109824,34.483526],[-80.109685,34.483477],[-80.109378,34.483419],[-80.109307,34.483459],[-80.109367,34.48354],[-80.109155,34.483828],[-80.109417,34.490441]]]}},{"type":"Feature","id":"45025:202 000 000 055","properties":{"id":"45025:202 000 000 055","parcelId":"202 000 000 055","countyFips":"45025","countyName":"Chesterfield","state":"South Carolina","marketIds":["Columbia"],"situsAddress":null,"situsCity":null,"situsZip":null,"jurisdictionCode":null,"ownerName":"CLARK ERNEST DALE","ownerName2":null,"propertyName":null,"zoningCode":null,"zoningDistrict":null,"jurisdictionPrefix":null,"dorCode":null,"acreage":11.9266,"centroid":[-80.075845,34.490168],"lastSale":{"date":null,"price":null,"qualified":null},"tax":{"marketValue":null,"assessedValue":null,"taxableValue":null,"taxes":null},"mailingAddress":{"line1":null,"line2":null,"city":null,"state":null,"zip":null},"incomeTract":null,"incomeBlockGroup":null,"nearestRoad":null,"flu":null,"opportunityZone":null,"oz2Eligibility":null,"source":"sc-chesterfield-parcels-45025","appraiserUrl":null,"gisViewerUrl":"https://chesterfieldsc.wthgis.com/"},"geometry":{"type":"Polygon","coordinates":[[[-80.076038,34.490097],[-80.077027,34.490206],[-80.077042,34.490115],[-80.076056,34.489979],[-80.076157,34.489295],[-80.073041,34.489479],[-80.073153,34.490895],[-80.076953,34.490753],[-80.076985,34.490487],[-80.075999,34.490371],[-80.076038,34.490097]]]}},{"type":"Feature","id":"45025:202 000 000 113","properties":{"id":"45025:202 000 000 113","parcelId":"202 000 000 113","countyFips":"45025","countyName":"Chesterfield","state":"South Carolina","marketIds":["Columbia"],"situsAddress":null,"situsCity":null,"situsZip":null,"jurisdictionCode":null,"ownerName":"JOHNSON DOUGLAS AARON &","ownerName2":null,"propertyName":null,"zoningCode":null,"zoningDistrict":null,"jurisdictionPrefix":null,"dorCode":null,"acreage":7.9538,"centroid":[-80.055383,34.488757],"lastSale":{"date":null,"price":null,"qualified":null},"tax":{"marketValue":null,"assessedValue":null,"taxableValue":null,"taxes":null},"mailingAddress":{"line1":null,"line2":null,"city":null,"state":null,"zip":null},"incomeTract":null,"incomeBlockGroup":null,"nearestRoad":null,"flu":null,"opportunityZone":null,"oz2Eligibility":null,"source":"sc-chesterfield-parcels-45025","appraiserUrl":null,"gisViewerUrl":"https://chesterfieldsc.wthgis.com/"},"geometry":{"type":"Polygon","coordinates":[[[-80.055603,34.490039],[-80.056885,34.489557],[-80.056273,34.487716],[-80.055502,34.488374],[-80.055202,34.487739],[-80.05483,34.488242],[-80.054683,34.488411],[-80.054523,34.48855],[-80.055006,34.489184],[-80.055325,34.489759],[-80.055603,34.490039]]]}},{"type":"Feature","id":"45025:124 000 000 084","properties":{"id":"45025:124 000 000 084","parcelId":"124 000 000 084","countyFips":"45025","countyName":"Chesterfield","state":"South Carolina","marketIds":["Columbia"],"situsAddress":null,"situsCity":null,"situsZip":null,"jurisdictionCode":null,"ownerName":"MORRISON MENDEL L JR","ownerName2":null,"propertyName":null,"zoningCode":null,"zoningDistrict":null,"jurisdictionPrefix":null,"dorCode":null,"acreage":15.2285,"centroid":[-80.248316,34.409041],"lastSale":{"date":null,"price":null,"qualified":null},"tax":{"marketValue":null,"assessedValue":null,"taxableValue":null,"taxes":null},"mailingAddress":{"line1":null,"line2":null,"city":null,"state":null,"zip":null},"incomeTract":null,"incomeBlockGroup":null,"nearestRoad":null,"flu":null,"opportunityZone":null,"oz2Eligibility":null,"source":"sc-chesterfield-parcels-45025","appraiserUrl":null,"gisViewerUrl":"https://chesterfieldsc.wthgis.com/"},"geometry":{"type":"Polygon","coordinates":[[[-80.249473,34.41019],[-80.249157,34.409446],[-80.249621,34.40931],[-80.249952,34.41005],[-80.250183,34.409989],[-80.249207,34.407849],[-80.248199,34.408396],[-80.247659,34.407409],[-80.246448,34.408179],[-80.246678,34.409499],[-80.246862,34.41043],[-80.247356,34.410188],[-80.247702,34.410672],[-80.248438,34.410438],[-80.247639,34.409585],[-80.248587,34.409242],[-80.249473,34.41019]]]}},{"type":"Feature","id":"45025:164 000 000 099","properties":{"id":"45025:164 000 000 099","parcelId":"164 000 000 099","countyFips":"45025","countyName":"Chesterfield","state":"South Carolina","marketIds":["Columbia"],"situsAddress":null,"situsCity":null,"situsZip":null,"jurisdictionCode":null,"ownerName":"GARNER JEROME W & TALENA F","ownerName2":null,"propertyName":null,"zoningCode":null,"zoningDistrict":null,"jurisdictionPrefix":null,"dorCode":null,"acreage":5.0018,"centroid":[-80.13542,34.464902],"lastSale":{"date":null,"price":null,"qualified":null},"tax":{"marketValue":7300.0,"assessedValue":null,"taxableValue":null,"taxes":null},"mailingAddress":{"line1":null,"line2":null,"city":null,"state":null,"zip":null},"incomeTract":null,"incomeBlockGroup":null,"nearestRoad":null,"flu":null,"opportunityZone":null,"oz2Eligibility":null,"source":"sc-chesterfield-parcels-45025","appraiserUrl":null,"gisViewerUrl":"https://chesterfieldsc.wthgis.com/"},"geometry":{"type":"Polygon","coordinates":[[[-80.135836,34.466178],[-80.136004,34.464881],[-80.135697,34.46367],[-80.135205,34.463832],[-80.135451,34.464747],[-80.134956,34.464855],[-80.134788,34.466152],[-80.135836,34.466178]]]}},{"type":"Feature","id":"45025:145 000 000 252","properties":{"id":"45025:145 000 000 252","parcelId":"145 000 000 252","countyFips":"45025","countyName":"Chesterfield","state":"South Carolina","marketIds":["Columbia"],"situsAddress":null,"situsCity":null,"situsZip":null,"jurisdictionCode":null,"ownerName":"KELLY CYNTHIA ILEEN","ownerName2":null,"propertyName":null,"zoningCode":null,"zoningDistrict":null,"jurisdictionPrefix":null,"dorCode":null,"acreage":6.0233,"centroid":[-80.178032,34.434735],"lastSale":{"date":null,"price":null,"qualified":null},"tax":{"marketValue":null,"assessedValue":null,"taxableValue":null,"taxes":null},"mailingAddress":{"line1":null,"line2":null,"city":null,"state":null,"zip":null},"incomeTract":null,"incomeBlockGroup":null,"nearestRoad":null,"flu":null,"opportunityZone":null,"oz2Eligibility":null,"source":"sc-chesterfield-parcels-45025","appraiserUrl":null,"gisViewerUrl":"https://chesterfieldsc.wthgis.com/"},"geometry":{"type":"Polygon","coordinates":[[[-80.179372,34.435191],[-80.178188,34.433896],[-80.176692,34.434279],[-80.177875,34.435575],[-80.179372,34.435191]]]}},{"type":"Feature","id":"45025:145 000 000 253","properties":{"id":"45025:145 000 000 253","parcelId":"145 000 000 253","countyFips":"45025","countyName":"Chesterfield","state":"South Carolina","marketIds":["Columbia"],"situsAddress":null,"situsCity":null,"situsZip":null,"jurisdictionCode":null,"ownerName":"MOREE DANIEL JOSEPH","ownerName2":null,"propertyName":null,"zoningCode":null,"zoningDistrict":null,"jurisdictionPrefix":null,"dorCode":null,"acreage":6.0253,"centroid":[-80.176536,34.435119],"lastSale":{"date":null,"price":null,"qualified":null},"tax":{"marketValue":null,"assessedValue":null,"taxableValue":null,"taxes":null},"mailingAddress":{"line1":null,"line2":null,"city":null,"state":null,"zip":null},"incomeTract":null,"incomeBlockGroup":null,"nearestRoad":null,"flu":null,"opportunityZone":null,"oz2Eligibility":null,"source":"sc-chesterfield-parcels-45025","appraiserUrl":null,"gisViewerUrl":"https://chesterfieldsc.wthgis.com/"},"geometry":{"type":"Polygon","coordinates":[[[-80.177875,34.435575],[-80.176692,34.434279],[-80.17585,34.434495],[-80.175727,34.436125],[-80.177875,34.435575]]]}},{"type":"Feature","id":"45025:144 000 000 013","properties":{"id":"45025:144 000 000 013","parcelId":"144 000 000 013","countyFips":"45025","countyName":"Chesterfield","state":"South Carolina","marketIds":["Columbia"],"situsAddress":null,"situsCity":null,"situsZip":null,"jurisdictionCode":null,"ownerName":"MCKEITHAN TINA","ownerName2":null,"propertyName":null,"zoningCode":null,"zoningDistrict":null,"jurisdictionPrefix":null,"dorCode":null,"acreage":16.537,"centroid":[-80.18366,34.456106],"lastSale":{"date":null,"price":null,"qualified":null},"tax":{"marketValue":null,"assessedValue":null,"taxableValue":null,"taxes":null},"mailingAddress":{"line1":null,"line2":null,"city":null,"state":null,"zip":null},"incomeTract":null,"incomeBlockGroup":null,"nearestRoad":null,"flu":null,"opportunityZone":null,"oz2Eligibility":null,"source":"sc-chesterfield-parcels-45025","appraiserUrl":null,"gisViewerUrl":"https://chesterfieldsc.wthgis.com/"},"geometry":{"type":"Polygon","coordinates":[[[-80.183443,34.457513],[-80.184246,34.457027],[-80.187075,34.455466],[-80.186804,34.455213],[-80.18082,34.455498],[-80.180825,34.456017],[-80.182404,34.456008],[-80.183443,34.457513]]]}},{"type":"Feature","id":"45025:164 000 000 220","properties":{"id":"45025:164 000 000 220","parcelId":"164 000 000 220","countyFips":"45025","countyName":"Chesterfield","state":"South Carolina","marketIds":["Columbia"],"situsAddress":null,"situsCity":null,"situsZip":null,"jurisdictionCode":null,"ownerName":"HALL JOSEPH BRENT.","ownerName2":null,"propertyName":null,"zoningCode":null,"zoningDistrict":null,"jurisdictionPrefix":null,"dorCode":null,"acreage":54.6244,"centroid":[-80.144885,34.475355],"lastSale":{"date":null,"price":null,"qualified":null},"tax":{"marketValue":null,"assessedValue":null,"taxableValue":null,"taxes":null},"mailingAddress":{"line1":null,"line2":null,"city":null,"state":null,"zip":null},"incomeTract":null,"incomeBlockGroup":null,"nearestRoad":null,"flu":null,"opportunityZone":null,"oz2Eligibility":null,"source":"sc-chesterfield-parcels-45025","appraiserUrl":null,"gisViewerUrl":"https://chesterfieldsc.wthgis.com/"},"geometry":{"type":"Polygon","coordinates":[[[-80.142239,34.477771],[-80.14789,34.47595],[-80.147882,34.475869],[-80.148624,34.475721],[-80.148119,34.474751],[-80.147774,34.474244],[-80.147624,34.47405],[-80.147246,34.473631],[-80.146646,34.473084],[-80.144845,34.474199],[-80.143152,34.472802],[-80.141847,34.473283],[-80.142079,34.4759],[-80.141011,34.476554],[-80.141652,34.477258],[-80.142024,34.478005],[-80.142387,34.477966],[-80.142239,34.477771]]]}},{"type":"Feature","id":"45025:144 000 000 010","properties":{"id":"45025:144 000 000 010","parcelId":"144 000 000 010","countyFips":"45025","countyName":"Chesterfield","state":"South Carolina","marketIds":["Columbia"],"situsAddress":null,"situsCity":null,"situsZip":null,"jurisdictionCode":null,"ownerName":"MCLEOD RIDGEVIEW WEST LLC.","ownerName2":null,"propertyName":null,"zoningCode":null,"zoningDistrict":null,"jurisdictionPrefix":null,"dorCode":null,"acreage":45.6738,"centroid":[-80.19103,34.455795],"lastSale":{"date":null,"price":null,"qualified":null},"tax":{"marketValue":null,"assessedValue":null,"taxableValue":null,"taxes":null},"mailingAddress":{"line1":null,"line2":null,"city":null,"state":null,"zip":null},"incomeTract":null,"incomeBlockGroup":null,"nearestRoad":null,"flu":null,"opportunityZone":null,"oz2Eligibility":null,"source":"sc-chesterfield-parcels-45025","appraiserUrl":null,"gisViewerUrl":"https://chesterfieldsc.wthgis.com/"},"geometry":{"type":"Polygon","coordinates":[[[-80.195398,34.457042],[-80.194995,34.45689],[-80.192691,34.45602],[-80.192005,34.455702],[-80.191454,34.455363],[-80.191111,34.455113],[-80.190138,34.454278],[-80.18942,34.454507],[-80.18877,34.454773],[-80.188118,34.455104],[-80.187225,34.455601],[-80.191036,34.459151],[-80.195398,34.457042]]]}},{"type":"Feature","id":"45025:125 000 000 009","properties":{"id":"45025:125 000 000 009","parcelId":"125 000 000 009","countyFips":"45025","countyName":"Chesterfield","state":"South Carolina","marketIds":["Columbia"],"situsAddress":null,"situsCity":null,"situsZip":null,"jurisdictionCode":null,"ownerName":"GRIGGS BARRET L & JAMES","ownerName2":null,"propertyName":null,"zoningCode":null,"zoningDistrict":null,"jurisdictionPrefix":null,"dorCode":null,"acreage":83.3092,"centroid":[-80.243592,34.395063],"lastSale":{"date":null,"price":null,"qualified":null},"tax":{"marketValue":53000.0,"assessedValue":null,"taxableValue":null,"taxes":null},"mailingAddress":{"line1":null,"line2":null,"city":null,"state":null,"zip":null},"incomeTract":null,"incomeBlockGroup":null,"nearestRoad":null,"flu":null,"opportunityZone":null,"oz2Eligibility":null,"source":"sc-chesterfield-parcels-45025","appraiserUrl":null,"gisViewerUrl":"https://chesterfieldsc.wthgis.com/"},"geometry":{"type":"Polygon","coordinates":[[[-80.241709,34.394072],[-80.238754,34.395976],[-80.240024,34.39697],[-80.240346,34.397184],[-80.240685,34.397374],[-80.241624,34.397786],[-80.242399,34.39808],[-80.242906,34.398218],[-80.243471,34.398288],[-80.243492,34.39795],[-80.243547,34.397703],[-80.243691,34.397366],[-80.243818,34.397152],[-80.2471,34.393],[-80.247998,34.391823],[-80.248134,34.391617],[-80.246801,34.391098],[-80.246448,34.39145],[-80.245491,34.391059],[-80.244457,34.391213],[-80.242529,34.390938],[-80.241709,34.394072]]]}},{"type":"Feature","id":"45025:125 000 000 008","properties":{"id":"45025:125 000 000 008","parcelId":"125 000 000 008","countyFips":"45025","countyName":"Chesterfield","state":"South Carolina","marketIds":["Columbia"],"situsAddress":null,"situsCity":null,"situsZip":null,"jurisdictionCode":null,"ownerName":"KING RICHARD KEITH & HEIKE U","ownerName2":null,"propertyName":null,"zoningCode":null,"zoningDistrict":null,"jurisdictionPrefix":null,"dorCode":null,"acreage":13.1976,"centroid":[-80.236898,34.394739],"lastSale":{"date":null,"price":null,"qualified":null},"tax":{"marketValue":null,"assessedValue":null,"taxableValue":null,"taxes":null},"mailingAddress":{"line1":null,"line2":null,"city":null,"state":null,"zip":null},"incomeTract":null,"incomeBlockGroup":null,"nearestRoad":null,"flu":null,"opportunityZone":null,"oz2Eligibility":null,"source":"sc-chesterfield-parcels-45025","appraiserUrl":null,"gisViewerUrl":"https://chesterfieldsc.wthgis.com/"},"geometry":{"type":"Polygon","coordinates":[[[-80.243474,34.398398],[-80.242865,34.398321],[-80.242331,34.398176],[-80.241548,34.397879],[-80.240596,34.397462],[-80.240244,34.397265],[-80.239913,34.397045],[-80.238831,34.396202],[-80.23807,34.395579],[-80.236261,34.394043],[-80.236165,34.394233],[-80.236122,34.394366],[-80.236066,34.394676],[-80.238862,34.397587],[-80.242465,34.398373],[-80.243489,34.398634],[-80.243474,34.398398]]]}},{"type":"Feature","id":"45025:163 000 000 224","properties":{"id":"45025:163 000 000 224","parcelId":"163 000 000 224","countyFips":"45025","countyName":"Chesterfield","state":"South Carolina","marketIds":["Columbia"],"situsAddress":null,"situsCity":null,"situsZip":null,"jurisdictionCode":null,"ownerName":"BAREFOOT MARIANNE BENTON","ownerName2":null,"propertyName":null,"zoningCode":null,"zoningDistrict":null,"jurisdictionPrefix":null,"dorCode":null,"acreage":10.3632,"centroid":[-80.145925,34.486687],"lastSale":{"date":null,"price":null,"qualified":null},"tax":{"marketValue":null,"assessedValue":null,"taxableValue":null,"taxes":null},"mailingAddress":{"line1":null,"line2":null,"city":null,"state":null,"zip":null},"incomeTract":null,"incomeBlockGroup":null,"nearestRoad":null,"flu":null,"opportunityZone":null,"oz2Eligibility":null,"source":"sc-chesterfield-parcels-45025","appraiserUrl":null,"gisViewerUrl":"https://chesterfieldsc.wthgis.com/"},"geometry":{"type":"Polygon","coordinates":[[[-80.147577,34.487402],[-80.147406,34.485789],[-80.145609,34.486289],[-80.144449,34.486335],[-80.144584,34.487618],[-80.147577,34.487402]]]}},{"type":"Feature","id":"45025:163 000 000 223","properties":{"id":"45025:163 000 000 223","parcelId":"163 000 000 223","countyFips":"45025","countyName":"Chesterfield","state":"South Carolina","marketIds":["Columbia"],"situsAddress":null,"situsCity":null,"situsZip":null,"jurisdictionCode":null,"ownerName":"BENTON JIMMIE ERIC","ownerName2":null,"propertyName":null,"zoningCode":null,"zoningDistrict":null,"jurisdictionPrefix":null,"dorCode":null,"acreage":10.34,"centroid":[-80.146152,34.488191],"lastSale":{"date":null,"price":null,"qualified":null},"tax":{"marketValue":null,"assessedValue":null,"taxableValue":null,"taxes":null},"mailingAddress":{"line1":null,"line2":null,"city":null,"state":null,"zip":null},"incomeTract":null,"incomeBlockGroup":null,"nearestRoad":null,"flu":null,"opportunityZone":null,"oz2Eligibility":null,"source":"sc-chesterfield-parcels-45025","appraiserUrl":null,"gisViewerUrl":"https://chesterfieldsc.wthgis.com/"},"geometry":{"type":"Polygon","coordinates":[[[-80.147721,34.488764],[-80.147577,34.487402],[-80.144584,34.487618],[-80.144728,34.48898],[-80.147721,34.488764]]]}},{"type":"Feature","id":"45025:163 000 000 225","properties":{"id":"45025:163 000 000 225","parcelId":"163 000 000 225","countyFips":"45025","countyName":"Chesterfield","state":"South Carolina","marketIds":["Columbia"],"situsAddress":null,"situsCity":null,"situsZip":null,"jurisdictionCode":null,"ownerName":"OKELLEY HAYDEN & LOGAN STANCIL","ownerName2":null,"propertyName":null,"zoningCode":null,"zoningDistrict":null,"jurisdictionPrefix":null,"dorCode":null,"acreage":19.599,"centroid":[-80.139774,34.494739],"lastSale":{"date":null,"price":null,"qualified":null},"tax":{"marketValue":null,"assessedValue":null,"taxableValue":null,"taxes":null},"mailingAddress":{"line1":null,"line2":null,"city":null,"state":null,"zip":null},"incomeTract":null,"incomeBlockGroup":null,"nearestRoad":null,"flu":null,"opportunityZone":null,"oz2Eligibility":null,"source":"sc-chesterfield-parcels-45025","appraiserUrl":null,"gisViewerUrl":"https://chesterfieldsc.wthgis.com/"},"geometry":{"type":"Polygon","coordinates":[[[-80.143156,34.494781],[-80.140106,34.493609],[-80.1365,34.49406],[-80.137407,34.495606],[-80.140264,34.495195],[-80.14121,34.49518],[-80.143156,34.494781]]]}}]}