{"type":"FeatureCollection","name":"12105-3_2","features":[{"type":"Feature","id":"12105:233204000000032020","properties":{"id":"12105:233204000000032020","parcelId":"233204000000032020","countyFips":"12105","countyName":"Polk","state":"Florida","marketIds":["Tampa"],"situsAddress":"3500 BETHLEHEM RD","situsCity":"Mulberry","situsZip":"33860","jurisdictionCode":"Mulberry","ownerName":"TAMPA ELECTRIC COMPANY","ownerName2":null,"propertyName":null,"zoningCode":null,"zoningDistrict":null,"jurisdictionPrefix":null,"dorCode":"9190","acreage":126.4258,"centroid":[-82.019595,27.725803],"lastSale":{"date":null,"price":null,"qualified":null},"tax":{"marketValue":611175.0,"assessedValue":611175.0,"taxableValue":611175.0,"taxes":null},"mailingAddress":{"line1":"PO BOX 111","line2":null,"city":"TAMPA FL 33601-0111","state":null,"zip":null},"incomeTract":null,"incomeBlockGroup":null,"nearestRoad":null,"flu":{"code":"A/RR","label":"A/RR","jurisdiction":"Unincorporated Polk","source":"polk-flu-2030"},"opportunityZone":null,"oz2Eligibility":{"eligible":true,"rural":true,"tractGeoid":"12105016100","tractName":"Census Tract 161","designation":"eligible-for-nomination","source":"rev-proc-2026-14"},"source":"fl-polk-property-appraiser-134","municipality":"Mulberry","zoningDescription":null,"appraiserUrl":"https://www.polkpa.org/","dataGaps":["Polk market parcels are Property_Appraiser MapServer/134. Orlando shed tiles are unchanged.","No countywide zoning-district polygons are published. County FLU 2030 (FLUNAME / FLU_LDC) is land use only and is not stored as zoning.","Property Appraiser parcels have no sale fields. A sale is copied from the FDOR/DOH extract when the parcel id matches.","Lakeland zoning and future land use are city AGOL polygons (LABEL / DESIGNATIO) joined onto county parcels inside the city. Winter Haven has no verified public zoning FeatureServer."]},"geometry":{"type":"Polygon","coordinates":[[[-82.01822,27.72277],[-82.0182,27.72549],[-82.02024,27.72548],[-82.02025,27.7242],[-82.02228,27.72419],[-82.02227,27.72569],[-82.02115,27.7257],[-82.02114,27.72669],[-82.02159,27.72669],[-82.02156,27.72995],[-82.0141,27.72999],[-82.01414,27.72279],[-82.01822,27.72277]]]}},{"type":"Feature","id":"12105:233230000000012010","properties":{"id":"12105:233230000000012010","parcelId":"233230000000012010","countyFips":"12105","countyName":"Polk","state":"Florida","marketIds":["Tampa"],"situsAddress":"US HIGHWAY 37","situsCity":"Bowling Green","situsZip":"33834","jurisdictionCode":"Bowling Green","ownerName":"MOSAIC FERTILIZER LLC","ownerName2":null,"propertyName":null,"zoningCode":null,"zoningDistrict":null,"jurisdictionPrefix":null,"dorCode":"6020","acreage":114.9819,"centroid":[-82.040014,27.665438],"lastSale":{"date":null,"price":null,"qualified":null},"tax":{"marketValue":234133.0,"assessedValue":47794.0,"taxableValue":47794.0,"taxes":null},"mailingAddress":{"line1":"13830 CIRCA CROSSING DR","line2":null,"city":"LITHIA FL 33547-3953","state":null,"zip":null},"incomeTract":null,"incomeBlockGroup":null,"nearestRoad":null,"flu":{"code":"PM","label":"PM","jurisdiction":"Unincorporated Polk","source":"polk-flu-2030"},"opportunityZone":null,"oz2Eligibility":{"eligible":true,"rural":true,"tractGeoid":"12105016100","tractName":"Census Tract 161","designation":"eligible-for-nomination","source":"rev-proc-2026-14"},"source":"fl-polk-property-appraiser-134","municipality":"Bowling Green","zoningDescription":null,"appraiserUrl":"https://www.polkpa.org/","dataGaps":["Polk market parcels are Property_Appraiser MapServer/134. Orlando shed tiles are unchanged.","No countywide zoning-district polygons are published. County FLU 2030 (FLUNAME / FLU_LDC) is land use only and is not stored as zoning.","Property Appraiser parcels have no sale fields. A sale is copied from the FDOR/DOH extract when the parcel id matches.","Lakeland zoning and future land use are city AGOL polygons (LABEL / DESIGNATIO) joined onto county parcels inside the city. Winter Haven has no verified public zoning FeatureServer."]},"geometry":{"type":"Polygon","coordinates":[[[-82.03859,27.66448],[-82.03858,27.66084],[-82.04566,27.66088],[-82.03863,27.67287],[-82.03861,27.66812],[-82.03859,27.66448]]]}},{"type":"Feature","id":"12105:233209000000011010","properties":{"id":"12105:233209000000011010","parcelId":"233209000000011010","countyFips":"12105","countyName":"Polk","state":"Florida","marketIds":["Tampa"],"situsAddress":"HIGHWAY 37","situsCity":"Mulberry","situsZip":"33860","jurisdictionCode":"Mulberry","ownerName":"TAMPA ELECTRIC COMPANY","ownerName2":null,"propertyName":null,"zoningCode":null,"zoningDistrict":null,"jurisdictionPrefix":null,"dorCode":"9190","acreage":113.6825,"centroid":[-82.010927,27.71524],"lastSale":{"date":null,"price":null,"qualified":null},"tax":{"marketValue":495199.0,"assessedValue":495199.0,"taxableValue":495199.0,"taxes":null},"mailingAddress":{"line1":"PO BOX 111","line2":null,"city":"TAMPA FL 33601-0111","state":null,"zip":null},"incomeTract":null,"incomeBlockGroup":null,"nearestRoad":null,"flu":{"code":"PM","label":"PM","jurisdiction":"Unincorporated Polk","source":"polk-flu-2030"},"opportunityZone":null,"oz2Eligibility":{"eligible":true,"rural":true,"tractGeoid":"12105016100","tractName":"Census Tract 161","designation":"eligible-for-nomination","source":"rev-proc-2026-14"},"source":"fl-polk-property-appraiser-134","municipality":"Mulberry","zoningDescription":null,"appraiserUrl":"https://www.polkpa.org/","dataGaps":["Polk market parcels are Property_Appraiser MapServer/134. Orlando shed tiles are unchanged.","No countywide zoning-district polygons are published. County FLU 2030 (FLUNAME / FLU_LDC) is land use only and is not stored as zoning.","Property Appraiser parcels have no sale fields. A sale is copied from the FDOR/DOH extract when the parcel id matches.","Lakeland zoning and future land use are city AGOL polygons (LABEL / DESIGNATIO) joined onto county parcels inside the city. Winter Haven has no verified public zoning FeatureServer."]},"geometry":{"type":"Polygon","coordinates":[[[-82.00599,27.7134],[-82.01331,27.71337],[-82.01421,27.71241],[-82.01459,27.71386],[-82.01146,27.71918],[-82.006,27.71922],[-82.00599,27.7134]]]}},{"type":"Feature","id":"12105:233205000000044010","properties":{"id":"12105:233205000000044010","parcelId":"233205000000044010","countyFips":"12105","countyName":"Polk","state":"Florida","marketIds":["Tampa"],"situsAddress":"ALBRITTON RD","situsCity":"Mulberry","situsZip":"33860","jurisdictionCode":"Mulberry","ownerName":"TAMPA ELECTRIC COMPANY","ownerName2":null,"propertyName":null,"zoningCode":null,"zoningDistrict":null,"jurisdictionPrefix":null,"dorCode":"9190","acreage":82.0984,"centroid":[-82.033049,27.720185],"lastSale":{"date":null,"price":null,"qualified":null},"tax":{"marketValue":387053.0,"assessedValue":387053.0,"taxableValue":387053.0,"taxes":null},"mailingAddress":{"line1":"PO BOX 111","line2":null,"city":"TAMPA FL 33601-0111","state":null,"zip":null},"incomeTract":null,"incomeBlockGroup":null,"nearestRoad":null,"flu":{"code":"A/RR","label":"A/RR","jurisdiction":"Unincorporated Polk","source":"polk-flu-2030"},"opportunityZone":null,"oz2Eligibility":null,"source":"fl-polk-property-appraiser-134","municipality":"Mulberry","zoningDescription":null,"appraiserUrl":"https://www.polkpa.org/","dataGaps":["Polk market parcels are Property_Appraiser MapServer/134. Orlando shed tiles are unchanged.","No countywide zoning-district polygons are published. County FLU 2030 (FLUNAME / FLU_LDC) is land use only and is not stored as zoning.","Property Appraiser parcels have no sale fields. A sale is copied from the FDOR/DOH extract when the parcel id matches.","Lakeland zoning and future land use are city AGOL polygons (LABEL / DESIGNATIO) joined onto county parcels inside the city. Winter Haven has no verified public zoning FeatureServer."]},"geometry":{"type":"Polygon","coordinates":[[[-82.03771,27.72275],[-82.0305,27.72275],[-82.03051,27.72046],[-82.0294,27.72046],[-82.0294,27.71915],[-82.03068,27.71912],[-82.0315,27.71891],[-82.0315,27.72027],[-82.03274,27.72027],[-82.03274,27.7187],[-82.03337,27.71871],[-82.03526,27.71912],[-82.0387,27.71917],[-82.03868,27.72275],[-82.03771,27.72275]]]}},{"type":"Feature","id":"12105:233205000000022010","properties":{"id":"12105:233205000000022010","parcelId":"233205000000022010","countyFips":"12105","countyName":"Polk","state":"Florida","marketIds":["Tampa"],"situsAddress":"ALBRITTON RD","situsCity":"Mulberry","situsZip":"33860","jurisdictionCode":"Mulberry","ownerName":"TAMPA ELECTRIC COMPANY","ownerName2":null,"propertyName":null,"zoningCode":null,"zoningDistrict":null,"jurisdictionPrefix":null,"dorCode":"0007","acreage":65.1679,"centroid":[-82.024691,27.723359],"lastSale":{"date":null,"price":null,"qualified":null},"tax":{"marketValue":416475.0,"assessedValue":416475.0,"taxableValue":416475.0,"taxes":null},"mailingAddress":{"line1":"PO BOX 111","line2":null,"city":"TAMPA FL 33601-0111","state":null,"zip":null},"incomeTract":null,"incomeBlockGroup":null,"nearestRoad":null,"flu":{"code":"A/RR","label":"A/RR","jurisdiction":"Unincorporated Polk","source":"polk-flu-2030"},"opportunityZone":null,"oz2Eligibility":{"eligible":true,"rural":true,"tractGeoid":"12105016100","tractName":"Census Tract 161","designation":"eligible-for-nomination","source":"rev-proc-2026-14"},"source":"fl-polk-property-appraiser-134","municipality":"Mulberry","zoningDescription":null,"appraiserUrl":"https://www.polkpa.org/","dataGaps":["Polk market parcels are Property_Appraiser MapServer/134. Orlando shed tiles are unchanged.","No countywide zoning-district polygons are published. County FLU 2030 (FLUNAME / FLU_LDC) is land use only and is not stored as zoning.","Property Appraiser parcels have no sale fields. A sale is copied from the FDOR/DOH extract when the parcel id matches.","Lakeland zoning and future land use are city AGOL polygons (LABEL / DESIGNATIO) joined onto county parcels inside the city. Winter Haven has no verified public zoning FeatureServer."]},"geometry":{"type":"Polygon","coordinates":[[[-82.02523,27.72638],[-82.02346,27.7258],[-82.02227,27.72522],[-82.02233,27.71916],[-82.02536,27.71915],[-82.02531,27.72258],[-82.02549,27.72277],[-82.0264,27.72279],[-82.02637,27.72638],[-82.02523,27.72638]]]}},{"type":"Feature","id":"12105:233204000000012020","properties":{"id":"12105:233204000000012020","parcelId":"233204000000012020","countyFips":"12105","countyName":"Polk","state":"Florida","marketIds":["Tampa"],"situsAddress":"HIGHWAY 37","situsCity":"Mulberry","situsZip":"33860","jurisdictionCode":"Mulberry","ownerName":"TAMPA ELECTRIC COMPANY","ownerName2":null,"propertyName":null,"zoningCode":null,"zoningDistrict":null,"jurisdictionPrefix":null,"dorCode":"9190","acreage":59.9207,"centroid":[-82.007613,27.723322],"lastSale":{"date":null,"price":null,"qualified":null},"tax":{"marketValue":261020.0,"assessedValue":261020.0,"taxableValue":261020.0,"taxes":null},"mailingAddress":{"line1":"PO BOX 111","line2":null,"city":"TAMPA FL 33601-0111","state":null,"zip":null},"incomeTract":null,"incomeBlockGroup":null,"nearestRoad":null,"flu":{"code":"PM","label":"PM","jurisdiction":"Unincorporated Polk","source":"polk-flu-2030"},"opportunityZone":null,"oz2Eligibility":{"eligible":true,"rural":true,"tractGeoid":"12105016100","tractName":"Census Tract 161","designation":"eligible-for-nomination","source":"rev-proc-2026-14"},"source":"fl-polk-property-appraiser-134","municipality":"Mulberry","zoningDescription":null,"appraiserUrl":"https://www.polkpa.org/","dataGaps":["Polk market parcels are Property_Appraiser MapServer/134. Orlando shed tiles are unchanged.","No countywide zoning-district polygons are published. County FLU 2030 (FLUNAME / FLU_LDC) is land use only and is not stored as zoning.","Property Appraiser parcels have no sale fields. A sale is copied from the FDOR/DOH extract when the parcel id matches.","Lakeland zoning and future land use are city AGOL polygons (LABEL / DESIGNATIO) joined onto county parcels inside the city. Winter Haven has no verified public zoning FeatureServer."]},"geometry":{"type":"Polygon","coordinates":[[[-82.00598,27.72648],[-82.006,27.71922],[-82.01146,27.71918],[-82.00883,27.72329],[-82.00743,27.72508],[-82.00598,27.72668],[-82.00598,27.72648]]]}},{"type":"Feature","id":"12105:233208000000013010","properties":{"id":"12105:233208000000013010","parcelId":"233208000000013010","countyFips":"12105","countyName":"Polk","state":"Florida","marketIds":["Tampa"],"situsAddress":"ALBRITTON RD","situsCity":"Mulberry","situsZip":"33860","jurisdictionCode":"Mulberry","ownerName":"TAMPA ELECTRIC COMPANY","ownerName2":null,"propertyName":null,"zoningCode":null,"zoningDistrict":null,"jurisdictionPrefix":null,"dorCode":"9925","acreage":54.439,"centroid":[-82.032222,27.718066],"lastSale":{"date":null,"price":null,"qualified":null},"tax":{"marketValue":377755.0,"assessedValue":377755.0,"taxableValue":377755.0,"taxes":null},"mailingAddress":{"line1":"3600 MIDTOWN DR","line2":null,"city":"TAMPA FL 33607-4808","state":null,"zip":null},"incomeTract":null,"incomeBlockGroup":null,"nearestRoad":null,"flu":{"code":"A/RR","label":"A/RR","jurisdiction":"Unincorporated Polk","source":"polk-flu-2030"},"opportunityZone":null,"oz2Eligibility":{"eligible":true,"rural":true,"tractGeoid":"12105016100","tractName":"Census Tract 161","designation":"eligible-for-nomination","source":"rev-proc-2026-14"},"source":"fl-polk-property-appraiser-134","municipality":"Mulberry","zoningDescription":null,"appraiserUrl":"https://www.polkpa.org/","dataGaps":["Polk market parcels are Property_Appraiser MapServer/134. Orlando shed tiles are unchanged.","No countywide zoning-district polygons are published. County FLU 2030 (FLUNAME / FLU_LDC) is land use only and is not stored as zoning.","Property Appraiser parcels have no sale fields. A sale is copied from the FDOR/DOH extract when the parcel id matches.","Lakeland zoning and future land use are city AGOL polygons (LABEL / DESIGNATIO) joined onto county parcels inside the city. Winter Haven has no verified public zoning FeatureServer."]},"geometry":{"type":"Polygon","coordinates":[[[-82.02847,27.71902],[-82.02849,27.71548],[-82.03467,27.71549],[-82.03465,27.71888],[-82.03444,27.71883],[-82.03445,27.71781],[-82.03386,27.71784],[-82.03381,27.71869],[-82.03213,27.71863],[-82.03065,27.71904],[-82.02882,27.71902],[-82.02847,27.71902]]]}},{"type":"Feature","id":"12105:233205000000012030","properties":{"id":"12105:233205000000012030","parcelId":"233205000000012030","countyFips":"12105","countyName":"Polk","state":"Florida","marketIds":["Tampa"],"situsAddress":"BETHLEHEM RD","situsCity":"Mulberry","situsZip":"33860","jurisdictionCode":"Mulberry","ownerName":"VETTER LANA ALBRITTON","ownerName2":null,"propertyName":null,"zoningCode":null,"zoningDistrict":null,"jurisdictionPrefix":null,"dorCode":"6000","acreage":41.9785,"centroid":[-82.024248,27.728135],"lastSale":{"date":null,"price":null,"qualified":null},"tax":{"marketValue":298983.0,"assessedValue":8669.0,"taxableValue":8669.0,"taxes":null},"mailingAddress":{"line1":"3110 CARLETON CIR E","line2":null,"city":"LAKELAND FL 33803-4545","state":null,"zip":null},"incomeTract":null,"incomeBlockGroup":null,"nearestRoad":null,"flu":{"code":"A/RR","label":"A/RR","jurisdiction":"Unincorporated Polk","source":"polk-flu-2030"},"opportunityZone":null,"oz2Eligibility":{"eligible":true,"rural":true,"tractGeoid":"12105016100","tractName":"Census Tract 161","designation":"eligible-for-nomination","source":"rev-proc-2026-14"},"source":"fl-polk-property-appraiser-134","municipality":"Mulberry","zoningDescription":null,"appraiserUrl":"https://www.polkpa.org/","dataGaps":["Polk market parcels are Property_Appraiser MapServer/134. Orlando shed tiles are unchanged.","No countywide zoning-district polygons are published. County FLU 2030 (FLUNAME / FLU_LDC) is land use only and is not stored as zoning.","Property Appraiser parcels have no sale fields. A sale is copied from the FDOR/DOH extract when the parcel id matches.","Lakeland zoning and future land use are city AGOL polygons (LABEL / DESIGNATIO) joined onto county parcels inside the city. Winter Haven has no verified public zoning FeatureServer."]},"geometry":{"type":"Polygon","coordinates":[[[-82.02264,27.72993],[-82.02222,27.72994],[-82.02227,27.72522],[-82.02346,27.7258],[-82.02523,27.72638],[-82.02637,27.72638],[-82.02627,27.72832],[-82.02565,27.72956],[-82.02511,27.72989],[-82.02326,27.72993],[-82.02264,27.72993]],[[-82.02593,27.72936],[-82.02602,27.72918],[-82.02602,27.73002],[-82.02519,27.73002],[-82.02576,27.72959],[-82.02593,27.72936]]]}},{"type":"Feature","id":"12105:233203000000031010","properties":{"id":"12105:233203000000031010","parcelId":"233203000000031010","countyFips":"12105","countyName":"Polk","state":"Florida","marketIds":["Tampa"],"situsAddress":"US HIGHWAY 37","situsCity":"Mulberry","situsZip":"33860","jurisdictionCode":"Mulberry","ownerName":"KOVACS BROTHERS INC","ownerName2":null,"propertyName":null,"zoningCode":null,"zoningDistrict":null,"jurisdictionPrefix":null,"dorCode":"6000","acreage":40.168,"centroid":[-82.003484,27.731988],"lastSale":{"date":null,"price":null,"qualified":null},"tax":{"marketValue":120504.0,"assessedValue":16119.0,"taxableValue":16119.0,"taxes":null},"mailingAddress":{"line1":"PO BOX 244","line2":null,"city":"MULBERRY FL 33860-0244","state":null,"zip":null},"incomeTract":null,"incomeBlockGroup":null,"nearestRoad":null,"flu":{"code":"PM","label":"PM","jurisdiction":"Unincorporated Polk","source":"polk-flu-2030"},"opportunityZone":null,"oz2Eligibility":{"eligible":true,"rural":true,"tractGeoid":"12105016100","tractName":"Census Tract 161","designation":"eligible-for-nomination","source":"rev-proc-2026-14"},"source":"fl-polk-property-appraiser-134","municipality":"Mulberry","zoningDescription":null,"appraiserUrl":"https://www.polkpa.org/","dataGaps":["Polk market parcels are Property_Appraiser MapServer/134. Orlando shed tiles are unchanged.","No countywide zoning-district polygons are published. County FLU 2030 (FLUNAME / FLU_LDC) is land use only and is not stored as zoning.","Property Appraiser parcels have no sale fields. A sale is copied from the FDOR/DOH extract when the parcel id matches.","Lakeland zoning and future land use are city AGOL polygons (LABEL / DESIGNATIO) joined onto county parcels inside the city. Winter Haven has no verified public zoning FeatureServer."]},"geometry":{"type":"Polygon","coordinates":[[[-82.00051,27.73372],[-82.00155,27.73218],[-82.00343,27.73013],[-82.00597,27.73014],[-82.00596,27.73377],[-82.00051,27.73372]]]}},{"type":"Feature","id":"12105:233207000000011010","properties":{"id":"12105:233207000000011010","parcelId":"233207000000011010","countyFips":"12105","countyName":"Polk","state":"Florida","marketIds":["Tampa"],"situsAddress":"ALBRITTON RD","situsCity":"Mulberry","situsZip":"33860","jurisdictionCode":"Mulberry","ownerName":"TAMPA ELECTRIC COMPANY","ownerName2":null,"propertyName":null,"zoningCode":null,"zoningDistrict":null,"jurisdictionPrefix":null,"dorCode":"9190","acreage":38.872,"centroid":[-82.041102,27.717654],"lastSale":{"date":null,"price":null,"qualified":null},"tax":{"marketValue":169326.0,"assessedValue":169326.0,"taxableValue":169326.0,"taxes":null},"mailingAddress":{"line1":"PO BOX 111","line2":null,"city":"TAMPA FL 33601-0111","state":null,"zip":null},"incomeTract":null,"incomeBlockGroup":null,"nearestRoad":null,"flu":{"code":"A/RR","label":"A/RR","jurisdiction":"Unincorporated Polk","source":"polk-flu-2030"},"opportunityZone":null,"oz2Eligibility":{"eligible":true,"rural":true,"tractGeoid":"12105016100","tractName":"Census Tract 161","designation":"eligible-for-nomination","source":"rev-proc-2026-14"},"source":"fl-polk-property-appraiser-134","municipality":"Mulberry","zoningDescription":null,"appraiserUrl":"https://www.polkpa.org/","dataGaps":["Polk market parcels are Property_Appraiser MapServer/134. Orlando shed tiles are unchanged.","No countywide zoning-district polygons are published. County FLU 2030 (FLUNAME / FLU_LDC) is land use only and is not stored as zoning.","Property Appraiser parcels have no sale fields. A sale is copied from the FDOR/DOH extract when the parcel id matches.","Lakeland zoning and future land use are city AGOL polygons (LABEL / DESIGNATIO) joined onto county parcels inside the city. Winter Haven has no verified public zoning FeatureServer."]},"geometry":{"type":"Polygon","coordinates":[[[-82.04259,27.71909],[-82.0387,27.71906],[-82.03871,27.71549],[-82.04276,27.71553],[-82.04275,27.7191],[-82.04259,27.71909]]]}},{"type":"Feature","id":"12105:233205000000031030","properties":{"id":"12105:233205000000031030","parcelId":"233205000000031030","countyFips":"12105","countyName":"Polk","state":"Florida","marketIds":["Tampa"],"situsAddress":"BETHLEHEM RD","situsCity":"Mulberry","situsZip":"33860","jurisdictionCode":"Mulberry","ownerName":"HAYNSWORTH LLC","ownerName2":null,"propertyName":null,"zoningCode":null,"zoningDistrict":null,"jurisdictionPrefix":null,"dorCode":"6000","acreage":38.6264,"centroid":[-82.036142,27.73282],"lastSale":{"date":null,"price":null,"qualified":null},"tax":{"marketValue":61093.0,"assessedValue":5902.0,"taxableValue":5902.0,"taxes":null},"mailingAddress":{"line1":"250 CANTERWOOD LN","line2":null,"city":"MULBERRY FL 33860-7637","state":null,"zip":null},"incomeTract":null,"incomeBlockGroup":null,"nearestRoad":null,"flu":{"code":"A/RR","label":"A/RR","jurisdiction":"Unincorporated Polk","source":"polk-flu-2030"},"opportunityZone":null,"oz2Eligibility":{"eligible":true,"rural":true,"tractGeoid":"12105016100","tractName":"Census Tract 161","designation":"eligible-for-nomination","source":"rev-proc-2026-14"},"source":"fl-polk-property-appraiser-134","municipality":"Mulberry","zoningDescription":null,"appraiserUrl":"https://www.polkpa.org/","dataGaps":["Polk market parcels are Property_Appraiser MapServer/134. Orlando shed tiles are unchanged.","No countywide zoning-district polygons are published. County FLU 2030 (FLUNAME / FLU_LDC) is land use only and is not stored as zoning.","Property Appraiser parcels have no sale fields. A sale is copied from the FDOR/DOH extract when the parcel id matches.","Lakeland zoning and future land use are city AGOL polygons (LABEL / DESIGNATIO) joined onto county parcels inside the city. Winter Haven has no verified public zoning FeatureServer."]},"geometry":{"type":"Polygon","coordinates":[[[-82.03765,27.73382],[-82.0329,27.73382],[-82.03291,27.73132],[-82.03863,27.73132],[-82.03862,27.73382],[-82.03765,27.73382]]]}},{"type":"Feature","id":"12105:233208000000033010","properties":{"id":"12105:233208000000033010","parcelId":"233208000000033010","countyFips":"12105","countyName":"Polk","state":"Florida","marketIds":["Tampa"],"situsAddress":"ALBRITTON RD","situsCity":"Mulberry","situsZip":"33860","jurisdictionCode":"Mulberry","ownerName":"TAMPA ELECTRIC COMPANY","ownerName2":null,"propertyName":null,"zoningCode":null,"zoningDistrict":null,"jurisdictionPrefix":null,"dorCode":"9925","acreage":38.5335,"centroid":[-82.036767,27.71783],"lastSale":{"date":null,"price":null,"qualified":null},"tax":{"marketValue":314134.0,"assessedValue":314134.0,"taxableValue":314134.0,"taxes":null},"mailingAddress":{"line1":"PO BOX 111","line2":null,"city":"TAMPA FL 33601-0111","state":null,"zip":null},"incomeTract":null,"incomeBlockGroup":null,"nearestRoad":null,"flu":{"code":"A/RR","label":"A/RR","jurisdiction":"Unincorporated Polk","source":"polk-flu-2030"},"opportunityZone":null,"oz2Eligibility":{"eligible":true,"rural":true,"tractGeoid":"12105016100","tractName":"Census Tract 161","designation":"eligible-for-nomination","source":"rev-proc-2026-14"},"source":"fl-polk-property-appraiser-134","municipality":"Mulberry","zoningDescription":null,"appraiserUrl":"https://www.polkpa.org/","dataGaps":["Polk market parcels are Property_Appraiser MapServer/134. Orlando shed tiles are unchanged.","No countywide zoning-district polygons are published. County FLU 2030 (FLUNAME / FLU_LDC) is land use only and is not stored as zoning.","Property Appraiser parcels have no sale fields. A sale is copied from the FDOR/DOH extract when the parcel id matches.","Lakeland zoning and future land use are city AGOL polygons (LABEL / DESIGNATIO) joined onto county parcels inside the city. Winter Haven has no verified public zoning FeatureServer."]},"geometry":{"type":"Polygon","coordinates":[[[-82.03857,27.71905],[-82.0353,27.71901],[-82.03465,27.71888],[-82.03467,27.71549],[-82.03871,27.71549],[-82.0387,27.71906],[-82.03857,27.71905]]]}},{"type":"Feature","id":"12105:233205000000041000","properties":{"id":"12105:233205000000041000","parcelId":"233205000000041000","countyFips":"12105","countyName":"Polk","state":"Florida","marketIds":["Tampa"],"situsAddress":"5400 BETHLEHEM RD","situsCity":"Mulberry","situsZip":"33860","jurisdictionCode":"Mulberry","ownerName":"OLD PATHS HOLINESS CHURCH OF MULBERRY INC","ownerName2":null,"propertyName":null,"zoningCode":null,"zoningDistrict":null,"jurisdictionPrefix":null,"dorCode":"7100","acreage":38.0579,"centroid":[-82.032417,27.725397],"lastSale":{"date":null,"price":null,"qualified":null},"tax":{"marketValue":1421245.0,"assessedValue":517288.0,"taxableValue":0.0,"taxes":null},"mailingAddress":{"line1":"5945 BETHLEHEM RD","line2":null,"city":"MULBERRY FL 33860-9029","state":null,"zip":null},"incomeTract":null,"incomeBlockGroup":null,"nearestRoad":null,"flu":{"code":"A/RR","label":"A/RR","jurisdiction":"Unincorporated Polk","source":"polk-flu-2030"},"opportunityZone":null,"oz2Eligibility":{"eligible":true,"rural":true,"tractGeoid":"12105016100","tractName":"Census Tract 161","designation":"eligible-for-nomination","source":"rev-proc-2026-14"},"source":"fl-polk-property-appraiser-134","municipality":"Mulberry","zoningDescription":null,"appraiserUrl":"https://www.polkpa.org/","dataGaps":["Polk market parcels are Property_Appraiser MapServer/134. Orlando shed tiles are unchanged.","No countywide zoning-district polygons are published. County FLU 2030 (FLUNAME / FLU_LDC) is land use only and is not stored as zoning.","Property Appraiser parcels have no sale fields. A sale is copied from the FDOR/DOH extract when the parcel id matches.","Lakeland zoning and future land use are city AGOL polygons (LABEL / DESIGNATIO) joined onto county parcels inside the city. Winter Haven has no verified public zoning FeatureServer."]},"geometry":{"type":"Polygon","coordinates":[[[-82.03048,27.72638],[-82.0305,27.72275],[-82.03459,27.72275],[-82.03457,27.72627],[-82.03306,27.72637],[-82.03287,27.72592],[-82.03246,27.72597],[-82.03243,27.72578],[-82.03079,27.72638],[-82.03048,27.72638]]]}},{"type":"Feature","id":"12105:233206000000042010","properties":{"id":"12105:233206000000042010","parcelId":"233206000000042010","countyFips":"12105","countyName":"Polk","state":"Florida","marketIds":["Tampa"],"situsAddress":"6655 ALBRITTON RD","situsCity":"Mulberry","situsZip":"33860","jurisdictionCode":"Mulberry","ownerName":"ALBRITTON JAMES DAVID","ownerName2":null,"propertyName":null,"zoningCode":null,"zoningDistrict":null,"jurisdictionPrefix":null,"dorCode":"6001","acreage":30.4446,"centroid":[-82.048475,27.720402],"lastSale":{"date":null,"price":null,"qualified":null},"tax":{"marketValue":274413.0,"assessedValue":36344.0,"taxableValue":36344.0,"taxes":null},"mailingAddress":{"line1":"6541 ALBRITTON RD","line2":null,"city":"MULBERRY FL 33860-9125","state":null,"zip":null},"incomeTract":null,"incomeBlockGroup":null,"nearestRoad":null,"flu":{"code":"A/RR","label":"A/RR","jurisdiction":"Unincorporated Polk","source":"polk-flu-2030"},"opportunityZone":null,"oz2Eligibility":{"eligible":true,"rural":true,"tractGeoid":"12105016100","tractName":"Census Tract 161","designation":"eligible-for-nomination","source":"rev-proc-2026-14"},"source":"fl-polk-property-appraiser-134","municipality":"Mulberry","zoningDescription":null,"appraiserUrl":"https://www.polkpa.org/","dataGaps":["Polk market parcels are Property_Appraiser MapServer/134. Orlando shed tiles are unchanged.","No countywide zoning-district polygons are published. County FLU 2030 (FLUNAME / FLU_LDC) is land use only and is not stored as zoning.","Property Appraiser parcels have no sale fields. A sale is copied from the FDOR/DOH extract when the parcel id matches.","Lakeland zoning and future land use are city AGOL polygons (LABEL / DESIGNATIO) joined onto county parcels inside the city. Winter Haven has no verified public zoning FeatureServer."]},"geometry":{"type":"Polygon","coordinates":[[[-82.04908,27.71932],[-82.05028,27.71933],[-82.05023,27.72288],[-82.04684,27.72284],[-82.04685,27.72011],[-82.04787,27.72012],[-82.04788,27.7193],[-82.04877,27.71932],[-82.04908,27.71932]]]}},{"type":"Feature","id":"12105:233206000000022010","properties":{"id":"12105:233206000000022010","parcelId":"233206000000022010","countyFips":"12105","countyName":"Polk","state":"Florida","marketIds":["Tampa"],"situsAddress":"5955 ALBRITTON RD","situsCity":"Mulberry","situsZip":"33860","jurisdictionCode":"Mulberry","ownerName":"HOWELL JONATHAN","ownerName2":null,"propertyName":null,"zoningCode":null,"zoningDistrict":null,"jurisdictionPrefix":null,"dorCode":"6002","acreage":29.6473,"centroid":[-82.04134,27.72135],"lastSale":{"date":null,"price":null,"qualified":null},"tax":{"marketValue":761740.0,"assessedValue":305536.0,"taxableValue":254125.0,"taxes":null},"mailingAddress":{"line1":"5955 ALBRITTON RD","line2":null,"city":"MULBERRY FL 33860-9119","state":null,"zip":null},"incomeTract":null,"incomeBlockGroup":null,"nearestRoad":null,"flu":{"code":"A/RR","label":"A/RR","jurisdiction":"Unincorporated Polk","source":"polk-flu-2030"},"opportunityZone":null,"oz2Eligibility":{"eligible":true,"rural":true,"tractGeoid":"12105016100","tractName":"Census Tract 161","designation":"eligible-for-nomination","source":"rev-proc-2026-14"},"source":"fl-polk-property-appraiser-134","municipality":"Mulberry","zoningDescription":null,"appraiserUrl":"https://www.polkpa.org/","dataGaps":["Polk market parcels are Property_Appraiser MapServer/134. Orlando shed tiles are unchanged.","No countywide zoning-district polygons are published. County FLU 2030 (FLUNAME / FLU_LDC) is land use only and is not stored as zoning.","Property Appraiser parcels have no sale fields. A sale is copied from the FDOR/DOH extract when the parcel id matches.","Lakeland zoning and future land use are city AGOL polygons (LABEL / DESIGNATIO) joined onto county parcels inside the city. Winter Haven has no verified public zoning FeatureServer."]},"geometry":{"type":"Polygon","coordinates":[[[-82.04174,27.72279],[-82.0397,27.72277],[-82.03972,27.71918],[-82.04278,27.71921],[-82.04276,27.7228],[-82.04174,27.72279]]]}},{"type":"Feature","id":"12105:233205000000034010","properties":{"id":"12105:233205000000034010","parcelId":"233205000000034010","countyFips":"12105","countyName":"Polk","state":"Florida","marketIds":["Tampa"],"situsAddress":"5655 BETHLEHEM RD","situsCity":"Mulberry","situsZip":"33860","jurisdictionCode":"Mulberry","ownerName":"GANT JAMES WESLEY","ownerName2":null,"propertyName":null,"zoningCode":null,"zoningDistrict":null,"jurisdictionPrefix":null,"dorCode":"6002","acreage":28.37,"centroid":[-82.036977,27.727475],"lastSale":{"date":null,"price":null,"qualified":null},"tax":{"marketValue":438449.0,"assessedValue":100961.0,"taxableValue":49550.0,"taxes":null},"mailingAddress":{"line1":"5665 BETHLEHEM RD","line2":null,"city":"MULBERRY FL 33860-9026","state":null,"zip":null},"incomeTract":null,"incomeBlockGroup":null,"nearestRoad":null,"flu":{"code":"A/RR","label":"A/RR","jurisdiction":"Unincorporated Polk","source":"polk-flu-2030"},"opportunityZone":null,"oz2Eligibility":{"eligible":true,"rural":true,"tractGeoid":"12105016100","tractName":"Census Tract 161","designation":"eligible-for-nomination","source":"rev-proc-2026-14"},"source":"fl-polk-property-appraiser-134","municipality":"Mulberry","zoningDescription":null,"appraiserUrl":"https://www.polkpa.org/","dataGaps":["Polk market parcels are Property_Appraiser MapServer/134. Orlando shed tiles are unchanged.","No countywide zoning-district polygons are published. County FLU 2030 (FLUNAME / FLU_LDC) is land use only and is not stored as zoning.","Property Appraiser parcels have no sale fields. A sale is copied from the FDOR/DOH extract when the parcel id matches.","Lakeland zoning and future land use are city AGOL polygons (LABEL / DESIGNATIO) joined onto county parcels inside the city. Winter Haven has no verified public zoning FeatureServer."]},"geometry":{"type":"Polygon","coordinates":[[[-82.03455,27.73002],[-82.03456,27.7282],[-82.03656,27.72821],[-82.03657,27.72635],[-82.03672,27.72634],[-82.03672,27.72696],[-82.03737,27.72696],[-82.03737,27.72633],[-82.03801,27.72639],[-82.03801,27.72696],[-82.03865,27.72696],[-82.03864,27.73002],[-82.03455,27.73002]]]}},{"type":"Feature","id":"12105:233204000000044020","properties":{"id":"12105:233204000000044020","parcelId":"233204000000044020","countyFips":"12105","countyName":"Polk","state":"Florida","marketIds":["Tampa"],"situsAddress":"4465 ALBRITTON RD","situsCity":"Mulberry","situsZip":"33860","jurisdictionCode":"Mulberry","ownerName":"DOREMUS DEBORAH HAYMAN","ownerName2":null,"propertyName":null,"zoningCode":null,"zoningDistrict":null,"jurisdictionPrefix":null,"dorCode":"6002","acreage":26.6789,"centroid":[-82.021029,27.721403],"lastSale":{"date":null,"price":null,"qualified":null},"tax":{"marketValue":474622.0,"assessedValue":229803.0,"taxableValue":229803.0,"taxes":null},"mailingAddress":{"line1":"1300 ROLLING WOODS LN","line2":null,"city":"LAKELAND FL 33813-1256","state":null,"zip":null},"incomeTract":null,"incomeBlockGroup":null,"nearestRoad":null,"flu":{"code":"A/RR","label":"A/RR","jurisdiction":"Unincorporated Polk","source":"polk-flu-2030"},"opportunityZone":null,"oz2Eligibility":{"eligible":true,"rural":true,"tractGeoid":"12105016100","tractName":"Census Tract 161","designation":"eligible-for-nomination","source":"rev-proc-2026-14"},"source":"fl-polk-property-appraiser-134","municipality":"Mulberry","zoningDescription":null,"appraiserUrl":"https://www.polkpa.org/","dataGaps":["Polk market parcels are Property_Appraiser MapServer/134. Orlando shed tiles are unchanged.","No countywide zoning-district polygons are published. County FLU 2030 (FLUNAME / FLU_LDC) is land use only and is not stored as zoning.","Property Appraiser parcels have no sale fields. A sale is copied from the FDOR/DOH extract when the parcel id matches.","Lakeland zoning and future land use are city AGOL polygons (LABEL / DESIGNATIO) joined onto county parcels inside the city. Winter Haven has no verified public zoning FeatureServer."]},"geometry":{"type":"Polygon","coordinates":[[[-82.02025,27.72355],[-82.02029,27.71979],[-82.0209,27.71979],[-82.0209,27.71914],[-82.02233,27.71916],[-82.02228,27.72419],[-82.02025,27.7242],[-82.02025,27.72355]]]}},{"type":"Feature","id":"12105:233206000000044030","properties":{"id":"12105:233206000000044030","parcelId":"233206000000044030","countyFips":"12105","countyName":"Polk","state":"Florida","marketIds":["Tampa"],"situsAddress":"ALBRITTON RD","situsCity":"Mulberry","situsZip":"33860","jurisdictionCode":"Mulberry","ownerName":"FIELDS JANICE K","ownerName2":null,"propertyName":null,"zoningCode":null,"zoningDistrict":null,"jurisdictionPrefix":null,"dorCode":"6000","acreage":20.8388,"centroid":[-82.053833,27.720689],"lastSale":{"date":null,"price":null,"qualified":null},"tax":{"marketValue":239366.0,"assessedValue":19079.0,"taxableValue":19079.0,"taxes":null},"mailingAddress":{"line1":"7235 ALBRITTON RD","line2":null,"city":"MULBERRY FL 33860-9132","state":null,"zip":null},"incomeTract":null,"incomeBlockGroup":null,"nearestRoad":null,"flu":{"code":"A/RR","label":"A/RR","jurisdiction":"Unincorporated Polk","source":"polk-flu-2030"},"opportunityZone":null,"oz2Eligibility":null,"source":"fl-polk-property-appraiser-134","municipality":"Mulberry","zoningDescription":null,"appraiserUrl":"https://www.polkpa.org/","dataGaps":["Polk market parcels are Property_Appraiser MapServer/134. Orlando shed tiles are unchanged.","No countywide zoning-district polygons are published. County FLU 2030 (FLUNAME / FLU_LDC) is land use only and is not stored as zoning.","Property Appraiser parcels have no sale fields. A sale is copied from the FDOR/DOH extract when the parcel id matches.","Lakeland zoning and future land use are city AGOL polygons (LABEL / DESIGNATIO) joined onto county parcels inside the city. Winter Haven has no verified public zoning FeatureServer."]},"geometry":{"type":"Polygon","coordinates":[[[-82.05394,27.71989],[-82.05394,27.72018],[-82.05496,27.72019],[-82.05496,27.72293],[-82.05254,27.7229],[-82.05255,27.71936],[-82.05394,27.71937],[-82.05394,27.71989]]]}},{"type":"Feature","id":"12105:233206000000012010","properties":{"id":"12105:233206000000012010","parcelId":"233206000000012010","countyFips":"12105","countyName":"Polk","state":"Florida","marketIds":["Tampa"],"situsAddress":"5945 BETHLEHEM RD","situsCity":"Mulberry","situsZip":"33860","jurisdictionCode":"Mulberry","ownerName":"OLD PATHS HOLINESS CHURCH OF MULBERRY","ownerName2":null,"propertyName":null,"zoningCode":null,"zoningDistrict":null,"jurisdictionPrefix":null,"dorCode":"7100","acreage":20.0168,"centroid":[-82.039826,27.727858],"lastSale":{"date":null,"price":null,"qualified":null},"tax":{"marketValue":278850.0,"assessedValue":278850.0,"taxableValue":0.0,"taxes":null},"mailingAddress":{"line1":"5945 BETHLEHEM RD","line2":null,"city":"MULBERRY FL 33860-9029","state":null,"zip":null},"incomeTract":null,"incomeBlockGroup":null,"nearestRoad":null,"flu":{"code":"A/RR","label":"A/RR","jurisdiction":"Unincorporated Polk","source":"polk-flu-2030"},"opportunityZone":null,"oz2Eligibility":{"eligible":true,"rural":true,"tractGeoid":"12105016100","tractName":"Census Tract 161","designation":"eligible-for-nomination","source":"rev-proc-2026-14"},"source":"fl-polk-property-appraiser-134","municipality":"Mulberry","zoningDescription":null,"appraiserUrl":"https://www.polkpa.org/","dataGaps":["Polk market parcels are Property_Appraiser MapServer/134. Orlando shed tiles are unchanged.","No countywide zoning-district polygons are published. County FLU 2030 (FLUNAME / FLU_LDC) is land use only and is not stored as zoning.","Property Appraiser parcels have no sale fields. A sale is copied from the FDOR/DOH extract when the parcel id matches.","Lakeland zoning and future land use are city AGOL polygons (LABEL / DESIGNATIO) joined onto county parcels inside the city. Winter Haven has no verified public zoning FeatureServer."]},"geometry":{"type":"Polygon","coordinates":[[[-82.03864,27.73002],[-82.03866,27.72639],[-82.04045,27.72641],[-82.0407,27.72642],[-82.04068,27.73005],[-82.03864,27.73002]]]}},{"type":"Feature","id":"12105:233205000000031020","properties":{"id":"12105:233205000000031020","parcelId":"233205000000031020","countyFips":"12105","countyName":"Polk","state":"Florida","marketIds":["Tampa"],"situsAddress":"BETHLEHEM RD","situsCity":"Mulberry","situsZip":"33860","jurisdictionCode":"Mulberry","ownerName":"HAYNSWORTH LLC","ownerName2":null,"propertyName":null,"zoningCode":null,"zoningDistrict":null,"jurisdictionPrefix":null,"dorCode":"6000","acreage":20.0024,"centroid":[-82.03553,27.73054],"lastSale":{"date":null,"price":null,"qualified":null},"tax":{"marketValue":48006.0,"assessedValue":9237.0,"taxableValue":9237.0,"taxes":null},"mailingAddress":{"line1":"250 CANTERWOOD LN","line2":null,"city":"MULBERRY FL 33860-7637","state":null,"zip":null},"incomeTract":null,"incomeBlockGroup":null,"nearestRoad":null,"flu":{"code":"A/RR","label":"A/RR","jurisdiction":"Unincorporated Polk","source":"polk-flu-2030"},"opportunityZone":null,"oz2Eligibility":{"eligible":true,"rural":true,"tractGeoid":"12105016100","tractName":"Census Tract 161","designation":"eligible-for-nomination","source":"rev-proc-2026-14"},"source":"fl-polk-property-appraiser-134","municipality":"Mulberry","zoningDescription":null,"appraiserUrl":"https://www.polkpa.org/","dataGaps":["Polk market parcels are Property_Appraiser MapServer/134. Orlando shed tiles are unchanged.","No countywide zoning-district polygons are published. County FLU 2030 (FLUNAME / FLU_LDC) is land use only and is not stored as zoning.","Property Appraiser parcels have no sale fields. A sale is copied from the FDOR/DOH extract when the parcel id matches.","Lakeland zoning and future land use are city AGOL polygons (LABEL / DESIGNATIO) joined onto county parcels inside the city. Winter Haven has no verified public zoning FeatureServer."]},"geometry":{"type":"Polygon","coordinates":[[[-82.03864,27.73002],[-82.03863,27.73132],[-82.03291,27.73132],[-82.03292,27.73002],[-82.03455,27.73002],[-82.03864,27.73002]]]}},{"type":"Feature","id":"12105:233206000000034020","properties":{"id":"12105:233206000000034020","parcelId":"233206000000034020","countyFips":"12105","countyName":"Polk","state":"Florida","marketIds":["Tampa"],"situsAddress":"6845 BETHLEHEM RD","situsCity":"Mulberry","situsZip":"33860","jurisdictionCode":"Mulberry","ownerName":"BELCH PETER P","ownerName2":null,"propertyName":null,"zoningCode":null,"zoningDistrict":null,"jurisdictionPrefix":null,"dorCode":"6902","acreage":19.7496,"centroid":[-82.051905,27.728388],"lastSale":{"date":null,"price":null,"qualified":null},"tax":{"marketValue":541866.0,"assessedValue":248356.0,"taxableValue":113556.0,"taxes":null},"mailingAddress":{"line1":"6845 BETHLEHEM RD","line2":null,"city":"MULBERRY FL 33860-9039","state":null,"zip":null},"incomeTract":null,"incomeBlockGroup":null,"nearestRoad":null,"flu":{"code":"A/RR","label":"A/RR","jurisdiction":"Unincorporated Polk","source":"polk-flu-2030"},"opportunityZone":null,"oz2Eligibility":{"eligible":true,"rural":true,"tractGeoid":"12105016100","tractName":"Census Tract 161","designation":"eligible-for-nomination","source":"rev-proc-2026-14"},"source":"fl-polk-property-appraiser-134","municipality":"Mulberry","zoningDescription":null,"appraiserUrl":"https://www.polkpa.org/","dataGaps":["Polk market parcels are Property_Appraiser MapServer/134. Orlando shed tiles are unchanged.","No countywide zoning-district polygons are published. County FLU 2030 (FLUNAME / FLU_LDC) is land use only and is not stored as zoning.","Property Appraiser parcels have no sale fields. A sale is copied from the FDOR/DOH extract when the parcel id matches.","Lakeland zoning and future land use are city AGOL polygons (LABEL / DESIGNATIO) joined onto county parcels inside the city. Winter Haven has no verified public zoning FeatureServer."]},"geometry":{"type":"Polygon","coordinates":[[[-82.05088,27.73017],[-82.05089,27.7266],[-82.05293,27.72659],[-82.05292,27.73019],[-82.05088,27.73017]]]}},{"type":"Feature","id":"12105:233207000000031010","properties":{"id":"12105:233207000000031010","parcelId":"233207000000031010","countyFips":"12105","countyName":"Polk","state":"Florida","marketIds":["Tampa"],"situsAddress":"6650 ALBRITTON RD","situsCity":"Mulberry","situsZip":"33860","jurisdictionCode":"Mulberry","ownerName":"DODSON MARGIE JOAN","ownerName2":null,"propertyName":null,"zoningCode":null,"zoningDistrict":null,"jurisdictionPrefix":null,"dorCode":"6010","acreage":19.5179,"centroid":[-82.04769,27.717708],"lastSale":{"date":null,"price":null,"qualified":null},"tax":{"marketValue":245716.0,"assessedValue":15071.0,"taxableValue":15071.0,"taxes":null},"mailingAddress":{"line1":"3684 OPAL DR","line2":null,"city":"MULBERRY FL 33860-8508","state":null,"zip":null},"incomeTract":null,"incomeBlockGroup":null,"nearestRoad":null,"flu":{"code":"A/RR","label":"A/RR","jurisdiction":"Unincorporated Polk","source":"polk-flu-2030"},"opportunityZone":null,"oz2Eligibility":null,"source":"fl-polk-property-appraiser-134","municipality":"Mulberry","zoningDescription":null,"appraiserUrl":"https://www.polkpa.org/","dataGaps":["Polk market parcels are Property_Appraiser MapServer/134. Orlando shed tiles are unchanged.","No countywide zoning-district polygons are published. County FLU 2030 (FLUNAME / FLU_LDC) is land use only and is not stored as zoning.","Property Appraiser parcels have no sale fields. A sale is copied from the FDOR/DOH extract when the parcel id matches.","Lakeland zoning and future land use are city AGOL polygons (LABEL / DESIGNATIO) joined onto county parcels inside the city. Winter Haven has no verified public zoning FeatureServer."]},"geometry":{"type":"Polygon","coordinates":[[[-82.04686,27.71912],[-82.04687,27.71557],[-82.0489,27.71559],[-82.0489,27.71915],[-82.04692,27.71911],[-82.04686,27.71912]]]}},{"type":"Feature","id":"12105:233206000000021020","properties":{"id":"12105:233206000000021020","parcelId":"233206000000021020","countyFips":"12105","countyName":"Polk","state":"Florida","marketIds":["Tampa"],"situsAddress":"5996 BETHLEHEM RD","situsCity":"Mulberry","situsZip":"33860","jurisdictionCode":"Mulberry","ownerName":"SHEFFIELD JOHN NAUD","ownerName2":null,"propertyName":null,"zoningCode":null,"zoningDistrict":null,"jurisdictionPrefix":null,"dorCode":"6002","acreage":19.3127,"centroid":[-82.041904,27.724898],"lastSale":{"date":null,"price":null,"qualified":null},"tax":{"marketValue":473319.0,"assessedValue":167954.0,"taxableValue":116543.0,"taxes":null},"mailingAddress":{"line1":"5996 BETHLEHEM RD","line2":null,"city":"MULBERRY FL 33860-8015","state":null,"zip":null},"incomeTract":null,"incomeBlockGroup":null,"nearestRoad":null,"flu":{"code":"A/RR","label":"A/RR","jurisdiction":"Unincorporated Polk","source":"polk-flu-2030"},"opportunityZone":null,"oz2Eligibility":{"eligible":true,"rural":true,"tractGeoid":"12105016100","tractName":"Census Tract 161","designation":"eligible-for-nomination","source":"rev-proc-2026-14"},"source":"fl-polk-property-appraiser-134","municipality":"Mulberry","zoningDescription":null,"appraiserUrl":"https://www.polkpa.org/","dataGaps":["Polk market parcels are Property_Appraiser MapServer/134. Orlando shed tiles are unchanged.","No countywide zoning-district polygons are published. County FLU 2030 (FLUNAME / FLU_LDC) is land use only and is not stored as zoning.","Property Appraiser parcels have no sale fields. A sale is copied from the FDOR/DOH extract when the parcel id matches.","Lakeland zoning and future land use are city AGOL polygons (LABEL / DESIGNATIO) joined onto county parcels inside the city. Winter Haven has no verified public zoning FeatureServer."]},"geometry":{"type":"Polygon","coordinates":[[[-82.0426,27.72631],[-82.0407,27.72628],[-82.04072,27.72278],[-82.04276,27.7228],[-82.04274,27.72632],[-82.0426,27.72631]]]}},{"type":"Feature","id":"12105:233206000000043060","properties":{"id":"12105:233206000000043060","parcelId":"233206000000043060","countyFips":"12105","countyName":"Polk","state":"Florida","marketIds":["Tampa"],"situsAddress":"6930 BETHLEHEM RD","situsCity":"Mulberry","situsZip":"33860","jurisdictionCode":"Mulberry","ownerName":"LASTINGER PAUL W","ownerName2":null,"propertyName":null,"zoningCode":null,"zoningDistrict":null,"jurisdictionPrefix":null,"dorCode":"6002","acreage":17.5042,"centroid":[-82.051844,27.725167],"lastSale":{"date":null,"price":null,"qualified":null},"tax":{"marketValue":325387.0,"assessedValue":47236.0,"taxableValue":22236.0,"taxes":null},"mailingAddress":{"line1":"6930 BETHLEHEM RD","line2":null,"city":"MULBERRY FL 33860-9040","state":null,"zip":null},"incomeTract":null,"incomeBlockGroup":null,"nearestRoad":null,"flu":{"code":"A/RR","label":"A/RR","jurisdiction":"Unincorporated Polk","source":"polk-flu-2030"},"opportunityZone":null,"oz2Eligibility":{"eligible":true,"rural":true,"tractGeoid":"12105016100","tractName":"Census Tract 161","designation":"eligible-for-nomination","source":"rev-proc-2026-14"},"source":"fl-polk-property-appraiser-134","municipality":"Mulberry","zoningDescription":null,"appraiserUrl":"https://www.polkpa.org/","dataGaps":["Polk market parcels are Property_Appraiser MapServer/134. Orlando shed tiles are unchanged.","No countywide zoning-district polygons are published. County FLU 2030 (FLUNAME / FLU_LDC) is land use only and is not stored as zoning.","Property Appraiser parcels have no sale fields. A sale is copied from the FDOR/DOH extract when the parcel id matches.","Lakeland zoning and future land use are city AGOL polygons (LABEL / DESIGNATIO) joined onto county parcels inside the city. Winter Haven has no verified public zoning FeatureServer."]},"geometry":{"type":"Polygon","coordinates":[[[-82.0509,27.72471],[-82.05091,27.72289],[-82.05294,27.72291],[-82.05293,27.7256],[-82.05247,27.72559],[-82.05246,27.72644],[-82.05154,27.72645],[-82.05155,27.72596],[-82.0509,27.72595],[-82.0509,27.72471]]]}},{"type":"Feature","id":"12105:233206000000021030","properties":{"id":"12105:233206000000021030","parcelId":"233206000000021030","countyFips":"12105","countyName":"Polk","state":"Florida","marketIds":["Tampa"],"situsAddress":"BETHLEHEM RD","situsCity":"Mulberry","situsZip":"33860","jurisdictionCode":"Mulberry","ownerName":"SHEFFIELD JOHN NAUD","ownerName2":null,"propertyName":null,"zoningCode":null,"zoningDistrict":null,"jurisdictionPrefix":null,"dorCode":"6000","acreage":16.8721,"centroid":[-82.039409,27.724361],"lastSale":{"date":null,"price":null,"qualified":null},"tax":{"marketValue":223281.0,"assessedValue":3941.0,"taxableValue":3941.0,"taxes":null},"mailingAddress":{"line1":"5996 BETHLEHEM RD","line2":null,"city":"MULBERRY FL 33860-8015","state":null,"zip":null},"incomeTract":null,"incomeBlockGroup":null,"nearestRoad":null,"flu":{"code":"A/RR","label":"A/RR","jurisdiction":"Unincorporated Polk","source":"polk-flu-2030"},"opportunityZone":null,"oz2Eligibility":{"eligible":true,"rural":true,"tractGeoid":"12105016100","tractName":"Census Tract 161","designation":"eligible-for-nomination","source":"rev-proc-2026-14"},"source":"fl-polk-property-appraiser-134","municipality":"Mulberry","zoningDescription":null,"appraiserUrl":"https://www.polkpa.org/","dataGaps":["Polk market parcels are Property_Appraiser MapServer/134. Orlando shed tiles are unchanged.","No countywide zoning-district polygons are published. County FLU 2030 (FLUNAME / FLU_LDC) is land use only and is not stored as zoning.","Property Appraiser parcels have no sale fields. A sale is copied from the FDOR/DOH extract when the parcel id matches.","Lakeland zoning and future land use are city AGOL polygons (LABEL / DESIGNATIO) joined onto county parcels inside the city. Winter Haven has no verified public zoning FeatureServer."]},"geometry":{"type":"Polygon","coordinates":[[[-82.03867,27.72311],[-82.03868,27.72275],[-82.04072,27.72278],[-82.0407,27.72628],[-82.03958,27.72625],[-82.03959,27.7253],[-82.03866,27.72529],[-82.03867,27.72313],[-82.03867,27.72311]],[[-82.03958,27.7264],[-82.03958,27.72639],[-82.03981,27.72639],[-82.04012,27.7264],[-82.04045,27.72641],[-82.03958,27.7264]]]}},{"type":"Feature","id":"12105:233205000000011020","properties":{"id":"12105:233205000000011020","parcelId":"233205000000011020","countyFips":"12105","countyName":"Polk","state":"Florida","marketIds":["Tampa"],"situsAddress":"BETHLEHEM RD","situsCity":"Mulberry","situsZip":"33860","jurisdictionCode":"Mulberry","ownerName":"TIITF/DEP","ownerName2":null,"propertyName":null,"zoningCode":null,"zoningDistrict":null,"jurisdictionPrefix":null,"dorCode":"8087","acreage":15.6505,"centroid":[-82.028502,27.729472],"lastSale":{"date":null,"price":null,"qualified":null},"tax":{"marketValue":8000.0,"assessedValue":8000.0,"taxableValue":0.0,"taxes":null},"mailingAddress":{"line1":"3900 COMMONWEALTH BLVD","line2":null,"city":"TALLAHASSEE FL 32399-6575","state":null,"zip":null},"incomeTract":null,"incomeBlockGroup":null,"nearestRoad":null,"flu":{"code":"PM","label":"PM","jurisdiction":"Unincorporated Polk","source":"polk-flu-2030"},"opportunityZone":null,"oz2Eligibility":{"eligible":true,"rural":true,"tractGeoid":"12105016100","tractName":"Census Tract 161","designation":"eligible-for-nomination","source":"rev-proc-2026-14"},"source":"fl-polk-property-appraiser-134","municipality":"Mulberry","zoningDescription":null,"appraiserUrl":"https://www.polkpa.org/","dataGaps":["Polk market parcels are Property_Appraiser MapServer/134. Orlando shed tiles are unchanged.","No countywide zoning-district polygons are published. County FLU 2030 (FLUNAME / FLU_LDC) is land use only and is not stored as zoning.","Property Appraiser parcels have no sale fields. A sale is copied from the FDOR/DOH extract when the parcel id matches.","Lakeland zoning and future land use are city AGOL polygons (LABEL / DESIGNATIO) joined onto county parcels inside the city. Winter Haven has no verified public zoning FeatureServer."]},"geometry":{"type":"Polygon","coordinates":[[[-82.03006,27.72664],[-82.03016,27.72664],[-82.03001,27.72694],[-82.02918,27.728],[-82.02898,27.72868],[-82.02768,27.7305],[-82.02761,27.7308],[-82.02782,27.73156],[-82.02755,27.73239],[-82.02637,27.73381],[-82.02584,27.73381],[-82.02933,27.72669],[-82.02994,27.72667],[-82.03006,27.72664]],[[-82.03023,27.72663],[-82.03048,27.72665],[-82.02899,27.72891],[-82.02905,27.7296],[-82.02788,27.73079],[-82.02797,27.73164],[-82.0277,27.73242],[-82.02667,27.73381],[-82.02645,27.73381],[-82.02767,27.73233],[-82.0279,27.73151],[-82.02768,27.73085],[-82.02773,27.7306],[-82.02824,27.72995],[-82.0286,27.72921],[-82.029,27.72879],[-82.02925,27.72804],[-82.02983,27.72738],[-82.02984,27.72719],[-82.03021,27.72668],[-82.03023,27.72663]]]}},{"type":"Feature","id":"12105:233205000000023040","properties":{"id":"12105:233205000000023040","parcelId":"233205000000023040","countyFips":"12105","countyName":"Polk","state":"Florida","marketIds":["Tampa"],"situsAddress":"9344 CHICORA RD","situsCity":"Mulberry","situsZip":"33860","jurisdictionCode":"Mulberry","ownerName":"FAIRFAX THOMAS J REVOCABLE TRUST","ownerName2":null,"propertyName":null,"zoningCode":null,"zoningDistrict":null,"jurisdictionPrefix":null,"dorCode":"0102","acreage":14.727,"centroid":[-82.028695,27.723352],"lastSale":{"date":null,"price":null,"qualified":null},"tax":{"marketValue":1029715.0,"assessedValue":632023.0,"taxableValue":580612.0,"taxes":null},"mailingAddress":{"line1":"9344 CHICORA RD","line2":null,"city":"MULBERRY FL 33860-8047","state":null,"zip":null},"incomeTract":null,"incomeBlockGroup":null,"nearestRoad":null,"flu":{"code":"A/RR","label":"A/RR","jurisdiction":"Unincorporated Polk","source":"polk-flu-2030"},"opportunityZone":null,"oz2Eligibility":{"eligible":true,"rural":true,"tractGeoid":"12105016100","tractName":"Census Tract 161","designation":"eligible-for-nomination","source":"rev-proc-2026-14"},"source":"fl-polk-property-appraiser-134","municipality":"Mulberry","zoningDescription":null,"appraiserUrl":"https://www.polkpa.org/","dataGaps":["Polk market parcels are Property_Appraiser MapServer/134. Orlando shed tiles are unchanged.","No countywide zoning-district polygons are published. County FLU 2030 (FLUNAME / FLU_LDC) is land use only and is not stored as zoning.","Property Appraiser parcels have no sale fields. A sale is copied from the FDOR/DOH extract when the parcel id matches.","Lakeland zoning and future land use are city AGOL polygons (LABEL / DESIGNATIO) joined onto county parcels inside the city. Winter Haven has no verified public zoning FeatureServer."]},"geometry":{"type":"Polygon","coordinates":[[[-82.02845,27.72275],[-82.0305,27.72275],[-82.03049,27.72457],[-82.02749,27.72456],[-82.0275,27.72274],[-82.02774,27.72274],[-82.02845,27.72275]]]}},{"type":"Feature","id":"12105:233206000000041010","properties":{"id":"12105:233206000000041010","parcelId":"233206000000041010","countyFips":"12105","countyName":"Polk","state":"Florida","marketIds":["Tampa"],"situsAddress":"BETHLEHEM RD","situsCity":"Mulberry","situsZip":"33860","jurisdictionCode":"Mulberry","ownerName":"GREATHOUSE STEVEN SHAWN","ownerName2":null,"propertyName":null,"zoningCode":null,"zoningDistrict":null,"jurisdictionPrefix":null,"dorCode":"6000","acreage":14.4782,"centroid":[-82.048448,27.72538],"lastSale":{"date":null,"price":null,"qualified":null},"tax":{"marketValue":215994.0,"assessedValue":8093.0,"taxableValue":8093.0,"taxes":null},"mailingAddress":{"line1":"6580 BETHLEHEM RD","line2":null,"city":"MULBERRY FL 33860-9036","state":null,"zip":null},"incomeTract":null,"incomeBlockGroup":null,"nearestRoad":null,"flu":{"code":"A/RR","label":"A/RR","jurisdiction":"Unincorporated Polk","source":"polk-flu-2030"},"opportunityZone":null,"oz2Eligibility":{"eligible":true,"rural":true,"tractGeoid":"12105016100","tractName":"Census Tract 161","designation":"eligible-for-nomination","source":"rev-proc-2026-14"},"source":"fl-polk-property-appraiser-134","municipality":"Mulberry","zoningDescription":null,"appraiserUrl":"https://www.polkpa.org/","dataGaps":["Polk market parcels are Property_Appraiser MapServer/134. Orlando shed tiles are unchanged.","No countywide zoning-district polygons are published. County FLU 2030 (FLUNAME / FLU_LDC) is land use only and is not stored as zoning.","Property Appraiser parcels have no sale fields. A sale is copied from the FDOR/DOH extract when the parcel id matches.","Lakeland zoning and future land use are city AGOL polygons (LABEL / DESIGNATIO) joined onto county parcels inside the city. Winter Haven has no verified public zoning FeatureServer."]},"geometry":{"type":"Polygon","coordinates":[[[-82.04886,27.72468],[-82.04988,27.7247],[-82.04987,27.72646],[-82.04681,27.7264],[-82.04682,27.72466],[-82.04886,27.72468]]]}},{"type":"Feature","id":"12105:233132000000021010","properties":{"id":"12105:233132000000021010","parcelId":"233132000000021010","countyFips":"12105","countyName":"Polk","state":"Florida","marketIds":["Tampa"],"situsAddress":"US HIGHWAY 37","situsCity":"Mulberry","situsZip":"33860","jurisdictionCode":"Mulberry","ownerName":"TIITF/DEP","ownerName2":null,"propertyName":null,"zoningCode":null,"zoningDistrict":null,"jurisdictionPrefix":null,"dorCode":"8087","acreage":14.1856,"centroid":[-82.023809,27.736316],"lastSale":{"date":null,"price":null,"qualified":null},"tax":{"marketValue":6800.0,"assessedValue":6800.0,"taxableValue":0.0,"taxes":null},"mailingAddress":{"line1":"3900 COMMONWEALTH BLVD","line2":null,"city":"TALLAHASSEE FL 32399-6575","state":null,"zip":null},"incomeTract":null,"incomeBlockGroup":null,"nearestRoad":null,"flu":{"code":"PM","label":"PM","jurisdiction":"Unincorporated Polk","source":"polk-flu-2030"},"opportunityZone":null,"oz2Eligibility":{"eligible":true,"rural":true,"tractGeoid":"12105016100","tractName":"Census Tract 161","designation":"eligible-for-nomination","source":"rev-proc-2026-14"},"source":"fl-polk-property-appraiser-134","municipality":"Mulberry","zoningDescription":null,"appraiserUrl":"https://www.polkpa.org/","dataGaps":["Polk market parcels are Property_Appraiser MapServer/134. Orlando shed tiles are unchanged.","No countywide zoning-district polygons are published. County FLU 2030 (FLUNAME / FLU_LDC) is land use only and is not stored as zoning.","Property Appraiser parcels have no sale fields. A sale is copied from the FDOR/DOH extract when the parcel id matches.","Lakeland zoning and future land use are city AGOL polygons (LABEL / DESIGNATIO) joined onto county parcels inside the city. Winter Haven has no verified public zoning FeatureServer."]},"geometry":{"type":"Polygon","coordinates":[[[-82.02387,27.73558],[-82.02425,27.73554],[-82.02449,27.73511],[-82.02505,27.73521],[-82.02584,27.73478],[-82.02645,27.73381],[-82.02667,27.73381],[-82.02549,27.73543],[-82.02308,27.73663],[-82.02302,27.73849],[-82.02221,27.73918],[-82.02221,27.73865],[-82.02269,27.73839],[-82.02279,27.73816],[-82.02275,27.73708],[-82.02243,27.73662],[-82.02283,27.73622],[-82.02311,27.73611],[-82.02313,27.73593],[-82.02381,27.73559],[-82.02387,27.73558]],[[-82.02274,27.7357],[-82.02392,27.73511],[-82.02514,27.73476],[-82.02584,27.73381],[-82.02637,27.73381],[-82.02581,27.73473],[-82.02503,27.73515],[-82.02447,27.73505],[-82.02429,27.73518],[-82.02423,27.73547],[-82.02378,27.73554],[-82.02311,27.73588],[-82.02305,27.73608],[-82.0225,27.73642],[-82.02236,27.73661],[-82.02269,27.73709],[-82.02271,27.73828],[-82.02221,27.73858],[-82.0222,27.73682],[-82.02274,27.7357]]]}},{"type":"Feature","id":"12105:233204000000043020","properties":{"id":"12105:233204000000043020","parcelId":"233204000000043020","countyFips":"12105","countyName":"Polk","state":"Florida","marketIds":["Tampa"],"situsAddress":"US HIGHWAY 37","situsCity":"Mulberry","situsZip":"33860","jurisdictionCode":"Mulberry","ownerName":"BLY EUGENE R","ownerName2":null,"propertyName":null,"zoningCode":null,"zoningDistrict":null,"jurisdictionPrefix":null,"dorCode":"9920","acreage":14.1023,"centroid":[-82.019132,27.723187],"lastSale":{"date":null,"price":null,"qualified":null},"tax":{"marketValue":9624.0,"assessedValue":9624.0,"taxableValue":9624.0,"taxes":null},"mailingAddress":{"line1":"4165 ALBRITTON RD","line2":null,"city":"MULBERRY FL 33860-9101","state":null,"zip":null},"incomeTract":null,"incomeBlockGroup":null,"nearestRoad":null,"flu":{"code":"A/RR","label":"A/RR","jurisdiction":"Unincorporated Polk","source":"polk-flu-2030"},"opportunityZone":null,"oz2Eligibility":{"eligible":true,"rural":true,"tractGeoid":"12105016100","tractName":"Census Tract 161","designation":"eligible-for-nomination","source":"rev-proc-2026-14"},"source":"fl-polk-property-appraiser-134","municipality":"Mulberry","zoningDescription":null,"appraiserUrl":"https://www.polkpa.org/","dataGaps":["Polk market parcels are Property_Appraiser MapServer/134. Orlando shed tiles are unchanged.","No countywide zoning-district polygons are published. County FLU 2030 (FLUNAME / FLU_LDC) is land use only and is not stored as zoning.","Property Appraiser parcels have no sale fields. A sale is copied from the FDOR/DOH extract when the parcel id matches.","Lakeland zoning and future land use are city AGOL polygons (LABEL / DESIGNATIO) joined onto county parcels inside the city. Winter Haven has no verified public zoning FeatureServer."]},"geometry":{"type":"Polygon","coordinates":[[[-82.01822,27.72277],[-82.01823,27.72119],[-82.0193,27.72119],[-82.01876,27.72125],[-82.01874,27.72356],[-82.02025,27.72355],[-82.02025,27.7242],[-82.02024,27.72548],[-82.0182,27.72549],[-82.01822,27.72277]]]}},{"type":"Feature","id":"12105:233206000000012020","properties":{"id":"12105:233206000000012020","parcelId":"233206000000012020","countyFips":"12105","countyName":"Polk","state":"Florida","marketIds":["Tampa"],"situsAddress":"5995 BETHLEHEM RD","situsCity":"Mulberry","situsZip":"33860","jurisdictionCode":"Mulberry","ownerName":"HOWELL DANIEL W","ownerName2":null,"propertyName":null,"zoningCode":null,"zoningDistrict":null,"jurisdictionPrefix":null,"dorCode":"6002","acreage":13.8956,"centroid":[-82.041627,27.728263],"lastSale":{"date":null,"price":null,"qualified":null},"tax":{"marketValue":431823.0,"assessedValue":81367.0,"taxableValue":29956.0,"taxes":null},"mailingAddress":{"line1":"5995 BETHLEHEM RD","line2":null,"city":"MULBERRY FL 33860-9029","state":null,"zip":null},"incomeTract":null,"incomeBlockGroup":null,"nearestRoad":null,"flu":{"code":"A/RR","label":"A/RR","jurisdiction":"Unincorporated Polk","source":"polk-flu-2030"},"opportunityZone":null,"oz2Eligibility":{"eligible":true,"rural":true,"tractGeoid":"12105016100","tractName":"Census Tract 161","designation":"eligible-for-nomination","source":"rev-proc-2026-14"},"source":"fl-polk-property-appraiser-134","municipality":"Mulberry","zoningDescription":null,"appraiserUrl":"https://www.polkpa.org/","dataGaps":["Polk market parcels are Property_Appraiser MapServer/134. Orlando shed tiles are unchanged.","No countywide zoning-district polygons are published. County FLU 2030 (FLUNAME / FLU_LDC) is land use only and is not stored as zoning.","Property Appraiser parcels have no sale fields. A sale is copied from the FDOR/DOH extract when the parcel id matches.","Lakeland zoning and future land use are city AGOL polygons (LABEL / DESIGNATIO) joined onto county parcels inside the city. Winter Haven has no verified public zoning FeatureServer."]},"geometry":{"type":"Polygon","coordinates":[[[-82.0407,27.72642],[-82.04266,27.72645],[-82.04265,27.72832],[-82.04154,27.72828],[-82.04153,27.73006],[-82.04068,27.73005],[-82.0407,27.72642]]]}},{"type":"Feature","id":"12105:233206000000043090","properties":{"id":"12105:233206000000043090","parcelId":"233206000000043090","countyFips":"12105","countyName":"Polk","state":"Florida","marketIds":["Tampa"],"situsAddress":"6980 BETHLEHEM RD","situsCity":"Mulberry","situsZip":"33860","jurisdictionCode":"Mulberry","ownerName":"HOWELL DAVID R","ownerName2":null,"propertyName":null,"zoningCode":null,"zoningDistrict":null,"jurisdictionPrefix":null,"dorCode":"6002","acreage":13.4712,"centroid":[-82.05392,27.725128],"lastSale":{"date":null,"price":null,"qualified":null},"tax":{"marketValue":601709.0,"assessedValue":414437.0,"taxableValue":414437.0,"taxes":null},"mailingAddress":{"line1":"17212 BETHLEHEM RD","line2":null,"city":"MULBERRY FL 33860-8061","state":null,"zip":null},"incomeTract":null,"incomeBlockGroup":null,"nearestRoad":null,"flu":{"code":"A/RR","label":"A/RR","jurisdiction":"Unincorporated Polk","source":"polk-flu-2030"},"opportunityZone":null,"oz2Eligibility":{"eligible":true,"rural":true,"tractGeoid":"12105016100","tractName":"Census Tract 161","designation":"eligible-for-nomination","source":"rev-proc-2026-14"},"source":"fl-polk-property-appraiser-134","municipality":"Mulberry","zoningDescription":null,"appraiserUrl":"https://www.polkpa.org/","dataGaps":["Polk market parcels are Property_Appraiser MapServer/134. Orlando shed tiles are unchanged.","No countywide zoning-district polygons are published. County FLU 2030 (FLUNAME / FLU_LDC) is land use only and is not stored as zoning.","Property Appraiser parcels have no sale fields. A sale is copied from the FDOR/DOH extract when the parcel id matches.","Lakeland zoning and future land use are city AGOL polygons (LABEL / DESIGNATIO) joined onto county parcels inside the city. Winter Haven has no verified public zoning FeatureServer."]},"geometry":{"type":"Polygon","coordinates":[[[-82.05293,27.7256],[-82.05293,27.72451],[-82.05386,27.72452],[-82.05386,27.72292],[-82.05496,27.72293],[-82.05496,27.72599],[-82.0544,27.72599],[-82.05441,27.72555],[-82.05394,27.72555],[-82.05394,27.72642],[-82.05293,27.72643],[-82.05293,27.7256]]]}},{"type":"Feature","id":"12105:233205000000024010","properties":{"id":"12105:233205000000024010","parcelId":"233205000000024010","countyFips":"12105","countyName":"Polk","state":"Florida","marketIds":["Tampa"],"situsAddress":"ALBRITTON RD","situsCity":"Mulberry","situsZip":"33860","jurisdictionCode":"Mulberry","ownerName":"FAIRFAX THOMAS J REVOCABLE TRUST","ownerName2":null,"propertyName":null,"zoningCode":null,"zoningDistrict":null,"jurisdictionPrefix":null,"dorCode":"9920","acreage":12.6131,"centroid":[-82.029485,27.721605],"lastSale":{"date":null,"price":null,"qualified":null},"tax":{"marketValue":183380.0,"assessedValue":183380.0,"taxableValue":183380.0,"taxes":null},"mailingAddress":{"line1":"2010 S 51ST ST","line2":null,"city":"TAMPA FL 33619-5330","state":null,"zip":null},"incomeTract":null,"incomeBlockGroup":null,"nearestRoad":null,"flu":{"code":"A/RR","label":"A/RR","jurisdiction":"Unincorporated Polk","source":"polk-flu-2030"},"opportunityZone":null,"oz2Eligibility":{"eligible":true,"rural":true,"tractGeoid":"12105016100","tractName":"Census Tract 161","designation":"eligible-for-nomination","source":"rev-proc-2026-14"},"source":"fl-polk-property-appraiser-134","municipality":"Mulberry","zoningDescription":null,"appraiserUrl":"https://www.polkpa.org/","dataGaps":["Polk market parcels are Property_Appraiser MapServer/134. Orlando shed tiles are unchanged.","No countywide zoning-district polygons are published. County FLU 2030 (FLUNAME / FLU_LDC) is land use only and is not stored as zoning.","Property Appraiser parcels have no sale fields. A sale is copied from the FDOR/DOH extract when the parcel id matches.","Lakeland zoning and future land use are city AGOL polygons (LABEL / DESIGNATIO) joined onto county parcels inside the city. Winter Haven has no verified public zoning FeatureServer."]},"geometry":{"type":"Polygon","coordinates":[[[-82.02845,27.72275],[-82.02848,27.72046],[-82.03051,27.72046],[-82.0305,27.72275],[-82.02845,27.72275]]]}},{"type":"Feature","id":"12105:233133000000032010","properties":{"id":"12105:233133000000032010","parcelId":"233133000000032010","countyFips":"12105","countyName":"Polk","state":"Florida","marketIds":["Tampa"],"situsAddress":"US HIGHWAY 37","situsCity":"Mulberry","situsZip":"33860","jurisdictionCode":"Mulberry","ownerName":"TIITF/DEP","ownerName2":null,"propertyName":null,"zoningCode":null,"zoningDistrict":null,"jurisdictionPrefix":null,"dorCode":"8087","acreage":12.4533,"centroid":[-82.020809,27.740309],"lastSale":{"date":null,"price":null,"qualified":null},"tax":{"marketValue":7000.0,"assessedValue":7000.0,"taxableValue":0.0,"taxes":null},"mailingAddress":{"line1":"3900 COMMONWEALTH BLVD","line2":null,"city":"TALLAHASSEE FL 32399-6575","state":null,"zip":null},"incomeTract":null,"incomeBlockGroup":null,"nearestRoad":null,"flu":{"code":"PM","label":"PM","jurisdiction":"Unincorporated Polk","source":"polk-flu-2030"},"opportunityZone":null,"oz2Eligibility":{"eligible":true,"rural":true,"tractGeoid":"12105016100","tractName":"Census Tract 161","designation":"eligible-for-nomination","source":"rev-proc-2026-14"},"source":"fl-polk-property-appraiser-134","municipality":"Mulberry","zoningDescription":null,"appraiserUrl":"https://www.polkpa.org/","dataGaps":["Polk market parcels are Property_Appraiser MapServer/134. Orlando shed tiles are unchanged.","No countywide zoning-district polygons are published. County FLU 2030 (FLUNAME / FLU_LDC) is land use only and is not stored as zoning.","Property Appraiser parcels have no sale fields. A sale is copied from the FDOR/DOH extract when the parcel id matches.","Lakeland zoning and future land use are city AGOL polygons (LABEL / DESIGNATIO) joined onto county parcels inside the city. Winter Haven has no verified public zoning FeatureServer."]},"geometry":{"type":"Polygon","coordinates":[[[-82.02218,27.73867],[-82.02221,27.73918],[-82.02186,27.73948],[-82.02185,27.74028],[-82.02093,27.74107],[-82.01962,27.74136],[-82.01875,27.74262],[-82.01827,27.74207],[-82.01909,27.74125],[-82.0202,27.7408],[-82.02097,27.74031],[-82.02129,27.74002],[-82.02159,27.73942],[-82.02153,27.73917],[-82.02179,27.73893],[-82.02218,27.73867]],[[-82.0211,27.73992],[-82.02108,27.73916],[-82.0222,27.73682],[-82.02221,27.73858],[-82.02147,27.73914],[-82.02144,27.73936],[-82.02154,27.73941],[-82.02123,27.73999],[-82.02017,27.74075],[-82.01906,27.7412],[-82.01824,27.74203],[-82.01806,27.74182],[-82.01921,27.74095],[-82.02019,27.74058],[-82.0211,27.73992]]]}},{"type":"Feature","id":"12105:233206000000042030","properties":{"id":"12105:233206000000042030","parcelId":"233206000000042030","countyFips":"12105","countyName":"Polk","state":"Florida","marketIds":["Tampa"],"situsAddress":"ALBRITTON RD","situsCity":"Mulberry","situsZip":"33860","jurisdictionCode":"Mulberry","ownerName":"ALBRITTON JAMES DAVID","ownerName2":null,"propertyName":null,"zoningCode":null,"zoningDistrict":null,"jurisdictionPrefix":null,"dorCode":"6000","acreage":12.1307,"centroid":[-82.050822,27.721466],"lastSale":{"date":null,"price":null,"qualified":null},"tax":{"marketValue":173134.0,"assessedValue":4183.0,"taxableValue":4183.0,"taxes":null},"mailingAddress":{"line1":"6541 ALBRITTON RD","line2":null,"city":"MULBERRY FL 33860-9125","state":null,"zip":null},"incomeTract":null,"incomeBlockGroup":null,"nearestRoad":null,"flu":{"code":"A/RR","label":"A/RR","jurisdiction":"Unincorporated Polk","source":"polk-flu-2030"},"opportunityZone":null,"oz2Eligibility":null,"source":"fl-polk-property-appraiser-134","municipality":"Mulberry","zoningDescription":null,"appraiserUrl":"https://www.polkpa.org/","dataGaps":["Polk market parcels are Property_Appraiser MapServer/134. Orlando shed tiles are unchanged.","No countywide zoning-district polygons are published. County FLU 2030 (FLUNAME / FLU_LDC) is land use only and is not stored as zoning.","Property Appraiser parcels have no sale fields. A sale is copied from the FDOR/DOH extract when the parcel id matches.","Lakeland zoning and future land use are city AGOL polygons (LABEL / DESIGNATIO) joined onto county parcels inside the city. Winter Haven has no verified public zoning FeatureServer."]},"geometry":{"type":"Polygon","coordinates":[[[-82.05023,27.72288],[-82.05028,27.71933],[-82.05153,27.71935],[-82.05152,27.72289],[-82.05055,27.72288],[-82.05023,27.72288]]]}},{"type":"Feature","id":"12105:233206000000024060","properties":{"id":"12105:233206000000024060","parcelId":"233206000000024060","countyFips":"12105","countyName":"Polk","state":"Florida","marketIds":["Tampa"],"situsAddress":"ALBRITTON RD","situsCity":"Mulberry","situsZip":"33860","jurisdictionCode":"Mulberry","ownerName":"HOWELL JONATHAN","ownerName2":null,"propertyName":null,"zoningCode":null,"zoningDistrict":null,"jurisdictionPrefix":null,"dorCode":"6000","acreage":11.8973,"centroid":[-82.043988,27.721501],"lastSale":{"date":null,"price":null,"qualified":null},"tax":{"marketValue":206449.0,"assessedValue":3006.0,"taxableValue":3006.0,"taxes":null},"mailingAddress":{"line1":"5955 ALBRITTON RD","line2":null,"city":"MULBERRY FL 33860-9119","state":null,"zip":null},"incomeTract":null,"incomeBlockGroup":null,"nearestRoad":null,"flu":{"code":"A/RR","label":"A/RR","jurisdiction":"Unincorporated Polk","source":"polk-flu-2030"},"opportunityZone":null,"oz2Eligibility":{"eligible":true,"rural":true,"tractGeoid":"12105016100","tractName":"Census Tract 161","designation":"eligible-for-nomination","source":"rev-proc-2026-14"},"source":"fl-polk-property-appraiser-134","municipality":"Mulberry","zoningDescription":null,"appraiserUrl":"https://www.polkpa.org/","dataGaps":["Polk market parcels are Property_Appraiser MapServer/134. Orlando shed tiles are unchanged.","No countywide zoning-district polygons are published. County FLU 2030 (FLUNAME / FLU_LDC) is land use only and is not stored as zoning.","Property Appraiser parcels have no sale fields. A sale is copied from the FDOR/DOH extract when the parcel id matches.","Lakeland zoning and future land use are city AGOL polygons (LABEL / DESIGNATIO) joined onto county parcels inside the city. Winter Haven has no verified public zoning FeatureServer."]},"geometry":{"type":"Polygon","coordinates":[[[-82.0443,27.72282],[-82.0443,27.72258],[-82.04276,27.72256],[-82.04277,27.72086],[-82.04408,27.72087],[-82.04408,27.71975],[-82.04481,27.71975],[-82.0448,27.72282],[-82.0443,27.72282]]]}},{"type":"Feature","id":"12105:233219000000022020","properties":{"id":"12105:233219000000022020","parcelId":"233219000000022020","countyFips":"12105","countyName":"Polk","state":"Florida","marketIds":["Tampa"],"situsAddress":"US HIGHWAY 37","situsCity":"Bowling Green","situsZip":"33834","jurisdictionCode":"Bowling Green","ownerName":"MOSAIC FERTILIZER LLC","ownerName2":null,"propertyName":null,"zoningCode":null,"zoningDistrict":null,"jurisdictionPrefix":null,"dorCode":"9200","acreage":11.467,"centroid":[-82.04376,27.675947],"lastSale":{"date":null,"price":null,"qualified":null},"tax":{"marketValue":11467.0,"assessedValue":11467.0,"taxableValue":11467.0,"taxes":null},"mailingAddress":{"line1":"13830 CIRCA CROSSING DR","line2":null,"city":"LITHIA FL 33547-3953","state":null,"zip":null},"incomeTract":null,"incomeBlockGroup":null,"nearestRoad":null,"flu":{"code":"PM","label":"PM","jurisdiction":"Unincorporated Polk","source":"polk-flu-2030"},"opportunityZone":null,"oz2Eligibility":{"eligible":true,"rural":true,"tractGeoid":"12105016100","tractName":"Census Tract 161","designation":"eligible-for-nomination","source":"rev-proc-2026-14"},"source":"fl-polk-property-appraiser-134","municipality":"Bowling Green","zoningDescription":null,"appraiserUrl":"https://www.polkpa.org/","dataGaps":["Polk market parcels are Property_Appraiser MapServer/134. Orlando shed tiles are unchanged.","No countywide zoning-district polygons are published. County FLU 2030 (FLUNAME / FLU_LDC) is land use only and is not stored as zoning.","Property Appraiser parcels have no sale fields. A sale is copied from the FDOR/DOH extract when the parcel id matches.","Lakeland zoning and future land use are city AGOL polygons (LABEL / DESIGNATIO) joined onto county parcels inside the city. Winter Haven has no verified public zoning FeatureServer."]},"geometry":{"type":"Polygon","coordinates":[[[-82.04168,27.67644],[-82.04167,27.67542],[-82.04584,27.67546],[-82.04585,27.67647],[-82.04168,27.67644]]]}},{"type":"Feature","id":"12105:233230000000013010","properties":{"id":"12105:233230000000013010","parcelId":"233230000000013010","countyFips":"12105","countyName":"Polk","state":"Florida","marketIds":["Tampa"],"situsAddress":"11000 STATE ROAD 37","situsCity":"Bradley","situsZip":"33835","jurisdictionCode":"Bradley","ownerName":"MOSAIC FERTILIZER LLC","ownerName2":null,"propertyName":null,"zoningCode":null,"zoningDistrict":null,"jurisdictionPrefix":null,"dorCode":"9210","acreage":11.4359,"centroid":[-82.044202,27.674795],"lastSale":{"date":null,"price":null,"qualified":null},"tax":{"marketValue":372042.0,"assessedValue":372042.0,"taxableValue":372042.0,"taxes":null},"mailingAddress":{"line1":"13830 CIRCA CROSSING DR","line2":null,"city":"LITHIA FL 33547-3953","state":null,"zip":null},"incomeTract":null,"incomeBlockGroup":null,"nearestRoad":null,"flu":{"code":"PM","label":"PM","jurisdiction":"Unincorporated Polk","source":"polk-flu-2030"},"opportunityZone":null,"oz2Eligibility":{"eligible":true,"rural":true,"tractGeoid":"12105016100","tractName":"Census Tract 161","designation":"eligible-for-nomination","source":"rev-proc-2026-14"},"source":"fl-polk-property-appraiser-134","municipality":"Bradley","zoningDescription":null,"appraiserUrl":"https://www.polkpa.org/","dataGaps":["Polk market parcels are Property_Appraiser MapServer/134. Orlando shed tiles are unchanged.","No countywide zoning-district polygons are published. County FLU 2030 (FLUNAME / FLU_LDC) is land use only and is not stored as zoning.","Property Appraiser parcels have no sale fields. A sale is copied from the FDOR/DOH extract when the parcel id matches.","Lakeland zoning and future land use are city AGOL polygons (LABEL / DESIGNATIO) joined onto county parcels inside the city. Winter Haven has no verified public zoning FeatureServer."]},"geometry":{"type":"Polygon","coordinates":[[[-82.04257,27.67543],[-82.04256,27.67413],[-82.04584,27.67416],[-82.04584,27.67546],[-82.04257,27.67543]]]}},{"type":"Feature","id":"12105:233206000000024070","properties":{"id":"12105:233206000000024070","parcelId":"233206000000024070","countyFips":"12105","countyName":"Polk","state":"Florida","marketIds":["Tampa"],"situsAddress":"ALBRITTON RD","situsCity":"Mulberry","situsZip":"33860","jurisdictionCode":"Mulberry","ownerName":"HOWELL JOHN I","ownerName2":null,"propertyName":null,"zoningCode":null,"zoningDistrict":null,"jurisdictionPrefix":null,"dorCode":"9920","acreage":11.3632,"centroid":[-82.045412,27.721388],"lastSale":{"date":null,"price":null,"qualified":null},"tax":{"marketValue":200198.0,"assessedValue":200198.0,"taxableValue":200198.0,"taxes":null},"mailingAddress":{"line1":"6480 BETHLEHEM RD","line2":null,"city":"MULBERRY FL 33860-9035","state":null,"zip":null},"incomeTract":null,"incomeBlockGroup":null,"nearestRoad":null,"flu":{"code":"A/RR","label":"A/RR","jurisdiction":"Unincorporated Polk","source":"polk-flu-2030"},"opportunityZone":null,"oz2Eligibility":{"eligible":true,"rural":true,"tractGeoid":"12105016100","tractName":"Census Tract 161","designation":"eligible-for-nomination","source":"rev-proc-2026-14"},"source":"fl-polk-property-appraiser-134","municipality":"Mulberry","zoningDescription":null,"appraiserUrl":"https://www.polkpa.org/","dataGaps":["Polk market parcels are Property_Appraiser MapServer/134. Orlando shed tiles are unchanged.","No countywide zoning-district polygons are published. County FLU 2030 (FLUNAME / FLU_LDC) is land use only and is not stored as zoning.","Property Appraiser parcels have no sale fields. A sale is copied from the FDOR/DOH extract when the parcel id matches.","Lakeland zoning and future land use are city AGOL polygons (LABEL / DESIGNATIO) joined onto county parcels inside the city. Winter Haven has no verified public zoning FeatureServer."]},"geometry":{"type":"Polygon","coordinates":[[[-82.04551,27.72283],[-82.0448,27.72282],[-82.04481,27.71923],[-82.04598,27.71923],[-82.04596,27.72283],[-82.04551,27.72283]]]}},{"type":"Feature","id":"12105:233206000000041020","properties":{"id":"12105:233206000000041020","parcelId":"233206000000041020","countyFips":"12105","countyName":"Polk","state":"Florida","marketIds":["Tampa"],"situsAddress":"6520 BETHLEHEM RD","situsCity":"Mulberry","situsZip":"33860","jurisdictionCode":"Mulberry","ownerName":"SEGREST PHILLIP K","ownerName2":null,"propertyName":null,"zoningCode":null,"zoningDistrict":null,"jurisdictionPrefix":null,"dorCode":"0200","acreage":10.0444,"centroid":[-82.047332,27.724625],"lastSale":{"date":null,"price":null,"qualified":null},"tax":{"marketValue":256186.0,"assessedValue":166822.0,"taxableValue":123997.0,"taxes":null},"mailingAddress":{"line1":"6520 BETHLEHEM RD","line2":null,"city":"MULBERRY FL 33860-9036","state":null,"zip":null},"incomeTract":null,"incomeBlockGroup":null,"nearestRoad":null,"flu":{"code":"A/RR","label":"A/RR","jurisdiction":"Unincorporated Polk","source":"polk-flu-2030"},"opportunityZone":null,"oz2Eligibility":{"eligible":true,"rural":true,"tractGeoid":"12105016100","tractName":"Census Tract 161","designation":"eligible-for-nomination","source":"rev-proc-2026-14"},"source":"fl-polk-property-appraiser-134","municipality":"Mulberry","zoningDescription":null,"appraiserUrl":"https://www.polkpa.org/","dataGaps":["Polk market parcels are Property_Appraiser MapServer/134. Orlando shed tiles are unchanged.","No countywide zoning-district polygons are published. County FLU 2030 (FLUNAME / FLU_LDC) is land use only and is not stored as zoning.","Property Appraiser parcels have no sale fields. A sale is copied from the FDOR/DOH extract when the parcel id matches.","Lakeland zoning and future land use are city AGOL polygons (LABEL / DESIGNATIO) joined onto county parcels inside the city. Winter Haven has no verified public zoning FeatureServer."]},"geometry":{"type":"Polygon","coordinates":[[[-82.04693,27.72284],[-82.04887,27.72286],[-82.04886,27.72468],[-82.04682,27.72466],[-82.04681,27.7264],[-82.04672,27.7264],[-82.04673,27.72458],[-82.04692,27.72458],[-82.04693,27.72284]]]}},{"type":"Feature","id":"12105:233206000000041030","properties":{"id":"12105:233206000000041030","parcelId":"233206000000041030","countyFips":"12105","countyName":"Polk","state":"Florida","marketIds":["Tampa"],"situsAddress":"6550 BETHLEHEM RD","situsCity":"Mulberry","situsZip":"33860","jurisdictionCode":"Mulberry","ownerName":"SERVISS GARY LEE SR","ownerName2":null,"propertyName":null,"zoningCode":null,"zoningDistrict":null,"jurisdictionPrefix":null,"dorCode":"0102","acreage":10.027,"centroid":[-82.049884,27.723968],"lastSale":{"date":null,"price":null,"qualified":null},"tax":{"marketValue":304431.0,"assessedValue":195345.0,"taxableValue":143934.0,"taxes":null},"mailingAddress":{"line1":"6550 BETHLEHEM RD","line2":null,"city":"MULBERRY FL 33860-9036","state":null,"zip":null},"incomeTract":null,"incomeBlockGroup":null,"nearestRoad":null,"flu":{"code":"A/RR","label":"A/RR","jurisdiction":"Unincorporated Polk","source":"polk-flu-2030"},"opportunityZone":null,"oz2Eligibility":{"eligible":true,"rural":true,"tractGeoid":"12105016100","tractName":"Census Tract 161","designation":"eligible-for-nomination","source":"rev-proc-2026-14"},"source":"fl-polk-property-appraiser-134","municipality":"Mulberry","zoningDescription":null,"appraiserUrl":"https://www.polkpa.org/","dataGaps":["Polk market parcels are Property_Appraiser MapServer/134. Orlando shed tiles are unchanged.","No countywide zoning-district polygons are published. County FLU 2030 (FLUNAME / FLU_LDC) is land use only and is not stored as zoning.","Property Appraiser parcels have no sale fields. A sale is copied from the FDOR/DOH extract when the parcel id matches.","Lakeland zoning and future land use are city AGOL polygons (LABEL / DESIGNATIO) joined onto county parcels inside the city. Winter Haven has no verified public zoning FeatureServer."]},"geometry":{"type":"Polygon","coordinates":[[[-82.04988,27.7247],[-82.04886,27.72468],[-82.04887,27.72286],[-82.05091,27.72289],[-82.0509,27.72471],[-82.04988,27.7247]]]}},{"type":"Feature","id":"12105:233207000000031030","properties":{"id":"12105:233207000000031030","parcelId":"233207000000031030","countyFips":"12105","countyName":"Polk","state":"Florida","marketIds":["Tampa"],"situsAddress":"6650 ALBRITTON RD","situsCity":"Mulberry","situsZip":"33860","jurisdictionCode":"Mulberry","ownerName":"FIELDS JANICE K","ownerName2":null,"propertyName":null,"zoningCode":null,"zoningDistrict":null,"jurisdictionPrefix":null,"dorCode":"6002","acreage":9.7895,"centroid":[-82.04941,27.717372],"lastSale":{"date":null,"price":null,"qualified":null},"tax":{"marketValue":208282.0,"assessedValue":14181.0,"taxableValue":14181.0,"taxes":null},"mailingAddress":{"line1":"7235 ALBRITTON RD","line2":null,"city":"MULBERRY FL 33860-9132","state":null,"zip":null},"incomeTract":null,"incomeBlockGroup":null,"nearestRoad":null,"flu":{"code":"A/RR","label":"A/RR","jurisdiction":"Unincorporated Polk","source":"polk-flu-2030"},"opportunityZone":null,"oz2Eligibility":null,"source":"fl-polk-property-appraiser-134","municipality":"Mulberry","zoningDescription":null,"appraiserUrl":"https://www.polkpa.org/","dataGaps":["Polk market parcels are Property_Appraiser MapServer/134. Orlando shed tiles are unchanged.","No countywide zoning-district polygons are published. County FLU 2030 (FLUNAME / FLU_LDC) is land use only and is not stored as zoning.","Property Appraiser parcels have no sale fields. A sale is copied from the FDOR/DOH extract when the parcel id matches.","Lakeland zoning and future land use are city AGOL polygons (LABEL / DESIGNATIO) joined onto county parcels inside the city. Winter Haven has no verified public zoning FeatureServer."]},"geometry":{"type":"Polygon","coordinates":[[[-82.0489,27.71559],[-82.04992,27.7156],[-82.04992,27.71915],[-82.0489,27.71915],[-82.0489,27.71559]]]}},{"type":"Feature","id":"12105:233206000000023030","properties":{"id":"12105:233206000000023030","parcelId":"233206000000023030","countyFips":"12105","countyName":"Polk","state":"Florida","marketIds":["Tampa"],"situsAddress":"6210 BETHLEHEM RD","situsCity":"Mulberry","situsZip":"33860","jurisdictionCode":"Mulberry","ownerName":"WILSON KARL JOE","ownerName2":null,"propertyName":null,"zoningCode":null,"zoningDistrict":null,"jurisdictionPrefix":null,"dorCode":"0101","acreage":9.7142,"centroid":[-82.043314,27.724922],"lastSale":{"date":null,"price":null,"qualified":null},"tax":{"marketValue":287661.0,"assessedValue":253162.0,"taxableValue":201751.0,"taxes":null},"mailingAddress":{"line1":"6210 BETHLEHEM RD UNIT A","line2":null,"city":"MULBERRY FL 33860-9032","state":null,"zip":null},"incomeTract":null,"incomeBlockGroup":null,"nearestRoad":null,"flu":{"code":"A/RR","label":"A/RR","jurisdiction":"Unincorporated Polk","source":"polk-flu-2030"},"opportunityZone":null,"oz2Eligibility":{"eligible":true,"rural":true,"tractGeoid":"12105016100","tractName":"Census Tract 161","designation":"eligible-for-nomination","source":"rev-proc-2026-14"},"source":"fl-polk-property-appraiser-134","municipality":"Mulberry","zoningDescription":null,"appraiserUrl":"https://www.polkpa.org/","dataGaps":["Polk market parcels are Property_Appraiser MapServer/134. Orlando shed tiles are unchanged.","No countywide zoning-district polygons are published. County FLU 2030 (FLUNAME / FLU_LDC) is land use only and is not stored as zoning.","Property Appraiser parcels have no sale fields. A sale is copied from the FDOR/DOH extract when the parcel id matches.","Lakeland zoning and future land use are city AGOL polygons (LABEL / DESIGNATIO) joined onto county parcels inside the city. Winter Haven has no verified public zoning FeatureServer."]},"geometry":{"type":"Polygon","coordinates":[[[-82.04353,27.72634],[-82.04274,27.72632],[-82.04276,27.7228],[-82.04378,27.72281],[-82.04376,27.72634],[-82.04353,27.72634]]]}},{"type":"Feature","id":"12105:233205000000043050","properties":{"id":"12105:233205000000043050","parcelId":"233205000000043050","countyFips":"12105","countyName":"Polk","state":"Florida","marketIds":["Tampa"],"situsAddress":"5610 BETHLEHEM RD","situsCity":"Mulberry","situsZip":"33860","jurisdictionCode":"Mulberry","ownerName":"WINGATE RONALD DEAN","ownerName2":null,"propertyName":null,"zoningCode":null,"zoningDistrict":null,"jurisdictionPrefix":null,"dorCode":"0101","acreage":9.7079,"centroid":[-82.03492,27.724475],"lastSale":{"date":"2010-05-01","price":295000.0,"qualified":"05"},"tax":{"marketValue":555441.0,"assessedValue":336639.0,"taxableValue":285228.0,"taxes":null},"mailingAddress":{"line1":"5610 BETHLEHEM RD","line2":null,"city":"MULBERRY FL 33860-8011","state":null,"zip":null},"incomeTract":null,"incomeBlockGroup":null,"nearestRoad":null,"flu":{"code":"A/RR","label":"A/RR","jurisdiction":"Unincorporated Polk","source":"polk-flu-2030"},"opportunityZone":null,"oz2Eligibility":{"eligible":true,"rural":true,"tractGeoid":"12105016100","tractName":"Census Tract 161","designation":"eligible-for-nomination","source":"rev-proc-2026-14"},"source":"fl-polk-property-appraiser-134","municipality":"Mulberry","zoningDescription":null,"appraiserUrl":"https://www.polkpa.org/","dataGaps":["Polk market parcels are Property_Appraiser MapServer/134. Orlando shed tiles are unchanged.","No countywide zoning-district polygons are published. County FLU 2030 (FLUNAME / FLU_LDC) is land use only and is not stored as zoning.","Property Appraiser parcels have no sale fields. A sale is copied from the FDOR/DOH extract when the parcel id matches.","Lakeland zoning and future land use are city AGOL polygons (LABEL / DESIGNATIO) joined onto county parcels inside the city. Winter Haven has no verified public zoning FeatureServer."]},"geometry":{"type":"Polygon","coordinates":[[[-82.03458,27.72441],[-82.03459,27.72275],[-82.03561,27.72275],[-82.03559,27.72624],[-82.03457,27.72627],[-82.03458,27.72443],[-82.03458,27.72441]],[[-82.03487,27.72638],[-82.03559,27.72637],[-82.03479,27.72639],[-82.03487,27.72638]]]}},{"type":"Feature","id":"12105:233205000000043100","properties":{"id":"12105:233205000000043100","parcelId":"233205000000043100","countyFips":"12105","countyName":"Polk","state":"Florida","marketIds":["Tampa"],"situsAddress":"5720 BETHLEHEM RD","situsCity":"Mulberry","situsZip":"33860","jurisdictionCode":"Mulberry","ownerName":"WILLIAMSON ROBERT ULRICH","ownerName2":null,"propertyName":null,"zoningCode":null,"zoningDistrict":null,"jurisdictionPrefix":null,"dorCode":"0102","acreage":9.6883,"centroid":[-82.03594,27.724282],"lastSale":{"date":"2010-05-01","price":295000.0,"qualified":"05"},"tax":{"marketValue":393232.0,"assessedValue":232538.0,"taxableValue":181127.0,"taxes":null},"mailingAddress":{"line1":"5720 BETHLEHEM RD","line2":null,"city":"MULBERRY FL 33860-9027","state":null,"zip":null},"incomeTract":null,"incomeBlockGroup":null,"nearestRoad":null,"flu":{"code":"A/RR","label":"A/RR","jurisdiction":"Unincorporated Polk","source":"polk-flu-2030"},"opportunityZone":null,"oz2Eligibility":{"eligible":true,"rural":true,"tractGeoid":"12105016100","tractName":"Census Tract 161","designation":"eligible-for-nomination","source":"rev-proc-2026-14"},"source":"fl-polk-property-appraiser-134","municipality":"Mulberry","zoningDescription":null,"appraiserUrl":"https://www.polkpa.org/","dataGaps":["Polk market parcels are Property_Appraiser MapServer/134. Orlando shed tiles are unchanged.","No countywide zoning-district polygons are published. County FLU 2030 (FLUNAME / FLU_LDC) is land use only and is not stored as zoning.","Property Appraiser parcels have no sale fields. A sale is copied from the FDOR/DOH extract when the parcel id matches.","Lakeland zoning and future land use are city AGOL polygons (LABEL / DESIGNATIO) joined onto county parcels inside the city. Winter Haven has no verified public zoning FeatureServer."]},"geometry":{"type":"Polygon","coordinates":[[[-82.0356,27.72386],[-82.03561,27.72275],[-82.03663,27.72275],[-82.03661,27.72622],[-82.03559,27.72624],[-82.0356,27.72387],[-82.0356,27.72386]],[[-82.03643,27.72635],[-82.03657,27.72639],[-82.03559,27.72639],[-82.03611,27.72636],[-82.03643,27.72635]]]}},{"type":"Feature","id":"12105:233206000000023020","properties":{"id":"12105:233206000000023020","parcelId":"233206000000023020","countyFips":"12105","countyName":"Polk","state":"Florida","marketIds":["Tampa"],"situsAddress":"6510 BETHLEHEM RD","situsCity":"Mulberry","situsZip":"33860","jurisdictionCode":"Mulberry","ownerName":"ASHMEAD MICHAEL PATRICK","ownerName2":null,"propertyName":null,"zoningCode":null,"zoningDistrict":null,"jurisdictionPrefix":null,"dorCode":"9900","acreage":9.4725,"centroid":[-82.046199,27.724765],"lastSale":{"date":null,"price":null,"qualified":null},"tax":{"marketValue":154667.0,"assessedValue":94240.0,"taxableValue":94240.0,"taxes":null},"mailingAddress":{"line1":"5035 HAYES RD","line2":null,"city":"LAKELAND FL 33811-1508","state":null,"zip":null},"incomeTract":null,"incomeBlockGroup":null,"nearestRoad":null,"flu":{"code":"A/RR","label":"A/RR","jurisdiction":"Unincorporated Polk","source":"polk-flu-2030"},"opportunityZone":null,"oz2Eligibility":{"eligible":true,"rural":true,"tractGeoid":"12105016100","tractName":"Census Tract 161","designation":"eligible-for-nomination","source":"rev-proc-2026-14"},"source":"fl-polk-property-appraiser-134","municipality":"Mulberry","zoningDescription":null,"appraiserUrl":"https://www.polkpa.org/","dataGaps":["Polk market parcels are Property_Appraiser MapServer/134. Orlando shed tiles are unchanged.","No countywide zoning-district polygons are published. County FLU 2030 (FLUNAME / FLU_LDC) is land use only and is not stored as zoning.","Property Appraiser parcels have no sale fields. A sale is copied from the FDOR/DOH extract when the parcel id matches.","Lakeland zoning and future land use are city AGOL polygons (LABEL / DESIGNATIO) joined onto county parcels inside the city. Winter Haven has no verified public zoning FeatureServer."]},"geometry":{"type":"Polygon","coordinates":[[[-82.04549,27.72637],[-82.04551,27.72283],[-82.04693,27.72284],[-82.04692,27.72458],[-82.04673,27.72458],[-82.04673,27.72528],[-82.04564,27.72527],[-82.04564,27.72637],[-82.04549,27.72637]]]}},{"type":"Feature","id":"12105:233205000000043020","properties":{"id":"12105:233205000000043020","parcelId":"233205000000043020","countyFips":"12105","countyName":"Polk","state":"Florida","marketIds":["Tampa"],"situsAddress":"5680 BETHLEHEM RD","situsCity":"Mulberry","situsZip":"33860","jurisdictionCode":"Mulberry","ownerName":"SHAW AARON VINCENT","ownerName2":null,"propertyName":null,"zoningCode":null,"zoningDistrict":null,"jurisdictionPrefix":null,"dorCode":"9900","acreage":9.0252,"centroid":[-82.037152,27.724769],"lastSale":{"date":null,"price":null,"qualified":null},"tax":{"marketValue":152015.0,"assessedValue":101217.0,"taxableValue":101217.0,"taxes":null},"mailingAddress":{"line1":"5700 BETHLEHEM RD","line2":null,"city":"MULBERRY FL 33860-9027","state":null,"zip":null},"incomeTract":null,"incomeBlockGroup":null,"nearestRoad":null,"flu":{"code":"A/RR","label":"A/RR","jurisdiction":"Unincorporated Polk","source":"polk-flu-2030"},"opportunityZone":null,"oz2Eligibility":{"eligible":true,"rural":true,"tractGeoid":"12105016100","tractName":"Census Tract 161","designation":"eligible-for-nomination","source":"rev-proc-2026-14"},"source":"fl-polk-property-appraiser-134","municipality":"Mulberry","zoningDescription":null,"appraiserUrl":"https://www.polkpa.org/","dataGaps":["Polk market parcels are Property_Appraiser MapServer/134. Orlando shed tiles are unchanged.","No countywide zoning-district polygons are published. County FLU 2030 (FLUNAME / FLU_LDC) is land use only and is not stored as zoning.","Property Appraiser parcels have no sale fields. A sale is copied from the FDOR/DOH extract when the parcel id matches.","Lakeland zoning and future land use are city AGOL polygons (LABEL / DESIGNATIO) joined onto county parcels inside the city. Winter Haven has no verified public zoning FeatureServer."]},"geometry":{"type":"Polygon","coordinates":[[[-82.03663,27.72366],[-82.03663,27.72275],[-82.03771,27.72275],[-82.03769,27.72511],[-82.03686,27.72511],[-82.03686,27.72555],[-82.03769,27.72556],[-82.03769,27.72621],[-82.03661,27.72622],[-82.03663,27.72366]]]}},{"type":"Feature","id":"12105:233203000000034010","properties":{"id":"12105:233203000000034010","parcelId":"233203000000034010","countyFips":"12105","countyName":"Polk","state":"Florida","marketIds":["Tampa"],"situsAddress":"HIGHWAY 37","situsCity":"Mulberry","situsZip":"33860","jurisdictionCode":"Mulberry","ownerName":"TIITF / STATE OF FLORIDA","ownerName2":null,"propertyName":null,"zoningCode":null,"zoningDistrict":null,"jurisdictionPrefix":null,"dorCode":"8087","acreage":8.5313,"centroid":[-82.005163,27.729123],"lastSale":{"date":null,"price":null,"qualified":null},"tax":{"marketValue":33866.0,"assessedValue":33866.0,"taxableValue":0.0,"taxes":null},"mailingAddress":{"line1":"3900 COMMONWEALTH BLVD MAIL STATION 115","line2":null,"city":"TALLAHASSEE FL 32399-0001","state":null,"zip":null},"incomeTract":null,"incomeBlockGroup":null,"nearestRoad":null,"flu":{"code":"PM","label":"PM","jurisdiction":"Unincorporated Polk","source":"polk-flu-2030"},"opportunityZone":null,"oz2Eligibility":{"eligible":true,"rural":true,"tractGeoid":"12105016100","tractName":"Census Tract 161","designation":"eligible-for-nomination","source":"rev-proc-2026-14"},"source":"fl-polk-property-appraiser-134","municipality":"Mulberry","zoningDescription":null,"appraiserUrl":"https://www.polkpa.org/","dataGaps":["Polk market parcels are Property_Appraiser MapServer/134. Orlando shed tiles are unchanged.","No countywide zoning-district polygons are published. County FLU 2030 (FLUNAME / FLU_LDC) is land use only and is not stored as zoning.","Property Appraiser parcels have no sale fields. A sale is copied from the FDOR/DOH extract when the parcel id matches.","Lakeland zoning and future land use are city AGOL polygons (LABEL / DESIGNATIO) joined onto county parcels inside the city. Winter Haven has no verified public zoning FeatureServer."]},"geometry":{"type":"Polygon","coordinates":[[[-82.00598,27.72738],[-82.00597,27.72998],[-82.00354,27.73001],[-82.00598,27.72738]]]}},{"type":"Feature","id":"12105:233206000000024040","properties":{"id":"12105:233206000000024040","parcelId":"233206000000024040","countyFips":"12105","countyName":"Polk","state":"Florida","marketIds":["Tampa"],"situsAddress":"6455 ALBRITTON RD","situsCity":"Mulberry","situsZip":"33860","jurisdictionCode":"Mulberry","ownerName":"TURNER DAVID C III","ownerName2":null,"propertyName":null,"zoningCode":null,"zoningDistrict":null,"jurisdictionPrefix":null,"dorCode":"6002","acreage":8.4708,"centroid":[-82.046408,27.7214],"lastSale":{"date":null,"price":null,"qualified":null},"tax":{"marketValue":441809.0,"assessedValue":141107.0,"taxableValue":89696.0,"taxes":null},"mailingAddress":{"line1":"6455 ALBRITTON RD","line2":null,"city":"MULBERRY FL 33860-9124","state":null,"zip":null},"incomeTract":null,"incomeBlockGroup":null,"nearestRoad":null,"flu":{"code":"A/RR","label":"A/RR","jurisdiction":"Unincorporated Polk","source":"polk-flu-2030"},"opportunityZone":null,"oz2Eligibility":{"eligible":true,"rural":true,"tractGeoid":"12105016100","tractName":"Census Tract 161","designation":"eligible-for-nomination","source":"rev-proc-2026-14"},"source":"fl-polk-property-appraiser-134","municipality":"Mulberry","zoningDescription":null,"appraiserUrl":"https://www.polkpa.org/","dataGaps":["Polk market parcels are Property_Appraiser MapServer/134. Orlando shed tiles are unchanged.","No countywide zoning-district polygons are published. County FLU 2030 (FLUNAME / FLU_LDC) is land use only and is not stored as zoning.","Property Appraiser parcels have no sale fields. A sale is copied from the FDOR/DOH extract when the parcel id matches.","Lakeland zoning and future land use are city AGOL polygons (LABEL / DESIGNATIO) joined onto county parcels inside the city. Winter Haven has no verified public zoning FeatureServer."]},"geometry":{"type":"Polygon","coordinates":[[[-82.0464,27.72284],[-82.04596,27.72283],[-82.04598,27.71923],[-82.04686,27.71926],[-82.04684,27.72284],[-82.0464,27.72284]]]}},{"type":"Feature","id":"12105:233205000000043010","properties":{"id":"12105:233205000000043010","parcelId":"233205000000043010","countyFips":"12105","countyName":"Polk","state":"Florida","marketIds":["Tampa"],"situsAddress":"5770 BETHLEHEM RD","situsCity":"Mulberry","situsZip":"33860","jurisdictionCode":"Mulberry","ownerName":null,"ownerName2":null,"propertyName":null,"zoningCode":null,"zoningDistrict":null,"jurisdictionPrefix":null,"dorCode":"0101","acreage":7.9879,"centroid":[-82.038171,27.724924],"lastSale":{"date":null,"price":null,"qualified":null},"tax":{"marketValue":410126.0,"assessedValue":184266.0,"taxableValue":132855.0,"taxes":null},"mailingAddress":{"line1":null,"line2":null,"city":null,"state":null,"zip":null},"incomeTract":null,"incomeBlockGroup":null,"nearestRoad":null,"flu":{"code":"A/RR","label":"A/RR","jurisdiction":"Unincorporated Polk","source":"polk-flu-2030"},"opportunityZone":null,"oz2Eligibility":{"eligible":true,"rural":true,"tractGeoid":"12105016100","tractName":"Census Tract 161","designation":"eligible-for-nomination","source":"rev-proc-2026-14"},"source":"fl-polk-property-appraiser-134","municipality":"Mulberry","zoningDescription":null,"appraiserUrl":"https://www.polkpa.org/","dataGaps":["Polk market parcels are Property_Appraiser MapServer/134. Orlando shed tiles are unchanged.","No countywide zoning-district polygons are published. County FLU 2030 (FLUNAME / FLU_LDC) is land use only and is not stored as zoning.","Property Appraiser parcels have no sale fields. A sale is copied from the FDOR/DOH extract when the parcel id matches.","Lakeland zoning and future land use are city AGOL polygons (LABEL / DESIGNATIO) joined onto county parcels inside the city. Winter Haven has no verified public zoning FeatureServer."]},"geometry":{"type":"Polygon","coordinates":[[[-82.03769,27.72621],[-82.03771,27.72275],[-82.03868,27.72275],[-82.03866,27.72517],[-82.03825,27.72517],[-82.03825,27.72621],[-82.03796,27.72621],[-82.03769,27.72621]],[[-82.03769,27.72639],[-82.03825,27.72634],[-82.03801,27.72639],[-82.03769,27.72639]]]}},{"type":"Feature","id":"12105:233206000000023070","properties":{"id":"12105:233206000000023070","parcelId":"233206000000023070","countyFips":"12105","countyName":"Polk","state":"Florida","marketIds":["Tampa"],"situsAddress":"6480 BETHLEHEM RD","situsCity":"Mulberry","situsZip":"33860","jurisdictionCode":"Mulberry","ownerName":"HOWELL JOHN I","ownerName2":null,"propertyName":null,"zoningCode":null,"zoningDistrict":null,"jurisdictionPrefix":null,"dorCode":"0200","acreage":6.7813,"centroid":[-82.04513,27.724946],"lastSale":{"date":null,"price":null,"qualified":null},"tax":{"marketValue":303875.0,"assessedValue":144602.0,"taxableValue":93191.0,"taxes":null},"mailingAddress":{"line1":"6480 BETHLEHEM RD","line2":null,"city":"MULBERRY FL 33860-9035","state":null,"zip":null},"incomeTract":null,"incomeBlockGroup":null,"nearestRoad":null,"flu":{"code":"A/RR","label":"A/RR","jurisdiction":"Unincorporated Polk","source":"polk-flu-2030"},"opportunityZone":null,"oz2Eligibility":{"eligible":true,"rural":true,"tractGeoid":"12105016100","tractName":"Census Tract 161","designation":"eligible-for-nomination","source":"rev-proc-2026-14"},"source":"fl-polk-property-appraiser-134","municipality":"Mulberry","zoningDescription":null,"appraiserUrl":"https://www.polkpa.org/","dataGaps":["Polk market parcels are Property_Appraiser MapServer/134. Orlando shed tiles are unchanged.","No countywide zoning-district polygons are published. County FLU 2030 (FLUNAME / FLU_LDC) is land use only and is not stored as zoning.","Property Appraiser parcels have no sale fields. A sale is copied from the FDOR/DOH extract when the parcel id matches.","Lakeland zoning and future land use are city AGOL polygons (LABEL / DESIGNATIO) joined onto county parcels inside the city. Winter Haven has no verified public zoning FeatureServer."]},"geometry":{"type":"Polygon","coordinates":[[[-82.04478,27.72635],[-82.0448,27.72282],[-82.04551,27.72283],[-82.04549,27.72637],[-82.04507,27.72636],[-82.04478,27.72635]]]}},{"type":"Feature","id":"12105:233206000000014150","properties":{"id":"12105:233206000000014150","parcelId":"233206000000014150","countyFips":"12105","countyName":"Polk","state":"Florida","marketIds":["Tampa"],"situsAddress":"6215 BETHLEHEM RD","situsCity":"Mulberry","situsZip":"33860","jurisdictionCode":"Mulberry","ownerName":"MARLOW JAMES AUSTEN","ownerName2":null,"propertyName":null,"zoningCode":null,"zoningDistrict":null,"jurisdictionPrefix":null,"dorCode":"9905","acreage":6.5194,"centroid":[-82.044035,27.728277],"lastSale":{"date":null,"price":null,"qualified":null},"tax":{"marketValue":160651.0,"assessedValue":112387.0,"taxableValue":112387.0,"taxes":null},"mailingAddress":{"line1":"4035 PINETREE LN N","line2":null,"city":"LAKELAND FL 33811-2284","state":null,"zip":null},"incomeTract":null,"incomeBlockGroup":null,"nearestRoad":null,"flu":{"code":"A/RR","label":"A/RR","jurisdiction":"Unincorporated Polk","source":"polk-flu-2030"},"opportunityZone":null,"oz2Eligibility":null,"source":"fl-polk-property-appraiser-134","municipality":"Mulberry","zoningDescription":null,"appraiserUrl":"https://www.polkpa.org/","dataGaps":["Polk market parcels are Property_Appraiser MapServer/134. Orlando shed tiles are unchanged.","No countywide zoning-district polygons are published. County FLU 2030 (FLUNAME / FLU_LDC) is land use only and is not stored as zoning.","Property Appraiser parcels have no sale fields. A sale is copied from the FDOR/DOH extract when the parcel id matches.","Lakeland zoning and future land use are city AGOL polygons (LABEL / DESIGNATIO) joined onto county parcels inside the city. Winter Haven has no verified public zoning FeatureServer."]},"geometry":{"type":"Polygon","coordinates":[[[-82.04358,27.73008],[-82.0436,27.72646],[-82.04375,27.72647],[-82.04375,27.72827],[-82.04477,27.72828],[-82.04476,27.7301],[-82.04358,27.73008]]]}},{"type":"Feature","id":"12105:233206000000014030","properties":{"id":"12105:233206000000014030","parcelId":"233206000000014030","countyFips":"12105","countyName":"Polk","state":"Florida","marketIds":["Tampa"],"situsAddress":"6205 BETHLEHEM RD","situsCity":"Mulberry","situsZip":"33860","jurisdictionCode":"Mulberry","ownerName":"CRUZ MANUEL JESUS","ownerName2":null,"propertyName":null,"zoningCode":null,"zoningDistrict":null,"jurisdictionPrefix":null,"dorCode":"9905","acreage":6.4993,"centroid":[-82.043152,27.728263],"lastSale":{"date":"2010-02-01","price":175000.0,"qualified":"01"},"tax":{"marketValue":239211.0,"assessedValue":239211.0,"taxableValue":239211.0,"taxes":null},"mailingAddress":{"line1":"7011 MAKERS WAY","line2":null,"city":"APOLLO BEACH FL 33572-1757","state":null,"zip":null},"incomeTract":null,"incomeBlockGroup":null,"nearestRoad":null,"flu":{"code":"A/RR","label":"A/RR","jurisdiction":"Unincorporated Polk","source":"polk-flu-2030"},"opportunityZone":null,"oz2Eligibility":{"eligible":true,"rural":true,"tractGeoid":"12105016100","tractName":"Census Tract 161","designation":"eligible-for-nomination","source":"rev-proc-2026-14"},"source":"fl-polk-property-appraiser-134","municipality":"Mulberry","zoningDescription":null,"appraiserUrl":"https://www.polkpa.org/","dataGaps":["Polk market parcels are Property_Appraiser MapServer/134. Orlando shed tiles are unchanged.","No countywide zoning-district polygons are published. County FLU 2030 (FLUNAME / FLU_LDC) is land use only and is not stored as zoning.","Property Appraiser parcels have no sale fields. A sale is copied from the FDOR/DOH extract when the parcel id matches.","Lakeland zoning and future land use are city AGOL polygons (LABEL / DESIGNATIO) joined onto county parcels inside the city. Winter Haven has no verified public zoning FeatureServer."]},"geometry":{"type":"Polygon","coordinates":[[[-82.04272,27.73007],[-82.04273,27.72825],[-82.04313,27.72826],[-82.04315,27.72646],[-82.0436,27.72646],[-82.04358,27.73008],[-82.04272,27.73007]]]}},{"type":"Feature","id":"12105:233204000000034010","properties":{"id":"12105:233204000000034010","parcelId":"233204000000034010","countyFips":"12105","countyName":"Polk","state":"Florida","marketIds":["Tampa"],"situsAddress":"BETHLEHEM RD","situsCity":"Mulberry","situsZip":"33860","jurisdictionCode":"Mulberry","ownerName":"TAMPA ELECTRIC COMPANY","ownerName2":null,"propertyName":null,"zoningCode":null,"zoningDistrict":null,"jurisdictionPrefix":null,"dorCode":"9190","acreage":5.8536,"centroid":[-82.021958,27.72799],"lastSale":{"date":null,"price":null,"qualified":null},"tax":{"marketValue":25498.0,"assessedValue":25498.0,"taxableValue":25498.0,"taxes":null},"mailingAddress":{"line1":"PO BOX 111","line2":null,"city":"TAMPA FL 33601-0111","state":null,"zip":null},"incomeTract":null,"incomeBlockGroup":null,"nearestRoad":null,"flu":{"code":"A/RR","label":"A/RR","jurisdiction":"Unincorporated Polk","source":"polk-flu-2030"},"opportunityZone":null,"oz2Eligibility":null,"source":"fl-polk-property-appraiser-134","municipality":"Mulberry","zoningDescription":null,"appraiserUrl":"https://www.polkpa.org/","dataGaps":["Polk market parcels are Property_Appraiser MapServer/134. Orlando shed tiles are unchanged.","No countywide zoning-district polygons are published. County FLU 2030 (FLUNAME / FLU_LDC) is land use only and is not stored as zoning.","Property Appraiser parcels have no sale fields. A sale is copied from the FDOR/DOH extract when the parcel id matches.","Lakeland zoning and future land use are city AGOL polygons (LABEL / DESIGNATIO) joined onto county parcels inside the city. Winter Haven has no verified public zoning FeatureServer."]},"geometry":{"type":"Polygon","coordinates":[[[-82.02216,27.72669],[-82.02226,27.72668],[-82.02222,27.72994],[-82.02156,27.72995],[-82.02159,27.72669],[-82.02216,27.72669]]]}},{"type":"Feature","id":"12105:233205000000012020","properties":{"id":"12105:233205000000012020","parcelId":"233205000000012020","countyFips":"12105","countyName":"Polk","state":"Florida","marketIds":["Tampa"],"situsAddress":"4830 BETHLEHEM RD","situsCity":"Mulberry","situsZip":"33860","jurisdictionCode":"Mulberry","ownerName":"MATIAS KEVIN","ownerName2":null,"propertyName":null,"zoningCode":null,"zoningDistrict":null,"jurisdictionPrefix":null,"dorCode":"0101","acreage":5.3161,"centroid":[-82.026726,27.729304],"lastSale":{"date":null,"price":null,"qualified":null},"tax":{"marketValue":375429.0,"assessedValue":225994.0,"taxableValue":174583.0,"taxes":null},"mailingAddress":{"line1":"4830 BETHLEHEM RD","line2":null,"city":"MULBERRY FL 33860-8008","state":null,"zip":null},"incomeTract":null,"incomeBlockGroup":null,"nearestRoad":null,"flu":{"code":"A/RR","label":"A/RR","jurisdiction":"Unincorporated Polk","source":"polk-flu-2030"},"opportunityZone":null,"oz2Eligibility":{"eligible":true,"rural":true,"tractGeoid":"12105016100","tractName":"Census Tract 161","designation":"eligible-for-nomination","source":"rev-proc-2026-14"},"source":"fl-polk-property-appraiser-134","municipality":"Mulberry","zoningDescription":null,"appraiserUrl":"https://www.polkpa.org/","dataGaps":["Polk market parcels are Property_Appraiser MapServer/134. Orlando shed tiles are unchanged.","No countywide zoning-district polygons are published. County FLU 2030 (FLUNAME / FLU_LDC) is land use only and is not stored as zoning.","Property Appraiser parcels have no sale fields. A sale is copied from the FDOR/DOH extract when the parcel id matches.","Lakeland zoning and future land use are city AGOL polygons (LABEL / DESIGNATIO) joined onto county parcels inside the city. Winter Haven has no verified public zoning FeatureServer."]},"geometry":{"type":"Polygon","coordinates":[[[-82.02602,27.73002],[-82.02602,27.72974],[-82.02657,27.72974],[-82.02658,27.72927],[-82.02602,27.72927],[-82.02641,27.72828],[-82.02757,27.72828],[-82.02756,27.72921],[-82.02726,27.72921],[-82.02725,27.73002],[-82.02602,27.73002]],[[-82.02602,27.72894],[-82.02602,27.72886],[-82.02606,27.72886],[-82.02602,27.72894]]]}},{"type":"Feature","id":"12105:233205000000024020","properties":{"id":"12105:233205000000024020","parcelId":"233205000000024020","countyFips":"12105","countyName":"Polk","state":"Florida","marketIds":["Tampa"],"situsAddress":"5295 ALBRITTON RD","situsCity":"Mulberry","situsZip":"33860","jurisdictionCode":"Mulberry","ownerName":"SHARPE GARY N","ownerName2":null,"propertyName":null,"zoningCode":null,"zoningDistrict":null,"jurisdictionPrefix":null,"dorCode":"0101","acreage":5.0213,"centroid":[-82.031996,27.719452],"lastSale":{"date":null,"price":null,"qualified":null},"tax":{"marketValue":536319.0,"assessedValue":283283.0,"taxableValue":231872.0,"taxes":null},"mailingAddress":{"line1":"5295 ALBRITTON RD","line2":null,"city":"MULBERRY FL 33860-9112","state":null,"zip":null},"incomeTract":null,"incomeBlockGroup":null,"nearestRoad":null,"flu":{"code":"A/RR","label":"A/RR","jurisdiction":"Unincorporated Polk","source":"polk-flu-2030"},"opportunityZone":null,"oz2Eligibility":{"eligible":true,"rural":true,"tractGeoid":"12105016100","tractName":"Census Tract 161","designation":"eligible-for-nomination","source":"rev-proc-2026-14"},"source":"fl-polk-property-appraiser-134","municipality":"Mulberry","zoningDescription":null,"appraiserUrl":"https://www.polkpa.org/","dataGaps":["Polk market parcels are Property_Appraiser MapServer/134. Orlando shed tiles are unchanged.","No countywide zoning-district polygons are published. County FLU 2030 (FLUNAME / FLU_LDC) is land use only and is not stored as zoning.","Property Appraiser parcels have no sale fields. A sale is copied from the FDOR/DOH extract when the parcel id matches.","Lakeland zoning and future land use are city AGOL polygons (LABEL / DESIGNATIO) joined onto county parcels inside the city. Winter Haven has no verified public zoning FeatureServer."]},"geometry":{"type":"Polygon","coordinates":[[[-82.0315,27.71891],[-82.03274,27.7187],[-82.03274,27.72027],[-82.0315,27.72027],[-82.0315,27.71911],[-82.0315,27.71891]]]}},{"type":"Feature","id":"12105:233206000000012060","properties":{"id":"12105:233206000000012060","parcelId":"233206000000012060","countyFips":"12105","countyName":"Polk","state":"Florida","marketIds":["Tampa"],"situsAddress":"BETHLEHEM RD","situsCity":"Mulberry","situsZip":"33860","jurisdictionCode":"Mulberry","ownerName":"MATIAS KEVIN MIGUEL","ownerName2":null,"propertyName":null,"zoningCode":null,"zoningDistrict":null,"jurisdictionPrefix":null,"dorCode":"9900","acreage":5.0178,"centroid":[-82.042022,27.728861],"lastSale":{"date":null,"price":null,"qualified":null},"tax":{"marketValue":138841.0,"assessedValue":99235.0,"taxableValue":99235.0,"taxes":null},"mailingAddress":{"line1":"4830 BETHLEHEM RD","line2":null,"city":"MULBERRY FL 33860-8008","state":null,"zip":null},"incomeTract":null,"incomeBlockGroup":null,"nearestRoad":null,"flu":{"code":"A/RR","label":"A/RR","jurisdiction":"Unincorporated Polk","source":"polk-flu-2030"},"opportunityZone":null,"oz2Eligibility":null,"source":"fl-polk-property-appraiser-134","municipality":"Mulberry","zoningDescription":null,"appraiserUrl":"https://www.polkpa.org/","dataGaps":["Polk market parcels are Property_Appraiser MapServer/134. Orlando shed tiles are unchanged.","No countywide zoning-district polygons are published. County FLU 2030 (FLUNAME / FLU_LDC) is land use only and is not stored as zoning.","Property Appraiser parcels have no sale fields. A sale is copied from the FDOR/DOH extract when the parcel id matches.","Lakeland zoning and future land use are city AGOL polygons (LABEL / DESIGNATIO) joined onto county parcels inside the city. Winter Haven has no verified public zoning FeatureServer."]},"geometry":{"type":"Polygon","coordinates":[[[-82.04153,27.73006],[-82.04153,27.72956],[-82.04199,27.72958],[-82.04197,27.72871],[-82.04153,27.72872],[-82.04154,27.72828],[-82.04265,27.72832],[-82.04274,27.72645],[-82.04272,27.73007],[-82.04153,27.73006]]]}},{"type":"Feature","id":"12105:233206000000034010","properties":{"id":"12105:233206000000034010","parcelId":"233206000000034010","countyFips":"12105","countyName":"Polk","state":"Florida","marketIds":["Tampa"],"situsAddress":"6977 POPE LN","situsCity":"Mulberry","situsZip":"33860","jurisdictionCode":"Mulberry","ownerName":"POPE GEORGE E ESTATE OF","ownerName2":null,"propertyName":null,"zoningCode":null,"zoningDistrict":null,"jurisdictionPrefix":null,"dorCode":"0201","acreage":5.0176,"centroid":[-82.05394,27.728838],"lastSale":{"date":null,"price":null,"qualified":null},"tax":{"marketValue":304681.0,"assessedValue":210955.0,"taxableValue":210955.0,"taxes":null},"mailingAddress":{"line1":"6977 POPE LN","line2":null,"city":"MULBERRY FL 33860-8009","state":null,"zip":null},"incomeTract":null,"incomeBlockGroup":null,"nearestRoad":null,"flu":{"code":"A/RR","label":"A/RR","jurisdiction":"Unincorporated Polk","source":"polk-flu-2030"},"opportunityZone":null,"oz2Eligibility":{"eligible":true,"rural":true,"tractGeoid":"12105016100","tractName":"Census Tract 161","designation":"eligible-for-nomination","source":"rev-proc-2026-14"},"source":"fl-polk-property-appraiser-134","municipality":"Mulberry","zoningDescription":null,"appraiserUrl":"https://www.polkpa.org/","dataGaps":["Polk market parcels are Property_Appraiser MapServer/134. Orlando shed tiles are unchanged.","No countywide zoning-district polygons are published. County FLU 2030 (FLUNAME / FLU_LDC) is land use only and is not stored as zoning.","Property Appraiser parcels have no sale fields. A sale is copied from the FDOR/DOH extract when the parcel id matches.","Lakeland zoning and future land use are city AGOL polygons (LABEL / DESIGNATIO) joined onto county parcels inside the city. Winter Haven has no verified public zoning FeatureServer."]},"geometry":{"type":"Polygon","coordinates":[[[-82.05292,27.72928],[-82.05292,27.72837],[-82.05496,27.72839],[-82.05496,27.72931],[-82.05292,27.72928]]]}},{"type":"Feature","id":"12105:233204000000043050","properties":{"id":"12105:233204000000043050","parcelId":"233204000000043050","countyFips":"12105","countyName":"Polk","state":"Florida","marketIds":["Tampa"],"situsAddress":"4185 ALBRITTON RD","situsCity":"Mulberry","situsZip":"33860","jurisdictionCode":"Mulberry","ownerName":"BLY HOLLY","ownerName2":null,"propertyName":null,"zoningCode":null,"zoningDistrict":null,"jurisdictionPrefix":null,"dorCode":"9900","acreage":5.0015,"centroid":[-82.019432,27.722575],"lastSale":{"date":null,"price":null,"qualified":null},"tax":{"marketValue":27281.0,"assessedValue":20769.0,"taxableValue":20769.0,"taxes":null},"mailingAddress":{"line1":"4165 ALBRITTON RD","line2":null,"city":"MULBERRY FL 33860-9101","state":null,"zip":null},"incomeTract":null,"incomeBlockGroup":null,"nearestRoad":null,"flu":{"code":"A/RR","label":"A/RR","jurisdiction":"Unincorporated Polk","source":"polk-flu-2030"},"opportunityZone":null,"oz2Eligibility":null,"source":"fl-polk-property-appraiser-134","municipality":"Mulberry","zoningDescription":null,"appraiserUrl":"https://www.polkpa.org/","dataGaps":["Polk market parcels are Property_Appraiser MapServer/134. Orlando shed tiles are unchanged.","No countywide zoning-district polygons are published. County FLU 2030 (FLUNAME / FLU_LDC) is land use only and is not stored as zoning.","Property Appraiser parcels have no sale fields. A sale is copied from the FDOR/DOH extract when the parcel id matches.","Lakeland zoning and future land use are city AGOL polygons (LABEL / DESIGNATIO) joined onto county parcels inside the city. Winter Haven has no verified public zoning FeatureServer."]},"geometry":{"type":"Polygon","coordinates":[[[-82.0193,27.72124],[-82.01928,27.72293],[-82.02026,27.72292],[-82.02025,27.72355],[-82.01874,27.72356],[-82.01876,27.72125],[-82.0193,27.72124]]]}}]}