0	259 OFF 140			-90.15323	35.71636
0	2ND	DYESS		-90.22174	35.59018
0	3RD	DYESS	72330	-90.21913	35.59297
0	3RD ST			-90.24682	35.92730
0	5TH	DYESS		-90.20684	35.59522
0	5TH	DYESS	72330	-90.21308	35.59496
0	6TH CHICKASAWBA	BLYTHEVILLE	72315	-89.90902	35.93079
0	AIRPORT	BLYTHEVILLE	72315	-89.83199	35.93551
0	AT THE RR	BLYTHEVILLE	72315	-89.91203	35.92536
0	BEHIND 2088 E CO RD 378	BLYTHEVILLE	72315	-89.94545	35.84714
0	BEHIND 2300 HWY 61	OSCEOLA	72370	-89.97720	35.68020
0	BEHIND CEDAR LN	BLYTHEVILLE	72316	-89.90689	35.94347
0	BEHIND LEVEE			-89.74561	35.91204
0	BROADWAY	BLYTHEVILLE	72315	-89.90754	35.92449
0	BROADWAY LOCUST	BLYTHEVILLE	72316	-89.90627	35.91951
0	BROWN WEST END	BASSETT	72313	-90.12972	35.53622
0	CENTRAL PARK	VICTORIA		-90.05645	35.75792
0	CO RD 1012			-90.23787	35.55578
0	CO RD 1020	JOINER	72350	-90.16269	35.55014
0	CO RD 1020 243	JOINER	72350	-90.16165	35.55609
0	CO RD 103	KEISER	72351	-90.21799	35.65368
0	CO RD 103	LEACHVILLE	72438	-90.22735	35.80289
0	CO RD 1064	BASSETT	72313	-90.13565	35.53584
0	CO RD 108	BLYTHEVILLE	72316	-89.86344	35.95492
0	CO RD 1148	JOINER	72350	-90.13130	35.49520
0	CO RD 121	ETOWAH		-90.22200	35.71154
0	CO RD 121	ETOWAH	72315	-90.22397	35.73746
0	CO RD 139			-90.22742	35.74882
0	CO RD 139	ETOWAH	72428	-90.21457	35.73736
0	CO RD 139	MANILA	72442	-90.21460	35.85757
0	CO RD 159	KEISER	72351	-90.21065	35.67322
0	CO RD 159	WILSON	72395	-90.20823	35.67938
0	CO RD 159 940	BASSETT	72313	-90.20145	35.58871
0	CO RD 175	MANILA	72442	-90.19715	35.78950
0	CO RD 193	MANILA	72442	-90.18788	35.91499
0	CO RD 2			-89.87914	35.99749
0	CO RD 203			-90.18469	35.45870
0	CO RD 209	FRENCHMAN BYU	72338	-90.18007	35.50644
0	CO RD 209 HWY 14	DYESS	72330	-90.17666	35.61210
0	CO RD 243			-90.16258	35.62029
0	CO RD 243	MANILA	72442	-90.15888	35.85639
0	CO RD 267			-90.14997	35.48825
0	CO RD 267	JOINER	72350	-90.13226	35.50574
0	CO RD 269	JOINER	72350	-90.14605	35.49672
0	CO RD 275			-90.14275	35.86341
0	CO RD 297	KEISER	72351	-90.23741	35.68136
0	CO RD 30	BLYTHEVILLE	72315	-90.03444	35.99312
0	CO RD 308			-90.19124	35.46749
0	CO RD 309 CO RD 474	DELL	72426	-90.12601	35.80173
0	CO RD 314			-90.20638	35.87506
0	CO RD 317	BASSETT	72313	-90.12273	35.52521
0	CO RD 346 EAST ON RR	BLYTHEVILLE	72315	-89.90362	35.85338
0	CO RD 359	BLYTHEVILLE	72315	-90.10246	35.80572
0	CO RD 362			-90.24111	35.85466
0	CO RD 375			-90.08604	35.84046
0	CO RD 378	LEACHVILLE	72438	-90.19606	35.84565
0	CO RD 38	BLYTHEVILLE	72315	-89.90788	35.98490
0	CO RD 407	WILSON	72395	-90.07517	35.55215
0	CO RD 410	DELL	72426	-90.07850	35.82731
0	CO RD 430	BLYTHEVILLE	72315	-89.74272	35.84470
0	CO RD 439	OSCEOLA	72370	-90.04903	35.68787
0	CO RD 449 HWY 119	WILSON	72395	-90.04514	35.62654
0	CO RD 471			-90.03386	35.80424
0	CO RD 471	WILSON	72395	-90.03721	35.61224
0	CO RD 49			-90.26004	35.57465
0	CO RD 495			-90.02234	35.62796
0	CO RD 503			-90.01956	35.88319
0	CO RD 503	BLYTHEVILLE	72315	-90.01300	35.84350
0	CO RD 524	MANILA	72442	-90.18593	35.77452
0	CO RD 535	WILSON	72395	-90.00500	35.59344
0	CO RD 538			-90.11575	35.76595
0	CO RD 538	WILSON	72395	-90.11715	35.76839
0	CO RD 5439			-90.05088	35.70732
0	CO RD 570			-89.84468	35.77852
0	CO RD 570	BLYTHEVILLE	72316	-89.83672	35.77746
0	CO RD 570	OSCEOLA	72370	-89.89485	35.76842
0	CO RD 586			-90.18840	35.74885
0	CO RD 598	OSCEOLA	72370	-89.96698	35.74281
0	CO RD 609	WILSON	72395	-89.95033	35.55493
0	CO RD 650	OSCEOLA	72370	-90.16459	35.72181
0	CO RD 668			-90.18525	35.70638
0	CO RD 69	MANILA	72442	-90.24633	35.86715
0	CO RD 695	BLYTHEVILLE	72315	-89.91145	35.88677
0	CO RD 711	BLYTHEVILLE	72316	-89.89917	35.97401
0	CO RD 732			-90.22049	35.68200
0	CO RD 761			-89.87188	35.98386
0	CO RD 764 CO RD 175	KEISER	72351	-90.20370	35.66613
0	CO RD 839			-89.83451	35.80115
0	CO RD 860	WILSON	72395	-90.05064	35.62196
0	CO RD 862			-90.28183	35.77524
0	CO RD 91	BLYTHEVILLE	72315	-90.24775	35.51525
0	CO RD 91	ETOWAH	72428	-90.23807	35.67564
0	CO RD 940			-90.16694	35.58646
0	CO RD 956	BASSETT	72313	-90.22876	35.58572
0	CO RD 956	WILSON	72395	-89.98906	35.57930
0	CO RD 966			-90.24236	35.56673
0	CO RD 972			-90.16245	35.57291
0	CO RD 972	BASSETT	72313	-90.22521	35.57695
0	CO RD 988			-90.25993	35.57003
0	COR OF CO RD 175 HWY 14			-90.20065	35.61282
0	COUNTY ROAD 410	MANILA	72442	-90.19315	35.83135
0	CROSSTOWN	WILSON	72395	-90.03908	35.56101
0	CYRO	OSCEOLA	72370	-90.01015	35.68675
0	DAVIS	MANILA	72442	-90.15732	35.87883
0	DELL	DELL	72315	-90.02642	35.86085
0	E CALHOUN	LUXORA		-89.92474	35.75646
0	E CALHOUN	LUXORA	72315	-89.92702	35.76839
0	E CO RD 1004	WILSON	72395	-89.95264	35.55751
0	E CO RD 142			-89.69527	35.94209
0	E CO RD 246	BLYTHEVILLE	72315	-89.88267	35.89873
0	E CO RD 328	BLYTHEVILLE	72315	-89.80452	35.86837
0	E CO RD 346	BLYTHEVILLE	72315	-89.95599	35.86183
0	E CO RD 346 HWY 61			-89.91966	35.85713
0	E CO RD 378	BLYTHEVILLE	72315	-89.93180	35.84276
0	E CO RD 442	BLYTHEVILLE	72315	-89.89387	35.81111
0	E CO RD 474			-89.89845	35.80069
0	E CO RD 860	WILSON	72395	-90.03362	35.62398
0	E HAYWOOD EXT	MANILA		-90.15284	35.88031
0	E HAYWOOD EXT	MANILA	72442	-90.14788	35.87956
0	E HWY 18	ARMOREL	72310	-89.79963	35.91694
0	E HWY 18	BLYTHEVILLE		-89.85876	35.92348
0	E HWY 18	BLYTHEVILLE	72315	-89.85816	35.92752
0	E HWY 18	BLYTHEVILLE	72316	-89.79162	35.91162
0	E HWY 18 I 55	BLYTHEVILLE	72315	-89.87615	35.92304
0	E HWY 312			-89.95509	35.87012
0	E MAIN	KEISER	72428	-90.09529	35.67419
0	E MOULTRIE OLD EAST JR HI	BLYTHEVILLE	72316	-89.89799	35.93802
0	E ROSE	BLYTHEVILLE	72315	-89.88832	35.92253
0	ELM	BLYTHEVILLE		-89.90722	35.90534
0	ELM	BLYTHEVILLE	72310	-89.90743	35.91113
0	ELM	BLYTHEVILLE	72315	-89.90761	35.91540
0	ELM	BLYTHEVILLE	72316	-89.91174	35.92135
0	ELM MCHANEY	BLYTHEVILLE		-89.90886	35.91783
0	ELM MCHANEY	BLYTHEVILLE	72316	-89.91085	35.91893
0	ELM PAST 700 ELM	BLYTHEVILLE	72316	-89.90871	35.92069
0	ELM ST CHEROKEE COURTS	BLYTHEVILLE	72316	-89.91173	35.92002
0	END OF CO RD 180	LEACHVILLE	72438	-90.15494	35.92819
0	END OF CO RD 225	MANILA	72442	-90.17017	35.86459
0	END OF CR 889			-89.80168	35.94911
0	END OF DEBBIE	LUXORA		-89.93176	35.76510
0	END OF HWY 198			-89.92772	35.65508
0	ESMNT BK 2017 PG 3681			-90.21047	35.47568
0	FRANKLIN	BLYTHEVILLE	72315	-89.89511	35.94209
0	FRUIT OF LOOM BLDG	OSCEOLA	72370	-89.97102	35.68659
0	GOLDEN LAKE	WILSON	72395	-90.04720	35.54717
0	GOSNELL			-89.99136	35.98537
0	GOSNELL	BLYTHEVILLE	72315	-90.05710	35.99203
0	GRANDVIEW	OSCEOLA	72370	-89.97760	35.69931
0	HARRISON	WILSON	72395	-90.04842	35.56323
0	HWY 118			-90.20654	35.51238
0	HWY 119			-90.15281	35.99562
0	HWY 119	LEACHVILLE		-90.22755	35.92889
0	HWY 119	LEACHVILLE	72438	-90.16193	35.98059
0	HWY 119	OSCEOLA	72370	-90.01474	35.71145
0	HWY 14			-90.23547	35.61011
0	HWY 14	DYESS	72330	-90.20696	35.61056
0	HWY 140			-90.14011	35.70125
0	HWY 140	OSCEOLA		-90.01453	35.69895
0	HWY 140	OSCEOLA	72370	-90.22775	35.69420
0	HWY 140	WEST RIDGE	72391	-90.26382	35.68320
0	HWY 148	BLYTHEVILLE	72315	-89.86584	35.86420
0	HWY 148	BURDETTE	72315	-89.95577	35.81458
0	HWY 148	OSCEOLA	72370	-90.04551	35.81279
0	HWY 150	BLYTHEVILLE	72315	-89.83942	35.99425
0	HWY 151	BLYTHEVILLE	72315	-89.84523	35.89779
0	HWY 158			-89.98869	35.75310
0	HWY 158	MANILA	72442	-90.25755	35.78020
0	HWY 158 CO RD 375			-90.09172	35.75449
0	HWY 18			-89.94294	35.92606
0	HWY 18	BLYTHEVILLE	72315	-90.00504	35.87743
0	HWY 18	DELL		-90.03826	35.85388
0	HWY 18	DELL	72426	-90.06191	35.84535
0	HWY 18	LEACHVILLE		-90.26049	35.88904
0	HWY 18	LEACHVILLE	72438	-90.26373	35.89027
0	HWY 18	MANILA		-90.16557	35.87189
0	HWY 18	MANILA	72442	-90.19239	35.89301
0	HWY 18 CO RD 368	BLYTHEVILLE	72316	-90.10237	35.84472
0	HWY 18 STACY LAND CO	DELL	72426	-90.08082	35.84163
0	HWY 181	BASSETT	72313	-90.13546	35.54033
0	HWY 181	BLYTHEVILLE	72315	-90.01156	35.97794
0	HWY 181	GOSNELL	72315	-89.96603	35.97035
0	HWY 181	JOINER	72350	-90.15480	35.53993
0	HWY 198			-90.28373	35.65240
0	HWY 239			-89.88732	35.88706
0	HWY 239	BLYTHEVILLE	72315	-89.97406	35.91077
0	HWY 297			-90.21088	35.57612
0	HWY 308	WILSON	72395	-90.23131	35.48050
0	HWY 61			-90.18641	35.46362
0	HWY 61	BLYTHEVILLE		-89.91146	35.96489
0	HWY 61	OSCEOLA	72370	-89.96750	35.72721
0	HWY 61 BEHIND 3468	BLYTHEVILLE	72316	-89.91702	35.87775
0	HWY 61 I 55	BLYTHEVILLE		-89.92013	35.88842
0	HWY 77			-90.17573	35.78080
0	HWY 77 CO RD 1012			-90.25133	35.55590
0	HWY 77 CO RD 586	MANILA	72442	-90.18378	35.75095
0	HWY 77 S OF CARROLL CRNR			-90.17921	35.72163
0	HWY 779 AND HOLLIS DR	BLYTHEVILLE		-89.86169	35.92236
0	HYW 158			-90.22624	35.78149
0	INCLUDES GRIDER PARK	OSCEOLA	72370	-89.97388	35.65043
0	INDUSTRIAL PARK	MANILA	72442	-90.17326	35.87824
0	JEB STUART	WILSON	72395	-90.04776	35.57310
0	JEFFERSON	WILSON		-90.04006	35.56796
0	JEFFERSON	WILSON	72395	-90.04356	35.56232
0	LAKE	LEACHVILLE	72438	-90.16299	35.89003
0	LAKE	WILSON	72395	-90.03991	35.57210
0	LAKE RD	GOSNELL		-89.97101	35.95032
0	LEE	WILSON	72395	-90.05332	35.56430
0	LINDEN	JOINER	72370	-90.14963	35.51290
0	LOCKARD	BLYTHEVILLE	72315	-89.88181	35.92228
0	MADISON	WILSON	72395	-90.04992	35.57064
0	MANILA			-90.18887	35.83135
0	MANILA	LEACHVILLE	72438	-90.21061	35.85320
0	MANILA	MANILA	72442	-90.17458	35.88101
0	MCDANIEL	BIRDSONG		-90.26084	35.45703
0	MCHANEY	BLYTHEVILLE	72316	-89.91084	35.91809
0	MISSISSIPPI BLY AUTO SALV			-89.93789	35.91631
0	N 15TH ST	BLYTHEVILLE	72316	-89.92031	35.93530
0	N CO RD 1			-90.28216	35.76596
0	N CO RD 175			-90.19785	35.81321
0	N CO RD 243			-90.16479	35.83834
0	N CO RD 243	MANILA	72442	-90.16087	35.81678
0	N CO RD 309			-90.12516	35.82085
0	N CO RD 359			-90.10066	35.80935
0	N CO RD 503	BLYTHEVILLE	72315	-90.01362	35.88354
0	N CO RD 511	BLYTHEVILLE	72315	-90.01795	35.99680
0	N CO RD 599			-89.96552	35.81937
0	N CO RD 69	MANILA	72442	-90.25034	35.86483
0	N CO RD 743	BLYTHEVILLE	72315	-89.88602	35.86790
0	N CO RD 773	BLYTHEVILLE	72316	-89.86569	35.92336
0	N DIVISION HIGHLAND	BLYTHEVILLE	72315	-89.91774	35.94275
0	N ERMAN	OSCEOLA		-89.98116	35.71980
0	N ERMAN	OSCEOLA	72370	-89.97841	35.71107
0	N GOSNELL	GOSNELL	72315	-89.97859	35.97400
0	N HWY 312	BLYTHEVILLE	72315	-89.81085	35.92607
0	N HWY 312	WILSON	72395	-89.81006	35.93541
0	N HWY 61	BLYTHEVILLE	72316	-89.91639	35.94979
0	N HWY 77	LEACHVILLE	72438	-90.18863	35.80917
0	N PEARL	OSCEOLA		-89.96591	35.72251
0	N PEARL	OSCEOLA	72370	-89.96645	35.71668
0	N S SIDE OF HWY 118	JOINER	72350	-90.19264	35.51211
0	N WALNUT	OSCEOLA	72370	-89.97020	35.70942
0	NONE	OSCEOLA	72370	-90.01862	35.68226
0	NORTH INTERSTATE			-89.95134	35.84072
0	NORTH OF 659 S CO RD 139	ETOWAH		-90.21512	35.74096
0	OFF CO RD 634	ETOWAH		-90.24789	35.73020
0	OFF HWY 136			-90.17977	35.72977
0	OFF N FRANKLIN	BLYTHEVILLE	72315	-89.88589	35.95624
0	OHLENDORF CROMPTON RD			-89.97441	35.68470
0	PHILLIPS	BLYTHEVILLE		-89.91334	35.91899
0	PLANTATION	BURDETTE		-89.94178	35.81766
0	PLANTATION	BURDETTE	72321	-89.92911	35.82073
0	POPLAR	KEISER	72313	-90.09989	35.67767
0	POWELL	LUXORA	72358	-89.93380	35.75219
0	PROMISE LAND FARM	BLYTHEVILLE	72315	-89.87251	35.90237
0	RICHARD PREWITT	OSCEOLA		-89.98786	35.69123
0	ROCKEFELLER	WILSON	72395	-90.04640	35.57225
0	RR	BLYTHEVILLE	72316	-89.90596	35.92488
0	RUDDLE	BLYTHEVILLE	72315	-89.89384	35.92078
0	RV PARK	DELL	72426	-90.03676	35.85713
0	S BROADWAY	OSCEOLA	72370	-89.96111	35.70195
0	S CHESTNUT	OSCEOLA	72370	-89.96643	35.69303
0	S CO RD 103			-90.22963	35.60668
0	S CO RD 139	JOINER	72350	-90.21943	35.51916
0	S CO RD 159			-90.20476	35.69510
0	S CO RD 159	DYESS		-90.20685	35.58430
0	S CO RD 175	KEISER	72351	-90.20599	35.67098
0	S CO RD 275	KEISER	72351	-90.14598	35.71501
0	S CO RD 407	WILSON	72395	-90.06490	35.58261
0	S CO RD 535	WILSON	72395	-90.00522	35.59625
0	S CO RD 597	BURDETTE		-89.97082	35.81627
0	S DIVISION	BLYTHEVILLE	72315	-89.91604	35.88347
0	S DIVISION	BLYTHEVILLE	72316	-89.92126	35.89601
0	S HICKORY	BURDETTE	72321	-89.92922	35.81226
0	S HWY 119	OSCEOLA		-90.01827	35.70611
0	S HWY 119	OSCEOLA	72370	-90.01666	35.71334
0	S HWY 181	KEISER	72395	-90.09679	35.66600
0	S HWY 297	DYESS		-90.20788	35.58781
0	S HWY 297	DYESS	72313	-90.21172	35.58526
0	S HWY 61	BLYTHEVILLE		-89.92030	35.88136
0	S HWY 61	BLYTHEVILLE	72315	-89.91639	35.89876
0	S HWY 61	BLYTHEVILLE	72316	-89.92163	35.89891
0	S HWY 61	BLYTHEVILLE	72321	-89.91517	35.90978
0	S HWY 61	LUXORA	72316	-89.93044	35.76625
0	S HWY 61	LUXORA	72358	-89.93028	35.76790
0	S HWY 61	LUXORA	72370	-89.93009	35.76848
0	S HWY 61	LUXORA	72395	-89.93139	35.76232
0	S HWY 61	OSCEOLA		-89.96523	35.73350
0	S HWY 61	OSCEOLA	72315	-89.98276	35.69304
0	S HWY 61	OSCEOLA	72316	-89.98268	35.68435
0	S HWY 61	OSCEOLA	72370	-89.98536	35.67742
0	S HWY 61	WILSON	72395	-90.09450	35.54861
0	S HWY 77			-90.24611	35.47605
0	S HWY 77	OSCEOLA	72370	-90.24604	35.47970
0	S MAIN	LUXORA	72358	-89.92599	35.75186
0	S OF CO RD 158			-89.95022	35.75248
0	S WOODLAWN	BURDETTE	72321	-89.94315	35.81068
0	SAWYER	BLYTHEVILLE	72316	-89.90187	35.91373
0	SCHOOL	KEISER	72351	-90.09517	35.67061
0	SOUTH ST	DYESS	72330	-90.22184	35.58760
0	ST HWY 980	BLYTHEVILLE	72315	-89.83306	35.93298
0	SWIHART RD	LEACHVILLE	72438	-90.26595	35.91685
0	SYCAMORE	BLYTHEVILLE	72315	-89.92063	35.92463
0	TRAILER CITY PHASE 2	LUXORA		-89.93441	35.76007
0	UNION	WILSON	72395	-90.03994	35.55799
0	VICTORIA DR	VICTORIA		-90.05262	35.75829
0	W CO RD 102 HWY 119	LEACHVILLE	72438	-90.15613	35.95853
0	W CO RD 1068	BASSETT	72313	-90.11451	35.52947
0	W CO RD 2			-90.14510	35.99631
0	W CO RD 2	LEACHVILLE	72438	-90.23214	35.99376
0	W CO RD 314	MANILA	72442	-90.21127	35.87499
0	W CO RD 346	LEACHVILLE	72438	-90.20128	35.85674
0	W CO RD 361	BLYTHEVILLE	72316	-90.09624	35.85406
0	W CO RD 362			-90.22512	35.85332
0	W CO RD 38			-90.12963	35.99713
0	W CO RD 410			-90.17060	35.83109
0	W CO RD 538	MANILA	72442	-90.24023	35.77306
0	W CO RD 54	LEACHVILLE	72438	-90.26757	35.98089
0	W CO RD 650			-90.17399	35.72095
0	W CO RD 70	LEACHVILLE	72438	-90.25917	35.97277
0	W CO RD 732			-90.22997	35.68220
0	W CO RD 732	OSCEOLA		-90.00308	35.68220
0	W CO RD 732	OSCEOLA	72315	-89.98864	35.68220
0	W CO RD 732	OSCEOLA	72370	-89.99416	35.68232
0	W CO RD 86	BLYTHEVILLE	72315	-90.05333	35.96953
0	W CO RD 86	LEACHVILLE	72438	-90.28625	35.97064
0	W CO RD 880 S CO RD23			-90.27288	35.62180
0	W HALE	OSCEOLA	72370	-89.98883	35.70199
0	W HWY 14	MARIE	72395	-90.08359	35.61251
0	W HWY 140	OSCEOLA		-90.05457	35.70117
0	W HWY 140	OSCEOLA	72370	-90.04816	35.69547
0	W HWY 148	BURDETTE	72321	-89.96663	35.81517
0	W HWY 18 STAPLE COTTON	DELL		-90.03658	35.85894
0	W HWY 181	BASSETT	72313	-90.13213	35.53903
0	W KEISER	OSCEOLA		-89.97787	35.69212
0	W KEISER	OSCEOLA	72370	-89.99561	35.70089
0	W SEMMES	OSCEOLA		-89.98457	35.70678
0	W SEMMES	OSCEOLA	72370	-89.99434	35.70945
0	W SWIHART RD	LEACHVILLE	72438	-90.26228	35.91685
0	WASHINGTON	WILSON	72395	-90.05001	35.56848
0	WEST OF CITY	BASSETT		-90.13197	35.53581
0	WILSON	BASSETT		-90.12391	35.53664
0	YARBRO			-89.93625	35.98246
1	AFCO RD	MARION	72364	-90.18793	35.17714
1	BUCK LAKE RD HWY	CRAWFORDSVILLE	72327	-90.29615	35.20376
1	PATRIOT DR	MARION	72364	-90.19479	35.19601
1	SEDIVER WAY	WEST MEMPHIS	72301	-90.21408	35.18396
100	138 BLOCK ST	MARION	72364	-90.20369	35.20998
100	ALABAMA AVE	EARLE	72331	-90.45006	35.26810
100	BRIDGEPORT RD	WEST MEMPHIS	72301	-90.09829	35.13300
100	CR 471	DELL	72426	-90.03440	35.85696
100	DENSO RD	OSCEOLA	72370	-90.03754	35.69970
100	LH POLK DR 10 PATRIOT DR	MARION	72364	-90.19895	35.19524
100	MITCHELL LN	MARION	72364	-90.18165	35.18056
100	RALPH CARLSON	PROCTOR	72376	-90.30393	35.06915
100	STANDARD DR	MANILA	72442	-90.17536	35.87698
1000	1002 OMNI RD	MARION	72364	-90.23024	35.21589
1000	S 8TH	WEST MEMPHIS	72301	-90.17234	35.13456
1000	W CO RD 243	MANILA	72442	-90.15182	35.85691
1001	OHLENDORF CROMPTON RD	OSCEOLA		-89.97039	35.69582
1001	RAINER RD	WEST MEMPHIS	72301	-90.21317	35.12415
1001	S 8TH ROOK RD	WEST MEMPHIS	72301	-90.17745	35.13229
1004	RUSSELL CEMETERY RD	EARLE	72331	-90.42833	35.24698
1005	1015 HINKLEY RD	PROCTOR	72376	-90.24610	35.09915
1006	E CO RD 840	OSCEOLA	72370	-89.99430	35.63573
1007	FRANKLIN	BLYTHEVILLE	72316	-89.90221	35.91755
1008	W US HWY 64	MARION	72364	-90.21547	35.21144
1009	E HWY 18	BLYTHEVILLE	72316	-89.99341	35.87989
101	DENSO RD	OSCEOLA	72370	-90.04161	35.69946
101	HINO RD	MARION	72364	-90.26063	35.17833
101	MILLER DR	MARION	72364	-90.21209	35.25261
101	TERRA RD	BLYTHEVILLE		-89.84705	35.92747
1011	W BARTON	WEST MEMPHIS	72301	-90.20922	35.15458
1013	E PROMISE LAND RD	BLYTHEVILLE	72315	-89.88267	35.91279
1015	CO RD			-89.73032	35.93859
1015	N CO RD 49			-90.25936	35.79130
1017	JAKE DIXON RD	CRAWFORDSVILLE	72327	-90.26780	35.28797
1018	S 2ND WILLIAMS PARK	BLYTHEVILLE	72315	-89.90445	35.91762
102	110 E JEFFERSON	WEST MEMPHIS	72301	-90.18319	35.13635
1020	OHLENDORF DR CROMPTON	OSCEOLA		-89.97134	35.69173
1021	HWY 312	BLYTHEVILLE	72315	-89.85799	35.91236
1022	S CO RD 309	OSCEOLA	72370	-90.12326	35.72342
1023	INDUSTRIAL	OSCEOLA	72370	-89.96903	35.69414
1024	OHLENDORF RD	OSCEOLA		-89.97561	35.69392
1026	S CO RD 243	OSCEOLA	72370	-90.15915	35.72216
103	COUNTY RD	BASSETT	72313	-90.23091	35.60188
103	REAR ALABAMA AVE	EARLE	72331	-90.45231	35.26989
104	BATES RD	TYRONZA	72386	-90.45039	35.43089
1040	E MAIN	BLYTHEVILLE		-89.88090	35.92998
1044	S HWY 77			-90.17415	35.72280
10469	ST HWY 118	TURRELL	72384	-90.36380	35.38110
1052	OILWELL CORNER RD	CRAWFORDSVILLE	72327	-90.35995	35.26375
10589	US HWY 70	PROCTOR	72376	-90.31224	35.14560
106	S PORTER DR	BLYTHEVILLE		-89.87302	35.92537
1061	ST HWY 77	WEST MEMPHIS	72301	-90.18603	35.18196
1066	CRAWFORDSVILLE RD	PROCTOR	72376	-90.32775	35.13161
1066	HINKLEY RD	PROCTOR	72376	-90.24822	35.10561
107	ALLEN CV	MARION	72364	-90.21116	35.25077
107	RED SEA CV	EARLE	72331	-90.40249	35.24554
107	S TIMBERWOLF	DYESS	72330	-90.20515	35.58351
1077	CO RD 275			-90.14534	35.72336
1079	E HWY 18	BLYTHEVILLE	72315	-89.99158	35.88199
108	HORSESHOE POINT	HUGHES	72348	-90.30916	34.91066
108	STRACENER DR	BLYTHEVILLE		-89.86883	35.92390
1081	E HWY 18			-90.08075	35.87521
1082	HWY 77			-90.17491	35.79187
1088	E HWY 181	BLYTHEVILLE	72315	-89.99281	35.98303
1092	W CO RD 458	MANILA	72442	-90.08050	35.80853
10922	ST HWY 118 N	TURRELL	72384	-90.35706	35.38757
1096	E I 55 SERVICE LOT 2 RD	MARION	72364	-90.19406	35.18011
11	19 24 39 110 SMITHSON RD	TURRELL	72384	-90.25699	35.36295
1100	E MAIN	BLYTHEVILLE	72316	-89.87918	35.93084
1100	FAMILY DOLLAR PKWY	WEST MEMPHIS	72301	-90.20578	35.18216
1100	MARTIN LUTHER KING J DR	WEST MEMPHIS	72301	-90.13778	35.15761
1100	N 7TH ST	WEST MEMPHIS	72301	-90.17778	35.15794
1101	CO RD 275			-90.14461	35.71839
1101	N MISSOURI	WEST MEMPHIS	72301	-90.18362	35.15882
1101	S AVALON	WEST MEMPHIS	72301	-90.19510	35.13249
1102	S RUDDLE RD	BLYTHEVILLE		-89.89072	35.91624
1102	S WOODS	WEST MEMPHIS	72301	-90.18207	35.13300
1104	RUSSELL CEMETERY RD	EARLE	72331	-90.43806	35.25508
1105	GILMORE RD	GILMORE	72339	-90.26108	35.41028
1108	S CO RD 309			-90.12276	35.71908
111	MALLORY HEIGHTS RD	HUGHES	72348	-90.39139	35.01221
111	RED SEA CV	EARLE	72331	-90.40269	35.24402
111	W HWY 148	BLYTHEVILLE	72315	-90.03599	35.81296
1118	LEVEE RD	PROCTOR	72376	-90.28065	35.05897
1121	E MAIN	BLYTHEVILLE	72315	-89.88043	35.92810
1122	N CO RD 309	MANILA	72442	-90.12890	35.79716
1123	MASNER RD	MARION	72364	-90.23966	35.16220
1124	S AIRBASE HWY MOBILE HOME P	GOSNELL	72319	-89.96880	35.97344
1124	W MOULTRIE DR	BLYTHEVILLE	72315	-89.91745	35.93753
1129	CTY RD 860	OSCEOLA	72370	-89.98917	35.62436
113	STOVER RD	EARLE	72331	-90.35837	35.35258
1130	OLD HWY 64	CRAWFORDSVILLE	72327	-90.32062	35.22856
11311	BUCK LAKE RD	EARLE	72331	-90.49072	35.20408
1132	1174 SMOKEY ALLEY RD	EARLE	72331	-90.38374	35.31690
11327	HORSESHOE CIR	HUGHES	72348	-90.36856	34.92097
11329	US HWY 70	PROCTOR	72376	-90.32491	35.14502
1136	1235 CYPRESS AVE	MARION	72364	-90.19965	35.22864
1137	BOB WHITE RD	TURRELL	72384	-90.31095	35.34956
11386	HORSESHOE CIR	HUGHES	72348	-90.37103	34.92061
1139	BLOSSOM BLVD	BLYTHEVILLE		-89.91744	35.89425
1139	ST HWY 77	MARION	72364	-90.18629	35.18395
114	154 HORTON	TURRELL	72384	-90.25657	35.38193
114	S LOCKARD	BLYTHEVILLE		-89.88193	35.92516
114	WANN RD	CRAWFORDSVILLE	72327	-90.39758	35.22177
1141	HINKLEY RD	PROCTOR	72376	-90.24773	35.09838
1147	HWY 136	ETOWAH		-90.24563	35.72105
1148	S HWY 77			-90.17266	35.71677
1150	1160 E CO RD 780	KEISER	72351	-90.08161	35.67805
1151	GOODWIN	WEST MEMPHIS	72301	-90.16924	35.15663
11533	US HWY 70 JCT 50	PROCTOR	72376	-90.32802	35.14425
1155	SW CO RD 309			-90.12894	35.71674
116	RED SEA CV	EARLE	72331	-90.40112	35.24426
116	S WOODLAWN	BURDETTE	72370	-89.94256	35.81436
1160	CYPRESS	MARION	72364	-90.19835	35.23189
1165	PRESTON	TYRONZA	72386	-90.39688	35.41775
11662	HORSESHOE CIR	HUGHES	72348	-90.36661	34.93080
1167	E HWY 181	BLYTHEVILLE	72315	-89.98810	35.97979
1167	N CO RD 309			-90.13605	35.82712
1167	N CO RD 309	MANILA	72442	-90.12867	35.79553
1169	S STATE HWY 119	OSCEOLA	72370	-90.03373	35.72120
1176	E CO RD 278	BLYTHEVILLE	72315	-90.03823	35.92629
11775	US HWY 70	PROCTOR	72376	-90.32950	35.14587
11775	US HWY 70 REAR	PROCTOR	72376	-90.33321	35.14586
118	FLIPPO RD ST HWY	TURRELL	72384	-90.33841	35.36016
118	HWY	EARLE	72331	-90.36659	35.35040
118	OFF ST HWY	EARLE	72331	-90.37557	35.34301
118	ST HWY	EARLE	72331	-90.43944	35.29617
118	ST HWY	TURRELL	72384	-90.35619	35.37841
118	ST HWY	TYRONZA	72386	-90.36140	35.39958
118	W MASON	PROCTOR	72376	-90.23505	35.09881
11863	US HWY 70 W	PROCTOR	72376	-90.33654	35.14407
119	HIGHLAND DR	HUGHES	72348	-90.31090	34.91392
119	HWY	OSCEOLA	72370	-89.99880	35.61853
119	W SWIHART RD	LEACHVILLE	72438	-90.26472	35.91569
1190	N 7TH	WEST MEMPHIS	72301	-90.17736	35.15877
1193	HWY 181	DELL	72426	-90.07811	35.79489
1196	E CO RD 840	OSCEOLA	72370	-89.98579	35.63651
1198	W KEISER	OSCEOLA		-89.98620	35.69909
12	81 MASON 3280 3288 WAVERLY	PROCTOR	72376	-90.22695	35.09900
1200	BYRUM RD	BLYTHEVILLE	72315	-89.92069	35.90791
1200	S 8TH	WEST MEMPHIS	72301	-90.17283	35.13277
1200	S ELM ST	BLYTHEVILLE	72316	-89.90811	35.91415
1200	S WOODS BACK OF PROP OVER RR TRACKS	WEST MEMPHIS	72301	-90.18207	35.13034
1201	KUHN RD	WEST MEMPHIS	72301	-90.25300	35.15371
1205	HWY 77	MARION	72364	-90.18681	35.18425
1209	S MAIN	LEACHVILLE	72438	-90.26156	35.92394
1209	S MAIN FARM SHOP BLDG	LEACHVILLE	72438	-90.26042	35.92551
121	W STEWART CORNER RD	GILMORE	72339	-90.28781	35.42295
1212	MARTIN LUTHER KING JR DR	WEST MEMPHIS	72301	-90.13623	35.15992
1215	S AIRBASE HWY	GOSNELL	72370	-89.96085	35.94642
12188	ST HWY 149 N	TYRONZA	72386	-90.41165	35.43114
1219	E HWY 312	BLYTHEVILLE	72315	-89.98729	35.87006
122	LUNSFORD RD	EARLE	72331	-90.43804	35.33721
1220	S CO RD 309	KEISER	72351	-90.12051	35.71488
1225	1227 W US HWY 64	MARION	72364	-90.21439	35.20722
12294	US HWY 70	PROCTOR	72376	-90.34348	35.14894
123	GASKILL RD	EARLE	72331	-90.49492	35.26977
123	GRASSY LAKE RD	EARLE	72331	-90.39998	35.26042
1230	MUDLINE RD	PROCTOR	72376	-90.31376	35.12070
1234	N 7TH ST	WEST MEMPHIS	72301	-90.17739	35.16032
1235	N 7TH	WEST MEMPHIS	72301	-90.17466	35.15979
1237	WILLIFORD RD	HUGHES	72348	-90.31900	34.97437
1241	CYPRESS RD	MARION	72364	-90.20119	35.22943
1241	S 8TH	WEST MEMPHIS	72301	-90.17491	35.13074
125	GASKILL RD	EARLE	72331	-90.49492	35.26977
1250	W BROADWAY	WEST MEMPHIS	72301	-90.20916	35.14325
1251	N CO RD 103			-90.23480	35.79953
12618	ST HWY 118	TYRONZA	72386	-90.35670	35.41174
12652	ST HWY 118	TYRONZA	72386	-90.35669	35.41228
12678	ST HWY 118 S	TYRONZA	72386	-90.35669	35.41282
12692	ST HWY 147 S	HUGHES	72348	-90.32906	34.99194
127	BOND RD	CLARKEDALE	72325	-90.24583	35.30016
12718	ST HWY 118	TYRONZA	72386	-90.35668	35.41332
1272	W CLARKEDALE RD	CRAWFORDSVILLE	72327	-90.27431	35.30837
1279	E CO RD 122	BLYTHEVILLE	72315	-89.98473	35.95040
1279	S CO RD 535			-90.00090	35.71307
1280	E BARTON	WEST MEMPHIS	72301	-90.16922	35.15476
1281	N CO RD 309	MANILA	72442	-90.12912	35.79917
12816	US HWY 70	PROCTOR	72376	-90.35109	35.14866
1282	S 8TH	WEST MEMPHIS	72301	-90.17733	35.12917
1284	E CO RD 346	BLYTHEVILLE	72315	-89.98273	35.86108
1286	8TH	WEST MEMPHIS	72301	-90.16510	35.12901
129	145 ST US HWY 149 N REAR	EARLE	72331	-90.47152	35.27818
129	MILLER CV	MARION	72364	-90.20689	35.25535
1291	GORDON RD	EARLE	72331	-90.43692	35.25213
12938	12958 12978 ST HWY 118	TYRONZA	72386	-90.35663	35.41718
1300	RICHARD PREWITT	OSCEOLA		-89.98829	35.68820
1300	TOWNSEND RD	EARLE	72331	-90.43675	35.22642
1300	W KEISER	OSCEOLA		-89.98784	35.69904
1302	CO RD 850	OSCEOLA	72370	-89.98678	35.62770
1303	MOUND CITY RD	WEST MEMPHIS	72301	-90.12278	35.15829
1304	CO RD 471	MANILA	72442	-90.03278	35.80166
131	ST HWY	PROCTOR	72376	-90.30891	35.11391
1310	N 7TH	WEST MEMPHIS	72301	-90.17710	35.16186
1314	1362 STACEY RD	TURRELL	72384	-90.24729	35.38461
1321	CLARKEDALE RD	CRAWFORDSVILLE	72327	-90.27389	35.30521
1326	S AVALON REAR	WEST MEMPHIS	72301	-90.18967	35.12921
1327	W CO RD 410	MANILA	72442	-90.09369	35.82768
1331	CALDWELL RD	PROCTOR	72376	-90.25100	35.07854
13332	US HWY 70	PROCTOR	72376	-90.35921	35.14866
1338	ST HWY 149 S	EARLE	72331	-90.45286	35.24737
13385	ST HWY 118	TYRONZA	72386	-90.36110	35.42271
134	SHIRRA	EARLE	72331	-90.46710	35.27805
1348	E CO RD 142	GOSNELL		-89.98051	35.94688
1348	E CO RD 378	BLYTHEVILLE	72316	-89.96592	35.84540
135	W CO RD 164	BLYTHEVILLE	72315	-90.03806	35.93452
136	HWY 181	DELL	72426	-90.04230	35.86709
136	WILLIAMS RD	EARLE	72331	-90.41034	35.27184
13698	US HWY 70 W	PROCTOR	72376	-90.36513	35.14887
137	E HWY	MANILA	72442	-89.75307	35.94606
137	E STATE HWY	MANILA	72442	-89.75154	35.94607
137	HWY			-89.74440	35.94009
1373	ST HWY 149	EARLE	72331	-90.46052	35.24793
1376	MUDLINE RD	PROCTOR	72376	-90.31718	35.12041
1376	ST HWY 38	HUGHES	72348	-90.39739	34.92806
1378	HWY 77			-90.17571	35.71060
1379	S CO RD 121	ETOWAH		-90.22505	35.71196
138	S GOSNELL	GOSNELL	72315	-89.97172	35.97298
13854	US HWY 70 W	PROCTOR	72376	-90.36703	35.14891
1386	ST HWY 149 S	EARLE	72331	-90.45332	35.24572
139	HALLS HOLLOW RD	PROCTOR	72376	-90.27727	35.05879
139	N CO RD			-90.21618	35.85322
1391	S HWY 136	ETOWAH		-90.24189	35.71085
1394	ST HWY 147 S	PROCTOR	72376	-90.29014	35.12745
14	CLOAR RD ST HWY	EARLE	72331	-90.45517	35.30716
14	GOLDEN LAKE			-90.04964	35.54025
14	HWY			-90.22127	35.61147
14	VICTORIA DR	VICTORIA		-90.06153	35.75985
140	HWY	OSCEOLA	72370	-90.19568	35.69824
140	W HWY	OSCEOLA	72370	-90.07863	35.69714
140	W HWY	WILSON	72395	-90.26130	35.68175
1400	N MCNEELY RD	CLARKEDALE	72325	-90.20012	35.26742
1400	RAINER RD	WEST MEMPHIS	72301	-90.20712	35.12580
1400	RICHARD PREWITT	OSCEOLA		-89.98565	35.68841
1400	S DIVISION	BLYTHEVILLE		-89.91744	35.91042
1400	S RUDDLE RD	BLYTHEVILLE	72315	-89.88963	35.91210
1401	E MAIN	BLYTHEVILLE		-89.87910	35.92739
1401	E MAIN BEHIND CITGO	BLYTHEVILLE		-89.87799	35.92737
1401	E MOULTRIE EXT OUTLOOK POIN	BLYTHEVILLE		-89.88021	35.93552
1401	E STATE 198 HWY	OSCEOLA	72370	-89.96814	35.64528
1402	CRESTMERE	WEST MEMPHIS	72301	-90.20820	35.16242
1405	AIRBASE HWY	BLYTHEVILLE	72316	-89.94965	35.94242
141	W JACKSON AVE	WEST MEMPHIS	72301	-90.18720	35.14012
14176	14110 W HWY 70	PROCTOR	72376	-90.37395	35.14874
142	CO RD	BLYTHEVILLE	72315	-89.97338	35.94682
1420	MCNEELY RD	CLARKEDALE	72325	-90.20012	35.26879
1427	E HWY 312	BLYTHEVILLE	72315	-89.97586	35.86838
143	S HWY 61	JOINER	72350	-90.15334	35.50427
14334	US HWY 70	PROCTOR	72376	-90.37634	35.14933
1434	MUDLINE RD	PROCTOR	72376	-90.31857	35.12001
1437	HWY 239			-89.97467	35.91350
1440	N CO RD 359	WILSON	72395	-90.10273	35.80173
14400	US HWY 70	PROCTOR	72376	-90.37796	35.14883
1441	N HWY 77	MANILA	72442	-90.17867	35.80501
1444	1446 US HWY 64 W	MARION	72364	-90.22380	35.20958
1446	HWY 312	BLYTHEVILLE	72315	-89.97638	35.87482
1448	TIDWELL RD	TYRONZA	72386	-90.39432	35.38819
145	FLOWERS TRAIL RD	MARION	72364	-90.20936	35.21493
145	WESTWAY CV	CLARKEDALE	72325	-90.20472	35.25678
14516	HWY 77	TURRELL	72384	-90.25616	35.36219
14522	US HWY 70	PROCTOR	72376	-90.38084	35.14902
1458	MOUND CITY RD	MARION	72364	-90.17626	35.20438
1461	HWY 118	BASSETT	72313	-90.09831	35.51251
147	HWY	EDMONDSON	72332	-90.29685	35.10823
147	KUHN RD ST HWY	WEST MEMPHIS	72301	-90.28860	35.19514
147	OFF ST HWY	PROCTOR	72376	-90.29582	35.12436
147	ST HWY	CRAWFORDSVILLE	72327	-90.29623	35.20120
147	ST HWY	HUGHES	72348	-90.33520	34.95112
147	ST HWY	PROCTOR		-90.30374	35.06551
147	ST HWY	PROCTOR	72376	-90.31529	35.06400
147	ST HWY	WEST MEMPHIS	72301	-90.28935	35.18008
1471	MILAM RD	TYRONZA	72386	-90.39224	35.38076
1477	ST HWY 149	EARLE	72331	-90.46168	35.24472
1478	FRONT REAR	GILMORE	72339	-90.26556	35.40338
148	E HWY	BLYTHEVILLE	72315	-89.88337	35.86123
148	N WOODLAWN REAR	BURDETTE		-89.94430	35.82047
148	PEACE FARM RD	PROCTOR	72376	-90.32628	35.15136
14803	US HWY 70	PROCTOR	72376	-90.38962	35.14202
1483	S CO RD 309	OSCEOLA	72370	-90.12712	35.70744
149	BUCK LAKE RD ST HWY	EARLE	72331	-90.47517	35.20571
149	EAST OF HWY	EARLE	72331	-90.46117	35.23034
149	HUMPHREY RD ST HWY	EARLE	72331	-90.47450	35.28329
149	LUKE ANTHONY AVE	PROCTOR	72376	-90.34157	35.03786
149	S ST HWY	EARLE	72331	-90.46493	35.22672
149	ST HWY	EARLE	72331	-90.46081	35.23245
149	ST HWY	TYRONZA	72386	-90.40410	35.42663
149	SWINDLE RD ST HWY	EARLE	72331	-90.46404	35.29265
1497	MOUND CITY RD	MARION	72364	-90.17583	35.20210
1497	W HWY 14O			-90.09831	35.69747
1499	PROCTOR RD	PROCTOR	72376	-90.31906	35.08807
150	E HWY			-89.92533	35.97825
150	LEGION	WEST MEMPHIS	72301	-90.13319	35.14380
1500	N CO RD 309			-90.12207	35.81312
1500	N CO RD 309	MANILA	72442	-90.12454	35.81035
1500	RICHARD PREWITT	OSCEOLA		-89.99467	35.68963
1501	BYRUM RD	BLYTHEVILLE	72316	-89.92134	35.90704
1501	E MOULTRIE	BLYTHEVILLE	72315	-89.87769	35.93485
1501	PORT RD	WEST MEMPHIS	72301	-90.19173	35.12437
1503	S HWY 136	ETOWAH	72395	-90.24510	35.70539
151	HWY			-89.99853	35.99671
151	LEGION	WEST MEMPHIS	72301	-90.13564	35.14395
151	N HWY	BLYTHEVILLE	72315	-89.83490	35.89262
1510	E CO RD 36	BLYTHEVILLE	72315	-89.97367	35.99150
1512	MILAM RD	TYRONZA	72386	-90.39243	35.38325
1514	JAMES MILL RD	CRAWFORDSVILLE	72327	-90.25953	35.26680
1514	S HWY 77			-90.17409	35.70511
1515	S AVALON	WEST MEMPHIS	72301	-90.19570	35.12672
1516	HWY 136	ETOWAH	72370	-90.23991	35.70585
1517	HWY 181	OSCEOLA	72370	-90.07331	35.70486
152	BLUE LAKE RD	PROCTOR	72376	-90.33262	35.02542
152	BLUE LAKE RD 1	PROCTOR	72376	-90.33106	35.02804
152	MUDLINE RD	PROCTOR	72376	-90.29696	35.12012
152	MURRAY RD	PROCTOR	72376	-90.37963	35.15342
1520	N 10TH	BLYTHEVILLE	72316	-89.91324	35.94339
1520	N DIVISION	BLYTHEVILLE	72315	-89.91529	35.94280
1536	HWY 136	ETOWAH	72370	-90.22394	35.72990
15455	ST HWY 77	TURRELL	72384	-90.26382	35.37617
1550	N INGRAM BLVD	WEST MEMPHIS	72301	-90.16138	35.16415
15541	ST HWY 77	TURRELL	72384	-90.26474	35.37749
15547	ST HWY 77	TURRELL	72384	-90.26438	35.37548
156	HORSESHOE POINT	HUGHES	72348	-90.30830	34.91016
15633	HWY 70	PROCTOR	72376	-90.39908	35.14700
1567	N CO RD 359	MANILA	72442	-90.09915	35.81036
1576	E CO RD 54	BLYTHEVILLE	72315	-89.97028	35.98251
1578	N CO RD 447	BLYTHEVILLE	72315	-90.04590	35.80894
158	HWY	MANILA	72442	-90.27802	35.75848
158	N STATE HWY			-90.25672	35.76675
1581	S HWY 181	OSCEOLA	72370	-90.07399	35.70257
1584	ST HWY 149 S	EARLE	72331	-90.45382	35.24138
1585	N HWY 77	MANILA	72442	-90.17922	35.80742
159	N CO RD	MANILA	72442	-90.20529	35.88174
1593	HWY 181	DELL	72426	-90.07611	35.80983
1595	YELLOW STORE RD	EARLE	72331	-90.42144	35.32252
1599	PECAN GROVE RD	CRAWFORDSVILLE	72327	-90.30086	35.22878
1600	LEGACY DR	WEST MEMPHIS	72301	-90.13336	35.16150
1600	S MAIN	LEACHVILLE	72438	-90.25616	35.91504
1600	W SERVICE RD	WEST MEMPHIS	72301	-90.21598	35.16168
1601	HWY 118	BASSETT	72313	-90.09252	35.52052
1601	MAIN	EDMONDSON	72332	-90.31225	35.11396
1601	S AVALON RD	WEST MEMPHIS	72301	-90.19548	35.12239
1609	HWY 118	BASSETT	72313	-90.09310	35.51879
1618	E CO RD 54	BLYTHEVILLE	72315	-89.96829	35.98306
1619	E CO RD 720			-89.96721	35.69103
162	HWY 158			-90.25566	35.75920
1620	E GILMORE RD	GILMORE	72339	-90.24943	35.41810
1620	N HWY 61	LUXORA	72358	-89.93030	35.77011
16251	ST HWY 77	TURRELL	72384	-90.27152	35.38795
163	WILKINS RD	EARLE	72331	-90.37598	35.36971
163	WILKINS RD REAR	EARLE	72331	-90.37593	35.37244
1633	E CO RD 54	GOSNELL	72315	-89.96799	35.98061
1635	S CO RD 103	ETOWAH		-90.23309	35.70135
1637	RAINEY RD	TURRELL	72384	-90.35765	35.39493
16432	ST HWY 64	EARLE	72331	-90.44833	35.27664
1648	S HWY 77			-90.17524	35.70054
165	TACKER RD	TYRONZA	72386	-90.41177	35.43942
1651	AIRPORT RD	WEST MEMPHIS	72301	-90.23022	35.12421
1651	LAKE REST RD	PROCTOR	72376	-90.26367	35.05958
1651	N CO RD 139	MANILA	72442	-90.21564	35.81365
1654	CO RD 69	ETOWAH	72428	-90.24840	35.70125
1658	MUDLINE RD	PROCTOR	72376	-90.32259	35.11994
166	BECK HDQTRS RD	HUGHES	72348	-90.38552	34.94142
16663	I 55	GILMORE	72339	-90.27721	35.39276
1667	N CO RD 139	MANILA	72442	-90.21564	35.81423
1669	CO RD 69	ETOWAH		-90.25016	35.70167
1674	CRAWFORDSVILLE RD	PROCTOR	72376	-90.32619	35.12319
1674	E HWY 312	BLYTHEVILLE	72315	-89.96516	35.87428
1683	E HWY 148	BURDETTE	72321	-89.96703	35.81001
1687	N CO RD 139	MANILA	72442	-90.21564	35.81489
1699	ST HWY 149 S	EARLE	72331	-90.45986	35.24258
17	CO RD			-90.27300	35.49865
1700	N COLLEGE BLVD	WEST MEMPHIS	72301	-90.22639	35.16497
1700	S DIVISION	BLYTHEVILLE	72315	-89.91741	35.90712
1700	SMOKEY ALLEY RD	CRAWFORDSVILLE	72327	-90.37357	35.31770
1701	N 7TH ST	WEST MEMPHIS	72301	-90.17471	35.16299
1701	N AVALON	WEST MEMPHIS	72301	-90.19209	35.16513
1701	SMOKEY ALLEY RD	CRAWFORDSVILLE	72327	-90.37477	35.31361
1702	PROCTOR RD	PROCTOR	72376	-90.32317	35.09099
1715	MUDLINE RD	PROCTOR	72376	-90.32018	35.11774
172	16461 SECOND HWY 64	EARLE	72331	-90.44956	35.27434
1720	W KEISER	OSCEOLA	72370	-89.99870	35.70346
1731	E HWY 312			-89.95992	35.86953
174	JAMES MILL RD	CRAWFORDSVILLE	72327	-90.22682	35.26383
174	RECYCLE RD	WEST MEMPHIS	72301	-90.18714	35.12573
1741	PECAN GROVE RD	CRAWFORDSVILLE	72327	-90.30286	35.23238
1746	CRAWFORDSVILLE RD	PROCTOR	72376	-90.32658	35.12263
175	S COUNTY RD	DYESS	72330	-90.20007	35.61507
1750	SOUTH LOOP RD	WEST MEMPHIS	72301	-90.18105	35.12123
17539	US HWY 64	EARLE	72331	-90.46720	35.27507
1754	ROBINSON RD	MARION	72364	-90.07982	35.15862
1762	BARTON RD	TYRONZA	72386	-90.38525	35.39147
1764	CRAWFORDSVILLE RD	PROCTOR	72376	-90.32747	35.12125
1769	N HWY 61	BURDETTE	72321	-89.92887	35.81719
1771	SMOKEY ALLEY RD	CRAWFORDSVILLE	72327	-90.37357	35.31430
1774	W CO RD 474	WILSON	72395	-90.11524	35.80195
178	W HWY 148	BLYTHEVILLE	72315	-90.03694	35.81701
1789	E HWY 18	BLYTHEVILLE	72315	-89.95841	35.90296
18	E HWY	BLYTHEVILLE		-89.87058	35.92817
18	E HWY	BLYTHEVILLE	72315	-89.87043	35.92603
18	HWY	MANILA		-90.17911	35.87027
18	W HWY	BLYTHEVILLE	72315	-89.93167	35.92761
18	W HWY	LEACHVILLE	72438	-90.26860	35.88664
18	WILLIAMS RD 18 B WIL RD	EARLE	72331	-90.40699	35.27179
1800	FAMILY DOLLAR PKWY	WEST MEMPHIS	72301	-90.21623	35.17985
1800	N COLLEGE BLVD	WEST MEMPHIS	72301	-90.22655	35.16786
1800	S DIVISION	BLYTHEVILLE		-89.91739	35.90525
1800	SMOKEY ALLEY RD	CRAWFORDSVILLE	72327	-90.37248	35.31768
1802	PORT RD	WEST MEMPHIS	72301	-90.18731	35.12097
1802	S MAIN	LEACHVILLE	72438	-90.25559	35.90699
1803	E 3RD ST	LEACHVILLE	72438	-90.23007	35.92877
1805	E CLARKEDALE RD	CLARKEDALE	72325	-90.21820	35.31193
1809	S MAIN	LEACHVILLE	72438	-90.25879	35.90658
181	E HWY	BLYTHEVILLE	72315	-89.99865	35.98466
181	HWY	BLYTHEVILLE	72315	-90.04165	35.87089
181	N HWY	BLYTHEVILLE	72315	-90.04239	35.87356
1813	W CO RD 309	MANILA	72442	-90.12765	35.82040
1815	W CO RD 474	MANILA	72442	-90.11481	35.79821
1821	PORT RD	WEST MEMPHIS	72301	-90.19203	35.11325
1822	N CO RD 243	MANILA	72442	-90.15870	35.82064
183	FLEMING	EDMONDSON	72332	-90.30788	35.09961
183	INGRAM RD	EARLE	72331	-90.41435	35.26772
1830	ST HWY 77	MARION	72364	-90.18128	35.19389
1834	E CO RD 286	BLYTHEVILLE	72315	-89.95622	35.88390
18359	US HWY 64 W	EARLE	72331	-90.47998	35.27481
1837	E CO RD 346	BLYTHEVILLE	72315	-89.95728	35.85413
184	ST HWY	EARLE	72331	-90.49771	35.29333
1841	PORT RD	WEST MEMPHIS	72301	-90.19197	35.11161
1847	MUDLINE RD	PROCTOR	72376	-90.32504	35.11625
185	GRASSY LAKE RD	EARLE	72331	-90.40168	35.26036
1850	N AVALON	WEST MEMPHIS	72301	-90.19479	35.16626
1850	N MISSOURI	WEST MEMPHIS	72301	-90.18637	35.16720
1851	W CO RD 650	KEISER	72351	-90.11283	35.71689
1855	S HWY 77	OSCEOLA	72370	-90.23200	35.69394
1860	E CO RD 214	BLYTHEVILLE	72315	-89.95607	35.91682
1860	N HWY 77	MANILA	72442	-90.17607	35.83130
1860	S HWY 61	OSCEOLA	72370	-89.98041	35.69118
18665	ST HWY 77	GILMORE	72339	-90.25434	35.40466
1870	E HWY 312	BLYTHEVILLE	72315	-89.95608	35.87326
1874	W CO RD 538	BLYTHEVILLE	72315	-90.11200	35.77277
1881	SERVICE RD NORTH OF	JENNETTE		-90.41903	35.14811
1885	S HWY 61	OSCEOLA		-89.98344	35.69141
1888	E CO RD 602	OSCEOLA	72370	-89.95858	35.74200
1896	HINKLEY RD	PROCTOR	72376	-90.25705	35.09391
1900	2026 N AVALON	WEST MEMPHIS	72301	-90.19482	35.16771
1900	N 6TH	BLYTHEVILLE	72315	-89.90875	35.94797
1900	PORT RD	WEST MEMPHIS	72301	-90.19273	35.10928
1901	S CO RD 421	OSCEOLA	72370	-90.05607	35.69316
1901	S ST HWY 239	OSCEOLA	72370	-89.96640	35.68992
1902	S MAIN	LEACHVILLE	72438	-90.25677	35.90136
1903	S MAIN	LEACHVILLE	72438	-90.26240	35.90180
1906	MUDLINE RD	PROCTOR	72376	-90.32592	35.11595
1906	W CO RD 538			-90.11937	35.77401
1909	E CO RD 214			-89.95822	35.91239
1909	S CO RD 421	OSCEOLA	72370	-90.05656	35.69171
1909	S MAIN	LEACHVILLE	72438	-90.26074	35.89082
1910	E HWY 312			-89.95322	35.87435
1910	HWY 77	KEISER	72351	-90.22816	35.68859
1911	E CO RD 214	BLYTHEVILLE	72315	-89.96036	35.91190
1913	E CO RD 214	BLYTHEVILLE	72315	-89.96320	35.91031
1914	HWY 18	BLYTHEVILLE	72315	-89.95563	35.91006
192	N CO RD 193	ETOWAH	72428	-90.18533	35.76034
192	S CO RD 193			-90.18396	35.76078
1920	MUDLINE RD	PROCTOR	72376	-90.32608	35.12031
1921	CRAWFORDSVILLE RD	PROCTOR	72376	-90.33088	35.11985
1943	HWY 18			-89.95055	35.91242
1944	1970 ST HWY 77	MARION	72364	-90.18190	35.19775
1944	S AIRPORT RD	PROCTOR	72376	-90.22721	35.11678
1946	E CO RD 346	BLYTHEVILLE	72315	-89.95199	35.85923
1949	MUDLINE RD	PROCTOR	72376	-90.32663	35.11569
1950	E CO RD 286	BLYTHEVILLE	72315	-89.95222	35.88462
1951	HWY 61	OSCEOLA	72370	-89.98761	35.68618
19532	US HWY 64	EARLE	72331	-90.49776	35.26796
1959	US HWY 64	MARION	72364	-90.23066	35.20114
1968	DILLAHUNTY RD	PROCTOR	72376	-90.36229	35.04160
1969	E COUNTY ROAD 142			-89.95321	35.94348
197	OLD MILL RD N CO RD 639	BURDETTE	72321	-89.94185	35.82402
1970	SMOKEY ALLEY RD	CRAWFORDSVILLE	72327	-90.36743	35.31675
1984	MUDLINE RD	PROCTOR	72376	-90.32772	35.11957
1985	KROGER DR	WEST MEMPHIS	72301	-90.18994	35.16830
1988	1990 SULLY CARTER RD	TURRELL	72384	-90.14882	35.34405
199	ARKANSAS	EARLE	72331	-90.45278	35.26700
1991	MUDLINE RD	PROCTOR	72376	-90.32782	35.11247
1991	MUDLINE RD LOT A RD	PROCTOR	72376	-90.32727	35.11515
1994	W HWY 140	OSCEOLA	72370	-90.12060	35.69892
2	MARY ANNE PIKE DR	MARION	72364	-90.22244	35.18787
20	16 S DR	VICTORIA		-90.05919	35.75571
20	ABSONWYNN RD	CRAWFORDSVILLE	72327	-90.36416	35.31444
20	BELL RD	CLARKEDALE	72325	-90.20378	35.27076
200	228 W TYLER	WEST MEMPHIS	72301	-90.18925	35.14344
200	AFCO RD	MARION	72364	-90.18732	35.17244
200	W TYLER REAR	WEST MEMPHIS	72301	-90.18924	35.14193
2000	CLOAR RD	EARLE	72331	-90.45082	35.30679
2000	JENNETTE RD	JENNETTE		-90.41133	35.16063
2000	ST HWY 147 S	PROCTOR	72376	-90.28944	35.11920
2000	W BROADWAY	WEST MEMPHIS	72301	-90.22324	35.14412
2001	MCNEELY RD	CLARKEDALE	72325	-90.20391	35.27696
2001	WAVERLY RD	WEST MEMPHIS	72301	-90.23183	35.11684
2007	GOODWIN RD	MARION	72364	-90.17743	35.27149
201	2014 JACKSON HEIGHTS 2200 2202 S L HENRY	WEST MEMPHIS	72301	-90.15727	35.14260
201	BELL RD	MARION	72364	-90.20535	35.26926
2011	ST HWY 77	MARION	72364	-90.18451	35.19610
2013	MAIN	LEACHVILLE		-90.25816	35.89313
2015	A MUDLINE RD	PROCTOR	72376	-90.32822	35.11465
2015	MUDLINE RD	PROCTOR	72376	-90.32805	35.11751
2048	HWY 181			-90.09767	35.68671
205	N WALKER	WEST MEMPHIS	72301	-90.14788	35.14872
205	S REDDING	WEST MEMPHIS	72301	-90.19225	35.14478
2060	ST HWY 149	EARLE	72331	-90.46060	35.30409
2062	E HWY 312	BLYTHEVILLE	72315	-89.94903	35.87610
2065	HWY 77	OSCEOLA	72370	-90.23258	35.69004
207	INGRAM RD	EARLE	72331	-90.41432	35.26864
2079	N CO RD 103			-90.23312	35.82944
2081	W HWY 140	OSCEOLA	72370	-90.12465	35.69767
2083	E CO RD 286			-89.94774	35.88083
2084	W CO RD 650			-90.12459	35.72079
209	SHOPPINGWAY SEARS DR	WEST MEMPHIS	72301	-90.18862	35.16683
2094	AIRPORT RD	PROCTOR	72376	-90.22778	35.11410
2099	CO RD 275	KEISER	72351	-90.14558	35.68432
21	O DONNELL DR	PROCTOR	72376	-90.27532	35.05949
21	W PARK CV	PROCTOR	72376	-90.31738	35.10948
210	W JACKSON	WEST MEMPHIS	72301	-90.18905	35.13748
2100	E BARTON	WEST MEMPHIS	72301	-90.15631	35.15428
2100	N 7TH ST	WEST MEMPHIS	72301	-90.17727	35.16730
2100	S HWY 61			-89.97528	35.68203
2100	ST HWY 77	MARION	72364	-90.18272	35.19801
2100	W CO RD 410	DELL	72426	-90.08799	35.82688
2102	W CO RD 410	DELL	72426	-90.08704	35.83205
2102	WILLIFORD RD	HUGHES	72348	-90.30365	34.97473
2108	CO RD 1020	WILSON	72395	-90.12544	35.55132
2108	W CO RD 1020	WILSON	72395	-90.12615	35.55663
2110	E CO RD 378	BLYTHEVILLE	72315	-89.94410	35.84583
2113	US HWY 64	MARION	72364	-90.23454	35.19982
2113	US HWY 64 REAR	MARION	72364	-90.23214	35.20277
212	228 W POLK	WEST MEMPHIS	72301	-90.18925	35.14471
2125	S CO RD 471	OSCEOLA	72370	-90.03620	35.68272
2129	HWY 77			-90.23293	35.68257
2129	N HWY 77	MANILA	72442	-90.18032	35.83127
2129	W CO RD 442	MANILA	72442	-90.12896	35.81350
213	O NEAL RD ST HWY	PROCTOR	72376	-90.37299	35.17018
2137	ST HWY 77	MARION	72364	-90.18461	35.19846
2145	ST HWY 38	HUGHES	72348	-90.40390	34.92107
2146	N CO RD 503	BLYTHEVILLE	72315	-90.01281	35.82959
2148	W CO RD 214	BLYTHEVILLE	72315	-89.94389	35.91940
2150	N CO RD 503	BLYTHEVILLE	72315	-90.01192	35.83122
2151	E MILITARY RD	MARION	72364	-90.16919	35.19537
2154	N CO RD 535			-89.99742	35.83007
2157	2183 2205 ST HWY 218	CRAWFORDSVILLE	72327	-90.29857	35.18802
2157	HWY 18	MANILA	72442	-90.13355	35.85161
217	JACKSON	WEST MEMPHIS	72301	-90.18973	35.14046
2178	S CO RD 159	MANILA	72442	-90.20797	35.68283
218	BING STORE HWY	EARLE	72331	-90.39699	35.14985
218	O NEAL RD ST HWY	CRAWFORDSVILLE	72327	-90.36620	35.16382
218	O NEAL ST HWY	CRAWFORDSVILLE	72327	-90.35810	35.17160
218	ST HWY	CRAWFORDSVILLE	72327	-90.38563	35.16019
218	ST HWY	PROCTOR	72376	-90.37892	35.16028
218	ST HWY 147 HWY	CRAWFORDSVILLE	72327	-90.29430	35.18735
2186	2280 JENNETTE RD	JEANNETTE		-90.40569	35.16455
2188	W CO RD 474	MANILA	72442	-90.13124	35.80188
2189	KUHN RD	MARION	72364	-90.25613	35.14883
2196	W CO RD 246			-90.16147	35.90553
2197	E HWY 158			-89.93856	35.75177
2197	E HWY 158	OSCEOLA	72370	-89.93955	35.75485
2197	KUHN RD	MARION	72364	-90.27656	35.19470
2197	N HIGHWAY 77	MANILA	72442	-90.17851	35.83216
2200	N 6TH	BLYTHEVILLE	72315	-89.90774	35.94916
2200	NORFLEET RD	WEST MEMPHIS	72301	-90.22553	35.16939
2200	ST HWY 149	EARLE	72331	-90.45933	35.30558
2201	N HWY 61 CLUB PRO SHOP	BLYTHEVILLE	72316	-89.91555	35.95385
2201	PORT RD	WEST MEMPHIS	72301	-90.19135	35.10777
2201	W CO RD 474	MANILA	72442	-90.13275	35.79746
2203	GAMMON RD	MARION	72364	-90.18253	35.24632
2206	US HWY 64	MARION	72364	-90.23534	35.20421
2210	N CO RD 535	BLYTHEVILLE	72315	-89.99700	35.83410
2217	E HWY 18			-90.28144	35.90505
2220	E HWY 198			-89.93858	35.65482
2221	HWY 198			-89.93949	35.65213
2223	N CO RD 535	BLYTHEVILLE	72315	-90.00102	35.83332
2224	E CO RD 286			-89.94329	35.88444
223	WATKINS CV	MARION	72364	-90.23027	35.25449
2239	ST HWY 218	CRAWFORDSVILLE	72327	-90.30307	35.18686
2245	BUCK LAKE RD	CRAWFORDSVILLE	72327	-90.33312	35.20458
2247	N HWY 181	DELL	72426	-90.07548	35.83411
225	E FLEEMAN	MANILA	72442	-90.15797	35.87128
2258	ROSEBORO ISLAND RD	MARION	72364	-90.26771	35.22488
226	SIGN RD	CRAWFORDSVILLE	72327	-90.27673	35.28115
226	W CO RD 230	BLYTHEVILLE	72315	-90.04215	35.90952
2270	N CO RD 503	BLYTHEVILLE	72315	-90.01139	35.83520
2271	W CO RD 474	MANILA	72442	-90.13534	35.79789
2275	ST HWY 42	TURRELL	72384	-90.31856	35.36246
228	REAVIS RD REAR	TURRELL	72384	-90.26758	35.38954
2285	E CO RD 286	BLYTHEVILLE	72315	-89.93811	35.88136
2291	CO RD 535	BLYTHEVILLE	72315	-90.00344	35.83394
2292	S HWY 77	OSCEOLA	72370	-90.22894	35.67783
2301	2607 THOMPSON 100 107 STUART ETC	WEST MEMPHIS	72301	-90.15381	35.14796
2302	E CO RD 230	BLYTHEVILLE	72315	-89.93598	35.90950
2304	S DIVISION	BLYTHEVILLE	72315	-89.91644	35.90071
23044	CORDES RD GERMANTOWN TN 38138	MEMPHIS	38120	-90.35288	35.15704
2305	TEXAS STBLDG 450	GOSNELL	72315	-89.94681	35.94845
2309	N CO RD 423	BLYTHEVILLE	72315	-90.06284	35.83483
231	267 W SCHOOL	TURRELL	72384	-90.25942	35.38094
231	DARBY RD	MARION	72364	-90.17670	35.19866
2311	N CO RD 359	BLYTHEVILLE	72316	-90.10213	35.83807
2313	N CO RD 535	BLYTHEVILLE	72315	-90.00158	35.83679
2315	TOWNSEND RD	EARLE	72331	-90.43139	35.21924
2317	CO RD 498	BLYTHEVILLE	72315	-90.14090	35.78774
2324	N CO RD 243	MANILA	72442	-90.16148	35.83776
2335	LAKE REST RD	PROCTOR	72376	-90.27671	35.06308
2335	WAVERLY RD	PROCTOR	72376	-90.22984	35.11288
2337	E CO RD 286	BLYTHEVILLE	72315	-89.93855	35.87616
2349	ST HWY 64	MARION	72364	-90.23625	35.20093
235	E CO RD 86	BLYTHEVILLE	72315	-90.02974	35.96506
236	RICA RD	MARION	72364	-90.19214	35.19604
2380	HWY 61			-89.97979	35.67262
2383	HINKLEY RD	PROCTOR	72376	-90.25509	35.08613
2385	HWY 181	BASSETT	72313	-90.14060	35.53747
2389	MARLIN SWAMP RD	GILMORE	72339	-90.32982	35.40840
239	E HWY	BLYTHEVILLE	72315	-90.00891	35.90978
239	E ST HWY	BLYTHEVILLE	72315	-89.94157	35.92070
2393	N CO RD 535			-90.00304	35.84231
2394	HINKLEY RD	PROCTOR	72376	-90.25511	35.08436
2394	N CO RD 503	BLYTHEVILLE	72315	-90.01515	35.84010
2395	S L HENRY	WEST MEMPHIS	72301	-90.15607	35.14175
2398	N HWY 181	DELL	72426	-90.07712	35.83780
240	CRITTENDEN 246 REAR	HUGHES	72348	-90.40168	35.00502
2400	E CO RD 38			-89.93232	35.99131
2400	NORFLEET RD	WEST MEMPHIS	72301	-90.22887	35.16962
2410	LAKE REST RD	PROCTOR	72376	-90.27344	35.06390
2420	S DIVISION RENTAL	BLYTHEVILLE	72316	-89.91748	35.89981
2421	E CO RD 270	BLYTHEVILLE	72315	-89.93170	35.88839
2426	RAINER RD	PROCTOR	72376	-90.22561	35.12199
2429	N CO RD 243	MANILA	72442	-90.16197	35.85367
2441	S HWY 77			-90.23535	35.67206
246	CO RD	LEACHVILLE	72438	-90.20635	35.90311
246	N CO RD	BLYTHEVILLE	72315	-89.83262	35.89904
246	W CO RD	MANILA	72442	-90.18239	35.90315
2464	2468 B OLD HWY 64	CRAWFORDSVILLE	72327	-90.33936	35.22970
2466	W CO RD 314	MANILA	72442	-90.25188	35.75478
247	SHACKELFORD CV	MARION	72364	-90.23408	35.25703
2470	2472 OLD HWY 64	CRAWFORDSVILLE	72327	-90.33939	35.23028
2472	N HWY 77	MANILA	72442	-90.17604	35.84150
248	PEEPLES RD	JENNETTE		-90.40788	35.16445
2482	E CO RD 230			-89.92882	35.90947
2493	E CO RD 230	BLYTHEVILLE	72316	-89.93753	35.91102
2495	E CO RD 647	BLYTHEVILLE	72315	-89.93173	35.88150
2498	KUHN RD	MARION		-90.25457	35.15301
2499	N HWY 77	MANILA	72442	-90.17954	35.84217
25	GONGRE LN	MARION	72364	-90.22917	35.15033
250	BARTON RD	TYRONZA	72386	-90.38412	35.37043
2501	BROADWAY	WEST MEMPHIS	72301	-90.15283	35.14479
2501	E CO RD 262	BLYTHEVILLE		-89.92899	35.89205
2501	W KEISER	OSCEOLA		-90.00798	35.69677
2505	HWY 18	MANILA	72442	-90.14702	35.86025
2506	E HWY 312	BLYTHEVILLE	72315	-89.93038	35.87387
251	S 7TH ST	WEST MEMPHIS	72301	-90.17710	35.14387
2510	2520 MARION LAKE RD	MARION	72364	-90.15359	35.22268
2515	E CO RD 262	BLYTHEVILLE	72315	-89.93450	35.89867
252	JAMES MILL RD	CRAWFORDSVILLE	72327	-90.22010	35.26364
252	PROCTOR RD	PROCTOR	72376	-90.29898	35.09025
2524	COUNTRY VIEW RD	GILMORE	72339	-90.33899	35.40318
2527	CLARKEDALE RD	CLARKEDALE	72325	-90.21206	35.30964
253	GREER RD	EARLE	72331	-90.44504	35.33004
2544	N CO RD 503	BLYTHEVILLE	72315	-90.01300	35.84441
255	DACUS RD	WEST MEMPHIS	72301	-90.12609	35.18939
255	GREER RD	EARLE	72331	-90.44408	35.33037
2555	CLARKEDALE RD	CLARKEDALE	72325	-90.21098	35.30959
2557	E CLARKEDALE RD	TURRELL	72384	-90.20961	35.30907
2583	N CO RD 361	BLYTHEVILLE	72315	-90.10002	35.84861
259	S CO RD			-90.14775	35.52885
2600	E SERVICE RD	WEST MEMPHIS	72301	-90.15275	35.15773
2603	GAMMON RD	MARION	72364	-90.16487	35.24621
2608	E CO RD 38	BLYTHEVILLE	72315	-89.92072	35.98610
2609	MARLIN SWAMP RD	GILMORE	72339	-90.33564	35.40759
261	ST HWY 42	EARLE	72331	-90.45137	35.33653
2616	E COUNTY ROAD 286	BLYTHEVILLE	72315	-89.91188	35.87969
2616	N HWY 61	BLYTHEVILLE	72316	-89.91779	35.84586
2624	W CO RD 346	MANILA	72442	-90.15121	35.85938
263	WELCH RD 7	CRAWFORDSVILLE	72327	-90.22471	35.28333
2630	HWY 181	BASSETT	72313	-90.14879	35.54152
2631	HWY 181	BASSETT	72313	-90.14911	35.53701
264	LOONEY LN	PROCTOR	72376	-90.24484	35.08039
2640	CO RD 346	MANILA	72442	-90.15265	35.85913
2641	W COUNTY ROAD 278	MANILA	72442	-90.14730	35.88656
2654	BUCK LAKE RD	CRAWFORDSVILLE	72327	-90.33700	35.20520
2668	N CO RD 503	BLYTHEVILLE	72315	-90.01419	35.84969
267	284 STRONG RD	PROCTOR	72376	-90.30421	35.09419
2677	ST HWY 218	CRAWFORDSVILLE	72327	-90.30594	35.18718
2685	W CO RD 394			-90.15747	35.83661
2686	E CO RD 38	BLYTHEVILLE	72315	-89.92173	35.98989
269	CLEMENT DR	CLARKEDALE	72325	-90.20557	35.29459
269	HWY 239	BLYTHEVILLE	72315	-90.03408	35.90687
2694	W HWY 181	JOINER	72350	-90.15201	35.54172
2696	2710 ST HWY 50	CRAWFORDSVILLE	72327	-90.29931	35.31367
2696	W CO RD 154	LEACHVILLE	72438	-90.14725	35.94354
2696	W CO RD 175	MANILA	72442	-90.19298	35.92386
2696	W CO RD 38	LEACHVILLE	72438	-90.14812	35.99107
27	GRASSY LAKE RD	EARLE	72331	-90.39867	35.26046
270	LEVEE RD	PROCTOR	72376	-90.29264	35.06607
2700	N COLLEGE BLVD	WEST MEMPHIS	72301	-90.22676	35.17443
2707	FRANKS CORNER RD	EARLE	72331	-90.40385	35.26335
2711	ST HWY 118	EARLE	72331	-90.43489	35.30036
2720	W KEISER	OSCEOLA		-90.01247	35.69927
273	S HWY 61	OSCEOLA	72370	-89.89250	35.85401
2732	S CO RD 623			-89.94396	35.67131
2732	S CO RD 623	OSCEOLA		-89.94183	35.65920
2737	W CO RD 650	OSCEOLA	72370	-90.15420	35.71871
2745	W CO RD 538	MANILA	72442	-90.15554	35.76915
2747	WAVERLY RD	PROCTOR	72376	-90.23009	35.10476
2759	N CO RD 139	MANILA	72442	-90.21374	35.85330
276	W HWY 148	OSCEOLA	72370	-90.04181	35.81619
2771	ST HWY 50	CRAWFORDSVILLE	72327	-90.32842	35.20276
2775	2785 HWY 120	OSCEOLA	72370	-89.91476	35.78265
2777	MCNEELY RD REAR	CLARKEDALE	72325	-90.20382	35.28711
2777	W CO RD 650	OSCEOLA	72370	-90.16354	35.71950
2786	S HWY 61	OSCEOLA	72370	-89.98091	35.65851
2790	N CO RD 535			-89.99657	35.85425
280	E JAMES MILL RD UNITS 1 3	CRAWFORDSVILLE	72327	-90.22419	35.26455
280	JAMES MILL RD	CRAWFORDSVILLE	72327	-90.22229	35.26468
2800	E N SERVICE RD	WEST MEMPHIS	72301	-90.15100	35.15726
2800	N HWY 77	MANILA	72442	-90.17363	35.85713
2800	S DIVISION	BLYTHEVILLE	72315	-89.91643	35.89641
2809	E CO RD 346	BLYTHEVILLE	72315	-89.91250	35.85663
2809	N CO RD 407	DELL	72426	-90.07651	35.85623
2811	N HWY 77			-90.18202	35.85567
2816	E CO RD 378	BLYTHEVILLE	72315	-89.91264	35.84627
2819	ST HWY 218	CRAWFORDSVILLE	72327	-90.30752	35.19022
2820	CO RD 471	DELL	72426	-90.03348	35.85472
2823	FRANKS CORNER RD	EARLE	72331	-90.40265	35.26319
2826	YELLOW STORE RD	EARLE	72331	-90.44453	35.32541
2827	W CO RD 180	MANILA	72442	-90.15580	35.92992
2828	E CO RD 458	LUXORA	72358	-89.91275	35.80815
2831	W CO RD 650	ETOWAH	72428	-90.15860	35.71903
2835	E HWY 120	LUXORA	72358	-89.91244	35.78407
284	GAVIN RD	MARION	72364	-90.22146	35.21398
284	SIGN RD	CRAWFORDSVILLE	72327	-90.27812	35.27625
2840	W CO RD 1020	JOINER	72350	-90.15867	35.55460
2849	E CO RD 314	BLYTHEVILLE	72315	-89.91184	35.86955
2853	CLARKEDALE RD	CLARKEDALE	72325	-90.20730	35.30576
2855	W CO RD 1020	JOINER	72350	-90.15872	35.55169
286	PONDEROSA LN	GILMORE	72339	-90.30310	35.42585
2866	W HWY 181	JOINER	72350	-90.15875	35.54026
2869	HWY 64	MARION	72364	-90.24281	35.19815
287	MOSSEY RIVER RD	MARION	72364	-90.12379	35.23986
287	S COUNTRY CLUB RD	OSCEOLA		-90.01649	35.70241
2870	E CO RD 314	LUXORA	72358	-89.91058	35.87291
2875	E CO RD 458	LUXORA	72358	-89.91031	35.80470
2879	E HWY 150	BLYTHEVILLE	72315	-89.91292	35.97980
2880	W CO RD 139			-90.21063	35.84956
2887	E CO RD 314	BLYTHEVILLE	72315	-89.90959	35.86962
2890	E HWY 150	BLYTHEVILLE	72315	-89.82551	35.98487
2890	W CO RD 180	LEACHVILLE	72438	-90.15722	35.93144
29	CYPRESS AVE	MARION	72364	-90.22694	35.22598
2901	W CO RD 346	MANILA	72442	-90.16751	35.85536
2902	E CO RD 378	BLYTHEVILLE	72315	-89.90822	35.84402
2902	S DIVISION	BLYTHEVILLE	72315	-89.91754	35.89551
2905	E BROADWAY	WEST MEMPHIS	72301	-90.14839	35.14539
2908	S ELM	BLYTHEVILLE		-89.90885	35.89487
2914	N HWY 61			-89.91548	35.85872
2926	W CO RD 650	OSCEOLA	72370	-90.16222	35.72256
2929	N HWY 61	BLYTHEVILLE	72315	-89.92014	35.85888
293	LEVEE RD	PROCTOR	72376	-90.29265	35.06349
2931	E CO RD 458	OSCEOLA	72370	-89.90734	35.80354
2931	MARLIN SWAMP RD	GILMORE	72339	-90.33893	35.40889
2937	ST HWY 50	CRAWFORDSVILLE	72327	-90.32965	35.19019
294	HWY 239	BLYTHEVILLE	72315	-90.02559	35.91165
2941	FRANKS CORNER RD	EARLE	72331	-90.40059	35.26419
2950	E JACKSON AVE	WEST MEMPHIS	72301	-90.14761	35.14013
2954	PROCTOR RD	PROCTOR	72376	-90.34476	35.09091
2958	E CO RD 378	BLYTHEVILLE	72315	-89.90578	35.84514
296	RUSSELL CEMETERY RD	EARLE	72331	-90.44908	35.26344
2965	N HWY 61 M H PARK	BLYTHEVILLE	72315	-89.91992	35.85968
2973	ST HWY 149 S	EARLE	72331	-90.46600	35.22443
2975	E HWY 18	MANILA	72442	-90.16908	35.86493
2979	FRANKS CORNER RD	EARLE	72331	-90.40149	35.26419
2979	MARLIN SWAMP RD	TURRELLL	72384	-90.34018	35.40888
2979	N HWY 61	BLYTHEVILLE	72315	-89.92084	35.86071
2979	NEW HOPE RD	TYRONZA	72386	-90.37461	35.42339
2985	E CO RD 346	BLYTHEVILLE	72315	-89.90654	35.85516
299	HUMPHREY RD	EARLE	72331	-90.47668	35.28653
299	MINNIS DR	EDMONDSON	72332	-90.29898	35.10531
2991	CLARKEDALE RD	CLARKEDALE	72325	-90.20121	35.30118
3	AFCO RD	MARION	72364	-90.19117	35.17780
30	PETTIGREW	BIRDSONG		-90.25645	35.46306
30	PO BOX	ARMOREL	72310	-89.73472	35.93082
300	315 329 344 STONEBROOK LOOP	SUNSET	72364	-90.20672	35.22366
300	N 4TH	WEST MEMPHIS	72301	-90.18019	35.15039
300	W SERVICE RD	WEST MEMPHIS	72301	-90.19131	35.16855
3000	CO RD 780	BLYTHEVILLE	72315	-90.16773	35.66591
3001	PORT RD	WEST MEMPHIS	72301	-90.19061	35.10550
3001	W CO RD 180	LEACHVILLE	72438	-90.16691	35.92909
3002	W MAIN GOOLSBY S	BLYTHEVILLE	72315	-89.93740	35.92516
3003	W CO RD 442	MANILA	72442	-90.16908	35.81379
3008	GAMMON RD	MARION	72364	-90.15835	35.24856
3009	E CO RD 314			-89.90219	35.86836
301	S INDUSTRIAL DR	BLYTHEVILLE	72315	-89.86382	35.92605
301	S SERVICE RD	BLYTHEVILLE		-89.87592	35.92624
301	WYANOKE	WEST MEMPHIS	72301	-90.19341	35.10788
3015	MCNEELY RD	CLARKEDALE	72325	-90.20320	35.29032
3017	N HWY 77			-90.17967	35.86345
3019	2973 BARN US HWY 64	MARION	72364	-90.24340	35.19633
302	MINNIS	EDMONDSON	72332	-90.30015	35.10318
3022	SMOKEY ALY	CRAWFORDSVILLE	72327	-90.34526	35.30751
3024	N CO RD 791	BLYTHEVILLE	72315	-89.85513	35.86064
3029	FRANKS CORNER RD	EARLE	72331	-90.39827	35.26432
303	CLUB CIR	MARION	72364	-90.20506	35.19645
303	DUNKIN	MANILA	72442	-90.16176	35.87691
303	S HWY 297	DYESS		-90.21738	35.58729
303	W CO RD 650	OSCEOLA	72370	-90.17140	35.71855
3032	E CO RD 378	BLYTHEVILLE	72315	-89.90243	35.84414
304	LEVEE RD 2	PROCTOR	72376	-90.29173	35.06659
304	LEVEE RD 3	PROCTOR	72376	-90.28895	35.06602
304	SMALL ACRES RD	PROCTOR	72376	-90.37123	35.15435
304	WYANOKE RD	WEST MEMPHIS	72301	-90.19348	35.10518
3042	N CO RD 69	MANILA	72442	-90.24744	35.86473
3043	E CO RD 330	BLYTHEVILLE	72315	-89.90244	35.86243
3044	N CO RD 1			-90.28434	35.86376
3049	N HWY 61	BLYTHEVILLE	72315	-89.92061	35.86290
305	N SERVICE RD	BLYTHEVILLE		-89.87660	35.93191
3058	3068 WAVERLY RD	PROCTOR	72376	-90.22422	35.10173
306	LEVEE RD	PROCTOR	72376	-90.29082	35.06604
306	N PORTER DR	BLYTHEVILLE	72315	-89.87272	35.93227
306	W HWY 148	MANILA	72442	-90.04603	35.81618
3069	W CO RD 884			-90.16665	35.61322
307	INDUSTRIAL	BLYTHEVILLE		-89.86327	35.92185
3071	W CO RD 538	MANILA	72442	-90.17313	35.76952
3073	REAR GAMMON RD	MARION	72364	-90.15924	35.24218
3079	MCNEELY RD	CLARKEDALE	72325	-90.20163	35.29112
308	LEVEE RD	PROCTOR	72376	-90.28989	35.06603
3084	W CO RD 940	JOINER	72350	-90.16630	35.59056
3085	S HWY 61	BLYTHEVILLE	72315	-89.92206	35.86425
309	331 W BARTON	WEST MEMPHIS	72301	-90.19218	35.15495
309	MOUND CITY RD	WEST MEMPHIS	72301	-90.12511	35.14819
309	N CO RD	MANILA	72442	-90.13012	35.81012
3095	E CO RD 442	LUXORA	72358	-89.90633	35.80712
3101	S DIVISION SUNSOUTH MH PAR	BLYTHEVILLE	72315	-89.92082	35.89385
3109	E CO RD 346	BLYTHEVILLE	72315	-89.89780	35.86287
311	S HWY 297	DYESS	72330	-90.21530	35.58469
3113	E CLARKEDALE MCNEELY RD	CLARKEDALE	72325	-90.20065	35.30795
3116	HWY 140 CO RD 684			-90.17008	35.70051
3116	W CO RD 884			-90.16794	35.61599
3118	OLD HWY 64	CRAWFORDSVILLE	72327	-90.35341	35.23650
312	E HWY			-89.93031	35.86969
312	N HWY	BLYTHEVILLE	72315	-89.81249	35.92990
312	N PORTER DR	BLYTHEVILLE	72315	-89.87297	35.93334
3120	S DIVISION	BLYTHEVILLE		-89.91495	35.89483
3125	HWY 151			-89.82682	35.86849
3125	HWY 151	BLYTHEVILLE	72315	-89.83020	35.86662
314	E CO RD			-89.90708	35.87353
314	W CO RD			-90.20740	35.87139
314	WILLIAMS RD	EARLE	72331	-90.41316	35.27188
3142	N CO RD 346	BLYTHEVILLE	72316	-89.89875	35.85830
3142	N CO RD 847	BLYTHEVILLE	72315	-89.82356	35.86727
3143	N HWY 61	BLYTHEVILLE	72315	-89.91955	35.86677
3147	E CLARKEDALE RD	CLARKEDALE	72325	-90.19858	35.30794
315	DEERFIELD RD	PROCTOR	72376	-90.28182	35.06652
315	MOUND CITY RD	WEST MEMPHIS	72301	-90.12505	35.14968
3150	W CO RD 940			-90.17140	35.59062
3159	CALDWELL RD	PROCTOR	72376	-90.28229	35.08309
3160	ANGELETTI RD	MARION	72364	-90.27657	35.21491
3162	W CO RD 972	JOINER	72350	-90.17245	35.57679
3164	W CO RD 780	OSCEOLA	72370	-90.17242	35.66331
3170	E CO RD 142			-89.89928	35.94619
3171	E CLARKEDALE RD	TURRELL	72384	-90.19655	35.30797
3174	CO RD 439			-90.05059	35.64512
3178	3180 US HWY 64	MARION	72364	-90.24877	35.19928
318	N CO RD 69	MANILA	72442	-90.24867	35.76586
319	W CO RD 214	BLYTHEVILLE	72316	-90.04265	35.91718
3194	HWY 77	MANILA	72442	-90.17147	35.89530
32	126 TWIN LAKES DR	MARION	72364	-90.19437	35.18224
320	S LEE ST	EARLE	72331	-90.45427	35.26229
321	MAIN	BASSETT	72350	-90.13188	35.53772
322	COUNTY RD 600	TYRONZA	72386	-90.40528	35.38646
322	CYPRESS RD	PROCTOR	72376	-90.27135	35.07286
3220	N HWY 61	BLYTHEVILLE	72315	-89.91597	35.86890
3221	N HWY 61	BLYTHEVILLE	72316	-89.92002	35.86969
3240	N CO RD 275	MANILA	72442	-90.14348	35.87040
325	INGRAM RD	EARLE	72331	-90.41430	35.26957
325	MUDLINE RD	PROCTOR	72376	-90.29907	35.11605
3251	INFINITY PKWY	WEST MEMPHIS	72301	-90.24296	35.18617
326	GOODWIN RD	MARION	72364	-90.16521	35.25387
3261	ST HWY 147 S	EDMONDSON	72332	-90.29584	35.09944
3262	N HWY 61	BLYTHEVILLE	72315	-89.91647	35.87042
3262	ST HWY 42	TURRELL	72384	-90.33610	35.36711
327	E LASSITER RD	PROCTOR	72376	-90.28747	35.10221
3271	INFINITY PKWY	WEST MEMPHIS	72301	-90.24667	35.18647
3273	WOOLLARD RD	CRAWFORDSVILLE	72327	-90.27398	35.30894
3283	N CO RD 275	MANILA	72442	-90.14400	35.86759
3285	E CO RD 869			-90.28582	35.81000
329	WILKINS RD	EARLE	72331	-90.37377	35.36968
329	WILKINS RD REAR	EARLE	72331	-90.37357	35.37278
3293	S HWY 77			-90.25017	35.64180
3294	E CO RD 346			-89.89296	35.85889
3300	E SERVICE I 40 RD N	WEST MEMPHIS	72301	-90.14939	35.15689
3301	E CO RD 378			-89.89357	35.83871
3301	KUHN RD	WEST MEMPHIS	72301	-90.24898	35.18948
3301	KUHN RD UNIT 2	WEST MEMPHIS	72301	-90.24011	35.19181
3301	MID AMERICA BLVD	WEST MEMPHIS	72301	-90.21694	35.18599
3313	W HWY 14	WILSON	72395	-90.17986	35.61007
3314	W CO RD 940			-90.17979	35.59044
3319	E HWY 312	BLYTHEVILLE	72316	-89.85784	35.91985
332	RUSSELL CEMETERY RD	EARLE	72331	-90.44908	35.26344
332	W CO RD 214	BLYTHEVILLE	72315	-90.04702	35.91780
3327	N CO RD 647	BLYTHEVILLE	72315	-89.93860	35.87259
3335	CO RD 346			-90.18152	35.85785
3337	E CO RD 70	BLYTHEVILLE	72315	-89.89001	35.97108
3341	W HWY 77			-90.17965	35.92951
3344	N HWY 61	BLYTHEVILLE	72315	-89.91619	35.87302
3347	N CO RD 378	BLYTHEVILLE	72315	-89.88815	35.83862
335	DAVIS	MANILA		-90.16031	35.88311
3352	W CO RD 102	LEACHVILLE	72438	-90.18014	35.96059
336	W CO RD 54	BLYTHEVILLE	72315	-90.04802	35.98222
3360	GAMMON RD	MARION	72364	-90.15629	35.24876
3366	W CO RD 394	MANILA	72442	-90.18083	35.83753
3369	PROCTOR RD	PROCTOR	72376	-90.35180	35.08915
3379	E CO RD 280	BLYTHEVILLE	72315	-89.88882	35.88271
338	1 2 CO RD 103	OSCEOLA	72370	-90.23111	35.74911
3386	N HWY 61	BLYTHEVILLE	72315	-89.91620	35.87432
3393	E HWY 18	BLYTHEVILLE	72316	-89.86396	35.92786
3393	HWY 239	BLYTHEVILLE	72316	-89.89277	35.87552
3397	S CO RD 449			-90.04282	35.63436
3398	HWY 181	DELL	72426	-90.04252	35.87597
3398	W CO RD 246	MANILA	72442	-90.18083	35.90273
3400	SERVICE LOOP	WEST MEMPHIS	72301	-90.14323	35.15409
3400	SOUTHLAND DR	WEST MEMPHIS	72301	-90.14569	35.15916
3403	CO RD 230	MANILA	72442	-90.18246	35.90743
3405	GAMMON RD	MARION	72364	-90.15225	35.24691
341	E CO RD 346	BLYTHEVILLE	72315	-89.92483	35.89485
3410	KUHN RD	MARION	72364	-90.26077	35.18789
3417	E HWY 120	LUXORA	72358	-89.88383	35.78298
342	582 E POLLARD RD	TURRELL	72384	-90.31169	35.37188
3420	W HWY 140	OSCEOLA	72370	-90.18408	35.69989
3423	CO RD 439	OSCEOLA	72370	-90.05607	35.63616
3432	N CO RD 647			-89.93493	35.87671
3435	E CO RD 346	BLYTHEVILLE	72315	-89.88419	35.85384
3443	W CO RD 230	MANILA	72442	-90.18399	35.90745
3443	W HWY 118	JOINER	72350	-90.18836	35.51132
3445	GAMMON RD	MARION	72364	-90.15120	35.24644
3447	E HWY 150	BLYTHEVILLE	72316	-89.88572	35.98299
3448	W HWY 118	JOINER	72350	-90.18297	35.51578
3454	W CO RD 378	MANILA	72442	-90.18434	35.84454
3459	N CO RD 647	BLYTHEVILLE	72315	-89.93855	35.87743
346	CO RD	MANILA	72442	-90.19730	35.85758
346	E CO RD	BLYTHEVILLE	72315	-89.91142	35.85824
346	W CO RD	MANILA	72442	-90.16987	35.84741
3468	N HWY 61	BLYTHEVILLE	72315	-89.91398	35.87585
3473	S CO RD 217			-90.17100	35.62821
3475	N CO RD 49	LEACHVILLE	72438	-90.25932	35.88040
3475	S DIVISION	BLYTHEVILLE	72315	-89.92086	35.89104
348	NEAL RD	CLARKEDALE	72325	-90.19421	35.25725
349	DILLARD RD	EARLE	72331	-90.40760	35.26992
349	GREER RD	EARLE	72331	-90.44249	35.33065
3491	W CO RD 2	LEACHVILLE	72438	-90.18529	35.99331
3492	N CO RD 49	LEACHVILLE	72438	-90.25441	35.88045
3492	ST HWY 50	CRAWFORDSVILLE	72327	-90.32507	35.19756
3497	N HWY 61	BLYTHEVILLE	72315	-89.92035	35.87817
350	367 DAILY RD	MARION	72364	-90.14588	35.25181
350	AFCO RD	MARION	72364	-90.19085	35.17291
350	ST HWY 149 REAR	EARLE	72331	-90.45377	35.26025
3500	E BROADWAY	WEST MEMPHIS	72301	-90.14266	35.14725
3501	3503 HWY 239	BLYTHEVILLE	72315	-89.89360	35.87874
3501	E BROADWAY	WEST MEMPHIS	72301	-90.14247	35.14563
3509	RUSSELL CEMETERY RD	EARLE	72331	-90.40607	35.24417
3516	W HWY 308	FRENCHMAN BYU	72338	-90.18878	35.46766
3519	ST HWY 147 S REAR	PROCTOR	72376	-90.29618	35.09503
3519	W CO RD 668	OSCEOLA	72370	-90.18830	35.71394
3519	W HWY 14	DYESS	72330	-90.18863	35.61077
3520	ST HWY 118	EARLE	72331	-90.42170	35.30178
3524	W CO RD 378	MANILA	72442	-90.18721	35.84616
3526	HWY 239			-89.89019	35.87948
3529	CLARKEDALE RD	CLARKEDALE	72325	-90.19524	35.30828
3534	CR 314	MANILA	72442	-90.18810	35.87317
3540	W HIGHWAY 136	MANILA	72442	-90.18788	35.73004
3545	W CO RD 394	MANILA	72442	-90.18792	35.83505
3552	N CO RD 259	MANILA	72442	-90.14991	35.88538
3553	BRUINS RD	HUGHES	72348	-90.39255	34.85916
3555	BINGS STORE RD	EARLE	72331	-90.40115	35.19887
3557	RUSSELL CEMETERY RD	EARLE	72331	-90.40475	35.24440
3568	HWY 118	JOINER	72350	-90.19144	35.51413
3569	N CO RD 743	BLYTHEVILLE	72315	-89.88339	35.87882
357	ALABAMA AVE	EARLE	72331	-90.45579	35.26935
3575	S DIVISION	BLYTHEVILLE	72315	-89.92080	35.89036
3580	CO RD 193	DYESS	72330	-90.18287	35.63066
3581	W CO RD 570	ETOWAH	72428	-90.19019	35.75664
359	EVELYN RD	CLARKEDALE	72325	-90.19528	35.26739
3592	N CO RD 259	MANILA	72442	-90.14910	35.88358
3599	W CO RD 474			-90.19223	35.80261
360	WATKINS CV	MARION	72364	-90.23374	35.25026
3600	3700 E BROADWAY	WEST MEMPHIS	72301	-90.13990	35.14759
3600	N HWY 139	BLYTHEVILLE	72315	-89.74299	35.83755
3601	CO RD 378	MANILA	72442	-90.19252	35.84258
3601	N CO RD 378	BLYTHEVILLE	72315	-89.87885	35.83914
3605	E CO RD 2	BLYTHEVILLE	72315	-89.87696	35.99914
3605	RUSSELL CEMETERY RD	EARLE	72331	-90.40385	35.24460
3607	W CO RD 1052	JOINER	72350	-90.19355	35.53640
3609	N HWY 61	BLYTHEVILLE		-89.92190	35.88279
3618	S DIVISION	BLYTHEVILLE	72315	-89.91190	35.88296
3622	N CO RD 647	BLYTHEVILLE	72315	-89.93405	35.88378
3629	HWY 239	BLYTHEVILLE	72315	-89.89354	35.88287
363	DARBY RD	MARION	72364	-90.17443	35.19713
363	PATTERSON	PROCTOR	72376	-90.29936	35.12833
363	W CO RD 54	BLYTHEVILLE	72315	-90.04779	35.97760
3634	3678 US HWY 64	MARION	72364	-90.25830	35.19825
3635	N HWY 61	BLYTHEVILLE	72315	-89.92313	35.88381
3638	S CO RD 193	OSCEOLA	72370	-90.18244	35.62745
3641	ST HWY 147 S	PROCTOR	72376	-90.29931	35.09478
3644	W HWY 18	MANILA	72442	-90.19102	35.88928
3649	N HWY 239	BLYTHEVILLE	72315	-89.89353	35.88358
365	BAYFERRY RD	EARLE	72331	-90.48178	35.27707
3655	E ST HWY 120	OSCEOLA	72370	-89.87751	35.78335
366	SELLERS RD	EARLE	72331	-90.44941	35.24065
3663	N HWY 239	BLYTHEVILLE	72315	-89.89355	35.88422
3664	E CO RD 570	BLYTHEVILLE	72315	-89.87591	35.77768
3665	GAMMON RD	MARION	72364	-90.14766	35.24600
3670	W HWY 118	JOINER	72350	-90.19485	35.51512
3671	W HWY 118			-90.19483	35.51071
3671	W HWY 118	JOINER		-90.19532	35.51261
3679	CO RD 159	MANILA	72442	-90.20529	35.88593
368	GRASSY LAKE RD	EARLE	72331	-90.40381	35.25866
3681	E STATE HWY 120	OSCEOLA	72370	-89.87512	35.78274
3690	W CO RD 860	KEISER	72351	-90.19392	35.62792
3693	E CO RD 378	BLYTHEVILLE	72315	-89.87576	35.83833
3695	W CO RD 780			-90.20407	35.65433
370	WATKINS RD	MARION	72364	-90.23428	35.24505
3700	E HWY 18	BLYTHEVILLE		-89.87138	35.93122
3700	E N I 40 SERVICE RD	WEST MEMPHIS	72301	-90.14126	35.15720
3701	GAMMON RD	MARION	72364	-90.14599	35.24584
3702	W HWY 136	ETOWAH	72428	-90.19467	35.72873
3706	N CO RD 275			-90.13859	35.88806
371	CO RD 570			-89.83991	35.77423
3718	W CO RD 474	MANILA	72442	-90.19754	35.80222
3718	W COUNTY ROAD 122	LEACHVILLE	72438	-90.19640	35.95399
3719	MOUNDS RD	PROCTOR	72376	-90.29147	35.10839
3723	KACEY 126 KACEY	BLYTHEVILLE	72315	-89.92419	35.88749
3725	S HWY 136	ETOWAH	72442	-90.19495	35.72716
3727	PROCTOR RD	PROCTOR	72376	-90.35687	35.08812
3734	W HWY 118 JOINER			-90.19795	35.51517
3740	ST HWY 147 S	PROCTOR	72376	-90.29156	35.09406
3746	MARION LAKE RD	MARION	72364	-90.13236	35.22572
3748	WAVERLY RD	PROCTOR	72376	-90.22469	35.09284
3751	E HWY 18	BLYTHEVILLE		-89.87249	35.92533
3755	W CO RD 860	DYESS	72330	-90.18388	35.62430
3755	W CO RD 876	DYESS	72330	-90.19858	35.61751
3761	ST HWY 147 S	PROCTOR	72376	-90.29694	35.09203
3763	CO RD 139	DYESS	72330	-90.21562	35.62448
3765	ST HWY 42	EARLE	72331	-90.34436	35.36555
3775	S CO RD 471	OSCEOLA	72370	-90.03649	35.62290
3776	3839 GAMMON RD	MARION	72364	-90.14415	35.24560
3781	E HWY 18	BLYTHEVILLE	72315	-89.87031	35.92285
3784	ST HWY 64	MARION	72364	-90.26048	35.19811
3790	E MAIN ST	BLYTHEVILLE		-89.86808	35.93042
3790	W CO RD 122	LEACHVILLE	72438	-90.20627	35.95463
3793	CLARKEDALE RD	CLARKEDALE	72325	-90.19060	35.30865
3798	E HWY 148	BLYTHEVILLE	72315	-89.86801	35.86426
38	ST HWY	HUGHES	72348	-90.37637	34.92380
3800	COUNTRY VIEW RD	TURRELL		-90.33867	35.40786
3803	W CO RD 378	MANILA	72442	-90.20237	35.84267
3806	N CO RD 679	BLYTHEVILLE	72315	-89.91223	35.88916
3807	W HWY 18	MANILA	72442	-90.20037	35.88584
3819	CO RD 919			-89.78843	35.89068
3819	N HWY 239	BLYTHEVILLE	72315	-89.89258	35.88985
382	398 INGRAM BLVD	WEST MEMPHIS	72301	-90.16026	35.14888
3821	COMPLEX DR	MARION	72364	-90.19113	35.18836
3823	E HWY 150	BLYTHEVILLE	72315	-89.86924	35.98448
3831	W HWY 136	ETOWAH		-90.20655	35.72781
3832	N CO RD 903			-89.78807	35.88652
3838	E CO RD 1212	JOINER	72350	-90.18061	35.46773
3842	CARL WEST DR	TYRONZA	72386	-90.46962	35.37891
3845	N CO RD 17	LEACHVILLE	72438	-90.27654	35.89464
3846	HWY 120	OSCEOLA	72370	-89.87928	35.79442
385	SKYLINE DR	BLYTHEVILLE	72315	-89.96258	35.98020
3850	SOUTHLAND DR	WEST MEMPHIS	72301	-90.14153	35.15857
3855	PROCTOR RD	PROCTOR	72376	-90.35944	35.08921
3859	N CO RD 919			-89.78550	35.89067
3862	W CO RD 474	BLYTHEVILLE	72315	-90.20358	35.80240
3865	E HWY 120			-89.87300	35.79494
3869	N HWY 61	BLYTHEVILLE	72315	-89.91931	35.88505
3874	N CO RD 695	BLYTHEVILLE	72315	-89.90751	35.89144
3875	CO RD 780	KEISER	72351	-90.20233	35.64912
3877	W HWY 18			-90.20265	35.88525
3885	ST HWY 50	CRAWFORDSVILLE	72327	-90.32945	35.20380
3886	OLD HWY 64	CRAWFORDSVILLE	72327	-90.36117	35.24206
3887	ST HWY 42	TURRELL	72348	-90.34897	35.36549
389	N HOLLYWOOD ROBINDALE APTS	BLYTHEVILLE		-89.88956	35.92987
3892	N CO RD 903			-89.79280	35.89068
3892	N CO RD 903 PROSPECT STEEL			-89.79124	35.89068
3896	E HWY 119	OSCEOLA	72370	-90.01490	35.61750
390	S WALKER	WEST MEMPHIS	72301	-90.14790	35.14178
3900	N HWY 151	BLYTHEVILLE	72315	-89.83502	35.89364
3900	PETRO RD	WEST MEMPHIS	72301	-90.13303	35.15455
3900	W CO RD 102	LEACHVILLE	72438	-90.20458	35.96118
3901	3903 COLLEGE BLVD	WEST MEMPHIS	72301	-90.21344	35.18734
3901	E CO RD 246	LUXORA	72358	-89.86462	35.89778
3901	E MAIN	BLYTHEVILLE		-89.86581	35.92816
3904	N CO RD 17	LEACHVILLE		-90.27725	35.90159
3910	E MAIN	BLYTHEVILLE		-89.86583	35.93024
3910	S DIVISION ST	BLYTHEVILLE		-89.91702	35.88639
3912	CO RD 70			-90.20229	35.96198
3917	E CO RD 246	BLYTHEVILLE	72315	-89.86391	35.89778
3932	HWY 136	ETOWAH		-90.20691	35.72980
394	W CO RD	MANILA	72442	-90.15224	35.83759
3940	W CO RD 230	MANILA	72442	-90.20715	35.91033
3948	PROMISE LAND RD	BLYTHEVILLE	72316	-89.86322	35.91535
3950	3966 E I 55 SERVICE RD	WEST MEMPHIS	72301	-90.13392	35.14744
3952	CLARKEDALE RD	CLARKEDALE	72325	-90.18418	35.31044
3954	HWY 312	BLYTHEVILLE		-89.86177	35.91530
3954	W CO RD 442			-90.19861	35.82124
3959	W CO RD 314			-90.20494	35.87172
3959	W CO RD 314	MANILA	72442	-90.20682	35.87231
396	S AVALON	WEST MEMPHIS	72301	-90.19239	35.14277
3965	HORSESHOE CIR	HUGHES	72348	-90.29737	34.90887
3968	3982 E I 55 SERVICE RD	WEST MEMPHIS	72301	-90.13466	35.14804
3968	I 40 SERVICE RD	PROCTOR	72376	-90.32175	35.15168
3973	E HWY 18	BLYTHEVILLE		-89.86178	35.92746
3973	S CO RD 243	WILSON	72395	-90.16247	35.61568
3973	W HWY 14	DYESS	72330	-90.20823	35.61058
398	TOWNSEND GORDON RD	EARLE	72331	-90.44569	35.23722
3991	N CO RD 243	MANILA	72442	-90.16142	35.89646
3992	MARLIN SWAMP RD	TYRONZA	72386	-90.35625	35.41068
3993	CO RD 474	MANILA	72442	-90.20825	35.79954
3997	W CO RD 346	MANILA	72442	-90.21147	35.85767
40	N OF I	RURAL		-90.38573	35.15199
400	COOPER SAND PIT RD	PROCTOR	72376	-90.19335	35.10005
400	TERRA RD	BLYTHEVILLE		-89.84907	35.92296
400	W MOULTRIE KROGER	BLYTHEVILLE		-89.90696	35.93735
4000	PETRO RD	WEST MEMPHIS	72301	-90.13093	35.15498
4001	N 6TH ST	BLYTHEVILLE	72315	-89.91132	35.95899
4005	E HWY 120	LUXORA	72358	-89.86423	35.79702
4005	E HWY 148			-89.85937	35.85972
4007	CLARKEDALE RD	CLARKEDALE	72325	-90.18551	35.30767
4008	S HWY 308	WILSON	72395	-90.20478	35.48170
4009	CO RD 17			-90.28462	35.90053
401	417 BIRDIE	MARION	72364	-90.20535	35.20333
401	AUBURN AVE 405 BIRCH	WEST MEMPHIS	72301	-90.19387	35.14125
401	S COLLEGE BLVD	WEST MEMPHIS	72301	-90.22841	35.14089
4013	HWY 140			-90.20873	35.69782
4025	E HWY 18	BLYTHEVILLE		-89.85983	35.92724
4031	N CO RD 121			-90.22449	35.89974
4031	W CO RD 230	MANILA	72442	-90.20956	35.90869
4032	S CO RD 209	DYESS	72330	-90.17408	35.61720
4034	N CO RD 121			-90.22006	35.90049
4040	BUCK LAKE JOE BARATTI RD	CRAWFORDSVILLE	72327	-90.36438	35.21158
4040	S CO RD 209	DYESS	72330	-90.17599	35.61407
4050	CO RD 297	OSCEOLA	72370	-90.21138	35.68268
4053	W COUNTY ROAD 442	BLYTHEVILLE	72315	-90.21206	35.81415
406	S AVALON	WEST MEMPHIS	72301	-90.19224	35.14165
4071	W HWY 18			-90.21230	35.88596
408	N CO RD 1			-90.28419	35.76951
4081	WAVERLY RD	PROCTOR	72376	-90.23331	35.08725
4089	MID AMERICA BLVD	MARION	72364	-90.22071	35.18771
4091	W STATE HIGHWAY 158	MANILA	72442	-90.21188	35.77864
4092	KUHN RD	MARION	72364	-90.25415	35.17544
4093	W CO RD 122			-90.21190	35.95115
4094	S HWY 77	DYESS	72330	-90.24678	35.61362
410	MAIN	DELL	72426	-90.04220	35.85821
4101	S AVALON RD	WEST MEMPHIS	72301	-90.18730	35.11047
4102	N HWY 181			-90.03461	35.90326
4106	JAMES MILL RD	CRAWFORDSVILLE	72327	-90.30004	35.26016
4109	E HWY 148	BLYTHEVILLE	72315	-89.84143	35.86655
411	HWY 77	OSCEOLA	72370	-90.17909	35.74526
4110	E NORTH SERVICE RD	WEST MEMPHIS	72301	-90.13080	35.14903
4115	E CO RD 246	BLYTHEVILLE	72315	-89.85454	35.89795
4117	HWY 148			-89.85387	35.86139
4119	W HWY 18	LEACHVILLE	72438	-90.21565	35.88595
412	E BRINKLEY LP	MARION	72364	-90.20704	35.19910
412	S 25TH	WEST MEMPHIS	72301	-90.15326	35.14175
413	MUDLINE RD	PROCTOR	72376	-90.30013	35.11722
414	US HWY 61	TURRELL	72384	-90.26833	35.39326
4149	E HWY 18	BLYTHEVILLE	72315	-89.85437	35.92705
415	HWY 77			-90.17919	35.74533
4154	N CO RD 535	BLYTHEVILLE	72315	-89.99862	35.90232
4159	4383 OLD HWY 64	CRAWFORDSVILLE	72327	-90.36405	35.24609
4171	W CO RD 122	LEACHVILLE	72438	-90.21492	35.95118
4177	E CO RD 209	DYESS	72330	-90.17768	35.60905
4177	ST HWY 118	EARLE	72331	-90.41348	35.30965
4199	CO RD 447	WILSON	72395	-90.04708	35.60909
42	COUNTRY VIEW RD ST HWY	TURRELL	72384	-90.34283	35.36969
42	ST HWY	EARLE	72331	-90.36566	35.36080
42	ST HWY	TURRELL	72384	-90.33646	35.35722
42	ST HWY	TYRONZA	72386	-90.45332	35.37101
42	ST HWY 118 HWY	TURRELL	72384	-90.35899	35.36843
42	ST HWY 77 ST HWY	TURRELL	72384	-90.25965	35.36890
42	TIDWELL RD ST HWY	TYRONZA	72386	-90.39923	35.37021
420	500 BROADWAY	WEST MEMPHIS	72301	-90.19557	35.14535
4200	E BROADWAY	WEST MEMPHIS	72301	-90.13048	35.14449
4200	I 55 SERVICE RD	SUNSET		-90.20790	35.22432
4201	ST HWY 118	EARLE	72331	-90.41042	35.31362
4205	W HWY 14	DYESS	72330	-90.22181	35.60986
4208	MOUND CITY RD	MARION	72364	-90.13582	35.19394
421	609 MISSISSIPPI CO LINE RD	TURRELL	72384	-90.21802	35.43712
421	ELM	BLYTHEVILLE		-89.91212	35.92380
421	EVELYN RD	CLARKEDALE	72325	-90.19418	35.26738
4212	W CO RD 956	DYESS	72330	-90.22266	35.58505
4213	ST HWY 18	BLYTHEVILLE		-89.85037	35.92741
4225	E CO RD 209	DYESS	72330	-90.17915	35.60587
4225	S CO RD 447	WILSON	72395	-90.04990	35.60604
4231	HWY 151			-89.85024	35.89780
4232	S CO RD 175			-90.19436	35.60626
4234	W HWY 140	ETOWAH	72370	-90.22186	35.70256
4237	CO RD 139			-90.20885	35.74648
4239	E HWY 148	BLYTHEVILLE	72315	-89.84933	35.86212
4250	W CO RD 86			-90.21418	35.96814
426	N CO RD 884			-90.28527	35.74498
4275	W CO RD 122	LEACHVILLE	72438	-90.21990	35.95096
4291	ST HWY 149 N	EARLE	72331	-90.45182	35.33393
4299	CO RD 503			-90.02105	35.90759
4300	PETRO RD	WEST MEMPHIS	72301	-90.12928	35.15501
4311	CO RD 228 CO RD 531	BLYTHEVILLE	72315	-90.00558	35.90912
4326	N CO RD 919			-89.78337	35.90690
433	N HWY 77			-90.17913	35.76871
4332	HWY 158	MANILA	72442	-90.22377	35.78144
435	MUDLINE RD	PROCTOR	72376	-90.30051	35.11617
4355	S CO RD 447	FRENCHMAN BYU	72338	-90.05004	35.60144
4357	HWY 77	MANILA	72442	-90.17788	35.91143
4384	W HWY 18			-90.22535	35.89234
4385	W HWY 18	MANILA	72442	-90.22629	35.88605
4389	W CO RD 956	DYESS	72330	-90.22412	35.58176
439	CO RD			-90.04659	35.64509
4395	E HWY 18 FED EX	BLYTHEVILLE		-89.84313	35.92691
4397	W CO RD 426			-90.22345	35.82158
4397	WAVERLY RD	PROCTOR	72376	-90.23672	35.08300
4398	ST HWY 42	TURRELL	72384	-90.35735	35.36852
4398	W CO RD 246			-90.22889	35.90434
4398	W CO RD 482	MANILA	72442	-90.22469	35.79899
44	46 HARDIN RD	MARION	72364	-90.24070	35.20325
4404	N CO RD 509	BLYTHEVILLE	72315	-90.01354	35.91371
4404	W HWY 118	OSCEOLA	72370	-90.22818	35.51473
4405	N HWY 18	MANILA	72442	-90.14285	35.85647
4407	ST HWY 42	EARLE	72331	-90.35736	35.36579
442	W CO RD	MANILA	72442	-90.14744	35.82613
4434	HWY 18	BLYTHEVILLE	72315	-89.83980	35.92766
4435	W HWY 158	MANILA	72442	-90.22911	35.78089
4441	I 55 S SERVICE RD	MARION	72364	-90.21369	35.22666
4448	HWY 140	ETOWAH	72370	-90.22945	35.70037
4449	W HWY 158	MANILA	72442	-90.22865	35.77814
445	EVELYN RD	CLARKEDALE	72325	-90.19307	35.26738
4459	HWY 120	LUXORA	72358	-89.84000	35.79556
4487	ST HWY 149 S	EARLE	72331	-90.47910	35.20630
449	E HWY 18	DELL	72315	-90.01866	35.86659
4494	W HWY 118			-90.22868	35.51584
45	RIVER CIR	OSCEOLA		-89.98274	35.69481
4503	1 2 E BROADWAY	WEST MEMPHIS	72301	-90.12830	35.14420
4503	E BROADWAY	WEST MEMPHIS	72301	-90.12623	35.14498
4506	W CO RD 956			-90.23430	35.58418
451	S HWY 77			-90.18811	35.74471
4510	S AVALON	WEST MEMPHIS	72301	-90.18097	35.10782
4520	ST HWY 77	MARION	72364	-90.20461	35.22868
4521	CO RD 535	WILSON	72395	-90.00041	35.59261
4522	E HWY 18	BLYTHEVILLE		-89.83750	35.92733
4535	E HWY 18	BLYTHEVILLE	72315	-89.83726	35.92421
4540	E HWY 18	BLYTHEVILLE	72315	-89.83658	35.92660
455	KINGS STORE RD	EARLE	72331	-90.44942	35.22007
4554	HWY 137 SPUR	ARMOREL	72310	-89.80053	35.91560
456	458 PATTERSON RD	PROCTOR	72376	-90.29987	35.12866
4575	W HWY 118	JOINER	72350	-90.23384	35.51255
4576	E HWY 18	BLYTHEVILLE	72315	-89.83468	35.92600
458	CO RD	LUXORA	72358	-89.90278	35.81251
458	MORNINGSUN RD	PROCTOR	72376	-90.37411	35.15704
4593	W HWY 18	MANILA	72442	-90.23216	35.88580
4600	SOUTH LOOP RD	WEST MEMPHIS	72301	-90.18187	35.11476
4602	HWY 297			-90.23829	35.68840
4608	ST HWY 42	EARLE	72331	-90.36047	35.36748
4610	W KEISER ST	OSCEOLA		-90.04750	35.69967
4614	W HWY 118			-90.23381	35.51633
4617	E CO RD 2	BLYTHEVILLE	72315	-89.83895	35.99761
4618	CO RD 570			-89.83293	35.77948
462	STOVER RD	EARLE	72331	-90.34985	35.34898
463	CR	EARLE	72331	-90.50000	35.26997
4635	W HWY 297	OSCEOLA	72370	-90.23773	35.68382
4639	W HWY 297 WEST RIDGE			-90.23931	35.68244
4642	E CO RD 570	BLYTHEVILLE	72315	-89.82976	35.77986
4648	W HWY 18			-90.23838	35.89024
465	EVELYN RD	CLARKEDALE	72325	-90.19196	35.26737
4651	JAMES MILL RD	CRAWFORDSVILLE	72327	-90.30912	35.26468
4652	N HWY 151	BLYTHEVILLE	72315	-89.85462	35.91993
4669	N CO RD 193	LEACHVILLE	72438	-90.18838	35.92218
4677	W CO RD 142			-90.23757	35.94394
4678	CO RD 214	LEACHVILLE	72438	-90.23877	35.91694
4690	4692 ST HWY 149 S	EARLE	72331	-90.47562	35.20358
4691	W HWY 118			-90.23815	35.51678
4692	S CO RD 407	WILSON	72395	-90.06214	35.58287
4697	W HWY 158	MANILA	72442	-90.24053	35.77739
4700	ST HWY 77 N	SUNSET		-90.20517	35.23002
4701	E HWY 120			-89.82976	35.79469
4701	E HWY 148	BLYTHEVILLE	72315	-89.82657	35.85937
471	N CO RD	BLYTHEVILLE	72315	-90.03679	35.87455
471	W KEISER CO RD	OSCEOLA	72370	-90.03714	35.69723
4727	WAVERLY RD	PROCTOR	72376	-90.23283	35.07594
4737	S HWY 61	WILSON	72395	-90.03322	35.58713
474	W CO RD	OSCEOLA	72370	-89.99410	35.85931
4741	W CO RD 214	LEACHVILLE	72438	-90.24252	35.91515
4741	W HWY 297	ETOWAH	72428	-90.24300	35.67543
4744	CO RD 668	ETOWAH	72395	-90.24355	35.71052
4744	W CO RD 668	ETOWAH	72395	-90.24563	35.71554
4750	N HWY 151	BLYTHEVILLE		-89.85452	35.92421
4750	N HWY 77	ETOWAH	72428	-90.17626	35.92622
4753	W CO RD 122	LEACHVILLE	72438	-90.23755	35.95166
4754	W CO RD 490			-90.24384	35.81916
4754	W CO RD 490	MANILA	72442	-90.24226	35.79454
4769	W HWY 297			-90.24178	35.67923
4777	ST HWY 42	EARLE	72331	-90.36199	35.36617
4785	HWY 61	WILSON	72395	-90.03449	35.58603
4790	E HWY 148	BLYTHEVILLE	72315	-89.82358	35.86359
4793	N CO RD 193	MANILA	72442	-90.18726	35.92628
4795	W HWY 297	OSCEOLA	72370	-90.24455	35.68290
4801	W CO RD 214			-90.24453	35.91343
4801	W CO RD 314	LEACHVILLE	72438	-90.26283	35.87606
4816	HWY 120	OSCEOLA	72370	-89.82393	35.79983
483	MINNIS DR	EDMONDSON	72332	-90.30129	35.10479
4832	ST HWY 149 S	EARLE	72331	-90.47892	35.20278
4835	N CO RD 773	BLYTHEVILLE		-89.86554	35.92620
4840	ST HWY 149 S RD	EARLE	72331	-90.47681	35.20024
4840	ST HWY 50 S REAR	CRAWFORDSVILLE	72327	-90.32555	35.21713
4844	W HWY 158			-90.24719	35.78217
485	EVELYN RD	CLARKEDALE	72325	-90.19083	35.26736
4850	HWY 140	ETOWAH	72370	-90.24623	35.70096
4851	HWY 118	BLYTHEVILLE	72315	-90.24272	35.51428
4853	HWY 148			-89.82162	35.85994
4855	CO RD 209			-90.17986	35.58410
4866	I 40 SERVICE RD	PROCTOR	72376	-90.33788	35.15192
4870	N CO RD 967			-89.75468	35.92603
4871	N CO RD 967			-89.75348	35.92780
4871	W HWY 140	ETOWAH	72370	-90.24694	35.69892
4871	W HWY 140	OSCEOLA	72370	-90.24688	35.69705
4873	N CO RD 967	BLYTHEVILLE	72315	-89.76000	35.92772
4874	W CO RD 102			-90.22690	35.94733
4877	S CO RD 243	JOINER	72350	-90.16162	35.58273
4877	S HWY 61			-90.03609	35.58196
488	GORDON RD	EARLE	72331	-90.43834	35.24214
4885	N CO RD 773	BLYTHEVILLE		-89.86738	35.92615
4885	N CO RD 785	BLYTHEVILLE	72315	-89.86030	35.92542
4888	HWY 118			-90.24768	35.52157
4898	S CO RD 447 END OF LAKE DR	WILSON	72395	-90.04548	35.58505
490	GRASSY LAKE RD	EARLE	72331	-90.40614	35.25854
490	W CO RD 214			-90.05104	35.91964
4902	N CO RD 609	BLYTHEVILLE	72315	-89.95806	35.92601
4904	CO RD 796			-90.25395	35.65738
4906	W CO RD 490	MANILA	72442	-90.25030	35.79475
4913	W HWY 118			-90.25147	35.51545
4931	4933 ST HWY 149 N	EARLE	72331	-90.44136	35.34020
4947	W CO RD 214			-90.25110	35.91455
4949	N CO RD 967	ARMOREL	72310	-89.76124	35.92967
496	THORNE RD	CRAWFORDSVILLE	72327	-90.38693	35.19831
497	MUDLINE RD	PROCTOR	72376	-90.30175	35.11580
4971	W CO RD 796			-90.25239	35.65373
4976	ST HWY 147 S	PROCTOR	72376	-90.29169	35.07407
50	OFF ST HWY	CRAWFORDSVILLE	72327	-90.32022	35.28974
50	ST HWY	CRAWFORDSVILLE	72327	-90.33245	35.16948
50	ST HWY	PROCTOR	72376	-90.32995	35.15453
50	US HWY 64 US HWY	CRAWFORDSVILLE	72327	-90.33008	35.23178
50	W OF ST HWY	PROCTOR	72376	-90.32685	35.15204
5001	A B HARDIN RD	MARION	72364	-90.23003	35.18954
5001	C HARDIN RD	MARION	72364	-90.23451	35.18957
5009	N HWY 61	BLYTHEVILLE	72316	-89.91348	35.96125
501	541 PAR	MARION	72364	-90.20746	35.19598
501	E JEFFERSON	WEST MEMPHIS	72301	-90.17915	35.13397
501	W BROADWAY	WEST MEMPHIS	72301	-90.19798	35.14824
502	N MAIN	LEACHVILLE		-90.25620	35.94026
502	RUSHING RD	WEST MEMPHIS	72301	-90.18024	35.12361
5021	CO RD 1015	BLYTHEVILLE	72315	-89.74485	35.93187
5026	N CO RD 1015	ARMORELE	72310	-89.73075	35.93438
5027	N CO RD 1015	BLYTHEVILLE	72315	-89.73680	35.93306
503	CO RD			-90.01300	35.84575
503	CO RD	BLYTHEVILLE	72315	-90.01301	35.84775
503	CO RD	OSCEOLA	72370	-90.01665	35.71464
503	FLIPPO RD	EARLE	72331	-90.34363	35.35951
503	W BROADWAY	WEST MEMPHIS	72301	-90.20099	35.14729
5039	N CO RD 1015	BLYTHEVILLE	72315	-89.74550	35.93509
504	EVELYN RD	CLARKEDALE	72325	-90.19137	35.26873
504	RICH RD	WEST MEMPHIS	72301	-90.20379	35.15014
505	EVELYN RD	CLARKEDALE	72325	-90.18910	35.26870
506	HWY 42	TURRELL	72384	-90.28527	35.36840
5063	ST HWY 149 N	EARLE	72331	-90.43620	35.34273
5069	N CO RD 967			-89.76279	35.93491
507	522 COX S REDDING	WEST MEMPHIS	72301	-90.19115	35.13966
5082	W CO RD 490	MANILA	72442	-90.25664	35.79551
5099	S HWY 297	WEST RIDGE	72391	-90.25805	35.68367
5099	S I 55 SERVICE RD	MARION	72364	-90.21697	35.23508
510	W CO RD 54	BLYTHEVILLE	72315	-90.05231	35.98483
5101	HWY 61	WILSON	72395	-90.04113	35.57534
5115	N CO RD 635	BLYTHEVILLE	72315	-89.94383	35.93771
512	518 DAVIS	MANILA	72442	-90.15856	35.87446
5129	N CO RD 635	BLYTHEVILLE	72315	-89.94422	35.93862
513	DAVIS	MANILA		-90.16201	35.88479
514	THORNE RD	CRAWFORDSVILLE	72327	-90.38871	35.19834
5141	5253 ST HWY 218	CRAWFORDSVILLE	72327	-90.34798	35.17176
5141	N CO RD 635	BLYTHEVILLE	72315	-89.94357	35.93935
5150	W CO RD 122	LEACHVILLE	72438	-90.26135	35.95433
5151	N CO RD 503	BLYTHEVILLE	72315	-90.02037	35.93972
5157	HWY 118			-90.26179	35.51329
5157	W HWY 118	TYRONZA		-90.26270	35.51342
516	E HWY 239	BLYTHEVILLE	72315	-90.01613	35.91139
5168	CO RD 196	LEACHVILLE	72438	-90.26454	35.92086
5176	CO RD 1015			-89.73120	35.93764
5180	AIRPORT RD 980	BLYTHEVILLE	72316	-89.83834	35.93613
5180	W HWY 140	WEST RIDGE	72391	-90.26939	35.68193
5189	E HWY 150			-89.78928	35.98484
5189	S HWY 77	JOINER	72350	-90.24940	35.57414
519	SHOPPINGWAY	WEST MEMPHIS	72301	-90.19673	35.16633
5196	CRISWELL RD	CRAWFORDSVILLE	72327	-90.37761	35.30957
520	GREEN DR	CRAWFORDSVILLE	72327	-90.40310	35.25026
520	N MAIN	LUXORA		-89.92857	35.76184
5201	HWY 118	BLYTHEVILLE	72315	-90.26510	35.51605
521	E CO RD 122			-90.01744	35.95071
5233	W HWY 140	WILSON	72395	-90.25459	35.68154
5237	N CO RD 503	BLYTHEVILLE	72315	-90.02002	35.94281
524	EVELYN RD	CLARKEDALE	72325	-90.19135	35.26962
524	MCCARTER RD	MARION	72364	-90.14290	35.20938
524	MINNIS RD	EDMONDSON	72332	-90.30350	35.10298
5244	W HWY 198	OSCEOLA	72370	-90.26590	35.64985
525	DABBS RD	PROCTOR	72376	-90.37245	35.09342
525	EVELYN RD	CLARKEDALE	72325	-90.18908	35.26960
5252	CO RD 860			-90.26775	35.63057
5255	HWY 18	LEACHVILLE		-90.26346	35.88560
5263	HWY 118			-90.26687	35.51146
5267	E HWY 150	BLYTHEVILLE	72316	-89.75310	35.96860
5268	W CO RD 988			-90.26444	35.57093
5269	BUCK LAKE RD	CRAWFORDSVILLE	72327	-90.39433	35.20483
5273	ST HWY 149 N	TYRONZA	72386	-90.44530	35.34187
5278	ST HWY 118	EARLE	72331	-90.39377	35.32121
528	PLANTATION	BURDETTE	72315	-89.95226	35.81460
5280	W ST HWY 18	LEACHVILLE	72438	-90.26448	35.88874
5291	ST HWY 42 JANET BURGOS DR	EARLE	72331	-90.37168	35.36287
5299	ST HWY 42	EARLE	72331	-90.37473	35.36508
53	BUCK ISLAND	HUGHES	72348	-90.31706	34.85869
5302	S CO RD 49	DYESS	72330	-90.25736	35.56769
5311	W CO RD 38	LEACHVILLE	72438	-90.26815	35.98734
5314	5316 E I 55	MARION	72364	-90.21377	35.23870
5337	E STATE HWY 137	BLYTHEVILLE	72315	-89.79877	35.94414
534	FOSTER RD	PROCTOR	72376	-90.30392	35.08284
5367	CR 909			-89.79208	35.94635
5369	CO RD 503	BLYTHEVILLE	72315	-90.02071	35.94748
5388	W CO RD 214	LEACHVILLE	72438	-90.27397	35.91827
5394	W HWY 18	LEACHVILLE	72438	-90.27238	35.89060
540	E BARTON AVE	WEST MEMPHIS	72301	-90.18051	35.15807
540	E HWY 239	BLYTHEVILLE	72315	-90.05543	35.92006
540	E HWY 239	WILSON	72395	-90.05991	35.95036
5401	W CO RD 909 BEHIND			-89.79215	35.94926
5402	N CO RD 69	LEACHVILLE	72438	-90.24667	35.95073
541	MUDLINE RD	PROCTOR	72376	-90.30443	35.11765
541	SWINDLE RD	EARLE	72331	-90.45741	35.28880
5411	N CO RD 69	LEACHVILLE	72438	-90.25253	35.94646
5412	W CO RD 86	LEACHVILLE	72438	-90.28493	35.84691
5424	S CO RD 103	BASSETT	72313	-90.22952	35.56314
5429	E HWY 137	BLYTHEVILLE	72315	-89.79859	35.94524
543	561 PAR	MARION	72364	-90.20615	35.19088
5430	E HWY 137	BLYTHEVILLE	72315	-89.79661	35.94471
5437	N CO RD 725			-89.89487	35.94913
544	EVELYN RD	CLARKEDALE	72325	-90.19133	35.27052
544	SMOKEY ALLEY RD	EARLE	72331	-90.39365	35.31824
545	EVELYN RD	CLARKEDALE	72325	-90.18906	35.27050
5460	N HWY 137			-89.72820	35.95059
5477	N CO RD 259			-90.15177	35.95217
5478	ST HWY 149 S	EARLE	72331	-90.48624	35.19480
5479	W CO RD 270	LEACHVILLE	72438	-90.27445	35.89111
5499	N HWY 137	BLYTHEVILLE	72315	-89.74679	35.94749
55	E OF 1	TURRELL	72384	-90.22539	35.43216
55	GILMORE RD 1	TURRELL	72384	-90.22790	35.42460
55	I	CLARKEDALE	72327	-90.25656	35.31655
55	I	CRAWFORDSVILLE	72327	-90.23082	35.26842
55	I	TURRELL	72384	-90.27318	35.38883
55	SERVICE RD I	GILMORE	72339	-90.27118	35.39422
5500	KUHN RD	MARION	72364	-90.24362	35.19339
5500	N HWY 137			-89.73101	35.95232
5503	ST HWY 218	CRAWFORDSVILLE	72327	-90.35210	35.17079
551	GORDON RD	EARLE	72331	-90.44617	35.24427
551	S CO RD 599			-89.96552	35.73903
5511	ST HWY 218	CRAWFORDSVILLE	72327	-90.35402	35.17045
552	CO RD 103	ETOWAH	72370	-90.23076	35.74089
552	S HWY 61	JOINER	72350	-90.15850	35.49836
5525	W CO RD 924			-90.28161	35.58928
5536	W HWY 158			-90.27329	35.76085
554	B SMOKEY ALLEY RD	EARLE	72331	-90.39560	35.31804
555	ABSONWYNN	CRAWFORDSVILLE	72327	-90.36270	35.30551
5550	E HWY 137			-89.79340	35.94547
5556	N HWY 137			-89.73103	35.95348
556	ABSONWYNN	CRAWFORDSVILLE	72327	-90.36817	35.30676
5569	W CO RD 1052			-90.27968	35.53659
5570	W CO RD 102	LEACHVILLE	72438	-90.28190	35.96397
5574	CO RD 54	LEACHVILLE	72438	-90.28260	35.98495
5574	W CO RD 54	LEACHVILLE	72438	-90.28013	35.98481
5580	HWY 198			-90.27894	35.65255
5588	S HWY 77	DYESS	72330	-90.24719	35.55825
5598	W HWY 18	LEACHVILLE		-90.28132	35.89018
5623	S CO RD 33	DYESS	72330	-90.27066	35.55888
5629	S CO RD 33			-90.27169	35.55635
5629	W CO RD 164	LEACHVILLE	72438	-90.28488	35.93797
5632	W CO RD 180			-90.28399	35.93320
5649	CO RD 38	LEACHVILLE	72438	-90.28392	35.98824
565	EVELYN RD	CLARKEDALE	72325	-90.18904	35.27139
5650	N HWY 77	LEACHVILLE	72438	-90.25052	35.95851
5667	N HWY 137			-89.73634	35.95683
567	N CO RD	LUXORA	72358	-89.98306	35.78352
567	TACKER RD	TYRONZA	72386	-90.40163	35.43835
5675	W CO RD 196	LEACHVILLE	72438	-90.28633	35.92428
570	CO RD	BLYTHEVILLE	72316	-89.90629	35.76520
5700	E STATE HWY 18	BLYTHEVILLE	72316	-89.78272	35.91745
5712	E HWY 18	BLYTHEVILLE	72315	-89.77953	35.91200
5715	HWY 140			-90.26310	35.67373
5783	S HWY 61	WILSON	72395	-90.09170	35.55199
5788	US HWY 70 W	WEST MEMPHIS	72301	-90.22644	35.15042
5793	E HWY 18	BLYTHEVILLE	72316	-89.78284	35.91197
5793	N HWY 181	BLYTHEVILLE	72315	-90.03870	35.96139
580	S WOOLLARD RD	CRAWFORDSVILLE	72327	-90.29027	35.25408
584	EVELYN RD	CLARKEDALE	72325	-90.19129	35.27232
5848	US HWY 70 W	WEST MEMPHIS	72301	-90.22698	35.15042
585	EVELYN RD	CLARKEDALE	72325	-90.18902	35.27230
585	YELLOW STORE RD	EARLE	72331	-90.39944	35.32199
5864	OLD HWY 64	CRAWFORDSVILLE	72327	-90.29080	35.21052
5888	CO RD 180	BLYTHEVILLE	72315	-89.77205	35.92988
5891	N CO RD 679	BLYTHEVILLE	72315	-89.92082	35.96410
5896	N CO RD 949	ARMOREL	72310	-89.77818	35.91792
5899	CO RD 924			-90.28279	35.54562
590	N HWY 158	MANILA	72442	-90.25771	35.77540
5948	S CO RD 375	WILSON	72395	-90.08846	35.54336
5961	HWY 181	BLYTHEVILLE	72315	-90.03942	35.96814
5978	N CO RD 761	BLYTHEVILLE	72315	-89.87329	35.96827
598	MUDLINE RD	PROCTOR	72376	-90.30331	35.11881
5986	US HWY 70 W	MARION	72364	-90.22965	35.15057
5987	KATHY GOODHOPE RD	CRAWFORDSVILLE	72327	-90.31461	35.17576
5993	N CO RD 139			-90.21842	35.97159
5996	N CO RD 711	BLYTHEVILLE	72316	-89.90368	35.96782
60	BRIDGEPORT RD	MARION	72364	-90.09419	35.13458
600	620 RAINER RD	WEST MEMPHIS	72301	-90.19756	35.12677
600	COUNTY RD	TYRONZA	72386	-90.40426	35.38719
600	MILAM RD COUNTRY RD	TYRONZA	72386	-90.39902	35.38358
600	MILAM RD COUNTY RD	TYRONZA	72386	-90.40640	35.38387
600	N 10TH	BLYTHEVILLE	72316	-89.91268	35.93224
600	N 7TH	WEST MEMPHIS	72301	-90.17700	35.15267
600	N DIVISION	BLYTHEVILLE	72315	-89.91817	35.93383
600	N HWY 181	GOSNELL	72315	-89.96693	35.96446
6001	N HWY 181	BLYTHEVILLE	72315	-90.03880	35.97091
601	E BARTON AVE	WEST MEMPHIS	72301	-90.17827	35.15554
601	E CO RD 54	OSCEOLA	72370	-89.95603	35.98144
601	MOUND CITY RD	MARION	72364	-90.18644	35.20919
6016	N CO RD 139			-90.21003	35.97281
6018	N CO RD 1	LEACHVILLE	72438	-90.28647	35.97422
6025	N HWY 181	BLYTHEVILLE	72315	-90.03881	35.97181
6035	BUCK LAKE RD	CRAWFORDSVILLE	72327	-90.39705	35.20523
6037	ST HWY 147	PROCTOR	72376	-90.30597	35.06889
604	E COOPER	WEST MEMPHIS	72301	-90.17919	35.15272
6044	US HWY 70 W	MARION	72364	-90.23074	35.15131
6048	GAMMON RD	MARION	72364	-90.11162	35.23647
6048	N CO RD	BLYTHEVILLE	72316	-89.86998	35.97090
605	EVELYN RD	CLARKEDALE	72325	-90.18900	35.27320
605	PETRO CV	MARION	72364	-90.12903	35.15219
605	W HWY 158			-90.25959	35.77660
6072	US HWY 70 W	MARION	72364	-90.23130	35.15059
6086	N CO RD 265	LEACHVILLE	72438	-90.14440	35.97290
6089	N HWY 181	BLYTHEVILLE	72315	-90.03833	35.97306
6092	GAMMON RD	MARION	72364	-90.11018	35.23406
61	HWY	WILSON	72395	-90.04000	35.58278
61	N HWY	BLYTHEVILLE	72316	-89.92118	35.84658
61	S HWY	OSCEOLA	72370	-89.97894	35.67436
61	ST HWY	TURRELL	72384	-90.24224	35.39930
61	US HWY	TURRELL	72384	-90.20677	35.43243
610	WATSON RD	EARLE	72331	-90.49233	35.30584
611	W LEE	OSCEOLA	72315	-89.97553	35.69975
6130	US HWY 70 W	MARION	72364	-90.23241	35.15060
6138	6162 OLD HWY 64	CRAWFORDSVILLE	72327	-90.39167	35.24892
6139	E HWY 18			-89.93044	35.97830
6139	E HWY 18	BLYTHEVILLE	72316	-89.76765	35.90465
6159	HWY 119	LEACHVILLE	72438	-90.17138	35.98414
6164	US HWY 70 W	MARION	72364	-90.23296	35.15060
6172	GAMMON RD	MARION	72364	-90.11060	35.23289
6179	N HWY 77	LEACHVILLE	72438	-90.24919	35.97519
6183	S CO RD 245	JOINER	72350	-90.15903	35.53567
6188	S CO RD 33			-90.26586	35.53714
619	E HWY 239	BLYTHEVILLE		-90.01353	35.91095
619	SFC	HUGHES	72348	-90.39790	34.89911
620	N BROADWAY	BLYTHEVILLE	72316	-89.90633	35.93397
6201	6206 N ST HWY 77	MARION	72364	-90.21407	35.25116
6202	CO RD 259	BASSETT	72313	-90.15008	35.53314
621	MOULTRIE 6TH	BLYTHEVILLE		-89.91138	35.93594
6224	N HWY 137	BLYTHEVILLE	72315	-89.73316	35.97808
6224	N HWY H	BLYTHEVILLE	72315	-89.74134	35.97786
6225	N HWY 77	LEACHVILLE	72438	-90.24922	35.97984
6249	N HWY 137			-89.73574	35.97858
6265	ST HWY 118	EARLE	72331	-90.38666	35.33068
6267	N HWY 181	GOSNELL		-89.96618	35.98014
6269	N CO RD 711	BLYTHEVILLE	72315	-89.90376	35.84539
627	FLIPPO RD	EARLE	72331	-90.34302	35.35776
627	MARLIN SWAMP RD	GILMORE	72339	-90.32771	35.41812
6277	W HWY 119	LEACHVILLE	72438	-90.15960	35.98021
628	CO RD 623	OSCEOLA	72370	-89.94476	35.63452
629	644 REMBERT MILLER RD	PROCTOR	72376	-90.21664	35.06161
6295	S CO RD 259	JOINER	72350	-90.15379	35.53204
6296	N CO RD 711	BLYTHEVILLE	72316	-89.88761	35.96043
63	US HWY	GILMORE	72339	-90.29798	35.43674
630	N HWY 181	GOSNELL	72315	-89.96689	35.96575
6306	E CO RD 54 HWY 137			-89.73681	35.98276
631	MAXWELL	BLYTHEVILLE	72315	-89.96864	35.94415
6335	S CO RD 259	JOINER	72350	-90.15390	35.53051
6339	N CO RD 259	LEACHVILLE	72438	-90.15024	35.98401
6341	N HWY 181	BLYTHEVILLE	72315	-89.96619	35.98347
6343	ACROSS FROM 6342 SCR 203	JOINER	72350	-90.18458	35.52976
6348	N CO RD 823	BLYTHEVILLE	72315	-89.83903	35.98243
635	JACKSON	WEST MEMPHIS	72301	-90.17638	35.13754
6354	N HWY 181	BLYTHEVILLE	72315	-89.96360	35.98364
6355	S CO RD 259	JOINER	72350	-90.15399	35.52943
6362	E CO RD	BLYTHEVILLE	72315	-89.72575	35.82127
6367	N HWY 61	BLYTHEVILLE	72316	-89.90251	35.98488
6369	S CO RD 259	JOINER	72350	-90.15443	35.52871
6375	N HWY 181	BLYTHEVILLE	72315	-89.96639	35.98460
6377	US HWY 70	MARION	72364	-90.23679	35.14449
6397	N CO RD 839			-89.83188	35.98308
64	HWY	EARLE	72331	-90.46209	35.27646
64	OFF HWY	EARLE	72331	-90.49023	35.27647
64	OLD HWY	CRAWFORDSVILLE	72327	-90.35896	35.24379
64	ST HWY	CRAWFORDSVILLE	72327	-90.30504	35.22464
64	ST HWY	EARLE	72331	-90.46206	35.27887
64	ST HWY	MARION	72364	-90.25484	35.19764
64	US HWY	CRAWFORDSVILLE	72327	-90.31362	35.23104
64	US HWY	EARLE	72331	-90.43484	35.27774
64	US HWY	MARION	72364	-90.24033	35.19912
64	US HWY 64 OLD HWY	CRAWFORDSVILLE	72327	-90.30748	35.22281
6410	S CO RD 203	JOINER	72350	-90.18207	35.52681
6418	GAMMON RD	MARION	72364	-90.11088	35.22908
6468	S CO RD 33			-90.26655	35.52685
6469	BUCK LAKE RD	EARLE	72331	-90.40528	35.20510
6474	JAMES MILL RD	CRAWFORDSVILLE	72327	-90.34607	35.26536
6474	JAMES MILL RD REAR	CRAWFORDSVILLE	72327	-90.34600	35.26723
6474	S CO RD 33			-90.27039	35.54854
6482	GAMMON RD	MARION	72364	-90.11102	35.22819
6492	CO RD 275	LEACHVILLE	72438	-90.13916	35.98801
6498	N CO RD 209			-90.17181	35.98783
650	W CO RD	BLYTHEVILLE	72315	-90.15990	35.71904
650	W CO RD	OSCEOLA	72370	-90.11029	35.71842
6500	JAMES MILL RD	CRAWFORDSVILLE	72327	-90.34732	35.26633
6503	N HWY 151	BLYTHEVILLE	72315	-89.98862	35.99061
6521	S CO RD 33			-90.27045	35.52233
6529	CO RD 317	JOINER	72350	-90.12276	35.51983
653	ST HWY 77 N	WEST MEMPHIS	72301	-90.18587	35.17706
6541	HWY 77	LEACHVILLE	72438	-90.24907	35.99141
6546	GAMMON RD	MARION	72364	-90.11109	35.22732
655	HWY 181	GOSNELL	72315	-89.96621	35.96818
6554	JAMES MILL RD	CRAWFORDSVILLE	72327	-90.34989	35.26636
6576	N CO RD 209	LEACHVILLE	72438	-90.17451	35.99128
6591	BUCK LAKE RD	EARLE	72331	-90.40669	35.20509
6601	I 55 SERVICE RD	CRAWFORDSVILLE	72327	-90.22497	35.25483
6603	BUCK LAKE RD	EARLE	72331	-90.40762	35.20508
6614	GAMMON RD	MARION	72364	-90.11080	35.22636
6615	E CO RD 54			-89.74440	35.98178
6625	HWY 137			-89.74594	35.94110
663	667 HINKLEY RD	PROCTOR	72376	-90.24127	35.10026
665	N CO RD			-89.92654	35.86650
6653	N HWY 151	WILSON	72395	-89.99495	35.99430
6663	S CO RD 139	JOINER	72350	-90.21551	35.51936
6663	WAVERLY RD	PROCTOR	72376	-90.24157	35.05608
6687	HWY 119			-90.16084	35.99607
6689	N HWY 181	BLYTHEVILLE	72315	-89.97438	35.99683
669	HWY 181	GOSNELL	72315	-89.96898	35.96846
67	163 PIRANI RD	WEST MEMPHIS	72301	-90.22649	35.15432
6700	I 40 W SERVICE RD	PROCTOR	72376	-90.36549	35.15102
6701	BINGS STORE RD	CRAWFORDSVILLE	72327	-90.39929	35.24481
6705	HWY 61 S REAR			-90.14426	35.51728
6705	S HWY 61 REAR	OSCEOLA	72370	-90.14603	35.51683
671	N CO RD 823			-89.82430	35.85108
671	N CO RD 823	BLYTHEVILLE	72315	-89.82247	35.85073
6717	HWY 137	BLYTHEVILLE	72315	-89.74446	35.99000
6720	HWY 137	BLYTHEVILLE	72315	-89.74068	35.99350
673	E ST HWY 18	BLYTHEVILLE	72315	-90.00936	35.87056
6731	S CO RD 245	JOINER	72350	-90.15804	35.51577
676	SMOKEY ALLEY RD	EARLE	72331	-90.39038	35.31806
6763	WAVERLY RD	PROCTOR	72376	-90.24061	35.05403
6781	N HWY 151	BLYTHEVILLE	72315	-89.99698	35.99771
6786	S CO RD 91			-90.23895	35.51320
6799	E CO RD 86			-89.74632	35.96335
6800	JAMES MILL RD	CRAWFORDSVILLE	72327	-90.35086	35.26637
6878	I 40 SERVICE RD	PROCTOR	72376	-90.37197	35.15179
689	E 158			-90.01090	35.75245
689	N CO RD 309	OSCEOLA	72370	-90.12974	35.77680
692	HWY 181	BLYTHEVILLE	72315	-90.01207	35.98519
6931	E CO RD 78	BLYTHEVILLE	72315	-89.73152	35.96807
6934	E I 55 SERVICE RD	MARION	72364	-90.22616	35.26122
6934	REAR N I 55	MARION	72364	-90.22495	35.26193
6960	E CO RD 70			-89.73151	35.97206
6966	E CO RD 54	BLYTHEVILLE	72315	-89.73256	35.98294
6968	HWY 308			-90.27077	35.50828
6982	ST HWY 218	PROCTOR	72376	-90.37427	35.16179
699	825 OLD HWY 64	CRAWFORDSVILLE	72327	-90.31362	35.22693
6999	E CO RD 102			-89.73240	35.95692
70	5 PROCTOR RD	PROCTOR	72376	-90.29570	35.08972
70	ST HWY	WEST MEMPHIS	72301	-90.38656	35.14964
70	US HWY	MARION	72364	-90.24928	35.15042
70	US HWY	PROCTOR	72376	-90.38605	35.14521
700	N BROADWAY	BLYTHEVILLE	72316	-89.90700	35.93547
700	N PEARL	OSCEOLA		-89.96299	35.70954
700	S CO RD 309	OSCEOLA	72370	-90.12181	35.73414
700	W CHICKASAWBA	BLYTHEVILLE	72316	-89.91058	35.93006
701	E HWY 18	BLYTHEVILLE	72315	-90.00507	35.87081
701	S C0 RD 259	BLYTHEVILLE	72315	-90.15390	35.73447
701	ST HWY 77	WEST MEMPHIS	72301	-90.18575	35.17938
7017	GAMMON RD	MARION	72364	-90.11727	35.22155
7037	I 55 S SERVICE RD	MARION	72364	-90.22991	35.26154
704	COUNTRY CLUB RD	OSCEOLA	72370	-90.01926	35.69380
704	E N SERVICE RD	WEST MEMPHIS	72301	-90.17305	35.16532
7046	JAMES MILL RD REAR	CRAWFORDSVILLE	72327	-90.35191	35.26643
7058	E CO RD 54			-89.72644	35.98112
7070	ST HWY 149 EAST SID	EARLE	72331	-90.48884	35.17081
7072	E CO RD 102	BLYTHEVILLE	72315	-89.72180	35.96056
709	CURTIS RD	PROCTOR	72376	-90.38381	35.16783
710	N PEARL	OSCEOLA	72370	-89.96681	35.71071
710	W KEISER	OSCEOLA	72370	-89.97619	35.69648
711	N CO RD			-90.07565	35.78092
7149	KATHY GOODHOPE RD	CRAWFORDSVILLE	72327	-90.31186	35.19146
715	HWY 77	MANILA		-90.17858	35.87188
7150	I 40 SERVICE RD	PROCTOR	72376	-90.37628	35.15545
716	ST HWY 149 N REAR	EARLE	72331	-90.46702	35.28312
717	PECAN GROVE RD	CRAWFORDSVILLE	72327	-90.30092	35.21558
7192	HWY 308			-90.28127	35.50165
72	GRASSY LAKE RD	EARLE	72331	-90.39941	35.25874
72	UNIT LEWIS RD A B	PROCTOR	72376	-90.23690	35.09019
720	726 W HWY 18	BLYTHEVILLE	72315	-90.00738	35.87681
720	CALHOUN	LUXORA	72370	-89.93559	35.75348
722	MAIN ST	EDMONDSON	72332	-90.31019	35.09962
7225	CO RD 267			-90.14945	35.49884
7239	S CO RD 209	WILSON	72395	-90.18109	35.50029
7250	WAVERLY RD	PROCTOR	72376	-90.23791	35.04636
727	N CO RD 103	MANILA	72442	-90.23889	35.78395
73	MCNEELY RD REAR	CLARKEDALE	72325	-90.20344	35.26109
7300	SW US HWY 64	CRAWFORDSVILLE	72327	-90.30816	35.22687
7302	S HWY 308			-90.28297	35.49531
732	MCNEELY RD	CLARKEDALE	72325	-90.19926	35.25839
7320	S CO RD 139			-90.21210	35.49216
7330	CO RD 17			-90.27422	35.49593
7341	I 40 SERVICE RD	PROCTOR	72376	-90.37807	35.15278
735	MCNEELY RD	CLARKEDALE	72325	-90.20345	35.25823
735	MILLER RD	PROCTOR	72376	-90.21725	35.07837
7366	ST HWY 77	CRAWFORDSVILLE	72327	-90.21986	35.27135
7366	ST HWY 77 REAR	CRAWFORDSVILLE	72327	-90.22022	35.27349
745	E CO RD 54	BLYTHEVILLE	72315	-89.95300	35.98086
7465	HWY 77	CRAWFORDSVILLE	72327	-90.22387	35.26680
7468	N HWY I 55	CRAWFORDSVILLE	72327	-90.22772	35.26781
7490	S HWY 308			-90.28338	35.49067
75	MCCLURE RD	PROCTOR	72376	-90.25359	35.09118
75	SFC RD 529	HETH	72346	-90.46456	35.14544
7508	BUCK LAKE RD	EARLE	72331	-90.42290	35.21012
7557	S HWY 61			-90.16817	35.48648
7558	US HWY 70	MARION	72364	-90.25907	35.14794
756	MCCORKLE RD	TYRONZA	72386	-90.44393	35.41366
7565	HWY 77			-90.25225	35.48595
7565	S HWY 77	TYRONZA	72386	-90.25188	35.48719
7583	S CO RD 267	JOINER	72350	-90.15018	35.48466
760	ST HWY 149 S	EARLE	72331	-90.45295	35.25243
7614	S HWY 77			-90.25165	35.48355
7632	BINGS STORE RD	EARLE	72331	-90.39672	35.25932
7641	S HWY 77			-90.25232	35.48384
7645	BINGS STORE RD	EARLE	72331	-90.39842	35.25883
7692	ST HWY 147	PROCTOR	72376	-90.33251	35.05689
77	HWY	CRAWFORDSVILLE	72327	-90.22190	35.27424
77	HWY	DELL	72426	-90.18064	35.70569
77	JERICHO RD OR HWY	CRAWFORDSVILLE	72327	-90.23337	35.29432
77	N HWY	LEACHVILLE	72438	-90.25195	35.95697
77	NO ROAD HWY	CRAWFORDSVILLE	72327	-90.23913	35.33445
77	S HWY			-90.17472	35.71226
77	ST HWY	CRAWFORDSVILLE	72327	-90.21495	35.24919
77	ST HWY	GILMORE	72339	-90.24859	35.40635
77	ST HWY	MARION	72364	-90.17692	35.19193
77	ST HWY	TURRELL	72384	-90.24786	35.43431
77	ST HWY	WEST MEMPHIS	72301	-90.17968	35.17748
77	ST HWY 191 ST HWY	WEST MEMPHIS	72301	-90.18114	35.17156
77	US HWY	TURRELL	72384	-90.26377	35.38175
7717	HWY 308			-90.28312	35.49910
774	N CO RD 103	MANILA	72442	-90.23763	35.78056
779	900 CARTER DR	MARION	72364	-90.19373	35.19206
7799	S CO RD 209	FRENCHMAN BYU	72338	-90.18486	35.47762
780	W CO RD	OSCEOLA	72370	-90.16970	35.66645
7857	BINGS STORE RD	EARLE	72331	-90.40050	35.26181
7857	WHEELER RD	MARION	72364	-90.11609	35.21053
787	PROCTOR RD	PROCTOR	72376	-90.30756	35.08824
7879	ST HWY 147	PROCTOR	72376	-90.33437	35.05819
79	US HWY	PROCTOR	72376	-90.39920	35.08381
792	MUDLINE RD	PROCTOR	72376	-90.30554	35.11883
7957	2 BINGS STORE RD	EARLE	72331	-90.40029	35.26287
797	CO RD 567			-89.98520	35.77948
798	W SERVICE RD UNIT1 3	WEST MEMPHIS	72301	-90.20010	35.16635
800	FLYWAY RD	EARLE	72331	-90.49703	35.18536
800	N COLLEGE BLVD	WEST MEMPHIS	72301	-90.22773	35.15583
800	N MARTIN LUTHER KING DR	WEST MEMPHIS	72301	-90.13889	35.15439
800	W BROADWAY	WEST MEMPHIS	72301	-90.20288	35.14455
801	ANGELS WAY	MARION	72364	-90.21858	35.19627
801	BYRUM ROAD NEAR ELM ST	BLYTHEVILLE		-89.91074	35.90665
801	CARTER DR	MARION	72364	-90.19631	35.19174
801	S DIVISION	BLYTHEVILLE	72316	-89.92071	35.92176
801	S RUDDLE RD	BLYTHEVILLE		-89.89252	35.92057
803	949 BOLLINGER RD	WEST MEMPHIS	72301	-90.21184	35.11724
803	N SERVICE RD	BLYTHEVILLE		-89.87572	35.93385
803	S DIVISION	BLYTHEVILLE	72442	-89.92082	35.92035
804	930 US HWY 64	CRAWFORDSVILLE	72327	-90.29649	35.21840
804	W LAKE	MANILA	72442	-90.17508	35.88830
8051	US HWY 70	MARION	72364	-90.26599	35.14472
81	763 BLUE LAKE RD	PROCTOR	72376	-90.32673	35.02675
810	W BROADWAY	WEST MEMPHIS	72301	-90.20358	35.14507
8136	HORSESHOE CIR	HUGHES	72348	-90.34497	34.88002
815	W KEISER	OSCEOLA		-89.98020	35.69704
817	979 PRESTON RD	TYRONZA	72386	-90.39941	35.40558
8178	WHEELER RD	MARION	72364	-90.11726	35.20782
8186	ST HWY 77	CRAWFORDSVILLE	72327	-90.22023	35.27636
8188	ST HWY 77	CRAWFORDSVILLE	72327	-90.22385	35.28077
822	ST HWY 77 S	MARION	72364	-90.18232	35.17957
8225	8227 US HWY 70 W	MARION	72364	-90.27142	35.14357
823	N CO RD			-89.83864	35.98060
8231	US HWY 70	MARION	72364	-90.26879	35.14307
825	TACKER RD	TYRONZA	72386	-90.39708	35.43627
826	E STATE HWY 239	BLYTHEVILLE	72315	-90.00200	35.91192
830	CANAL	MARION	72364	-90.21011	35.20148
8324	WHEELER RD	MARION	72364	-90.11914	35.20574
8341	US HWY 70 W	MARION	72364	-90.27098	35.14654
835	S WOODS	WEST MEMPHIS	72301	-90.18658	35.13521
8383	US HWY 70 W	MARION	72364	-90.27113	35.14582
839	N CO RD			-89.83364	35.98467
842	N CO RD 567	LUXORA	72358	-89.97951	35.78206
844	W SEMMES	OSCEOLA	72370	-89.98099	35.70634
845	S WOOLLARD RD	CRAWFORDSVILLE	72327	-90.29168	35.25190
849	GILMORE REAR RD	GILMORE	72339	-90.26192	35.41020
8490	S HWY 61			-90.19349	35.45251
851	CO RD 309			-90.12760	35.78447
851	HWY 119	WILSON	72395	-90.07001	35.60974
852	CO RD 309			-90.12454	35.78381
854	BONNIE BALLARD RD	PROCTOR	72376	-90.21361	35.09141
8545	S HWY 61	WILSON	72395	-90.19662	35.45023
8597	ST HWY 118	EARLE	72331	-90.36214	35.35399
861	PROCTOR RD	PROCTOR	72376	-90.30869	35.08824
863	CO RD 567	LUXORA	72358	-89.98895	35.78363
863	MINNIS	EDMONDSON	72332	-90.30807	35.10474
864	N CO RD 567			-89.97830	35.78425
868	CLOAR RD	EARLE	72331	-90.42733	35.31001
8699	S HWY 61	WILSON	72395	-90.20599	35.45099
87	N CO RD	LEACHVILLE	72438	-90.24247	35.92842
8710	ST HWY 118	EARLE	72331	-90.35790	35.35499
8739	ST HWY 147 S	PROCTOR	72376	-90.34266	35.04674
8748	S HWY 77			-90.24896	35.44340
875	GORDON RD	EARLE	72331	-90.44408	35.24853
877	MILLER RD	PROCTOR	72376	-90.21404	35.08083
878	S WOOLLARD RD	CRAWFORDSVILLE	72327	-90.28836	35.25003
880	E CO RD 30	BLYTHEVILLE	72315	-90.00322	35.99350
8821	ST HWY 147 S	PROCTOR	72376	-90.33904	35.04390
89	BILLS GRILL RD	MARION	72364	-90.18139	35.18260
8915	S I 55 SERVICE RD	MARION	72364	-90.24306	35.28789
8918	ST HWY 149	TYRONZA	72386	-90.41698	35.38648
892	W CO RD	WILSON	72395	-90.07030	35.60168
897	ANGEL S WAY	MARION	72364	-90.21684	35.19431
897	CO RD 69	ETOWAH		-90.25064	35.73022
897	E CO RD 122	BLYTHEVILLE	72315	-90.00083	35.94651
899	N 7TH ST	WEST MEMPHIS	72301	-90.17446	35.15338
90	COUNTY RD 245	HUGHES	72348	-90.39906	35.00671
900	N 7TH ST	WEST MEMPHIS	72301	-90.17786	35.15438
903	CO RD	BLYTHEVILLE	72315	-89.79479	35.89913
904	E HWY 18	BLYTHEVILLE	72315	-90.00174	35.87833
904	W HWY 18			-89.99562	35.88390
905	N 7TH	WEST MEMPHIS	72301	-90.17464	35.15553
906	E HOLLYWOOD	BLYTHEVILLE		-89.88404	35.93081
9065	N PEARL	OSCEOLA	72315	-89.96498	35.73047
907	E CO RD 30			-89.99844	35.99102
908	VANDERBILT AVE	WEST MEMPHIS	72301	-90.20524	35.13567
9088	ST HWY 149 N	TYRONZA	72386	-90.41957	35.38620
9096	ST HWY 149 N	TYRONZA	72386	-90.42078	35.38795
9100	HORSESHOE CIR	HUGHES	72348	-90.35421	34.89037
9122	ST HWY 149 N	TYRONZA	72386	-90.41858	35.38824
913	HWY 119			-90.03898	35.62152
913	OLD HWY 64	CRAWFORDSVILLE	72327	-90.31655	35.22687
914	TOWNSEND RD	EARLE	72331	-90.43483	35.23478
9158	WHEELER RD	MARION	72364	-90.12565	35.19643
92	E PARK RD	EDMONDSON	72332	-90.30723	35.10865
921	MILLER RD	PROCTOR	72376	-90.20902	35.07776
9246	WHEELER RD	MARION	72364	-90.12690	35.19457
925	N HWY 139			-90.21525	35.82165
926	COPELAND RD	CRAWFORDSVILLE	72327	-90.34956	35.18891
9280	ST HWY 118	EARLE	72331	-90.35795	35.36356
9309	HORSESHOE CIR	HUGHES	72348	-90.34929	34.89432
9340	HORSESHOE CIR	HUGHES	72348	-90.36044	34.90496
936	W US HWY 64 W	MARION	72364	-90.21260	35.21111
937	S RUDDLE RD	BLYTHEVILLE		-89.89270	35.91909
9390	WHEELER RD	MARION	72364	-90.12859	35.19172
9395	US HWY 70	MARION	72364	-90.29111	35.14586
947	E CO RD 346	OSCEOLA	72370	-89.99824	35.85531
947	N CO RD 175	MANILA	72442	-90.20256	35.78767
950	LAKE REST RD	PROCTOR	72376	-90.25369	35.05805
96	BAKER RD	TURRELL	72384	-90.19513	35.40642
96	WILLIAM CAREY DR	TYRONZA	72386	-90.35667	35.41468
963	W HWY 140			-90.07460	35.69744
964	S HWY 77	OSCEOLA	72370	-90.17503	35.72577
965	CROOK RD	EARLE	72331	-90.45236	35.29731
966	E HWY 181	BLYTHEVILLE	72315	-89.99798	35.98428
967	N CO RD	BLYTHEVILLE	72315	-89.76289	35.92470
974	MCAULEY	WEST MEMPHIS	72301	-90.17275	35.15998
9753	ST HWY 118 N	TURRELL	72384	-90.36162	35.37096
9783	ST HWY 118	TURRELL	72384	-90.36161	35.37175
9783	US HWY 70	HUGHES	72348	-90.29536	35.14654
981	S 8TH	WEST MEMPHIS	72301	-90.17687	35.13376
9821	ST HWY 118	TURRELL	72384	-90.36129	35.37273
9858	ST HWY 118 N	TURRELL	72384	-90.35856	35.37490
990	N MISSOURI	WEST MEMPHIS	72301	-90.18612	35.15650
990	US HWY 61 REAR	TURRELL	72384	-90.25830	35.39569
992	MCNEELY RD	MARION	72364	-90.19967	35.26251
995	CLARKEDALE RD	CRAWFORDSVILLE	72327	-90.26914	35.29753
997	S ALPE RD	CRAWFORDSVILLE	72327	-90.34192	35.23949
